time,tcc_auto,tcc_empi,int_time
2026-03-04 00:00:14,0.0,0.0,108.36917441048874
2026-03-04 00:00:29,0.0,0.0,108.37293006302656
2026-03-04 00:00:44,0.0,0.0,108.37668571556438
2026-03-04 00:00:59,0.0,0.0,108.3804413681022
2026-03-04 00:01:14,0.0,0.0,108.38419702064003
2026-03-04 00:01:29,0.0,0.0,108.38795267317785
2026-03-04 00:01:44,0.0,0.0,108.39170832571567
2026-03-04 00:01:59,0.0,0.0,108.39546397825349
2026-03-04 00:02:14,0.0,0.0,108.39921963079131
2026-03-04 00:02:29,0.0,0.0,108.40297528332913
2026-03-04 00:02:44,0.0,0.0,108.40673093586696
2026-03-04 00:02:59,0.0,0.0,108.41048658840478
2026-03-04 00:03:14,0.0,0.0,108.4142422409426
2026-03-04 00:03:29,0.0,0.0,108.41799789348042
2026-03-04 00:03:44,0.0,0.0,108.42175354601824
2026-03-04 00:03:59,0.0,0.0,108.42550919855606
2026-03-04 00:04:14,0.0,0.0,108.42926485109389
2026-03-04 00:04:29,0.0,0.0,108.43302050363171
2026-03-04 00:04:44,0.0,0.0,108.43677615616953
2026-03-04 00:04:59,0.0,0.0,108.44053180870735
2026-03-04 00:05:14,0.0,0.0,108.44428746124517
2026-03-04 00:05:29,0.0,0.0,108.44804311378299
2026-03-04 00:05:44,0.0,0.0,108.45179876632082
2026-03-04 00:05:59,0.0,0.0,108.45555441885864
2026-03-04 00:06:14,0.0,0.0,108.45931007139646
2026-03-04 00:06:29,0.0,0.0,108.46306572393428
2026-03-04 00:06:44,0.0,0.0,108.4668213764721
2026-03-04 00:06:59,0.0,0.0,108.47057702900992
2026-03-04 00:07:14,0.0,0.0,108.47433268154775
2026-03-04 00:07:29,0.0,0.0,108.47808833408557
2026-03-04 00:07:44,0.0,0.0,108.48184398662339
2026-03-04 00:07:59,0.0,0.0,108.48559963916121
2026-03-04 00:08:14,0.0,0.0,108.48935529169903
2026-03-04 00:08:29,0.0,0.0,108.49311094423685
2026-03-04 00:08:44,0.0,0.0,108.49686659677468
2026-03-04 00:08:59,0.0,0.0,108.5006222493125
2026-03-04 00:09:14,0.0,0.0,108.50437790185032
2026-03-04 00:09:29,0.0,0.0,108.50813355438814
2026-03-04 00:09:44,0.0,0.0,108.51188920692596
2026-03-04 00:09:59,0.0,0.0,108.51564485946378
2026-03-04 00:10:14,0.0,0.0,108.51940051200161
2026-03-04 00:10:29,0.0,0.0,108.52315616453943
2026-03-04 00:10:44,0.0,0.0,108.52691181707725
2026-03-04 00:10:59,0.0,0.0,108.53066746961507
2026-03-04 00:11:14,0.0,0.0,108.53442312215289
2026-03-04 00:11:29,0.0,0.0,108.5381787746907
2026-03-04 00:11:44,0.0,0.0,108.54193442722854
2026-03-04 00:11:59,0.0,0.0,108.54569007976636
2026-03-04 00:12:14,0.0,0.0,108.54944573230418
2026-03-04 00:12:29,0.0,0.0,108.553201384842
2026-03-04 00:12:44,0.0,0.0,108.55695703737982
2026-03-04 00:12:59,0.0,0.0,108.56071268991764
2026-03-04 00:13:14,0.0,0.0,108.56446834245547
2026-03-04 00:13:29,0.0,0.0,108.56822399499329
2026-03-04 00:13:44,0.0,0.0,108.57197964753111
2026-03-04 00:13:59,0.0,0.0,108.57573530006893
2026-03-04 00:14:14,0.0,0.0,108.57949095260675
2026-03-04 00:14:29,0.0,0.0,108.58324660514457
2026-03-04 00:14:44,0.0,0.0,108.5870022576824
2026-03-04 00:14:59,0.0,0.0,108.59075791022022
2026-03-04 00:15:14,0.0,0.0,108.59451356275804
2026-03-04 00:15:29,0.0,0.0,108.59826921529586
2026-03-04 00:15:44,0.0,0.0,108.60202486783368
2026-03-04 00:15:59,0.0,0.0,108.6057805203715
2026-03-04 00:16:14,0.0,0.0,108.60953617290933
2026-03-04 00:16:29,0.0,0.0,108.61329182544715
2026-03-04 00:16:44,0.0,0.0,108.61704747798497
2026-03-04 00:16:59,0.0,0.0,108.62080313052279
2026-03-04 00:17:14,0.0,0.0,108.6245587830606
2026-03-04 00:17:29,0.0,0.0,108.62831443559843
2026-03-04 00:17:44,0.0,0.0,108.63207008813626
2026-03-04 00:17:59,0.0,0.0,108.63582574067408
2026-03-04 00:18:14,0.0,0.0,108.6395813932119
2026-03-04 00:18:29,0.0,0.0,108.64333704574972
2026-03-04 00:18:44,0.0,0.0,108.64709269828754
2026-03-04 00:18:59,0.0,0.0,108.65084835082536
2026-03-04 00:19:14,0.0,0.0,108.65460400336319
2026-03-04 00:19:29,0.0,0.0,108.65835965590101
2026-03-04 00:19:44,0.0,0.0,108.66211530843883
2026-03-04 00:19:59,0.0,0.0,108.66587096097665
2026-03-04 00:20:14,0.0,0.0,108.66962661351447
2026-03-04 00:20:29,0.0,0.0,108.67338226605229
2026-03-04 00:20:44,0.0,0.0,108.67713791859012
2026-03-04 00:20:59,0.0,0.0,108.68089357112794
2026-03-04 00:21:14,0.0,0.0,108.68464922366576
2026-03-04 00:21:29,0.0,0.0,108.68840487620358
2026-03-04 00:21:44,0.0,0.0,108.6921605287414
2026-03-04 00:21:59,0.0,0.0,108.69591618127922
2026-03-04 00:22:14,0.0,0.0,108.69967183381705
2026-03-04 00:22:29,0.0,0.0,108.70342748635487
2026-03-04 00:22:44,0.0,0.0,108.70718313889269
2026-03-04 00:22:59,0.0,0.0,108.71093879143051
2026-03-04 00:23:14,0.0,0.0,108.71469444396833
2026-03-04 00:23:29,0.0,0.0,108.71845009650615
2026-03-04 00:23:44,0.0,0.0,108.72220574904398
2026-03-04 00:23:59,0.0,0.0,108.7259614015818
2026-03-04 00:24:14,0.0,0.0,108.72971705411962
2026-03-04 00:24:29,0.0,0.0,108.73347270665744
2026-03-04 00:24:44,0.0,0.0,108.73722835919526
2026-03-04 00:24:59,0.0,0.0,108.74098401173308
2026-03-04 00:25:14,0.0,0.0,108.74473966427091
2026-03-04 00:25:29,0.0,0.0,108.74849531680873
2026-03-04 00:25:44,0.0,0.0,108.75225096934655
2026-03-04 00:25:59,0.0,0.0,108.75600662188437
2026-03-04 00:26:14,0.0,0.0,108.75976227442219
2026-03-04 00:26:29,0.0,0.0,108.76351792696
2026-03-04 00:26:44,0.0,0.0,108.76727357949784
2026-03-04 00:26:59,0.0,0.0,108.77102923203566
2026-03-04 00:27:14,0.0,0.0,108.77478488457348
2026-03-04 00:27:29,0.0,0.0,108.7785405371113
2026-03-04 00:27:44,0.0,0.0,108.78229618964912
2026-03-04 00:27:59,0.0,0.0,108.78605184218694
2026-03-04 00:28:14,0.0,0.0,108.78980749472477
2026-03-04 00:28:29,0.0,0.0,108.79356314726259
2026-03-04 00:28:44,0.0,0.0,108.79731879980041
2026-03-04 00:28:59,0.0,0.0,108.80107445233823
2026-03-04 00:29:14,0.0,0.0,108.80483010487605
2026-03-04 00:29:29,0.0,0.0,108.80858575741387
2026-03-04 00:29:44,0.0,0.0,108.8123414099517
2026-03-04 00:29:59,0.0,0.0,108.81609706248952
2026-03-04 00:30:14,0.0,0.0,108.81985271502734
2026-03-04 00:30:29,0.0,0.0,108.82360836756516
2026-03-04 00:30:44,0.0,0.0,108.82736402010298
2026-03-04 00:30:59,0.0,0.29411764705882354,108.8311196726408
2026-03-04 00:31:14,0.0,0.5865102639296188,108.83487532517863
2026-03-04 00:31:29,0.0,0.8771929824561403,108.83863097771645
2026-03-04 00:31:44,0.0,1.1661807580174928,108.84238663025427
2026-03-04 00:31:59,0.0,1.4534883720930232,108.84614228279209
2026-03-04 00:32:14,0.0,1.7391304347826086,108.8498979353299
2026-03-04 00:32:29,0.0,2.023121387283237,108.85365358786773
2026-03-04 00:32:44,0.0,2.3054755043227666,108.85740924040556
2026-03-04 00:32:59,0.0,2.586206896551724,108.86116489294338
2026-03-04 00:33:14,0.0,2.865329512893983,108.8649205454812
2026-03-04 00:33:29,0.0,3.1428571428571432,108.86867619801902
2026-03-04 00:33:44,0.0,3.418803418803419,108.87243185055684
2026-03-04 00:33:59,0.0,3.6931818181818183,108.87618750309466
2026-03-04 00:34:14,0.0,3.9660056657223794,108.87994315563249
2026-03-04 00:34:29,0.0,4.23728813559322,108.88369880817031
2026-03-04 00:34:44,0.0,4.507042253521127,108.88745446070813
2026-03-04 00:34:59,0.0,4.775280898876404,108.89121011324595
2026-03-04 00:35:14,0.0,5.042016806722689,108.89496576578377
2026-03-04 00:35:29,0.0,5.307262569832402,108.89872141832159
2026-03-04 00:35:44,0.0,5.571030640668524,108.90247707085942
2026-03-04 00:35:59,0.0,5.833333333333333,108.90623272339724
2026-03-04 00:36:14,0.0,6.094182825484765,108.90998837593506
2026-03-04 00:36:29,0.0,6.353591160220995,108.91374402847288
2026-03-04 00:36:44,0.0,6.6115702479338845,108.9174996810107
2026-03-04 00:36:59,0.0,6.868131868131869,108.92125533354852
2026-03-04 00:37:14,0.0,7.123287671232877,108.92501098608635
2026-03-04 00:37:29,0.0,7.377049180327869,108.92876663862417
2026-03-04 00:37:44,0.0,7.629427792915531,108.93252229116199
2026-03-04 00:37:59,0.0,7.880434782608696,108.9362779436998
2026-03-04 00:38:14,0.0,8.130081300813007,108.94003359623763
2026-03-04 00:38:29,0.0,8.378378378378379,108.94378924877545
2026-03-04 00:38:44,0.0,8.62533692722372,108.94754490131328
2026-03-04 00:38:59,0.0,8.870967741935484,108.9513005538511
2026-03-04 00:39:14,0.0,9.115281501340483,108.95505620638892
2026-03-04 00:39:29,0.0,9.358288770053475,108.95881185892674
2026-03-04 00:39:44,0.0,9.6,108.96256751146456
2026-03-04 00:39:59,0.0,9.840425531914894,108.96632316400238
2026-03-04 00:40:14,0.0,10.079575596816976,108.97007881654021
2026-03-04 00:40:29,0.0,10.317460317460316,108.97383446907803
2026-03-04 00:40:44,0.0,10.554089709762533,108.97759012161585
2026-03-04 00:40:59,0.0,10.789473684210527,108.98134577415367
2026-03-04 00:41:14,0.0,11.023622047244094,108.98510142669149
2026-03-04 00:41:29,0.0,11.2565445026178,108.9888570792293
2026-03-04 00:41:44,0.0,11.488250652741515,108.99261273176714
2026-03-04 00:41:59,0.0,11.71875,108.99636838430496
2026-03-04 00:42:14,0.0,12.4031007751938,109.00012403684278
2026-03-04 00:42:29,0.0,12.628865979381443,109.0038796893806
2026-03-04 00:42:44,0.0,12.853470437017995,109.00763534191842
2026-03-04 00:42:59,0.0,13.076923076923078,109.01139099445624
2026-03-04 00:43:14,0.0,13.299232736572892,109.01514664699407
2026-03-04 00:43:29,0.0,13.520408163265307,109.01890229953189
2026-03-04 00:43:44,0.0,13.740458015267176,109.02265795206971
2026-03-04 00:43:59,0.0,13.959390862944163,109.02641360460753
2026-03-04 00:44:14,0.0,14.177215189873419,109.03016925714535
2026-03-04 00:44:29,0.0,14.393939393939394,109.03392490968317
2026-03-04 00:44:44,0.0,14.609571788413097,109.037680562221
2026-03-04 00:44:59,0.0,14.824120603015075,109.04143621475882
2026-03-04 00:45:14,0.0,15.037593984962406,109.04519186729664
2026-03-04 00:45:29,0.0,15.25,109.04894751983446
2026-03-04 00:45:44,0.0,15.46134663341646,109.05270317237228
2026-03-04 00:45:59,0.0,15.671641791044777,109.0564588249101
2026-03-04 00:46:14,0.0,15.88089330024814,109.06021447744793
2026-03-04 00:46:29,0.0,16.08910891089109,109.06397012998575
2026-03-04 00:46:44,0.0,16.296296296296298,109.06772578252357
2026-03-04 00:46:59,0.0,16.502463054187192,109.07148143506139
2026-03-04 00:47:14,0.0,16.707616707616708,109.0752370875992
2026-03-04 00:47:29,0.0,16.911764705882355,109.07899274013702
2026-03-04 00:47:44,0.0,17.114914425427873,109.08274839267486
2026-03-04 00:47:59,0.0,17.317073170731707,109.08650404521268
2026-03-04 00:48:14,0.0,17.51824817518248,109.0902596977505
2026-03-04 00:48:29,0.0,17.718446601941746,109.09401535028832
2026-03-04 00:48:44,0.0,17.91767554479419,109.09777100282614
2026-03-04 00:48:59,0.0,18.115942028985508,109.10152665536395
2026-03-04 00:49:14,0.0,18.313253012048193,109.10528230790179
2026-03-04 00:49:29,0.0,18.509615384615387,109.10903796043961
2026-03-04 00:49:44,0.0,18.705035971223023,109.11279361297743
2026-03-04 00:49:59,0.0,18.899521531100476,109.11654926551525
2026-03-04 00:50:14,0.0,19.09307875894988,109.12030491805307
2026-03-04 00:50:29,0.0,19.28571428571429,109.12406057059088
2026-03-04 00:50:44,0.0,19.47743467933492,109.12781622312872
2026-03-04 00:50:59,0.0,19.66824644549763,109.13157187566654
2026-03-04 00:51:14,0.0,19.858156028368796,109.13532752820436
2026-03-04 00:51:29,0.0,20.047169811320757,109.13908318074218
2026-03-04 00:51:44,0.0,20.235294117647058,109.14283883328
2026-03-04 00:51:59,0.0,20.422535211267608,109.14659448581781
2026-03-04 00:52:14,0.0,20.60889929742389,109.15035013835565
2026-03-04 00:52:29,0.0,20.794392523364486,109.15410579089347
2026-03-04 00:52:44,0.0,20.97902097902098,109.15786144343129
2026-03-04 00:52:59,0.0,21.16279069767442,109.1616170959691
2026-03-04 00:53:14,0.0,21.34570765661253,109.16537274850693
2026-03-04 00:53:29,0.0,21.52777777777778,109.16912840104474
2026-03-04 00:53:44,0.0,21.709006928406467,109.17288405358258
2026-03-04 00:53:59,0.0,21.889400921658986,109.1766397061204
2026-03-04 00:54:14,0.0,22.06896551724138,109.18039535865822
2026-03-04 00:54:29,0.0,22.24770642201835,109.18415101119604
2026-03-04 00:54:44,0.0,22.42562929061785,109.18790666373386
2026-03-04 00:54:59,0.0,22.65446224256293,109.19166231627167
2026-03-04 00:55:14,0.0,22.883295194508012,109.19541796880951
2026-03-04 00:55:29,0.0,23.112128146453088,109.19917362134733
2026-03-04 00:55:44,0.0,23.340961098398168,109.20292927388515
2026-03-04 00:55:59,0.0,23.569794050343248,109.20668492642297
2026-03-04 00:56:14,0.0,23.79862700228833,109.21044057896079
2026-03-04 00:56:29,0.0,24.02745995423341,109.2141962314986
2026-03-04 00:56:44,0.0,24.25629290617849,109.21795188403644
2026-03-04 00:56:59,0.0,24.485125858123567,109.22170753657426
2026-03-04 00:57:14,0.0,24.71395881006865,109.22546318911208
2026-03-04 00:57:29,0.0,24.94279176201373,109.2292188416499
2026-03-04 00:57:44,0.0,25.171624713958813,109.23297449418772
2026-03-04 00:57:59,0.0,25.400457665903893,109.23673014672553
2026-03-04 00:58:14,0.0,25.62929061784897,109.24048579926337
2026-03-04 00:58:29,0.0,25.85812356979405,109.24424145180119
2026-03-04 00:58:44,0.0,26.08695652173913,109.247997104339
2026-03-04 00:58:59,0.0,26.31578947368421,109.25175275687683
2026-03-04 00:59:14,0.0,26.54462242562929,109.25550840941465
2026-03-04 00:59:29,0.0,26.773455377574372,109.25926406195246
2026-03-04 00:59:44,0.0,27.002288329519452,109.2630197144903
2026-03-04 00:59:59,0.0,27.23112128146453,109.26677536702812
2026-03-04 01:00:14,0.0,27.45995423340961,109.27053101956594
2026-03-04 01:00:29,0.0,27.68878718535469,109.27428667210376
2026-03-04 01:00:44,0.0,27.91762013729977,109.27804232464158
2026-03-04 01:00:59,0.0,28.14645308924485,109.2817979771794
2026-03-04 01:01:14,0.0,28.37528604118993,109.28555362971723
2026-03-04 01:01:29,0.0,28.604118993135014,109.28930928225505
2026-03-04 01:01:44,0.0,28.832951945080094,109.29306493479287
2026-03-04 01:01:59,0.0,29.061784897025174,109.29682058733069
2026-03-04 01:02:14,0.0,29.290617848970253,109.3005762398685
2026-03-04 01:02:29,0.0,29.51945080091533,109.30433189240632
2026-03-04 01:02:44,0.0,29.74828375286041,109.30808754494416
2026-03-04 01:02:59,0.0,29.97711670480549,109.31184319748198
2026-03-04 01:03:14,0.0,30.205949656750576,109.3155988500198
2026-03-04 01:03:29,0.0,30.434782608695656,109.31935450255762
2026-03-04 01:03:44,0.0,30.663615560640732,109.32311015509543
2026-03-04 01:03:59,0.0,30.892448512585812,109.32686580763325
2026-03-04 01:04:14,0.0,31.12128146453089,109.33062146017109
2026-03-04 01:04:29,0.0,31.12128146453089,109.3343771127089
2026-03-04 01:04:44,0.0,31.12128146453089,109.33813276524673
2026-03-04 01:04:59,0.0,31.12128146453089,109.34188841778455
2026-03-04 01:05:14,0.0,31.12128146453089,109.34564407032236
2026-03-04 01:05:29,0.0,31.12128146453089,109.34939972286018
2026-03-04 01:05:44,0.0,31.12128146453089,109.35315537539802
2026-03-04 01:05:59,0.0,31.12128146453089,109.35691102793584
2026-03-04 01:06:14,0.0,31.12128146453089,109.36066668047366
2026-03-04 01:06:29,0.0,31.12128146453089,109.36442233301148
2026-03-04 01:06:44,0.0,31.12128146453089,109.3681779855493
2026-03-04 01:06:59,0.0,31.12128146453089,109.37193363808711
2026-03-04 01:07:14,0.0,31.12128146453089,109.37568929062495
2026-03-04 01:07:29,0.0,31.12128146453089,109.37944494316277
2026-03-04 01:07:44,0.0,31.12128146453089,109.38320059570059
2026-03-04 01:07:59,0.0,31.12128146453089,109.3869562482384
2026-03-04 01:08:14,0.0,31.12128146453089,109.39071190077622
2026-03-04 01:08:29,0.0,31.12128146453089,109.39446755331404
2026-03-04 01:08:44,0.0,31.12128146453089,109.39822320585188
2026-03-04 01:08:59,0.0,31.12128146453089,109.4019788583897
2026-03-04 01:09:14,0.0,31.12128146453089,109.40573451092752
2026-03-04 01:09:29,0.0,31.35011441647597,109.40949016346534
2026-03-04 01:09:44,0.0,31.57894736842105,109.41324581600315
2026-03-04 01:09:59,0.0,31.80778032036613,109.41700146854097
2026-03-04 01:10:14,0.0,32.036613272311214,109.42075712107881
2026-03-04 01:10:29,0.0,32.265446224256294,109.42451277361663
2026-03-04 01:10:44,0.0,32.494279176201374,109.42826842615445
2026-03-04 01:10:59,0.0,32.723112128146454,109.43202407869227
2026-03-04 01:11:14,0.0,32.951945080091534,109.43577973123008
2026-03-04 01:11:29,0.0,33.18077803203661,109.4395353837679
2026-03-04 01:11:44,0.0,33.40961098398169,109.44329103630574
2026-03-04 01:11:59,0.0,33.63844393592677,109.44704668884356
2026-03-04 01:12:14,0.0,33.86727688787185,109.45080234138138
2026-03-04 01:12:29,0.0,34.09610983981693,109.4545579939192
2026-03-04 01:12:44,0.0,34.32494279176201,109.45831364645701
2026-03-04 01:12:59,0.0,34.55377574370709,109.46206929899483
2026-03-04 01:13:14,0.0,34.78260869565217,109.46582495153267
2026-03-04 01:13:29,0.0,35.01144164759725,109.46958060407049
2026-03-04 01:13:44,0.0,35.24027459954233,109.4733362566083
2026-03-04 01:13:59,0.0,35.46910755148742,109.47709190914613
2026-03-04 01:14:14,0.0,35.6979405034325,109.48084756168394
2026-03-04 01:14:29,0.0,35.92677345537758,109.48460321422176
2026-03-04 01:14:44,0.0,36.15560640732266,109.4883588667596
2026-03-04 01:14:59,0.0,36.38443935926773,109.49211451929742
2026-03-04 01:15:14,0.0,36.61327231121281,109.49587017183524
2026-03-04 01:15:29,0.0,36.84210526315789,109.49962582437306
2026-03-04 01:15:44,0.0,37.07093821510298,109.50338147691087
2026-03-04 01:15:59,0.0,37.29977116704806,109.5071371294487
2026-03-04 01:16:14,0.0,37.52860411899314,109.51089278198653
2026-03-04 01:16:29,0.0,37.75743707093822,109.51464843452435
2026-03-04 01:16:44,0.0,37.986270022883296,109.51840408706217
2026-03-04 01:16:59,0.0,38.215102974828376,109.52215973959999
2026-03-04 01:17:14,0.0,38.443935926773456,109.5259153921378
2026-03-04 01:17:29,0.0,38.672768878718536,109.52967104467562
2026-03-04 01:17:44,0.0,38.901601830663616,109.53342669721346
2026-03-04 01:17:59,0.0,39.130434782608695,109.53718234975128
2026-03-04 01:18:14,0.0,39.359267734553775,109.5409380022891
2026-03-04 01:18:29,0.0,39.588100686498855,109.54469365482692
2026-03-04 01:18:44,0.0,39.816933638443935,109.54844930736473
2026-03-04 01:18:59,0.0,40.045766590389015,109.55220495990255
2026-03-04 01:19:14,0.0,40.274599542334094,109.55596061244039
2026-03-04 01:19:29,0.0,40.503432494279174,109.5597162649782
2026-03-04 01:19:44,0.0,40.73226544622426,109.56347191751603
2026-03-04 01:19:59,0.0,40.96109839816934,109.56722757005384
2026-03-04 01:20:14,0.0,41.18993135011442,109.57098322259166
2026-03-04 01:20:29,0.0,41.41876430205949,109.57473887512948
2026-03-04 01:20:44,0.0,41.64759725400457,109.57849452766732
2026-03-04 01:20:59,0.0,41.87643020594965,109.58225018020514
2026-03-04 01:21:14,0.0,42.10526315789473,109.58600583274296
2026-03-04 01:21:29,0.0,42.33409610983982,109.58976148528077
2026-03-04 01:21:44,0.0,42.5629290617849,109.5935171378186
2026-03-04 01:21:59,0.0,42.79176201372998,109.59727279035641
2026-03-04 01:22:14,0.0,43.02059496567506,109.60102844289425
2026-03-04 01:22:29,0.0,43.24942791762014,109.60478409543207
2026-03-04 01:22:44,0.0,43.47826086956522,109.60853974796989
2026-03-04 01:22:59,0.0,43.7070938215103,109.6122954005077
2026-03-04 01:23:14,0.0,43.93592677345538,109.61605105304552
2026-03-04 01:23:29,0.0,44.16475972540046,109.61980670558334
2026-03-04 01:23:44,0.0,44.39359267734554,109.62356235812118
2026-03-04 01:23:59,0.0,44.62242562929062,109.627318010659
2026-03-04 01:24:14,0.0,44.8512585812357,109.63107366319682
2026-03-04 01:24:29,0.0,45.08009153318078,109.63482931573463
2026-03-04 01:24:44,0.0,45.30892448512586,109.63858496827245
2026-03-04 01:24:59,0.0,45.53775743707094,109.64234062081027
2026-03-04 01:25:14,0.0,45.766590389016024,109.6460962733481
2026-03-04 01:25:29,0.0,45.9954233409611,109.64985192588593
2026-03-04 01:25:44,12.5,46.224256292906176,109.65360757842375
2026-03-04 01:25:59,12.5,46.453089244851256,109.65736323096156
2026-03-04 01:26:14,12.5,46.681922196796336,109.66111888349938
2026-03-04 01:26:29,12.5,46.910755148741416,109.6648745360372
2026-03-04 01:26:44,12.5,47.139588100686495,109.66863018857504
2026-03-04 01:26:59,12.5,47.368421052631575,109.67238584111286
2026-03-04 01:27:14,12.5,47.59725400457666,109.67614149365068
2026-03-04 01:27:29,12.5,47.82608695652174,109.6798971461885
2026-03-04 01:27:44,12.5,48.05491990846682,109.68365279872631
2026-03-04 01:27:59,12.5,48.2837528604119,109.68740845126413
2026-03-04 01:28:14,12.5,48.51258581235698,109.69116410380197
2026-03-04 01:28:29,12.5,48.74141876430206,109.69491975633979
2026-03-04 01:28:44,12.5,48.970251716247134,109.6986754088776
2026-03-04 01:28:59,12.5,49.19908466819222,109.70243106141542
2026-03-04 01:29:14,12.5,49.4279176201373,109.70618671395324
2026-03-04 01:29:29,12.5,49.65675057208238,109.70994236649106
2026-03-04 01:29:44,12.5,49.88558352402746,109.7136980190289
2026-03-04 01:29:59,12.5,50.11441647597255,109.71745367156672
2026-03-04 01:30:14,12.5,50.34324942791763,109.72120932410454
2026-03-04 01:30:29,12.5,50.57208237986271,109.72496497664235
2026-03-04 01:30:44,12.5,50.800915331807786,109.72872062918017
2026-03-04 01:30:59,12.5,51.029748283752866,109.732476281718
2026-03-04 01:31:14,12.5,51.25858123569794,109.73623193425583
2026-03-04 01:31:29,12.5,51.48741418764302,109.73998758679365
2026-03-04 01:31:44,12.5,51.7162471395881,109.74374323933147
2026-03-04 01:31:59,12.5,51.94508009153318,109.74749889186928
2026-03-04 01:32:14,12.5,52.17391304347826,109.7512545444071
2026-03-04 01:32:29,12.5,52.40274599542334,109.75501019694492
2026-03-04 01:32:44,12.5,52.63157894736842,109.75876584948276
2026-03-04 01:32:59,12.5,52.8604118993135,109.76252150202058
2026-03-04 01:33:14,12.5,53.08924485125858,109.7662771545584
2026-03-04 01:33:29,12.5,53.31807780320366,109.77003280709621
2026-03-04 01:33:44,12.5,53.546910755148744,109.77378845963403
2026-03-04 01:33:59,12.5,53.775743707093824,109.77754411217185
2026-03-04 01:34:14,12.5,54.004576659038904,109.78129976470969
2026-03-04 01:34:29,12.5,54.23340961098398,109.7850554172475
2026-03-04 01:34:44,12.5,54.46224256292906,109.78881106978533
2026-03-04 01:34:59,12.5,54.69107551487414,109.79256672232314
2026-03-04 01:35:14,12.5,54.91990846681922,109.79632237486096
2026-03-04 01:35:29,12.5,55.1487414187643,109.80007802739878
2026-03-04 01:35:44,12.5,55.37757437070938,109.80383367993662
2026-03-04 01:35:59,12.5,55.60640732265446,109.80758933247444
2026-03-04 01:36:14,12.5,55.83524027459954,109.81134498501225
2026-03-04 01:36:29,12.5,56.06407322654462,109.81510063755007
2026-03-04 01:36:44,12.5,56.2929061784897,109.8188562900879
2026-03-04 01:36:59,12.5,56.52173913043478,109.82261194262571
2026-03-04 01:37:14,12.5,56.75057208237986,109.82636759516355
2026-03-04 01:37:29,12.5,56.97940503432495,109.83012324770137
2026-03-04 01:37:44,12.5,57.20823798627003,109.83387890023918
2026-03-04 01:37:59,12.5,57.43707093821511,109.837634552777
2026-03-04 01:38:14,12.5,57.66590389016019,109.84139020531482
2026-03-04 01:38:29,12.5,57.89473684210527,109.84514585785264
2026-03-04 01:38:44,12.5,57.89473684210527,109.84890151039048
2026-03-04 01:38:59,12.5,57.89473684210527,109.8526571629283
2026-03-04 01:39:14,12.5,57.89473684210527,109.85641281546611
2026-03-04 01:39:29,12.5,57.89473684210527,109.86016846800393
2026-03-04 01:39:44,12.5,57.89473684210527,109.86392412054175
2026-03-04 01:39:59,12.5,57.89473684210527,109.86767977307957
2026-03-04 01:40:14,12.5,57.89473684210527,109.8714354256174
2026-03-04 01:40:29,12.5,57.89473684210527,109.87519107815523
2026-03-04 01:40:44,12.5,57.89473684210527,109.87894673069304
2026-03-04 01:40:59,12.5,57.89473684210527,109.88270238323086
2026-03-04 01:41:14,25.0,57.89473684210527,109.88645803576868
2026-03-04 01:41:29,25.0,57.89473684210527,109.8902136883065
2026-03-04 01:41:44,25.0,57.89473684210527,109.89396934084434
2026-03-04 01:41:59,25.0,57.89473684210527,109.89772499338216
2026-03-04 01:42:14,25.0,57.89473684210527,109.90148064591997
2026-03-04 01:42:29,25.0,57.89473684210527,109.9052362984578
2026-03-04 01:42:44,25.0,57.89473684210527,109.90899195099561
2026-03-04 01:42:59,25.0,57.89473684210527,109.91274760353343
2026-03-04 01:43:14,25.0,57.89473684210527,109.91650325607127
2026-03-04 01:43:29,25.0,57.89473684210527,109.92025890860909
2026-03-04 01:43:44,25.0,57.89473684210527,109.9240145611469
2026-03-04 01:43:59,25.0,57.89473684210527,109.92777021368472
2026-03-04 01:44:14,25.0,57.89473684210527,109.93152586622254
2026-03-04 01:44:29,25.0,57.89473684210527,109.93528151876036
2026-03-04 01:44:44,25.0,57.89473684210527,109.9390371712982
2026-03-04 01:44:59,25.0,57.89473684210527,109.94279282383602
2026-03-04 01:45:14,25.0,57.89473684210527,109.94654847637383
2026-03-04 01:45:29,25.0,57.89473684210527,109.95030412891165
2026-03-04 01:45:44,25.0,57.89473684210527,109.95405978144947
2026-03-04 01:45:59,25.0,57.89473684210527,109.95781543398729
2026-03-04 01:46:14,25.0,57.89473684210527,109.96157108652513
2026-03-04 01:46:29,25.0,57.89473684210527,109.96532673906295
2026-03-04 01:46:44,25.0,57.89473684210527,109.96908239160076
2026-03-04 01:46:59,25.0,57.89473684210527,109.97283804413858
2026-03-04 01:47:14,25.0,57.89473684210527,109.9765936966764
2026-03-04 01:47:29,25.0,57.89473684210527,109.98034934921422
2026-03-04 01:47:44,25.0,57.89473684210527,109.98410500175206
2026-03-04 01:47:59,25.0,57.89473684210527,109.98786065428988
2026-03-04 01:48:14,25.0,57.89473684210527,109.9916163068277
2026-03-04 01:48:29,25.0,57.89473684210527,109.99537195936551
2026-03-04 01:48:44,25.0,57.89473684210527,109.99912761190333
2026-03-04 01:48:59,25.0,57.36961451247166,110.00288326444115
2026-03-04 01:49:14,25.0,57.36961451247166,110.00663891697899
2026-03-04 01:49:29,25.0,57.36961451247166,110.0103945695168
2026-03-04 01:49:44,25.0,57.36961451247166,110.01415022205462
2026-03-04 01:49:59,25.0,57.36961451247166,110.01790587459244
2026-03-04 01:50:14,25.0,57.36961451247166,110.02166152713026
2026-03-04 01:50:29,25.0,57.36961451247166,110.02541717966808
2026-03-04 01:50:44,25.0,57.36961451247166,110.02917283220592
2026-03-04 01:50:59,25.0,57.36961451247166,110.03292848474373
2026-03-04 01:51:14,25.0,57.36961451247166,110.03668413728155
2026-03-04 01:51:29,25.0,57.36961451247166,110.04043978981937
2026-03-04 01:51:44,25.0,57.36961451247166,110.04419544235719
2026-03-04 01:51:59,25.0,57.36961451247166,110.04795109489501
2026-03-04 01:52:14,25.0,57.36961451247166,110.05170674743285
2026-03-04 01:52:29,25.0,57.36961451247166,110.05546239997066
2026-03-04 01:52:44,25.0,57.36961451247166,110.05921805250848
2026-03-04 01:52:59,25.0,57.36961451247166,110.0629737050463
2026-03-04 01:53:14,25.0,57.36961451247166,110.06672935758412
2026-03-04 01:53:29,25.0,57.36961451247166,110.07048501012194
2026-03-04 01:53:44,25.0,57.36961451247166,110.07424066265978
2026-03-04 01:53:59,25.0,57.36961451247166,110.0779963151976
2026-03-04 01:54:14,25.0,57.36961451247166,110.08175196773541
2026-03-04 01:54:29,25.0,57.36961451247166,110.08550762027323
2026-03-04 01:54:44,25.0,57.36961451247166,110.08926327281105
2026-03-04 01:54:59,37.5,57.36961451247166,110.09301892534887
2026-03-04 01:55:14,37.5,57.36961451247166,110.0967745778867
2026-03-04 01:55:29,37.5,57.36961451247166,110.10053023042452
2026-03-04 01:55:44,37.5,57.36961451247166,110.10428588296234
2026-03-04 01:55:59,37.5,57.36961451247166,110.10804153550016
2026-03-04 01:56:14,37.5,57.36961451247166,110.11179718803798
2026-03-04 01:56:29,37.5,57.36961451247166,110.1155528405758
2026-03-04 01:56:44,37.5,57.36961451247166,110.11930849311364
2026-03-04 01:56:59,37.5,57.36961451247166,110.12306414565145
2026-03-04 01:57:14,37.5,57.36961451247166,110.12681979818927
2026-03-04 01:57:29,37.5,57.36961451247166,110.1305754507271
2026-03-04 01:57:44,37.5,57.36961451247166,110.13433110326491
2026-03-04 01:57:59,37.5,57.36961451247166,110.13808675580273
2026-03-04 01:58:14,37.5,57.36961451247166,110.14184240834057
2026-03-04 01:58:29,37.5,57.36961451247166,110.14559806087838
2026-03-04 01:58:44,37.5,57.36961451247166,110.1493537134162
2026-03-04 01:58:59,37.5,57.36961451247166,110.15310936595402
2026-03-04 01:59:14,37.5,57.36961451247166,110.15686501849184
2026-03-04 01:59:29,37.5,57.36961451247166,110.16062067102966
2026-03-04 01:59:44,37.5,57.36961451247166,110.1643763235675
2026-03-04 01:59:59,37.5,57.36961451247166,110.16813197610531
2026-03-04 02:00:14,37.5,57.36961451247166,110.17188762864313
2026-03-04 02:00:29,37.5,57.36961451247166,110.17564328118095
2026-03-04 02:00:44,37.5,57.36961451247166,110.17939893371877
2026-03-04 02:00:59,37.5,57.36961451247166,110.18315458625659
2026-03-04 02:01:14,37.5,57.36961451247166,110.18691023879443
2026-03-04 02:01:29,37.5,57.36961451247166,110.19066589133224
2026-03-04 02:01:44,37.5,57.36961451247166,110.19442154387006
2026-03-04 02:01:59,37.5,57.36961451247166,110.19817719640788
2026-03-04 02:02:14,37.5,57.36961451247166,110.2019328489457
2026-03-04 02:02:29,37.5,57.36961451247166,110.20568850148352
2026-03-04 02:02:44,37.5,57.36961451247166,110.20944415402136
2026-03-04 02:02:59,37.5,57.36961451247166,110.21319980655917
2026-03-04 02:03:14,37.5,57.36961451247166,110.216955459097
2026-03-04 02:03:29,37.5,57.36961451247166,110.22071111163481
2026-03-04 02:03:44,37.5,57.36961451247166,110.22446676417263
2026-03-04 02:03:59,37.5,57.36961451247166,110.22822241671045
2026-03-04 02:04:14,37.5,57.36961451247166,110.23197806924829
2026-03-04 02:04:29,37.5,57.36961451247166,110.2357337217861
2026-03-04 02:04:44,37.5,57.36961451247166,110.23948937432392
2026-03-04 02:04:59,37.5,57.36961451247166,110.24324502686174
2026-03-04 02:05:14,37.5,57.36961451247166,110.24700067939956
2026-03-04 02:05:29,37.5,57.36961451247166,110.25075633193738
2026-03-04 02:05:44,37.5,57.36961451247166,110.25451198447522
2026-03-04 02:05:59,37.5,57.36961451247166,110.25826763701303
2026-03-04 02:06:14,37.5,57.36961451247166,110.26202328955085
2026-03-04 02:06:29,37.5,57.36961451247166,110.26577894208867
2026-03-04 02:06:44,37.5,57.36961451247166,110.26953459462649
2026-03-04 02:06:59,37.5,57.36961451247166,110.27329024716431
2026-03-04 02:07:14,37.5,57.36961451247166,110.27704589970214
2026-03-04 02:07:29,37.5,57.36961451247166,110.28080155223996
2026-03-04 02:07:44,37.5,57.36961451247166,110.28455720477778
2026-03-04 02:07:59,37.5,57.36961451247166,110.2883128573156
2026-03-04 02:08:14,37.5,57.36961451247166,110.29206850985342
2026-03-04 02:08:29,37.5,57.36961451247166,110.29582416239124
2026-03-04 02:08:44,37.5,57.36961451247166,110.29957981492907
2026-03-04 02:08:59,37.5,57.36961451247166,110.3033354674669
2026-03-04 02:09:14,37.5,57.36961451247166,110.30709112000471
2026-03-04 02:09:29,37.5,57.36961451247166,110.31084677254253
2026-03-04 02:09:44,37.5,57.36961451247166,110.31460242508035
2026-03-04 02:09:59,37.5,57.36961451247166,110.31835807761817
2026-03-04 02:10:14,37.5,57.36961451247166,110.322113730156
2026-03-04 02:10:29,37.5,57.36961451247166,110.32586938269382
2026-03-04 02:10:44,37.5,57.36961451247166,110.32962503523164
2026-03-04 02:10:59,37.5,57.36961451247166,110.33338068776946
2026-03-04 02:11:14,37.5,57.36961451247166,110.33713634030728
2026-03-04 02:11:29,37.5,57.36961451247166,110.3408919928451
2026-03-04 02:11:44,37.5,57.36961451247166,110.34464764538293
2026-03-04 02:11:59,37.5,57.36961451247166,110.34840329792075
2026-03-04 02:12:14,37.5,57.36961451247166,110.35215895045857
2026-03-04 02:12:29,37.5,57.36961451247166,110.35591460299639
2026-03-04 02:12:44,37.5,57.36961451247166,110.35967025553421
2026-03-04 02:12:59,50.0,57.36961451247166,110.36342590807203
2026-03-04 02:13:14,37.5,57.36961451247166,110.36718156060986
2026-03-04 02:13:29,50.0,57.36961451247166,110.37093721314768
2026-03-04 02:13:44,50.0,57.36961451247166,110.3746928656855
2026-03-04 02:13:59,50.0,57.36961451247166,110.37844851822332
2026-03-04 02:14:14,50.0,57.36961451247166,110.38220417076114
2026-03-04 02:14:29,50.0,57.36961451247166,110.38595982329896
2026-03-04 02:14:44,50.0,57.36961451247166,110.3897154758368
2026-03-04 02:14:59,50.0,57.36961451247166,110.39347112837461
2026-03-04 02:15:14,50.0,57.36961451247166,110.39722678091243
2026-03-04 02:15:29,50.0,57.36961451247166,110.40098243345025
2026-03-04 02:15:44,50.0,57.36961451247166,110.40473808598807
2026-03-04 02:15:59,50.0,57.36961451247166,110.40849373852589
2026-03-04 02:16:14,50.0,57.36961451247166,110.41224939106372
2026-03-04 02:16:29,50.0,57.36961451247166,110.41600504360154
2026-03-04 02:16:44,50.0,57.36961451247166,110.41976069613936
2026-03-04 02:16:59,50.0,57.36961451247166,110.42351634867718
2026-03-04 02:17:14,50.0,57.36961451247166,110.427272001215
2026-03-04 02:17:29,50.0,57.36961451247166,110.43102765375282
2026-03-04 02:17:44,50.0,57.36961451247166,110.43478330629065
2026-03-04 02:17:59,50.0,57.36961451247166,110.43853895882847
2026-03-04 02:18:14,50.0,57.36961451247166,110.4422946113663
2026-03-04 02:18:29,50.0,57.36961451247166,110.44605026390411
2026-03-04 02:18:44,50.0,57.36961451247166,110.44980591644193
2026-03-04 02:18:59,50.0,57.36961451247166,110.45356156897975
2026-03-04 02:19:14,50.0,57.36961451247166,110.45731722151758
2026-03-04 02:19:29,50.0,57.36961451247166,110.4610728740554
2026-03-04 02:19:44,50.0,57.36961451247166,110.46482852659322
2026-03-04 02:19:59,50.0,57.36961451247166,110.46858417913104
2026-03-04 02:20:14,50.0,57.14285714285714,110.47233983166886
2026-03-04 02:20:29,50.0,56.916099773242635,110.47609548420668
2026-03-04 02:20:44,50.0,56.68934240362812,110.47985113674451
2026-03-04 02:20:59,50.0,56.4625850340136,110.48360678928233
2026-03-04 02:21:14,50.0,56.235827664399096,110.48736244182015
2026-03-04 02:21:29,50.0,56.00907029478458,110.49111809435797
2026-03-04 02:21:44,50.0,55.78231292517006,110.49487374689579
2026-03-04 02:21:59,50.0,55.55555555555556,110.49862939943361
2026-03-04 02:22:14,50.0,55.32879818594104,110.50238505197144
2026-03-04 02:22:29,50.0,55.10204081632652,110.50614070450926
2026-03-04 02:22:44,50.0,54.87528344671202,110.50989635704708
2026-03-04 02:22:59,50.0,54.6485260770975,110.5136520095849
2026-03-04 02:23:14,50.0,54.421768707483,110.51740766212272
2026-03-04 02:23:29,50.0,54.19501133786848,110.52116331466054
2026-03-04 02:23:44,50.0,53.96825396825397,110.52491896719837
2026-03-04 02:23:59,50.0,53.74149659863946,110.5286746197362
2026-03-04 02:24:14,50.0,53.51473922902494,110.53243027227401
2026-03-04 02:24:29,50.0,53.28798185941043,110.53618592481183
2026-03-04 02:24:44,50.0,53.06122448979592,110.53994157734965
2026-03-04 02:24:59,50.0,52.83446712018141,110.54369722988747
2026-03-04 02:25:14,50.0,52.60770975056689,110.5474528824253
2026-03-04 02:25:29,50.0,52.38095238095239,110.55120853496312
2026-03-04 02:25:44,50.0,52.15419501133787,110.55496418750094
2026-03-04 02:25:59,50.0,51.92743764172335,110.55871984003876
2026-03-04 02:26:14,50.0,51.70068027210885,110.56247549257658
2026-03-04 02:26:29,50.0,51.47392290249433,110.5662311451144
2026-03-04 02:26:44,50.0,51.247165532879826,110.56998679765223
2026-03-04 02:26:59,62.5,51.02040816326531,110.57374245019005
2026-03-04 02:27:14,62.5,50.79365079365079,110.57749810272787
2026-03-04 02:27:29,62.5,50.56689342403629,110.58125375526569
2026-03-04 02:27:44,62.5,50.34013605442177,110.58500940780351
2026-03-04 02:27:59,62.5,50.11337868480725,110.58876506034133
2026-03-04 02:28:14,62.5,49.88662131519274,110.59252071287916
2026-03-04 02:28:29,62.5,49.65986394557823,110.59627636541698
2026-03-04 02:28:44,62.5,49.43310657596372,110.6000320179548
2026-03-04 02:28:59,62.5,49.2063492063492,110.60378767049262
2026-03-04 02:29:14,62.5,48.97959183673469,110.60754332303044
2026-03-04 02:29:29,62.5,48.75283446712018,110.61129897556826
2026-03-04 02:29:44,62.5,48.52607709750567,110.6150546281061
2026-03-04 02:29:59,62.5,48.29931972789115,110.61881028064391
2026-03-04 02:30:14,62.5,48.07256235827664,110.62256593318173
2026-03-04 02:30:29,62.5,47.84580498866213,110.62632158571955
2026-03-04 02:30:44,62.5,47.61904761904761,110.63007723825737
2026-03-04 02:30:59,62.5,47.3922902494331,110.63383289079519
2026-03-04 02:31:14,62.5,47.16553287981859,110.63758854333302
2026-03-04 02:31:29,62.5,46.93877551020408,110.64134419587084
2026-03-04 02:31:44,62.5,46.71201814058957,110.64509984840866
2026-03-04 02:31:59,62.5,46.48526077097506,110.64885550094648
2026-03-04 02:32:14,62.5,46.25850340136054,110.6526111534843
2026-03-04 02:32:29,62.5,46.03174603174603,110.65636680602212
2026-03-04 02:32:44,62.5,45.80498866213152,110.66012245855995
2026-03-04 02:32:59,62.5,45.57823129251701,110.66387811109777
2026-03-04 02:33:14,62.5,45.3514739229025,110.66763376363559
2026-03-04 02:33:29,62.5,45.12471655328798,110.67138941617341
2026-03-04 02:33:44,62.5,44.89795918367347,110.67514506871123
2026-03-04 02:33:59,62.5,44.67120181405896,110.67890072124905
2026-03-04 02:34:14,62.5,44.44444444444444,110.68265637378688
2026-03-04 02:34:29,62.5,44.21768707482993,110.6864120263247
2026-03-04 02:34:44,62.5,43.99092970521542,110.69016767886252
2026-03-04 02:34:59,62.5,43.76417233560091,110.69392333140034
2026-03-04 02:35:14,62.5,43.53741496598639,110.69767898393816
2026-03-04 02:35:29,62.5,43.31065759637188,110.70143463647598
2026-03-04 02:35:44,62.5,43.08390022675737,110.70519028901381
2026-03-04 02:35:59,62.5,42.857142857142854,110.70894594155163
2026-03-04 02:36:14,62.5,42.63038548752834,110.71270159408945
2026-03-04 02:36:29,62.5,42.40362811791383,110.71645724662727
2026-03-04 02:36:44,62.5,42.17687074829932,110.72021289916509
2026-03-04 02:36:59,62.5,41.950113378684804,110.72396855170291
2026-03-04 02:37:14,62.5,41.723356009070294,110.72772420424074
2026-03-04 02:37:29,62.5,41.49659863945578,110.73147985677856
2026-03-04 02:37:44,62.5,41.269841269841265,110.73523550931638
2026-03-04 02:37:59,62.5,41.043083900226755,110.7389911618542
2026-03-04 02:38:14,62.5,40.816326530612244,110.74274681439202
2026-03-04 02:38:29,62.5,40.58956916099773,110.74650246692984
2026-03-04 02:38:44,62.5,40.362811791383216,110.75025811946767
2026-03-04 02:38:59,62.5,40.136054421768705,110.7540137720055
2026-03-04 02:39:14,62.5,39.909297052154194,110.75776942454331
2026-03-04 02:39:29,62.5,39.682539682539684,110.76152507708113
2026-03-04 02:39:44,62.5,39.455782312925166,110.76528072961895
2026-03-04 02:39:59,50.0,39.229024943310655,110.76903638215677
2026-03-04 02:40:14,50.0,39.002267573696145,110.7727920346946
2026-03-04 02:40:29,50.0,38.775510204081634,110.77654768723242
2026-03-04 02:40:44,50.0,38.54875283446712,110.78030333977024
2026-03-04 02:40:59,50.0,38.32199546485261,110.78405899230806
2026-03-04 02:41:14,50.0,38.095238095238095,110.78781464484588
2026-03-04 02:41:29,50.0,37.868480725623584,110.7915702973837
2026-03-04 02:41:44,50.0,37.641723356009074,110.79532594992153
2026-03-04 02:41:59,50.0,37.41496598639456,110.79908160245935
2026-03-04 02:42:14,50.0,37.188208616780045,110.80283725499717
2026-03-04 02:42:29,50.0,36.961451247165535,110.80659290753499
2026-03-04 02:42:44,50.0,36.734693877551024,110.81034856007281
2026-03-04 02:42:59,50.0,36.507936507936506,110.81410421261063
2026-03-04 02:43:14,50.0,36.281179138321995,110.81785986514846
2026-03-04 02:43:29,50.0,36.054421768707485,110.82161551768628
2026-03-04 02:43:44,50.0,35.827664399092974,110.8253711702241
2026-03-04 02:43:59,50.0,35.600907029478456,110.82912682276192
2026-03-04 02:44:14,50.0,35.374149659863946,110.83288247529974
2026-03-04 02:44:29,50.0,35.147392290249435,110.83663812783756
2026-03-04 02:44:44,50.0,34.92063492063492,110.8403937803754
2026-03-04 02:44:59,50.0,34.69387755102041,110.84414943291321
2026-03-04 02:45:14,50.0,34.467120181405896,110.84790508545103
2026-03-04 02:45:29,50.0,34.24036281179138,110.85166073798885
2026-03-04 02:45:44,50.0,34.01360544217687,110.85541639052667
2026-03-04 02:45:59,50.0,33.78684807256236,110.85917204306449
2026-03-04 02:46:14,50.0,33.560090702947846,110.86292769560232
2026-03-04 02:46:29,50.0,33.33333333333333,110.86668334814014
2026-03-04 02:46:44,50.0,33.10657596371882,110.87043900067796
2026-03-04 02:46:59,50.0,32.87981859410431,110.87419465321578
2026-03-04 02:47:14,50.0,32.6530612244898,110.8779503057536
2026-03-04 02:47:29,50.0,32.426303854875286,110.88170595829142
2026-03-04 02:47:44,50.0,32.19954648526077,110.88546161082925
2026-03-04 02:47:59,50.0,31.97278911564626,110.88921726336707
2026-03-04 02:48:14,50.0,31.746031746031743,110.89297291590489
2026-03-04 02:48:29,50.0,31.519274376417233,110.89672856844271
2026-03-04 02:48:44,50.0,31.292517006802722,110.90048422098053
2026-03-04 02:48:59,50.0,31.065759637188208,110.90423987351835
2026-03-04 02:49:14,50.0,30.839002267573694,110.90799552605618
2026-03-04 02:49:29,50.0,30.612244897959183,110.911751178594
2026-03-04 02:49:44,50.0,30.385487528344672,110.91550683113182
2026-03-04 02:49:59,50.0,30.158730158730158,110.91926248366964
2026-03-04 02:50:14,50.0,29.931972789115648,110.92301813620746
2026-03-04 02:50:29,50.0,29.705215419501137,110.92677378874528
2026-03-04 02:50:44,50.0,29.47845804988662,110.93052944128311
2026-03-04 02:50:59,50.0,29.25170068027211,110.93428509382093
2026-03-04 02:51:14,50.0,29.024943310657598,110.93804074635875
2026-03-04 02:51:29,50.0,28.798185941043087,110.94179639889657
2026-03-04 02:51:44,50.0,28.57142857142857,110.94555205143439
2026-03-04 02:51:59,50.0,28.34467120181406,110.94930770397221
2026-03-04 02:52:14,50.0,28.117913832199548,110.95306335651004
2026-03-04 02:52:29,50.0,27.89115646258503,110.95681900904786
2026-03-04 02:52:44,50.0,27.66439909297052,110.96057466158568
2026-03-04 02:52:59,50.0,27.43764172335601,110.9643303141235
2026-03-04 02:53:14,50.0,27.2108843537415,110.96808596666132
2026-03-04 02:53:29,50.0,26.984126984126984,110.97184161919914
2026-03-04 02:53:44,50.0,26.75736961451247,110.97559727173697
2026-03-04 02:53:59,50.0,26.53061224489796,110.97935292427479
2026-03-04 02:54:14,50.0,26.53061224489796,110.98310857681261
2026-03-04 02:54:29,50.0,26.75736961451247,110.98686422935043
2026-03-04 02:54:44,50.0,26.984126984126984,110.99061988188825
2026-03-04 02:54:59,50.0,27.2108843537415,110.99437553442607
2026-03-04 02:55:14,37.5,27.43764172335601,110.9981311869639
2026-03-04 02:55:29,37.5,27.86516853932584,111.00188683950172
2026-03-04 02:55:44,37.5,28.08988764044944,111.00564249203954
2026-03-04 02:55:59,37.5,28.314606741573034,111.00939814457736
2026-03-04 02:56:14,37.5,28.314606741573034,111.01315379711518
2026-03-04 02:56:29,37.5,28.314606741573034,111.016909449653
2026-03-04 02:56:44,37.5,28.314606741573034,111.02066510219083
2026-03-04 02:56:59,37.5,28.314606741573034,111.02442075472865
2026-03-04 02:57:14,37.5,28.314606741573034,111.02817640726647
2026-03-04 02:57:29,37.5,28.314606741573034,111.03193205980429
2026-03-04 02:57:44,37.5,28.314606741573034,111.03568771234211
2026-03-04 02:57:59,37.5,28.314606741573034,111.03944336487993
2026-03-04 02:58:14,37.5,28.314606741573034,111.04319901741776
2026-03-04 02:58:29,37.5,28.314606741573034,111.04695466995558
2026-03-04 02:58:44,37.5,28.314606741573034,111.0507103224934
2026-03-04 02:58:59,37.5,28.314606741573034,111.05446597503122
2026-03-04 02:59:14,37.5,28.314606741573034,111.05822162756904
2026-03-04 02:59:29,37.5,28.314606741573034,111.06197728010686
2026-03-04 02:59:44,37.5,28.08988764044944,111.06573293264469
2026-03-04 02:59:59,37.5,27.86516853932584,111.06948858518251
2026-03-04 03:00:14,37.5,27.640449438202246,111.07324423772033
2026-03-04 03:00:29,37.5,27.640449438202246,111.07699989025815
2026-03-04 03:00:44,37.5,27.640449438202246,111.08075554279597
2026-03-04 03:00:59,37.5,27.640449438202246,111.08451119533379
2026-03-04 03:01:14,37.5,27.640449438202246,111.08826684787162
2026-03-04 03:01:29,37.5,27.640449438202246,111.09202250040944
2026-03-04 03:01:44,37.5,27.640449438202246,111.09577815294726
2026-03-04 03:01:59,37.5,27.640449438202246,111.09953380548508
2026-03-04 03:02:14,37.5,27.640449438202246,111.1032894580229
2026-03-04 03:02:29,37.5,27.640449438202246,111.10704511056072
2026-03-04 03:02:44,37.5,27.640449438202246,111.11080076309855
2026-03-04 03:02:59,37.5,27.640449438202246,111.11455641563637
2026-03-04 03:03:14,37.5,27.640449438202246,111.11831206817419
2026-03-04 03:03:29,37.5,27.640449438202246,111.12206772071201
2026-03-04 03:03:44,37.5,27.640449438202246,111.12582337324983
2026-03-04 03:03:59,37.5,27.640449438202246,111.12957902578765
2026-03-04 03:04:14,37.5,27.640449438202246,111.13333467832548
2026-03-04 03:04:29,37.5,27.640449438202246,111.1370903308633
2026-03-04 03:04:44,37.5,27.640449438202246,111.14084598340112
2026-03-04 03:04:59,37.5,27.640449438202246,111.14460163593894
2026-03-04 03:05:14,37.5,27.640449438202246,111.14835728847676
2026-03-04 03:05:29,37.5,27.640449438202246,111.15211294101458
2026-03-04 03:05:44,37.5,27.640449438202246,111.15586859355241
2026-03-04 03:05:59,37.5,27.640449438202246,111.15962424609023
2026-03-04 03:06:14,37.5,27.640449438202246,111.16337989862805
2026-03-04 03:06:29,37.5,27.640449438202246,111.16713555116587
2026-03-04 03:06:44,37.5,27.640449438202246,111.17089120370369
2026-03-04 03:06:59,37.5,27.415730337078653,111.17464685624151
2026-03-04 03:07:14,37.5,27.191011235955052,111.17840250877934
2026-03-04 03:07:29,37.5,26.96629213483146,111.18215816131716
2026-03-04 03:07:44,37.5,26.741573033707866,111.18591381385498
2026-03-04 03:07:59,37.5,26.516853932584272,111.1896694663928
2026-03-04 03:08:14,37.5,26.29213483146067,111.19342511893062
2026-03-04 03:08:29,37.5,26.06741573033708,111.19718077146844
2026-03-04 03:08:44,37.5,25.842696629213485,111.20093642400627
2026-03-04 03:08:59,37.5,25.617977528089884,111.20469207654409
2026-03-04 03:09:14,37.5,25.39325842696629,111.20844772908191
2026-03-04 03:09:29,37.5,25.168539325842698,111.21220338161973
2026-03-04 03:09:44,37.5,24.9438202247191,111.21595903415755
2026-03-04 03:09:59,37.5,24.719101123595504,111.21971468669537
2026-03-04 03:10:14,37.5,24.49438202247191,111.2234703392332
2026-03-04 03:10:29,37.5,24.269662921348313,111.22722599177102
2026-03-04 03:10:44,37.5,24.044943820224717,111.23098164430884
2026-03-04 03:10:59,37.5,23.820224719101123,111.23473729684666
2026-03-04 03:11:14,37.5,23.595505617977526,111.23849294938448
2026-03-04 03:11:29,37.5,23.370786516853933,111.2422486019223
2026-03-04 03:11:44,37.5,23.146067415730336,111.24600425446013
2026-03-04 03:11:59,25.0,22.92134831460674,111.24975990699795
2026-03-04 03:12:14,25.0,22.696629213483146,111.25351555953577
2026-03-04 03:12:29,25.0,22.47191011235955,111.25727121207359
2026-03-04 03:12:44,25.0,22.247191011235955,111.26102686461141
2026-03-04 03:12:59,25.0,22.02247191011236,111.26478251714923
2026-03-04 03:13:14,25.0,21.79775280898876,111.26853816968706
2026-03-04 03:13:29,25.0,21.573033707865168,111.27229382222488
2026-03-04 03:13:44,25.0,21.34831460674157,111.2760494747627
2026-03-04 03:13:59,25.0,21.123595505617978,111.27980512730052
2026-03-04 03:14:14,25.0,20.89887640449438,111.28356077983834
2026-03-04 03:14:29,25.0,20.674157303370784,111.28731643237616
2026-03-04 03:14:44,25.0,20.44943820224719,111.29107208491399
2026-03-04 03:14:59,25.0,20.224719101123593,111.29482773745181
2026-03-04 03:15:14,25.0,20.0,111.29858338998963
2026-03-04 03:15:29,25.0,19.775280898876403,111.30233904252745
2026-03-04 03:15:44,25.0,19.550561797752806,111.30609469506527
2026-03-04 03:15:59,25.0,19.325842696629213,111.30985034760309
2026-03-04 03:16:14,25.0,19.101123595505616,111.31360600014092
2026-03-04 03:16:29,25.0,18.876404494382022,111.31736165267874
2026-03-04 03:16:44,25.0,18.651685393258425,111.32111730521656
2026-03-04 03:16:59,25.0,18.426966292134832,111.32487295775438
2026-03-04 03:17:14,25.0,18.202247191011235,111.3286286102922
2026-03-04 03:17:29,25.0,17.97752808988764,111.33238426283002
2026-03-04 03:17:44,25.0,17.752808988764045,111.33613991536785
2026-03-04 03:17:59,25.0,17.528089887640448,111.33989556790567
2026-03-04 03:18:14,25.0,17.303370786516854,111.34365122044349
2026-03-04 03:18:29,25.0,17.078651685393258,111.34740687298131
2026-03-04 03:18:44,25.0,16.853932584269664,111.35116252551913
2026-03-04 03:18:59,25.0,16.629213483146067,111.35491817805695
2026-03-04 03:19:14,25.0,16.40449438202247,111.35867383059478
2026-03-04 03:19:29,25.0,16.179775280898877,111.3624294831326
2026-03-04 03:19:44,25.0,15.955056179775282,111.36618513567042
2026-03-04 03:19:59,25.0,15.730337078651685,111.36994078820824
2026-03-04 03:20:14,25.0,15.505617977528091,111.37369644074606
2026-03-04 03:20:29,25.0,15.280898876404494,111.37745209328388
2026-03-04 03:20:44,25.0,15.056179775280897,111.38120774582171
2026-03-04 03:20:59,25.0,14.831460674157304,111.38496339835953
2026-03-04 03:21:14,25.0,14.606741573033707,111.38871905089735
2026-03-04 03:21:29,25.0,14.382022471910114,111.39247470343517
2026-03-04 03:21:44,25.0,14.157303370786517,111.39623035597299
2026-03-04 03:21:59,25.0,13.93258426966292,111.39998600851081
2026-03-04 03:22:14,25.0,13.707865168539326,111.40374166104864
2026-03-04 03:22:29,25.0,13.48314606741573,111.40749731358646
2026-03-04 03:22:44,25.0,13.258426966292136,111.41125296612428
2026-03-04 03:22:59,25.0,13.03370786516854,111.4150086186621
2026-03-04 03:23:14,25.0,12.808988764044942,111.41876427119992
2026-03-04 03:23:29,25.0,12.584269662921349,111.42251992373774
2026-03-04 03:23:44,25.0,12.359550561797752,111.42627557627557
2026-03-04 03:23:59,25.0,12.134831460674157,111.43003122881339
2026-03-04 03:24:14,25.0,11.910112359550562,111.43378688135121
2026-03-04 03:24:29,25.0,11.685393258426966,111.43754253388903
2026-03-04 03:24:44,25.0,11.46067415730337,111.44129818642685
2026-03-04 03:24:59,25.0,11.235955056179774,111.44505383896467
2026-03-04 03:25:14,25.0,11.01123595505618,111.4488094915025
2026-03-04 03:25:29,25.0,10.786516853932584,111.45256514404032
2026-03-04 03:25:44,25.0,10.561797752808989,111.45632079657814
2026-03-04 03:25:59,25.0,10.337078651685392,111.46007644911596
2026-03-04 03:26:14,25.0,10.112359550561797,111.46383210165378
2026-03-04 03:26:29,25.0,9.887640449438202,111.4675877541916
2026-03-04 03:26:44,25.0,9.662921348314606,111.47134340672943
2026-03-04 03:26:59,25.0,9.438202247191011,111.47509905926725
2026-03-04 03:27:14,25.0,9.213483146067416,111.47885471180507
2026-03-04 03:27:29,25.0,8.98876404494382,111.48261036434289
2026-03-04 03:27:44,25.0,8.764044943820224,111.48636601688071
2026-03-04 03:27:59,25.0,8.539325842696629,111.49012166941853
2026-03-04 03:28:14,25.0,8.314606741573034,111.49387732195636
2026-03-04 03:28:29,25.0,8.089887640449438,111.49763297449418
2026-03-04 03:28:44,25.0,7.865168539325842,111.501388627032
2026-03-04 03:28:59,25.0,7.865168539325842,111.50514427956982
2026-03-04 03:29:14,25.0,7.865168539325842,111.50889993210764
2026-03-04 03:29:29,25.0,7.865168539325842,111.51265558464546
2026-03-04 03:29:44,25.0,7.865168539325842,111.51641123718329
2026-03-04 03:29:59,25.0,7.865168539325842,111.52016688972111
2026-03-04 03:30:14,25.0,7.865168539325842,111.52392254225893
2026-03-04 03:30:29,25.0,7.865168539325842,111.52767819479675
2026-03-04 03:30:44,25.0,7.865168539325842,111.53143384733457
2026-03-04 03:30:59,25.0,7.865168539325842,111.53518949987239
2026-03-04 03:31:14,25.0,7.865168539325842,111.53894515241022
2026-03-04 03:31:29,25.0,7.865168539325842,111.54270080494804
2026-03-04 03:31:44,25.0,7.865168539325842,111.54645645748586
2026-03-04 03:31:59,25.0,7.865168539325842,111.55021211002368
2026-03-04 03:32:14,25.0,7.865168539325842,111.5539677625615
2026-03-04 03:32:29,25.0,7.865168539325842,111.55772341509932
2026-03-04 03:32:44,25.0,7.865168539325842,111.56147906763715
2026-03-04 03:32:59,25.0,7.865168539325842,111.56523472017497
2026-03-04 03:33:14,25.0,7.865168539325842,111.56899037271279
2026-03-04 03:33:29,25.0,7.865168539325842,111.57274602525061
2026-03-04 03:33:44,25.0,7.865168539325842,111.57650167778843
2026-03-04 03:33:59,25.0,7.865168539325842,111.58025733032625
2026-03-04 03:34:14,25.0,7.865168539325842,111.58401298286408
2026-03-04 03:34:29,25.0,7.865168539325842,111.5877686354019
2026-03-04 03:34:44,25.0,7.865168539325842,111.59152428793972
2026-03-04 03:34:59,25.0,7.865168539325842,111.59527994047754
2026-03-04 03:35:14,25.0,7.865168539325842,111.59903559301536
2026-03-04 03:35:29,25.0,7.865168539325842,111.60279124555318
2026-03-04 03:35:44,25.0,7.865168539325842,111.60654689809101
2026-03-04 03:35:59,25.0,7.865168539325842,111.61030255062883
2026-03-04 03:36:14,25.0,7.865168539325842,111.61405820316665
2026-03-04 03:36:29,25.0,7.865168539325842,111.61781385570447
2026-03-04 03:36:44,25.0,7.865168539325842,111.62156950824229
2026-03-04 03:36:59,25.0,7.865168539325842,111.62532516078011
2026-03-04 03:37:14,25.0,7.865168539325842,111.62908081331794
2026-03-04 03:37:29,25.0,7.865168539325842,111.63283646585576
2026-03-04 03:37:44,25.0,7.865168539325842,111.63659211839358
2026-03-04 03:37:59,25.0,7.865168539325842,111.6403477709314
2026-03-04 03:38:14,25.0,7.865168539325842,111.64410342346922
2026-03-04 03:38:29,25.0,7.865168539325842,111.64785907600704
2026-03-04 03:38:44,25.0,7.865168539325842,111.65161472854487
2026-03-04 03:38:59,25.0,7.865168539325842,111.65537038108269
2026-03-04 03:39:14,25.0,7.865168539325842,111.65912603362051
2026-03-04 03:39:29,25.0,7.865168539325842,111.66288168615833
2026-03-04 03:39:44,25.0,7.865168539325842,111.66663733869615
2026-03-04 03:39:59,25.0,7.865168539325842,111.67039299123397
2026-03-04 03:40:14,25.0,7.865168539325842,111.6741486437718
2026-03-04 03:40:29,25.0,7.865168539325842,111.67790429630962
2026-03-04 03:40:44,25.0,7.865168539325842,111.68165994884744
2026-03-04 03:40:59,25.0,7.865168539325842,111.68541560138526
2026-03-04 03:41:14,25.0,7.865168539325842,111.68917125392308
2026-03-04 03:41:29,25.0,7.865168539325842,111.6929269064609
2026-03-04 03:41:44,25.0,7.865168539325842,111.69668255899873
2026-03-04 03:41:59,25.0,7.865168539325842,111.70043821153655
2026-03-04 03:42:14,25.0,7.865168539325842,111.70419386407437
2026-03-04 03:42:29,25.0,7.865168539325842,111.70794951661219
2026-03-04 03:42:44,25.0,7.865168539325842,111.71170516915001
2026-03-04 03:42:59,25.0,7.865168539325842,111.71546082168783
2026-03-04 03:43:14,25.0,7.865168539325842,111.71921647422566
2026-03-04 03:43:29,25.0,7.865168539325842,111.72297212676348
2026-03-04 03:43:44,25.0,7.865168539325842,111.7267277793013
2026-03-04 03:43:59,25.0,7.865168539325842,111.73048343183912
2026-03-04 03:44:14,25.0,7.865168539325842,111.73423908437694
2026-03-04 03:44:29,25.0,7.865168539325842,111.73799473691476
2026-03-04 03:44:44,25.0,7.865168539325842,111.74175038945259
2026-03-04 03:44:59,25.0,7.865168539325842,111.74550604199041
2026-03-04 03:45:14,25.0,7.865168539325842,111.74926169452823
2026-03-04 03:45:29,25.0,7.865168539325842,111.75301734706605
2026-03-04 03:45:44,25.0,7.865168539325842,111.75677299960387
2026-03-04 03:45:59,25.0,7.865168539325842,111.76052865214169
2026-03-04 03:46:14,25.0,7.865168539325842,111.76428430467952
2026-03-04 03:46:29,25.0,7.865168539325842,111.76803995721734
2026-03-04 03:46:44,25.0,7.865168539325842,111.77179560975516
2026-03-04 03:46:59,25.0,7.865168539325842,111.77555126229298
2026-03-04 03:47:14,25.0,7.865168539325842,111.7793069148308
2026-03-04 03:47:29,25.0,7.865168539325842,111.78306256736862
2026-03-04 03:47:44,25.0,7.865168539325842,111.78681821990645
2026-03-04 03:47:59,25.0,7.865168539325842,111.79057387244427
2026-03-04 03:48:14,25.0,7.865168539325842,111.79432952498209
2026-03-04 03:48:29,25.0,7.865168539325842,111.79808517751991
2026-03-04 03:48:44,25.0,7.865168539325842,111.80184083005773
2026-03-04 03:48:59,25.0,7.865168539325842,111.80559648259555
2026-03-04 03:49:14,25.0,7.865168539325842,111.80935213513338
2026-03-04 03:49:29,25.0,7.865168539325842,111.8131077876712
2026-03-04 03:49:44,12.5,7.865168539325842,111.81686344020902
2026-03-04 03:49:59,12.5,7.865168539325842,111.82061909274684
2026-03-04 03:50:14,25.0,7.865168539325842,111.82437474528466
2026-03-04 03:50:29,25.0,7.865168539325842,111.82813039782248
2026-03-04 03:50:44,25.0,7.865168539325842,111.83188605036031
2026-03-04 03:50:59,25.0,7.865168539325842,111.83564170289813
2026-03-04 03:51:14,25.0,7.865168539325842,111.83939735543595
2026-03-04 03:51:29,25.0,7.865168539325842,111.84315300797377
2026-03-04 03:51:44,25.0,7.865168539325842,111.84690866051159
2026-03-04 03:51:59,25.0,7.865168539325842,111.8506643130494
2026-03-04 03:52:14,25.0,7.865168539325842,111.85441996558724
2026-03-04 03:52:29,25.0,7.865168539325842,111.85817561812506
2026-03-04 03:52:44,25.0,7.865168539325842,111.86193127066288
2026-03-04 03:52:59,25.0,7.865168539325842,111.8656869232007
2026-03-04 03:53:14,25.0,7.865168539325842,111.86944257573852
2026-03-04 03:53:29,25.0,7.865168539325842,111.87319822827634
2026-03-04 03:53:44,25.0,7.865168539325842,111.87695388081417
2026-03-04 03:53:59,25.0,7.865168539325842,111.88070953335199
2026-03-04 03:54:14,25.0,7.865168539325842,111.88446518588981
2026-03-04 03:54:29,25.0,7.865168539325842,111.88822083842763
2026-03-04 03:54:44,25.0,7.865168539325842,111.89197649096545
2026-03-04 03:54:59,25.0,7.865168539325842,111.89573214350327
2026-03-04 03:55:14,25.0,7.865168539325842,111.8994877960411
2026-03-04 03:55:29,25.0,7.865168539325842,111.90324344857892
2026-03-04 03:55:44,25.0,7.865168539325842,111.90699910111674
2026-03-04 03:55:59,25.0,7.865168539325842,111.91075475365456
2026-03-04 03:56:14,25.0,7.865168539325842,111.91451040619238
2026-03-04 03:56:29,25.0,7.865168539325842,111.9182660587302
2026-03-04 03:56:44,25.0,7.865168539325842,111.92202171126803
2026-03-04 03:56:59,25.0,7.865168539325842,111.92577736380585
2026-03-04 03:57:14,25.0,7.865168539325842,111.92953301634367
2026-03-04 03:57:29,25.0,7.865168539325842,111.93328866888149
2026-03-04 03:57:44,25.0,7.865168539325842,111.93704432141931
2026-03-04 03:57:59,25.0,7.865168539325842,111.94079997395713
2026-03-04 03:58:14,25.0,7.865168539325842,111.94455562649496
2026-03-04 03:58:29,25.0,7.865168539325842,111.94831127903278
2026-03-04 03:58:44,25.0,7.865168539325842,111.9520669315706
2026-03-04 03:58:59,25.0,7.865168539325842,111.95582258410842
2026-03-04 03:59:14,25.0,7.865168539325842,111.95957823664624
2026-03-04 03:59:29,25.0,7.865168539325842,111.96333388918406
2026-03-04 03:59:44,25.0,7.865168539325842,111.96708954172189
2026-03-04 03:59:59,25.0,7.865168539325842,111.97084519425971
2026-03-04 04:00:14,25.0,7.865168539325842,111.97748562188839
2026-03-04 04:00:29,25.0,7.865168539325842,111.9843321048807
2026-03-04 04:00:44,25.0,7.865168539325842,111.99117858787302
2026-03-04 04:00:59,25.0,7.865168539325842,111.99802507086534
2026-03-04 04:01:14,25.0,7.795100222717149,112.00487155385765
2026-03-04 04:01:29,25.0,7.795100222717149,112.01171803684997
2026-03-04 04:01:44,25.0,7.795100222717149,112.01856451984229
2026-03-04 04:01:59,25.0,7.795100222717149,112.0254110028346
2026-03-04 04:02:14,25.0,7.795100222717149,112.03225748582692
2026-03-04 04:02:29,25.0,7.795100222717149,112.03910396881923
2026-03-04 04:02:44,25.0,7.795100222717149,112.04595045181155
2026-03-04 04:02:59,25.0,7.795100222717149,112.05279693480387
2026-03-04 04:03:14,25.0,7.795100222717149,112.05964341779618
2026-03-04 04:03:29,25.0,7.795100222717149,112.0664899007885
2026-03-04 04:03:44,25.0,7.795100222717149,112.07333638378081
2026-03-04 04:03:59,25.0,7.795100222717149,112.08018286677313
2026-03-04 04:04:14,25.0,7.795100222717149,112.08702934976544
2026-03-04 04:04:29,25.0,7.795100222717149,112.09387583275776
2026-03-04 04:04:44,25.0,7.795100222717149,112.10072231575008
2026-03-04 04:04:59,25.0,7.795100222717149,112.1075687987424
2026-03-04 04:05:14,25.0,7.795100222717149,112.11441528173472
2026-03-04 04:05:29,25.0,7.795100222717149,112.12126176472704
2026-03-04 04:05:44,25.0,7.795100222717149,112.12810824771935
2026-03-04 04:05:59,25.0,7.795100222717149,112.13495473071167
2026-03-04 04:06:14,25.0,7.795100222717149,112.14180121370399
2026-03-04 04:06:29,25.0,7.795100222717149,112.1486476966963
2026-03-04 04:06:44,25.0,7.795100222717149,112.15549417968862
2026-03-04 04:06:59,25.0,7.795100222717149,112.16234066268093
2026-03-04 04:07:14,25.0,7.795100222717149,112.16918714567325
2026-03-04 04:07:29,25.0,7.795100222717149,112.17603362866556
2026-03-04 04:07:44,25.0,7.795100222717149,112.18288011165788
2026-03-04 04:07:59,25.0,7.795100222717149,112.1897265946502
2026-03-04 04:08:14,25.0,7.795100222717149,112.19657307764251
2026-03-04 04:08:29,25.0,7.795100222717149,112.20341956063483
2026-03-04 04:08:44,25.0,7.795100222717149,112.21026604362714
2026-03-04 04:08:59,25.0,7.795100222717149,112.21711252661946
2026-03-04 04:09:14,25.0,7.795100222717149,112.22395900961178
2026-03-04 04:09:29,25.0,7.795100222717149,112.23080549260409
2026-03-04 04:09:44,25.0,7.795100222717149,112.2376519755964
2026-03-04 04:09:59,25.0,7.795100222717149,112.24449845858872
2026-03-04 04:10:14,25.0,7.795100222717149,112.25134494158104
2026-03-04 04:10:29,25.0,7.795100222717149,112.25819142457335
2026-03-04 04:10:44,25.0,7.795100222717149,112.26503790756567
2026-03-04 04:10:59,25.0,7.795100222717149,112.27188439055799
2026-03-04 04:11:14,25.0,7.795100222717149,112.2787308735503
2026-03-04 04:11:29,25.0,7.795100222717149,112.28557735654262
2026-03-04 04:11:44,25.0,7.795100222717149,112.29242383953493
2026-03-04 04:11:59,25.0,7.795100222717149,112.29927032252726
2026-03-04 04:12:14,25.0,7.795100222717149,112.30611680551958
2026-03-04 04:12:29,25.0,7.795100222717149,112.3129632885119
2026-03-04 04:12:44,25.0,7.795100222717149,112.31980977150421
2026-03-04 04:12:59,25.0,7.795100222717149,112.32665625449653
2026-03-04 04:13:14,25.0,7.795100222717149,112.33350273748884
2026-03-04 04:13:29,25.0,7.795100222717149,112.34034922048116
2026-03-04 04:13:44,25.0,7.795100222717149,112.34719570347347
2026-03-04 04:13:59,25.0,7.795100222717149,112.35404218646579
2026-03-04 04:14:14,25.0,7.795100222717149,112.3608886694581
2026-03-04 04:14:29,25.0,7.795100222717149,112.36773515245042
2026-03-04 04:14:44,25.0,7.795100222717149,112.37458163544274
2026-03-04 04:14:59,25.0,7.795100222717149,112.38142811843505
2026-03-04 04:15:14,25.0,7.795100222717149,112.38827460142737
2026-03-04 04:15:29,25.0,7.795100222717149,112.39512108441969
2026-03-04 04:15:44,25.0,7.795100222717149,112.401967567412
2026-03-04 04:15:59,25.0,7.795100222717149,112.40881405040432
2026-03-04 04:16:14,25.0,7.795100222717149,112.41566053339663
2026-03-04 04:16:29,25.0,7.795100222717149,112.42250701638895
2026-03-04 04:16:44,25.0,7.795100222717149,112.42935349938126
2026-03-04 04:16:59,25.0,7.795100222717149,112.43619998237358
2026-03-04 04:17:14,25.0,7.795100222717149,112.4430464653659
2026-03-04 04:17:29,25.0,7.795100222717149,112.44989294835821
2026-03-04 04:17:44,25.0,7.795100222717149,112.45673943135053
2026-03-04 04:17:59,25.0,7.795100222717149,112.46358591434284
2026-03-04 04:18:14,25.0,7.795100222717149,112.47043239733516
2026-03-04 04:18:29,25.0,7.795100222717149,112.47727888032748
2026-03-04 04:18:44,25.0,7.795100222717149,112.48412536331979
2026-03-04 04:18:59,25.0,7.795100222717149,112.4909718463121
2026-03-04 04:19:14,25.0,7.795100222717149,112.49781832930444
2026-03-04 04:19:29,25.0,7.795100222717149,112.50466481229675
2026-03-04 04:19:44,25.0,7.795100222717149,112.51151129528907
2026-03-04 04:19:59,25.0,7.795100222717149,112.51835777828138
2026-03-04 04:20:14,25.0,7.795100222717149,112.5252042612737
2026-03-04 04:20:29,25.0,7.795100222717149,112.53205074426602
2026-03-04 04:20:44,25.0,7.795100222717149,112.53889722725833
2026-03-04 04:20:59,25.0,7.795100222717149,112.54574371025065
2026-03-04 04:21:14,25.0,7.795100222717149,112.55259019324296
2026-03-04 04:21:29,25.0,7.795100222717149,112.55943667623528
2026-03-04 04:21:44,25.0,7.795100222717149,112.5662831592276
2026-03-04 04:21:59,25.0,7.795100222717149,112.57312964221991
2026-03-04 04:22:14,25.0,7.795100222717149,112.57997612521223
2026-03-04 04:22:29,25.0,7.795100222717149,112.58682260820454
2026-03-04 04:22:44,25.0,7.795100222717149,112.59366909119686
2026-03-04 04:22:59,25.0,7.795100222717149,112.60051557418917
2026-03-04 04:23:14,25.0,7.795100222717149,112.60736205718149
2026-03-04 04:23:29,25.0,7.795100222717149,112.6142085401738
2026-03-04 04:23:44,25.0,7.795100222717149,112.62105502316612
2026-03-04 04:23:59,25.0,7.795100222717149,112.62790150615844
2026-03-04 04:24:14,25.0,7.795100222717149,112.63474798915075
2026-03-04 04:24:29,25.0,7.795100222717149,112.64159447214307
2026-03-04 04:24:44,25.0,7.795100222717149,112.64844095513538
2026-03-04 04:24:59,25.0,7.795100222717149,112.6552874381277
2026-03-04 04:25:14,25.0,7.795100222717149,112.66213392112002
2026-03-04 04:25:29,25.0,7.795100222717149,112.66898040411233
2026-03-04 04:25:44,25.0,7.795100222717149,112.67582688710465
2026-03-04 04:25:59,25.0,7.795100222717149,112.68267337009696
2026-03-04 04:26:14,25.0,7.795100222717149,112.6895198530893
2026-03-04 04:26:29,25.0,7.795100222717149,112.69636633608161
2026-03-04 04:26:44,25.0,7.795100222717149,112.70321281907393
2026-03-04 04:26:59,25.0,7.795100222717149,112.71005930206624
2026-03-04 04:27:14,25.0,7.795100222717149,112.71690578505856
2026-03-04 04:27:29,25.0,7.795100222717149,112.72375226805087
2026-03-04 04:27:44,25.0,7.795100222717149,112.73059875104319
2026-03-04 04:27:59,25.0,7.795100222717149,112.7374452340355
2026-03-04 04:28:14,25.0,7.795100222717149,112.74429171702782
2026-03-04 04:28:29,25.0,7.795100222717149,112.75113820002014
2026-03-04 04:28:44,25.0,7.795100222717149,112.75798468301245
2026-03-04 04:28:59,25.0,7.795100222717149,112.76483116600477
2026-03-04 04:29:14,25.0,7.795100222717149,112.77167764899708
2026-03-04 04:29:29,25.0,7.795100222717149,112.7785241319894
2026-03-04 04:29:44,25.0,7.795100222717149,112.78537061498172
2026-03-04 04:29:59,25.0,7.795100222717149,112.79221709797403
2026-03-04 04:30:14,25.0,7.795100222717149,112.79906358096635
2026-03-04 04:30:29,25.0,7.795100222717149,112.80591006395866
2026-03-04 04:30:44,25.0,7.795100222717149,112.81275654695098
2026-03-04 04:30:59,25.0,7.795100222717149,112.8196030299433
2026-03-04 04:31:14,25.0,7.795100222717149,112.82644951293561
2026-03-04 04:31:29,25.0,7.795100222717149,112.83329599592793
2026-03-04 04:31:44,25.0,7.795100222717149,112.84014247892024
2026-03-04 04:31:59,25.0,7.795100222717149,112.84698896191256
2026-03-04 04:32:14,25.0,7.795100222717149,112.85383544490487
2026-03-04 04:32:29,25.0,7.795100222717149,112.86068192789719
2026-03-04 04:32:44,25.0,7.795100222717149,112.8675284108895
2026-03-04 04:32:59,25.0,7.795100222717149,112.87437489388182
2026-03-04 04:33:14,12.5,7.795100222717149,112.88122137687415
2026-03-04 04:33:29,12.5,7.795100222717149,112.88806785986647
2026-03-04 04:33:44,25.0,7.795100222717149,112.89491434285878
2026-03-04 04:33:59,12.5,7.795100222717149,112.9017608258511
2026-03-04 04:34:14,12.5,7.795100222717149,112.90860730884341
2026-03-04 04:34:29,12.5,7.795100222717149,112.91545379183573
2026-03-04 04:34:44,12.5,7.795100222717149,112.92230027482805
2026-03-04 04:34:59,12.5,7.795100222717149,112.92914675782036
2026-03-04 04:35:14,12.5,7.795100222717149,112.93599324081268
2026-03-04 04:35:29,12.5,7.795100222717149,112.942839723805
2026-03-04 04:35:44,12.5,7.795100222717149,112.94968620679731
2026-03-04 04:35:59,12.5,7.795100222717149,112.95653268978963
2026-03-04 04:36:14,12.5,7.795100222717149,112.96337917278194
2026-03-04 04:36:29,12.5,7.795100222717149,112.97022565577426
2026-03-04 04:36:44,12.5,7.795100222717149,112.97707213876657
2026-03-04 04:36:59,12.5,7.795100222717149,112.98391862175889
2026-03-04 04:37:14,12.5,7.795100222717149,112.9907651047512
2026-03-04 04:37:29,12.5,7.795100222717149,112.99761158774352
2026-03-04 04:37:44,12.5,7.72626931567329,113.00445807073584
2026-03-04 04:37:59,12.5,7.72626931567329,113.01130455372815
2026-03-04 04:38:14,12.5,7.72626931567329,113.01815103672047
2026-03-04 04:38:29,12.5,7.72626931567329,113.02499751971278
2026-03-04 04:38:44,12.5,7.72626931567329,113.0318440027051
2026-03-04 04:38:59,12.5,7.72626931567329,113.03869048569742
2026-03-04 04:39:14,12.5,7.72626931567329,113.04553696868973
2026-03-04 04:39:29,12.5,7.72626931567329,113.05238345168205
2026-03-04 04:39:44,12.5,7.72626931567329,113.05922993467436
2026-03-04 04:39:59,12.5,7.72626931567329,113.06607641766668
2026-03-04 04:40:14,12.5,7.72626931567329,113.072922900659
2026-03-04 04:40:29,12.5,7.72626931567329,113.07976938365132
2026-03-04 04:40:44,12.5,7.72626931567329,113.08661586664364
2026-03-04 04:40:59,12.5,7.72626931567329,113.09346234963596
2026-03-04 04:41:14,12.5,7.72626931567329,113.10030883262827
2026-03-04 04:41:29,12.5,7.72626931567329,113.10715531562059
2026-03-04 04:41:44,12.5,7.72626931567329,113.1140017986129
2026-03-04 04:41:59,12.5,7.72626931567329,113.12084828160522
2026-03-04 04:42:14,12.5,7.72626931567329,113.12769476459754
2026-03-04 04:42:29,12.5,7.72626931567329,113.13454124758985
2026-03-04 04:42:44,12.5,7.72626931567329,113.14138773058217
2026-03-04 04:42:59,12.5,7.72626931567329,113.14823421357448
2026-03-04 04:43:14,12.5,7.72626931567329,113.1550806965668
2026-03-04 04:43:29,12.5,7.72626931567329,113.16192717955911
2026-03-04 04:43:44,12.5,7.72626931567329,113.16877366255143
2026-03-04 04:43:59,12.5,7.72626931567329,113.17562014554375
2026-03-04 04:44:14,12.5,7.72626931567329,113.18246662853606
2026-03-04 04:44:29,12.5,7.72626931567329,113.18931311152838
2026-03-04 04:44:44,12.5,7.72626931567329,113.1961595945207
2026-03-04 04:44:59,12.5,7.72626931567329,113.20300607751301
2026-03-04 04:45:14,12.5,7.72626931567329,113.20985256050533
2026-03-04 04:45:29,12.5,7.72626931567329,113.21669904349764
2026-03-04 04:45:44,12.5,7.72626931567329,113.22354552648996
2026-03-04 04:45:59,12.5,7.72626931567329,113.23039200948227
2026-03-04 04:46:14,12.5,7.505518763796909,113.23723849247459
2026-03-04 04:46:29,12.5,7.28476821192053,113.2440849754669
2026-03-04 04:46:44,12.5,7.06401766004415,113.25093145845922
2026-03-04 04:46:59,12.5,6.843267108167771,113.25777794145154
2026-03-04 04:47:14,12.5,6.622516556291391,113.26462442444387
2026-03-04 04:47:29,12.5,6.401766004415011,113.27147090743618
2026-03-04 04:47:44,12.5,6.181015452538632,113.2783173904285
2026-03-04 04:47:59,12.5,5.960264900662252,113.28516387342081
2026-03-04 04:48:14,12.5,5.739514348785872,113.29201035641313
2026-03-04 04:48:29,12.5,5.739514348785872,113.29885683940545
2026-03-04 04:48:44,12.5,5.739514348785872,113.30570332239776
2026-03-04 04:48:59,12.5,5.739514348785872,113.31254980539008
2026-03-04 04:49:14,12.5,5.739514348785872,113.31939628838239
2026-03-04 04:49:29,12.5,5.739514348785872,113.32624277137471
2026-03-04 04:49:44,12.5,5.739514348785872,113.33308925436702
2026-03-04 04:49:59,12.5,5.739514348785872,113.33993573735934
2026-03-04 04:50:14,12.5,5.739514348785872,113.34678222035166
2026-03-04 04:50:29,12.5,5.739514348785872,113.35362870334397
2026-03-04 04:50:44,12.5,5.739514348785872,113.36047518633629
2026-03-04 04:50:59,12.5,5.739514348785872,113.3673216693286
2026-03-04 04:51:14,12.5,5.739514348785872,113.37416815232092
2026-03-04 04:51:29,12.5,5.739514348785872,113.38101463531324
2026-03-04 04:51:44,12.5,5.739514348785872,113.38786111830555
2026-03-04 04:51:59,12.5,5.739514348785872,113.39470760129787
2026-03-04 04:52:14,12.5,5.739514348785872,113.40155408429018
2026-03-04 04:52:29,12.5,5.739514348785872,113.4084005672825
2026-03-04 04:52:44,12.5,5.518763796909492,113.41524705027481
2026-03-04 04:52:59,12.5,5.298013245033113,113.42209353326713
2026-03-04 04:53:14,12.5,5.077262693156733,113.42894001625945
2026-03-04 04:53:29,12.5,4.856512141280353,113.43578649925176
2026-03-04 04:53:44,12.5,4.635761589403973,113.44263298224408
2026-03-04 04:53:59,12.5,4.415011037527594,113.4494794652364
2026-03-04 04:54:14,12.5,4.194260485651214,113.45632594822871
2026-03-04 04:54:29,12.5,3.9735099337748347,113.46317243122104
2026-03-04 04:54:44,12.5,3.7527593818984544,113.47001891421336
2026-03-04 04:54:59,12.5,3.532008830022075,113.47686539720567
2026-03-04 04:55:14,12.5,3.3112582781456954,113.48371188019799
2026-03-04 04:55:29,12.5,3.090507726269316,113.4905583631903
2026-03-04 04:55:44,12.5,2.869757174392936,113.49740484618262
2026-03-04 04:55:59,12.5,2.6490066225165565,113.50425132917493
2026-03-04 04:56:14,12.5,2.4282560706401766,113.51109781216725
2026-03-04 04:56:29,12.5,2.207505518763797,113.51794429515957
2026-03-04 04:56:44,12.5,1.9867549668874174,113.52479077815188
2026-03-04 04:56:59,12.5,1.7660044150110374,113.5316372611442
2026-03-04 04:57:14,12.5,1.545253863134658,113.53848374413651
2026-03-04 04:57:29,12.5,1.3245033112582782,113.54533022712883
2026-03-04 04:57:44,12.5,1.1037527593818985,113.55217671012115
2026-03-04 04:57:59,12.5,0.8830022075055187,113.55902319311346
2026-03-04 04:58:14,12.5,0.6622516556291391,113.56586967610578
2026-03-04 04:58:29,12.5,0.44150110375275936,113.57271615909809
2026-03-04 04:58:44,12.5,0.22075055187637968,113.57956264209041
2026-03-04 04:58:59,12.5,0.0,113.58640912508272
2026-03-04 04:59:14,12.5,0.0,113.59325560807504
2026-03-04 04:59:29,12.5,0.0,113.60010209106736
2026-03-04 04:59:44,12.5,0.0,113.60694857405967
2026-03-04 04:59:59,12.5,0.0,113.61379505705199
2026-03-04 05:00:14,12.5,0.0,113.6206415400443
2026-03-04 05:00:29,12.5,0.0,113.62748802303662
2026-03-04 05:00:44,12.5,0.0,113.63433450602894
2026-03-04 05:00:59,12.5,0.0,113.64118098902125
2026-03-04 05:01:14,12.5,0.0,113.64802747201357
2026-03-04 05:01:29,12.5,0.0,113.6548739550059
2026-03-04 05:01:44,12.5,0.0,113.66172043799821
2026-03-04 05:01:59,12.5,0.0,113.66856692099053
2026-03-04 05:02:14,12.5,0.0,113.67541340398284
2026-03-04 05:02:29,12.5,0.0,113.68225988697516
2026-03-04 05:02:44,12.5,0.0,113.68910636996748
2026-03-04 05:02:59,12.5,0.0,113.69595285295979
2026-03-04 05:03:14,12.5,0.0,113.70279933595211
2026-03-04 05:03:29,12.5,0.0,113.70964581894442
2026-03-04 05:03:44,12.5,0.0,113.71649230193674
2026-03-04 05:03:59,12.5,0.0,113.72333878492906
2026-03-04 05:04:14,12.5,0.0,113.73018526792137
2026-03-04 05:04:29,12.5,0.0,113.73703175091369
2026-03-04 05:04:44,12.5,0.0,113.743878233906
2026-03-04 05:04:59,12.5,0.0,113.75072471689832
2026-03-04 05:05:14,12.5,0.0,113.75757119989063
2026-03-04 05:05:29,12.5,0.0,113.76441768288295
2026-03-04 05:05:44,12.5,0.0,113.77126416587527
2026-03-04 05:05:59,12.5,0.0,113.77811064886758
2026-03-04 05:06:14,12.5,0.0,113.7849571318599
2026-03-04 05:06:29,12.5,0.0,113.79180361485221
2026-03-04 05:06:44,12.5,0.0,113.79865009784453
2026-03-04 05:06:59,12.5,0.0,113.80549658083685
2026-03-04 05:07:14,12.5,0.0,113.81234306382916
2026-03-04 05:07:29,12.5,0.0,113.81918954682148
2026-03-04 05:07:44,12.5,0.0,113.82603602981379
2026-03-04 05:07:59,12.5,0.0,113.83288251280611
2026-03-04 05:08:14,12.5,0.0,113.83972899579842
2026-03-04 05:08:29,12.5,0.0,113.84657547879075
2026-03-04 05:08:44,12.5,0.0,113.85342196178307
2026-03-04 05:08:59,12.5,0.0,113.86026844477539
2026-03-04 05:09:14,12.5,0.0,113.8671149277677
2026-03-04 05:09:29,12.5,0.0,113.87396141076002
2026-03-04 05:09:44,12.5,0.0,113.88080789375233
2026-03-04 05:09:59,12.5,0.0,113.88765437674465
2026-03-04 05:10:14,12.5,0.0,113.89450085973697
2026-03-04 05:10:29,12.5,0.0,113.90134734272928
2026-03-04 05:10:44,12.5,0.0,113.9081938257216
2026-03-04 05:10:59,12.5,0.0,113.91504030871391
2026-03-04 05:11:14,12.5,0.0,113.92188679170623
2026-03-04 05:11:29,12.5,0.0,113.92873327469854
2026-03-04 05:11:44,12.5,0.0,113.93557975769086
2026-03-04 05:11:59,12.5,0.0,113.94242624068318
2026-03-04 05:12:14,12.5,0.0,113.94927272367549
2026-03-04 05:12:29,12.5,0.0,113.95611920666781
2026-03-04 05:12:44,12.5,0.0,113.96296568966012
2026-03-04 05:12:59,12.5,0.0,113.96981217265244
2026-03-04 05:13:14,12.5,0.0,113.97665865564475
2026-03-04 05:13:29,12.5,0.0,113.98350513863707
2026-03-04 05:13:44,12.5,0.0,113.99035162162939
2026-03-04 05:13:59,12.5,0.0,113.9971981046217
2026-03-04 05:14:14,12.5,0.0,114.00404458761402
2026-03-04 05:14:29,12.5,0.0,114.01089107060633
2026-03-04 05:14:44,12.5,0.0,114.01773755359865
2026-03-04 05:14:59,12.5,0.0,114.02458403659097
2026-03-04 05:15:14,12.5,0.0,114.03143051958328
2026-03-04 05:15:29,12.5,0.0,114.0382770025756
2026-03-04 05:15:44,12.5,0.0,114.04512348556793
2026-03-04 05:15:59,12.5,0.2188183807439825,114.05196996856024
2026-03-04 05:16:14,12.5,0.2188183807439825,114.05881645155256
2026-03-04 05:16:29,12.5,0.2188183807439825,114.06566293454487
2026-03-04 05:16:44,12.5,0.2188183807439825,114.07250941753719
2026-03-04 05:16:59,12.5,0.2188183807439825,114.0793559005295
2026-03-04 05:17:14,12.5,0.2188183807439825,114.08620238352182
2026-03-04 05:17:29,12.5,0.2188183807439825,114.09304886651414
2026-03-04 05:17:44,12.5,0.2188183807439825,114.09989534950645
2026-03-04 05:17:59,12.5,0.2188183807439825,114.10674183249877
2026-03-04 05:18:14,12.5,0.2188183807439825,114.11358831549109
2026-03-04 05:18:29,12.5,0.2188183807439825,114.1204347984834
2026-03-04 05:18:44,12.5,0.2188183807439825,114.12728128147572
2026-03-04 05:18:59,12.5,0.2188183807439825,114.13412776446803
2026-03-04 05:19:14,12.5,0.2188183807439825,114.14097424746035
2026-03-04 05:19:29,12.5,0.2188183807439825,114.14782073045266
2026-03-04 05:19:44,12.5,0.2188183807439825,114.15466721344498
2026-03-04 05:19:59,12.5,0.2188183807439825,114.1615136964373
2026-03-04 05:20:14,12.5,0.2188183807439825,114.16836017942961
2026-03-04 05:20:29,12.5,0.2188183807439825,114.17520666242193
2026-03-04 05:20:44,12.5,0.2188183807439825,114.18205314541424
2026-03-04 05:20:59,12.5,0.2188183807439825,114.18889962840656
2026-03-04 05:21:14,12.5,0.2188183807439825,114.19574611139888
2026-03-04 05:21:29,12.5,0.2188183807439825,114.20259259439119
2026-03-04 05:21:44,12.5,0.2188183807439825,114.20943907738351
2026-03-04 05:21:59,12.5,0.2188183807439825,114.21628556037582
2026-03-04 05:22:14,12.5,0.2188183807439825,114.22313204336814
2026-03-04 05:22:29,12.5,0.2188183807439825,114.22997852636047
2026-03-04 05:22:44,12.5,0.2188183807439825,114.23682500935278
2026-03-04 05:22:59,12.5,0.2188183807439825,114.2436714923451
2026-03-04 05:23:14,12.5,0.2188183807439825,114.25051797533742
2026-03-04 05:23:29,12.5,0.2188183807439825,114.25736445832973
2026-03-04 05:23:44,12.5,0.2188183807439825,114.26421094132205
2026-03-04 05:23:59,12.5,0.2188183807439825,114.27105742431436
2026-03-04 05:24:14,12.5,0.2188183807439825,114.27790390730668
2026-03-04 05:24:29,12.5,0.2188183807439825,114.284750390299
2026-03-04 05:24:44,12.5,0.2188183807439825,114.29159687329131
2026-03-04 05:24:59,12.5,0.2188183807439825,114.29844335628363
2026-03-04 05:25:14,12.5,0.2188183807439825,114.30528983927594
2026-03-04 05:25:29,12.5,0.2188183807439825,114.31213632226826
2026-03-04 05:25:44,12.5,0.2188183807439825,114.31898280526057
2026-03-04 05:25:59,12.5,0.2188183807439825,114.32582928825289
2026-03-04 05:26:14,12.5,0.2188183807439825,114.3326757712452
2026-03-04 05:26:29,12.5,0.2188183807439825,114.33952225423752
2026-03-04 05:26:44,12.5,0.2188183807439825,114.34636873722984
2026-03-04 05:26:59,12.5,0.2188183807439825,114.35321522022215
2026-03-04 05:27:14,12.5,0.2188183807439825,114.36006170321447
2026-03-04 05:27:29,12.5,0.2188183807439825,114.36690818620679
2026-03-04 05:27:44,12.5,0.2188183807439825,114.3737546691991
2026-03-04 05:27:59,12.5,0.2188183807439825,114.38060115219142
2026-03-04 05:28:14,12.5,0.2188183807439825,114.38744763518373
2026-03-04 05:28:29,12.5,0.2188183807439825,114.39429411817605
2026-03-04 05:28:44,12.5,0.2188183807439825,114.40114060116836
2026-03-04 05:28:59,12.5,0.2188183807439825,114.40798708416068
2026-03-04 05:29:14,12.5,0.2188183807439825,114.414833567153
2026-03-04 05:29:29,12.5,0.2188183807439825,114.42168005014531
2026-03-04 05:29:44,12.5,0.2188183807439825,114.42852653313764
2026-03-04 05:29:59,12.5,0.2188183807439825,114.43537301612996
2026-03-04 05:30:14,12.5,0.2188183807439825,114.44221949912227
2026-03-04 05:30:29,12.5,0.2188183807439825,114.44906598211459
2026-03-04 05:30:44,12.5,0.2188183807439825,114.4559124651069
2026-03-04 05:30:59,12.5,0.2188183807439825,114.46275894809922
2026-03-04 05:31:14,12.5,0.2188183807439825,114.46960543109154
2026-03-04 05:31:29,12.5,0.2188183807439825,114.47645191408385
2026-03-04 05:31:44,12.5,0.2188183807439825,114.48329839707617
2026-03-04 05:31:59,12.5,0.2188183807439825,114.49014488006848
2026-03-04 05:32:14,12.5,0.2188183807439825,114.4969913630608
2026-03-04 05:32:29,12.5,0.2188183807439825,114.50383784605312
2026-03-04 05:32:44,12.5,0.2188183807439825,114.51068432904543
2026-03-04 05:32:59,12.5,0.2188183807439825,114.51753081203775
2026-03-04 05:33:14,12.5,0.2188183807439825,114.52437729503006
2026-03-04 05:33:29,12.5,0.2188183807439825,114.53122377802238
2026-03-04 05:33:44,12.5,0.2188183807439825,114.5380702610147
2026-03-04 05:33:59,12.5,0.2188183807439825,114.54491674400701
2026-03-04 05:34:14,12.5,0.2188183807439825,114.55176322699933
2026-03-04 05:34:29,12.5,0.2188183807439825,114.55860970999164
2026-03-04 05:34:44,12.5,0.2188183807439825,114.56545619298396
2026-03-04 05:34:59,12.5,0.2188183807439825,114.57230267597627
2026-03-04 05:35:14,12.5,0.2188183807439825,114.57914915896859
2026-03-04 05:35:29,12.5,0.2188183807439825,114.5859956419609
2026-03-04 05:35:44,12.5,0.2188183807439825,114.59284212495322
2026-03-04 05:35:59,12.5,0.2188183807439825,114.59968860794554
2026-03-04 05:36:14,12.5,0.2188183807439825,114.60653509093785
2026-03-04 05:36:29,12.5,0.2188183807439825,114.61338157393018
2026-03-04 05:36:44,12.5,0.2188183807439825,114.6202280569225
2026-03-04 05:36:59,12.5,0.2188183807439825,114.62707453991482
2026-03-04 05:37:14,12.5,0.2188183807439825,114.63392102290713
2026-03-04 05:37:29,12.5,0.2188183807439825,114.64076750589945
2026-03-04 05:37:44,12.5,0.2188183807439825,114.64761398889176
2026-03-04 05:37:59,12.5,0.2188183807439825,114.65446047188408
2026-03-04 05:38:14,12.5,0.2188183807439825,114.6613069548764
2026-03-04 05:38:29,12.5,0.2188183807439825,114.66815343786871
2026-03-04 05:38:44,12.5,0.2188183807439825,114.67499992086103
2026-03-04 05:38:59,12.5,0.2188183807439825,114.68184640385334
2026-03-04 05:39:14,12.5,0.2188183807439825,114.68869288684566
2026-03-04 05:39:29,12.5,0.2188183807439825,114.69553936983797
2026-03-04 05:39:44,12.5,0.2188183807439825,114.70238585283029
2026-03-04 05:39:59,12.5,0.2188183807439825,114.7092323358226
2026-03-04 05:40:14,12.5,0.2188183807439825,114.71607881881492
2026-03-04 05:40:29,12.5,0.2188183807439825,114.72292530180724
2026-03-04 05:40:44,12.5,0.2188183807439825,114.72977178479955
2026-03-04 05:40:59,12.5,0.2188183807439825,114.73661826779187
2026-03-04 05:41:14,12.5,0.2188183807439825,114.74346475078418
2026-03-04 05:41:29,12.5,0.2188183807439825,114.7503112337765
2026-03-04 05:41:44,12.5,0.2188183807439825,114.75715771676882
2026-03-04 05:41:59,12.5,0.2188183807439825,114.76400419976113
2026-03-04 05:42:14,12.5,0.2188183807439825,114.77085068275345
2026-03-04 05:42:29,12.5,0.2188183807439825,114.77769716574576
2026-03-04 05:42:44,12.5,0.2188183807439825,114.78454364873808
2026-03-04 05:42:59,12.5,0.2188183807439825,114.7913901317304
2026-03-04 05:43:14,12.5,0.2188183807439825,114.79823661472271
2026-03-04 05:43:29,12.5,0.2188183807439825,114.80508309771503
2026-03-04 05:43:44,12.5,0.2188183807439825,114.81192958070736
2026-03-04 05:43:59,12.5,0.2188183807439825,114.81877606369967
2026-03-04 05:44:14,12.5,0.2188183807439825,114.82562254669199
2026-03-04 05:44:29,12.5,0.2188183807439825,114.8324690296843
2026-03-04 05:44:44,12.5,0.2188183807439825,114.83931551267662
2026-03-04 05:44:59,12.5,0.2188183807439825,114.84616199566894
2026-03-04 05:45:14,12.5,0.2188183807439825,114.85300847866125
2026-03-04 05:45:29,12.5,0.2188183807439825,114.85985496165357
2026-03-04 05:45:44,12.5,0.2188183807439825,114.86670144464588
2026-03-04 05:45:59,12.5,0.2188183807439825,114.8735479276382
2026-03-04 05:46:14,12.5,0.2188183807439825,114.88039441063052
2026-03-04 05:46:29,12.5,0.2188183807439825,114.88724089362283
2026-03-04 05:46:44,12.5,0.2188183807439825,114.89408737661515
2026-03-04 05:46:59,12.5,0.2188183807439825,114.90093385960746
2026-03-04 05:47:14,12.5,0.2188183807439825,114.90778034259978
2026-03-04 05:47:29,12.5,0.2188183807439825,114.9146268255921
2026-03-04 05:47:44,12.5,0.2188183807439825,114.92147330858441
2026-03-04 05:47:59,12.5,0.2188183807439825,114.92831979157673
2026-03-04 05:48:14,12.5,0.2188183807439825,114.93516627456904
2026-03-04 05:48:29,12.5,0.2188183807439825,114.94201275756136
2026-03-04 05:48:44,12.5,0.2188183807439825,114.94885924055367
2026-03-04 05:48:59,12.5,0.2188183807439825,114.95570572354599
2026-03-04 05:49:14,12.5,0.2188183807439825,114.9625522065383
2026-03-04 05:49:29,12.5,0.2188183807439825,114.96939868953062
2026-03-04 05:49:44,12.5,0.2188183807439825,114.97624517252294
2026-03-04 05:49:59,12.5,0.2188183807439825,114.98309165551525
2026-03-04 05:50:14,12.5,0.2188183807439825,114.98993813850757
2026-03-04 05:50:29,12.5,0.2188183807439825,114.99678462149988
2026-03-04 05:50:44,12.5,0.21691973969631237,115.0036311044922
2026-03-04 05:50:59,12.5,0.21691973969631237,115.01047758748453
2026-03-04 05:51:14,12.5,0.21691973969631237,115.01732407047685
2026-03-04 05:51:29,12.5,0.21691973969631237,115.02417055346916
2026-03-04 05:51:44,12.5,0.21691973969631237,115.03101703646148
2026-03-04 05:51:59,12.5,0.21691973969631237,115.0378635194538
2026-03-04 05:52:14,12.5,0.21691973969631237,115.04471000244611
2026-03-04 05:52:29,12.5,0.21691973969631237,115.05155648543843
2026-03-04 05:52:44,12.5,0.21691973969631237,115.05840296843074
2026-03-04 05:52:59,12.5,0.21691973969631237,115.06524945142306
2026-03-04 05:53:14,12.5,0.21691973969631237,115.07209593441537
2026-03-04 05:53:29,12.5,0.21691973969631237,115.07894241740769
2026-03-04 05:53:44,12.5,0.21691973969631237,115.0857889004
2026-03-04 05:53:59,12.5,0.21691973969631237,115.09263538339232
2026-03-04 05:54:14,12.5,0.21691973969631237,115.09948186638464
2026-03-04 05:54:29,12.5,0.21691973969631237,115.10632834937695
2026-03-04 05:54:44,12.5,0.21691973969631237,115.11317483236927
2026-03-04 05:54:59,12.5,0.21691973969631237,115.12002131536158
2026-03-04 05:55:14,12.5,0.21691973969631237,115.1268677983539
2026-03-04 05:55:29,12.5,0.21691973969631237,115.13371428134622
2026-03-04 05:55:44,12.5,0.21691973969631237,115.14056076433853
2026-03-04 05:55:59,12.5,0.21691973969631237,115.14740724733085
2026-03-04 05:56:14,12.5,0.21691973969631237,115.15425373032316
2026-03-04 05:56:29,12.5,0.21691973969631237,115.16110021331548
2026-03-04 05:56:44,12.5,0.21691973969631237,115.1679466963078
2026-03-04 05:56:59,12.5,0.21691973969631237,115.17479317930011
2026-03-04 05:57:14,12.5,0.21691973969631237,115.18163966229243
2026-03-04 05:57:29,12.5,0.21691973969631237,115.18848614528474
2026-03-04 05:57:44,12.5,0.21691973969631237,115.19533262827707
2026-03-04 05:57:59,12.5,0.21691973969631237,115.20217911126939
2026-03-04 05:58:14,12.5,0.21691973969631237,115.2090255942617
2026-03-04 05:58:29,12.5,0.21691973969631237,115.21587207725402
2026-03-04 05:58:44,12.5,0.21691973969631237,115.22271856024634
2026-03-04 05:58:59,12.5,0.21691973969631237,115.22956504323865
2026-03-04 05:59:14,12.5,0.21691973969631237,115.23641152623097
2026-03-04 05:59:29,12.5,0.21691973969631237,115.24325800922328
2026-03-04 05:59:44,12.5,0.21691973969631237,115.2501044922156
2026-03-04 05:59:59,12.5,0.21691973969631237,115.25695097520791
2026-03-04 06:00:14,12.5,0.21691973969631237,115.03481893004114
2026-03-04 06:00:29,12.5,0.2188183807439825,114.79633127572015
2026-03-04 06:00:44,12.5,0.2188183807439825,114.55784362139917
2026-03-04 06:00:59,12.5,0.2188183807439825,114.31935596707818
2026-03-04 06:01:14,12.5,0.2188183807439825,114.08086831275719
2026-03-04 06:01:29,12.5,0.22075055187637968,113.84238065843621
2026-03-04 06:01:44,12.5,0.22075055187637968,113.60389300411522
2026-03-04 06:01:59,12.5,0.22075055187637968,113.36540534979423
2026-03-04 06:02:14,12.5,0.22075055187637968,113.12691769547324
2026-03-04 06:02:29,12.5,0.22271714922048996,112.88843004115226
2026-03-04 06:02:44,12.5,0.22271714922048996,112.64994238683127
2026-03-04 06:02:59,12.5,0.22271714922048996,112.41145473251028
2026-03-04 06:03:14,12.5,0.22271714922048996,112.17296707818929
2026-03-04 06:03:29,12.5,0.22471910112359553,111.93447942386831
2026-03-04 06:03:44,12.5,0.22471910112359553,111.69599176954732
2026-03-04 06:03:59,12.5,0.22471910112359553,111.45750411522633
2026-03-04 06:04:14,12.5,0.22471910112359553,111.21901646090534
2026-03-04 06:04:29,12.5,0.22675736961451248,110.98052880658436
2026-03-04 06:04:44,12.5,0.22675736961451248,110.74204115226337
2026-03-04 06:04:59,12.5,0.22675736961451248,110.50355349794238
2026-03-04 06:05:14,12.5,0.22675736961451248,110.26506584362139
2026-03-04 06:05:29,12.5,0.22675736961451248,110.02657818930041
2026-03-04 06:05:44,12.5,0.2288329519450801,109.78809053497942
2026-03-04 06:05:59,12.5,0.2288329519450801,109.54960288065843
2026-03-04 06:06:14,12.5,0.2288329519450801,109.31111522633744
2026-03-04 06:06:29,12.5,0.2288329519450801,109.07262757201646
2026-03-04 06:06:44,12.5,0.23094688221709006,108.83413991769547
2026-03-04 06:06:59,12.5,0.23094688221709006,108.59565226337448
2026-03-04 06:07:14,12.5,0.23094688221709006,108.35716460905348
2026-03-04 06:07:29,12.5,0.23094688221709006,108.1186769547325
2026-03-04 06:07:44,12.5,0.2331002331002331,107.88018930041152
2026-03-04 06:07:59,12.5,0.2331002331002331,107.64170164609052
2026-03-04 06:08:14,12.5,0.2331002331002331,107.40321399176953
2026-03-04 06:08:29,12.5,0.2331002331002331,107.16472633744856
2026-03-04 06:08:44,12.5,0.2352941176470588,106.92623868312756
2026-03-04 06:08:59,12.5,0.2352941176470588,106.68775102880657
2026-03-04 06:09:14,12.5,0.2352941176470588,106.44926337448558
2026-03-04 06:09:29,12.5,0.2352941176470588,106.2107757201646
2026-03-04 06:09:44,12.5,0.23752969121140144,105.97228806584361
2026-03-04 06:09:59,12.5,0.23752969121140144,105.73380041152262
2026-03-04 06:10:14,12.5,0.23752969121140144,105.49531275720165
2026-03-04 06:10:29,12.5,0.23752969121140144,105.25682510288065
2026-03-04 06:10:44,12.5,0.23752969121140144,105.01833744855966
2026-03-04 06:10:59,12.5,0.2398081534772182,104.77984979423867
2026-03-04 06:11:14,12.5,0.2398081534772182,104.54136213991768
2026-03-04 06:11:29,12.5,0.2398081534772182,104.3028744855967
2026-03-04 06:11:44,12.5,0.2398081534772182,104.06438683127571
2026-03-04 06:11:59,12.5,0.24213075060532688,103.82589917695472
2026-03-04 06:12:14,12.5,0.24213075060532688,103.58741152263374
2026-03-04 06:12:29,12.5,0.24213075060532688,103.34892386831275
2026-03-04 06:12:44,12.5,0.24213075060532688,103.11043621399176
2026-03-04 06:12:59,12.5,0.24449877750611246,102.87194855967077
2026-03-04 06:13:14,12.5,0.24449877750611246,102.63346090534978
2026-03-04 06:13:29,12.5,0.24449877750611246,102.3949732510288
2026-03-04 06:13:44,12.5,0.24449877750611246,102.15648559670781
2026-03-04 06:13:59,12.5,0.24691358024691357,101.91799794238682
2026-03-04 06:14:14,12.5,0.24691358024691357,101.67951028806584
2026-03-04 06:14:29,12.5,0.24691358024691357,101.44102263374485
2026-03-04 06:14:44,12.5,0.24691358024691357,101.20253497942386
2026-03-04 06:14:59,12.5,0.24937655860349126,100.96404732510287
2026-03-04 06:15:14,12.5,0.24937655860349126,100.72555967078189
2026-03-04 06:15:29,12.5,0.24937655860349126,100.4870720164609
2026-03-04 06:15:44,12.5,0.24937655860349126,100.24858436213991
2026-03-04 06:15:59,12.5,0.24937655860349126,100.01009670781892
2026-03-04 06:16:14,12.5,0.2518891687657431,99.77160905349794
2026-03-04 06:16:29,12.5,0.2518891687657431,99.53312139917695
2026-03-04 06:16:44,12.5,0.2518891687657431,99.29463374485596
2026-03-04 06:16:59,12.5,0.2518891687657431,99.05614609053497
2026-03-04 06:17:14,12.5,0.2544529262086514,98.81765843621399
2026-03-04 06:17:29,12.5,0.2544529262086514,98.579170781893
2026-03-04 06:17:44,12.5,0.2544529262086514,98.340683127572
2026-03-04 06:17:59,12.5,0.2544529262086514,98.10219547325102
2026-03-04 06:18:14,12.5,0.2570694087403599,97.86370781893004
2026-03-04 06:18:29,12.5,0.2570694087403599,97.62522016460905
2026-03-04 06:18:44,12.5,0.2570694087403599,97.38673251028806
2026-03-04 06:18:59,12.5,0.2570694087403599,97.14824485596708
2026-03-04 06:19:14,12.5,0.2597402597402597,96.90975720164609
2026-03-04 06:19:29,12.5,0.2597402597402597,96.6712695473251
2026-03-04 06:19:44,12.5,0.2597402597402597,96.4327818930041
2026-03-04 06:19:59,12.5,0.2597402597402597,96.19429423868311
2026-03-04 06:20:14,12.5,0.26246719160104987,95.95580658436214
2026-03-04 06:20:29,12.5,0.26246719160104987,95.71731893004115
2026-03-04 06:20:44,12.5,0.26246719160104987,95.47883127572015
2026-03-04 06:20:59,12.5,0.26246719160104987,95.24034362139918
2026-03-04 06:21:14,12.5,0.26246719160104987,95.00185596707819
2026-03-04 06:21:29,12.5,0.2652519893899204,94.7633683127572
2026-03-04 06:21:44,12.5,0.2652519893899204,94.5248806584362
2026-03-04 06:21:59,12.5,0.2652519893899204,94.28639300411521
2026-03-04 06:22:14,12.5,0.2652519893899204,94.04790534979423
2026-03-04 06:22:29,12.5,0.2680965147453083,93.80941769547324
2026-03-04 06:22:44,12.5,0.2680965147453083,93.57093004115225
2026-03-04 06:22:59,12.5,0.2680965147453083,93.33244238683127
2026-03-04 06:23:14,12.5,0.2680965147453083,93.09395473251028
2026-03-04 06:23:29,12.5,0.27100271002710025,92.85546707818929
2026-03-04 06:23:44,12.5,0.27100271002710025,92.6169794238683
2026-03-04 06:23:59,12.5,0.27100271002710025,92.37849176954731
2026-03-04 06:24:14,12.5,0.27100271002710025,92.14000411522633
2026-03-04 06:24:29,12.5,0.273972602739726,91.90151646090534
2026-03-04 06:24:44,12.5,0.273972602739726,91.66302880658435
2026-03-04 06:24:59,12.5,0.273972602739726,91.42454115226337
2026-03-04 06:25:14,12.5,0.273972602739726,91.18605349794238
2026-03-04 06:25:29,12.5,0.2770083102493075,90.94756584362139
2026-03-04 06:25:44,12.5,0.2770083102493075,90.7090781893004
2026-03-04 06:25:59,12.5,0.2770083102493075,90.47059053497941
2026-03-04 06:26:14,12.5,0.2770083102493075,90.23210288065843
2026-03-04 06:26:29,12.5,0.2801120448179272,89.99361522633744
2026-03-04 06:26:44,12.5,0.2801120448179272,89.75512757201645
2026-03-04 06:26:59,12.5,0.2801120448179272,89.51663991769547
2026-03-04 06:27:14,12.5,0.2801120448179272,89.27815226337448
2026-03-04 06:27:29,12.5,0.2801120448179272,89.03966460905349
2026-03-04 06:27:44,12.5,0.28328611898017,88.8011769547325
2026-03-04 06:27:59,12.5,0.28328611898017,88.56268930041152
2026-03-04 06:28:14,12.5,0.28328611898017,88.32420164609053
2026-03-04 06:28:29,12.5,0.28328611898017,88.08571399176954
2026-03-04 06:28:44,12.5,0.28653295128939826,87.84722633744855
2026-03-04 06:28:59,12.5,0.28653295128939826,87.60873868312757
2026-03-04 06:29:14,12.5,0.28653295128939826,87.37025102880658
2026-03-04 06:29:29,12.5,0.28653295128939826,87.13176337448559
2026-03-04 06:29:44,12.5,0.2898550724637681,86.89327572016461
2026-03-04 06:29:59,12.5,0.2898550724637681,86.65478806584362
2026-03-04 06:30:14,12.5,0.2898550724637681,86.41630041152263
2026-03-04 06:30:29,12.5,0.2898550724637681,86.17781275720164
2026-03-04 06:30:44,12.5,0.2932551319648094,85.93932510288064
2026-03-04 06:30:59,12.5,0.2932551319648094,85.70083744855967
2026-03-04 06:31:14,12.5,0.2932551319648094,85.46234979423868
2026-03-04 06:31:29,12.5,0.2932551319648094,85.22386213991768
2026-03-04 06:31:44,12.5,0.2967359050445104,84.98537448559671
2026-03-04 06:31:59,12.5,0.2967359050445104,84.74688683127572
2026-03-04 06:32:14,12.5,0.2967359050445104,84.50839917695473
2026-03-04 06:32:29,12.5,0.2967359050445104,84.26991152263373
2026-03-04 06:32:44,12.5,0.2967359050445104,84.03142386831274
2026-03-04 06:32:59,12.5,0.3003003003003003,83.79293621399177
2026-03-04 06:33:14,12.5,0.3003003003003003,83.55444855967077
2026-03-04 06:33:29,12.5,0.3003003003003003,83.31596090534978
2026-03-04 06:33:44,12.5,0.3003003003003003,83.0774732510288
2026-03-04 06:33:59,12.5,0.303951367781155,82.83898559670781
2026-03-04 06:34:14,12.5,0.303951367781155,82.60049794238682
2026-03-04 06:34:29,12.5,0.303951367781155,82.36201028806585
2026-03-04 06:34:44,12.5,0.303951367781155,82.12352263374484
2026-03-04 06:34:59,12.5,0.3076923076923077,81.88503497942386
2026-03-04 06:35:14,12.5,0.3076923076923077,81.64654732510287
2026-03-04 06:35:29,12.5,0.3076923076923077,81.40805967078188
2026-03-04 06:35:44,12.5,0.3076923076923077,81.1695720164609
2026-03-04 06:35:59,12.5,0.3115264797507788,80.93108436213991
2026-03-04 06:36:14,12.5,0.3115264797507788,80.69259670781892
2026-03-04 06:36:29,12.5,0.3115264797507788,80.45410905349794
2026-03-04 06:36:44,12.5,0.3115264797507788,80.21562139917694
2026-03-04 06:36:59,12.5,0.31545741324921134,79.97713374485596
2026-03-04 06:37:14,12.5,0.31545741324921134,79.73864609053497
2026-03-04 06:37:29,12.5,0.31545741324921134,79.50015843621398
2026-03-04 06:37:44,12.5,0.31545741324921134,79.261670781893
2026-03-04 06:37:59,12.5,0.31545741324921134,79.02318312757201
2026-03-04 06:38:14,12.5,0.3194888178913738,78.78469547325102
2026-03-04 06:38:29,12.5,0.3194888178913738,78.54620781893004
2026-03-04 06:38:44,12.5,0.3194888178913738,78.30772016460904
2026-03-04 06:38:59,12.5,0.3194888178913738,78.06923251028806
2026-03-04 06:39:14,12.5,0.3236245954692557,77.83074485596707
2026-03-04 06:39:29,12.5,0.3236245954692557,77.59225720164608
2026-03-04 06:39:44,12.5,0.3236245954692557,77.3537695473251
2026-03-04 06:39:59,12.5,0.3236245954692557,77.11528189300411
2026-03-04 06:40:14,12.5,0.32786885245901637,76.87679423868312
2026-03-04 06:40:29,12.5,0.32786885245901637,76.63830658436214
2026-03-04 06:40:44,12.5,0.32786885245901637,76.39981893004114
2026-03-04 06:40:59,12.5,0.32786885245901637,76.16133127572016
2026-03-04 06:41:14,12.5,0.33222591362126247,75.92284362139917
2026-03-04 06:41:29,12.5,0.33222591362126247,75.68435596707818
2026-03-04 06:41:44,12.5,0.33222591362126247,75.4458683127572
2026-03-04 06:41:59,12.5,0.33222591362126247,75.20738065843621
2026-03-04 06:42:14,12.5,0.33670033670033667,74.96889300411522
2026-03-04 06:42:29,12.5,0.33670033670033667,74.73040534979424
2026-03-04 06:42:44,12.5,0.33670033670033667,74.49191769547323
2026-03-04 06:42:59,12.5,0.33670033670033667,74.25343004115226
2026-03-04 06:43:14,12.5,0.33670033670033667,74.01494238683127
2026-03-04 06:43:29,12.5,0.3412969283276451,73.77645473251027
2026-03-04 06:43:44,12.5,0.3412969283276451,73.5379670781893
2026-03-04 06:43:59,12.5,0.3412969283276451,73.2994794238683
2026-03-04 06:44:14,12.5,0.3412969283276451,73.06099176954731
2026-03-04 06:44:29,12.5,0.34602076124567477,72.82250411522634
2026-03-04 06:44:44,12.5,0.34602076124567477,72.58401646090535
2026-03-04 06:44:59,12.5,0.34602076124567477,72.34552880658435
2026-03-04 06:45:14,12.5,0.34602076124567477,72.10704115226338
2026-03-04 06:45:29,12.5,0.3508771929824561,71.86855349794237
2026-03-04 06:45:44,12.5,0.3508771929824561,71.6300658436214
2026-03-04 06:45:59,12.5,0.3508771929824561,71.3915781893004
2026-03-04 06:46:14,12.5,0.3508771929824561,71.15309053497941
2026-03-04 06:46:29,12.5,0.3558718861209964,70.91460288065844
2026-03-04 06:46:44,12.5,0.3558718861209964,70.67611522633744
2026-03-04 06:46:59,12.5,0.3558718861209964,70.43762757201645
2026-03-04 06:47:14,12.5,0.3558718861209964,70.19913991769548
2026-03-04 06:47:29,12.5,0.36101083032490977,69.96065226337447
2026-03-04 06:47:44,12.5,0.0,69.7221646090535
2026-03-04 06:47:59,12.5,0.0,69.4836769547325
2026-03-04 06:48:14,12.5,0.0,69.24518930041151
2026-03-04 06:48:29,12.5,0.0,69.00670164609053
2026-03-04 06:48:44,12.5,0.0,68.76821399176954
2026-03-04 06:48:59,12.5,0.0,68.52972633744855
2026-03-04 06:49:14,12.5,0.0,68.29123868312757
2026-03-04 06:49:29,12.5,0.0,68.05275102880657
2026-03-04 06:49:44,12.5,0.0,67.81426337448559
2026-03-04 06:49:59,12.5,0.0,67.5757757201646
2026-03-04 06:50:14,12.5,0.0,67.33728806584361
2026-03-04 06:50:29,12.5,0.0,67.09880041152263
2026-03-04 06:50:44,12.5,0.0,66.86031275720164
2026-03-04 06:50:59,12.5,0.0,66.62182510288065
2026-03-04 06:51:14,12.5,0.0,66.38333744855967
2026-03-04 06:51:29,12.5,0.0,66.14484979423867
2026-03-04 06:51:44,12.5,0.0,65.90636213991769
2026-03-04 06:51:59,12.5,0.0,65.6678744855967
2026-03-04 06:52:14,12.5,0.0,65.4293868312757
2026-03-04 06:52:29,12.5,0.0,65.19089917695473
2026-03-04 06:52:44,12.5,0.0,64.95241152263374
2026-03-04 06:52:59,12.5,0.0,64.71392386831275
2026-03-04 06:53:14,12.5,0.0,64.47543621399177
2026-03-04 06:53:29,12.5,0.0,64.23694855967076
2026-03-04 06:53:44,12.5,0.0,63.99846090534979
2026-03-04 06:53:59,12.5,0.0,63.759973251028796
2026-03-04 06:54:14,12.5,0.0,63.52148559670781
2026-03-04 06:54:29,12.5,0.0,63.28299794238682
2026-03-04 06:54:44,12.5,0.0,63.04451028806584
2026-03-04 06:54:59,12.5,0.0,62.806022633744846
2026-03-04 06:55:14,12.5,0.0,62.56753497942386
2026-03-04 06:55:29,12.5,0.0,62.32904732510288
2026-03-04 06:55:44,12.5,0.0,62.090559670781886
2026-03-04 06:55:59,12.5,0.0,61.8520720164609
2026-03-04 06:56:14,12.5,0.0,61.61358436213991
2026-03-04 06:56:29,12.5,0.0,61.375096707818926
2026-03-04 06:56:44,12.5,0.0,61.136609053497935
2026-03-04 06:56:59,12.5,0.0,60.89812139917695
2026-03-04 06:57:14,12.5,0.0,60.65963374485596
2026-03-04 06:57:29,12.5,0.0,60.421146090534975
2026-03-04 06:57:44,12.5,0.0,60.182658436213984
2026-03-04 06:57:59,12.5,0.0,59.944170781893
2026-03-04 06:58:14,12.5,0.0,59.70568312757201
2026-03-04 06:58:29,12.5,0.0,59.467195473251024
2026-03-04 06:58:44,12.5,0.0,59.22870781893003
2026-03-04 06:58:59,12.5,0.0,58.99022016460905
2026-03-04 06:59:14,12.5,0.0,58.75173251028806
2026-03-04 06:59:29,12.5,0.0,58.51324485596707
2026-03-04 06:59:44,12.5,0.0,58.27475720164608
2026-03-04 06:59:59,12.5,0.0,58.0362695473251
2026-03-04 07:00:14,12.5,0.0,57.79778189300411
2026-03-04 07:00:29,12.5,0.0,57.55929423868312
2026-03-04 07:00:44,12.5,0.0,57.32080658436213
2026-03-04 07:00:59,12.5,0.0,57.08231893004115
2026-03-04 07:01:14,12.5,0.0,56.843831275720156
2026-03-04 07:01:29,12.5,0.0,56.60534362139917
2026-03-04 07:01:44,12.5,0.0,56.36685596707818
2026-03-04 07:01:59,12.5,0.0,56.128368312757196
2026-03-04 07:02:14,12.5,0.0,55.889880658436205
2026-03-04 07:02:29,12.5,0.0,55.65139300411522
2026-03-04 07:02:44,12.5,0.0,55.41290534979423
2026-03-04 07:02:59,12.5,0.0,55.174417695473245
2026-03-04 07:03:14,12.5,0.0,54.935930041152254
2026-03-04 07:03:29,12.5,0.0,54.69744238683127
2026-03-04 07:03:44,12.5,0.0,54.45895473251028
2026-03-04 07:03:59,12.5,0.0,54.220467078189294
2026-03-04 07:04:14,12.5,0.0,53.9819794238683
2026-03-04 07:04:29,12.5,0.0,53.74349176954732
2026-03-04 07:04:44,12.5,0.0,53.50500411522633
2026-03-04 07:04:59,12.5,0.0,53.26651646090534
2026-03-04 07:05:14,12.5,0.0,53.02802880658435
2026-03-04 07:05:29,12.5,0.0,52.78954115226337
2026-03-04 07:05:44,12.5,0.0,52.55105349794238
2026-03-04 07:05:59,12.5,0.0,52.31256584362139
2026-03-04 07:06:14,12.5,0.0,52.07407818930041
2026-03-04 07:06:29,12.5,0.0,51.83559053497942
2026-03-04 07:06:44,12.5,0.0,51.59710288065843
2026-03-04 07:06:59,12.5,0.0,51.35861522633744
2026-03-04 07:07:14,12.5,0.0,51.12012757201646
2026-03-04 07:07:29,12.5,0.0,50.881639917695466
2026-03-04 07:07:44,12.5,0.0,50.643152263374475
2026-03-04 07:07:59,12.5,0.0,50.4046646090535
2026-03-04 07:08:14,12.5,0.0,50.16617695473251
2026-03-04 07:08:29,12.5,0.0,49.927689300411515
2026-03-04 07:08:44,12.5,0.0,49.689201646090524
2026-03-04 07:08:59,12.5,0.0,49.45071399176955
2026-03-04 07:09:14,12.5,0.0,49.212226337448556
2026-03-04 07:09:29,12.5,0.0,48.973738683127564
2026-03-04 07:09:44,12.5,0.0,48.73525102880657
2026-03-04 07:09:59,12.5,0.0,48.496763374485596
2026-03-04 07:10:14,12.5,0.0,48.258275720164605
2026-03-04 07:10:29,12.5,0.0,48.01978806584361
2026-03-04 07:10:44,12.5,0.0,47.78130041152262
2026-03-04 07:10:59,12.5,0.0,47.542812757201645
2026-03-04 07:11:14,12.5,0.0,47.304325102880654
2026-03-04 07:11:29,12.5,0.0,47.06583744855966
2026-03-04 07:11:44,12.5,0.0,46.82734979423867
2026-03-04 07:11:59,12.5,0.0,46.588862139917694
2026-03-04 07:12:14,12.5,0.0,46.3503744855967
2026-03-04 07:12:29,12.5,0.0,46.11188683127571
2026-03-04 07:12:44,12.5,0.0,45.87339917695472
2026-03-04 07:12:59,12.5,0.0,45.63491152263374
2026-03-04 07:13:14,12.5,0.0,45.39642386831275
2026-03-04 07:13:29,12.5,0.0,45.15793621399176
2026-03-04 07:13:44,12.5,0.0,44.91944855967077
2026-03-04 07:13:59,12.5,0.0,44.68096090534979
2026-03-04 07:14:14,12.5,0.0,44.4424732510288
2026-03-04 07:14:29,12.5,0.0,44.20398559670781
2026-03-04 07:14:44,12.5,0.0,43.96549794238682
2026-03-04 07:14:59,12.5,0.0,43.72701028806584
2026-03-04 07:15:14,12.5,0.0,43.48852263374485
2026-03-04 07:15:29,12.5,0.0,43.25003497942386
2026-03-04 07:15:44,12.5,0.0,43.01154732510287
2026-03-04 07:15:59,12.5,0.0,42.77305967078189
2026-03-04 07:16:14,12.5,0.0,42.5345720164609
2026-03-04 07:16:29,12.5,0.0,42.29608436213991
2026-03-04 07:16:44,12.5,0.0,42.05759670781892
2026-03-04 07:16:59,12.5,0.0,41.81910905349794
2026-03-04 07:17:14,12.5,0.0,41.58062139917695
2026-03-04 07:17:29,12.5,0.0,41.34213374485596
2026-03-04 07:17:44,12.5,0.0,41.10364609053498
2026-03-04 07:17:59,12.5,0.0,40.86515843621399
2026-03-04 07:18:14,12.5,0.0,40.626670781893
2026-03-04 07:18:29,12.5,0.0,40.388183127572006
2026-03-04 07:18:44,12.5,0.0,40.14969547325103
2026-03-04 07:18:59,12.5,0.0,39.91120781893004
2026-03-04 07:19:14,12.5,0.0,39.672720164609046
2026-03-04 07:19:29,0.0,0.0,39.434232510288055
2026-03-04 07:19:44,0.0,0.0,39.19574485596708
2026-03-04 07:19:59,12.5,0.0,38.95725720164609
2026-03-04 07:20:14,0.0,0.0,38.718769547325095
2026-03-04 07:20:29,0.0,0.0,38.480281893004104
2026-03-04 07:20:44,12.5,0.0,38.24179423868313
2026-03-04 07:20:59,0.0,0.0,38.003306584362136
2026-03-04 07:21:14,0.0,0.0,37.764818930041145
2026-03-04 07:21:29,0.0,0.0,37.52633127572015
2026-03-04 07:21:44,0.0,0.0,37.287843621399176
2026-03-04 07:21:59,0.0,0.0,37.049355967078185
2026-03-04 07:22:14,0.0,0.0,36.810868312757194
2026-03-04 07:22:29,0.0,0.0,36.5723806584362
2026-03-04 07:22:44,0.0,0.0,36.333893004115225
2026-03-04 07:22:59,0.0,0.0,36.095405349794234
2026-03-04 07:23:14,0.0,0.0,35.85691769547324
2026-03-04 07:23:29,0.0,0.0,35.61843004115225
2026-03-04 07:23:44,0.0,0.0,35.379942386831274
2026-03-04 07:23:59,0.0,0.0,35.14145473251028
2026-03-04 07:24:14,0.0,0.0,34.90296707818929
2026-03-04 07:24:29,0.0,0.0,34.6644794238683
2026-03-04 07:24:44,0.0,0.0,34.42599176954732
2026-03-04 07:24:59,0.0,0.0,34.18750411522633
2026-03-04 07:25:14,0.0,0.0,33.94901646090534
2026-03-04 07:25:29,0.0,0.0,33.71052880658435
2026-03-04 07:25:44,0.0,0.0,33.47204115226337
2026-03-04 07:25:59,0.0,0.0,33.23355349794238
2026-03-04 07:26:14,0.0,0.0,32.99506584362139
2026-03-04 07:26:29,0.0,0.0,32.7565781893004
2026-03-04 07:26:44,0.0,0.0,32.51809053497942
2026-03-04 07:26:59,0.0,0.0,32.27960288065843
2026-03-04 07:27:14,0.0,0.0,32.04111522633744
2026-03-04 07:27:29,0.0,0.0,31.802627572016448
2026-03-04 07:27:44,0.0,0.0,31.56413991769547
2026-03-04 07:27:59,0.0,0.0,31.32565226337448
2026-03-04 07:28:14,0.0,0.0,31.087164609053488
2026-03-04 07:28:29,0.0,0.0,30.84867695473251
2026-03-04 07:28:44,0.0,0.0,30.61018930041152
2026-03-04 07:28:59,0.0,0.0,30.37170164609053
2026-03-04 07:29:14,0.0,0.0,30.133213991769537
2026-03-04 07:29:29,0.0,0.0,29.89472633744856
2026-03-04 07:29:44,0.0,0.0,29.65623868312757
2026-03-04 07:29:59,0.0,0.0,29.417751028806578
2026-03-04 07:30:14,0.0,0.0,29.179263374485586
2026-03-04 07:30:29,0.0,0.0,28.94077572016461
2026-03-04 07:30:44,0.0,0.0,28.702288065843618
2026-03-04 07:30:59,0.0,0.0,28.463800411522627
2026-03-04 07:31:14,0.0,0.0,28.225312757201635
2026-03-04 07:31:29,0.0,0.0,27.98682510288066
2026-03-04 07:31:44,0.0,0.0,27.748337448559667
2026-03-04 07:31:59,0.0,0.0,27.509849794238676
2026-03-04 07:32:14,0.0,0.0,27.271362139917684
2026-03-04 07:32:29,0.0,0.0,27.032874485596707
2026-03-04 07:32:44,0.0,0.0,26.794386831275716
2026-03-04 07:32:59,0.0,0.0,26.555899176954725
2026-03-04 07:33:14,0.0,0.0,26.317411522633734
2026-03-04 07:33:29,0.0,0.0,26.078923868312756
2026-03-04 07:33:44,0.0,0.0,25.840436213991765
2026-03-04 07:33:59,0.0,0.0,25.601948559670774
2026-03-04 07:34:14,0.0,0.0,25.363460905349783
2026-03-04 07:34:29,0.0,0.0,25.124973251028806
2026-03-04 07:34:44,0.0,0.0,24.886485596707814
2026-03-04 07:34:59,0.0,0.0,24.647997942386823
2026-03-04 07:35:14,0.0,0.0,24.40951028806583
2026-03-04 07:35:29,0.0,0.0,24.171022633744855
2026-03-04 07:35:44,0.0,0.0,23.932534979423863
2026-03-04 07:35:59,0.0,0.0,23.694047325102872
2026-03-04 07:36:14,0.0,0.0,23.45555967078188
2026-03-04 07:36:29,0.0,0.0,23.217072016460904
2026-03-04 07:36:44,0.0,0.0,22.978584362139912
2026-03-04 07:36:59,0.0,0.0,22.74009670781892
2026-03-04 07:37:14,0.0,0.0,22.50160905349793
2026-03-04 07:37:29,0.0,0.0,22.263121399176953
2026-03-04 07:37:44,0.0,0.0,22.02463374485596
2026-03-04 07:37:59,0.0,0.0,21.78614609053497
2026-03-04 07:38:14,0.0,0.0,21.54765843621398
2026-03-04 07:38:29,0.0,0.0,21.309170781893002
2026-03-04 07:38:44,0.0,0.0,21.07068312757201
2026-03-04 07:38:59,0.0,0.0,20.83219547325102
2026-03-04 07:39:14,0.0,0.0,20.593707818930042
2026-03-04 07:39:29,0.0,0.0,20.35522016460905
2026-03-04 07:39:44,0.0,0.0,20.11673251028806
2026-03-04 07:39:59,0.0,0.0,19.87824485596707
2026-03-04 07:40:14,0.0,0.0,19.63975720164609
2026-03-04 07:40:29,0.0,0.0,19.4012695473251
2026-03-04 07:40:44,0.0,0.0,19.16278189300411
2026-03-04 07:40:59,0.0,0.0,18.924294238683117
2026-03-04 07:41:14,0.0,0.0,18.68580658436214
2026-03-04 07:41:29,0.0,0.0,18.44731893004115
2026-03-04 07:41:44,0.0,0.0,18.208831275720158
2026-03-04 07:41:59,0.0,0.0,17.970343621399167
2026-03-04 07:42:14,0.0,0.0,17.73185596707819
2026-03-04 07:42:29,0.0,0.0,17.493368312757198
2026-03-04 07:42:44,0.0,0.0,17.254880658436207
2026-03-04 07:42:59,0.0,0.0,17.016393004115216
2026-03-04 07:43:14,0.0,0.0,16.77790534979424
2026-03-04 07:43:29,0.0,0.0,16.539417695473247
2026-03-04 07:43:44,0.0,0.0,16.300930041152256
2026-03-04 07:43:59,0.0,0.0,16.062442386831265
2026-03-04 07:44:14,0.0,0.0,15.823954732510288
2026-03-04 07:44:29,0.0,0.0,15.585467078189296
2026-03-04 07:44:44,0.0,0.0,15.346979423868305
2026-03-04 07:44:59,0.0,0.0,15.108491769547314
2026-03-04 07:45:14,0.0,0.0,14.870004115226337
2026-03-04 07:45:29,0.0,0.0,14.631516460905345
2026-03-04 07:45:44,0.0,0.0,14.393028806584354
2026-03-04 07:45:59,0.0,0.0,14.154541152263363
2026-03-04 07:46:14,0.0,0.0,13.916053497942386
2026-03-04 07:46:29,0.0,0.0,13.677565843621394
2026-03-04 07:46:44,0.0,0.0,13.439078189300403
2026-03-04 07:46:59,0.0,0.0,13.200590534979412
2026-03-04 07:47:14,0.0,0.0,12.962102880658435
2026-03-04 07:47:29,0.0,0.0,12.723615226337444
2026-03-04 07:47:44,0.0,0.0,12.485127572016452
2026-03-04 07:47:59,0.0,0.0,12.246639917695461
2026-03-04 07:48:14,0.0,0.0,12.008152263374484
2026-03-04 07:48:29,0.0,0.0,11.769664609053493
2026-03-04 07:48:44,0.0,0.0,11.531176954732501
2026-03-04 07:48:59,0.0,0.0,11.29268930041151
2026-03-04 07:49:14,0.0,0.0,11.054201646090533
2026-03-04 07:49:29,0.0,0.0,10.815713991769542
2026-03-04 07:49:44,0.0,0.0,10.57722633744855
2026-03-04 07:49:59,0.0,0.0,10.338738683127573
2026-03-04 07:50:14,0.0,0.0,10.100251028806582
2026-03-04 07:50:29,0.0,0.0,9.86176337448559
2026-03-04 07:50:44,0.0,0.0,9.6232757201646
2026-03-04 07:50:59,0.0,0.0,9.384788065843622
2026-03-04 07:51:14,0.0,0.0,9.146300411522631
2026-03-04 07:51:29,0.0,0.0,8.90781275720164
2026-03-04 07:51:44,0.0,0.0,8.669325102880649
2026-03-04 07:51:59,0.0,0.0,8.430837448559672
2026-03-04 07:52:14,0.0,0.0,8.19234979423868
2026-03-04 07:52:29,0.0,0.0,7.953862139917689
2026-03-04 07:52:44,0.0,0.0,7.715374485596698
2026-03-04 07:52:59,0.0,0.0,7.476886831275721
2026-03-04 07:53:14,0.0,0.0,7.238399176954729
2026-03-04 07:53:29,0.0,0.0,6.999911522633738
2026-03-04 07:53:44,0.0,0.0,6.761423868312747
2026-03-04 07:53:59,0.0,0.0,6.52293621399177
2026-03-04 07:54:14,0.0,0.0,6.284448559670778
2026-03-04 07:54:29,0.0,0.0,6.045960905349787
2026-03-04 07:54:44,0.0,0.0,5.807473251028796
2026-03-04 07:54:59,0.0,0.0,5.568985596707819
2026-03-04 07:55:14,0.0,0.0,5.3304979423868275
2026-03-04 07:55:29,0.0,0.0,5.092010288065836
2026-03-04 07:55:44,0.0,0.0,4.853522633744845
2026-03-04 07:55:59,0.0,0.0,4.615034979423868
2026-03-04 07:56:14,0.0,0.0,4.376547325102877
2026-03-04 07:56:29,0.0,0.0,4.138059670781885
2026-03-04 07:56:44,0.0,0.0,3.899572016460894
2026-03-04 07:56:59,0.0,0.0,3.661084362139917
2026-03-04 07:57:14,0.0,0.0,3.4225967078189257
2026-03-04 07:57:29,0.0,0.0,3.1841090534979344
2026-03-04 07:57:44,0.0,0.0,2.945621399176943
2026-03-04 07:57:59,0.0,0.0,2.707133744855966
2026-03-04 07:58:14,0.0,0.0,2.4686460905349747
2026-03-04 07:58:29,0.0,0.0,2.2301584362139835
2026-03-04 07:58:44,0.0,0.0,1.9916707818929922
2026-03-04 07:58:59,0.0,0.0,1.753183127572015
2026-03-04 07:59:14,0.0,0.0,1.5146954732510238
2026-03-04 07:59:29,0.0,0.0,1.2762078189300325
2026-03-04 07:59:44,0.0,0.0,1.0377201646090413
2026-03-04 07:59:59,0.0,0.0,5.0
2026-03-04 08:00:14,0.0,0.0,5.0
2026-03-04 08:00:29,0.0,0.0,5.0
2026-03-04 08:00:44,0.0,0.0,5.0
2026-03-04 08:00:59,0.0,0.0,5.0
2026-03-04 08:01:14,0.0,0.0,5.0
2026-03-04 08:01:29,0.0,0.0,5.0
2026-03-04 08:01:44,0.0,0.0,5.0
2026-03-04 08:01:59,0.0,0.0,5.0
2026-03-04 08:02:14,0.0,0.0,5.0
2026-03-04 08:02:29,0.0,0.0,5.0
2026-03-04 08:02:44,0.0,0.0,5.0
2026-03-04 08:02:59,0.0,0.0,5.0
2026-03-04 08:03:14,0.0,0.0,5.0
2026-03-04 08:03:29,0.0,0.0,5.0
2026-03-04 08:03:44,0.0,0.0,5.0
2026-03-04 08:03:59,0.0,0.0,5.0
2026-03-04 08:04:14,0.0,0.0,5.0
2026-03-04 08:04:29,0.0,0.0,5.0
2026-03-04 08:04:44,0.0,0.0,5.0
2026-03-04 08:04:59,0.0,0.0,5.0
2026-03-04 08:05:14,0.0,0.0,5.0
2026-03-04 08:05:29,0.0,0.0,5.0
2026-03-04 08:05:44,0.0,0.0,5.0
2026-03-04 08:05:59,0.0,0.0,5.0
2026-03-04 08:06:14,0.0,0.0,1.0023657407407407
2026-03-04 08:06:29,0.0,0.0,1.0111504629629628
2026-03-04 08:06:44,0.0,0.0,1.0199351851851852
2026-03-04 08:06:59,0.0,0.0,1.0287199074074074
2026-03-04 08:07:14,0.0,0.0,1.0375046296296295
2026-03-04 08:07:29,0.0,0.0,1.046289351851852
2026-03-04 08:07:44,0.0,0.0,1.055074074074074
2026-03-04 08:07:59,0.0,0.0,1.0638587962962962
2026-03-04 08:08:14,0.0,0.0,1.0726435185185186
2026-03-04 08:08:29,0.0,0.0,1.0814282407407407
2026-03-04 08:08:44,0.0,0.0,1.0902129629629629
2026-03-04 08:08:59,0.0,0.0,1.0989976851851853
2026-03-04 08:09:14,0.0,0.0,1.1077824074074074
2026-03-04 08:09:29,0.0,0.0,1.1165671296296296
2026-03-04 08:09:44,0.0,0.0,1.125351851851852
2026-03-04 08:09:59,0.0,0.0,1.134136574074074
2026-03-04 08:10:14,0.0,0.0,1.1429212962962962
2026-03-04 08:10:29,0.0,0.0,1.1517060185185186
2026-03-04 08:10:44,0.0,0.0,1.1604907407407408
2026-03-04 08:10:59,0.0,0.0,1.169275462962963
2026-03-04 08:11:14,0.0,0.0,1.1780601851851853
2026-03-04 08:11:29,0.0,0.0,1.1868449074074074
2026-03-04 08:11:44,0.0,0.0,1.1956296296296296
2026-03-04 08:11:59,0.0,0.0,1.204414351851852
2026-03-04 08:12:14,0.0,0.0,1.2131990740740741
2026-03-04 08:12:29,0.0,0.0,1.2219837962962963
2026-03-04 08:12:44,0.0,0.0,1.2307685185185187
2026-03-04 08:12:59,0.0,0.0,1.2395532407407408
2026-03-04 08:13:14,0.0,0.0,1.248337962962963
2026-03-04 08:13:29,0.0,0.0,1.2571226851851853
2026-03-04 08:13:44,0.0,0.0,1.2659074074074075
2026-03-04 08:13:59,0.0,0.0,1.2746921296296296
2026-03-04 08:14:14,0.0,0.0,1.283476851851852
2026-03-04 08:14:29,0.0,0.0,1.292261574074074
2026-03-04 08:14:44,0.0,0.0,1.3010462962962963
2026-03-04 08:14:59,0.0,0.0,1.3098310185185187
2026-03-04 08:15:14,0.0,0.0,1.3186157407407406
2026-03-04 08:15:29,0.0,0.0,1.327400462962963
2026-03-04 08:15:44,0.0,0.0,1.3361851851851851
2026-03-04 08:15:59,0.0,0.0,1.3449699074074073
2026-03-04 08:16:14,0.0,0.0,1.3537546296296297
2026-03-04 08:16:29,0.0,0.0,1.3625393518518518
2026-03-04 08:16:44,0.0,0.0,1.371324074074074
2026-03-04 08:16:59,0.0,0.0,1.3801087962962963
2026-03-04 08:17:14,0.0,0.0,1.3888935185185185
2026-03-04 08:17:29,0.0,0.0,1.3976782407407407
2026-03-04 08:17:44,0.0,0.0,1.406462962962963
2026-03-04 08:17:59,0.0,0.0,1.4152476851851852
2026-03-04 08:18:14,0.0,0.0,1.4240324074074073
2026-03-04 08:18:29,0.0,0.0,1.4328171296296297
2026-03-04 08:18:44,0.0,0.0,1.4416018518518519
2026-03-04 08:18:59,0.0,0.0,1.450386574074074
2026-03-04 08:19:14,0.0,0.0,1.4591712962962964
2026-03-04 08:19:29,0.0,0.0,1.4679560185185185
2026-03-04 08:19:44,0.0,0.0,1.4767407407407407
2026-03-04 08:19:59,0.0,0.0,1.485525462962963
2026-03-04 08:20:14,0.0,0.0,1.4943101851851852
2026-03-04 08:20:29,0.0,0.0,1.5030949074074074
2026-03-04 08:20:44,0.0,0.0,1.5118796296296297
2026-03-04 08:20:59,0.0,0.0,1.520664351851852
2026-03-04 08:21:14,0.0,0.0,1.529449074074074
2026-03-04 08:21:29,0.0,0.0,1.5382337962962964
2026-03-04 08:21:44,0.0,0.0,1.5470185185185186
2026-03-04 08:21:59,0.0,0.0,1.5558032407407407
2026-03-04 08:22:14,0.0,0.0,1.564587962962963
2026-03-04 08:22:29,0.0,0.0,1.5733726851851852
2026-03-04 08:22:44,0.0,0.0,1.5821574074074074
2026-03-04 08:22:59,0.0,0.0,1.5909421296296298
2026-03-04 08:23:14,0.0,0.0,1.5997268518518517
2026-03-04 08:23:29,0.0,0.0,1.608511574074074
2026-03-04 08:23:44,0.0,0.0,1.6172962962962965
2026-03-04 08:23:59,0.0,0.0,1.6260810185185184
2026-03-04 08:24:14,0.0,0.0,1.6348657407407408
2026-03-04 08:24:29,0.0,0.0,1.6436504629629631
2026-03-04 08:24:44,0.0,0.0,1.652435185185185
2026-03-04 08:24:59,0.0,0.0,1.6612199074074074
2026-03-04 08:25:14,0.0,0.0,1.6700046296296298
2026-03-04 08:25:29,0.0,0.0,1.6787893518518517
2026-03-04 08:25:44,0.0,0.0,1.6875740740740741
2026-03-04 08:25:59,0.0,0.0,1.6963587962962963
2026-03-04 08:26:14,0.0,0.0,1.7051435185185184
2026-03-04 08:26:29,0.0,0.0,1.7139282407407408
2026-03-04 08:26:44,0.0,0.0,1.722712962962963
2026-03-04 08:26:59,0.0,0.0,1.731497685185185
2026-03-04 08:27:14,0.0,0.0,1.7402824074074075
2026-03-04 08:27:29,0.0,0.0,1.7490671296296296
2026-03-04 08:27:44,0.0,0.0,1.7578518518518518
2026-03-04 08:27:59,0.0,0.0,1.7666365740740742
2026-03-04 08:28:14,0.0,0.0,1.7754212962962963
2026-03-04 08:28:29,0.0,0.0,1.7842060185185185
2026-03-04 08:28:44,0.0,0.0,1.7929907407407408
2026-03-04 08:28:59,0.0,0.0,1.8017754629629632
2026-03-04 08:29:14,0.0,0.0,1.8105601851851851
2026-03-04 08:29:29,0.0,0.0,1.8193449074074075
2026-03-04 08:29:44,0.0,0.0,1.8281296296296294
2026-03-04 08:29:59,0.0,0.0,1.8369143518518518
2026-03-04 08:30:14,0.0,0.0,1.8456990740740742
2026-03-04 08:30:29,0.0,0.0,1.8544837962962961
2026-03-04 08:30:44,0.0,0.0,1.8632685185185185
2026-03-04 08:30:59,0.0,0.0,1.8720532407407409
2026-03-04 08:31:14,0.0,0.0,1.8808379629629628
2026-03-04 08:31:29,0.0,0.0,1.8896226851851852
2026-03-04 08:31:44,0.0,0.0,1.8984074074074075
2026-03-04 08:31:59,0.0,0.0,1.9071921296296295
2026-03-04 08:32:14,0.0,0.0,1.9159768518518518
2026-03-04 08:32:29,0.0,0.0,1.9247615740740742
2026-03-04 08:32:44,0.0,0.0,1.9335462962962962
2026-03-04 08:32:59,0.0,0.0,1.9423310185185185
2026-03-04 08:33:14,0.0,0.0,1.951115740740741
2026-03-04 08:33:29,0.0,0.0,1.9599004629629628
2026-03-04 08:33:44,0.0,0.0,1.9686851851851852
2026-03-04 08:33:59,0.0,0.0,1.9774699074074076
2026-03-04 08:34:14,0.0,0.0,1.9862546296296295
2026-03-04 08:34:29,0.0,0.0,1.9950393518518519
2026-03-04 08:34:44,0.0,0.0,2.0038240740740743
2026-03-04 08:34:59,0.0,0.0,2.012608796296296
2026-03-04 08:35:14,0.0,0.0,2.0213935185185186
2026-03-04 08:35:29,0.0,0.0,2.030178240740741
2026-03-04 08:35:44,0.0,0.0,2.038962962962963
2026-03-04 08:35:59,0.0,0.0,2.0477476851851852
2026-03-04 08:36:14,0.0,0.0,2.0565324074074076
2026-03-04 08:36:29,0.0,0.0,2.0653171296296295
2026-03-04 08:36:44,0.0,0.0,2.074101851851852
2026-03-04 08:36:59,0.0,0.0,2.0828865740740743
2026-03-04 08:37:14,0.0,0.0,2.0916712962962962
2026-03-04 08:37:29,0.0,0.0,2.1004560185185186
2026-03-04 08:37:44,0.0,0.0,2.109240740740741
2026-03-04 08:37:59,0.0,0.0,2.118025462962963
2026-03-04 08:38:14,0.0,0.0,2.1268101851851853
2026-03-04 08:38:29,0.0,0.0,2.1355949074074076
2026-03-04 08:38:44,0.0,0.0,2.1443796296296296
2026-03-04 08:38:59,0.0,0.0,2.153164351851852
2026-03-04 08:39:14,0.0,0.0,2.1619490740740743
2026-03-04 08:39:29,0.0,0.0,2.1707337962962963
2026-03-04 08:39:44,0.0,0.0,2.1795185185185186
2026-03-04 08:39:59,0.0,0.0,2.1883032407407406
2026-03-04 08:40:14,0.0,0.0,2.197087962962963
2026-03-04 08:40:29,0.0,0.0,2.2058726851851853
2026-03-04 08:40:44,0.0,0.0,2.2146574074074072
2026-03-04 08:40:59,0.0,0.0,2.2234421296296296
2026-03-04 08:41:14,0.0,0.0,2.232226851851852
2026-03-04 08:41:29,0.0,0.0,2.241011574074074
2026-03-04 08:41:44,0.0,0.0,2.2497962962962963
2026-03-04 08:41:59,0.0,0.0,2.2585810185185187
2026-03-04 08:42:14,0.0,0.0,2.2673657407407406
2026-03-04 08:42:29,0.0,0.0,2.276150462962963
2026-03-04 08:42:44,0.0,0.0,2.2849351851851853
2026-03-04 08:42:59,0.0,0.0,2.2937199074074073
2026-03-04 08:43:14,0.0,0.0,2.3025046296296297
2026-03-04 08:43:29,0.0,0.0,2.311289351851852
2026-03-04 08:43:44,0.0,0.0,2.320074074074074
2026-03-04 08:43:59,0.0,0.0,2.3288587962962963
2026-03-04 08:44:14,0.0,0.0,2.3376435185185187
2026-03-04 08:44:29,0.0,0.0,2.3464282407407406
2026-03-04 08:44:44,0.0,0.0,2.355212962962963
2026-03-04 08:44:59,0.0,0.0,2.3639976851851854
2026-03-04 08:45:14,0.0,0.0,2.3727824074074073
2026-03-04 08:45:29,0.0,0.0,2.3815671296296297
2026-03-04 08:45:44,0.0,0.0,2.390351851851852
2026-03-04 08:45:59,0.0,0.0,2.399136574074074
2026-03-04 08:46:14,0.0,0.0,2.4079212962962964
2026-03-04 08:46:29,0.0,0.0,2.4167060185185187
2026-03-04 08:46:44,0.0,0.0,2.4254907407407407
2026-03-04 08:46:59,0.0,0.0,2.434275462962963
2026-03-04 08:47:14,0.0,0.0,2.4430601851851854
2026-03-04 08:47:29,0.0,0.0,2.4518449074074073
2026-03-04 08:47:44,0.0,0.0,2.4606296296296297
2026-03-04 08:47:59,0.0,0.0,2.469414351851852
2026-03-04 08:48:14,0.0,0.0,2.478199074074074
2026-03-04 08:48:29,0.0,0.0,2.4869837962962964
2026-03-04 08:48:44,0.0,0.0,2.4957685185185188
2026-03-04 08:48:59,0.0,0.0,2.5045532407407407
2026-03-04 08:49:14,0.0,0.0,2.513337962962963
2026-03-04 08:49:29,0.0,0.0,2.5221226851851855
2026-03-04 08:49:44,0.0,0.0,2.5309074074074074
2026-03-04 08:49:59,0.0,0.0,2.5396921296296298
2026-03-04 08:50:14,0.0,0.0,2.5484768518518517
2026-03-04 08:50:29,0.0,0.0,2.557261574074074
2026-03-04 08:50:44,0.0,0.0,2.5660462962962964
2026-03-04 08:50:59,0.0,0.0,2.5748310185185184
2026-03-04 08:51:14,0.0,0.0,2.5836157407407407
2026-03-04 08:51:29,0.0,0.0,2.592400462962963
2026-03-04 08:51:44,0.0,0.0,2.601185185185185
2026-03-04 08:51:59,0.0,0.0,2.6099699074074074
2026-03-04 08:52:14,0.0,0.0,2.61875462962963
2026-03-04 08:52:29,0.0,0.0,2.6275393518518517
2026-03-04 08:52:44,0.0,0.0,2.636324074074074
2026-03-04 08:52:59,0.0,0.0,2.6451087962962965
2026-03-04 08:53:14,0.0,0.0,2.6538935185185184
2026-03-04 08:53:29,0.0,0.0,2.6626782407407408
2026-03-04 08:53:44,0.0,0.0,2.671462962962963
2026-03-04 08:53:59,0.0,0.0,2.680247685185185
2026-03-04 08:54:14,0.0,0.0,2.6890324074074075
2026-03-04 08:54:29,0.0,0.0,2.69781712962963
2026-03-04 08:54:44,0.0,0.0,2.7066018518518518
2026-03-04 08:54:59,0.0,0.0,2.715386574074074
2026-03-04 08:55:14,0.0,0.0,2.7241712962962965
2026-03-04 08:55:29,0.0,0.0,2.7329560185185184
2026-03-04 08:55:44,0.0,0.0,2.741740740740741
2026-03-04 08:55:59,0.0,0.0,2.750525462962963
2026-03-04 08:56:14,0.0,0.0,2.759310185185185
2026-03-04 08:56:29,0.0,0.0,2.7680949074074075
2026-03-04 08:56:44,0.0,0.0,2.77687962962963
2026-03-04 08:56:59,0.0,0.0,2.785664351851852
2026-03-04 08:57:14,0.0,0.0,2.794449074074074
2026-03-04 08:57:29,0.0,0.0,2.803233796296296
2026-03-04 08:57:44,0.0,0.0,2.8120185185185185
2026-03-04 08:57:59,0.0,0.0,2.820803240740741
2026-03-04 08:58:14,0.0,0.0,2.8295879629629628
2026-03-04 08:58:29,0.0,0.0,2.838372685185185
2026-03-04 08:58:44,0.0,0.0,2.8471574074074075
2026-03-04 08:58:59,0.0,0.0,2.8559421296296295
2026-03-04 08:59:14,0.0,0.0,2.864726851851852
2026-03-04 08:59:29,0.0,0.0,2.873511574074074
2026-03-04 08:59:44,0.0,0.0,2.882296296296296
2026-03-04 08:59:59,0.0,0.0,2.8910810185185185
2026-03-04 09:00:14,0.0,0.0,2.899865740740741
2026-03-04 09:00:29,0.0,0.0,2.908650462962963
2026-03-04 09:00:44,0.0,0.0,2.917435185185185
2026-03-04 09:00:59,0.0,0.0,2.9262199074074076
2026-03-04 09:01:14,0.0,0.0,2.9350046296296295
2026-03-04 09:01:29,0.0,0.0,2.943789351851852
2026-03-04 09:01:44,0.0,0.0,2.9525740740740742
2026-03-04 09:01:59,0.0,0.0,2.961358796296296
2026-03-04 09:02:14,0.0,0.0,2.9701435185185185
2026-03-04 09:02:29,0.0,0.0,2.9789282407407405
2026-03-04 09:02:44,0.0,0.0,2.987712962962963
2026-03-04 09:02:59,0.0,0.0,2.9964976851851852
2026-03-04 09:03:14,0.0,0.0,3.005282407407407
2026-03-04 09:03:29,0.0,0.0,3.0140671296296295
2026-03-04 09:03:44,0.0,0.0,3.022851851851852
2026-03-04 09:03:59,0.0,0.0,3.031636574074074
2026-03-04 09:04:14,0.0,0.0,3.040421296296296
2026-03-04 09:04:29,0.0,0.0,3.0492060185185186
2026-03-04 09:04:44,0.0,0.0,3.0579907407407405
2026-03-04 09:04:59,0.0,0.0,3.066775462962963
2026-03-04 09:05:14,0.0,0.0,3.0755601851851853
2026-03-04 09:05:29,0.0,0.0,3.084344907407407
2026-03-04 09:05:44,0.0,0.0,3.0931296296296296
2026-03-04 09:05:59,0.0,0.0,3.101914351851852
2026-03-04 09:06:14,0.0,0.0,3.110699074074074
2026-03-04 09:06:29,0.0,0.0,3.1194837962962962
2026-03-04 09:06:44,0.0,0.0,3.1282685185185186
2026-03-04 09:06:59,0.0,0.0,3.1370532407407405
2026-03-04 09:07:14,0.0,0.0,3.145837962962963
2026-03-04 09:07:29,0.0,0.0,3.1546226851851853
2026-03-04 09:07:44,0.0,0.0,3.1634074074074072
2026-03-04 09:07:59,0.0,0.0,3.1721921296296296
2026-03-04 09:08:14,0.0,0.0,3.180976851851852
2026-03-04 09:08:29,0.0,0.0,3.189761574074074
2026-03-04 09:08:44,0.0,0.0,3.1985462962962963
2026-03-04 09:08:59,0.0,0.0,3.2073310185185187
2026-03-04 09:09:14,0.0,0.0,3.2161157407407406
2026-03-04 09:09:29,0.0,0.0,3.224900462962963
2026-03-04 09:09:44,0.0,0.0,3.2336851851851853
2026-03-04 09:09:59,0.0,0.0,3.2424699074074073
2026-03-04 09:10:14,0.0,0.0,3.2512546296296296
2026-03-04 09:10:29,0.0,0.0,3.260039351851852
2026-03-04 09:10:44,0.0,0.0,3.268824074074074
2026-03-04 09:10:59,0.0,0.0,3.2776087962962963
2026-03-04 09:11:14,0.0,0.0,3.2863935185185187
2026-03-04 09:11:29,0.0,0.0,3.2951782407407406
2026-03-04 09:11:44,0.0,0.0,3.303962962962963
2026-03-04 09:11:59,0.0,0.0,3.3127476851851854
2026-03-04 09:12:14,0.0,0.0,3.3215324074074073
2026-03-04 09:12:29,0.0,0.0,3.3303171296296297
2026-03-04 09:12:44,0.0,0.0,3.3391018518518516
2026-03-04 09:12:59,0.0,0.0,3.347886574074074
2026-03-04 09:13:14,0.0,0.0,3.3566712962962963
2026-03-04 09:13:29,0.0,0.0,3.3654560185185183
2026-03-04 09:13:44,0.0,0.0,3.3742407407407407
2026-03-04 09:13:59,0.0,0.0,3.383025462962963
2026-03-04 09:14:14,0.0,0.0,3.391810185185185
2026-03-04 09:14:29,0.0,0.0,3.4005949074074073
2026-03-04 09:14:44,0.0,0.0,3.4093796296296297
2026-03-04 09:14:59,0.0,0.0,3.4181643518518516
2026-03-04 09:15:14,0.0,0.0,3.426949074074074
2026-03-04 09:15:29,0.0,0.0,3.4357337962962964
2026-03-04 09:15:44,0.0,0.0,3.4445185185185183
2026-03-04 09:15:59,0.0,0.0,3.4533032407407407
2026-03-04 09:16:14,0.0,0.0,3.462087962962963
2026-03-04 09:16:29,0.0,0.0,3.470872685185185
2026-03-04 09:16:44,0.0,0.0,3.4796574074074074
2026-03-04 09:16:59,0.0,0.0,3.4884421296296297
2026-03-04 09:17:14,0.0,0.0,3.4972268518518517
2026-03-04 09:17:29,0.0,0.0,3.506011574074074
2026-03-04 09:17:44,0.0,0.0,3.5147962962962964
2026-03-04 09:17:59,0.0,0.0,3.5235810185185183
2026-03-04 09:18:14,0.0,0.0,3.5323657407407407
2026-03-04 09:18:29,0.0,0.0,3.541150462962963
2026-03-04 09:18:44,0.0,0.0,3.549935185185185
2026-03-04 09:18:59,0.0,0.0,3.5587199074074074
2026-03-04 09:19:14,0.0,0.0,3.5675046296296298
2026-03-04 09:19:29,0.0,0.0,3.5762893518518517
2026-03-04 09:19:44,0.0,0.0,3.585074074074074
2026-03-04 09:19:59,0.0,0.0,3.5938587962962965
2026-03-04 09:20:14,0.0,0.0,3.6026435185185184
2026-03-04 09:20:29,0.0,0.0,3.6114282407407408
2026-03-04 09:20:44,0.0,0.0,3.620212962962963
2026-03-04 09:20:59,0.0,0.0,3.628997685185185
2026-03-04 09:21:14,0.0,0.0,3.6377824074074074
2026-03-04 09:21:29,0.0,0.0,3.64656712962963
2026-03-04 09:21:44,0.0,0.0,3.6553518518518517
2026-03-04 09:21:59,0.0,0.0,3.664136574074074
2026-03-04 09:22:14,0.0,0.0,3.6729212962962965
2026-03-04 09:22:29,0.0,0.0,3.6817060185185184
2026-03-04 09:22:44,0.0,0.0,3.690490740740741
2026-03-04 09:22:59,0.0,0.0,3.6992754629629627
2026-03-04 09:23:14,0.0,0.0,3.708060185185185
2026-03-04 09:23:29,0.0,0.0,3.7168449074074075
2026-03-04 09:23:44,0.0,0.0,3.7256296296296294
2026-03-04 09:23:59,0.0,0.0,3.7344143518518518
2026-03-04 09:24:14,0.0,0.0,3.743199074074074
2026-03-04 09:24:29,0.0,0.0,3.751983796296296
2026-03-04 09:24:44,0.0,0.0,3.7607685185185185
2026-03-04 09:24:59,0.0,0.0,3.769553240740741
2026-03-04 09:25:14,0.0,0.0,3.7783379629629628
2026-03-04 09:25:29,0.0,0.0,3.787122685185185
2026-03-04 09:25:44,0.0,0.0,3.7959074074074075
2026-03-04 09:25:59,0.0,0.0,3.8046921296296294
2026-03-04 09:26:14,0.0,0.0,3.813476851851852
2026-03-04 09:26:29,0.0,0.0,3.822261574074074
2026-03-04 09:26:44,0.0,0.0,3.831046296296296
2026-03-04 09:26:59,0.0,0.0,3.8398310185185185
2026-03-04 09:27:14,0.0,0.0,3.848615740740741
2026-03-04 09:27:29,0.0,0.0,3.857400462962963
2026-03-04 09:27:44,0.0,0.0,3.866185185185185
2026-03-04 09:27:59,0.0,0.0,3.8749699074074075
2026-03-04 09:28:14,0.0,0.0,3.8837546296296295
2026-03-04 09:28:29,0.0,0.0,3.892539351851852
2026-03-04 09:28:44,0.0,0.0,3.901324074074074
2026-03-04 09:28:59,0.0,0.0,3.910108796296296
2026-03-04 09:29:14,0.0,0.0,3.9188935185185185
2026-03-04 09:29:29,0.0,0.0,3.927678240740741
2026-03-04 09:29:44,0.0,0.0,3.936462962962963
2026-03-04 09:29:59,0.0,0.0,3.945247685185185
2026-03-04 09:30:14,0.0,0.0,3.9540324074074076
2026-03-04 09:30:29,0.0,0.0,3.9628171296296295
2026-03-04 09:30:44,0.0,0.0,3.971601851851852
2026-03-04 09:30:59,0.0,0.0,3.9803865740740743
2026-03-04 09:31:14,0.0,0.0,3.989171296296296
2026-03-04 09:31:29,0.0,0.0,3.9979560185185186
2026-03-04 09:31:44,0.0,0.0,4.006740740740741
2026-03-04 09:31:59,0.0,0.0,4.015525462962963
2026-03-04 09:32:14,0.0,0.0,4.024310185185185
2026-03-04 09:32:29,0.0,0.0,4.033094907407408
2026-03-04 09:32:44,0.0,0.0,4.04187962962963
2026-03-04 09:32:59,0.0,0.0,4.050664351851852
2026-03-04 09:33:14,0.0,0.0,4.059449074074074
2026-03-04 09:33:29,0.0,0.0,4.068233796296297
2026-03-04 09:33:44,0.0,0.0,4.077018518518519
2026-03-04 09:33:59,0.0,0.0,4.0858032407407405
2026-03-04 09:34:14,0.0,0.0,4.094587962962963
2026-03-04 09:34:29,0.0,0.0,4.103372685185185
2026-03-04 09:34:44,0.0,0.0,4.112157407407407
2026-03-04 09:34:59,0.0,0.0,4.12094212962963
2026-03-04 09:35:14,0.0,0.0,4.129726851851852
2026-03-04 09:35:29,0.0,0.0,4.138511574074074
2026-03-04 09:35:44,0.0,0.0,4.147296296296297
2026-03-04 09:35:59,0.0,0.0,4.156081018518519
2026-03-04 09:36:14,0.0,0.0,4.164865740740741
2026-03-04 09:36:29,0.0,0.0,4.173650462962963
2026-03-04 09:36:44,0.0,0.0,4.182435185185185
2026-03-04 09:36:59,0.0,0.0,4.191219907407407
2026-03-04 09:37:14,0.0,0.0,4.20000462962963
2026-03-04 09:37:29,0.0,0.0,4.208789351851852
2026-03-04 09:37:44,0.0,0.0,4.217574074074074
2026-03-04 09:37:59,0.0,0.0,4.226358796296297
2026-03-04 09:38:14,0.0,0.0,4.235143518518519
2026-03-04 09:38:29,0.0,0.0,4.243928240740741
2026-03-04 09:38:44,0.0,0.0,4.252712962962963
2026-03-04 09:38:59,0.0,0.0,4.261497685185185
2026-03-04 09:39:14,0.0,0.0,4.270282407407407
2026-03-04 09:39:29,0.0,0.0,4.27906712962963
2026-03-04 09:39:44,0.0,0.0,4.287851851851852
2026-03-04 09:39:59,0.0,0.0,4.296636574074074
2026-03-04 09:40:14,0.0,0.0,4.305421296296297
2026-03-04 09:40:29,0.0,0.0,4.314206018518519
2026-03-04 09:40:44,0.0,0.0,4.322990740740741
2026-03-04 09:40:59,0.0,0.0,4.3317754629629635
2026-03-04 09:41:14,0.0,0.0,4.340560185185185
2026-03-04 09:41:29,0.0,0.0,4.349344907407407
2026-03-04 09:41:44,0.0,0.0,4.35812962962963
2026-03-04 09:41:59,0.0,0.0,4.366914351851852
2026-03-04 09:42:14,0.0,0.0,4.375699074074074
2026-03-04 09:42:29,0.0,0.0,4.384483796296297
2026-03-04 09:42:44,0.0,0.0,4.393268518518519
2026-03-04 09:42:59,0.0,0.0,4.402053240740741
2026-03-04 09:43:14,0.0,0.0,4.4108379629629635
2026-03-04 09:43:29,0.0,0.0,4.419622685185185
2026-03-04 09:43:44,0.0,0.0,4.428407407407407
2026-03-04 09:43:59,0.0,0.0,4.43719212962963
2026-03-04 09:44:14,0.0,0.0,4.445976851851852
2026-03-04 09:44:29,0.0,0.0,4.454761574074074
2026-03-04 09:44:44,0.0,0.0,4.463546296296297
2026-03-04 09:44:59,0.0,0.0,4.472331018518519
2026-03-04 09:45:14,0.0,0.0,4.481115740740741
2026-03-04 09:45:29,0.0,0.0,4.4899004629629635
2026-03-04 09:45:44,0.0,0.0,4.4986851851851855
2026-03-04 09:45:59,0.0,0.0,4.507469907407407
2026-03-04 09:46:14,0.0,0.0,4.51625462962963
2026-03-04 09:46:29,0.0,0.0,4.525039351851852
2026-03-04 09:46:44,0.0,0.0,4.533824074074074
2026-03-04 09:46:59,0.0,0.0,4.542608796296297
2026-03-04 09:47:14,0.0,0.0,4.551393518518519
2026-03-04 09:47:29,0.0,0.0,4.560178240740741
2026-03-04 09:47:44,0.0,0.0,4.568962962962964
2026-03-04 09:47:59,0.0,0.0,4.5777476851851855
2026-03-04 09:48:14,0.0,0.0,4.586532407407407
2026-03-04 09:48:29,0.0,0.0,4.59531712962963
2026-03-04 09:48:44,0.0,0.0,4.604101851851852
2026-03-04 09:48:59,0.0,0.0,4.612886574074074
2026-03-04 09:49:14,0.0,0.0,4.621671296296297
2026-03-04 09:49:29,0.0,0.0,4.630456018518519
2026-03-04 09:49:44,0.0,0.0,4.639240740740741
2026-03-04 09:49:59,0.0,0.0,4.648025462962964
2026-03-04 09:50:14,0.0,0.0,4.6568101851851855
2026-03-04 09:50:29,0.0,0.0,4.6655949074074075
2026-03-04 09:50:44,0.0,0.0,4.67437962962963
2026-03-04 09:50:59,0.0,0.0,4.683164351851852
2026-03-04 09:51:14,0.0,0.0,4.691949074074074
2026-03-04 09:51:29,0.0,0.0,4.700733796296297
2026-03-04 09:51:44,0.0,0.0,4.709518518518519
2026-03-04 09:51:59,0.0,0.0,4.718303240740741
2026-03-04 09:52:14,0.0,0.0,4.727087962962964
2026-03-04 09:52:29,0.0,0.0,4.735872685185186
2026-03-04 09:52:44,0.0,0.0,4.7446574074074075
2026-03-04 09:52:59,0.0,0.0,4.75344212962963
2026-03-04 09:53:14,0.0,0.0,4.762226851851852
2026-03-04 09:53:29,0.0,0.0,4.771011574074074
2026-03-04 09:53:44,0.0,0.0,4.779796296296296
2026-03-04 09:53:59,0.0,0.0,4.788581018518519
2026-03-04 09:54:14,0.0,0.0,4.797365740740741
2026-03-04 09:54:29,0.0,0.0,4.806150462962963
2026-03-04 09:54:44,0.0,0.0,4.814935185185186
2026-03-04 09:54:59,0.0,0.0,4.8237199074074075
2026-03-04 09:55:14,0.0,0.0,4.8325046296296295
2026-03-04 09:55:29,0.0,0.0,4.841289351851852
2026-03-04 09:55:44,0.0,0.0,4.850074074074074
2026-03-04 09:55:59,0.0,0.0,4.858858796296296
2026-03-04 09:56:14,0.0,0.0,4.867643518518519
2026-03-04 09:56:29,0.0,0.0,4.876428240740741
2026-03-04 09:56:44,0.0,0.0,4.885212962962963
2026-03-04 09:56:59,0.0,0.0,4.893997685185186
2026-03-04 09:57:14,0.0,0.0,4.902782407407408
2026-03-04 09:57:29,0.0,0.0,4.9115671296296295
2026-03-04 09:57:44,0.0,0.0,4.920351851851852
2026-03-04 09:57:59,0.0,0.0,4.929136574074074
2026-03-04 09:58:14,0.0,0.0,4.937921296296296
2026-03-04 09:58:29,0.0,0.0,4.946706018518518
2026-03-04 09:58:44,0.0,0.0,4.955490740740741
2026-03-04 09:58:59,0.0,0.0,4.964275462962963
2026-03-04 09:59:14,0.0,0.0,4.973060185185185
2026-03-04 09:59:29,0.0,0.0,4.981844907407408
2026-03-04 09:59:44,0.0,0.0,4.9906296296296295
2026-03-04 09:59:59,0.0,0.0,4.9994143518518515
2026-03-04 10:00:14,0.0,0.0,5.0
2026-03-04 10:00:29,0.0,0.0,5.0
2026-03-04 10:00:44,0.0,0.0,5.0
2026-03-04 10:00:59,0.0,0.0,5.0
2026-03-04 10:01:14,0.0,0.0,5.0
2026-03-04 10:01:29,0.0,0.0,5.0
2026-03-04 10:01:44,0.0,0.0,5.0
2026-03-04 10:01:59,0.0,0.0,5.0
2026-03-04 10:02:14,0.0,0.0,5.0
2026-03-04 10:02:29,0.0,0.0,5.0
2026-03-04 10:02:44,0.0,0.0,5.0
2026-03-04 10:02:59,0.0,0.0,5.0
2026-03-04 10:03:14,0.0,0.0,5.0
2026-03-04 10:03:29,0.0,0.0,5.0
2026-03-04 10:03:44,0.0,0.0,5.0
2026-03-04 10:03:59,0.0,0.0,5.0
2026-03-04 10:04:14,0.0,0.0,5.0
2026-03-04 10:04:29,0.0,0.0,5.0
2026-03-04 10:04:44,0.0,0.0,5.0
2026-03-04 10:04:59,0.0,0.0,5.0
2026-03-04 10:05:14,0.0,0.0,5.0
2026-03-04 10:05:29,0.0,0.0,5.0
2026-03-04 10:05:44,0.0,0.0,5.0
2026-03-04 10:05:59,0.0,0.0,5.0
2026-03-04 10:06:14,0.0,0.0,5.0
2026-03-04 10:06:29,0.0,0.0,5.0
2026-03-04 10:06:44,0.0,0.0,5.0
2026-03-04 10:06:59,0.0,0.0,5.0
2026-03-04 10:07:14,0.0,0.0,5.0
2026-03-04 10:07:29,0.0,0.0,5.0
2026-03-04 10:07:44,0.0,0.0,5.0
2026-03-04 10:07:59,0.0,0.0,5.0
2026-03-04 10:08:14,0.0,0.0,5.0
2026-03-04 10:08:29,0.0,0.0,5.0
2026-03-04 10:08:44,0.0,0.0,5.0
2026-03-04 10:08:59,0.0,0.0,5.0
2026-03-04 10:09:14,0.0,0.0,5.0
2026-03-04 10:09:29,0.0,0.0,5.0
2026-03-04 10:09:44,0.0,0.0,5.0
2026-03-04 10:09:59,0.0,0.0,5.0
2026-03-04 10:10:14,0.0,0.0,5.0
2026-03-04 10:10:29,0.0,0.0,5.0
2026-03-04 10:10:44,0.0,0.0,5.0
2026-03-04 10:10:59,0.0,0.0,5.0
2026-03-04 10:11:14,0.0,0.0,5.0
2026-03-04 10:11:29,0.0,0.0,5.0
2026-03-04 10:11:44,0.0,0.0,5.0
2026-03-04 10:11:59,0.0,0.0,5.0
2026-03-04 10:12:14,0.0,0.0,5.0
2026-03-04 10:12:29,0.0,0.0,5.0
2026-03-04 10:12:44,0.0,0.0,5.0
2026-03-04 10:12:59,0.0,0.0,5.0
2026-03-04 10:13:14,0.0,0.0,5.0
2026-03-04 10:13:29,0.0,0.0,5.0
2026-03-04 10:13:44,0.0,0.0,5.0
2026-03-04 10:13:59,0.0,0.0,5.0
2026-03-04 10:14:14,0.0,0.0,5.0
2026-03-04 10:14:29,0.0,0.0,5.0
2026-03-04 10:14:44,0.0,0.0,5.0
2026-03-04 10:14:59,0.0,0.0,5.0
2026-03-04 10:15:14,0.0,0.0,5.0
2026-03-04 10:15:29,0.0,0.0,5.0
2026-03-04 10:15:44,0.0,0.0,5.0
2026-03-04 10:15:59,0.0,0.0,5.0
2026-03-04 10:16:14,0.0,0.0,5.0
2026-03-04 10:16:29,0.0,0.0,5.0
2026-03-04 10:16:44,0.0,0.0,5.0
2026-03-04 10:16:59,0.0,0.0,5.0
2026-03-04 10:17:14,0.0,0.0,5.0
2026-03-04 10:17:29,0.0,0.0,5.0
2026-03-04 10:17:44,0.0,0.0,5.0
2026-03-04 10:17:59,0.0,0.0,5.0
2026-03-04 10:18:14,0.0,0.0,5.0
2026-03-04 10:18:29,0.0,0.0,5.0
2026-03-04 10:18:44,0.0,0.0,5.0
2026-03-04 10:18:59,0.0,0.0,5.0
2026-03-04 10:19:14,0.0,0.0,5.0
2026-03-04 10:19:29,0.0,0.0,5.0
2026-03-04 10:19:44,0.0,0.0,5.0
2026-03-04 10:19:59,0.0,0.0,5.0
2026-03-04 10:20:14,0.0,0.0,5.0
2026-03-04 10:20:29,0.0,0.0,5.0
2026-03-04 10:20:44,0.0,0.0,5.0
2026-03-04 10:20:59,0.0,0.0,5.0
2026-03-04 10:21:14,0.0,0.0,5.0
2026-03-04 10:21:29,0.0,0.0,5.0
2026-03-04 10:21:44,0.0,0.0,5.0
2026-03-04 10:21:59,0.0,0.0,5.0
2026-03-04 10:22:14,0.0,0.0,5.0
2026-03-04 10:22:29,0.0,0.0,5.0
2026-03-04 10:22:44,0.0,0.0,5.0
2026-03-04 10:22:59,0.0,0.0,5.0
2026-03-04 10:23:14,0.0,0.0,5.0
2026-03-04 10:23:29,0.0,0.0,5.0
2026-03-04 10:23:44,0.0,0.0,5.0
2026-03-04 10:23:59,0.0,0.0,5.0
2026-03-04 10:24:14,0.0,0.0,5.0
2026-03-04 10:24:29,0.0,0.0,5.0
2026-03-04 10:24:44,0.0,0.0,5.0
2026-03-04 10:24:59,0.0,0.0,5.0
2026-03-04 10:25:14,0.0,0.0,5.0
2026-03-04 10:25:29,0.0,0.0,5.0
2026-03-04 10:25:44,0.0,0.0,5.0
2026-03-04 10:25:59,0.0,0.0,5.0
2026-03-04 10:26:14,0.0,0.0,5.0
2026-03-04 10:26:29,0.0,0.0,5.0
2026-03-04 10:26:44,0.0,0.0,5.0
2026-03-04 10:26:59,0.0,0.0,5.0
2026-03-04 10:27:14,0.0,0.0,5.0
2026-03-04 10:27:29,0.0,0.0,5.0
2026-03-04 10:27:44,0.0,0.0,5.0
2026-03-04 10:27:59,0.0,0.0,5.0
2026-03-04 10:28:14,0.0,0.0,5.0
2026-03-04 10:28:29,0.0,0.0,5.0
2026-03-04 10:28:44,0.0,0.0,5.0
2026-03-04 10:28:59,0.0,0.0,5.0
2026-03-04 10:29:14,0.0,0.0,5.0
2026-03-04 10:29:29,0.0,0.0,5.0
2026-03-04 10:29:44,0.0,0.0,5.0
2026-03-04 10:29:59,0.0,0.0,5.0
2026-03-04 10:30:14,0.0,0.0,5.0
2026-03-04 10:30:29,0.0,0.0,5.0
2026-03-04 10:30:44,0.0,0.0,5.0
2026-03-04 10:30:59,0.0,0.0,5.0
2026-03-04 10:31:14,0.0,0.0,5.0
2026-03-04 10:31:29,0.0,0.0,5.0
2026-03-04 10:31:44,0.0,0.0,5.0
2026-03-04 10:31:59,0.0,0.0,5.0
2026-03-04 10:32:14,0.0,0.0,5.0
2026-03-04 10:32:29,0.0,0.0,5.0
2026-03-04 10:32:44,0.0,0.0,5.0
2026-03-04 10:32:59,0.0,0.0,5.0
2026-03-04 10:33:14,0.0,0.0,5.0
2026-03-04 10:33:29,0.0,0.0,5.0
2026-03-04 10:33:44,0.0,0.0,5.0
2026-03-04 10:33:59,0.0,0.0,5.0
2026-03-04 10:34:14,0.0,0.0,5.0
2026-03-04 10:34:29,0.0,0.0,5.0
2026-03-04 10:34:44,0.0,0.0,5.0
2026-03-04 10:34:59,0.0,0.0,5.0
2026-03-04 10:35:14,0.0,0.0,5.0
2026-03-04 10:35:29,0.0,0.0,5.0
2026-03-04 10:35:44,0.0,0.0,5.0
2026-03-04 10:35:59,0.0,0.0,5.0
2026-03-04 10:36:14,0.0,0.0,5.0
2026-03-04 10:36:29,0.0,0.0,5.0
2026-03-04 10:36:44,0.0,0.0,5.0
2026-03-04 10:36:59,0.0,0.0,5.0
2026-03-04 10:37:14,0.0,0.0,5.0
2026-03-04 10:37:29,0.0,0.0,5.0
2026-03-04 10:37:44,0.0,0.0,5.0
2026-03-04 10:37:59,0.0,0.0,5.0
2026-03-04 10:38:14,0.0,0.0,5.0
2026-03-04 10:38:29,0.0,0.0,5.0
2026-03-04 10:38:44,0.0,0.0,5.0
2026-03-04 10:38:59,0.0,0.0,5.0
2026-03-04 10:39:14,0.0,0.0,5.0
2026-03-04 10:39:29,0.0,0.0,5.0
2026-03-04 10:39:44,0.0,0.0,5.0
2026-03-04 10:39:59,0.0,0.0,5.0
2026-03-04 10:40:14,0.0,0.0,5.0
2026-03-04 10:40:29,0.0,0.0,5.0
2026-03-04 10:40:44,0.0,0.0,5.0
2026-03-04 10:40:59,0.0,0.0,5.0
2026-03-04 10:41:14,0.0,0.0,5.0
2026-03-04 10:41:29,0.0,0.0,5.0
2026-03-04 10:41:44,0.0,0.0,5.0
2026-03-04 10:41:59,0.0,0.0,5.0
2026-03-04 10:42:14,0.0,0.0,5.0
2026-03-04 10:42:29,0.0,0.0,5.0
2026-03-04 10:42:44,0.0,0.0,5.0
2026-03-04 10:42:59,0.0,0.0,5.0
2026-03-04 10:43:14,0.0,0.0,5.0
2026-03-04 10:43:29,0.0,0.0,5.0
2026-03-04 10:43:44,0.0,0.0,5.0
2026-03-04 10:43:59,0.0,0.0,5.0
2026-03-04 10:44:13,0.0,0.0,5.0
2026-03-04 10:44:29,0.0,0.0,5.0
2026-03-04 10:44:44,0.0,0.0,5.0
2026-03-04 10:44:59,0.0,0.0,5.0
2026-03-04 10:45:14,0.0,0.0,5.0
2026-03-04 10:45:29,0.0,0.0,5.0
2026-03-04 10:45:44,0.0,0.0,5.0
2026-03-04 10:45:59,0.0,0.0,5.0
2026-03-04 10:46:13,0.0,0.0,5.0
2026-03-04 10:46:29,0.0,0.0,5.0
2026-03-04 10:46:44,0.0,0.0,5.0
2026-03-04 10:46:58,0.0,0.0,5.0
2026-03-04 10:47:14,0.0,0.0,5.0
2026-03-04 10:47:29,0.0,0.0,5.0
2026-03-04 10:47:44,0.0,0.0,5.0
2026-03-04 10:47:58,0.0,0.0,5.0
2026-03-04 10:48:14,0.0,0.0,5.0
2026-03-04 10:48:28,0.0,0.0,5.0
2026-03-04 10:48:44,0.0,0.0,5.0
2026-03-04 10:48:59,0.0,0.0,5.0
2026-03-04 10:49:13,0.0,0.0,5.0
2026-03-04 10:49:28,0.0,0.0,5.0
2026-03-04 10:49:44,0.0,0.0,5.0
2026-03-04 10:49:58,0.0,0.0,5.0
2026-03-04 10:50:13,0.0,0.0,5.0
2026-03-04 10:50:28,0.0,0.0,5.0
2026-03-04 10:50:43,0.0,0.0,5.0
2026-03-04 10:50:58,0.0,0.0,5.0
2026-03-04 10:51:14,0.0,0.0,5.0
2026-03-04 10:51:28,0.0,0.0,5.0
2026-03-04 10:51:44,0.0,0.0,5.0
2026-03-04 10:51:59,0.0,0.0,5.0
2026-03-04 10:52:14,0.0,0.0,5.0
2026-03-04 10:52:28,0.0,0.0,5.0
2026-03-04 10:52:44,0.0,0.0,5.0
2026-03-04 10:52:58,0.0,0.0,5.0
2026-03-04 10:53:14,0.0,0.0,5.0
2026-03-04 10:53:28,0.0,0.0,5.0
2026-03-04 10:53:44,0.0,0.0,5.0
2026-03-04 10:53:59,0.0,0.0,5.0
2026-03-04 10:54:13,0.0,0.0,5.0
2026-03-04 10:54:28,0.0,0.0,5.0
2026-03-04 10:54:44,0.0,0.0,5.0
2026-03-04 10:54:59,0.0,0.0,5.0
2026-03-04 10:55:13,0.0,0.0,5.0
2026-03-04 10:55:28,0.0,0.0,5.0
2026-03-04 10:55:43,0.0,0.0,5.0
2026-03-04 10:55:59,0.0,0.0,5.0
2026-03-04 10:56:13,0.0,0.0,5.0
2026-03-04 10:56:29,0.0,0.0,5.0
2026-03-04 10:56:44,0.0,0.0,5.0
2026-03-04 10:56:59,0.0,0.0,5.0
2026-03-04 10:57:13,0.0,0.0,5.0
2026-03-04 10:57:28,0.0,0.0,5.0
2026-03-04 10:57:43,0.0,0.0,5.0
2026-03-04 10:57:58,0.0,0.0,5.0
2026-03-04 10:58:13,0.0,0.0,5.0
2026-03-04 10:58:28,0.0,0.0,5.0
2026-03-04 10:58:43,0.0,0.0,5.0
2026-03-04 10:58:59,0.0,0.0,5.0
2026-03-04 10:59:13,0.0,0.0,5.0
2026-03-04 10:59:28,0.0,0.0,5.0
2026-03-04 10:59:43,0.0,0.0,5.0
2026-03-04 10:59:58,0.0,0.0,5.0
2026-03-04 11:00:13,0.0,0.0,5.0
2026-03-04 11:00:28,0.0,0.0,5.0
2026-03-04 11:00:43,0.0,0.0,5.0
2026-03-04 11:00:58,0.0,0.0,5.0
2026-03-04 11:01:13,0.0,0.0,5.0
2026-03-04 11:01:28,0.0,0.0,5.0
2026-03-04 11:01:43,0.0,0.0,5.0
2026-03-04 11:01:59,0.0,0.0,5.0
2026-03-04 11:02:13,0.0,0.0,5.0
2026-03-04 11:02:28,0.0,0.0,5.0
2026-03-04 11:02:43,0.0,0.0,5.0
2026-03-04 11:02:58,0.0,0.0,5.0
2026-03-04 11:03:13,0.0,0.0,5.0
2026-03-04 11:03:28,0.0,0.0,5.0
2026-03-04 11:03:43,0.0,0.0,5.0
2026-03-04 11:03:58,0.0,0.0,5.0
2026-03-04 11:04:13,0.0,0.0,5.0
2026-03-04 11:04:28,0.0,0.0,5.0
2026-03-04 11:04:43,0.0,0.0,5.0
2026-03-04 11:04:58,0.0,0.0,5.0
2026-03-04 11:05:13,0.0,0.0,5.0
2026-03-04 11:05:28,0.0,0.0,5.0
2026-03-04 11:05:43,0.0,0.0,5.0
2026-03-04 11:05:58,0.0,0.0,5.0
2026-03-04 11:06:13,0.0,0.0,5.0
2026-03-04 11:06:28,0.0,0.0,5.0
2026-03-04 11:06:43,0.0,0.0,5.0
2026-03-04 11:06:58,0.0,0.0,5.0
2026-03-04 11:07:13,0.0,0.0,5.0
2026-03-04 11:07:28,0.0,0.0,5.0
2026-03-04 11:07:43,0.0,0.0,5.0
2026-03-04 11:07:58,0.0,0.0,5.0
2026-03-04 11:08:13,0.0,0.0,5.0
2026-03-04 11:08:28,0.0,0.0,5.0
2026-03-04 11:08:43,0.0,0.0,5.0
2026-03-04 11:08:58,0.0,0.0,5.0
2026-03-04 11:09:13,0.0,0.0,5.0
2026-03-04 11:09:28,0.0,0.0,5.0
2026-03-04 11:09:43,0.0,0.0,5.0
2026-03-04 11:09:58,0.0,0.0,5.0
2026-03-04 11:10:13,0.0,0.0,5.0
2026-03-04 11:10:28,0.0,0.0,5.0
2026-03-04 11:10:43,0.0,0.0,5.0
2026-03-04 11:10:58,0.0,0.0,5.0
2026-03-04 11:11:13,0.0,0.0,5.0
2026-03-04 11:11:28,0.0,0.0,5.0
2026-03-04 11:11:43,0.0,0.0,5.0
2026-03-04 11:11:58,0.0,0.0,5.0
2026-03-04 11:12:13,0.0,0.0,5.0
2026-03-04 11:12:28,0.0,0.0,5.0
2026-03-04 11:12:43,0.0,0.0,5.0
2026-03-04 11:12:58,0.0,0.0,5.0
2026-03-04 11:13:13,0.0,0.0,5.0
2026-03-04 11:13:28,0.0,0.0,5.0
2026-03-04 11:13:43,0.0,0.0,5.0
2026-03-04 11:13:58,0.0,0.0,5.0
2026-03-04 11:14:13,0.0,0.0,5.0
2026-03-04 11:14:28,0.0,0.0,5.0
2026-03-04 11:14:43,0.0,0.0,5.0
2026-03-04 11:14:58,0.0,0.0,5.0
2026-03-04 11:15:13,0.0,0.0,5.0
2026-03-04 11:15:28,0.0,0.0,5.0
2026-03-04 11:15:43,0.0,0.0,5.0
2026-03-04 11:15:58,0.0,0.0,5.0
2026-03-04 11:16:13,0.0,0.0,5.0
2026-03-04 11:16:28,0.0,0.0,5.0
2026-03-04 11:16:43,0.0,0.0,5.0
2026-03-04 11:16:58,0.0,0.0,5.0
2026-03-04 11:17:13,0.0,0.0,5.0
2026-03-04 11:17:28,0.0,0.0,5.0
2026-03-04 11:17:43,0.0,0.0,5.0
2026-03-04 11:17:58,0.0,0.0,5.0
2026-03-04 11:18:13,0.0,0.0,5.0
2026-03-04 11:18:28,0.0,0.0,5.0
2026-03-04 11:18:43,0.0,0.0,5.0
2026-03-04 11:18:58,0.0,0.0,5.0
2026-03-04 11:19:13,0.0,0.0,5.0
2026-03-04 11:19:28,0.0,0.0,5.0
2026-03-04 11:19:43,0.0,0.0,5.0
2026-03-04 11:19:58,0.0,0.0,5.0
2026-03-04 11:20:13,0.0,0.0,5.0
2026-03-04 11:20:28,0.0,0.0,5.0
2026-03-04 11:20:43,0.0,0.0,5.0
2026-03-04 11:20:58,0.0,0.0,5.0
2026-03-04 11:21:13,0.0,0.0,5.0
2026-03-04 11:21:28,0.0,0.0,5.0
2026-03-04 11:21:43,0.0,0.0,5.0
2026-03-04 11:21:58,0.0,0.0,5.0
2026-03-04 11:22:13,0.0,0.0,5.0
2026-03-04 11:22:28,0.0,0.0,5.0
2026-03-04 11:22:43,0.0,0.0,5.0
2026-03-04 11:22:58,0.0,0.0,5.0
2026-03-04 11:23:13,0.0,0.0,5.0
2026-03-04 11:23:28,0.0,0.0,5.0
2026-03-04 11:23:43,0.0,0.0,5.0
2026-03-04 11:23:58,0.0,0.0,5.0
2026-03-04 11:24:13,0.0,0.0,5.0
2026-03-04 11:24:28,0.0,0.0,5.0
2026-03-04 11:24:43,0.0,0.0,5.0
2026-03-04 11:24:58,0.0,0.0,5.0
2026-03-04 11:25:13,0.0,0.0,5.0
2026-03-04 11:25:28,0.0,0.0,5.0
2026-03-04 11:25:43,0.0,0.0,5.0
2026-03-04 11:25:58,0.0,0.0,5.0
2026-03-04 11:26:13,0.0,0.0,5.0
2026-03-04 11:26:28,0.0,0.0,5.0
2026-03-04 11:26:43,0.0,0.0,5.0
2026-03-04 11:26:58,0.0,0.0,5.0
2026-03-04 11:27:13,0.0,0.0,5.0
2026-03-04 11:27:28,0.0,0.0,5.0
2026-03-04 11:27:43,0.0,0.0,5.0
2026-03-04 11:27:58,0.0,0.0,5.0
2026-03-04 11:28:13,0.0,0.0,5.0
2026-03-04 11:28:28,0.0,0.0,5.0
2026-03-04 11:28:43,0.0,0.0,5.0
2026-03-04 11:28:58,0.0,0.0,5.0
2026-03-04 11:29:13,0.0,0.0,5.0
2026-03-04 11:29:28,0.0,0.0,5.0
2026-03-04 11:29:43,0.0,0.0,5.0
2026-03-04 11:29:58,0.0,0.0,5.0
2026-03-04 11:30:13,0.0,0.0,5.0
2026-03-04 11:30:28,0.0,0.0,5.0
2026-03-04 11:30:43,0.0,0.0,5.0
2026-03-04 11:30:58,0.0,0.0,5.0
2026-03-04 11:31:13,0.0,0.0,5.0
2026-03-04 11:31:28,0.0,0.0,5.0
2026-03-04 11:31:43,0.0,0.0,5.0
2026-03-04 11:31:58,0.0,0.0,5.0
2026-03-04 11:32:13,0.0,0.0,5.0
2026-03-04 11:32:28,0.0,0.0,5.0
2026-03-04 11:32:43,0.0,0.0,5.0
2026-03-04 11:32:58,0.0,0.0,5.0
2026-03-04 11:33:13,0.0,0.0,5.0
2026-03-04 11:33:28,0.0,0.0,5.0
2026-03-04 11:33:43,0.0,0.0,5.0
2026-03-04 11:33:58,0.0,0.0,5.0
2026-03-04 11:34:13,0.0,0.0,5.0
2026-03-04 11:34:28,0.0,0.0,5.0
2026-03-04 11:34:43,0.0,0.0,5.0
2026-03-04 11:34:58,0.0,0.0,5.0
2026-03-04 11:35:13,0.0,0.0,5.0
2026-03-04 11:35:28,0.0,0.0,5.0
2026-03-04 11:35:43,0.0,0.0,5.0
2026-03-04 11:35:58,0.0,0.0,5.0
2026-03-04 11:36:13,0.0,0.0,5.0
2026-03-04 11:36:28,0.0,0.0,5.0
2026-03-04 11:36:43,0.0,0.0,5.0
2026-03-04 11:36:58,0.0,0.0,5.0
2026-03-04 11:37:13,0.0,0.0,5.0
2026-03-04 11:37:28,0.0,0.0,5.0
2026-03-04 11:37:43,0.0,0.0,5.0
2026-03-04 11:37:58,0.0,0.0,5.0
2026-03-04 11:38:13,0.0,0.0,5.0
2026-03-04 11:38:28,0.0,0.0,5.0
2026-03-04 11:38:43,0.0,0.0,5.0
2026-03-04 11:38:58,0.0,0.0,5.0
2026-03-04 11:39:13,0.0,0.0,5.0
2026-03-04 11:39:28,0.0,0.0,5.0
2026-03-04 11:39:43,0.0,0.0,5.0
2026-03-04 11:39:58,0.0,0.0,5.0
2026-03-04 11:40:13,0.0,0.0,5.0
2026-03-04 11:40:28,0.0,0.0,5.0
2026-03-04 11:40:43,0.0,0.0,5.0
2026-03-04 11:40:58,0.0,0.0,5.0
2026-03-04 11:41:13,0.0,0.0,5.0
2026-03-04 11:41:28,0.0,0.0,5.0
2026-03-04 11:41:43,0.0,0.0,5.0
2026-03-04 11:41:58,0.0,0.0,5.0
2026-03-04 11:42:13,0.0,0.0,5.0
2026-03-04 11:42:28,0.0,0.0,5.0
2026-03-04 11:42:43,0.0,0.0,5.0
2026-03-04 11:42:58,0.0,0.0,5.0
2026-03-04 11:43:13,0.0,0.0,5.0
2026-03-04 11:43:28,0.0,0.0,5.0
2026-03-04 11:43:43,0.0,0.0,5.0
2026-03-04 11:43:58,0.0,0.0,5.0
2026-03-04 11:44:13,0.0,0.0,5.0
2026-03-04 11:44:28,0.0,0.0,5.0
2026-03-04 11:44:43,0.0,0.0,5.0
2026-03-04 11:44:58,0.0,0.0,5.0
2026-03-04 11:45:13,0.0,0.0,5.0
2026-03-04 11:45:28,0.0,0.0,5.0
2026-03-04 11:45:43,0.0,0.0,5.0
2026-03-04 11:45:58,0.0,0.0,5.0
2026-03-04 11:46:13,0.0,0.0,5.0
2026-03-04 11:46:28,0.0,0.0,5.0
2026-03-04 11:46:43,0.0,0.0,5.0
2026-03-04 11:46:58,0.0,0.0,5.0
2026-03-04 11:47:13,0.0,0.0,5.0
2026-03-04 11:47:28,0.0,0.0,5.0
2026-03-04 11:47:43,0.0,0.0,5.0
2026-03-04 11:47:58,0.0,0.0,5.0
2026-03-04 11:48:13,0.0,0.0,5.0
2026-03-04 11:48:28,0.0,0.0,5.0
2026-03-04 11:48:43,0.0,0.0,5.0
2026-03-04 11:48:58,0.0,0.0,5.0
2026-03-04 11:49:13,0.0,0.0,5.0
2026-03-04 11:49:28,0.0,0.0,5.0
2026-03-04 11:49:43,0.0,0.0,5.0
2026-03-04 11:49:58,0.0,0.0,5.0
2026-03-04 11:50:13,0.0,0.0,5.0
2026-03-04 11:50:28,0.0,0.0,5.0
2026-03-04 11:50:43,0.0,0.0,5.0
2026-03-04 11:50:58,0.0,0.0,5.0
2026-03-04 11:51:13,0.0,0.0,5.0
2026-03-04 11:51:28,0.0,0.0,5.0
2026-03-04 11:51:43,0.0,0.0,5.0
2026-03-04 11:51:58,0.0,0.0,5.0
2026-03-04 11:52:13,0.0,0.0,5.0
2026-03-04 11:52:28,0.0,0.0,5.0
2026-03-04 11:52:43,0.0,0.0,5.0
2026-03-04 11:52:58,0.0,0.0,5.0
2026-03-04 11:53:13,0.0,0.0,5.0
2026-03-04 11:53:28,0.0,0.0,5.0
2026-03-04 11:53:43,0.0,0.0,5.0
2026-03-04 11:53:58,0.0,0.0,5.0
2026-03-04 11:54:13,0.0,0.0,5.0
2026-03-04 11:54:28,0.0,0.0,5.0
2026-03-04 11:54:43,0.0,0.0,5.0
2026-03-04 11:54:58,0.0,0.0,5.0
2026-03-04 11:55:13,0.0,0.0,5.0
2026-03-04 11:55:28,0.0,0.0,5.0
2026-03-04 11:55:43,0.0,0.0,5.0
2026-03-04 11:55:58,0.0,0.0,5.0
2026-03-04 11:56:13,0.0,0.0,5.0
2026-03-04 11:56:28,0.0,0.0,5.0
2026-03-04 11:56:43,0.0,0.0,5.0
2026-03-04 11:56:58,0.0,0.0,5.0
2026-03-04 11:57:13,0.0,0.0,5.0
2026-03-04 11:57:28,0.0,0.0,5.0
2026-03-04 11:57:43,0.0,0.0,5.0
2026-03-04 11:57:58,0.0,0.0,5.0
2026-03-04 11:58:13,0.0,0.0,5.0
2026-03-04 11:58:28,0.0,0.0,5.0
2026-03-04 11:58:43,0.0,0.0,5.0
2026-03-04 11:58:58,0.0,0.0,5.0
2026-03-04 11:59:13,0.0,0.0,5.0
2026-03-04 11:59:28,0.0,0.0,5.0
2026-03-04 11:59:43,0.0,0.0,5.0
2026-03-04 11:59:58,0.0,0.0,5.0
2026-03-04 12:00:13,0.0,0.0,5.0
2026-03-04 12:00:28,0.0,0.0,5.0
2026-03-04 12:00:43,0.0,0.0,5.0
2026-03-04 12:00:58,0.0,0.0,5.0
2026-03-04 12:01:13,0.0,0.0,5.0
2026-03-04 12:01:28,0.0,0.0,5.0
2026-03-04 12:01:43,0.0,0.0,5.0
2026-03-04 12:01:58,0.0,0.0,5.0
2026-03-04 12:02:13,0.0,0.0,5.0
2026-03-04 12:02:28,0.0,0.0,5.0
2026-03-04 12:02:43,0.0,0.0,5.0
2026-03-04 12:02:58,0.0,0.0,5.0
2026-03-04 12:03:13,0.0,0.0,5.0
2026-03-04 12:03:28,0.0,0.0,5.0
2026-03-04 12:03:43,0.0,0.0,5.0
2026-03-04 12:03:58,0.0,0.0,5.0
2026-03-04 12:04:13,0.0,0.0,5.0
2026-03-04 12:04:28,0.0,0.0,5.0
2026-03-04 12:04:43,0.0,0.0,5.0
2026-03-04 12:04:58,0.0,0.0,5.0
2026-03-04 12:05:13,0.0,0.0,5.0
2026-03-04 12:05:28,0.0,0.0,5.0
2026-03-04 12:05:43,0.0,0.0,5.0
2026-03-04 12:05:58,0.0,0.0,5.0
2026-03-04 12:06:13,0.0,0.0,5.0
2026-03-04 12:06:28,0.0,0.0,5.0
2026-03-04 12:06:43,0.0,0.0,5.0
2026-03-04 12:06:58,0.0,0.0,5.0
2026-03-04 12:07:13,0.0,0.0,5.0
2026-03-04 12:07:28,0.0,0.0,5.0
2026-03-04 12:07:43,0.0,0.0,5.0
2026-03-04 12:07:58,0.0,0.0,5.0
2026-03-04 12:08:13,0.0,0.0,5.0
2026-03-04 12:08:28,0.0,0.0,5.0
2026-03-04 12:08:43,0.0,0.0,5.0
2026-03-04 12:08:58,0.0,0.0,5.0
2026-03-04 12:09:13,0.0,0.0,5.0
2026-03-04 12:09:28,0.0,0.0,5.0
2026-03-04 12:09:43,0.0,0.0,5.0
2026-03-04 12:09:58,0.0,0.0,5.0
2026-03-04 12:10:13,0.0,0.0,5.0
2026-03-04 12:10:28,0.0,0.0,5.0
2026-03-04 12:10:43,0.0,0.0,5.0
2026-03-04 12:10:58,0.0,0.0,5.0
2026-03-04 12:11:13,0.0,0.0,5.0
2026-03-04 12:11:28,0.0,0.0,5.0
2026-03-04 12:11:43,0.0,0.0,5.0
2026-03-04 12:11:58,0.0,0.0,5.0
2026-03-04 12:12:13,0.0,0.0,5.0
2026-03-04 12:12:28,0.0,0.0,5.0
2026-03-04 12:12:43,0.0,0.0,5.0
2026-03-04 12:12:58,0.0,0.0,5.0
2026-03-04 12:13:13,0.0,0.0,5.0
2026-03-04 12:13:28,0.0,0.0,5.0
2026-03-04 12:13:43,0.0,0.0,5.0
2026-03-04 12:13:58,0.0,0.0,5.0
2026-03-04 12:14:13,0.0,0.0,5.0
2026-03-04 12:14:28,0.0,0.0,5.0
2026-03-04 12:14:43,0.0,0.0,5.0
2026-03-04 12:14:58,0.0,0.0,5.0
2026-03-04 12:15:13,0.0,0.0,5.0
2026-03-04 12:15:28,0.0,0.0,5.0
2026-03-04 12:15:43,0.0,0.0,5.0
2026-03-04 12:15:58,0.0,0.0,5.0
2026-03-04 12:16:13,0.0,0.0,5.0
2026-03-04 12:16:28,0.0,0.0,5.0
2026-03-04 12:16:43,0.0,0.0,5.0
2026-03-04 12:16:58,0.0,0.0,5.0
2026-03-04 12:17:13,0.0,0.0,5.0
2026-03-04 12:17:28,0.0,0.0,5.0
2026-03-04 12:17:43,0.0,0.0,5.0
2026-03-04 12:17:58,0.0,0.0,5.0
2026-03-04 12:18:13,0.0,0.0,5.0
2026-03-04 12:18:28,0.0,0.0,5.0
2026-03-04 12:18:43,0.0,0.0,5.0
2026-03-04 12:18:58,0.0,0.0,5.0
2026-03-04 12:19:13,0.0,0.0,5.0
2026-03-04 12:19:28,0.0,0.0,5.0
2026-03-04 12:19:43,0.0,0.0,5.0
2026-03-04 12:19:58,0.0,0.0,5.0
2026-03-04 12:20:13,0.0,0.0,5.0
2026-03-04 12:20:28,0.0,0.0,5.0
2026-03-04 12:20:43,0.0,0.0,5.0
2026-03-04 12:20:58,0.0,0.0,5.0
2026-03-04 12:21:13,0.0,0.0,5.0
2026-03-04 12:21:28,0.0,0.0,5.0
2026-03-04 12:21:43,0.0,0.0,5.0
2026-03-04 12:21:58,0.0,0.0,5.0
2026-03-04 12:22:13,0.0,0.0,5.0
2026-03-04 12:22:28,0.0,0.0,5.0
2026-03-04 12:22:43,0.0,0.0,5.0
2026-03-04 12:22:58,0.0,0.0,5.0
2026-03-04 12:23:13,0.0,0.0,5.0
2026-03-04 12:23:28,0.0,0.0,5.0
2026-03-04 12:23:43,0.0,0.0,5.0
2026-03-04 12:23:58,0.0,0.0,5.0
2026-03-04 12:24:13,0.0,0.0,5.0
2026-03-04 12:24:28,0.0,0.0,5.0
2026-03-04 12:24:43,0.0,0.0,5.0
2026-03-04 12:24:58,0.0,0.0,5.0
2026-03-04 12:25:13,0.0,0.0,5.0
2026-03-04 12:25:28,0.0,0.0,5.0
2026-03-04 12:25:43,0.0,0.0,5.0
2026-03-04 12:25:58,0.0,0.0,5.0
2026-03-04 12:26:13,0.0,0.0,5.0
2026-03-04 12:26:28,0.0,0.0,5.0
2026-03-04 12:26:43,0.0,0.0,5.0
2026-03-04 12:26:58,0.0,0.0,5.0
2026-03-04 12:27:13,0.0,0.0,5.0
2026-03-04 12:27:28,0.0,0.0,5.0
2026-03-04 12:27:43,0.0,0.0,5.0
2026-03-04 12:27:58,0.0,0.0,5.0
2026-03-04 12:28:13,0.0,0.0,5.0
2026-03-04 12:28:28,0.0,0.0,5.0
2026-03-04 12:28:43,0.0,0.0,5.0
2026-03-04 12:28:58,0.0,0.0,5.0
2026-03-04 12:29:13,0.0,0.0,5.0
2026-03-04 12:29:28,0.0,0.0,5.0
2026-03-04 12:29:43,0.0,0.0,5.0
2026-03-04 12:29:58,0.0,0.0,5.0
2026-03-04 12:30:13,0.0,0.0,5.0
2026-03-04 12:30:28,0.0,0.0,5.0
2026-03-04 12:30:43,0.0,0.0,5.0
2026-03-04 12:30:58,0.0,0.0,5.0
2026-03-04 12:31:13,0.0,0.0,5.0
2026-03-04 12:31:28,0.0,0.0,5.0
2026-03-04 12:31:43,0.0,0.0,5.0
2026-03-04 12:31:58,0.0,0.0,5.0
2026-03-04 12:32:13,0.0,0.0,5.0
2026-03-04 12:32:28,0.0,0.0,5.0
2026-03-04 12:32:43,0.0,0.0,5.0
2026-03-04 12:32:58,0.0,0.0,5.0
2026-03-04 12:33:13,0.0,0.0,5.0
2026-03-04 12:33:28,0.0,0.0,5.0
2026-03-04 12:33:43,0.0,0.0,5.0
2026-03-04 12:33:58,0.0,0.0,5.0
2026-03-04 12:34:13,0.0,0.0,5.0
2026-03-04 12:34:28,0.0,0.0,5.0
2026-03-04 12:34:43,0.0,0.0,5.0
2026-03-04 12:34:58,0.0,0.0,5.0
2026-03-04 12:35:13,0.0,0.0,5.0
2026-03-04 12:35:28,0.0,0.0,5.0
2026-03-04 12:35:43,0.0,0.0,5.0
2026-03-04 12:35:58,0.0,0.0,5.0
2026-03-04 12:36:13,0.0,0.0,5.0
2026-03-04 12:36:28,0.0,0.0,5.0
2026-03-04 12:36:43,0.0,0.0,5.0
2026-03-04 12:36:58,0.0,0.0,5.0
2026-03-04 12:37:13,0.0,0.0,5.0
2026-03-04 12:37:28,0.0,0.0,5.0
2026-03-04 12:37:43,0.0,0.0,5.0
2026-03-04 12:37:58,0.0,0.0,5.0
2026-03-04 12:38:13,0.0,0.0,5.0
2026-03-04 12:38:28,0.0,0.0,5.0
2026-03-04 12:38:43,0.0,0.0,5.0
2026-03-04 12:38:58,0.0,0.0,5.0
2026-03-04 12:39:13,0.0,0.0,5.0
2026-03-04 12:39:28,0.0,0.0,5.0
2026-03-04 12:39:43,0.0,0.0,5.0
2026-03-04 12:39:58,0.0,0.0,5.0
2026-03-04 12:40:13,0.0,0.0,5.0
2026-03-04 12:40:28,0.0,0.0,5.0
2026-03-04 12:40:43,0.0,0.0,5.0
2026-03-04 12:40:58,0.0,0.0,5.0
2026-03-04 12:41:13,0.0,0.0,5.0
2026-03-04 12:41:28,0.0,0.0,5.0
2026-03-04 12:41:43,0.0,0.0,5.0
2026-03-04 12:41:58,0.0,0.0,5.0
2026-03-04 12:42:13,0.0,0.0,5.0
2026-03-04 12:42:28,0.0,0.0,5.0
2026-03-04 12:42:43,0.0,0.0,5.0
2026-03-04 12:42:58,0.0,0.0,5.0
2026-03-04 12:43:13,0.0,0.0,5.0
2026-03-04 12:43:28,0.0,0.0,5.0
2026-03-04 12:43:43,0.0,0.0,5.0
2026-03-04 12:43:58,0.0,0.0,5.0
2026-03-04 12:44:13,0.0,0.0,5.0
2026-03-04 12:44:28,0.0,0.0,5.0
2026-03-04 12:44:43,0.0,0.0,5.0
2026-03-04 12:44:58,0.0,0.0,5.0
2026-03-04 12:45:13,0.0,0.0,5.0
2026-03-04 12:45:28,0.0,0.0,5.0
2026-03-04 12:45:43,0.0,0.0,5.0
2026-03-04 12:45:58,0.0,0.0,5.0
2026-03-04 12:46:13,0.0,0.0,5.0
2026-03-04 12:46:28,0.0,0.0,5.0
2026-03-04 12:46:43,0.0,0.0,5.0
2026-03-04 12:46:58,0.0,0.0,5.0
2026-03-04 12:47:13,0.0,0.0,5.0
2026-03-04 12:47:28,0.0,0.0,5.0
2026-03-04 12:47:43,0.0,0.0,5.0
2026-03-04 12:47:58,0.0,0.0,5.0
2026-03-04 12:48:13,0.0,0.0,5.0
2026-03-04 12:48:28,0.0,0.0,5.0
2026-03-04 12:48:43,0.0,0.0,5.0
2026-03-04 12:48:58,0.0,0.0,5.0
2026-03-04 12:49:13,0.0,0.0,5.0
2026-03-04 12:49:28,0.0,0.0,5.0
2026-03-04 12:49:43,0.0,0.0,5.0
2026-03-04 12:49:58,0.0,0.0,5.0
2026-03-04 12:50:13,0.0,0.0,5.0
2026-03-04 12:50:28,0.0,0.0,5.0
2026-03-04 12:50:43,0.0,0.0,5.0
2026-03-04 12:50:58,0.0,0.0,5.0
2026-03-04 12:51:13,0.0,0.0,5.0
2026-03-04 12:51:28,0.0,0.0,5.0
2026-03-04 12:51:43,0.0,0.0,5.0
2026-03-04 12:51:58,0.0,0.0,5.0
2026-03-04 12:52:13,0.0,0.0,5.0
2026-03-04 12:52:28,0.0,0.0,5.0
2026-03-04 12:52:43,0.0,0.0,5.0
2026-03-04 12:52:58,0.0,0.0,5.0
2026-03-04 12:53:13,0.0,0.0,5.0
2026-03-04 12:53:28,0.0,0.0,5.0
2026-03-04 12:53:43,0.0,0.0,5.0
2026-03-04 12:53:58,0.0,0.0,5.0
2026-03-04 12:54:13,0.0,0.0,5.0
2026-03-04 12:54:28,0.0,0.0,5.0
2026-03-04 12:54:43,0.0,0.0,5.0
2026-03-04 12:54:58,0.0,0.0,5.0
2026-03-04 12:55:13,0.0,0.0,5.0
2026-03-04 12:55:28,0.0,0.0,5.0
2026-03-04 12:55:43,0.0,0.0,5.0
2026-03-04 12:55:58,0.0,0.0,5.0
2026-03-04 12:56:13,0.0,0.0,5.0
2026-03-04 12:56:28,0.0,0.0,5.0
2026-03-04 12:56:43,0.0,0.0,5.0
2026-03-04 12:56:58,0.0,0.0,5.0
2026-03-04 12:57:13,0.0,0.0,5.0
2026-03-04 12:57:28,0.0,0.0,5.0
2026-03-04 12:57:43,0.0,0.0,5.0
2026-03-04 12:57:58,0.0,0.0,5.0
2026-03-04 12:58:13,0.0,0.0,5.0
2026-03-04 12:58:28,0.0,0.0,5.0
2026-03-04 12:58:43,0.0,0.0,5.0
2026-03-04 12:58:58,0.0,0.0,5.0
2026-03-04 12:59:13,0.0,0.0,5.0
2026-03-04 12:59:28,0.0,0.0,5.0
2026-03-04 12:59:43,0.0,0.0,5.0
2026-03-04 12:59:58,0.0,0.0,5.0
2026-03-04 13:00:13,0.0,0.0,5.0
2026-03-04 13:00:28,0.0,0.0,5.0
2026-03-04 13:00:43,0.0,0.0,5.0
2026-03-04 13:00:58,0.0,0.0,5.0
2026-03-04 13:01:13,0.0,0.0,5.0
2026-03-04 13:01:28,0.0,0.0,5.0
2026-03-04 13:01:43,0.0,0.0,5.0
2026-03-04 13:01:58,0.0,0.0,5.0
2026-03-04 13:02:13,0.0,0.0,5.0
2026-03-04 13:02:28,0.0,0.0,5.0
2026-03-04 13:02:43,0.0,0.0,5.0
2026-03-04 13:02:58,0.0,0.0,5.0
2026-03-04 13:03:13,0.0,0.0,5.0
2026-03-04 13:03:28,0.0,0.0,5.0
2026-03-04 13:03:43,0.0,0.0,5.0
2026-03-04 13:03:58,0.0,0.0,5.0
2026-03-04 13:04:13,0.0,0.0,5.0
2026-03-04 13:04:28,0.0,0.0,5.0
2026-03-04 13:04:43,0.0,0.0,5.0
2026-03-04 13:04:58,0.0,0.0,5.0
2026-03-04 13:05:13,0.0,0.0,5.0
2026-03-04 13:05:28,0.0,0.0,5.0
2026-03-04 13:05:43,0.0,0.0,5.0
2026-03-04 13:05:58,0.0,0.0,5.0
2026-03-04 13:06:13,0.0,0.0,5.0
2026-03-04 13:06:28,0.0,0.0,5.0
2026-03-04 13:06:43,0.0,0.0,5.0
2026-03-04 13:06:58,0.0,0.0,5.0
2026-03-04 13:07:13,0.0,0.0,5.0
2026-03-04 13:07:28,0.0,0.0,5.0
2026-03-04 13:07:43,0.0,0.0,5.0
2026-03-04 13:07:58,0.0,0.0,5.0
2026-03-04 13:08:13,0.0,0.0,5.0
2026-03-04 13:08:28,0.0,0.0,5.0
2026-03-04 13:08:43,0.0,0.0,5.0
2026-03-04 13:08:58,0.0,0.0,5.0
2026-03-04 13:09:13,0.0,0.0,5.0
2026-03-04 13:09:28,0.0,0.0,5.0
2026-03-04 13:09:43,0.0,0.0,5.0
2026-03-04 13:09:58,0.0,0.0,5.0
2026-03-04 13:10:13,0.0,0.0,5.0
2026-03-04 13:10:28,0.0,0.0,5.0
2026-03-04 13:10:43,0.0,0.0,5.0
2026-03-04 13:10:58,0.0,0.0,5.0
2026-03-04 13:11:13,0.0,0.0,5.0
2026-03-04 13:11:28,0.0,0.0,5.0
2026-03-04 13:11:43,0.0,0.0,5.0
2026-03-04 13:11:58,0.0,0.0,5.0
2026-03-04 13:12:13,0.0,0.0,5.0
2026-03-04 13:12:28,0.0,0.0,5.0
2026-03-04 13:12:43,0.0,0.0,5.0
2026-03-04 13:12:58,0.0,0.0,5.0
2026-03-04 13:13:13,0.0,0.0,5.0
2026-03-04 13:13:28,0.0,0.0,5.0
2026-03-04 13:13:43,0.0,0.0,5.0
2026-03-04 13:13:58,0.0,0.0,5.0
2026-03-04 13:14:13,0.0,0.0,5.0
2026-03-04 13:14:28,0.0,0.0,5.0
2026-03-04 13:14:43,0.0,0.0,5.0
2026-03-04 13:14:58,0.0,0.0,5.0
2026-03-04 13:15:13,0.0,0.0,5.0
2026-03-04 13:15:28,0.0,0.0,5.0
2026-03-04 13:15:43,0.0,0.0,5.0
2026-03-04 13:15:58,0.0,0.0,5.0
2026-03-04 13:16:13,0.0,0.0,5.0
2026-03-04 13:16:28,0.0,0.0,5.0
2026-03-04 13:16:43,0.0,0.0,5.0
2026-03-04 13:16:58,0.0,0.0,5.0
2026-03-04 13:17:13,0.0,0.0,5.0
2026-03-04 13:17:28,0.0,0.0,5.0
2026-03-04 13:17:43,0.0,0.0,5.0
2026-03-04 13:17:58,0.0,0.0,5.0
2026-03-04 13:18:13,0.0,0.0,5.0
2026-03-04 13:18:28,0.0,0.0,5.0
2026-03-04 13:18:43,0.0,0.0,5.0
2026-03-04 13:18:58,0.0,0.0,5.0
2026-03-04 13:19:13,0.0,0.0,5.0
2026-03-04 13:19:28,0.0,0.0,5.0
2026-03-04 13:19:43,0.0,0.0,5.0
2026-03-04 13:19:58,0.0,0.0,5.0
2026-03-04 13:20:13,0.0,0.0,5.0
2026-03-04 13:20:28,0.0,0.0,5.0
2026-03-04 13:20:43,0.0,0.0,5.0
2026-03-04 13:20:58,0.0,0.0,5.0
2026-03-04 13:21:13,0.0,0.0,5.0
2026-03-04 13:21:28,0.0,0.0,5.0
2026-03-04 13:21:43,0.0,0.0,5.0
2026-03-04 13:21:58,0.0,0.0,5.0
2026-03-04 13:22:13,0.0,0.0,5.0
2026-03-04 13:22:28,0.0,0.0,5.0
2026-03-04 13:22:43,0.0,0.0,5.0
2026-03-04 13:22:58,0.0,0.0,5.0
2026-03-04 13:23:13,0.0,0.0,5.0
2026-03-04 13:23:28,0.0,0.0,5.0
2026-03-04 13:23:43,0.0,0.0,5.0
2026-03-04 13:23:58,0.0,0.0,5.0
2026-03-04 13:24:13,0.0,0.0,5.0
2026-03-04 13:24:28,0.0,0.0,5.0
2026-03-04 13:24:43,0.0,0.0,5.0
2026-03-04 13:24:58,0.0,0.0,5.0
2026-03-04 13:25:13,0.0,0.0,5.0
2026-03-04 13:25:28,0.0,0.0,5.0
2026-03-04 13:25:43,0.0,0.0,5.0
2026-03-04 13:25:58,0.0,0.0,5.0
2026-03-04 13:26:13,0.0,0.0,5.0
2026-03-04 13:26:28,0.0,0.0,5.0
2026-03-04 13:26:43,0.0,0.0,5.0
2026-03-04 13:26:58,0.0,0.0,5.0
2026-03-04 13:27:13,0.0,0.0,5.0
2026-03-04 13:27:28,0.0,0.0,5.0
2026-03-04 13:27:43,0.0,0.0,5.0
2026-03-04 13:27:58,0.0,0.0,5.0
2026-03-04 13:28:13,0.0,0.0,5.0
2026-03-04 13:28:28,0.0,0.0,5.0
2026-03-04 13:28:43,0.0,0.0,5.0
2026-03-04 13:28:58,0.0,0.0,5.0
2026-03-04 13:29:13,0.0,0.0,5.0
2026-03-04 13:29:28,0.0,0.0,5.0
2026-03-04 13:29:43,0.0,0.0,5.0
2026-03-04 13:29:58,0.0,0.0,5.0
2026-03-04 13:30:13,0.0,0.0,5.0
2026-03-04 13:30:28,0.0,0.0,5.0
2026-03-04 13:30:43,0.0,0.0,5.0
2026-03-04 13:30:58,0.0,0.0,5.0
2026-03-04 13:31:13,0.0,0.0,5.0
2026-03-04 13:31:28,0.0,0.0,5.0
2026-03-04 13:31:43,0.0,0.0,5.0
2026-03-04 13:31:58,0.0,0.0,5.0
2026-03-04 13:32:13,0.0,0.0,5.0
2026-03-04 13:32:28,0.0,0.0,5.0
2026-03-04 13:32:43,0.0,0.0,5.0
2026-03-04 13:32:58,0.0,0.0,5.0
2026-03-04 13:33:13,0.0,0.0,5.0
2026-03-04 13:33:28,0.0,0.0,5.0
2026-03-04 13:33:43,0.0,0.0,5.0
2026-03-04 13:33:58,0.0,0.0,5.0
2026-03-04 13:34:13,0.0,0.0,5.0
2026-03-04 13:34:28,0.0,0.0,5.0
2026-03-04 13:34:43,0.0,0.0,5.0
2026-03-04 13:34:58,0.0,0.0,5.0
2026-03-04 13:35:13,0.0,0.0,5.0
2026-03-04 13:35:28,0.0,0.0,5.0
2026-03-04 13:35:43,0.0,0.0,5.0
2026-03-04 13:35:58,0.0,0.0,5.0
2026-03-04 13:36:13,0.0,0.0,5.0
2026-03-04 13:36:28,0.0,0.0,5.0
2026-03-04 13:36:43,0.0,0.0,5.0
2026-03-04 13:36:58,0.0,0.0,5.0
2026-03-04 13:37:13,0.0,0.0,5.0
2026-03-04 13:37:28,0.0,0.0,5.0
2026-03-04 13:37:43,0.0,0.0,5.0
2026-03-04 13:37:58,0.0,0.0,5.0
2026-03-04 13:38:13,0.0,0.0,5.0
2026-03-04 13:38:28,0.0,0.0,5.0
2026-03-04 13:38:43,0.0,0.0,5.0
2026-03-04 13:38:58,0.0,0.0,5.0
2026-03-04 13:39:13,0.0,0.0,5.0
2026-03-04 13:39:28,0.0,0.0,5.0
2026-03-04 13:39:43,0.0,0.0,5.0
2026-03-04 13:39:58,0.0,0.0,5.0
2026-03-04 13:40:13,0.0,0.0,5.0
2026-03-04 13:40:28,0.0,0.0,5.0
2026-03-04 13:40:43,0.0,0.0,5.0
2026-03-04 13:40:58,0.0,0.0,5.0
2026-03-04 13:41:13,0.0,0.0,5.0
2026-03-04 13:41:28,0.0,0.0,5.0
2026-03-04 13:41:43,0.0,0.0,5.0
2026-03-04 13:41:58,0.0,0.0,5.0
2026-03-04 13:42:13,0.0,0.0,5.0
2026-03-04 13:42:28,0.0,0.0,5.0
2026-03-04 13:42:43,0.0,0.0,5.0
2026-03-04 13:42:58,0.0,0.0,5.0
2026-03-04 13:43:13,0.0,0.0,5.0
2026-03-04 13:43:28,0.0,0.0,5.0
2026-03-04 13:43:43,0.0,0.0,5.0
2026-03-04 13:43:58,0.0,0.0,5.0
2026-03-04 13:44:13,0.0,0.0,5.0
2026-03-04 13:44:28,0.0,0.0,5.0
2026-03-04 13:44:43,0.0,0.0,5.0
2026-03-04 13:44:58,0.0,0.0,5.0
2026-03-04 13:45:13,0.0,0.0,5.0
2026-03-04 13:45:28,0.0,0.0,5.0
2026-03-04 13:45:43,0.0,0.0,5.0
2026-03-04 13:45:58,0.0,0.0,5.0
2026-03-04 13:46:13,0.0,0.0,5.0
2026-03-04 13:46:28,0.0,0.0,5.0
2026-03-04 13:46:43,0.0,0.0,5.0
2026-03-04 13:46:58,0.0,0.0,5.0
2026-03-04 13:47:13,0.0,0.0,5.0
2026-03-04 13:47:28,0.0,0.0,5.0
2026-03-04 13:47:43,0.0,0.0,5.0
2026-03-04 13:47:58,0.0,0.0,5.0
2026-03-04 13:48:13,0.0,0.0,5.0
2026-03-04 13:48:28,0.0,0.0,5.0
2026-03-04 13:48:43,0.0,0.0,5.0
2026-03-04 13:48:58,0.0,0.0,5.0
2026-03-04 13:49:13,0.0,0.0,5.0
2026-03-04 13:49:28,0.0,0.0,5.0
2026-03-04 13:49:43,0.0,0.0,5.0
2026-03-04 13:49:58,0.0,0.0,5.0
2026-03-04 13:50:13,0.0,0.0,5.0
2026-03-04 13:50:28,0.0,0.0,5.0
2026-03-04 13:50:43,0.0,0.0,5.0
2026-03-04 13:50:58,0.0,0.0,5.0
2026-03-04 13:51:13,0.0,0.0,5.0
2026-03-04 13:51:28,0.0,0.0,5.0
2026-03-04 13:51:43,0.0,0.0,5.0
2026-03-04 13:51:58,0.0,0.0,5.0
2026-03-04 13:52:13,0.0,0.0,5.0
2026-03-04 13:52:28,0.0,0.0,5.0
2026-03-04 13:52:43,0.0,0.0,5.0
2026-03-04 13:52:58,0.0,0.0,5.0
2026-03-04 13:53:13,0.0,0.0,5.0
2026-03-04 13:53:28,0.0,0.0,5.0
2026-03-04 13:53:43,0.0,0.0,5.0
2026-03-04 13:53:58,0.0,0.0,5.0
2026-03-04 13:54:13,0.0,0.0,5.0
2026-03-04 13:54:28,0.0,0.0,5.0
2026-03-04 13:54:43,0.0,0.0,5.0
2026-03-04 13:54:58,0.0,0.0,5.0
2026-03-04 13:55:13,0.0,0.0,5.0
2026-03-04 13:55:28,0.0,0.0,5.0
2026-03-04 13:55:43,0.0,0.0,5.0
2026-03-04 13:55:58,0.0,0.0,5.0
2026-03-04 13:56:13,0.0,0.0,5.0
2026-03-04 13:56:28,0.0,0.0,5.0
2026-03-04 13:56:43,0.0,0.0,5.0
2026-03-04 13:56:58,0.0,0.0,5.0
2026-03-04 13:57:13,0.0,0.0,5.0
2026-03-04 13:57:28,0.0,0.0,5.0
2026-03-04 13:57:43,0.0,0.0,5.0
2026-03-04 13:57:58,0.0,0.0,5.0
2026-03-04 13:58:13,0.0,0.0,5.0
2026-03-04 13:58:28,0.0,0.0,5.0
2026-03-04 13:58:43,0.0,0.0,5.0
2026-03-04 13:58:58,0.0,0.0,5.0
2026-03-04 13:59:13,0.0,0.0,5.0
2026-03-04 13:59:28,0.0,0.0,5.0
2026-03-04 13:59:43,0.0,0.0,5.0
2026-03-04 13:59:58,0.0,0.0,5.0
2026-03-04 14:00:13,0.0,0.0,5.0
2026-03-04 14:00:28,0.0,0.0,5.0
2026-03-04 14:00:43,0.0,0.0,5.0
2026-03-04 14:00:58,0.0,0.0,5.0
2026-03-04 14:01:13,0.0,0.0,5.0
2026-03-04 14:01:28,0.0,0.0,5.0
2026-03-04 14:01:43,0.0,0.0,5.0
2026-03-04 14:01:58,0.0,0.0,5.0
2026-03-04 14:02:13,0.0,0.0,5.0
2026-03-04 14:02:28,0.0,0.0,5.0
2026-03-04 14:02:43,0.0,0.0,5.0
2026-03-04 14:02:58,0.0,0.0,5.0
2026-03-04 14:03:13,0.0,0.0,5.0
2026-03-04 14:03:28,0.0,0.0,5.0
2026-03-04 14:03:43,0.0,0.0,5.0
2026-03-04 14:03:58,0.0,0.0,5.0
2026-03-04 14:04:13,0.0,0.0,5.0
2026-03-04 14:04:28,0.0,0.0,5.0
2026-03-04 14:04:43,0.0,0.0,5.0
2026-03-04 14:04:58,0.0,0.0,5.0
2026-03-04 14:05:13,0.0,0.0,5.0
2026-03-04 14:05:28,0.0,0.0,5.0
2026-03-04 14:05:43,0.0,0.0,5.0
2026-03-04 14:05:58,0.0,0.0,5.0
2026-03-04 14:06:13,0.0,0.0,5.0
2026-03-04 14:06:28,0.0,0.0,5.0
2026-03-04 14:06:43,0.0,0.0,5.0
2026-03-04 14:06:58,0.0,0.0,5.0
2026-03-04 14:07:13,0.0,0.0,5.0
2026-03-04 14:07:28,0.0,0.0,5.0
2026-03-04 14:07:43,0.0,0.0,5.0
2026-03-04 14:07:58,0.0,0.0,5.0
2026-03-04 14:08:13,0.0,0.0,5.0
2026-03-04 14:08:28,0.0,0.0,5.0
2026-03-04 14:08:43,0.0,0.0,5.0
2026-03-04 14:08:58,0.0,0.0,5.0
2026-03-04 14:09:13,0.0,0.0,5.0
2026-03-04 14:09:28,0.0,0.0,5.0
2026-03-04 14:09:43,0.0,0.0,5.0
2026-03-04 14:09:58,0.0,0.0,5.0
2026-03-04 14:10:13,0.0,0.0,5.0
2026-03-04 14:10:28,0.0,0.0,5.0
2026-03-04 14:10:43,0.0,0.0,5.0
2026-03-04 14:10:58,0.0,0.0,5.0
2026-03-04 14:11:13,0.0,0.0,5.0
2026-03-04 14:11:28,0.0,0.0,5.0
2026-03-04 14:11:43,0.0,0.0,5.0
2026-03-04 14:11:58,0.0,0.0,5.0
2026-03-04 14:12:13,0.0,0.0,5.0
2026-03-04 14:12:28,0.0,0.0,5.0
2026-03-04 14:12:43,0.0,0.0,5.0
2026-03-04 14:12:58,0.0,0.0,5.0
2026-03-04 14:13:13,0.0,0.0,5.0
2026-03-04 14:13:28,0.0,0.0,5.0
2026-03-04 14:13:43,0.0,0.0,5.0
2026-03-04 14:13:58,0.0,0.0,5.0
2026-03-04 14:14:13,0.0,0.0,5.0
2026-03-04 14:14:28,0.0,0.0,5.0
2026-03-04 14:14:43,0.0,0.0,5.0
2026-03-04 14:14:58,0.0,0.0,5.0
2026-03-04 14:15:13,0.0,0.0,5.0
2026-03-04 14:15:28,0.0,0.0,5.0
2026-03-04 14:15:43,0.0,0.0,5.0
2026-03-04 14:15:58,0.0,0.0,5.0
2026-03-04 14:16:13,0.0,0.0,5.0
2026-03-04 14:16:28,0.0,0.0,5.0
2026-03-04 14:16:43,0.0,0.0,5.0
2026-03-04 14:16:58,0.0,0.0,5.0
2026-03-04 14:17:13,0.0,0.0,5.0
2026-03-04 14:17:28,0.0,0.0,5.0
2026-03-04 14:17:43,0.0,0.0,5.0
2026-03-04 14:17:58,0.0,0.0,5.0
2026-03-04 14:18:13,0.0,0.0,5.0
2026-03-04 14:18:28,0.0,0.0,5.0
2026-03-04 14:18:43,0.0,0.0,5.0
2026-03-04 14:18:58,0.0,0.0,5.0
2026-03-04 14:19:13,0.0,0.0,5.0
2026-03-04 14:19:28,0.0,0.0,5.0
2026-03-04 14:19:43,0.0,0.0,5.0
2026-03-04 14:19:58,0.0,0.0,5.0
2026-03-04 14:20:13,0.0,0.0,5.0
2026-03-04 14:20:28,0.0,0.0,5.0
2026-03-04 14:20:43,0.0,0.0,5.0
2026-03-04 14:20:58,0.0,0.0,5.0
2026-03-04 14:21:13,0.0,0.0,5.0
2026-03-04 14:21:28,0.0,0.0,5.0
2026-03-04 14:21:43,0.0,0.0,5.0
2026-03-04 14:21:58,0.0,0.0,5.0
2026-03-04 14:22:13,0.0,0.0,5.0
2026-03-04 14:22:28,0.0,0.0,5.0
2026-03-04 14:22:43,0.0,0.0,5.0
2026-03-04 14:22:58,0.0,0.0,5.0
2026-03-04 14:23:13,0.0,0.0,5.0
2026-03-04 14:23:28,0.0,0.0,5.0
2026-03-04 14:23:43,0.0,0.0,5.0
2026-03-04 14:23:58,0.0,0.0,5.0
2026-03-04 14:24:13,0.0,0.0,5.0
2026-03-04 14:24:28,0.0,0.0,5.0
2026-03-04 14:24:43,0.0,0.0,5.0
2026-03-04 14:24:58,0.0,0.0,5.0
2026-03-04 14:25:13,0.0,0.0,5.0
2026-03-04 14:25:28,0.0,0.0,5.0
2026-03-04 14:25:43,0.0,0.0,5.0
2026-03-04 14:25:58,0.0,0.0,5.0
2026-03-04 14:26:13,0.0,0.0,5.0
2026-03-04 14:26:28,0.0,0.0,5.0
2026-03-04 14:26:43,0.0,0.0,5.0
2026-03-04 14:26:58,0.0,0.0,5.0
2026-03-04 14:27:13,0.0,0.0,5.0
2026-03-04 14:27:28,0.0,0.0,5.0
2026-03-04 14:27:43,0.0,0.0,5.0
2026-03-04 14:27:58,0.0,0.0,5.0
2026-03-04 14:28:13,0.0,0.0,5.0
2026-03-04 14:28:28,0.0,0.0,5.0
2026-03-04 14:28:43,0.0,0.0,5.0
2026-03-04 14:28:58,0.0,0.0,5.0
2026-03-04 14:29:13,0.0,0.0,5.0
2026-03-04 14:29:28,0.0,0.0,5.0
2026-03-04 14:29:43,0.0,0.0,5.0
2026-03-04 14:29:58,0.0,0.0,5.0
2026-03-04 14:30:13,0.0,0.0,5.0
2026-03-04 14:30:28,0.0,0.0,5.0
2026-03-04 14:30:43,0.0,0.0,5.0
2026-03-04 14:30:58,0.0,0.0,5.0
2026-03-04 14:31:13,0.0,0.0,5.0
2026-03-04 14:31:28,0.0,0.0,5.0
2026-03-04 14:31:43,0.0,0.0,5.0
2026-03-04 14:31:58,0.0,0.0,5.0
2026-03-04 14:32:13,0.0,0.0,5.0
2026-03-04 14:32:28,0.0,0.0,5.0
2026-03-04 14:32:43,0.0,0.0,5.0
2026-03-04 14:32:58,0.0,0.0,5.0
2026-03-04 14:33:13,0.0,0.0,5.0
2026-03-04 14:33:28,0.0,0.0,5.0
2026-03-04 14:33:43,0.0,0.0,5.0
2026-03-04 14:33:58,0.0,0.0,5.0
2026-03-04 14:34:13,0.0,0.0,5.0
2026-03-04 14:34:28,0.0,0.0,5.0
2026-03-04 14:34:43,0.0,0.0,5.0
2026-03-04 14:34:58,0.0,0.0,5.0
2026-03-04 14:35:13,0.0,0.0,5.0
2026-03-04 14:35:28,0.0,0.0,5.0
2026-03-04 14:35:43,0.0,0.0,5.0
2026-03-04 14:35:58,0.0,0.0,5.0
2026-03-04 14:36:13,0.0,0.0,5.0
2026-03-04 14:36:28,0.0,0.0,5.0
2026-03-04 14:36:43,0.0,0.0,5.0
2026-03-04 14:36:58,0.0,0.0,5.0
2026-03-04 14:37:13,0.0,0.0,5.0
2026-03-04 14:37:28,0.0,0.0,5.0
2026-03-04 14:37:43,0.0,0.0,5.0
2026-03-04 14:37:58,0.0,0.0,5.0
2026-03-04 14:38:13,0.0,0.0,5.0
2026-03-04 14:38:28,0.0,0.0,5.0
2026-03-04 14:38:43,0.0,0.0,5.0
2026-03-04 14:38:58,0.0,0.0,5.0
2026-03-04 14:39:13,0.0,0.0,5.0
2026-03-04 14:39:28,0.0,0.0,5.0
2026-03-04 14:39:43,0.0,0.0,5.0
2026-03-04 14:39:58,0.0,0.0,5.0
2026-03-04 14:40:13,0.0,0.0,5.0
2026-03-04 14:40:28,0.0,0.0,5.0
2026-03-04 14:40:43,0.0,0.0,5.0
2026-03-04 14:40:58,0.0,0.0,5.0
2026-03-04 14:41:13,0.0,0.0,5.0
2026-03-04 14:41:28,0.0,0.0,5.0
2026-03-04 14:41:43,0.0,0.0,5.0
2026-03-04 14:41:58,0.0,0.0,5.0
2026-03-04 14:42:13,0.0,0.0,5.0
2026-03-04 14:42:28,0.0,0.0,5.0
2026-03-04 14:42:43,0.0,0.0,5.0
2026-03-04 14:42:58,0.0,0.0,5.0
2026-03-04 14:43:13,0.0,0.0,5.0
2026-03-04 14:43:28,0.0,0.0,5.0
2026-03-04 14:43:43,0.0,0.0,5.0
2026-03-04 14:43:58,0.0,0.0,5.0
2026-03-04 14:44:13,0.0,0.0,5.0
2026-03-04 14:44:28,0.0,0.0,5.0
2026-03-04 14:44:43,0.0,0.0,5.0
2026-03-04 14:44:58,0.0,0.0,5.0
2026-03-04 14:45:13,0.0,0.0,5.0
2026-03-04 14:45:28,0.0,0.0,5.0
2026-03-04 14:45:43,0.0,0.0,5.0
2026-03-04 14:45:58,0.0,0.0,5.0
2026-03-04 14:46:13,0.0,0.0,5.0
2026-03-04 14:46:28,0.0,0.0,5.0
2026-03-04 14:46:43,0.0,0.0,5.0
2026-03-04 14:46:58,0.0,0.0,5.0
2026-03-04 14:47:13,0.0,0.0,5.0
2026-03-04 14:47:28,0.0,0.0,5.0
2026-03-04 14:47:43,0.0,0.0,5.0
2026-03-04 14:47:58,0.0,0.0,5.0
2026-03-04 14:48:13,0.0,0.0,5.0
2026-03-04 14:48:28,0.0,0.0,5.0
2026-03-04 14:48:43,0.0,0.0,5.0
2026-03-04 14:48:58,0.0,0.0,5.0
2026-03-04 14:49:13,0.0,0.0,5.0
2026-03-04 14:49:28,0.0,0.0,5.0
2026-03-04 14:49:43,0.0,0.0,5.0
2026-03-04 14:49:58,0.0,0.0,5.0
2026-03-04 14:50:13,0.0,0.0,5.0
2026-03-04 14:50:28,0.0,0.0,5.0
2026-03-04 14:50:43,0.0,0.0,5.0
2026-03-04 14:50:58,0.0,0.0,5.0
2026-03-04 14:51:13,0.0,0.0,5.0
2026-03-04 14:51:28,0.0,0.0,5.0
2026-03-04 14:51:43,0.0,0.0,5.0
2026-03-04 14:51:58,0.0,0.0,5.0
2026-03-04 14:52:13,0.0,0.0,5.0
2026-03-04 14:52:28,0.0,0.0,5.0
2026-03-04 14:52:43,0.0,0.0,5.0
2026-03-04 14:52:58,0.0,0.0,5.0
2026-03-04 14:53:13,0.0,0.0,5.0
2026-03-04 14:53:28,0.0,0.0,5.0
2026-03-04 14:53:43,0.0,0.0,5.0
2026-03-04 14:53:58,0.0,0.0,5.0
2026-03-04 14:54:13,0.0,0.0,5.0
2026-03-04 14:54:28,0.0,0.0,5.0
2026-03-04 14:54:43,0.0,0.0,5.0
2026-03-04 14:54:58,0.0,0.0,5.0
2026-03-04 14:55:13,0.0,0.0,5.0
2026-03-04 14:55:28,0.0,0.0,5.0
2026-03-04 14:55:43,0.0,0.0,5.0
2026-03-04 14:55:58,0.0,0.0,5.0
2026-03-04 14:56:13,0.0,0.0,5.0
2026-03-04 14:56:28,0.0,0.0,5.0
2026-03-04 14:56:43,0.0,0.0,5.0
2026-03-04 14:56:58,0.0,0.0,5.0
2026-03-04 14:57:13,0.0,0.0,5.0
2026-03-04 14:57:28,0.0,0.0,5.0
2026-03-04 14:57:43,0.0,0.0,5.0
2026-03-04 14:57:58,0.0,0.0,5.0
2026-03-04 14:58:13,0.0,0.0,5.0
2026-03-04 14:58:28,0.0,0.0,5.0
2026-03-04 14:58:43,0.0,0.0,5.0
2026-03-04 14:58:58,0.0,0.0,5.0
2026-03-04 14:59:13,0.0,0.0,5.0
2026-03-04 14:59:28,0.0,0.0,5.0
2026-03-04 14:59:43,0.0,0.0,5.0
2026-03-04 14:59:58,0.0,0.0,5.0
2026-03-04 15:00:13,0.0,0.0,5.0
2026-03-04 15:00:28,0.0,0.0,5.0
2026-03-04 15:00:43,0.0,0.0,5.0
2026-03-04 15:00:58,0.0,0.0,5.0
2026-03-04 15:01:13,0.0,0.0,5.0
2026-03-04 15:01:28,0.0,0.0,5.0
2026-03-04 15:01:43,0.0,0.0,5.0
2026-03-04 15:01:58,0.0,0.0,5.0
2026-03-04 15:02:13,0.0,0.0,5.0
2026-03-04 15:02:28,0.0,0.0,5.0
2026-03-04 15:02:43,0.0,0.0,5.0
2026-03-04 15:02:58,0.0,0.0,5.0
2026-03-04 15:03:13,0.0,0.0,5.0
2026-03-04 15:03:28,0.0,0.0,5.0
2026-03-04 15:03:43,0.0,0.0,5.0
2026-03-04 15:03:58,0.0,0.0,5.0
2026-03-04 15:04:13,0.0,0.0,5.0
2026-03-04 15:04:28,0.0,0.0,5.0
2026-03-04 15:04:43,0.0,0.0,5.0
2026-03-04 15:04:58,0.0,0.0,5.0
2026-03-04 15:05:13,0.0,0.0,5.0
2026-03-04 15:05:28,0.0,0.0,5.0
2026-03-04 15:05:43,0.0,0.0,5.0
2026-03-04 15:05:58,0.0,0.0,5.0
2026-03-04 15:06:13,0.0,0.0,5.0
2026-03-04 15:06:28,0.0,0.0,5.0
2026-03-04 15:06:43,0.0,0.0,5.0
2026-03-04 15:06:58,0.0,0.0,5.0
2026-03-04 15:07:13,0.0,0.0,5.0
2026-03-04 15:07:28,0.0,0.0,5.0
2026-03-04 15:07:43,0.0,0.0,5.0
2026-03-04 15:07:58,0.0,0.0,5.0
2026-03-04 15:08:13,0.0,0.0,5.0
2026-03-04 15:08:28,0.0,0.0,5.0
2026-03-04 15:08:43,0.0,0.0,5.0
2026-03-04 15:08:58,0.0,0.0,5.0
2026-03-04 15:09:13,0.0,0.0,5.0
2026-03-04 15:09:28,0.0,0.0,5.0
2026-03-04 15:09:43,0.0,0.0,5.0
2026-03-04 15:09:58,0.0,0.0,5.0
2026-03-04 15:10:13,0.0,0.0,5.0
2026-03-04 15:10:28,0.0,0.0,5.0
2026-03-04 15:10:43,0.0,0.0,5.0
2026-03-04 15:10:58,0.0,0.0,5.0
2026-03-04 15:11:13,0.0,0.0,5.0
2026-03-04 15:11:28,0.0,0.0,5.0
2026-03-04 15:11:43,0.0,0.0,5.0
2026-03-04 15:11:58,0.0,0.0,5.0
2026-03-04 15:12:13,0.0,0.0,5.0
2026-03-04 15:12:28,0.0,0.0,5.0
2026-03-04 15:12:43,0.0,0.0,5.0
2026-03-04 15:12:58,0.0,0.0,5.0
2026-03-04 15:13:13,0.0,0.0,5.0
2026-03-04 15:13:28,0.0,0.0,5.0
2026-03-04 15:13:43,0.0,0.0,5.0
2026-03-04 15:13:58,0.0,0.0,5.0
2026-03-04 15:14:13,0.0,0.0,5.0
2026-03-04 15:14:28,0.0,0.0,5.0
2026-03-04 15:14:43,0.0,0.0,5.0
2026-03-04 15:14:58,0.0,0.0,5.0
2026-03-04 15:15:13,0.0,0.0,5.0
2026-03-04 15:15:28,0.0,0.0,5.0
2026-03-04 15:15:43,0.0,0.0,5.0
2026-03-04 15:15:58,0.0,0.0,5.0
2026-03-04 15:16:13,0.0,0.0,5.0
2026-03-04 15:16:28,0.0,0.0,5.0
2026-03-04 15:16:43,0.0,0.0,5.0
2026-03-04 15:16:58,0.0,0.0,5.0
2026-03-04 15:17:13,0.0,0.0,5.0
2026-03-04 15:17:28,0.0,0.0,5.0
2026-03-04 15:17:43,0.0,0.0,5.0
2026-03-04 15:17:58,0.0,0.0,5.0
2026-03-04 15:18:13,0.0,0.0,5.0
2026-03-04 15:18:28,0.0,0.0,5.0
2026-03-04 15:18:43,0.0,0.0,5.0
2026-03-04 15:18:58,0.0,0.0,5.0
2026-03-04 15:19:13,0.0,0.0,5.0
2026-03-04 15:19:28,0.0,0.0,5.0
2026-03-04 15:19:43,0.0,0.0,5.0
2026-03-04 15:19:58,0.0,0.0,5.0
2026-03-04 15:20:13,0.0,0.0,5.0
2026-03-04 15:20:28,0.0,0.0,5.0
2026-03-04 15:20:43,0.0,0.0,5.0
2026-03-04 15:20:58,0.0,0.0,5.0
2026-03-04 15:21:13,0.0,0.0,5.0
2026-03-04 15:21:28,0.0,0.0,5.0
2026-03-04 15:21:43,0.0,0.0,5.0
2026-03-04 15:21:58,0.0,0.0,5.0
2026-03-04 15:22:13,0.0,0.0,5.0
2026-03-04 15:22:28,0.0,0.0,5.0
2026-03-04 15:22:43,0.0,0.0,5.0
2026-03-04 15:22:58,0.0,0.0,5.0
2026-03-04 15:23:13,0.0,0.0,5.0
2026-03-04 15:23:28,0.0,0.0,5.0
2026-03-04 15:23:43,0.0,0.0,5.0
2026-03-04 15:23:58,0.0,0.0,5.0
2026-03-04 15:24:13,0.0,0.0,5.0
2026-03-04 15:24:28,0.0,0.0,5.0
2026-03-04 15:24:43,0.0,0.0,5.0
2026-03-04 15:24:58,0.0,0.0,5.0
2026-03-04 15:25:13,0.0,0.0,5.0
2026-03-04 15:25:28,0.0,0.0,5.0
2026-03-04 15:25:43,0.0,0.0,5.0
2026-03-04 15:25:58,0.0,0.0,5.0
2026-03-04 15:26:13,0.0,0.0,5.0
2026-03-04 15:26:28,0.0,0.0,5.0
2026-03-04 15:26:43,0.0,0.0,5.0
2026-03-04 15:26:58,0.0,0.0,5.0
2026-03-04 15:27:13,0.0,0.0,5.0
2026-03-04 15:27:28,0.0,0.0,5.0
2026-03-04 15:27:43,0.0,0.0,5.0
2026-03-04 15:27:58,0.0,0.0,5.0
2026-03-04 15:28:13,0.0,0.0,5.0
2026-03-04 15:28:28,0.0,0.0,5.0
2026-03-04 15:28:43,0.0,0.0,5.0
2026-03-04 15:28:58,0.0,0.0,5.0
2026-03-04 15:29:13,0.0,0.0,5.0
2026-03-04 15:29:28,0.0,0.0,5.0
2026-03-04 15:29:43,0.0,0.0,5.0
2026-03-04 15:29:58,0.0,0.0,5.0
2026-03-04 15:30:13,0.0,0.0,5.0
2026-03-04 15:30:28,0.0,0.0,5.0
2026-03-04 15:30:43,0.0,0.0,5.0
2026-03-04 15:30:58,0.0,0.0,5.0
2026-03-04 15:31:13,0.0,0.0,5.0
2026-03-04 15:31:28,0.0,0.0,5.0
2026-03-04 15:31:43,0.0,0.0,5.0
2026-03-04 15:31:58,0.0,0.0,5.0
2026-03-04 15:32:13,0.0,0.0,5.0
2026-03-04 15:32:28,0.0,0.0,5.0
2026-03-04 15:32:43,0.0,0.0,5.0
2026-03-04 15:32:58,0.0,0.0,5.0
2026-03-04 15:33:13,0.0,0.0,5.0
2026-03-04 15:33:28,0.0,0.0,5.0
2026-03-04 15:33:43,0.0,0.0,5.0
2026-03-04 15:33:58,0.0,0.0,5.0
2026-03-04 15:34:13,0.0,0.0,5.0
2026-03-04 15:34:28,0.0,0.0,5.0
2026-03-04 15:34:43,0.0,0.0,5.0
2026-03-04 15:34:58,0.0,0.0,5.0
2026-03-04 15:35:13,0.0,0.0,5.0
2026-03-04 15:35:28,0.0,0.0,5.0
2026-03-04 15:35:43,0.0,0.0,5.0
2026-03-04 15:35:58,0.0,0.0,5.0
2026-03-04 15:36:13,0.0,0.0,5.0
2026-03-04 15:36:28,0.0,0.0,5.0
2026-03-04 15:36:43,0.0,0.0,5.0
2026-03-04 15:36:58,0.0,0.0,5.0
2026-03-04 15:37:13,0.0,0.0,5.0
2026-03-04 15:37:28,0.0,0.0,5.0
2026-03-04 15:37:43,0.0,0.0,5.0
2026-03-04 15:37:58,0.0,0.0,5.0
2026-03-04 15:38:13,0.0,0.0,5.0
2026-03-04 15:38:28,0.0,0.0,5.0
2026-03-04 15:38:43,0.0,0.0,5.0
2026-03-04 15:38:58,0.0,0.0,5.0
2026-03-04 15:39:13,0.0,0.0,5.0
2026-03-04 15:39:28,0.0,0.0,5.0
2026-03-04 15:39:43,0.0,0.0,5.0
2026-03-04 15:39:58,0.0,0.0,5.0
2026-03-04 15:40:13,0.0,0.0,5.0
2026-03-04 15:40:28,0.0,0.0,5.0
2026-03-04 15:40:43,0.0,0.0,5.0
2026-03-04 15:40:58,0.0,0.0,5.0
2026-03-04 15:41:13,0.0,0.0,5.0
2026-03-04 15:41:28,0.0,0.0,5.0
2026-03-04 15:41:43,0.0,0.0,5.0
2026-03-04 15:41:58,0.0,0.0,5.0
2026-03-04 15:42:13,0.0,0.0,5.0
2026-03-04 15:42:28,0.0,0.0,5.0
2026-03-04 15:42:43,0.0,0.0,5.0
2026-03-04 15:42:58,0.0,0.0,5.0
2026-03-04 15:43:13,0.0,0.0,5.0
2026-03-04 15:43:28,0.0,0.0,5.0
2026-03-04 15:43:43,0.0,0.0,5.0
2026-03-04 15:43:58,0.0,0.0,5.0
2026-03-04 15:44:13,0.0,0.0,5.0
2026-03-04 15:44:28,0.0,0.0,5.0
2026-03-04 15:44:43,0.0,0.0,5.0
2026-03-04 15:44:58,0.0,0.0,5.0
2026-03-04 15:45:13,0.0,0.0,5.0
2026-03-04 15:45:28,0.0,0.0,5.0
2026-03-04 15:45:43,0.0,0.0,5.0
2026-03-04 15:45:58,0.0,0.0,5.0
2026-03-04 15:46:13,0.0,0.0,5.0
2026-03-04 15:46:28,0.0,0.0,5.0
2026-03-04 15:46:43,0.0,0.0,5.0
2026-03-04 15:46:58,0.0,0.0,5.0
2026-03-04 15:47:13,0.0,0.0,5.0
2026-03-04 15:47:28,0.0,0.0,5.0
2026-03-04 15:47:43,0.0,0.0,5.0
2026-03-04 15:47:58,0.0,0.0,5.0
2026-03-04 15:48:13,0.0,0.0,5.0
2026-03-04 15:48:28,0.0,0.0,5.0
2026-03-04 15:48:43,0.0,0.0,5.0
2026-03-04 15:48:58,0.0,0.0,5.0
2026-03-04 15:49:13,0.0,0.0,5.0
2026-03-04 15:49:28,0.0,0.0,5.0
2026-03-04 15:49:43,0.0,0.0,5.0
2026-03-04 15:49:58,0.0,0.0,5.0
2026-03-04 15:50:13,0.0,0.0,5.0
2026-03-04 15:50:28,0.0,0.0,5.0
2026-03-04 15:50:43,0.0,0.0,5.0
2026-03-04 15:50:58,0.0,0.0,5.0
2026-03-04 15:51:13,0.0,0.0,5.0
2026-03-04 15:51:28,0.0,0.0,5.0
2026-03-04 15:51:43,0.0,0.0,5.0
2026-03-04 15:51:58,0.0,0.0,5.0
2026-03-04 15:52:13,0.0,0.0,5.0
2026-03-04 15:52:28,0.0,0.0,5.0
2026-03-04 15:52:43,0.0,0.0,5.0
2026-03-04 15:52:58,0.0,0.0,5.0
2026-03-04 15:53:13,0.0,0.0,5.0
2026-03-04 15:53:28,0.0,0.0,5.0
2026-03-04 15:53:43,0.0,0.0,5.0
2026-03-04 15:53:58,0.0,0.0,5.0
2026-03-04 15:54:13,0.0,0.0,5.0
2026-03-04 15:54:28,0.0,0.0,5.0
2026-03-04 15:54:43,0.0,0.0,5.0
2026-03-04 15:54:58,0.0,0.0,5.0
2026-03-04 15:55:13,0.0,0.0,5.0
2026-03-04 15:55:28,0.0,0.0,5.0
2026-03-04 15:55:43,0.0,0.0,5.0
2026-03-04 15:55:58,0.0,0.0,5.0
2026-03-04 15:56:13,0.0,0.0,5.0
2026-03-04 15:56:28,0.0,0.0,5.0
2026-03-04 15:56:43,0.0,0.0,5.0
2026-03-04 15:56:58,0.0,0.0,5.0
2026-03-04 15:57:13,0.0,0.0,5.0
2026-03-04 15:57:28,0.0,0.0,5.0
2026-03-04 15:57:43,0.0,0.0,5.0
2026-03-04 15:57:58,0.0,0.0,5.0
2026-03-04 15:58:13,0.0,0.0,5.0
2026-03-04 15:58:28,0.0,0.0,5.0
2026-03-04 15:58:43,0.0,0.0,5.0
2026-03-04 15:58:58,0.0,0.0,5.0
2026-03-04 15:59:13,0.0,0.0,5.0
2026-03-04 15:59:28,0.0,0.0,5.0
2026-03-04 15:59:43,0.0,0.0,5.0
2026-03-04 15:59:58,0.0,0.0,5.0
2026-03-04 16:00:13,0.0,0.0,5.0
2026-03-04 16:00:28,0.0,0.0,5.0
2026-03-04 16:00:43,0.0,0.0,5.0
2026-03-04 16:00:58,0.0,0.0,5.0
2026-03-04 16:01:13,0.0,0.0,5.0
2026-03-04 16:01:28,0.0,0.0,5.0
2026-03-04 16:01:43,0.0,0.0,5.0
2026-03-04 16:01:58,0.0,0.0,5.0
2026-03-04 16:02:13,0.0,0.0,5.0
2026-03-04 16:02:28,0.0,0.0,5.0
2026-03-04 16:02:43,0.0,0.0,5.0
2026-03-04 16:02:58,0.0,0.0,5.0
2026-03-04 16:03:13,0.0,0.0,5.0
2026-03-04 16:03:28,0.0,0.0,5.0
2026-03-04 16:03:43,0.0,0.0,5.0
2026-03-04 16:03:58,0.0,0.0,5.0
2026-03-04 16:04:13,0.0,0.0,5.0
2026-03-04 16:04:28,0.0,0.0,5.0
2026-03-04 16:04:43,0.0,0.0,5.0
2026-03-04 16:04:58,0.0,0.0,5.0
2026-03-04 16:05:13,0.0,0.0,5.0
2026-03-04 16:05:28,0.0,0.0,5.0
2026-03-04 16:05:43,0.0,0.0,5.0
2026-03-04 16:05:58,0.0,0.0,5.0
2026-03-04 16:06:13,0.0,0.0,5.0
2026-03-04 16:06:28,0.0,0.0,5.0
2026-03-04 16:06:43,0.0,0.0,5.0
2026-03-04 16:06:58,0.0,0.0,5.0
2026-03-04 16:07:13,0.0,0.0,5.0
2026-03-04 16:07:28,0.0,0.0,5.0
2026-03-04 16:07:43,0.0,0.0,5.0
2026-03-04 16:07:58,0.0,0.0,5.0
2026-03-04 16:08:13,0.0,0.0,5.0
2026-03-04 16:08:28,0.0,0.0,5.0
2026-03-04 16:08:43,0.0,0.0,5.0
2026-03-04 16:08:58,0.0,0.0,5.0
2026-03-04 16:09:13,0.0,0.0,5.0
2026-03-04 16:09:28,0.0,0.0,5.0
2026-03-04 16:09:43,0.0,0.0,5.0
2026-03-04 16:09:58,0.0,0.0,5.0
2026-03-04 16:10:13,0.0,0.0,5.0
2026-03-04 16:10:28,0.0,0.0,5.0
2026-03-04 16:10:43,0.0,0.0,5.0
2026-03-04 16:10:58,0.0,0.0,5.0
2026-03-04 16:11:13,0.0,0.0,5.0
2026-03-04 16:11:28,0.0,0.0,5.0
2026-03-04 16:11:43,0.0,0.0,5.0
2026-03-04 16:11:58,0.0,0.0,5.0
2026-03-04 16:12:13,0.0,0.0,5.0
2026-03-04 16:12:28,0.0,0.0,5.0
2026-03-04 16:12:43,0.0,0.0,5.0
2026-03-04 16:12:58,0.0,0.0,5.0
2026-03-04 16:13:13,0.0,0.0,5.0
2026-03-04 16:13:28,0.0,0.0,5.0
2026-03-04 16:13:43,0.0,0.0,5.0
2026-03-04 16:13:58,0.0,0.0,5.0
2026-03-04 16:14:13,0.0,0.0,5.0
2026-03-04 16:14:28,0.0,0.0,5.0
2026-03-04 16:14:43,0.0,0.0,5.0
2026-03-04 16:14:58,0.0,0.0,5.0
2026-03-04 16:15:13,0.0,0.0,5.0
2026-03-04 16:15:28,0.0,0.0,5.0
2026-03-04 16:15:43,0.0,0.0,5.0
2026-03-04 16:15:58,0.0,0.0,5.0
2026-03-04 16:16:13,0.0,0.0,5.0
2026-03-04 16:16:28,0.0,0.0,5.0
2026-03-04 16:16:43,0.0,0.0,5.0
2026-03-04 16:16:58,0.0,0.0,5.0
2026-03-04 16:17:13,0.0,0.0,5.0
2026-03-04 16:17:28,0.0,0.0,5.0
2026-03-04 16:17:43,0.0,0.0,5.0
2026-03-04 16:17:58,0.0,0.0,5.0
2026-03-04 16:18:13,0.0,0.0,5.0
2026-03-04 16:18:28,0.0,0.0,5.0
2026-03-04 16:18:43,0.0,0.0,5.0
2026-03-04 16:18:58,0.0,0.0,5.0
2026-03-04 16:19:13,0.0,0.0,5.0
2026-03-04 16:19:28,0.0,0.0,5.0
2026-03-04 16:19:43,0.0,0.0,5.0
2026-03-04 16:19:58,0.0,0.0,5.0
2026-03-04 16:20:13,0.0,0.0,5.0
2026-03-04 16:20:28,0.0,0.0,5.0
2026-03-04 16:20:43,0.0,0.0,5.0
2026-03-04 16:20:58,0.0,0.0,5.0
2026-03-04 16:21:13,0.0,0.0,5.0
2026-03-04 16:21:28,0.0,0.0,5.0
2026-03-04 16:21:43,0.0,0.0,5.0
2026-03-04 16:21:58,0.0,0.0,5.0
2026-03-04 16:22:13,0.0,0.0,5.0
2026-03-04 16:22:28,0.0,0.0,5.0
2026-03-04 16:22:43,0.0,0.0,5.0
2026-03-04 16:22:58,0.0,0.0,5.0
2026-03-04 16:23:13,0.0,0.0,5.0
2026-03-04 16:23:28,0.0,0.0,5.0
2026-03-04 16:23:43,0.0,0.0,5.0
2026-03-04 16:23:58,0.0,0.0,5.0
2026-03-04 16:24:13,0.0,0.0,5.0
2026-03-04 16:24:28,0.0,0.0,5.0
2026-03-04 16:24:43,0.0,0.0,5.0
2026-03-04 16:24:58,0.0,0.0,5.0
2026-03-04 16:25:13,0.0,0.0,5.0
2026-03-04 16:25:28,0.0,0.0,5.0
2026-03-04 16:25:43,0.0,0.0,5.0
2026-03-04 16:25:58,0.0,0.0,5.0
2026-03-04 16:26:13,0.0,0.0,5.0
2026-03-04 16:26:28,0.0,0.0,5.0
2026-03-04 16:26:43,0.0,0.0,5.0
2026-03-04 16:26:58,0.0,0.0,5.0
2026-03-04 16:27:13,0.0,0.0,5.0
2026-03-04 16:27:28,0.0,0.0,5.0
2026-03-04 16:27:43,0.0,0.0,5.0
2026-03-04 16:27:58,0.0,0.0,5.0
2026-03-04 16:28:13,0.0,0.0,5.0
2026-03-04 16:28:28,0.0,0.0,5.0
2026-03-04 16:28:43,0.0,0.0,5.0
2026-03-04 16:28:58,0.0,0.0,5.0
2026-03-04 16:29:13,0.0,0.0,5.0
2026-03-04 16:29:28,0.0,0.0,5.0
2026-03-04 16:29:43,0.0,0.0,5.0
2026-03-04 16:29:58,0.0,0.0,5.0
2026-03-04 16:30:13,0.0,0.0,5.0
2026-03-04 16:30:28,0.0,0.0,5.0
2026-03-04 16:30:43,0.0,0.0,5.0
2026-03-04 16:30:58,0.0,0.0,5.0
2026-03-04 16:31:13,0.0,0.0,5.0
2026-03-04 16:31:28,0.0,0.0,5.0
2026-03-04 16:31:43,0.0,0.0,5.0
2026-03-04 16:31:58,0.0,0.0,5.0
2026-03-04 16:32:13,0.0,0.0,5.0
2026-03-04 16:32:28,0.0,0.0,5.0
2026-03-04 16:32:43,0.0,0.0,5.0
2026-03-04 16:32:58,0.0,0.0,5.0
2026-03-04 16:33:13,0.0,0.0,5.0
2026-03-04 16:33:28,0.0,0.0,5.0
2026-03-04 16:33:43,0.0,0.0,5.0
2026-03-04 16:33:58,0.0,0.0,5.0
2026-03-04 16:34:13,0.0,0.0,5.0
2026-03-04 16:34:28,0.0,0.0,5.0
2026-03-04 16:34:43,0.0,0.0,5.0
2026-03-04 16:34:58,0.0,0.0,5.0
2026-03-04 16:35:13,0.0,0.0,5.0
2026-03-04 16:35:28,0.0,0.0,5.0
2026-03-04 16:35:43,0.0,0.0,5.0
2026-03-04 16:35:58,0.0,0.0,5.0
2026-03-04 16:36:13,0.0,0.0,5.0
2026-03-04 16:36:28,0.0,0.0,5.0
2026-03-04 16:36:43,0.0,0.0,5.0
2026-03-04 16:36:58,0.0,0.0,5.0
2026-03-04 16:37:13,0.0,0.0,5.0
2026-03-04 16:37:28,0.0,0.0,5.0
2026-03-04 16:37:43,0.0,0.0,5.0
2026-03-04 16:37:58,0.0,0.0,5.0
2026-03-04 16:38:13,0.0,0.0,5.0
2026-03-04 16:38:28,0.0,0.0,5.0
2026-03-04 16:38:43,0.0,0.0,5.0
2026-03-04 16:38:58,0.0,0.0,5.0
2026-03-04 16:39:13,0.0,0.0,5.0
2026-03-04 16:39:28,0.0,0.0,5.0
2026-03-04 16:39:43,0.0,0.0,5.0
2026-03-04 16:39:58,0.0,0.0,5.0
2026-03-04 16:40:13,0.0,0.0,5.0
2026-03-04 16:40:28,0.0,0.0,5.0
2026-03-04 16:40:43,0.0,0.0,5.0
2026-03-04 16:40:58,0.0,0.0,5.0
2026-03-04 16:41:13,0.0,0.0,5.0
2026-03-04 16:41:28,0.0,0.0,5.0
2026-03-04 16:41:43,0.0,0.0,5.0
2026-03-04 16:41:58,0.0,0.0,5.0
2026-03-04 16:42:13,0.0,0.0,5.0
2026-03-04 16:42:28,0.0,0.0,5.0
2026-03-04 16:42:43,0.0,0.0,5.0
2026-03-04 16:42:58,0.0,0.0,5.0
2026-03-04 16:43:13,0.0,0.0,5.0
2026-03-04 16:43:28,0.0,0.0,5.0
2026-03-04 16:43:43,0.0,0.0,5.0
2026-03-04 16:43:58,0.0,0.0,5.0
2026-03-04 16:44:13,0.0,0.0,5.0
2026-03-04 16:44:28,0.0,0.0,5.0
2026-03-04 16:44:43,0.0,0.0,5.0
2026-03-04 16:44:58,0.0,0.0,5.0
2026-03-04 16:45:13,0.0,0.0,5.0
2026-03-04 16:45:28,0.0,0.0,5.0
2026-03-04 16:45:43,0.0,0.0,5.0
2026-03-04 16:45:58,0.0,0.0,5.0
2026-03-04 16:46:13,0.0,0.0,5.0
2026-03-04 16:46:28,0.0,0.0,5.0
2026-03-04 16:46:43,0.0,0.0,5.0
2026-03-04 16:46:58,0.0,0.0,5.0
2026-03-04 16:47:13,0.0,0.0,5.0
2026-03-04 16:47:28,0.0,0.0,5.0
2026-03-04 16:47:43,0.0,0.0,5.0
2026-03-04 16:47:58,0.0,0.0,5.0
2026-03-04 16:48:13,0.0,0.0,5.0
2026-03-04 16:48:28,0.0,0.0,5.0
2026-03-04 16:48:43,0.0,0.0,5.0
2026-03-04 16:48:58,0.0,0.0,5.0
2026-03-04 16:49:13,0.0,0.0,5.0
2026-03-04 16:49:28,0.0,0.0,5.0
2026-03-04 16:49:43,0.0,0.0,5.0
2026-03-04 16:49:58,0.0,0.0,5.0
2026-03-04 16:50:13,0.0,0.0,5.0
2026-03-04 16:50:28,0.0,0.0,5.0
2026-03-04 16:50:43,0.0,0.0,5.0
2026-03-04 16:50:58,0.0,0.0,5.0
2026-03-04 16:51:13,0.0,0.0,5.0
2026-03-04 16:51:28,0.0,0.0,5.0
2026-03-04 16:51:43,0.0,0.0,5.0
2026-03-04 16:51:58,0.0,0.0,5.0
2026-03-04 16:52:13,0.0,0.0,5.0
2026-03-04 16:52:28,0.0,0.0,5.0
2026-03-04 16:52:43,0.0,0.0,5.0
2026-03-04 16:52:58,0.0,0.0,5.0
2026-03-04 16:53:13,0.0,0.0,5.0
2026-03-04 16:53:28,0.0,0.0,5.0
2026-03-04 16:53:43,0.0,0.0,5.0
2026-03-04 16:53:58,0.0,0.0,5.0
2026-03-04 16:54:13,0.0,0.0,5.0
2026-03-04 16:54:28,0.0,0.0,5.0
2026-03-04 16:54:43,0.0,0.0,5.0
2026-03-04 16:54:58,0.0,0.0,5.0
2026-03-04 16:55:13,0.0,0.0,5.0
2026-03-04 16:55:28,0.0,0.0,5.0
2026-03-04 16:55:43,0.0,0.0,5.0
2026-03-04 16:55:58,0.0,0.0,5.0
2026-03-04 16:56:13,0.0,0.0,5.0
2026-03-04 16:56:28,0.0,0.0,5.0
2026-03-04 16:56:43,0.0,0.0,5.0
2026-03-04 16:56:58,0.0,0.0,5.0
2026-03-04 16:57:13,0.0,0.0,5.0
2026-03-04 16:57:28,0.0,0.0,5.0
2026-03-04 16:57:43,0.0,0.0,5.0
2026-03-04 16:57:58,0.0,0.0,5.0
2026-03-04 16:58:13,0.0,0.0,5.0
2026-03-04 16:58:28,0.0,0.0,5.0
2026-03-04 16:58:43,0.0,0.0,5.0
2026-03-04 16:58:58,0.0,0.0,5.0
2026-03-04 16:59:13,0.0,0.0,5.0
2026-03-04 16:59:28,0.0,0.0,5.0
2026-03-04 16:59:43,0.0,0.0,5.0
2026-03-04 16:59:58,0.0,0.0,5.0
2026-03-04 17:00:13,0.0,0.0,5.0
2026-03-04 17:00:28,0.0,0.0,5.0
2026-03-04 17:00:43,0.0,0.0,5.0
2026-03-04 17:00:58,0.0,0.0,5.0
2026-03-04 17:01:13,0.0,0.0,5.0
2026-03-04 17:01:28,0.0,0.0,5.0
2026-03-04 17:01:43,0.0,0.0,5.0
2026-03-04 17:01:58,0.0,0.0,5.0
2026-03-04 17:02:13,0.0,0.0,5.0
2026-03-04 17:02:28,0.0,0.0,5.0
2026-03-04 17:02:43,0.0,0.0,5.0
2026-03-04 17:02:58,0.0,0.0,5.0
2026-03-04 17:03:13,0.0,0.0,5.0
2026-03-04 17:03:28,0.0,0.0,5.0
2026-03-04 17:03:43,0.0,0.0,5.0
2026-03-04 17:03:58,0.0,0.0,5.0
2026-03-04 17:04:13,0.0,0.0,5.0
2026-03-04 17:04:28,0.0,0.0,5.0
2026-03-04 17:04:43,0.0,0.0,5.0
2026-03-04 17:04:58,0.0,0.0,5.0
2026-03-04 17:05:13,0.0,0.0,5.0
2026-03-04 17:05:28,0.0,0.0,5.0
2026-03-04 17:05:43,0.0,0.0,5.0
2026-03-04 17:05:58,0.0,0.0,5.0
2026-03-04 17:06:13,0.0,0.0,5.0
2026-03-04 17:06:28,0.0,0.0,5.0
2026-03-04 17:06:43,0.0,0.0,5.0
2026-03-04 17:06:58,0.0,0.0,5.0
2026-03-04 17:07:13,0.0,0.0,5.0
2026-03-04 17:07:28,0.0,0.0,5.0
2026-03-04 17:07:43,0.0,0.0,5.0
2026-03-04 17:07:58,0.0,0.0,5.0
2026-03-04 17:08:13,0.0,0.0,5.0
2026-03-04 17:08:28,0.0,0.0,5.0
2026-03-04 17:08:43,0.0,0.0,5.0
2026-03-04 17:08:58,0.0,0.0,5.0
2026-03-04 17:09:13,0.0,0.0,5.0
2026-03-04 17:09:28,0.0,0.0,5.0
2026-03-04 17:09:43,0.0,0.0,5.0
2026-03-04 17:09:58,0.0,0.0,5.0
2026-03-04 17:10:13,0.0,0.0,5.0
2026-03-04 17:10:28,0.0,0.0,5.0
2026-03-04 17:10:43,0.0,0.0,5.0
2026-03-04 17:10:58,0.0,0.0,5.0
2026-03-04 17:11:13,0.0,0.0,5.0
2026-03-04 17:11:28,0.0,0.0,5.0
2026-03-04 17:11:43,0.0,0.0,5.0
2026-03-04 17:11:58,0.0,0.0,5.0
2026-03-04 17:12:13,0.0,0.0,5.0
2026-03-04 17:12:28,0.0,0.0,5.0
2026-03-04 17:12:43,0.0,0.0,5.0
2026-03-04 17:12:58,0.0,0.0,5.0
2026-03-04 17:13:13,0.0,0.0,5.0
2026-03-04 17:13:28,0.0,0.0,5.0
2026-03-04 17:13:43,0.0,0.0,5.0
2026-03-04 17:13:58,0.0,0.0,5.0
2026-03-04 17:14:13,0.0,0.0,5.0
2026-03-04 17:14:28,0.0,0.0,5.0
2026-03-04 17:14:43,0.0,0.0,5.0
2026-03-04 17:14:58,0.0,0.0,5.0
2026-03-04 17:15:13,0.0,0.0,5.0
2026-03-04 17:15:28,0.0,0.0,5.0
2026-03-04 17:15:43,0.0,0.0,5.0
2026-03-04 17:15:58,0.0,0.0,5.0
2026-03-04 17:16:13,0.0,0.0,5.0
2026-03-04 17:16:28,0.0,0.0,5.0
2026-03-04 17:16:43,0.0,0.0,5.0
2026-03-04 17:16:58,0.0,0.0,5.0
2026-03-04 17:17:13,0.0,0.0,5.0
2026-03-04 17:17:28,0.0,0.0,5.0
2026-03-04 17:17:43,0.0,0.0,5.0
2026-03-04 17:17:58,0.0,0.0,5.0
2026-03-04 17:18:13,0.0,0.0,5.0
2026-03-04 17:18:28,0.0,0.0,5.0
2026-03-04 17:18:43,0.0,0.0,5.0
2026-03-04 17:18:58,0.0,0.0,5.0
2026-03-04 17:19:13,0.0,0.0,5.0
2026-03-04 17:19:28,0.0,0.0,5.0
2026-03-04 17:19:43,0.0,0.0,5.0
2026-03-04 17:19:58,0.0,0.0,5.0
2026-03-04 17:20:13,0.0,0.0,5.0
2026-03-04 17:20:28,0.0,0.0,5.0
2026-03-04 17:20:43,0.0,0.0,5.0
2026-03-04 17:20:58,0.0,0.0,5.0
2026-03-04 17:21:13,0.0,0.0,5.0
2026-03-04 17:21:28,0.0,0.0,5.0
2026-03-04 17:21:43,0.0,0.0,5.0
2026-03-04 17:21:58,0.0,0.0,5.0
2026-03-04 17:22:13,0.0,0.0,5.0
2026-03-04 17:22:28,0.0,0.0,5.0
2026-03-04 17:22:43,0.0,0.0,5.0
2026-03-04 17:22:58,0.0,0.0,5.0
2026-03-04 17:23:13,0.0,0.0,5.0
2026-03-04 17:23:28,0.0,0.0,5.0
2026-03-04 17:23:43,0.0,0.0,5.0
2026-03-04 17:23:58,0.0,0.0,5.0
2026-03-04 17:24:13,0.0,0.0,5.0
2026-03-04 17:24:28,0.0,0.0,5.0
2026-03-04 17:24:43,0.0,0.0,5.0
2026-03-04 17:24:58,0.0,0.0,5.0
2026-03-04 17:25:13,0.0,0.0,5.0
2026-03-04 17:25:28,0.0,0.0,5.0
2026-03-04 17:25:43,0.0,0.0,5.0
2026-03-04 17:25:58,0.0,0.0,5.0
2026-03-04 17:26:13,0.0,0.0,5.0
2026-03-04 17:26:28,0.0,0.0,5.0
2026-03-04 17:26:43,0.0,0.0,5.0
2026-03-04 17:26:58,0.0,0.0,5.0
2026-03-04 17:27:13,0.0,0.0,5.0
2026-03-04 17:27:28,0.0,0.0,5.0
2026-03-04 17:27:43,0.0,0.0,5.0
2026-03-04 17:27:58,0.0,0.0,5.0
2026-03-04 17:28:13,0.0,0.0,5.0
2026-03-04 17:28:28,0.0,0.0,5.0
2026-03-04 17:28:43,0.0,0.0,5.0
2026-03-04 17:28:58,0.0,0.0,5.0
2026-03-04 17:29:13,0.0,0.0,5.0
2026-03-04 17:29:28,0.0,0.0,5.0
2026-03-04 17:29:43,0.0,0.0,5.0
2026-03-04 17:29:58,0.0,0.0,5.0
2026-03-04 17:30:13,0.0,0.0,5.0
2026-03-04 17:30:28,0.0,0.0,5.0
2026-03-04 17:30:43,0.0,0.0,5.0
2026-03-04 17:30:58,0.0,0.0,5.0
2026-03-04 17:31:13,0.0,0.0,5.0
2026-03-04 17:31:28,0.0,0.0,5.0
2026-03-04 17:31:43,0.0,0.0,5.0
2026-03-04 17:31:58,0.0,0.0,5.0
2026-03-04 17:32:13,0.0,0.0,5.0
2026-03-04 17:32:28,0.0,0.0,5.0
2026-03-04 17:32:43,0.0,0.0,5.0
2026-03-04 17:32:58,0.0,0.0,5.0
2026-03-04 17:33:13,0.0,0.0,5.0
2026-03-04 17:33:28,0.0,0.0,5.0
2026-03-04 17:33:43,0.0,0.0,5.0
2026-03-04 17:33:58,0.0,0.0,5.0
2026-03-04 17:34:13,0.0,0.0,5.0
2026-03-04 17:34:28,0.0,0.0,5.0
2026-03-04 17:34:43,0.0,0.0,5.0
2026-03-04 17:34:58,0.0,0.0,5.0
2026-03-04 17:35:13,0.0,0.0,5.0
2026-03-04 17:35:28,0.0,0.0,5.0
2026-03-04 17:35:43,0.0,0.0,5.0
2026-03-04 17:35:58,0.0,0.0,5.0
2026-03-04 17:36:13,0.0,0.0,5.0
2026-03-04 17:36:28,0.0,0.0,5.0
2026-03-04 17:36:43,0.0,0.0,5.0
2026-03-04 17:36:58,0.0,0.0,5.0
2026-03-04 17:37:13,0.0,0.0,5.0
2026-03-04 17:37:28,0.0,0.0,5.0
2026-03-04 17:37:43,0.0,0.0,5.0
2026-03-04 17:37:58,0.0,0.0,5.0
2026-03-04 17:38:13,0.0,0.0,5.0
2026-03-04 17:38:28,0.0,0.0,5.0
2026-03-04 17:38:43,0.0,0.0,5.0
2026-03-04 17:38:58,0.0,0.0,5.0
2026-03-04 17:39:13,0.0,0.0,5.0
2026-03-04 17:39:28,0.0,0.0,5.0
2026-03-04 17:39:43,0.0,0.0,5.0
2026-03-04 17:39:58,0.0,0.0,5.0
2026-03-04 17:40:13,0.0,0.0,5.0
2026-03-04 17:40:28,0.0,0.0,5.0
2026-03-04 17:40:43,0.0,0.0,5.0
2026-03-04 17:40:58,0.0,0.0,5.0
2026-03-04 17:41:13,0.0,0.0,5.0
2026-03-04 17:41:28,0.0,0.0,5.0
2026-03-04 17:41:43,0.0,0.0,5.0
2026-03-04 17:41:58,0.0,0.0,5.0
2026-03-04 17:42:13,0.0,0.0,5.0
2026-03-04 17:42:28,0.0,0.0,5.0
2026-03-04 17:42:43,0.0,0.0,5.0
2026-03-04 17:42:58,0.0,0.0,5.0
2026-03-04 17:43:13,0.0,0.0,5.0
2026-03-04 17:43:28,0.0,0.0,5.0
2026-03-04 17:43:43,0.0,0.0,5.0
2026-03-04 17:43:58,0.0,0.0,5.0
2026-03-04 17:44:13,0.0,0.0,5.0
2026-03-04 17:44:28,0.0,0.0,5.0
2026-03-04 17:44:43,0.0,0.0,5.0
2026-03-04 17:44:58,0.0,0.0,5.0
2026-03-04 17:45:13,0.0,0.0,5.0
2026-03-04 17:45:28,0.0,0.0,5.0
2026-03-04 17:45:43,0.0,0.0,5.0
2026-03-04 17:45:58,0.0,0.0,5.0
2026-03-04 17:46:13,0.0,0.0,5.0
2026-03-04 17:46:28,0.0,0.0,5.0
2026-03-04 17:46:43,0.0,0.0,5.0
2026-03-04 17:46:58,0.0,0.0,5.0
2026-03-04 17:47:13,0.0,0.0,5.0
2026-03-04 17:47:28,0.0,0.0,5.0
2026-03-04 17:47:43,0.0,0.0,5.0
2026-03-04 17:47:58,0.0,0.0,5.0
2026-03-04 17:48:13,0.0,0.0,5.0
2026-03-04 17:48:28,0.0,0.0,5.0
2026-03-04 17:48:43,0.0,0.0,5.0
2026-03-04 17:48:58,0.0,0.0,5.0
2026-03-04 17:49:13,0.0,0.0,5.0
2026-03-04 17:49:28,0.0,0.0,5.0
2026-03-04 17:49:43,0.0,0.0,5.0
2026-03-04 17:49:58,0.0,0.0,5.0
2026-03-04 17:50:13,0.0,0.0,5.0
2026-03-04 17:50:28,0.0,0.0,5.0
2026-03-04 17:50:43,0.0,0.0,5.0
2026-03-04 17:50:58,0.0,0.0,5.0
2026-03-04 17:51:13,0.0,0.0,5.0
2026-03-04 17:51:28,0.0,0.0,5.0
2026-03-04 17:51:43,0.0,0.0,5.0
2026-03-04 17:51:58,0.0,0.0,5.0
2026-03-04 17:52:13,0.0,0.0,5.0
2026-03-04 17:52:28,0.0,0.0,5.0
2026-03-04 17:52:43,0.0,0.0,5.0
2026-03-04 17:52:58,0.0,0.0,5.0
2026-03-04 17:53:13,0.0,0.0,5.0
2026-03-04 17:53:28,0.0,0.0,5.0
2026-03-04 17:53:43,0.0,0.0,5.0
2026-03-04 17:53:58,0.0,0.0,5.0
2026-03-04 17:54:13,0.0,0.0,5.0
2026-03-04 17:54:28,0.0,0.0,5.0
2026-03-04 17:54:43,0.0,0.0,5.0
2026-03-04 17:54:58,0.0,0.0,5.0
2026-03-04 17:55:13,0.0,0.0,5.0
2026-03-04 17:55:28,0.0,0.0,5.0
2026-03-04 17:55:43,0.0,0.0,5.0
2026-03-04 17:55:58,0.0,0.0,5.0
2026-03-04 17:56:13,0.0,0.0,5.0
2026-03-04 17:56:28,0.0,0.0,5.0
2026-03-04 17:56:43,0.0,0.0,5.0
2026-03-04 17:56:58,0.0,0.0,5.0
2026-03-04 17:57:13,0.0,0.0,5.0
2026-03-04 17:57:28,0.0,0.0,5.0
2026-03-04 17:57:43,0.0,0.0,5.0
2026-03-04 17:57:58,0.0,0.0,5.0
2026-03-04 17:58:13,0.0,0.0,5.0
2026-03-04 17:58:28,0.0,0.0,5.0
2026-03-04 17:58:43,0.0,0.0,5.0
2026-03-04 17:58:58,0.0,0.0,5.0
2026-03-04 17:59:13,0.0,0.0,5.0
2026-03-04 17:59:28,0.0,0.0,5.0
2026-03-04 17:59:43,0.0,0.0,5.0
2026-03-04 17:59:58,0.0,0.0,5.0
2026-03-04 18:00:13,0.0,0.0,5.0
2026-03-04 18:00:28,0.0,0.0,5.0
2026-03-04 18:00:43,0.0,0.0,5.0
2026-03-04 18:00:58,0.0,0.0,5.0
2026-03-04 18:01:13,0.0,0.0,5.0
2026-03-04 18:01:28,0.0,0.0,5.0
2026-03-04 18:01:43,0.0,0.0,5.0
2026-03-04 18:01:58,0.0,0.0,5.0
2026-03-04 18:02:13,0.0,0.0,5.0
2026-03-04 18:02:28,0.0,0.0,5.0
2026-03-04 18:02:43,0.0,0.0,5.0
2026-03-04 18:02:58,0.0,0.0,5.0
2026-03-04 18:03:13,0.0,0.0,5.0
2026-03-04 18:03:28,0.0,0.0,5.0
2026-03-04 18:03:43,0.0,0.0,5.0
2026-03-04 18:03:58,0.0,0.0,5.0
2026-03-04 18:04:13,0.0,0.0,5.0
2026-03-04 18:04:28,0.0,0.0,5.0
2026-03-04 18:04:43,0.0,0.0,5.0
2026-03-04 18:04:58,0.0,0.0,5.0
2026-03-04 18:05:13,0.0,0.0,5.0
2026-03-04 18:05:28,0.0,0.0,5.0
2026-03-04 18:05:43,0.0,0.0,5.0
2026-03-04 18:05:58,0.0,0.0,5.0
2026-03-04 18:06:13,0.0,0.0,5.0
2026-03-04 18:06:28,0.0,0.0,5.0
2026-03-04 18:06:43,0.0,0.0,5.0
2026-03-04 18:06:58,0.0,0.0,5.0
2026-03-04 18:07:13,0.0,0.0,5.0
2026-03-04 18:07:28,0.0,0.0,5.0
2026-03-04 18:07:43,0.0,0.0,5.0
2026-03-04 18:07:58,0.0,0.0,5.0
2026-03-04 18:08:13,0.0,0.0,5.0
2026-03-04 18:08:28,0.0,0.0,5.0
2026-03-04 18:08:43,0.0,0.0,5.0
2026-03-04 18:08:58,0.0,0.0,5.0
2026-03-04 18:09:13,0.0,0.0,5.0
2026-03-04 18:09:28,0.0,0.0,5.0
2026-03-04 18:09:43,0.0,0.0,5.0
2026-03-04 18:09:58,0.0,0.0,5.0
2026-03-04 18:10:13,0.0,0.0,5.0
2026-03-04 18:10:28,0.0,0.0,5.0
2026-03-04 18:10:43,0.0,0.0,5.0
2026-03-04 18:10:58,0.0,0.0,5.0
2026-03-04 18:11:13,0.0,0.0,5.0
2026-03-04 18:11:28,0.0,0.0,5.0
2026-03-04 18:11:43,0.0,0.0,5.0
2026-03-04 18:11:58,0.0,0.0,5.0
2026-03-04 18:12:13,0.0,0.0,5.0
2026-03-04 18:12:28,0.0,0.0,5.0
2026-03-04 18:12:43,0.0,0.0,5.0
2026-03-04 18:12:58,0.0,0.0,5.0
2026-03-04 18:13:13,0.0,0.0,5.0
2026-03-04 18:13:28,0.0,0.0,5.0
2026-03-04 18:13:43,0.0,0.0,5.0
2026-03-04 18:13:58,0.0,0.0,5.0
2026-03-04 18:14:13,0.0,0.0,5.0
2026-03-04 18:14:28,0.0,0.0,5.0
2026-03-04 18:14:43,0.0,0.0,5.0
2026-03-04 18:14:58,0.0,0.0,5.0
2026-03-04 18:15:13,0.0,0.0,5.0
2026-03-04 18:15:28,0.0,0.0,5.0
2026-03-04 18:15:43,0.0,0.0,5.0
2026-03-04 18:15:58,0.0,0.0,5.0
2026-03-04 18:16:13,0.0,0.0,5.0
2026-03-04 18:16:28,0.0,0.0,5.0
2026-03-04 18:16:43,0.0,0.0,5.0
2026-03-04 18:16:58,0.0,0.0,5.0
2026-03-04 18:17:13,0.0,0.0,5.0
2026-03-04 18:17:28,0.0,0.0,5.0
2026-03-04 18:17:43,0.0,0.0,5.0
2026-03-04 18:17:58,0.0,0.0,5.0
2026-03-04 18:18:13,0.0,0.0,5.0
2026-03-04 18:18:28,0.0,0.0,5.0
2026-03-04 18:18:43,0.0,0.0,5.0
2026-03-04 18:18:58,0.0,0.0,5.0
2026-03-04 18:19:13,0.0,0.0,5.0
2026-03-04 18:19:28,0.0,0.0,5.0
2026-03-04 18:19:43,0.0,0.0,5.0
2026-03-04 18:19:58,0.0,0.0,5.0
2026-03-04 18:20:13,0.0,0.0,5.0
2026-03-04 18:20:28,0.0,0.0,5.0
2026-03-04 18:20:43,0.0,0.0,5.0
2026-03-04 18:20:58,0.0,0.0,5.0
2026-03-04 18:21:13,0.0,0.0,5.0
2026-03-04 18:21:28,0.0,0.0,5.0
2026-03-04 18:21:43,0.0,0.0,5.0
2026-03-04 18:21:58,0.0,0.0,5.0
2026-03-04 18:22:13,0.0,0.0,5.0
2026-03-04 18:22:28,0.0,0.0,5.0
2026-03-04 18:22:43,0.0,0.0,5.0
2026-03-04 18:22:58,0.0,0.0,5.0
2026-03-04 18:23:13,0.0,0.0,5.0
2026-03-04 18:23:28,0.0,0.0,5.0
2026-03-04 18:23:43,0.0,0.0,5.0
2026-03-04 18:23:58,0.0,0.0,5.0
2026-03-04 18:24:13,0.0,0.0,5.0
2026-03-04 18:24:28,0.0,0.0,5.0
2026-03-04 18:24:43,0.0,0.0,5.0
2026-03-04 18:24:58,0.0,0.0,5.0
2026-03-04 18:25:13,0.0,0.0,5.0
2026-03-04 18:25:28,0.0,0.0,5.0
2026-03-04 18:25:43,0.0,0.0,5.0
2026-03-04 18:25:58,0.0,0.0,5.0
2026-03-04 18:26:13,0.0,0.0,5.0
2026-03-04 18:26:28,0.0,0.0,5.0
2026-03-04 18:26:43,0.0,0.0,5.0
2026-03-04 18:26:58,0.0,0.0,5.0
2026-03-04 18:27:13,0.0,0.0,5.0
2026-03-04 18:27:28,0.0,0.0,5.0
2026-03-04 18:27:43,0.0,0.0,5.0
2026-03-04 18:27:58,0.0,0.0,5.0
2026-03-04 18:28:13,0.0,0.0,5.0
2026-03-04 18:28:28,0.0,0.0,5.0
2026-03-04 18:28:43,0.0,0.0,5.0
2026-03-04 18:28:58,0.0,0.0,5.0
2026-03-04 18:29:13,0.0,0.0,5.0
2026-03-04 18:29:28,0.0,0.0,5.0
2026-03-04 18:29:43,0.0,0.0,5.0
2026-03-04 18:29:58,0.0,0.0,5.0
2026-03-04 18:30:13,0.0,0.0,5.0
2026-03-04 18:30:28,0.0,0.0,5.0
2026-03-04 18:30:43,0.0,0.0,5.0
2026-03-04 18:30:58,0.0,0.0,5.0
2026-03-04 18:31:13,0.0,0.0,5.0
2026-03-04 18:31:28,0.0,0.0,5.0
2026-03-04 18:31:43,0.0,0.0,5.0
2026-03-04 18:31:58,0.0,0.0,5.0
2026-03-04 18:32:13,0.0,0.0,5.0
2026-03-04 18:32:28,0.0,0.0,5.0
2026-03-04 18:32:43,0.0,0.0,5.0
2026-03-04 18:32:58,0.0,0.0,5.0
2026-03-04 18:33:13,0.0,0.0,5.0
2026-03-04 18:33:28,0.0,0.0,5.0
2026-03-04 18:33:43,0.0,0.0,5.0
2026-03-04 18:33:58,0.0,0.0,5.0
2026-03-04 18:34:13,0.0,0.0,5.0
2026-03-04 18:34:28,0.0,0.0,5.0
2026-03-04 18:34:43,0.0,0.0,5.0
2026-03-04 18:34:58,0.0,0.0,5.0
2026-03-04 18:35:13,0.0,0.0,5.0
2026-03-04 18:35:28,0.0,0.0,5.0
2026-03-04 18:35:43,0.0,0.0,5.0
2026-03-04 18:35:58,0.0,0.0,5.0
2026-03-04 18:36:13,0.0,0.0,5.0
2026-03-04 18:36:28,0.0,0.0,5.0
2026-03-04 18:36:43,0.0,0.0,5.0
2026-03-04 18:36:58,0.0,0.0,5.0
2026-03-04 18:37:13,0.0,0.0,5.0
2026-03-04 18:37:28,0.0,0.0,5.0
2026-03-04 18:37:43,0.0,0.0,5.0
2026-03-04 18:37:58,0.0,0.0,5.0
2026-03-04 18:38:13,0.0,0.0,5.0
2026-03-04 18:38:28,0.0,0.0,5.0
2026-03-04 18:38:43,0.0,0.0,5.0
2026-03-04 18:38:58,0.0,0.0,5.0
2026-03-04 18:39:13,0.0,0.0,5.0
2026-03-04 18:39:28,0.0,0.0,5.0
2026-03-04 18:39:43,0.0,0.0,5.0
2026-03-04 18:39:58,0.0,0.0,5.0
2026-03-04 18:40:13,0.0,0.0,5.0
2026-03-04 18:40:28,0.0,0.0,5.0
2026-03-04 18:40:43,0.0,0.0,5.0
2026-03-04 18:40:58,0.0,0.0,5.0
2026-03-04 18:41:13,0.0,0.0,5.0
2026-03-04 18:41:28,0.0,0.0,5.0
2026-03-04 18:41:43,0.0,0.0,5.0
2026-03-04 18:41:58,0.0,0.0,5.0
2026-03-04 18:42:13,0.0,0.0,5.0
2026-03-04 18:42:28,0.0,0.0,5.0
2026-03-04 18:42:43,0.0,0.0,5.0
2026-03-04 18:42:58,0.0,0.0,5.0
2026-03-04 18:43:13,0.0,0.0,5.0
2026-03-04 18:43:28,0.0,0.0,5.0
2026-03-04 18:43:43,0.0,0.0,5.0
2026-03-04 18:43:58,0.0,0.0,5.0
2026-03-04 18:44:13,0.0,0.0,5.0
2026-03-04 18:44:28,0.0,0.0,5.0
2026-03-04 18:44:43,0.0,0.0,5.0
2026-03-04 18:44:58,0.0,0.0,5.0
2026-03-04 18:45:13,0.0,0.0,5.0
2026-03-04 18:45:28,0.0,0.0,5.0
2026-03-04 18:45:43,0.0,0.0,5.0
2026-03-04 18:45:58,0.0,0.0,5.0
2026-03-04 18:46:13,0.0,0.0,5.0
2026-03-04 18:46:28,0.0,0.0,5.0
2026-03-04 18:46:43,0.0,0.0,5.0
2026-03-04 18:46:58,0.0,0.0,5.0
2026-03-04 18:47:13,0.0,0.0,5.0
2026-03-04 18:47:28,0.0,0.0,5.0
2026-03-04 18:47:43,0.0,0.0,5.0
2026-03-04 18:47:58,0.0,0.0,5.0
2026-03-04 18:48:13,0.0,0.0,5.0
2026-03-04 18:48:28,0.0,0.0,5.0
2026-03-04 18:48:43,0.0,0.0,5.0
2026-03-04 18:48:58,0.0,0.0,5.0
2026-03-04 18:49:13,0.0,0.0,5.0
2026-03-04 18:49:28,0.0,0.0,5.0
2026-03-04 18:49:43,0.0,0.0,5.0
2026-03-04 18:49:58,0.0,0.0,5.0
2026-03-04 18:50:13,0.0,0.0,5.0
2026-03-04 18:50:28,0.0,0.0,5.0
2026-03-04 18:50:43,0.0,0.0,5.0
2026-03-04 18:50:58,0.0,0.0,5.0
2026-03-04 18:51:13,0.0,0.0,5.0
2026-03-04 18:51:28,0.0,0.0,5.0
2026-03-04 18:51:43,0.0,0.0,5.0
2026-03-04 18:51:58,0.0,0.0,5.0
2026-03-04 18:52:13,0.0,0.0,5.0
2026-03-04 18:52:28,0.0,0.0,5.0
2026-03-04 18:52:43,0.0,0.0,5.0
2026-03-04 18:52:58,0.0,0.0,5.0
2026-03-04 18:53:13,0.0,0.0,5.0
2026-03-04 18:53:28,0.0,0.0,5.0
2026-03-04 18:53:43,0.0,0.0,5.0
2026-03-04 18:53:58,0.0,0.0,5.0
2026-03-04 18:54:13,0.0,0.0,5.0
2026-03-04 18:54:28,0.0,0.0,5.0
2026-03-04 18:54:43,0.0,0.0,5.0
2026-03-04 18:54:58,0.0,0.0,5.0
2026-03-04 18:55:13,0.0,0.0,5.0
2026-03-04 18:55:28,0.0,0.0,5.0
2026-03-04 18:55:43,0.0,0.0,5.0
2026-03-04 18:55:58,0.0,0.0,5.0
2026-03-04 18:56:13,0.0,0.0,5.0
2026-03-04 18:56:28,0.0,0.0,5.0
2026-03-04 18:56:43,0.0,0.0,5.0
2026-03-04 18:56:58,0.0,0.0,5.0
2026-03-04 18:57:13,0.0,0.0,5.0
2026-03-04 18:57:28,0.0,0.0,5.0
2026-03-04 18:57:43,0.0,0.0,5.0
2026-03-04 18:57:58,0.0,0.0,5.0
2026-03-04 18:58:13,0.0,0.0,5.0
2026-03-04 18:58:28,0.0,0.0,5.0
2026-03-04 18:58:43,0.0,0.0,5.0
2026-03-04 18:58:58,0.0,0.0,5.0
2026-03-04 18:59:13,0.0,0.0,5.0
2026-03-04 18:59:28,0.0,0.0,5.0
2026-03-04 18:59:43,0.0,0.0,5.0
2026-03-04 18:59:58,0.0,0.0,5.0
2026-03-04 19:00:13,0.0,0.0,5.0
2026-03-04 19:00:28,0.0,0.0,5.0
2026-03-04 19:00:43,0.0,0.0,5.0
2026-03-04 19:00:58,0.0,0.0,5.0
2026-03-04 19:01:13,0.0,0.0,5.0
2026-03-04 19:01:28,0.0,0.0,5.0
2026-03-04 19:01:43,0.0,0.0,5.0
2026-03-04 19:01:58,0.0,0.0,5.0
2026-03-04 19:02:13,0.0,0.0,5.0
2026-03-04 19:02:28,0.0,0.0,5.0
2026-03-04 19:02:43,0.0,0.0,5.0
2026-03-04 19:02:58,0.0,0.0,5.0
2026-03-04 19:03:13,0.0,0.0,5.0
2026-03-04 19:03:28,0.0,0.0,5.0
2026-03-04 19:03:43,0.0,0.0,5.0
2026-03-04 19:03:58,0.0,0.0,5.0
2026-03-04 19:04:13,0.0,0.0,5.0
2026-03-04 19:04:28,0.0,0.0,5.0
2026-03-04 19:04:43,0.0,0.0,5.0
2026-03-04 19:04:58,0.0,0.0,5.0
2026-03-04 19:05:13,0.0,0.0,5.0
2026-03-04 19:05:28,0.0,0.0,5.0
2026-03-04 19:05:43,0.0,0.0,5.0
2026-03-04 19:05:58,0.0,0.0,5.0
2026-03-04 19:06:13,0.0,0.0,5.0
2026-03-04 19:06:28,0.0,0.0,5.0
2026-03-04 19:06:43,0.0,0.0,5.0
2026-03-04 19:06:58,0.0,0.0,5.0
2026-03-04 19:07:13,0.0,0.0,5.0
2026-03-04 19:07:28,0.0,0.0,5.0
2026-03-04 19:07:43,0.0,0.0,5.0
2026-03-04 19:07:58,0.0,0.0,5.0
2026-03-04 19:08:13,0.0,0.0,5.0
2026-03-04 19:08:28,0.0,0.0,5.0
2026-03-04 19:08:43,0.0,0.0,5.0
2026-03-04 19:08:58,0.0,0.0,5.0
2026-03-04 19:09:13,0.0,0.0,5.0
2026-03-04 19:09:28,0.0,0.0,5.0
2026-03-04 19:09:43,0.0,0.0,5.0
2026-03-04 19:09:58,0.0,0.0,5.0
2026-03-04 19:10:13,0.0,0.0,5.0
2026-03-04 19:10:28,0.0,0.0,5.0
2026-03-04 19:10:43,0.0,0.0,5.0
2026-03-04 19:10:58,0.0,0.0,5.0
2026-03-04 19:11:13,0.0,0.0,5.0
2026-03-04 19:11:28,0.0,0.0,5.0
2026-03-04 19:11:43,0.0,0.0,5.0
2026-03-04 19:11:58,0.0,0.0,5.0
2026-03-04 19:12:13,0.0,0.0,5.0
2026-03-04 19:12:28,0.0,0.0,5.0
2026-03-04 19:12:43,0.0,0.0,5.0
2026-03-04 19:12:58,0.0,0.0,5.0
2026-03-04 19:13:13,0.0,0.0,5.0
2026-03-04 19:13:28,0.0,0.0,5.0
2026-03-04 19:13:43,0.0,0.0,5.0
2026-03-04 19:13:58,0.0,0.0,5.0
2026-03-04 19:14:13,0.0,0.0,5.0
2026-03-04 19:14:28,0.0,0.0,5.0
2026-03-04 19:14:43,0.0,0.0,5.0
2026-03-04 19:14:58,0.0,0.0,5.0
2026-03-04 19:15:13,0.0,0.0,5.0
2026-03-04 19:15:28,0.0,0.0,5.0
2026-03-04 19:15:43,0.0,0.0,5.0
2026-03-04 19:15:58,0.0,0.0,5.0
2026-03-04 19:16:13,0.0,0.0,5.0
2026-03-04 19:16:28,0.0,0.0,5.0
2026-03-04 19:16:43,0.0,0.0,5.0
2026-03-04 19:16:58,0.0,0.0,5.0
2026-03-04 19:17:13,0.0,0.0,5.0
2026-03-04 19:17:28,0.0,0.0,5.0
2026-03-04 19:17:43,0.0,0.0,5.0
2026-03-04 19:17:58,0.0,0.0,5.0
2026-03-04 19:18:13,0.0,0.0,5.0
2026-03-04 19:18:28,0.0,0.0,5.0
2026-03-04 19:18:43,0.0,0.0,5.0
2026-03-04 19:18:58,0.0,0.0,5.0
2026-03-04 19:19:13,0.0,0.0,5.0
2026-03-04 19:19:28,0.0,0.0,5.0
2026-03-04 19:19:43,0.0,0.0,5.0
2026-03-04 19:19:58,0.0,0.0,5.0
2026-03-04 19:20:13,0.0,0.0,5.0
2026-03-04 19:20:28,0.0,0.0,5.0
2026-03-04 19:20:43,0.0,0.0,5.0
2026-03-04 19:20:58,0.0,0.0,5.0
2026-03-04 19:21:13,0.0,0.0,5.0
2026-03-04 19:21:28,0.0,0.0,5.0
2026-03-04 19:21:43,0.0,0.0,5.0
2026-03-04 19:21:58,0.0,0.0,5.0
2026-03-04 19:22:13,0.0,0.0,5.0
2026-03-04 19:22:28,0.0,0.0,5.0
2026-03-04 19:22:43,0.0,0.0,5.0
2026-03-04 19:22:58,0.0,0.0,5.0
2026-03-04 19:23:13,0.0,0.0,5.0
2026-03-04 19:23:28,0.0,0.0,5.0
2026-03-04 19:23:43,0.0,0.0,5.0
2026-03-04 19:23:58,0.0,0.0,5.0
2026-03-04 19:24:13,0.0,0.0,5.0
2026-03-04 19:24:28,0.0,0.0,5.0
2026-03-04 19:24:43,0.0,0.0,5.0
2026-03-04 19:24:58,0.0,0.0,5.0
2026-03-04 19:25:13,0.0,0.0,5.0
2026-03-04 19:25:28,0.0,0.0,5.0
2026-03-04 19:25:43,0.0,0.0,5.0
2026-03-04 19:25:58,0.0,0.0,5.0
2026-03-04 19:26:13,0.0,0.0,5.0
2026-03-04 19:26:28,0.0,0.0,5.0
2026-03-04 19:26:43,0.0,0.0,5.0
2026-03-04 19:26:58,0.0,0.0,5.0
2026-03-04 19:27:13,0.0,0.0,5.0
2026-03-04 19:27:28,0.0,0.0,5.0
2026-03-04 19:27:43,0.0,0.0,5.0
2026-03-04 19:27:58,0.0,0.0,5.0
2026-03-04 19:28:13,0.0,0.0,5.0
2026-03-04 19:28:28,0.0,0.0,5.0
2026-03-04 19:28:43,0.0,0.0,5.0
2026-03-04 19:28:58,0.0,0.0,5.0
2026-03-04 19:29:13,0.0,0.0,5.0
2026-03-04 19:29:28,0.0,0.0,5.0
2026-03-04 19:29:43,0.0,0.0,5.0
2026-03-04 19:29:58,0.0,0.0,5.0
2026-03-04 19:30:13,0.0,0.0,5.0
2026-03-04 19:30:28,0.0,0.0,5.0
2026-03-04 19:30:43,0.0,0.0,5.0
2026-03-04 19:30:58,0.0,0.0,5.0
2026-03-04 19:31:13,0.0,0.0,5.0
2026-03-04 19:31:28,0.0,0.0,5.0
2026-03-04 19:31:43,0.0,0.0,5.0
2026-03-04 19:31:58,0.0,0.0,5.0
2026-03-04 19:32:13,0.0,0.0,5.0
2026-03-04 19:32:28,0.0,0.0,5.0
2026-03-04 19:32:43,0.0,0.0,5.0
2026-03-04 19:32:58,0.0,0.0,5.0
2026-03-04 19:33:13,0.0,0.0,5.0
2026-03-04 19:33:28,0.0,0.0,5.0
2026-03-04 19:33:43,0.0,0.0,5.0
2026-03-04 19:33:58,0.0,0.0,5.0
2026-03-04 19:34:13,0.0,0.0,5.0
2026-03-04 19:34:28,0.0,0.0,5.0
2026-03-04 19:34:43,0.0,0.0,5.0
2026-03-04 19:34:58,0.0,0.0,5.0
2026-03-04 19:35:13,0.0,0.0,5.0
2026-03-04 19:35:28,0.0,0.0,5.0
2026-03-04 19:35:43,0.0,0.0,5.0
2026-03-04 19:35:58,0.0,0.0,5.0
2026-03-04 19:36:13,0.0,0.0,5.0
2026-03-04 19:36:28,0.0,0.0,5.0
2026-03-04 19:36:43,0.0,0.0,5.0
2026-03-04 19:36:58,0.0,0.0,5.0
2026-03-04 19:37:13,0.0,0.0,5.0
2026-03-04 19:37:28,0.0,0.0,5.0
2026-03-04 19:37:43,0.0,0.0,5.0
2026-03-04 19:37:58,0.0,0.0,5.0
2026-03-04 19:38:13,0.0,0.0,5.0
2026-03-04 19:38:28,0.0,0.0,5.0
2026-03-04 19:38:43,0.0,0.0,5.0
2026-03-04 19:38:58,0.0,0.0,5.0
2026-03-04 19:39:13,0.0,0.0,5.0
2026-03-04 19:39:28,0.0,0.0,5.0
2026-03-04 19:39:43,0.0,0.0,5.0
2026-03-04 19:39:58,0.0,0.0,5.0
2026-03-04 19:40:13,0.0,0.0,5.0
2026-03-04 19:40:28,0.0,0.0,5.0
2026-03-04 19:40:43,0.0,0.0,5.0
2026-03-04 19:40:58,0.0,0.0,5.0
2026-03-04 19:41:13,0.0,0.0,5.0
2026-03-04 19:41:28,0.0,0.0,5.0
2026-03-04 19:41:43,0.0,0.0,5.0
2026-03-04 19:41:58,0.0,0.0,5.0
2026-03-04 19:42:13,0.0,0.0,5.0
2026-03-04 19:42:28,0.0,0.0,5.0
2026-03-04 19:42:43,0.0,0.0,5.0
2026-03-04 19:42:58,0.0,0.0,5.0
2026-03-04 19:43:13,0.0,0.0,5.0
2026-03-04 19:43:28,0.0,0.0,5.0
2026-03-04 19:43:43,0.0,0.0,5.0
2026-03-04 19:43:58,0.0,0.0,5.0
2026-03-04 19:44:13,0.0,0.0,5.0
2026-03-04 19:44:28,0.0,0.0,5.0
2026-03-04 19:44:43,0.0,0.0,5.0
2026-03-04 19:44:58,0.0,0.0,5.0
2026-03-04 19:45:13,0.0,0.0,5.0
2026-03-04 19:45:28,0.0,0.0,5.0
2026-03-04 19:45:43,0.0,0.0,5.0
2026-03-04 19:45:58,0.0,0.0,5.0
2026-03-04 19:46:13,0.0,0.0,5.0
2026-03-04 19:46:28,0.0,0.0,5.0
2026-03-04 19:46:43,0.0,0.0,5.0
2026-03-04 19:46:58,0.0,0.0,5.0
2026-03-04 19:47:13,0.0,0.0,5.0
2026-03-04 19:47:28,0.0,0.0,5.0
2026-03-04 19:47:43,0.0,0.0,5.0
2026-03-04 19:47:58,0.0,0.0,5.0
2026-03-04 19:48:13,0.0,0.0,5.0
2026-03-04 19:48:28,0.0,0.0,5.0
2026-03-04 19:48:43,0.0,0.0,5.0
2026-03-04 19:48:58,0.0,0.0,5.0
2026-03-04 19:49:13,0.0,0.0,5.0
2026-03-04 19:49:28,0.0,0.0,5.0
2026-03-04 19:49:43,0.0,0.0,5.0
2026-03-04 19:49:58,0.0,0.0,5.0
2026-03-04 19:50:13,0.0,0.0,5.0
2026-03-04 19:50:28,0.0,0.0,5.0
2026-03-04 19:50:43,0.0,0.0,5.0
2026-03-04 19:50:58,0.0,0.0,5.0
2026-03-04 19:51:13,0.0,0.0,5.0
2026-03-04 19:51:28,0.0,0.0,5.0
2026-03-04 19:51:43,0.0,0.0,5.0
2026-03-04 19:51:58,0.0,0.0,5.0
2026-03-04 19:52:13,0.0,0.0,5.0
2026-03-04 19:52:28,0.0,0.0,5.0
2026-03-04 19:52:43,0.0,0.0,5.0
2026-03-04 19:52:58,0.0,0.0,5.0
2026-03-04 19:53:13,0.0,0.0,5.0
2026-03-04 19:53:28,0.0,0.0,5.0
2026-03-04 19:53:43,0.0,0.0,5.0
2026-03-04 19:53:58,0.0,0.0,5.0
2026-03-04 19:54:13,0.0,0.0,5.0
2026-03-04 19:54:28,0.0,0.0,5.0
2026-03-04 19:54:43,0.0,0.0,5.0
2026-03-04 19:54:58,0.0,0.0,5.0
2026-03-04 19:55:13,0.0,0.0,5.0
2026-03-04 19:55:28,0.0,0.0,5.0
2026-03-04 19:55:43,0.0,0.0,5.0
2026-03-04 19:55:58,0.0,0.0,5.0
2026-03-04 19:56:13,0.0,0.0,5.0
2026-03-04 19:56:28,0.0,0.0,5.0
2026-03-04 19:56:43,0.0,0.0,5.0
2026-03-04 19:56:58,0.0,0.0,5.0
2026-03-04 19:57:13,0.0,0.0,5.0
2026-03-04 19:57:28,0.0,0.0,5.0
2026-03-04 19:57:43,0.0,0.0,5.0
2026-03-04 19:57:58,0.0,0.0,5.0
2026-03-04 19:58:13,0.0,0.0,5.0
2026-03-04 19:58:28,0.0,0.0,5.0
2026-03-04 19:58:43,0.0,0.0,5.0
2026-03-04 19:58:58,0.0,0.0,5.0
2026-03-04 19:59:13,0.0,0.0,5.0
2026-03-04 19:59:28,0.0,0.0,5.0
2026-03-04 19:59:43,0.0,0.0,5.0
2026-03-04 19:59:58,0.0,0.0,5.0
2026-03-04 20:00:13,0.0,0.0,5.0
2026-03-04 20:00:28,0.0,0.0,5.0
2026-03-04 20:00:43,0.0,0.0,5.0
2026-03-04 20:00:58,0.0,0.0,5.0
2026-03-04 20:01:13,0.0,0.0,5.0
2026-03-04 20:01:28,0.0,0.0,5.0
2026-03-04 20:01:43,0.0,0.0,5.0
2026-03-04 20:01:58,0.0,0.0,5.0
2026-03-04 20:02:13,0.0,0.0,5.0
2026-03-04 20:02:28,0.0,0.0,5.0
2026-03-04 20:02:43,0.0,0.0,5.0
2026-03-04 20:02:58,0.0,0.0,5.0
2026-03-04 20:03:13,0.0,0.0,5.0
2026-03-04 20:03:28,0.0,0.0,5.0
2026-03-04 20:03:43,0.0,0.0,5.0
2026-03-04 20:03:58,0.0,0.0,5.0
2026-03-04 20:04:13,0.0,0.0,5.0
2026-03-04 20:04:28,0.0,0.0,5.0
2026-03-04 20:04:43,0.0,0.0,5.0
2026-03-04 20:04:58,0.0,0.0,5.0
2026-03-04 20:05:13,0.0,0.0,5.0
2026-03-04 20:05:28,0.0,0.0,5.0
2026-03-04 20:05:43,0.0,0.0,5.0
2026-03-04 20:05:58,0.0,0.0,5.0
2026-03-04 20:06:13,0.0,0.0,5.0
2026-03-04 20:06:28,0.0,0.0,5.0
2026-03-04 20:06:43,0.0,0.0,5.0
2026-03-04 20:06:58,0.0,0.0,5.0
2026-03-04 20:07:13,0.0,0.0,5.0
2026-03-04 20:07:28,0.0,0.0,5.0
2026-03-04 20:07:43,0.0,0.0,5.0
2026-03-04 20:07:58,0.0,0.0,5.0
2026-03-04 20:08:13,0.0,0.0,5.0
2026-03-04 20:08:28,0.0,0.0,5.0
2026-03-04 20:08:43,0.0,0.0,5.0
2026-03-04 20:08:58,0.0,0.0,5.0
2026-03-04 20:09:13,0.0,0.0,5.0
2026-03-04 20:09:28,0.0,0.0,5.0
2026-03-04 20:09:43,0.0,0.0,5.0
2026-03-04 20:09:58,0.0,0.0,5.0
2026-03-04 20:10:13,0.0,0.0,5.0
2026-03-04 20:10:28,0.0,0.0,5.0
2026-03-04 20:10:43,0.0,0.0,5.0
2026-03-04 20:10:58,0.0,0.0,5.0
2026-03-04 20:11:13,0.0,0.0,5.0
2026-03-04 20:11:28,0.0,0.0,5.0
2026-03-04 20:11:43,0.0,0.0,5.0
2026-03-04 20:11:58,0.0,0.0,5.0
2026-03-04 20:12:13,0.0,0.0,5.0
2026-03-04 20:12:28,0.0,0.0,5.0
2026-03-04 20:12:43,0.0,0.0,5.0
2026-03-04 20:12:58,0.0,0.0,5.0
2026-03-04 20:13:13,0.0,0.0,5.0
2026-03-04 20:13:28,0.0,0.0,5.0
2026-03-04 20:13:43,0.0,0.0,5.0
2026-03-04 20:13:58,0.0,0.0,5.0
2026-03-04 20:14:13,0.0,0.0,5.0
2026-03-04 20:14:28,0.0,0.0,5.0
2026-03-04 20:14:43,0.0,0.0,5.0
2026-03-04 20:14:58,0.0,0.0,5.0
2026-03-04 20:15:13,0.0,0.0,5.0
2026-03-04 20:15:28,0.0,0.0,5.0
2026-03-04 20:15:43,0.0,0.0,5.0
2026-03-04 20:15:58,0.0,0.0,5.0
2026-03-04 20:16:13,0.0,0.0,5.0
2026-03-04 20:16:28,0.0,0.0,5.0
2026-03-04 20:16:43,0.0,0.0,5.0
2026-03-04 20:16:58,0.0,0.0,5.0
2026-03-04 20:17:13,0.0,0.0,5.0
2026-03-04 20:17:28,0.0,0.0,5.0
2026-03-04 20:17:43,0.0,0.0,5.0
2026-03-04 20:17:58,0.0,0.0,5.0
2026-03-04 20:18:13,0.0,0.0,5.0
2026-03-04 20:18:28,0.0,0.0,5.0
2026-03-04 20:18:43,0.0,0.0,5.0
2026-03-04 20:18:58,0.0,0.0,5.0
2026-03-04 20:19:13,0.0,0.0,5.0
2026-03-04 20:19:28,0.0,0.0,5.0
2026-03-04 20:19:43,0.0,0.0,5.0
2026-03-04 20:19:58,0.0,0.0,5.0
2026-03-04 20:20:13,0.0,0.0,5.0
2026-03-04 20:20:28,0.0,0.0,5.0
2026-03-04 20:20:43,0.0,0.0,5.0
2026-03-04 20:20:58,0.0,0.0,5.0
2026-03-04 20:21:13,0.0,0.0,5.0
2026-03-04 20:21:28,0.0,0.0,5.0
2026-03-04 20:21:43,0.0,0.0,5.0
2026-03-04 20:21:58,0.0,0.0,5.0
2026-03-04 20:22:13,0.0,0.0,5.0
2026-03-04 20:22:28,0.0,0.0,5.0
2026-03-04 20:22:43,0.0,0.0,5.0
2026-03-04 20:22:58,0.0,0.0,5.0
2026-03-04 20:23:13,0.0,0.0,5.0
2026-03-04 20:23:28,0.0,0.0,5.0
2026-03-04 20:23:43,0.0,0.0,5.0
2026-03-04 20:23:58,0.0,0.0,5.0
2026-03-04 20:24:13,0.0,0.0,5.0
2026-03-04 20:24:28,0.0,0.0,5.0
2026-03-04 20:24:43,0.0,0.0,5.0
2026-03-04 20:24:58,0.0,0.0,5.0
2026-03-04 20:25:13,0.0,0.0,5.0
2026-03-04 20:25:28,0.0,0.0,5.0
2026-03-04 20:25:43,0.0,0.0,5.0
2026-03-04 20:25:58,0.0,0.0,5.0
2026-03-04 20:26:13,0.0,0.0,5.0
2026-03-04 20:26:28,0.0,0.0,5.0
2026-03-04 20:26:43,0.0,0.0,5.0
2026-03-04 20:26:58,0.0,0.0,5.0
2026-03-04 20:27:13,0.0,0.0,5.0
2026-03-04 20:27:28,0.0,0.0,5.0
2026-03-04 20:27:43,0.0,0.0,5.0
2026-03-04 20:27:58,0.0,0.0,5.0
2026-03-04 20:28:13,0.0,0.0,5.0
2026-03-04 20:28:28,0.0,0.0,5.0
2026-03-04 20:28:43,0.0,0.0,5.0
2026-03-04 20:28:58,0.0,0.0,5.0
2026-03-04 20:29:13,0.0,0.0,5.0
2026-03-04 20:29:28,0.0,0.0,5.0
2026-03-04 20:29:43,0.0,0.0,5.0
2026-03-04 20:29:58,0.0,0.0,5.0
2026-03-04 20:30:13,0.0,0.0,5.0
2026-03-04 20:30:28,0.0,0.0,5.0
2026-03-04 20:30:43,0.0,0.0,5.0
2026-03-04 20:30:58,0.0,0.0,5.0
2026-03-04 20:31:13,0.0,0.0,5.0
2026-03-04 20:31:28,0.0,0.0,5.0
2026-03-04 20:31:43,0.0,0.0,5.0
2026-03-04 20:31:58,0.0,0.0,5.0
2026-03-04 20:32:13,0.0,0.0,5.0
2026-03-04 20:32:28,0.0,0.0,5.0
2026-03-04 20:32:43,0.0,0.0,5.0
2026-03-04 20:32:58,0.0,0.0,5.0
2026-03-04 20:33:13,0.0,0.0,5.0
2026-03-04 20:33:28,0.0,0.0,5.0
2026-03-04 20:33:43,0.0,0.0,5.0
2026-03-04 20:33:58,0.0,0.0,5.0
2026-03-04 20:34:13,0.0,0.0,5.0
2026-03-04 20:34:28,0.0,0.0,5.0
2026-03-04 20:34:43,0.0,0.0,5.0
2026-03-04 20:34:58,0.0,0.0,5.0
2026-03-04 20:35:13,0.0,0.0,5.0
2026-03-04 20:35:28,0.0,0.0,5.0
2026-03-04 20:35:43,0.0,0.0,5.0
2026-03-04 20:35:58,0.0,0.0,5.0
2026-03-04 20:36:13,0.0,0.0,5.0
2026-03-04 20:36:28,0.0,0.0,5.0
2026-03-04 20:36:43,0.0,0.0,5.0
2026-03-04 20:36:58,0.0,0.0,5.0
2026-03-04 20:37:13,0.0,0.0,5.0
2026-03-04 20:37:28,0.0,0.0,5.0
2026-03-04 20:37:43,0.0,0.0,5.0
2026-03-04 20:37:58,0.0,0.0,5.0
2026-03-04 20:38:13,0.0,0.0,5.0
2026-03-04 20:38:28,0.0,0.0,5.0
2026-03-04 20:38:43,0.0,0.0,5.0
2026-03-04 20:38:58,0.0,0.0,5.0
2026-03-04 20:39:13,0.0,0.0,5.0
2026-03-04 20:39:28,0.0,0.0,5.0
2026-03-04 20:39:43,0.0,0.0,5.0
2026-03-04 20:39:58,0.0,0.0,5.0
2026-03-04 20:40:13,0.0,0.0,5.0
2026-03-04 20:40:28,0.0,0.0,5.0
2026-03-04 20:40:43,0.0,0.0,5.0
2026-03-04 20:40:58,0.0,0.0,5.0
2026-03-04 20:41:13,0.0,0.0,5.0
2026-03-04 20:41:28,0.0,0.0,5.0
2026-03-04 20:41:43,0.0,0.0,5.0
2026-03-04 20:41:58,0.0,0.0,5.0
2026-03-04 20:42:13,0.0,0.0,5.0
2026-03-04 20:42:28,0.0,0.0,5.0
2026-03-04 20:42:43,0.0,0.0,5.0
2026-03-04 20:42:58,0.0,0.0,5.0
2026-03-04 20:43:13,0.0,0.0,5.0
2026-03-04 20:43:28,0.0,0.0,5.0
2026-03-04 20:43:43,0.0,0.0,5.0
2026-03-04 20:43:58,0.0,0.0,5.0
2026-03-04 20:44:13,0.0,0.0,5.0
2026-03-04 20:44:28,0.0,0.0,5.0
2026-03-04 20:44:43,0.0,0.0,5.0
2026-03-04 20:44:58,0.0,0.0,5.0
2026-03-04 20:45:13,0.0,0.0,5.0
2026-03-04 20:45:28,0.0,0.0,5.0
2026-03-04 20:45:43,0.0,0.0,5.0
2026-03-04 20:45:58,0.0,0.0,5.0
2026-03-04 20:46:13,0.0,0.0,5.0
2026-03-04 20:46:28,0.0,0.0,5.0
2026-03-04 20:46:43,0.0,0.0,5.0
2026-03-04 20:46:58,0.0,0.0,5.0
2026-03-04 20:47:13,0.0,0.0,5.0
2026-03-04 20:47:28,0.0,0.0,5.0
2026-03-04 20:47:43,0.0,0.0,5.0
2026-03-04 20:47:58,0.0,0.0,5.0
2026-03-04 20:48:13,0.0,0.0,5.0
2026-03-04 20:48:28,0.0,0.0,5.0
2026-03-04 20:48:43,0.0,0.0,5.0
2026-03-04 20:48:58,0.0,0.0,5.0
2026-03-04 20:49:13,0.0,0.0,5.0
2026-03-04 20:49:28,0.0,0.0,5.0
2026-03-04 20:49:43,0.0,0.0,5.0
2026-03-04 20:49:58,0.0,0.0,5.0
2026-03-04 20:50:13,0.0,0.0,5.0
2026-03-04 20:50:28,0.0,0.0,5.0
2026-03-04 20:50:43,0.0,0.0,5.0
2026-03-04 20:50:58,0.0,0.0,5.0
2026-03-04 20:51:13,0.0,0.0,5.0
2026-03-04 20:51:28,0.0,0.0,5.0
2026-03-04 20:51:43,0.0,0.0,5.0
2026-03-04 20:51:58,0.0,0.0,5.0
2026-03-04 20:52:13,0.0,0.0,5.0
2026-03-04 20:52:28,0.0,0.0,5.0
2026-03-04 20:52:43,0.0,0.0,5.0
2026-03-04 20:52:58,0.0,0.0,5.0
2026-03-04 20:53:13,0.0,0.0,5.0
2026-03-04 20:53:28,0.0,0.0,5.0
2026-03-04 20:53:43,0.0,0.0,5.0
2026-03-04 20:53:58,0.0,0.0,5.0
2026-03-04 20:54:13,0.0,0.0,5.0
2026-03-04 20:54:28,0.0,0.0,5.0
2026-03-04 20:54:43,0.0,0.0,5.0
2026-03-04 20:54:58,0.0,0.0,5.0
2026-03-04 20:55:13,0.0,0.0,5.0
2026-03-04 20:55:28,0.0,0.0,5.0
2026-03-04 20:55:43,0.0,0.0,5.0
2026-03-04 20:55:58,0.0,0.0,5.0
2026-03-04 20:56:13,0.0,0.0,5.0
2026-03-04 20:56:28,0.0,0.0,5.0
2026-03-04 20:56:43,0.0,0.0,5.0
2026-03-04 20:56:58,0.0,0.0,5.0
2026-03-04 20:57:13,0.0,0.0,5.0
2026-03-04 20:57:28,0.0,0.0,5.0
2026-03-04 20:57:43,0.0,0.0,5.0
2026-03-04 20:57:58,0.0,0.0,5.0
2026-03-04 20:58:13,0.0,0.0,5.0
2026-03-04 20:58:28,0.0,0.0,5.0
2026-03-04 20:58:43,0.0,0.0,5.0
2026-03-04 20:58:58,0.0,0.0,5.0
2026-03-04 20:59:13,0.0,0.0,5.0
2026-03-04 20:59:28,0.0,0.0,5.0
2026-03-04 20:59:43,0.0,0.0,5.0
2026-03-04 20:59:58,0.0,0.0,5.0
2026-03-04 21:00:13,0.0,0.0,5.0
2026-03-04 21:00:28,0.0,0.0,5.0
2026-03-04 21:00:43,0.0,0.0,5.0
2026-03-04 21:00:58,0.0,0.0,5.0
2026-03-04 21:01:13,0.0,0.0,5.0
2026-03-04 21:01:28,0.0,0.0,5.0
2026-03-04 21:01:43,0.0,0.0,5.0
2026-03-04 21:01:58,0.0,0.0,5.0
2026-03-04 21:02:13,0.0,0.0,5.0
2026-03-04 21:02:28,0.0,0.0,5.0
2026-03-04 21:02:43,0.0,0.0,5.0
2026-03-04 21:02:58,0.0,0.0,5.0
2026-03-04 21:03:13,0.0,0.0,5.0
2026-03-04 21:03:28,0.0,0.0,5.0
2026-03-04 21:03:43,0.0,0.0,5.0
2026-03-04 21:03:58,0.0,0.0,5.0
2026-03-04 21:04:13,0.0,0.0,5.0
2026-03-04 21:04:28,0.0,0.0,5.0
2026-03-04 21:04:43,0.0,0.0,5.0
2026-03-04 21:04:58,0.0,0.0,5.0
2026-03-04 21:05:13,0.0,0.0,5.0
2026-03-04 21:05:28,0.0,0.0,5.0
2026-03-04 21:05:43,0.0,0.0,5.0
2026-03-04 21:05:58,0.0,0.0,5.0
2026-03-04 21:06:13,0.0,0.0,5.0
2026-03-04 21:06:28,0.0,0.0,5.0
2026-03-04 21:06:43,0.0,0.0,5.0
2026-03-04 21:06:58,0.0,0.0,5.0
2026-03-04 21:07:13,0.0,0.0,5.0
2026-03-04 21:07:28,0.0,0.0,5.0
2026-03-04 21:07:43,0.0,0.0,5.0
2026-03-04 21:07:58,0.0,0.0,5.0
2026-03-04 21:08:13,0.0,0.0,5.0
2026-03-04 21:08:28,0.0,0.0,5.0
2026-03-04 21:08:43,0.0,0.0,5.0
2026-03-04 21:08:58,0.0,0.0,5.0
2026-03-04 21:09:13,0.0,0.0,5.0
2026-03-04 21:09:28,0.0,0.0,5.0
2026-03-04 21:09:43,0.0,0.0,5.0
2026-03-04 21:09:58,0.0,0.0,5.0
2026-03-04 21:10:13,0.0,0.0,5.0
2026-03-04 21:10:28,0.0,0.0,5.0
2026-03-04 21:10:43,0.0,0.0,5.0
2026-03-04 21:10:58,0.0,0.0,5.0
2026-03-04 21:11:13,0.0,0.0,5.0
2026-03-04 21:11:28,0.0,0.0,5.0
2026-03-04 21:11:43,0.0,0.0,5.0
2026-03-04 21:11:58,0.0,0.0,5.0
2026-03-04 21:12:13,0.0,0.0,5.0
2026-03-04 21:12:28,0.0,0.0,5.0
2026-03-04 21:12:43,0.0,0.0,5.0
2026-03-04 21:12:58,0.0,0.0,5.0
2026-03-04 21:13:13,0.0,0.0,5.0
2026-03-04 21:13:28,0.0,0.0,5.0
2026-03-04 21:13:43,0.0,0.0,5.0
2026-03-04 21:13:58,0.0,0.0,5.0
2026-03-04 21:14:13,0.0,0.0,5.0
2026-03-04 21:14:28,0.0,0.0,5.0
2026-03-04 21:14:43,0.0,0.0,5.0
2026-03-04 21:14:58,0.0,0.0,5.0
2026-03-04 21:15:13,0.0,0.0,5.0
2026-03-04 21:15:28,0.0,0.0,5.0
2026-03-04 21:15:43,0.0,0.0,5.0
2026-03-04 21:15:58,0.0,0.0,5.0
2026-03-04 21:16:13,0.0,0.0,5.0
2026-03-04 21:16:28,0.0,0.0,5.0
2026-03-04 21:16:43,0.0,0.0,5.0
2026-03-04 21:16:58,0.0,0.0,5.0
2026-03-04 21:17:13,0.0,0.0,5.0
2026-03-04 21:17:28,0.0,0.0,5.0
2026-03-04 21:17:43,0.0,0.0,5.0
2026-03-04 21:17:58,0.0,0.0,5.0
2026-03-04 21:18:13,0.0,0.0,5.0
2026-03-04 21:18:28,0.0,0.0,5.0
2026-03-04 21:18:43,0.0,0.0,5.0
2026-03-04 21:18:58,0.0,0.0,5.0
2026-03-04 21:19:13,0.0,0.0,5.0
2026-03-04 21:19:28,0.0,0.0,5.0
2026-03-04 21:19:43,0.0,0.0,5.0
2026-03-04 21:19:58,0.0,0.0,5.0
2026-03-04 21:20:13,0.0,0.0,5.0
2026-03-04 21:20:28,0.0,0.0,5.0
2026-03-04 21:20:43,0.0,0.0,5.0
2026-03-04 21:20:58,0.0,0.0,5.0
2026-03-04 21:21:13,0.0,0.0,5.0
2026-03-04 21:21:28,0.0,0.0,5.0
2026-03-04 21:21:43,0.0,0.0,5.0
2026-03-04 21:21:58,0.0,0.0,5.0
2026-03-04 21:22:13,0.0,0.0,5.0
2026-03-04 21:22:28,0.0,0.0,5.0
2026-03-04 21:22:43,0.0,0.0,5.0
2026-03-04 21:22:58,0.0,0.0,5.0
2026-03-04 21:23:13,0.0,0.0,5.0
2026-03-04 21:23:28,0.0,0.0,5.0
2026-03-04 21:23:43,0.0,0.0,5.0
2026-03-04 21:23:58,0.0,0.0,5.0
2026-03-04 21:24:13,0.0,0.0,5.0
2026-03-04 21:24:28,0.0,0.0,5.0
2026-03-04 21:24:43,0.0,0.0,5.0
2026-03-04 21:24:58,0.0,0.0,5.0
2026-03-04 21:25:13,0.0,0.0,5.0
2026-03-04 21:25:28,0.0,0.0,5.0
2026-03-04 21:25:43,0.0,0.0,5.0
2026-03-04 21:25:58,0.0,0.0,5.0
2026-03-04 21:26:13,0.0,0.0,5.0
2026-03-04 21:26:28,0.0,0.0,5.0
2026-03-04 21:26:43,0.0,0.0,5.0
2026-03-04 21:26:58,0.0,0.0,5.0
2026-03-04 21:27:13,0.0,0.0,5.0
2026-03-04 21:27:28,0.0,0.0,5.0
2026-03-04 21:27:43,0.0,0.0,5.0
2026-03-04 21:27:58,0.0,0.0,5.0
2026-03-04 21:28:13,0.0,0.0,5.0
2026-03-04 21:28:28,0.0,0.0,5.0
2026-03-04 21:28:43,0.0,0.0,5.0
2026-03-04 21:28:58,0.0,0.0,5.0
2026-03-04 21:29:13,0.0,0.0,5.0
2026-03-04 21:29:28,0.0,0.0,5.0
2026-03-04 21:29:43,0.0,0.0,5.0
2026-03-04 21:29:58,0.0,0.0,5.0
2026-03-04 21:30:13,0.0,0.0,5.0
2026-03-04 21:30:28,0.0,0.0,5.0
2026-03-04 21:30:43,0.0,0.0,5.0
2026-03-04 21:30:58,0.0,0.0,5.0
2026-03-04 21:31:13,0.0,0.0,5.0
2026-03-04 21:31:28,0.0,0.0,5.0
2026-03-04 21:31:43,0.0,0.0,5.0
2026-03-04 21:31:58,0.0,0.0,5.0
2026-03-04 21:32:13,0.0,0.0,5.0
2026-03-04 21:32:28,0.0,0.0,5.0
2026-03-04 21:32:43,0.0,0.0,5.0
2026-03-04 21:32:58,0.0,0.0,5.0
2026-03-04 21:33:13,0.0,0.0,5.0
2026-03-04 21:33:28,0.0,0.0,5.0
2026-03-04 21:33:43,0.0,0.0,5.0
2026-03-04 21:33:58,0.0,0.0,5.0
2026-03-04 21:34:13,0.0,0.0,5.0
2026-03-04 21:34:28,0.0,0.0,5.0
2026-03-04 21:34:43,0.0,0.0,5.0
2026-03-04 21:34:58,0.0,0.0,5.0
2026-03-04 21:35:13,0.0,0.0,5.0
2026-03-04 21:35:28,0.0,0.0,5.0
2026-03-04 21:35:43,0.0,0.0,5.0
2026-03-04 21:35:58,0.0,0.0,5.0
2026-03-04 21:36:13,0.0,0.0,5.0
2026-03-04 21:36:28,0.0,0.0,5.0
2026-03-04 21:36:43,0.0,0.0,5.0
2026-03-04 21:36:58,0.0,0.0,5.0
2026-03-04 21:37:13,0.0,0.0,5.0
2026-03-04 21:37:28,0.0,0.0,5.0
2026-03-04 21:37:43,0.0,0.0,5.0
2026-03-04 21:37:58,0.0,0.0,5.0
2026-03-04 21:38:13,0.0,0.0,5.0
2026-03-04 21:38:28,0.0,0.0,5.0
2026-03-04 21:38:43,0.0,0.0,5.0
2026-03-04 21:38:58,0.0,0.0,5.0
2026-03-04 21:39:13,0.0,0.0,5.0
2026-03-04 21:39:28,0.0,0.0,5.0
2026-03-04 21:39:43,0.0,0.0,5.0
2026-03-04 21:39:58,0.0,0.0,5.0
2026-03-04 21:40:13,0.0,0.0,5.0
2026-03-04 21:40:28,0.0,0.0,5.0
2026-03-04 21:40:43,0.0,0.0,5.0
2026-03-04 21:40:58,0.0,0.0,5.0
2026-03-04 21:41:13,0.0,0.0,5.0
2026-03-04 21:41:28,0.0,0.0,5.0
2026-03-04 21:41:43,0.0,0.0,5.0
2026-03-04 21:41:58,0.0,0.0,5.0
2026-03-04 21:42:13,0.0,0.0,5.0
2026-03-04 21:42:28,0.0,0.0,5.0
2026-03-04 21:42:43,0.0,0.0,5.0
2026-03-04 21:42:58,0.0,0.0,5.0
2026-03-04 21:43:13,0.0,0.0,5.0
2026-03-04 21:43:28,0.0,0.0,5.0
2026-03-04 21:43:43,0.0,0.0,5.0
2026-03-04 21:43:58,0.0,0.0,5.0
2026-03-04 21:44:13,0.0,0.0,5.0
2026-03-04 21:44:28,0.0,0.0,5.0
2026-03-04 21:44:43,0.0,0.0,5.0
2026-03-04 21:44:58,0.0,0.0,5.0
2026-03-04 21:45:13,0.0,0.0,5.0
2026-03-04 21:45:28,0.0,0.0,5.0
2026-03-04 21:45:43,0.0,0.0,5.0
2026-03-04 21:45:58,0.0,0.0,5.0
2026-03-04 21:46:13,0.0,0.0,5.0
2026-03-04 21:46:28,0.0,0.0,5.0
2026-03-04 21:46:43,0.0,0.0,5.0
2026-03-04 21:46:58,0.0,0.0,5.0
2026-03-04 21:47:13,0.0,0.0,5.0
2026-03-04 21:47:28,0.0,0.0,5.0
2026-03-04 21:47:43,0.0,0.0,5.0
2026-03-04 21:47:58,0.0,0.0,5.0
2026-03-04 21:48:13,0.0,0.0,5.0
2026-03-04 21:48:28,0.0,0.0,5.0
2026-03-04 21:48:43,0.0,0.0,5.0
2026-03-04 21:48:58,0.0,0.0,5.0
2026-03-04 21:49:13,0.0,0.0,5.0
2026-03-04 21:49:28,0.0,0.0,5.0
2026-03-04 21:49:43,0.0,0.0,5.0
2026-03-04 21:49:58,0.0,0.0,5.0
2026-03-04 21:50:13,0.0,0.0,5.0
2026-03-04 21:50:28,0.0,0.0,5.0
2026-03-04 21:50:43,0.0,0.0,5.0
2026-03-04 21:50:58,0.0,0.0,5.0
2026-03-04 21:51:13,0.0,0.0,5.0
2026-03-04 21:51:28,0.0,0.0,5.0
2026-03-04 21:51:43,0.0,0.0,5.0
2026-03-04 21:51:58,0.0,0.0,5.0
2026-03-04 21:52:13,0.0,0.0,5.0
2026-03-04 21:52:28,0.0,0.0,5.0
2026-03-04 21:52:43,0.0,0.0,5.0
2026-03-04 21:52:58,0.0,0.0,5.0
2026-03-04 21:53:13,0.0,0.0,5.0
2026-03-04 21:53:28,0.0,0.0,5.0
2026-03-04 21:53:43,0.0,0.0,5.0
2026-03-04 21:53:58,0.0,0.0,5.0
2026-03-04 21:54:13,0.0,0.0,5.0
2026-03-04 21:54:28,0.0,0.0,5.0
2026-03-04 21:54:43,0.0,0.0,5.0
2026-03-04 21:54:58,0.0,0.0,5.0
2026-03-04 21:55:13,0.0,0.0,5.0
2026-03-04 21:55:28,0.0,0.0,5.0
2026-03-04 21:55:43,0.0,0.0,5.0
2026-03-04 21:55:58,0.0,0.0,5.0
2026-03-04 21:56:13,0.0,0.0,5.0
2026-03-04 21:56:28,0.0,0.0,5.0
2026-03-04 21:56:43,0.0,0.0,5.0
2026-03-04 21:56:58,0.0,0.0,5.0
2026-03-04 21:57:13,0.0,0.0,5.0
2026-03-04 21:57:28,0.0,0.0,5.0
2026-03-04 21:57:43,0.0,0.0,5.0
2026-03-04 21:57:58,0.0,0.0,5.0
2026-03-04 21:58:13,0.0,0.0,5.0
2026-03-04 21:58:28,0.0,0.0,5.0
2026-03-04 21:58:43,0.0,0.0,5.0
2026-03-04 21:58:58,0.0,0.0,5.0
2026-03-04 21:59:13,0.0,0.0,5.0
2026-03-04 21:59:28,0.0,0.0,5.0
2026-03-04 21:59:43,0.0,0.0,5.0
2026-03-04 21:59:58,0.0,0.0,5.0
2026-03-04 22:00:13,0.0,0.0,5.0
2026-03-04 22:00:28,0.0,0.0,5.0
2026-03-04 22:00:43,0.0,0.0,5.0
2026-03-04 22:00:58,0.0,0.0,5.0
2026-03-04 22:01:13,0.0,0.0,5.0
2026-03-04 22:01:28,0.0,0.0,5.0
2026-03-04 22:01:43,0.0,0.0,5.0
2026-03-04 22:01:58,0.0,0.0,5.0
2026-03-04 22:02:13,0.0,0.0,5.0
2026-03-04 22:02:28,0.0,0.0,5.0
2026-03-04 22:02:43,0.0,0.0,5.0
2026-03-04 22:02:58,0.0,0.0,5.0
2026-03-04 22:03:13,0.0,0.0,5.0
2026-03-04 22:03:28,0.0,0.0,5.0
2026-03-04 22:03:43,0.0,0.0,5.0
2026-03-04 22:03:58,0.0,0.0,5.0
2026-03-04 22:04:13,0.0,0.0,5.0
2026-03-04 22:04:28,0.0,0.0,5.0
2026-03-04 22:04:43,0.0,0.0,5.0
2026-03-04 22:04:58,0.0,0.0,5.0
2026-03-04 22:05:13,0.0,0.0,5.0
2026-03-04 22:05:28,0.0,0.0,5.0
2026-03-04 22:05:43,0.0,0.0,5.0
2026-03-04 22:05:58,0.0,0.0,5.0
2026-03-04 22:06:13,0.0,0.0,5.0
2026-03-04 22:06:28,0.0,0.0,5.0
2026-03-04 22:06:43,0.0,0.0,5.0
2026-03-04 22:06:58,0.0,0.0,5.0
2026-03-04 22:07:13,0.0,0.0,5.0
2026-03-04 22:07:28,0.0,0.0,5.0
2026-03-04 22:07:43,0.0,0.0,5.0
2026-03-04 22:07:58,0.0,0.0,5.0
2026-03-04 22:08:13,0.0,0.0,5.0
2026-03-04 22:08:28,0.0,0.0,5.0
2026-03-04 22:08:43,0.0,0.0,5.0
2026-03-04 22:08:58,0.0,0.0,5.0
2026-03-04 22:09:13,0.0,0.0,5.0
2026-03-04 22:09:28,0.0,0.0,5.0
2026-03-04 22:09:43,0.0,0.0,5.0
2026-03-04 22:09:58,0.0,0.0,5.0
2026-03-04 22:10:13,0.0,0.0,5.0
2026-03-04 22:10:28,0.0,0.0,5.0
2026-03-04 22:10:43,0.0,0.0,5.0
2026-03-04 22:10:58,0.0,0.0,5.0
2026-03-04 22:11:13,0.0,0.0,5.0
2026-03-04 22:11:28,0.0,0.0,5.0
2026-03-04 22:11:43,0.0,0.0,5.0
2026-03-04 22:11:58,0.0,0.0,5.0
2026-03-04 22:12:13,0.0,0.0,5.0
2026-03-04 22:12:28,0.0,0.0,5.0
2026-03-04 22:12:43,0.0,0.0,5.0
2026-03-04 22:12:58,0.0,0.0,5.0
2026-03-04 22:13:13,0.0,0.0,5.0
2026-03-04 22:13:28,0.0,0.0,5.0
2026-03-04 22:13:43,0.0,0.0,5.0
2026-03-04 22:13:58,0.0,0.0,5.0
2026-03-04 22:14:13,0.0,0.0,5.0
2026-03-04 22:14:28,0.0,0.0,5.0
2026-03-04 22:14:43,0.0,0.0,5.0
2026-03-04 22:14:58,0.0,0.0,5.0
2026-03-04 22:15:13,0.0,0.0,5.0
2026-03-04 22:15:28,0.0,0.0,5.0
2026-03-04 22:15:43,0.0,0.0,5.0
2026-03-04 22:15:58,0.0,0.0,5.0
2026-03-04 22:16:13,0.0,0.0,5.0
2026-03-04 22:16:28,0.0,0.0,5.0
2026-03-04 22:16:43,0.0,0.0,5.0
2026-03-04 22:16:58,0.0,0.0,5.0
2026-03-04 22:17:13,0.0,0.0,5.0
2026-03-04 22:17:28,0.0,0.0,5.0
2026-03-04 22:17:43,0.0,0.0,5.0
2026-03-04 22:17:58,0.0,0.0,5.0
2026-03-04 22:18:13,0.0,0.0,5.0
2026-03-04 22:18:28,0.0,0.0,5.0
2026-03-04 22:18:43,0.0,0.0,5.0
2026-03-04 22:18:58,0.0,0.0,5.0
2026-03-04 22:19:13,0.0,0.0,5.0
2026-03-04 22:19:28,0.0,0.0,5.0
2026-03-04 22:19:43,0.0,0.0,5.0
2026-03-04 22:19:58,0.0,0.0,5.0
2026-03-04 22:20:13,0.0,0.0,5.0
2026-03-04 22:20:28,0.0,0.0,5.0
2026-03-04 22:20:43,0.0,0.0,5.0
2026-03-04 22:20:58,0.0,0.0,5.0
2026-03-04 22:21:13,0.0,0.0,5.0
2026-03-04 22:21:28,0.0,0.0,5.0
2026-03-04 22:21:43,0.0,0.0,5.0
2026-03-04 22:21:58,0.0,0.0,5.0
2026-03-04 22:22:13,0.0,0.0,5.0
2026-03-04 22:22:28,0.0,0.0,5.0
2026-03-04 22:22:43,0.0,0.0,5.0
2026-03-04 22:22:58,0.0,0.0,5.0
2026-03-04 22:23:13,0.0,0.0,5.0
2026-03-04 22:23:28,0.0,0.0,5.0
2026-03-04 22:23:43,0.0,0.0,5.0
2026-03-04 22:23:58,0.0,0.0,5.0
2026-03-04 22:24:13,0.0,0.0,5.0
2026-03-04 22:24:28,0.0,0.0,5.0
2026-03-04 22:24:43,0.0,0.0,5.0
2026-03-04 22:24:58,0.0,0.0,5.0
2026-03-04 22:25:13,0.0,0.0,5.0
2026-03-04 22:25:28,0.0,0.0,5.0
2026-03-04 22:25:43,0.0,0.0,5.0
2026-03-04 22:25:58,0.0,0.0,5.0
2026-03-04 22:26:13,0.0,0.0,5.0
2026-03-04 22:26:28,0.0,0.0,5.0
2026-03-04 22:26:43,0.0,0.0,5.0
2026-03-04 22:26:58,0.0,0.0,5.0
2026-03-04 22:27:13,0.0,0.0,5.0
2026-03-04 22:27:28,0.0,0.0,5.0
2026-03-04 22:27:43,0.0,0.0,5.0
2026-03-04 22:27:58,0.0,0.0,5.0
2026-03-04 22:28:13,0.0,0.0,5.0
2026-03-04 22:28:28,0.0,0.0,5.0
2026-03-04 22:28:43,0.0,0.0,5.0
2026-03-04 22:28:58,0.0,0.0,5.0
2026-03-04 22:29:13,0.0,0.0,5.0
2026-03-04 22:29:28,0.0,0.0,5.0
2026-03-04 22:29:43,0.0,0.0,5.0
2026-03-04 22:29:58,0.0,0.0,5.0
2026-03-04 22:30:13,0.0,0.0,5.0
2026-03-04 22:30:28,0.0,0.0,5.0
2026-03-04 22:30:43,0.0,0.0,5.0
2026-03-04 22:30:58,0.0,0.0,5.0
2026-03-04 22:31:13,0.0,0.0,5.0
2026-03-04 22:31:28,0.0,0.0,5.0
2026-03-04 22:31:43,0.0,0.0,5.0
2026-03-04 22:31:58,0.0,0.0,5.0
2026-03-04 22:32:13,0.0,0.0,5.0
2026-03-04 22:32:28,0.0,0.0,5.0
2026-03-04 22:32:43,0.0,0.0,5.0
2026-03-04 22:32:58,0.0,0.0,5.0
2026-03-04 22:33:13,0.0,0.0,5.0
2026-03-04 22:33:28,0.0,0.0,5.0
2026-03-04 22:33:43,0.0,0.0,5.0
2026-03-04 22:33:58,0.0,0.0,5.0
2026-03-04 22:34:13,0.0,0.0,5.0
2026-03-04 22:34:28,0.0,0.0,5.0
2026-03-04 22:34:43,0.0,0.0,5.0
2026-03-04 22:34:58,0.0,0.0,5.0
2026-03-04 22:35:13,0.0,0.0,5.0
2026-03-04 22:35:28,0.0,0.0,5.0
2026-03-04 22:35:43,0.0,0.0,5.0
2026-03-04 22:35:58,0.0,0.0,5.0
2026-03-04 22:36:13,0.0,0.0,5.0
2026-03-04 22:36:28,0.0,0.0,5.0
2026-03-04 22:36:43,0.0,0.0,5.0
2026-03-04 22:36:58,0.0,0.0,5.0
2026-03-04 22:37:13,0.0,0.0,5.0
2026-03-04 22:37:28,0.0,0.0,5.0
2026-03-04 22:37:43,0.0,0.0,5.0
2026-03-04 22:37:58,0.0,0.0,5.0
2026-03-04 22:38:13,0.0,0.0,5.0
2026-03-04 22:38:28,0.0,0.0,5.0
2026-03-04 22:38:43,0.0,0.0,5.0
2026-03-04 22:38:58,0.0,0.0,5.0
2026-03-04 22:39:13,0.0,0.0,5.0
2026-03-04 22:39:28,0.0,0.0,5.0
2026-03-04 22:39:43,0.0,0.0,5.0
2026-03-04 22:39:58,0.0,0.0,5.0
2026-03-04 22:40:13,0.0,0.0,5.0
2026-03-04 22:40:28,0.0,0.0,5.0
2026-03-04 22:40:43,0.0,0.0,5.0
2026-03-04 22:40:58,0.0,0.0,5.0
2026-03-04 22:41:13,0.0,0.0,5.0
2026-03-04 22:41:28,0.0,0.0,5.0
2026-03-04 22:41:43,0.0,0.0,5.0
2026-03-04 22:41:58,0.0,0.0,5.0
2026-03-04 22:42:13,0.0,0.0,5.0
2026-03-04 22:42:28,0.0,0.0,5.0
2026-03-04 22:42:43,0.0,0.0,5.0
2026-03-04 22:42:58,0.0,0.0,5.0
2026-03-04 22:43:13,0.0,0.0,5.0
2026-03-04 22:43:28,0.0,0.0,5.0
2026-03-04 22:43:43,0.0,0.0,5.0
2026-03-04 22:43:58,0.0,0.0,5.0
2026-03-04 22:44:13,0.0,0.0,5.0
2026-03-04 22:44:28,0.0,0.0,5.0
2026-03-04 22:44:43,0.0,0.0,5.0
2026-03-04 22:44:58,0.0,0.0,5.0
2026-03-04 22:45:13,0.0,0.0,5.0
2026-03-04 22:45:28,0.0,0.0,5.0
2026-03-04 22:45:43,0.0,0.0,5.0
2026-03-04 22:45:58,0.0,0.0,5.0
2026-03-04 22:46:13,0.0,0.0,5.0
2026-03-04 22:46:28,0.0,0.0,5.0
2026-03-04 22:46:43,0.0,0.0,5.0
2026-03-04 22:46:58,0.0,0.0,5.0
2026-03-04 22:47:13,0.0,0.0,5.0
2026-03-04 22:47:28,0.0,0.0,5.0
2026-03-04 22:47:43,0.0,0.0,5.0
2026-03-04 22:47:58,0.0,0.0,5.0
2026-03-04 22:48:13,0.0,0.0,5.0
2026-03-04 22:48:28,0.0,0.0,5.0
2026-03-04 22:48:43,0.0,0.0,5.0
2026-03-04 22:48:58,0.0,0.0,5.0
2026-03-04 22:49:13,0.0,0.0,5.0
2026-03-04 22:49:28,0.0,0.0,5.0
2026-03-04 22:49:43,0.0,0.0,5.0
2026-03-04 22:49:58,0.0,0.0,5.0
2026-03-04 22:50:13,0.0,0.0,5.0
2026-03-04 22:50:28,0.0,0.0,5.0
2026-03-04 22:50:43,0.0,0.0,5.0
2026-03-04 22:50:58,0.0,0.0,5.0
2026-03-04 22:51:13,0.0,0.0,5.0
2026-03-04 22:51:28,0.0,0.0,5.0
2026-03-04 22:51:43,0.0,0.0,5.0
2026-03-04 22:51:58,0.0,0.0,5.0
2026-03-04 22:52:13,0.0,0.0,5.0
2026-03-04 22:52:28,0.0,0.0,5.0
2026-03-04 22:52:43,0.0,0.0,5.0
2026-03-04 22:52:58,0.0,0.0,5.0
2026-03-04 22:53:13,0.0,0.0,5.0
2026-03-04 22:53:28,0.0,0.0,5.0
2026-03-04 22:53:43,0.0,0.0,5.0
2026-03-04 22:53:58,0.0,0.0,5.0
2026-03-04 22:54:13,0.0,0.0,5.0
2026-03-04 22:54:28,0.0,0.0,5.0
2026-03-04 22:54:43,0.0,0.0,5.0
2026-03-04 22:54:58,0.0,0.0,5.0
2026-03-04 22:55:13,0.0,0.0,5.0
2026-03-04 22:55:28,0.0,0.0,5.0
2026-03-04 22:55:43,0.0,0.0,5.0
2026-03-04 22:55:58,0.0,0.0,5.0
2026-03-04 22:56:13,0.0,0.0,5.0
2026-03-04 22:56:28,0.0,0.0,5.0
2026-03-04 22:56:43,0.0,0.0,5.0
2026-03-04 22:56:58,0.0,0.0,5.0
2026-03-04 22:57:13,0.0,0.0,5.0
2026-03-04 22:57:28,0.0,0.0,5.0
2026-03-04 22:57:43,0.0,0.0,5.0
2026-03-04 22:57:58,0.0,0.0,5.0
2026-03-04 22:58:13,0.0,0.0,5.0
2026-03-04 22:58:28,0.0,0.0,5.0
