time,tcc_auto,tcc_empi,int_time
2026-03-08 00:00:09,100.0,100.0,134.31049049479168
2026-03-08 00:00:24,100.0,100.0,134.26148159722223
2026-03-08 00:00:39,100.0,100.0,134.21247269965278
2026-03-08 00:00:54,100.0,100.0,134.16346380208333
2026-03-08 00:01:09,100.0,100.0,134.11445490451388
2026-03-08 00:01:24,100.0,100.0,134.06544600694446
2026-03-08 00:01:39,100.0,100.0,134.016437109375
2026-03-08 00:01:54,100.0,100.0,133.96742821180555
2026-03-08 00:02:09,100.0,100.0,133.9184193142361
2026-03-08 00:02:24,100.0,100.0,133.86941041666665
2026-03-08 00:02:39,100.0,100.0,133.82040151909723
2026-03-08 00:02:54,100.0,100.0,133.77139262152778
2026-03-08 00:03:09,100.0,100.0,133.72238372395833
2026-03-08 00:03:24,100.0,100.0,133.67337482638888
2026-03-08 00:03:39,100.0,100.0,133.62436592881943
2026-03-08 00:03:54,100.0,100.0,133.57535703125
2026-03-08 00:04:09,100.0,100.0,133.52634813368056
2026-03-08 00:04:24,100.0,100.0,133.4773392361111
2026-03-08 00:04:39,100.0,100.0,133.42833033854166
2026-03-08 00:04:54,100.0,100.0,133.3793214409722
2026-03-08 00:05:09,100.0,100.0,133.33031254340278
2026-03-08 00:05:24,100.0,100.0,133.28130364583333
2026-03-08 00:05:39,100.0,100.0,133.23229474826388
2026-03-08 00:05:54,100.0,100.0,133.18328585069443
2026-03-08 00:06:09,100.0,100.0,133.13427695312498
2026-03-08 00:06:24,100.0,100.0,133.08526805555556
2026-03-08 00:06:39,100.0,100.0,133.0362591579861
2026-03-08 00:06:54,100.0,100.0,132.98725026041666
2026-03-08 00:07:09,100.0,100.0,132.9382413628472
2026-03-08 00:07:24,100.0,100.0,132.8892324652778
2026-03-08 00:07:39,100.0,100.0,132.84022356770834
2026-03-08 00:07:54,100.0,100.0,132.79121467013888
2026-03-08 00:08:09,100.0,100.0,132.74220577256943
2026-03-08 00:08:24,100.0,100.0,132.693196875
2026-03-08 00:08:39,100.0,100.0,132.64418797743056
2026-03-08 00:08:54,100.0,100.0,132.5951790798611
2026-03-08 00:09:09,100.0,100.0,132.54617018229166
2026-03-08 00:09:24,100.0,100.0,132.4971612847222
2026-03-08 00:09:39,100.0,100.0,132.4481523871528
2026-03-08 00:09:54,100.0,100.0,132.39914348958334
2026-03-08 00:10:09,100.0,100.0,132.3501345920139
2026-03-08 00:10:24,100.0,100.0,132.30112569444444
2026-03-08 00:10:39,100.0,100.0,132.252116796875
2026-03-08 00:10:54,100.0,100.0,132.20310789930556
2026-03-08 00:11:09,100.0,100.0,132.1540990017361
2026-03-08 00:11:24,100.0,100.0,132.10509010416666
2026-03-08 00:11:39,100.0,100.0,132.0560812065972
2026-03-08 00:11:54,100.0,100.0,132.00707230902776
2026-03-08 00:12:09,100.0,100.0,131.95806341145834
2026-03-08 00:12:24,100.0,100.0,131.9090545138889
2026-03-08 00:12:39,100.0,100.0,131.86004561631944
2026-03-08 00:12:54,100.0,100.0,131.81103671875
2026-03-08 00:13:09,100.0,100.0,131.76202782118054
2026-03-08 00:13:24,100.0,100.0,131.71301892361112
2026-03-08 00:13:39,100.0,100.0,131.66401002604167
2026-03-08 00:13:54,100.0,100.0,131.61500112847222
2026-03-08 00:14:09,100.0,100.0,131.56599223090276
2026-03-08 00:14:24,100.0,100.0,131.51698333333331
2026-03-08 00:14:39,100.0,100.0,131.4679744357639
2026-03-08 00:14:54,100.0,100.0,131.41896553819444
2026-03-08 00:15:09,100.0,100.0,131.369956640625
2026-03-08 00:15:24,100.0,100.0,131.32094774305554
2026-03-08 00:15:39,100.0,100.0,131.27193884548612
2026-03-08 00:15:54,100.0,100.0,131.22292994791667
2026-03-08 00:16:09,100.0,100.0,131.17392105034722
2026-03-08 00:16:24,100.0,100.0,131.12491215277777
2026-03-08 00:16:39,100.0,100.0,131.07590325520835
2026-03-08 00:16:54,100.0,100.0,131.0268943576389
2026-03-08 00:17:09,100.0,100.0,130.97788546006944
2026-03-08 00:17:24,100.0,100.0,130.9288765625
2026-03-08 00:17:39,100.0,100.0,130.87986766493054
2026-03-08 00:17:54,100.0,100.0,130.83085876736112
2026-03-08 00:18:09,100.0,100.0,130.78184986979167
2026-03-08 00:18:24,100.0,100.0,130.73284097222222
2026-03-08 00:18:39,100.0,100.0,130.68383207465277
2026-03-08 00:18:54,100.0,100.0,130.63482317708332
2026-03-08 00:19:09,100.0,100.0,130.5858142795139
2026-03-08 00:19:24,100.0,100.0,130.53680538194445
2026-03-08 00:19:39,100.0,100.0,130.487796484375
2026-03-08 00:19:54,100.0,100.0,130.43878758680555
2026-03-08 00:20:09,100.0,100.0,130.3897786892361
2026-03-08 00:20:24,100.0,100.0,130.34076979166667
2026-03-08 00:20:39,100.0,100.0,130.29176089409722
2026-03-08 00:20:54,100.0,100.0,130.24275199652777
2026-03-08 00:21:09,100.0,100.0,130.19374309895832
2026-03-08 00:21:24,100.0,100.0,130.14473420138887
2026-03-08 00:21:39,100.0,100.0,130.09572530381945
2026-03-08 00:21:54,100.0,100.0,130.04671640625
2026-03-08 00:22:09,100.0,100.0,129.99770750868055
2026-03-08 00:22:24,100.0,100.0,129.9486986111111
2026-03-08 00:22:39,100.0,100.0,129.89968971354168
2026-03-08 00:22:54,100.0,100.0,129.85068081597223
2026-03-08 00:23:09,100.0,100.0,129.80167191840277
2026-03-08 00:23:24,100.0,100.0,129.75266302083332
2026-03-08 00:23:39,100.0,100.0,129.70365412326387
2026-03-08 00:23:54,100.0,100.0,129.65464522569445
2026-03-08 00:24:09,100.0,100.0,129.605636328125
2026-03-08 00:24:24,100.0,100.0,129.55662743055555
2026-03-08 00:24:39,100.0,100.0,129.5076185329861
2026-03-08 00:24:54,100.0,100.0,129.45860963541668
2026-03-08 00:25:09,100.0,100.0,129.40960073784723
2026-03-08 00:25:24,100.0,100.0,129.36059184027778
2026-03-08 00:25:39,100.0,100.0,129.31158294270833
2026-03-08 00:25:54,100.0,100.0,129.26257404513888
2026-03-08 00:26:09,100.0,100.0,129.21356514756945
2026-03-08 00:26:24,100.0,100.0,129.16455625
2026-03-08 00:26:39,100.0,100.0,129.11554735243055
2026-03-08 00:26:54,100.0,100.0,129.0665384548611
2026-03-08 00:27:09,100.0,100.0,129.01752955729165
2026-03-08 00:27:24,100.0,100.0,128.96852065972223
2026-03-08 00:27:39,100.0,100.0,128.91951176215278
2026-03-08 00:27:54,100.0,100.0,128.87050286458333
2026-03-08 00:28:09,100.0,100.0,128.82149396701388
2026-03-08 00:28:24,100.0,100.0,128.77248506944443
2026-03-08 00:28:39,100.0,100.0,128.723476171875
2026-03-08 00:28:54,100.0,100.0,128.67446727430556
2026-03-08 00:29:09,100.0,100.0,128.6254583767361
2026-03-08 00:29:24,100.0,100.0,128.57644947916666
2026-03-08 00:29:39,100.0,100.0,128.5274405815972
2026-03-08 00:29:54,100.0,100.0,128.47843168402778
2026-03-08 00:30:09,100.0,100.0,128.42942278645833
2026-03-08 00:30:24,100.0,100.0,128.38041388888888
2026-03-08 00:30:39,100.0,100.0,128.33140499131943
2026-03-08 00:30:54,100.0,100.0,128.28239609375
2026-03-08 00:31:09,100.0,100.0,128.23338719618056
2026-03-08 00:31:24,100.0,100.0,128.1843782986111
2026-03-08 00:31:39,100.0,100.0,128.13536940104166
2026-03-08 00:31:54,100.0,100.0,128.0863605034722
2026-03-08 00:32:09,100.0,100.0,128.03735160590278
2026-03-08 00:32:24,100.0,100.0,127.98834270833333
2026-03-08 00:32:39,100.0,100.0,127.93933381076388
2026-03-08 00:32:54,100.0,100.0,127.89032491319443
2026-03-08 00:33:09,100.0,100.0,127.841316015625
2026-03-08 00:33:24,100.0,100.0,127.79230711805556
2026-03-08 00:33:39,100.0,100.0,127.74329822048611
2026-03-08 00:33:54,100.0,100.0,127.69428932291666
2026-03-08 00:34:09,100.0,100.0,127.64528042534722
2026-03-08 00:34:24,100.0,100.0,127.59627152777777
2026-03-08 00:34:39,100.0,100.0,127.54726263020834
2026-03-08 00:34:54,100.0,100.0,127.49825373263889
2026-03-08 00:35:09,100.0,100.0,127.44924483506944
2026-03-08 00:35:24,100.0,100.0,127.4002359375
2026-03-08 00:35:39,100.0,100.0,127.35122703993055
2026-03-08 00:35:54,100.0,100.0,127.30221814236111
2026-03-08 00:36:09,100.0,100.0,127.25320924479166
2026-03-08 00:36:24,100.0,100.0,127.20420034722221
2026-03-08 00:36:39,100.0,100.0,127.15519144965278
2026-03-08 00:36:54,100.0,100.0,127.10618255208333
2026-03-08 00:37:09,100.0,100.0,127.05717365451389
2026-03-08 00:37:24,100.0,100.0,127.00816475694444
2026-03-08 00:37:39,100.0,100.0,126.95915585937499
2026-03-08 00:37:54,100.0,100.0,126.91014696180555
2026-03-08 00:38:09,100.0,100.0,126.86113806423612
2026-03-08 00:38:24,100.0,100.0,126.81212916666667
2026-03-08 00:38:39,100.0,100.0,126.76312026909721
2026-03-08 00:38:54,100.0,100.0,126.71411137152778
2026-03-08 00:39:09,100.0,100.0,126.66510247395833
2026-03-08 00:39:24,100.0,100.0,126.61609357638889
2026-03-08 00:39:39,100.0,100.0,126.56708467881944
2026-03-08 00:39:54,100.0,100.0,126.51807578124999
2026-03-08 00:40:09,100.0,100.0,126.46906688368055
2026-03-08 00:40:24,100.0,100.0,126.4200579861111
2026-03-08 00:40:39,100.0,100.0,126.37104908854167
2026-03-08 00:40:54,100.0,100.0,126.32204019097222
2026-03-08 00:41:09,100.0,100.0,126.27303129340278
2026-03-08 00:41:24,100.0,100.0,126.22402239583333
2026-03-08 00:41:39,100.0,100.0,126.17501349826388
2026-03-08 00:41:54,100.0,100.0,126.12600460069444
2026-03-08 00:42:09,100.0,100.0,126.076995703125
2026-03-08 00:42:24,100.0,100.0,126.02798680555556
2026-03-08 00:42:39,100.0,100.0,125.9789779079861
2026-03-08 00:42:54,100.0,100.0,125.92996901041667
2026-03-08 00:43:09,100.0,100.0,125.88096011284722
2026-03-08 00:43:24,100.0,100.0,125.83195121527777
2026-03-08 00:43:39,100.0,100.0,125.78294231770833
2026-03-08 00:43:54,100.0,100.0,125.73393342013888
2026-03-08 00:44:09,100.0,100.0,125.68492452256945
2026-03-08 00:44:24,100.0,100.0,125.635915625
2026-03-08 00:44:39,100.0,100.0,125.58690672743055
2026-03-08 00:44:54,100.0,100.0,125.53789782986111
2026-03-08 00:45:09,100.0,100.0,125.48888893229166
2026-03-08 00:45:24,100.0,100.0,125.43988003472222
2026-03-08 00:45:39,100.0,100.0,125.39087113715277
2026-03-08 00:45:54,100.0,100.0,125.34186223958334
2026-03-08 00:46:09,100.0,100.0,125.29285334201388
2026-03-08 00:46:24,100.0,100.0,125.24384444444445
2026-03-08 00:46:39,100.0,100.0,125.194835546875
2026-03-08 00:46:54,100.0,100.0,125.14582664930555
2026-03-08 00:47:09,100.0,100.0,125.09681775173611
2026-03-08 00:47:24,100.0,100.0,125.04780885416666
2026-03-08 00:47:39,100.0,100.0,124.99879995659722
2026-03-08 00:47:54,100.0,100.0,124.94979105902777
2026-03-08 00:48:09,100.0,100.0,124.90078216145832
2026-03-08 00:48:24,100.0,100.0,124.85177326388889
2026-03-08 00:48:39,100.0,100.0,124.80276436631944
2026-03-08 00:48:54,100.0,100.0,124.75375546875
2026-03-08 00:49:09,100.0,100.0,124.70474657118055
2026-03-08 00:49:24,100.0,100.0,124.65573767361111
2026-03-08 00:49:39,100.0,100.0,124.60672877604166
2026-03-08 00:49:54,100.0,100.0,124.55771987847223
2026-03-08 00:50:09,100.0,100.0,124.50871098090278
2026-03-08 00:50:24,100.0,100.0,124.45970208333333
2026-03-08 00:50:39,100.0,100.0,124.41069318576389
2026-03-08 00:50:54,100.0,100.0,124.36168428819444
2026-03-08 00:51:09,100.0,100.0,124.312675390625
2026-03-08 00:51:24,100.0,100.0,124.26366649305555
2026-03-08 00:51:39,100.0,100.0,124.2146575954861
2026-03-08 00:51:54,100.0,100.0,124.16564869791667
2026-03-08 00:52:09,100.0,100.0,124.11663980034722
2026-03-08 00:52:24,100.0,100.0,124.06763090277778
2026-03-08 00:52:39,100.0,100.0,124.01862200520833
2026-03-08 00:52:54,100.0,100.0,123.96961310763888
2026-03-08 00:53:09,100.0,100.0,123.92060421006944
2026-03-08 00:53:24,100.0,100.0,123.87159531249999
2026-03-08 00:53:39,100.0,100.0,123.82258641493056
2026-03-08 00:53:54,100.0,100.0,123.7735775173611
2026-03-08 00:54:09,100.0,100.0,123.72456861979167
2026-03-08 00:54:24,100.0,100.0,123.67555972222222
2026-03-08 00:54:39,100.0,100.0,123.62655082465278
2026-03-08 00:54:54,100.0,100.0,123.57754192708333
2026-03-08 00:55:09,100.0,100.0,123.52853302951388
2026-03-08 00:55:24,100.0,100.0,123.47952413194444
2026-03-08 00:55:39,100.0,100.0,123.430515234375
2026-03-08 00:55:54,100.0,100.0,123.38150633680556
2026-03-08 00:56:09,100.0,100.0,123.3324974392361
2026-03-08 00:56:24,100.0,100.0,123.28348854166666
2026-03-08 00:56:39,100.0,100.0,123.23447964409722
2026-03-08 00:56:54,100.0,100.0,123.18547074652777
2026-03-08 00:57:09,100.0,100.0,123.13646184895833
2026-03-08 00:57:24,100.0,100.0,123.08745295138888
2026-03-08 00:57:39,100.0,100.0,123.03844405381945
2026-03-08 00:57:54,100.0,100.0,122.98943515625
2026-03-08 00:58:09,100.0,100.0,122.94042625868056
2026-03-08 00:58:24,100.0,100.0,122.89141736111111
2026-03-08 00:58:39,100.0,100.0,122.84240846354166
2026-03-08 00:58:54,100.0,100.0,122.79339956597222
2026-03-08 00:59:09,100.0,100.0,122.74439066840277
2026-03-08 00:59:24,100.0,100.0,122.69538177083334
2026-03-08 00:59:39,100.0,100.0,122.64637287326389
2026-03-08 00:59:54,100.0,100.0,122.59736397569444
2026-03-08 01:00:09,100.0,100.0,122.548355078125
2026-03-08 01:00:24,100.0,100.0,122.49934618055555
2026-03-08 01:00:39,100.0,100.0,122.45033728298611
2026-03-08 01:00:54,100.0,100.0,122.40132838541666
2026-03-08 01:01:09,100.0,100.0,122.35231948784723
2026-03-08 01:01:24,100.0,100.0,122.30331059027777
2026-03-08 01:01:39,100.0,100.0,122.25430169270832
2026-03-08 01:01:54,100.0,100.0,122.20529279513889
2026-03-08 01:02:09,100.0,100.0,122.15628389756944
2026-03-08 01:02:24,100.0,100.0,122.107275
2026-03-08 01:02:39,100.0,100.0,122.05826610243055
2026-03-08 01:02:54,100.0,100.0,122.00925720486111
2026-03-08 01:03:09,100.0,100.0,121.96024830729166
2026-03-08 01:03:24,100.0,100.0,121.91123940972221
2026-03-08 01:03:39,100.0,100.0,121.86223051215278
2026-03-08 01:03:54,100.0,100.0,121.81322161458333
2026-03-08 01:04:09,100.0,100.0,121.76421271701389
2026-03-08 01:04:24,100.0,100.0,121.71520381944444
2026-03-08 01:04:39,100.0,100.0,121.66619492187499
2026-03-08 01:04:54,100.0,100.0,121.61718602430555
2026-03-08 01:05:09,100.0,100.0,121.5681771267361
2026-03-08 01:05:24,100.0,100.0,121.51916822916667
2026-03-08 01:05:39,100.0,100.0,121.47015933159722
2026-03-08 01:05:54,100.0,100.0,121.42115043402778
2026-03-08 01:06:09,100.0,100.0,121.37214153645833
2026-03-08 01:06:24,100.0,100.0,121.3231326388889
2026-03-08 01:06:39,100.0,100.0,121.27412374131944
2026-03-08 01:06:54,100.0,100.0,121.22511484374999
2026-03-08 01:07:09,100.0,100.0,121.17610594618056
2026-03-08 01:07:24,100.0,100.0,121.1270970486111
2026-03-08 01:07:39,100.0,100.0,121.07808815104167
2026-03-08 01:07:54,100.0,100.0,121.02907925347222
2026-03-08 01:08:09,100.0,100.0,120.98007035590277
2026-03-08 01:08:24,100.0,100.0,120.93106145833333
2026-03-08 01:08:39,100.0,100.0,120.88205256076388
2026-03-08 01:08:54,100.0,100.0,120.83304366319445
2026-03-08 01:09:09,100.0,100.0,120.784034765625
2026-03-08 01:09:24,100.0,100.0,120.73502586805556
2026-03-08 01:09:39,100.0,100.0,120.68601697048611
2026-03-08 01:09:54,100.0,100.0,120.63700807291667
2026-03-08 01:10:09,100.0,100.0,120.58799917534722
2026-03-08 01:10:24,100.0,100.0,120.53899027777777
2026-03-08 01:10:39,100.0,100.0,120.48998138020833
2026-03-08 01:10:54,100.0,100.0,120.44097248263888
2026-03-08 01:11:09,100.0,100.0,120.39196358506945
2026-03-08 01:11:24,100.0,100.0,120.3429546875
2026-03-08 01:11:39,100.0,100.0,120.29394578993055
2026-03-08 01:11:54,100.0,100.0,120.24493689236111
2026-03-08 01:12:09,100.0,100.0,120.19592799479166
2026-03-08 01:12:24,100.0,100.0,120.14691909722222
2026-03-08 01:12:39,100.0,100.0,120.09791019965277
2026-03-08 01:12:54,100.0,100.0,120.04890130208332
2026-03-08 01:13:09,100.0,100.0,119.99989240451389
2026-03-08 01:13:24,100.0,100.0,119.95088350694444
2026-03-08 01:13:39,100.0,100.0,119.901874609375
2026-03-08 01:13:54,100.0,100.0,119.85286571180555
2026-03-08 01:14:09,100.0,100.0,119.80385681423611
2026-03-08 01:14:24,100.0,100.0,119.75484791666666
2026-03-08 01:14:39,100.0,100.0,119.70583901909723
2026-03-08 01:14:54,100.0,100.0,119.65683012152778
2026-03-08 01:15:09,100.0,100.0,119.60782122395833
2026-03-08 01:15:24,100.0,100.0,119.55881232638889
2026-03-08 01:15:39,100.0,100.0,119.50980342881944
2026-03-08 01:15:54,100.0,100.0,119.46079453125
2026-03-08 01:16:09,100.0,100.0,119.41178563368055
2026-03-08 01:16:24,100.0,100.0,119.3627767361111
2026-03-08 01:16:39,100.0,100.0,119.31376783854166
2026-03-08 01:16:54,100.0,100.0,119.26475894097221
2026-03-08 01:17:09,100.0,100.0,119.21575004340278
2026-03-08 01:17:24,100.0,100.0,119.16674114583333
2026-03-08 01:17:39,100.0,100.0,119.11773224826389
2026-03-08 01:17:54,100.0,100.0,119.06872335069444
2026-03-08 01:18:09,100.0,100.0,119.019714453125
2026-03-08 01:18:24,100.0,100.0,118.97070555555555
2026-03-08 01:18:39,100.0,100.0,118.9216966579861
2026-03-08 01:18:54,100.0,100.0,118.87268776041667
2026-03-08 01:19:09,100.0,100.0,118.82367886284722
2026-03-08 01:19:24,100.0,100.0,118.77466996527778
2026-03-08 01:19:39,100.0,100.0,118.72566106770833
2026-03-08 01:19:54,100.0,100.0,118.67665217013888
2026-03-08 01:20:09,100.0,100.0,118.62764327256944
2026-03-08 01:20:24,100.0,100.0,118.578634375
2026-03-08 01:20:39,100.0,100.0,118.52962547743056
2026-03-08 01:20:54,100.0,100.0,118.4806165798611
2026-03-08 01:21:09,100.0,100.0,118.43160768229167
2026-03-08 01:21:24,100.0,100.0,118.38259878472222
2026-03-08 01:21:39,100.0,100.0,118.33358988715277
2026-03-08 01:21:54,100.0,100.0,118.28458098958333
2026-03-08 01:22:09,100.0,100.0,118.23557209201388
2026-03-08 01:22:24,100.0,100.0,118.18656319444445
2026-03-08 01:22:39,100.0,100.0,118.137554296875
2026-03-08 01:22:54,100.0,100.0,118.08854539930556
2026-03-08 01:23:09,100.0,100.0,118.03953650173611
2026-03-08 01:23:24,100.0,100.0,117.99052760416666
2026-03-08 01:23:39,100.0,100.0,117.94151870659722
2026-03-08 01:23:54,100.0,100.0,117.89250980902777
2026-03-08 01:24:09,100.0,100.0,117.84350091145834
2026-03-08 01:24:24,100.0,100.0,117.79449201388888
2026-03-08 01:24:39,100.0,100.0,117.74548311631943
2026-03-08 01:24:54,100.0,100.0,117.69647421875
2026-03-08 01:25:09,100.0,100.0,117.64746532118055
2026-03-08 01:25:24,100.0,100.0,117.59845642361111
2026-03-08 01:25:39,100.0,100.0,117.54944752604166
2026-03-08 01:25:54,100.0,100.0,117.50043862847222
2026-03-08 01:26:09,100.0,100.0,117.45142973090277
2026-03-08 01:26:24,100.0,100.0,117.40242083333334
2026-03-08 01:26:39,100.0,100.0,117.35341193576389
2026-03-08 01:26:54,100.0,100.0,117.30440303819444
2026-03-08 01:27:09,100.0,100.0,117.255394140625
2026-03-08 01:27:24,100.0,100.0,117.20638524305555
2026-03-08 01:27:39,100.0,100.0,117.15737634548611
2026-03-08 01:27:54,100.0,100.0,117.10836744791666
2026-03-08 01:28:09,100.0,100.0,117.05935855034721
2026-03-08 01:28:24,100.0,100.0,117.01034965277778
2026-03-08 01:28:39,100.0,100.0,116.96134075520833
2026-03-08 01:28:54,100.0,100.0,116.91233185763889
2026-03-08 01:29:09,100.0,100.0,116.86332296006944
2026-03-08 01:29:24,100.0,100.0,116.8143140625
2026-03-08 01:29:39,100.0,100.0,116.76530516493055
2026-03-08 01:29:54,100.0,100.0,116.7162962673611
2026-03-08 01:30:09,100.0,100.0,116.66728736979167
2026-03-08 01:30:24,100.0,100.0,116.61827847222222
2026-03-08 01:30:39,100.0,100.0,116.56926957465278
2026-03-08 01:30:54,100.0,100.0,116.52026067708333
2026-03-08 01:31:09,100.0,100.0,116.47125177951389
2026-03-08 01:31:24,100.0,100.0,116.42224288194444
2026-03-08 01:31:39,100.0,100.0,116.37323398437499
2026-03-08 01:31:54,100.0,100.0,116.32422508680555
2026-03-08 01:32:09,100.0,100.0,116.2752161892361
2026-03-08 01:32:24,100.0,100.0,116.22620729166667
2026-03-08 01:32:39,100.0,100.0,116.17719839409722
2026-03-08 01:32:54,100.0,100.0,116.12818949652778
2026-03-08 01:33:09,100.0,100.0,116.07918059895833
2026-03-08 01:33:24,100.0,100.0,116.03017170138888
2026-03-08 01:33:39,100.0,100.0,115.98116280381944
2026-03-08 01:33:54,100.0,100.0,115.93215390625
2026-03-08 01:34:09,100.0,100.0,115.88314500868056
2026-03-08 01:34:24,100.0,100.0,115.8341361111111
2026-03-08 01:34:39,100.0,100.0,115.78512721354167
2026-03-08 01:34:54,100.0,100.0,115.73611831597222
2026-03-08 01:35:09,100.0,100.0,115.68710941840277
2026-03-08 01:35:24,100.0,100.0,115.63810052083333
2026-03-08 01:35:39,100.0,100.0,115.58909162326388
2026-03-08 01:35:54,100.0,100.0,115.54008272569445
2026-03-08 01:36:09,100.0,100.0,115.491073828125
2026-03-08 01:36:24,100.0,100.0,115.44206493055555
2026-03-08 01:36:39,100.0,100.0,115.39305603298611
2026-03-08 01:36:54,100.0,100.0,115.34404713541666
2026-03-08 01:37:09,100.0,100.0,115.29503823784722
2026-03-08 01:37:24,100.0,100.0,115.24602934027777
2026-03-08 01:37:39,100.0,100.0,115.19702044270834
2026-03-08 01:37:54,100.0,100.0,115.14801154513889
2026-03-08 01:38:09,100.0,100.0,115.09900264756943
2026-03-08 01:38:24,100.0,100.0,115.04999375
2026-03-08 01:38:39,100.0,100.0,115.00098485243055
2026-03-08 01:38:54,100.0,100.0,114.95197595486111
2026-03-08 01:39:09,100.0,100.0,114.90296705729166
2026-03-08 01:39:24,100.0,100.0,114.85395815972223
2026-03-08 01:39:39,100.0,100.0,114.80494926215277
2026-03-08 01:39:54,100.0,100.0,114.75594036458332
2026-03-08 01:40:09,100.0,100.0,114.70693146701389
2026-03-08 01:40:24,100.0,100.0,114.65792256944444
2026-03-08 01:40:39,100.0,100.0,114.608913671875
2026-03-08 01:40:54,100.0,100.0,114.55990477430555
2026-03-08 01:41:09,100.0,100.0,114.51089587673611
2026-03-08 01:41:24,100.0,100.0,114.46188697916666
2026-03-08 01:41:39,100.0,100.0,114.41287808159721
2026-03-08 01:41:54,100.0,100.0,114.36386918402778
2026-03-08 01:42:09,100.0,100.0,114.31486028645833
2026-03-08 01:42:24,100.0,100.0,114.26585138888889
2026-03-08 01:42:39,100.0,100.0,114.21684249131944
2026-03-08 01:42:54,100.0,100.0,114.16783359375
2026-03-08 01:43:09,100.0,100.0,114.11882469618055
2026-03-08 01:43:24,100.0,100.0,114.0698157986111
2026-03-08 01:43:39,100.0,100.0,114.02080690104167
2026-03-08 01:43:54,100.0,100.0,113.97179800347222
2026-03-08 01:44:09,100.0,100.0,113.92278910590278
2026-03-08 01:44:24,100.0,100.0,113.87378020833333
2026-03-08 01:44:39,100.0,100.0,113.82477131076388
2026-03-08 01:44:54,100.0,100.0,113.77576241319444
2026-03-08 01:45:09,100.0,100.0,113.72675351562499
2026-03-08 01:45:24,100.0,100.0,113.67774461805556
2026-03-08 01:45:39,100.0,100.0,113.6287357204861
2026-03-08 01:45:54,100.0,100.0,113.57972682291667
2026-03-08 01:46:09,100.0,100.0,113.53071792534722
2026-03-08 01:46:24,100.0,100.0,113.48170902777777
2026-03-08 01:46:39,100.0,100.0,113.43270013020833
2026-03-08 01:46:54,100.0,100.0,113.38369123263888
2026-03-08 01:47:09,100.0,100.0,113.33468233506945
2026-03-08 01:47:24,100.0,100.0,113.2856734375
2026-03-08 01:47:39,100.0,100.0,113.23666453993056
2026-03-08 01:47:54,100.0,100.0,113.18765564236111
2026-03-08 01:48:09,100.0,100.0,113.13864674479166
2026-03-08 01:48:24,100.0,100.0,113.08963784722222
2026-03-08 01:48:39,100.0,100.0,113.04062894965277
2026-03-08 01:48:54,100.0,100.0,112.99162005208333
2026-03-08 01:49:09,100.0,100.0,112.94261115451388
2026-03-08 01:49:24,100.0,100.0,112.89360225694445
2026-03-08 01:49:39,100.0,100.0,112.844593359375
2026-03-08 01:49:54,100.0,100.0,112.79558446180555
2026-03-08 01:50:09,100.0,100.0,112.74657556423611
2026-03-08 01:50:24,100.0,100.0,112.69756666666666
2026-03-08 01:50:39,100.0,100.0,112.64855776909722
2026-03-08 01:50:54,100.0,100.0,112.59954887152777
2026-03-08 01:51:09,100.0,100.0,112.55053997395834
2026-03-08 01:51:24,100.0,100.0,112.50153107638889
2026-03-08 01:51:39,100.0,100.0,112.45252217881944
2026-03-08 01:51:54,100.0,100.0,112.40351328125
2026-03-08 01:52:09,100.0,100.0,112.35450438368055
2026-03-08 01:52:24,100.0,100.0,112.30549548611111
2026-03-08 01:52:39,100.0,100.0,112.25648658854166
2026-03-08 01:52:54,100.0,100.0,112.20747769097223
2026-03-08 01:53:09,100.0,100.0,112.15846879340278
2026-03-08 01:53:24,100.0,100.0,112.10945989583333
2026-03-08 01:53:39,100.0,100.0,112.06045099826389
2026-03-08 01:53:54,100.0,100.0,112.01144210069444
2026-03-08 01:54:09,100.0,100.0,111.962433203125
2026-03-08 01:54:24,100.0,100.0,111.91342430555555
2026-03-08 01:54:39,100.0,100.0,111.86441540798612
2026-03-08 01:54:54,100.0,100.0,111.81540651041666
2026-03-08 01:55:09,100.0,100.0,111.76639761284721
2026-03-08 01:55:24,100.0,100.0,111.71738871527778
2026-03-08 01:55:39,100.0,100.0,111.66837981770833
2026-03-08 01:55:54,100.0,100.0,111.61937092013889
2026-03-08 01:56:09,100.0,100.0,111.57036202256944
2026-03-08 01:56:24,100.0,100.0,111.52135312499999
2026-03-08 01:56:39,100.0,100.0,111.47234422743055
2026-03-08 01:56:54,100.0,100.0,111.4233353298611
2026-03-08 01:57:09,100.0,100.0,111.37432643229167
2026-03-08 01:57:24,100.0,100.0,111.32531753472222
2026-03-08 01:57:39,100.0,100.0,111.27630863715278
2026-03-08 01:57:54,100.0,100.0,111.22729973958333
2026-03-08 01:58:09,100.0,100.0,111.17829084201388
2026-03-08 01:58:24,100.0,100.0,111.12928194444444
2026-03-08 01:58:39,100.0,100.0,111.08027304687499
2026-03-08 01:58:54,100.0,100.0,111.03126414930556
2026-03-08 01:59:09,100.0,100.0,110.9822552517361
2026-03-08 01:59:24,100.0,100.0,110.93324635416667
2026-03-08 01:59:39,100.0,100.0,110.88423745659722
2026-03-08 01:59:54,100.0,100.0,110.83522855902777
2026-03-08 02:00:09,100.0,100.0,110.78621966145833
2026-03-08 02:00:24,100.0,100.0,110.73721076388888
2026-03-08 02:00:39,100.0,100.0,110.68820186631945
2026-03-08 02:00:54,100.0,100.0,110.63919296875
2026-03-08 02:01:09,100.0,100.0,110.59018407118056
2026-03-08 02:01:24,100.0,100.0,110.54117517361111
2026-03-08 02:01:39,100.0,100.0,110.49216627604166
2026-03-08 02:01:54,100.0,100.0,110.44315737847222
2026-03-08 02:02:09,100.0,100.0,110.39414848090277
2026-03-08 02:02:24,100.0,100.0,110.34513958333334
2026-03-08 02:02:39,100.0,100.0,110.29613068576388
2026-03-08 02:02:54,100.0,100.0,110.24712178819445
2026-03-08 02:03:09,100.0,100.0,110.198112890625
2026-03-08 02:03:24,100.0,100.0,110.14910399305555
2026-03-08 02:03:39,100.0,100.0,110.10009509548611
2026-03-08 02:03:54,100.0,100.0,110.05108619791666
2026-03-08 02:04:09,100.0,100.0,110.00207730034722
2026-03-08 02:04:24,100.0,100.0,109.95306840277777
2026-03-08 02:04:39,100.0,100.0,109.90405950520834
2026-03-08 02:04:54,100.0,100.0,109.85505060763889
2026-03-08 02:05:09,100.0,100.0,109.80604171006944
2026-03-08 02:05:24,100.0,100.0,109.7570328125
2026-03-08 02:05:39,100.0,100.0,109.70802391493055
2026-03-08 02:05:54,100.0,100.0,109.65901501736111
2026-03-08 02:06:09,100.0,100.0,109.61000611979166
2026-03-08 02:06:24,100.0,100.0,109.56099722222221
2026-03-08 02:06:39,100.0,100.0,109.51198832465278
2026-03-08 02:06:54,100.0,100.0,109.46297942708333
2026-03-08 02:07:09,100.0,100.0,109.41397052951389
2026-03-08 02:07:24,100.0,100.0,109.36496163194444
2026-03-08 02:07:39,100.0,100.0,109.315952734375
2026-03-08 02:07:54,100.0,100.0,109.26694383680555
2026-03-08 02:08:09,100.0,100.0,109.2179349392361
2026-03-08 02:08:24,100.0,100.0,109.16892604166667
2026-03-08 02:08:39,100.0,100.0,109.11991714409722
2026-03-08 02:08:54,100.0,100.0,109.07090824652778
2026-03-08 02:09:09,100.0,100.0,109.02189934895833
2026-03-08 02:09:24,100.0,100.0,108.97289045138889
2026-03-08 02:09:39,100.0,100.0,108.92388155381944
2026-03-08 02:09:54,100.0,100.0,108.87487265624999
2026-03-08 02:10:09,100.0,100.0,108.82586375868055
2026-03-08 02:10:24,100.0,100.0,108.7768548611111
2026-03-08 02:10:39,100.0,100.0,108.72784596354167
2026-03-08 02:10:54,100.0,100.0,108.67883706597222
2026-03-08 02:11:09,100.0,100.0,108.62982816840278
2026-03-08 02:11:24,100.0,100.0,108.58081927083333
2026-03-08 02:11:39,100.0,100.0,108.53181037326388
2026-03-08 02:11:54,100.0,100.0,108.48280147569444
2026-03-08 02:12:09,100.0,100.0,108.433792578125
2026-03-08 02:12:24,100.0,100.0,108.38478368055556
2026-03-08 02:12:39,100.0,100.0,108.3357747829861
2026-03-08 02:12:54,100.0,100.0,108.28676588541667
2026-03-08 02:13:09,100.0,100.0,108.23775698784722
2026-03-08 02:13:24,100.0,100.0,108.18874809027777
2026-03-08 02:13:39,100.0,100.0,108.13973919270833
2026-03-08 02:13:54,100.0,100.0,108.09073029513888
2026-03-08 02:14:09,100.0,100.0,108.04172139756945
2026-03-08 02:14:24,100.0,100.0,107.9927125
2026-03-08 02:14:39,100.0,100.0,107.94370360243056
2026-03-08 02:14:54,100.0,100.0,107.89469470486111
2026-03-08 02:15:09,100.0,100.0,107.84568580729166
2026-03-08 02:15:24,100.0,100.0,107.79667690972222
2026-03-08 02:15:39,100.0,100.0,107.74766801215277
2026-03-08 02:15:54,100.0,100.0,107.69865911458334
2026-03-08 02:16:09,100.0,100.0,107.64965021701389
2026-03-08 02:16:24,100.0,100.0,107.60064131944443
2026-03-08 02:16:39,100.0,100.0,107.551632421875
2026-03-08 02:16:54,100.0,100.0,107.50262352430555
2026-03-08 02:17:09,100.0,100.0,107.45361462673611
2026-03-08 02:17:24,100.0,100.0,107.40460572916666
2026-03-08 02:17:39,100.0,100.0,107.35559683159723
2026-03-08 02:17:54,100.0,100.0,107.30658793402777
2026-03-08 02:18:09,100.0,100.0,107.25757903645832
2026-03-08 02:18:24,100.0,100.0,107.20857013888889
2026-03-08 02:18:39,100.0,100.0,107.15956124131944
2026-03-08 02:18:54,100.0,100.0,107.11055234375
2026-03-08 02:19:09,100.0,100.0,107.06154344618055
2026-03-08 02:19:24,100.0,100.0,107.01253454861111
2026-03-08 02:19:39,100.0,100.0,106.96352565104166
2026-03-08 02:19:54,100.0,100.0,106.91451675347221
2026-03-08 02:20:09,100.0,100.0,106.86550785590278
2026-03-08 02:20:24,100.0,100.0,106.81649895833333
2026-03-08 02:20:39,100.0,100.0,106.76749006076389
2026-03-08 02:20:54,100.0,100.0,106.71848116319444
2026-03-08 02:21:09,100.0,100.0,106.669472265625
2026-03-08 02:21:24,100.0,100.0,106.62046336805555
2026-03-08 02:21:39,100.0,100.0,106.5714544704861
2026-03-08 02:21:54,100.0,100.0,106.52244557291667
2026-03-08 02:22:09,100.0,100.0,106.47343667534722
2026-03-08 02:22:24,100.0,100.0,106.42442777777778
2026-03-08 02:22:39,100.0,100.0,106.37541888020833
2026-03-08 02:22:54,100.0,100.0,106.32640998263889
2026-03-08 02:23:09,100.0,100.0,106.27740108506944
2026-03-08 02:23:24,100.0,100.0,106.22839218749999
2026-03-08 02:23:39,100.0,100.0,106.17938328993056
2026-03-08 02:23:54,100.0,100.0,106.1303743923611
2026-03-08 02:24:09,100.0,100.0,106.08136549479167
2026-03-08 02:24:24,100.0,100.0,106.03235659722222
2026-03-08 02:24:39,100.0,100.0,105.98334769965277
2026-03-08 02:24:54,100.0,100.0,105.93433880208333
2026-03-08 02:25:09,100.0,100.0,105.88532990451388
2026-03-08 02:25:24,100.0,100.0,105.83632100694444
2026-03-08 02:25:39,100.0,100.0,105.787312109375
2026-03-08 02:25:54,100.0,100.0,105.73830321180556
2026-03-08 02:26:09,100.0,100.0,105.68929431423611
2026-03-08 02:26:24,100.0,100.0,105.64028541666667
2026-03-08 02:26:39,100.0,100.0,105.59127651909722
2026-03-08 02:26:54,100.0,100.0,105.54226762152777
2026-03-08 02:27:09,100.0,100.0,105.49325872395833
2026-03-08 02:27:24,100.0,100.0,105.44424982638888
2026-03-08 02:27:39,100.0,100.0,105.39524092881945
2026-03-08 02:27:54,100.0,100.0,105.34623203125
2026-03-08 02:28:09,100.0,100.0,105.29722313368055
2026-03-08 02:28:24,100.0,100.0,105.24821423611111
2026-03-08 02:28:39,100.0,100.0,105.19920533854166
2026-03-08 02:28:54,100.0,100.0,105.15019644097222
2026-03-08 02:29:09,100.0,100.0,105.10118754340277
2026-03-08 02:29:24,100.0,100.0,105.05217864583334
2026-03-08 02:29:39,100.0,100.0,105.00316974826389
2026-03-08 02:29:54,100.0,100.0,104.95416085069444
2026-03-08 02:30:09,100.0,100.0,104.905151953125
2026-03-08 02:30:24,100.0,100.0,104.85614305555555
2026-03-08 02:30:39,100.0,100.0,104.80713415798611
2026-03-08 02:30:54,100.0,100.0,104.75812526041666
2026-03-08 02:31:09,100.0,100.0,104.70911636284723
2026-03-08 02:31:24,100.0,100.0,104.66010746527778
2026-03-08 02:31:39,100.0,100.0,104.61109856770832
2026-03-08 02:31:54,100.0,100.0,104.56208967013889
2026-03-08 02:32:09,100.0,100.0,104.51308077256944
2026-03-08 02:32:24,100.0,100.0,104.464071875
2026-03-08 02:32:39,100.0,100.0,104.41506297743055
2026-03-08 02:32:54,100.0,100.0,104.3660540798611
2026-03-08 02:33:09,100.0,100.0,104.31704518229166
2026-03-08 02:33:24,100.0,100.0,104.26803628472221
2026-03-08 02:33:39,100.0,100.0,104.21902738715278
2026-03-08 02:33:54,100.0,100.0,104.17001848958333
2026-03-08 02:34:09,100.0,100.0,104.12100959201389
2026-03-08 02:34:24,100.0,100.0,104.07200069444444
2026-03-08 02:34:39,100.0,100.0,104.022991796875
2026-03-08 02:34:54,100.0,100.0,103.97398289930555
2026-03-08 02:35:09,100.0,100.0,103.9249740017361
2026-03-08 02:35:24,100.0,100.0,103.87596510416667
2026-03-08 02:35:39,100.0,100.0,103.82695620659722
2026-03-08 02:35:54,100.0,100.0,103.77794730902778
2026-03-08 02:36:09,100.0,100.0,103.72893841145833
2026-03-08 02:36:24,100.0,100.0,103.67992951388888
2026-03-08 02:36:39,100.0,100.0,103.63092061631944
2026-03-08 02:36:54,100.0,100.0,103.58191171874999
2026-03-08 02:37:09,100.0,100.0,103.53290282118056
2026-03-08 02:37:24,100.0,100.0,103.4838939236111
2026-03-08 02:37:39,100.0,100.0,103.43488502604167
2026-03-08 02:37:54,100.0,100.0,103.38587612847222
2026-03-08 02:38:09,100.0,100.0,103.33686723090277
2026-03-08 02:38:24,100.0,100.0,103.28785833333333
2026-03-08 02:38:39,100.0,100.0,103.23884943576388
2026-03-08 02:38:54,100.0,100.0,103.18984053819445
2026-03-08 02:39:09,100.0,100.0,103.140831640625
2026-03-08 02:39:24,100.0,100.0,103.09182274305556
2026-03-08 02:39:39,100.0,100.0,103.04281384548611
2026-03-08 02:39:54,100.0,100.0,102.99380494791666
2026-03-08 02:40:09,100.0,100.0,102.94479605034722
2026-03-08 02:40:24,100.0,100.0,102.89578715277777
2026-03-08 02:40:39,100.0,100.0,102.84677825520833
2026-03-08 02:40:54,100.0,100.0,102.79776935763888
2026-03-08 02:41:09,100.0,100.0,102.74876046006943
2026-03-08 02:41:24,100.0,100.0,102.6997515625
2026-03-08 02:41:39,100.0,100.0,102.65074266493055
2026-03-08 02:41:54,100.0,100.0,102.60173376736111
2026-03-08 02:42:09,100.0,100.0,102.55272486979166
2026-03-08 02:42:24,100.0,100.0,102.50371597222222
2026-03-08 02:42:39,100.0,100.0,102.45470707465277
2026-03-08 02:42:54,100.0,100.0,102.40569817708334
2026-03-08 02:43:09,100.0,100.0,102.35668927951389
2026-03-08 02:43:24,100.0,100.0,102.30768038194444
2026-03-08 02:43:39,100.0,100.0,102.258671484375
2026-03-08 02:43:54,100.0,100.0,102.20966258680555
2026-03-08 02:44:09,100.0,100.0,102.16065368923611
2026-03-08 02:44:24,100.0,100.0,102.11164479166666
2026-03-08 02:44:39,100.0,100.0,102.06263589409721
2026-03-08 02:44:54,100.0,100.0,102.01362699652778
2026-03-08 02:45:09,100.0,100.0,101.96461809895833
2026-03-08 02:45:24,100.0,100.0,101.91560920138889
2026-03-08 02:45:39,100.0,100.0,101.86660030381944
2026-03-08 02:45:54,100.0,100.0,101.81759140625
2026-03-08 02:46:09,100.0,100.0,101.76858250868055
2026-03-08 02:46:24,100.0,100.0,101.71957361111112
2026-03-08 02:46:39,100.0,100.0,101.67056471354167
2026-03-08 02:46:54,100.0,100.0,101.62155581597221
2026-03-08 02:47:09,100.0,100.0,101.57254691840278
2026-03-08 02:47:24,100.0,100.0,101.52353802083333
2026-03-08 02:47:39,100.0,100.0,101.47452912326389
2026-03-08 02:47:54,100.0,100.0,101.42552022569444
2026-03-08 02:48:09,100.0,100.0,101.37651132812499
2026-03-08 02:48:24,100.0,100.0,101.32750243055555
2026-03-08 02:48:39,100.0,100.0,101.2784935329861
2026-03-08 02:48:54,100.0,100.0,101.22948463541667
2026-03-08 02:49:09,100.0,100.0,101.18047573784722
2026-03-08 02:49:24,100.0,100.0,101.13146684027778
2026-03-08 02:49:39,100.0,100.0,101.08245794270833
2026-03-08 02:49:54,100.0,100.0,101.03344904513888
2026-03-08 02:50:09,100.0,100.0,100.98444014756944
2026-03-08 02:50:24,100.0,100.0,100.93543125
2026-03-08 02:50:39,100.0,100.0,100.88642235243056
2026-03-08 02:50:54,100.0,100.0,100.8374134548611
2026-03-08 02:51:09,100.0,100.0,100.78840455729167
2026-03-08 02:51:24,100.0,100.0,100.73939565972222
2026-03-08 02:51:39,100.0,100.0,100.69038676215277
2026-03-08 02:51:54,100.0,100.0,100.64137786458333
2026-03-08 02:52:09,100.0,100.0,100.59236896701388
2026-03-08 02:52:24,100.0,100.0,100.54336006944445
2026-03-08 02:52:39,100.0,100.0,100.494351171875
2026-03-08 02:52:54,100.0,100.0,100.44534227430555
2026-03-08 02:53:09,100.0,100.0,100.39633337673611
2026-03-08 02:53:24,100.0,100.0,100.34732447916666
2026-03-08 02:53:39,100.0,100.0,100.29831558159722
2026-03-08 02:53:54,100.0,100.0,100.24930668402777
2026-03-08 02:54:09,100.0,100.0,100.20029778645834
2026-03-08 02:54:24,100.0,100.0,100.15128888888889
2026-03-08 02:54:39,100.0,100.0,100.10227999131945
2026-03-08 02:54:54,100.0,100.0,100.05327109375
2026-03-08 02:55:09,100.0,100.0,100.00426219618055
2026-03-08 02:55:24,100.0,100.0,99.95525329861111
2026-03-08 02:55:39,100.0,100.0,99.90624440104166
2026-03-08 02:55:54,100.0,100.0,99.85723550347222
2026-03-08 02:56:09,100.0,100.0,99.80822660590277
2026-03-08 02:56:24,100.0,100.0,99.75921770833332
2026-03-08 02:56:39,100.0,100.0,99.71020881076389
2026-03-08 02:56:54,100.0,100.0,99.66119991319444
2026-03-08 02:57:09,100.0,100.0,99.612191015625
2026-03-08 02:57:24,100.0,100.0,99.56318211805555
2026-03-08 02:57:39,100.0,100.0,99.51417322048611
2026-03-08 02:57:54,100.0,100.0,99.46516432291666
2026-03-08 02:58:09,100.0,100.0,99.41615542534723
2026-03-08 02:58:24,100.0,100.0,99.36714652777778
2026-03-08 02:58:39,100.0,100.0,99.31813763020833
2026-03-08 02:58:54,100.0,100.0,99.26912873263889
2026-03-08 02:59:09,100.0,100.0,99.22011983506944
2026-03-08 02:59:24,100.0,100.0,99.1711109375
2026-03-08 02:59:39,100.0,100.0,99.12210203993055
2026-03-08 02:59:54,100.0,100.0,99.0730931423611
2026-03-08 03:00:09,100.0,100.0,99.02408424479167
2026-03-08 03:00:24,100.0,100.0,98.97507534722222
2026-03-08 03:00:39,100.0,100.0,98.92606644965278
2026-03-08 03:00:54,100.0,100.0,98.87705755208333
2026-03-08 03:01:09,100.0,100.0,98.82804865451388
2026-03-08 03:01:24,100.0,100.0,98.77903975694444
2026-03-08 03:01:39,100.0,100.0,98.73003085937499
2026-03-08 03:01:54,100.0,100.0,98.68102196180556
2026-03-08 03:02:09,100.0,100.0,98.6320130642361
2026-03-08 03:02:24,100.0,100.0,98.58300416666667
2026-03-08 03:02:39,100.0,100.0,98.53399526909722
2026-03-08 03:02:54,100.0,100.0,98.48498637152778
2026-03-08 03:03:09,100.0,100.0,98.43597747395833
2026-03-08 03:03:24,100.0,100.0,98.38696857638888
2026-03-08 03:03:39,100.0,100.0,98.33795967881944
2026-03-08 03:03:54,100.0,100.0,98.28895078125
2026-03-08 03:04:09,100.0,100.0,98.23994188368056
2026-03-08 03:04:24,100.0,100.0,98.19093298611111
2026-03-08 03:04:39,100.0,100.0,98.14192408854166
2026-03-08 03:04:54,100.0,100.0,98.09291519097222
2026-03-08 03:05:09,100.0,100.0,98.04390629340277
2026-03-08 03:05:24,100.0,100.0,97.99489739583333
2026-03-08 03:05:39,100.0,100.0,97.94588849826388
2026-03-08 03:05:54,100.0,100.0,97.89687960069445
2026-03-08 03:06:09,100.0,100.0,97.847870703125
2026-03-08 03:06:24,100.0,100.0,97.79886180555556
2026-03-08 03:06:39,100.0,100.0,97.74985290798611
2026-03-08 03:06:54,100.0,100.0,97.70084401041666
2026-03-08 03:07:09,100.0,100.0,97.65183511284722
2026-03-08 03:07:24,100.0,100.0,97.60282621527777
2026-03-08 03:07:39,100.0,100.0,97.55381731770834
2026-03-08 03:07:54,100.0,100.0,97.50480842013889
2026-03-08 03:08:09,100.0,100.0,97.45579952256944
2026-03-08 03:08:24,100.0,100.0,97.406790625
2026-03-08 03:08:39,100.0,100.0,97.35778172743055
2026-03-08 03:08:54,100.0,100.0,97.30877282986111
2026-03-08 03:09:09,100.0,100.0,97.25976393229166
2026-03-08 03:09:24,100.0,100.0,97.21075503472223
2026-03-08 03:09:39,100.0,100.0,97.16174613715278
2026-03-08 03:09:54,100.0,100.0,97.11273723958332
2026-03-08 03:10:09,100.0,100.0,97.06372834201389
2026-03-08 03:10:24,100.0,100.0,97.01471944444444
2026-03-08 03:10:39,100.0,100.0,96.965710546875
2026-03-08 03:10:54,100.0,100.0,96.91670164930555
2026-03-08 03:11:09,100.0,100.0,96.86769275173612
2026-03-08 03:11:24,100.0,100.0,96.81868385416666
2026-03-08 03:11:39,100.0,100.0,96.76967495659721
2026-03-08 03:11:54,100.0,100.0,96.72066605902778
2026-03-08 03:12:09,100.0,100.0,96.67165716145833
2026-03-08 03:12:24,100.0,100.0,96.62264826388889
2026-03-08 03:12:39,100.0,100.0,96.57363936631944
2026-03-08 03:12:54,100.0,100.0,96.52463046874999
2026-03-08 03:13:09,100.0,100.0,96.47562157118055
2026-03-08 03:13:24,100.0,100.0,96.4266126736111
2026-03-08 03:13:39,100.0,100.0,96.37760377604167
2026-03-08 03:13:54,100.0,100.0,96.32859487847222
2026-03-08 03:14:09,100.0,100.0,96.27958598090278
2026-03-08 03:14:24,100.0,100.0,96.23057708333333
2026-03-08 03:14:39,100.0,100.0,96.1815681857639
2026-03-08 03:14:54,100.0,100.0,96.13255928819444
2026-03-08 03:15:09,100.0,100.0,96.08355039062499
2026-03-08 03:15:24,100.0,100.0,96.03454149305556
2026-03-08 03:15:39,100.0,100.0,95.9855325954861
2026-03-08 03:15:54,100.0,100.0,95.93652369791667
2026-03-08 03:16:09,100.0,100.0,95.88751480034722
2026-03-08 03:16:24,100.0,100.0,95.83850590277777
2026-03-08 03:16:39,100.0,100.0,95.78949700520833
2026-03-08 03:16:54,100.0,100.0,95.74048810763888
2026-03-08 03:17:09,100.0,100.0,95.69147921006945
2026-03-08 03:17:24,100.0,100.0,95.6424703125
2026-03-08 03:17:39,100.0,100.0,95.59346141493056
2026-03-08 03:17:54,100.0,100.0,95.54445251736111
2026-03-08 03:18:09,100.0,100.0,95.49544361979166
2026-03-08 03:18:24,100.0,100.0,95.44643472222222
2026-03-08 03:18:39,100.0,100.0,95.39742582465277
2026-03-08 03:18:54,100.0,100.0,95.34841692708333
2026-03-08 03:19:09,100.0,100.0,95.29940802951388
2026-03-08 03:19:24,100.0,100.0,95.25039913194445
2026-03-08 03:19:39,100.0,100.0,95.201390234375
2026-03-08 03:19:54,100.0,100.0,95.15238133680555
2026-03-08 03:20:09,100.0,100.0,95.10337243923611
2026-03-08 03:20:24,100.0,100.0,95.05436354166666
2026-03-08 03:20:39,100.0,100.0,95.00535464409722
2026-03-08 03:20:54,100.0,100.0,94.95634574652777
2026-03-08 03:21:09,100.0,100.0,94.90733684895832
2026-03-08 03:21:24,100.0,100.0,94.85832795138889
2026-03-08 03:21:39,100.0,100.0,94.80931905381945
2026-03-08 03:21:54,100.0,100.0,94.76031015625
2026-03-08 03:22:09,100.0,100.0,94.71130125868055
2026-03-08 03:22:24,100.0,100.0,94.66229236111111
2026-03-08 03:22:39,100.0,100.0,94.61328346354166
2026-03-08 03:22:54,100.0,100.0,94.56427456597223
2026-03-08 03:23:09,100.0,100.0,94.51526566840278
2026-03-08 03:23:24,100.0,100.0,94.46625677083333
2026-03-08 03:23:39,100.0,100.0,94.41724787326389
2026-03-08 03:23:54,100.0,100.0,94.36823897569444
2026-03-08 03:24:09,100.0,100.0,94.319230078125
2026-03-08 03:24:24,100.0,100.0,94.27022118055555
2026-03-08 03:24:39,100.0,100.0,94.2212122829861
2026-03-08 03:24:54,100.0,100.0,94.17220338541667
2026-03-08 03:25:09,100.0,100.0,94.12319448784721
2026-03-08 03:25:24,100.0,100.0,94.07418559027778
2026-03-08 03:25:39,100.0,100.0,94.02517669270833
2026-03-08 03:25:54,100.0,100.0,93.97616779513888
2026-03-08 03:26:09,100.0,100.0,93.92715889756944
2026-03-08 03:26:24,100.0,100.0,93.87815
2026-03-08 03:26:39,100.0,100.0,93.82914110243055
2026-03-08 03:26:54,100.0,100.0,93.7801322048611
2026-03-08 03:27:09,100.0,100.0,93.73112330729167
2026-03-08 03:27:24,100.0,100.0,93.68211440972222
2026-03-08 03:27:39,100.0,100.0,93.63310551215278
2026-03-08 03:27:54,100.0,100.0,93.58409661458333
2026-03-08 03:28:09,100.0,100.0,93.53508771701388
2026-03-08 03:28:24,100.0,100.0,93.48607881944444
2026-03-08 03:28:39,100.0,100.0,93.437069921875
2026-03-08 03:28:54,100.0,100.0,93.38806102430556
2026-03-08 03:29:09,100.0,100.0,93.3390521267361
2026-03-08 03:29:24,100.0,100.0,93.29004322916666
2026-03-08 03:29:39,100.0,100.0,93.24103433159722
2026-03-08 03:29:54,100.0,100.0,93.19202543402778
2026-03-08 03:30:09,100.0,100.0,93.14301653645833
2026-03-08 03:30:24,100.0,100.0,93.09400763888888
2026-03-08 03:30:39,100.0,100.0,93.04499874131945
2026-03-08 03:30:54,100.0,100.0,92.99598984375
2026-03-08 03:31:09,100.0,100.0,92.94698094618056
2026-03-08 03:31:24,100.0,100.0,92.89797204861111
2026-03-08 03:31:39,100.0,100.0,92.84896315104166
2026-03-08 03:31:54,100.0,100.0,92.79995425347222
2026-03-08 03:32:09,100.0,100.0,92.75094535590277
2026-03-08 03:32:24,100.0,100.0,92.70193645833334
2026-03-08 03:32:39,100.0,100.0,92.65292756076389
2026-03-08 03:32:54,100.0,100.0,92.60391866319443
2026-03-08 03:33:09,100.0,100.0,92.554909765625
2026-03-08 03:33:24,100.0,100.0,92.50590086805555
2026-03-08 03:33:39,100.0,100.0,92.45689197048611
2026-03-08 03:33:54,100.0,100.0,92.40788307291666
2026-03-08 03:34:09,100.0,100.0,92.35887417534722
2026-03-08 03:34:24,100.0,100.0,92.30986527777777
2026-03-08 03:34:39,100.0,100.0,92.26085638020834
2026-03-08 03:34:54,100.0,100.0,92.21184748263889
2026-03-08 03:35:09,100.0,100.0,92.16283858506944
2026-03-08 03:35:24,100.0,100.0,92.1138296875
2026-03-08 03:35:39,100.0,100.0,92.06482078993055
2026-03-08 03:35:54,100.0,100.0,92.01581189236111
2026-03-08 03:36:09,100.0,100.0,91.96680299479166
2026-03-08 03:36:24,100.0,100.0,91.91779409722221
2026-03-08 03:36:39,100.0,100.0,91.86878519965278
2026-03-08 03:36:54,100.0,100.0,91.81977630208333
2026-03-08 03:37:09,100.0,100.0,91.77076740451389
2026-03-08 03:37:24,100.0,100.0,91.72175850694444
2026-03-08 03:37:39,100.0,100.0,91.67274960937499
2026-03-08 03:37:54,100.0,100.0,91.62374071180555
2026-03-08 03:38:09,100.0,100.0,91.57473181423612
2026-03-08 03:38:24,100.0,100.0,91.52572291666667
2026-03-08 03:38:39,100.0,100.0,91.47671401909722
2026-03-08 03:38:54,100.0,100.0,91.42770512152778
2026-03-08 03:39:09,100.0,100.0,91.37869622395833
2026-03-08 03:39:24,100.0,100.0,91.32968732638889
2026-03-08 03:39:39,100.0,100.0,91.28067842881944
2026-03-08 03:39:54,100.0,100.0,91.23166953124999
2026-03-08 03:40:09,100.0,100.0,91.18266063368056
2026-03-08 03:40:24,100.0,100.0,91.1336517361111
2026-03-08 03:40:39,100.0,100.0,91.08464283854167
2026-03-08 03:40:54,100.0,100.0,91.03563394097222
2026-03-08 03:41:09,100.0,100.0,90.98662504340277
2026-03-08 03:41:24,100.0,100.0,90.93761614583333
2026-03-08 03:41:39,100.0,100.0,90.8886072482639
2026-03-08 03:41:54,100.0,100.0,90.83959835069444
2026-03-08 03:42:09,100.0,100.0,90.790589453125
2026-03-08 03:42:24,100.0,100.0,90.74158055555556
2026-03-08 03:42:39,100.0,100.0,90.69257165798611
2026-03-08 03:42:54,100.0,100.0,90.64356276041667
2026-03-08 03:43:09,100.0,100.0,90.59455386284722
2026-03-08 03:43:24,100.0,100.0,90.54554496527777
2026-03-08 03:43:39,100.0,100.0,90.49653606770833
2026-03-08 03:43:54,100.0,100.0,90.44752717013888
2026-03-08 03:44:09,100.0,100.0,90.39851827256945
2026-03-08 03:44:24,100.0,100.0,90.349509375
2026-03-08 03:44:39,100.0,100.0,90.30050047743055
2026-03-08 03:44:54,100.0,100.0,90.25149157986111
2026-03-08 03:45:09,100.0,100.0,90.20248268229166
2026-03-08 03:45:24,100.0,100.0,90.15347378472222
2026-03-08 03:45:39,100.0,100.0,90.10446488715277
2026-03-08 03:45:54,100.0,100.0,90.05545598958332
2026-03-08 03:46:09,100.0,100.0,90.00644709201389
2026-03-08 03:46:24,100.0,100.0,89.95743819444445
2026-03-08 03:46:39,100.0,100.0,89.908429296875
2026-03-08 03:46:54,100.0,100.0,89.85942039930555
2026-03-08 03:47:09,100.0,100.0,89.81041150173611
2026-03-08 03:47:24,100.0,100.0,89.76140260416666
2026-03-08 03:47:39,100.0,100.0,89.71239370659723
2026-03-08 03:47:54,100.0,100.0,89.66338480902778
2026-03-08 03:48:09,100.0,100.0,89.61437591145832
2026-03-08 03:48:24,100.0,100.0,89.56536701388889
2026-03-08 03:48:39,100.0,100.0,89.51635811631944
2026-03-08 03:48:54,100.0,100.0,89.46734921875
2026-03-08 03:49:09,100.0,100.0,89.41834032118055
2026-03-08 03:49:24,100.0,100.0,89.3693314236111
2026-03-08 03:49:39,100.0,100.0,89.32032252604166
2026-03-08 03:49:54,100.0,100.0,89.27131362847223
2026-03-08 03:50:09,100.0,100.0,89.22230473090278
2026-03-08 03:50:24,100.0,100.0,89.17329583333333
2026-03-08 03:50:39,100.0,100.0,89.12428693576389
2026-03-08 03:50:54,100.0,100.0,89.07527803819444
2026-03-08 03:51:09,100.0,100.0,89.026269140625
2026-03-08 03:51:24,100.0,100.0,88.97726024305555
2026-03-08 03:51:39,100.0,100.0,88.9282513454861
2026-03-08 03:51:54,100.0,100.0,88.87924244791667
2026-03-08 03:52:09,100.0,100.0,88.83023355034722
2026-03-08 03:52:24,100.0,100.0,88.78122465277778
2026-03-08 03:52:39,100.0,100.0,88.73221575520833
2026-03-08 03:52:54,100.0,100.0,88.68320685763888
2026-03-08 03:53:09,100.0,100.0,88.63419796006944
2026-03-08 03:53:24,100.0,100.0,88.58518906249999
2026-03-08 03:53:39,100.0,100.0,88.53618016493056
2026-03-08 03:53:54,100.0,100.0,88.4871712673611
2026-03-08 03:54:09,100.0,100.0,88.43816236979167
2026-03-08 03:54:24,100.0,100.0,88.38915347222222
2026-03-08 03:54:39,100.0,100.0,88.34014457465278
2026-03-08 03:54:54,100.0,100.0,88.29113567708333
2026-03-08 03:55:09,100.0,100.0,88.24212677951388
2026-03-08 03:55:24,100.0,100.0,88.19311788194445
2026-03-08 03:55:39,100.0,100.0,88.144108984375
2026-03-08 03:55:54,100.0,100.0,88.09510008680556
2026-03-08 03:56:09,100.0,100.0,88.04609118923611
2026-03-08 03:56:24,100.0,100.0,87.99708229166666
2026-03-08 03:56:39,100.0,100.0,87.94807339409722
2026-03-08 03:56:54,100.0,100.0,87.89906449652777
2026-03-08 03:57:09,100.0,100.0,87.85005559895833
2026-03-08 03:57:24,100.0,100.0,87.80104670138888
2026-03-08 03:57:39,100.0,100.0,87.75203780381943
2026-03-08 03:57:54,100.0,100.0,87.70302890625
2026-03-08 03:58:09,100.0,100.0,87.65402000868056
2026-03-08 03:58:24,100.0,100.0,87.60501111111111
2026-03-08 03:58:39,100.0,100.0,87.55600221354166
2026-03-08 03:58:54,100.0,100.0,87.50699331597222
2026-03-08 03:59:09,100.0,100.0,87.45798441840277
2026-03-08 03:59:24,100.0,100.0,87.40897552083334
2026-03-08 03:59:39,100.0,100.0,87.35996662326389
2026-03-08 03:59:54,100.0,100.0,87.31095772569444
2026-03-08 04:00:09,100.0,100.0,87.27840251736112
2026-03-08 04:00:24,100.0,100.0,87.25681643518519
2026-03-08 04:00:39,100.0,100.0,87.23523035300926
2026-03-08 04:00:54,100.0,100.0,87.21364427083333
2026-03-08 04:01:09,100.0,100.0,87.1920581886574
2026-03-08 04:01:24,100.0,100.0,87.17047210648148
2026-03-08 04:01:39,100.0,100.0,87.14888602430555
2026-03-08 04:01:54,100.0,100.0,87.12729994212962
2026-03-08 04:02:09,100.0,100.0,87.1057138599537
2026-03-08 04:02:24,100.0,100.0,87.08412777777778
2026-03-08 04:02:39,100.0,100.0,87.06254169560185
2026-03-08 04:02:54,100.0,100.0,87.04095561342592
2026-03-08 04:03:09,100.0,100.0,87.01936953124999
2026-03-08 04:03:24,100.0,100.0,86.99778344907408
2026-03-08 04:03:39,100.0,100.0,86.97619736689815
2026-03-08 04:03:54,100.0,100.0,86.95461128472222
2026-03-08 04:04:09,100.0,100.0,86.93302520254629
2026-03-08 04:04:24,100.0,100.0,86.91143912037037
2026-03-08 04:04:39,100.0,100.0,86.88985303819445
2026-03-08 04:04:54,100.0,100.0,86.86826695601852
2026-03-08 04:05:09,100.0,100.0,86.84668087384259
2026-03-08 04:05:24,100.0,100.0,86.82509479166666
2026-03-08 04:05:39,100.0,100.0,86.80350870949074
2026-03-08 04:05:54,100.0,100.0,86.78192262731481
2026-03-08 04:06:09,100.0,100.0,86.76033654513888
2026-03-08 04:06:24,100.0,100.0,86.73875046296295
2026-03-08 04:06:39,100.0,100.0,86.71716438078704
2026-03-08 04:06:54,100.0,100.0,86.69557829861111
2026-03-08 04:07:09,100.0,100.0,86.67399221643518
2026-03-08 04:07:24,100.0,100.0,86.65240613425925
2026-03-08 04:07:39,100.0,100.0,86.63082005208334
2026-03-08 04:07:54,100.0,100.0,86.60923396990741
2026-03-08 04:08:09,100.0,100.0,86.58764788773148
2026-03-08 04:08:24,100.0,100.0,86.56606180555555
2026-03-08 04:08:39,100.0,100.0,86.54447572337963
2026-03-08 04:08:54,100.0,100.0,86.5228896412037
2026-03-08 04:09:09,100.0,100.0,86.50130355902778
2026-03-08 04:09:24,100.0,100.0,86.47971747685185
2026-03-08 04:09:39,100.0,100.0,86.45813139467592
2026-03-08 04:09:54,100.0,100.0,86.4365453125
2026-03-08 04:10:09,100.0,100.0,86.41495923032407
2026-03-08 04:10:24,100.0,100.0,86.39337314814814
2026-03-08 04:10:39,100.0,100.0,86.37178706597221
2026-03-08 04:10:54,100.0,100.0,86.3502009837963
2026-03-08 04:11:09,100.0,100.0,86.32861490162037
2026-03-08 04:11:24,100.0,100.0,86.30702881944444
2026-03-08 04:11:39,100.0,100.0,86.28544273726851
2026-03-08 04:11:54,100.0,100.0,86.2638566550926
2026-03-08 04:12:09,100.0,100.0,86.24227057291667
2026-03-08 04:12:24,100.0,100.0,86.22068449074074
2026-03-08 04:12:39,100.0,100.0,86.19909840856481
2026-03-08 04:12:54,100.0,100.0,86.1775123263889
2026-03-08 04:13:09,100.0,100.0,86.15592624421296
2026-03-08 04:13:24,100.0,100.0,86.13434016203703
2026-03-08 04:13:39,100.0,100.0,86.1127540798611
2026-03-08 04:13:54,100.0,100.0,86.09116799768518
2026-03-08 04:14:09,100.0,100.0,86.06958191550926
2026-03-08 04:14:24,100.0,100.0,86.04799583333333
2026-03-08 04:14:39,100.0,100.0,86.0264097511574
2026-03-08 04:14:54,100.0,100.0,86.00482366898147
2026-03-08 04:15:09,100.0,100.0,85.98323758680556
2026-03-08 04:15:24,100.0,100.0,85.96165150462963
2026-03-08 04:15:39,100.0,100.0,85.9400654224537
2026-03-08 04:15:54,100.0,100.0,85.91847934027777
2026-03-08 04:16:09,100.0,100.0,85.89689325810185
2026-03-08 04:16:24,100.0,100.0,85.87530717592593
2026-03-08 04:16:39,100.0,100.0,85.85372109375
2026-03-08 04:16:54,100.0,100.0,85.83213501157407
2026-03-08 04:17:09,100.0,100.0,85.81054892939815
2026-03-08 04:17:24,100.0,100.0,85.78896284722222
2026-03-08 04:17:39,100.0,100.0,85.7673767650463
2026-03-08 04:17:54,100.0,100.0,85.74579068287036
2026-03-08 04:18:09,100.0,100.0,85.72420460069443
2026-03-08 04:18:24,100.0,100.0,85.70261851851852
2026-03-08 04:18:39,100.0,100.0,85.68103243634259
2026-03-08 04:18:54,100.0,100.0,85.65944635416666
2026-03-08 04:19:09,100.0,100.0,85.63786027199073
2026-03-08 04:19:24,100.0,100.0,85.61627418981482
2026-03-08 04:19:39,100.0,100.0,85.59468810763889
2026-03-08 04:19:54,100.0,100.0,85.57310202546296
2026-03-08 04:20:09,100.0,100.0,85.55151594328703
2026-03-08 04:20:24,100.0,100.0,85.52992986111111
2026-03-08 04:20:39,100.0,100.0,85.50834377893518
2026-03-08 04:20:54,100.0,100.0,85.48675769675926
2026-03-08 04:21:09,100.0,100.0,85.46517161458333
2026-03-08 04:21:24,100.0,100.0,85.44358553240741
2026-03-08 04:21:39,100.0,100.0,85.42199945023148
2026-03-08 04:21:54,100.0,100.0,85.40041336805555
2026-03-08 04:22:09,100.0,100.0,85.37882728587962
2026-03-08 04:22:24,100.0,100.0,85.3572412037037
2026-03-08 04:22:39,100.0,100.0,85.33565512152778
2026-03-08 04:22:54,100.0,100.0,85.31406903935185
2026-03-08 04:23:09,100.0,100.0,85.29248295717592
2026-03-08 04:23:24,100.0,100.0,85.27089687499999
2026-03-08 04:23:39,100.0,100.0,85.24931079282408
2026-03-08 04:23:54,100.0,100.0,85.22772471064815
2026-03-08 04:24:09,100.0,100.0,85.20613862847222
2026-03-08 04:24:24,100.0,100.0,85.18455254629629
2026-03-08 04:24:39,100.0,100.0,85.16296646412037
2026-03-08 04:24:54,100.0,100.0,85.14138038194444
2026-03-08 04:25:09,100.0,100.0,85.11979429976851
2026-03-08 04:25:24,100.0,100.0,85.09820821759259
2026-03-08 04:25:39,100.0,100.0,85.07662213541667
2026-03-08 04:25:54,100.0,100.0,85.05503605324074
2026-03-08 04:26:09,100.0,100.0,85.03344997106481
2026-03-08 04:26:24,100.0,100.0,85.01186388888888
2026-03-08 04:26:39,100.0,100.0,84.99027780671295
2026-03-08 04:26:54,100.0,100.0,84.96869172453704
2026-03-08 04:27:09,100.0,100.0,84.94710564236111
2026-03-08 04:27:24,100.0,100.0,84.92551956018518
2026-03-08 04:27:39,100.0,100.0,84.90393347800925
2026-03-08 04:27:54,100.0,100.0,84.88234739583334
2026-03-08 04:28:09,100.0,100.0,84.8607613136574
2026-03-08 04:28:24,100.0,100.0,84.83917523148148
2026-03-08 04:28:39,100.0,100.0,84.81758914930555
2026-03-08 04:28:54,100.0,100.0,84.79600306712963
2026-03-08 04:29:09,100.0,100.0,84.7744169849537
2026-03-08 04:29:24,100.0,100.0,84.75283090277777
2026-03-08 04:29:39,100.0,100.0,84.73124482060184
2026-03-08 04:29:54,100.0,100.0,84.70965873842593
2026-03-08 04:30:09,100.0,100.0,84.68807265625
2026-03-08 04:30:24,100.0,100.0,84.66648657407407
2026-03-08 04:30:39,100.0,100.0,84.64490049189814
2026-03-08 04:30:54,100.0,100.0,84.62331440972221
2026-03-08 04:31:09,100.0,100.0,84.6017283275463
2026-03-08 04:31:24,100.0,100.0,84.58014224537037
2026-03-08 04:31:39,100.0,100.0,84.55855616319444
2026-03-08 04:31:54,100.0,100.0,84.53697008101851
2026-03-08 04:32:09,100.0,100.0,84.5153839988426
2026-03-08 04:32:24,100.0,100.0,84.49379791666667
2026-03-08 04:32:39,100.0,100.0,84.47221183449074
2026-03-08 04:32:54,100.0,100.0,84.4506257523148
2026-03-08 04:33:09,100.0,100.0,84.42903967013889
2026-03-08 04:33:24,100.0,100.0,84.40745358796296
2026-03-08 04:33:39,100.0,100.0,84.38586750578703
2026-03-08 04:33:54,100.0,100.0,84.3642814236111
2026-03-08 04:34:09,100.0,100.0,84.34269534143519
2026-03-08 04:34:24,100.0,100.0,84.32110925925926
2026-03-08 04:34:39,100.0,100.0,84.29952317708333
2026-03-08 04:34:54,100.0,100.0,84.2779370949074
2026-03-08 04:35:09,100.0,100.0,84.25635101273147
2026-03-08 04:35:24,100.0,100.0,84.23476493055556
2026-03-08 04:35:39,100.0,100.0,84.21317884837963
2026-03-08 04:35:54,100.0,100.0,84.1915927662037
2026-03-08 04:36:09,100.0,100.0,84.17000668402777
2026-03-08 04:36:24,100.0,100.0,84.14842060185185
2026-03-08 04:36:39,100.0,100.0,84.12683451967592
2026-03-08 04:36:54,100.0,100.0,84.1052484375
2026-03-08 04:37:09,100.0,100.0,84.08366235532407
2026-03-08 04:37:24,100.0,100.0,84.06207627314815
2026-03-08 04:37:39,100.0,100.0,84.04049019097222
2026-03-08 04:37:54,100.0,100.0,84.01890410879629
2026-03-08 04:38:09,100.0,100.0,83.99731802662036
2026-03-08 04:38:24,100.0,100.0,83.97573194444445
2026-03-08 04:38:39,100.0,100.0,83.95414586226852
2026-03-08 04:38:54,100.0,100.0,83.93255978009259
2026-03-08 04:39:09,100.0,100.0,83.91097369791666
2026-03-08 04:39:24,100.0,100.0,83.88938761574073
2026-03-08 04:39:39,100.0,100.0,83.86780153356482
2026-03-08 04:39:54,100.0,100.0,83.84621545138889
2026-03-08 04:40:09,100.0,100.0,83.82462936921296
2026-03-08 04:40:24,100.0,100.0,83.80304328703703
2026-03-08 04:40:39,100.0,100.0,83.78145720486111
2026-03-08 04:40:54,100.0,100.0,83.75987112268518
2026-03-08 04:41:09,100.0,100.0,83.73828504050925
2026-03-08 04:41:24,100.0,100.0,83.71669895833332
2026-03-08 04:41:39,100.0,100.0,83.69511287615741
2026-03-08 04:41:54,100.0,100.0,83.67352679398148
2026-03-08 04:42:09,100.0,100.0,83.65194071180555
2026-03-08 04:42:24,100.0,100.0,83.63035462962962
2026-03-08 04:42:39,100.0,100.0,83.6087685474537
2026-03-08 04:42:54,100.0,100.0,83.58718246527778
2026-03-08 04:43:09,100.0,100.0,83.56559638310185
2026-03-08 04:43:24,100.0,100.0,83.54401030092592
2026-03-08 04:43:39,100.0,100.0,83.52242421874999
2026-03-08 04:43:54,100.0,100.0,83.50083813657407
2026-03-08 04:44:09,100.0,100.0,83.47925205439815
2026-03-08 04:44:24,100.0,100.0,83.45766597222222
2026-03-08 04:44:39,100.0,100.0,83.43607989004629
2026-03-08 04:44:54,100.0,100.0,83.41449380787037
2026-03-08 04:45:09,100.0,100.0,83.39290772569444
2026-03-08 04:45:24,100.0,100.0,83.37132164351851
2026-03-08 04:45:39,100.0,100.0,83.34973556134258
2026-03-08 04:45:54,100.0,100.0,83.32814947916667
2026-03-08 04:46:09,100.0,100.0,83.30656339699074
2026-03-08 04:46:24,100.0,100.0,83.28497731481481
2026-03-08 04:46:39,100.0,100.0,83.26339123263888
2026-03-08 04:46:54,100.0,100.0,83.24180515046297
2026-03-08 04:47:09,100.0,100.0,83.22021906828704
2026-03-08 04:47:24,100.0,100.0,83.19863298611111
2026-03-08 04:47:39,100.0,100.0,83.17704690393518
2026-03-08 04:47:54,100.0,100.0,83.15546082175925
2026-03-08 04:48:09,100.0,100.0,83.13387473958333
2026-03-08 04:48:24,100.0,100.0,83.1122886574074
2026-03-08 04:48:39,100.0,100.0,83.09070257523148
2026-03-08 04:48:54,100.0,100.0,83.06911649305555
2026-03-08 04:49:09,100.0,100.0,83.04753041087963
2026-03-08 04:49:24,100.0,100.0,83.0259443287037
2026-03-08 04:49:39,100.0,100.0,83.00435824652777
2026-03-08 04:49:54,100.0,100.0,82.98277216435184
2026-03-08 04:50:09,100.0,100.0,82.96118608217593
2026-03-08 04:50:24,100.0,100.0,82.9396
2026-03-08 04:50:39,100.0,100.0,82.91801391782407
2026-03-08 04:50:54,100.0,100.0,82.89642783564814
2026-03-08 04:51:09,100.0,100.0,82.87484175347223
2026-03-08 04:51:24,100.0,100.0,82.8532556712963
2026-03-08 04:51:39,100.0,100.0,82.83166958912037
2026-03-08 04:51:54,100.0,100.0,82.81008350694444
2026-03-08 04:52:09,100.0,100.0,82.78849742476851
2026-03-08 04:52:24,100.0,100.0,82.76691134259259
2026-03-08 04:52:39,100.0,100.0,82.74532526041666
2026-03-08 04:52:54,100.0,100.0,82.72373917824073
2026-03-08 04:53:09,100.0,100.0,82.7021530960648
2026-03-08 04:53:24,100.0,100.0,82.68056701388889
2026-03-08 04:53:39,100.0,100.0,82.65898093171296
2026-03-08 04:53:54,100.0,100.0,82.63739484953703
2026-03-08 04:54:09,100.0,100.0,82.6158087673611
2026-03-08 04:54:24,100.0,100.0,82.59422268518519
2026-03-08 04:54:39,100.0,100.0,82.57263660300926
2026-03-08 04:54:54,100.0,100.0,82.55105052083333
2026-03-08 04:55:09,100.0,100.0,82.5294644386574
2026-03-08 04:55:24,100.0,100.0,82.50787835648148
2026-03-08 04:55:39,100.0,100.0,82.48629227430555
2026-03-08 04:55:54,100.0,100.0,82.46470619212963
2026-03-08 04:56:09,100.0,100.0,82.4431201099537
2026-03-08 04:56:24,100.0,100.0,82.42153402777777
2026-03-08 04:56:39,100.0,100.0,82.39994794560185
2026-03-08 04:56:54,100.0,100.0,82.37836186342592
2026-03-08 04:57:09,100.0,100.0,82.35677578125
2026-03-08 04:57:24,100.0,100.0,82.33518969907406
2026-03-08 04:57:39,100.0,100.0,82.31360361689815
2026-03-08 04:57:54,100.0,100.0,82.29201753472222
2026-03-08 04:58:09,100.0,100.0,82.27043145254629
2026-03-08 04:58:24,100.0,100.0,82.24884537037036
2026-03-08 04:58:39,100.0,100.0,82.22725928819445
2026-03-08 04:58:54,100.0,100.0,82.20567320601852
2026-03-08 04:59:09,100.0,100.0,82.18408712384259
2026-03-08 04:59:24,100.0,100.0,82.16250104166666
2026-03-08 04:59:39,100.0,100.0,82.14091495949074
2026-03-08 04:59:54,100.0,100.0,82.11932887731481
2026-03-08 05:00:09,100.0,100.0,82.09774279513888
2026-03-08 05:00:24,100.0,100.0,82.07615671296296
2026-03-08 05:00:39,100.0,100.0,82.05457063078703
2026-03-08 05:00:54,100.0,100.0,82.03298454861111
2026-03-08 05:01:09,100.0,100.0,82.01139846643518
2026-03-08 05:01:24,100.0,100.0,81.98981238425925
2026-03-08 05:01:39,100.0,100.0,81.96822630208332
2026-03-08 05:01:54,100.0,100.0,81.94664021990741
2026-03-08 05:02:09,100.0,100.0,81.92505413773148
2026-03-08 05:02:24,100.0,100.0,81.90346805555555
2026-03-08 05:02:39,100.0,100.0,81.88188197337962
2026-03-08 05:02:54,100.0,100.0,81.8602958912037
2026-03-08 05:03:09,100.0,100.0,81.83870980902778
2026-03-08 05:03:24,100.0,100.0,81.81712372685185
2026-03-08 05:03:39,100.0,100.0,81.79553764467592
2026-03-08 05:03:54,100.0,100.0,81.7739515625
2026-03-08 05:04:09,100.0,100.0,81.75236548032407
2026-03-08 05:04:24,100.0,100.0,81.73077939814814
2026-03-08 05:04:39,100.0,100.0,81.70919331597221
2026-03-08 05:04:54,100.0,100.0,81.68760723379629
2026-03-08 05:05:09,100.0,100.0,81.66602115162037
2026-03-08 05:05:24,100.0,100.0,81.64443506944444
2026-03-08 05:05:39,100.0,100.0,81.62284898726851
2026-03-08 05:05:54,100.0,100.0,81.60126290509258
2026-03-08 05:06:09,100.0,100.0,81.57967682291667
2026-03-08 05:06:24,100.0,100.0,81.55809074074074
2026-03-08 05:06:39,100.0,100.0,81.53650465856481
2026-03-08 05:06:54,100.0,100.0,81.51491857638888
2026-03-08 05:07:09,100.0,100.0,81.49333249421296
2026-03-08 05:07:24,100.0,100.0,81.47174641203704
2026-03-08 05:07:39,100.0,100.0,81.4501603298611
2026-03-08 05:07:54,100.0,100.0,81.42857424768518
2026-03-08 05:08:09,100.0,100.0,81.40698816550926
2026-03-08 05:08:24,100.0,100.0,81.38540208333333
2026-03-08 05:08:39,100.0,100.0,81.3638160011574
2026-03-08 05:08:54,100.0,100.0,81.34222991898147
2026-03-08 05:09:09,100.0,100.0,81.32064383680554
2026-03-08 05:09:24,100.0,100.0,81.29905775462963
2026-03-08 05:09:39,100.0,100.0,81.2774716724537
2026-03-08 05:09:54,100.0,100.0,81.25588559027777
2026-03-08 05:10:09,100.0,100.0,81.23429950810184
2026-03-08 05:10:24,100.0,100.0,81.21271342592593
2026-03-08 05:10:39,100.0,100.0,81.19112734375
2026-03-08 05:10:54,100.0,100.0,81.16954126157407
2026-03-08 05:11:09,100.0,100.0,81.14795517939814
2026-03-08 05:11:24,100.0,100.0,81.12636909722222
2026-03-08 05:11:39,100.0,100.0,81.1047830150463
2026-03-08 05:11:54,100.0,100.0,81.08319693287037
2026-03-08 05:12:09,100.0,100.0,81.06161085069444
2026-03-08 05:12:24,100.0,100.0,81.04002476851852
2026-03-08 05:12:39,100.0,100.0,81.01843868634259
2026-03-08 05:12:54,100.0,100.0,80.99685260416666
2026-03-08 05:13:09,100.0,100.0,80.97526652199073
2026-03-08 05:13:24,100.0,100.0,80.9536804398148
2026-03-08 05:13:39,100.0,100.0,80.93209435763889
2026-03-08 05:13:54,100.0,100.0,80.91050827546296
2026-03-08 05:14:09,100.0,100.0,80.88892219328703
2026-03-08 05:14:24,100.0,100.0,80.8673361111111
2026-03-08 05:14:39,100.0,100.0,80.84575002893519
2026-03-08 05:14:54,100.0,100.0,80.82416394675926
2026-03-08 05:15:09,100.0,100.0,80.80257786458333
2026-03-08 05:15:24,100.0,100.0,80.7809917824074
2026-03-08 05:15:39,100.0,100.0,80.75940570023148
2026-03-08 05:15:54,100.0,100.0,80.73781961805555
2026-03-08 05:16:09,100.0,100.0,80.71623353587962
2026-03-08 05:16:24,100.0,100.0,80.6946474537037
2026-03-08 05:16:39,100.0,100.0,80.67306137152778
2026-03-08 05:16:54,100.0,100.0,80.65147528935185
2026-03-08 05:17:09,100.0,100.0,80.62988920717592
2026-03-08 05:17:24,100.0,100.0,80.60830312499999
2026-03-08 05:17:39,100.0,100.0,80.58671704282406
2026-03-08 05:17:54,100.0,100.0,80.56513096064815
2026-03-08 05:18:09,100.0,100.0,80.54354487847222
2026-03-08 05:18:24,100.0,100.0,80.52195879629629
2026-03-08 05:18:39,100.0,100.0,80.50037271412036
2026-03-08 05:18:54,100.0,100.0,80.47878663194444
2026-03-08 05:19:09,100.0,100.0,80.45720054976852
2026-03-08 05:19:24,100.0,100.0,80.43561446759259
2026-03-08 05:19:39,100.0,100.0,80.41402838541666
2026-03-08 05:19:54,100.0,100.0,80.39244230324074
2026-03-08 05:20:09,100.0,100.0,80.37085622106481
2026-03-08 05:20:24,100.0,100.0,80.34927013888888
2026-03-08 05:20:39,100.0,100.0,80.32768405671295
2026-03-08 05:20:54,100.0,100.0,80.30609797453704
2026-03-08 05:21:09,100.0,100.0,80.28451189236111
2026-03-08 05:21:24,100.0,100.0,80.26292581018518
2026-03-08 05:21:39,100.0,100.0,80.24133972800925
2026-03-08 05:21:54,100.0,100.0,80.21975364583332
2026-03-08 05:22:09,100.0,100.0,80.1981675636574
2026-03-08 05:22:24,100.0,100.0,80.17658148148148
2026-03-08 05:22:39,100.0,100.0,80.15499539930555
2026-03-08 05:22:54,100.0,100.0,80.13340931712963
2026-03-08 05:23:09,100.0,100.0,80.1118232349537
2026-03-08 05:23:24,100.0,100.0,80.09023715277777
2026-03-08 05:23:39,100.0,100.0,80.06865107060185
2026-03-08 05:23:54,100.0,100.0,80.04706498842592
2026-03-08 05:24:09,100.0,100.0,80.02547890625
2026-03-08 05:24:24,100.0,100.0,80.00389282407407
2026-03-08 05:24:39,100.0,100.0,79.98230674189814
2026-03-08 05:24:54,100.0,100.0,79.96072065972221
2026-03-08 05:25:09,100.0,100.0,79.9391345775463
2026-03-08 05:25:24,100.0,100.0,79.91754849537037
2026-03-08 05:25:39,100.0,100.0,79.89596241319444
2026-03-08 05:25:54,100.0,100.0,79.87437633101851
2026-03-08 05:26:09,100.0,100.0,79.85279024884258
2026-03-08 05:26:24,100.0,100.0,79.83120416666667
2026-03-08 05:26:39,100.0,100.0,79.80961808449074
2026-03-08 05:26:54,100.0,100.0,79.78803200231481
2026-03-08 05:27:09,100.0,100.0,79.76644592013889
2026-03-08 05:27:24,100.0,100.0,79.74485983796296
2026-03-08 05:27:39,100.0,100.0,79.72327375578703
2026-03-08 05:27:54,100.0,100.0,79.7016876736111
2026-03-08 05:28:09,100.0,100.0,79.68010159143518
2026-03-08 05:28:24,100.0,100.0,79.65851550925926
2026-03-08 05:28:39,100.0,100.0,79.63692942708333
2026-03-08 05:28:54,100.0,100.0,79.6153433449074
2026-03-08 05:29:09,100.0,100.0,79.59375726273147
2026-03-08 05:29:24,100.0,100.0,79.57217118055556
2026-03-08 05:29:39,100.0,100.0,79.55058509837963
2026-03-08 05:29:54,100.0,100.0,79.5289990162037
2026-03-08 05:30:09,100.0,100.0,79.50741293402777
2026-03-08 05:30:24,100.0,100.0,79.48582685185185
2026-03-08 05:30:39,100.0,100.0,79.46424076967592
2026-03-08 05:30:54,100.0,100.0,79.4426546875
2026-03-08 05:31:09,100.0,100.0,79.42106860532407
2026-03-08 05:31:24,100.0,100.0,79.39948252314815
2026-03-08 05:31:39,100.0,100.0,79.37789644097222
2026-03-08 05:31:54,100.0,100.0,79.35631035879629
2026-03-08 05:32:09,100.0,100.0,79.33472427662036
2026-03-08 05:32:24,100.0,100.0,79.31313819444443
2026-03-08 05:32:39,100.0,100.0,79.29155211226852
2026-03-08 05:32:54,100.0,100.0,79.26996603009259
2026-03-08 05:33:09,100.0,100.0,79.24837994791666
2026-03-08 05:33:24,100.0,100.0,79.22679386574073
2026-03-08 05:33:39,100.0,100.0,79.20520778356482
2026-03-08 05:33:54,100.0,100.0,79.18362170138889
2026-03-08 05:34:09,100.0,100.0,79.16203561921296
2026-03-08 05:34:24,100.0,100.0,79.14044953703703
2026-03-08 05:34:39,100.0,100.0,79.1188634548611
2026-03-08 05:34:54,100.0,100.0,79.09727737268518
2026-03-08 05:35:09,100.0,100.0,79.07569129050925
2026-03-08 05:35:24,100.0,100.0,79.05410520833333
2026-03-08 05:35:39,100.0,100.0,79.03251912615741
2026-03-08 05:35:54,100.0,100.0,79.01093304398148
2026-03-08 05:36:09,100.0,100.0,78.98934696180555
2026-03-08 05:36:24,100.0,100.0,78.96776087962962
2026-03-08 05:36:39,100.0,100.0,78.9461747974537
2026-03-08 05:36:54,100.0,100.0,78.92458871527778
2026-03-08 05:37:09,100.0,100.0,78.90300263310185
2026-03-08 05:37:24,100.0,100.0,78.88141655092592
2026-03-08 05:37:39,100.0,100.0,78.85983046874999
2026-03-08 05:37:54,100.0,100.0,78.83824438657408
2026-03-08 05:38:09,100.0,100.0,78.81665830439815
2026-03-08 05:38:24,100.0,100.0,78.79507222222222
2026-03-08 05:38:39,100.0,100.0,78.77348614004629
2026-03-08 05:38:54,100.0,100.0,78.75190005787036
2026-03-08 05:39:09,100.0,100.0,78.73031397569444
2026-03-08 05:39:24,100.0,100.0,78.70872789351851
2026-03-08 05:39:39,100.0,100.0,78.68714181134258
2026-03-08 05:39:54,100.0,100.0,78.66555572916667
2026-03-08 05:40:09,100.0,100.0,78.64396964699074
2026-03-08 05:40:24,100.0,100.0,78.62238356481481
2026-03-08 05:40:39,100.0,100.0,78.60079748263888
2026-03-08 05:40:54,100.0,100.0,78.57921140046295
2026-03-08 05:41:09,100.0,100.0,78.55762531828704
2026-03-08 05:41:24,100.0,100.0,78.53603923611111
2026-03-08 05:41:39,100.0,100.0,78.51445315393518
2026-03-08 05:41:54,100.0,100.0,78.49286707175925
2026-03-08 05:42:09,100.0,100.0,78.47128098958333
2026-03-08 05:42:24,100.0,100.0,78.4496949074074
2026-03-08 05:42:39,100.0,100.0,78.42810882523148
2026-03-08 05:42:54,100.0,100.0,78.40652274305555
2026-03-08 05:43:09,100.0,100.0,78.38493666087962
2026-03-08 05:43:24,100.0,100.0,78.3633505787037
2026-03-08 05:43:39,100.0,100.0,78.34176449652777
2026-03-08 05:43:54,100.0,100.0,78.32017841435184
2026-03-08 05:44:09,100.0,100.0,78.29859233217593
2026-03-08 05:44:24,100.0,100.0,78.27700625
2026-03-08 05:44:39,100.0,100.0,78.25542016782407
2026-03-08 05:44:54,100.0,100.0,78.23383408564814
2026-03-08 05:45:09,100.0,100.0,78.21224800347221
2026-03-08 05:45:24,100.0,100.0,78.1906619212963
2026-03-08 05:45:39,100.0,100.0,78.16907583912037
2026-03-08 05:45:54,100.0,100.0,78.14748975694444
2026-03-08 05:46:09,100.0,100.0,78.12590367476851
2026-03-08 05:46:24,100.0,100.0,78.1043175925926
2026-03-08 05:46:39,100.0,100.0,78.08273151041666
2026-03-08 05:46:54,100.0,100.0,78.06114542824074
2026-03-08 05:47:09,100.0,100.0,78.0395593460648
2026-03-08 05:47:24,100.0,100.0,78.01797326388888
2026-03-08 05:47:39,100.0,100.0,77.99638718171296
2026-03-08 05:47:54,100.0,100.0,77.97480109953703
2026-03-08 05:48:09,100.0,100.0,77.9532150173611
2026-03-08 05:48:24,100.0,100.0,77.93162893518519
2026-03-08 05:48:39,100.0,100.0,77.91004285300926
2026-03-08 05:48:54,100.0,100.0,77.88845677083333
2026-03-08 05:49:09,100.0,100.0,77.8668706886574
2026-03-08 05:49:24,100.0,100.0,77.84528460648147
2026-03-08 05:49:39,100.0,100.0,77.82369852430556
2026-03-08 05:49:54,100.0,100.0,77.80211244212963
2026-03-08 05:50:09,100.0,100.0,77.7805263599537
2026-03-08 05:50:24,100.0,100.0,77.75894027777777
2026-03-08 05:50:39,100.0,100.0,77.73735419560185
2026-03-08 05:50:54,100.0,100.0,77.71576811342592
2026-03-08 05:51:09,100.0,100.0,77.69418203125
2026-03-08 05:51:24,100.0,100.0,77.67259594907406
2026-03-08 05:51:39,100.0,100.0,77.65100986689814
2026-03-08 05:51:54,100.0,100.0,77.62942378472222
2026-03-08 05:52:09,100.0,100.0,77.60783770254629
2026-03-08 05:52:24,100.0,100.0,77.58625162037036
2026-03-08 05:52:39,100.0,100.0,77.56466553819445
2026-03-08 05:52:54,100.0,100.0,77.54307945601852
2026-03-08 05:53:09,100.0,100.0,77.52149337384259
2026-03-08 05:53:24,100.0,100.0,77.49990729166666
2026-03-08 05:53:39,100.0,100.0,77.47832120949073
2026-03-08 05:53:54,100.0,100.0,77.45673512731481
2026-03-08 05:54:09,100.0,100.0,77.43514904513889
2026-03-08 05:54:24,100.0,100.0,77.41356296296296
2026-03-08 05:54:39,100.0,100.0,77.39197688078703
2026-03-08 05:54:54,100.0,100.0,77.37039079861111
2026-03-08 05:55:09,100.0,100.0,77.34880471643518
2026-03-08 05:55:24,100.0,100.0,77.32721863425925
2026-03-08 05:55:39,100.0,100.0,77.30563255208332
2026-03-08 05:55:54,100.0,100.0,77.2840464699074
2026-03-08 05:56:09,100.0,100.0,77.26246038773148
2026-03-08 05:56:24,100.0,100.0,77.24087430555555
2026-03-08 05:56:39,100.0,100.0,77.21928822337962
2026-03-08 05:56:54,100.0,100.0,77.1977021412037
2026-03-08 05:57:09,100.0,100.0,77.17611605902778
2026-03-08 05:57:24,100.0,100.0,77.15452997685185
2026-03-08 05:57:39,100.0,100.0,77.13294389467592
2026-03-08 05:57:54,100.0,100.0,77.11135781249999
2026-03-08 05:58:09,100.0,100.0,77.08977173032407
2026-03-08 05:58:24,100.0,100.0,77.06818564814814
2026-03-08 05:58:39,100.0,100.0,77.04659956597222
2026-03-08 05:58:54,100.0,100.0,77.02501348379629
2026-03-08 05:59:09,100.0,100.0,77.00342740162037
2026-03-08 05:59:24,100.0,100.0,76.98184131944444
2026-03-08 05:59:39,100.0,100.0,76.96025523726851
2026-03-08 05:59:54,100.0,100.0,76.93866915509258
2026-03-08 06:00:09,100.0,100.0,76.92699253472222
2026-03-08 06:00:24,100.0,100.0,76.92192222222222
2026-03-08 06:00:39,100.0,100.0,76.91685190972221
2026-03-08 06:00:54,100.0,100.0,76.91178159722222
2026-03-08 06:01:09,100.0,100.0,76.90671128472222
2026-03-08 06:01:24,100.0,100.0,76.90164097222221
2026-03-08 06:01:39,100.0,100.0,76.89657065972222
2026-03-08 06:01:54,100.0,100.0,76.89150034722222
2026-03-08 06:02:09,100.0,100.0,76.88643003472222
2026-03-08 06:02:24,100.0,100.0,76.88135972222221
2026-03-08 06:02:39,100.0,100.0,76.87628940972222
2026-03-08 06:02:54,100.0,100.0,76.87121909722222
2026-03-08 06:03:09,100.0,100.0,76.86614878472221
2026-03-08 06:03:24,100.0,100.0,76.86107847222222
2026-03-08 06:03:39,100.0,100.0,76.85600815972222
2026-03-08 06:03:54,100.0,100.0,76.85093784722221
2026-03-08 06:04:09,100.0,100.0,76.84586753472222
2026-03-08 06:04:24,100.0,100.0,76.84079722222222
2026-03-08 06:04:39,100.0,100.0,76.83572690972221
2026-03-08 06:04:54,100.0,100.0,76.83065659722222
2026-03-08 06:05:09,100.0,100.0,76.82558628472222
2026-03-08 06:05:24,100.0,100.0,76.82051597222221
2026-03-08 06:05:39,100.0,100.0,76.81544565972222
2026-03-08 06:05:54,100.0,100.0,76.81037534722222
2026-03-08 06:06:09,100.0,100.0,76.80530503472222
2026-03-08 06:06:24,100.0,100.0,76.80023472222221
2026-03-08 06:06:39,100.0,100.0,76.79516440972222
2026-03-08 06:06:54,100.0,100.0,76.79009409722222
2026-03-08 06:07:09,100.0,100.0,76.78502378472221
2026-03-08 06:07:24,100.0,100.0,76.77995347222222
2026-03-08 06:07:39,100.0,100.0,76.77488315972222
2026-03-08 06:07:54,100.0,100.0,76.76981284722221
2026-03-08 06:08:09,100.0,100.0,76.76474253472222
2026-03-08 06:08:24,100.0,100.0,76.75967222222222
2026-03-08 06:08:39,100.0,100.0,76.75460190972221
2026-03-08 06:08:54,100.0,100.0,76.74953159722222
2026-03-08 06:09:09,100.0,100.0,76.74446128472222
2026-03-08 06:09:24,100.0,100.0,76.73939097222222
2026-03-08 06:09:39,100.0,100.0,76.73432065972221
2026-03-08 06:09:54,100.0,100.0,76.72925034722222
2026-03-08 06:10:09,100.0,100.0,76.72418003472222
2026-03-08 06:10:24,100.0,100.0,76.71910972222221
2026-03-08 06:10:39,100.0,100.0,76.71403940972222
2026-03-08 06:10:54,100.0,100.0,76.70896909722222
2026-03-08 06:11:09,100.0,100.0,76.70389878472221
2026-03-08 06:11:24,100.0,100.0,76.69882847222222
2026-03-08 06:11:39,100.0,100.0,76.69375815972222
2026-03-08 06:11:54,100.0,100.0,76.68868784722221
2026-03-08 06:12:09,100.0,100.0,76.68361753472222
2026-03-08 06:12:24,100.0,100.0,76.67854722222222
2026-03-08 06:12:39,100.0,100.0,76.67347690972221
2026-03-08 06:12:54,100.0,100.0,76.66840659722222
2026-03-08 06:13:09,100.0,100.0,76.66333628472222
2026-03-08 06:13:24,100.0,100.0,76.65826597222222
2026-03-08 06:13:39,100.0,100.0,76.65319565972221
2026-03-08 06:13:54,100.0,100.0,76.64812534722222
2026-03-08 06:14:09,100.0,100.0,76.64305503472222
2026-03-08 06:14:24,100.0,100.0,76.63798472222221
2026-03-08 06:14:39,100.0,100.0,76.63291440972222
2026-03-08 06:14:54,100.0,100.0,76.62784409722222
2026-03-08 06:15:09,100.0,100.0,76.62277378472221
2026-03-08 06:15:24,100.0,100.0,76.61770347222222
2026-03-08 06:15:39,100.0,100.0,76.61263315972222
2026-03-08 06:15:54,100.0,100.0,76.60756284722221
2026-03-08 06:16:09,100.0,100.0,76.60249253472222
2026-03-08 06:16:24,100.0,100.0,76.59742222222222
2026-03-08 06:16:39,100.0,100.0,76.59235190972223
2026-03-08 06:16:54,100.0,100.0,76.58728159722222
2026-03-08 06:17:09,100.0,100.0,76.58221128472222
2026-03-08 06:17:24,100.0,100.0,76.57714097222222
2026-03-08 06:17:39,100.0,100.0,76.57207065972221
2026-03-08 06:17:54,100.0,100.0,76.56700034722222
2026-03-08 06:18:09,100.0,100.0,76.56193003472222
2026-03-08 06:18:24,100.0,100.0,76.55685972222221
2026-03-08 06:18:39,100.0,100.0,76.55178940972222
2026-03-08 06:18:54,100.0,100.0,76.54671909722222
2026-03-08 06:19:09,100.0,100.0,76.54164878472221
2026-03-08 06:19:24,100.0,100.0,76.53657847222222
2026-03-08 06:19:39,100.0,100.0,76.53150815972222
2026-03-08 06:19:54,100.0,100.0,76.52643784722221
2026-03-08 06:20:09,100.0,100.0,76.52136753472222
2026-03-08 06:20:24,100.0,100.0,76.51629722222222
2026-03-08 06:20:39,100.0,100.0,76.51122690972223
2026-03-08 06:20:54,100.0,100.0,76.50615659722222
2026-03-08 06:21:09,100.0,100.0,76.50108628472222
2026-03-08 06:21:24,100.0,100.0,76.49601597222222
2026-03-08 06:21:39,100.0,100.0,76.49094565972221
2026-03-08 06:21:54,100.0,100.0,76.48587534722222
2026-03-08 06:22:09,100.0,100.0,76.48080503472222
2026-03-08 06:22:24,100.0,100.0,76.47573472222221
2026-03-08 06:22:39,100.0,100.0,76.47066440972222
2026-03-08 06:22:54,100.0,100.0,76.46559409722222
2026-03-08 06:23:09,100.0,100.0,76.46052378472221
2026-03-08 06:23:24,100.0,100.0,76.45545347222222
2026-03-08 06:23:39,100.0,100.0,76.45038315972222
2026-03-08 06:23:54,100.0,100.0,76.44531284722223
2026-03-08 06:24:09,100.0,100.0,76.44024253472222
2026-03-08 06:24:24,100.0,100.0,76.43517222222222
2026-03-08 06:24:39,100.0,100.0,76.43010190972223
2026-03-08 06:24:54,100.0,100.0,76.42503159722222
2026-03-08 06:25:09,100.0,100.0,76.41996128472222
2026-03-08 06:25:24,100.0,100.0,76.41489097222222
2026-03-08 06:25:39,100.0,100.0,76.40982065972221
2026-03-08 06:25:54,100.0,100.0,76.40475034722222
2026-03-08 06:26:09,100.0,100.0,76.39968003472222
2026-03-08 06:26:24,100.0,100.0,76.39460972222221
2026-03-08 06:26:39,100.0,100.0,76.38953940972222
2026-03-08 06:26:54,100.0,100.0,76.38446909722222
2026-03-08 06:27:09,100.0,100.0,76.37939878472221
2026-03-08 06:27:24,100.0,100.0,76.37432847222222
2026-03-08 06:27:39,100.0,100.0,76.36925815972222
2026-03-08 06:27:54,100.0,100.0,76.36418784722223
2026-03-08 06:28:09,100.0,100.0,76.35911753472222
2026-03-08 06:28:24,100.0,100.0,76.35404722222222
2026-03-08 06:28:39,100.0,100.0,76.34897690972223
2026-03-08 06:28:54,100.0,100.0,76.34390659722222
2026-03-08 06:29:09,100.0,100.0,76.33883628472222
2026-03-08 06:29:24,100.0,100.0,76.33376597222222
2026-03-08 06:29:39,100.0,100.0,76.32869565972221
2026-03-08 06:29:54,100.0,100.0,76.32362534722222
2026-03-08 06:30:09,100.0,100.0,76.31855503472222
2026-03-08 06:30:24,100.0,100.0,76.31348472222221
2026-03-08 06:30:39,100.0,100.0,76.30841440972222
2026-03-08 06:30:54,100.0,100.0,76.30334409722222
2026-03-08 06:31:09,100.0,100.0,76.29827378472223
2026-03-08 06:31:24,100.0,100.0,76.29320347222222
2026-03-08 06:31:39,100.0,100.0,76.28813315972222
2026-03-08 06:31:54,100.0,100.0,76.28306284722223
2026-03-08 06:32:09,100.0,100.0,76.27799253472222
2026-03-08 06:32:24,100.0,100.0,76.27292222222222
2026-03-08 06:32:39,100.0,100.0,76.26785190972222
2026-03-08 06:32:54,100.0,100.0,76.26278159722222
2026-03-08 06:33:09,100.0,100.0,76.25771128472222
2026-03-08 06:33:24,100.0,100.0,76.25264097222222
2026-03-08 06:33:39,100.0,100.0,76.24757065972221
2026-03-08 06:33:54,100.0,100.0,76.24250034722222
2026-03-08 06:34:09,100.0,100.0,76.23743003472222
2026-03-08 06:34:24,100.0,100.0,76.23235972222221
2026-03-08 06:34:39,100.0,100.0,76.22728940972222
2026-03-08 06:34:54,100.0,100.0,76.22221909722222
2026-03-08 06:35:09,100.0,100.0,76.21714878472223
2026-03-08 06:35:24,100.0,100.0,76.21207847222222
2026-03-08 06:35:39,100.0,100.0,76.20700815972222
2026-03-08 06:35:54,100.0,100.0,76.20193784722223
2026-03-08 06:36:09,100.0,100.0,76.19686753472222
2026-03-08 06:36:24,100.0,100.0,76.19179722222222
2026-03-08 06:36:39,100.0,100.0,76.18672690972222
2026-03-08 06:36:54,100.0,100.0,76.18165659722222
2026-03-08 06:37:09,100.0,100.0,76.17658628472222
2026-03-08 06:37:24,100.0,100.0,76.17151597222222
2026-03-08 06:37:39,100.0,100.0,76.16644565972221
2026-03-08 06:37:54,100.0,100.0,76.16137534722222
2026-03-08 06:38:09,100.0,100.0,76.15630503472222
2026-03-08 06:38:24,100.0,100.0,76.15123472222223
2026-03-08 06:38:39,100.0,100.0,76.14616440972222
2026-03-08 06:38:54,100.0,100.0,76.14109409722222
2026-03-08 06:39:09,100.0,100.0,76.13602378472223
2026-03-08 06:39:24,100.0,100.0,76.13095347222222
2026-03-08 06:39:39,100.0,100.0,76.12588315972222
2026-03-08 06:39:54,100.0,100.0,76.12081284722223
2026-03-08 06:40:09,100.0,100.0,76.11574253472222
2026-03-08 06:40:24,100.0,100.0,76.11067222222222
2026-03-08 06:40:39,100.0,100.0,76.10560190972222
2026-03-08 06:40:54,100.0,100.0,76.10053159722221
2026-03-08 06:41:09,100.0,100.0,76.09546128472222
2026-03-08 06:41:24,100.0,100.0,76.09039097222222
2026-03-08 06:41:39,100.0,100.0,76.08532065972221
2026-03-08 06:41:54,100.0,100.0,76.08025034722222
2026-03-08 06:42:09,100.0,100.0,76.07518003472222
2026-03-08 06:42:24,100.0,100.0,76.07010972222223
2026-03-08 06:42:39,100.0,100.0,76.06503940972222
2026-03-08 06:42:54,100.0,100.0,76.05996909722222
2026-03-08 06:43:09,100.0,100.0,76.05489878472223
2026-03-08 06:43:24,100.0,100.0,76.04982847222222
2026-03-08 06:43:39,100.0,100.0,76.04475815972222
2026-03-08 06:43:54,100.0,100.0,76.03968784722223
2026-03-08 06:44:09,100.0,100.0,76.03461753472222
2026-03-08 06:44:24,100.0,100.0,76.02954722222222
2026-03-08 06:44:39,100.0,100.0,76.02447690972222
2026-03-08 06:44:54,100.0,100.0,76.01940659722221
2026-03-08 06:45:09,100.0,100.0,76.01433628472222
2026-03-08 06:45:24,100.0,100.0,76.00926597222222
2026-03-08 06:45:39,100.0,100.0,76.00419565972223
2026-03-08 06:45:54,100.0,100.0,75.99912534722222
2026-03-08 06:46:09,100.0,100.0,75.99405503472222
2026-03-08 06:46:24,100.0,100.0,75.98898472222223
2026-03-08 06:46:39,100.0,100.0,75.98391440972222
2026-03-08 06:46:54,100.0,100.0,75.97884409722222
2026-03-08 06:47:09,100.0,100.0,75.97377378472223
2026-03-08 06:47:24,100.0,100.0,75.96870347222222
2026-03-08 06:47:39,100.0,100.0,75.96363315972222
2026-03-08 06:47:54,100.0,100.0,75.95856284722223
2026-03-08 06:48:09,100.0,100.0,75.95349253472222
2026-03-08 06:48:24,100.0,100.0,75.94842222222222
2026-03-08 06:48:39,100.0,100.0,75.94335190972222
2026-03-08 06:48:54,100.0,100.0,75.93828159722221
2026-03-08 06:49:09,100.0,100.0,75.93321128472222
2026-03-08 06:49:24,100.0,100.0,75.92814097222222
2026-03-08 06:49:39,100.0,100.0,75.92307065972223
2026-03-08 06:49:54,100.0,100.0,75.91800034722222
2026-03-08 06:50:09,100.0,100.0,75.91293003472222
2026-03-08 06:50:24,100.0,100.0,75.90785972222223
2026-03-08 06:50:39,100.0,100.0,75.90278940972222
2026-03-08 06:50:54,100.0,100.0,75.89771909722222
2026-03-08 06:51:09,100.0,100.0,75.89264878472223
2026-03-08 06:51:24,100.0,100.0,75.88757847222222
2026-03-08 06:51:39,100.0,100.0,75.88250815972222
2026-03-08 06:51:54,100.0,100.0,75.87743784722223
2026-03-08 06:52:09,100.0,100.0,75.87236753472222
2026-03-08 06:52:24,100.0,100.0,75.86729722222222
2026-03-08 06:52:39,100.0,100.0,75.86222690972222
2026-03-08 06:52:54,100.0,100.0,75.85715659722223
2026-03-08 06:53:09,100.0,100.0,75.85208628472222
2026-03-08 06:53:24,100.0,100.0,75.84701597222222
2026-03-08 06:53:39,100.0,100.0,75.84194565972223
2026-03-08 06:53:54,100.0,100.0,75.83687534722222
2026-03-08 06:54:09,100.0,100.0,75.83180503472222
2026-03-08 06:54:24,100.0,100.0,75.82673472222223
2026-03-08 06:54:39,100.0,100.0,75.82166440972222
2026-03-08 06:54:54,100.0,100.0,75.81659409722222
2026-03-08 06:55:09,100.0,100.0,75.81152378472223
2026-03-08 06:55:24,100.0,100.0,75.80645347222222
2026-03-08 06:55:39,100.0,100.0,75.80138315972222
2026-03-08 06:55:54,100.0,100.0,75.79631284722223
2026-03-08 06:56:09,100.0,100.0,75.79124253472222
2026-03-08 06:56:24,100.0,100.0,75.78617222222222
2026-03-08 06:56:39,100.0,100.0,75.78110190972222
2026-03-08 06:56:54,100.0,100.0,75.77603159722223
2026-03-08 06:57:09,100.0,100.0,75.77096128472222
2026-03-08 06:57:24,100.0,100.0,75.76589097222222
2026-03-08 06:57:39,100.0,100.0,75.76082065972223
2026-03-08 06:57:54,100.0,100.0,75.75575034722222
2026-03-08 06:58:09,100.0,100.0,75.75068003472222
2026-03-08 06:58:24,100.0,100.0,75.74560972222223
2026-03-08 06:58:39,100.0,100.0,75.74053940972222
2026-03-08 06:58:54,100.0,100.0,75.73546909722222
2026-03-08 06:59:09,100.0,100.0,75.73039878472223
2026-03-08 06:59:24,100.0,100.0,75.72532847222222
2026-03-08 06:59:39,100.0,100.0,75.72025815972222
2026-03-08 06:59:54,100.0,100.0,75.71518784722223
2026-03-08 07:00:09,100.0,100.0,75.71011753472223
2026-03-08 07:00:24,100.0,100.0,75.70504722222222
2026-03-08 07:00:39,100.0,100.0,75.69997690972222
2026-03-08 07:00:54,100.0,100.0,75.69490659722223
2026-03-08 07:01:09,100.0,100.0,75.68983628472222
2026-03-08 07:01:24,100.0,100.0,75.68476597222222
2026-03-08 07:01:39,100.0,100.0,75.67969565972223
2026-03-08 07:01:54,100.0,100.0,75.67462534722222
2026-03-08 07:02:09,100.0,100.0,75.66955503472222
2026-03-08 07:02:24,100.0,100.0,75.66448472222223
2026-03-08 07:02:39,100.0,100.0,75.65941440972222
2026-03-08 07:02:54,100.0,100.0,75.65434409722222
2026-03-08 07:03:09,100.0,100.0,75.64927378472223
2026-03-08 07:03:24,100.0,100.0,75.64420347222222
2026-03-08 07:03:39,100.0,100.0,75.63913315972222
2026-03-08 07:03:54,100.0,100.0,75.63406284722222
2026-03-08 07:04:09,100.0,100.0,75.62899253472223
2026-03-08 07:04:24,100.0,100.0,75.62392222222222
2026-03-08 07:04:39,100.0,100.0,75.61885190972222
2026-03-08 07:04:54,100.0,100.0,75.61378159722223
2026-03-08 07:05:09,100.0,100.0,75.60871128472222
2026-03-08 07:05:24,100.0,100.0,75.60364097222222
2026-03-08 07:05:39,100.0,100.0,75.59857065972223
2026-03-08 07:05:54,100.0,100.0,75.59350034722222
2026-03-08 07:06:09,100.0,100.0,75.58843003472222
2026-03-08 07:06:24,100.0,100.0,75.58335972222223
2026-03-08 07:06:39,100.0,100.0,75.57828940972222
2026-03-08 07:06:54,100.0,100.0,75.57321909722222
2026-03-08 07:07:09,100.0,100.0,75.56814878472223
2026-03-08 07:07:24,100.0,100.0,75.56307847222223
2026-03-08 07:07:39,100.0,100.0,75.55800815972222
2026-03-08 07:07:54,100.0,100.0,75.55293784722222
2026-03-08 07:08:09,100.0,100.0,75.54786753472223
2026-03-08 07:08:24,100.0,100.0,75.54279722222222
2026-03-08 07:08:39,100.0,100.0,75.53772690972222
2026-03-08 07:08:54,100.0,100.0,75.53265659722223
2026-03-08 07:09:09,100.0,100.0,75.52758628472222
2026-03-08 07:09:24,100.0,100.0,75.52251597222222
2026-03-08 07:09:39,100.0,100.0,75.51744565972223
2026-03-08 07:09:54,100.0,100.0,75.51237534722222
2026-03-08 07:10:09,100.0,100.0,75.50730503472222
2026-03-08 07:10:24,100.0,100.0,75.50223472222223
2026-03-08 07:10:39,100.0,100.0,75.49716440972222
2026-03-08 07:10:54,100.0,100.0,75.49209409722222
2026-03-08 07:11:09,100.0,100.0,75.48702378472223
2026-03-08 07:11:24,100.0,100.0,75.48195347222223
2026-03-08 07:11:39,100.0,100.0,75.47688315972222
2026-03-08 07:11:54,100.0,100.0,75.47181284722222
2026-03-08 07:12:09,100.0,100.0,75.46674253472223
2026-03-08 07:12:24,100.0,100.0,75.46167222222222
2026-03-08 07:12:39,100.0,100.0,75.45660190972222
2026-03-08 07:12:54,100.0,100.0,75.45153159722223
2026-03-08 07:13:09,100.0,100.0,75.44646128472222
2026-03-08 07:13:24,100.0,100.0,75.44139097222222
2026-03-08 07:13:39,100.0,100.0,75.43632065972223
2026-03-08 07:13:54,100.0,100.0,75.43125034722222
2026-03-08 07:14:09,100.0,100.0,75.42618003472222
2026-03-08 07:14:24,100.0,100.0,75.42110972222223
2026-03-08 07:14:39,100.0,100.0,75.41603940972223
2026-03-08 07:14:54,100.0,100.0,75.41096909722222
2026-03-08 07:15:09,100.0,100.0,75.40589878472223
2026-03-08 07:15:24,100.0,100.0,75.40082847222223
2026-03-08 07:15:39,100.0,100.0,75.39575815972222
2026-03-08 07:15:54,100.0,100.0,75.39068784722222
2026-03-08 07:16:09,100.0,100.0,75.38561753472223
2026-03-08 07:16:24,100.0,100.0,75.38054722222222
2026-03-08 07:16:39,100.0,100.0,75.37547690972222
2026-03-08 07:16:54,100.0,100.0,75.37040659722223
2026-03-08 07:17:09,100.0,100.0,75.36533628472222
2026-03-08 07:17:24,100.0,100.0,75.36026597222222
2026-03-08 07:17:39,100.0,100.0,75.35519565972223
2026-03-08 07:17:54,100.0,100.0,75.35012534722222
2026-03-08 07:18:09,100.0,100.0,75.34505503472222
2026-03-08 07:18:24,100.0,100.0,75.33998472222223
2026-03-08 07:18:39,100.0,100.0,75.33491440972223
2026-03-08 07:18:54,100.0,100.0,75.32984409722222
2026-03-08 07:19:09,100.0,100.0,75.32477378472223
2026-03-08 07:19:24,100.0,100.0,75.31970347222223
2026-03-08 07:19:39,100.0,100.0,75.31463315972222
2026-03-08 07:19:54,100.0,100.0,75.30956284722222
2026-03-08 07:20:09,100.0,100.0,75.30449253472223
2026-03-08 07:20:24,100.0,100.0,75.29942222222222
2026-03-08 07:20:39,100.0,100.0,75.29435190972222
2026-03-08 07:20:54,100.0,100.0,75.28928159722223
2026-03-08 07:21:09,100.0,100.0,75.28421128472222
2026-03-08 07:21:24,100.0,100.0,75.27914097222222
2026-03-08 07:21:39,100.0,100.0,75.27407065972223
2026-03-08 07:21:54,100.0,100.0,75.26900034722223
2026-03-08 07:22:09,100.0,100.0,75.26393003472222
2026-03-08 07:22:24,100.0,100.0,75.25885972222223
2026-03-08 07:22:39,100.0,100.0,75.25378940972223
2026-03-08 07:22:54,100.0,100.0,75.24871909722222
2026-03-08 07:23:09,100.0,100.0,75.24364878472223
2026-03-08 07:23:24,100.0,100.0,75.23857847222223
2026-03-08 07:23:39,100.0,100.0,75.23350815972222
2026-03-08 07:23:54,100.0,100.0,75.22843784722222
2026-03-08 07:24:09,100.0,100.0,75.22336753472223
2026-03-08 07:24:24,100.0,100.0,75.21829722222222
2026-03-08 07:24:39,100.0,100.0,75.21322690972222
2026-03-08 07:24:54,100.0,100.0,75.20815659722223
2026-03-08 07:25:09,100.0,100.0,75.20308628472222
2026-03-08 07:25:24,100.0,100.0,75.19801597222222
2026-03-08 07:25:39,100.0,100.0,75.19294565972223
2026-03-08 07:25:54,100.0,100.0,75.18787534722223
2026-03-08 07:26:09,100.0,100.0,75.18280503472222
2026-03-08 07:26:24,100.0,100.0,75.17773472222223
2026-03-08 07:26:39,100.0,100.0,75.17266440972223
2026-03-08 07:26:54,100.0,100.0,75.16759409722222
2026-03-08 07:27:09,100.0,100.0,75.16252378472223
2026-03-08 07:27:24,100.0,100.0,75.15745347222223
2026-03-08 07:27:39,100.0,100.0,75.15238315972222
2026-03-08 07:27:54,100.0,100.0,75.14731284722222
2026-03-08 07:28:09,100.0,100.0,75.14224253472223
2026-03-08 07:28:24,100.0,100.0,75.13717222222222
2026-03-08 07:28:39,100.0,100.0,75.13210190972222
2026-03-08 07:28:54,100.0,100.0,75.12703159722223
2026-03-08 07:29:09,100.0,100.0,75.12196128472223
2026-03-08 07:29:24,100.0,100.0,75.11689097222222
2026-03-08 07:29:39,100.0,100.0,75.11182065972223
2026-03-08 07:29:54,100.0,100.0,75.10675034722223
2026-03-08 07:30:09,100.0,100.0,75.10168003472222
2026-03-08 07:30:24,100.0,100.0,75.09660972222223
2026-03-08 07:30:39,100.0,100.0,75.09153940972223
2026-03-08 07:30:54,100.0,100.0,75.08646909722222
2026-03-08 07:31:09,100.0,100.0,75.08139878472223
2026-03-08 07:31:24,100.0,100.0,75.07632847222223
2026-03-08 07:31:39,100.0,100.0,75.07125815972222
2026-03-08 07:31:54,100.0,100.0,75.06618784722222
2026-03-08 07:32:09,100.0,100.0,75.06111753472223
2026-03-08 07:32:24,100.0,100.0,75.05604722222222
2026-03-08 07:32:39,100.0,100.0,75.05097690972222
2026-03-08 07:32:54,100.0,100.0,75.04590659722223
2026-03-08 07:33:09,100.0,100.0,75.04083628472223
2026-03-08 07:33:24,100.0,100.0,75.03576597222222
2026-03-08 07:33:39,100.0,100.0,75.03069565972223
2026-03-08 07:33:54,100.0,100.0,75.02562534722223
2026-03-08 07:34:09,100.0,100.0,75.02055503472222
2026-03-08 07:34:24,100.0,100.0,75.01548472222223
2026-03-08 07:34:39,100.0,100.0,75.01041440972223
2026-03-08 07:34:54,100.0,100.0,75.00534409722222
2026-03-08 07:35:09,100.0,100.0,75.00027378472222
2026-03-08 07:35:24,100.0,100.0,74.99520347222223
2026-03-08 07:35:39,100.0,100.0,74.99013315972222
2026-03-08 07:35:54,100.0,100.0,74.98506284722222
2026-03-08 07:36:09,100.0,100.0,74.97999253472223
2026-03-08 07:36:24,100.0,100.0,74.97492222222223
2026-03-08 07:36:39,100.0,100.0,74.96985190972222
2026-03-08 07:36:54,100.0,100.0,74.96478159722223
2026-03-08 07:37:09,100.0,100.0,74.95971128472223
2026-03-08 07:37:24,100.0,100.0,74.95464097222222
2026-03-08 07:37:39,100.0,100.0,74.94957065972223
2026-03-08 07:37:54,100.0,100.0,74.94450034722223
2026-03-08 07:38:09,100.0,100.0,74.93943003472222
2026-03-08 07:38:24,100.0,100.0,74.93435972222223
2026-03-08 07:38:39,100.0,100.0,74.92928940972223
2026-03-08 07:38:54,100.0,100.0,74.92421909722222
2026-03-08 07:39:09,100.0,100.0,74.91914878472222
2026-03-08 07:39:24,100.0,100.0,74.91407847222223
2026-03-08 07:39:39,100.0,100.0,74.90900815972222
2026-03-08 07:39:54,100.0,100.0,74.90393784722222
2026-03-08 07:40:09,100.0,100.0,74.89886753472223
2026-03-08 07:40:24,100.0,100.0,74.89379722222223
2026-03-08 07:40:39,100.0,100.0,74.88872690972222
2026-03-08 07:40:54,100.0,100.0,74.88365659722223
2026-03-08 07:41:09,100.0,100.0,74.87858628472223
2026-03-08 07:41:24,100.0,100.0,74.87351597222222
2026-03-08 07:41:39,100.0,100.0,74.86844565972223
2026-03-08 07:41:54,100.0,100.0,74.86337534722223
2026-03-08 07:42:09,100.0,100.0,74.85830503472222
2026-03-08 07:42:24,100.0,100.0,74.85323472222223
2026-03-08 07:42:39,100.0,100.0,74.84816440972223
2026-03-08 07:42:54,100.0,100.0,74.84309409722222
2026-03-08 07:43:09,100.0,100.0,74.83802378472222
2026-03-08 07:43:24,100.0,100.0,74.83295347222223
2026-03-08 07:43:39,100.0,100.0,74.82788315972223
2026-03-08 07:43:54,100.0,100.0,74.82281284722222
2026-03-08 07:44:09,100.0,100.0,74.81774253472223
2026-03-08 07:44:24,100.0,100.0,74.81267222222223
2026-03-08 07:44:39,100.0,100.0,74.80760190972222
2026-03-08 07:44:54,100.0,100.0,74.80253159722223
2026-03-08 07:45:09,100.0,100.0,74.79746128472223
2026-03-08 07:45:24,100.0,100.0,74.79239097222222
2026-03-08 07:45:39,100.0,100.0,74.78732065972223
2026-03-08 07:45:54,100.0,100.0,74.78225034722223
2026-03-08 07:46:09,100.0,100.0,74.77718003472222
2026-03-08 07:46:24,100.0,100.0,74.77210972222223
2026-03-08 07:46:39,100.0,100.0,74.76703940972223
2026-03-08 07:46:54,100.0,100.0,74.76196909722222
2026-03-08 07:47:09,100.0,100.0,74.75689878472222
2026-03-08 07:47:24,100.0,100.0,74.75182847222223
2026-03-08 07:47:39,100.0,100.0,74.74675815972223
2026-03-08 07:47:54,100.0,100.0,74.74168784722222
2026-03-08 07:48:09,100.0,100.0,74.73661753472223
2026-03-08 07:48:24,100.0,100.0,74.73154722222223
2026-03-08 07:48:39,100.0,100.0,74.72647690972222
2026-03-08 07:48:54,100.0,100.0,74.72140659722223
2026-03-08 07:49:09,100.0,100.0,74.71633628472223
2026-03-08 07:49:24,100.0,100.0,74.71126597222222
2026-03-08 07:49:39,100.0,100.0,74.70619565972223
2026-03-08 07:49:54,100.0,100.0,74.70112534722223
2026-03-08 07:50:09,100.0,100.0,74.69605503472222
2026-03-08 07:50:24,100.0,100.0,74.69098472222223
2026-03-08 07:50:39,100.0,100.0,74.68591440972223
2026-03-08 07:50:54,100.0,100.0,74.68084409722223
2026-03-08 07:51:09,100.0,100.0,74.67577378472222
2026-03-08 07:51:24,100.0,100.0,74.67070347222223
2026-03-08 07:51:39,100.0,100.0,74.66563315972223
2026-03-08 07:51:54,100.0,100.0,74.66056284722222
2026-03-08 07:52:09,100.0,100.0,74.65549253472223
2026-03-08 07:52:24,100.0,100.0,74.65042222222223
2026-03-08 07:52:39,100.0,100.0,74.64535190972222
2026-03-08 07:52:54,100.0,100.0,74.64028159722223
2026-03-08 07:53:09,100.0,100.0,74.63521128472223
2026-03-08 07:53:24,100.0,100.0,74.63014097222222
2026-03-08 07:53:39,100.0,100.0,74.62507065972223
2026-03-08 07:53:54,100.0,100.0,74.62000034722223
2026-03-08 07:54:09,100.0,100.0,74.61493003472222
2026-03-08 07:54:24,100.0,100.0,74.60985972222223
2026-03-08 07:54:39,100.0,100.0,74.60478940972223
2026-03-08 07:54:54,100.0,100.0,74.59971909722223
2026-03-08 07:55:09,100.0,100.0,74.59464878472222
2026-03-08 07:55:24,100.0,100.0,74.58957847222223
2026-03-08 07:55:39,100.0,100.0,74.58450815972223
2026-03-08 07:55:54,100.0,100.0,74.57943784722222
2026-03-08 07:56:09,100.0,100.0,74.57436753472223
2026-03-08 07:56:24,100.0,100.0,74.56929722222223
2026-03-08 07:56:39,100.0,100.0,74.56422690972222
2026-03-08 07:56:54,100.0,100.0,74.55915659722223
2026-03-08 07:57:09,100.0,100.0,74.55408628472223
2026-03-08 07:57:24,100.0,100.0,74.54901597222222
2026-03-08 07:57:39,100.0,100.0,74.54394565972223
2026-03-08 07:57:54,100.0,100.0,74.53887534722223
2026-03-08 07:58:09,100.0,100.0,74.53380503472223
2026-03-08 07:58:24,100.0,100.0,74.52873472222223
2026-03-08 07:58:39,100.0,100.0,74.52366440972223
2026-03-08 07:58:54,100.0,100.0,74.51859409722223
2026-03-08 07:59:09,100.0,100.0,74.51352378472222
2026-03-08 07:59:24,100.0,100.0,74.50845347222223
2026-03-08 07:59:39,100.0,100.0,74.50338315972223
2026-03-08 07:59:54,100.0,100.0,74.49831284722222
2026-03-08 08:00:09,100.0,100.0,74.52531829117063
2026-03-08 08:00:24,100.0,100.0,74.57370757275133
2026-03-08 08:00:39,100.0,100.0,74.62209685433201
2026-03-08 08:00:54,100.0,100.0,74.67048613591271
2026-03-08 08:01:09,100.0,100.0,74.7188754174934
2026-03-08 08:01:24,100.0,100.0,74.76726469907408
2026-03-08 08:01:39,100.0,100.0,74.81565398065477
2026-03-08 08:01:54,100.0,100.0,74.86404326223546
2026-03-08 08:02:09,100.0,100.0,74.91243254381614
2026-03-08 08:02:24,100.0,100.0,74.96082182539683
2026-03-08 08:02:39,100.0,100.0,75.00921110697752
2026-03-08 08:02:54,100.0,100.0,75.0576003885582
2026-03-08 08:03:09,100.0,100.0,75.1059896701389
2026-03-08 08:03:24,100.0,100.0,75.15437895171958
2026-03-08 08:03:39,100.0,100.0,75.20276823330028
2026-03-08 08:03:54,100.0,100.0,75.25115751488096
2026-03-08 08:04:09,100.0,100.0,75.29954679646164
2026-03-08 08:04:24,100.0,100.0,75.34793607804234
2026-03-08 08:04:39,100.0,100.0,75.39632535962302
2026-03-08 08:04:54,100.0,100.0,75.4447146412037
2026-03-08 08:05:09,100.0,100.0,75.4931039227844
2026-03-08 08:05:24,100.0,99.66777408637874,75.54149320436508
2026-03-08 08:05:39,100.0,99.66777408637874,75.58988248594578
2026-03-08 08:05:54,100.0,99.66777408637874,75.63827176752646
2026-03-08 08:06:09,100.0,99.66777408637874,75.68666104910714
2026-03-08 08:06:24,100.0,99.66777408637874,75.73505033068784
2026-03-08 08:06:39,100.0,99.66777408637874,75.78343961226852
2026-03-08 08:06:54,100.0,99.66777408637874,75.8318288938492
2026-03-08 08:07:09,100.0,99.66777408637874,75.8802181754299
2026-03-08 08:07:24,100.0,99.66777408637874,75.92860745701059
2026-03-08 08:07:39,100.0,99.66777408637874,75.97699673859128
2026-03-08 08:07:54,100.0,99.672131147541,76.02538602017196
2026-03-08 08:08:09,100.0,99.672131147541,76.07377530175265
2026-03-08 08:08:24,100.0,99.672131147541,76.12216458333334
2026-03-08 08:08:39,100.0,99.672131147541,76.17055386491403
2026-03-08 08:08:54,100.0,99.672131147541,76.21894314649471
2026-03-08 08:09:09,100.0,99.672131147541,76.2673324280754
2026-03-08 08:09:24,100.0,99.34426229508196,76.31572170965609
2026-03-08 08:09:39,100.0,99.01639344262296,76.36411099123679
2026-03-08 08:09:54,100.0,99.01639344262296,76.41250027281747
2026-03-08 08:10:09,100.0,98.68852459016394,76.46088955439815
2026-03-08 08:10:24,100.0,98.36065573770492,76.50927883597885
2026-03-08 08:10:39,100.0,98.36065573770492,76.55766811755953
2026-03-08 08:10:54,100.0,98.36065573770492,76.60605739914021
2026-03-08 08:11:09,100.0,98.36065573770492,76.65444668072091
2026-03-08 08:11:24,100.0,98.36065573770492,76.70283596230159
2026-03-08 08:11:39,100.0,98.36065573770492,76.75122524388229
2026-03-08 08:11:54,100.0,98.36065573770492,76.79961452546297
2026-03-08 08:12:09,100.0,98.36065573770492,76.84800380704365
2026-03-08 08:12:24,100.0,98.36065573770492,76.89639308862435
2026-03-08 08:12:39,100.0,98.36065573770492,76.94478237020503
2026-03-08 08:12:54,100.0,98.36065573770492,76.99317165178572
2026-03-08 08:13:09,100.0,98.38187702265373,77.04156093336641
2026-03-08 08:13:24,100.0,98.05825242718447,77.0899502149471
2026-03-08 08:13:39,100.0,98.05825242718447,77.13833949652778
2026-03-08 08:13:54,100.0,97.73462783171522,77.18672877810847
2026-03-08 08:14:09,100.0,97.73462783171522,77.23511805968916
2026-03-08 08:14:24,100.0,97.41100323624595,77.28350734126985
2026-03-08 08:14:39,100.0,97.0873786407767,77.33189662285054
2026-03-08 08:14:54,100.0,96.76375404530745,77.38028590443122
2026-03-08 08:15:09,100.0,96.44012944983818,77.42867518601192
2026-03-08 08:15:24,100.0,96.11650485436894,77.4770644675926
2026-03-08 08:15:39,100.0,95.79288025889967,77.52545374917328
2026-03-08 08:15:54,100.0,95.46925566343042,77.57384303075398
2026-03-08 08:16:09,100.0,95.46925566343042,77.62223231233466
2026-03-08 08:16:24,100.0,95.14563106796116,77.67062159391536
2026-03-08 08:16:39,100.0,95.14563106796116,77.71901087549604
2026-03-08 08:16:54,100.0,95.14563106796116,77.76740015707672
2026-03-08 08:17:09,100.0,95.14563106796116,77.81578943865742
2026-03-08 08:17:24,100.0,95.14563106796116,77.8641787202381
2026-03-08 08:17:39,100.0,95.14563106796116,77.91256800181878
2026-03-08 08:17:54,100.0,95.14563106796116,77.96095728339948
2026-03-08 08:18:09,100.0,94.56869009584665,78.00934656498016
2026-03-08 08:18:24,100.0,94.56869009584665,78.05773584656086
2026-03-08 08:18:39,100.0,94.56869009584665,78.10612512814154
2026-03-08 08:18:54,100.0,94.56869009584665,78.15451440972222
2026-03-08 08:19:09,100.0,94.56869009584665,78.20290369130292
2026-03-08 08:19:24,100.0,94.56869009584665,78.2512929728836
2026-03-08 08:19:39,100.0,94.56869009584665,78.29968225446429
2026-03-08 08:19:54,100.0,94.56869009584665,78.34807153604498
2026-03-08 08:20:09,100.0,94.56869009584665,78.39646081762567
2026-03-08 08:20:24,100.0,94.56869009584665,78.44485009920635
2026-03-08 08:20:39,100.0,94.56869009584665,78.49323938078705
2026-03-08 08:20:54,100.0,94.56869009584665,78.54162866236773
2026-03-08 08:21:09,100.0,94.56869009584665,78.59001794394842
2026-03-08 08:21:24,100.0,94.56869009584665,78.63840722552911
2026-03-08 08:21:39,100.0,94.56869009584665,78.68679650710979
2026-03-08 08:21:54,100.0,94.56869009584665,78.73518578869049
2026-03-08 08:22:09,100.0,94.56869009584665,78.78357507027117
2026-03-08 08:22:24,100.0,94.56869009584665,78.83196435185185
2026-03-08 08:22:39,100.0,94.56869009584665,78.88035363343255
2026-03-08 08:22:54,100.0,94.56869009584665,78.92874291501323
2026-03-08 08:23:09,100.0,94.56869009584665,78.97713219659393
2026-03-08 08:23:24,100.0,94.6372239747634,79.02552147817461
2026-03-08 08:23:39,100.0,94.6372239747634,79.0739107597553
2026-03-08 08:23:54,100.0,94.6372239747634,79.12230004133599
2026-03-08 08:24:09,100.0,94.6372239747634,79.17068932291667
2026-03-08 08:24:24,100.0,94.6372239747634,79.21907860449735
2026-03-08 08:24:39,100.0,94.6372239747634,79.26746788607805
2026-03-08 08:24:54,100.0,94.6372239747634,79.31585716765873
2026-03-08 08:25:09,100.0,94.6372239747634,79.36424644923943
2026-03-08 08:25:24,100.0,94.6372239747634,79.41263573082011
2026-03-08 08:25:39,100.0,94.6372239747634,79.4610250124008
2026-03-08 08:25:54,100.0,94.6372239747634,79.5094142939815
2026-03-08 08:26:09,100.0,94.6372239747634,79.55780357556218
2026-03-08 08:26:24,100.0,94.6372239747634,79.60619285714286
2026-03-08 08:26:39,100.0,94.6372239747634,79.65458213872355
2026-03-08 08:26:54,100.0,94.6372239747634,79.70297142030424
2026-03-08 08:27:09,100.0,94.6372239747634,79.75136070188492
2026-03-08 08:27:24,100.0,94.6372239747634,79.79974998346562
2026-03-08 08:27:39,100.0,94.6372239747634,79.8481392650463
2026-03-08 08:27:54,100.0,94.6372239747634,79.896528546627
2026-03-08 08:28:09,100.0,94.6372239747634,79.94491782820768
2026-03-08 08:28:24,100.0,94.6372239747634,79.99330710978836
2026-03-08 08:28:39,100.0,94.70404984423676,80.04169639136906
2026-03-08 08:28:54,100.0,94.70404984423676,80.09008567294974
2026-03-08 08:29:09,100.0,94.70404984423676,80.13847495453042
2026-03-08 08:29:24,100.0,94.70404984423676,80.18686423611112
2026-03-08 08:29:39,100.0,94.70404984423676,80.2352535176918
2026-03-08 08:29:54,100.0,94.70404984423676,80.2836427992725
2026-03-08 08:30:09,100.0,94.70404984423676,80.33203208085318
2026-03-08 08:30:24,100.0,94.70404984423676,80.38042136243386
2026-03-08 08:30:39,100.0,94.70404984423676,80.42881064401456
2026-03-08 08:30:54,100.0,94.70404984423676,80.47719992559524
2026-03-08 08:31:09,100.0,94.70404984423676,80.52558920717593
2026-03-08 08:31:24,100.0,94.70404984423676,80.57397848875662
2026-03-08 08:31:39,100.0,94.70404984423676,80.6223677703373
2026-03-08 08:31:54,100.0,94.70404984423676,80.670757051918
2026-03-08 08:32:09,100.0,94.70404984423676,80.71914633349868
2026-03-08 08:32:24,100.0,94.70404984423676,80.76753561507937
2026-03-08 08:32:39,100.0,94.70404984423676,80.81592489666006
2026-03-08 08:32:54,100.0,94.70404984423676,80.86431417824075
2026-03-08 08:33:09,100.0,94.70404984423676,80.91270345982143
2026-03-08 08:33:24,100.0,94.70404984423676,80.96109274140213
2026-03-08 08:33:39,100.0,94.76923076923077,81.00948202298281
2026-03-08 08:33:54,100.0,94.76923076923077,81.05787130456349
2026-03-08 08:34:09,100.0,94.76923076923077,81.10626058614419
2026-03-08 08:34:24,100.0,94.76923076923077,81.15464986772487
2026-03-08 08:34:39,100.0,94.76923076923077,81.20303914930557
2026-03-08 08:34:54,100.0,94.76923076923077,81.25142843088625
2026-03-08 08:35:09,100.0,94.76923076923077,81.29981771246693
2026-03-08 08:35:24,100.0,94.76923076923077,81.34820699404763
2026-03-08 08:35:39,100.0,94.76923076923077,81.39659627562831
2026-03-08 08:35:54,100.0,94.76923076923077,81.44498555720901
2026-03-08 08:36:09,100.0,94.76923076923077,81.49337483878969
2026-03-08 08:36:24,100.0,94.76923076923077,81.54176412037037
2026-03-08 08:36:39,100.0,94.76923076923077,81.59015340195107
2026-03-08 08:36:54,100.0,94.76923076923077,81.63854268353175
2026-03-08 08:37:09,100.0,94.76923076923077,81.68693196511244
2026-03-08 08:37:24,100.0,94.76923076923077,81.73532124669313
2026-03-08 08:37:39,100.0,94.76923076923077,81.78371052827382
2026-03-08 08:37:54,100.0,94.76923076923077,81.8320998098545
2026-03-08 08:38:09,100.0,94.76923076923077,81.8804890914352
2026-03-08 08:38:24,100.0,94.76923076923077,81.92887837301588
2026-03-08 08:38:39,100.0,94.76923076923077,81.97726765459657
2026-03-08 08:38:54,100.0,94.83282674772036,82.02565693617726
2026-03-08 08:39:09,100.0,94.83282674772036,82.07404621775794
2026-03-08 08:39:24,100.0,94.83282674772036,82.12243549933864
2026-03-08 08:39:39,100.0,94.83282674772036,82.17082478091932
2026-03-08 08:39:54,100.0,94.83282674772036,82.2192140625
2026-03-08 08:40:09,100.0,94.83282674772036,82.2676033440807
2026-03-08 08:40:24,100.0,94.83282674772036,82.31599262566138
2026-03-08 08:40:39,100.0,94.83282674772036,82.36438190724206
2026-03-08 08:40:54,100.0,94.83282674772036,82.41277118882276
2026-03-08 08:41:09,100.0,94.83282674772036,82.46116047040344
2026-03-08 08:41:24,100.0,94.83282674772036,82.50954975198414
2026-03-08 08:41:39,100.0,94.83282674772036,82.55793903356482
2026-03-08 08:41:54,100.0,94.83282674772036,82.6063283151455
2026-03-08 08:42:09,100.0,94.83282674772036,82.6547175967262
2026-03-08 08:42:24,100.0,94.83282674772036,82.70310687830688
2026-03-08 08:42:39,100.0,94.83282674772036,82.75149615988758
2026-03-08 08:42:54,100.0,94.83282674772036,82.79988544146826
2026-03-08 08:43:09,100.0,94.83282674772036,82.84827472304895
2026-03-08 08:43:24,100.0,94.83282674772036,82.89666400462964
2026-03-08 08:43:39,100.0,94.83282674772036,82.94505328621032
2026-03-08 08:43:54,100.0,94.83282674772036,82.993442567791
2026-03-08 08:44:09,100.0,94.8948948948949,83.0418318493717
2026-03-08 08:44:24,100.0,94.8948948948949,83.09022113095239
2026-03-08 08:44:39,100.0,94.8948948948949,83.13861041253307
2026-03-08 08:44:54,100.0,94.8948948948949,83.18699969411377
2026-03-08 08:45:09,100.0,94.8948948948949,83.23538897569445
2026-03-08 08:45:24,100.0,94.8948948948949,83.28377825727515
2026-03-08 08:45:39,100.0,94.8948948948949,83.33216753885583
2026-03-08 08:45:54,100.0,94.8948948948949,83.38055682043651
2026-03-08 08:46:09,100.0,94.8948948948949,83.4289461020172
2026-03-08 08:46:24,100.0,94.8948948948949,83.47733538359789
2026-03-08 08:46:39,100.0,94.8948948948949,83.52572466517857
2026-03-08 08:46:54,100.0,94.8948948948949,83.57411394675927
2026-03-08 08:47:09,100.0,94.8948948948949,83.62250322833995
2026-03-08 08:47:24,100.0,94.8948948948949,83.67089250992063
2026-03-08 08:47:39,100.0,94.8948948948949,83.71928179150133
2026-03-08 08:47:54,100.0,94.8948948948949,83.76767107308201
2026-03-08 08:48:09,100.0,94.8948948948949,83.81606035466271
2026-03-08 08:48:24,100.0,94.8948948948949,83.86444963624339
2026-03-08 08:48:39,100.0,94.8948948948949,83.91283891782408
2026-03-08 08:48:54,100.0,94.8948948948949,83.96122819940477
2026-03-08 08:49:09,100.0,94.95548961424333,84.00961748098545
2026-03-08 08:49:24,100.0,94.95548961424333,84.05800676256615
2026-03-08 08:49:39,100.0,94.95548961424333,84.10639604414683
2026-03-08 08:49:54,87.5,94.95548961424333,84.15478532572752
2026-03-08 08:50:09,87.5,94.95548961424333,84.20317460730821
2026-03-08 08:50:24,87.5,94.95548961424333,84.2515638888889
2026-03-08 08:50:39,87.5,94.95548961424333,84.29995317046958
2026-03-08 08:50:54,87.5,94.95548961424333,84.34834245205028
2026-03-08 08:51:09,87.5,94.95548961424333,84.39673173363096
2026-03-08 08:51:24,87.5,94.95548961424333,84.44512101521164
2026-03-08 08:51:39,87.5,94.95548961424333,84.49351029679234
2026-03-08 08:51:54,87.5,94.65875370919882,84.54189957837302
2026-03-08 08:52:09,87.5,94.3620178041543,84.59028885995372
2026-03-08 08:52:24,87.5,94.06528189910979,84.6386781415344
2026-03-08 08:52:39,87.5,93.76854599406528,84.68706742311508
2026-03-08 08:52:54,87.5,93.76854599406528,84.73545670469578
2026-03-08 08:53:09,87.5,93.76854599406528,84.78384598627646
2026-03-08 08:53:24,87.5,93.76854599406528,84.83223526785716
2026-03-08 08:53:39,87.5,93.76854599406528,84.88062454943784
2026-03-08 08:53:54,87.5,93.76854599406528,84.92901383101852
2026-03-08 08:54:09,87.5,93.76854599406528,84.9774031125992
2026-03-08 08:54:24,87.5,93.841642228739,85.0257923941799
2026-03-08 08:54:39,87.5,93.841642228739,85.07418167576058
2026-03-08 08:54:54,87.5,93.841642228739,85.12257095734128
2026-03-08 08:55:09,87.5,93.841642228739,85.17096023892196
2026-03-08 08:55:24,87.5,93.841642228739,85.21934952050265
2026-03-08 08:55:39,87.5,93.841642228739,85.26773880208334
2026-03-08 08:55:54,87.5,93.841642228739,85.31612808366403
2026-03-08 08:56:09,87.5,93.841642228739,85.36451736524472
2026-03-08 08:56:24,87.5,93.841642228739,85.4129066468254
2026-03-08 08:56:39,87.5,93.54838709677419,85.46129592840609
2026-03-08 08:56:54,87.5,93.25513196480938,85.50968520998678
2026-03-08 08:57:09,87.5,92.96187683284457,85.55807449156747
2026-03-08 08:57:24,87.5,92.66862170087975,85.60646377314815
2026-03-08 08:57:39,87.5,92.37536656891496,85.65485305472885
2026-03-08 08:57:54,87.5,92.08211143695014,85.70324233630953
2026-03-08 08:58:09,75.0,92.08211143695014,85.75163161789021
2026-03-08 08:58:24,75.0,91.78885630498533,85.80002089947091
2026-03-08 08:58:39,75.0,91.78885630498533,85.84841018105159
2026-03-08 08:58:54,75.0,91.78885630498533,85.89679946263229
2026-03-08 08:59:09,75.0,91.78885630498533,85.94518874421297
2026-03-08 08:59:24,75.0,91.78885630498533,85.99357802579365
2026-03-08 08:59:39,75.0,91.88405797101449,86.04196730737435
2026-03-08 08:59:54,75.0,91.88405797101449,86.09035658895503
2026-03-08 09:00:09,75.0,91.88405797101449,86.13874587053573
2026-03-08 09:00:24,75.0,91.88405797101449,86.18713515211641
2026-03-08 09:00:39,75.0,91.88405797101449,86.2355244336971
2026-03-08 09:00:54,75.0,91.88405797101449,86.28391371527779
2026-03-08 09:01:09,75.0,91.59420289855072,86.33230299685847
2026-03-08 09:01:24,87.5,91.30434782608695,86.38069227843916
2026-03-08 09:01:39,87.5,91.01449275362319,86.42908156001985
2026-03-08 09:01:54,87.5,91.01449275362319,86.47747084160054
2026-03-08 09:02:09,87.5,90.72463768115942,86.52586012318122
2026-03-08 09:02:24,87.5,90.72463768115942,86.57424940476191
2026-03-08 09:02:39,87.5,90.72463768115942,86.6226386863426
2026-03-08 09:02:54,87.5,90.72463768115942,86.6710279679233
2026-03-08 09:03:09,87.5,90.72463768115942,86.71941724950398
2026-03-08 09:03:24,87.5,90.72463768115942,86.76780653108466
2026-03-08 09:03:39,87.5,90.72463768115942,86.81619581266536
2026-03-08 09:03:54,87.5,90.72463768115942,86.86458509424604
2026-03-08 09:04:09,87.5,90.72463768115942,86.91297437582672
2026-03-08 09:04:24,87.5,90.72463768115942,86.96136365740742
2026-03-08 09:04:39,87.5,90.83094555873924,87.0097529389881
2026-03-08 09:04:54,87.5,90.83094555873924,87.05814222056878
2026-03-08 09:05:09,87.5,90.83094555873924,87.10653150214948
2026-03-08 09:05:24,87.5,90.83094555873924,87.15492078373016
2026-03-08 09:05:39,87.5,90.83094555873924,87.20331006531086
2026-03-08 09:05:54,87.5,90.83094555873924,87.25169934689154
2026-03-08 09:06:09,87.5,90.83094555873924,87.30008862847222
2026-03-08 09:06:24,87.5,90.83094555873924,87.34847791005292
2026-03-08 09:06:39,87.5,90.83094555873924,87.3968671916336
2026-03-08 09:06:54,87.5,90.83094555873924,87.4452564732143
2026-03-08 09:07:09,87.5,90.83094555873924,87.49364575479498
2026-03-08 09:07:24,87.5,90.83094555873924,87.54203503637567
2026-03-08 09:07:39,87.5,90.83094555873924,87.59042431795636
2026-03-08 09:07:54,87.5,90.83094555873924,87.63881359953704
2026-03-08 09:08:09,87.5,90.83094555873924,87.68720288111773
2026-03-08 09:08:24,87.5,90.83094555873924,87.73559216269842
2026-03-08 09:08:39,87.5,90.83094555873924,87.7839814442791
2026-03-08 09:08:54,87.5,90.83094555873924,87.83237072585979
2026-03-08 09:09:09,87.5,90.83094555873924,87.88076000744049
2026-03-08 09:09:24,87.5,90.83094555873924,87.92914928902117
2026-03-08 09:09:39,87.5,90.83094555873924,87.97753857060187
2026-03-08 09:09:54,87.5,90.93484419263456,88.02592785218255
2026-03-08 09:10:09,87.5,90.93484419263456,88.07431713376323
2026-03-08 09:10:24,87.5,90.93484419263456,88.12270641534393
2026-03-08 09:10:39,87.5,90.93484419263456,88.17109569692461
2026-03-08 09:10:54,87.5,90.93484419263456,88.21948497850529
2026-03-08 09:11:09,87.5,90.93484419263456,88.26787426008599
2026-03-08 09:11:24,87.5,90.93484419263456,88.31626354166667
2026-03-08 09:11:39,87.5,90.93484419263456,88.36465282324735
2026-03-08 09:11:54,87.5,90.93484419263456,88.41304210482805
2026-03-08 09:12:09,87.5,90.93484419263456,88.46143138640873
2026-03-08 09:12:24,87.5,90.93484419263456,88.50982066798943
2026-03-08 09:12:39,87.5,90.93484419263456,88.55820994957011
2026-03-08 09:12:54,87.5,90.93484419263456,88.6065992311508
2026-03-08 09:13:09,87.5,90.93484419263456,88.65498851273149
2026-03-08 09:13:24,87.5,90.93484419263456,88.70337779431217
2026-03-08 09:13:39,87.5,90.93484419263456,88.75176707589287
2026-03-08 09:13:54,87.5,90.93484419263456,88.80015635747355
2026-03-08 09:14:09,87.5,90.93484419263456,88.84854563905424
2026-03-08 09:14:24,87.5,90.93484419263456,88.89693492063493
2026-03-08 09:14:39,87.5,90.93484419263456,88.94532420221562
2026-03-08 09:14:54,87.5,90.93484419263456,88.9937134837963
2026-03-08 09:15:09,87.5,91.03641456582633,89.042102765377
2026-03-08 09:15:24,87.5,91.03641456582633,89.09049204695768
2026-03-08 09:15:39,87.5,91.03641456582633,89.13888132853836
2026-03-08 09:15:54,87.5,91.03641456582633,89.18727061011906
2026-03-08 09:16:09,87.5,91.03641456582633,89.23565989169974
2026-03-08 09:16:24,87.5,91.03641456582633,89.28404917328044
2026-03-08 09:16:39,87.5,91.03641456582633,89.33243845486112
2026-03-08 09:16:54,87.5,91.03641456582633,89.3808277364418
2026-03-08 09:17:09,87.5,91.03641456582633,89.4292170180225
2026-03-08 09:17:24,87.5,91.03641456582633,89.47760629960318
2026-03-08 09:17:39,87.5,91.03641456582633,89.52599558118386
2026-03-08 09:17:54,87.5,91.03641456582633,89.57438486276456
2026-03-08 09:18:09,87.5,91.03641456582633,89.62277414434524
2026-03-08 09:18:24,87.5,91.03641456582633,89.67116342592593
2026-03-08 09:18:39,87.5,91.03641456582633,89.71955270750662
2026-03-08 09:18:54,87.5,91.03641456582633,89.7679419890873
2026-03-08 09:19:09,87.5,91.03641456582633,89.816331270668
2026-03-08 09:19:24,87.5,91.03641456582633,89.86472055224868
2026-03-08 09:19:39,87.5,91.03641456582633,89.91310983382937
2026-03-08 09:19:54,87.5,91.03641456582633,89.96149911541006
2026-03-08 09:20:09,87.5,91.13573407202216,90.00988839699075
2026-03-08 09:20:24,87.5,91.13573407202216,90.05827767857144
2026-03-08 09:20:39,87.5,91.13573407202216,90.10666696015213
2026-03-08 09:20:54,87.5,91.13573407202216,90.15505624173281
2026-03-08 09:21:09,87.5,91.13573407202216,90.2034455233135
2026-03-08 09:21:24,87.5,91.13573407202216,90.25183480489419
2026-03-08 09:21:39,87.5,91.13573407202216,90.30022408647487
2026-03-08 09:21:54,87.5,91.13573407202216,90.34861336805557
2026-03-08 09:22:09,87.5,91.13573407202216,90.39700264963625
2026-03-08 09:22:24,87.5,91.13573407202216,90.44539193121693
2026-03-08 09:22:39,87.5,91.13573407202216,90.49378121279763
2026-03-08 09:22:54,87.5,91.13573407202216,90.54217049437831
2026-03-08 09:23:09,87.5,91.13573407202216,90.59055977595901
2026-03-08 09:23:24,87.5,91.13573407202216,90.63894905753969
2026-03-08 09:23:39,87.5,91.13573407202216,90.68733833912037
2026-03-08 09:23:54,87.5,91.13573407202216,90.73572762070107
2026-03-08 09:24:09,87.5,91.13573407202216,90.78411690228175
2026-03-08 09:24:24,87.5,91.13573407202216,90.83250618386245
2026-03-08 09:24:39,87.5,91.13573407202216,90.88089546544313
2026-03-08 09:24:54,87.5,91.13573407202216,90.92928474702381
2026-03-08 09:25:09,87.5,91.13573407202216,90.9776740286045
2026-03-08 09:25:24,87.5,91.23287671232877,91.0260633101852
2026-03-08 09:25:39,87.5,91.23287671232877,91.07445259176588
2026-03-08 09:25:54,87.5,91.23287671232877,91.12284187334657
2026-03-08 09:26:09,87.5,91.23287671232877,91.17123115492726
2026-03-08 09:26:24,87.5,91.23287671232877,91.21962043650794
2026-03-08 09:26:39,87.5,91.23287671232877,91.26800971808863
2026-03-08 09:26:54,87.5,91.23287671232877,91.31639899966932
2026-03-08 09:27:09,87.5,91.23287671232877,91.36478828125001
2026-03-08 09:27:24,87.5,91.23287671232877,91.4131775628307
2026-03-08 09:27:39,87.5,91.23287671232877,91.46156684441138
2026-03-08 09:27:54,87.5,91.23287671232877,91.50995612599208
2026-03-08 09:28:09,87.5,91.23287671232877,91.55834540757276
2026-03-08 09:28:24,87.5,91.23287671232877,91.60673468915346
2026-03-08 09:28:39,87.5,91.5068493150685,91.65512397073414
2026-03-08 09:28:54,87.5,91.5068493150685,91.70351325231482
2026-03-08 09:29:09,87.5,91.5068493150685,91.7519025338955
2026-03-08 09:29:24,87.5,91.5068493150685,91.8002918154762
2026-03-08 09:29:39,87.5,91.5068493150685,91.84868109705688
2026-03-08 09:29:54,87.5,91.5068493150685,91.89707037863758
2026-03-08 09:30:09,87.5,91.5068493150685,91.94545966021826
2026-03-08 09:30:24,87.5,91.5068493150685,91.99384894179894
2026-03-08 09:30:39,87.5,91.59891598915989,92.04223822337964
2026-03-08 09:30:54,87.5,91.59891598915989,92.09062750496032
2026-03-08 09:31:09,87.5,91.59891598915989,92.13901678654102
2026-03-08 09:31:24,87.5,91.59891598915989,92.1874060681217
2026-03-08 09:31:39,87.5,91.59891598915989,92.23579534970239
2026-03-08 09:31:54,87.5,91.59891598915989,92.28418463128307
2026-03-08 09:32:09,87.5,91.59891598915989,92.33257391286377
2026-03-08 09:32:24,87.5,91.59891598915989,92.38096319444445
2026-03-08 09:32:39,87.5,91.59891598915989,92.42935247602514
2026-03-08 09:32:54,87.5,91.59891598915989,92.47774175760583
2026-03-08 09:33:09,87.5,91.59891598915989,92.52613103918651
2026-03-08 09:33:24,87.5,91.59891598915989,92.5745203207672
2026-03-08 09:33:39,87.5,91.869918699187,92.62290960234789
2026-03-08 09:33:54,87.5,92.14092140921409,92.67129888392859
2026-03-08 09:34:09,87.5,92.14092140921409,92.71968816550927
2026-03-08 09:34:24,87.5,92.41192411924119,92.76807744708995
2026-03-08 09:34:39,87.5,92.6829268292683,92.81646672867065
2026-03-08 09:34:54,87.5,92.6829268292683,92.86485601025133
2026-03-08 09:35:09,87.5,92.6829268292683,92.91324529183203
2026-03-08 09:35:24,87.5,92.6829268292683,92.96163457341271
2026-03-08 09:35:39,87.5,92.76139410187668,93.01002385499339
2026-03-08 09:35:54,87.5,92.76139410187668,93.05841313657407
2026-03-08 09:36:09,87.5,92.76139410187668,93.10680241815477
2026-03-08 09:36:24,87.5,92.76139410187668,93.15519169973545
2026-03-08 09:36:39,87.5,92.76139410187668,93.20358098131615
2026-03-08 09:36:54,87.5,92.76139410187668,93.25197026289683
2026-03-08 09:37:09,87.5,92.76139410187668,93.30035954447752
2026-03-08 09:37:24,87.5,92.76139410187668,93.34874882605821
2026-03-08 09:37:39,87.5,92.76139410187668,93.3971381076389
2026-03-08 09:37:54,87.5,92.76139410187668,93.44552738921959
2026-03-08 09:38:09,87.5,92.76139410187668,93.49391667080027
2026-03-08 09:38:24,87.5,92.76139410187668,93.54230595238096
2026-03-08 09:38:39,87.5,93.02949061662198,93.59069523396164
2026-03-08 09:38:54,87.5,93.02949061662198,93.63908451554234
2026-03-08 09:39:09,87.5,93.2975871313673,93.68747379712302
2026-03-08 09:39:24,87.5,93.2975871313673,93.73586307870372
2026-03-08 09:39:39,87.5,93.5656836461126,93.7842523602844
2026-03-08 09:39:54,87.5,93.8337801608579,93.83264164186508
2026-03-08 09:40:09,87.5,94.10187667560321,93.88103092344578
2026-03-08 09:40:24,87.5,94.36997319034852,93.92942020502646
2026-03-08 09:40:39,87.5,94.63806970509383,93.97780948660716
2026-03-08 09:40:54,87.5,94.42970822281167,94.02619876818784
2026-03-08 09:41:09,87.5,94.6949602122016,94.07458804976852
2026-03-08 09:41:24,87.5,94.9602122015915,94.12297733134922
2026-03-08 09:41:39,87.5,95.22546419098144,94.1713666129299
2026-03-08 09:41:54,87.5,95.22546419098144,94.2197558945106
2026-03-08 09:42:09,87.5,95.49071618037135,94.26814517609128
2026-03-08 09:42:24,87.5,95.49071618037135,94.31653445767196
2026-03-08 09:42:39,87.5,95.49071618037135,94.36492373925265
2026-03-08 09:42:54,87.5,95.49071618037135,94.41331302083334
2026-03-08 09:43:09,87.5,95.49071618037135,94.46170230241403
2026-03-08 09:43:24,87.5,95.49071618037135,94.51009158399472
2026-03-08 09:43:39,87.5,95.49071618037135,94.5584808655754
2026-03-08 09:43:54,87.5,95.75596816976127,94.60687014715609
2026-03-08 09:44:09,87.5,95.75596816976127,94.65525942873678
2026-03-08 09:44:24,87.5,96.02122015915118,94.70364871031747
2026-03-08 09:44:39,87.5,96.02122015915118,94.75203799189816
2026-03-08 09:44:54,87.5,96.02122015915118,94.80042727347885
2026-03-08 09:45:09,87.5,96.02122015915118,94.84881655505953
2026-03-08 09:45:24,87.5,96.02122015915118,94.89720583664021
2026-03-08 09:45:39,87.5,96.02122015915118,94.94559511822091
2026-03-08 09:45:54,87.5,96.02122015915118,94.99398439980159
2026-03-08 09:46:09,87.5,96.06299212598425,95.04237368138229
2026-03-08 09:46:24,87.5,96.06299212598425,95.09076296296297
2026-03-08 09:46:39,87.5,96.06299212598425,95.13915224454365
2026-03-08 09:46:54,87.5,96.06299212598425,95.18754152612435
2026-03-08 09:47:09,87.5,96.06299212598425,95.23593080770503
2026-03-08 09:47:24,87.5,96.06299212598425,95.28432008928573
2026-03-08 09:47:39,87.5,96.06299212598425,95.33270937086641
2026-03-08 09:47:54,87.5,96.06299212598425,95.3810986524471
2026-03-08 09:48:09,87.5,96.06299212598425,95.42948793402779
2026-03-08 09:48:24,87.5,96.06299212598425,95.47787721560847
2026-03-08 09:48:39,87.5,96.06299212598425,95.52626649718917
2026-03-08 09:48:54,87.5,96.06299212598425,95.57465577876985
2026-03-08 09:49:09,87.5,96.06299212598425,95.62304506035053
2026-03-08 09:49:24,87.5,96.06299212598425,95.67143434193122
2026-03-08 09:49:39,87.5,96.06299212598425,95.71982362351191
2026-03-08 09:49:54,87.5,96.06299212598425,95.7682129050926
2026-03-08 09:50:09,87.5,96.06299212598425,95.8166021866733
2026-03-08 09:50:24,87.5,96.06299212598425,95.86499146825398
2026-03-08 09:50:39,87.5,96.06299212598425,95.91338074983466
2026-03-08 09:50:54,87.5,96.06299212598425,95.96177003141536
2026-03-08 09:51:09,87.5,96.1038961038961,96.01015931299604
2026-03-08 09:51:24,87.5,96.1038961038961,96.05854859457673
2026-03-08 09:51:39,87.5,96.1038961038961,96.10693787615742
2026-03-08 09:51:54,87.5,96.1038961038961,96.1553271577381
2026-03-08 09:52:09,87.5,96.1038961038961,96.20371643931878
2026-03-08 09:52:24,87.5,96.1038961038961,96.25210572089948
2026-03-08 09:52:39,87.5,96.1038961038961,96.30049500248016
2026-03-08 09:52:54,87.5,96.1038961038961,96.34888428406086
2026-03-08 09:53:09,87.5,95.84415584415584,96.39727356564154
2026-03-08 09:53:24,87.5,95.84415584415584,96.44566284722222
2026-03-08 09:53:39,87.5,95.84415584415584,96.49405212880292
2026-03-08 09:53:54,87.5,95.84415584415584,96.5424414103836
2026-03-08 09:54:09,87.5,95.84415584415584,96.5908306919643
2026-03-08 09:54:24,87.5,95.84415584415584,96.63921997354498
2026-03-08 09:54:39,87.5,95.84415584415584,96.68760925512566
2026-03-08 09:54:54,87.5,95.84415584415584,96.73599853670636
2026-03-08 09:55:09,87.5,95.84415584415584,96.78438781828704
2026-03-08 09:55:24,87.5,95.58441558441558,96.83277709986774
2026-03-08 09:55:39,87.5,95.32467532467533,96.88116638144842
2026-03-08 09:55:54,87.5,95.06493506493506,96.9295556630291
2026-03-08 09:56:09,87.5,94.8051948051948,96.97794494460979
2026-03-08 09:56:24,87.5,94.08740359897172,97.02633422619049
2026-03-08 09:56:39,87.5,93.83033419023135,97.07472350777117
2026-03-08 09:56:54,87.5,93.573264781491,97.12311278935186
2026-03-08 09:57:09,87.5,93.31619537275064,97.17150207093255
2026-03-08 09:57:24,87.5,93.05912596401028,97.21989135251323
2026-03-08 09:57:39,87.5,92.80205655526991,97.26828063409393
2026-03-08 09:57:54,87.5,92.54498714652956,97.31666991567461
2026-03-08 09:58:09,87.5,92.2879177377892,97.3650591972553
2026-03-08 09:58:24,87.5,92.03084832904884,97.41344847883599
2026-03-08 09:58:39,87.5,91.77377892030847,97.46183776041667
2026-03-08 09:58:54,87.5,91.51670951156812,97.51022704199737
2026-03-08 09:59:09,87.5,91.25964010282776,97.55861632357805
2026-03-08 09:59:24,87.5,91.00257069408741,97.60700560515875
2026-03-08 09:59:39,87.5,90.74550128534705,97.65539488673943
2026-03-08 09:59:54,87.5,90.48843187660668,97.70378416832011
2026-03-08 10:00:09,87.5,90.23136246786633,97.71323259885322
2026-03-08 10:00:24,87.5,89.97429305912597,97.69672046202128
2026-03-08 10:00:39,87.5,89.7172236503856,97.68020832518933
2026-03-08 10:00:54,87.5,89.7172236503856,97.66369618835739
2026-03-08 10:01:09,87.5,89.7172236503856,97.64718405152544
2026-03-08 10:01:24,87.5,89.7172236503856,97.6306719146935
2026-03-08 10:01:39,87.5,89.7172236503856,97.61415977786154
2026-03-08 10:01:54,87.5,89.7172236503856,97.59764764102961
2026-03-08 10:02:09,87.5,89.7172236503856,97.58113550419766
2026-03-08 10:02:24,87.5,89.7172236503856,97.56462336736571
2026-03-08 10:02:39,87.5,89.7172236503856,97.54811123053378
2026-03-08 10:02:54,87.5,89.7172236503856,97.53159909370183
2026-03-08 10:03:09,87.5,89.7172236503856,97.51508695686988
2026-03-08 10:03:24,87.5,89.7172236503856,97.49857482003793
2026-03-08 10:03:39,87.5,89.7172236503856,97.482062683206
2026-03-08 10:03:54,87.5,89.7172236503856,97.46555054637405
2026-03-08 10:04:09,87.5,89.7172236503856,97.4490384095421
2026-03-08 10:04:24,87.5,89.7172236503856,97.43252627271016
2026-03-08 10:04:39,87.5,89.7172236503856,97.41601413587821
2026-03-08 10:04:54,87.5,89.7172236503856,97.39950199904627
2026-03-08 10:05:09,87.5,89.7172236503856,97.38298986221432
2026-03-08 10:05:24,87.5,89.7172236503856,97.36647772538238
2026-03-08 10:05:39,87.5,89.7172236503856,97.34996558855043
2026-03-08 10:05:54,87.5,89.7172236503856,97.33345345171848
2026-03-08 10:06:09,87.5,89.7172236503856,97.31694131488655
2026-03-08 10:06:24,87.5,89.7172236503856,97.3004291780546
2026-03-08 10:06:39,87.5,89.7172236503856,97.28391704122265
2026-03-08 10:06:54,87.5,89.7172236503856,97.2674049043907
2026-03-08 10:07:09,87.5,89.7172236503856,97.25089276755877
2026-03-08 10:07:24,87.5,89.7172236503856,97.23438063072682
2026-03-08 10:07:39,87.5,89.7172236503856,97.21786849389487
2026-03-08 10:07:54,87.5,89.7172236503856,97.20135635706293
2026-03-08 10:08:09,87.5,89.7172236503856,97.18484422023099
2026-03-08 10:08:24,87.5,89.7172236503856,97.16833208339904
2026-03-08 10:08:39,87.5,89.7172236503856,97.15181994656709
2026-03-08 10:08:54,87.5,89.7172236503856,97.13530780973515
2026-03-08 10:09:09,87.5,89.7172236503856,97.1187956729032
2026-03-08 10:09:24,87.5,89.7172236503856,97.10228353607125
2026-03-08 10:09:39,87.5,89.7172236503856,97.08577139923932
2026-03-08 10:09:54,87.5,89.7172236503856,97.06925926240737
2026-03-08 10:10:09,87.5,89.7172236503856,97.05274712557542
2026-03-08 10:10:24,87.5,89.7172236503856,97.03623498874347
2026-03-08 10:10:39,87.5,89.7172236503856,97.01972285191154
2026-03-08 10:10:54,87.5,89.7172236503856,97.00321071507959
2026-03-08 10:11:09,87.5,89.6103896103896,96.98669857824764
2026-03-08 10:11:24,87.5,89.6103896103896,96.9701864414157
2026-03-08 10:11:39,87.5,89.6103896103896,96.95367430458376
2026-03-08 10:11:54,87.5,89.6103896103896,96.93716216775181
2026-03-08 10:12:09,87.5,89.6103896103896,96.92065003091986
2026-03-08 10:12:24,87.5,89.6103896103896,96.90413789408792
2026-03-08 10:12:39,87.5,89.6103896103896,96.88762575725598
2026-03-08 10:12:54,87.5,89.6103896103896,96.87111362042403
2026-03-08 10:13:09,87.5,89.6103896103896,96.85460148359209
2026-03-08 10:13:24,87.5,89.6103896103896,96.83808934676014
2026-03-08 10:13:39,87.5,89.6103896103896,96.8215772099282
2026-03-08 10:13:54,87.5,89.6103896103896,96.80506507309624
2026-03-08 10:14:09,87.5,89.6103896103896,96.78855293626431
2026-03-08 10:14:24,87.5,89.6103896103896,96.77204079943236
2026-03-08 10:14:39,87.5,89.6103896103896,96.75552866260041
2026-03-08 10:14:54,87.5,89.6103896103896,96.73901652576848
2026-03-08 10:15:09,87.5,89.6103896103896,96.72250438893653
2026-03-08 10:15:24,87.5,89.6103896103896,96.70599225210458
2026-03-08 10:15:39,87.5,89.6103896103896,96.68948011527263
2026-03-08 10:15:54,87.5,89.6103896103896,96.6729679784407
2026-03-08 10:16:09,87.5,89.6103896103896,96.65645584160875
2026-03-08 10:16:24,87.5,89.6103896103896,96.6399437047768
2026-03-08 10:16:39,87.5,89.6103896103896,96.62343156794486
2026-03-08 10:16:54,87.5,89.6103896103896,96.60691943111291
2026-03-08 10:17:09,87.5,89.6103896103896,96.59040729428096
2026-03-08 10:17:24,87.5,89.6103896103896,96.57389515744902
2026-03-08 10:17:39,87.5,89.6103896103896,96.55738302061708
2026-03-08 10:17:54,87.5,89.6103896103896,96.54087088378513
2026-03-08 10:18:09,87.5,89.6103896103896,96.52435874695318
2026-03-08 10:18:24,87.5,89.6103896103896,96.50784661012125
2026-03-08 10:18:39,87.5,89.6103896103896,96.4913344732893
2026-03-08 10:18:54,87.5,89.6103896103896,96.47482233645735
2026-03-08 10:19:09,87.5,89.6103896103896,96.4583101996254
2026-03-08 10:19:24,87.5,89.6103896103896,96.44179806279347
2026-03-08 10:19:39,87.5,89.6103896103896,96.42528592596152
2026-03-08 10:19:54,87.5,89.6103896103896,96.40877378912957
2026-03-08 10:20:09,87.5,89.6103896103896,96.39226165229763
2026-03-08 10:20:24,87.5,89.6103896103896,96.37574951546569
2026-03-08 10:20:39,87.5,89.6103896103896,96.35923737863374
2026-03-08 10:20:54,87.5,89.6103896103896,96.34272524180179
2026-03-08 10:21:09,87.5,89.6103896103896,96.32621310496985
2026-03-08 10:21:24,87.5,89.6103896103896,96.3097009681379
2026-03-08 10:21:39,87.5,89.6103896103896,96.29318883130595
2026-03-08 10:21:54,87.5,89.6103896103896,96.27667669447402
2026-03-08 10:22:09,87.5,89.87012987012987,96.26016455764207
2026-03-08 10:22:24,87.5,89.87012987012987,96.24365242081012
2026-03-08 10:22:39,87.5,89.87012987012987,96.22714028397817
2026-03-08 10:22:54,87.5,90.12987012987013,96.21062814714624
2026-03-08 10:23:09,87.5,90.12987012987013,96.19411601031429
2026-03-08 10:23:24,87.5,90.12987012987013,96.17760387348234
2026-03-08 10:23:39,87.5,90.12987012987013,96.1610917366504
2026-03-08 10:23:54,87.5,90.12987012987013,96.14457959981846
2026-03-08 10:24:09,87.5,90.12987012987013,96.12806746298651
2026-03-08 10:24:24,87.5,90.12987012987013,96.11155532615456
2026-03-08 10:24:39,87.5,90.12987012987013,96.09504318932262
2026-03-08 10:24:54,87.5,90.12987012987013,96.07853105249067
2026-03-08 10:25:09,87.5,90.12987012987013,96.06201891565873
2026-03-08 10:25:24,87.5,90.12987012987013,96.04550677882679
2026-03-08 10:25:39,87.5,90.12987012987013,96.02899464199484
2026-03-08 10:25:54,87.5,90.12987012987013,96.0124825051629
2026-03-08 10:26:09,87.5,90.02624671916011,95.99597036833094
2026-03-08 10:26:24,87.5,90.02624671916011,95.97945823149901
2026-03-08 10:26:39,87.5,90.02624671916011,95.96294609466706
2026-03-08 10:26:54,87.5,90.28871391076116,95.94643395783511
2026-03-08 10:27:09,87.5,90.5511811023622,95.92992182100318
2026-03-08 10:27:24,87.5,90.81364829396325,95.91340968417123
2026-03-08 10:27:39,87.5,91.0761154855643,95.89689754733928
2026-03-08 10:27:54,87.5,91.33858267716536,95.88038541050733
2026-03-08 10:28:09,87.5,91.60104986876641,95.8638732736754
2026-03-08 10:28:24,87.5,91.60104986876641,95.84736113684345
2026-03-08 10:28:39,87.5,91.86351706036746,95.8308490000115
2026-03-08 10:28:54,87.5,91.86351706036746,95.81433686317956
2026-03-08 10:29:09,87.5,91.86351706036746,95.79782472634761
2026-03-08 10:29:24,87.5,91.86351706036746,95.78131258951566
2026-03-08 10:29:39,87.5,91.86351706036746,95.76480045268372
2026-03-08 10:29:54,87.5,91.86351706036746,95.74828831585178
2026-03-08 10:30:09,87.5,91.86351706036746,95.73177617901983
2026-03-08 10:30:24,87.5,91.86351706036746,95.71526404218788
2026-03-08 10:30:39,87.5,91.86351706036746,95.69875190535595
2026-03-08 10:30:54,87.5,91.86351706036746,95.682239768524
2026-03-08 10:31:09,87.5,91.86351706036746,95.66572763169205
2026-03-08 10:31:24,87.5,91.86351706036746,95.6492154948601
2026-03-08 10:31:39,87.5,91.86351706036746,95.63270335802817
2026-03-08 10:31:54,87.5,92.1259842519685,95.61619122119622
2026-03-08 10:32:09,87.5,92.38845144356955,95.59967908436427
2026-03-08 10:32:24,87.5,92.6509186351706,95.58316694753233
2026-03-08 10:32:39,87.5,92.6509186351706,95.56665481070038
2026-03-08 10:32:54,87.5,92.91338582677166,95.55014267386844
2026-03-08 10:33:09,87.5,92.91338582677166,95.53363053703649
2026-03-08 10:33:24,87.5,92.91338582677166,95.51711840020455
2026-03-08 10:33:39,87.5,92.91338582677166,95.5006062633726
2026-03-08 10:33:54,87.5,92.91338582677166,95.48409412654065
2026-03-08 10:34:09,87.5,92.91338582677166,95.46758198970872
2026-03-08 10:34:24,87.5,92.91338582677166,95.45106985287677
2026-03-08 10:34:39,87.5,92.91338582677166,95.43455771604482
2026-03-08 10:34:54,87.5,92.91338582677166,95.41804557921287
2026-03-08 10:35:09,87.5,92.91338582677166,95.40153344238094
2026-03-08 10:35:24,87.5,92.91338582677166,95.38502130554899
2026-03-08 10:35:39,87.5,92.91338582677166,95.36850916871704
2026-03-08 10:35:54,87.5,92.91338582677166,95.3519970318851
2026-03-08 10:36:09,87.5,92.91338582677166,95.33548489505316
2026-03-08 10:36:24,87.5,92.91338582677166,95.31897275822121
2026-03-08 10:36:39,87.5,92.91338582677166,95.30246062138926
2026-03-08 10:36:54,87.5,92.91338582677166,95.28594848455732
2026-03-08 10:37:09,87.5,92.91338582677166,95.26943634772537
2026-03-08 10:37:24,87.5,92.91338582677166,95.25292421089343
2026-03-08 10:37:39,87.5,92.91338582677166,95.23641207406149
2026-03-08 10:37:54,87.5,92.91338582677166,95.21989993722954
2026-03-08 10:38:09,87.5,92.91338582677166,95.20338780039759
2026-03-08 10:38:24,87.5,92.91338582677166,95.18687566356564
2026-03-08 10:38:39,87.5,92.91338582677166,95.17036352673371
2026-03-08 10:38:54,87.5,92.91338582677166,95.15385138990176
2026-03-08 10:39:09,87.5,92.91338582677166,95.13733925306981
2026-03-08 10:39:24,87.5,92.91338582677166,95.12082711623788
2026-03-08 10:39:39,87.5,92.91338582677166,95.10431497940593
2026-03-08 10:39:54,87.5,92.91338582677166,95.08780284257398
2026-03-08 10:40:09,87.5,92.91338582677166,95.07129070574203
2026-03-08 10:40:24,87.5,92.91338582677166,95.0547785689101
2026-03-08 10:40:39,87.5,92.91338582677166,95.03826643207815
2026-03-08 10:40:54,87.5,92.91338582677166,95.0217542952462
2026-03-08 10:41:09,87.5,92.91338582677166,95.00524215841426
2026-03-08 10:41:24,87.5,92.83819628647215,94.98873002158231
2026-03-08 10:41:39,87.5,92.83819628647215,94.97221788475036
2026-03-08 10:41:54,87.5,92.83819628647215,94.95570574791842
2026-03-08 10:42:09,87.5,92.83819628647215,94.93919361108648
2026-03-08 10:42:24,87.5,92.83819628647215,94.92268147425453
2026-03-08 10:42:39,87.5,92.83819628647215,94.90616933742258
2026-03-08 10:42:54,87.5,92.83819628647215,94.88965720059065
2026-03-08 10:43:09,87.5,92.83819628647215,94.8731450637587
2026-03-08 10:43:24,87.5,92.83819628647215,94.85663292692675
2026-03-08 10:43:39,87.5,92.83819628647215,94.8401207900948
2026-03-08 10:43:54,87.5,92.83819628647215,94.82360865326287
2026-03-08 10:44:09,87.5,92.83819628647215,94.80709651643092
2026-03-08 10:44:24,87.5,92.83819628647215,94.79058437959897
2026-03-08 10:44:39,87.5,92.83819628647215,94.77407224276703
2026-03-08 10:44:54,87.5,92.83819628647215,94.75756010593508
2026-03-08 10:45:09,87.5,92.83819628647215,94.74104796910314
2026-03-08 10:45:24,87.5,92.83819628647215,94.72453583227119
2026-03-08 10:45:39,87.5,92.83819628647215,94.70802369543925
2026-03-08 10:45:54,87.5,92.83819628647215,94.6915115586073
2026-03-08 10:46:09,87.5,92.83819628647215,94.67499942177535
2026-03-08 10:46:24,87.5,92.83819628647215,94.65848728494342
2026-03-08 10:46:39,87.5,92.83819628647215,94.64197514811147
2026-03-08 10:46:54,87.5,92.83819628647215,94.62546301127952
2026-03-08 10:47:09,87.5,92.83819628647215,94.60895087444757
2026-03-08 10:47:24,87.5,92.83819628647215,94.59243873761564
2026-03-08 10:47:39,87.5,92.83819628647215,94.57592660078369
2026-03-08 10:47:54,87.5,92.83819628647215,94.55941446395174
2026-03-08 10:48:09,87.5,92.83819628647215,94.5429023271198
2026-03-08 10:48:24,87.5,92.83819628647215,94.52639019028786
2026-03-08 10:48:39,87.5,92.83819628647215,94.5098780534559
2026-03-08 10:48:54,87.5,92.83819628647215,94.49336591662396
2026-03-08 10:49:09,87.5,92.83819628647215,94.47685377979202
2026-03-08 10:49:24,87.5,92.83819628647215,94.46034164296007
2026-03-08 10:49:39,87.5,92.83819628647215,94.44382950612813
2026-03-08 10:49:54,87.5,92.83819628647215,94.42731736929619
2026-03-08 10:50:09,87.5,92.83819628647215,94.41080523246424
2026-03-08 10:50:24,87.5,92.83819628647215,94.39429309563229
2026-03-08 10:50:39,87.5,92.83819628647215,94.37778095880034
2026-03-08 10:50:54,87.5,92.83819628647215,94.36126882196841
2026-03-08 10:51:09,87.5,92.83819628647215,94.34475668513646
2026-03-08 10:51:24,87.5,92.83819628647215,94.32824454830451
2026-03-08 10:51:39,87.5,92.83819628647215,94.31173241147258
2026-03-08 10:51:54,87.5,92.83819628647215,94.29522027464063
2026-03-08 10:52:09,87.5,92.83819628647215,94.27870813780868
2026-03-08 10:52:24,87.5,92.83819628647215,94.26219600097673
2026-03-08 10:52:39,87.5,92.83819628647215,94.2456838641448
2026-03-08 10:52:54,87.5,92.83819628647215,94.22917172731285
2026-03-08 10:53:09,87.5,92.83819628647215,94.2126595904809
2026-03-08 10:53:24,87.5,92.83819628647215,94.19614745364896
2026-03-08 10:53:39,87.5,92.83819628647215,94.17963531681701
2026-03-08 10:53:54,87.5,92.83819628647215,94.16312317998506
2026-03-08 10:54:09,87.5,92.83819628647215,94.14661104315311
2026-03-08 10:54:24,87.5,92.83819628647215,94.13009890632118
2026-03-08 10:54:39,87.5,92.83819628647215,94.11358676948923
2026-03-08 10:54:54,87.5,92.83819628647215,94.09707463265728
2026-03-08 10:55:09,87.5,92.83819628647215,94.08056249582535
2026-03-08 10:55:24,87.5,92.83819628647215,94.0640503589934
2026-03-08 10:55:39,87.5,92.83819628647215,94.04753822216145
2026-03-08 10:55:54,87.5,92.83819628647215,94.0310260853295
2026-03-08 10:56:09,87.5,92.83819628647215,94.01451394849757
2026-03-08 10:56:24,87.5,92.76139410187668,93.99800181166562
2026-03-08 10:56:39,87.5,92.76139410187668,93.98148967483367
2026-03-08 10:56:54,87.5,92.76139410187668,93.96497753800173
2026-03-08 10:57:09,87.5,92.76139410187668,93.94846540116978
2026-03-08 10:57:24,87.5,92.76139410187668,93.93195326433784
2026-03-08 10:57:39,87.5,92.76139410187668,93.91544112750589
2026-03-08 10:57:54,87.5,92.76139410187668,93.89892899067395
2026-03-08 10:58:09,87.5,92.76139410187668,93.882416853842
2026-03-08 10:58:24,87.5,92.76139410187668,93.86590471701005
2026-03-08 10:58:39,87.5,92.76139410187668,93.84939258017812
2026-03-08 10:58:54,87.5,92.76139410187668,93.83288044334617
2026-03-08 10:59:09,87.5,92.76139410187668,93.81636830651422
2026-03-08 10:59:24,87.5,92.76139410187668,93.79985616968227
2026-03-08 10:59:39,87.5,92.76139410187668,93.78334403285034
2026-03-08 10:59:54,87.5,92.76139410187668,93.76683189601839
2026-03-08 11:00:09,87.5,92.76139410187668,93.75031975918644
2026-03-08 11:00:24,87.5,92.76139410187668,93.7338076223545
2026-03-08 11:00:39,87.5,92.76139410187668,93.71729548552256
2026-03-08 11:00:54,87.5,92.76139410187668,93.7007833486906
2026-03-08 11:01:09,87.5,92.76139410187668,93.68427121185866
2026-03-08 11:01:24,87.5,92.76139410187668,93.66775907502672
2026-03-08 11:01:39,87.5,92.76139410187668,93.65124693819477
2026-03-08 11:01:54,87.5,92.76139410187668,93.63473480136282
2026-03-08 11:02:09,87.5,92.76139410187668,93.61822266453089
2026-03-08 11:02:24,87.5,92.76139410187668,93.60171052769894
2026-03-08 11:02:39,87.5,92.76139410187668,93.58519839086699
2026-03-08 11:02:54,87.5,92.76139410187668,93.56868625403504
2026-03-08 11:03:09,87.5,92.76139410187668,93.55217411720311
2026-03-08 11:03:24,87.5,92.76139410187668,93.53566198037116
2026-03-08 11:03:39,87.5,92.76139410187668,93.51914984353921
2026-03-08 11:03:54,87.5,92.76139410187668,93.50263770670728
2026-03-08 11:04:09,87.5,92.76139410187668,93.48612556987533
2026-03-08 11:04:24,87.5,92.76139410187668,93.46961343304338
2026-03-08 11:04:39,87.5,92.76139410187668,93.45310129621143
2026-03-08 11:04:54,87.5,92.76139410187668,93.4365891593795
2026-03-08 11:05:09,87.5,92.76139410187668,93.42007702254755
2026-03-08 11:05:24,87.5,92.76139410187668,93.4035648857156
2026-03-08 11:05:39,87.5,92.76139410187668,93.38705274888366
2026-03-08 11:05:54,87.5,92.76139410187668,93.37054061205171
2026-03-08 11:06:09,87.5,92.76139410187668,93.35402847521976
2026-03-08 11:06:24,87.5,92.76139410187668,93.33751633838781
2026-03-08 11:06:39,87.5,92.76139410187668,93.32100420155588
2026-03-08 11:06:54,87.5,92.76139410187668,93.30449206472393
2026-03-08 11:07:09,87.5,92.76139410187668,93.28797992789198
2026-03-08 11:07:24,87.5,92.76139410187668,93.27146779106005
2026-03-08 11:07:39,87.5,92.76139410187668,93.2549556542281
2026-03-08 11:07:54,87.5,92.76139410187668,93.23844351739615
2026-03-08 11:08:09,87.5,92.76139410187668,93.2219313805642
2026-03-08 11:08:24,87.5,92.76139410187668,93.20541924373227
2026-03-08 11:08:39,87.5,92.76139410187668,93.18890710690032
2026-03-08 11:08:54,87.5,92.76139410187668,93.17239497006837
2026-03-08 11:09:09,87.5,92.76139410187668,93.15588283323643
2026-03-08 11:09:24,87.5,92.76139410187668,93.13937069640448
2026-03-08 11:09:39,87.5,92.76139410187668,93.12285855957253
2026-03-08 11:09:54,87.5,92.76139410187668,93.10634642274059
2026-03-08 11:10:09,87.5,92.76139410187668,93.08983428590865
2026-03-08 11:10:24,87.5,92.76139410187668,93.0733221490767
2026-03-08 11:10:39,87.5,92.76139410187668,93.05681001224475
2026-03-08 11:10:54,87.5,92.76139410187668,93.04029787541282
2026-03-08 11:11:09,87.5,92.76139410187668,93.02378573858087
2026-03-08 11:11:24,87.5,92.76139410187668,93.00727360174892
2026-03-08 11:11:39,87.5,92.6829268292683,92.99076146491697
2026-03-08 11:11:54,87.5,92.6829268292683,92.97424932808504
2026-03-08 11:12:09,87.5,92.6829268292683,92.95773719125309
2026-03-08 11:12:24,87.5,92.6829268292683,92.94122505442114
2026-03-08 11:12:39,87.5,92.6829268292683,92.9247129175892
2026-03-08 11:12:54,87.5,92.6829268292683,92.90820078075726
2026-03-08 11:13:09,87.5,92.6829268292683,92.8916886439253
2026-03-08 11:13:24,87.5,92.6829268292683,92.87517650709336
2026-03-08 11:13:39,87.5,92.6829268292683,92.85866437026142
2026-03-08 11:13:54,87.5,92.6829268292683,92.84215223342947
2026-03-08 11:14:09,87.5,92.6829268292683,92.82564009659752
2026-03-08 11:14:24,87.5,92.6829268292683,92.80912795976559
2026-03-08 11:14:39,87.5,92.6829268292683,92.79261582293364
2026-03-08 11:14:54,87.5,92.6829268292683,92.77610368610169
2026-03-08 11:15:09,87.5,92.6829268292683,92.75959154926974
2026-03-08 11:15:24,87.5,92.6829268292683,92.74307941243781
2026-03-08 11:15:39,87.5,92.6829268292683,92.72656727560586
2026-03-08 11:15:54,87.5,92.6829268292683,92.71005513877391
2026-03-08 11:16:09,87.5,92.6829268292683,92.69354300194198
2026-03-08 11:16:24,87.5,92.6829268292683,92.67703086511003
2026-03-08 11:16:39,87.5,92.6829268292683,92.66051872827808
2026-03-08 11:16:54,87.5,92.6829268292683,92.64400659144613
2026-03-08 11:17:09,87.5,92.6829268292683,92.6274944546142
2026-03-08 11:17:24,87.5,92.6829268292683,92.61098231778224
2026-03-08 11:17:39,87.5,92.6829268292683,92.5944701809503
2026-03-08 11:17:54,87.5,92.6829268292683,92.57795804411836
2026-03-08 11:18:09,87.5,92.6829268292683,92.56144590728641
2026-03-08 11:18:24,87.5,92.6829268292683,92.54493377045446
2026-03-08 11:18:39,87.5,92.6829268292683,92.52842163362251
2026-03-08 11:18:54,87.5,92.6829268292683,92.51190949679058
2026-03-08 11:19:09,87.5,92.6829268292683,92.49539735995863
2026-03-08 11:19:24,87.5,92.6829268292683,92.47888522312668
2026-03-08 11:19:39,87.5,92.6829268292683,92.46237308629475
2026-03-08 11:19:54,87.5,92.6829268292683,92.4458609494628
2026-03-08 11:20:09,87.5,92.6829268292683,92.42934881263085
2026-03-08 11:20:24,87.5,92.6829268292683,92.4128366757989
2026-03-08 11:20:39,87.5,92.6829268292683,92.39632453896697
2026-03-08 11:20:54,87.5,92.6829268292683,92.37981240213502
2026-03-08 11:21:09,87.5,92.6829268292683,92.36330026530307
2026-03-08 11:21:24,87.5,92.6829268292683,92.34678812847113
2026-03-08 11:21:39,87.5,92.6829268292683,92.33027599163918
2026-03-08 11:21:54,87.5,92.6829268292683,92.31376385480723
2026-03-08 11:22:09,87.5,92.6829268292683,92.29725171797529
2026-03-08 11:22:24,87.5,92.6829268292683,92.28073958114335
2026-03-08 11:22:39,87.5,92.6829268292683,92.2642274443114
2026-03-08 11:22:54,87.5,92.6829268292683,92.24771530747945
2026-03-08 11:23:09,87.5,92.6829268292683,92.23120317064752
2026-03-08 11:23:24,87.5,92.6829268292683,92.21469103381557
2026-03-08 11:23:39,87.5,92.6829268292683,92.19817889698362
2026-03-08 11:23:54,87.5,92.6829268292683,92.18166676015167
2026-03-08 11:24:09,87.5,92.6829268292683,92.16515462331974
2026-03-08 11:24:24,87.5,92.6829268292683,92.14864248648779
2026-03-08 11:24:39,87.5,92.6829268292683,92.13213034965584
2026-03-08 11:24:54,87.5,92.6829268292683,92.1156182128239
2026-03-08 11:25:09,87.5,92.6829268292683,92.09910607599195
2026-03-08 11:25:24,87.5,92.6829268292683,92.08259393916
2026-03-08 11:25:39,87.5,92.6829268292683,92.06608180232806
2026-03-08 11:25:54,87.5,92.6829268292683,92.04956966549612
2026-03-08 11:26:09,87.5,92.6829268292683,92.03305752866417
2026-03-08 11:26:24,87.5,92.6829268292683,92.01654539183222
2026-03-08 11:26:39,87.5,92.6829268292683,92.00003325500029
2026-03-08 11:26:54,87.5,92.87671232876711,91.98352111816834
2026-03-08 11:27:09,87.5,92.87671232876711,91.96700898133639
2026-03-08 11:27:24,87.5,92.87671232876711,91.95049684450444
2026-03-08 11:27:39,87.5,92.87671232876711,91.93398470767251
2026-03-08 11:27:54,87.5,92.87671232876711,91.91747257084056
2026-03-08 11:28:09,87.5,92.87671232876711,91.90096043400861
2026-03-08 11:28:24,87.5,92.87671232876711,91.88444829717668
2026-03-08 11:28:39,87.5,92.87671232876711,91.86793616034473
2026-03-08 11:28:54,87.5,92.87671232876711,91.85142402351278
2026-03-08 11:29:09,87.5,93.15068493150685,91.83491188668083
2026-03-08 11:29:24,87.5,93.42465753424658,91.8183997498489
2026-03-08 11:29:39,87.5,93.69863013698631,91.80188761301694
2026-03-08 11:29:54,87.5,93.69863013698631,91.785375476185
2026-03-08 11:30:09,87.5,93.69863013698631,91.76886333935306
2026-03-08 11:30:24,87.5,93.69863013698631,91.75235120252111
2026-03-08 11:30:39,87.5,93.69863013698631,91.73583906568916
2026-03-08 11:30:54,87.5,93.69863013698631,91.71932692885721
2026-03-08 11:31:09,87.5,93.69863013698631,91.70281479202528
2026-03-08 11:31:24,87.5,93.69863013698631,91.68630265519333
2026-03-08 11:31:39,87.5,93.69863013698631,91.66979051836138
2026-03-08 11:31:54,87.5,93.69863013698631,91.65327838152945
2026-03-08 11:32:09,87.5,93.69863013698631,91.6367662446975
2026-03-08 11:32:24,87.5,93.69863013698631,91.62025410786555
2026-03-08 11:32:39,87.5,93.69863013698631,91.6037419710336
2026-03-08 11:32:54,87.5,93.69863013698631,91.58722983420166
2026-03-08 11:33:09,87.5,93.69863013698631,91.57071769736972
2026-03-08 11:33:24,87.5,93.69863013698631,91.55420556053777
2026-03-08 11:33:39,87.5,93.69863013698631,91.53769342370583
2026-03-08 11:33:54,87.5,93.69863013698631,91.52118128687388
2026-03-08 11:34:09,87.5,93.69863013698631,91.50466915004193
2026-03-08 11:34:24,87.5,93.69863013698631,91.48815701320999
2026-03-08 11:34:39,87.5,93.69863013698631,91.47164487637805
2026-03-08 11:34:54,87.5,93.69863013698631,91.4551327395461
2026-03-08 11:35:09,87.5,93.42465753424658,91.43862060271415
2026-03-08 11:35:24,87.5,93.15068493150685,91.42210846588222
2026-03-08 11:35:39,87.5,92.87671232876711,91.40559632905027
2026-03-08 11:35:54,87.5,92.6027397260274,91.38908419221832
2026-03-08 11:36:09,87.5,92.32876712328768,91.37257205538637
2026-03-08 11:36:24,87.5,92.05479452054794,91.35605991855444
2026-03-08 11:36:39,87.5,91.78082191780823,91.33954778172249
2026-03-08 11:36:54,87.5,91.5068493150685,91.32303564489054
2026-03-08 11:37:09,87.5,91.23287671232877,91.3065235080586
2026-03-08 11:37:24,87.5,90.95890410958904,91.29001137122665
2026-03-08 11:37:39,87.5,90.68493150684932,91.2734992343947
2026-03-08 11:37:54,87.5,90.41095890410958,91.25698709756276
2026-03-08 11:38:09,87.5,90.13698630136986,91.24047496073082
2026-03-08 11:38:24,87.5,89.86301369863014,91.22396282389887
2026-03-08 11:38:39,87.5,89.58904109589041,91.20745068706692
2026-03-08 11:38:54,87.5,89.31506849315069,91.19093855023499
2026-03-08 11:39:09,87.5,89.04109589041096,91.17442641340304
2026-03-08 11:39:24,87.5,88.76712328767124,91.15791427657109
2026-03-08 11:39:39,87.5,88.4931506849315,91.14140213973914
2026-03-08 11:39:54,87.5,88.21917808219179,91.12489000290721
2026-03-08 11:40:09,87.5,87.94520547945206,91.10837786607526
2026-03-08 11:40:24,87.5,87.67123287671232,91.09186572924331
2026-03-08 11:40:39,87.5,87.3972602739726,91.07535359241137
2026-03-08 11:40:54,87.5,87.12328767123287,91.05884145557943
2026-03-08 11:41:09,87.5,86.84931506849315,91.04232931874748
2026-03-08 11:41:24,87.5,86.57534246575342,91.02581718191553
2026-03-08 11:41:39,87.5,86.3013698630137,91.0093050450836
2026-03-08 11:41:54,87.5,86.42659279778393,90.99279290825164
2026-03-08 11:42:09,87.5,86.14958448753463,90.9762807714197
2026-03-08 11:42:24,87.5,85.87257617728532,90.95976863458776
2026-03-08 11:42:39,87.5,85.59556786703601,90.94325649775581
2026-03-08 11:42:54,87.5,85.3185595567867,90.92674436092386
2026-03-08 11:43:09,87.5,85.0415512465374,90.91023222409191
2026-03-08 11:43:24,87.5,84.7645429362881,90.89372008725998
2026-03-08 11:43:39,87.5,84.48753462603878,90.87720795042803
2026-03-08 11:43:54,87.5,84.21052631578947,90.86069581359608
2026-03-08 11:44:09,87.5,83.93351800554017,90.84418367676415
2026-03-08 11:44:24,87.5,83.65650969529086,90.8276715399322
2026-03-08 11:44:39,87.5,83.37950138504155,90.81115940310025
2026-03-08 11:44:54,87.5,83.10249307479224,90.7946472662683
2026-03-08 11:45:09,87.5,82.82548476454294,90.77813512943636
2026-03-08 11:45:24,87.5,82.54847645429363,90.76162299260442
2026-03-08 11:45:39,87.5,82.27146814404432,90.74511085577247
2026-03-08 11:45:54,87.5,81.99445983379502,90.72859871894053
2026-03-08 11:46:09,87.5,81.7174515235457,90.71208658210858
2026-03-08 11:46:24,87.5,81.4404432132964,90.69557444527663
2026-03-08 11:46:39,87.5,81.16343490304709,90.67906230844468
2026-03-08 11:46:54,87.5,80.88642659279779,90.66255017161275
2026-03-08 11:47:09,87.5,80.60941828254848,90.6460380347808
2026-03-08 11:47:24,87.5,80.33240997229917,90.62952589794885
2026-03-08 11:47:39,87.5,80.33240997229917,90.61301376111692
2026-03-08 11:47:54,87.5,80.33240997229917,90.59650162428497
2026-03-08 11:48:09,87.5,80.33240997229917,90.57998948745302
2026-03-08 11:48:24,87.5,80.33240997229917,90.56347735062107
2026-03-08 11:48:39,87.5,80.33240997229917,90.54696521378914
2026-03-08 11:48:54,87.5,80.33240997229917,90.53045307695719
2026-03-08 11:49:09,87.5,80.33240997229917,90.51394094012524
2026-03-08 11:49:24,87.5,80.33240997229917,90.4974288032933
2026-03-08 11:49:39,87.5,80.05540166204986,90.48091666646135
2026-03-08 11:49:54,87.5,79.77839335180056,90.4644045296294
2026-03-08 11:50:09,87.5,79.50138504155125,90.44789239279746
2026-03-08 11:50:24,87.5,79.22437673130193,90.43138025596552
2026-03-08 11:50:39,87.5,78.94736842105263,90.41486811913357
2026-03-08 11:50:54,87.5,78.67036011080333,90.39835598230162
2026-03-08 11:51:09,87.5,78.39335180055402,90.38184384546969
2026-03-08 11:51:24,100.0,78.1163434903047,90.36533170863774
2026-03-08 11:51:39,100.0,77.8393351800554,90.34881957180579
2026-03-08 11:51:54,100.0,77.5623268698061,90.33230743497384
2026-03-08 11:52:09,100.0,77.28531855955679,90.31579529814191
2026-03-08 11:52:24,100.0,77.00831024930747,90.29928316130996
2026-03-08 11:52:39,100.0,76.73130193905817,90.28277102447801
2026-03-08 11:52:54,100.0,76.45429362880887,90.26625888764607
2026-03-08 11:53:09,100.0,76.17728531855957,90.24974675081413
2026-03-08 11:53:24,100.0,75.90027700831024,90.23323461398218
2026-03-08 11:53:39,100.0,75.62326869806094,90.21672247715023
2026-03-08 11:53:54,100.0,75.34626038781164,90.20021034031829
2026-03-08 11:54:09,100.0,75.06925207756233,90.18369820348634
2026-03-08 11:54:24,100.0,74.79224376731301,90.1671860666544
2026-03-08 11:54:39,100.0,74.51523545706371,90.15067392982246
2026-03-08 11:54:54,100.0,74.23822714681441,90.13416179299051
2026-03-08 11:55:09,100.0,73.9612188365651,90.11764965615856
2026-03-08 11:55:24,100.0,73.9612188365651,90.10113751932661
2026-03-08 11:55:39,100.0,73.9612188365651,90.08462538249468
2026-03-08 11:55:54,100.0,73.9612188365651,90.06811324566273
2026-03-08 11:56:09,100.0,73.68421052631578,90.05160110883078
2026-03-08 11:56:24,100.0,73.40720221606648,90.03508897199885
2026-03-08 11:56:39,100.0,73.13019390581718,90.0185768351669
2026-03-08 11:56:54,100.0,72.85318559556787,90.00206469833495
2026-03-08 11:57:09,100.0,72.82913165266106,89.985552561503
2026-03-08 11:57:24,100.0,72.54901960784314,89.96904042467106
2026-03-08 11:57:39,100.0,72.26890756302521,89.95252828783912
2026-03-08 11:57:54,100.0,71.98879551820728,89.93601615100717
2026-03-08 11:58:09,100.0,71.70868347338936,89.91950401417523
2026-03-08 11:58:24,100.0,71.42857142857143,89.90299187734328
2026-03-08 11:58:39,100.0,71.1484593837535,89.88647974051133
2026-03-08 11:58:54,100.0,70.86834733893558,89.86996760367938
2026-03-08 11:59:09,100.0,70.58823529411765,89.85345546684745
2026-03-08 11:59:24,100.0,70.30812324929971,89.8369433300155
2026-03-08 11:59:39,100.0,70.02801120448179,89.82043119318355
2026-03-08 11:59:54,100.0,69.74789915966386,89.80391905635162
2026-03-08 12:00:09,100.0,69.46778711484593,89.82516363029538
2026-03-08 12:00:24,100.0,69.187675070028,89.8715793447563
2026-03-08 12:00:39,100.0,68.90756302521008,89.9179950592172
2026-03-08 12:00:54,100.0,68.62745098039215,89.96441077367813
2026-03-08 12:01:09,100.0,68.14404432132964,90.01082648813903
2026-03-08 12:01:24,100.0,67.86703601108033,90.05724220259995
2026-03-08 12:01:39,100.0,67.86703601108033,90.10365791706086
2026-03-08 12:01:54,100.0,67.86703601108033,90.15007363152178
2026-03-08 12:02:09,100.0,67.86703601108033,90.19648934598268
2026-03-08 12:02:24,100.0,67.86703601108033,90.2429050604436
2026-03-08 12:02:39,100.0,67.86703601108033,90.28932077490451
2026-03-08 12:02:54,100.0,67.86703601108033,90.33573648936543
2026-03-08 12:03:09,100.0,67.86703601108033,90.38215220382634
2026-03-08 12:03:24,100.0,67.86703601108033,90.42856791828726
2026-03-08 12:03:39,100.0,67.86703601108033,90.47498363274816
2026-03-08 12:03:54,100.0,67.86703601108033,90.52139934720908
2026-03-08 12:04:09,100.0,67.86703601108033,90.56781506166999
2026-03-08 12:04:24,100.0,67.86703601108033,90.61423077613091
2026-03-08 12:04:39,100.0,67.86703601108033,90.66064649059182
2026-03-08 12:04:54,100.0,67.86703601108033,90.70706220505274
2026-03-08 12:05:09,100.0,67.86703601108033,90.75347791951364
2026-03-08 12:05:24,100.0,67.86703601108033,90.79989363397456
2026-03-08 12:05:39,100.0,67.86703601108033,90.84630934843547
2026-03-08 12:05:54,100.0,67.86703601108033,90.89272506289637
2026-03-08 12:06:09,100.0,67.86703601108033,90.9391407773573
2026-03-08 12:06:24,100.0,67.86703601108033,90.9855564918182
2026-03-08 12:06:39,100.0,68.21917808219177,91.03197220627912
2026-03-08 12:06:54,100.0,68.21917808219177,91.07838792074003
2026-03-08 12:07:09,100.0,68.21917808219177,91.12480363520095
2026-03-08 12:07:24,100.0,68.21917808219177,91.17121934966185
2026-03-08 12:07:39,100.0,68.21917808219177,91.21763506412277
2026-03-08 12:07:54,100.0,68.21917808219177,91.26405077858368
2026-03-08 12:08:09,100.0,68.21917808219177,91.3104664930446
2026-03-08 12:08:24,100.0,68.21917808219177,91.3568822075055
2026-03-08 12:08:39,100.0,68.21917808219177,91.40329792196643
2026-03-08 12:08:54,100.0,68.21917808219177,91.44971363642733
2026-03-08 12:09:09,100.0,68.21917808219177,91.49612935088825
2026-03-08 12:09:24,100.0,68.21917808219177,91.54254506534916
2026-03-08 12:09:39,100.0,68.21917808219177,91.58896077981008
2026-03-08 12:09:54,100.0,68.21917808219177,91.63537649427099
2026-03-08 12:10:09,100.0,68.21917808219177,91.6817922087319
2026-03-08 12:10:24,100.0,68.21917808219177,91.72820792319281
2026-03-08 12:10:39,100.0,68.21917808219177,91.77462363765373
2026-03-08 12:10:54,100.0,68.21917808219177,91.82103935211464
2026-03-08 12:11:09,100.0,68.21917808219177,91.86745506657556
2026-03-08 12:11:24,100.0,68.21917808219177,91.91387078103647
2026-03-08 12:11:39,100.0,68.21917808219177,91.96028649549739
2026-03-08 12:11:54,100.0,68.56368563685636,92.00670220995829
2026-03-08 12:12:09,100.0,68.56368563685636,92.05311792441921
2026-03-08 12:12:24,87.5,68.56368563685636,92.09953363888012
2026-03-08 12:12:39,87.5,68.56368563685636,92.14594935334104
2026-03-08 12:12:54,87.5,68.56368563685636,92.19236506780194
2026-03-08 12:13:09,87.5,68.56368563685636,92.23878078226286
2026-03-08 12:13:24,87.5,68.56368563685636,92.28519649672377
2026-03-08 12:13:39,87.5,68.56368563685636,92.33161221118469
2026-03-08 12:13:54,87.5,68.56368563685636,92.3780279256456
2026-03-08 12:14:09,87.5,68.56368563685636,92.42444364010652
2026-03-08 12:14:24,87.5,68.56368563685636,92.47085935456742
2026-03-08 12:14:39,87.5,68.56368563685636,92.51727506902834
2026-03-08 12:14:54,87.5,68.56368563685636,92.56369078348925
2026-03-08 12:15:09,87.5,68.56368563685636,92.61010649795017
2026-03-08 12:15:24,87.5,68.56368563685636,92.65652221241108
2026-03-08 12:15:39,87.5,68.56368563685636,92.702937926872
2026-03-08 12:15:54,87.5,68.56368563685636,92.7493536413329
2026-03-08 12:16:09,87.5,68.56368563685636,92.79576935579382
2026-03-08 12:16:24,87.5,68.56368563685636,92.84218507025473
2026-03-08 12:16:39,87.5,68.29268292682927,92.88860078471565
2026-03-08 12:16:54,100.0,68.02168021680217,92.93501649917656
2026-03-08 12:17:09,100.0,67.75067750677508,92.98143221363748
2026-03-08 12:17:24,100.0,67.5603217158177,93.02784792809838
2026-03-08 12:17:39,100.0,67.29222520107238,93.0742636425593
2026-03-08 12:17:54,100.0,67.29222520107238,93.12067935702021
2026-03-08 12:18:09,100.0,67.02412868632707,93.16709507148113
2026-03-08 12:18:24,100.0,66.75603217158177,93.21351078594203
2026-03-08 12:18:39,100.0,66.48793565683646,93.25992650040295
2026-03-08 12:18:54,100.0,66.21983914209115,93.30634221486386
2026-03-08 12:19:09,100.0,65.95174262734585,93.35275792932478
2026-03-08 12:19:24,100.0,65.68364611260054,93.39917364378569
2026-03-08 12:19:39,100.0,65.41554959785523,93.44558935824661
2026-03-08 12:19:54,100.0,65.14745308310992,93.49200507270751
2026-03-08 12:20:09,100.0,64.87935656836461,93.53842078716843
2026-03-08 12:20:24,100.0,64.6112600536193,93.58483650162934
2026-03-08 12:20:39,100.0,64.343163538874,93.63125221609026
2026-03-08 12:20:54,100.0,64.07506702412869,93.67766793055117
2026-03-08 12:21:09,100.0,63.806970509383376,93.72408364501209
2026-03-08 12:21:24,100.0,63.53887399463807,93.77049935947299
2026-03-08 12:21:39,100.0,63.27077747989276,93.81691507393391
2026-03-08 12:21:54,100.0,63.00268096514745,93.86333078839482
2026-03-08 12:22:09,100.0,62.73458445040214,93.90974650285574
2026-03-08 12:22:24,100.0,62.466487935656836,93.95616221731665
2026-03-08 12:22:39,100.0,62.06896551724138,94.00257793177757
2026-03-08 12:22:54,100.0,61.80371352785146,94.04899364623847
2026-03-08 12:23:09,100.0,61.53846153846154,94.09540936069939
2026-03-08 12:23:24,100.0,61.53846153846154,94.1418250751603
2026-03-08 12:23:39,100.0,61.53846153846154,94.18824078962122
2026-03-08 12:23:54,100.0,61.53846153846154,94.23465650408212
2026-03-08 12:24:09,100.0,61.53846153846154,94.28107221854304
2026-03-08 12:24:24,100.0,61.53846153846154,94.32748793300395
2026-03-08 12:24:39,100.0,61.53846153846154,94.37390364746487
2026-03-08 12:24:54,100.0,61.53846153846154,94.42031936192578
2026-03-08 12:25:09,100.0,61.53846153846154,94.4667350763867
2026-03-08 12:25:24,100.0,61.53846153846154,94.5131507908476
2026-03-08 12:25:39,100.0,61.53846153846154,94.55956650530852
2026-03-08 12:25:54,100.0,61.53846153846154,94.60598221976943
2026-03-08 12:26:09,100.0,61.53846153846154,94.65239793423035
2026-03-08 12:26:24,100.0,61.53846153846154,94.69881364869126
2026-03-08 12:26:39,100.0,61.53846153846154,94.74522936315218
2026-03-08 12:26:54,100.0,61.53846153846154,94.79164507761308
2026-03-08 12:27:09,100.0,61.53846153846154,94.838060792074
2026-03-08 12:27:24,100.0,61.53846153846154,94.88447650653491
2026-03-08 12:27:39,100.0,61.53846153846154,94.93089222099583
2026-03-08 12:27:54,100.0,61.53846153846154,94.97730793545674
2026-03-08 12:28:09,100.0,61.942257217847775,95.02372364991766
2026-03-08 12:28:24,100.0,61.942257217847775,95.07013936437856
2026-03-08 12:28:39,100.0,61.942257217847775,95.11655507883948
2026-03-08 12:28:54,100.0,61.942257217847775,95.16297079330039
2026-03-08 12:29:09,100.0,61.679790026246714,95.20938650776131
2026-03-08 12:29:24,100.0,61.679790026246714,95.25580222222221
2026-03-08 12:29:39,100.0,61.679790026246714,95.30221793668314
2026-03-08 12:29:54,100.0,61.417322834645674,95.34863365114404
2026-03-08 12:30:09,100.0,61.15485564304461,95.39504936560496
2026-03-08 12:30:24,100.0,60.892388451443566,95.44146508006587
2026-03-08 12:30:39,100.0,60.629921259842526,95.48788079452679
2026-03-08 12:30:54,100.0,60.367454068241464,95.5342965089877
2026-03-08 12:31:09,100.0,60.10498687664042,95.58071222344861
2026-03-08 12:31:24,100.0,59.84251968503938,95.62712793790952
2026-03-08 12:31:39,100.0,59.580052493438316,95.67354365237044
2026-03-08 12:31:54,100.0,59.31758530183727,95.71995936683135
2026-03-08 12:32:09,100.0,59.055118110236215,95.76637508129227
2026-03-08 12:32:24,100.0,58.79265091863517,95.81279079575317
2026-03-08 12:32:39,100.0,58.53018372703412,95.85920651021408
2026-03-08 12:32:54,100.0,58.26771653543307,95.905622224675
2026-03-08 12:33:09,100.0,58.00524934383202,95.95203793913592
2026-03-08 12:33:24,100.0,57.74278215223097,95.99845365359683
2026-03-08 12:33:39,100.0,57.4025974025974,96.04486936805773
2026-03-08 12:33:54,100.0,57.14285714285714,96.09128508251865
2026-03-08 12:34:09,100.0,56.88311688311688,96.13770079697957
2026-03-08 12:34:24,100.0,56.62337662337662,96.18411651144048
2026-03-08 12:34:39,100.0,56.36363636363636,96.23053222590138
2026-03-08 12:34:54,100.0,56.1038961038961,96.2769479403623
2026-03-08 12:35:09,100.0,55.84415584415584,96.32336365482323
2026-03-08 12:35:24,100.0,55.58441558441558,96.36977936928413
2026-03-08 12:35:39,100.0,55.32467532467532,96.41619508374504
2026-03-08 12:35:54,100.0,55.064935064935064,96.46261079820596
2026-03-08 12:36:09,100.0,54.8051948051948,96.50902651266686
2026-03-08 12:36:24,100.0,54.54545454545454,96.55544222712778
2026-03-08 12:36:39,100.0,54.285714285714285,96.60185794158869
2026-03-08 12:36:54,100.0,54.02597402597402,96.64827365604961
2026-03-08 12:37:09,100.0,53.76623376623376,96.69468937051052
2026-03-08 12:37:24,100.0,53.5064935064935,96.74110508497144
2026-03-08 12:37:39,100.0,53.246753246753244,96.78752079943234
2026-03-08 12:37:54,100.0,52.98701298701298,96.83393651389326
2026-03-08 12:38:09,100.0,52.72727272727272,96.88035222835417
2026-03-08 12:38:24,100.0,52.467532467532465,96.92676794281509
2026-03-08 12:38:39,100.0,52.2077922077922,96.973183657276
2026-03-08 12:38:54,100.0,51.9280205655527,97.01959937173692
2026-03-08 12:39:09,100.0,51.670951156812336,97.06601508619782
2026-03-08 12:39:24,100.0,51.41388174807198,97.11243080065874
2026-03-08 12:39:39,100.0,51.156812339331616,97.15884651511965
2026-03-08 12:39:54,100.0,50.899742930591266,97.20526222958057
2026-03-08 12:40:09,100.0,50.6426735218509,97.25167794404148
2026-03-08 12:40:24,100.0,50.38560411311054,97.2980936585024
2026-03-08 12:40:39,100.0,50.128534704370175,97.3445093729633
2026-03-08 12:40:54,100.0,49.87146529562982,97.39092508742422
2026-03-08 12:41:09,100.0,49.61439588688946,97.43734080188513
2026-03-08 12:41:24,100.0,49.3573264781491,97.48375651634605
2026-03-08 12:41:39,100.0,49.3573264781491,97.53017223080695
2026-03-08 12:41:54,100.0,49.10025706940874,97.57658794526787
2026-03-08 12:42:09,100.0,49.10025706940874,97.62300365972878
2026-03-08 12:42:24,100.0,49.10025706940874,97.6694193741897
2026-03-08 12:42:39,100.0,49.10025706940874,97.7158350886506
2026-03-08 12:42:54,100.0,48.84318766066838,97.76225080311153
2026-03-08 12:43:09,100.0,48.58611825192802,97.80866651757243
2026-03-08 12:43:24,100.0,48.329048843187664,97.85508223203335
2026-03-08 12:43:39,100.0,48.0719794344473,97.90149794649426
2026-03-08 12:43:54,100.0,47.81491002570694,97.94791366095518
2026-03-08 12:44:09,100.0,47.55784061696658,97.99432937541609
2026-03-08 12:44:24,100.0,47.32824427480916,98.040745089877
2026-03-08 12:44:39,100.0,47.07379134860051,98.08716080433791
2026-03-08 12:44:54,100.0,46.81933842239186,98.13357651879883
2026-03-08 12:45:09,100.0,46.56488549618321,98.17999223325974
2026-03-08 12:45:24,100.0,46.31043256997455,98.22640794772066
2026-03-08 12:45:39,100.0,46.0559796437659,98.27282366218157
2026-03-08 12:45:54,100.0,45.80152671755725,98.31923937664249
2026-03-08 12:46:09,100.0,45.5470737913486,98.36565509110339
2026-03-08 12:46:24,100.0,45.29262086513995,98.41207080556431
2026-03-08 12:46:39,100.0,45.038167938931295,98.45848652002522
2026-03-08 12:46:54,100.0,44.783715012722645,98.50490223448614
2026-03-08 12:47:09,100.0,44.529262086513995,98.55131794894704
2026-03-08 12:47:24,100.0,44.274809160305345,98.59773366340796
2026-03-08 12:47:39,87.5,44.02035623409669,98.64414937786887
2026-03-08 12:47:54,87.5,43.765903307888046,98.69056509232979
2026-03-08 12:48:09,87.5,43.51145038167939,98.7369808067907
2026-03-08 12:48:24,87.5,43.25699745547074,98.78339652125162
2026-03-08 12:48:39,87.5,43.00254452926209,98.82981223571252
2026-03-08 12:48:54,87.5,42.74809160305343,98.87622795017344
2026-03-08 12:49:09,87.5,42.49363867684479,98.92264366463435
2026-03-08 12:49:24,87.5,42.23918575063613,98.96905937909527
2026-03-08 12:49:39,87.5,42.0654911838791,99.01547509355618
2026-03-08 12:49:54,87.5,41.81360201511335,99.0618908080171
2026-03-08 12:50:09,87.5,41.81360201511335,99.108306522478
2026-03-08 12:50:24,87.5,41.81360201511335,99.15472223693892
2026-03-08 12:50:39,87.5,41.81360201511335,99.20113795139983
2026-03-08 12:50:54,87.5,41.81360201511335,99.24755366586075
2026-03-08 12:51:09,87.5,41.56171284634761,99.29396938032166
2026-03-08 12:51:24,87.5,41.30982367758186,99.34038509478258
2026-03-08 12:51:39,87.5,41.05793450881612,99.38680080924348
2026-03-08 12:51:54,87.5,40.80604534005038,99.4332165237044
2026-03-08 12:52:09,87.5,40.55415617128463,99.47963223816531
2026-03-08 12:52:24,87.5,40.55415617128463,99.52604795262623
2026-03-08 12:52:39,87.5,40.302267002518896,99.57246366708713
2026-03-08 12:52:54,87.5,40.050377833753146,99.61887938154806
2026-03-08 12:53:09,87.5,40.050377833753146,99.66529509600896
2026-03-08 12:53:24,87.5,39.79848866498741,99.71171081046988
2026-03-08 12:53:39,87.5,39.54659949622166,99.75812652493079
2026-03-08 12:53:54,87.5,39.29471032745592,99.80454223939171
2026-03-08 12:54:09,87.5,39.042821158690174,99.85095795385261
2026-03-08 12:54:24,87.5,38.79093198992443,99.89737366831353
2026-03-08 12:54:39,87.5,38.539042821158695,99.94378938277444
2026-03-08 12:54:54,87.5,38.287153652392945,99.99020509723536
2026-03-08 12:55:09,100.0,38.15461346633416,100.03662081169627
2026-03-08 12:55:24,100.0,37.905236907730675,100.08303652615719
2026-03-08 12:55:39,100.0,37.65586034912718,100.1294522406181
2026-03-08 12:55:54,100.0,37.406483790523694,100.17586795507901
2026-03-08 12:56:09,100.0,37.1571072319202,100.22228366953992
2026-03-08 12:56:24,100.0,36.907730673316706,100.26869938400084
2026-03-08 12:56:39,100.0,36.65835411471321,100.31511509846175
2026-03-08 12:56:54,100.0,36.408977556109726,100.36153081292267
2026-03-08 12:57:09,87.5,36.15960099750624,100.40794652738357
2026-03-08 12:57:24,87.5,35.910224438902745,100.45436224184449
2026-03-08 12:57:39,87.5,35.66084788029925,100.5007779563054
2026-03-08 12:57:54,87.5,35.41147132169576,100.54719367076632
2026-03-08 12:58:09,87.5,35.16209476309227,100.59360938522723
2026-03-08 12:58:24,87.5,34.91271820448878,100.64002509968815
2026-03-08 12:58:39,87.5,34.66334164588529,100.68644081414905
2026-03-08 12:58:54,87.5,34.413965087281795,100.73285652860997
2026-03-08 12:59:09,87.5,34.1645885286783,100.77927224307088
2026-03-08 12:59:24,87.5,33.915211970074814,100.82568795753178
2026-03-08 12:59:39,87.5,33.66583541147132,100.8721036719927
2026-03-08 12:59:54,87.5,33.416458852867834,100.91851938645362
2026-03-08 13:00:09,87.5,33.16708229426434,100.96493510091453
2026-03-08 13:00:24,87.5,33.086419753086425,101.01135081537544
2026-03-08 13:00:39,87.5,32.839506172839506,101.05776652983636
2026-03-08 13:00:54,87.5,32.592592592592595,101.10418224429728
2026-03-08 13:01:09,87.5,32.34567901234568,101.15059795875818
2026-03-08 13:01:24,87.5,32.098765432098766,101.19701367321909
2026-03-08 13:01:39,87.5,31.851851851851855,101.24342938768001
2026-03-08 13:01:54,87.5,31.604938271604937,101.28984510214093
2026-03-08 13:02:09,87.5,31.35802469135803,101.33626081660184
2026-03-08 13:02:24,87.5,31.11111111111111,101.38267653106274
2026-03-08 13:02:39,87.5,30.864197530864196,101.42909224552366
2026-03-08 13:02:54,87.5,30.617283950617285,101.47550795998458
2026-03-08 13:03:09,87.5,30.37037037037037,101.52192367444549
2026-03-08 13:03:24,87.5,30.12345679012346,101.5683393889064
2026-03-08 13:03:39,87.5,29.876543209876544,101.61475510336732
2026-03-08 13:03:54,87.5,29.629629629629626,101.66117081782824
2026-03-08 13:04:09,87.5,29.38271604938272,101.70758653228914
2026-03-08 13:04:24,87.5,29.1358024691358,101.75400224675005
2026-03-08 13:04:39,87.5,28.888888888888886,101.80041796121097
2026-03-08 13:04:54,87.5,28.641975308641975,101.84683367567189
2026-03-08 13:05:09,87.5,28.39506172839506,101.8932493901328
2026-03-08 13:05:24,87.5,28.14814814814815,101.9396651045937
2026-03-08 13:05:39,87.5,27.901234567901234,101.98608081905462
2026-03-08 13:05:54,87.5,27.87286063569682,102.03249653351554
2026-03-08 13:06:09,87.5,27.628361858190708,102.07891224797645
2026-03-08 13:06:24,87.5,27.383863080684595,102.12532796243735
2026-03-08 13:06:39,87.5,27.628361858190708,102.17174367689827
2026-03-08 13:06:54,87.5,27.87286063569682,102.21815939135918
2026-03-08 13:07:09,87.5,27.87286063569682,102.2645751058201
2026-03-08 13:07:24,87.5,27.87286063569682,102.310990820281
2026-03-08 13:07:39,87.5,27.87286063569682,102.35740653474193
2026-03-08 13:07:54,87.5,27.87286063569682,102.40382224920283
2026-03-08 13:08:09,87.5,27.87286063569682,102.45023796366375
2026-03-08 13:08:24,87.5,27.87286063569682,102.49665367812466
2026-03-08 13:08:39,87.5,27.87286063569682,102.54306939258558
2026-03-08 13:08:54,87.5,27.87286063569682,102.58948510704649
2026-03-08 13:09:09,87.5,27.87286063569682,102.6359008215074
2026-03-08 13:09:24,87.5,27.87286063569682,102.68231653596831
2026-03-08 13:09:39,87.5,27.87286063569682,102.72873225042923
2026-03-08 13:09:54,87.5,27.87286063569682,102.77514796489014
2026-03-08 13:10:09,87.5,27.87286063569682,102.82156367935106
2026-03-08 13:10:24,87.5,27.87286063569682,102.86797939381196
2026-03-08 13:10:39,87.5,27.87286063569682,102.91439510827288
2026-03-08 13:10:54,87.5,27.87286063569682,102.96081082273379
2026-03-08 13:11:09,87.5,27.602905569007262,103.00722653719471
2026-03-08 13:11:24,87.5,27.602905569007262,103.05364225165562
2026-03-08 13:11:39,87.5,27.602905569007262,103.10005796611654
2026-03-08 13:11:54,87.5,27.602905569007262,103.14647368057744
2026-03-08 13:12:09,87.5,27.602905569007262,103.19288939503836
2026-03-08 13:12:24,87.5,27.602905569007262,103.23930510949927
2026-03-08 13:12:39,87.5,27.602905569007262,103.28572082396019
2026-03-08 13:12:54,87.5,27.602905569007262,103.3321365384211
2026-03-08 13:13:09,87.5,27.602905569007262,103.37855225288202
2026-03-08 13:13:24,87.5,27.602905569007262,103.42496796734292
2026-03-08 13:13:39,87.5,27.602905569007262,103.47138368180384
2026-03-08 13:13:54,87.5,27.602905569007262,103.51779939626475
2026-03-08 13:14:09,87.5,27.602905569007262,103.56421511072567
2026-03-08 13:14:24,87.5,27.602905569007262,103.61063082518658
2026-03-08 13:14:39,87.5,27.602905569007262,103.6570465396475
2026-03-08 13:14:54,87.5,27.602905569007262,103.7034622541084
2026-03-08 13:15:09,87.5,27.602905569007262,103.74987796856932
2026-03-08 13:15:24,87.5,27.602905569007262,103.79629368303023
2026-03-08 13:15:39,87.5,27.602905569007262,103.84270939749115
2026-03-08 13:15:54,87.5,27.602905569007262,103.88912511195205
2026-03-08 13:16:09,87.5,27.602905569007262,103.93554082641297
2026-03-08 13:16:24,87.5,27.602905569007262,103.98195654087388
2026-03-08 13:16:39,87.5,27.33812949640288,104.0283722553348
2026-03-08 13:16:54,87.5,27.577937649880095,104.07478796979571
2026-03-08 13:17:09,87.5,27.81774580335731,104.12120368425663
2026-03-08 13:17:24,87.5,28.05755395683453,104.16761939871753
2026-03-08 13:17:39,87.5,28.297362110311752,104.21403511317845
2026-03-08 13:17:54,87.5,28.53717026378897,104.26045082763936
2026-03-08 13:18:09,87.5,28.776978417266186,104.30686654210028
2026-03-08 13:18:24,87.5,29.016786570743403,104.35328225656119
2026-03-08 13:18:39,87.5,29.256594724220626,104.3996979710221
2026-03-08 13:18:54,87.5,29.496402877697843,104.44611368548301
2026-03-08 13:19:09,87.5,29.73621103117506,104.49252939994393
2026-03-08 13:19:24,87.5,29.97601918465228,104.53894511440484
2026-03-08 13:19:39,87.5,30.215827338129497,104.58536082886576
2026-03-08 13:19:54,87.5,30.455635491606714,104.63177654332667
2026-03-08 13:20:09,87.5,30.69544364508393,104.67819225778759
2026-03-08 13:20:24,87.5,30.935251798561154,104.72460797224849
2026-03-08 13:20:39,87.5,31.17505995203837,104.77102368670941
2026-03-08 13:20:54,87.5,31.414868105515588,104.81743940117032
2026-03-08 13:21:09,87.5,31.654676258992804,104.86385511563124
2026-03-08 13:21:24,87.5,31.894484412470025,104.91027083009214
2026-03-08 13:21:39,87.5,32.13429256594724,104.95668654455307
2026-03-08 13:21:54,87.5,32.541567695961994,105.00310225901397
2026-03-08 13:22:09,87.5,32.779097387173394,105.04951797347489
2026-03-08 13:22:24,87.5,33.0166270783848,105.0959336879358
2026-03-08 13:22:39,87.5,33.2541567695962,105.14234940239672
2026-03-08 13:22:54,87.5,33.4916864608076,105.18876511685762
2026-03-08 13:23:09,87.5,33.729216152019006,105.23518083131854
2026-03-08 13:23:24,87.5,33.966745843230406,105.28159654577945
2026-03-08 13:23:39,87.5,34.204275534441805,105.32801226024037
2026-03-08 13:23:54,87.5,34.441805225653205,105.37442797470128
2026-03-08 13:24:09,87.5,34.679334916864605,105.4208436891622
2026-03-08 13:24:24,87.5,34.91686460807601,105.4672594036231
2026-03-08 13:24:39,87.5,35.15439429928741,105.51367511808402
2026-03-08 13:24:54,87.5,35.39192399049881,105.56009083254493
2026-03-08 13:25:09,87.5,35.62945368171022,105.60650654700585
2026-03-08 13:25:24,87.5,35.62945368171022,105.65292226146676
2026-03-08 13:25:39,87.5,35.62945368171022,105.69933797592768
2026-03-08 13:25:54,87.5,35.62945368171022,105.74575369038858
2026-03-08 13:26:09,87.5,35.62945368171022,105.7921694048495
2026-03-08 13:26:24,87.5,35.62945368171022,105.83858511931041
2026-03-08 13:26:39,87.5,35.62945368171022,105.88500083377133
2026-03-08 13:26:54,87.5,35.62945368171022,105.93141654823224
2026-03-08 13:27:09,87.5,35.62945368171022,105.97783226269314
2026-03-08 13:27:24,87.5,36.23529411764706,106.02424797715406
2026-03-08 13:27:39,87.5,36.23529411764706,106.07066369161498
2026-03-08 13:27:54,87.5,36.470588235294116,106.11707940607589
2026-03-08 13:28:09,87.5,36.705882352941174,106.1634951205368
2026-03-08 13:28:24,87.5,36.94117647058823,106.20991083499771
2026-03-08 13:28:39,87.5,37.1764705882353,106.25632654945863
2026-03-08 13:28:54,87.5,37.411764705882355,106.30274226391954
2026-03-08 13:29:08,87.5,37.64705882352941,106.34606359741639
2026-03-08 13:29:24,87.5,37.88235294117647,106.39557369284137
2026-03-08 13:29:39,87.5,38.11764705882353,106.44198940730229
2026-03-08 13:29:54,87.5,38.35294117647059,106.4884051217632
2026-03-08 13:30:09,87.5,38.588235294117645,106.5348208362241
2026-03-08 13:30:24,87.5,38.82352941176471,106.58123655068502
2026-03-08 13:30:39,87.5,39.05882352941176,106.62765226514594
2026-03-08 13:30:54,87.5,39.294117647058826,106.67406797960685
2026-03-08 13:31:09,87.5,39.52941176470588,106.72048369406775
2026-03-08 13:31:24,87.5,39.76470588235294,106.76689940852867
2026-03-08 13:31:39,87.5,40.0,106.8133151229896
2026-03-08 13:31:54,87.5,40.23529411764706,106.8597308374505
2026-03-08 13:32:08,87.5,40.470588235294116,106.90305217094735
2026-03-08 13:32:24,87.5,40.705882352941174,106.95256226637233
2026-03-08 13:32:39,87.5,40.94117647058824,106.99897798083325
2026-03-08 13:32:54,87.5,41.25874125874126,107.04539369529415
2026-03-08 13:33:08,87.5,41.49184149184149,107.088715028791
2026-03-08 13:33:24,87.5,41.72494172494173,107.13822512421598
2026-03-08 13:33:39,87.5,41.95804195804196,107.1846408386769
2026-03-08 13:33:54,87.5,42.19114219114219,107.2310565531378
2026-03-08 13:34:09,87.5,42.19114219114219,107.27747226759871
2026-03-08 13:34:24,87.5,42.42424242424242,107.32388798205963
2026-03-08 13:34:38,87.5,42.65734265734265,107.36720931555648
2026-03-08 13:34:53,87.5,42.89044289044289,107.4136250300174
2026-03-08 13:35:09,87.5,43.12354312354312,107.46313512544236
2026-03-08 13:35:24,87.5,43.35664335664335,107.50955083990328
2026-03-08 13:35:39,87.5,43.58974358974359,107.5559665543642
2026-03-08 13:35:54,87.5,43.82284382284382,107.60238226882511
2026-03-08 13:36:09,87.5,44.05594405594406,107.64879798328602
2026-03-08 13:36:24,87.5,44.28904428904429,107.69521369774694
2026-03-08 13:36:38,87.5,44.52214452214452,107.73853503124379
2026-03-08 13:36:54,87.5,44.75524475524475,107.78804512666876
2026-03-08 13:37:09,87.5,44.988344988344984,107.83446084112967
2026-03-08 13:37:24,87.5,45.22144522144522,107.88087655559059
2026-03-08 13:37:39,87.5,45.45454545454545,107.92729227005151
2026-03-08 13:37:53,87.5,45.68764568764569,107.97061360354836
2026-03-08 13:38:08,87.5,45.95842956120092,108.01702931800926
2026-03-08 13:38:24,87.5,46.18937644341801,108.06653941343424
2026-03-08 13:38:38,87.5,46.4203233256351,108.10986074693109
2026-03-08 13:38:54,87.5,46.65127020785219,108.15937084235607
2026-03-08 13:39:08,87.5,46.88221709006928,108.20269217585292
2026-03-08 13:39:23,87.5,47.11316397228637,108.24910789031384
2026-03-08 13:39:38,87.5,47.34411085450346,108.29552360477474
2026-03-08 13:39:53,87.5,47.57505773672055,108.34193931923565
2026-03-08 13:40:08,87.5,47.80600461893764,108.38835503369657
2026-03-08 13:40:23,87.5,48.03695150115473,108.43477074815749
2026-03-08 13:40:38,87.5,48.26789838337183,108.4811864626184
2026-03-08 13:40:54,87.5,48.26789838337183,108.53069655804337
2026-03-08 13:41:09,87.5,48.26789838337183,108.57711227250428
2026-03-08 13:41:23,87.5,48.26789838337183,108.62043360600114
2026-03-08 13:41:38,87.5,48.26789838337183,108.66684932046205
2026-03-08 13:41:53,87.5,48.26789838337183,108.71326503492296
2026-03-08 13:42:09,87.5,48.26789838337183,108.76277513034793
2026-03-08 13:42:24,87.5,48.26789838337183,108.80919084480885
2026-03-08 13:42:38,87.5,48.26789838337183,108.8525121783057
2026-03-08 13:42:54,87.5,48.26789838337183,108.90202227373068
2026-03-08 13:43:09,87.5,48.26789838337183,108.94843798819159
2026-03-08 13:43:23,87.5,48.26789838337183,108.99175932168845
2026-03-08 13:43:38,87.5,48.74141876430206,109.03817503614935
2026-03-08 13:43:53,87.5,48.74141876430206,109.08459075061026
2026-03-08 13:44:08,87.5,48.74141876430206,109.13100646507118
2026-03-08 13:44:23,87.5,48.74141876430206,109.1774221795321
2026-03-08 13:44:38,87.5,48.74141876430206,109.22383789399301
2026-03-08 13:44:54,87.5,48.74141876430206,109.27334798941799
2026-03-08 13:45:08,87.5,48.74141876430206,109.31666932291483
2026-03-08 13:45:23,87.5,48.74141876430206,109.36308503737575
2026-03-08 13:45:38,87.5,48.74141876430206,109.40950075183666
2026-03-08 13:45:53,87.5,48.74141876430206,109.45591646629757
2026-03-08 13:46:08,87.5,48.74141876430206,109.50233218075849
2026-03-08 13:46:23,87.5,48.74141876430206,109.5487478952194
2026-03-08 13:46:38,87.5,48.74141876430206,109.59516360968031
2026-03-08 13:46:53,87.5,48.74141876430206,109.64157932414122
2026-03-08 13:47:08,87.5,48.74141876430206,109.68799503860214
2026-03-08 13:47:23,87.5,48.74141876430206,109.73441075306306
2026-03-08 13:47:38,87.5,48.74141876430206,109.78082646752397
2026-03-08 13:47:53,87.5,48.74141876430206,109.82724218198487
2026-03-08 13:48:08,87.5,48.74141876430206,109.87365789644579
2026-03-08 13:48:23,87.5,48.74141876430206,109.92007361090671
2026-03-08 13:48:38,87.5,48.74141876430206,109.96648932536762
2026-03-08 13:48:53,87.5,49.2063492063492,110.01290503982852
2026-03-08 13:49:08,87.5,49.2063492063492,110.05932075428944
2026-03-08 13:49:23,87.5,49.2063492063492,110.10573646875037
2026-03-08 13:49:38,87.5,49.2063492063492,110.15215218321127
2026-03-08 13:49:53,87.5,49.2063492063492,110.19856789767218
2026-03-08 13:50:08,87.5,49.2063492063492,110.2449836121331
2026-03-08 13:50:23,87.5,49.2063492063492,110.29139932659402
2026-03-08 13:50:38,87.5,49.2063492063492,110.33781504105492
2026-03-08 13:50:53,87.5,49.2063492063492,110.38423075551583
2026-03-08 13:51:08,87.5,49.2063492063492,110.43064646997675
2026-03-08 13:51:23,87.5,49.2063492063492,110.47706218443767
2026-03-08 13:51:38,87.5,49.2063492063492,110.52347789889858
2026-03-08 13:51:53,87.5,49.2063492063492,110.56989361335948
2026-03-08 13:52:08,87.5,49.2063492063492,110.6163093278204
2026-03-08 13:52:23,87.5,49.2063492063492,110.66272504228132
2026-03-08 13:52:38,87.5,49.2063492063492,110.70914075674223
2026-03-08 13:52:53,87.5,49.2063492063492,110.75555647120314
2026-03-08 13:53:08,87.5,49.2063492063492,110.80197218566406
2026-03-08 13:53:23,87.5,49.2063492063492,110.84838790012498
2026-03-08 13:53:38,87.5,49.2063492063492,110.89480361458588
2026-03-08 13:53:53,87.5,49.2063492063492,110.94121932904679
2026-03-08 13:54:08,87.5,49.2063492063492,110.98763504350771
2026-03-08 13:54:23,87.5,49.66292134831461,111.03405075796861
2026-03-08 13:54:38,87.5,49.66292134831461,111.08046647242953
2026-03-08 13:54:53,87.5,49.66292134831461,111.12688218689044
2026-03-08 13:55:08,87.5,49.66292134831461,111.17329790135136
2026-03-08 13:55:23,87.5,49.66292134831461,111.21971361581227
2026-03-08 13:55:38,87.5,49.66292134831461,111.26612933027319
2026-03-08 13:55:53,87.5,49.66292134831461,111.3125450447341
2026-03-08 13:56:08,87.5,49.66292134831461,111.35896075919501
2026-03-08 13:56:23,87.5,49.66292134831461,111.40537647365592
2026-03-08 13:56:38,87.5,49.66292134831461,111.45179218811684
2026-03-08 13:56:53,87.5,49.66292134831461,111.49820790257775
2026-03-08 13:57:08,87.5,49.66292134831461,111.54462361703867
2026-03-08 13:57:23,87.5,49.66292134831461,111.59103933149957
2026-03-08 13:57:38,87.5,49.66292134831461,111.6374550459605
2026-03-08 13:57:53,87.5,49.66292134831461,111.6838707604214
2026-03-08 13:58:08,87.5,49.66292134831461,111.73028647488232
2026-03-08 13:58:23,87.5,49.8876404494382,111.77670218934323
2026-03-08 13:58:38,87.5,50.112359550561806,111.82311790380415
2026-03-08 13:58:53,87.5,50.337078651685395,111.86953361826505
2026-03-08 13:59:08,87.5,50.337078651685395,111.91594933272597
2026-03-08 13:59:23,87.5,50.56179775280899,111.96236504718688
2026-03-08 13:59:38,87.5,50.779510022271715,112.0087807616478
2026-03-08 13:59:53,87.5,51.00222717149221,112.0551964761087
2026-03-08 14:00:08,87.5,51.224944320712694,112.04390728494144
2026-03-08 14:00:23,87.5,51.23595505617977,111.9821263013495
2026-03-08 14:00:38,87.5,51.460674157303366,111.92034531775757
2026-03-08 14:00:53,87.5,51.68539325842697,111.85856433416562
2026-03-08 14:01:08,87.5,51.91011235955057,111.79678335057368
2026-03-08 14:01:23,87.5,52.13483146067416,111.73500236698175
2026-03-08 14:01:38,87.5,52.359550561797754,111.6732213833898
2026-03-08 14:01:53,87.5,52.58426966292134,111.61144039979787
2026-03-08 14:02:08,87.5,52.80898876404494,111.54965941620593
2026-03-08 14:02:23,87.5,53.033707865168545,111.48787843261398
2026-03-08 14:02:38,87.5,53.25842696629214,111.42609744902205
2026-03-08 14:02:53,87.5,53.48314606741573,111.36431646543011
2026-03-08 14:03:08,87.5,53.70786516853933,111.30253548183818
2026-03-08 14:03:23,87.5,53.93258426966292,111.24075449824623
2026-03-08 14:03:38,87.5,54.157303370786515,111.1789735146543
2026-03-08 14:03:53,87.5,54.382022471910105,111.11719253106236
2026-03-08 14:04:08,87.5,54.606741573033716,111.05541154747041
2026-03-08 14:04:23,87.5,54.87528344671202,110.99363056387848
2026-03-08 14:04:38,87.5,55.10204081632652,110.93184958028654
2026-03-08 14:04:53,87.5,55.32879818594104,110.87006859669461
2026-03-08 14:05:08,87.5,55.55555555555556,110.80828761310266
2026-03-08 14:05:23,87.5,55.78231292517006,110.74650662951072
2026-03-08 14:05:38,87.5,55.78231292517006,110.68472564591879
2026-03-08 14:05:53,87.5,55.78231292517006,110.62294466232684
2026-03-08 14:06:08,87.5,55.78231292517006,110.56116367873491
2026-03-08 14:06:23,87.5,55.78231292517006,110.49938269514297
2026-03-08 14:06:38,87.5,55.78231292517006,110.43760171155103
2026-03-08 14:06:53,75.0,55.78231292517006,110.3758207279591
2026-03-08 14:07:08,75.0,55.78231292517006,110.31403974436715
2026-03-08 14:07:23,75.0,55.78231292517006,110.25225876077522
2026-03-08 14:07:38,87.5,55.78231292517006,110.19047777718328
2026-03-08 14:07:53,87.5,55.78231292517006,110.12869679359135
2026-03-08 14:08:08,87.5,55.78231292517006,110.0669158099994
2026-03-08 14:08:23,87.5,55.78231292517006,110.00513482640746
2026-03-08 14:08:38,87.5,55.37757437070938,109.94335384281553
2026-03-08 14:08:53,87.5,55.37757437070938,109.88157285922358
2026-03-08 14:09:08,87.5,55.37757437070938,109.81979187563165
2026-03-08 14:09:23,87.5,55.37757437070938,109.7580108920397
2026-03-08 14:09:38,87.5,55.37757437070938,109.69622990844776
2026-03-08 14:09:53,87.5,55.37757437070938,109.63444892485583
2026-03-08 14:10:08,87.5,55.37757437070938,109.57266794126389
2026-03-08 14:10:23,87.5,55.37757437070938,109.51088695767196
2026-03-08 14:10:38,87.5,55.37757437070938,109.44910597408001
2026-03-08 14:10:53,87.5,55.37757437070938,109.38732499048808
2026-03-08 14:11:08,87.5,55.37757437070938,109.32554400689614
2026-03-08 14:11:23,87.5,55.60640732265446,109.2637630233042
2026-03-08 14:11:38,87.5,55.60640732265446,109.20198203971226
2026-03-08 14:11:53,87.5,55.60640732265446,109.14020105612032
2026-03-08 14:12:08,87.5,55.83524027459954,109.07842007252839
2026-03-08 14:12:23,87.5,56.06407322654462,109.01663908893644
2026-03-08 14:12:38,87.5,56.35103926096998,108.9548581053445
2026-03-08 14:12:53,87.5,56.581986143187066,108.89307712175257
2026-03-08 14:13:08,87.5,56.812933025404156,108.83129613816062
2026-03-08 14:13:23,87.5,57.04387990762124,108.7695151545687
2026-03-08 14:13:38,87.5,57.27482678983834,108.70773417097675
2026-03-08 14:13:53,87.5,57.505773672055426,108.6459531873848
2026-03-08 14:14:08,87.5,57.736720554272516,108.58417220379287
2026-03-08 14:14:23,87.5,57.96766743648961,108.52239122020093
2026-03-08 14:14:38,87.5,58.198614318706696,108.460610236609
2026-03-08 14:14:53,87.5,58.429561200923786,108.39882925301706
2026-03-08 14:15:08,87.5,58.66050808314087,108.33704826942513
2026-03-08 14:15:23,87.5,58.89145496535797,108.27526728583318
2026-03-08 14:15:38,87.5,59.122401847575055,108.21348630224124
2026-03-08 14:15:53,87.5,59.353348729792145,108.1517053186493
2026-03-08 14:16:08,87.5,59.58429561200924,108.08992433505736
2026-03-08 14:16:23,87.5,59.815242494226325,108.02814335146543
2026-03-08 14:16:38,87.5,60.13986013986013,107.96636236787349
2026-03-08 14:16:53,87.5,60.37296037296037,107.90458138428156
2026-03-08 14:17:08,87.5,60.60606060606061,107.84280040068961
2026-03-08 14:17:23,87.5,60.83916083916085,107.78101941709767
2026-03-08 14:17:38,87.5,61.07226107226107,107.71923843350574
2026-03-08 14:17:53,87.5,61.3053613053613,107.65745744991379
2026-03-08 14:18:08,87.5,61.53846153846154,107.59567646632186
2026-03-08 14:18:23,87.5,61.771561771561764,107.53389548272992
2026-03-08 14:18:38,87.5,62.004662004662,107.47211449913797
2026-03-08 14:18:53,87.5,62.23776223776224,107.41033351554604
2026-03-08 14:19:08,87.5,62.47086247086248,107.3485525319541
2026-03-08 14:19:23,87.5,62.7039627039627,107.28677154836217
2026-03-08 14:19:38,87.5,62.93706293706294,107.22499056477022
2026-03-08 14:19:53,87.5,63.17016317016317,107.16320958117828
2026-03-08 14:20:08,87.5,63.4032634032634,107.10142859758635
2026-03-08 14:20:23,87.5,63.63636363636363,107.0396476139944
2026-03-08 14:20:38,87.5,64.0,106.97786663040247
2026-03-08 14:20:53,87.5,64.23529411764706,106.91608564681053
2026-03-08 14:21:08,87.5,64.47058823529412,106.8543046632186
2026-03-08 14:21:23,87.5,64.70588235294117,106.79252367962665
2026-03-08 14:21:38,87.5,64.94117647058823,106.73074269603471
2026-03-08 14:21:53,87.5,65.17647058823529,106.66896171244278
2026-03-08 14:22:08,87.5,65.41176470588236,106.60718072885084
2026-03-08 14:22:23,87.5,65.64705882352942,106.5453997452589
2026-03-08 14:22:38,87.5,65.88235294117646,106.48361876166696
2026-03-08 14:22:53,87.5,66.11764705882352,106.42183777807502
2026-03-08 14:23:08,87.5,66.3529411764706,106.36005679448309
2026-03-08 14:23:23,87.5,66.3529411764706,106.29827581089114
2026-03-08 14:23:38,87.5,66.58823529411765,106.23649482729921
2026-03-08 14:23:53,87.5,66.58823529411765,106.17471384370727
2026-03-08 14:24:08,87.5,66.58823529411765,106.11293286011534
2026-03-08 14:24:23,87.5,66.58823529411765,106.05115187652339
2026-03-08 14:24:38,87.5,66.9833729216152,105.98937089293145
2026-03-08 14:24:53,87.5,67.2209026128266,105.92758990933952
2026-03-08 14:25:08,87.5,67.45843230403801,105.86580892574757
2026-03-08 14:25:23,87.5,67.6959619952494,105.80402794215564
2026-03-08 14:25:38,87.5,67.93349168646081,105.7422469585637
2026-03-08 14:25:53,87.5,68.17102137767222,105.68046597497175
2026-03-08 14:26:08,87.5,68.40855106888361,105.61868499137982
2026-03-08 14:26:23,87.5,68.646080760095,105.55690400778788
2026-03-08 14:26:38,87.5,68.88361045130641,105.49512302419595
2026-03-08 14:26:53,87.5,69.12114014251782,105.433342040604
2026-03-08 14:27:08,87.5,69.35866983372921,105.37156105701206
2026-03-08 14:27:23,87.5,69.59619952494062,105.30978007342013
2026-03-08 14:27:38,87.5,69.83372921615202,105.24799908982818
2026-03-08 14:27:53,87.5,70.07125890736341,105.18621810623625
2026-03-08 14:28:08,87.5,70.30878859857482,105.12443712264431
2026-03-08 14:28:23,87.5,70.54631828978623,105.06265613905238
2026-03-08 14:28:38,87.5,70.78384798099762,105.00087515546043
2026-03-08 14:28:53,87.5,71.22302158273382,104.93909417186849
2026-03-08 14:29:08,87.5,71.46282973621103,104.87731318827656
2026-03-08 14:29:23,87.5,71.70263788968825,104.81553220468462
2026-03-08 14:29:38,87.5,71.94244604316546,104.75375122109268
2026-03-08 14:29:53,87.5,72.18225419664267,104.69197023750074
2026-03-08 14:30:08,87.5,72.42206235011992,104.63018925390881
2026-03-08 14:30:23,87.5,72.66187050359713,104.56840827031687
2026-03-08 14:30:38,87.5,72.90167865707434,104.50662728672492
2026-03-08 14:30:53,87.5,73.14148681055156,104.44484630313299
2026-03-08 14:31:08,87.5,73.38129496402878,104.38306531954105
2026-03-08 14:31:23,87.5,73.621103117506,104.32128433594912
2026-03-08 14:31:38,87.5,73.86091127098321,104.25950335235717
2026-03-08 14:31:53,87.5,73.86091127098321,104.19772236876523
2026-03-08 14:32:08,87.5,73.86091127098321,104.1359413851733
2026-03-08 14:32:23,87.5,73.86091127098321,104.07416040158135
2026-03-08 14:32:38,87.5,73.86091127098321,104.01237941798942
2026-03-08 14:32:53,87.5,74.33414043583535,103.95059843439748
2026-03-08 14:33:08,87.5,74.57627118644068,103.88881745080553
2026-03-08 14:33:23,87.5,74.818401937046,103.8270364672136
2026-03-08 14:33:38,87.5,74.818401937046,103.76525548362166
2026-03-08 14:33:53,87.5,75.06053268765133,103.70347450002973
2026-03-08 14:34:08,87.5,75.30266343825666,103.64169351643778
2026-03-08 14:34:23,87.5,75.30266343825666,103.57991253284584
2026-03-08 14:34:38,87.5,75.54479418886199,103.51813154925391
2026-03-08 14:34:53,87.5,75.78692493946731,103.45635056566196
2026-03-08 14:35:08,87.5,76.02905569007264,103.39456958207003
2026-03-08 14:35:23,87.5,76.27118644067797,103.33278859847809
2026-03-08 14:35:38,87.5,76.51331719128329,103.27100761488616
2026-03-08 14:35:53,87.5,76.75544794188862,103.20922663129421
2026-03-08 14:36:08,87.5,76.99757869249395,103.14744564770228
2026-03-08 14:36:23,87.5,77.23970944309927,103.08566466411034
2026-03-08 14:36:38,87.5,77.4818401937046,103.0238836805184
2026-03-08 14:36:53,87.5,77.99511002444987,102.96210269692646
2026-03-08 14:37:08,87.5,78.239608801956,102.90032171333452
2026-03-08 14:37:23,87.5,78.4841075794621,102.83854072974259
2026-03-08 14:37:38,87.5,78.72860635696821,102.77675974615065
2026-03-08 14:37:53,87.5,78.97310513447434,102.7149787625587
2026-03-08 14:38:08,87.5,79.21760391198043,102.65319777896677
2026-03-08 14:38:23,87.5,79.46210268948656,102.59141679537483
2026-03-08 14:38:38,87.5,79.70660146699267,102.5296358117829
2026-03-08 14:38:53,87.5,79.95110024449878,102.46785482819095
2026-03-08 14:39:08,87.5,80.1955990220049,102.406073844599
2026-03-08 14:39:23,87.5,80.440097799511,102.34429286100708
2026-03-08 14:39:38,87.5,80.68459657701712,102.28251187741513
2026-03-08 14:39:53,87.5,80.92909535452323,102.2207308938232
2026-03-08 14:40:08,87.5,81.17359413202934,102.15894991023126
2026-03-08 14:40:23,87.5,81.41809290953546,102.09716892663931
2026-03-08 14:40:38,87.5,81.66259168704157,102.03538794304738
2026-03-08 14:40:53,87.5,82.22222222222221,101.97360695945544
2026-03-08 14:41:08,87.5,82.46913580246914,101.91182597586351
2026-03-08 14:41:23,87.5,82.71604938271605,101.85004499227156
2026-03-08 14:41:38,87.5,82.96296296296296,101.78826400867963
2026-03-08 14:41:53,87.5,83.20987654320989,101.72648302508769
2026-03-08 14:42:08,87.5,83.4567901234568,101.66470204149574
2026-03-08 14:42:23,87.5,83.7037037037037,101.60292105790381
2026-03-08 14:42:38,87.5,83.9506172839506,101.54114007431187
2026-03-08 14:42:53,87.5,84.19753086419753,101.47935909071994
2026-03-08 14:43:08,87.5,84.44444444444444,101.417578107128
2026-03-08 14:43:23,87.5,84.69135802469135,101.35579712353606
2026-03-08 14:43:38,87.5,84.93827160493828,101.29401613994412
2026-03-08 14:43:53,87.5,85.18518518518519,101.23223515635217
2026-03-08 14:44:08,87.5,85.4320987654321,101.17045417276024
2026-03-08 14:44:23,87.5,85.67901234567901,101.1086731891683
2026-03-08 14:44:38,87.5,85.92592592592592,101.04689220557637
2026-03-08 14:44:53,87.5,86.53366583541147,100.98511122198443
2026-03-08 14:45:08,87.5,86.78304239401497,100.92333023839248
2026-03-08 14:45:23,87.5,87.03241895261846,100.86154925480055
2026-03-08 14:45:38,87.5,87.28179551122194,100.7997682712086
2026-03-08 14:45:53,87.5,87.53117206982543,100.73798728761668
2026-03-08 14:46:08,87.5,87.78054862842892,100.67620630402473
2026-03-08 14:46:23,87.5,88.02992518703242,100.61442532043279
2026-03-08 14:46:38,87.5,88.2793017456359,100.55264433684086
2026-03-08 14:46:53,87.5,88.5286783042394,100.49086335324891
2026-03-08 14:47:08,87.5,88.7780548628429,100.42908236965698
2026-03-08 14:47:23,87.5,89.02743142144638,100.36730138606504
2026-03-08 14:47:38,87.5,89.27680798004988,100.30552040247309
2026-03-08 14:47:53,87.5,89.27680798004988,100.24373941888116
2026-03-08 14:48:08,87.5,89.27680798004988,100.18195843528922
2026-03-08 14:48:23,87.5,89.52618453865337,100.12017745169729
2026-03-08 14:48:38,87.5,89.77556109725685,100.05839646810534
2026-03-08 14:48:53,87.5,90.42821158690177,99.99661548451341
2026-03-08 14:49:08,87.5,90.6801007556675,99.93483450092147
2026-03-08 14:49:23,87.5,90.93198992443325,99.87305351732952
2026-03-08 14:49:38,87.5,91.183879093199,99.8112725337376
2026-03-08 14:49:53,87.5,91.43576826196474,99.74949155014565
2026-03-08 14:50:08,87.5,91.68765743073047,99.68771056655372
2026-03-08 14:50:23,87.5,91.93954659949623,99.62592958296177
2026-03-08 14:50:38,87.5,92.19143576826197,99.56414859936984
2026-03-08 14:50:53,87.5,92.44332493702771,99.5023676157779
2026-03-08 14:51:08,87.5,92.69521410579345,99.44058663218595
2026-03-08 14:51:23,87.5,92.9471032745592,99.37880564859402
2026-03-08 14:51:38,87.5,93.19899244332494,99.31702466500208
2026-03-08 14:51:53,87.5,93.45088161209067,99.25524368141015
2026-03-08 14:52:08,87.5,93.70277078085643,99.1934626978182
2026-03-08 14:52:23,87.5,93.95465994962217,99.13168171422626
2026-03-08 14:52:38,87.5,94.20654911838791,99.06990073063433
2026-03-08 14:52:53,87.5,94.45843828715365,99.00811974704239
2026-03-08 14:53:08,87.5,95.16539440203562,98.94633876345046
2026-03-08 14:53:23,87.5,95.41984732824427,98.88455777985851
2026-03-08 14:53:38,87.5,95.67430025445293,98.82277679626657
2026-03-08 14:53:53,87.5,95.92875318066157,98.76099581267464
2026-03-08 14:54:08,87.5,96.18320610687023,98.69921482908269
2026-03-08 14:54:23,87.5,96.43765903307889,98.63743384549076
2026-03-08 14:54:38,87.5,96.69211195928753,98.57565286189882
2026-03-08 14:54:53,87.5,96.94656488549617,98.51387187830687
2026-03-08 14:55:08,87.5,97.20101781170484,98.45209089471494
2026-03-08 14:55:23,87.5,97.45547073791349,98.390309911123
2026-03-08 14:55:38,87.5,97.70992366412213,98.32852892753107
2026-03-08 14:55:53,87.5,97.96437659033079,98.26674794393912
2026-03-08 14:56:08,87.5,98.21882951653944,98.20496696034719
2026-03-08 14:56:23,87.5,98.47328244274809,98.14318597675525
2026-03-08 14:56:38,87.5,98.72773536895674,98.08140499316332
2026-03-08 14:56:53,87.5,98.9821882951654,98.01962400957137
2026-03-08 14:57:08,87.5,99.74293059125964,97.95784302597943
2026-03-08 14:57:23,87.5,100.0,97.8960620423875
2026-03-08 14:57:38,87.5,100.0,97.83428105879555
2026-03-08 14:57:53,87.5,100.0,97.77250007520362
2026-03-08 14:58:08,87.5,100.0,97.71071909161168
2026-03-08 14:58:23,87.5,100.0,97.64893810801973
2026-03-08 14:58:38,87.5,100.0,97.5871571244278
2026-03-08 14:58:53,87.5,100.0,97.52537614083586
2026-03-08 14:59:08,87.5,100.0,97.46359515724393
2026-03-08 14:59:23,87.5,100.0,97.40181417365199
2026-03-08 14:59:38,87.5,100.0,97.34003319006004
2026-03-08 14:59:53,87.5,100.0,97.27825220646811
2026-03-08 15:00:08,87.5,100.0,97.21647122287617
2026-03-08 15:00:23,87.5,100.0,97.15469023928424
2026-03-08 15:00:38,87.5,100.0,97.09290925569229
2026-03-08 15:00:53,87.5,100.0,97.03112827210035
2026-03-08 15:01:08,87.5,100.0,96.96934728850842
2026-03-08 15:01:23,87.5,100.0,96.90756630491647
2026-03-08 15:01:38,87.5,100.0,96.84578532132454
2026-03-08 15:01:53,87.5,100.0,96.7840043377326
2026-03-08 15:02:08,87.5,100.0,96.72222335414067
2026-03-08 15:02:23,87.5,100.0,96.66044237054872
2026-03-08 15:02:38,87.5,100.0,96.59866138695678
2026-03-08 15:02:53,87.5,100.0,96.53688040336485
2026-03-08 15:03:08,87.5,100.0,96.4750994197729
2026-03-08 15:03:23,87.5,100.0,96.41331843618097
2026-03-08 15:03:38,87.5,100.0,96.35153745258903
2026-03-08 15:03:53,87.5,100.0,96.2897564689971
2026-03-08 15:04:08,87.5,100.0,96.22797548540515
2026-03-08 15:04:23,87.5,100.0,96.16619450181321
2026-03-08 15:04:38,87.5,100.0,96.10441351822128
2026-03-08 15:04:53,87.5,100.0,96.04263253462933
2026-03-08 15:05:08,87.5,100.0,95.9808515510374
2026-03-08 15:05:23,87.5,100.0,95.91907056744546
2026-03-08 15:05:38,87.5,100.0,95.85728958385351
2026-03-08 15:05:53,87.5,100.0,95.79550860026158
2026-03-08 15:06:08,87.5,100.0,95.73372761666964
2026-03-08 15:06:23,87.5,100.0,95.67194663307771
2026-03-08 15:06:38,87.5,100.0,95.61016564948577
2026-03-08 15:06:53,87.5,100.0,95.54838466589382
2026-03-08 15:07:08,87.5,100.0,95.48660368230189
2026-03-08 15:07:23,87.5,100.0,95.42482269870995
2026-03-08 15:07:38,87.5,100.0,95.36304171511802
2026-03-08 15:07:53,87.5,100.0,95.30126073152607
2026-03-08 15:08:08,87.5,100.0,95.23947974793413
2026-03-08 15:08:23,87.5,100.0,95.1776987643422
2026-03-08 15:08:38,87.5,100.0,95.11591778075027
2026-03-08 15:08:53,87.5,100.0,95.05413679715832
2026-03-08 15:09:08,87.5,100.0,94.99235581356638
2026-03-08 15:09:23,87.5,100.0,94.93057482997445
2026-03-08 15:09:38,87.5,100.0,94.8687938463825
2026-03-08 15:09:53,87.5,100.0,94.80701286279057
2026-03-08 15:10:08,87.5,100.0,94.74523187919863
2026-03-08 15:10:23,87.5,100.0,94.68345089560668
2026-03-08 15:10:38,87.5,100.0,94.62166991201475
2026-03-08 15:10:53,87.5,100.0,94.55988892842281
2026-03-08 15:11:08,87.5,100.0,94.49810794483088
2026-03-08 15:11:23,87.5,100.0,94.43632696123893
2026-03-08 15:11:38,87.5,100.0,94.37454597764699
2026-03-08 15:11:53,87.5,100.0,94.31276499405506
2026-03-08 15:12:08,87.5,100.0,94.25098401046311
2026-03-08 15:12:23,87.5,100.0,94.18920302687118
2026-03-08 15:12:38,87.5,100.0,94.12742204327924
2026-03-08 15:12:53,87.5,100.0,94.0656410596873
2026-03-08 15:13:08,87.5,100.0,94.00386007609536
2026-03-08 15:13:23,87.5,100.0,93.94207909250342
2026-03-08 15:13:38,87.5,100.0,93.88029810891149
2026-03-08 15:13:53,87.5,100.0,93.81851712531954
2026-03-08 15:14:08,87.5,100.0,93.7567361417276
2026-03-08 15:14:23,87.5,100.0,93.69495515813567
2026-03-08 15:14:38,87.5,100.0,93.63317417454373
2026-03-08 15:14:53,87.5,100.0,93.5713931909518
2026-03-08 15:15:08,87.5,100.0,93.50961220735985
2026-03-08 15:15:23,87.5,100.0,93.4478312237679
2026-03-08 15:15:38,87.5,100.0,93.38605024017598
2026-03-08 15:15:53,87.5,100.0,93.32426925658405
2026-03-08 15:16:08,87.5,100.0,93.2624882729921
2026-03-08 15:16:23,87.5,100.0,93.20070728940016
2026-03-08 15:16:38,87.5,100.0,93.13892630580823
2026-03-08 15:16:53,87.5,100.0,93.07714532221628
2026-03-08 15:17:08,87.5,100.0,93.01536433862435
2026-03-08 15:17:23,87.5,100.0,92.9535833550324
2026-03-08 15:17:38,87.5,100.0,92.89180237144046
2026-03-08 15:17:53,87.5,100.0,92.83002138784853
2026-03-08 15:18:08,87.5,100.0,92.76824040425659
2026-03-08 15:18:23,87.5,100.0,92.70645942066466
2026-03-08 15:18:38,87.5,100.0,92.64467843707271
2026-03-08 15:18:53,87.5,100.0,92.58289745348077
2026-03-08 15:19:08,87.5,100.0,92.52111646988884
2026-03-08 15:19:23,87.5,100.0,92.4593354862969
2026-03-08 15:19:38,87.5,100.0,92.39755450270496
2026-03-08 15:19:53,87.5,100.0,92.33577351911302
2026-03-08 15:20:08,87.5,100.0,92.27399253552107
2026-03-08 15:20:23,87.5,100.0,92.21221155192914
2026-03-08 15:20:38,87.5,100.0,92.1504305683372
2026-03-08 15:20:53,87.5,100.0,92.08864958474527
2026-03-08 15:21:08,100.0,100.0,92.02686860115332
2026-03-08 15:21:23,100.0,100.0,91.96508761756138
2026-03-08 15:21:38,100.0,100.0,91.90330663396945
2026-03-08 15:21:53,100.0,100.0,91.8415256503775
2026-03-08 15:22:08,100.0,100.0,91.77974466678558
2026-03-08 15:22:23,100.0,100.0,91.71796368319363
2026-03-08 15:22:38,100.0,100.0,91.65618269960169
2026-03-08 15:22:53,100.0,100.0,91.59440171600976
2026-03-08 15:23:08,100.0,100.0,91.53262073241783
2026-03-08 15:23:23,100.0,100.0,91.47083974882588
2026-03-08 15:23:38,100.0,100.0,91.40905876523394
2026-03-08 15:23:53,100.0,100.0,91.347277781642
2026-03-08 15:24:08,100.0,100.0,91.28549679805006
2026-03-08 15:24:23,100.0,100.0,91.22371581445813
2026-03-08 15:24:38,100.0,100.0,91.16193483086619
2026-03-08 15:24:53,100.0,100.0,91.10015384727424
2026-03-08 15:25:08,100.0,100.0,91.03837286368231
2026-03-08 15:25:23,100.0,100.0,90.97659188009037
2026-03-08 15:25:38,100.0,100.0,90.91481089649844
2026-03-08 15:25:53,100.0,100.0,90.85302991290649
2026-03-08 15:26:08,100.0,100.0,90.79124892931455
2026-03-08 15:26:23,100.0,100.0,90.72946794572262
2026-03-08 15:26:38,100.0,100.0,90.66768696213067
2026-03-08 15:26:53,100.0,100.0,90.60590597853874
2026-03-08 15:27:08,100.0,100.0,90.5441249949468
2026-03-08 15:27:23,100.0,100.0,90.48234401135485
2026-03-08 15:27:38,100.0,100.0,90.42056302776292
2026-03-08 15:27:53,100.0,100.0,90.35878204417098
2026-03-08 15:28:08,100.0,100.0,90.29700106057905
2026-03-08 15:28:23,100.0,100.0,90.2352200769871
2026-03-08 15:28:38,100.0,100.0,90.17343909339516
2026-03-08 15:28:53,100.0,100.0,90.11165810980323
2026-03-08 15:29:08,100.0,100.0,90.0498771262113
2026-03-08 15:29:23,100.0,100.0,89.98809614261936
2026-03-08 15:29:38,100.0,100.0,89.92631515902741
2026-03-08 15:29:53,100.0,100.0,89.86453417543548
2026-03-08 15:30:08,100.0,100.0,89.80275319184354
2026-03-08 15:30:23,100.0,100.0,89.7409722082516
2026-03-08 15:30:38,100.0,100.0,89.67919122465966
2026-03-08 15:30:53,100.0,100.0,89.61741024106772
2026-03-08 15:31:08,100.0,100.0,89.55562925747579
2026-03-08 15:31:23,100.0,100.0,89.49384827388384
2026-03-08 15:31:38,100.0,100.0,89.43206729029191
2026-03-08 15:31:53,100.0,100.0,89.37028630669997
2026-03-08 15:32:08,100.0,100.0,89.30850532310802
2026-03-08 15:32:23,100.0,100.0,89.24672433951609
2026-03-08 15:32:38,100.0,100.0,89.18494335592415
2026-03-08 15:32:53,100.0,100.0,89.12316237233222
2026-03-08 15:33:08,100.0,100.0,89.06138138874027
2026-03-08 15:33:23,100.0,100.0,88.99960040514833
2026-03-08 15:33:38,100.0,100.0,88.9378194215564
2026-03-08 15:33:53,100.0,100.0,88.87603843796445
2026-03-08 15:34:08,100.0,100.0,88.81425745437252
2026-03-08 15:34:23,100.0,100.0,88.75247647078058
2026-03-08 15:34:38,100.0,100.0,88.69069548718863
2026-03-08 15:34:53,100.0,100.0,88.6289145035967
2026-03-08 15:35:08,100.0,100.0,88.56713352000476
2026-03-08 15:35:23,100.0,100.0,88.50535253641283
2026-03-08 15:35:38,100.0,100.0,88.44357155282088
2026-03-08 15:35:53,100.0,100.0,88.38179056922894
2026-03-08 15:36:08,100.0,100.0,88.32000958563701
2026-03-08 15:36:23,100.0,100.0,88.25822860204508
2026-03-08 15:36:38,100.0,100.0,88.19644761845313
2026-03-08 15:36:53,100.0,100.0,88.13466663486119
2026-03-08 15:37:08,100.0,100.0,88.07288565126926
2026-03-08 15:37:23,100.0,100.0,88.01110466767732
2026-03-08 15:37:38,100.0,100.0,87.94932368408539
2026-03-08 15:37:53,100.0,100.0,87.88754270049344
2026-03-08 15:38:08,100.0,100.0,87.8257617169015
2026-03-08 15:38:23,100.0,100.0,87.76398073330957
2026-03-08 15:38:38,100.0,100.0,87.70219974971762
2026-03-08 15:38:53,100.0,100.0,87.64041876612569
2026-03-08 15:39:08,100.0,100.0,87.57863778253375
2026-03-08 15:39:23,100.0,100.0,87.5168567989418
2026-03-08 15:39:38,100.0,100.0,87.45507581534987
2026-03-08 15:39:53,100.0,100.0,87.39329483175793
2026-03-08 15:40:08,100.0,100.0,87.331513848166
2026-03-08 15:40:23,100.0,100.0,87.26973286457405
2026-03-08 15:40:38,100.0,100.0,87.20795188098211
2026-03-08 15:40:53,100.0,100.0,87.14617089739018
2026-03-08 15:41:08,100.0,100.0,87.08438991379823
2026-03-08 15:41:23,100.0,100.0,87.0226089302063
2026-03-08 15:41:38,100.0,100.0,86.96082794661436
2026-03-08 15:41:53,100.0,100.0,86.89904696302241
2026-03-08 15:42:08,100.0,100.0,86.83726597943048
2026-03-08 15:42:23,100.0,100.0,86.77548499583855
2026-03-08 15:42:38,100.0,100.0,86.71370401224661
2026-03-08 15:42:53,100.0,100.0,86.65192302865466
2026-03-08 15:43:08,100.0,100.0,86.59014204506273
2026-03-08 15:43:23,100.0,100.0,86.52836106147079
2026-03-08 15:43:38,100.0,100.0,86.46658007787886
2026-03-08 15:43:53,100.0,100.0,86.40479909428691
2026-03-08 15:44:08,100.0,100.0,86.34301811069497
2026-03-08 15:44:23,100.0,100.0,86.28123712710304
2026-03-08 15:44:38,100.0,100.0,86.2194561435111
2026-03-08 15:44:53,100.0,100.0,86.15767515991917
2026-03-08 15:45:08,100.0,100.0,86.09589417632722
2026-03-08 15:45:23,100.0,100.0,86.03411319273528
2026-03-08 15:45:38,100.0,100.0,85.97233220914335
2026-03-08 15:45:53,100.0,100.0,85.9105512255514
2026-03-08 15:46:08,100.0,100.0,85.84877024195947
2026-03-08 15:46:23,100.0,100.0,85.78698925836753
2026-03-08 15:46:38,100.0,100.0,85.72520827477558
2026-03-08 15:46:53,100.0,100.0,85.66342729118365
2026-03-08 15:47:08,100.0,100.0,85.60164630759171
2026-03-08 15:47:23,100.0,100.0,85.53986532399978
2026-03-08 15:47:38,100.0,100.0,85.47808434040783
2026-03-08 15:47:53,100.0,100.0,85.41630335681589
2026-03-08 15:48:08,100.0,100.0,85.35452237322396
2026-03-08 15:48:23,100.0,100.0,85.29274138963201
2026-03-08 15:48:38,100.0,100.0,85.23096040604008
2026-03-08 15:48:53,100.0,100.0,85.16917942244814
2026-03-08 15:49:08,100.0,100.0,85.1073984388562
2026-03-08 15:49:23,100.0,100.0,85.04561745526426
2026-03-08 15:49:38,100.0,100.0,84.98383647167233
2026-03-08 15:49:53,100.0,100.0,84.92205548808039
2026-03-08 15:50:08,100.0,100.0,84.86027450448844
2026-03-08 15:50:23,100.0,100.0,84.79849352089651
2026-03-08 15:50:38,100.0,100.0,84.73671253730457
2026-03-08 15:50:53,100.0,100.0,84.67493155371264
2026-03-08 15:51:08,100.0,100.0,84.6131505701207
2026-03-08 15:51:23,100.0,100.0,84.55136958652875
2026-03-08 15:51:38,100.0,100.0,84.48958860293682
2026-03-08 15:51:53,100.0,100.0,84.42780761934488
2026-03-08 15:52:08,100.0,100.0,84.36602663575295
2026-03-08 15:52:23,100.0,100.0,84.304245652161
2026-03-08 15:52:38,100.0,100.0,84.24246466856906
2026-03-08 15:52:53,100.0,100.0,84.18068368497713
2026-03-08 15:53:08,100.0,100.0,84.11890270138518
2026-03-08 15:53:23,100.0,100.0,84.05712171779325
2026-03-08 15:53:38,100.0,100.0,83.9953407342013
2026-03-08 15:53:53,100.0,100.0,83.93355975060936
2026-03-08 15:54:08,100.0,100.0,83.87177876701743
2026-03-08 15:54:23,100.0,100.0,83.80999778342549
2026-03-08 15:54:38,100.0,100.0,83.74821679983356
2026-03-08 15:54:53,100.0,100.0,83.68643581624161
2026-03-08 15:55:08,100.0,100.0,83.62465483264967
2026-03-08 15:55:23,100.0,100.0,83.56287384905774
2026-03-08 15:55:38,100.0,100.0,83.50109286546581
2026-03-08 15:55:53,100.0,100.0,83.43931188187386
2026-03-08 15:56:08,100.0,100.0,83.37753089828192
2026-03-08 15:56:23,100.0,100.0,83.31574991468999
2026-03-08 15:56:38,100.0,100.0,83.25396893109804
2026-03-08 15:56:53,100.0,100.0,83.19218794750611
2026-03-08 15:57:08,100.0,100.0,83.13040696391417
2026-03-08 15:57:23,100.0,100.0,83.06862598032222
2026-03-08 15:57:38,100.0,100.0,83.0068449967303
2026-03-08 15:57:53,100.0,100.0,82.94506401313835
2026-03-08 15:58:08,100.0,100.0,82.88328302954642
2026-03-08 15:58:23,100.0,100.0,82.82150204595447
2026-03-08 15:58:38,100.0,100.0,82.75972106236253
2026-03-08 15:58:53,100.0,100.0,82.6979400787706
2026-03-08 15:59:08,100.0,100.0,82.63615909517866
2026-03-08 15:59:23,100.0,100.0,82.57437811158673
2026-03-08 15:59:38,100.0,100.0,82.51259712799478
2026-03-08 15:59:53,100.0,100.0,82.45081614440284
2026-03-08 16:00:08,100.0,100.0,82.42629986561937
2026-03-08 16:00:23,100.0,100.0,82.43439020354333
2026-03-08 16:00:38,100.0,100.0,82.44248054146728
2026-03-08 16:00:53,100.0,100.0,82.45057087939122
2026-03-08 16:01:08,100.0,100.0,82.45866121731517
2026-03-08 16:01:23,100.0,100.0,82.46675155523913
2026-03-08 16:01:38,100.0,100.0,82.47484189316307
2026-03-08 16:01:53,100.0,100.0,82.48293223108702
2026-03-08 16:02:08,100.0,100.0,82.49102256901097
2026-03-08 16:02:23,100.0,100.0,82.49911290693491
2026-03-08 16:02:38,100.0,100.0,82.50720324485887
2026-03-08 16:02:53,100.0,100.0,82.51529358278282
2026-03-08 16:03:08,100.0,100.0,82.52338392070676
2026-03-08 16:03:23,100.0,100.0,82.53147425863071
2026-03-08 16:03:38,100.0,100.0,82.53956459655467
2026-03-08 16:03:53,100.0,100.0,82.54765493447862
2026-03-08 16:04:08,100.0,100.0,82.55574527240256
2026-03-08 16:04:23,100.0,100.0,82.5638356103265
2026-03-08 16:04:38,100.0,100.0,82.57192594825047
2026-03-08 16:04:53,100.0,100.0,82.58001628617441
2026-03-08 16:05:08,100.0,100.0,82.58810662409836
2026-03-08 16:05:23,100.0,100.0,82.5961969620223
2026-03-08 16:05:38,100.0,100.0,82.60428729994626
2026-03-08 16:05:53,100.0,100.0,82.61237763787021
2026-03-08 16:06:08,100.0,100.0,82.62046797579416
2026-03-08 16:06:23,100.0,100.0,82.6285583137181
2026-03-08 16:06:38,100.0,100.0,82.63664865164205
2026-03-08 16:06:53,100.0,100.0,82.64473898956601
2026-03-08 16:07:08,100.0,100.0,82.65282932748995
2026-03-08 16:07:23,100.0,100.0,82.6609196654139
2026-03-08 16:07:38,100.0,100.0,82.66901000333785
2026-03-08 16:07:53,100.0,100.0,82.6771003412618
2026-03-08 16:08:08,100.0,100.0,82.68519067918575
2026-03-08 16:08:23,100.0,100.0,82.6932810171097
2026-03-08 16:08:38,100.0,100.0,82.70137135503364
2026-03-08 16:08:53,100.0,100.0,82.7094616929576
2026-03-08 16:09:08,100.0,100.0,82.71755203088155
2026-03-08 16:09:23,100.0,100.0,82.7256423688055
2026-03-08 16:09:38,100.0,100.0,82.73373270672944
2026-03-08 16:09:53,100.0,100.0,82.7418230446534
2026-03-08 16:10:08,100.0,100.0,82.74991338257735
2026-03-08 16:10:23,100.0,100.0,82.75800372050129
2026-03-08 16:10:38,100.0,100.0,82.76609405842524
2026-03-08 16:10:53,100.0,100.0,82.77418439634918
2026-03-08 16:11:08,100.0,100.0,82.78227473427314
2026-03-08 16:11:23,100.0,100.0,82.79036507219709
2026-03-08 16:11:38,100.0,100.0,82.79845541012104
2026-03-08 16:11:53,100.0,100.0,82.80654574804498
2026-03-08 16:12:08,100.0,100.0,82.81463608596894
2026-03-08 16:12:23,100.0,100.0,82.82272642389289
2026-03-08 16:12:38,100.0,100.0,82.83081676181683
2026-03-08 16:12:53,100.0,100.0,82.83890709974078
2026-03-08 16:13:08,100.0,100.0,82.84699743766474
2026-03-08 16:13:23,100.0,100.0,82.85508777558869
2026-03-08 16:13:38,100.0,100.0,82.86317811351263
2026-03-08 16:13:53,100.0,100.0,82.87126845143658
2026-03-08 16:14:08,100.0,100.0,82.87935878936054
2026-03-08 16:14:23,100.0,100.0,82.88744912728448
2026-03-08 16:14:38,100.0,100.0,82.89553946520843
2026-03-08 16:14:53,100.0,100.0,82.90362980313238
2026-03-08 16:15:08,100.0,100.0,82.91172014105632
2026-03-08 16:15:23,100.0,100.0,82.91981047898028
2026-03-08 16:15:38,100.0,100.0,82.92790081690423
2026-03-08 16:15:53,100.0,100.0,82.93599115482817
2026-03-08 16:16:08,100.0,100.0,82.94408149275212
2026-03-08 16:16:23,100.0,100.0,82.95217183067608
2026-03-08 16:16:38,100.0,100.0,82.96026216860002
2026-03-08 16:16:53,100.0,100.0,82.96835250652397
2026-03-08 16:17:08,100.0,100.0,82.97644284444792
2026-03-08 16:17:23,100.0,100.0,82.98453318237188
2026-03-08 16:17:38,100.0,100.0,82.99262352029582
2026-03-08 16:17:53,100.0,100.0,83.00071385821977
2026-03-08 16:18:08,100.0,100.0,83.00880419614371
2026-03-08 16:18:23,100.0,100.0,83.01689453406767
2026-03-08 16:18:38,100.0,100.0,83.02498487199162
2026-03-08 16:18:53,100.0,100.0,83.03307520991557
2026-03-08 16:19:08,100.0,100.0,83.04116554783951
2026-03-08 16:19:23,100.0,100.0,83.04925588576346
2026-03-08 16:19:38,100.0,100.0,83.05734622368742
2026-03-08 16:19:53,100.0,100.0,83.06543656161136
2026-03-08 16:20:08,100.0,100.0,83.07352689953531
2026-03-08 16:20:23,100.0,100.0,83.08161723745926
2026-03-08 16:20:38,100.0,100.0,83.08970757538322
2026-03-08 16:20:53,100.0,100.0,83.09779791330716
2026-03-08 16:21:08,100.0,100.0,83.10588825123111
2026-03-08 16:21:23,100.0,100.0,83.11397858915505
2026-03-08 16:21:38,100.0,100.0,83.12206892707901
2026-03-08 16:21:53,100.0,100.0,83.13015926500296
2026-03-08 16:22:08,100.0,100.0,83.1382496029269
2026-03-08 16:22:23,100.0,100.0,83.14633994085085
2026-03-08 16:22:38,100.0,100.0,83.15443027877481
2026-03-08 16:22:53,100.0,100.0,83.16252061669876
2026-03-08 16:23:08,100.0,100.0,83.1706109546227
2026-03-08 16:23:23,100.0,100.0,83.17870129254665
2026-03-08 16:23:38,100.0,100.0,83.1867916304706
2026-03-08 16:23:53,100.0,100.0,83.19488196839455
2026-03-08 16:24:08,100.0,100.0,83.2029723063185
2026-03-08 16:24:23,100.0,100.0,83.21106264424245
2026-03-08 16:24:38,100.0,100.0,83.21915298216639
2026-03-08 16:24:53,100.0,100.0,83.22724332009035
2026-03-08 16:25:08,100.0,100.0,83.2353336580143
2026-03-08 16:25:23,100.0,100.0,83.24342399593824
2026-03-08 16:25:38,100.0,100.0,83.25151433386219
2026-03-08 16:25:53,100.0,100.0,83.25960467178615
2026-03-08 16:26:08,100.0,100.0,83.2676950097101
2026-03-08 16:26:23,100.0,100.0,83.27578534763404
2026-03-08 16:26:38,100.0,100.0,83.28387568555799
2026-03-08 16:26:53,100.0,100.0,83.29196602348195
2026-03-08 16:27:08,100.0,100.0,83.3000563614059
2026-03-08 16:27:23,100.0,100.0,83.30814669932984
2026-03-08 16:27:38,100.0,100.0,83.31623703725379
2026-03-08 16:27:53,100.0,100.0,83.32432737517773
2026-03-08 16:28:08,100.0,100.0,83.33241771310169
2026-03-08 16:28:23,100.0,100.0,83.34050805102564
2026-03-08 16:28:38,100.0,100.0,83.34859838894958
2026-03-08 16:28:53,100.0,100.0,83.35668872687353
2026-03-08 16:29:08,100.0,100.0,83.36477906479749
2026-03-08 16:29:23,100.0,100.0,83.37286940272143
2026-03-08 16:29:38,100.0,100.0,83.38095974064538
2026-03-08 16:29:53,100.0,100.0,83.38905007856933
2026-03-08 16:30:08,100.0,100.0,83.39714041649329
2026-03-08 16:30:23,100.0,100.0,83.40523075441723
2026-03-08 16:30:38,100.0,100.0,83.41332109234118
2026-03-08 16:30:53,100.0,100.0,83.42141143026512
2026-03-08 16:31:08,100.0,100.0,83.42950176818908
2026-03-08 16:31:23,100.0,100.0,83.43759210611303
2026-03-08 16:31:38,100.0,100.0,83.44568244403698
2026-03-08 16:31:53,100.0,100.0,83.45377278196092
2026-03-08 16:32:08,100.0,100.0,83.46186311988487
2026-03-08 16:32:23,100.0,100.0,83.46995345780883
2026-03-08 16:32:38,100.0,100.0,83.47804379573277
2026-03-08 16:32:53,100.0,100.0,83.48613413365672
2026-03-08 16:33:08,100.0,100.0,83.49422447158067
2026-03-08 16:33:23,100.0,100.0,83.50231480950463
2026-03-08 16:33:38,100.0,100.0,83.51040514742857
2026-03-08 16:33:53,100.0,100.0,83.51849548535252
2026-03-08 16:34:08,100.0,100.0,83.52658582327646
2026-03-08 16:34:23,100.0,100.0,83.53467616120042
2026-03-08 16:34:38,100.0,100.0,83.54276649912437
2026-03-08 16:34:53,100.0,100.0,83.55085683704831
2026-03-08 16:35:08,100.0,100.0,83.55894717497226
2026-03-08 16:35:23,100.0,100.0,83.56703751289622
2026-03-08 16:35:38,100.0,100.0,83.57512785082017
2026-03-08 16:35:53,100.0,100.0,83.58321818874411
2026-03-08 16:36:08,100.0,100.0,83.59130852666806
2026-03-08 16:36:23,100.0,100.0,83.599398864592
2026-03-08 16:36:38,100.0,100.0,83.60748920251596
2026-03-08 16:36:53,100.0,100.0,83.61557954043991
2026-03-08 16:37:08,100.0,100.0,83.62366987836386
2026-03-08 16:37:23,100.0,100.0,83.6317602162878
2026-03-08 16:37:38,100.0,100.0,83.63985055421176
2026-03-08 16:37:53,100.0,100.0,83.64794089213571
2026-03-08 16:38:08,100.0,100.0,83.65603123005965
2026-03-08 16:38:23,100.0,100.0,83.6641215679836
2026-03-08 16:38:38,100.0,100.0,83.67221190590756
2026-03-08 16:38:53,100.0,100.0,83.6803022438315
2026-03-08 16:39:08,100.0,100.0,83.68839258175545
2026-03-08 16:39:23,100.0,100.0,83.6964829196794
2026-03-08 16:39:38,100.0,100.0,83.70457325760336
2026-03-08 16:39:53,100.0,100.0,83.7126635955273
2026-03-08 16:40:08,100.0,100.0,83.72075393345125
2026-03-08 16:40:23,100.0,100.0,83.7288442713752
2026-03-08 16:40:38,100.0,100.0,83.73693460929914
2026-03-08 16:40:53,100.0,100.0,83.7450249472231
2026-03-08 16:41:08,100.0,100.0,83.75311528514705
2026-03-08 16:41:23,100.0,100.0,83.76120562307099
2026-03-08 16:41:38,100.0,100.0,83.76929596099494
2026-03-08 16:41:53,100.0,100.0,83.7773862989189
2026-03-08 16:42:08,100.0,100.0,83.78547663684284
2026-03-08 16:42:23,100.0,100.0,83.79356697476679
2026-03-08 16:42:38,100.0,100.0,83.80165731269074
2026-03-08 16:42:53,100.0,100.0,83.8097476506147
2026-03-08 16:43:08,100.0,100.0,83.81783798853864
2026-03-08 16:43:23,100.0,100.0,83.82592832646259
2026-03-08 16:43:38,100.0,100.0,83.83401866438653
2026-03-08 16:43:53,100.0,100.0,83.8421090023105
2026-03-08 16:44:08,100.0,100.0,83.85019934023444
2026-03-08 16:44:23,100.0,100.0,83.85828967815839
2026-03-08 16:44:38,100.0,100.0,83.86638001608233
2026-03-08 16:44:53,100.0,100.0,83.87447035400628
2026-03-08 16:45:08,100.0,100.0,83.88256069193024
2026-03-08 16:45:23,100.0,100.0,83.89065102985418
2026-03-08 16:45:38,100.0,100.0,83.89874136777813
2026-03-08 16:45:53,100.0,100.0,83.90683170570207
2026-03-08 16:46:08,100.0,100.0,83.91492204362604
2026-03-08 16:46:23,100.0,100.0,83.92301238154998
2026-03-08 16:46:38,100.0,100.0,83.93110271947393
2026-03-08 16:46:53,100.0,100.0,83.93919305739787
2026-03-08 16:47:08,100.0,100.0,83.94728339532183
2026-03-08 16:47:23,100.0,100.0,83.95537373324578
2026-03-08 16:47:38,100.0,100.0,83.96346407116972
2026-03-08 16:47:53,100.0,100.0,83.97155440909367
2026-03-08 16:48:08,100.0,100.0,83.97964474701763
2026-03-08 16:48:23,100.0,100.0,83.98773508494158
2026-03-08 16:48:38,100.0,100.0,83.99582542286552
2026-03-08 16:48:53,100.0,100.0,84.00391576078947
2026-03-08 16:49:08,100.0,100.0,84.01200609871341
2026-03-08 16:49:23,100.0,100.0,84.02009643663737
2026-03-08 16:49:38,100.0,100.0,84.02818677456132
2026-03-08 16:49:53,100.0,100.0,84.03627711248527
2026-03-08 16:50:08,100.0,100.0,84.04436745040921
2026-03-08 16:50:23,100.0,100.0,84.05245778833317
2026-03-08 16:50:38,100.0,100.0,84.06054812625712
2026-03-08 16:50:53,100.0,100.0,84.06863846418106
2026-03-08 16:51:08,100.0,100.0,84.07672880210501
2026-03-08 16:51:23,100.0,100.0,84.08481914002897
2026-03-08 16:51:38,100.0,100.0,84.09290947795292
2026-03-08 16:51:53,100.0,100.0,84.10099981587686
2026-03-08 16:52:08,100.0,100.0,84.1090901538008
2026-03-08 16:52:23,100.0,100.0,84.11718049172477
2026-03-08 16:52:38,100.0,100.0,84.12527082964871
2026-03-08 16:52:53,100.0,100.0,84.13336116757266
2026-03-08 16:53:08,100.0,100.0,84.1414515054966
2026-03-08 16:53:23,100.0,100.0,84.14954184342055
2026-03-08 16:53:38,100.0,100.0,84.15763218134451
2026-03-08 16:53:53,100.0,100.0,84.16572251926846
2026-03-08 16:54:08,100.0,100.0,84.1738128571924
2026-03-08 16:54:23,100.0,100.0,84.18190319511635
2026-03-08 16:54:38,100.0,100.0,84.18999353304031
2026-03-08 16:54:53,100.0,100.0,84.19808387096425
2026-03-08 16:55:08,100.0,100.0,84.2061742088882
2026-03-08 16:55:23,100.0,100.0,84.21426454681215
2026-03-08 16:55:38,100.0,100.0,84.2223548847361
2026-03-08 16:55:53,100.0,100.0,84.23044522266005
2026-03-08 16:56:08,100.0,100.0,84.238535560584
2026-03-08 16:56:23,100.0,100.0,84.24662589850794
2026-03-08 16:56:38,100.0,100.0,84.2547162364319
2026-03-08 16:56:53,100.0,100.0,84.26280657435585
2026-03-08 16:57:08,100.0,100.0,84.2708969122798
2026-03-08 16:57:23,100.0,100.0,84.27898725020374
2026-03-08 16:57:38,100.0,100.0,84.28707758812769
2026-03-08 16:57:53,100.0,100.0,84.29516792605165
2026-03-08 16:58:08,100.0,100.0,84.3032582639756
2026-03-08 16:58:23,100.0,100.0,84.31134860189954
2026-03-08 16:58:38,100.0,100.0,84.31943893982348
2026-03-08 16:58:53,100.0,100.0,84.32752927774744
2026-03-08 16:59:08,100.0,100.0,84.33561961567139
2026-03-08 16:59:23,100.0,100.0,84.34370995359534
2026-03-08 16:59:38,100.0,100.0,84.35180029151928
2026-03-08 16:59:53,100.0,100.0,84.35989062944324
2026-03-08 17:00:08,100.0,100.0,84.36798096736719
2026-03-08 17:00:23,100.0,100.0,84.37607130529113
2026-03-08 17:00:38,100.0,100.0,84.38416164321508
2026-03-08 17:00:53,100.0,100.0,84.39225198113904
2026-03-08 17:01:08,100.0,100.0,84.40034231906299
2026-03-08 17:01:23,100.0,100.0,84.40843265698693
2026-03-08 17:01:38,100.0,100.0,84.41652299491088
2026-03-08 17:01:53,100.0,100.0,84.42461333283482
2026-03-08 17:02:08,100.0,100.0,84.43270367075878
2026-03-08 17:02:23,100.0,100.0,84.44079400868273
2026-03-08 17:02:38,100.0,100.0,84.44888434660668
2026-03-08 17:02:53,100.0,100.0,84.45697468453062
2026-03-08 17:03:08,100.0,100.0,84.46506502245458
2026-03-08 17:03:23,100.0,100.0,84.47315536037853
2026-03-08 17:03:38,100.0,100.0,84.48124569830247
2026-03-08 17:03:53,100.0,100.0,84.48933603622642
2026-03-08 17:04:08,100.0,100.0,84.49742637415038
2026-03-08 17:04:23,100.0,100.0,84.50551671207432
2026-03-08 17:04:38,100.0,100.0,84.51360704999827
2026-03-08 17:04:53,100.0,100.0,84.52169738792222
2026-03-08 17:05:08,100.0,100.0,84.52978772584618
2026-03-08 17:05:23,100.0,100.0,84.53787806377012
2026-03-08 17:05:38,100.0,100.0,84.54596840169407
2026-03-08 17:05:53,100.0,100.0,84.55405873961801
2026-03-08 17:06:08,100.0,100.0,84.56214907754196
2026-03-08 17:06:23,100.0,100.0,84.57023941546592
2026-03-08 17:06:38,100.0,100.0,84.57832975338987
2026-03-08 17:06:53,100.0,100.0,84.58642009131381
2026-03-08 17:07:08,100.0,100.0,84.59451042923776
2026-03-08 17:07:23,100.0,100.0,84.60260076716172
2026-03-08 17:07:38,100.0,100.0,84.61069110508566
2026-03-08 17:07:53,100.0,100.0,84.61878144300961
2026-03-08 17:08:08,100.0,100.0,84.62687178093356
2026-03-08 17:08:23,100.0,100.0,84.63496211885752
2026-03-08 17:08:38,100.0,100.0,84.64305245678146
2026-03-08 17:08:53,100.0,100.0,84.65114279470541
2026-03-08 17:09:08,100.0,100.0,84.65923313262935
2026-03-08 17:09:23,100.0,100.0,84.66732347055331
2026-03-08 17:09:38,100.0,100.0,84.67541380847726
2026-03-08 17:09:53,100.0,100.0,84.6835041464012
2026-03-08 17:10:08,100.0,100.0,84.69159448432515
2026-03-08 17:10:23,100.0,100.0,84.6996848222491
2026-03-08 17:10:38,100.0,100.0,84.70777516017306
2026-03-08 17:10:53,100.0,100.0,84.715865498097
2026-03-08 17:11:08,100.0,100.0,84.72395583602095
2026-03-08 17:11:23,100.0,100.0,84.7320461739449
2026-03-08 17:11:38,100.0,100.0,84.74013651186885
2026-03-08 17:11:53,100.0,100.0,84.7482268497928
2026-03-08 17:12:08,100.0,100.0,84.75631718771675
2026-03-08 17:12:23,100.0,100.0,84.76440752564069
2026-03-08 17:12:38,100.0,100.0,84.77249786356465
2026-03-08 17:12:53,100.0,100.0,84.7805882014886
2026-03-08 17:13:08,100.0,100.0,84.78867853941254
2026-03-08 17:13:23,100.0,100.0,84.79676887733649
2026-03-08 17:13:38,100.0,100.0,84.80485921526045
2026-03-08 17:13:53,100.0,100.0,84.8129495531844
2026-03-08 17:14:08,100.0,100.0,84.82103989110834
2026-03-08 17:14:23,100.0,100.0,84.82913022903229
2026-03-08 17:14:38,100.0,100.0,84.83722056695623
2026-03-08 17:14:53,100.0,100.0,84.8453109048802
2026-03-08 17:15:08,100.0,100.0,84.85340124280414
2026-03-08 17:15:23,100.0,100.0,84.86149158072809
2026-03-08 17:15:38,100.0,100.0,84.86958191865203
2026-03-08 17:15:53,100.0,100.0,84.87767225657599
2026-03-08 17:16:08,100.0,100.0,84.88576259449994
2026-03-08 17:16:23,100.0,100.0,84.89385293242388
2026-03-08 17:16:38,100.0,100.0,84.90194327034783
2026-03-08 17:16:53,100.0,100.0,84.91003360827179
2026-03-08 17:17:08,100.0,100.0,84.91812394619573
2026-03-08 17:17:23,100.0,100.0,84.92621428411968
2026-03-08 17:17:38,100.0,100.0,84.93430462204363
2026-03-08 17:17:53,100.0,100.0,84.94239495996759
2026-03-08 17:18:08,100.0,100.0,84.95048529789153
2026-03-08 17:18:23,100.0,100.0,84.95857563581548
2026-03-08 17:18:38,100.0,100.0,84.96666597373942
2026-03-08 17:18:53,100.0,100.0,84.97475631166337
2026-03-08 17:19:08,100.0,100.0,84.98284664958733
2026-03-08 17:19:23,100.0,100.0,84.99093698751128
2026-03-08 17:19:38,100.0,100.0,84.99902732543522
2026-03-08 17:19:53,100.0,100.0,85.00711766335917
2026-03-08 17:20:08,100.0,100.0,85.01520800128313
2026-03-08 17:20:23,100.0,100.0,85.02329833920707
2026-03-08 17:20:38,100.0,100.0,85.03138867713102
2026-03-08 17:20:53,100.0,100.0,85.03947901505497
2026-03-08 17:21:08,100.0,100.0,85.04756935297893
2026-03-08 17:21:23,100.0,100.0,85.05565969090287
2026-03-08 17:21:38,100.0,100.0,85.06375002882682
2026-03-08 17:21:53,100.0,100.0,85.07184036675076
2026-03-08 17:22:08,100.0,100.0,85.07993070467472
2026-03-08 17:22:23,100.0,100.0,85.08802104259867
2026-03-08 17:22:38,100.0,100.0,85.09611138052261
2026-03-08 17:22:53,100.0,100.0,85.10420171844656
2026-03-08 17:23:08,100.0,100.0,85.1122920563705
2026-03-08 17:23:23,100.0,100.0,85.12038239429447
2026-03-08 17:23:38,100.0,100.0,85.12847273221841
2026-03-08 17:23:53,100.0,100.0,85.13656307014236
2026-03-08 17:24:08,100.0,100.0,85.1446534080663
2026-03-08 17:24:23,100.0,100.0,85.15274374599026
2026-03-08 17:24:38,100.0,100.0,85.16083408391421
2026-03-08 17:24:53,100.0,100.0,85.16892442183816
2026-03-08 17:25:08,100.0,100.0,85.1770147597621
2026-03-08 17:25:23,100.0,100.0,85.18510509768606
2026-03-08 17:25:38,100.0,100.0,85.19319543561001
2026-03-08 17:25:53,100.0,100.0,85.20128577353395
2026-03-08 17:26:08,100.0,100.0,85.2093761114579
2026-03-08 17:26:23,100.0,100.0,85.21746644938186
2026-03-08 17:26:38,100.0,100.0,85.2255567873058
2026-03-08 17:26:53,100.0,100.0,85.23364712522975
2026-03-08 17:27:08,100.0,100.0,85.2417374631537
2026-03-08 17:27:23,100.0,100.0,85.24982780107764
2026-03-08 17:27:38,100.0,100.0,85.2579181390016
2026-03-08 17:27:53,100.0,100.0,85.26600847692555
2026-03-08 17:28:08,100.0,100.0,85.2740988148495
2026-03-08 17:28:23,100.0,100.0,85.28218915277344
2026-03-08 17:28:38,100.0,100.0,85.2902794906974
2026-03-08 17:28:53,100.0,100.0,85.29836982862135
2026-03-08 17:29:08,100.0,100.0,85.30646016654529
2026-03-08 17:29:23,100.0,100.0,85.31455050446924
2026-03-08 17:29:38,100.0,100.0,85.3226408423932
2026-03-08 17:29:53,100.0,100.0,85.33073118031714
2026-03-08 17:30:08,100.0,100.0,85.33882151824109
2026-03-08 17:30:23,100.0,100.0,85.34691185616504
2026-03-08 17:30:38,100.0,100.0,85.355002194089
2026-03-08 17:30:53,100.0,100.0,85.36309253201294
2026-03-08 17:31:08,100.0,100.0,85.37118286993689
2026-03-08 17:31:23,100.0,100.0,85.37927320786083
2026-03-08 17:31:38,100.0,100.0,85.38736354578478
2026-03-08 17:31:53,100.0,100.0,85.39545388370874
2026-03-08 17:32:08,100.0,100.0,85.40354422163269
2026-03-08 17:32:23,100.0,100.0,85.41163455955663
2026-03-08 17:32:38,100.0,100.0,85.41972489748058
2026-03-08 17:32:53,100.0,100.0,85.42781523540454
2026-03-08 17:33:08,100.0,100.0,85.43590557332848
2026-03-08 17:33:23,100.0,100.0,85.44399591125243
2026-03-08 17:33:38,100.0,100.0,85.45208624917638
2026-03-08 17:33:53,100.0,100.0,85.46017658710034
2026-03-08 17:34:08,100.0,100.0,85.46826692502428
2026-03-08 17:34:23,100.0,100.0,85.47635726294823
2026-03-08 17:34:38,100.0,100.0,85.48444760087217
2026-03-08 17:34:53,100.0,100.0,85.49253793879613
2026-03-08 17:35:08,100.0,100.0,85.50062827672008
2026-03-08 17:35:23,100.0,100.0,85.50871861464402
2026-03-08 17:35:38,100.0,100.0,85.51680895256797
2026-03-08 17:35:53,100.0,100.0,85.52489929049192
2026-03-08 17:36:08,100.0,100.0,85.53298962841588
2026-03-08 17:36:23,100.0,100.0,85.54107996633982
2026-03-08 17:36:38,100.0,100.0,85.54917030426377
2026-03-08 17:36:53,100.0,100.0,85.55726064218771
2026-03-08 17:37:08,100.0,100.0,85.56535098011167
2026-03-08 17:37:23,100.0,100.0,85.57344131803562
2026-03-08 17:37:38,100.0,100.0,85.58153165595957
2026-03-08 17:37:53,100.0,100.0,85.58962199388351
2026-03-08 17:38:08,100.0,100.0,85.59771233180747
2026-03-08 17:38:23,100.0,100.0,85.60580266973142
2026-03-08 17:38:38,100.0,100.0,85.61389300765536
2026-03-08 17:38:53,100.0,100.0,85.62198334557931
2026-03-08 17:39:08,100.0,100.0,85.63007368350327
2026-03-08 17:39:23,100.0,100.0,85.63816402142722
2026-03-08 17:39:38,100.0,100.0,85.64625435935116
2026-03-08 17:39:53,100.0,100.0,85.6543446972751
2026-03-08 17:40:08,100.0,100.0,85.66243503519905
2026-03-08 17:40:23,100.0,100.0,85.67052537312301
2026-03-08 17:40:38,100.0,100.0,85.67861571104696
2026-03-08 17:40:53,100.0,100.0,85.6867060489709
2026-03-08 17:41:08,100.0,100.0,85.69479638689485
2026-03-08 17:41:23,100.0,100.0,85.70288672481881
2026-03-08 17:41:38,100.0,100.0,85.71097706274276
2026-03-08 17:41:53,100.0,100.0,85.7190674006667
2026-03-08 17:42:08,100.0,100.0,85.72715773859065
2026-03-08 17:42:23,100.0,100.0,85.73524807651461
2026-03-08 17:42:38,100.0,100.0,85.74333841443855
2026-03-08 17:42:53,100.0,100.0,85.7514287523625
2026-03-08 17:43:08,100.0,100.0,85.75951909028645
2026-03-08 17:43:23,100.0,100.0,85.7676094282104
2026-03-08 17:43:38,100.0,100.0,85.77569976613435
2026-03-08 17:43:53,100.0,100.0,85.7837901040583
2026-03-08 17:44:08,100.0,100.0,85.79188044198224
2026-03-08 17:44:23,100.0,100.0,85.79997077990619
2026-03-08 17:44:38,100.0,100.0,85.80806111783015
2026-03-08 17:44:53,100.0,100.0,85.8161514557541
2026-03-08 17:45:08,100.0,100.0,85.82424179367804
2026-03-08 17:45:23,100.0,100.0,85.83233213160199
2026-03-08 17:45:38,100.0,100.0,85.84042246952595
2026-03-08 17:45:53,100.0,100.0,85.8485128074499
2026-03-08 17:46:08,100.0,100.0,85.85660314537384
2026-03-08 17:46:23,100.0,100.0,85.86469348329778
2026-03-08 17:46:38,100.0,100.0,85.87278382122174
2026-03-08 17:46:53,100.0,100.0,85.88087415914569
2026-03-08 17:47:08,100.0,100.0,85.88896449706964
2026-03-08 17:47:23,100.0,100.0,85.89705483499358
2026-03-08 17:47:38,100.0,100.0,85.90514517291754
2026-03-08 17:47:53,100.0,100.0,85.91323551084149
2026-03-08 17:48:08,100.0,100.0,85.92132584876543
2026-03-08 17:48:23,100.0,100.0,85.92941618668938
2026-03-08 17:48:38,100.0,100.0,85.93750652461333
2026-03-08 17:48:53,100.0,100.0,85.94559686253729
2026-03-08 17:49:08,100.0,100.0,85.95368720046123
2026-03-08 17:49:23,100.0,100.0,85.96177753838518
2026-03-08 17:49:38,100.0,100.0,85.96986787630912
2026-03-08 17:49:53,100.0,100.0,85.97795821423308
2026-03-08 17:50:08,100.0,100.0,85.98604855215703
2026-03-08 17:50:23,100.0,100.0,85.99413889008098
2026-03-08 17:50:38,100.0,100.0,86.00222922800492
2026-03-08 17:50:53,100.0,100.0,86.01031956592888
2026-03-08 17:51:08,100.0,100.0,86.01840990385283
2026-03-08 17:51:23,100.0,100.0,86.02650024177677
2026-03-08 17:51:38,100.0,100.0,86.03459057970072
2026-03-08 17:51:53,100.0,100.0,86.04268091762468
2026-03-08 17:52:08,100.0,100.0,86.05077125554863
2026-03-08 17:52:23,100.0,100.0,86.05886159347257
2026-03-08 17:52:38,100.0,100.0,86.06695193139652
2026-03-08 17:52:53,100.0,100.0,86.07504226932046
2026-03-08 17:53:08,100.0,100.0,86.08313260724442
2026-03-08 17:53:23,100.0,100.0,86.09122294516837
2026-03-08 17:53:38,100.0,100.0,86.09931328309231
2026-03-08 17:53:53,100.0,100.0,86.10740362101626
2026-03-08 17:54:08,100.0,100.0,86.11549395894022
2026-03-08 17:54:23,100.0,100.0,86.12358429686417
2026-03-08 17:54:38,100.0,100.0,86.13167463478811
2026-03-08 17:54:53,100.0,100.0,86.13976497271206
2026-03-08 17:55:08,100.0,100.0,86.14785531063602
2026-03-08 17:55:23,100.0,100.0,86.15594564855996
2026-03-08 17:55:38,100.0,100.0,86.16403598648391
2026-03-08 17:55:53,100.0,100.0,86.17212632440786
2026-03-08 17:56:08,100.0,100.0,86.18021666233182
2026-03-08 17:56:23,100.0,100.0,86.18830700025576
2026-03-08 17:56:38,100.0,100.0,86.19639733817971
2026-03-08 17:56:53,100.0,100.0,86.20448767610365
2026-03-08 17:57:08,100.0,100.0,86.2125780140276
2026-03-08 17:57:23,100.0,100.0,86.22066835195156
2026-03-08 17:57:38,100.0,100.0,86.2287586898755
2026-03-08 17:57:53,100.0,100.0,86.23684902779945
2026-03-08 17:58:08,100.0,100.0,86.2449393657234
2026-03-08 17:58:23,100.0,100.0,86.25302970364736
2026-03-08 17:58:38,100.0,100.0,86.2611200415713
2026-03-08 17:58:53,100.0,100.0,86.26921037949525
2026-03-08 17:59:08,100.0,100.0,86.2773007174192
2026-03-08 17:59:23,100.0,100.0,86.28539105534315
2026-03-08 17:59:38,100.0,100.0,86.2934813932671
2026-03-08 17:59:53,100.0,100.0,86.30157173119105
2026-03-08 18:00:08,100.0,100.0,86.31326091599827
2026-03-08 18:00:23,100.0,100.0,86.32809909182836
2026-03-08 18:00:38,100.0,100.0,86.34293726765846
2026-03-08 18:00:53,100.0,100.0,86.35777544348853
2026-03-08 18:01:08,100.0,100.0,86.37261361931863
2026-03-08 18:01:23,100.0,100.0,86.38745179514872
2026-03-08 18:01:38,100.0,100.0,86.40228997097881
2026-03-08 18:01:53,100.0,100.0,86.4171281468089
2026-03-08 18:02:08,100.0,100.0,86.43196632263898
2026-03-08 18:02:23,100.0,100.0,86.44680449846908
2026-03-08 18:02:38,100.0,100.0,86.46164267429917
2026-03-08 18:02:53,100.0,100.0,86.47648085012926
2026-03-08 18:03:08,100.0,100.0,86.49131902595934
2026-03-08 18:03:23,100.0,100.0,86.50615720178943
2026-03-08 18:03:38,100.0,100.0,86.52099537761953
2026-03-08 18:03:53,100.0,100.0,86.53583355344962
2026-03-08 18:04:08,100.0,100.0,86.5506717292797
2026-03-08 18:04:23,100.0,100.0,86.56550990510979
2026-03-08 18:04:38,100.0,100.0,86.58034808093988
2026-03-08 18:04:53,100.0,100.0,86.59518625676998
2026-03-08 18:05:08,100.0,100.0,86.61002443260007
2026-03-08 18:05:23,100.0,100.0,86.62486260843015
2026-03-08 18:05:38,100.0,100.0,86.63970078426024
2026-03-08 18:05:53,100.0,100.0,86.65453896009033
2026-03-08 18:06:08,100.0,100.0,86.66937713592043
2026-03-08 18:06:23,100.0,100.0,86.6842153117505
2026-03-08 18:06:38,100.0,100.0,86.6990534875806
2026-03-08 18:06:53,100.0,100.0,86.71389166341069
2026-03-08 18:07:08,100.0,100.0,86.72872983924078
2026-03-08 18:07:23,100.0,100.0,86.74356801507088
2026-03-08 18:07:38,100.0,100.0,86.75840619090096
2026-03-08 18:07:53,100.0,100.0,86.77324436673105
2026-03-08 18:08:08,100.0,100.0,86.78808254256114
2026-03-08 18:08:23,100.0,100.0,86.80292071839123
2026-03-08 18:08:38,100.0,100.0,86.81775889422131
2026-03-08 18:08:53,100.0,100.0,86.8325970700514
2026-03-08 18:09:08,100.0,100.0,86.8474352458815
2026-03-08 18:09:23,100.0,100.0,86.86227342171159
2026-03-08 18:09:38,100.0,100.0,86.87711159754168
2026-03-08 18:09:53,100.0,100.0,86.89194977337176
2026-03-08 18:10:08,100.0,100.0,86.90678794920186
2026-03-08 18:10:23,100.0,100.0,86.92162612503195
2026-03-08 18:10:38,100.0,100.0,86.93646430086204
2026-03-08 18:10:53,100.0,100.0,86.95130247669212
2026-03-08 18:11:08,100.0,100.0,86.96614065252221
2026-03-08 18:11:23,100.0,100.0,86.9809788283523
2026-03-08 18:11:38,100.0,100.0,86.9958170041824
2026-03-08 18:11:53,100.0,100.0,87.01065518001249
2026-03-08 18:12:08,100.0,100.0,87.02549335584257
2026-03-08 18:12:23,100.0,100.0,87.04033153167266
2026-03-08 18:12:38,100.0,100.0,87.05516970750276
2026-03-08 18:12:53,100.0,100.0,87.07000788333285
2026-03-08 18:13:08,100.0,100.0,87.08484605916293
2026-03-08 18:13:23,100.0,100.0,87.09968423499302
2026-03-08 18:13:38,100.0,100.0,87.11452241082311
2026-03-08 18:13:53,100.0,100.0,87.1293605866532
2026-03-08 18:14:08,100.0,100.0,87.14419876248328
2026-03-08 18:14:23,100.0,100.0,87.15903693831338
2026-03-08 18:14:38,100.0,100.0,87.17387511414347
2026-03-08 18:14:53,100.0,100.0,87.18871328997356
2026-03-08 18:15:08,100.0,100.0,87.20355146580366
2026-03-08 18:15:23,100.0,100.0,87.21838964163373
2026-03-08 18:15:38,100.0,100.0,87.23322781746383
2026-03-08 18:15:53,100.0,100.0,87.24806599329392
2026-03-08 18:16:08,100.0,100.0,87.26290416912401
2026-03-08 18:16:23,100.0,100.0,87.27774234495409
2026-03-08 18:16:38,100.0,100.0,87.29258052078418
2026-03-08 18:16:53,100.0,100.0,87.30741869661428
2026-03-08 18:17:08,100.0,100.0,87.32225687244437
2026-03-08 18:17:23,100.0,100.0,87.33709504827446
2026-03-08 18:17:38,100.0,100.0,87.35193322410454
2026-03-08 18:17:53,100.0,100.0,87.36677139993463
2026-03-08 18:18:08,100.0,99.7134670487106,87.38160957576473
2026-03-08 18:18:23,100.0,99.42693409742121,87.39644775159482
2026-03-08 18:18:38,100.0,99.14040114613181,87.4112859274249
2026-03-08 18:18:53,100.0,98.8538681948424,87.42612410325499
2026-03-08 18:19:08,100.0,98.56733524355302,87.44096227908508
2026-03-08 18:19:23,100.0,98.28080229226362,87.45580045491518
2026-03-08 18:19:38,100.0,97.99426934097421,87.47063863074527
2026-03-08 18:19:53,100.0,97.70773638968481,87.48547680657535
2026-03-08 18:20:08,100.0,97.42120343839542,87.50031498240544
2026-03-08 18:20:23,100.0,97.42120343839542,87.51515315823553
2026-03-08 18:20:38,100.0,97.42120343839542,87.52999133406563
2026-03-08 18:20:53,100.0,97.42120343839542,87.5448295098957
2026-03-08 18:21:08,100.0,97.42120343839542,87.5596676857258
2026-03-08 18:21:23,100.0,97.42120343839542,87.57450586155589
2026-03-08 18:21:38,100.0,97.42120343839542,87.58934403738598
2026-03-08 18:21:53,100.0,97.42120343839542,87.60418221321606
2026-03-08 18:22:08,100.0,97.42120343839542,87.61902038904616
2026-03-08 18:22:23,100.0,97.42120343839542,87.63385856487625
2026-03-08 18:22:38,100.0,97.42120343839542,87.64869674070634
2026-03-08 18:22:53,100.0,97.42120343839542,87.66353491653643
2026-03-08 18:23:08,100.0,97.42120343839542,87.67837309236651
2026-03-08 18:23:23,100.0,97.42120343839542,87.6932112681966
2026-03-08 18:23:38,100.0,97.42120343839542,87.7080494440267
2026-03-08 18:23:53,100.0,97.42120343839542,87.72288761985679
2026-03-08 18:24:08,100.0,97.42120343839542,87.73772579568687
2026-03-08 18:24:23,100.0,97.42120343839542,87.75256397151696
2026-03-08 18:24:38,100.0,97.42120343839542,87.76740214734706
2026-03-08 18:24:53,100.0,97.42120343839542,87.78224032317715
2026-03-08 18:25:08,100.0,97.42120343839542,87.79707849900724
2026-03-08 18:25:23,100.0,97.42120343839542,87.81191667483732
2026-03-08 18:25:38,100.0,97.42120343839542,87.82675485066741
2026-03-08 18:25:53,100.0,97.42120343839542,87.8415930264975
2026-03-08 18:26:08,100.0,97.42120343839542,87.8564312023276
2026-03-08 18:26:23,100.0,97.42120343839542,87.87126937815768
2026-03-08 18:26:38,100.0,97.42120343839542,87.88610755398777
2026-03-08 18:26:53,100.0,97.42120343839542,87.90094572981786
2026-03-08 18:27:08,100.0,97.42120343839542,87.91578390564796
2026-03-08 18:27:23,100.0,97.42120343839542,87.93062208147805
2026-03-08 18:27:38,100.0,97.42120343839542,87.94546025730813
2026-03-08 18:27:53,100.0,97.42120343839542,87.96029843313822
2026-03-08 18:28:08,100.0,97.42120343839542,87.97513660896831
2026-03-08 18:28:23,100.0,97.42120343839542,87.9899747847984
2026-03-08 18:28:38,100.0,97.45042492917847,88.00481296062848
2026-03-08 18:28:53,100.0,97.45042492917847,88.01965113645858
2026-03-08 18:29:08,100.0,97.45042492917847,88.03448931228867
2026-03-08 18:29:23,100.0,97.45042492917847,88.04932748811876
2026-03-08 18:29:38,100.0,97.45042492917847,88.06416566394886
2026-03-08 18:29:53,100.0,97.45042492917847,88.07900383977893
2026-03-08 18:30:08,100.0,97.45042492917847,88.09384201560903
2026-03-08 18:30:23,100.0,97.45042492917847,88.10868019143912
2026-03-08 18:30:38,100.0,97.45042492917847,88.12351836726921
2026-03-08 18:30:53,100.0,97.45042492917847,88.13835654309929
2026-03-08 18:31:08,100.0,97.45042492917847,88.15319471892938
2026-03-08 18:31:23,100.0,97.45042492917847,88.16803289475948
2026-03-08 18:31:38,100.0,97.45042492917847,88.18287107058957
2026-03-08 18:31:53,100.0,97.45042492917847,88.19770924641966
2026-03-08 18:32:08,100.0,97.45042492917847,88.21254742224974
2026-03-08 18:32:23,100.0,97.45042492917847,88.22738559807983
2026-03-08 18:32:38,100.0,97.45042492917847,88.24222377390993
2026-03-08 18:32:53,100.0,97.45042492917847,88.25706194974002
2026-03-08 18:33:08,100.0,97.45042492917847,88.2719001255701
2026-03-08 18:33:23,100.0,97.45042492917847,88.28673830140019
2026-03-08 18:33:38,100.0,97.45042492917847,88.30157647723028
2026-03-08 18:33:53,100.0,97.45042492917847,88.31641465306038
2026-03-08 18:34:08,100.0,97.45042492917847,88.33125282889046
2026-03-08 18:34:23,100.0,97.45042492917847,88.34609100472055
2026-03-08 18:34:38,100.0,97.45042492917847,88.36092918055064
2026-03-08 18:34:53,100.0,97.45042492917847,88.37576735638073
2026-03-08 18:35:08,100.0,97.45042492917847,88.39060553221083
2026-03-08 18:35:23,100.0,97.45042492917847,88.4054437080409
2026-03-08 18:35:38,100.0,97.45042492917847,88.420281883871
2026-03-08 18:35:53,100.0,97.45042492917847,88.43512005970109
2026-03-08 18:36:08,100.0,97.45042492917847,88.44995823553118
2026-03-08 18:36:23,100.0,97.45042492917847,88.46479641136126
2026-03-08 18:36:38,100.0,97.45042492917847,88.47963458719136
2026-03-08 18:36:53,100.0,97.45042492917847,88.49447276302145
2026-03-08 18:37:08,100.0,97.45042492917847,88.50931093885154
2026-03-08 18:37:23,100.0,97.45042492917847,88.52414911468163
2026-03-08 18:37:38,100.0,97.45042492917847,88.53898729051171
2026-03-08 18:37:53,100.0,97.45042492917847,88.5538254663418
2026-03-08 18:38:08,100.0,97.45042492917847,88.5686636421719
2026-03-08 18:38:23,100.0,97.45042492917847,88.58350181800199
2026-03-08 18:38:38,100.0,97.45042492917847,88.59833999383207
2026-03-08 18:38:53,100.0,97.45042492917847,88.61317816966216
2026-03-08 18:39:08,100.0,97.45042492917847,88.62801634549226
2026-03-08 18:39:23,100.0,97.45042492917847,88.64285452132235
2026-03-08 18:39:38,100.0,97.45042492917847,88.65769269715244
2026-03-08 18:39:53,100.0,97.45042492917847,88.67253087298252
2026-03-08 18:40:08,100.0,97.45042492917847,88.68736904881261
2026-03-08 18:40:23,100.0,97.45042492917847,88.7022072246427
2026-03-08 18:40:38,100.0,97.45042492917847,88.7170454004728
2026-03-08 18:40:53,100.0,97.45042492917847,88.73188357630288
2026-03-08 18:41:08,100.0,97.45042492917847,88.74672175213297
2026-03-08 18:41:23,100.0,97.45042492917847,88.76155992796306
2026-03-08 18:41:38,100.0,97.45042492917847,88.77639810379316
2026-03-08 18:41:53,100.0,97.45042492917847,88.79123627962323
2026-03-08 18:42:08,100.0,97.45042492917847,88.80607445545333
2026-03-08 18:42:23,100.0,97.45042492917847,88.82091263128342
2026-03-08 18:42:38,100.0,97.45042492917847,88.83575080711351
2026-03-08 18:42:53,100.0,97.45042492917847,88.8505889829436
2026-03-08 18:43:08,100.0,97.45042492917847,88.86542715877368
2026-03-08 18:43:23,100.0,97.45042492917847,88.88026533460378
2026-03-08 18:43:38,100.0,97.45042492917847,88.89510351043387
2026-03-08 18:43:53,100.0,97.45042492917847,88.90994168626396
2026-03-08 18:44:08,100.0,97.45042492917847,88.92477986209404
2026-03-08 18:44:23,100.0,97.45042492917847,88.93961803792413
2026-03-08 18:44:38,100.0,97.45042492917847,88.95445621375423
2026-03-08 18:44:53,100.0,97.45042492917847,88.96929438958432
2026-03-08 18:45:08,100.0,97.45042492917847,88.98413256541441
2026-03-08 18:45:23,100.0,97.45042492917847,88.99897074124449
2026-03-08 18:45:38,100.0,97.47899159663865,89.01380891707458
2026-03-08 18:45:53,100.0,97.47899159663865,89.02864709290468
2026-03-08 18:46:08,100.0,97.47899159663865,89.04348526873477
2026-03-08 18:46:23,100.0,97.47899159663865,89.05832344456485
2026-03-08 18:46:38,100.0,97.47899159663865,89.07316162039494
2026-03-08 18:46:53,100.0,97.47899159663865,89.08799979622503
2026-03-08 18:47:08,100.0,97.47899159663865,89.10283797205513
2026-03-08 18:47:23,100.0,97.47899159663865,89.11767614788522
2026-03-08 18:47:38,100.0,97.47899159663865,89.1325143237153
2026-03-08 18:47:53,100.0,97.47899159663865,89.14735249954539
2026-03-08 18:48:08,100.0,97.47899159663865,89.16219067537548
2026-03-08 18:48:23,100.0,97.47899159663865,89.17702885120558
2026-03-08 18:48:38,100.0,97.47899159663865,89.19186702703566
2026-03-08 18:48:53,100.0,97.47899159663865,89.20670520286575
2026-03-08 18:49:08,100.0,97.47899159663865,89.22154337869584
2026-03-08 18:49:23,100.0,97.47899159663865,89.23638155452593
2026-03-08 18:49:38,100.0,97.47899159663865,89.25121973035603
2026-03-08 18:49:53,100.0,97.47899159663865,89.2660579061861
2026-03-08 18:50:08,100.0,97.47899159663865,89.2808960820162
2026-03-08 18:50:23,100.0,97.47899159663865,89.29573425784629
2026-03-08 18:50:38,100.0,97.47899159663865,89.31057243367638
2026-03-08 18:50:53,100.0,97.47899159663865,89.32541060950646
2026-03-08 18:51:08,100.0,97.47899159663865,89.34024878533656
2026-03-08 18:51:23,100.0,97.47899159663865,89.35508696116665
2026-03-08 18:51:38,100.0,97.47899159663865,89.36992513699674
2026-03-08 18:51:53,100.0,97.47899159663865,89.38476331282683
2026-03-08 18:52:08,100.0,97.47899159663865,89.39960148865691
2026-03-08 18:52:23,100.0,97.47899159663865,89.414439664487
2026-03-08 18:52:38,100.0,97.47899159663865,89.4292778403171
2026-03-08 18:52:53,100.0,97.47899159663865,89.44411601614719
2026-03-08 18:53:08,100.0,97.47899159663865,89.45895419197727
2026-03-08 18:53:23,100.0,97.47899159663865,89.47379236780736
2026-03-08 18:53:38,100.0,97.47899159663865,89.48863054363746
2026-03-08 18:53:53,100.0,97.47899159663865,89.50346871946755
2026-03-08 18:54:08,100.0,97.47899159663865,89.51830689529763
2026-03-08 18:54:23,100.0,97.47899159663865,89.53314507112772
2026-03-08 18:54:38,100.0,97.47899159663865,89.54798324695781
2026-03-08 18:54:53,100.0,97.47899159663865,89.5628214227879
2026-03-08 18:55:08,100.0,97.47899159663865,89.577659598618
2026-03-08 18:55:23,100.0,97.47899159663865,89.59249777444808
2026-03-08 18:55:38,100.0,97.47899159663865,89.60733595027817
2026-03-08 18:55:53,100.0,97.47899159663865,89.62217412610826
2026-03-08 18:56:08,100.0,97.47899159663865,89.63701230193836
2026-03-08 18:56:23,100.0,97.47899159663865,89.65185047776843
2026-03-08 18:56:38,100.0,97.47899159663865,89.66668865359853
2026-03-08 18:56:53,100.0,97.47899159663865,89.68152682942862
2026-03-08 18:57:08,100.0,97.47899159663865,89.69636500525871
2026-03-08 18:57:23,100.0,97.47899159663865,89.7112031810888
2026-03-08 18:57:38,100.0,97.47899159663865,89.72604135691888
2026-03-08 18:57:53,100.0,97.47899159663865,89.74087953274898
2026-03-08 18:58:08,100.0,97.47899159663865,89.75571770857907
2026-03-08 18:58:23,100.0,97.47899159663865,89.77055588440916
2026-03-08 18:58:38,100.0,97.47899159663865,89.78539406023924
2026-03-08 18:58:53,100.0,97.47899159663865,89.80023223606933
2026-03-08 18:59:08,100.0,97.47899159663865,89.81507041189943
2026-03-08 18:59:23,100.0,97.47899159663865,89.82990858772952
2026-03-08 18:59:38,100.0,97.47899159663865,89.84474676355961
2026-03-08 18:59:53,100.0,97.47899159663865,89.85958493938969
2026-03-08 19:00:08,100.0,97.47899159663865,89.87442311521978
2026-03-08 19:00:23,100.0,97.47899159663865,89.88926129104988
2026-03-08 19:00:38,100.0,97.47899159663865,89.90409946687997
2026-03-08 19:00:53,100.0,97.47899159663865,89.91893764271005
2026-03-08 19:01:08,100.0,97.47899159663865,89.93377581854014
2026-03-08 19:01:23,100.0,97.47899159663865,89.94861399437023
2026-03-08 19:01:38,100.0,97.47899159663865,89.96345217020033
2026-03-08 19:01:53,100.0,97.47899159663865,89.9782903460304
2026-03-08 19:02:08,87.5,97.47899159663865,89.9931285218605
2026-03-08 19:02:23,87.5,97.50692520775624,90.00796669769059
2026-03-08 19:02:38,87.5,97.50692520775624,90.02280487352068
2026-03-08 19:02:53,87.5,97.50692520775624,90.03764304935078
2026-03-08 19:03:08,87.5,97.50692520775624,90.05248122518086
2026-03-08 19:03:23,87.5,97.50692520775624,90.06731940101095
2026-03-08 19:03:38,87.5,97.50692520775624,90.08215757684104
2026-03-08 19:03:53,87.5,97.50692520775624,90.09699575267113
2026-03-08 19:04:08,87.5,97.50692520775624,90.11183392850121
2026-03-08 19:04:23,87.5,97.50692520775624,90.1266721043313
2026-03-08 19:04:38,87.5,97.50692520775624,90.1415102801614
2026-03-08 19:04:53,87.5,97.50692520775624,90.15634845599149
2026-03-08 19:05:08,87.5,97.50692520775624,90.17118663182158
2026-03-08 19:05:23,87.5,97.50692520775624,90.18602480765166
2026-03-08 19:05:38,87.5,97.50692520775624,90.20086298348176
2026-03-08 19:05:53,87.5,97.50692520775624,90.21570115931185
2026-03-08 19:06:08,87.5,97.50692520775624,90.23053933514194
2026-03-08 19:06:23,87.5,97.50692520775624,90.24537751097202
2026-03-08 19:06:38,87.5,97.50692520775624,90.26021568680211
2026-03-08 19:06:53,87.5,97.50692520775624,90.2750538626322
2026-03-08 19:07:08,87.5,97.50692520775624,90.2898920384623
2026-03-08 19:07:23,87.5,97.50692520775624,90.30473021429239
2026-03-08 19:07:38,87.5,97.50692520775624,90.31956839012247
2026-03-08 19:07:53,87.5,97.50692520775624,90.33440656595256
2026-03-08 19:08:08,87.5,97.50692520775624,90.34924474178266
2026-03-08 19:08:23,87.5,97.50692520775624,90.36408291761275
2026-03-08 19:08:38,87.5,97.50692520775624,90.37892109344283
2026-03-08 19:08:53,87.5,97.50692520775624,90.39375926927292
2026-03-08 19:09:08,87.5,97.50692520775624,90.40859744510301
2026-03-08 19:09:23,87.5,97.50692520775624,90.4234356209331
2026-03-08 19:09:38,87.5,97.50692520775624,90.43827379676318
2026-03-08 19:09:53,87.5,97.50692520775624,90.45311197259328
2026-03-08 19:10:08,87.5,97.50692520775624,90.46795014842337
2026-03-08 19:10:23,87.5,97.50692520775624,90.48278832425346
2026-03-08 19:10:38,87.5,97.50692520775624,90.49762650008356
2026-03-08 19:10:53,87.5,97.50692520775624,90.51246467591363
2026-03-08 19:11:08,87.5,97.50692520775624,90.52730285174373
2026-03-08 19:11:23,87.5,97.50692520775624,90.54214102757382
2026-03-08 19:11:38,87.5,97.50692520775624,90.55697920340391
2026-03-08 19:11:53,87.5,97.50692520775624,90.571817379234
2026-03-08 19:12:08,87.5,97.50692520775624,90.58665555506408
2026-03-08 19:12:23,87.5,97.50692520775624,90.60149373089418
2026-03-08 19:12:38,87.5,97.50692520775624,90.61633190672427
2026-03-08 19:12:53,87.5,97.50692520775624,90.63117008255436
2026-03-08 19:13:08,87.5,97.50692520775624,90.64600825838444
2026-03-08 19:13:23,87.5,97.50692520775624,90.66084643421453
2026-03-08 19:13:38,87.5,97.50692520775624,90.67568461004463
2026-03-08 19:13:53,87.5,97.50692520775624,90.69052278587472
2026-03-08 19:14:08,87.5,97.50692520775624,90.7053609617048
2026-03-08 19:14:23,87.5,97.50692520775624,90.72019913753489
2026-03-08 19:14:38,87.5,97.50692520775624,90.73503731336498
2026-03-08 19:14:53,87.5,97.50692520775624,90.74987548919508
2026-03-08 19:15:08,87.5,97.50692520775624,90.76471366502517
2026-03-08 19:15:23,87.5,97.50692520775624,90.77955184085525
2026-03-08 19:15:38,87.5,97.50692520775624,90.79439001668534
2026-03-08 19:15:53,87.5,97.50692520775624,90.80922819251543
2026-03-08 19:16:08,87.5,97.50692520775624,90.82406636834553
2026-03-08 19:16:23,87.5,97.50692520775624,90.8389045441756
2026-03-08 19:16:38,87.5,97.50692520775624,90.8537427200057
2026-03-08 19:16:53,87.5,97.50692520775624,90.86858089583579
2026-03-08 19:17:08,87.5,97.50692520775624,90.88341907166588
2026-03-08 19:17:23,87.5,97.50692520775624,90.89825724749598
2026-03-08 19:17:38,87.5,97.50692520775624,90.91309542332606
2026-03-08 19:17:53,87.5,97.50692520775624,90.92793359915615
2026-03-08 19:18:08,87.5,97.50692520775624,90.94277177498624
2026-03-08 19:18:23,87.5,97.50692520775624,90.95760995081633
2026-03-08 19:18:38,87.5,97.50692520775624,90.97244812664641
2026-03-08 19:18:53,87.5,97.50692520775624,90.9872863024765
2026-03-08 19:19:08,87.5,97.53424657534246,91.0021244783066
2026-03-08 19:19:23,87.5,97.53424657534246,91.01696265413669
2026-03-08 19:19:38,87.5,97.53424657534246,91.03180082996678
2026-03-08 19:19:53,87.5,97.53424657534246,91.04663900579686
2026-03-08 19:20:08,87.5,97.53424657534246,91.06147718162696
2026-03-08 19:20:23,87.5,97.53424657534246,91.07631535745705
2026-03-08 19:20:38,87.5,97.53424657534246,91.09115353328714
2026-03-08 19:20:53,87.5,97.53424657534246,91.10599170911722
2026-03-08 19:21:08,87.5,97.53424657534246,91.12082988494731
2026-03-08 19:21:23,87.5,97.53424657534246,91.1356680607774
2026-03-08 19:21:38,87.5,97.53424657534246,91.1505062366075
2026-03-08 19:21:53,87.5,97.53424657534246,91.16534441243758
2026-03-08 19:22:08,87.5,97.53424657534246,91.18018258826767
2026-03-08 19:22:23,87.5,97.53424657534246,91.19502076409776
2026-03-08 19:22:38,87.5,97.53424657534246,91.20985893992786
2026-03-08 19:22:53,87.5,97.53424657534246,91.22469711575795
2026-03-08 19:23:08,87.5,97.53424657534246,91.23953529158803
2026-03-08 19:23:23,87.5,97.53424657534246,91.25437346741812
2026-03-08 19:23:38,87.5,97.53424657534246,91.26921164324821
2026-03-08 19:23:53,87.5,97.53424657534246,91.2840498190783
2026-03-08 19:24:08,87.5,97.53424657534246,91.29888799490838
2026-03-08 19:24:23,87.5,97.53424657534246,91.31372617073848
2026-03-08 19:24:38,87.5,97.53424657534246,91.32856434656857
2026-03-08 19:24:53,87.5,97.53424657534246,91.34340252239866
2026-03-08 19:25:08,87.5,97.53424657534246,91.35824069822876
2026-03-08 19:25:23,87.5,97.53424657534246,91.37307887405883
2026-03-08 19:25:38,87.5,97.53424657534246,91.38791704988893
2026-03-08 19:25:53,87.5,97.53424657534246,91.40275522571902
2026-03-08 19:26:08,87.5,97.53424657534246,91.41759340154911
2026-03-08 19:26:23,87.5,97.53424657534246,91.43243157737919
2026-03-08 19:26:38,87.5,97.53424657534246,91.44726975320928
2026-03-08 19:26:53,87.5,97.53424657534246,91.46210792903938
2026-03-08 19:27:08,87.5,97.53424657534246,91.47694610486947
2026-03-08 19:27:23,87.5,97.53424657534246,91.49178428069956
2026-03-08 19:27:38,87.5,97.53424657534246,91.50662245652964
2026-03-08 19:27:53,87.5,97.53424657534246,91.52146063235973
2026-03-08 19:28:08,87.5,97.53424657534246,91.53629880818983
2026-03-08 19:28:23,87.5,97.53424657534246,91.55113698401992
2026-03-08 19:28:38,87.5,97.53424657534246,91.56597515985
2026-03-08 19:28:53,87.5,97.53424657534246,91.58081333568009
2026-03-08 19:29:08,87.5,97.53424657534246,91.59565151151018
2026-03-08 19:29:23,87.5,97.53424657534246,91.61048968734028
2026-03-08 19:29:38,87.5,97.53424657534246,91.62532786317036
2026-03-08 19:29:53,87.5,97.53424657534246,91.64016603900045
2026-03-08 19:30:08,87.5,97.53424657534246,91.65500421483054
2026-03-08 19:30:23,87.5,97.53424657534246,91.66984239066063
2026-03-08 19:30:38,87.5,97.53424657534246,91.68468056649073
2026-03-08 19:30:53,87.5,97.53424657534246,91.6995187423208
2026-03-08 19:31:08,87.5,97.53424657534246,91.7143569181509
2026-03-08 19:31:23,87.5,97.53424657534246,91.72919509398099
2026-03-08 19:31:38,87.5,97.53424657534246,91.74403326981108
2026-03-08 19:31:53,87.5,97.53424657534246,91.75887144564118
2026-03-08 19:32:08,87.5,97.53424657534246,91.77370962147126
2026-03-08 19:32:23,87.5,97.53424657534246,91.78854779730135
2026-03-08 19:32:38,87.5,97.53424657534246,91.80338597313144
2026-03-08 19:32:53,87.5,97.53424657534246,91.81822414896153
2026-03-08 19:33:08,87.5,97.53424657534246,91.83306232479161
2026-03-08 19:33:23,87.5,97.53424657534246,91.8479005006217
2026-03-08 19:33:38,87.5,97.53424657534246,91.8627386764518
2026-03-08 19:33:53,87.5,97.53424657534246,91.87757685228189
2026-03-08 19:34:08,87.5,97.53424657534246,91.89241502811197
2026-03-08 19:34:23,87.5,97.53424657534246,91.90725320394206
2026-03-08 19:34:38,87.5,97.53424657534246,91.92209137977216
2026-03-08 19:34:53,87.5,97.53424657534246,91.93692955560225
2026-03-08 19:35:08,87.5,97.53424657534246,91.95176773143234
2026-03-08 19:35:23,87.5,97.53424657534246,91.96660590726242
2026-03-08 19:35:38,87.5,97.53424657534246,91.98144408309251
2026-03-08 19:35:53,87.5,97.53424657534246,91.9962822589226
2026-03-08 19:36:08,87.5,97.5609756097561,92.0111204347527
2026-03-08 19:36:23,87.5,97.5609756097561,92.02595861058278
2026-03-08 19:36:38,87.5,97.5609756097561,92.04079678641287
2026-03-08 19:36:53,87.5,97.5609756097561,92.05563496224296
2026-03-08 19:37:08,87.5,97.5609756097561,92.07047313807305
2026-03-08 19:37:23,87.5,97.5609756097561,92.08531131390315
2026-03-08 19:37:38,87.5,97.5609756097561,92.10014948973323
2026-03-08 19:37:53,87.5,97.5609756097561,92.11498766556332
2026-03-08 19:38:08,87.5,97.5609756097561,92.12982584139341
2026-03-08 19:38:23,87.5,97.5609756097561,92.1446640172235
2026-03-08 19:38:38,87.5,97.5609756097561,92.15950219305358
2026-03-08 19:38:53,87.5,97.5609756097561,92.17434036888368
2026-03-08 19:39:08,87.5,97.5609756097561,92.18917854471377
2026-03-08 19:39:23,87.5,97.5609756097561,92.20401672054386
2026-03-08 19:39:38,87.5,97.5609756097561,92.21885489637395
2026-03-08 19:39:53,87.5,97.5609756097561,92.23369307220403
2026-03-08 19:40:08,87.5,97.5609756097561,92.24853124803413
2026-03-08 19:40:23,87.5,97.5609756097561,92.26336942386422
2026-03-08 19:40:38,87.5,97.5609756097561,92.27820759969431
2026-03-08 19:40:53,87.5,97.5609756097561,92.29304577552439
2026-03-08 19:41:08,87.5,97.5609756097561,92.30788395135448
2026-03-08 19:41:23,87.5,97.5609756097561,92.32272212718458
2026-03-08 19:41:38,87.5,97.5609756097561,92.33756030301467
2026-03-08 19:41:53,87.5,97.5609756097561,92.35239847884475
2026-03-08 19:42:08,87.5,97.5609756097561,92.36723665467484
2026-03-08 19:42:23,87.5,97.5609756097561,92.38207483050493
2026-03-08 19:42:38,87.5,97.5609756097561,92.39691300633503
2026-03-08 19:42:53,87.5,97.289972899729,92.41175118216512
2026-03-08 19:43:08,87.5,97.01897018970189,92.4265893579952
2026-03-08 19:43:23,87.5,96.7479674796748,92.44142753382529
2026-03-08 19:43:38,87.5,96.4769647696477,92.45626570965538
2026-03-08 19:43:53,87.5,96.4769647696477,92.47110388548548
2026-03-08 19:44:08,87.5,96.4769647696477,92.48594206131555
2026-03-08 19:44:23,87.5,96.4769647696477,92.50078023714565
2026-03-08 19:44:38,87.5,96.4769647696477,92.51561841297574
2026-03-08 19:44:53,87.5,96.4769647696477,92.53045658880583
2026-03-08 19:45:08,87.5,96.4769647696477,92.54529476463593
2026-03-08 19:45:23,87.5,96.4769647696477,92.560132940466
2026-03-08 19:45:38,87.5,96.4769647696477,92.5749711162961
2026-03-08 19:45:53,87.5,96.4769647696477,92.58980929212619
2026-03-08 19:46:08,87.5,96.4769647696477,92.60464746795628
2026-03-08 19:46:23,87.5,96.4769647696477,92.61948564378636
2026-03-08 19:46:38,87.5,96.4769647696477,92.63432381961645
2026-03-08 19:46:53,87.5,96.4769647696477,92.64916199544655
2026-03-08 19:47:08,87.5,96.4769647696477,92.66400017127664
2026-03-08 19:47:23,87.5,96.4769647696477,92.67883834710673
2026-03-08 19:47:38,87.5,96.4769647696477,92.69367652293681
2026-03-08 19:47:53,87.5,96.7479674796748,92.7085146987669
2026-03-08 19:48:08,87.5,97.01897018970189,92.723352874597
2026-03-08 19:48:23,87.5,97.289972899729,92.73819105042709
2026-03-08 19:48:38,87.5,97.5609756097561,92.75302922625717
2026-03-08 19:48:53,87.5,97.8319783197832,92.76786740208726
2026-03-08 19:49:08,87.5,98.1029810298103,92.78270557791735
2026-03-08 19:49:23,87.5,98.3739837398374,92.79754375374745
2026-03-08 19:49:38,87.5,98.6449864498645,92.81238192957753
2026-03-08 19:49:53,87.5,98.91598915989161,92.82722010540762
2026-03-08 19:50:08,87.5,98.91598915989161,92.84205828123771
2026-03-08 19:50:23,87.5,98.91598915989161,92.8568964570678
2026-03-08 19:50:38,87.5,98.91598915989161,92.8717346328979
2026-03-08 19:50:53,87.5,98.91598915989161,92.88657280872798
2026-03-08 19:51:08,87.5,98.91598915989161,92.90141098455807
2026-03-08 19:51:23,87.5,98.91598915989161,92.91624916038816
2026-03-08 19:51:38,87.5,98.91598915989161,92.93108733621825
2026-03-08 19:51:53,87.5,98.91598915989161,92.94592551204835
2026-03-08 19:52:08,87.5,98.91598915989161,92.96076368787843
2026-03-08 19:52:23,87.5,98.91598915989161,92.97560186370852
2026-03-08 19:52:38,87.5,98.91598915989161,92.99044003953861
2026-03-08 19:52:53,87.5,98.92761394101876,93.0052782153687
2026-03-08 19:53:08,87.5,98.92761394101876,93.02011639119878
2026-03-08 19:53:23,87.5,98.92761394101876,93.03495456702888
2026-03-08 19:53:38,87.5,98.92761394101876,93.04979274285897
2026-03-08 19:53:53,87.5,98.92761394101876,93.06463091868906
2026-03-08 19:54:08,87.5,98.92761394101876,93.07946909451914
2026-03-08 19:54:23,87.5,98.92761394101876,93.09430727034923
2026-03-08 19:54:38,87.5,98.92761394101876,93.10914544617933
2026-03-08 19:54:53,87.5,98.92761394101876,93.12398362200942
2026-03-08 19:55:08,87.5,98.92761394101876,93.13882179783951
2026-03-08 19:55:23,87.5,98.92761394101876,93.15365997366959
2026-03-08 19:55:38,87.5,98.92761394101876,93.16849814949968
2026-03-08 19:55:53,87.5,98.92761394101876,93.18333632532978
2026-03-08 19:56:08,87.5,98.92761394101876,93.19817450115987
2026-03-08 19:56:23,87.5,98.92761394101876,93.21301267698995
2026-03-08 19:56:38,87.5,98.92761394101876,93.22785085282004
2026-03-08 19:56:53,87.5,98.92761394101876,93.24268902865013
2026-03-08 19:57:08,87.5,98.92761394101876,93.25752720448023
2026-03-08 19:57:23,87.5,98.92761394101876,93.27236538031032
2026-03-08 19:57:38,87.5,98.92761394101876,93.2872035561404
2026-03-08 19:57:53,87.5,98.92761394101876,93.30204173197049
2026-03-08 19:58:08,87.5,98.92761394101876,93.31687990780058
2026-03-08 19:58:23,87.5,98.92761394101876,93.33171808363068
2026-03-08 19:58:38,87.5,98.92761394101876,93.34655625946075
2026-03-08 19:58:53,87.5,98.92761394101876,93.36139443529085
2026-03-08 19:59:08,87.5,98.92761394101876,93.37623261112094
2026-03-08 19:59:23,87.5,98.92761394101876,93.39107078695103
2026-03-08 19:59:38,87.5,98.92761394101876,93.40590896278113
2026-03-08 19:59:53,87.5,98.92761394101876,93.4207471386112
2026-03-08 20:00:08,87.5,98.92761394101876,93.4291047344739
2026-03-08 20:00:23,87.5,98.92761394101876,93.4317918228651
2026-03-08 20:00:38,87.5,98.92761394101876,93.4344789112563
2026-03-08 20:00:53,87.5,98.92761394101876,93.4371659996475
2026-03-08 20:01:08,87.5,98.92761394101876,93.4398530880387
2026-03-08 20:01:23,87.5,98.92761394101876,93.44254017642992
2026-03-08 20:01:38,87.5,98.92761394101876,93.44522726482111
2026-03-08 20:01:53,87.5,98.92761394101876,93.44791435321231
2026-03-08 20:02:08,87.5,98.92761394101876,93.45060144160352
2026-03-08 20:02:23,87.5,98.92761394101876,93.45328852999472
2026-03-08 20:02:38,87.5,98.92761394101876,93.45597561838592
2026-03-08 20:02:53,87.5,98.65951742627345,93.45866270677713
2026-03-08 20:03:08,87.5,98.39142091152814,93.46134979516833
2026-03-08 20:03:23,87.5,98.12332439678283,93.46403688355954
2026-03-08 20:03:38,87.5,97.85522788203752,93.46672397195074
2026-03-08 20:03:53,87.5,97.58713136729223,93.46941106034194
2026-03-08 20:04:08,87.5,97.31903485254692,93.47209814873315
2026-03-08 20:04:23,87.5,97.05093833780161,93.47478523712435
2026-03-08 20:04:38,87.5,96.7828418230563,93.47747232551555
2026-03-08 20:04:53,87.5,96.51474530831099,93.48015941390676
2026-03-08 20:05:08,87.5,96.24664879356568,93.48284650229796
2026-03-08 20:05:23,87.5,95.97855227882037,93.48553359068916
2026-03-08 20:05:38,87.5,95.71045576407506,93.48822067908037
2026-03-08 20:05:53,87.5,95.71045576407506,93.49090776747157
2026-03-08 20:06:08,87.5,95.71045576407506,93.49359485586278
2026-03-08 20:06:23,87.5,95.71045576407506,93.49628194425398
2026-03-08 20:06:38,87.5,95.71045576407506,93.49896903264518
2026-03-08 20:06:53,87.5,95.71045576407506,93.50165612103639
2026-03-08 20:07:08,87.5,95.71045576407506,93.50434320942759
2026-03-08 20:07:23,87.5,95.71045576407506,93.50703029781879
2026-03-08 20:07:38,87.5,95.71045576407506,93.50971738621
2026-03-08 20:07:53,87.5,95.71045576407506,93.5124044746012
2026-03-08 20:08:08,87.5,95.71045576407506,93.51509156299241
2026-03-08 20:08:23,87.5,95.71045576407506,93.51777865138361
2026-03-08 20:08:38,87.5,95.71045576407506,93.5204657397748
2026-03-08 20:08:53,87.5,95.71045576407506,93.52315282816602
2026-03-08 20:09:08,87.5,95.71045576407506,93.52583991655722
2026-03-08 20:09:23,87.5,95.71045576407506,93.52852700494842
2026-03-08 20:09:38,87.5,95.71045576407506,93.53121409333963
2026-03-08 20:09:53,87.5,95.71045576407506,93.53390118173083
2026-03-08 20:10:08,100.0,95.71045576407506,93.53658827012202
2026-03-08 20:10:23,100.0,95.71045576407506,93.53927535851324
2026-03-08 20:10:38,87.5,95.71045576407506,93.54196244690444
2026-03-08 20:10:53,100.0,95.71045576407506,93.54464953529565
2026-03-08 20:11:08,100.0,95.71045576407506,93.54733662368685
2026-03-08 20:11:23,100.0,95.71045576407506,93.55002371207804
2026-03-08 20:11:38,100.0,95.71045576407506,93.55271080046926
2026-03-08 20:11:53,100.0,95.71045576407506,93.55539788886045
2026-03-08 20:12:08,100.0,95.71045576407506,93.55808497725165
2026-03-08 20:12:23,100.0,95.71045576407506,93.56077206564287
2026-03-08 20:12:38,100.0,95.71045576407506,93.56345915403406
2026-03-08 20:12:53,100.0,95.71045576407506,93.56614624242526
2026-03-08 20:13:08,100.0,95.71045576407506,93.56883333081647
2026-03-08 20:13:23,100.0,95.71045576407506,93.57152041920767
2026-03-08 20:13:38,100.0,95.71045576407506,93.57420750759889
2026-03-08 20:13:53,100.0,95.71045576407506,93.57689459599008
2026-03-08 20:14:08,100.0,95.71045576407506,93.57958168438128
2026-03-08 20:14:23,100.0,95.71045576407506,93.5822687727725
2026-03-08 20:14:38,100.0,95.71045576407506,93.58495586116369
2026-03-08 20:14:53,100.0,95.71045576407506,93.58764294955489
2026-03-08 20:15:08,100.0,95.71045576407506,93.5903300379461
2026-03-08 20:15:23,100.0,95.71045576407506,93.5930171263373
2026-03-08 20:15:38,100.0,95.71045576407506,93.59570421472851
2026-03-08 20:15:53,100.0,95.71045576407506,93.59839130311971
2026-03-08 20:16:08,100.0,95.71045576407506,93.60107839151091
2026-03-08 20:16:23,100.0,95.71045576407506,93.60376547990212
2026-03-08 20:16:38,100.0,95.71045576407506,93.60645256829332
2026-03-08 20:16:53,100.0,95.71045576407506,93.60913965668452
2026-03-08 20:17:08,100.0,95.71045576407506,93.61182674507573
2026-03-08 20:17:23,100.0,95.71045576407506,93.61451383346693
2026-03-08 20:17:38,100.0,95.71045576407506,93.61720092185813
2026-03-08 20:17:53,100.0,95.71045576407506,93.61988801024934
2026-03-08 20:18:08,100.0,95.71045576407506,93.62257509864054
2026-03-08 20:18:23,100.0,95.71045576407506,93.62526218703175
2026-03-08 20:18:38,100.0,95.71045576407506,93.62794927542295
2026-03-08 20:18:53,100.0,95.71045576407506,93.63063636381415
2026-03-08 20:19:08,100.0,95.71045576407506,93.63332345220536
2026-03-08 20:19:23,100.0,95.71045576407506,93.63601054059656
2026-03-08 20:19:38,100.0,95.71045576407506,93.63869762898776
2026-03-08 20:19:53,100.0,95.71045576407506,93.64138471737897
2026-03-08 20:20:08,100.0,95.44235924932975,93.64407180577017
2026-03-08 20:20:23,100.0,95.17426273458445,93.64675889416137
2026-03-08 20:20:38,100.0,94.90616621983914,93.64944598255258
2026-03-08 20:20:53,100.0,94.63806970509383,93.65213307094378
2026-03-08 20:21:08,100.0,94.36997319034852,93.65482015933499
2026-03-08 20:21:23,100.0,94.10187667560321,93.65750724772619
2026-03-08 20:21:38,100.0,93.8337801608579,93.66019433611739
2026-03-08 20:21:53,100.0,93.5656836461126,93.6628814245086
2026-03-08 20:22:08,100.0,93.2975871313673,93.6655685128998
2026-03-08 20:22:23,100.0,93.02949061662198,93.668255601291
2026-03-08 20:22:38,100.0,92.76139410187668,93.6709426896822
2026-03-08 20:22:53,100.0,92.49329758713137,93.6736297780734
2026-03-08 20:23:08,100.0,92.22520107238606,93.67631686646462
2026-03-08 20:23:23,100.0,92.22520107238606,93.67900395485582
2026-03-08 20:23:38,100.0,92.22520107238606,93.68169104324701
2026-03-08 20:23:53,100.0,92.22520107238606,93.68437813163823
2026-03-08 20:24:08,100.0,92.22520107238606,93.68706522002942
2026-03-08 20:24:23,100.0,92.22520107238606,93.68975230842062
2026-03-08 20:24:38,100.0,92.22520107238606,93.69243939681184
2026-03-08 20:24:53,100.0,92.22520107238606,93.69512648520303
2026-03-08 20:25:08,100.0,92.22520107238606,93.69781357359423
2026-03-08 20:25:23,100.0,92.22520107238606,93.70050066198544
2026-03-08 20:25:38,100.0,92.22520107238606,93.70318775037664
2026-03-08 20:25:53,100.0,92.22520107238606,93.70587483876785
2026-03-08 20:26:08,100.0,92.22520107238606,93.70856192715905
2026-03-08 20:26:23,100.0,92.22520107238606,93.71124901555025
2026-03-08 20:26:38,100.0,92.22520107238606,93.71393610394146
2026-03-08 20:26:53,100.0,92.22520107238606,93.71662319233266
2026-03-08 20:27:08,100.0,92.22520107238606,93.71931028072386
2026-03-08 20:27:23,100.0,92.22520107238606,93.72199736911507
2026-03-08 20:27:38,100.0,92.22520107238606,93.72468445750627
2026-03-08 20:27:53,100.0,91.95710455764075,93.72737154589747
2026-03-08 20:28:08,100.0,91.68900804289544,93.73005863428868
2026-03-08 20:28:23,100.0,91.42091152815014,93.73274572267988
2026-03-08 20:28:38,100.0,91.15281501340483,93.73543281107109
2026-03-08 20:28:53,100.0,90.88471849865952,93.73811989946229
2026-03-08 20:29:08,100.0,90.61662198391421,93.74080698785349
2026-03-08 20:29:23,100.0,90.3485254691689,93.7434940762447
2026-03-08 20:29:38,100.0,90.0804289544236,93.7461811646359
2026-03-08 20:29:53,100.0,89.81233243967829,93.7488682530271
2026-03-08 20:30:08,100.0,89.54423592493298,93.75155534141831
2026-03-08 20:30:23,100.0,89.27613941018767,93.75424242980951
2026-03-08 20:30:38,100.0,89.00804289544236,93.75692951820072
2026-03-08 20:30:53,100.0,88.73994638069705,93.75961660659192
2026-03-08 20:31:08,100.0,88.47184986595174,93.76230369498312
2026-03-08 20:31:23,100.0,88.20375335120644,93.76499078337433
2026-03-08 20:31:38,100.0,87.93565683646113,93.76767787176553
2026-03-08 20:31:53,100.0,87.66756032171583,93.77036496015673
2026-03-08 20:32:08,100.0,87.39946380697052,93.77305204854794
2026-03-08 20:32:23,100.0,87.1313672922252,93.77573913693914
2026-03-08 20:32:38,100.0,86.8632707774799,93.77842622533034
2026-03-08 20:32:53,100.0,86.59517426273459,93.78111331372155
2026-03-08 20:33:08,100.0,86.32707774798928,93.78380040211275
2026-03-08 20:33:23,100.0,86.05898123324397,93.78648749050396
2026-03-08 20:33:38,100.0,85.79088471849866,93.78917457889516
2026-03-08 20:33:53,100.0,85.52278820375335,93.79186166728635
2026-03-08 20:34:08,100.0,85.25469168900804,93.79454875567757
2026-03-08 20:34:23,100.0,84.98659517426273,93.79723584406877
2026-03-08 20:34:38,100.0,84.71849865951742,93.79992293245996
2026-03-08 20:34:53,100.0,84.45040214477211,93.80261002085118
2026-03-08 20:35:08,100.0,84.1823056300268,93.80529710924237
2026-03-08 20:35:23,100.0,83.91420911528151,93.80798419763357
2026-03-08 20:35:38,100.0,83.6461126005362,93.81067128602479
2026-03-08 20:35:53,100.0,83.37801608579089,93.81335837441598
2026-03-08 20:36:08,100.0,83.10991957104558,93.8160454628072
2026-03-08 20:36:23,100.0,83.10991957104558,93.8187325511984
2026-03-08 20:36:38,100.0,83.10991957104558,93.82141963958959
2026-03-08 20:36:53,100.0,83.10991957104558,93.8241067279808
2026-03-08 20:37:08,100.0,83.10991957104558,93.826793816372
2026-03-08 20:37:23,100.0,83.10991957104558,93.8294809047632
2026-03-08 20:37:38,100.0,83.10991957104558,93.83216799315441
2026-03-08 20:37:53,100.0,83.10991957104558,93.83485508154561
2026-03-08 20:38:08,100.0,83.10991957104558,93.83754216993682
2026-03-08 20:38:23,100.0,83.10991957104558,93.84022925832802
2026-03-08 20:38:38,100.0,83.10991957104558,93.84291634671922
2026-03-08 20:38:53,100.0,83.10991957104558,93.84560343511043
2026-03-08 20:39:08,100.0,83.10991957104558,93.84829052350163
2026-03-08 20:39:23,100.0,83.10991957104558,93.85097761189283
2026-03-08 20:39:38,100.0,83.10991957104558,93.85366470028404
2026-03-08 20:39:53,100.0,83.10991957104558,93.85635178867524
2026-03-08 20:40:08,100.0,83.10991957104558,93.85903887706644
2026-03-08 20:40:23,100.0,83.10991957104558,93.86172596545765
2026-03-08 20:40:38,100.0,83.10991957104558,93.86441305384885
2026-03-08 20:40:53,100.0,83.10991957104558,93.86710014224006
2026-03-08 20:41:08,100.0,83.10991957104558,93.86978723063126
2026-03-08 20:41:23,100.0,83.10991957104558,93.87247431902246
2026-03-08 20:41:38,100.0,82.84182305630027,93.87516140741367
2026-03-08 20:41:53,100.0,82.57372654155496,93.87784849580487
2026-03-08 20:42:08,100.0,82.30563002680965,93.88053558419607
2026-03-08 20:42:23,100.0,82.03753351206434,93.88322267258728
2026-03-08 20:42:38,100.0,81.76943699731903,93.88590976097848
2026-03-08 20:42:53,100.0,81.50134048257372,93.88859684936968
2026-03-08 20:43:08,100.0,81.23324396782841,93.89128393776089
2026-03-08 20:43:23,100.0,80.9651474530831,93.89397102615209
2026-03-08 20:43:38,100.0,80.6970509383378,93.8966581145433
2026-03-08 20:43:53,100.0,80.42895442359249,93.8993452029345
2026-03-08 20:44:08,100.0,80.16085790884718,93.9020322913257
2026-03-08 20:44:23,100.0,79.89276139410187,93.90471937971691
2026-03-08 20:44:38,100.0,79.62466487935657,93.9074064681081
2026-03-08 20:44:53,100.0,79.35656836461126,93.9100935564993
2026-03-08 20:45:08,100.0,79.08847184986595,93.91278064489052
2026-03-08 20:45:23,100.0,78.82037533512064,93.91546773328172
2026-03-08 20:45:38,100.0,78.55227882037534,93.91815482167293
2026-03-08 20:45:53,100.0,78.28418230563003,93.92084191006413
2026-03-08 20:46:08,100.0,78.01608579088472,93.92352899845532
2026-03-08 20:46:23,100.0,77.7479892761394,93.92621608684654
2026-03-08 20:46:38,100.0,77.4798927613941,93.92890317523774
2026-03-08 20:46:53,100.0,77.21179624664879,93.93159026362893
2026-03-08 20:47:08,100.0,76.94369973190348,93.93427735202015
2026-03-08 20:47:23,100.0,76.67560321715817,93.93696444041134
2026-03-08 20:47:38,100.0,76.40750670241286,93.93965152880254
2026-03-08 20:47:53,100.0,76.13941018766755,93.94233861719376
2026-03-08 20:48:08,100.0,75.87131367292224,93.94502570558495
2026-03-08 20:48:23,100.0,75.60321715817693,93.94771279397617
2026-03-08 20:48:38,100.0,75.33512064343164,93.95039988236736
2026-03-08 20:48:53,100.0,75.06702412868633,93.95308697075856
2026-03-08 20:49:08,100.0,74.79892761394102,93.95577405914977
2026-03-08 20:49:23,100.0,74.53083109919572,93.95846114754097
2026-03-08 20:49:38,100.0,74.26273458445041,93.96114823593217
2026-03-08 20:49:53,100.0,73.9946380697051,93.96383532432338
2026-03-08 20:50:08,100.0,73.7265415549598,93.96652241271458
2026-03-08 20:50:23,100.0,73.45844504021449,93.96920950110578
2026-03-08 20:50:38,100.0,73.19034852546918,93.97189658949699
2026-03-08 20:50:53,100.0,72.92225201072387,93.97458367788819
2026-03-08 20:51:08,100.0,72.65415549597856,93.9772707662794
2026-03-08 20:51:23,100.0,72.38605898123325,93.9799578546706
2026-03-08 20:51:38,100.0,72.11796246648794,93.9826449430618
2026-03-08 20:51:53,100.0,71.84986595174263,93.98533203145301
2026-03-08 20:52:08,100.0,71.58176943699732,93.98801911984421
2026-03-08 20:52:23,100.0,71.31367292225201,93.99070620823541
2026-03-08 20:52:38,100.0,71.0455764075067,93.99339329662662
2026-03-08 20:52:53,100.0,70.77747989276139,93.99608038501782
2026-03-08 20:53:08,100.0,70.50938337801608,93.99876747340903
2026-03-08 20:53:23,100.0,70.026525198939,94.00145456180023
2026-03-08 20:53:38,100.0,69.76127320954907,94.00414165019143
2026-03-08 20:53:53,100.0,69.49602122015915,94.00682873858264
2026-03-08 20:54:08,100.0,69.23076923076923,94.00951582697384
2026-03-08 20:54:23,100.0,68.96551724137932,94.01220291536504
2026-03-08 20:54:38,100.0,68.70026525198939,94.01489000375625
2026-03-08 20:54:53,100.0,68.43501326259947,94.01757709214745
2026-03-08 20:55:08,100.0,68.16976127320955,94.02026418053865
2026-03-08 20:55:23,100.0,67.90450928381962,94.02295126892986
2026-03-08 20:55:38,100.0,67.63925729442971,94.02563835732106
2026-03-08 20:55:53,100.0,67.37400530503979,94.02832544571227
2026-03-08 20:56:08,100.0,67.10875331564988,94.03101253410347
2026-03-08 20:56:23,100.0,66.84350132625994,94.03369962249467
2026-03-08 20:56:38,100.0,66.57824933687002,94.03638671088588
2026-03-08 20:56:53,100.0,66.3129973474801,94.03907379927708
2026-03-08 20:57:08,100.0,66.04774535809018,94.04176088766827
2026-03-08 20:57:23,100.0,65.78249336870027,94.04444797605949
2026-03-08 20:57:38,100.0,65.51724137931035,94.04713506445069
2026-03-08 20:57:53,100.0,65.25198938992042,94.04982215284188
2026-03-08 20:58:08,100.0,64.9867374005305,94.0525092412331
2026-03-08 20:58:23,100.0,64.72148541114059,94.0551963296243
2026-03-08 20:58:38,100.0,64.45623342175067,94.0578834180155
2026-03-08 20:58:53,100.0,64.19098143236074,94.0605705064067
2026-03-08 20:59:08,100.0,63.92572944297083,94.0632575947979
2026-03-08 20:59:23,100.0,63.660477453580896,94.06594468318912
2026-03-08 20:59:38,100.0,63.395225464190986,94.06863177158031
2026-03-08 20:59:53,100.0,63.12997347480106,94.07131885997151
2026-03-08 21:00:08,100.0,62.864721485411145,94.07400594836272
2026-03-08 21:00:23,100.0,62.59946949602122,94.07669303675392
2026-03-08 21:00:38,100.0,62.3342175066313,94.07938012514514
2026-03-08 21:00:53,100.0,62.06896551724138,94.08206721353633
2026-03-08 21:01:08,100.0,61.80371352785146,94.08475430192753
2026-03-08 21:01:23,100.0,61.53846153846154,94.08744139031874
2026-03-08 21:01:38,100.0,61.273209549071616,94.09012847870994
2026-03-08 21:01:53,100.0,61.0079575596817,94.09281556710114
2026-03-08 21:02:08,100.0,60.742705570291776,94.09550265549235
2026-03-08 21:02:23,100.0,60.47745358090185,94.09818974388355
2026-03-08 21:02:38,100.0,60.212201591511935,94.10087683227475
2026-03-08 21:02:53,100.0,59.94694960212201,94.10356392066596
2026-03-08 21:03:08,100.0,59.6816976127321,94.10625100905716
2026-03-08 21:03:23,100.0,59.41644562334217,94.10893809744837
2026-03-08 21:03:38,100.0,59.15119363395226,94.11162518583957
2026-03-08 21:03:53,100.0,58.88594164456234,94.11431227423077
2026-03-08 21:04:08,100.0,58.620689655172406,94.11699936262198
2026-03-08 21:04:23,100.0,58.355437665782496,94.11968645101318
2026-03-08 21:04:38,100.0,58.09018567639257,94.12237353940438
2026-03-08 21:04:53,100.0,57.824933687002655,94.12506062779559
2026-03-08 21:05:08,100.0,57.55968169761273,94.12774771618679
2026-03-08 21:05:23,100.0,57.294429708222815,94.13043480457799
2026-03-08 21:05:38,100.0,57.02917771883289,94.1331218929692
2026-03-08 21:05:53,100.0,56.76392572944297,94.1358089813604
2026-03-08 21:06:08,100.0,56.49867374005305,94.13849606975161
2026-03-08 21:06:23,100.0,56.233421750663126,94.14118315814281
2026-03-08 21:06:38,100.0,55.96816976127321,94.14387024653401
2026-03-08 21:06:53,100.0,55.702917771883286,94.14655733492522
2026-03-08 21:07:08,100.0,55.437665782493376,94.14924442331642
2026-03-08 21:07:23,100.0,55.172413793103445,94.15193151170762
2026-03-08 21:07:38,87.5,54.907161803713535,94.15461860009883
2026-03-08 21:07:53,87.5,54.64190981432361,94.15730568849003
2026-03-08 21:08:08,87.5,54.37665782493368,94.15999277688124
2026-03-08 21:08:23,87.5,54.11140583554377,94.16267986527244
2026-03-08 21:08:38,87.5,53.84615384615385,94.16536695366364
2026-03-08 21:08:53,87.5,53.58090185676393,94.16805404205485
2026-03-08 21:09:08,87.5,53.315649867374006,94.17074113044605
2026-03-08 21:09:23,87.5,53.05039787798409,94.17342821883724
2026-03-08 21:09:38,87.5,52.785145888594165,94.17611530722846
2026-03-08 21:09:53,87.5,52.51989389920424,94.17880239561966
2026-03-08 21:10:08,87.5,52.254641909814325,94.18148948401085
2026-03-08 21:10:23,87.5,51.9893899204244,94.18417657240207
2026-03-08 21:10:38,87.5,51.724137931034484,94.18686366079326
2026-03-08 21:10:53,87.5,51.45888594164456,94.18955074918448
2026-03-08 21:11:08,87.5,51.19363395225464,94.19223783757568
2026-03-08 21:11:23,87.5,50.92838196286472,94.19492492596687
2026-03-08 21:11:38,87.5,50.663129973474796,94.19761201435809
2026-03-08 21:11:53,87.5,50.397877984084886,94.20029910274928
2026-03-08 21:12:08,87.5,50.132625994694955,94.20298619114048
2026-03-08 21:12:23,87.5,49.86737400530504,94.2056732795317
2026-03-08 21:12:38,87.5,49.602122015915114,94.2083603679229
2026-03-08 21:12:53,87.5,49.3368700265252,94.21104745631409
2026-03-08 21:13:08,87.5,49.07161803713528,94.2137345447053
2026-03-08 21:13:23,87.5,48.80636604774536,94.2164216330965
2026-03-08 21:13:38,87.5,48.54111405835544,94.21910872148771
2026-03-08 21:13:53,87.5,48.275862068965516,94.22179580987891
2026-03-08 21:14:08,87.5,48.01061007957559,94.22448289827011
2026-03-08 21:14:23,87.5,47.745358090185675,94.22716998666132
2026-03-08 21:14:38,87.5,47.48010610079575,94.22985707505252
2026-03-08 21:14:53,87.5,47.214854111405835,94.23254416344372
2026-03-08 21:15:08,87.5,46.94960212201592,94.23523125183493
2026-03-08 21:15:23,87.5,46.684350132625994,94.23791834022613
2026-03-08 21:15:38,87.5,46.41909814323608,94.24060542861734
2026-03-08 21:15:53,87.5,46.15384615384615,94.24329251700854
2026-03-08 21:16:08,87.5,46.15384615384615,94.24597960539974
2026-03-08 21:16:23,87.5,46.15384615384615,94.24866669379095
2026-03-08 21:16:38,87.5,46.15384615384615,94.25135378218215
2026-03-08 21:16:53,87.5,46.15384615384615,94.25404087057335
2026-03-08 21:17:08,87.5,45.88859416445623,94.25672795896456
2026-03-08 21:17:23,87.5,45.62334217506631,94.25941504735576
2026-03-08 21:17:38,87.5,45.35809018567639,94.26210213574696
2026-03-08 21:17:53,87.5,45.09283819628647,94.26478922413817
2026-03-08 21:18:08,87.5,44.827586206896555,94.26747631252937
2026-03-08 21:18:23,87.5,44.56233421750663,94.27016340092058
2026-03-08 21:18:38,87.5,44.297082228116714,94.27285048931178
2026-03-08 21:18:53,87.5,44.03183023872679,94.27553757770298
2026-03-08 21:19:08,87.5,43.76657824933687,94.27822466609419
2026-03-08 21:19:23,87.5,43.50132625994695,94.28091175448539
2026-03-08 21:19:38,87.5,43.236074270557026,94.28359884287659
2026-03-08 21:19:53,87.5,42.97082228116711,94.2862859312678
2026-03-08 21:20:08,87.5,42.70557029177719,94.288973019659
2026-03-08 21:20:23,87.5,42.44031830238727,94.2916601080502
2026-03-08 21:20:38,87.5,42.17506631299735,94.29434719644141
2026-03-08 21:20:53,87.5,41.90981432360743,94.2970342848326
2026-03-08 21:21:08,87.5,41.644562334217504,94.29972137322382
2026-03-08 21:21:23,87.5,41.37931034482759,94.30240846161502
2026-03-08 21:21:38,87.5,41.11405835543766,94.30509555000621
2026-03-08 21:21:53,87.5,40.84880636604775,94.30778263839743
2026-03-08 21:22:08,87.5,40.58355437665783,94.31046972678863
2026-03-08 21:22:23,75.0,40.318302387267906,94.31315681517982
2026-03-08 21:22:38,75.0,40.05305039787798,94.31584390357104
2026-03-08 21:22:53,75.0,39.787798408488065,94.31853099196223
2026-03-08 21:23:08,75.0,39.52254641909814,94.32121808035345
2026-03-08 21:23:23,75.0,39.257294429708224,94.32390516874464
2026-03-08 21:23:38,75.0,38.9920424403183,94.32659225713584
2026-03-08 21:23:53,75.0,38.726790450928384,94.32927934552706
2026-03-08 21:24:08,87.5,38.46153846153847,94.33196643391825
2026-03-08 21:24:23,75.0,38.196286472148536,94.33465352230945
2026-03-08 21:24:38,75.0,37.93103448275862,94.33734061070066
2026-03-08 21:24:53,87.5,37.6657824933687,94.34002769909186
2026-03-08 21:25:08,87.5,37.40053050397878,94.34271478748306
2026-03-08 21:25:23,75.0,37.13527851458886,94.34540187587427
2026-03-08 21:25:38,87.5,36.87002652519894,94.34808896426547
2026-03-08 21:25:53,87.5,36.60477453580902,94.35077605265668
2026-03-08 21:26:08,87.5,36.339522546419104,94.35346314104788
2026-03-08 21:26:23,87.5,36.07427055702917,94.35615022943908
2026-03-08 21:26:38,87.5,35.80901856763926,94.3588373178303
2026-03-08 21:26:53,87.5,35.54376657824933,94.36152440622149
2026-03-08 21:27:08,87.5,35.278514588859416,94.36421149461269
2026-03-08 21:27:23,87.5,35.0132625994695,94.3668985830039
2026-03-08 21:27:38,87.5,34.748010610079575,94.3695856713951
2026-03-08 21:27:53,87.5,34.48275862068966,94.3722727597863
2026-03-08 21:28:08,87.5,34.217506631299734,94.37495984817751
2026-03-08 21:28:23,75.0,33.95225464190981,94.37764693656871
2026-03-08 21:28:38,75.0,33.687002652519894,94.38033402495992
2026-03-08 21:28:53,75.0,33.42175066312997,94.38302111335112
2026-03-08 21:29:08,75.0,33.15649867374005,94.38570820174232
2026-03-08 21:29:23,75.0,32.891246684350136,94.38839529013353
2026-03-08 21:29:38,75.0,32.62599469496021,94.39108237852473
2026-03-08 21:29:53,75.0,32.360742705570296,94.39376946691593
2026-03-08 21:30:08,75.0,32.09549071618037,94.39645655530714
2026-03-08 21:30:23,75.0,31.830238726790448,94.39914364369834
2026-03-08 21:30:38,75.0,31.56498673740053,94.40183073208955
2026-03-08 21:30:53,75.0,31.29973474801061,94.40451782048075
2026-03-08 21:31:08,75.0,31.03448275862069,94.40720490887195
2026-03-08 21:31:23,75.0,30.76923076923077,94.40989199726316
2026-03-08 21:31:38,75.0,30.50397877984085,94.41257908565436
2026-03-08 21:31:53,75.0,30.238726790450926,94.41526617404556
2026-03-08 21:32:08,75.0,29.973474801061005,94.41795326243677
2026-03-08 21:32:23,75.0,29.708222811671085,94.42064035082797
2026-03-08 21:32:38,75.0,29.44297082228117,94.42332743921916
2026-03-08 21:32:53,75.0,29.177718832891248,94.42601452761038
2026-03-08 21:33:08,75.0,28.912466843501328,94.42870161600158
2026-03-08 21:33:23,75.0,28.647214854111407,94.43138870439279
2026-03-08 21:33:38,75.0,28.381962864721483,94.43407579278399
2026-03-08 21:33:53,75.0,28.116710875331563,94.43676288117518
2026-03-08 21:34:08,75.0,27.851458885941643,94.4394499695664
2026-03-08 21:34:23,75.0,27.586206896551722,94.4421370579576
2026-03-08 21:34:38,75.0,27.320954907161806,94.4448241463488
2026-03-08 21:34:53,75.0,27.055702917771885,94.44751123474
2026-03-08 21:35:08,75.0,26.790450928381965,94.4501983231312
2026-03-08 21:35:23,75.0,26.525198938992045,94.4528854115224
2026-03-08 21:35:38,75.0,26.25994694960212,94.45557249991361
2026-03-08 21:35:53,75.0,25.9946949602122,94.45825958830481
2026-03-08 21:36:08,75.0,25.72944297082228,94.46094667669603
2026-03-08 21:36:23,75.0,25.46419098143236,94.46363376508722
2026-03-08 21:36:38,75.0,25.46419098143236,94.46632085347842
2026-03-08 21:36:53,75.0,25.46419098143236,94.46900794186963
2026-03-08 21:37:08,75.0,25.46419098143236,94.47169503026083
2026-03-08 21:37:23,75.0,25.46419098143236,94.47438211865203
2026-03-08 21:37:38,75.0,25.46419098143236,94.47706920704324
2026-03-08 21:37:53,75.0,25.46419098143236,94.47975629543444
2026-03-08 21:38:08,75.0,25.46419098143236,94.48244338382565
2026-03-08 21:38:23,75.0,25.46419098143236,94.48513047221685
2026-03-08 21:38:38,75.0,25.46419098143236,94.48781756060805
2026-03-08 21:38:53,75.0,25.46419098143236,94.49050464899926
2026-03-08 21:39:08,75.0,25.46419098143236,94.49319173739046
2026-03-08 21:39:23,62.5,25.46419098143236,94.49587882578166
2026-03-08 21:39:38,62.5,25.198938992042443,94.49856591417287
2026-03-08 21:39:53,62.5,24.93368700265252,94.50125300256407
2026-03-08 21:40:08,62.5,24.6684350132626,94.50394009095527
2026-03-08 21:40:23,62.5,24.40318302387268,94.50662717934648
2026-03-08 21:40:38,62.5,24.137931034482758,94.50931426773768
2026-03-08 21:40:53,62.5,23.872679045092838,94.51200135612889
2026-03-08 21:41:08,62.5,23.607427055702917,94.51468844452009
2026-03-08 21:41:23,62.5,23.342175066312997,94.51737553291129
2026-03-08 21:41:38,62.5,23.076923076923077,94.5200626213025
2026-03-08 21:41:53,62.5,22.811671087533156,94.5227497096937
2026-03-08 21:42:08,62.5,22.546419098143236,94.5254367980849
2026-03-08 21:42:23,62.5,22.281167108753316,94.52812388647611
2026-03-08 21:42:38,62.5,22.015915119363395,94.53081097486731
2026-03-08 21:42:53,62.5,21.750663129973475,94.5334980632585
2026-03-08 21:43:08,62.5,21.485411140583555,94.53618515164972
2026-03-08 21:43:23,62.5,21.220159151193634,94.53887224004092
2026-03-08 21:43:38,62.5,20.954907161803714,94.54155932843213
2026-03-08 21:43:53,62.5,20.689655172413794,94.54424641682333
2026-03-08 21:44:08,62.5,20.424403183023873,94.54693350521453
2026-03-08 21:44:23,62.5,20.159151193633953,94.54962059360574
2026-03-08 21:44:38,62.5,19.893899204244033,94.55230768199694
2026-03-08 21:44:53,62.5,19.628647214854112,94.55499477038813
2026-03-08 21:45:08,62.5,19.363395225464192,94.55768185877935
2026-03-08 21:45:23,62.5,19.098143236074268,94.56036894717055
2026-03-08 21:45:38,62.5,18.83289124668435,94.56305603556176
2026-03-08 21:45:53,62.5,18.56763925729443,94.56574312395296
2026-03-08 21:46:08,62.5,18.30238726790451,94.56843021234415
2026-03-08 21:46:23,62.5,18.037135278514587,94.57111730073537
2026-03-08 21:46:38,62.5,17.771883289124666,94.57380438912656
2026-03-08 21:46:53,62.5,17.50663129973475,94.57649147751776
2026-03-08 21:47:08,62.5,17.24137931034483,94.57917856590898
2026-03-08 21:47:23,62.5,16.976127320954905,94.58186565430017
2026-03-08 21:47:38,62.5,16.710875331564985,94.58455274269137
2026-03-08 21:47:53,62.5,16.445623342175068,94.58723983108258
2026-03-08 21:48:08,62.5,16.180371352785148,94.58992691947378
2026-03-08 21:48:23,62.5,15.915119363395224,94.592614007865
2026-03-08 21:48:38,62.5,15.649867374005305,94.5953010962562
2026-03-08 21:48:53,62.5,15.384615384615385,94.59798818464739
2026-03-08 21:49:08,50.0,15.119363395225463,94.6006752730386
2026-03-08 21:49:23,50.0,14.854111405835543,94.6033623614298
2026-03-08 21:49:38,50.0,14.588859416445624,94.606049449821
2026-03-08 21:49:53,50.0,14.323607427055704,94.60873653821221
2026-03-08 21:50:08,50.0,14.058355437665782,94.61142362660341
2026-03-08 21:50:23,50.0,13.793103448275861,94.61411071499461
2026-03-08 21:50:38,50.0,13.527851458885943,94.61679780338582
2026-03-08 21:50:53,50.0,13.262599469496022,94.61948489177702
2026-03-08 21:51:08,50.0,12.9973474801061,94.62217198016823
2026-03-08 21:51:23,50.0,12.73209549071618,94.62485906855943
2026-03-08 21:51:38,50.0,12.46684350132626,94.62754615695063
2026-03-08 21:51:53,50.0,12.20159151193634,94.63023324534184
2026-03-08 21:52:08,50.0,11.936339522546419,94.63292033373304
2026-03-08 21:52:23,50.0,11.671087533156498,94.63560742212424
2026-03-08 21:52:38,50.0,11.405835543766578,94.63829451051545
2026-03-08 21:52:53,50.0,11.140583554376658,94.64098159890665
2026-03-08 21:53:08,50.0,10.875331564986737,94.64366868729786
2026-03-08 21:53:23,50.0,10.610079575596817,94.64635577568906
2026-03-08 21:53:38,50.0,10.344827586206897,94.64904286408026
2026-03-08 21:53:53,50.0,10.344827586206897,94.65172995247147
2026-03-08 21:54:08,50.0,10.344827586206897,94.65441704086267
2026-03-08 21:54:23,50.0,10.344827586206897,94.65710412925387
2026-03-08 21:54:38,50.0,10.344827586206897,94.65979121764508
2026-03-08 21:54:53,50.0,10.344827586206897,94.66247830603628
2026-03-08 21:55:08,50.0,10.344827586206897,94.66516539442748
2026-03-08 21:55:23,50.0,10.344827586206897,94.66785248281869
2026-03-08 21:55:38,50.0,10.344827586206897,94.67053957120989
2026-03-08 21:55:53,50.0,10.344827586206897,94.6732266596011
2026-03-08 21:56:08,50.0,10.344827586206897,94.6759137479923
2026-03-08 21:56:23,50.0,10.344827586206897,94.6786008363835
2026-03-08 21:56:38,50.0,10.344827586206897,94.68128792477471
2026-03-08 21:56:53,50.0,10.344827586206897,94.6839750131659
2026-03-08 21:57:08,50.0,10.079575596816976,94.6866621015571
2026-03-08 21:57:23,50.0,9.814323607427056,94.68934918994832
2026-03-08 21:57:38,50.0,9.549071618037134,94.69203627833951
2026-03-08 21:57:53,50.0,9.283819628647215,94.69472336673071
2026-03-08 21:58:08,50.0,9.018567639257293,94.69741045512193
2026-03-08 21:58:23,50.0,8.753315649867375,94.70009754351312
2026-03-08 21:58:38,50.0,8.488063660477453,94.70278463190434
2026-03-08 21:58:53,50.0,8.222811671087534,94.70547172029553
2026-03-08 21:59:08,50.0,7.957559681697612,94.70815880868673
2026-03-08 21:59:23,50.0,7.6923076923076925,94.71084589707795
2026-03-08 21:59:38,50.0,7.427055702917771,94.71353298546914
2026-03-08 21:59:53,37.5,7.161803713527852,94.71622007386034
2026-03-08 22:00:08,37.5,6.896551724137931,94.61778796616686
2026-03-08 22:00:23,37.5,6.631299734748011,94.43087656189927
2026-03-08 22:00:38,37.5,6.36604774535809,94.24396515763168
2026-03-08 22:00:53,37.5,6.10079575596817,94.05705375336409
2026-03-08 22:01:08,37.5,5.630026809651475,93.87014234909651
2026-03-08 22:01:23,37.5,5.630026809651475,93.68323094482892
2026-03-08 22:01:38,37.5,5.630026809651475,93.49631954056133
2026-03-08 22:01:53,37.5,5.630026809651475,93.30940813629374
2026-03-08 22:02:08,37.5,5.630026809651475,93.12249673202615
2026-03-08 22:02:23,37.5,5.691056910569105,92.93558532775856
2026-03-08 22:02:38,37.5,5.691056910569105,92.74867392349097
2026-03-08 22:02:53,37.5,5.691056910569105,92.56176251922338
2026-03-08 22:03:08,37.5,5.691056910569105,92.37485111495579
2026-03-08 22:03:23,37.5,5.691056910569105,92.1879397106882
2026-03-08 22:03:38,37.5,5.691056910569105,92.00102830642061
2026-03-08 22:03:53,37.5,5.7534246575342465,91.81411690215302
2026-03-08 22:04:08,37.5,5.7534246575342465,91.62720549788543
2026-03-08 22:04:23,37.5,5.7534246575342465,91.44029409361784
2026-03-08 22:04:38,37.5,5.7534246575342465,91.25338268935025
2026-03-08 22:04:53,37.5,5.7534246575342465,91.06647128508266
2026-03-08 22:05:08,37.5,5.8171745152354575,90.87955988081508
2026-03-08 22:05:23,37.5,5.8171745152354575,90.69264847654749
2026-03-08 22:05:38,37.5,5.8171745152354575,90.5057370722799
2026-03-08 22:05:53,37.5,5.8171745152354575,90.31882566801231
2026-03-08 22:06:08,37.5,5.8171745152354575,90.13191426374472
2026-03-08 22:06:23,37.5,5.88235294117647,89.94500285947713
2026-03-08 22:06:38,37.5,5.88235294117647,89.75809145520954
2026-03-08 22:06:53,37.5,5.88235294117647,89.57118005094195
2026-03-08 22:07:08,37.5,5.88235294117647,89.38426864667436
2026-03-08 22:07:23,37.5,5.88235294117647,89.19735724240677
2026-03-08 22:07:38,37.5,5.602240896358544,89.01044583813918
2026-03-08 22:07:53,37.5,4.815864022662889,88.82353443387159
2026-03-08 22:08:08,37.5,4.53257790368272,88.636623029604
2026-03-08 22:08:23,37.5,4.2492917847025495,88.4497116253364
2026-03-08 22:08:38,37.5,3.9660056657223794,88.26280022106883
2026-03-08 22:08:53,37.5,3.6827195467422094,88.07588881680124
2026-03-08 22:09:08,37.5,2.865329512893983,87.88897741253365
2026-03-08 22:09:23,37.5,2.5787965616045847,87.70206600826606
2026-03-08 22:09:38,37.5,2.292263610315186,87.51515460399847
2026-03-08 22:09:53,37.5,2.005730659025788,87.32824319973088
2026-03-08 22:10:08,37.5,1.7191977077363898,87.14133179546329
2026-03-08 22:10:23,37.5,0.8695652173913043,86.9544203911957
2026-03-08 22:10:38,37.5,0.5797101449275363,86.7675089869281
2026-03-08 22:10:53,37.5,0.2898550724637681,86.58059758266052
2026-03-08 22:11:08,37.5,0.0,86.39368617839293
2026-03-08 22:11:23,37.5,0.0,86.20677477412534
2026-03-08 22:11:38,37.5,0.0,86.01986336985775
2026-03-08 22:11:53,37.5,0.0,85.83295196559015
2026-03-08 22:12:08,37.5,0.0,85.64604056132256
2026-03-08 22:12:23,37.5,0.0,85.45912915705497
2026-03-08 22:12:38,37.5,0.0,85.2722177527874
2026-03-08 22:12:53,37.5,0.0,85.08530634851981
2026-03-08 22:13:08,37.5,0.0,84.89839494425222
2026-03-08 22:13:23,37.5,0.0,84.71148353998463
2026-03-08 22:13:38,37.5,0.0,84.52457213571704
2026-03-08 22:13:53,37.5,0.0,84.33766073144945
2026-03-08 22:14:08,25.0,0.0,84.15074932718186
2026-03-08 22:14:23,37.5,0.0,83.96383792291427
2026-03-08 22:14:38,25.0,0.0,83.77692651864668
2026-03-08 22:14:53,25.0,0.0,83.59001511437909
2026-03-08 22:15:08,25.0,0.0,83.4031037101115
2026-03-08 22:15:23,25.0,0.0,83.2161923058439
2026-03-08 22:15:38,25.0,0.0,83.02928090157631
2026-03-08 22:15:53,25.0,0.0,82.84236949730872
2026-03-08 22:16:08,25.0,0.0,82.65545809304115
2026-03-08 22:16:23,25.0,0.0,82.46854668877356
2026-03-08 22:16:38,25.0,0.0,82.28163528450597
2026-03-08 22:16:53,25.0,0.0,82.09472388023838
2026-03-08 22:17:08,25.0,0.0,81.90781247597079
2026-03-08 22:17:23,25.0,0.0,81.7209010717032
2026-03-08 22:17:38,25.0,0.0,81.5339896674356
2026-03-08 22:17:53,25.0,0.0,81.34707826316802
2026-03-08 22:18:08,25.0,0.0,81.16016685890042
2026-03-08 22:18:23,25.0,0.0,80.97325545463283
2026-03-08 22:18:38,25.0,0.0,80.78634405036524
2026-03-08 22:18:53,25.0,0.0,80.59943264609765
2026-03-08 22:19:08,25.0,0.0,80.41252124183006
2026-03-08 22:19:23,25.0,0.0,80.22560983756247
2026-03-08 22:19:38,25.0,0.0,80.03869843329488
2026-03-08 22:19:53,25.0,0.0,79.85178702902729
2026-03-08 22:20:08,25.0,0.0,79.66487562475972
2026-03-08 22:20:23,25.0,0.0,79.47796422049213
2026-03-08 22:20:38,25.0,0.0,79.29105281622454
2026-03-08 22:20:53,25.0,0.0,79.10414141195695
2026-03-08 22:21:08,25.0,0.0,78.91723000768935
2026-03-08 22:21:23,25.0,0.0,78.73031860342176
2026-03-08 22:21:38,25.0,0.0,78.54340719915417
2026-03-08 22:21:53,25.0,0.0,78.35649579488658
2026-03-08 22:22:08,25.0,0.0,78.169584390619
2026-03-08 22:22:23,25.0,0.0,77.9826729863514
2026-03-08 22:22:38,25.0,0.0,77.79576158208381
2026-03-08 22:22:53,25.0,0.0,77.60885017781622
2026-03-08 22:23:08,25.0,0.0,77.42193877354863
2026-03-08 22:23:23,25.0,0.0,77.23502736928106
2026-03-08 22:23:38,25.0,0.0,77.04811596501347
2026-03-08 22:23:53,25.0,0.0,76.86120456074588
2026-03-08 22:24:08,25.0,0.0,76.67429315647829
2026-03-08 22:24:23,25.0,0.0,76.4873817522107
2026-03-08 22:24:38,25.0,0.0,76.3004703479431
2026-03-08 22:24:53,25.0,0.0,76.11355894367551
2026-03-08 22:25:08,25.0,0.0,75.92664753940792
2026-03-08 22:25:23,25.0,0.0,75.73973613514033
2026-03-08 22:25:38,25.0,0.0,75.55282473087274
2026-03-08 22:25:53,25.0,0.0,75.36591332660515
2026-03-08 22:26:08,25.0,0.0,75.17900192233756
2026-03-08 22:26:23,25.0,0.0,74.99209051806997
2026-03-08 22:26:38,25.0,0.0,74.80517911380238
2026-03-08 22:26:53,25.0,0.0,74.61826770953479
2026-03-08 22:27:08,25.0,0.0,74.4313563052672
2026-03-08 22:27:23,25.0,0.0,74.24444490099961
2026-03-08 22:27:38,25.0,0.0,74.05753349673202
2026-03-08 22:27:53,25.0,0.0,73.87062209246444
2026-03-08 22:28:08,25.0,0.0,73.68371068819685
2026-03-08 22:28:23,25.0,0.0,73.49679928392926
2026-03-08 22:28:38,25.0,0.0,73.30988787966167
2026-03-08 22:28:53,25.0,0.0,73.12297647539408
2026-03-08 22:29:08,25.0,0.0,72.93606507112649
2026-03-08 22:29:23,25.0,0.0,72.7491536668589
2026-03-08 22:29:38,25.0,0.0,72.56224226259131
2026-03-08 22:29:53,25.0,0.0,72.37533085832372
2026-03-08 22:30:08,25.0,0.0,72.18841945405613
2026-03-08 22:30:23,25.0,0.0,72.00150804978854
2026-03-08 22:30:38,25.0,0.0,71.81459664552095
2026-03-08 22:30:53,25.0,0.0,71.62768524125337
2026-03-08 22:31:08,25.0,0.0,71.44077383698578
2026-03-08 22:31:23,25.0,0.0,71.2538624327182
2026-03-08 22:31:38,25.0,0.0,71.0669510284506
2026-03-08 22:31:53,25.0,0.0,70.88003962418301
2026-03-08 22:32:08,25.0,0.0,70.69312821991542
2026-03-08 22:32:23,25.0,0.0,70.50621681564783
2026-03-08 22:32:38,25.0,0.0,70.31930541138024
2026-03-08 22:32:53,25.0,0.0,70.13239400711265
2026-03-08 22:33:08,25.0,0.0,69.94548260284506
2026-03-08 22:33:23,25.0,0.0,69.75857119857747
2026-03-08 22:33:38,25.0,0.0,69.57165979430988
2026-03-08 22:33:53,25.0,0.0,69.38474839004229
2026-03-08 22:34:08,25.0,0.0,69.1978369857747
2026-03-08 22:34:23,25.0,0.0,69.01092558150711
2026-03-08 22:34:38,25.0,0.0,68.82401417723952
2026-03-08 22:34:53,25.0,0.0,68.63710277297193
2026-03-08 22:35:08,25.0,0.0,68.45019136870434
2026-03-08 22:35:23,25.0,0.0,68.26327996443676
2026-03-08 22:35:38,25.0,0.0,68.07636856016917
2026-03-08 22:35:53,25.0,0.0,67.88945715590158
2026-03-08 22:36:08,25.0,0.0,67.70254575163399
2026-03-08 22:36:23,25.0,0.0,67.5156343473664
2026-03-08 22:36:38,25.0,0.0,67.32872294309881
2026-03-08 22:36:53,25.0,0.0,67.14181153883122
2026-03-08 22:37:08,25.0,0.0,66.95490013456363
2026-03-08 22:37:23,25.0,0.0,66.76798873029604
2026-03-08 22:37:38,25.0,0.0,66.58107732602845
2026-03-08 22:37:53,25.0,0.0,66.39416592176086
2026-03-08 22:38:08,25.0,0.0,66.20725451749327
2026-03-08 22:38:23,25.0,0.0,66.02034311322569
2026-03-08 22:38:38,25.0,0.0,65.8334317089581
2026-03-08 22:38:53,25.0,0.0,65.64652030469051
2026-03-08 22:39:08,25.0,0.0,65.45960890042292
2026-03-08 22:39:23,25.0,0.0,65.27269749615533
2026-03-08 22:39:38,25.0,0.0,65.08578609188774
2026-03-08 22:39:53,25.0,0.0,64.89887468762015
2026-03-08 22:40:08,25.0,0.0,64.71196328335256
2026-03-08 22:40:23,25.0,0.0,64.52505187908497
2026-03-08 22:40:38,25.0,0.0,64.33814047481738
2026-03-08 22:40:53,25.0,0.0,64.15122907054979
2026-03-08 22:41:08,25.0,0.0,63.9643176662822
2026-03-08 22:41:23,25.0,0.0,63.77740626201461
2026-03-08 22:41:38,25.0,0.0,63.59049485774702
2026-03-08 22:41:53,25.0,0.0,63.40358345347943
2026-03-08 22:42:08,25.0,0.0,63.216672049211844
2026-03-08 22:42:23,25.0,0.0,63.029760644944254
2026-03-08 22:42:38,25.0,0.0,62.842849240676664
2026-03-08 22:42:53,25.0,0.0,62.65593783640907
2026-03-08 22:43:08,25.0,0.0,62.46902643214148
2026-03-08 22:43:23,25.0,0.0,62.2821150278739
2026-03-08 22:43:38,25.0,0.0,62.09520362360631
2026-03-08 22:43:53,25.0,0.0,61.90829221933872
2026-03-08 22:44:08,25.0,0.0,61.72138081507113
2026-03-08 22:44:23,25.0,0.0,61.53446941080354
2026-03-08 22:44:38,25.0,0.0,61.34755800653595
2026-03-08 22:44:53,25.0,0.0,61.16064660226836
2026-03-08 22:45:08,25.0,0.0,60.97373519800077
2026-03-08 22:45:23,25.0,0.0,60.786823793733184
2026-03-08 22:45:38,25.0,0.0,60.599912389465594
2026-03-08 22:45:53,25.0,0.0,60.413000985198
2026-03-08 22:46:08,25.0,0.0,60.22608958093041
2026-03-08 22:46:23,25.0,0.0,60.03917817666282
2026-03-08 22:46:38,12.5,0.0,59.85226677239523
2026-03-08 22:46:53,25.0,0.0,59.66535536812764
2026-03-08 22:47:08,25.0,0.0,59.47844396386006
2026-03-08 22:47:23,12.5,0.0,59.29153255959247
2026-03-08 22:47:38,12.5,0.0,59.10462115532488
2026-03-08 22:47:53,12.5,0.0,58.91770975105729
2026-03-08 22:48:08,12.5,0.0,58.7307983467897
2026-03-08 22:48:23,12.5,0.0,58.54388694252211
2026-03-08 22:48:38,12.5,0.0,58.35697553825452
2026-03-08 22:48:53,12.5,0.0,58.170064133986926
2026-03-08 22:49:08,12.5,0.0,57.98315272971934
2026-03-08 22:49:23,12.5,0.0,57.79624132545175
2026-03-08 22:49:38,12.5,0.0,57.60932992118416
2026-03-08 22:49:53,12.5,0.0,57.42241851691657
2026-03-08 22:50:08,12.5,0.0,57.23550711264898
2026-03-08 22:50:23,12.5,0.0,57.04859570838139
2026-03-08 22:50:38,12.5,0.0,56.8616843041138
2026-03-08 22:50:53,12.5,0.0,56.67477289984622
2026-03-08 22:51:08,12.5,0.0,56.48786149557863
2026-03-08 22:51:23,12.5,0.0,56.30095009131104
2026-03-08 22:51:38,12.5,0.0,56.11403868704345
2026-03-08 22:51:53,12.5,0.0,55.92712728277586
2026-03-08 22:52:08,12.5,0.0,55.740215878508266
2026-03-08 22:52:23,12.5,0.0,55.553304474240676
2026-03-08 22:52:38,12.5,0.0,55.366393069973086
2026-03-08 22:52:53,12.5,0.0,55.1794816657055
2026-03-08 22:53:08,12.5,0.0,54.99257026143791
2026-03-08 22:53:23,12.5,0.0,54.80565885717032
2026-03-08 22:53:38,12.5,0.0,54.61874745290273
2026-03-08 22:53:53,12.5,0.0,54.43183604863514
2026-03-08 22:54:08,12.5,0.0,54.24492464436755
2026-03-08 22:54:23,12.5,0.0,54.05801324009996
2026-03-08 22:54:38,12.5,0.0,53.87110183583238
2026-03-08 22:54:53,12.5,0.0,53.68419043156479
2026-03-08 22:55:08,12.5,0.0,53.497279027297196
2026-03-08 22:55:23,12.5,0.0,53.310367623029606
2026-03-08 22:55:38,12.5,0.0,53.123456218762016
2026-03-08 22:55:53,12.5,0.0,52.936544814494425
2026-03-08 22:56:08,12.5,0.0,52.749633410226835
2026-03-08 22:56:23,12.5,0.0,52.562722005959245
2026-03-08 22:56:38,12.5,0.0,52.37581060169166
2026-03-08 22:56:53,12.5,0.0,52.18889919742407
2026-03-08 22:57:08,12.5,0.0,52.00198779315648
2026-03-08 22:57:23,12.5,0.0,51.81507638888889
2026-03-08 22:57:38,12.5,0.0,51.6281649846213
2026-03-08 22:57:53,12.5,0.0,51.44125358035371
2026-03-08 22:58:08,12.5,0.0,51.25434217608612
