time,tcc_auto,tcc_empi,int_time
2026-04-05 00:00:07,12.5,0.0,87.67850660204478
2026-04-05 00:00:22,12.5,0.0,87.66927967785496
2026-04-05 00:00:37,12.5,0.0,87.66005275366516
2026-04-05 00:00:52,12.5,0.0,87.65082582947534
2026-04-05 00:01:07,12.5,0.0,87.64159890528552
2026-04-05 00:01:22,12.5,0.0,87.6323719810957
2026-04-05 00:01:37,12.5,0.0,87.62314505690588
2026-04-05 00:01:52,12.5,0.0,87.61391813271608
2026-04-05 00:02:07,12.5,0.0,87.60469120852626
2026-04-05 00:02:22,12.5,0.0,87.59546428433644
2026-04-05 00:02:37,12.5,0.0,87.58623736014663
2026-04-05 00:02:52,12.5,0.0,87.57701043595682
2026-04-05 00:03:07,12.5,0.0,87.567783511767
2026-04-05 00:03:22,12.5,0.0,87.55855658757719
2026-04-05 00:03:37,12.5,0.0,87.54932966338737
2026-04-05 00:03:52,12.5,0.0,87.54010273919755
2026-04-05 00:04:07,12.5,0.0,87.53087581500775
2026-04-05 00:04:22,12.5,0.0,87.52164889081793
2026-04-05 00:04:37,12.5,0.0,87.51242196662811
2026-04-05 00:04:52,12.5,0.0,87.50319504243829
2026-04-05 00:05:07,12.5,0.0,87.49396811824849
2026-04-05 00:05:22,12.5,0.0,87.48474119405867
2026-04-05 00:05:37,12.5,0.0,87.47551426986885
2026-04-05 00:05:52,12.5,0.0,87.46628734567904
2026-04-05 00:06:07,12.5,0.0,87.45706042148922
2026-04-05 00:06:22,12.5,0.0,87.44783349729941
2026-04-05 00:06:37,12.5,0.0,87.4386065731096
2026-04-05 00:06:52,12.5,0.0,87.42937964891978
2026-04-05 00:07:07,12.5,0.0,87.42015272472996
2026-04-05 00:07:22,12.5,0.0,87.41092580054014
2026-04-05 00:07:37,12.5,0.0,87.40169887635034
2026-04-05 00:07:52,12.5,0.0,87.39247195216052
2026-04-05 00:08:07,12.5,0.0,87.3832450279707
2026-04-05 00:08:22,12.5,0.0,87.37401810378088
2026-04-05 00:08:37,12.5,0.0,87.36479117959108
2026-04-05 00:08:52,12.5,0.0,87.35556425540126
2026-04-05 00:09:07,12.5,0.0,87.34633733121144
2026-04-05 00:09:22,12.5,0.0,87.33711040702163
2026-04-05 00:09:37,12.5,0.0,87.32788348283181
2026-04-05 00:09:52,12.5,0.0,87.318656558642
2026-04-05 00:10:07,12.5,0.0,87.30942963445219
2026-04-05 00:10:22,12.5,0.0,87.30020271026237
2026-04-05 00:10:37,12.5,0.0,87.29097578607255
2026-04-05 00:10:52,12.5,0.0,87.28174886188273
2026-04-05 00:11:07,12.5,0.0,87.27252193769293
2026-04-05 00:11:22,12.5,0.0,87.26329501350311
2026-04-05 00:11:37,12.5,0.0,87.2540680893133
2026-04-05 00:11:52,12.5,0.0,87.24484116512347
2026-04-05 00:12:07,12.5,0.0,87.23561424093367
2026-04-05 00:12:22,12.5,0.0,87.22638731674385
2026-04-05 00:12:37,12.5,0.0,87.21716039255404
2026-04-05 00:12:52,12.5,0.0,87.20793346836422
2026-04-05 00:13:07,12.5,0.0,87.1987065441744
2026-04-05 00:13:22,12.5,0.0,87.1894796199846
2026-04-05 00:13:37,12.5,0.0,87.18025269579478
2026-04-05 00:13:52,12.5,0.0,87.17102577160496
2026-04-05 00:14:07,12.5,0.0,87.16179884741514
2026-04-05 00:14:22,12.5,0.0,87.15257192322534
2026-04-05 00:14:37,12.5,0.0,87.14334499903552
2026-04-05 00:14:52,12.5,0.0,87.1341180748457
2026-04-05 00:15:07,12.5,0.0,87.12489115065588
2026-04-05 00:15:22,12.5,0.0,87.11566422646607
2026-04-05 00:15:37,12.5,0.0,87.10643730227626
2026-04-05 00:15:52,12.5,0.0,87.09721037808644
2026-04-05 00:16:07,12.5,0.0,87.08798345389663
2026-04-05 00:16:22,12.5,0.0,87.07875652970681
2026-04-05 00:16:37,12.5,0.0,87.069529605517
2026-04-05 00:16:52,12.5,0.0,87.06030268132719
2026-04-05 00:17:07,12.5,0.0,87.05107575713737
2026-04-05 00:17:22,12.5,0.0,87.04184883294755
2026-04-05 00:17:37,12.5,0.0,87.03262190875773
2026-04-05 00:17:52,12.5,0.0,87.02339498456793
2026-04-05 00:18:07,12.5,0.0,87.01416806037811
2026-04-05 00:18:22,12.5,0.0,87.0049411361883
2026-04-05 00:18:37,12.5,0.0,86.99571421199848
2026-04-05 00:18:52,12.5,0.0,86.98648728780867
2026-04-05 00:19:07,12.5,0.0,86.97726036361885
2026-04-05 00:19:22,12.5,0.0,86.96803343942904
2026-04-05 00:19:37,12.5,0.0,86.95880651523922
2026-04-05 00:19:52,12.5,0.0,86.9495795910494
2026-04-05 00:20:07,12.5,0.0,86.9403526668596
2026-04-05 00:20:22,12.5,0.0,86.93112574266978
2026-04-05 00:20:37,12.5,0.0,86.92189881847996
2026-04-05 00:20:52,12.5,0.0,86.91267189429014
2026-04-05 00:21:07,12.5,0.0,86.90344497010034
2026-04-05 00:21:22,12.5,0.0,86.89421804591052
2026-04-05 00:21:37,12.5,0.0,86.8849911217207
2026-04-05 00:21:52,12.5,0.0,86.87576419753088
2026-04-05 00:22:07,12.5,0.0,86.86653727334107
2026-04-05 00:22:22,12.5,0.0,86.85731034915126
2026-04-05 00:22:37,12.5,0.0,86.84808342496144
2026-04-05 00:22:52,12.5,0.0,86.83885650077163
2026-04-05 00:23:07,12.5,0.0,86.82962957658181
2026-04-05 00:23:22,12.5,0.0,86.82040265239199
2026-04-05 00:23:37,12.5,0.0,86.81117572820219
2026-04-05 00:23:52,12.5,0.0,86.80194880401237
2026-04-05 00:24:07,12.5,0.0,86.79272187982255
2026-04-05 00:24:22,12.5,0.0,86.78349495563273
2026-04-05 00:24:37,12.5,0.0,86.77426803144293
2026-04-05 00:24:52,12.5,0.0,86.76504110725311
2026-04-05 00:25:07,12.5,0.0,86.7558141830633
2026-04-05 00:25:22,12.5,0.0,86.74658725887348
2026-04-05 00:25:37,12.5,0.0,86.73736033468366
2026-04-05 00:25:52,12.5,0.0,86.72813341049385
2026-04-05 00:26:07,12.5,0.0,86.71890648630404
2026-04-05 00:26:22,12.5,0.0,86.70967956211422
2026-04-05 00:26:37,12.5,0.0,86.7004526379244
2026-04-05 00:26:52,12.5,0.0,86.6912257137346
2026-04-05 00:27:07,12.5,0.0,86.68199878954478
2026-04-05 00:27:22,12.5,0.0,86.67277186535496
2026-04-05 00:27:37,12.5,0.0,86.66354494116514
2026-04-05 00:27:52,12.5,0.0,86.65431801697532
2026-04-05 00:28:07,12.5,0.0,86.64509109278552
2026-04-05 00:28:22,12.5,0.0,86.6358641685957
2026-04-05 00:28:37,12.5,0.0,86.62663724440588
2026-04-05 00:28:52,12.5,0.0,86.61741032021607
2026-04-05 00:29:07,12.5,0.0,86.60818339602625
2026-04-05 00:29:22,12.5,0.0,86.59895647183644
2026-04-05 00:29:37,12.5,0.0,86.58972954764663
2026-04-05 00:29:52,12.5,0.0,86.58050262345681
2026-04-05 00:30:07,12.5,0.0,86.57127569926699
2026-04-05 00:30:22,12.5,0.0,86.56204877507719
2026-04-05 00:30:37,12.5,0.0,86.55282185088737
2026-04-05 00:30:52,12.5,0.0,86.54359492669755
2026-04-05 00:31:07,12.5,0.0,86.53436800250773
2026-04-05 00:31:22,12.5,0.0,86.52514107831792
2026-04-05 00:31:37,12.5,0.0,86.51591415412811
2026-04-05 00:31:52,12.5,0.0,86.5066872299383
2026-04-05 00:32:07,12.5,0.0,86.49746030574848
2026-04-05 00:32:22,12.5,0.0,86.48823338155866
2026-04-05 00:32:37,12.5,0.0,86.47900645736885
2026-04-05 00:32:52,12.5,0.0,86.46977953317904
2026-04-05 00:33:07,12.5,0.0,86.46055260898922
2026-04-05 00:33:22,12.5,0.0,86.4513256847994
2026-04-05 00:33:37,12.5,0.0,86.44209876060958
2026-04-05 00:33:52,12.5,0.0,86.43287183641978
2026-04-05 00:34:07,12.5,0.0,86.42364491222996
2026-04-05 00:34:22,12.5,0.0,86.41441798804014
2026-04-05 00:34:37,12.5,0.0,86.40519106385032
2026-04-05 00:34:52,12.5,0.0,86.39596413966052
2026-04-05 00:35:07,12.5,0.0,86.3867372154707
2026-04-05 00:35:22,12.5,0.0,86.37751029128088
2026-04-05 00:35:37,12.5,0.0,86.36828336709107
2026-04-05 00:35:52,12.5,0.0,86.35905644290125
2026-04-05 00:36:07,12.5,0.0,86.34982951871145
2026-04-05 00:36:22,12.5,0.0,86.34060259452163
2026-04-05 00:36:37,12.5,0.0,86.33137567033181
2026-04-05 00:36:52,12.5,0.0,86.32214874614199
2026-04-05 00:37:07,12.5,0.0,86.31292182195219
2026-04-05 00:37:22,12.5,0.0,86.30369489776237
2026-04-05 00:37:37,12.5,0.0,86.29446797357255
2026-04-05 00:37:52,12.5,0.0,86.28524104938273
2026-04-05 00:38:07,12.5,0.0,86.27601412519292
2026-04-05 00:38:22,12.5,0.0,86.26678720100311
2026-04-05 00:38:37,12.5,0.0,86.2575602768133
2026-04-05 00:38:52,12.5,0.0,86.24833335262348
2026-04-05 00:39:07,12.5,0.0,86.23910642843366
2026-04-05 00:39:22,12.5,0.0,86.22987950424384
2026-04-05 00:39:37,12.5,0.3021148036253776,86.22065258005404
2026-04-05 00:39:52,12.5,0.6024096385542169,86.21142565586422
2026-04-05 00:40:07,12.5,0.9009009009009009,86.2021987316744
2026-04-05 00:40:22,12.5,1.1976047904191618,86.19297180748458
2026-04-05 00:40:37,12.5,1.4925373134328357,86.18374488329478
2026-04-05 00:40:52,12.5,1.7857142857142856,86.17451795910496
2026-04-05 00:41:07,12.5,2.0771513353115725,86.16529103491514
2026-04-05 00:41:22,12.5,2.366863905325444,86.15606411072532
2026-04-05 00:41:37,12.5,2.6548672566371683,86.1468371865355
2026-04-05 00:41:52,12.5,2.941176470588235,86.1376102623457
2026-04-05 00:42:07,12.5,3.225806451612903,86.12838333815588
2026-04-05 00:42:22,12.5,3.508771929824561,86.11915641396607
2026-04-05 00:42:37,12.5,3.7900874635568513,86.10992948977625
2026-04-05 00:42:52,12.5,4.069767441860465,86.10070256558645
2026-04-05 00:43:07,12.5,4.3478260869565215,86.09147564139663
2026-04-05 00:43:22,12.5,4.63768115942029,86.08224871720681
2026-04-05 00:43:37,12.5,4.9275362318840585,86.07302179301699
2026-04-05 00:43:52,12.5,5.217391304347826,86.06379486882717
2026-04-05 00:44:07,12.5,5.507246376811594,86.05456794463737
2026-04-05 00:44:22,12.5,5.797101449275362,86.04534102044755
2026-04-05 00:44:37,12.5,6.086956521739131,86.03611409625773
2026-04-05 00:44:52,12.5,6.3768115942028984,86.02688717206792
2026-04-05 00:45:07,12.5,6.666666666666667,86.0176602478781
2026-04-05 00:45:22,12.5,6.956521739130435,86.0084333236883
2026-04-05 00:45:37,12.5,6.744868035190615,85.99920639949848
2026-04-05 00:45:52,12.5,7.038123167155426,85.98997947530866
2026-04-05 00:46:07,12.5,7.331378299120235,85.98075255111884
2026-04-05 00:46:22,12.5,7.624633431085044,85.97152562692904
2026-04-05 00:46:37,12.5,7.9178885630498534,85.96229870273922
2026-04-05 00:46:52,12.5,8.211143695014663,85.9530717785494
2026-04-05 00:47:07,12.5,8.504398826979472,85.94384485435958
2026-04-05 00:47:22,12.5,8.797653958944283,85.93461793016976
2026-04-05 00:47:37,12.5,9.090909090909092,85.92539100597996
2026-04-05 00:47:52,12.5,9.3841642228739,85.91616408179014
2026-04-05 00:48:07,12.5,9.67741935483871,85.90693715760032
2026-04-05 00:48:22,12.5,9.970674486803519,85.8977102334105
2026-04-05 00:48:37,12.5,10.263929618768328,85.8884833092207
2026-04-05 00:48:52,12.5,10.557184750733137,85.87925638503089
2026-04-05 00:49:07,12.5,10.850439882697946,85.87002946084107
2026-04-05 00:49:22,12.5,11.143695014662756,85.86080253665125
2026-04-05 00:49:37,12.5,11.436950146627565,85.85157561246143
2026-04-05 00:49:52,12.5,11.730205278592376,85.84234868827163
2026-04-05 00:50:07,12.5,12.023460410557185,85.83312176408181
2026-04-05 00:50:22,12.5,12.316715542521994,85.82389483989199
2026-04-05 00:50:37,12.5,12.609970674486803,85.81466791570217
2026-04-05 00:50:52,12.5,12.903225806451612,85.80544099151237
2026-04-05 00:51:07,12.5,13.196480938416421,85.79621406732255
2026-04-05 00:51:22,12.5,13.48973607038123,85.78698714313273
2026-04-05 00:51:37,12.5,13.78299120234604,85.77776021894292
2026-04-05 00:51:52,12.5,14.076246334310852,85.7685332947531
2026-04-05 00:52:07,12.5,14.369501466275661,85.7593063705633
2026-04-05 00:52:22,12.5,14.66275659824047,85.75007944637348
2026-04-05 00:52:37,12.5,14.95601173020528,85.74085252218366
2026-04-05 00:52:52,12.5,15.249266862170089,85.73162559799384
2026-04-05 00:53:07,12.5,15.542521994134898,85.72239867380404
2026-04-05 00:53:22,12.5,15.835777126099707,85.71317174961422
2026-04-05 00:53:37,12.5,16.129032258064516,85.7039448254244
2026-04-05 00:53:52,12.5,16.422287390029325,85.69471790123458
2026-04-05 00:54:07,12.5,16.715542521994134,85.68549097704476
2026-04-05 00:54:22,12.5,17.008797653958943,85.67626405285496
2026-04-05 00:54:37,12.5,17.302052785923756,85.66703712866514
2026-04-05 00:54:52,12.5,17.595307917888565,85.65781020447533
2026-04-05 00:55:07,12.5,17.888563049853374,85.64858328028551
2026-04-05 00:55:22,12.5,18.181818181818183,85.63935635609569
2026-04-05 00:55:37,12.5,18.475073313782993,85.63012943190589
2026-04-05 00:55:52,12.5,18.7683284457478,85.62090250771607
2026-04-05 00:56:07,12.5,19.06158357771261,85.61167558352625
2026-04-05 00:56:22,12.5,19.35483870967742,85.60244865933643
2026-04-05 00:56:37,12.5,19.64809384164223,85.59322173514663
2026-04-05 00:56:52,12.5,19.941348973607038,85.58399481095681
2026-04-05 00:57:07,12.5,20.234604105571847,85.57476788676699
2026-04-05 00:57:22,12.5,20.527859237536656,85.56554096257717
2026-04-05 00:57:37,12.5,20.821114369501466,85.55631403838736
2026-04-05 00:57:52,12.5,21.114369501466275,85.54708711419755
2026-04-05 00:58:07,12.5,21.407624633431084,85.53786019000773
2026-04-05 00:58:22,12.5,21.700879765395893,85.52863326581792
2026-04-05 00:58:37,12.5,21.994134897360702,85.5194063416281
2026-04-05 00:58:52,12.5,22.28739002932551,85.5101794174383
2026-04-05 00:59:07,12.5,22.58064516129032,85.50095249324848
2026-04-05 00:59:22,12.5,22.87390029325513,85.49172556905866
2026-04-05 00:59:37,12.5,23.16715542521994,85.48249864486884
2026-04-05 00:59:52,12.5,23.46041055718475,85.47327172067902
2026-04-05 01:00:07,12.5,23.75366568914956,85.46404479648922
2026-04-05 01:00:22,12.5,24.04692082111437,85.4548178722994
2026-04-05 01:00:37,12.5,24.34017595307918,85.44559094810958
2026-04-05 01:00:52,12.5,24.633431085043988,85.43636402391977
2026-04-05 01:01:07,12.5,24.926686217008797,85.42713709972995
2026-04-05 01:01:22,12.5,25.219941348973606,85.41791017554014
2026-04-05 01:01:37,12.5,25.513196480938415,85.40868325135033
2026-04-05 01:01:52,12.5,25.806451612903224,85.39945632716051
2026-04-05 01:02:07,12.5,26.099706744868033,85.39022940297069
2026-04-05 01:02:22,12.5,26.392961876832842,85.38100247878089
2026-04-05 01:02:37,12.5,26.68621700879765,85.37177555459107
2026-04-05 01:02:52,12.5,26.97947214076246,85.36254863040125
2026-04-05 01:03:07,12.5,27.27272727272727,85.35332170621143
2026-04-05 01:03:22,12.5,27.56598240469208,85.34409478202161
2026-04-05 01:03:37,12.5,27.859237536656888,85.33486785783181
2026-04-05 01:03:52,12.5,28.152492668621704,85.32564093364199
2026-04-05 01:04:07,12.5,28.445747800586513,85.31641400945217
2026-04-05 01:04:22,12.5,28.739002932551323,85.30718708526236
2026-04-05 01:04:37,12.5,29.03225806451613,85.29796016107255
2026-04-05 01:04:52,12.5,29.32551319648094,85.28873323688273
2026-04-05 01:05:07,12.5,29.61876832844575,85.27950631269292
2026-04-05 01:05:22,12.5,29.91202346041056,85.2702793885031
2026-04-05 01:05:37,12.5,30.205278592375368,85.26105246431328
2026-04-05 01:05:52,12.5,30.498533724340177,85.25182554012348
2026-04-05 01:06:07,12.5,30.791788856304986,85.24259861593366
2026-04-05 01:06:22,12.5,31.085043988269796,85.23337169174384
2026-04-05 01:06:37,12.5,31.378299120234605,85.22414476755402
2026-04-05 01:06:52,12.5,31.671554252199414,85.21491784336422
2026-04-05 01:07:07,12.5,31.964809384164223,85.2056909191744
2026-04-05 01:07:22,12.5,32.25806451612903,85.19646399498458
2026-04-05 01:07:37,12.5,32.55131964809384,85.18723707079477
2026-04-05 01:07:52,12.5,32.84457478005865,85.17801014660495
2026-04-05 01:08:07,12.5,33.137829912023456,85.16878322241514
2026-04-05 01:08:22,12.5,33.43108504398827,85.15955629822533
2026-04-05 01:08:37,12.5,33.724340175953074,85.15032937403551
2026-04-05 01:08:52,12.5,34.01759530791789,85.14110244984569
2026-04-05 01:09:07,12.5,34.31085043988269,85.13187552565587
2026-04-05 01:09:22,12.5,34.60410557184751,85.12264860146607
2026-04-05 01:09:37,12.5,34.89736070381232,85.11342167727625
2026-04-05 01:09:52,12.5,35.19061583577713,85.10419475308643
2026-04-05 01:10:07,12.5,35.483870967741936,85.09496782889661
2026-04-05 01:10:22,12.5,35.77712609970675,85.08574090470681
2026-04-05 01:10:37,12.5,36.070381231671554,85.07651398051699
2026-04-05 01:10:52,12.5,36.36363636363637,85.06728705632717
2026-04-05 01:11:07,12.5,36.65689149560117,85.05806013213736
2026-04-05 01:11:22,12.5,36.950146627565985,85.04883320794754
2026-04-05 01:11:37,12.5,37.24340175953079,85.03960628375773
2026-04-05 01:11:52,12.5,37.5366568914956,85.03037935956792
2026-04-05 01:12:07,12.5,37.82991202346041,85.0211524353781
2026-04-05 01:12:22,12.5,38.12316715542522,85.01192551118828
2026-04-05 01:12:37,12.5,38.41642228739003,85.00269858699848
2026-04-05 01:12:52,12.5,38.57566765578635,84.99347166280866
2026-04-05 01:13:07,12.5,38.87240356083086,84.98424473861884
2026-04-05 01:13:22,12.5,39.16913946587537,84.97501781442902
2026-04-05 01:13:37,12.5,39.46587537091988,84.9657908902392
2026-04-05 01:13:52,12.5,39.762611275964396,84.9565639660494
2026-04-05 01:14:07,12.5,40.0593471810089,84.94733704185958
2026-04-05 01:14:22,12.5,40.35608308605341,84.93811011766977
2026-04-05 01:14:37,12.5,40.652818991097924,84.92888319347995
2026-04-05 01:14:52,12.5,40.94955489614243,84.91965626929014
2026-04-05 01:15:07,12.5,41.246290801186944,84.91042934510033
2026-04-05 01:15:22,12.5,41.54302670623146,84.90120242091051
2026-04-05 01:15:37,12.5,41.839762611275965,84.89197549672069
2026-04-05 01:15:52,12.5,42.13649851632047,84.88274857253087
2026-04-05 01:16:07,12.5,42.433234421364986,84.87352164834107
2026-04-05 01:16:22,12.5,42.72997032640949,84.86429472415125
2026-04-05 01:16:37,12.5,43.02670623145401,84.85506779996143
2026-04-05 01:16:52,12.5,43.32344213649852,84.84584087577161
2026-04-05 01:17:07,12.5,43.62017804154303,84.8366139515818
2026-04-05 01:17:22,12.5,43.916913946587535,84.82738702739199
2026-04-05 01:17:37,12.5,44.21364985163205,84.81816010320217
2026-04-05 01:17:52,12.5,44.510385756676556,84.80893317901236
2026-04-05 01:18:07,12.5,44.80712166172107,84.79970625482254
2026-04-05 01:18:22,12.5,45.103857566765576,84.79047933063273
2026-04-05 01:18:37,12.5,45.40059347181009,84.78125240644292
2026-04-05 01:18:52,12.5,45.6973293768546,84.7720254822531
2026-04-05 01:19:07,12.5,45.99406528189911,84.76279855806328
2026-04-05 01:19:22,12.5,46.29080118694362,84.75357163387346
2026-04-05 01:19:37,12.5,46.58753709198813,84.74434470968366
2026-04-05 01:19:52,12.5,46.88427299703264,84.73511778549384
2026-04-05 01:20:07,12.5,47.18100890207715,84.72589086130402
2026-04-05 01:20:22,12.5,47.47774480712167,84.7166639371142
2026-04-05 01:20:37,12.5,47.774480712166174,84.7074370129244
2026-04-05 01:20:52,12.5,48.07121661721068,84.69821008873458
2026-04-05 01:21:07,12.5,48.367952522255194,84.68898316454477
2026-04-05 01:21:22,12.5,48.6646884272997,84.67975624035495
2026-04-05 01:21:37,12.5,48.96142433234421,84.67052931616513
2026-04-05 01:21:52,12.5,49.25816023738873,84.66130239197533
2026-04-05 01:22:07,12.5,49.554896142433236,84.65207546778551
2026-04-05 01:22:22,12.5,49.85163204747774,84.64284854359569
2026-04-05 01:22:37,12.5,50.14836795252226,84.63362161940587
2026-04-05 01:22:52,12.5,50.445103857566764,84.62439469521607
2026-04-05 01:23:07,12.5,50.74183976261127,84.61516777102625
2026-04-05 01:23:22,12.5,51.038575667655785,84.60594084683643
2026-04-05 01:23:37,12.5,51.33531157270029,84.59671392264661
2026-04-05 01:23:52,12.5,51.632047477744806,84.5874869984568
2026-04-05 01:24:07,12.5,51.92878338278932,84.57826007426699
2026-04-05 01:24:22,12.5,52.22551928783383,84.56903315007717
2026-04-05 01:24:37,12.5,52.52225519287834,84.55980622588736
2026-04-05 01:24:52,12.5,52.818991097922854,84.55057930169754
2026-04-05 01:25:07,12.5,53.11572700296736,84.54135237750772
2026-04-05 01:25:22,12.5,53.41246290801187,84.53212545331792
2026-04-05 01:25:37,12.5,53.70919881305638,84.5228985291281
2026-04-05 01:25:52,12.5,54.00593471810089,84.51367160493828
2026-04-05 01:26:07,12.5,54.3026706231454,84.50444468074846
2026-04-05 01:26:22,12.5,54.59940652818991,84.49521775655866
2026-04-05 01:26:37,12.5,54.89614243323442,84.48599083236884
2026-04-05 01:26:52,12.5,55.19287833827893,84.47676390817902
2026-04-05 01:27:07,12.5,55.48961424332344,84.4675369839892
2026-04-05 01:27:22,12.5,55.78635014836796,84.45831005979939
2026-04-05 01:27:37,12.5,56.083086053412465,84.44908313560958
2026-04-05 01:27:52,12.5,56.37982195845698,84.43985621141977
2026-04-05 01:28:07,12.5,56.676557863501486,84.43062928722995
2026-04-05 01:28:22,12.5,56.97329376854599,84.42140236304013
2026-04-05 01:28:37,12.5,57.27002967359051,84.41217543885033
2026-04-05 01:28:52,12.5,57.566765578635014,84.40294851466051
2026-04-05 01:29:07,12.5,57.86350148367953,84.39372159047069
2026-04-05 01:29:22,12.5,58.160237388724035,84.38449466628087
2026-04-05 01:29:37,12.5,58.45697329376854,84.37526774209105
2026-04-05 01:29:52,12.5,58.753709198813056,84.36604081790125
2026-04-05 01:30:07,12.5,59.05044510385756,84.35681389371143
2026-04-05 01:30:22,12.5,59.34718100890207,84.34758696952161
2026-04-05 01:30:37,12.5,59.64391691394659,84.3383600453318
2026-04-05 01:30:52,12.5,59.940652818991104,84.329133121142
2026-04-05 01:31:07,12.5,60.23738872403561,84.31990619695218
2026-04-05 01:31:22,12.5,60.534124629080125,84.31067927276236
2026-04-05 01:31:37,12.5,60.83086053412463,84.30145234857254
2026-04-05 01:31:52,12.5,61.12759643916914,84.29222542438272
2026-04-05 01:32:07,12.5,61.42433234421365,84.28299850019292
2026-04-05 01:32:22,12.5,61.72106824925816,84.2737715760031
2026-04-05 01:32:37,12.5,62.01780415430267,84.26454465181328
2026-04-05 01:32:52,12.5,62.31454005934718,84.25531772762346
2026-04-05 01:33:07,12.5,62.61127596439169,84.24609080343365
2026-04-05 01:33:22,12.5,62.908011869436194,84.23686387924384
2026-04-05 01:33:37,12.5,63.20474777448071,84.22763695505402
2026-04-05 01:33:52,12.5,63.50148367952523,84.2184100308642
2026-04-05 01:34:07,25.0,63.798219584569736,84.20918310667439
2026-04-05 01:34:22,25.0,64.09495548961425,84.19995618248458
2026-04-05 01:34:37,25.0,64.39169139465875,84.19072925829477
2026-04-05 01:34:52,25.0,64.68842729970326,84.18150233410495
2026-04-05 01:35:07,25.0,64.98516320474778,84.17227540991513
2026-04-05 01:35:22,25.0,65.28189910979229,84.16304848572531
2026-04-05 01:35:37,25.0,65.57863501483679,84.15382156153551
2026-04-05 01:35:52,25.0,65.8753709198813,84.14459463734569
2026-04-05 01:36:07,25.0,66.17210682492582,84.13536771315587
2026-04-05 01:36:22,25.0,66.46884272997032,84.12614078896605
2026-04-05 01:36:37,25.0,66.76557863501483,84.11691386477625
2026-04-05 01:36:52,25.0,67.06231454005935,84.10768694058643
2026-04-05 01:37:07,25.0,67.35905044510386,84.09846001639661
2026-04-05 01:37:22,25.0,67.65578635014838,84.0892330922068
2026-04-05 01:37:37,25.0,67.95252225519289,84.08000616801698
2026-04-05 01:37:52,25.0,68.24925816023739,84.07077924382718
2026-04-05 01:38:07,25.0,68.5459940652819,84.06155231963736
2026-04-05 01:38:22,25.0,68.84272997032642,84.05232539544754
2026-04-05 01:38:37,25.0,69.13946587537092,84.04309847125772
2026-04-05 01:38:52,25.0,69.43620178041543,84.03387154706792
2026-04-05 01:39:07,25.0,69.73293768545994,84.0246446228781
2026-04-05 01:39:22,25.0,70.02967359050444,84.01541769868828
2026-04-05 01:39:37,25.0,70.32640949554896,84.00619077449846
2026-04-05 01:39:52,25.0,70.87087087087087,83.99696385030865
2026-04-05 01:40:07,25.0,71.17117117117117,83.98773692611884
2026-04-05 01:40:22,25.0,71.47147147147147,83.97851000192902
2026-04-05 01:40:37,25.0,71.77177177177178,83.9692830777392
2026-04-05 01:40:52,25.0,72.07207207207207,83.96005615354939
2026-04-05 01:41:07,25.0,72.37237237237237,83.95082922935957
2026-04-05 01:41:22,25.0,72.67267267267268,83.94160230516977
2026-04-05 01:41:37,25.0,72.97297297297297,83.93237538097995
2026-04-05 01:41:52,25.0,73.27327327327328,83.92314845679013
2026-04-05 01:42:07,25.0,73.57357357357357,83.91392153260031
2026-04-05 01:42:22,25.0,73.87387387387388,83.90469460841051
2026-04-05 01:42:37,25.0,74.17417417417418,83.89546768422069
2026-04-05 01:42:52,25.0,74.47447447447448,83.88624076003087
2026-04-05 01:43:07,25.0,74.77477477477478,83.87701383584105
2026-04-05 01:43:22,25.0,75.07507507507508,83.86778691165124
2026-04-05 01:43:37,25.0,75.37537537537537,83.85855998746143
2026-04-05 01:43:52,25.0,75.67567567567568,83.84933306327162
2026-04-05 01:44:07,25.0,75.97597597597597,83.8401061390818
2026-04-05 01:44:22,25.0,76.27627627627628,83.83087921489198
2026-04-05 01:44:37,37.5,76.57657657657657,83.82165229070218
2026-04-05 01:44:52,37.5,76.87687687687688,83.81242536651236
2026-04-05 01:45:07,37.5,77.17717717717719,83.80319844232254
2026-04-05 01:45:22,37.5,77.47747747747748,83.79397151813272
2026-04-05 01:45:37,37.5,77.77777777777779,83.7847445939429
2026-04-05 01:45:52,37.5,78.07807807807808,83.7755176697531
2026-04-05 01:46:07,37.5,78.37837837837837,83.76629074556328
2026-04-05 01:46:22,37.5,78.67867867867868,83.75706382137346
2026-04-05 01:46:37,37.5,78.97897897897897,83.74783689718365
2026-04-05 01:46:52,37.5,79.27927927927928,83.73860997299384
2026-04-05 01:47:07,37.5,79.57957957957959,83.72938304880402
2026-04-05 01:47:22,37.5,79.87987987987988,83.7201561246142
2026-04-05 01:47:37,37.5,80.18018018018019,83.71092920042439
2026-04-05 01:47:52,37.5,80.48048048048048,83.70170227623457
2026-04-05 01:48:07,37.5,80.78078078078079,83.69247535204477
2026-04-05 01:48:22,37.5,81.08108108108108,83.68324842785495
2026-04-05 01:48:37,37.5,81.38138138138137,83.67402150366513
2026-04-05 01:48:52,37.5,81.68168168168168,83.66479457947531
2026-04-05 01:49:07,37.5,81.98198198198197,83.6555676552855
2026-04-05 01:49:22,37.5,82.28228228228228,83.64634073109569
2026-04-05 01:49:37,37.5,82.58258258258259,83.63711380690587
2026-04-05 01:49:52,37.5,82.88288288288288,83.62788688271606
2026-04-05 01:50:07,37.5,83.18318318318319,83.61865995852624
2026-04-05 01:50:22,37.5,83.48348348348348,83.60943303433643
2026-04-05 01:50:37,37.5,83.78378378378379,83.60020611014662
2026-04-05 01:50:52,37.5,84.08408408408408,83.5909791859568
2026-04-05 01:51:07,37.5,84.38438438438438,83.58175226176698
2026-04-05 01:51:22,37.5,84.68468468468468,83.57252533757716
2026-04-05 01:51:37,37.5,84.98498498498499,83.56329841338736
2026-04-05 01:51:52,37.5,85.28528528528528,83.55407148919754
2026-04-05 01:52:07,37.5,85.58558558558559,83.54484456500772
2026-04-05 01:52:22,50.0,85.88588588588588,83.5356176408179
2026-04-05 01:52:37,50.0,86.18618618618619,83.5263907166281
2026-04-05 01:52:52,50.0,86.48648648648648,83.51716379243828
2026-04-05 01:53:07,50.0,86.78678678678679,83.50793686824846
2026-04-05 01:53:22,50.0,87.08708708708708,83.49870994405865
2026-04-05 01:53:37,50.0,87.38738738738738,83.48948301986883
2026-04-05 01:53:52,50.0,87.68768768768768,83.48025609567902
2026-04-05 01:54:07,50.0,87.98798798798799,83.4710291714892
2026-04-05 01:54:22,50.0,88.28828828828829,83.46180224729939
2026-04-05 01:54:37,50.0,88.58858858858859,83.45257532310957
2026-04-05 01:54:52,50.0,88.88888888888889,83.44334839891977
2026-04-05 01:55:07,50.0,89.1891891891892,83.43412147472995
2026-04-05 01:55:22,50.0,89.4894894894895,83.42489455054013
2026-04-05 01:55:37,50.0,89.7897897897898,83.41566762635031
2026-04-05 01:55:52,50.0,90.09009009009009,83.4064407021605
2026-04-05 01:56:07,50.0,90.39039039039038,83.39721377797069
2026-04-05 01:56:22,50.0,90.69069069069069,83.38798685378087
2026-04-05 01:56:37,50.0,90.990990990991,83.37875992959106
2026-04-05 01:56:52,50.0,91.29129129129129,83.36953300540124
2026-04-05 01:57:07,50.0,91.5915915915916,83.36030608121142
2026-04-05 01:57:22,50.0,91.8918918918919,83.35107915702162
2026-04-05 01:57:37,50.0,92.1921921921922,83.3418522328318
2026-04-05 01:57:52,50.0,92.49249249249249,83.33262530864198
2026-04-05 01:58:07,50.0,92.7927927927928,83.32339838445216
2026-04-05 01:58:22,50.0,93.09309309309309,83.31417146026236
2026-04-05 01:58:37,50.0,93.3933933933934,83.30494453607254
2026-04-05 01:58:52,50.0,93.69369369369369,83.29571761188272
2026-04-05 01:59:07,50.0,93.993993993994,83.2864906876929
2026-04-05 01:59:22,50.0,94.29429429429429,83.27726376350309
2026-04-05 01:59:37,50.0,94.5945945945946,83.26803683931328
2026-04-05 01:59:52,50.0,94.8948948948949,83.25880991512346
2026-04-05 02:00:07,50.0,95.1951951951952,83.24958299093365
2026-04-05 02:00:22,50.0,95.4954954954955,83.24035606674383
2026-04-05 02:00:37,50.0,95.7957957957958,83.23112914255402
2026-04-05 02:00:52,50.0,96.09609609609609,83.2219022183642
2026-04-05 02:01:07,50.0,96.3963963963964,83.21267529417439
2026-04-05 02:01:22,50.0,96.69669669669669,83.20344836998457
2026-04-05 02:01:37,62.5,96.996996996997,83.19422144579475
2026-04-05 02:01:52,62.5,97.2972972972973,83.18499452160495
2026-04-05 02:02:07,62.5,97.5975975975976,83.17576759741513
2026-04-05 02:02:22,62.5,97.8978978978979,83.16654067322531
2026-04-05 02:02:37,62.5,98.1981981981982,83.1573137490355
2026-04-05 02:02:52,62.5,98.49849849849849,83.14808682484569
2026-04-05 02:03:07,62.5,98.7987987987988,83.13885990065587
2026-04-05 02:03:22,62.5,99.09909909909909,83.12963297646606
2026-04-05 02:03:37,62.5,99.3993993993994,83.12040605227624
2026-04-05 02:03:52,62.5,99.69969969969969,83.11117912808642
2026-04-05 02:04:07,62.5,100.0,83.10195220389662
2026-04-05 02:04:22,62.5,100.0,83.0927252797068
2026-04-05 02:04:37,62.5,100.0,83.08349835551698
2026-04-05 02:04:52,62.5,100.0,83.07427143132716
2026-04-05 02:05:07,62.5,100.0,83.06504450713734
2026-04-05 02:05:22,62.5,100.0,83.05581758294754
2026-04-05 02:05:37,62.5,100.0,83.04659065875772
2026-04-05 02:05:52,62.5,100.0,83.0373637345679
2026-04-05 02:06:07,62.5,100.0,83.02813681037809
2026-04-05 02:06:22,62.5,100.0,83.01890988618828
2026-04-05 02:06:37,62.5,100.0,83.00968296199846
2026-04-05 02:06:52,62.5,100.0,83.00045603780865
2026-04-05 02:07:07,62.5,100.0,82.99122911361883
2026-04-05 02:07:22,62.5,100.0,82.98200218942901
2026-04-05 02:07:37,62.5,100.0,82.9727752652392
2026-04-05 02:07:52,62.5,100.0,82.96354834104939
2026-04-05 02:08:07,62.5,100.0,82.95432141685957
2026-04-05 02:08:22,62.5,100.0,82.94509449266975
2026-04-05 02:08:37,62.5,100.0,82.93586756847995
2026-04-05 02:08:52,62.5,100.0,82.92664064429013
2026-04-05 02:09:07,62.5,100.0,82.91741372010031
2026-04-05 02:09:22,62.5,100.0,82.9081867959105
2026-04-05 02:09:37,62.5,100.0,82.89895987172068
2026-04-05 02:09:52,62.5,100.0,82.88973294753087
2026-04-05 02:10:07,62.5,100.0,82.88050602334106
2026-04-05 02:10:22,62.5,100.0,82.87127909915124
2026-04-05 02:10:37,62.5,100.0,82.86205217496142
2026-04-05 02:10:52,62.5,100.0,82.85282525077162
2026-04-05 02:11:07,62.5,100.0,82.8435983265818
2026-04-05 02:11:22,62.5,100.0,82.83437140239198
2026-04-05 02:11:37,62.5,100.0,82.82514447820216
2026-04-05 02:11:52,62.5,100.0,82.81591755401234
2026-04-05 02:12:07,62.5,100.0,82.80669062982254
2026-04-05 02:12:22,62.5,100.0,82.79746370563272
2026-04-05 02:12:37,62.5,100.0,82.7882367814429
2026-04-05 02:12:52,62.5,100.0,82.77900985725309
2026-04-05 02:13:07,62.5,100.0,82.76978293306327
2026-04-05 02:13:22,62.5,100.0,82.76055600887346
2026-04-05 02:13:37,62.5,100.0,82.75132908468365
2026-04-05 02:13:52,62.5,100.0,82.74210216049383
2026-04-05 02:14:07,75.0,100.0,82.73287523630401
2026-04-05 02:14:22,75.0,100.0,82.72364831211421
2026-04-05 02:14:37,75.0,100.0,82.71442138792439
2026-04-05 02:14:52,75.0,100.0,82.70519446373457
2026-04-05 02:15:07,75.0,100.0,82.69596753954475
2026-04-05 02:15:22,75.0,100.0,82.68674061535494
2026-04-05 02:15:37,75.0,100.0,82.67751369116513
2026-04-05 02:15:52,75.0,100.0,82.66828676697531
2026-04-05 02:16:07,75.0,100.0,82.6590598427855
2026-04-05 02:16:22,75.0,100.0,82.64983291859568
2026-04-05 02:16:37,75.0,100.0,82.64060599440587
2026-04-05 02:16:52,75.0,100.0,82.63137907021606
2026-04-05 02:17:07,75.0,100.0,82.62215214602624
2026-04-05 02:17:22,75.0,100.0,82.61292522183642
2026-04-05 02:17:37,75.0,100.0,82.6036982976466
2026-04-05 02:17:52,75.0,100.0,82.5944713734568
2026-04-05 02:18:07,75.0,100.0,82.58524444926698
2026-04-05 02:18:22,75.0,100.0,82.57601752507716
2026-04-05 02:18:37,75.0,100.0,82.56679060088734
2026-04-05 02:18:52,75.0,100.0,82.55756367669754
2026-04-05 02:19:07,75.0,100.0,82.54833675250772
2026-04-05 02:19:22,75.0,100.0,82.5391098283179
2026-04-05 02:19:37,75.0,100.0,82.52988290412809
2026-04-05 02:19:52,75.0,100.0,82.52065597993827
2026-04-05 02:20:07,75.0,100.0,82.51142905574847
2026-04-05 02:20:22,75.0,100.0,82.50220213155865
2026-04-05 02:20:37,75.0,100.0,82.49297520736883
2026-04-05 02:20:52,75.0,100.0,82.48374828317901
2026-04-05 02:21:07,75.0,100.0,82.4745213589892
2026-04-05 02:21:22,75.0,100.0,82.46529443479939
2026-04-05 02:21:37,75.0,100.0,82.45606751060957
2026-04-05 02:21:52,75.0,100.0,82.44684058641975
2026-04-05 02:22:07,75.0,100.0,82.43761366222994
2026-04-05 02:22:22,75.0,100.0,82.42838673804013
2026-04-05 02:22:37,75.0,100.0,82.41915981385031
2026-04-05 02:22:52,75.0,100.0,82.4099328896605
2026-04-05 02:23:07,75.0,100.0,82.40070596547068
2026-04-05 02:23:22,75.0,100.0,82.39147904128086
2026-04-05 02:23:37,75.0,100.0,82.38225211709106
2026-04-05 02:23:52,75.0,100.0,82.37302519290124
2026-04-05 02:24:07,75.0,100.0,82.36379826871142
2026-04-05 02:24:22,75.0,100.0,82.3545713445216
2026-04-05 02:24:37,75.0,100.0,82.3453444203318
2026-04-05 02:24:52,75.0,100.0,82.33611749614198
2026-04-05 02:25:07,75.0,100.0,82.32689057195216
2026-04-05 02:25:22,75.0,100.0,82.31766364776234
2026-04-05 02:25:37,75.0,100.0,82.30843672357253
2026-04-05 02:25:52,75.0,100.0,82.29920979938272
2026-04-05 02:26:07,75.0,100.0,82.2899828751929
2026-04-05 02:26:22,75.0,100.0,82.28075595100309
2026-04-05 02:26:37,75.0,100.0,82.27152902681327
2026-04-05 02:26:52,75.0,100.0,82.26230210262347
2026-04-05 02:27:07,75.0,100.0,82.25307517843365
2026-04-05 02:27:22,75.0,100.0,82.24384825424383
2026-04-05 02:27:37,75.0,100.0,82.23462133005401
2026-04-05 02:27:52,75.0,100.0,82.2253944058642
2026-04-05 02:28:07,75.0,100.0,82.21616748167439
2026-04-05 02:28:22,75.0,100.0,82.20694055748457
2026-04-05 02:28:37,75.0,100.0,82.19771363329475
2026-04-05 02:28:52,75.0,100.0,82.18848670910494
2026-04-05 02:29:07,75.0,100.0,82.17925978491512
2026-04-05 02:29:22,75.0,100.0,82.17003286072531
2026-04-05 02:29:37,75.0,100.0,82.1608059365355
2026-04-05 02:29:52,75.0,100.0,82.15157901234568
2026-04-05 02:30:07,75.0,100.0,82.14235208815586
2026-04-05 02:30:22,75.0,100.0,82.13312516396606
2026-04-05 02:30:37,75.0,100.0,82.12389823977624
2026-04-05 02:30:52,75.0,100.0,82.11467131558642
2026-04-05 02:31:07,75.0,100.0,82.1054443913966
2026-04-05 02:31:22,75.0,100.0,82.09621746720678
2026-04-05 02:31:37,75.0,100.0,82.08699054301698
2026-04-05 02:31:52,75.0,100.0,82.07776361882716
2026-04-05 02:32:07,75.0,100.0,82.06853669463734
2026-04-05 02:32:22,75.0,100.0,82.05930977044753
2026-04-05 02:32:37,75.0,100.0,82.05008284625772
2026-04-05 02:32:52,75.0,100.0,82.0408559220679
2026-04-05 02:33:07,75.0,100.0,82.03162899787809
2026-04-05 02:33:22,75.0,100.0,82.02240207368827
2026-04-05 02:33:37,75.0,100.0,82.01317514949845
2026-04-05 02:33:52,75.0,100.0,82.00394822530865
2026-04-05 02:34:07,75.0,100.0,81.99472130111883
2026-04-05 02:34:22,75.0,100.0,81.98549437692901
2026-04-05 02:34:37,75.0,100.0,81.9762674527392
2026-04-05 02:34:52,75.0,100.0,81.96704052854938
2026-04-05 02:35:07,75.0,100.0,81.95781360435957
2026-04-05 02:35:22,75.0,100.0,81.94858668016975
2026-04-05 02:35:37,75.0,100.0,81.93935975597994
2026-04-05 02:35:52,75.0,100.0,81.93013283179012
2026-04-05 02:36:07,75.0,100.0,81.92090590760031
2026-04-05 02:36:22,75.0,100.0,81.9116789834105
2026-04-05 02:36:37,75.0,100.0,81.90245205922068
2026-04-05 02:36:52,75.0,100.0,81.89322513503086
2026-04-05 02:37:07,75.0,100.0,81.88399821084104
2026-04-05 02:37:22,75.0,100.0,81.87477128665124
2026-04-05 02:37:37,75.0,100.0,81.86554436246142
2026-04-05 02:37:52,75.0,100.0,81.8563174382716
2026-04-05 02:38:07,75.0,100.0,81.84709051408178
2026-04-05 02:38:22,75.0,100.0,81.83786358989198
2026-04-05 02:38:37,75.0,100.0,81.82863666570216
2026-04-05 02:38:52,75.0,100.0,81.81940974151235
2026-04-05 02:39:07,75.0,100.0,81.81018281732253
2026-04-05 02:39:22,75.0,100.0,81.80095589313271
2026-04-05 02:39:37,75.0,100.0,81.7917289689429
2026-04-05 02:39:52,75.0,100.0,81.78250204475309
2026-04-05 02:40:07,75.0,100.0,81.77327512056327
2026-04-05 02:40:22,75.0,100.0,81.76404819637345
2026-04-05 02:40:37,75.0,100.0,81.75482127218365
2026-04-05 02:40:52,75.0,100.0,81.74559434799383
2026-04-05 02:41:07,75.0,100.0,81.73636742380401
2026-04-05 02:41:22,75.0,100.0,81.7271404996142
2026-04-05 02:41:37,75.0,100.0,81.71791357542438
2026-04-05 02:41:52,75.0,100.0,81.70868665123457
2026-04-05 02:42:07,75.0,100.0,81.69945972704475
2026-04-05 02:42:22,75.0,100.0,81.69023280285494
2026-04-05 02:42:37,75.0,100.0,81.68100587866512
2026-04-05 02:42:52,75.0,100.0,81.67177895447531
2026-04-05 02:43:07,75.0,100.0,81.6625520302855
2026-04-05 02:43:22,75.0,100.0,81.65332510609568
2026-04-05 02:43:37,75.0,100.0,81.64409818190586
2026-04-05 02:43:52,87.5,100.0,81.63487125771604
2026-04-05 02:44:07,87.5,100.0,81.62564433352624
2026-04-05 02:44:22,87.5,100.0,81.61641740933642
2026-04-05 02:44:37,87.5,100.0,81.6071904851466
2026-04-05 02:44:52,87.5,100.0,81.59796356095679
2026-04-05 02:45:07,87.5,100.0,81.58873663676697
2026-04-05 02:45:22,87.5,100.0,81.57950971257716
2026-04-05 02:45:37,87.5,100.0,81.57028278838735
2026-04-05 02:45:52,87.5,100.0,81.56105586419753
2026-04-05 02:46:07,87.5,100.0,81.55182894000771
2026-04-05 02:46:22,87.5,100.0,81.5426020158179
2026-04-05 02:46:37,87.5,100.0,81.53337509162809
2026-04-05 02:46:52,87.5,100.0,81.52414816743827
2026-04-05 02:47:07,87.5,100.0,81.51492124324845
2026-04-05 02:47:22,87.5,100.0,81.50569431905863
2026-04-05 02:47:37,87.5,100.0,81.49646739486883
2026-04-05 02:47:52,87.5,100.0,81.48724047067901
2026-04-05 02:48:07,87.5,100.0,81.4780135464892
2026-04-05 02:48:22,87.5,100.0,81.46878662229938
2026-04-05 02:48:37,87.5,100.0,81.45955969810957
2026-04-05 02:48:52,87.5,100.0,81.45033277391975
2026-04-05 02:49:07,87.5,100.0,81.44110584972994
2026-04-05 02:49:22,87.5,100.0,81.43187892554012
2026-04-05 02:49:37,87.5,100.0,81.4226520013503
2026-04-05 02:49:52,87.5,100.0,81.4134250771605
2026-04-05 02:50:07,87.5,100.0,81.40419815297068
2026-04-05 02:50:22,87.5,100.0,81.39497122878086
2026-04-05 02:50:37,87.5,100.0,81.38574430459104
2026-04-05 02:50:52,87.5,100.0,81.37651738040122
2026-04-05 02:51:07,87.5,100.0,81.36729045621142
2026-04-05 02:51:22,87.5,100.0,81.3580635320216
2026-04-05 02:51:37,87.5,100.0,81.34883660783179
2026-04-05 02:51:52,87.5,100.0,81.33960968364197
2026-04-05 02:52:07,87.5,100.0,81.33038275945216
2026-04-05 02:52:22,87.5,100.0,81.32115583526235
2026-04-05 02:52:37,87.5,100.0,81.31192891107253
2026-04-05 02:52:52,87.5,100.0,81.30270198688271
2026-04-05 02:53:07,87.5,100.0,81.29347506269289
2026-04-05 02:53:22,87.5,100.0,81.28424813850309
2026-04-05 02:53:37,87.5,100.0,81.27502121431327
2026-04-05 02:53:52,87.5,100.0,81.26579429012345
2026-04-05 02:54:07,87.5,100.0,81.25656736593363
2026-04-05 02:54:22,87.5,100.0,81.24734044174383
2026-04-05 02:54:37,87.5,100.0,81.23811351755401
2026-04-05 02:54:52,87.5,100.0,81.2288865933642
2026-04-05 02:55:07,87.5,100.0,81.21965966917438
2026-04-05 02:55:22,87.5,100.0,81.21043274498456
2026-04-05 02:55:37,87.5,100.0,81.20120582079475
2026-04-05 02:55:52,87.5,100.0,81.19197889660494
2026-04-05 02:56:07,87.5,100.0,81.18275197241512
2026-04-05 02:56:22,87.5,100.0,81.1735250482253
2026-04-05 02:56:37,87.5,100.0,81.1642981240355
2026-04-05 02:56:52,87.5,100.0,81.15507119984568
2026-04-05 02:57:07,87.5,100.0,81.14584427565586
2026-04-05 02:57:22,87.5,100.0,81.13661735146604
2026-04-05 02:57:37,87.5,100.0,81.12739042727623
2026-04-05 02:57:52,87.5,100.0,81.11816350308642
2026-04-05 02:58:07,87.5,100.0,81.1089365788966
2026-04-05 02:58:22,87.5,100.0,81.09970965470679
2026-04-05 02:58:37,87.5,100.0,81.09048273051697
2026-04-05 02:58:52,87.5,100.0,81.08125580632716
2026-04-05 02:59:07,87.5,100.0,81.07202888213735
2026-04-05 02:59:22,87.5,100.0,81.06280195794753
2026-04-05 02:59:37,87.5,100.0,81.05357503375771
2026-04-05 02:59:52,87.5,100.0,81.04434810956789
2026-04-05 03:00:07,87.5,100.0,81.03512118537809
2026-04-05 03:00:22,87.5,100.0,81.02589426118827
2026-04-05 03:00:37,87.5,100.0,81.01666733699845
2026-04-05 03:00:52,87.5,100.0,81.00744041280863
2026-04-05 03:01:07,87.5,100.0,80.99821348861882
2026-04-05 03:01:22,87.5,100.0,80.98898656442901
2026-04-05 03:01:37,87.5,100.0,80.9797596402392
2026-04-05 03:01:52,87.5,100.0,80.97053271604938
2026-04-05 03:02:07,87.5,100.0,80.96130579185956
2026-04-05 03:02:22,87.5,100.0,80.95207886766975
2026-04-05 03:02:37,87.5,100.0,80.94285194347994
2026-04-05 03:02:52,87.5,100.0,80.93362501929012
2026-04-05 03:03:07,87.5,100.0,80.9243980951003
2026-04-05 03:03:22,87.5,100.0,80.91517117091048
2026-04-05 03:03:37,87.5,100.0,80.90594424672068
2026-04-05 03:03:52,87.5,100.0,80.89671732253086
2026-04-05 03:04:07,87.5,100.0,80.88749039834104
2026-04-05 03:04:22,87.5,100.0,80.87826347415123
2026-04-05 03:04:37,87.5,100.0,80.86903654996142
2026-04-05 03:04:52,87.5,100.0,80.8598096257716
2026-04-05 03:05:07,87.5,100.0,80.85058270158179
2026-04-05 03:05:22,87.5,100.0,80.84135577739197
2026-04-05 03:05:37,87.5,100.0,80.83212885320215
2026-04-05 03:05:52,87.5,100.0,80.82290192901235
2026-04-05 03:06:07,87.5,100.0,80.81367500482253
2026-04-05 03:06:22,87.5,100.0,80.80444808063271
2026-04-05 03:06:37,87.5,100.0,80.79522115644289
2026-04-05 03:06:52,87.5,100.0,80.78599423225307
2026-04-05 03:07:07,87.5,100.0,80.77676730806327
2026-04-05 03:07:22,87.5,100.0,80.76754038387345
2026-04-05 03:07:37,87.5,100.0,80.75831345968363
2026-04-05 03:07:52,87.5,100.0,80.74908653549382
2026-04-05 03:08:07,87.5,100.0,80.73985961130401
2026-04-05 03:08:22,87.5,100.0,80.7306326871142
2026-04-05 03:08:37,87.5,100.0,80.72140576292438
2026-04-05 03:08:52,87.5,100.0,80.71217883873456
2026-04-05 03:09:07,87.5,100.0,80.70295191454474
2026-04-05 03:09:22,87.5,100.0,80.69372499035494
2026-04-05 03:09:37,87.5,100.0,80.68449806616512
2026-04-05 03:09:52,87.5,100.0,80.6752711419753
2026-04-05 03:10:07,87.5,100.0,80.66604421778548
2026-04-05 03:10:22,87.5,100.0,80.65681729359568
2026-04-05 03:10:37,87.5,100.0,80.64759036940586
2026-04-05 03:10:52,87.5,100.0,80.63836344521604
2026-04-05 03:11:07,87.5,100.0,80.62913652102623
2026-04-05 03:11:22,87.5,100.0,80.61990959683641
2026-04-05 03:11:37,87.5,100.0,80.6106826726466
2026-04-05 03:11:52,87.5,100.0,80.60145574845679
2026-04-05 03:12:07,87.5,100.0,80.59222882426697
2026-04-05 03:12:22,87.5,100.0,80.58300190007715
2026-04-05 03:12:37,87.5,100.0,80.57377497588735
2026-04-05 03:12:52,87.5,100.0,80.56454805169753
2026-04-05 03:13:07,87.5,100.0,80.55532112750771
2026-04-05 03:13:22,87.5,100.0,80.54609420331789
2026-04-05 03:13:37,87.5,100.0,80.53686727912807
2026-04-05 03:13:52,87.5,100.0,80.52764035493827
2026-04-05 03:14:07,87.5,100.0,80.51841343074845
2026-04-05 03:14:22,87.5,100.0,80.50918650655863
2026-04-05 03:14:37,87.5,100.0,80.49995958236882
2026-04-05 03:14:52,87.5,100.0,80.49073265817901
2026-04-05 03:15:07,87.5,100.0,80.4815057339892
2026-04-05 03:15:22,87.5,100.0,80.47227880979938
2026-04-05 03:15:37,87.5,100.0,80.46305188560956
2026-04-05 03:15:52,87.5,100.0,80.45382496141974
2026-04-05 03:16:07,87.5,100.0,80.44459803722994
2026-04-05 03:16:22,87.5,100.0,80.43537111304012
2026-04-05 03:16:37,87.5,100.0,80.4261441888503
2026-04-05 03:16:52,87.5,100.0,80.41691726466048
2026-04-05 03:17:07,87.5,100.0,80.40769034047067
2026-04-05 03:17:22,87.5,100.0,80.39846341628086
2026-04-05 03:17:37,87.5,100.0,80.38923649209104
2026-04-05 03:17:52,87.5,100.0,80.38000956790123
2026-04-05 03:18:07,87.5,100.0,80.37078264371141
2026-04-05 03:18:22,87.5,100.0,80.3615557195216
2026-04-05 03:18:37,87.5,100.0,80.35232879533179
2026-04-05 03:18:52,87.5,100.0,80.34310187114197
2026-04-05 03:19:07,87.5,100.0,80.33387494695215
2026-04-05 03:19:22,87.5,100.0,80.32464802276233
2026-04-05 03:19:37,87.5,100.0,80.31542109857253
2026-04-05 03:19:52,87.5,100.0,80.30619417438271
2026-04-05 03:20:07,87.5,100.0,80.29696725019289
2026-04-05 03:20:22,87.5,100.0,80.28774032600307
2026-04-05 03:20:37,87.5,100.0,80.27851340181327
2026-04-05 03:20:52,87.5,100.0,80.26928647762345
2026-04-05 03:21:07,87.5,100.0,80.26005955343363
2026-04-05 03:21:22,87.5,100.0,80.25083262924382
2026-04-05 03:21:37,87.5,100.0,80.241605705054
2026-04-05 03:21:52,87.5,100.0,80.2323787808642
2026-04-05 03:22:07,87.5,100.0,80.22315185667438
2026-04-05 03:22:22,87.5,100.0,80.21392493248456
2026-04-05 03:22:37,87.5,100.0,80.20469800829474
2026-04-05 03:22:52,87.5,100.0,80.19547108410492
2026-04-05 03:23:07,87.5,100.0,80.18624415991512
2026-04-05 03:23:22,87.5,100.0,80.1770172357253
2026-04-05 03:23:37,87.5,100.0,80.16779031153548
2026-04-05 03:23:52,87.5,100.0,80.15856338734567
2026-04-05 03:24:07,87.5,100.0,80.14933646315586
2026-04-05 03:24:22,87.5,100.0,80.14010953896604
2026-04-05 03:24:37,87.5,100.0,80.13088261477623
2026-04-05 03:24:52,87.5,100.0,80.12165569058641
2026-04-05 03:25:07,87.5,100.0,80.11242876639659
2026-04-05 03:25:22,87.5,100.0,80.10320184220679
2026-04-05 03:25:37,87.5,100.0,80.09397491801697
2026-04-05 03:25:52,87.5,100.0,80.08474799382715
2026-04-05 03:26:07,87.5,100.0,80.07552106963733
2026-04-05 03:26:22,87.5,100.0,80.06629414544753
2026-04-05 03:26:37,87.5,100.0,80.05706722125771
2026-04-05 03:26:52,87.5,100.0,80.04784029706789
2026-04-05 03:27:07,87.5,100.0,80.03861337287807
2026-04-05 03:27:22,87.5,100.0,80.02938644868826
2026-04-05 03:27:37,87.5,100.0,80.02015952449845
2026-04-05 03:27:52,87.5,100.0,80.01093260030864
2026-04-05 03:28:07,87.5,100.0,80.00170567611882
2026-04-05 03:28:22,87.5,100.0,79.992478751929
2026-04-05 03:28:37,87.5,100.0,79.9832518277392
2026-04-05 03:28:52,87.5,100.0,79.97402490354938
2026-04-05 03:29:07,87.5,100.0,79.96479797935956
2026-04-05 03:29:22,87.5,100.0,79.95557105516974
2026-04-05 03:29:37,87.5,100.0,79.94634413097992
2026-04-05 03:29:52,87.5,100.0,79.93711720679012
2026-04-05 03:30:07,87.5,100.0,79.9278902826003
2026-04-05 03:30:22,87.5,100.0,79.91866335841048
2026-04-05 03:30:37,87.5,100.0,79.90943643422067
2026-04-05 03:30:52,87.5,100.0,79.90020951003086
2026-04-05 03:31:07,87.5,100.0,79.89098258584104
2026-04-05 03:31:22,87.5,100.0,79.88175566165123
2026-04-05 03:31:37,87.5,100.0,79.87252873746141
2026-04-05 03:31:52,87.5,100.0,79.86330181327159
2026-04-05 03:32:07,87.5,100.0,79.85407488908179
2026-04-05 03:32:22,87.5,100.0,79.84484796489197
2026-04-05 03:32:37,87.5,100.0,79.83562104070215
2026-04-05 03:32:52,87.5,100.0,79.82639411651233
2026-04-05 03:33:07,87.5,100.0,79.81716719232251
2026-04-05 03:33:22,87.5,100.0,79.80794026813271
2026-04-05 03:33:37,87.5,100.0,79.7987133439429
2026-04-05 03:33:52,87.5,100.0,79.78948641975308
2026-04-05 03:34:07,87.5,100.0,79.78025949556326
2026-04-05 03:34:22,87.5,100.0,79.77103257137345
2026-04-05 03:34:37,87.5,100.0,79.76180564718364
2026-04-05 03:34:52,87.5,100.0,79.75257872299382
2026-04-05 03:35:07,87.5,100.0,79.743351798804
2026-04-05 03:35:22,87.5,100.0,79.73412487461418
2026-04-05 03:35:37,87.5,100.0,79.72489795042438
2026-04-05 03:35:52,87.5,100.0,79.71567102623456
2026-04-05 03:36:07,87.5,100.0,79.70644410204474
2026-04-05 03:36:22,87.5,100.0,79.69721717785492
2026-04-05 03:36:37,87.5,100.0,79.68799025366512
2026-04-05 03:36:52,87.5,100.0,79.6787633294753
2026-04-05 03:37:07,87.5,100.0,79.66953640528548
2026-04-05 03:37:22,87.5,100.0,79.66030948109567
2026-04-05 03:37:37,87.5,100.0,79.65108255690585
2026-04-05 03:37:52,87.5,100.0,79.64185563271604
2026-04-05 03:38:07,87.5,100.0,79.63262870852623
2026-04-05 03:38:22,87.5,100.0,79.62340178433641
2026-04-05 03:38:37,87.5,100.0,79.61417486014659
2026-04-05 03:38:52,87.5,100.0,79.60494793595677
2026-04-05 03:39:07,87.5,100.0,79.59572101176697
2026-04-05 03:39:22,87.5,100.0,79.58649408757715
2026-04-05 03:39:37,87.5,100.0,79.57726716338733
2026-04-05 03:39:52,87.5,100.0,79.56804023919752
2026-04-05 03:40:07,87.5,100.0,79.55881331500771
2026-04-05 03:40:22,87.5,100.0,79.5495863908179
2026-04-05 03:40:37,87.5,100.0,79.54035946662808
2026-04-05 03:40:52,87.5,100.0,79.53113254243826
2026-04-05 03:41:07,87.5,100.0,79.52190561824844
2026-04-05 03:41:22,87.5,100.0,79.51267869405864
2026-04-05 03:41:37,100.0,100.0,79.50345176986882
2026-04-05 03:41:52,100.0,100.0,79.494224845679
2026-04-05 03:42:07,100.0,100.0,79.48499792148918
2026-04-05 03:42:22,100.0,100.0,79.47577099729938
2026-04-05 03:42:37,100.0,100.0,79.46654407310956
2026-04-05 03:42:52,100.0,100.0,79.45731714891974
2026-04-05 03:43:07,100.0,100.0,79.44809022472992
2026-04-05 03:43:22,100.0,100.0,79.4388633005401
2026-04-05 03:43:37,100.0,100.0,79.4296363763503
2026-04-05 03:43:52,100.0,100.0,79.42040945216048
2026-04-05 03:44:07,100.0,100.0,79.41118252797067
2026-04-05 03:44:22,100.0,100.0,79.40195560378085
2026-04-05 03:44:37,100.0,100.0,79.39272867959104
2026-04-05 03:44:52,100.0,100.0,79.38350175540123
2026-04-05 03:45:07,100.0,100.0,79.37427483121141
2026-04-05 03:45:22,100.0,100.0,79.36504790702159
2026-04-05 03:45:37,100.0,100.0,79.35582098283177
2026-04-05 03:45:52,100.0,100.0,79.34659405864197
2026-04-05 03:46:07,100.0,100.0,79.33736713445215
2026-04-05 03:46:22,100.0,100.0,79.32814021026233
2026-04-05 03:46:37,100.0,100.0,79.31891328607252
2026-04-05 03:46:52,100.0,100.0,79.30968636188271
2026-04-05 03:47:07,100.0,100.0,79.3004594376929
2026-04-05 03:47:22,100.0,100.0,79.29123251350308
2026-04-05 03:47:37,100.0,100.0,79.28200558931326
2026-04-05 03:47:52,100.0,100.0,79.27277866512344
2026-04-05 03:48:07,100.0,100.0,79.26355174093364
2026-04-05 03:48:22,100.0,100.0,79.25432481674382
2026-04-05 03:48:37,100.0,100.0,79.245097892554
2026-04-05 03:48:52,100.0,100.0,79.23587096836418
2026-04-05 03:49:07,100.0,100.0,79.22664404417436
2026-04-05 03:49:22,100.0,100.0,79.21741711998456
2026-04-05 03:49:37,100.0,100.0,79.20819019579474
2026-04-05 03:49:52,100.0,100.0,79.19896327160492
2026-04-05 03:50:07,100.0,100.0,79.1897363474151
2026-04-05 03:50:22,100.0,100.0,79.1805094232253
2026-04-05 03:50:37,100.0,100.0,79.17128249903548
2026-04-05 03:50:52,100.0,100.0,79.16205557484567
2026-04-05 03:51:07,100.0,100.0,79.15282865065585
2026-04-05 03:51:22,100.0,100.0,79.14360172646603
2026-04-05 03:51:37,100.0,100.0,79.13437480227623
2026-04-05 03:51:52,100.0,100.0,79.12514787808641
2026-04-05 03:52:07,100.0,100.0,79.11592095389659
2026-04-05 03:52:22,100.0,100.0,79.10669402970677
2026-04-05 03:52:37,100.0,100.0,79.09746710551696
2026-04-05 03:52:52,100.0,100.0,79.08824018132715
2026-04-05 03:53:07,100.0,100.0,79.07901325713733
2026-04-05 03:53:22,100.0,100.0,79.06978633294752
2026-04-05 03:53:37,100.0,100.0,79.0605594087577
2026-04-05 03:53:52,100.0,100.0,79.0513324845679
2026-04-05 03:54:07,100.0,100.0,79.04210556037808
2026-04-05 03:54:22,100.0,100.0,79.03287863618826
2026-04-05 03:54:37,100.0,100.0,79.02365171199844
2026-04-05 03:54:52,100.0,100.0,79.01442478780862
2026-04-05 03:55:07,100.0,100.0,79.00519786361882
2026-04-05 03:55:22,100.0,100.0,78.995970939429
2026-04-05 03:55:37,100.0,100.0,78.98674401523918
2026-04-05 03:55:52,100.0,100.0,78.97751709104936
2026-04-05 03:56:07,100.0,100.0,78.96829016685956
2026-04-05 03:56:22,100.0,100.0,78.95906324266974
2026-04-05 03:56:37,100.0,100.0,78.94983631847992
2026-04-05 03:56:52,100.0,100.0,78.9406093942901
2026-04-05 03:57:07,100.0,100.0,78.93138247010029
2026-04-05 03:57:22,100.0,100.0,78.92215554591048
2026-04-05 03:57:37,100.0,100.0,78.91292862172067
2026-04-05 03:57:52,100.0,100.0,78.90370169753085
2026-04-05 03:58:07,100.0,100.0,78.89447477334103
2026-04-05 03:58:22,100.0,100.0,78.88524784915123
2026-04-05 03:58:37,100.0,100.0,78.87602092496141
2026-04-05 03:58:52,100.0,100.0,78.86679400077159
2026-04-05 03:59:07,100.0,100.0,78.85756707658177
2026-04-05 03:59:22,100.0,100.0,78.84834015239196
2026-04-05 03:59:37,100.0,100.0,78.83911322820215
2026-04-05 03:59:52,100.0,100.0,78.82988630401233
2026-04-05 04:00:07,100.0,100.0,78.83469934895832
2026-04-05 04:00:22,100.0,100.0,78.85555807291665
2026-04-05 04:00:37,100.0,100.0,78.87641679687499
2026-04-05 04:00:52,100.0,100.0,78.89727552083332
2026-04-05 04:01:07,100.0,100.0,78.91813424479166
2026-04-05 04:01:22,100.0,100.0,78.93899296874999
2026-04-05 04:01:37,100.0,100.0,78.95985169270833
2026-04-05 04:01:52,100.0,100.0,78.98071041666665
2026-04-05 04:02:07,100.0,100.0,79.00156914062498
2026-04-05 04:02:22,100.0,100.0,79.02242786458332
2026-04-05 04:02:37,100.0,100.0,79.04328658854165
2026-04-05 04:02:52,100.0,100.0,79.06414531249999
2026-04-05 04:03:07,100.0,100.0,79.08500403645832
2026-04-05 04:03:22,100.0,100.0,79.10586276041666
2026-04-05 04:03:37,100.0,100.0,79.12672148437498
2026-04-05 04:03:52,100.0,100.0,79.14758020833332
2026-04-05 04:04:07,100.0,100.0,79.16843893229165
2026-04-05 04:04:22,100.0,100.0,79.18929765624999
2026-04-05 04:04:37,100.0,100.0,79.21015638020832
2026-04-05 04:04:52,100.0,100.0,79.23101510416666
2026-04-05 04:05:07,100.0,100.0,79.25187382812499
2026-04-05 04:05:22,100.0,100.0,79.27273255208333
2026-04-05 04:05:37,100.0,100.0,79.29359127604165
2026-04-05 04:05:52,100.0,100.0,79.31445
2026-04-05 04:06:07,100.0,100.0,79.33530872395832
2026-04-05 04:06:22,100.0,100.0,79.35616744791666
2026-04-05 04:06:37,100.0,100.0,79.37702617187499
2026-04-05 04:06:52,100.0,100.0,79.39788489583331
2026-04-05 04:07:07,100.0,100.0,79.41874361979166
2026-04-05 04:07:22,100.0,100.0,79.43960234374998
2026-04-05 04:07:37,100.0,100.0,79.46046106770832
2026-04-05 04:07:52,100.0,100.0,79.48131979166665
2026-04-05 04:08:07,100.0,100.0,79.50217851562499
2026-04-05 04:08:22,100.0,100.0,79.52303723958332
2026-04-05 04:08:37,100.0,100.0,79.54389596354166
2026-04-05 04:08:52,100.0,100.0,79.56475468749998
2026-04-05 04:09:07,100.0,100.0,79.58561341145833
2026-04-05 04:09:22,100.0,100.0,79.60647213541665
2026-04-05 04:09:37,100.0,100.0,79.627330859375
2026-04-05 04:09:52,100.0,100.0,79.64818958333332
2026-04-05 04:10:07,100.0,100.0,79.66904830729166
2026-04-05 04:10:22,100.0,100.0,79.68990703124999
2026-04-05 04:10:37,100.0,100.0,79.71076575520833
2026-04-05 04:10:52,100.0,100.0,79.73162447916665
2026-04-05 04:11:07,100.0,100.0,79.75248320312498
2026-04-05 04:11:22,100.0,100.0,79.77334192708332
2026-04-05 04:11:37,100.0,100.0,79.79420065104165
2026-04-05 04:11:52,100.0,100.0,79.81505937499999
2026-04-05 04:12:07,100.0,100.0,79.83591809895832
2026-04-05 04:12:22,100.0,100.0,79.85677682291666
2026-04-05 04:12:37,100.0,100.0,79.87763554687498
2026-04-05 04:12:52,100.0,100.0,79.89849427083333
2026-04-05 04:13:07,100.0,100.0,79.91935299479165
2026-04-05 04:13:22,100.0,100.0,79.94021171874999
2026-04-05 04:13:37,100.0,100.0,79.96107044270832
2026-04-05 04:13:52,100.0,100.0,79.98192916666666
2026-04-05 04:14:07,100.0,100.0,80.00278789062499
2026-04-05 04:14:22,100.0,100.0,80.02364661458333
2026-04-05 04:14:37,100.0,100.0,80.04450533854165
2026-04-05 04:14:52,100.0,100.0,80.0653640625
2026-04-05 04:15:07,100.0,100.0,80.08622278645832
2026-04-05 04:15:22,100.0,100.0,80.10708151041666
2026-04-05 04:15:37,100.0,100.0,80.12794023437499
2026-04-05 04:15:52,100.0,100.0,80.14879895833332
2026-04-05 04:16:07,100.0,100.0,80.16965768229166
2026-04-05 04:16:22,100.0,100.0,80.19051640624998
2026-04-05 04:16:37,100.0,100.0,80.21137513020832
2026-04-05 04:16:52,100.0,100.0,80.23223385416665
2026-04-05 04:17:07,100.0,100.0,80.25309257812499
2026-04-05 04:17:22,100.0,100.0,80.27395130208332
2026-04-05 04:17:37,100.0,100.0,80.29481002604166
2026-04-05 04:17:52,100.0,100.0,80.31566874999999
2026-04-05 04:18:07,100.0,100.0,80.33652747395833
2026-04-05 04:18:22,100.0,100.0,80.35738619791665
2026-04-05 04:18:37,100.0,100.0,80.378244921875
2026-04-05 04:18:52,100.0,100.0,80.39910364583332
2026-04-05 04:19:07,100.0,100.0,80.41996236979166
2026-04-05 04:19:22,100.0,100.0,80.44082109374999
2026-04-05 04:19:37,100.0,100.0,80.46167981770833
2026-04-05 04:19:52,100.0,100.0,80.48253854166666
2026-04-05 04:20:07,100.0,100.0,80.503397265625
2026-04-05 04:20:22,100.0,100.0,80.52425598958332
2026-04-05 04:20:37,100.0,100.0,80.54511471354165
2026-04-05 04:20:52,100.0,100.0,80.56597343749999
2026-04-05 04:21:07,100.0,100.0,80.58683216145832
2026-04-05 04:21:22,100.0,100.0,80.60769088541666
2026-04-05 04:21:37,100.0,100.0,80.62854960937499
2026-04-05 04:21:52,100.0,100.0,80.64940833333333
2026-04-05 04:22:07,100.0,100.0,80.67026705729165
2026-04-05 04:22:22,100.0,100.0,80.69112578125
2026-04-05 04:22:37,100.0,100.0,80.71198450520832
2026-04-05 04:22:52,100.0,100.0,80.73284322916666
2026-04-05 04:23:07,100.0,100.0,80.75370195312499
2026-04-05 04:23:22,100.0,100.0,80.77456067708333
2026-04-05 04:23:37,100.0,100.0,80.79541940104166
2026-04-05 04:23:52,100.0,100.0,80.816278125
2026-04-05 04:24:07,100.0,100.0,80.83713684895832
2026-04-05 04:24:22,100.0,100.0,80.85799557291666
2026-04-05 04:24:37,100.0,100.0,80.87885429687499
2026-04-05 04:24:52,100.0,100.0,80.89971302083333
2026-04-05 04:25:07,100.0,100.0,80.92057174479166
2026-04-05 04:25:22,100.0,100.0,80.94143046874999
2026-04-05 04:25:37,100.0,100.0,80.96228919270833
2026-04-05 04:25:52,100.0,100.0,80.98314791666665
2026-04-05 04:26:07,100.0,100.0,81.004006640625
2026-04-05 04:26:22,100.0,100.0,81.02486536458332
2026-04-05 04:26:37,100.0,100.0,81.04572408854166
2026-04-05 04:26:52,100.0,100.0,81.06658281249999
2026-04-05 04:27:07,100.0,100.0,81.08744153645833
2026-04-05 04:27:22,100.0,100.0,81.10830026041666
2026-04-05 04:27:37,100.0,100.0,81.129158984375
2026-04-05 04:27:52,100.0,100.0,81.15001770833332
2026-04-05 04:28:07,100.0,100.0,81.17087643229166
2026-04-05 04:28:22,100.0,100.0,81.19173515624999
2026-04-05 04:28:37,100.0,100.0,81.21259388020833
2026-04-05 04:28:52,100.0,100.0,81.23345260416666
2026-04-05 04:29:07,100.0,100.0,81.254311328125
2026-04-05 04:29:22,100.0,100.0,81.27517005208333
2026-04-05 04:29:37,100.0,100.0,81.29602877604165
2026-04-05 04:29:52,100.0,100.0,81.31688749999999
2026-04-05 04:30:07,100.0,100.0,81.33774622395832
2026-04-05 04:30:22,100.0,100.0,81.35860494791666
2026-04-05 04:30:37,100.0,100.0,81.37946367187499
2026-04-05 04:30:52,100.0,100.0,81.40032239583333
2026-04-05 04:31:07,100.0,100.0,81.42118111979165
2026-04-05 04:31:22,100.0,100.0,81.44203984375
2026-04-05 04:31:37,100.0,100.0,81.46289856770832
2026-04-05 04:31:52,100.0,100.0,81.48375729166666
2026-04-05 04:32:07,100.0,100.0,81.50461601562499
2026-04-05 04:32:22,100.0,100.0,81.52547473958333
2026-04-05 04:32:37,100.0,100.0,81.54633346354166
2026-04-05 04:32:52,100.0,100.0,81.5671921875
2026-04-05 04:33:07,100.0,100.0,81.58805091145832
2026-04-05 04:33:22,100.0,100.0,81.60890963541667
2026-04-05 04:33:37,100.0,100.0,81.62976835937499
2026-04-05 04:33:52,100.0,100.0,81.65062708333333
2026-04-05 04:34:07,100.0,100.0,81.67148580729166
2026-04-05 04:34:22,100.0,100.0,81.69234453124999
2026-04-05 04:34:37,100.0,100.0,81.71320325520833
2026-04-05 04:34:52,100.0,100.0,81.73406197916665
2026-04-05 04:35:07,100.0,100.0,81.754920703125
2026-04-05 04:35:22,100.0,100.0,81.77577942708332
2026-04-05 04:35:37,100.0,100.0,81.79663815104166
2026-04-05 04:35:52,100.0,100.0,81.81749687499999
2026-04-05 04:36:07,100.0,100.0,81.83835559895833
2026-04-05 04:36:22,100.0,100.0,81.85921432291666
2026-04-05 04:36:37,100.0,100.0,81.880073046875
2026-04-05 04:36:52,100.0,100.0,81.90093177083332
2026-04-05 04:37:07,100.0,100.0,81.92179049479167
2026-04-05 04:37:22,100.0,100.0,81.94264921874999
2026-04-05 04:37:37,100.0,100.0,81.96350794270833
2026-04-05 04:37:52,100.0,100.0,81.98436666666666
2026-04-05 04:38:07,100.0,100.0,82.005225390625
2026-04-05 04:38:22,100.0,100.0,82.02608411458333
2026-04-05 04:38:37,100.0,100.0,82.04694283854167
2026-04-05 04:38:52,100.0,100.0,82.0678015625
2026-04-05 04:39:07,100.0,100.0,82.08866028645832
2026-04-05 04:39:22,100.0,100.0,82.10951901041666
2026-04-05 04:39:37,100.0,100.0,82.13037773437499
2026-04-05 04:39:52,100.0,100.0,82.15123645833333
2026-04-05 04:40:07,100.0,100.0,82.17209518229166
2026-04-05 04:40:22,100.0,100.0,82.19295390625
2026-04-05 04:40:37,100.0,100.0,82.21381263020832
2026-04-05 04:40:52,100.0,100.0,82.23467135416666
2026-04-05 04:41:07,100.0,100.0,82.25553007812499
2026-04-05 04:41:22,100.0,100.0,82.27638880208333
2026-04-05 04:41:37,100.0,100.0,82.29724752604166
2026-04-05 04:41:52,100.0,100.0,82.31810625
2026-04-05 04:42:07,100.0,100.0,82.33896497395833
2026-04-05 04:42:22,100.0,100.0,82.35982369791667
2026-04-05 04:42:37,100.0,100.0,82.380682421875
2026-04-05 04:42:52,100.0,100.0,82.40154114583333
2026-04-05 04:43:07,100.0,100.0,82.42239986979166
2026-04-05 04:43:22,100.0,100.0,82.44325859374999
2026-04-05 04:43:37,100.0,100.0,82.46411731770833
2026-04-05 04:43:52,100.0,100.0,82.48497604166666
2026-04-05 04:44:07,100.0,100.0,82.505834765625
2026-04-05 04:44:22,100.0,100.0,82.52669348958332
2026-04-05 04:44:37,100.0,100.0,82.54755221354166
2026-04-05 04:44:52,100.0,100.0,82.56841093749999
2026-04-05 04:45:07,100.0,100.0,82.58926966145833
2026-04-05 04:45:22,100.0,100.0,82.61012838541666
2026-04-05 04:45:37,100.0,100.0,82.630987109375
2026-04-05 04:45:52,100.0,100.0,82.65184583333333
2026-04-05 04:46:07,100.0,100.0,82.67270455729167
2026-04-05 04:46:22,100.0,100.0,82.69356328125
2026-04-05 04:46:37,100.0,100.0,82.71442200520833
2026-04-05 04:46:52,100.0,100.0,82.73528072916666
2026-04-05 04:47:07,100.0,100.0,82.756139453125
2026-04-05 04:47:22,100.0,100.0,82.77699817708333
2026-04-05 04:47:37,100.0,100.0,82.79785690104167
2026-04-05 04:47:52,100.0,100.0,82.818715625
2026-04-05 04:48:07,100.0,100.0,82.83957434895834
2026-04-05 04:48:22,100.0,100.0,82.86043307291666
2026-04-05 04:48:37,100.0,100.0,82.88129179687499
2026-04-05 04:48:52,100.0,100.0,82.90215052083333
2026-04-05 04:49:07,100.0,100.0,82.92300924479166
2026-04-05 04:49:22,100.0,100.0,82.94386796875
2026-04-05 04:49:37,100.0,100.0,82.96472669270833
2026-04-05 04:49:52,100.0,100.0,82.98558541666667
2026-04-05 04:50:07,100.0,100.0,83.00644414062499
2026-04-05 04:50:22,100.0,100.0,83.02730286458333
2026-04-05 04:50:37,100.0,100.0,83.04816158854166
2026-04-05 04:50:52,100.0,100.0,83.0690203125
2026-04-05 04:51:07,100.0,100.0,83.08987903645833
2026-04-05 04:51:22,100.0,100.0,83.11073776041667
2026-04-05 04:51:37,100.0,100.0,83.131596484375
2026-04-05 04:51:52,100.0,100.0,83.15245520833334
2026-04-05 04:52:07,100.0,100.0,83.17331393229166
2026-04-05 04:52:22,100.0,100.0,83.19417265625
2026-04-05 04:52:37,100.0,100.0,83.21503138020833
2026-04-05 04:52:52,100.0,100.0,83.23589010416666
2026-04-05 04:53:07,100.0,100.0,83.256748828125
2026-04-05 04:53:22,100.0,100.0,83.27760755208332
2026-04-05 04:53:37,100.0,100.0,83.29846627604167
2026-04-05 04:53:52,100.0,100.0,83.31932499999999
2026-04-05 04:54:07,100.0,100.0,83.34018372395833
2026-04-05 04:54:22,100.0,100.0,83.36104244791666
2026-04-05 04:54:37,100.0,100.0,83.381901171875
2026-04-05 04:54:52,100.0,100.0,83.40275989583333
2026-04-05 04:55:07,100.0,100.0,83.42361861979167
2026-04-05 04:55:22,100.0,100.0,83.44447734375
2026-04-05 04:55:37,100.0,100.0,83.46533606770834
2026-04-05 04:55:52,100.0,100.0,83.48619479166666
2026-04-05 04:56:07,100.0,100.0,83.507053515625
2026-04-05 04:56:22,100.0,100.0,83.52791223958333
2026-04-05 04:56:37,100.0,100.0,83.54877096354167
2026-04-05 04:56:52,100.0,100.0,83.5696296875
2026-04-05 04:57:07,100.0,100.0,83.59048841145832
2026-04-05 04:57:22,100.0,100.0,83.61134713541666
2026-04-05 04:57:37,100.0,100.0,83.63220585937499
2026-04-05 04:57:52,100.0,100.0,83.65306458333333
2026-04-05 04:58:07,100.0,100.0,83.67392330729166
2026-04-05 04:58:22,100.0,100.0,83.69478203125
2026-04-05 04:58:37,100.0,100.0,83.71564075520833
2026-04-05 04:58:52,100.0,100.0,83.73649947916667
2026-04-05 04:59:07,100.0,100.0,83.757358203125
2026-04-05 04:59:22,100.0,100.0,83.77821692708334
2026-04-05 04:59:37,100.0,100.0,83.79907565104166
2026-04-05 04:59:52,100.0,100.0,83.819934375
2026-04-05 05:00:07,100.0,100.0,83.84079309895833
2026-04-05 05:00:22,100.0,100.0,83.86165182291667
2026-04-05 05:00:37,100.0,100.0,83.882510546875
2026-04-05 05:00:52,100.0,100.0,83.90336927083334
2026-04-05 05:01:07,100.0,100.0,83.92422799479166
2026-04-05 05:01:22,100.0,100.0,83.94508671875
2026-04-05 05:01:37,100.0,100.0,83.96594544270833
2026-04-05 05:01:52,100.0,100.0,83.98680416666667
2026-04-05 05:02:07,100.0,100.0,84.007662890625
2026-04-05 05:02:22,100.0,100.0,84.02852161458333
2026-04-05 05:02:37,100.0,100.0,84.04938033854167
2026-04-05 05:02:52,100.0,100.0,84.0702390625
2026-04-05 05:03:07,100.0,100.0,84.09109778645833
2026-04-05 05:03:22,100.0,100.0,84.11195651041666
2026-04-05 05:03:37,100.0,100.0,84.132815234375
2026-04-05 05:03:52,100.0,100.0,84.15367395833333
2026-04-05 05:04:07,100.0,100.0,84.17453268229167
2026-04-05 05:04:22,100.0,100.0,84.19539140625
2026-04-05 05:04:37,100.0,100.0,84.21625013020834
2026-04-05 05:04:52,100.0,100.0,84.23710885416666
2026-04-05 05:05:07,100.0,100.0,84.257967578125
2026-04-05 05:05:22,100.0,100.0,84.27882630208333
2026-04-05 05:05:37,100.0,100.0,84.29968502604167
2026-04-05 05:05:52,100.0,100.0,84.32054375
2026-04-05 05:06:07,100.0,100.0,84.34140247395834
2026-04-05 05:06:22,100.0,100.0,84.36226119791667
2026-04-05 05:06:37,100.0,100.0,84.383119921875
2026-04-05 05:06:52,100.0,100.0,84.40397864583333
2026-04-05 05:07:07,100.0,100.0,84.42483736979166
2026-04-05 05:07:22,100.0,100.0,84.44569609375
2026-04-05 05:07:37,100.0,100.0,84.46655481770833
2026-04-05 05:07:52,100.0,100.0,84.48741354166667
2026-04-05 05:08:07,100.0,100.0,84.508272265625
2026-04-05 05:08:22,100.0,100.0,84.52913098958334
2026-04-05 05:08:37,100.0,100.0,84.54998971354166
2026-04-05 05:08:52,100.0,100.0,84.5708484375
2026-04-05 05:09:07,100.0,100.0,84.59170716145833
2026-04-05 05:09:22,100.0,100.0,84.61256588541667
2026-04-05 05:09:37,100.0,100.0,84.633424609375
2026-04-05 05:09:52,100.0,100.0,84.65428333333334
2026-04-05 05:10:07,100.0,100.0,84.67514205729167
2026-04-05 05:10:22,100.0,100.0,84.69600078125
2026-04-05 05:10:37,100.0,100.0,84.71685950520833
2026-04-05 05:10:52,100.0,100.0,84.73771822916666
2026-04-05 05:11:07,100.0,100.0,84.758576953125
2026-04-05 05:11:22,100.0,100.0,84.77943567708333
2026-04-05 05:11:37,100.0,100.0,84.80029440104167
2026-04-05 05:11:52,100.0,100.0,84.821153125
2026-04-05 05:12:07,100.0,100.0,84.84201184895834
2026-04-05 05:12:22,100.0,100.0,84.86287057291666
2026-04-05 05:12:37,100.0,100.0,84.883729296875
2026-04-05 05:12:52,100.0,100.0,84.90458802083333
2026-04-05 05:13:07,100.0,100.0,84.92544674479167
2026-04-05 05:13:22,100.0,100.0,84.94630546875
2026-04-05 05:13:37,100.0,100.0,84.96716419270834
2026-04-05 05:13:52,100.0,100.0,84.98802291666667
2026-04-05 05:14:07,100.0,100.0,85.008881640625
2026-04-05 05:14:22,100.0,100.0,85.02974036458333
2026-04-05 05:14:37,100.0,100.0,85.05059908854167
2026-04-05 05:14:52,100.0,100.0,85.0714578125
2026-04-05 05:15:07,100.0,100.0,85.09231653645834
2026-04-05 05:15:22,100.0,100.0,85.11317526041667
2026-04-05 05:15:37,100.0,100.0,85.13403398437501
2026-04-05 05:15:52,100.0,100.0,85.15489270833334
2026-04-05 05:16:07,100.0,100.0,85.17575143229166
2026-04-05 05:16:22,100.0,100.0,85.19661015625
2026-04-05 05:16:37,100.0,100.0,85.21746888020833
2026-04-05 05:16:52,100.0,100.0,85.23832760416667
2026-04-05 05:17:07,100.0,100.0,85.259186328125
2026-04-05 05:17:22,100.0,100.0,85.28004505208334
2026-04-05 05:17:37,100.0,100.0,85.30090377604166
2026-04-05 05:17:52,100.0,100.0,85.3217625
2026-04-05 05:18:07,100.0,100.0,85.34262122395833
2026-04-05 05:18:22,100.0,100.0,85.36347994791667
2026-04-05 05:18:37,100.0,100.0,85.384338671875
2026-04-05 05:18:52,100.0,100.0,85.40519739583334
2026-04-05 05:19:07,100.0,100.0,85.42605611979167
2026-04-05 05:19:22,100.0,100.0,85.44691484375001
2026-04-05 05:19:37,100.0,100.0,85.46777356770833
2026-04-05 05:19:52,100.0,100.0,85.48863229166668
2026-04-05 05:20:07,100.0,100.0,85.509491015625
2026-04-05 05:20:22,100.0,100.0,85.53034973958333
2026-04-05 05:20:37,100.0,100.0,85.55120846354167
2026-04-05 05:20:52,100.0,100.0,85.5720671875
2026-04-05 05:21:07,100.0,100.0,85.59292591145834
2026-04-05 05:21:22,100.0,100.0,85.61378463541666
2026-04-05 05:21:37,100.0,100.0,85.634643359375
2026-04-05 05:21:52,100.0,100.0,85.65550208333333
2026-04-05 05:22:07,100.0,100.0,85.67636080729167
2026-04-05 05:22:22,100.0,100.0,85.69721953125
2026-04-05 05:22:37,100.0,100.0,85.71807825520834
2026-04-05 05:22:52,100.0,100.0,85.73893697916667
2026-04-05 05:23:07,100.0,100.0,85.75979570312501
2026-04-05 05:23:22,100.0,100.0,85.78065442708333
2026-04-05 05:23:37,100.0,100.0,85.80151315104168
2026-04-05 05:23:52,100.0,100.0,85.822371875
2026-04-05 05:24:07,100.0,100.0,85.84323059895834
2026-04-05 05:24:22,100.0,100.0,85.86408932291667
2026-04-05 05:24:37,100.0,100.0,85.884948046875
2026-04-05 05:24:52,100.0,100.0,85.90580677083334
2026-04-05 05:25:07,100.0,100.0,85.92666549479166
2026-04-05 05:25:22,100.0,100.0,85.94752421875
2026-04-05 05:25:37,100.0,100.0,85.96838294270833
2026-04-05 05:25:52,100.0,100.0,85.98924166666667
2026-04-05 05:26:07,100.0,100.0,86.010100390625
2026-04-05 05:26:22,100.0,100.0,86.03095911458334
2026-04-05 05:26:37,100.0,100.0,86.05181783854167
2026-04-05 05:26:52,100.0,100.0,86.0726765625
2026-04-05 05:27:07,100.0,100.0,86.09353528645833
2026-04-05 05:27:22,100.0,100.0,86.11439401041667
2026-04-05 05:27:37,100.0,100.0,86.135252734375
2026-04-05 05:27:52,100.0,100.0,86.15611145833334
2026-04-05 05:28:07,100.0,100.0,86.17697018229167
2026-04-05 05:28:22,100.0,100.0,86.19782890625001
2026-04-05 05:28:37,100.0,100.0,86.21868763020834
2026-04-05 05:28:52,100.0,100.0,86.23954635416668
2026-04-05 05:29:07,100.0,100.0,86.260405078125
2026-04-05 05:29:22,100.0,100.0,86.28126380208334
2026-04-05 05:29:37,100.0,100.0,86.30212252604167
2026-04-05 05:29:52,100.0,100.0,86.32298125
2026-04-05 05:30:07,100.0,100.0,86.34383997395834
2026-04-05 05:30:22,100.0,100.0,86.36469869791667
2026-04-05 05:30:37,100.0,100.0,86.385557421875
2026-04-05 05:30:52,100.0,100.0,86.40641614583333
2026-04-05 05:31:07,100.0,100.0,86.42727486979167
2026-04-05 05:31:22,100.0,100.0,86.44813359375
2026-04-05 05:31:37,100.0,100.0,86.46899231770834
2026-04-05 05:31:52,100.0,100.0,86.48985104166667
2026-04-05 05:32:07,100.0,100.0,86.51070976562501
2026-04-05 05:32:22,100.0,100.0,86.53156848958334
2026-04-05 05:32:37,100.0,100.0,86.55242721354168
2026-04-05 05:32:52,100.0,100.0,86.5732859375
2026-04-05 05:33:07,100.0,100.0,86.59414466145834
2026-04-05 05:33:22,100.0,100.0,86.61500338541667
2026-04-05 05:33:37,100.0,100.0,86.63586210937501
2026-04-05 05:33:52,100.0,100.0,86.65672083333334
2026-04-05 05:34:07,100.0,100.0,86.67757955729166
2026-04-05 05:34:22,100.0,100.0,86.69843828125
2026-04-05 05:34:37,100.0,100.0,86.71929700520833
2026-04-05 05:34:52,100.0,100.0,86.74015572916667
2026-04-05 05:35:07,100.0,100.0,86.761014453125
2026-04-05 05:35:22,100.0,100.0,86.78187317708334
2026-04-05 05:35:37,100.0,100.0,86.80273190104167
2026-04-05 05:35:52,100.0,100.0,86.82359062500001
2026-04-05 05:36:07,100.0,100.0,86.84444934895834
2026-04-05 05:36:22,100.0,100.0,86.86530807291668
2026-04-05 05:36:37,100.0,100.0,86.886166796875
2026-04-05 05:36:52,100.0,100.0,86.90702552083334
2026-04-05 05:37:07,100.0,100.0,86.92788424479167
2026-04-05 05:37:22,100.0,100.0,86.94874296875001
2026-04-05 05:37:37,100.0,100.0,86.96960169270834
2026-04-05 05:37:52,100.0,100.0,86.99046041666668
2026-04-05 05:38:07,100.0,100.0,87.011319140625
2026-04-05 05:38:22,100.0,100.0,87.03217786458333
2026-04-05 05:38:37,100.0,100.0,87.05303658854167
2026-04-05 05:38:52,100.0,100.0,87.07389531250001
2026-04-05 05:39:07,100.0,100.0,87.09475403645834
2026-04-05 05:39:22,100.0,100.0,87.11561276041667
2026-04-05 05:39:37,100.0,100.0,87.13647148437501
2026-04-05 05:39:52,100.0,100.0,87.15733020833333
2026-04-05 05:40:07,100.0,100.0,87.17818893229168
2026-04-05 05:40:22,100.0,100.0,87.19904765625
2026-04-05 05:40:37,100.0,100.0,87.21990638020834
2026-04-05 05:40:52,100.0,100.0,87.24076510416667
2026-04-05 05:41:07,100.0,100.0,87.26162382812501
2026-04-05 05:41:22,100.0,100.0,87.28248255208334
2026-04-05 05:41:37,100.0,100.0,87.30334127604168
2026-04-05 05:41:52,100.0,100.0,87.3242
2026-04-05 05:42:07,100.0,100.0,87.34505872395835
2026-04-05 05:42:22,100.0,100.0,87.36591744791667
2026-04-05 05:42:37,100.0,100.0,87.386776171875
2026-04-05 05:42:52,100.0,100.0,87.40763489583334
2026-04-05 05:43:07,100.0,100.0,87.42849361979168
2026-04-05 05:43:22,100.0,100.0,87.44935234375001
2026-04-05 05:43:37,100.0,100.0,87.47021106770833
2026-04-05 05:43:52,100.0,100.0,87.49106979166667
2026-04-05 05:44:07,100.0,100.0,87.511928515625
2026-04-05 05:44:22,100.0,100.0,87.53278723958334
2026-04-05 05:44:37,100.0,100.0,87.55364596354167
2026-04-05 05:44:52,100.0,100.0,87.57450468750001
2026-04-05 05:45:07,100.0,100.0,87.59536341145834
2026-04-05 05:45:22,100.0,100.0,87.61622213541668
2026-04-05 05:45:37,100.0,100.0,87.637080859375
2026-04-05 05:45:52,100.0,100.0,87.65793958333335
2026-04-05 05:46:07,100.0,100.0,87.67879830729167
2026-04-05 05:46:22,100.0,100.0,87.69965703125001
2026-04-05 05:46:37,100.0,100.0,87.72051575520834
2026-04-05 05:46:52,100.0,100.0,87.74137447916668
2026-04-05 05:47:07,100.0,100.0,87.762233203125
2026-04-05 05:47:22,100.0,100.0,87.78309192708335
2026-04-05 05:47:37,100.0,100.0,87.80395065104167
2026-04-05 05:47:52,100.0,100.0,87.824809375
2026-04-05 05:48:07,100.0,100.0,87.84566809895834
2026-04-05 05:48:22,100.0,100.0,87.86652682291667
2026-04-05 05:48:37,100.0,100.0,87.88738554687501
2026-04-05 05:48:52,100.0,100.0,87.90824427083334
2026-04-05 05:49:07,100.0,100.0,87.92910299479168
2026-04-05 05:49:22,100.0,100.0,87.94996171875
2026-04-05 05:49:37,100.0,100.0,87.97082044270834
2026-04-05 05:49:52,100.0,100.0,87.99167916666667
2026-04-05 05:50:07,100.0,100.0,88.01253789062501
2026-04-05 05:50:22,100.0,100.0,88.03339661458334
2026-04-05 05:50:37,100.0,100.0,88.05425533854168
2026-04-05 05:50:52,100.0,100.0,88.0751140625
2026-04-05 05:51:07,100.0,100.0,88.09597278645835
2026-04-05 05:51:22,100.0,100.0,88.11683151041667
2026-04-05 05:51:37,100.0,100.0,88.13769023437501
2026-04-05 05:51:52,100.0,100.0,88.15854895833334
2026-04-05 05:52:07,100.0,100.0,88.17940768229167
2026-04-05 05:52:22,100.0,100.0,88.20026640625001
2026-04-05 05:52:37,100.0,100.0,88.22112513020835
2026-04-05 05:52:52,100.0,100.0,88.24198385416668
2026-04-05 05:53:07,100.0,100.0,88.262842578125
2026-04-05 05:53:22,100.0,100.0,88.28370130208334
2026-04-05 05:53:37,100.0,100.0,88.30456002604167
2026-04-05 05:53:52,100.0,100.0,88.32541875000001
2026-04-05 05:54:07,100.0,100.0,88.34627747395834
2026-04-05 05:54:22,100.0,100.0,88.36713619791668
2026-04-05 05:54:37,100.0,100.0,88.387994921875
2026-04-05 05:54:52,100.0,100.0,88.40885364583335
2026-04-05 05:55:07,100.0,100.0,88.42971236979167
2026-04-05 05:55:22,100.0,100.0,88.45057109375001
2026-04-05 05:55:37,100.0,100.0,88.47142981770834
2026-04-05 05:55:52,100.0,100.0,88.49228854166668
2026-04-05 05:56:07,100.0,100.0,88.51314726562501
2026-04-05 05:56:22,100.0,100.0,88.53400598958333
2026-04-05 05:56:37,100.0,100.0,88.55486471354168
2026-04-05 05:56:52,100.0,100.0,88.57572343750002
2026-04-05 05:57:07,100.0,100.0,88.59658216145834
2026-04-05 05:57:22,100.0,100.0,88.61744088541667
2026-04-05 05:57:37,100.0,100.0,88.63829960937501
2026-04-05 05:57:52,100.0,100.0,88.65915833333334
2026-04-05 05:58:07,100.0,100.0,88.68001705729168
2026-04-05 05:58:22,100.0,100.0,88.70087578125
2026-04-05 05:58:37,100.0,100.0,88.72173450520835
2026-04-05 05:58:52,100.0,100.0,88.74259322916667
2026-04-05 05:59:07,100.0,100.0,88.76345195312501
2026-04-05 05:59:22,100.0,100.0,88.78431067708334
2026-04-05 05:59:37,100.0,100.0,88.80516940104168
2026-04-05 05:59:52,100.0,100.0,88.82602812500001
2026-04-05 06:00:07,100.0,100.0,88.85147642670239
2026-04-05 06:00:22,100.0,100.0,88.88216996011224
2026-04-05 06:00:37,100.0,100.0,88.91286349352208
2026-04-05 06:00:52,100.0,100.0,88.94355702693193
2026-04-05 06:01:07,100.0,100.0,88.97425056034177
2026-04-05 06:01:22,100.0,100.0,89.00494409375162
2026-04-05 06:01:37,100.0,100.0,89.03563762716148
2026-04-05 06:01:52,100.0,100.0,89.06633116057132
2026-04-05 06:02:07,100.0,100.0,89.09702469398117
2026-04-05 06:02:22,100.0,100.0,89.12771822739101
2026-04-05 06:02:37,100.0,100.0,89.15841176080086
2026-04-05 06:02:52,100.0,100.0,89.18910529421072
2026-04-05 06:03:07,100.0,100.0,89.21979882762056
2026-04-05 06:03:22,100.0,100.0,89.25049236103041
2026-04-05 06:03:37,100.0,100.0,89.28118589444026
2026-04-05 06:03:52,100.0,100.0,89.3118794278501
2026-04-05 06:04:07,100.0,100.0,89.34257296125995
2026-04-05 06:04:22,100.0,100.0,89.3732664946698
2026-04-05 06:04:37,100.0,100.0,89.40396002807965
2026-04-05 06:04:52,100.0,100.0,89.4346535614895
2026-04-05 06:05:07,100.0,100.0,89.46534709489934
2026-04-05 06:05:22,100.0,100.0,89.49604062830919
2026-04-05 06:05:37,100.0,100.0,89.52673416171905
2026-04-05 06:05:52,100.0,100.0,89.5574276951289
2026-04-05 06:06:07,100.0,100.0,89.58812122853874
2026-04-05 06:06:22,100.0,100.0,89.61881476194858
2026-04-05 06:06:37,100.0,100.0,89.64950829535843
2026-04-05 06:06:52,100.0,100.0,89.68020182876828
2026-04-05 06:07:07,100.0,100.0,89.71089536217814
2026-04-05 06:07:22,100.0,100.0,89.74158889558798
2026-04-05 06:07:37,100.0,100.0,89.77228242899783
2026-04-05 06:07:52,100.0,100.0,89.80297596240767
2026-04-05 06:08:07,100.0,100.0,89.83366949581752
2026-04-05 06:08:22,100.0,100.0,89.86436302922738
2026-04-05 06:08:37,100.0,100.0,89.89505656263722
2026-04-05 06:08:52,100.0,100.0,89.92575009604707
2026-04-05 06:09:07,100.0,100.0,89.95644362945691
2026-04-05 06:09:22,100.0,100.0,89.98713716286676
2026-04-05 06:09:37,100.0,100.0,90.01783069627662
2026-04-05 06:09:52,100.0,100.0,90.04852422968646
2026-04-05 06:10:07,100.0,100.0,90.07921776309631
2026-04-05 06:10:22,100.0,100.0,90.10991129650616
2026-04-05 06:10:37,100.0,100.0,90.140604829916
2026-04-05 06:10:52,100.0,100.0,90.17129836332585
2026-04-05 06:11:07,100.0,100.0,90.2019918967357
2026-04-05 06:11:22,100.0,100.0,90.23268543014555
2026-04-05 06:11:37,100.0,100.0,90.2633789635554
2026-04-05 06:11:52,100.0,100.0,90.29407249696524
2026-04-05 06:12:07,100.0,100.0,90.32476603037509
2026-04-05 06:12:22,100.0,100.0,90.35545956378495
2026-04-05 06:12:37,100.0,100.0,90.38615309719479
2026-04-05 06:12:52,100.0,100.0,90.41684663060464
2026-04-05 06:13:07,100.0,100.0,90.44754016401448
2026-04-05 06:13:22,100.0,100.0,90.47823369742433
2026-04-05 06:13:37,100.0,100.0,90.50892723083417
2026-04-05 06:13:52,100.0,100.0,90.53962076424403
2026-04-05 06:14:07,100.0,100.0,90.57031429765388
2026-04-05 06:14:22,100.0,100.0,90.60100783106373
2026-04-05 06:14:37,100.0,100.0,90.63170136447357
2026-04-05 06:14:52,100.0,100.0,90.66239489788342
2026-04-05 06:15:07,100.0,100.0,90.69308843129328
2026-04-05 06:15:22,100.0,100.0,90.72378196470312
2026-04-05 06:15:37,100.0,100.0,90.75447549811297
2026-04-05 06:15:52,100.0,100.0,90.78516903152281
2026-04-05 06:16:07,100.0,100.0,90.81586256493266
2026-04-05 06:16:22,100.0,100.0,90.8465560983425
2026-04-05 06:16:37,100.0,100.0,90.87724963175236
2026-04-05 06:16:52,100.0,100.0,90.90794316516221
2026-04-05 06:17:07,100.0,100.0,90.93863669857205
2026-04-05 06:17:22,100.0,100.0,90.9693302319819
2026-04-05 06:17:37,100.0,100.0,91.00002376539175
2026-04-05 06:17:52,100.0,100.0,91.0307172988016
2026-04-05 06:18:07,100.0,100.0,91.06141083221145
2026-04-05 06:18:22,100.0,100.0,91.0921043656213
2026-04-05 06:18:37,100.0,100.0,91.12279789903114
2026-04-05 06:18:52,100.0,100.0,91.15349143244099
2026-04-05 06:19:07,100.0,100.0,91.18418496585083
2026-04-05 06:19:22,100.0,100.0,91.21487849926069
2026-04-05 06:19:37,100.0,100.0,91.24557203267054
2026-04-05 06:19:52,100.0,100.0,91.27626556608038
2026-04-05 06:20:07,100.0,100.0,91.30695909949023
2026-04-05 06:20:22,100.0,100.0,91.33765263290007
2026-04-05 06:20:37,100.0,100.0,91.36834616630993
2026-04-05 06:20:52,100.0,100.0,91.39903969971978
2026-04-05 06:21:07,100.0,100.0,91.42973323312962
2026-04-05 06:21:22,100.0,100.0,91.46042676653947
2026-04-05 06:21:37,100.0,100.0,91.49112029994932
2026-04-05 06:21:52,100.0,100.0,91.52181383335918
2026-04-05 06:22:07,100.0,100.0,91.55250736676902
2026-04-05 06:22:22,100.0,100.0,91.58320090017887
2026-04-05 06:22:37,100.0,100.0,91.61389443358871
2026-04-05 06:22:52,100.0,99.72602739726028,91.64458796699856
2026-04-05 06:23:07,100.0,99.45205479452055,91.6752815004084
2026-04-05 06:23:22,100.0,99.45205479452055,91.70597503381826
2026-04-05 06:23:37,100.0,99.45205479452055,91.73666856722811
2026-04-05 06:23:52,100.0,99.45205479452055,91.76736210063795
2026-04-05 06:24:07,100.0,99.45205479452055,91.7980556340478
2026-04-05 06:24:22,100.0,99.45205479452055,91.82874916745764
2026-04-05 06:24:37,100.0,99.45205479452055,91.8594427008675
2026-04-05 06:24:52,100.0,99.45205479452055,91.89013623427735
2026-04-05 06:25:07,100.0,99.45205479452055,91.9208297676872
2026-04-05 06:25:22,100.0,99.45205479452055,91.95152330109704
2026-04-05 06:25:37,100.0,99.45205479452055,91.98221683450689
2026-04-05 06:25:52,100.0,99.45799457994579,92.01291036791673
2026-04-05 06:26:07,100.0,99.45799457994579,92.04360390132659
2026-04-05 06:26:22,100.0,99.45799457994579,92.07429743473644
2026-04-05 06:26:37,100.0,99.45799457994579,92.10499096814628
2026-04-05 06:26:52,100.0,99.45799457994579,92.13568450155613
2026-04-05 06:27:07,100.0,99.45799457994579,92.16637803496597
2026-04-05 06:27:22,100.0,99.45799457994579,92.19707156837583
2026-04-05 06:27:37,100.0,99.45799457994579,92.22776510178568
2026-04-05 06:27:52,100.0,99.45799457994579,92.25845863519552
2026-04-05 06:28:07,100.0,99.45799457994579,92.28915216860537
2026-04-05 06:28:22,100.0,99.45799457994579,92.31984570201521
2026-04-05 06:28:37,100.0,99.45799457994579,92.35053923542506
2026-04-05 06:28:52,100.0,99.45799457994579,92.38123276883492
2026-04-05 06:29:07,100.0,99.45799457994579,92.41192630224477
2026-04-05 06:29:22,100.0,99.45799457994579,92.44261983565461
2026-04-05 06:29:37,100.0,99.45799457994579,92.47331336906446
2026-04-05 06:29:52,100.0,99.45799457994579,92.5040069024743
2026-04-05 06:30:07,100.0,99.45799457994579,92.53470043588416
2026-04-05 06:30:22,100.0,99.45799457994579,92.565393969294
2026-04-05 06:30:37,100.0,99.45799457994579,92.59608750270385
2026-04-05 06:30:52,100.0,99.45799457994579,92.6267810361137
2026-04-05 06:31:07,100.0,99.45799457994579,92.65747456952354
2026-04-05 06:31:22,100.0,99.45799457994579,92.68816810293339
2026-04-05 06:31:37,100.0,99.45799457994579,92.71886163634325
2026-04-05 06:31:52,100.0,99.45799457994579,92.7495551697531
2026-04-05 06:32:07,100.0,99.45799457994579,92.78024870316294
2026-04-05 06:32:22,100.0,99.45799457994579,92.81094223657279
2026-04-05 06:32:37,100.0,99.45799457994579,92.84163576998263
2026-04-05 06:32:52,100.0,99.45799457994579,92.87232930339249
2026-04-05 06:33:07,100.0,99.45799457994579,92.90302283680234
2026-04-05 06:33:22,100.0,99.45799457994579,92.93371637021218
2026-04-05 06:33:37,100.0,99.45799457994579,92.96440990362203
2026-04-05 06:33:52,100.0,99.45799457994579,92.99510343703187
2026-04-05 06:34:07,100.0,99.46380697050938,93.02579697044172
2026-04-05 06:34:22,100.0,99.46380697050938,93.05649050385158
2026-04-05 06:34:37,100.0,99.46380697050938,93.08718403726142
2026-04-05 06:34:52,100.0,99.46380697050938,93.11787757067127
2026-04-05 06:35:07,100.0,99.46380697050938,93.14857110408111
2026-04-05 06:35:22,100.0,99.46380697050938,93.17926463749096
2026-04-05 06:35:37,100.0,99.46380697050938,93.20995817090082
2026-04-05 06:35:52,100.0,99.46380697050938,93.24065170431066
2026-04-05 06:36:07,100.0,99.46380697050938,93.27134523772051
2026-04-05 06:36:22,100.0,99.46380697050938,93.30203877113036
2026-04-05 06:36:37,100.0,99.46380697050938,93.3327323045402
2026-04-05 06:36:52,100.0,99.46380697050938,93.36342583795005
2026-04-05 06:37:07,100.0,99.46380697050938,93.3941193713599
2026-04-05 06:37:22,100.0,99.46380697050938,93.42481290476975
2026-04-05 06:37:36,100.0,99.46380697050938,93.45346020261894
2026-04-05 06:37:52,100.0,99.46380697050938,93.48619997158944
2026-04-05 06:38:07,100.0,99.46380697050938,93.51689350499929
2026-04-05 06:38:22,100.0,99.46380697050938,93.54758703840915
2026-04-05 06:38:37,100.0,99.46380697050938,93.578280571819
2026-04-05 06:38:52,100.0,99.46380697050938,93.60897410522884
2026-04-05 06:39:07,100.0,99.46380697050938,93.63966763863868
2026-04-05 06:39:21,100.0,99.46380697050938,93.66831493648787
2026-04-05 06:39:37,100.0,99.46380697050938,93.70105470545838
2026-04-05 06:39:52,100.0,99.46380697050938,93.73174823886824
2026-04-05 06:40:07,100.0,99.46380697050938,93.76244177227808
2026-04-05 06:40:22,100.0,99.46380697050938,93.79313530568793
2026-04-05 06:40:37,100.0,99.46380697050938,93.82382883909777
2026-04-05 06:40:52,100.0,99.46380697050938,93.85452237250762
2026-04-05 06:41:07,100.0,99.46380697050938,93.88521590591748
2026-04-05 06:41:22,100.0,99.46380697050938,93.91590943932732
2026-04-05 06:41:37,100.0,99.46380697050938,93.94660297273717
2026-04-05 06:41:52,100.0,99.46380697050938,93.97729650614701
2026-04-05 06:42:06,100.0,99.46949602122017,94.0059438039962
2026-04-05 06:42:21,100.0,99.46949602122017,94.03663733740605
2026-04-05 06:42:37,100.0,99.46949602122017,94.06937710637656
2026-04-05 06:42:51,100.0,99.46949602122017,94.09802440422575
2026-04-05 06:43:07,100.0,99.46949602122017,94.13076417319625
2026-04-05 06:43:21,100.0,99.46949602122017,94.15941147104544
2026-04-05 06:43:37,100.0,99.46949602122017,94.19215124001595
2026-04-05 06:43:52,100.0,99.46949602122017,94.2228447734258
2026-04-05 06:44:07,100.0,99.46949602122017,94.25353830683565
2026-04-05 06:44:21,100.0,99.46949602122017,94.28218560468484
2026-04-05 06:44:36,100.0,99.46949602122017,94.31287913809469
2026-04-05 06:44:51,100.0,99.46949602122017,94.34357267150453
2026-04-05 06:45:07,100.0,99.46949602122017,94.37631244047505
2026-04-05 06:45:22,100.0,99.46949602122017,94.40700597388489
2026-04-05 06:45:37,100.0,99.46949602122017,94.43769950729474
2026-04-05 06:45:51,100.0,99.46949602122017,94.46634680514393
2026-04-05 06:46:07,100.0,99.46949602122017,94.49908657411443
2026-04-05 06:46:21,100.0,99.46949602122017,94.52773387196362
2026-04-05 06:46:37,100.0,99.46949602122017,94.56047364093413
2026-04-05 06:46:52,100.0,99.46949602122017,94.59116717434398
2026-04-05 06:47:07,100.0,99.46949602122017,94.62186070775383
2026-04-05 06:47:22,100.0,99.46949602122017,94.65255424116367
2026-04-05 06:47:36,100.0,99.46949602122017,94.68120153901286
2026-04-05 06:47:52,100.0,99.46949602122017,94.71394130798338
2026-04-05 06:48:07,100.0,99.46949602122017,94.74463484139322
2026-04-05 06:48:21,100.0,99.46949602122017,94.77328213924241
2026-04-05 06:48:37,100.0,99.46949602122017,94.80602190821291
2026-04-05 06:48:51,100.0,99.46949602122017,94.8346692060621
2026-04-05 06:49:06,100.0,99.46949602122017,94.86536273947195
2026-04-05 06:49:22,100.0,99.46949602122017,94.89810250844246
2026-04-05 06:49:36,100.0,99.46949602122017,94.92674980629165
2026-04-05 06:49:52,100.0,99.46949602122017,94.95948957526215
2026-04-05 06:50:06,100.0,99.46949602122017,94.98813687311134
2026-04-05 06:50:22,100.0,99.47506561679789,95.02087664208184
2026-04-05 06:50:37,100.0,99.47506561679789,95.0515701754917
2026-04-05 06:50:52,100.0,99.47506561679789,95.08226370890155
2026-04-05 06:51:07,100.0,99.47506561679789,95.1129572423114
2026-04-05 06:51:21,100.0,99.47506561679789,95.14160454016059
2026-04-05 06:51:37,100.0,99.47506561679789,95.17434430913109
2026-04-05 06:51:52,100.0,99.47506561679789,95.20503784254095
2026-04-05 06:52:07,100.0,99.47506561679789,95.23573137595079
2026-04-05 06:52:21,100.0,99.47506561679789,95.26437867379998
2026-04-05 06:52:37,100.0,99.47506561679789,95.29711844277048
2026-04-05 06:52:51,100.0,99.47506561679789,95.32576574061967
2026-04-05 06:53:06,100.0,99.47506561679789,95.35645927402952
2026-04-05 06:53:21,100.0,99.47506561679789,95.38715280743938
2026-04-05 06:53:36,100.0,99.47506561679789,95.41784634084922
2026-04-05 06:53:51,100.0,99.47506561679789,95.44853987425907
2026-04-05 06:54:06,100.0,99.47506561679789,95.47923340766891
2026-04-05 06:54:21,100.0,99.47506561679789,95.50992694107876
2026-04-05 06:54:36,100.0,99.47506561679789,95.5406204744886
2026-04-05 06:54:52,100.0,99.47506561679789,95.57336024345912
2026-04-05 06:55:06,100.0,99.47506561679789,95.60200754130831
2026-04-05 06:55:21,87.5,99.47506561679789,95.63270107471816
2026-04-05 06:55:36,87.5,99.47506561679789,95.663394608128
2026-04-05 06:55:51,87.5,99.47506561679789,95.69408814153785
2026-04-05 06:56:06,87.5,99.47506561679789,95.7247816749477
2026-04-05 06:56:21,87.5,99.47506561679789,95.75547520835755
2026-04-05 06:56:36,87.5,99.47506561679789,95.7861687417674
2026-04-05 06:56:51,87.5,99.47506561679789,95.81686227517724
2026-04-05 06:57:06,87.5,99.47506561679789,95.84755580858709
2026-04-05 06:57:21,87.5,99.47506561679789,95.87824934199693
2026-04-05 06:57:36,87.5,99.47506561679789,95.9089428754068
2026-04-05 06:57:51,87.5,99.47506561679789,95.93963640881664
2026-04-05 06:58:06,87.5,99.47506561679789,95.97032994222648
2026-04-05 06:58:21,87.5,99.48051948051948,96.00102347563633
2026-04-05 06:58:36,87.5,99.48051948051948,96.03171700904618
2026-04-05 06:58:51,87.5,99.48051948051948,96.06241054245604
2026-04-05 06:59:06,87.5,99.48051948051948,96.09310407586588
2026-04-05 06:59:21,87.5,99.48051948051948,96.12379760927573
2026-04-05 06:59:36,87.5,99.48051948051948,96.15449114268557
2026-04-05 06:59:51,87.5,99.48051948051948,96.18518467609542
2026-04-05 07:00:06,87.5,99.48051948051948,96.21587820950526
2026-04-05 07:00:21,87.5,99.48051948051948,96.24657174291512
2026-04-05 07:00:36,87.5,99.48051948051948,96.27726527632497
2026-04-05 07:00:51,87.5,99.48051948051948,96.30795880973481
2026-04-05 07:01:06,87.5,99.48051948051948,96.33865234314466
2026-04-05 07:01:21,87.5,99.48051948051948,96.3693458765545
2026-04-05 07:01:36,87.5,99.48051948051948,96.40003940996436
2026-04-05 07:01:51,87.5,99.48051948051948,96.43073294337421
2026-04-05 07:02:06,87.5,99.48051948051948,96.46142647678406
2026-04-05 07:02:21,87.5,99.48051948051948,96.4921200101939
2026-04-05 07:02:36,87.5,99.48051948051948,96.52281354360375
2026-04-05 07:02:51,87.5,99.48051948051948,96.55350707701359
2026-04-05 07:03:06,87.5,99.48051948051948,96.58420061042345
2026-04-05 07:03:21,87.5,99.48051948051948,96.6148941438333
2026-04-05 07:03:36,87.5,99.48051948051948,96.64558767724314
2026-04-05 07:03:51,87.5,99.48051948051948,96.67628121065299
2026-04-05 07:04:06,87.5,99.48051948051948,96.70697474406283
2026-04-05 07:04:21,87.5,99.48051948051948,96.7376682774727
2026-04-05 07:04:36,100.0,99.48051948051948,96.76836181088254
2026-04-05 07:04:51,100.0,99.48051948051948,96.79905534429238
2026-04-05 07:05:06,100.0,99.48051948051948,96.82974887770223
2026-04-05 07:05:21,100.0,99.48051948051948,96.86044241111207
2026-04-05 07:05:36,100.0,99.48051948051948,96.89113594452192
2026-04-05 07:05:51,100.0,99.48051948051948,96.92182947793178
2026-04-05 07:06:06,100.0,99.48051948051948,96.95252301134163
2026-04-05 07:06:21,100.0,99.48051948051948,96.98321654475147
2026-04-05 07:06:36,100.0,99.48586118251927,97.01391007816132
2026-04-05 07:06:51,100.0,99.48586118251927,97.04460361157116
2026-04-05 07:07:06,100.0,99.48586118251927,97.07529714498102
2026-04-05 07:07:21,100.0,99.48586118251927,97.10599067839087
2026-04-05 07:07:36,100.0,99.48586118251927,97.13668421180071
2026-04-05 07:07:51,100.0,99.48586118251927,97.16737774521056
2026-04-05 07:08:06,100.0,99.48586118251927,97.1980712786204
2026-04-05 07:08:21,100.0,99.48586118251927,97.22876481203025
2026-04-05 07:08:36,100.0,99.48586118251927,97.25945834544011
2026-04-05 07:08:51,100.0,99.48586118251927,97.29015187884995
2026-04-05 07:09:06,100.0,99.48586118251927,97.3208454122598
2026-04-05 07:09:21,100.0,99.48586118251927,97.35153894566965
2026-04-05 07:09:36,100.0,99.48586118251927,97.38223247907949
2026-04-05 07:09:51,100.0,99.48586118251927,97.41292601248935
2026-04-05 07:10:06,100.0,99.48586118251927,97.4436195458992
2026-04-05 07:10:21,100.0,99.48586118251927,97.47431307930904
2026-04-05 07:10:36,100.0,99.48586118251927,97.50500661271889
2026-04-05 07:10:51,100.0,99.48586118251927,97.53570014612873
2026-04-05 07:11:06,100.0,99.48586118251927,97.56639367953858
2026-04-05 07:11:21,100.0,99.48586118251927,97.59708721294844
2026-04-05 07:11:36,100.0,99.48586118251927,97.62778074635828
2026-04-05 07:11:51,100.0,99.48586118251927,97.65847427976813
2026-04-05 07:12:06,100.0,99.48586118251927,97.68916781317797
2026-04-05 07:12:21,100.0,99.48586118251927,97.71986134658783
2026-04-05 07:12:36,100.0,99.48586118251927,97.75055487999768
2026-04-05 07:12:51,100.0,99.48586118251927,97.78124841340752
2026-04-05 07:13:06,100.0,99.48586118251927,97.81194194681737
2026-04-05 07:13:21,100.0,99.48586118251927,97.84263548022722
2026-04-05 07:13:36,100.0,99.48586118251927,97.87332901363706
2026-04-05 07:13:51,100.0,99.48586118251927,97.9040225470469
2026-04-05 07:14:06,100.0,99.48586118251927,97.93471608045677
2026-04-05 07:14:21,100.0,99.48586118251927,97.96540961386661
2026-04-05 07:14:36,100.0,99.48586118251927,97.99610314727646
2026-04-05 07:14:51,100.0,99.49109414758269,98.0267966806863
2026-04-05 07:15:06,100.0,99.49109414758269,98.05749021409616
2026-04-05 07:15:21,100.0,99.49109414758269,98.08818374750601
2026-04-05 07:15:36,100.0,99.49109414758269,98.11887728091585
2026-04-05 07:15:51,100.0,99.49109414758269,98.1495708143257
2026-04-05 07:16:06,100.0,99.49109414758269,98.18026434773554
2026-04-05 07:16:21,100.0,99.49109414758269,98.21095788114539
2026-04-05 07:16:36,100.0,99.49109414758269,98.24165141455525
2026-04-05 07:16:51,100.0,99.49109414758269,98.2723449479651
2026-04-05 07:17:06,100.0,99.49109414758269,98.30303848137494
2026-04-05 07:17:21,100.0,99.49109414758269,98.33373201478479
2026-04-05 07:17:36,100.0,99.49109414758269,98.36442554819463
2026-04-05 07:17:51,100.0,99.49109414758269,98.39511908160449
2026-04-05 07:18:06,100.0,99.49109414758269,98.42581261501434
2026-04-05 07:18:21,100.0,99.49109414758269,98.45650614842418
2026-04-05 07:18:36,100.0,99.49109414758269,98.48719968183403
2026-04-05 07:18:51,100.0,99.49109414758269,98.51789321524387
2026-04-05 07:19:06,100.0,99.49109414758269,98.54858674865372
2026-04-05 07:19:21,100.0,99.49109414758269,98.57928028206358
2026-04-05 07:19:36,100.0,99.49109414758269,98.60997381547342
2026-04-05 07:19:51,100.0,99.49109414758269,98.64066734888327
2026-04-05 07:20:06,100.0,99.49109414758269,98.67136088229311
2026-04-05 07:20:21,100.0,99.49109414758269,98.70205441570296
2026-04-05 07:20:36,100.0,99.49109414758269,98.73274794911282
2026-04-05 07:20:51,100.0,99.49109414758269,98.76344148252267
2026-04-05 07:21:06,100.0,99.49109414758269,98.79413501593251
2026-04-05 07:21:21,100.0,99.49109414758269,98.82482854934236
2026-04-05 07:21:36,100.0,99.49109414758269,98.8555220827522
2026-04-05 07:21:51,100.0,99.49109414758269,98.88621561616205
2026-04-05 07:22:06,100.0,99.49109414758269,98.91690914957191
2026-04-05 07:22:21,100.0,99.49109414758269,98.94760268298175
2026-04-05 07:22:36,100.0,99.49109414758269,98.9782962163916
2026-04-05 07:22:51,100.0,99.49622166246851,99.00898974980144
2026-04-05 07:23:06,100.0,99.49622166246851,99.03968328321129
2026-04-05 07:23:21,100.0,99.49622166246851,99.07037681662115
2026-04-05 07:23:36,100.0,99.49622166246851,99.101070350031
2026-04-05 07:23:51,100.0,99.49622166246851,99.13176388344084
2026-04-05 07:24:06,100.0,99.49622166246851,99.16245741685069
2026-04-05 07:24:21,100.0,99.49622166246851,99.19315095026053
2026-04-05 07:24:36,100.0,99.49622166246851,99.22384448367038
2026-04-05 07:24:51,100.0,99.49622166246851,99.25453801708024
2026-04-05 07:25:06,100.0,99.49622166246851,99.28523155049008
2026-04-05 07:25:21,100.0,99.49622166246851,99.31592508389993
2026-04-05 07:25:36,100.0,99.49622166246851,99.34661861730977
2026-04-05 07:25:51,100.0,99.49622166246851,99.37731215071962
2026-04-05 07:26:06,100.0,99.49622166246851,99.40800568412948
2026-04-05 07:26:21,100.0,99.49622166246851,99.43869921753932
2026-04-05 07:26:36,100.0,99.49622166246851,99.46939275094917
2026-04-05 07:26:51,100.0,99.49622166246851,99.50008628435901
2026-04-05 07:27:06,100.0,99.49622166246851,99.53077981776886
2026-04-05 07:27:21,100.0,99.49622166246851,99.5614733511787
2026-04-05 07:27:36,100.0,99.49622166246851,99.59216688458856
2026-04-05 07:27:51,100.0,99.49622166246851,99.62286041799841
2026-04-05 07:28:06,100.0,99.49622166246851,99.65355395140826
2026-04-05 07:28:21,100.0,99.49622166246851,99.6842474848181
2026-04-05 07:28:36,100.0,99.49622166246851,99.71494101822795
2026-04-05 07:28:51,100.0,99.49622166246851,99.7456345516378
2026-04-05 07:29:06,100.0,99.49622166246851,99.77632808504765
2026-04-05 07:29:21,100.0,99.49622166246851,99.8070216184575
2026-04-05 07:29:36,100.0,99.49622166246851,99.83771515186734
2026-04-05 07:29:51,100.0,99.49622166246851,99.86840868527719
2026-04-05 07:30:06,100.0,99.49622166246851,99.89910221868703
2026-04-05 07:30:21,100.0,99.49622166246851,99.9297957520969
2026-04-05 07:30:36,100.0,99.49622166246851,99.96048928550674
2026-04-05 07:30:51,100.0,99.49622166246851,99.99118281891658
2026-04-05 07:31:06,100.0,99.50124688279301,100.02187635232643
2026-04-05 07:31:21,100.0,99.50124688279301,100.05256988573628
2026-04-05 07:31:36,100.0,99.50124688279301,100.08326341914614
2026-04-05 07:31:51,100.0,99.50124688279301,100.11395695255598
2026-04-05 07:32:06,100.0,99.50124688279301,100.14465048596583
2026-04-05 07:32:21,100.0,99.50124688279301,100.17534401937567
2026-04-05 07:32:36,100.0,99.50124688279301,100.20603755278552
2026-04-05 07:32:51,100.0,99.50124688279301,100.23673108619536
2026-04-05 07:33:06,100.0,99.50124688279301,100.26742461960522
2026-04-05 07:33:21,100.0,99.50124688279301,100.29811815301507
2026-04-05 07:33:36,100.0,99.50124688279301,100.32881168642491
2026-04-05 07:33:51,100.0,99.50124688279301,100.35950521983476
2026-04-05 07:34:06,100.0,99.50124688279301,100.3901987532446
2026-04-05 07:34:21,100.0,99.50124688279301,100.42089228665446
2026-04-05 07:34:36,100.0,99.50124688279301,100.45158582006431
2026-04-05 07:34:51,100.0,99.50124688279301,100.48227935347415
2026-04-05 07:35:06,100.0,99.50124688279301,100.512972886884
2026-04-05 07:35:21,100.0,99.50124688279301,100.54366642029385
2026-04-05 07:35:36,100.0,99.50124688279301,100.57435995370369
2026-04-05 07:35:51,100.0,99.50124688279301,100.60505348711355
2026-04-05 07:36:06,100.0,99.50124688279301,100.6357470205234
2026-04-05 07:36:21,100.0,99.50124688279301,100.66644055393324
2026-04-05 07:36:36,100.0,99.50124688279301,100.69713408734309
2026-04-05 07:36:51,100.0,99.50124688279301,100.72782762075293
2026-04-05 07:37:06,100.0,99.50124688279301,100.75852115416279
2026-04-05 07:37:21,100.0,99.50124688279301,100.78921468757264
2026-04-05 07:37:36,100.0,99.50124688279301,100.81990822098248
2026-04-05 07:37:51,100.0,99.50124688279301,100.85060175439233
2026-04-05 07:38:06,100.0,99.50124688279301,100.88129528780217
2026-04-05 07:38:21,100.0,99.50124688279301,100.91198882121202
2026-04-05 07:38:36,100.0,99.50124688279301,100.94268235462188
2026-04-05 07:38:51,100.0,99.50124688279301,100.97337588803173
2026-04-05 07:39:06,100.0,99.50617283950616,101.00406942144157
2026-04-05 07:39:21,100.0,99.50617283950616,101.03476295485142
2026-04-05 07:39:36,100.0,99.50617283950616,101.06545648826126
2026-04-05 07:39:51,100.0,99.50617283950616,101.09615002167112
2026-04-05 07:40:06,100.0,99.50617283950616,101.12684355508097
2026-04-05 07:40:21,100.0,99.50617283950616,101.15753708849081
2026-04-05 07:40:36,100.0,99.50617283950616,101.18823062190066
2026-04-05 07:40:51,100.0,99.50617283950616,101.2189241553105
2026-04-05 07:41:06,100.0,99.50617283950616,101.24961768872035
2026-04-05 07:41:21,100.0,99.50617283950616,101.28031122213021
2026-04-05 07:41:36,100.0,99.50617283950616,101.31100475554005
2026-04-05 07:41:51,100.0,99.50617283950616,101.3416982889499
2026-04-05 07:42:06,100.0,99.50617283950616,101.37239182235975
2026-04-05 07:42:21,100.0,99.50617283950616,101.4030853557696
2026-04-05 07:42:36,100.0,99.50617283950616,101.43377888917945
2026-04-05 07:42:51,100.0,99.50617283950616,101.4644724225893
2026-04-05 07:43:06,100.0,99.50617283950616,101.49516595599914
2026-04-05 07:43:21,100.0,99.50617283950616,101.52585948940899
2026-04-05 07:43:36,100.0,99.50617283950616,101.55655302281883
2026-04-05 07:43:51,100.0,99.50617283950616,101.58724655622868
2026-04-05 07:44:06,100.0,99.50617283950616,101.61794008963854
2026-04-05 07:44:21,100.0,99.50617283950616,101.64863362304838
2026-04-05 07:44:36,100.0,99.50617283950616,101.67932715645823
2026-04-05 07:44:51,100.0,99.50617283950616,101.71002068986807
2026-04-05 07:45:06,100.0,99.50617283950616,101.74071422327793
2026-04-05 07:45:21,100.0,99.50617283950616,101.77140775668778
2026-04-05 07:45:36,100.0,99.50617283950616,101.80210129009762
2026-04-05 07:45:51,100.0,99.50617283950616,101.83279482350747
2026-04-05 07:46:06,100.0,99.50617283950616,101.86348835691732
2026-04-05 07:46:21,100.0,99.50617283950616,101.89418189032716
2026-04-05 07:46:36,100.0,99.50617283950616,101.924875423737
2026-04-05 07:46:51,100.0,99.50617283950616,101.95556895714687
2026-04-05 07:47:06,100.0,99.50617283950616,101.98626249055671
2026-04-05 07:47:21,100.0,99.51100244498777,102.01695602396656
2026-04-05 07:47:36,100.0,99.51100244498777,102.0476495573764
2026-04-05 07:47:51,100.0,99.51100244498777,102.07834309078626
2026-04-05 07:48:06,100.0,99.51100244498777,102.10903662419611
2026-04-05 07:48:21,100.0,99.51100244498777,102.13973015760595
2026-04-05 07:48:36,100.0,99.51100244498777,102.1704236910158
2026-04-05 07:48:51,100.0,99.51100244498777,102.20111722442564
2026-04-05 07:49:06,100.0,99.51100244498777,102.23181075783549
2026-04-05 07:49:21,100.0,99.51100244498777,102.26250429124535
2026-04-05 07:49:36,100.0,99.51100244498777,102.2931978246552
2026-04-05 07:49:51,100.0,99.51100244498777,102.32389135806504
2026-04-05 07:50:06,100.0,99.51100244498777,102.35458489147489
2026-04-05 07:50:21,100.0,99.51100244498777,102.38527842488473
2026-04-05 07:50:36,100.0,99.51100244498777,102.41597195829459
2026-04-05 07:50:51,100.0,99.51100244498777,102.44666549170444
2026-04-05 07:51:06,100.0,99.51100244498777,102.47735902511428
2026-04-05 07:51:21,100.0,99.51100244498777,102.50805255852413
2026-04-05 07:51:36,100.0,99.51100244498777,102.53874609193397
2026-04-05 07:51:51,100.0,99.51100244498777,102.56943962534382
2026-04-05 07:52:06,100.0,99.51100244498777,102.60013315875368
2026-04-05 07:52:21,100.0,99.51100244498777,102.63082669216352
2026-04-05 07:52:36,100.0,99.51100244498777,102.66152022557337
2026-04-05 07:52:51,100.0,99.51100244498777,102.69221375898321
2026-04-05 07:53:06,100.0,99.51100244498777,102.72290729239306
2026-04-05 07:53:21,100.0,99.51100244498777,102.75360082580292
2026-04-05 07:53:36,100.0,99.51100244498777,102.78429435921277
2026-04-05 07:53:51,100.0,99.51100244498777,102.81498789262261
2026-04-05 07:54:06,100.0,99.51100244498777,102.84568142603246
2026-04-05 07:54:21,100.0,99.51100244498777,102.8763749594423
2026-04-05 07:54:36,100.0,99.51100244498777,102.90706849285215
2026-04-05 07:54:51,100.0,99.51100244498777,102.937762026262
2026-04-05 07:55:06,100.0,99.51100244498777,102.96845555967185
2026-04-05 07:55:21,100.0,99.51100244498777,102.9991490930817
2026-04-05 07:55:36,100.0,99.51573849878935,103.02984262649154
2026-04-05 07:55:51,100.0,99.51573849878935,103.06053615990139
2026-04-05 07:56:06,100.0,99.51573849878935,103.09122969331125
2026-04-05 07:56:21,100.0,99.51573849878935,103.1219232267211
2026-04-05 07:56:36,100.0,99.51573849878935,103.15261676013094
2026-04-05 07:56:51,100.0,99.51573849878935,103.18331029354079
2026-04-05 07:57:06,100.0,99.51573849878935,103.21400382695063
2026-04-05 07:57:21,100.0,99.51573849878935,103.24469736036048
2026-04-05 07:57:36,100.0,99.51573849878935,103.27539089377034
2026-04-05 07:57:51,100.0,99.51573849878935,103.30608442718018
2026-04-05 07:58:06,100.0,99.51573849878935,103.33677796059003
2026-04-05 07:58:21,100.0,99.51573849878935,103.36747149399987
2026-04-05 07:58:36,100.0,99.51573849878935,103.39816502740972
2026-04-05 07:58:51,100.0,99.51573849878935,103.42885856081958
2026-04-05 07:59:06,100.0,99.51573849878935,103.45955209422942
2026-04-05 07:59:21,100.0,99.51573849878935,103.49024562763927
2026-04-05 07:59:36,100.0,99.51573849878935,103.52093916104911
2026-04-05 07:59:51,100.0,99.51573849878935,103.55163269445896
2026-04-05 08:00:06,100.0,99.75786924939467,103.57419631433538
2026-04-05 08:00:21,100.0,100.0,103.58456506391164
2026-04-05 08:00:36,100.0,100.0,103.5949338134879
2026-04-05 08:00:51,100.0,100.0,103.60530256306417
2026-04-05 08:01:06,100.0,100.0,103.61567131264043
2026-04-05 08:01:21,100.0,100.0,103.62604006221669
2026-04-05 08:01:36,100.0,100.0,103.63640881179296
2026-04-05 08:01:51,100.0,100.0,103.64677756136922
2026-04-05 08:02:06,100.0,100.0,103.65714631094548
2026-04-05 08:02:21,100.0,100.0,103.66751506052175
2026-04-05 08:02:36,100.0,100.0,103.67788381009801
2026-04-05 08:02:51,100.0,100.0,103.68825255967427
2026-04-05 08:03:06,100.0,100.0,103.69862130925054
2026-04-05 08:03:21,100.0,100.0,103.7089900588268
2026-04-05 08:03:36,100.0,100.0,103.71935880840306
2026-04-05 08:03:51,100.0,100.0,103.72972755797932
2026-04-05 08:04:06,100.0,100.0,103.74009630755559
2026-04-05 08:04:21,100.0,100.0,103.75046505713185
2026-04-05 08:04:36,100.0,100.0,103.7608338067081
2026-04-05 08:04:51,100.0,100.0,103.77120255628438
2026-04-05 08:05:06,100.0,100.0,103.78157130586064
2026-04-05 08:05:21,100.0,100.0,103.7919400554369
2026-04-05 08:05:36,100.0,100.0,103.80230880501317
2026-04-05 08:05:51,100.0,100.0,103.81267755458943
2026-04-05 08:06:06,100.0,100.0,103.82304630416569
2026-04-05 08:06:21,100.0,100.0,103.83341505374196
2026-04-05 08:06:36,100.0,100.0,103.84378380331822
2026-04-05 08:06:51,100.0,100.0,103.85415255289448
2026-04-05 08:07:06,100.0,100.0,103.86452130247075
2026-04-05 08:07:21,100.0,100.0,103.87489005204701
2026-04-05 08:07:36,100.0,100.0,103.88525880162327
2026-04-05 08:07:51,100.0,100.0,103.89562755119952
2026-04-05 08:08:06,100.0,100.0,103.9059963007758
2026-04-05 08:08:21,100.0,100.0,103.91636505035206
2026-04-05 08:08:36,100.0,100.0,103.92673379992831
2026-04-05 08:08:51,100.0,100.0,103.93710254950459
2026-04-05 08:09:06,100.0,100.0,103.94747129908085
2026-04-05 08:09:21,100.0,100.0,103.9578400486571
2026-04-05 08:09:36,100.0,100.0,103.96820879823338
2026-04-05 08:09:51,100.0,100.0,103.97857754780964
2026-04-05 08:10:06,100.0,100.0,103.9889462973859
2026-04-05 08:10:21,100.0,100.0,103.99931504696217
2026-04-05 08:10:36,100.0,100.0,104.00968379653843
2026-04-05 08:10:51,100.0,100.0,104.02005254611468
2026-04-05 08:11:06,100.0,100.0,104.03042129569096
2026-04-05 08:11:21,100.0,100.0,104.04079004526722
2026-04-05 08:11:36,100.0,100.0,104.05115879484347
2026-04-05 08:11:51,100.0,100.0,104.06152754441975
2026-04-05 08:12:06,100.0,100.0,104.071896293996
2026-04-05 08:12:21,100.0,100.0,104.08226504357226
2026-04-05 08:12:36,100.0,100.0,104.09263379314852
2026-04-05 08:12:51,100.0,100.0,104.1030025427248
2026-04-05 08:13:06,100.0,100.0,104.11337129230105
2026-04-05 08:13:21,100.0,100.0,104.12374004187731
2026-04-05 08:13:36,100.0,100.0,104.13410879145358
2026-04-05 08:13:51,100.0,100.0,104.14447754102984
2026-04-05 08:14:06,100.0,100.0,104.1548462906061
2026-04-05 08:14:21,100.0,100.0,104.16521504018237
2026-04-05 08:14:36,100.0,100.0,104.17558378975863
2026-04-05 08:14:51,100.0,100.0,104.18595253933489
2026-04-05 08:15:06,100.0,100.0,104.19632128891116
2026-04-05 08:15:21,100.0,100.0,104.20669003848742
2026-04-05 08:15:36,100.0,100.0,104.21705878806368
2026-04-05 08:15:51,100.0,100.0,104.22742753763995
2026-04-05 08:16:06,100.0,100.0,104.23779628721621
2026-04-05 08:16:21,100.0,100.0,104.24816503679247
2026-04-05 08:16:36,100.0,100.0,104.25853378636873
2026-04-05 08:16:51,100.0,100.0,104.268902535945
2026-04-05 08:17:06,100.0,100.0,104.27927128552126
2026-04-05 08:17:21,100.0,100.0,104.28964003509752
2026-04-05 08:17:36,100.0,100.0,104.30000878467379
2026-04-05 08:17:51,100.0,100.0,104.31037753425005
2026-04-05 08:18:06,100.0,100.0,104.32074628382631
2026-04-05 08:18:21,100.0,100.0,104.33111503340258
2026-04-05 08:18:36,100.0,100.0,104.34148378297884
2026-04-05 08:18:51,100.0,100.0,104.3518525325551
2026-04-05 08:19:06,100.0,100.0,104.36222128213137
2026-04-05 08:19:21,100.0,100.0,104.37259003170763
2026-04-05 08:19:36,100.0,100.0,104.38295878128389
2026-04-05 08:19:51,100.0,100.0,104.39332753086016
2026-04-05 08:20:06,100.0,100.0,104.40369628043642
2026-04-05 08:20:21,100.0,100.0,104.41406503001268
2026-04-05 08:20:36,100.0,100.0,104.42443377958895
2026-04-05 08:20:51,100.0,100.0,104.43480252916521
2026-04-05 08:21:06,100.0,100.0,104.44517127874147
2026-04-05 08:21:21,100.0,100.0,104.45554002831773
2026-04-05 08:21:36,100.0,100.0,104.465908777894
2026-04-05 08:21:51,100.0,100.0,104.47627752747026
2026-04-05 08:22:06,100.0,100.0,104.48664627704652
2026-04-05 08:22:21,100.0,100.0,104.49701502662279
2026-04-05 08:22:36,100.0,100.0,104.50738377619905
2026-04-05 08:22:51,100.0,100.0,104.51775252577531
2026-04-05 08:23:06,100.0,100.0,104.52812127535158
2026-04-05 08:23:21,100.0,100.0,104.53849002492784
2026-04-05 08:23:36,100.0,100.0,104.5488587745041
2026-04-05 08:23:51,100.0,100.0,104.55922752408037
2026-04-05 08:24:06,100.0,100.0,104.56959627365663
2026-04-05 08:24:21,100.0,100.0,104.57996502323289
2026-04-05 08:24:36,100.0,100.0,104.59033377280916
2026-04-05 08:24:51,100.0,100.0,104.60070252238542
2026-04-05 08:25:06,100.0,100.0,104.61107127196168
2026-04-05 08:25:21,100.0,100.0,104.62144002153795
2026-04-05 08:25:36,100.0,100.0,104.63180877111421
2026-04-05 08:25:51,100.0,100.0,104.64217752069047
2026-04-05 08:26:06,100.0,100.0,104.65254627026673
2026-04-05 08:26:21,100.0,100.0,104.662915019843
2026-04-05 08:26:36,100.0,100.0,104.67328376941926
2026-04-05 08:26:51,100.0,100.0,104.68365251899552
2026-04-05 08:27:06,100.0,100.0,104.69402126857179
2026-04-05 08:27:21,100.0,100.0,104.70439001814805
2026-04-05 08:27:36,100.0,100.0,104.7147587677243
2026-04-05 08:27:51,100.0,100.0,104.72512751730058
2026-04-05 08:28:06,100.0,100.0,104.73549626687684
2026-04-05 08:28:21,100.0,100.0,104.7458650164531
2026-04-05 08:28:36,100.0,100.0,104.75623376602937
2026-04-05 08:28:51,100.0,100.0,104.76660251560563
2026-04-05 08:29:06,100.0,100.0,104.77697126518188
2026-04-05 08:29:21,100.0,100.0,104.78734001475816
2026-04-05 08:29:36,100.0,100.0,104.79770876433442
2026-04-05 08:29:51,100.0,100.0,104.80807751391067
2026-04-05 08:30:06,100.0,100.0,104.81844626348693
2026-04-05 08:30:21,100.0,100.0,104.8288150130632
2026-04-05 08:30:36,100.0,100.0,104.83918376263946
2026-04-05 08:30:51,100.0,100.0,104.84955251221572
2026-04-05 08:31:06,100.0,100.0,104.859921261792
2026-04-05 08:31:21,100.0,100.0,104.87029001136825
2026-04-05 08:31:36,100.0,100.0,104.88065876094451
2026-04-05 08:31:51,100.0,100.0,104.89102751052079
2026-04-05 08:32:06,100.0,100.0,104.90139626009704
2026-04-05 08:32:21,100.0,100.0,104.9117650096733
2026-04-05 08:32:36,100.0,100.0,104.92213375924958
2026-04-05 08:32:51,100.0,100.0,104.93250250882583
2026-04-05 08:33:06,100.0,100.0,104.94287125840209
2026-04-05 08:33:21,100.0,100.0,104.95324000797837
2026-04-05 08:33:36,100.0,100.0,104.96360875755462
2026-04-05 08:33:51,100.0,100.0,104.97397750713088
2026-04-05 08:34:06,100.0,100.0,104.98434625670714
2026-04-05 08:34:21,100.0,100.0,104.99471500628341
2026-04-05 08:34:36,100.0,100.0,105.00508375585967
2026-04-05 08:34:51,100.0,100.0,105.01545250543593
2026-04-05 08:35:06,100.0,100.0,105.0258212550122
2026-04-05 08:35:21,100.0,100.0,105.03619000458846
2026-04-05 08:35:36,100.0,100.0,105.04655875416472
2026-04-05 08:35:51,100.0,100.0,105.056927503741
2026-04-05 08:36:06,100.0,100.0,105.06729625331725
2026-04-05 08:36:21,100.0,100.0,105.07766500289351
2026-04-05 08:36:36,100.0,100.0,105.08803375246978
2026-04-05 08:36:51,100.0,100.0,105.09840250204604
2026-04-05 08:37:06,100.0,100.0,105.1087712516223
2026-04-05 08:37:21,100.0,100.0,105.11914000119857
2026-04-05 08:37:36,100.0,100.0,105.12950875077483
2026-04-05 08:37:51,100.0,100.0,105.13987750035109
2026-04-05 08:38:06,100.0,100.0,105.15024624992736
2026-04-05 08:38:21,100.0,100.0,105.16061499950362
2026-04-05 08:38:36,100.0,100.0,105.17098374907988
2026-04-05 08:38:51,100.0,100.0,105.18135249865614
2026-04-05 08:39:06,100.0,100.0,105.19172124823241
2026-04-05 08:39:21,100.0,100.0,105.20208999780867
2026-04-05 08:39:36,100.0,100.0,105.21245874738493
2026-04-05 08:39:51,100.0,100.0,105.2228274969612
2026-04-05 08:40:06,100.0,100.0,105.23319624653746
2026-04-05 08:40:21,100.0,100.0,105.24356499611372
2026-04-05 08:40:36,100.0,100.0,105.25393374568999
2026-04-05 08:40:51,100.0,100.0,105.26430249526625
2026-04-05 08:41:06,100.0,100.0,105.27467124484251
2026-04-05 08:41:21,100.0,100.0,105.28503999441878
2026-04-05 08:41:36,100.0,100.0,105.29540874399504
2026-04-05 08:41:51,100.0,100.0,105.3057774935713
2026-04-05 08:42:06,100.0,100.0,105.31614624314757
2026-04-05 08:42:21,100.0,100.0,105.32651499272383
2026-04-05 08:42:36,100.0,100.0,105.33688374230009
2026-04-05 08:42:51,100.0,100.0,105.34725249187636
2026-04-05 08:43:06,100.0,100.0,105.35762124145262
2026-04-05 08:43:21,100.0,100.0,105.36798999102888
2026-04-05 08:43:36,100.0,100.0,105.37835874060514
2026-04-05 08:43:51,100.0,100.0,105.38872749018141
2026-04-05 08:44:06,100.0,100.0,105.39909623975767
2026-04-05 08:44:21,100.0,100.0,105.40946498933393
2026-04-05 08:44:36,100.0,100.0,105.4198337389102
2026-04-05 08:44:51,100.0,100.0,105.43020248848646
2026-04-05 08:45:06,100.0,100.0,105.44057123806272
2026-04-05 08:45:21,100.0,100.0,105.45093998763899
2026-04-05 08:45:36,100.0,100.0,105.46130873721525
2026-04-05 08:45:51,100.0,100.0,105.4716774867915
2026-04-05 08:46:06,100.0,100.0,105.48204623636778
2026-04-05 08:46:21,100.0,100.0,105.49241498594404
2026-04-05 08:46:36,100.0,100.0,105.5027837355203
2026-04-05 08:46:51,100.0,100.0,105.51315248509657
2026-04-05 08:47:06,100.0,100.0,105.52352123467283
2026-04-05 08:47:21,100.0,100.0,105.53388998424909
2026-04-05 08:47:36,100.0,100.0,105.54425873382534
2026-04-05 08:47:51,100.0,100.0,105.55462748340162
2026-04-05 08:48:06,100.0,100.0,105.56499623297788
2026-04-05 08:48:21,100.0,100.0,105.57536498255413
2026-04-05 08:48:36,100.0,100.0,105.58573373213041
2026-04-05 08:48:51,100.0,100.0,105.59610248170667
2026-04-05 08:49:06,100.0,100.0,105.60647123128292
2026-04-05 08:49:21,100.0,100.0,105.6168399808592
2026-04-05 08:49:36,100.0,100.0,105.62720873043546
2026-04-05 08:49:51,100.0,100.0,105.63757748001171
2026-04-05 08:50:06,100.0,100.0,105.64794622958799
2026-04-05 08:50:21,100.0,100.0,105.65831497916425
2026-04-05 08:50:36,100.0,100.0,105.6686837287405
2026-04-05 08:50:51,100.0,100.0,105.67905247831678
2026-04-05 08:51:06,100.0,100.0,105.68942122789304
2026-04-05 08:51:21,100.0,100.0,105.6997899774693
2026-04-05 08:51:36,100.0,100.0,105.71015872704557
2026-04-05 08:51:51,100.0,100.0,105.72052747662183
2026-04-05 08:52:06,100.0,100.0,105.73089622619808
2026-04-05 08:52:21,100.0,100.0,105.74126497577434
2026-04-05 08:52:36,100.0,100.0,105.75163372535062
2026-04-05 08:52:51,100.0,100.0,105.76200247492687
2026-04-05 08:53:06,100.0,100.0,105.77237122450313
2026-04-05 08:53:21,100.0,100.0,105.7827399740794
2026-04-05 08:53:36,100.0,100.0,105.79310872365566
2026-04-05 08:53:51,100.0,100.0,105.80347747323192
2026-04-05 08:54:06,100.0,100.0,105.8138462228082
2026-04-05 08:54:21,100.0,100.0,105.82421497238445
2026-04-05 08:54:36,100.0,100.0,105.83458372196071
2026-04-05 08:54:51,100.0,100.0,105.84495247153698
2026-04-05 08:55:06,100.0,100.0,105.85532122111324
2026-04-05 08:55:21,100.0,100.0,105.8656899706895
2026-04-05 08:55:36,100.0,100.0,105.87605872026577
2026-04-05 08:55:51,100.0,100.0,105.88642746984203
2026-04-05 08:56:06,100.0,100.0,105.89679621941829
2026-04-05 08:56:21,100.0,100.0,105.90716496899455
2026-04-05 08:56:36,100.0,100.0,105.91753371857082
2026-04-05 08:56:51,100.0,100.0,105.92790246814708
2026-04-05 08:57:06,100.0,100.0,105.93827121772334
2026-04-05 08:57:21,100.0,100.0,105.94863996729961
2026-04-05 08:57:36,100.0,100.0,105.95900871687587
2026-04-05 08:57:51,100.0,100.0,105.96937746645213
2026-04-05 08:58:06,100.0,100.0,105.9797462160284
2026-04-05 08:58:21,100.0,100.0,105.99011496560466
2026-04-05 08:58:36,100.0,100.0,106.00048371518092
2026-04-05 08:58:51,100.0,100.0,106.01085246475719
2026-04-05 08:59:06,100.0,100.0,106.02122121433345
2026-04-05 08:59:21,100.0,100.0,106.03158996390971
2026-04-05 08:59:36,100.0,100.0,106.04195871348598
2026-04-05 08:59:51,100.0,100.0,106.05232746306224
2026-04-05 09:00:06,100.0,100.0,106.0626962126385
2026-04-05 09:00:21,100.0,100.0,106.07306496221477
2026-04-05 09:00:36,100.0,100.0,106.08343371179103
2026-04-05 09:00:51,100.0,100.0,106.09380246136729
2026-04-05 09:01:06,100.0,100.0,106.10417121094355
2026-04-05 09:01:21,100.0,100.0,106.11453996051982
2026-04-05 09:01:36,100.0,100.0,106.12490871009608
2026-04-05 09:01:51,100.0,100.0,106.13527745967234
2026-04-05 09:02:06,100.0,100.0,106.14564620924861
2026-04-05 09:02:21,100.0,100.0,106.15601495882487
2026-04-05 09:02:36,100.0,100.0,106.16638370840113
2026-04-05 09:02:51,100.0,100.0,106.1767524579774
2026-04-05 09:03:06,100.0,100.0,106.18712120755366
2026-04-05 09:03:21,100.0,100.0,106.19748995712992
2026-04-05 09:03:36,100.0,100.0,106.20785870670619
2026-04-05 09:03:51,100.0,100.0,106.21822745628245
2026-04-05 09:04:06,100.0,100.0,106.22859620585871
2026-04-05 09:04:21,100.0,100.0,106.23896495543498
2026-04-05 09:04:36,100.0,100.0,106.24933370501124
2026-04-05 09:04:51,100.0,100.0,106.2597024545875
2026-04-05 09:05:06,100.0,100.0,106.27007120416377
2026-04-05 09:05:21,100.0,100.0,106.28043995374003
2026-04-05 09:05:36,100.0,100.0,106.29080870331629
2026-04-05 09:05:51,100.0,100.0,106.30117745289255
2026-04-05 09:06:06,100.0,100.0,106.31154620246882
2026-04-05 09:06:21,100.0,100.0,106.32191495204508
2026-04-05 09:06:36,100.0,100.0,106.33228370162134
2026-04-05 09:06:51,100.0,100.0,106.34265245119761
2026-04-05 09:07:06,100.0,100.0,106.35302120077387
2026-04-05 09:07:21,100.0,100.0,106.36338995035013
2026-04-05 09:07:36,100.0,100.0,106.3737586999264
2026-04-05 09:07:51,100.0,100.0,106.38412744950266
2026-04-05 09:08:06,100.0,100.0,106.39449619907892
2026-04-05 09:08:21,100.0,100.0,106.40486494865519
2026-04-05 09:08:36,100.0,100.0,106.41523369823145
2026-04-05 09:08:51,100.0,100.0,106.4256024478077
2026-04-05 09:09:06,100.0,100.0,106.43597119738398
2026-04-05 09:09:21,100.0,100.0,106.44633994696024
2026-04-05 09:09:36,100.0,100.0,106.4567086965365
2026-04-05 09:09:51,100.0,100.0,106.46707744611275
2026-04-05 09:10:06,100.0,100.0,106.47744619568903
2026-04-05 09:10:21,100.0,100.0,106.48781494526528
2026-04-05 09:10:36,100.0,100.0,106.49818369484154
2026-04-05 09:10:51,100.0,100.0,106.50855244441782
2026-04-05 09:11:06,100.0,100.0,106.51892119399407
2026-04-05 09:11:21,100.0,100.0,106.52928994357033
2026-04-05 09:11:36,100.0,100.0,106.5396586931466
2026-04-05 09:11:51,100.0,100.0,106.55002744272286
2026-04-05 09:12:06,100.0,100.0,106.56039619229912
2026-04-05 09:12:21,100.0,100.0,106.5707649418754
2026-04-05 09:12:36,100.0,100.0,106.58113369145165
2026-04-05 09:12:51,100.0,100.0,106.59150244102791
2026-04-05 09:13:06,100.0,100.0,106.60187119060419
2026-04-05 09:13:21,100.0,100.0,106.61223994018044
2026-04-05 09:13:36,100.0,100.0,106.6226086897567
2026-04-05 09:13:51,100.0,100.0,106.63297743933296
2026-04-05 09:14:06,100.0,100.0,106.64334618890923
2026-04-05 09:14:21,100.0,100.0,106.65371493848549
2026-04-05 09:14:36,100.0,100.0,106.66408368806175
2026-04-05 09:14:51,100.0,100.0,106.67445243763802
2026-04-05 09:15:06,100.0,100.0,106.68482118721428
2026-04-05 09:15:21,100.0,100.0,106.69518993679054
2026-04-05 09:15:36,100.0,100.0,106.70555868636681
2026-04-05 09:15:51,100.0,100.0,106.71592743594307
2026-04-05 09:16:06,100.0,100.0,106.72629618551933
2026-04-05 09:16:21,100.0,100.0,106.7366649350956
2026-04-05 09:16:36,100.0,100.0,106.74703368467186
2026-04-05 09:16:51,100.0,100.0,106.75740243424812
2026-04-05 09:17:06,100.0,100.0,106.7677711838244
2026-04-05 09:17:21,100.0,100.0,106.77813993340065
2026-04-05 09:17:36,100.0,100.0,106.78850868297691
2026-04-05 09:17:51,100.0,100.0,106.79887743255318
2026-04-05 09:18:06,100.0,100.0,106.80924618212944
2026-04-05 09:18:21,100.0,100.0,106.8196149317057
2026-04-05 09:18:36,100.0,100.0,106.82998368128196
2026-04-05 09:18:51,100.0,100.0,106.84035243085823
2026-04-05 09:19:06,100.0,100.0,106.85072118043449
2026-04-05 09:19:21,100.0,100.0,106.86108993001075
2026-04-05 09:19:36,100.0,100.0,106.87145867958702
2026-04-05 09:19:51,100.0,100.0,106.88182742916328
2026-04-05 09:20:06,100.0,100.0,106.89219617873954
2026-04-05 09:20:21,100.0,100.0,106.90256492831581
2026-04-05 09:20:36,100.0,100.0,106.91293367789207
2026-04-05 09:20:51,100.0,100.0,106.92330242746833
2026-04-05 09:21:06,100.0,100.0,106.9336711770446
2026-04-05 09:21:21,100.0,100.0,106.94403992662086
2026-04-05 09:21:36,100.0,100.0,106.95440867619712
2026-04-05 09:21:51,100.0,100.0,106.96477742577339
2026-04-05 09:22:06,100.0,100.0,106.97514617534965
2026-04-05 09:22:21,100.0,100.0,106.98551492492591
2026-04-05 09:22:36,100.0,100.0,106.99588367450218
2026-04-05 09:22:51,100.0,100.0,107.00625242407844
2026-04-05 09:23:06,100.0,100.0,107.0166211736547
2026-04-05 09:23:21,100.0,100.0,107.02698992323096
2026-04-05 09:23:36,100.0,100.0,107.03735867280723
2026-04-05 09:23:51,100.0,100.0,107.04772742238349
2026-04-05 09:24:06,100.0,100.0,107.05809617195975
2026-04-05 09:24:21,100.0,100.0,107.06846492153602
2026-04-05 09:24:36,100.0,100.0,107.07883367111228
2026-04-05 09:24:51,100.0,100.0,107.08920242068854
2026-04-05 09:25:06,100.0,100.0,107.09957117026481
2026-04-05 09:25:21,100.0,100.0,107.10993991984107
2026-04-05 09:25:36,100.0,100.0,107.12030866941733
2026-04-05 09:25:51,100.0,100.0,107.1306774189936
2026-04-05 09:26:06,100.0,100.0,107.14104616856986
2026-04-05 09:26:21,100.0,100.0,107.15141491814612
2026-04-05 09:26:36,100.0,100.0,107.16178366772239
2026-04-05 09:26:51,100.0,100.0,107.17215241729865
2026-04-05 09:27:06,100.0,100.0,107.1825211668749
2026-04-05 09:27:21,100.0,100.0,107.19288991645118
2026-04-05 09:27:36,100.0,100.0,107.20325866602744
2026-04-05 09:27:51,100.0,100.0,107.2136274156037
2026-04-05 09:28:06,100.0,100.0,107.22399616517995
2026-04-05 09:28:21,100.0,100.0,107.23436491475623
2026-04-05 09:28:36,100.0,100.0,107.24473366433249
2026-04-05 09:28:51,100.0,100.0,107.25510241390874
2026-04-05 09:29:06,100.0,100.0,107.26547116348502
2026-04-05 09:29:21,100.0,100.0,107.27583991306128
2026-04-05 09:29:36,100.0,100.0,107.28620866263753
2026-04-05 09:29:51,100.0,100.0,107.29657741221381
2026-04-05 09:30:06,100.0,100.0,107.30694616179007
2026-04-05 09:30:21,100.0,100.0,107.31731491136632
2026-04-05 09:30:36,100.0,100.0,107.3276836609426
2026-04-05 09:30:51,100.0,100.0,107.33805241051886
2026-04-05 09:31:06,100.0,100.0,107.34842116009511
2026-04-05 09:31:21,100.0,100.0,107.35878990967139
2026-04-05 09:31:36,100.0,100.0,107.36915865924765
2026-04-05 09:31:51,100.0,100.0,107.3795274088239
2026-04-05 09:32:06,100.0,100.0,107.38989615840016
2026-04-05 09:32:21,100.0,100.0,107.40026490797644
2026-04-05 09:32:36,100.0,100.0,107.4106336575527
2026-04-05 09:32:51,100.0,100.0,107.42100240712895
2026-04-05 09:33:06,100.0,100.0,107.43137115670523
2026-04-05 09:33:21,100.0,100.0,107.44173990628148
2026-04-05 09:33:36,100.0,100.0,107.45210865585774
2026-04-05 09:33:51,100.0,100.0,107.46247740543402
2026-04-05 09:34:06,100.0,100.0,107.47284615501027
2026-04-05 09:34:21,100.0,100.0,107.48321490458653
2026-04-05 09:34:36,100.0,100.0,107.4935836541628
2026-04-05 09:34:51,100.0,100.0,107.50395240373906
2026-04-05 09:35:06,100.0,100.0,107.51432115331532
2026-04-05 09:35:21,100.0,100.0,107.5246899028916
2026-04-05 09:35:36,100.0,100.0,107.53505865246785
2026-04-05 09:35:51,100.0,100.0,107.54542740204411
2026-04-05 09:36:06,100.0,100.0,107.55579615162037
2026-04-05 09:36:21,100.0,100.0,107.56616490119664
2026-04-05 09:36:36,100.0,100.0,107.5765336507729
2026-04-05 09:36:51,100.0,100.0,107.58690240034916
2026-04-05 09:37:06,100.0,100.0,107.59727114992543
2026-04-05 09:37:21,100.0,100.0,107.60763989950169
2026-04-05 09:37:36,100.0,100.0,107.61800864907795
2026-04-05 09:37:51,100.0,100.0,107.62837739865422
2026-04-05 09:38:06,100.0,100.0,107.63874614823048
2026-04-05 09:38:21,100.0,100.0,107.64911489780674
2026-04-05 09:38:36,100.0,100.0,107.65948364738301
2026-04-05 09:38:51,100.0,100.0,107.66985239695927
2026-04-05 09:39:06,100.0,100.0,107.68022114653553
2026-04-05 09:39:21,100.0,100.0,107.6905898961118
2026-04-05 09:39:36,100.0,100.0,107.70095864568806
2026-04-05 09:39:51,100.0,100.0,107.71132739526432
2026-04-05 09:40:06,100.0,100.0,107.72169614484059
2026-04-05 09:40:21,100.0,100.0,107.73206489441685
2026-04-05 09:40:36,100.0,100.0,107.74243364399311
2026-04-05 09:40:51,100.0,100.0,107.75280239356937
2026-04-05 09:41:06,100.0,100.0,107.76317114314564
2026-04-05 09:41:21,100.0,100.0,107.7735398927219
2026-04-05 09:41:36,100.0,100.0,107.78390864229816
2026-04-05 09:41:51,100.0,100.0,107.79427739187443
2026-04-05 09:42:06,100.0,100.0,107.80464614145069
2026-04-05 09:42:21,100.0,100.0,107.81501489102695
2026-04-05 09:42:36,100.0,100.0,107.82538364060322
2026-04-05 09:42:51,100.0,100.0,107.83575239017948
2026-04-05 09:43:06,100.0,100.0,107.84612113975574
2026-04-05 09:43:21,100.0,100.0,107.85648988933201
2026-04-05 09:43:36,100.0,100.0,107.86685863890827
2026-04-05 09:43:51,100.0,100.0,107.87722738848453
2026-04-05 09:44:06,100.0,100.0,107.8875961380608
2026-04-05 09:44:21,100.0,100.0,107.89796488763706
2026-04-05 09:44:36,100.0,100.0,107.90833363721332
2026-04-05 09:44:51,100.0,100.0,107.91870238678959
2026-04-05 09:45:06,100.0,100.0,107.92907113636585
2026-04-05 09:45:21,100.0,100.0,107.93943988594211
2026-04-05 09:45:36,100.0,100.0,107.94980863551837
2026-04-05 09:45:51,100.0,100.0,107.96017738509464
2026-04-05 09:46:06,100.0,100.0,107.9705461346709
2026-04-05 09:46:21,100.0,100.0,107.98091488424716
2026-04-05 09:46:36,100.0,100.0,107.99128363382343
2026-04-05 09:46:51,100.0,100.0,108.00165238339969
2026-04-05 09:47:06,100.0,100.0,108.01202113297595
2026-04-05 09:47:21,100.0,100.0,108.02238988255222
2026-04-05 09:47:36,100.0,100.0,108.03275863212848
2026-04-05 09:47:51,100.0,100.0,108.04312738170474
2026-04-05 09:48:06,100.0,100.0,108.05349613128101
2026-04-05 09:48:21,100.0,100.0,108.06386488085727
2026-04-05 09:48:36,100.0,100.0,108.07423363043353
2026-04-05 09:48:51,100.0,100.0,108.0846023800098
2026-04-05 09:49:06,100.0,100.0,108.09497112958606
2026-04-05 09:49:21,100.0,100.0,108.10533987916232
2026-04-05 09:49:36,100.0,100.0,108.11570862873859
2026-04-05 09:49:51,100.0,100.0,108.12607737831485
2026-04-05 09:50:06,100.0,100.0,108.1364461278911
2026-04-05 09:50:21,100.0,100.0,108.14681487746736
2026-04-05 09:50:36,100.0,100.0,108.15718362704364
2026-04-05 09:50:51,100.0,100.0,108.1675523766199
2026-04-05 09:51:06,100.0,100.0,108.17792112619615
2026-04-05 09:51:21,100.0,100.0,108.18828987577243
2026-04-05 09:51:36,100.0,100.0,108.19865862534868
2026-04-05 09:51:51,100.0,100.0,108.20902737492494
2026-04-05 09:52:06,100.0,100.0,108.21939612450122
2026-04-05 09:52:21,100.0,100.0,108.22976487407747
2026-04-05 09:52:36,100.0,100.0,108.24013362365373
2026-04-05 09:52:51,100.0,100.0,108.25050237323
2026-04-05 09:53:06,100.0,100.0,108.26087112280626
2026-04-05 09:53:21,100.0,100.0,108.27123987238252
2026-04-05 09:53:36,100.0,100.0,108.28160862195878
2026-04-05 09:53:51,100.0,100.0,108.29197737153505
2026-04-05 09:54:06,100.0,100.0,108.30234612111131
2026-04-05 09:54:21,100.0,100.0,108.31271487068757
2026-04-05 09:54:36,100.0,100.0,108.32308362026384
2026-04-05 09:54:51,100.0,100.0,108.3334523698401
2026-04-05 09:55:06,100.0,100.0,108.34382111941636
2026-04-05 09:55:21,100.0,100.0,108.35418986899263
2026-04-05 09:55:36,100.0,100.0,108.36455861856889
2026-04-05 09:55:51,100.0,100.0,108.37492736814515
2026-04-05 09:56:06,100.0,100.0,108.38529611772142
2026-04-05 09:56:21,100.0,100.0,108.39566486729768
2026-04-05 09:56:36,100.0,100.0,108.40603361687394
2026-04-05 09:56:51,100.0,100.0,108.41640236645021
2026-04-05 09:57:06,100.0,100.0,108.42677111602647
2026-04-05 09:57:21,100.0,100.0,108.43713986560273
2026-04-05 09:57:36,100.0,100.0,108.447508615179
2026-04-05 09:57:51,100.0,100.0,108.45787736475526
2026-04-05 09:58:06,100.0,100.0,108.46824611433152
2026-04-05 09:58:21,100.0,100.0,108.47861486390778
2026-04-05 09:58:36,100.0,100.0,108.48898361348405
2026-04-05 09:58:51,100.0,100.0,108.49935236306031
2026-04-05 09:59:06,100.0,100.0,108.50972111263657
2026-04-05 09:59:21,100.0,100.0,108.52008986221284
2026-04-05 09:59:36,100.0,100.0,108.5304586117891
2026-04-05 09:59:51,100.0,100.0,108.54082736136536
2026-04-05 10:00:06,100.0,100.0,108.52251053712907
2026-04-05 10:00:21,100.0,100.0,108.46116535217391
2026-04-05 10:00:36,100.0,100.0,108.39982016721875
2026-04-05 10:00:51,100.0,100.0,108.33847498226359
2026-04-05 10:01:06,100.0,100.0,108.27712979730843
2026-04-05 10:01:21,100.0,100.0,108.21578461235327
2026-04-05 10:01:36,100.0,100.0,108.15443942739812
2026-04-05 10:01:51,100.0,100.0,108.09309424244296
2026-04-05 10:02:06,100.0,100.0,108.03174905748781
2026-04-05 10:02:21,100.0,100.0,107.97040387253266
2026-04-05 10:02:36,100.0,100.0,107.9090586875775
2026-04-05 10:02:51,100.0,100.0,107.84771350262234
2026-04-05 10:03:06,100.0,100.0,107.78636831766718
2026-04-05 10:03:21,100.0,100.0,107.72502313271202
2026-04-05 10:03:36,100.0,100.0,107.66367794775687
2026-04-05 10:03:51,100.0,100.0,107.60233276280171
2026-04-05 10:04:06,100.0,100.0,107.54098757784655
2026-04-05 10:04:21,100.0,100.0,107.47964239289139
2026-04-05 10:04:36,100.0,100.0,107.41829720793625
2026-04-05 10:04:51,100.0,100.0,107.35695202298109
2026-04-05 10:05:06,100.0,100.0,107.29560683802593
2026-04-05 10:05:21,100.0,100.0,107.23426165307077
2026-04-05 10:05:36,100.0,100.0,107.17291646811562
2026-04-05 10:05:51,100.0,100.0,107.11157128316046
2026-04-05 10:06:06,100.0,100.0,107.0502260982053
2026-04-05 10:06:21,100.0,100.0,106.98888091325014
2026-04-05 10:06:36,100.0,100.0,106.92753572829498
2026-04-05 10:06:51,100.0,100.0,106.86619054333984
2026-04-05 10:07:06,100.0,100.0,106.80484535838468
2026-04-05 10:07:21,100.0,100.0,106.74350017342952
2026-04-05 10:07:36,100.0,100.0,106.68215498847437
2026-04-05 10:07:51,100.0,100.0,106.62080980351921
2026-04-05 10:08:06,100.0,100.0,106.55946461856405
2026-04-05 10:08:21,100.0,100.0,106.49811943360889
2026-04-05 10:08:36,100.0,100.0,106.43677424865373
2026-04-05 10:08:51,100.0,100.0,106.37542906369858
2026-04-05 10:09:06,100.0,100.0,106.31408387874343
2026-04-05 10:09:21,100.0,100.0,106.25273869378827
2026-04-05 10:09:36,100.0,100.0,106.19139350883312
2026-04-05 10:09:51,100.0,100.0,106.13004832387796
2026-04-05 10:10:06,100.0,100.0,106.0687031389228
2026-04-05 10:10:21,100.0,100.0,106.00735795396764
2026-04-05 10:10:36,100.0,100.0,105.94601276901248
2026-04-05 10:10:51,100.0,100.0,105.88466758405733
2026-04-05 10:11:06,100.0,100.0,105.82332239910217
2026-04-05 10:11:21,100.0,100.0,105.76197721414702
2026-04-05 10:11:36,100.0,100.0,105.70063202919187
2026-04-05 10:11:51,100.0,100.0,105.63928684423671
2026-04-05 10:12:06,100.0,100.0,105.57794165928155
2026-04-05 10:12:21,100.0,100.0,105.51659647432639
2026-04-05 10:12:36,100.0,100.0,105.45525128937123
2026-04-05 10:12:51,100.0,100.0,105.39390610441608
2026-04-05 10:13:06,100.0,100.0,105.33256091946092
2026-04-05 10:13:21,100.0,100.0,105.27121573450576
2026-04-05 10:13:36,100.0,100.0,105.2098705495506
2026-04-05 10:13:51,100.0,100.0,105.14852536459546
2026-04-05 10:14:06,100.0,100.0,105.0871801796403
2026-04-05 10:14:21,100.0,100.0,105.02583499468514
2026-04-05 10:14:36,100.0,100.0,104.96448980972998
2026-04-05 10:14:51,100.0,100.0,104.90314462477482
2026-04-05 10:15:06,100.0,100.0,104.84179943981967
2026-04-05 10:15:21,100.0,100.0,104.78045425486451
2026-04-05 10:15:36,100.0,100.0,104.71910906990935
2026-04-05 10:15:51,100.0,100.0,104.65776388495419
2026-04-05 10:16:06,100.0,100.0,104.59641869999905
2026-04-05 10:16:21,100.0,100.0,104.53507351504389
2026-04-05 10:16:36,100.0,100.0,104.47372833008873
2026-04-05 10:16:51,100.0,100.0,104.41238314513357
2026-04-05 10:17:06,100.0,100.0,104.35103796017842
2026-04-05 10:17:21,100.0,100.0,104.28969277522326
2026-04-05 10:17:36,100.0,100.0,104.2283475902681
2026-04-05 10:17:51,100.0,100.0,104.16700240531294
2026-04-05 10:18:06,100.0,100.0,104.10565722035778
2026-04-05 10:18:21,100.0,100.0,104.04431203540264
2026-04-05 10:18:36,100.0,100.0,103.98296685044748
2026-04-05 10:18:51,100.0,100.0,103.92162166549232
2026-04-05 10:19:06,100.0,100.0,103.86027648053717
2026-04-05 10:19:21,100.0,100.0,103.79893129558201
2026-04-05 10:19:36,100.0,100.0,103.73758611062685
2026-04-05 10:19:51,100.0,100.0,103.67624092567169
2026-04-05 10:20:06,100.0,100.0,103.61489574071653
2026-04-05 10:20:21,100.0,100.0,103.55355055576138
2026-04-05 10:20:36,100.0,100.0,103.49220537080623
2026-04-05 10:20:51,100.0,100.0,103.43086018585107
2026-04-05 10:21:06,100.0,100.0,103.36951500089592
2026-04-05 10:21:21,100.0,100.0,103.30816981594076
2026-04-05 10:21:36,100.0,100.0,103.2468246309856
2026-04-05 10:21:51,100.0,100.0,103.18547944603044
2026-04-05 10:22:06,100.0,100.0,103.12413426107528
2026-04-05 10:22:21,100.0,100.0,103.06278907612013
2026-04-05 10:22:36,100.0,100.0,103.00144389116497
2026-04-05 10:22:51,100.0,100.0,102.94009870620982
2026-04-05 10:23:06,100.0,100.0,102.87875352125467
2026-04-05 10:23:21,100.0,100.0,102.81740833629951
2026-04-05 10:23:36,100.0,100.0,102.75606315134435
2026-04-05 10:23:51,100.0,100.0,102.69471796638919
2026-04-05 10:24:06,100.0,100.0,102.63337278143403
2026-04-05 10:24:21,100.0,100.0,102.57202759647888
2026-04-05 10:24:36,100.0,100.0,102.51068241152372
2026-04-05 10:24:51,100.0,100.0,102.44933722656856
2026-04-05 10:25:06,100.0,100.0,102.38799204161342
2026-04-05 10:25:21,100.0,100.0,102.32664685665826
2026-04-05 10:25:36,100.0,100.0,102.2653016717031
2026-04-05 10:25:51,100.0,100.0,102.20395648674794
2026-04-05 10:26:06,100.0,100.0,102.14261130179278
2026-04-05 10:26:21,100.0,100.0,102.08126611683763
2026-04-05 10:26:36,100.0,100.0,102.01992093188247
2026-04-05 10:26:51,100.0,100.0,101.95857574692731
2026-04-05 10:27:06,100.0,100.0,101.89723056197215
2026-04-05 10:27:21,100.0,100.0,101.83588537701701
2026-04-05 10:27:36,100.0,100.0,101.77454019206185
2026-04-05 10:27:51,100.0,100.0,101.71319500710669
2026-04-05 10:28:06,100.0,100.0,101.65184982215153
2026-04-05 10:28:21,100.0,100.0,101.59050463719637
2026-04-05 10:28:36,100.0,100.0,101.52915945224122
2026-04-05 10:28:51,100.0,100.0,101.46781426728606
2026-04-05 10:29:06,100.0,100.0,101.4064690823309
2026-04-05 10:29:21,100.0,100.0,101.34512389737574
2026-04-05 10:29:36,100.0,100.0,101.28377871242058
2026-04-05 10:29:51,100.0,100.0,101.22243352746544
2026-04-05 10:30:06,100.0,100.0,101.16108834251028
2026-04-05 10:30:21,100.0,100.0,101.09974315755512
2026-04-05 10:30:36,100.0,100.0,101.03839797259997
2026-04-05 10:30:51,100.0,100.0,100.97705278764481
2026-04-05 10:31:06,100.0,100.0,100.91570760268965
2026-04-05 10:31:21,100.0,100.0,100.85436241773449
2026-04-05 10:31:36,100.0,100.0,100.79301723277933
2026-04-05 10:31:51,100.0,100.0,100.73167204782418
2026-04-05 10:32:06,100.0,100.0,100.67032686286903
2026-04-05 10:32:21,100.0,100.0,100.60898167791387
2026-04-05 10:32:36,100.0,100.0,100.54763649295872
2026-04-05 10:32:51,100.0,100.0,100.48629130800356
2026-04-05 10:33:06,100.0,100.0,100.4249461230484
2026-04-05 10:33:21,100.0,100.0,100.36360093809324
2026-04-05 10:33:36,100.0,100.0,100.30225575313808
2026-04-05 10:33:51,100.0,100.0,100.24091056818293
2026-04-05 10:34:06,100.0,100.0,100.17956538322777
2026-04-05 10:34:21,100.0,100.0,100.11822019827261
2026-04-05 10:34:36,100.0,100.0,100.05687501331747
2026-04-05 10:34:51,100.0,100.0,99.99552982836231
2026-04-05 10:35:06,100.0,100.0,99.93418464340715
2026-04-05 10:35:21,100.0,100.0,99.87283945845199
2026-04-05 10:35:36,100.0,100.0,99.81149427349683
2026-04-05 10:35:51,100.0,100.0,99.75014908854168
2026-04-05 10:36:06,100.0,100.0,99.68880390358652
2026-04-05 10:36:21,100.0,100.0,99.62745871863136
2026-04-05 10:36:36,100.0,100.0,99.5661135336762
2026-04-05 10:36:51,100.0,100.0,99.50476834872106
2026-04-05 10:37:06,100.0,100.0,99.4434231637659
2026-04-05 10:37:21,100.0,100.0,99.38207797881074
2026-04-05 10:37:36,100.0,100.0,99.32073279385558
2026-04-05 10:37:51,100.0,100.0,99.25938760890043
2026-04-05 10:38:06,100.0,100.0,99.19804242394527
2026-04-05 10:38:21,100.0,100.0,99.13669723899011
2026-04-05 10:38:36,100.0,100.0,99.07535205403495
2026-04-05 10:38:51,100.0,100.0,99.0140068690798
2026-04-05 10:39:06,100.0,100.0,98.95266168412465
2026-04-05 10:39:21,100.0,100.0,98.89131649916949
2026-04-05 10:39:36,100.0,100.0,98.82997131421433
2026-04-05 10:39:51,100.0,100.0,98.76862612925918
2026-04-05 10:40:06,100.0,100.0,98.70728094430402
2026-04-05 10:40:21,100.0,100.0,98.64593575934886
2026-04-05 10:40:36,100.0,100.0,98.5845905743937
2026-04-05 10:40:51,100.0,100.0,98.52324538943854
2026-04-05 10:41:06,100.0,100.0,98.46190020448338
2026-04-05 10:41:21,100.0,100.0,98.40055501952824
2026-04-05 10:41:36,100.0,100.0,98.33920983457308
2026-04-05 10:41:51,100.0,100.0,98.27786464961792
2026-04-05 10:42:06,100.0,100.0,98.21651946466277
2026-04-05 10:42:21,100.0,100.0,98.15517427970761
2026-04-05 10:42:36,100.0,100.0,98.09382909475245
2026-04-05 10:42:51,100.0,100.0,98.03248390979729
2026-04-05 10:43:06,100.0,100.0,97.97113872484213
2026-04-05 10:43:21,100.0,100.0,97.90979353988698
2026-04-05 10:43:36,100.0,100.0,97.84844835493183
2026-04-05 10:43:51,100.0,100.0,97.78710316997667
2026-04-05 10:44:06,100.0,100.0,97.72575798502152
2026-04-05 10:44:21,100.0,100.0,97.66441280006636
2026-04-05 10:44:36,100.0,100.0,97.6030676151112
2026-04-05 10:44:51,100.0,100.0,97.54172243015604
2026-04-05 10:45:06,100.0,100.0,97.48037724520088
2026-04-05 10:45:21,100.0,100.0,97.41903206024573
2026-04-05 10:45:36,100.0,100.0,97.35768687529057
2026-04-05 10:45:51,100.0,100.0,97.29634169033542
2026-04-05 10:46:06,100.0,100.0,97.23499650538027
2026-04-05 10:46:21,100.0,100.0,97.17365132042511
2026-04-05 10:46:36,100.0,100.0,97.11230613546995
2026-04-05 10:46:51,100.0,100.0,97.05096095051479
2026-04-05 10:47:06,100.0,100.0,96.98961576555963
2026-04-05 10:47:21,100.0,100.0,96.92827058060448
2026-04-05 10:47:36,100.0,100.0,96.86692539564932
2026-04-05 10:47:51,100.0,100.0,96.80558021069416
2026-04-05 10:48:06,100.0,100.0,96.74423502573902
2026-04-05 10:48:21,100.0,100.0,96.68288984078386
2026-04-05 10:48:36,100.0,100.0,96.6215446558287
2026-04-05 10:48:51,100.0,100.0,96.56019947087354
2026-04-05 10:49:06,100.0,100.0,96.49885428591838
2026-04-05 10:49:21,100.0,100.0,96.43750910096323
2026-04-05 10:49:36,100.0,100.0,96.37616391600807
2026-04-05 10:49:51,100.0,100.0,96.31481873105291
2026-04-05 10:50:06,100.0,100.0,96.25347354609775
2026-04-05 10:50:21,100.0,100.0,96.19212836114261
2026-04-05 10:50:36,100.0,100.0,96.13078317618744
2026-04-05 10:50:51,100.0,100.0,96.06943799123229
2026-04-05 10:51:06,100.0,100.0,96.00809280627713
2026-04-05 10:51:21,100.0,100.0,95.94674762132198
2026-04-05 10:51:36,100.0,100.0,95.88540243636682
2026-04-05 10:51:51,100.0,100.0,95.82405725141166
2026-04-05 10:52:06,100.0,100.0,95.7627120664565
2026-04-05 10:52:21,100.0,100.0,95.70136688150134
2026-04-05 10:52:36,100.0,100.0,95.64002169654619
2026-04-05 10:52:51,100.0,100.0,95.57867651159103
2026-04-05 10:53:06,100.0,100.0,95.51733132663588
2026-04-05 10:53:21,100.0,100.0,95.45598614168073
2026-04-05 10:53:36,100.0,100.0,95.39464095672557
2026-04-05 10:53:51,100.0,100.0,95.33329577177041
2026-04-05 10:54:06,100.0,100.0,95.27195058681525
2026-04-05 10:54:21,100.0,100.0,95.2106054018601
2026-04-05 10:54:36,100.0,100.0,95.14926021690493
2026-04-05 10:54:51,100.0,100.0,95.08791503194978
2026-04-05 10:55:06,100.0,100.0,95.02656984699462
2026-04-05 10:55:21,100.0,100.0,94.96522466203947
2026-04-05 10:55:36,100.0,100.0,94.90387947708432
2026-04-05 10:55:51,100.0,100.0,94.84253429212916
2026-04-05 10:56:06,100.0,100.0,94.781189107174
2026-04-05 10:56:21,100.0,100.0,94.71984392221884
2026-04-05 10:56:36,100.0,100.0,94.65849873726368
2026-04-05 10:56:51,100.0,100.0,94.59715355230853
2026-04-05 10:57:06,100.0,100.0,94.53580836735337
2026-04-05 10:57:21,100.0,100.0,94.47446318239821
2026-04-05 10:57:36,100.0,100.0,94.41311799744307
2026-04-05 10:57:51,100.0,100.0,94.35177281248791
2026-04-05 10:58:06,100.0,100.0,94.29042762753275
2026-04-05 10:58:21,100.0,100.0,94.22908244257759
2026-04-05 10:58:36,100.0,100.0,94.16773725762243
2026-04-05 10:58:51,100.0,100.0,94.10639207266728
2026-04-05 10:59:06,100.0,100.0,94.04504688771212
2026-04-05 10:59:21,100.0,100.0,93.98370170275696
2026-04-05 10:59:36,100.0,100.0,93.9223565178018
2026-04-05 10:59:51,100.0,100.0,93.86101133284666
2026-04-05 11:00:06,100.0,100.0,93.7996661478915
2026-04-05 11:00:21,100.0,100.0,93.73832096293634
2026-04-05 11:00:36,100.0,100.0,93.67697577798118
2026-04-05 11:00:51,100.0,100.0,93.61563059302603
2026-04-05 11:01:06,100.0,100.0,93.55428540807087
2026-04-05 11:01:21,100.0,100.0,93.49294022311571
2026-04-05 11:01:36,100.0,100.0,93.43159503816055
2026-04-05 11:01:51,100.0,100.0,93.3702498532054
2026-04-05 11:02:06,100.0,100.0,93.30890466825025
2026-04-05 11:02:21,100.0,100.0,93.24755948329509
2026-04-05 11:02:36,100.0,100.0,93.18621429833993
2026-04-05 11:02:51,100.0,100.0,93.12486911338478
2026-04-05 11:03:06,100.0,100.0,93.06352392842962
2026-04-05 11:03:21,100.0,100.0,93.00217874347446
2026-04-05 11:03:36,100.0,100.0,92.9408335585193
2026-04-05 11:03:51,100.0,100.0,92.87948837356414
2026-04-05 11:04:06,100.0,100.0,92.81814318860899
2026-04-05 11:04:21,100.0,100.0,92.75679800365384
2026-04-05 11:04:36,100.0,100.0,92.69545281869868
2026-04-05 11:04:51,100.0,100.0,92.63410763374353
2026-04-05 11:05:06,100.0,100.0,92.57276244878837
2026-04-05 11:05:21,100.0,100.0,92.51141726383321
2026-04-05 11:05:36,100.0,100.0,92.45007207887805
2026-04-05 11:05:51,100.0,100.0,92.3887268939229
2026-04-05 11:06:06,100.0,100.0,92.32738170896774
2026-04-05 11:06:21,100.0,100.0,92.26603652401258
2026-04-05 11:06:36,100.0,100.0,92.20469133905743
2026-04-05 11:06:51,100.0,100.0,92.14334615410226
2026-04-05 11:07:06,100.0,100.0,92.08200096914712
2026-04-05 11:07:21,100.0,100.0,92.02065578419196
2026-04-05 11:07:36,100.0,100.0,91.9593105992368
2026-04-05 11:07:51,100.0,100.0,91.89796541428164
2026-04-05 11:08:06,100.0,100.0,91.83662022932648
2026-04-05 11:08:21,100.0,100.0,91.77527504437133
2026-04-05 11:08:36,100.0,100.0,91.71392985941617
2026-04-05 11:08:51,100.0,100.0,91.65258467446102
2026-04-05 11:09:06,100.0,100.0,91.59123948950585
2026-04-05 11:09:21,100.0,100.0,91.52989430455071
2026-04-05 11:09:36,100.0,100.0,91.46854911959555
2026-04-05 11:09:51,100.0,99.72602739726028,91.40720393464039
2026-04-05 11:10:06,100.0,99.45205479452055,91.34585874968523
2026-04-05 11:10:21,100.0,99.45205479452055,91.28451356473008
2026-04-05 11:10:36,100.0,99.45205479452055,91.22316837977492
2026-04-05 11:10:51,100.0,99.45205479452055,91.16182319481976
2026-04-05 11:11:06,100.0,99.45205479452055,91.10047800986462
2026-04-05 11:11:21,100.0,99.45205479452055,91.03913282490944
2026-04-05 11:11:36,100.0,99.44598337950139,90.9777876399543
2026-04-05 11:11:51,100.0,99.44598337950139,90.91644245499914
2026-04-05 11:12:06,100.0,99.44598337950139,90.85509727004398
2026-04-05 11:12:21,100.0,99.44598337950139,90.79375208508883
2026-04-05 11:12:36,100.0,99.44598337950139,90.73240690013367
2026-04-05 11:12:51,100.0,99.44598337950139,90.67106171517851
2026-04-05 11:13:06,100.0,99.44598337950139,90.60971653022335
2026-04-05 11:13:21,100.0,99.44598337950139,90.54837134526821
2026-04-05 11:13:36,100.0,99.44598337950139,90.48702616031304
2026-04-05 11:13:51,100.0,99.44598337950139,90.42568097535789
2026-04-05 11:14:06,100.0,99.44598337950139,90.36433579040273
2026-04-05 11:14:21,100.0,99.44598337950139,90.30299060544758
2026-04-05 11:14:36,100.0,99.44598337950139,90.24164542049242
2026-04-05 11:14:51,100.0,99.44598337950139,90.18030023553726
2026-04-05 11:15:06,100.0,99.44598337950139,90.1189550505821
2026-04-05 11:15:21,100.0,99.44598337950139,90.05760986562694
2026-04-05 11:15:36,100.0,99.43977591036415,89.9962646806718
2026-04-05 11:15:51,100.0,99.43977591036415,89.93491949571663
2026-04-05 11:16:06,100.0,99.43977591036415,89.87357431076148
2026-04-05 11:16:21,100.0,99.43977591036415,89.81222912580633
2026-04-05 11:16:36,100.0,99.43977591036415,89.75088394085117
2026-04-05 11:16:51,100.0,99.43977591036415,89.68953875589601
2026-04-05 11:17:06,100.0,99.43977591036415,89.62819357094085
2026-04-05 11:17:21,100.0,99.15966386554622,89.5668483859857
2026-04-05 11:17:36,100.0,99.15966386554622,89.50550320103054
2026-04-05 11:17:51,100.0,98.8795518207283,89.44415801607539
2026-04-05 11:18:06,100.0,98.59943977591037,89.38281283112022
2026-04-05 11:18:21,100.0,98.31932773109243,89.32146764616508
2026-04-05 11:18:36,100.0,98.0392156862745,89.26012246120992
2026-04-05 11:18:51,100.0,98.0392156862745,89.19877727625476
2026-04-05 11:19:06,100.0,98.0392156862745,89.1374320912996
2026-04-05 11:19:21,100.0,98.0392156862745,89.07608690634444
2026-04-05 11:19:36,100.0,98.0392156862745,89.01474172138929
2026-04-05 11:19:51,100.0,98.01699716713881,88.95339653643413
2026-04-05 11:20:06,100.0,98.01699716713881,88.89205135147897
2026-04-05 11:20:21,100.0,98.01699716713881,88.83070616652381
2026-04-05 11:20:36,100.0,98.01699716713881,88.76936098156867
2026-04-05 11:20:51,100.0,98.01699716713881,88.70801579661351
2026-04-05 11:21:06,100.0,98.01699716713881,88.64667061165835
2026-04-05 11:21:21,100.0,98.01699716713881,88.58532542670319
2026-04-05 11:21:36,100.0,98.01699716713881,88.52398024174803
2026-04-05 11:21:51,100.0,98.01699716713881,88.46263505679288
2026-04-05 11:22:06,100.0,98.01699716713881,88.40128987183772
2026-04-05 11:22:21,100.0,98.01699716713881,88.33994468688256
2026-04-05 11:22:36,100.0,98.01699716713881,88.2785995019274
2026-04-05 11:22:51,100.0,98.01699716713881,88.21725431697226
2026-04-05 11:23:06,100.0,98.01699716713881,88.1559091320171
2026-04-05 11:23:21,100.0,98.01699716713881,88.09456394706194
2026-04-05 11:23:36,100.0,98.01699716713881,88.03321876210678
2026-04-05 11:23:51,100.0,97.99426934097421,87.97187357715163
2026-04-05 11:24:06,100.0,97.99426934097421,87.91052839219647
2026-04-05 11:24:21,100.0,97.99426934097421,87.84918320724131
2026-04-05 11:24:36,100.0,97.99426934097421,87.78783802228615
2026-04-05 11:24:51,100.0,97.99426934097421,87.726492837331
2026-04-05 11:25:06,100.0,97.99426934097421,87.66514765237585
2026-04-05 11:25:21,100.0,97.99426934097421,87.60380246742069
2026-04-05 11:25:36,100.0,97.99426934097421,87.54245728246553
2026-04-05 11:25:51,100.0,97.99426934097421,87.48111209751038
2026-04-05 11:26:06,100.0,97.99426934097421,87.41976691255522
2026-04-05 11:26:21,100.0,97.99426934097421,87.35842172760006
2026-04-05 11:26:36,100.0,97.99426934097421,87.2970765426449
2026-04-05 11:26:51,100.0,97.99426934097421,87.23573135768974
2026-04-05 11:27:06,100.0,97.99426934097421,87.17438617273459
2026-04-05 11:27:21,100.0,97.99426934097421,87.11304098777944
2026-04-05 11:27:36,100.0,97.99426934097421,87.05169580282427
2026-04-05 11:27:51,100.0,97.97101449275362,86.99035061786913
2026-04-05 11:28:06,100.0,97.97101449275362,86.92900543291397
2026-04-05 11:28:21,100.0,97.97101449275362,86.86766024795881
2026-04-05 11:28:36,100.0,97.68115942028986,86.80631506300365
2026-04-05 11:28:51,100.0,97.3913043478261,86.7449698780485
2026-04-05 11:29:06,100.0,97.10144927536231,86.68362469309334
2026-04-05 11:29:21,100.0,96.81159420289856,86.62227950813818
2026-04-05 11:29:36,100.0,96.81159420289856,86.56093432318303
2026-04-05 11:29:51,100.0,96.81159420289856,86.49958913822786
2026-04-05 11:30:06,100.0,96.81159420289856,86.43824395327272
2026-04-05 11:30:21,100.0,96.81159420289856,86.37689876831756
2026-04-05 11:30:36,100.0,96.81159420289856,86.3155535833624
2026-04-05 11:30:51,100.0,96.81159420289856,86.25420839840724
2026-04-05 11:31:06,100.0,96.81159420289856,86.19286321345209
2026-04-05 11:31:21,100.0,96.81159420289856,86.13151802849693
2026-04-05 11:31:36,100.0,96.81159420289856,86.07017284354177
2026-04-05 11:31:51,100.0,96.81159420289856,86.00882765858663
2026-04-05 11:32:06,100.0,96.7741935483871,85.94748247363145
2026-04-05 11:32:21,100.0,96.7741935483871,85.88613728867631
2026-04-05 11:32:36,100.0,96.7741935483871,85.82479210372115
2026-04-05 11:32:51,100.0,96.7741935483871,85.763446918766
2026-04-05 11:33:06,100.0,96.7741935483871,85.70210173381084
2026-04-05 11:33:21,100.0,96.7741935483871,85.64075654885568
2026-04-05 11:33:36,100.0,96.7741935483871,85.57941136390052
2026-04-05 11:33:51,100.0,96.7741935483871,85.51806617894536
2026-04-05 11:34:06,100.0,96.7741935483871,85.45672099399022
2026-04-05 11:34:21,100.0,96.7741935483871,85.39537580903504
2026-04-05 11:34:36,100.0,96.7741935483871,85.3340306240799
2026-04-05 11:34:51,100.0,96.7741935483871,85.27268543912474
2026-04-05 11:35:06,100.0,96.7741935483871,85.21134025416958
2026-04-05 11:35:21,100.0,96.7741935483871,85.14999506921443
2026-04-05 11:35:36,100.0,96.7741935483871,85.08864988425927
2026-04-05 11:35:51,100.0,96.7741935483871,85.02730469930411
2026-04-05 11:36:06,100.0,96.73590504451039,84.96595951434895
2026-04-05 11:36:21,100.0,96.73590504451039,84.90461432939381
2026-04-05 11:36:36,100.0,96.73590504451039,84.84326914443864
2026-04-05 11:36:51,100.0,96.73590504451039,84.78192395948349
2026-04-05 11:37:06,100.0,96.73590504451039,84.72057877452833
2026-04-05 11:37:21,100.0,96.73590504451039,84.65923358957318
2026-04-05 11:37:36,100.0,96.73590504451039,84.59788840461802
2026-04-05 11:37:51,100.0,96.73590504451039,84.53654321966286
2026-04-05 11:38:06,100.0,96.73590504451039,84.4751980347077
2026-04-05 11:38:21,100.0,96.73590504451039,84.41385284975254
2026-04-05 11:38:36,100.0,96.73590504451039,84.3525076647974
2026-04-05 11:38:51,100.0,96.73590504451039,84.29116247984223
2026-04-05 11:39:06,100.0,96.73590504451039,84.22981729488708
2026-04-05 11:39:21,100.0,96.73590504451039,84.16847210993193
2026-04-05 11:39:36,100.0,96.73590504451039,84.10712692497677
2026-04-05 11:39:51,100.0,96.73590504451039,84.04578174002161
2026-04-05 11:40:06,100.0,96.69669669669669,83.98443655506645
2026-04-05 11:40:21,100.0,96.69669669669669,83.9230913701113
2026-04-05 11:40:36,100.0,96.69669669669669,83.86174618515614
2026-04-05 11:40:51,100.0,96.69669669669669,83.80040100020098
2026-04-05 11:41:06,100.0,96.69669669669669,83.73905581524582
2026-04-05 11:41:21,100.0,96.69669669669669,83.67771063029068
2026-04-05 11:41:36,100.0,96.69669669669669,83.61636544533552
2026-04-05 11:41:51,100.0,96.69669669669669,83.55502026038036
2026-04-05 11:42:06,100.0,96.69669669669669,83.4936750754252
2026-04-05 11:42:21,100.0,96.69669669669669,83.43232989047004
2026-04-05 11:42:36,100.0,96.69669669669669,83.37098470551489
2026-04-05 11:42:51,100.0,96.69669669669669,83.30963952055973
2026-04-05 11:43:06,100.0,96.69669669669669,83.24829433560457
2026-04-05 11:43:21,100.0,96.69669669669669,83.18694915064941
2026-04-05 11:43:36,100.0,96.69669669669669,83.12560396569427
2026-04-05 11:43:51,100.0,96.69669669669669,83.06425878073911
2026-04-05 11:44:06,100.0,96.69669669669669,83.00291359578395
2026-04-05 11:44:21,100.0,96.65653495440729,82.9415684108288
2026-04-05 11:44:36,100.0,96.65653495440729,82.88022322587364
2026-04-05 11:44:51,100.0,96.65653495440729,82.81887804091848
2026-04-05 11:45:06,100.0,96.65653495440729,82.75753285596332
2026-04-05 11:45:21,100.0,96.65653495440729,82.69618767100816
2026-04-05 11:45:36,100.0,96.65653495440729,82.634842486053
2026-04-05 11:45:51,100.0,96.65653495440729,82.57349730109786
2026-04-05 11:46:06,100.0,96.65653495440729,82.5121521161427
2026-04-05 11:46:21,100.0,96.65653495440729,82.45080693118754
2026-04-05 11:46:36,100.0,96.65653495440729,82.38946174623239
2026-04-05 11:46:51,100.0,96.65653495440729,82.32811656127723
2026-04-05 11:47:06,100.0,96.65653495440729,82.26677137632207
2026-04-05 11:47:21,100.0,96.65653495440729,82.20542619136691
2026-04-05 11:47:36,100.0,96.65653495440729,82.14408100641175
2026-04-05 11:47:51,100.0,96.65653495440729,82.0827358214566
2026-04-05 11:48:06,100.0,96.65653495440729,82.02139063650145
2026-04-05 11:48:21,100.0,96.61538461538461,81.96004545154628
2026-04-05 11:48:36,100.0,96.61538461538461,81.89870026659113
2026-04-05 11:48:51,100.0,96.61538461538461,81.83735508163598
2026-04-05 11:49:06,100.0,96.61538461538461,81.77600989668082
2026-04-05 11:49:21,100.0,96.61538461538461,81.71466471172566
2026-04-05 11:49:36,100.0,96.61538461538461,81.6533195267705
2026-04-05 11:49:51,100.0,96.61538461538461,81.59197434181534
2026-04-05 11:50:06,100.0,96.61538461538461,81.53062915686019
2026-04-05 11:50:21,100.0,96.61538461538461,81.46928397190504
2026-04-05 11:50:36,100.0,96.61538461538461,81.40793878694987
2026-04-05 11:50:51,100.0,96.61538461538461,81.34659360199473
2026-04-05 11:51:06,100.0,96.61538461538461,81.28524841703957
2026-04-05 11:51:21,100.0,96.61538461538461,81.22390323208441
2026-04-05 11:51:36,100.0,96.61538461538461,81.16255804712925
2026-04-05 11:51:51,100.0,96.61538461538461,81.1012128621741
2026-04-05 11:52:06,100.0,96.61538461538461,81.03986767721894
2026-04-05 11:52:21,100.0,96.57320872274143,80.97852249226378
2026-04-05 11:52:36,100.0,96.57320872274143,80.91717730730863
2026-04-05 11:52:51,100.0,96.57320872274143,80.85583212235346
2026-04-05 11:53:06,100.0,96.57320872274143,80.79448693739832
2026-04-05 11:53:21,100.0,96.57320872274143,80.73314175244316
2026-04-05 11:53:36,100.0,96.57320872274143,80.671796567488
2026-04-05 11:53:51,100.0,96.57320872274143,80.61045138253284
2026-04-05 11:54:06,100.0,96.57320872274143,80.54910619757769
2026-04-05 11:54:21,100.0,96.57320872274143,80.48776101262253
2026-04-05 11:54:36,100.0,96.57320872274143,80.42641582766737
2026-04-05 11:54:51,100.0,96.57320872274143,80.36507064271223
2026-04-05 11:55:06,100.0,96.57320872274143,80.30372545775705
2026-04-05 11:55:21,100.0,96.57320872274143,80.24238027280191
2026-04-05 11:55:36,100.0,96.57320872274143,80.18103508784675
2026-04-05 11:55:51,87.5,96.57320872274143,80.1196899028916
2026-04-05 11:56:06,87.5,96.57320872274143,80.05834471793644
2026-04-05 11:56:21,100.0,96.52996845425868,79.99699953298128
2026-04-05 11:56:36,100.0,96.52996845425868,79.93565434802612
2026-04-05 11:56:51,100.0,96.52996845425868,79.87430916307096
2026-04-05 11:57:06,100.0,96.52996845425868,79.81296397811582
2026-04-05 11:57:21,100.0,96.52996845425868,79.75161879316065
2026-04-05 11:57:36,100.0,96.52996845425868,79.6902736082055
2026-04-05 11:57:51,100.0,96.52996845425868,79.62892842325034
2026-04-05 11:58:06,100.0,96.52996845425868,79.56758323829519
2026-04-05 11:58:21,100.0,96.52996845425868,79.50623805334003
2026-04-05 11:58:36,100.0,96.52996845425868,79.44489286838487
2026-04-05 11:58:51,100.0,96.52996845425868,79.38354768342971
2026-04-05 11:59:06,100.0,96.52996845425868,79.32220249847455
2026-04-05 11:59:21,100.0,96.52996845425868,79.26085731351941
2026-04-05 11:59:36,100.0,96.52996845425868,79.19951212856424
2026-04-05 11:59:51,100.0,96.52996845425868,79.1381669436091
2026-04-05 12:00:06,100.0,96.52996845425868,79.07233611515913
2026-04-05 12:00:21,100.0,96.48562300319489,78.99977682146697
2026-04-05 12:00:36,100.0,96.48562300319489,78.9272175277748
2026-04-05 12:00:51,100.0,96.48562300319489,78.85465823408265
2026-04-05 12:01:06,100.0,96.48562300319489,78.78209894039048
2026-04-05 12:01:21,100.0,96.48562300319489,78.70953964669833
2026-04-05 12:01:36,100.0,96.48562300319489,78.63698035300617
2026-04-05 12:01:51,100.0,96.48562300319489,78.564421059314
2026-04-05 12:02:06,100.0,96.48562300319489,78.49186176562185
2026-04-05 12:02:21,100.0,96.48562300319489,78.41930247192968
2026-04-05 12:02:36,87.5,96.48562300319489,78.34674317823752
2026-04-05 12:02:51,87.5,96.48562300319489,78.27418388454537
2026-04-05 12:03:06,87.5,96.48562300319489,78.2016245908532
2026-04-05 12:03:21,87.5,96.48562300319489,78.12906529716103
2026-04-05 12:03:36,87.5,96.48562300319489,78.05650600346888
2026-04-05 12:03:51,87.5,96.44012944983818,77.98394670977672
2026-04-05 12:04:06,100.0,96.44012944983818,77.91138741608455
2026-04-05 12:04:21,87.5,96.44012944983818,77.8388281223924
2026-04-05 12:04:36,87.5,96.44012944983818,77.76626882870023
2026-04-05 12:04:51,87.5,96.44012944983818,77.69370953500807
2026-04-05 12:05:06,87.5,96.44012944983818,77.62115024131592
2026-04-05 12:05:21,87.5,96.44012944983818,77.54859094762375
2026-04-05 12:05:36,87.5,96.44012944983818,77.4760316539316
2026-04-05 12:05:51,87.5,96.44012944983818,77.40347236023943
2026-04-05 12:06:06,87.5,96.44012944983818,77.33091306654727
2026-04-05 12:06:21,87.5,96.44012944983818,77.25835377285512
2026-04-05 12:06:36,87.5,96.44012944983818,77.18579447916295
2026-04-05 12:06:51,87.5,96.44012944983818,77.11323518547078
2026-04-05 12:07:06,87.5,96.44012944983818,77.04067589177863
2026-04-05 12:07:21,87.5,96.39344262295081,76.96811659808647
2026-04-05 12:07:36,87.5,96.39344262295081,76.8955573043943
2026-04-05 12:07:51,87.5,96.39344262295081,76.82299801070215
2026-04-05 12:08:06,87.5,96.39344262295081,76.75043871700998
2026-04-05 12:08:21,87.5,96.39344262295081,76.67787942331782
2026-04-05 12:08:36,87.5,96.39344262295081,76.60532012962567
2026-04-05 12:08:51,87.5,96.39344262295081,76.5327608359335
2026-04-05 12:09:06,87.5,96.39344262295081,76.46020154224135
2026-04-05 12:09:21,87.5,96.39344262295081,76.38764224854918
2026-04-05 12:09:36,87.5,96.39344262295081,76.31508295485702
2026-04-05 12:09:51,87.5,96.39344262295081,76.24252366116487
2026-04-05 12:10:06,87.5,96.39344262295081,76.1699643674727
2026-04-05 12:10:21,87.5,96.39344262295081,76.09740507378054
2026-04-05 12:10:36,87.5,96.39344262295081,76.02484578008838
2026-04-05 12:10:51,87.5,96.3455149501661,75.95228648639622
2026-04-05 12:11:06,87.5,96.3455149501661,75.87972719270405
2026-04-05 12:11:21,87.5,96.3455149501661,75.8071678990119
2026-04-05 12:11:36,87.5,96.3455149501661,75.73460860531974
2026-04-05 12:11:51,87.5,96.3455149501661,75.66204931162757
2026-04-05 12:12:06,87.5,96.3455149501661,75.58949001793542
2026-04-05 12:12:21,87.5,96.3455149501661,75.51693072424325
2026-04-05 12:12:36,87.5,96.3455149501661,75.44437143055109
2026-04-05 12:12:51,87.5,96.3455149501661,75.37181213685894
2026-04-05 12:13:06,87.5,96.3455149501661,75.29925284316677
2026-04-05 12:13:21,87.5,96.3455149501661,75.22669354947462
2026-04-05 12:13:36,87.5,96.3455149501661,75.15413425578245
2026-04-05 12:13:51,87.5,96.3455149501661,75.08157496209029
2026-04-05 12:14:06,87.5,96.3455149501661,75.00901566839813
2026-04-05 12:14:21,87.5,96.29629629629629,74.93645637470597
2026-04-05 12:14:36,87.5,96.29629629629629,74.8638970810138
2026-04-05 12:14:51,87.5,96.29629629629629,74.79133778732165
2026-04-05 12:15:06,87.5,96.29629629629629,74.71877849362949
2026-04-05 12:15:21,87.5,96.29629629629629,74.64621919993732
2026-04-05 12:15:36,87.5,96.29629629629629,74.57365990624517
2026-04-05 12:15:51,87.5,96.29629629629629,74.501100612553
2026-04-05 12:16:06,87.5,96.29629629629629,74.42854131886085
2026-04-05 12:16:21,87.5,96.29629629629629,74.35598202516869
2026-04-05 12:16:36,87.5,96.29629629629629,74.28342273147652
2026-04-05 12:16:51,87.5,96.29629629629629,74.21086343778437
2026-04-05 12:17:06,87.5,96.29629629629629,74.1383041440922
2026-04-05 12:17:21,100.0,96.29629629629629,74.06574485040004
2026-04-05 12:17:36,100.0,96.24573378839591,73.99318555670789
2026-04-05 12:17:51,100.0,96.24573378839591,73.92062626301572
2026-04-05 12:18:06,100.0,96.24573378839591,73.84806696932355
2026-04-05 12:18:21,100.0,96.24573378839591,73.7755076756314
2026-04-05 12:18:36,100.0,96.24573378839591,73.70294838193924
2026-04-05 12:18:51,100.0,96.24573378839591,73.63038908824707
2026-04-05 12:19:06,100.0,96.24573378839591,73.55782979455492
2026-04-05 12:19:21,100.0,96.24573378839591,73.48527050086275
2026-04-05 12:19:36,100.0,96.24573378839591,73.41271120717059
2026-04-05 12:19:51,100.0,96.24573378839591,73.34015191347844
2026-04-05 12:20:06,100.0,96.24573378839591,73.26759261978627
2026-04-05 12:20:21,100.0,96.24573378839591,73.19503332609412
2026-04-05 12:20:36,100.0,96.24573378839591,73.12247403240195
2026-04-05 12:20:51,100.0,96.24573378839591,73.04991473870979
2026-04-05 12:21:06,100.0,96.19377162629758,72.97735544501764
2026-04-05 12:21:21,87.5,96.19377162629758,72.90479615132547
2026-04-05 12:21:36,87.5,96.19377162629758,72.8322368576333
2026-04-05 12:21:51,87.5,96.19377162629758,72.75967756394115
2026-04-05 12:22:06,87.5,96.19377162629758,72.68711827024899
2026-04-05 12:22:21,87.5,96.19377162629758,72.61455897655682
2026-04-05 12:22:36,87.5,96.19377162629758,72.54199968286467
2026-04-05 12:22:51,87.5,96.19377162629758,72.4694403891725
2026-04-05 12:23:06,87.5,96.19377162629758,72.39688109548034
2026-04-05 12:23:21,87.5,96.19377162629758,72.32432180178819
2026-04-05 12:23:36,87.5,96.19377162629758,72.25176250809602
2026-04-05 12:23:51,87.5,96.19377162629758,72.17920321440386
2026-04-05 12:24:06,87.5,96.19377162629758,72.1066439207117
2026-04-05 12:24:21,87.5,96.19377162629758,72.03408462701954
2026-04-05 12:24:36,87.5,96.14035087719299,71.96152533332739
2026-04-05 12:24:51,87.5,96.14035087719299,71.88896603963522
2026-04-05 12:25:06,87.5,96.14035087719299,71.81640674594306
2026-04-05 12:25:21,87.5,96.14035087719299,71.7438474522509
2026-04-05 12:25:36,87.5,96.14035087719299,71.67128815855874
2026-04-05 12:25:51,87.5,96.14035087719299,71.59872886486657
2026-04-05 12:26:06,87.5,96.14035087719299,71.52616957117442
2026-04-05 12:26:21,87.5,96.14035087719299,71.45361027748226
2026-04-05 12:26:36,87.5,96.14035087719299,71.38105098379009
2026-04-05 12:26:51,87.5,96.14035087719299,71.30849169009794
2026-04-05 12:27:06,87.5,96.14035087719299,71.23593239640577
2026-04-05 12:27:21,87.5,96.14035087719299,71.1633731027136
2026-04-05 12:27:36,87.5,96.14035087719299,71.09081380902145
2026-04-05 12:27:51,87.5,96.14035087719299,71.01825451532929
2026-04-05 12:28:06,87.5,96.08540925266904,70.94569522163712
2026-04-05 12:28:21,87.5,96.08540925266904,70.87313592794497
2026-04-05 12:28:36,87.5,96.08540925266904,70.8005766342528
2026-04-05 12:28:51,87.5,96.08540925266904,70.72801734056065
2026-04-05 12:29:06,87.5,96.08540925266904,70.65545804686849
2026-04-05 12:29:21,87.5,96.08540925266904,70.58289875317632
2026-04-05 12:29:36,87.5,96.08540925266904,70.51033945948417
2026-04-05 12:29:51,87.5,96.08540925266904,70.437780165792
2026-04-05 12:30:06,87.5,96.08540925266904,70.36522087209984
2026-04-05 12:30:21,87.5,96.08540925266904,70.29266157840769
2026-04-05 12:30:36,87.5,96.44128113879003,70.22010228471552
2026-04-05 12:30:51,87.5,96.79715302491103,70.14754299102336
2026-04-05 12:31:06,87.5,96.79715302491103,70.0749836973312
2026-04-05 12:31:21,87.5,96.79715302491103,70.00242440363904
2026-04-05 12:31:36,87.5,96.75090252707581,69.92986510994689
2026-04-05 12:31:51,87.5,96.75090252707581,69.85730581625472
2026-04-05 12:32:06,87.5,96.75090252707581,69.78474652256256
2026-04-05 12:32:21,87.5,96.75090252707581,69.7121872288704
2026-04-05 12:32:36,87.5,96.75090252707581,69.63962793517824
2026-04-05 12:32:51,87.5,96.75090252707581,69.56706864148607
2026-04-05 12:33:06,87.5,96.75090252707581,69.49450934779392
2026-04-05 12:33:21,87.5,96.75090252707581,69.42195005410176
2026-04-05 12:33:36,87.5,96.75090252707581,69.34939076040959
2026-04-05 12:33:51,87.5,96.75090252707581,69.27683146671744
2026-04-05 12:34:06,87.5,96.75090252707581,69.20427217302527
2026-04-05 12:34:21,87.5,96.75090252707581,69.13171287933311
2026-04-05 12:34:36,87.5,96.75090252707581,69.05915358564096
2026-04-05 12:34:51,87.5,96.7032967032967,68.98659429194879
2026-04-05 12:35:06,87.5,96.7032967032967,68.91403499825662
2026-04-05 12:35:21,87.5,96.7032967032967,68.84147570456447
2026-04-05 12:35:36,87.5,96.7032967032967,68.76891641087231
2026-04-05 12:35:51,87.5,96.7032967032967,68.69635711718016
2026-04-05 12:36:06,87.5,97.06959706959707,68.62379782348799
2026-04-05 12:36:21,87.5,97.06959706959707,68.55123852979582
2026-04-05 12:36:36,87.5,97.43589743589743,68.47867923610367
2026-04-05 12:36:51,87.5,97.8021978021978,68.40611994241151
2026-04-05 12:37:06,87.5,98.16849816849816,68.33356064871934
2026-04-05 12:37:21,87.5,98.53479853479854,68.26100135502719
2026-04-05 12:37:36,87.5,98.53479853479854,68.18844206133502
2026-04-05 12:37:51,87.5,98.53479853479854,68.11588276764286
2026-04-05 12:38:06,87.5,98.53479853479854,68.04332347395071
2026-04-05 12:38:21,87.5,98.51301115241635,67.97076418025854
2026-04-05 12:38:36,87.5,98.51301115241635,67.89820488656639
2026-04-05 12:38:51,87.5,98.51301115241635,67.82564559287422
2026-04-05 12:39:06,87.5,98.51301115241635,67.75308629918206
2026-04-05 12:39:21,87.5,98.51301115241635,67.68052700548989
2026-04-05 12:39:36,87.5,98.51301115241635,67.60796771179774
2026-04-05 12:39:51,87.5,98.51301115241635,67.53540841810558
2026-04-05 12:40:06,87.5,98.51301115241635,67.46284912441342
2026-04-05 12:40:21,87.5,98.51301115241635,67.39028983072126
2026-04-05 12:40:36,87.5,98.51301115241635,67.31773053702909
2026-04-05 12:40:51,87.5,98.51301115241635,67.24517124333694
2026-04-05 12:41:06,87.5,98.14126394052045,67.17261194964478
2026-04-05 12:41:21,87.5,98.14126394052045,67.10005265595261
2026-04-05 12:41:36,87.5,98.14126394052045,67.02749336226046
2026-04-05 12:41:51,87.5,98.11320754716981,66.95493406856829
2026-04-05 12:42:06,87.5,98.11320754716981,66.88237477487613
2026-04-05 12:42:21,87.5,98.11320754716981,66.80981548118397
2026-04-05 12:42:36,87.5,97.73584905660377,66.73725618749181
2026-04-05 12:42:51,87.5,97.73584905660377,66.66469689379966
2026-04-05 12:43:06,87.5,97.73584905660377,66.59213760010749
2026-04-05 12:43:21,87.5,97.73584905660377,66.51957830641533
2026-04-05 12:43:36,87.5,97.73584905660377,66.44701901272316
2026-04-05 12:43:51,87.5,97.73584905660377,66.37445971903101
2026-04-05 12:44:06,87.5,97.73584905660377,66.30190042533884
2026-04-05 12:44:21,87.5,97.73584905660377,66.22934113164669
2026-04-05 12:44:36,100.0,97.73584905660377,66.15678183795453
2026-04-05 12:44:51,100.0,98.11320754716981,66.08422254426236
2026-04-05 12:45:06,100.0,98.49056603773585,66.01166325057021
2026-04-05 12:45:21,100.0,99.23371647509579,65.93910395687804
2026-04-05 12:45:36,100.0,99.23371647509579,65.86654466318588
2026-04-05 12:45:51,100.0,99.23371647509579,65.79398536949373
2026-04-05 12:46:06,100.0,98.85057471264368,65.72142607580156
2026-04-05 12:46:21,87.5,98.85057471264368,65.6488667821094
2026-04-05 12:46:36,87.5,98.85057471264368,65.57630748841724
2026-04-05 12:46:51,87.5,98.85057471264368,65.50374819472508
2026-04-05 12:47:06,87.5,98.85057471264368,65.43118890103293
2026-04-05 12:47:21,87.5,98.85057471264368,65.35862960734076
2026-04-05 12:47:36,87.5,98.85057471264368,65.2860703136486
2026-04-05 12:47:51,87.5,98.85057471264368,65.21351101995644
2026-04-05 12:48:06,87.5,98.85057471264368,65.14095172626428
2026-04-05 12:48:21,87.5,98.85057471264368,65.06839243257211
2026-04-05 12:48:36,87.5,98.83268482490273,64.99583313887996
2026-04-05 12:48:51,87.5,98.83268482490273,64.9232738451878
2026-04-05 12:49:06,87.5,98.83268482490273,64.85071455149563
2026-04-05 12:49:21,87.5,98.83268482490273,64.77815525780348
2026-04-05 12:49:36,100.0,98.83268482490273,64.70559596411131
2026-04-05 12:49:51,100.0,98.83268482490273,64.63303667041914
2026-04-05 12:50:06,100.0,98.83268482490273,64.560477376727
2026-04-05 12:50:21,100.0,98.83268482490273,64.48791808303483
2026-04-05 12:50:36,100.0,98.83268482490273,64.41535878934266
2026-04-05 12:50:51,100.0,98.83268482490273,64.34279949565051
2026-04-05 12:51:06,100.0,98.83268482490273,64.27024020195834
2026-04-05 12:51:21,100.0,98.83268482490273,64.1976809082662
2026-04-05 12:51:36,100.0,98.83268482490273,64.12512161457403
2026-04-05 12:51:51,100.0,98.83268482490273,64.05256232088186
2026-04-05 12:52:06,100.0,98.81422924901186,63.9800030271897
2026-04-05 12:52:21,100.0,98.81422924901186,63.907443733497544
2026-04-05 12:52:36,100.0,98.81422924901186,63.834884439805386
2026-04-05 12:52:51,100.0,98.81422924901186,63.76232514611323
2026-04-05 12:53:06,100.0,98.81422924901186,63.68976585242106
2026-04-05 12:53:21,100.0,98.81422924901186,63.6172065587289
2026-04-05 12:53:36,100.0,98.81422924901186,63.544647265036744
2026-04-05 12:53:51,100.0,98.81422924901186,63.47208797134458
2026-04-05 12:54:06,100.0,98.81422924901186,63.39952867765242
2026-04-05 12:54:21,100.0,98.81422924901186,63.32696938396026
2026-04-05 12:54:36,100.0,98.81422924901186,63.254410090268095
2026-04-05 12:54:51,100.0,98.81422924901186,63.18185079657594
2026-04-05 12:55:06,100.0,98.81422924901186,63.10929150288378
2026-04-05 12:55:21,100.0,98.81422924901186,63.03673220919161
2026-04-05 12:55:36,100.0,98.79518072289156,62.964172915499454
2026-04-05 12:55:51,100.0,98.79518072289156,62.891613621807295
2026-04-05 12:56:06,100.0,98.79518072289156,62.81905432811513
2026-04-05 12:56:21,100.0,98.79518072289156,62.74649503442298
2026-04-05 12:56:36,100.0,98.79518072289156,62.67393574073081
2026-04-05 12:56:51,100.0,98.79518072289156,62.60137644703865
2026-04-05 12:57:06,100.0,98.79518072289156,62.528817153346495
2026-04-05 12:57:21,100.0,98.79518072289156,62.45625785965433
2026-04-05 12:57:36,100.0,98.79518072289156,62.38369856596217
2026-04-05 12:57:51,100.0,98.79518072289156,62.31113927227001
2026-04-05 12:58:06,100.0,98.79518072289156,62.238579978577846
2026-04-05 12:58:21,100.0,98.79518072289156,62.16602068488569
2026-04-05 12:58:36,100.0,98.79518072289156,62.09346139119353
2026-04-05 12:58:51,100.0,98.79518072289156,62.02090209750136
2026-04-05 12:59:06,100.0,98.77551020408163,61.948342803809204
2026-04-05 12:59:21,100.0,98.77551020408163,61.875783510117046
2026-04-05 12:59:36,100.0,98.77551020408163,61.80322421642488
2026-04-05 12:59:51,100.0,98.77551020408163,61.73066492273273
2026-04-05 13:00:06,100.0,98.77551020408163,61.65810562904056
2026-04-05 13:00:21,100.0,98.77551020408163,61.5855463353484
2026-04-05 13:00:36,100.0,98.77551020408163,61.512987041656245
2026-04-05 13:00:51,100.0,98.77551020408163,61.44042774796408
2026-04-05 13:01:06,100.0,98.77551020408163,61.36786845427192
2026-04-05 13:01:21,100.0,98.77551020408163,61.29530916057976
2026-04-05 13:01:36,100.0,98.77551020408163,61.2227498668876
2026-04-05 13:01:51,100.0,98.77551020408163,61.15019057319544
2026-04-05 13:02:06,100.0,98.77551020408163,61.07763127950328
2026-04-05 13:02:21,100.0,98.77551020408163,61.005071985811114
2026-04-05 13:02:36,100.0,98.7551867219917,60.932512692118955
2026-04-05 13:02:51,100.0,98.7551867219917,60.859953398426796
2026-04-05 13:03:06,100.0,98.7551867219917,60.78739410473463
2026-04-05 13:03:21,100.0,98.7551867219917,60.71483481104247
2026-04-05 13:03:36,100.0,98.7551867219917,60.64227551735031
2026-04-05 13:03:51,100.0,98.7551867219917,60.56971622365815
2026-04-05 13:04:06,100.0,98.7551867219917,60.497156929965996
2026-04-05 13:04:21,100.0,98.7551867219917,60.42459763627383
2026-04-05 13:04:36,100.0,98.7551867219917,60.35203834258167
2026-04-05 13:04:51,100.0,98.7551867219917,60.27947904888951
2026-04-05 13:05:06,100.0,98.7551867219917,60.20691975519735
2026-04-05 13:05:21,100.0,98.7551867219917,60.13436046150519
2026-04-05 13:05:36,100.0,98.7551867219917,60.06180116781303
2026-04-05 13:05:51,100.0,98.73417721518987,59.989241874120864
2026-04-05 13:06:06,100.0,98.73417721518987,59.916682580428706
2026-04-05 13:06:21,100.0,98.73417721518987,59.84412328673655
2026-04-05 13:06:36,100.0,98.73417721518987,59.77156399304438
2026-04-05 13:06:51,100.0,98.73417721518987,59.69900469935222
2026-04-05 13:07:06,100.0,98.73417721518987,59.626445405660064
2026-04-05 13:07:21,100.0,98.73417721518987,59.5538861119679
2026-04-05 13:07:36,100.0,98.73417721518987,59.48132681827575
2026-04-05 13:07:51,100.0,98.73417721518987,59.40876752458358
2026-04-05 13:08:06,100.0,98.73417721518987,59.336208230891415
2026-04-05 13:08:21,100.0,98.73417721518987,59.263648937199264
2026-04-05 13:08:36,100.0,98.73417721518987,59.1910896435071
2026-04-05 13:08:51,100.0,98.73417721518987,59.11853034981494
2026-04-05 13:09:06,100.0,98.73417721518987,59.04597105612278
2026-04-05 13:09:21,100.0,98.71244635193133,58.973411762430615
2026-04-05 13:09:36,100.0,98.71244635193133,58.90085246873846
2026-04-05 13:09:51,100.0,98.71244635193133,58.8282931750463
2026-04-05 13:10:06,100.0,98.71244635193133,58.75573388135413
2026-04-05 13:10:21,100.0,98.71244635193133,58.68317458766197
2026-04-05 13:10:36,100.0,98.71244635193133,58.610615293969815
2026-04-05 13:10:51,100.0,98.71244635193133,58.53805600027765
2026-04-05 13:11:06,100.0,98.71244635193133,58.4654967065855
2026-04-05 13:11:21,100.0,98.71244635193133,58.39293741289333
2026-04-05 13:11:36,100.0,98.71244635193133,58.320378119201166
2026-04-05 13:11:51,100.0,98.71244635193133,58.247818825509015
2026-04-05 13:12:06,100.0,98.71244635193133,58.17525953181685
2026-04-05 13:12:21,100.0,98.71244635193133,58.10270023812469
2026-04-05 13:12:36,100.0,98.71244635193133,58.03014094443253
2026-04-05 13:12:51,100.0,98.68995633187772,57.957581650740366
2026-04-05 13:13:06,100.0,98.68995633187772,57.88502235704821
2026-04-05 13:13:21,100.0,98.68995633187772,57.81246306335605
2026-04-05 13:13:36,100.0,98.68995633187772,57.73990376966388
2026-04-05 13:13:51,100.0,98.68995633187772,57.667344475971724
2026-04-05 13:14:06,100.0,98.68995633187772,57.594785182279566
2026-04-05 13:14:21,87.5,98.68995633187772,57.5222258885874
2026-04-05 13:14:36,87.5,98.68995633187772,57.44966659489524
2026-04-05 13:14:51,87.5,98.68995633187772,57.37710730120308
2026-04-05 13:15:06,87.5,98.68995633187772,57.30454800751092
2026-04-05 13:15:21,87.5,98.68995633187772,57.231988713818765
2026-04-05 13:15:36,87.5,98.68995633187772,57.1594294201266
2026-04-05 13:15:51,87.5,98.68995633187772,57.08687012643444
2026-04-05 13:16:06,87.5,98.68995633187772,57.01431083274228
2026-04-05 13:16:21,87.5,98.66666666666667,56.94175153905012
2026-04-05 13:16:36,87.5,98.66666666666667,56.86919224535796
2026-04-05 13:16:51,87.5,98.66666666666667,56.7966329516658
2026-04-05 13:17:06,87.5,98.66666666666667,56.72407365797363
2026-04-05 13:17:21,87.5,98.66666666666667,56.651514364281475
2026-04-05 13:17:36,87.5,98.66666666666667,56.578955070589316
2026-04-05 13:17:51,87.5,98.66666666666667,56.50639577689715
2026-04-05 13:18:06,87.5,98.66666666666667,56.43383648320499
2026-04-05 13:18:21,87.5,98.66666666666667,56.36127718951283
2026-04-05 13:18:36,87.5,98.66666666666667,56.28871789582067
2026-04-05 13:18:51,87.5,98.66666666666667,56.216158602128516
2026-04-05 13:19:06,87.5,98.66666666666667,56.14359930843635
2026-04-05 13:19:21,87.5,98.66666666666667,56.071040014744185
2026-04-05 13:19:36,87.5,98.64253393665159,55.99848072105203
2026-04-05 13:19:51,87.5,98.64253393665159,55.92592142735987
2026-04-05 13:20:06,87.5,98.64253393665159,55.85336213366771
2026-04-05 13:20:21,87.5,98.64253393665159,55.78080283997555
2026-04-05 13:20:36,87.5,98.64253393665159,55.708243546283384
2026-04-05 13:20:51,87.5,98.64253393665159,55.635684252591226
2026-04-05 13:21:06,87.5,98.64253393665159,55.56312495889907
2026-04-05 13:21:21,87.5,98.64253393665159,55.4905656652069
2026-04-05 13:21:36,87.5,98.64253393665159,55.41800637151474
2026-04-05 13:21:51,87.5,98.64253393665159,55.345447077822584
2026-04-05 13:22:06,87.5,98.64253393665159,55.27288778413042
2026-04-05 13:22:21,87.5,98.64253393665159,55.20032849043826
2026-04-05 13:22:36,87.5,98.64253393665159,55.1277691967461
2026-04-05 13:22:51,87.5,98.64253393665159,55.055209903053935
2026-04-05 13:23:06,87.5,98.61751152073732,54.982650609361784
2026-04-05 13:23:21,87.5,98.61751152073732,54.91009131566962
2026-04-05 13:23:36,87.5,98.61751152073732,54.83753202197746
2026-04-05 13:23:51,87.5,98.61751152073732,54.7649727282853
2026-04-05 13:24:06,87.5,98.61751152073732,54.692413434593135
2026-04-05 13:24:21,87.5,98.61751152073732,54.619854140900976
2026-04-05 13:24:36,87.5,98.61751152073732,54.54729484720882
2026-04-05 13:24:51,87.5,98.61751152073732,54.47473555351665
2026-04-05 13:25:06,87.5,98.61751152073732,54.40217625982449
2026-04-05 13:25:21,87.5,98.61751152073732,54.329616966132335
2026-04-05 13:25:36,87.5,98.61751152073732,54.25705767244017
2026-04-05 13:25:51,87.5,98.61751152073732,54.18449837874801
2026-04-05 13:26:06,87.5,98.61751152073732,54.11193908505585
2026-04-05 13:26:21,87.5,98.61751152073732,54.039379791363686
2026-04-05 13:26:36,87.5,98.59154929577466,53.966820497671534
2026-04-05 13:26:51,87.5,98.59154929577466,53.89426120397937
2026-04-05 13:27:06,87.5,98.59154929577466,53.8217019102872
2026-04-05 13:27:21,87.5,98.59154929577466,53.74914261659505
2026-04-05 13:27:36,87.5,98.59154929577466,53.676583322902886
2026-04-05 13:27:51,87.5,98.59154929577466,53.60402402921073
2026-04-05 13:28:06,87.5,98.59154929577466,53.53146473551857
2026-04-05 13:28:21,87.5,98.59154929577466,53.4589054418264
2026-04-05 13:28:36,87.5,98.59154929577466,53.386346148134244
2026-04-05 13:28:51,87.5,98.59154929577466,53.313786854442085
2026-04-05 13:29:06,87.5,98.59154929577466,53.24122756074992
2026-04-05 13:29:21,87.5,98.59154929577466,53.16866826705776
2026-04-05 13:29:36,87.5,98.59154929577466,53.0961089733656
2026-04-05 13:29:51,87.5,98.59154929577466,53.02354967967344
2026-04-05 13:30:06,87.5,98.56459330143541,52.95099038598128
2026-04-05 13:30:21,87.5,98.56459330143541,52.87843109228912
2026-04-05 13:30:36,87.5,98.56459330143541,52.805871798596954
2026-04-05 13:30:51,87.5,98.56459330143541,52.7333125049048
2026-04-05 13:31:06,87.5,98.56459330143541,52.660753211212636
2026-04-05 13:31:21,87.5,98.56459330143541,52.58819391752048
2026-04-05 13:31:36,87.5,98.56459330143541,52.51563462382832
2026-04-05 13:31:51,100.0,98.56459330143541,52.44307533013615
2026-04-05 13:32:06,100.0,98.56459330143541,52.370516036443995
2026-04-05 13:32:21,100.0,98.56459330143541,52.297956742751836
2026-04-05 13:32:36,100.0,98.56459330143541,52.22539744905967
2026-04-05 13:32:51,100.0,98.56459330143541,52.15283815536751
2026-04-05 13:33:06,100.0,98.56459330143541,52.08027886167535
2026-04-05 13:33:21,100.0,98.56459330143541,52.00771956798319
2026-04-05 13:33:36,100.0,98.53658536585365,51.93516027429103
2026-04-05 13:33:51,100.0,98.53658536585365,51.86260098059887
2026-04-05 13:34:06,100.0,98.53658536585365,51.790041686906704
2026-04-05 13:34:21,100.0,98.53658536585365,51.71748239321455
2026-04-05 13:34:36,100.0,98.53658536585365,51.64492309952239
2026-04-05 13:34:51,100.0,98.53658536585365,51.57236380583022
2026-04-05 13:35:06,100.0,98.53658536585365,51.49980451213807
2026-04-05 13:35:21,100.0,98.53658536585365,51.427245218445904
2026-04-05 13:35:36,100.0,98.53658536585365,51.354685924753745
2026-04-05 13:35:51,100.0,98.53658536585365,51.28212663106159
2026-04-05 13:36:06,100.0,98.53658536585365,51.20956733736942
2026-04-05 13:36:21,100.0,98.53658536585365,51.13700804367726
2026-04-05 13:36:36,100.0,98.53658536585365,51.064448749985104
2026-04-05 13:36:51,100.0,98.50746268656717,50.99188945629294
2026-04-05 13:37:06,100.0,98.50746268656717,50.91933016260078
2026-04-05 13:37:21,100.0,98.50746268656717,50.84677086890862
2026-04-05 13:37:36,100.0,98.50746268656717,50.774211575216455
2026-04-05 13:37:51,100.0,98.50746268656717,50.701652281524304
2026-04-05 13:38:06,100.0,98.50746268656717,50.62909298783214
2026-04-05 13:38:21,100.0,98.50746268656717,50.55653369413997
2026-04-05 13:38:36,100.0,98.50746268656717,50.48397440044782
2026-04-05 13:38:51,100.0,98.50746268656717,50.411415106755655
2026-04-05 13:39:06,100.0,98.50746268656717,50.338855813063496
2026-04-05 13:39:21,100.0,98.50746268656717,50.26629651937134
2026-04-05 13:39:36,100.0,98.50746268656717,50.19373722567917
2026-04-05 13:39:51,100.0,99.00497512437812,50.12117793198701
2026-04-05 13:40:06,100.0,99.00497512437812,50.048618638294855
2026-04-05 13:40:21,100.0,99.49238578680203,49.97605934460269
2026-04-05 13:40:36,100.0,99.49238578680203,49.90350005091053
2026-04-05 13:40:51,100.0,99.49238578680203,49.83094075721837
2026-04-05 13:41:06,100.0,99.49238578680203,49.758381463526206
2026-04-05 13:41:21,100.0,99.49238578680203,49.68582216983405
2026-04-05 13:41:36,100.0,99.49238578680203,49.61326287614189
2026-04-05 13:41:51,100.0,99.49238578680203,49.54070358244972
2026-04-05 13:42:06,100.0,99.49238578680203,49.46814428875757
2026-04-05 13:42:21,100.0,99.49238578680203,49.395584995065406
2026-04-05 13:42:36,100.0,99.49238578680203,49.32302570137325
2026-04-05 13:42:51,100.0,99.49238578680203,49.25046640768109
2026-04-05 13:43:06,100.0,99.49238578680203,49.17790711398892
2026-04-05 13:43:21,100.0,100.0,49.105347820296764
2026-04-05 13:43:36,100.0,100.0,49.032788526604605
2026-04-05 13:43:51,100.0,100.0,48.96022923291244
2026-04-05 13:44:06,100.0,100.0,48.88766993922028
2026-04-05 13:44:21,100.0,100.0,48.81511064552812
2026-04-05 13:44:36,100.0,100.0,48.74255135183596
2026-04-05 13:44:51,100.0,100.0,48.6699920581438
2026-04-05 13:45:06,100.0,100.0,48.59743276445164
2026-04-05 13:45:21,100.0,100.0,48.52487347075947
2026-04-05 13:45:36,100.0,100.0,48.45231417706732
2026-04-05 13:45:51,100.0,100.0,48.379754883375156
2026-04-05 13:46:06,100.0,100.0,48.30719558968299
2026-04-05 13:46:21,100.0,100.0,48.23463629599084
2026-04-05 13:46:36,100.0,100.0,48.16207700229867
2026-04-05 13:46:51,100.0,100.0,48.089517708606515
2026-04-05 13:47:06,100.0,100.0,48.016958414914356
2026-04-05 13:47:21,100.0,100.0,47.94439912122219
2026-04-05 13:47:36,100.0,100.0,47.87183982753003
2026-04-05 13:47:51,100.0,100.0,47.79928053383787
2026-04-05 13:48:06,100.0,100.0,47.72672124014571
2026-04-05 13:48:21,100.0,100.0,47.65416194645355
2026-04-05 13:48:36,100.0,100.0,47.58160265276139
2026-04-05 13:48:51,100.0,100.0,47.509043359069224
2026-04-05 13:49:06,100.0,100.0,47.436484065377066
2026-04-05 13:49:21,100.0,100.0,47.36392477168491
2026-04-05 13:49:36,100.0,100.0,47.29136547799274
2026-04-05 13:49:51,100.0,100.0,47.21880618430059
2026-04-05 13:50:06,100.0,100.0,47.146246890608424
2026-04-05 13:50:21,100.0,100.0,47.073687596916265
2026-04-05 13:50:36,100.0,100.0,47.00112830322411
2026-04-05 13:50:51,100.0,100.0,46.92856900953194
2026-04-05 13:51:06,100.0,100.0,46.85600971583978
2026-04-05 13:51:21,100.0,100.0,46.783450422147624
2026-04-05 13:51:36,100.0,100.0,46.71089112845546
2026-04-05 13:51:51,100.0,100.0,46.6383318347633
2026-04-05 13:52:06,100.0,100.0,46.56577254107114
2026-04-05 13:52:21,100.0,100.0,46.493213247378975
2026-04-05 13:52:36,100.0,100.0,46.420653953686816
2026-04-05 13:52:51,100.0,100.0,46.34809465999466
2026-04-05 13:53:06,100.0,100.0,46.2755353663025
2026-04-05 13:53:21,100.0,100.0,46.20297607261033
2026-04-05 13:53:36,100.0,100.0,46.130416778918175
2026-04-05 13:53:51,100.0,100.0,46.057857485226016
2026-04-05 13:54:06,100.0,100.0,45.98529819153385
2026-04-05 13:54:21,100.0,100.0,45.91273889784169
2026-04-05 13:54:36,100.0,100.0,45.84017960414953
2026-04-05 13:54:51,100.0,100.0,45.767620310457374
2026-04-05 13:55:06,100.0,100.0,45.69506101676521
2026-04-05 13:55:21,100.0,100.0,45.62250172307305
2026-04-05 13:55:36,100.0,100.0,45.54994242938089
2026-04-05 13:55:51,100.0,100.0,45.477383135688726
2026-04-05 13:56:06,100.0,100.0,45.40482384199657
2026-04-05 13:56:21,100.0,100.0,45.33226454830441
2026-04-05 13:56:36,100.0,100.0,45.25970525461225
2026-04-05 13:56:51,100.0,100.0,45.187145960920084
2026-04-05 13:57:06,100.0,100.0,45.114586667227925
2026-04-05 13:57:21,100.0,100.0,45.04202737353577
2026-04-05 13:57:36,100.0,100.0,44.9694680798436
2026-04-05 13:57:51,100.0,100.0,44.89690878615144
2026-04-05 13:58:06,100.0,100.0,44.824349492459284
2026-04-05 13:58:21,100.0,100.0,44.751790198767125
2026-04-05 13:58:36,100.0,100.0,44.67923090507496
2026-04-05 13:58:51,100.0,100.0,44.6066716113828
2026-04-05 13:59:06,100.0,100.0,44.53411231769064
2026-04-05 13:59:21,100.0,100.0,44.461553023998476
2026-04-05 13:59:36,100.0,100.0,44.38899373030632
2026-04-05 13:59:51,100.0,100.0,44.31643443661416
2026-04-05 14:00:06,100.0,100.0,44.26904403804767
2026-04-05 14:00:21,100.0,100.0,44.25940698216969
2026-04-05 14:00:36,100.0,100.0,44.24976992629172
2026-04-05 14:00:51,100.0,100.0,44.24013287041374
2026-04-05 14:01:06,100.0,100.0,44.230495814535765
2026-04-05 14:01:21,100.0,100.0,44.22085875865779
2026-04-05 14:01:36,100.0,100.0,44.21122170277981
2026-04-05 14:01:51,100.0,100.0,44.201584646901836
2026-04-05 14:02:06,100.0,100.0,44.191947591023855
2026-04-05 14:02:21,100.0,100.0,44.18231053514588
2026-04-05 14:02:36,100.0,100.0,44.17267347926791
2026-04-05 14:02:51,100.0,100.0,44.163036423389926
2026-04-05 14:03:06,100.0,100.0,44.15339936751195
2026-04-05 14:03:21,100.0,100.0,44.14376231163397
2026-04-05 14:03:36,100.0,100.0,44.134125255756
2026-04-05 14:03:51,100.0,100.0,44.12448819987802
2026-04-05 14:04:06,100.0,100.0,44.11485114400004
2026-04-05 14:04:21,100.0,100.0,44.10521408812207
2026-04-05 14:04:36,100.0,100.0,44.095577032244094
2026-04-05 14:04:51,100.0,100.0,44.08593997636611
2026-04-05 14:05:06,100.0,100.0,44.07630292048814
2026-04-05 14:05:21,100.0,100.0,44.06666586461016
2026-04-05 14:05:36,100.0,100.0,44.057028808732184
2026-04-05 14:05:51,100.0,100.0,44.04739175285421
2026-04-05 14:06:06,100.0,100.0,44.03775469697623
2026-04-05 14:06:21,100.0,100.0,44.028117641098255
2026-04-05 14:06:36,100.0,100.0,44.018480585220274
2026-04-05 14:06:51,100.0,100.0,44.0088435293423
2026-04-05 14:07:06,100.0,100.0,43.99920647346433
2026-04-05 14:07:21,100.0,100.0,43.989569417586345
2026-04-05 14:07:36,100.0,100.0,43.97993236170837
2026-04-05 14:07:51,100.0,100.0,43.9702953058304
2026-04-05 14:08:06,100.0,100.0,43.96065824995242
2026-04-05 14:08:21,100.0,100.0,43.95102119407444
2026-04-05 14:08:36,87.5,100.0,43.94138413819646
2026-04-05 14:08:51,87.5,100.0,43.93174708231849
2026-04-05 14:09:06,87.5,100.0,43.922110026440514
2026-04-05 14:09:21,87.5,100.0,43.91247297056253
2026-04-05 14:09:36,100.0,100.0,43.90283591468456
2026-04-05 14:09:51,100.0,100.0,43.893198858806585
2026-04-05 14:10:06,100.0,100.0,43.883561802928604
2026-04-05 14:10:21,87.5,100.0,43.87392474705063
2026-04-05 14:10:36,100.0,100.0,43.86428769117265
2026-04-05 14:10:51,100.0,100.0,43.854650635294675
2026-04-05 14:11:06,100.0,100.0,43.8450135794167
2026-04-05 14:11:21,100.0,100.0,43.83537652353872
2026-04-05 14:11:36,100.0,100.0,43.825739467660746
2026-04-05 14:11:51,100.0,100.0,43.816102411782765
2026-04-05 14:12:06,100.0,100.0,43.80646535590479
2026-04-05 14:12:21,100.0,100.0,43.79682830002682
2026-04-05 14:12:36,100.0,100.0,43.787191244148836
2026-04-05 14:12:51,100.0,100.0,43.77755418827086
2026-04-05 14:13:06,100.0,100.0,43.76791713239289
2026-04-05 14:13:21,100.0,100.0,43.75828007651491
2026-04-05 14:13:36,100.0,100.0,43.74864302063693
2026-04-05 14:13:51,100.0,100.0,43.73900596475895
2026-04-05 14:14:06,100.0,100.0,43.72936890888098
2026-04-05 14:14:21,100.0,100.0,43.719731853003005
2026-04-05 14:14:36,100.0,100.0,43.71009479712502
2026-04-05 14:14:51,100.0,100.0,43.70045774124705
2026-04-05 14:15:06,100.0,100.0,43.69082068536907
2026-04-05 14:15:21,100.0,100.0,43.681183629491095
2026-04-05 14:15:36,100.0,100.0,43.67154657361312
2026-04-05 14:15:51,100.0,100.0,43.66190951773514
2026-04-05 14:16:06,100.0,100.0,43.652272461857166
2026-04-05 14:16:21,100.0,100.0,43.64263540597919
2026-04-05 14:16:36,100.0,100.0,43.63299835010121
2026-04-05 14:16:51,100.0,100.0,43.62336129422324
2026-04-05 14:17:06,100.0,100.0,43.613724238345256
2026-04-05 14:17:21,100.0,100.0,43.60408718246728
2026-04-05 14:17:36,100.0,100.0,43.59445012658931
2026-04-05 14:17:51,100.0,100.0,43.58481307071133
2026-04-05 14:18:06,100.0,100.0,43.57517601483335
2026-04-05 14:18:21,100.0,100.0,43.56553895895537
2026-04-05 14:18:36,100.0,100.0,43.5559019030774
2026-04-05 14:18:51,100.0,100.0,43.546264847199424
2026-04-05 14:19:06,100.0,100.0,43.53662779132144
2026-04-05 14:19:21,100.0,100.0,43.52699073544347
2026-04-05 14:19:36,100.0,100.0,43.517353679565495
2026-04-05 14:19:51,100.0,100.0,43.507716623687514
2026-04-05 14:20:06,100.0,100.0,43.49807956780954
2026-04-05 14:20:21,100.0,100.0,43.48844251193156
2026-04-05 14:20:36,100.0,100.0,43.478805456053585
2026-04-05 14:20:51,100.0,100.0,43.46916840017561
2026-04-05 14:21:06,100.0,100.0,43.45953134429763
2026-04-05 14:21:21,100.0,100.0,43.44989428841966
2026-04-05 14:21:36,100.0,100.0,43.440257232541676
2026-04-05 14:21:51,100.0,100.0,43.4306201766637
2026-04-05 14:22:06,100.0,100.0,43.42098312078573
2026-04-05 14:22:21,100.0,100.0,43.41134606490775
2026-04-05 14:22:36,100.0,100.0,43.40170900902977
2026-04-05 14:22:51,100.0,100.0,43.3920719531518
2026-04-05 14:23:06,100.0,100.0,43.38243489727382
2026-04-05 14:23:21,100.0,100.0,43.372797841395844
2026-04-05 14:23:36,100.0,100.0,43.36316078551786
2026-04-05 14:23:51,100.0,100.0,43.35352372963989
2026-04-05 14:24:06,100.0,100.0,43.343886673761915
2026-04-05 14:24:21,100.0,100.0,43.334249617883934
2026-04-05 14:24:36,100.0,100.0,43.32461256200596
2026-04-05 14:24:51,100.0,100.0,43.31497550612798
2026-04-05 14:25:06,100.0,100.0,43.305338450250005
2026-04-05 14:25:21,100.0,100.0,43.29570139437203
2026-04-05 14:25:36,100.0,100.0,43.28606433849405
2026-04-05 14:25:51,100.0,100.0,43.276427282616076
2026-04-05 14:26:06,100.0,100.0,43.2667902267381
2026-04-05 14:26:21,100.0,100.0,43.25715317086012
2026-04-05 14:26:36,100.0,100.0,43.24751611498215
2026-04-05 14:26:51,100.0,100.0,43.237879059104166
2026-04-05 14:27:06,100.0,100.0,43.22824200322619
2026-04-05 14:27:21,100.0,100.0,43.21860494734822
2026-04-05 14:27:36,100.0,100.0,43.20896789147024
2026-04-05 14:27:51,100.0,100.0,43.199330835592264
2026-04-05 14:28:06,100.0,100.0,43.18969377971429
2026-04-05 14:28:21,100.0,100.0,43.18005672383631
2026-04-05 14:28:36,100.0,100.0,43.170419667958335
2026-04-05 14:28:51,100.0,100.0,43.160782612080354
2026-04-05 14:29:06,100.0,100.0,43.15114555620238
2026-04-05 14:29:21,100.0,100.0,43.141508500324406
2026-04-05 14:29:36,100.0,100.0,43.131871444446425
2026-04-05 14:29:51,100.0,100.0,43.12223438856845
2026-04-05 14:30:06,100.0,100.0,43.11259733269047
2026-04-05 14:30:21,100.0,100.0,43.102960276812496
2026-04-05 14:30:36,100.0,100.0,43.09332322093452
2026-04-05 14:30:51,100.0,100.0,43.08368616505654
2026-04-05 14:31:06,100.0,100.0,43.07404910917857
2026-04-05 14:31:21,100.0,100.0,43.06441205330059
2026-04-05 14:31:36,100.0,100.0,43.05477499742261
2026-04-05 14:31:51,100.0,100.0,43.04513794154464
2026-04-05 14:32:06,100.0,100.0,43.03550088566666
2026-04-05 14:32:21,100.0,100.0,43.02586382978868
2026-04-05 14:32:36,100.0,100.0,43.01622677391071
2026-04-05 14:32:51,100.0,100.0,43.00658971803273
2026-04-05 14:33:06,100.0,100.0,42.996952662154754
2026-04-05 14:33:21,100.0,100.0,42.98731560627677
2026-04-05 14:33:36,100.0,100.0,42.9776785503988
2026-04-05 14:33:51,100.0,100.0,42.968041494520826
2026-04-05 14:34:06,100.0,100.0,42.958404438642845
2026-04-05 14:34:21,100.0,100.0,42.94876738276487
2026-04-05 14:34:36,100.0,100.0,42.9391303268869
2026-04-05 14:34:51,100.0,100.0,42.929493271008916
2026-04-05 14:35:06,100.0,100.0,42.91985621513094
2026-04-05 14:35:21,100.0,100.0,42.91021915925296
2026-04-05 14:35:36,100.0,100.0,42.90058210337499
2026-04-05 14:35:51,100.0,100.0,42.89094504749701
2026-04-05 14:36:06,100.0,100.0,42.88130799161903
2026-04-05 14:36:21,100.0,100.0,42.87167093574106
2026-04-05 14:36:36,100.0,100.0,42.86203387986308
2026-04-05 14:36:51,100.0,100.0,42.8523968239851
2026-04-05 14:37:06,100.0,100.0,42.84275976810713
2026-04-05 14:37:21,100.0,100.0,42.83312271222915
2026-04-05 14:37:36,100.0,100.0,42.823485656351174
2026-04-05 14:37:51,100.0,100.0,42.8138486004732
2026-04-05 14:38:06,100.0,100.0,42.80421154459522
2026-04-05 14:38:21,100.0,100.0,42.794574488717245
2026-04-05 14:38:36,100.0,100.0,42.784937432839264
2026-04-05 14:38:51,100.0,100.0,42.77530037696129
2026-04-05 14:39:06,100.0,100.0,42.765663321083316
2026-04-05 14:39:21,100.0,100.0,42.756026265205335
2026-04-05 14:39:36,100.0,100.0,42.74638920932736
2026-04-05 14:39:51,100.0,100.0,42.73675215344939
2026-04-05 14:40:06,100.0,100.0,42.72711509757141
2026-04-05 14:40:21,100.0,100.0,42.71747804169343
2026-04-05 14:40:36,100.0,100.0,42.70784098581545
2026-04-05 14:40:51,100.0,100.0,42.69820392993748
2026-04-05 14:41:06,100.0,100.0,42.688566874059504
2026-04-05 14:41:21,100.0,100.0,42.67892981818152
2026-04-05 14:41:36,100.0,100.0,42.66929276230355
2026-04-05 14:41:51,100.0,100.0,42.65965570642557
2026-04-05 14:42:06,100.0,100.0,42.650018650547594
2026-04-05 14:42:21,100.0,100.0,42.64038159466962
2026-04-05 14:42:36,100.0,100.0,42.63074453879164
2026-04-05 14:42:51,100.0,100.0,42.621107482913665
2026-04-05 14:43:06,100.0,100.0,42.61147042703569
2026-04-05 14:43:21,100.0,100.0,42.60183337115771
2026-04-05 14:43:36,100.0,100.0,42.592196315279736
2026-04-05 14:43:51,100.0,100.0,42.582559259401755
2026-04-05 14:44:06,100.0,100.0,42.57292220352378
2026-04-05 14:44:21,100.0,100.0,42.56328514764581
2026-04-05 14:44:36,100.0,100.0,42.553648091767826
2026-04-05 14:44:51,100.0,100.0,42.54401103588985
2026-04-05 14:45:06,100.0,100.0,42.53437398001187
2026-04-05 14:45:21,100.0,100.0,42.5247369241339
2026-04-05 14:45:36,100.0,100.0,42.51509986825592
2026-04-05 14:45:51,100.0,100.0,42.50546281237794
2026-04-05 14:46:06,100.0,100.0,42.49582575649997
2026-04-05 14:46:21,100.0,100.0,42.486188700621994
2026-04-05 14:46:36,100.0,100.0,42.47655164474401
2026-04-05 14:46:51,100.0,100.0,42.46691458886604
2026-04-05 14:47:06,100.0,100.0,42.45727753298806
2026-04-05 14:47:21,100.0,100.0,42.447640477110085
2026-04-05 14:47:36,100.0,100.0,42.43800342123211
2026-04-05 14:47:51,100.0,100.0,42.42836636535413
2026-04-05 14:48:06,100.0,100.0,42.418729309476156
2026-04-05 14:48:21,100.0,100.0,42.409092253598175
2026-04-05 14:48:36,100.0,99.40828402366864,42.3994551977202
2026-04-05 14:48:51,100.0,99.40828402366864,42.38981814184223
2026-04-05 14:49:06,100.0,99.40828402366864,42.380181085964246
2026-04-05 14:49:21,100.0,99.40828402366864,42.37054403008627
2026-04-05 14:49:36,100.0,99.40828402366864,42.3609069742083
2026-04-05 14:49:51,100.0,99.40828402366864,42.35126991833032
2026-04-05 14:50:06,100.0,99.40828402366864,42.34163286245234
2026-04-05 14:50:21,100.0,99.40828402366864,42.33199580657436
2026-04-05 14:50:36,100.0,99.40828402366864,42.32235875069639
2026-04-05 14:50:51,100.0,99.40828402366864,42.312721694818414
2026-04-05 14:51:06,100.0,99.40828402366864,42.30308463894043
2026-04-05 14:51:21,100.0,99.40828402366864,42.29344758306246
2026-04-05 14:51:36,100.0,99.40828402366864,42.283810527184485
2026-04-05 14:51:51,100.0,99.40828402366864,42.274173471306504
2026-04-05 14:52:06,100.0,99.40828402366864,42.26453641542853
2026-04-05 14:52:21,100.0,99.40828402366864,42.25489935955055
2026-04-05 14:52:36,100.0,99.40828402366864,42.245262303672575
2026-04-05 14:52:51,100.0,99.40828402366864,42.2356252477946
2026-04-05 14:53:06,100.0,99.40828402366864,42.22598819191662
2026-04-05 14:53:21,100.0,99.40828402366864,42.21635113603865
2026-04-05 14:53:36,100.0,99.40828402366864,42.206714080160666
2026-04-05 14:53:51,100.0,99.40828402366864,42.19707702428269
2026-04-05 14:54:06,100.0,99.40828402366864,42.18743996840472
2026-04-05 14:54:21,100.0,99.40828402366864,42.17780291252674
2026-04-05 14:54:36,100.0,99.40828402366864,42.16816585664876
2026-04-05 14:54:51,100.0,99.40828402366864,42.15852880077078
2026-04-05 14:55:06,100.0,99.40828402366864,42.14889174489281
2026-04-05 14:55:21,100.0,99.40828402366864,42.139254689014834
2026-04-05 14:55:36,100.0,99.40828402366864,42.12961763313685
2026-04-05 14:55:51,100.0,99.40828402366864,42.11998057725888
2026-04-05 14:56:06,100.0,99.40828402366864,42.110343521380905
2026-04-05 14:56:21,100.0,99.40828402366864,42.100706465502924
2026-04-05 14:56:36,100.0,99.40828402366864,42.09106940962495
2026-04-05 14:56:51,100.0,99.40828402366864,42.08143235374697
2026-04-05 14:57:06,100.0,99.40828402366864,42.071795297868995
2026-04-05 14:57:21,100.0,99.40828402366864,42.06215824199102
2026-04-05 14:57:36,100.0,99.40828402366864,42.05252118611304
2026-04-05 14:57:51,100.0,99.40828402366864,42.042884130235066
2026-04-05 14:58:06,100.0,99.40828402366864,42.03324707435709
2026-04-05 14:58:21,100.0,99.40828402366864,42.02361001847911
2026-04-05 14:58:36,100.0,99.40828402366864,42.01397296260114
2026-04-05 14:58:51,100.0,99.40828402366864,42.004335906723156
2026-04-05 14:59:06,100.0,99.39393939393939,41.99469885084518
2026-04-05 14:59:21,100.0,99.39393939393939,41.98506179496721
2026-04-05 14:59:36,100.0,99.39393939393939,41.97542473908923
2026-04-05 14:59:51,100.0,99.39393939393939,41.96578768321125
2026-04-05 15:00:06,100.0,99.39393939393939,41.95615062733327
2026-04-05 15:00:21,100.0,99.39393939393939,41.9465135714553
2026-04-05 15:00:36,100.0,99.39393939393939,41.936876515577325
2026-04-05 15:00:51,100.0,99.39393939393939,41.927239459699344
2026-04-05 15:01:06,100.0,99.39393939393939,41.91760240382137
2026-04-05 15:01:21,100.0,99.39393939393939,41.907965347943396
2026-04-05 15:01:36,100.0,99.39393939393939,41.898328292065415
2026-04-05 15:01:51,100.0,99.39393939393939,41.88869123618744
2026-04-05 15:02:06,100.0,99.39393939393939,41.87905418030946
2026-04-05 15:02:21,100.0,99.39393939393939,41.869417124431486
2026-04-05 15:02:36,100.0,99.39393939393939,41.85978006855351
2026-04-05 15:02:51,100.0,99.39393939393939,41.85014301267553
2026-04-05 15:03:06,100.0,99.39393939393939,41.84050595679756
2026-04-05 15:03:21,100.0,99.39393939393939,41.83086890091958
2026-04-05 15:03:36,100.0,99.39393939393939,41.8212318450416
2026-04-05 15:03:51,100.0,99.39393939393939,41.81159478916363
2026-04-05 15:04:06,100.0,99.39393939393939,41.80195773328565
2026-04-05 15:04:21,100.0,99.39393939393939,41.79232067740767
2026-04-05 15:04:36,100.0,99.39393939393939,41.7826836215297
2026-04-05 15:04:51,100.0,99.39393939393939,41.77304656565172
2026-04-05 15:05:06,100.0,99.39393939393939,41.763409509773744
2026-04-05 15:05:21,100.0,99.39393939393939,41.75377245389576
2026-04-05 15:05:36,100.0,99.39393939393939,41.74413539801779
2026-04-05 15:05:51,100.0,99.39393939393939,41.734498342139815
2026-04-05 15:06:06,100.0,99.39393939393939,41.724861286261834
2026-04-05 15:06:21,100.0,99.39393939393939,41.71522423038386
2026-04-05 15:06:36,100.0,99.39393939393939,41.70558717450588
2026-04-05 15:06:51,100.0,99.39393939393939,41.695950118627906
2026-04-05 15:07:06,100.0,99.39393939393939,41.68631306274993
2026-04-05 15:07:21,100.0,99.39393939393939,41.67667600687195
2026-04-05 15:07:36,100.0,99.39393939393939,41.66703895099398
2026-04-05 15:07:51,100.0,99.39393939393939,41.657401895116
2026-04-05 15:08:06,100.0,99.39393939393939,41.64776483923802
2026-04-05 15:08:21,100.0,99.39393939393939,41.63812778336005
2026-04-05 15:08:36,100.0,99.39393939393939,41.62849072748207
2026-04-05 15:08:51,100.0,99.39393939393939,41.61885367160409
2026-04-05 15:09:06,100.0,99.39393939393939,41.60921661572612
2026-04-05 15:09:21,100.0,99.39393939393939,41.59957955984814
2026-04-05 15:09:36,100.0,99.39393939393939,41.589942503970164
2026-04-05 15:09:51,100.0,99.39393939393939,41.58030544809219
2026-04-05 15:10:06,100.0,99.39393939393939,41.57066839221421
2026-04-05 15:10:21,100.0,99.39393939393939,41.561031336336235
2026-04-05 15:10:36,100.0,99.39393939393939,41.551394280458254
2026-04-05 15:10:51,100.0,99.39393939393939,41.54175722458028
2026-04-05 15:11:06,100.0,99.39393939393939,41.532120168702306
2026-04-05 15:11:21,100.0,99.39393939393939,41.522483112824325
2026-04-05 15:11:36,100.0,99.39393939393939,41.51284605694635
2026-04-05 15:11:51,100.0,99.39393939393939,41.50320900106837
2026-04-05 15:12:06,100.0,99.39393939393939,41.493571945190396
2026-04-05 15:12:21,100.0,99.39393939393939,41.48393488931242
2026-04-05 15:12:36,100.0,99.39393939393939,41.47429783343444
2026-04-05 15:12:51,100.0,99.39393939393939,41.46466077755647
2026-04-05 15:13:06,100.0,99.39393939393939,41.45502372167849
2026-04-05 15:13:21,100.0,99.39393939393939,41.44538666580051
2026-04-05 15:13:36,100.0,99.39393939393939,41.43574960992254
2026-04-05 15:13:51,100.0,99.39393939393939,41.42611255404456
2026-04-05 15:14:06,100.0,99.39393939393939,41.416475498166584
2026-04-05 15:14:21,100.0,99.39393939393939,41.40683844228861
2026-04-05 15:14:36,100.0,99.39393939393939,41.39720138641063
2026-04-05 15:14:51,100.0,99.39393939393939,41.387564330532655
2026-04-05 15:15:06,100.0,99.39393939393939,41.377927274654674
2026-04-05 15:15:21,100.0,99.39393939393939,41.3682902187767
2026-04-05 15:15:36,100.0,99.39393939393939,41.358653162898726
2026-04-05 15:15:51,100.0,99.39393939393939,41.349016107020745
2026-04-05 15:16:06,100.0,99.39393939393939,41.33937905114277
2026-04-05 15:16:21,100.0,99.39393939393939,41.3297419952648
2026-04-05 15:16:36,100.0,99.39393939393939,41.320104939386816
2026-04-05 15:16:51,100.0,99.39393939393939,41.31046788350884
2026-04-05 15:17:06,100.0,99.39393939393939,41.30083082763086
2026-04-05 15:17:21,100.0,99.39393939393939,41.29119377175289
2026-04-05 15:17:36,100.0,99.39393939393939,41.28155671587491
2026-04-05 15:17:51,100.0,99.39393939393939,41.27191965999693
2026-04-05 15:18:06,100.0,99.39393939393939,41.26228260411896
2026-04-05 15:18:21,100.0,99.39393939393939,41.25264554824098
2026-04-05 15:18:36,100.0,99.39393939393939,41.243008492363
2026-04-05 15:18:51,100.0,99.39393939393939,41.23337143648503
2026-04-05 15:19:06,100.0,99.39393939393939,41.22373438060705
2026-04-05 15:19:21,100.0,99.39393939393939,41.214097324729075
2026-04-05 15:19:36,100.0,99.39393939393939,41.2044602688511
2026-04-05 15:19:51,100.0,99.39393939393939,41.19482321297312
2026-04-05 15:20:06,100.0,99.39393939393939,41.185186157095146
2026-04-05 15:20:21,100.0,99.39393939393939,41.175549101217165
2026-04-05 15:20:36,100.0,99.39393939393939,41.16591204533919
2026-04-05 15:20:51,100.0,99.39393939393939,41.15627498946122
2026-04-05 15:21:06,100.0,99.39393939393939,41.146637933583236
2026-04-05 15:21:21,100.0,99.39393939393939,41.13700087770526
2026-04-05 15:21:36,100.0,99.39393939393939,41.12736382182729
2026-04-05 15:21:51,100.0,99.39393939393939,41.11772676594931
2026-04-05 15:22:06,100.0,99.39393939393939,41.10808971007133
2026-04-05 15:22:21,100.0,99.39393939393939,41.09845265419335
2026-04-05 15:22:36,100.0,99.39393939393939,41.08881559831538
2026-04-05 15:22:51,100.0,99.39393939393939,41.079178542437404
2026-04-05 15:23:06,100.0,99.39393939393939,41.06954148655942
2026-04-05 15:23:21,100.0,99.39393939393939,41.05990443068145
2026-04-05 15:23:36,100.0,99.39393939393939,41.05026737480347
2026-04-05 15:23:51,100.0,99.39393939393939,41.040630318925494
2026-04-05 15:24:06,100.0,99.39393939393939,41.03099326304752
2026-04-05 15:24:21,100.0,99.39393939393939,41.02135620716954
2026-04-05 15:24:36,100.0,99.39393939393939,41.011719151291565
2026-04-05 15:24:51,100.0,99.39393939393939,41.002082095413584
2026-04-05 15:25:06,100.0,99.37888198757764,40.99244503953561
2026-04-05 15:25:21,100.0,99.37888198757764,40.982807983657636
2026-04-05 15:25:36,100.0,99.37888198757764,40.973170927779655
2026-04-05 15:25:51,100.0,99.37888198757764,40.96353387190168
2026-04-05 15:26:06,100.0,99.37888198757764,40.95389681602371
2026-04-05 15:26:21,100.0,99.37888198757764,40.94425976014573
2026-04-05 15:26:36,100.0,99.37888198757764,40.93462270426775
2026-04-05 15:26:51,100.0,99.37888198757764,40.92498564838977
2026-04-05 15:27:06,100.0,99.37888198757764,40.9153485925118
2026-04-05 15:27:21,100.0,99.37888198757764,40.905711536633824
2026-04-05 15:27:36,100.0,99.37888198757764,40.89607448075584
2026-04-05 15:27:51,100.0,99.37888198757764,40.88643742487787
2026-04-05 15:28:06,100.0,99.37888198757764,40.876800368999895
2026-04-05 15:28:21,100.0,99.37888198757764,40.867163313121914
2026-04-05 15:28:36,100.0,99.37888198757764,40.85752625724394
2026-04-05 15:28:51,100.0,99.37888198757764,40.84788920136596
2026-04-05 15:29:06,100.0,99.37888198757764,40.838252145487985
2026-04-05 15:29:21,100.0,99.37888198757764,40.82861508961001
2026-04-05 15:29:36,100.0,99.37888198757764,40.81897803373203
2026-04-05 15:29:51,100.0,100.0,40.809340977854056
2026-04-05 15:30:06,100.0,100.0,40.799703921976075
2026-04-05 15:30:21,100.0,100.0,40.7900668660981
2026-04-05 15:30:36,100.0,100.0,40.78042981022013
2026-04-05 15:30:51,100.0,100.0,40.770792754342146
2026-04-05 15:31:06,100.0,100.0,40.76115569846417
2026-04-05 15:31:21,100.0,100.0,40.7515186425862
2026-04-05 15:31:36,100.0,100.0,40.74188158670822
2026-04-05 15:31:51,100.0,100.0,40.73224453083024
2026-04-05 15:32:06,100.0,100.0,40.72260747495226
2026-04-05 15:32:21,100.0,100.0,40.71297041907429
2026-04-05 15:32:36,100.0,100.0,40.703333363196315
2026-04-05 15:32:51,100.0,100.0,40.69369630731833
2026-04-05 15:33:06,100.0,100.0,40.68405925144036
2026-04-05 15:33:21,100.0,100.0,40.674422195562386
2026-04-05 15:33:36,100.0,100.0,40.664785139684405
2026-04-05 15:33:51,100.0,100.0,40.65514808380643
2026-04-05 15:34:06,100.0,100.0,40.64551102792845
2026-04-05 15:34:21,100.0,100.0,40.635873972050476
2026-04-05 15:34:36,100.0,100.0,40.6262369161725
2026-04-05 15:34:51,100.0,100.0,40.61659986029452
2026-04-05 15:35:06,100.0,100.0,40.60696280441655
2026-04-05 15:35:21,100.0,100.0,40.597325748538566
2026-04-05 15:35:36,100.0,100.0,40.58768869266059
2026-04-05 15:35:51,100.0,100.0,40.57805163678262
2026-04-05 15:36:06,100.0,100.0,40.56841458090464
2026-04-05 15:36:21,100.0,100.0,40.55877752502666
2026-04-05 15:36:36,100.0,100.0,40.54914046914868
2026-04-05 15:36:51,100.0,100.0,40.53950341327071
2026-04-05 15:37:06,100.0,100.0,40.529866357392734
2026-04-05 15:37:21,100.0,100.0,40.52022930151475
2026-04-05 15:37:36,100.0,100.0,40.51059224563678
2026-04-05 15:37:51,100.0,100.0,40.500955189758805
2026-04-05 15:38:06,100.0,100.0,40.491318133880824
2026-04-05 15:38:21,100.0,100.0,40.48168107800285
2026-04-05 15:38:36,100.0,100.0,40.47204402212487
2026-04-05 15:38:51,100.0,100.0,40.462406966246895
2026-04-05 15:39:06,100.0,100.0,40.45276991036892
2026-04-05 15:39:21,100.0,100.0,40.44313285449094
2026-04-05 15:39:36,100.0,100.0,40.43349579861297
2026-04-05 15:39:51,100.0,100.0,40.42385874273499
2026-04-05 15:40:06,100.0,100.0,40.41422168685701
2026-04-05 15:40:21,100.0,100.0,40.40458463097904
2026-04-05 15:40:36,100.0,100.0,40.39494757510106
2026-04-05 15:40:51,100.0,100.0,40.38531051922308
2026-04-05 15:41:06,100.0,100.0,40.37567346334511
2026-04-05 15:41:21,100.0,100.0,40.36603640746713
2026-04-05 15:41:36,100.0,100.0,40.356399351589154
2026-04-05 15:41:51,100.0,100.0,40.34676229571117
2026-04-05 15:42:06,100.0,100.0,40.3371252398332
2026-04-05 15:42:21,100.0,100.0,40.327488183955225
2026-04-05 15:42:36,100.0,100.0,40.317851128077244
2026-04-05 15:42:51,100.0,100.0,40.30821407219927
2026-04-05 15:43:06,100.0,100.0,40.29857701632129
2026-04-05 15:43:21,100.0,100.0,40.288939960443315
2026-04-05 15:43:36,100.0,100.0,40.27930290456534
2026-04-05 15:43:51,100.0,100.0,40.26966584868736
2026-04-05 15:44:06,100.0,100.0,40.260028792809386
2026-04-05 15:44:21,100.0,100.0,40.25039173693141
2026-04-05 15:44:36,100.0,100.0,40.24075468105343
2026-04-05 15:44:51,100.0,100.0,40.23111762517546
2026-04-05 15:45:06,100.0,100.0,40.22148056929748
2026-04-05 15:45:21,100.0,100.0,40.2118435134195
2026-04-05 15:45:36,100.0,100.0,40.20220645754153
2026-04-05 15:45:51,100.0,100.0,40.19256940166355
2026-04-05 15:46:06,100.0,100.0,40.182932345785574
2026-04-05 15:46:21,100.0,100.0,40.1732952899076
2026-04-05 15:46:36,100.0,100.0,40.16365823402962
2026-04-05 15:46:51,100.0,100.0,40.154021178151645
2026-04-05 15:47:06,100.0,100.0,40.144384122273664
2026-04-05 15:47:21,100.0,100.0,40.13474706639569
2026-04-05 15:47:36,100.0,100.0,40.125110010517716
2026-04-05 15:47:51,100.0,100.0,40.115472954639735
2026-04-05 15:48:06,100.0,100.0,40.10583589876176
2026-04-05 15:48:21,100.0,100.0,40.09619884288378
2026-04-05 15:48:36,100.0,100.0,40.086561787005806
2026-04-05 15:48:51,100.0,100.0,40.07692473112783
2026-04-05 15:49:06,100.0,100.0,40.06728767524985
2026-04-05 15:49:21,100.0,100.0,40.05765061937188
2026-04-05 15:49:36,100.0,100.0,40.0480135634939
2026-04-05 15:49:51,100.0,100.0,40.03837650761592
2026-04-05 15:50:06,100.0,100.0,40.02873945173795
2026-04-05 15:50:21,100.0,100.0,40.01910239585997
2026-04-05 15:50:36,100.0,100.0,40.00946533998199
2026-04-05 15:50:51,100.0,100.0,39.99982828410402
2026-04-05 15:51:06,100.0,100.0,39.99019122822604
2026-04-05 15:51:21,100.0,100.0,39.980554172348064
2026-04-05 15:51:36,100.0,100.0,39.97091711647009
2026-04-05 15:51:51,100.0,100.0,39.96128006059211
2026-04-05 15:52:06,100.0,100.0,39.951643004714136
2026-04-05 15:52:21,100.0,100.0,39.942005948836155
2026-04-05 15:52:36,100.0,100.0,39.93236889295818
2026-04-05 15:52:51,100.0,100.0,39.92273183708021
2026-04-05 15:53:06,100.0,100.0,39.913094781202226
2026-04-05 15:53:21,100.0,100.0,39.90345772532425
2026-04-05 15:53:36,100.0,100.0,39.89382066944627
2026-04-05 15:53:51,100.0,100.0,39.8841836135683
2026-04-05 15:54:06,100.0,100.0,39.87454655769032
2026-04-05 15:54:21,100.0,100.0,39.86490950181234
2026-04-05 15:54:36,100.0,100.0,39.85527244593437
2026-04-05 15:54:51,100.0,100.0,39.84563539005639
2026-04-05 15:55:06,100.0,100.0,39.83599833417841
2026-04-05 15:55:21,100.0,100.0,39.82636127830044
2026-04-05 15:55:36,100.0,100.0,39.81672422242246
2026-04-05 15:55:51,100.0,100.0,39.807087166544484
2026-04-05 15:56:06,100.0,100.0,39.79745011066651
2026-04-05 15:56:21,100.0,100.0,39.78781305478853
2026-04-05 15:56:36,100.0,100.0,39.778175998910555
2026-04-05 15:56:51,100.0,100.0,39.76853894303258
2026-04-05 15:57:06,100.0,100.0,39.7589018871546
2026-04-05 15:57:21,100.0,100.0,39.749264831276626
2026-04-05 15:57:36,100.0,100.0,39.739627775398645
2026-04-05 15:57:51,100.0,100.0,39.72999071952067
2026-04-05 15:58:06,100.0,100.0,39.7203536636427
2026-04-05 15:58:21,100.0,100.0,39.71071660776472
2026-04-05 15:58:36,100.0,100.0,39.70107955188674
2026-04-05 15:58:51,100.0,100.0,39.69144249600876
2026-04-05 15:59:06,100.0,100.0,39.68180544013079
2026-04-05 15:59:21,100.0,100.0,39.672168384252814
2026-04-05 15:59:36,100.0,100.0,39.66253132837483
2026-04-05 15:59:51,100.0,100.0,39.65289427249686
2026-04-05 16:00:06,100.0,100.0,39.643966123845004
2026-04-05 16:00:21,100.0,100.0,39.63610133603233
2026-04-05 16:00:36,100.0,100.0,39.62823654821967
2026-04-05 16:00:51,100.0,100.0,39.620371760407
2026-04-05 16:01:06,100.0,100.0,39.612506972594325
2026-04-05 16:01:21,100.0,100.0,39.60464218478166
2026-04-05 16:01:36,100.0,100.0,39.59677739696899
2026-04-05 16:01:51,100.0,100.0,39.58891260915632
2026-04-05 16:02:06,100.0,100.0,39.58104782134365
2026-04-05 16:02:21,100.0,100.0,39.57318303353098
2026-04-05 16:02:36,100.0,100.0,39.56531824571831
2026-04-05 16:02:51,100.0,100.0,39.557453457905645
2026-04-05 16:03:06,100.0,100.0,39.54958867009297
2026-04-05 16:03:21,87.5,100.0,39.54172388228031
2026-04-05 16:03:36,87.5,100.0,39.53385909446764
2026-04-05 16:03:51,87.5,100.0,39.525994306654965
2026-04-05 16:04:06,100.0,100.0,39.5181295188423
2026-04-05 16:04:21,100.0,100.0,39.51026473102963
2026-04-05 16:04:36,87.5,100.0,39.50239994321696
2026-04-05 16:04:51,100.0,100.0,39.49453515540429
2026-04-05 16:05:06,100.0,100.0,39.48667036759162
2026-04-05 16:05:21,87.5,100.0,39.47880557977895
2026-04-05 16:05:36,87.5,100.0,39.470940791966285
2026-04-05 16:05:51,100.0,100.0,39.46307600415361
2026-04-05 16:06:06,100.0,100.0,39.45521121634094
2026-04-05 16:06:21,87.5,100.0,39.44734642852828
2026-04-05 16:06:36,87.5,100.0,39.439481640715606
2026-04-05 16:06:51,87.5,100.0,39.431616852902934
2026-04-05 16:07:06,87.5,100.0,39.42375206509027
2026-04-05 16:07:21,87.5,100.0,39.4158872772776
2026-04-05 16:07:36,87.5,100.0,39.40802248946493
2026-04-05 16:07:51,87.5,100.0,39.40015770165226
2026-04-05 16:08:06,87.5,100.0,39.39229291383959
2026-04-05 16:08:21,87.5,100.0,39.384428126026926
2026-04-05 16:08:36,87.5,100.0,39.376563338214254
2026-04-05 16:08:51,87.5,100.0,39.36869855040158
2026-04-05 16:09:06,87.5,100.0,39.36083376258892
2026-04-05 16:09:21,87.5,100.0,39.352968974776246
2026-04-05 16:09:36,87.5,100.0,39.345104186963574
2026-04-05 16:09:51,87.5,100.0,39.33723939915091
2026-04-05 16:10:06,87.5,100.0,39.32937461133824
2026-04-05 16:10:21,87.5,100.0,39.32150982352557
2026-04-05 16:10:36,87.5,100.0,39.3136450357129
2026-04-05 16:10:51,87.5,100.0,39.30578024790023
2026-04-05 16:11:06,87.5,100.0,39.29791546008756
2026-04-05 16:11:21,87.5,100.0,39.290050672274894
2026-04-05 16:11:36,87.5,100.0,39.28218588446222
2026-04-05 16:11:51,87.5,100.0,39.27432109664955
2026-04-05 16:12:06,87.5,100.0,39.26645630883689
2026-04-05 16:12:21,87.5,100.0,39.258591521024215
2026-04-05 16:12:36,87.5,100.0,39.25072673321155
2026-04-05 16:12:51,87.5,100.0,39.24286194539888
2026-04-05 16:13:06,87.5,100.0,39.23499715758621
2026-04-05 16:13:21,87.5,100.0,39.22713236977354
2026-04-05 16:13:36,87.5,100.0,39.21926758196087
2026-04-05 16:13:51,87.5,100.0,39.2114027941482
2026-04-05 16:14:06,87.5,100.0,39.203538006335535
2026-04-05 16:14:21,87.5,100.0,39.19567321852286
2026-04-05 16:14:36,87.5,100.0,39.18780843071019
2026-04-05 16:14:51,87.5,100.0,39.17994364289753
2026-04-05 16:15:06,87.5,100.0,39.172078855084855
2026-04-05 16:15:21,87.5,100.0,39.164214067272184
2026-04-05 16:15:36,87.5,100.0,39.15634927945952
2026-04-05 16:15:51,87.5,100.0,39.14848449164685
2026-04-05 16:16:06,87.5,100.0,39.140619703834176
2026-04-05 16:16:21,87.5,100.0,39.13275491602151
2026-04-05 16:16:36,87.5,100.0,39.12489012820884
2026-04-05 16:16:51,87.5,100.0,39.117025340396175
2026-04-05 16:17:06,87.5,100.0,39.1091605525835
2026-04-05 16:17:21,87.5,100.0,39.10129576477083
2026-04-05 16:17:36,87.5,100.0,39.09343097695817
2026-04-05 16:17:51,87.5,100.0,39.085566189145496
2026-04-05 16:18:06,87.5,100.0,39.077701401332824
2026-04-05 16:18:21,87.5,100.0,39.06983661352016
2026-04-05 16:18:36,87.5,100.0,39.06197182570749
2026-04-05 16:18:51,87.5,100.0,39.054107037894816
2026-04-05 16:19:06,87.5,100.0,39.04624225008215
2026-04-05 16:19:21,87.5,100.0,39.03837746226948
2026-04-05 16:19:36,87.5,100.0,39.03051267445681
2026-04-05 16:19:51,87.5,100.0,39.022647886644144
2026-04-05 16:20:06,87.5,100.0,39.01478309883147
2026-04-05 16:20:21,87.5,100.0,39.0069183110188
2026-04-05 16:20:36,87.5,100.0,38.999053523206136
2026-04-05 16:20:51,87.5,100.0,38.991188735393465
2026-04-05 16:21:06,87.5,100.0,38.9833239475808
2026-04-05 16:21:21,87.5,100.0,38.97545915976813
2026-04-05 16:21:36,87.5,100.0,38.96759437195546
2026-04-05 16:21:51,87.5,100.0,38.95972958414279
2026-04-05 16:22:06,87.5,100.0,38.95186479633012
2026-04-05 16:22:21,87.5,100.0,38.94400000851745
2026-04-05 16:22:36,87.5,100.0,38.936135220704784
2026-04-05 16:22:51,87.5,100.0,38.92827043289211
2026-04-05 16:23:06,87.5,100.0,38.92040564507944
2026-04-05 16:23:21,87.5,100.0,38.91254085726678
2026-04-05 16:23:36,87.5,100.0,38.904676069454105
2026-04-05 16:23:51,87.5,100.0,38.89681128164143
2026-04-05 16:24:06,87.5,100.0,38.88894649382877
2026-04-05 16:24:21,87.5,100.0,38.8810817060161
2026-04-05 16:24:36,87.5,100.0,38.873216918203426
2026-04-05 16:24:51,87.5,100.0,38.86535213039076
2026-04-05 16:25:06,87.5,100.0,38.85748734257809
2026-04-05 16:25:21,87.5,100.0,38.84962255476542
2026-04-05 16:25:36,87.5,100.0,38.84175776695275
2026-04-05 16:25:51,87.5,100.0,38.83389297914008
2026-04-05 16:26:06,87.5,100.0,38.82602819132742
2026-04-05 16:26:21,87.5,100.0,38.818163403514745
2026-04-05 16:26:36,87.5,100.0,38.810298615702074
2026-04-05 16:26:51,87.5,100.0,38.80243382788941
2026-04-05 16:27:06,87.5,100.0,38.79456904007674
2026-04-05 16:27:21,87.5,100.0,38.786704252264066
2026-04-05 16:27:36,87.5,100.0,38.7788394644514
2026-04-05 16:27:51,87.5,100.0,38.77097467663873
2026-04-05 16:28:06,87.5,100.0,38.76310988882606
2026-04-05 16:28:21,87.5,100.0,38.755245101013394
2026-04-05 16:28:36,87.5,100.0,38.74738031320072
2026-04-05 16:28:51,87.5,100.0,38.73951552538805
2026-04-05 16:29:06,87.5,100.0,38.731650737575386
2026-04-05 16:29:21,87.5,100.0,38.723785949762714
2026-04-05 16:29:36,87.5,100.0,38.71592116195004
2026-04-05 16:29:51,87.5,100.0,38.70805637413738
2026-04-05 16:30:06,87.5,100.0,38.700191586324706
2026-04-05 16:30:21,87.5,100.0,38.69232679851204
2026-04-05 16:30:36,87.5,100.0,38.68446201069937
2026-04-05 16:30:51,87.5,100.0,38.6765972228867
2026-04-05 16:31:06,87.5,100.0,38.668732435074034
2026-04-05 16:31:21,87.5,100.0,38.66086764726136
2026-04-05 16:31:36,87.5,100.0,38.65300285944869
2026-04-05 16:31:51,87.5,100.0,38.645138071636026
2026-04-05 16:32:06,87.5,100.0,38.637273283823355
2026-04-05 16:32:21,87.5,100.0,38.62940849601068
2026-04-05 16:32:36,87.5,100.0,38.62154370819802
2026-04-05 16:32:51,87.5,100.0,38.61367892038535
2026-04-05 16:33:06,87.5,100.0,38.605814132572675
2026-04-05 16:33:21,87.5,100.0,38.59794934476001
2026-04-05 16:33:36,87.5,100.0,38.59008455694734
2026-04-05 16:33:51,87.5,100.0,38.58221976913467
2026-04-05 16:34:06,87.5,100.0,38.574354981322
2026-04-05 16:34:21,87.5,100.0,38.56649019350933
2026-04-05 16:34:36,87.5,100.0,38.55862540569667
2026-04-05 16:34:51,87.5,100.0,38.550760617883995
2026-04-05 16:35:06,87.5,100.0,38.54289583007132
2026-04-05 16:35:21,87.5,100.0,38.53503104225866
2026-04-05 16:35:36,87.5,100.0,38.52716625444599
2026-04-05 16:35:51,87.5,100.0,38.519301466633316
2026-04-05 16:36:06,87.5,100.0,38.51143667882065
2026-04-05 16:36:21,87.5,100.0,38.50357189100798
2026-04-05 16:36:36,87.5,100.0,38.49570710319531
2026-04-05 16:36:51,87.5,100.0,38.48784231538264
2026-04-05 16:37:06,87.5,100.0,38.47997752756997
2026-04-05 16:37:21,87.5,100.0,38.4721127397573
2026-04-05 16:37:36,87.5,100.0,38.464247951944635
2026-04-05 16:37:51,87.5,100.0,38.456383164131964
2026-04-05 16:38:06,87.5,100.0,38.44851837631929
2026-04-05 16:38:21,87.5,100.0,38.44065358850663
2026-04-05 16:38:36,87.5,100.0,38.432788800693956
2026-04-05 16:38:51,87.5,100.0,38.42492401288129
2026-04-05 16:39:06,87.5,100.0,38.41705922506862
2026-04-05 16:39:21,87.5,100.0,38.40919443725595
2026-04-05 16:39:36,87.5,100.0,38.401329649443284
2026-04-05 16:39:51,87.5,100.0,38.39346486163061
2026-04-05 16:40:06,87.5,100.0,38.38560007381794
2026-04-05 16:40:21,87.5,100.0,38.377735286005276
2026-04-05 16:40:36,87.5,100.0,38.369870498192604
2026-04-05 16:40:51,87.5,100.0,38.36200571037993
2026-04-05 16:41:06,87.5,100.0,38.35414092256727
2026-04-05 16:41:21,87.5,100.0,38.346276134754596
2026-04-05 16:41:36,87.5,100.0,38.338411346941925
2026-04-05 16:41:51,87.5,100.0,38.33054655912926
2026-04-05 16:42:06,87.5,100.0,38.32268177131659
2026-04-05 16:42:21,87.5,100.0,38.31481698350392
2026-04-05 16:42:36,87.5,100.0,38.30695219569125
2026-04-05 16:42:51,87.5,100.0,38.29908740787858
2026-04-05 16:43:06,87.5,100.0,38.29122262006591
2026-04-05 16:43:21,87.5,100.0,38.283357832253245
2026-04-05 16:43:36,87.5,100.0,38.27549304444057
2026-04-05 16:43:51,87.5,100.0,38.26762825662791
2026-04-05 16:44:06,87.5,100.0,38.25976346881524
2026-04-05 16:44:21,87.5,100.0,38.251898681002565
2026-04-05 16:44:36,87.5,100.0,38.2440338931899
2026-04-05 16:44:51,87.5,100.0,38.23616910537723
2026-04-05 16:45:06,87.5,100.0,38.22830431756456
2026-04-05 16:45:21,87.5,100.0,38.22043952975189
2026-04-05 16:45:36,87.5,100.0,38.21257474193922
2026-04-05 16:45:51,87.5,100.0,38.20470995412655
2026-04-05 16:46:06,87.5,100.0,38.196845166313885
2026-04-05 16:46:21,87.5,100.0,38.18898037850121
2026-04-05 16:46:36,87.5,100.0,38.18111559068854
2026-04-05 16:46:51,87.5,100.0,38.17325080287588
2026-04-05 16:47:06,87.5,100.0,38.165386015063206
2026-04-05 16:47:21,87.5,100.0,38.157521227250534
2026-04-05 16:47:36,87.5,100.0,38.14965643943787
2026-04-05 16:47:51,87.5,100.0,38.1417916516252
2026-04-05 16:48:06,87.5,100.0,38.13392686381253
2026-04-05 16:48:21,87.5,100.0,38.12606207599986
2026-04-05 16:48:36,87.5,100.0,38.11819728818719
2026-04-05 16:48:51,87.5,100.0,38.110332500374525
2026-04-05 16:49:06,87.5,100.0,38.102467712561854
2026-04-05 16:49:21,87.5,100.0,38.09460292474918
2026-04-05 16:49:36,100.0,100.0,38.08673813693652
2026-04-05 16:49:51,100.0,100.0,38.078873349123846
2026-04-05 16:50:06,100.0,100.0,38.071008561311174
2026-04-05 16:50:21,100.0,100.0,38.06314377349851
2026-04-05 16:50:36,87.5,100.0,38.05527898568584
2026-04-05 16:50:51,100.0,100.0,38.04741419787317
2026-04-05 16:51:06,100.0,100.0,38.0395494100605
2026-04-05 16:51:21,100.0,100.0,38.03168462224783
2026-04-05 16:51:36,100.0,100.0,38.02381983443516
2026-04-05 16:51:51,100.0,100.0,38.015955046622494
2026-04-05 16:52:06,100.0,100.0,38.00809025880982
2026-04-05 16:52:21,100.0,100.0,38.00022547099716
2026-04-05 16:52:36,100.0,100.0,37.99236068318449
2026-04-05 16:52:51,100.0,100.0,37.984495895371815
2026-04-05 16:53:06,100.0,100.0,37.97663110755915
2026-04-05 16:53:21,87.5,100.0,37.96876631974648
2026-04-05 16:53:36,87.5,100.0,37.96090153193381
2026-04-05 16:53:51,87.5,100.0,37.95303674412114
2026-04-05 16:54:06,87.5,100.0,37.94517195630847
2026-04-05 16:54:21,87.5,100.0,37.9373071684958
2026-04-05 16:54:36,87.5,100.0,37.929442380683135
2026-04-05 16:54:51,87.5,100.0,37.92157759287046
2026-04-05 16:55:06,87.5,100.0,37.91371280505779
2026-04-05 16:55:21,87.5,100.0,37.90584801724513
2026-04-05 16:55:36,87.5,100.0,37.897983229432455
2026-04-05 16:55:51,87.5,100.0,37.890118441619784
2026-04-05 16:56:06,87.5,100.0,37.88225365380712
2026-04-05 16:56:21,87.5,100.0,37.87438886599445
2026-04-05 16:56:36,87.5,100.0,37.86652407818178
2026-04-05 16:56:51,87.5,100.0,37.85865929036911
2026-04-05 16:57:06,100.0,100.0,37.85079450255644
2026-04-05 16:57:21,100.0,100.0,37.842929714743775
2026-04-05 16:57:36,100.0,100.0,37.8350649269311
2026-04-05 16:57:51,100.0,100.0,37.82720013911843
2026-04-05 16:58:06,100.0,100.0,37.81933535130577
2026-04-05 16:58:21,100.0,100.0,37.811470563493096
2026-04-05 16:58:36,100.0,100.0,37.803605775680424
2026-04-05 16:58:51,100.0,100.0,37.79574098786776
2026-04-05 16:59:06,100.0,100.0,37.78787620005509
2026-04-05 16:59:21,100.0,100.0,37.780011412242416
2026-04-05 16:59:36,100.0,100.0,37.77214662442975
2026-04-05 16:59:51,100.0,100.0,37.76428183661708
2026-04-05 17:00:06,100.0,100.0,37.75641704880441
2026-04-05 17:00:21,100.0,100.0,37.748552260991744
2026-04-05 17:00:36,100.0,100.0,37.74068747317907
2026-04-05 17:00:51,100.0,100.0,37.7328226853664
2026-04-05 17:01:06,100.0,100.0,37.724957897553736
2026-04-05 17:01:21,100.0,100.0,37.717093109741064
2026-04-05 17:01:36,100.0,100.0,37.7092283219284
2026-04-05 17:01:51,100.0,100.0,37.70136353411573
2026-04-05 17:02:06,100.0,100.0,37.69349874630306
2026-04-05 17:02:21,100.0,100.0,37.68563395849039
2026-04-05 17:02:36,100.0,100.0,37.67776917067772
2026-04-05 17:02:51,100.0,100.0,37.66990438286505
2026-04-05 17:03:06,100.0,100.0,37.662039595052384
2026-04-05 17:03:21,100.0,100.0,37.65417480723971
2026-04-05 17:03:36,100.0,100.0,37.64631001942704
2026-04-05 17:03:51,100.0,100.0,37.63844523161438
2026-04-05 17:04:06,100.0,100.0,37.630580443801705
2026-04-05 17:04:21,100.0,100.0,37.62271565598903
2026-04-05 17:04:36,100.0,100.0,37.61485086817637
2026-04-05 17:04:51,100.0,100.0,37.6069860803637
2026-04-05 17:05:06,100.0,100.0,37.59912129255103
2026-04-05 17:05:21,100.0,100.0,37.59125650473836
2026-04-05 17:05:36,100.0,100.0,37.58339171692569
2026-04-05 17:05:51,100.0,100.0,37.575526929113025
2026-04-05 17:06:06,100.0,100.0,37.56766214130035
2026-04-05 17:06:21,100.0,100.0,37.55979735348768
2026-04-05 17:06:36,100.0,100.0,37.55193256567502
2026-04-05 17:06:51,100.0,100.0,37.544067777862345
2026-04-05 17:07:06,100.0,100.0,37.536202990049674
2026-04-05 17:07:21,100.0,100.0,37.52833820223701
2026-04-05 17:07:36,100.0,100.0,37.52047341442434
2026-04-05 17:07:51,100.0,100.0,37.512608626611666
2026-04-05 17:08:06,100.0,100.0,37.504743838799
2026-04-05 17:08:21,100.0,100.0,37.49687905098633
2026-04-05 17:08:36,100.0,100.0,37.48901426317366
2026-04-05 17:08:51,100.0,100.0,37.48114947536099
2026-04-05 17:09:06,100.0,100.0,37.47328468754832
2026-04-05 17:09:21,100.0,100.0,37.46541989973565
2026-04-05 17:09:36,100.0,100.0,37.457555111922986
2026-04-05 17:09:51,100.0,100.0,37.449690324110314
2026-04-05 17:10:06,100.0,100.0,37.44182553629764
2026-04-05 17:10:21,100.0,100.0,37.43396074848498
2026-04-05 17:10:36,100.0,100.0,37.426095960672306
2026-04-05 17:10:51,100.0,100.0,37.41823117285964
2026-04-05 17:11:06,100.0,100.0,37.41036638504697
2026-04-05 17:11:21,100.0,100.0,37.4025015972343
2026-04-05 17:11:36,100.0,100.0,37.394636809421634
2026-04-05 17:11:51,100.0,100.0,37.38677202160896
2026-04-05 17:12:06,100.0,100.0,37.37890723379629
2026-04-05 17:12:21,100.0,100.0,37.371042445983626
2026-04-05 17:12:36,100.0,100.0,37.363177658170954
2026-04-05 17:12:51,100.0,100.0,37.35531287035828
2026-04-05 17:13:06,100.0,100.0,37.34744808254562
2026-04-05 17:13:21,100.0,100.0,37.33958329473295
2026-04-05 17:13:36,100.0,100.0,37.331718506920275
2026-04-05 17:13:51,100.0,100.0,37.32385371910761
2026-04-05 17:14:06,100.0,100.0,37.31598893129494
2026-04-05 17:14:21,100.0,100.0,37.308124143482274
2026-04-05 17:14:36,100.0,100.0,37.3002593556696
2026-04-05 17:14:51,100.0,100.0,37.29239456785693
2026-04-05 17:15:06,100.0,100.0,37.28452978004427
2026-04-05 17:15:21,100.0,100.0,37.276664992231595
2026-04-05 17:15:36,100.0,100.0,37.26880020441892
2026-04-05 17:15:51,100.0,100.0,37.26093541660626
2026-04-05 17:16:06,100.0,100.0,37.25307062879359
2026-04-05 17:16:21,100.0,100.0,37.245205840980915
2026-04-05 17:16:36,100.0,100.0,37.23734105316825
2026-04-05 17:16:51,100.0,100.0,37.22947626535558
2026-04-05 17:17:06,100.0,100.0,37.22161147754291
2026-04-05 17:17:21,100.0,100.0,37.21374668973024
2026-04-05 17:17:36,100.0,100.0,37.20588190191757
2026-04-05 17:17:51,100.0,100.0,37.1980171141049
2026-04-05 17:18:06,100.0,100.0,37.190152326292235
2026-04-05 17:18:21,100.0,100.0,37.182287538479564
2026-04-05 17:18:36,100.0,100.0,37.17442275066689
2026-04-05 17:18:51,100.0,100.0,37.16655796285423
2026-04-05 17:19:06,100.0,100.0,37.158693175041556
2026-04-05 17:19:21,100.0,100.0,37.15082838722889
2026-04-05 17:19:36,100.0,100.0,37.14296359941622
2026-04-05 17:19:51,100.0,100.0,37.13509881160355
2026-04-05 17:20:06,100.0,100.0,37.127234023790884
2026-04-05 17:20:21,100.0,100.0,37.11936923597821
2026-04-05 17:20:36,100.0,100.0,37.11150444816554
2026-04-05 17:20:51,100.0,100.0,37.103639660352876
2026-04-05 17:21:06,100.0,100.0,37.095774872540204
2026-04-05 17:21:21,100.0,100.0,37.08791008472753
2026-04-05 17:21:36,100.0,100.0,37.08004529691487
2026-04-05 17:21:51,100.0,100.0,37.072180509102196
2026-04-05 17:22:06,100.0,100.0,37.064315721289525
2026-04-05 17:22:21,100.0,100.0,37.05645093347686
2026-04-05 17:22:36,100.0,100.0,37.04858614566419
2026-04-05 17:22:51,100.0,100.0,37.040721357851524
2026-04-05 17:23:06,100.0,100.0,37.03285657003885
2026-04-05 17:23:21,100.0,100.0,37.02499178222618
2026-04-05 17:23:36,100.0,100.0,37.017126994413516
2026-04-05 17:23:51,100.0,100.0,37.009262206600845
2026-04-05 17:24:06,100.0,100.0,37.00139741878817
2026-04-05 17:24:21,100.0,100.0,36.99353263097551
2026-04-05 17:24:36,100.0,100.0,36.98566784316284
2026-04-05 17:24:51,100.0,100.0,36.977803055350165
2026-04-05 17:25:06,100.0,100.0,36.9699382675375
2026-04-05 17:25:21,100.0,100.0,36.96207347972483
2026-04-05 17:25:36,100.0,100.0,36.95420869191216
2026-04-05 17:25:51,100.0,100.0,36.94634390409949
2026-04-05 17:26:06,100.0,100.0,36.93847911628682
2026-04-05 17:26:21,100.0,100.0,36.93061432847415
2026-04-05 17:26:36,100.0,100.0,36.922749540661485
2026-04-05 17:26:51,100.0,100.0,36.91488475284881
2026-04-05 17:27:06,100.0,100.0,36.90701996503614
2026-04-05 17:27:21,100.0,100.0,36.89915517722348
2026-04-05 17:27:36,100.0,100.0,36.891290389410806
2026-04-05 17:27:51,100.0,100.0,36.883425601598134
2026-04-05 17:28:06,100.0,100.0,36.87556081378547
2026-04-05 17:28:21,100.0,100.0,36.8676960259728
2026-04-05 17:28:36,100.0,100.0,36.85983123816013
2026-04-05 17:28:51,100.0,100.0,36.85196645034746
2026-04-05 17:29:06,100.0,100.0,36.84410166253479
2026-04-05 17:29:21,100.0,100.0,36.836236874722125
2026-04-05 17:29:36,100.0,100.0,36.828372086909454
2026-04-05 17:29:51,100.0,100.0,36.82050729909678
2026-04-05 17:30:06,100.0,100.0,36.81264251128412
2026-04-05 17:30:21,100.0,100.0,36.804777723471446
2026-04-05 17:30:36,100.0,100.0,36.796912935658774
2026-04-05 17:30:51,100.0,100.0,36.78904814784611
2026-04-05 17:31:06,100.0,100.0,36.78118336003344
2026-04-05 17:31:21,100.0,100.0,36.77331857222077
2026-04-05 17:31:36,100.0,100.0,36.7654537844081
2026-04-05 17:31:51,100.0,100.0,36.75758899659543
2026-04-05 17:32:06,100.0,100.0,36.749724208782766
2026-04-05 17:32:21,100.0,100.0,36.741859420970094
2026-04-05 17:32:36,100.0,100.0,36.73399463315742
2026-04-05 17:32:51,100.0,100.0,36.72612984534476
2026-04-05 17:33:06,100.0,100.0,36.718265057532086
2026-04-05 17:33:21,100.0,100.0,36.710400269719415
2026-04-05 17:33:36,100.0,100.0,36.70253548190675
2026-04-05 17:33:51,100.0,100.0,36.69467069409408
2026-04-05 17:34:06,100.0,100.0,36.68680590628141
2026-04-05 17:34:21,100.0,100.0,36.67894111846874
2026-04-05 17:34:36,100.0,100.0,36.67107633065607
2026-04-05 17:34:51,100.0,100.0,36.6632115428434
2026-04-05 17:35:06,100.0,100.0,36.655346755030735
2026-04-05 17:35:21,100.0,100.0,36.64748196721806
2026-04-05 17:35:36,100.0,100.0,36.63961717940539
2026-04-05 17:35:51,100.0,100.0,36.63175239159273
2026-04-05 17:36:06,100.0,100.0,36.623887603780055
2026-04-05 17:36:21,100.0,100.0,36.61602281596738
2026-04-05 17:36:36,100.0,100.0,36.60815802815472
2026-04-05 17:36:51,100.0,100.0,36.60029324034205
2026-04-05 17:37:06,100.0,100.0,36.59242845252938
2026-04-05 17:37:21,100.0,100.0,36.58456366471671
2026-04-05 17:37:36,100.0,100.0,36.57669887690404
2026-04-05 17:37:51,100.0,100.0,36.568834089091375
2026-04-05 17:38:06,100.0,100.0,36.5609693012787
2026-04-05 17:38:21,100.0,100.0,36.55310451346603
2026-04-05 17:38:36,100.0,100.0,36.54523972565337
2026-04-05 17:38:51,100.0,100.0,36.537374937840696
2026-04-05 17:39:06,100.0,100.0,36.529510150028024
2026-04-05 17:39:21,100.0,100.0,36.52164536221536
2026-04-05 17:39:36,100.0,100.0,36.51378057440269
2026-04-05 17:39:51,100.0,100.0,36.505915786590016
2026-04-05 17:40:06,100.0,100.0,36.49805099877735
2026-04-05 17:40:21,100.0,100.0,36.49018621096468
2026-04-05 17:40:36,100.0,100.0,36.482321423152015
2026-04-05 17:40:51,100.0,100.0,36.474456635339344
2026-04-05 17:41:06,100.0,100.0,36.46659184752667
2026-04-05 17:41:21,100.0,100.0,36.45872705971401
2026-04-05 17:41:36,100.0,100.0,36.450862271901336
2026-04-05 17:41:51,100.0,100.0,36.442997484088664
2026-04-05 17:42:06,100.0,100.0,36.435132696276
2026-04-05 17:42:21,100.0,100.0,36.42726790846333
2026-04-05 17:42:36,100.0,100.0,36.41940312065066
2026-04-05 17:42:51,100.0,100.0,36.41153833283799
2026-04-05 17:43:06,100.0,100.0,36.40367354502532
2026-04-05 17:43:21,100.0,100.0,36.39580875721265
2026-04-05 17:43:36,100.0,100.0,36.387943969399984
2026-04-05 17:43:51,100.0,100.0,36.38007918158731
2026-04-05 17:44:06,100.0,100.0,36.37221439377464
2026-04-05 17:44:21,100.0,100.0,36.364349605961976
2026-04-05 17:44:36,100.0,100.0,36.356484818149305
2026-04-05 17:44:51,100.0,100.0,36.34862003033663
2026-04-05 17:45:06,100.0,100.0,36.34075524252397
2026-04-05 17:45:21,100.0,100.0,36.3328904547113
2026-04-05 17:45:36,100.0,100.0,36.325025666898625
2026-04-05 17:45:51,100.0,100.0,36.31716087908596
2026-04-05 17:46:06,100.0,100.0,36.30929609127329
2026-04-05 17:46:21,100.0,100.0,36.301431303460625
2026-04-05 17:46:36,100.0,100.0,36.29356651564795
2026-04-05 17:46:51,100.0,100.0,36.28570172783528
2026-04-05 17:47:06,100.0,100.0,36.27783694002262
2026-04-05 17:47:21,100.0,100.0,36.269972152209945
2026-04-05 17:47:36,100.0,100.0,36.262107364397274
2026-04-05 17:47:51,100.0,100.0,36.25424257658461
2026-04-05 17:48:06,100.0,100.0,36.24637778877194
2026-04-05 17:48:21,100.0,100.0,36.238513000959266
2026-04-05 17:48:36,100.0,100.0,36.2306482131466
2026-04-05 17:48:51,100.0,100.0,36.22278342533393
2026-04-05 17:49:06,100.0,100.0,36.21491863752126
2026-04-05 17:49:21,100.0,100.0,36.20705384970859
2026-04-05 17:49:36,100.0,100.0,36.19918906189592
2026-04-05 17:49:51,100.0,100.0,36.19132427408326
2026-04-05 17:50:06,100.0,100.0,36.183459486270586
2026-04-05 17:50:21,100.0,100.0,36.175594698457914
2026-04-05 17:50:36,100.0,100.0,36.16772991064525
2026-04-05 17:50:51,100.0,100.0,36.15986512283258
2026-04-05 17:51:06,100.0,100.0,36.152000335019906
2026-04-05 17:51:21,100.0,100.0,36.14413554720724
2026-04-05 17:51:36,100.0,100.0,36.13627075939457
2026-04-05 17:51:51,100.0,100.0,36.1284059715819
2026-04-05 17:52:06,100.0,100.0,36.120541183769234
2026-04-05 17:52:21,100.0,100.0,36.11267639595656
2026-04-05 17:52:36,100.0,100.0,36.10481160814389
2026-04-05 17:52:51,100.0,100.0,36.096946820331226
2026-04-05 17:53:06,100.0,100.0,36.089082032518554
2026-04-05 17:53:21,100.0,100.0,36.08121724470588
2026-04-05 17:53:36,100.0,100.0,36.07335245689322
2026-04-05 17:53:51,100.0,100.0,36.06548766908055
2026-04-05 17:54:06,100.0,100.0,36.057622881267875
2026-04-05 17:54:21,100.0,100.0,36.04975809345521
2026-04-05 17:54:36,100.0,100.0,36.04189330564254
2026-04-05 17:54:51,100.0,100.0,36.034028517829874
2026-04-05 17:55:06,100.0,100.0,36.0261637300172
2026-04-05 17:55:21,100.0,100.0,36.01829894220453
2026-04-05 17:55:36,100.0,100.0,36.01043415439187
2026-04-05 17:55:51,100.0,100.0,36.002569366579195
2026-04-05 17:56:06,100.0,100.0,35.99470457876652
2026-04-05 17:56:21,100.0,100.0,35.98683979095386
2026-04-05 17:56:36,100.0,100.0,35.97897500314119
2026-04-05 17:56:51,100.0,100.0,35.971110215328515
2026-04-05 17:57:06,100.0,100.0,35.96324542751585
2026-04-05 17:57:21,100.0,100.0,35.95538063970318
2026-04-05 17:57:36,100.0,100.0,35.94751585189051
2026-04-05 17:57:51,100.0,100.0,35.93965106407784
2026-04-05 17:58:06,100.0,100.0,35.93178627626517
2026-04-05 17:58:21,100.0,100.0,35.92392148845251
2026-04-05 17:58:36,100.0,100.0,35.916056700639835
2026-04-05 17:58:51,100.0,100.0,35.908191912827164
2026-04-05 17:59:06,100.0,100.0,35.9003271250145
2026-04-05 17:59:21,100.0,100.0,35.89246233720183
2026-04-05 17:59:36,100.0,100.0,35.884597549389156
2026-04-05 17:59:51,100.0,100.0,35.87673276157649
2026-04-05 18:00:06,100.0,100.0,35.88930273942994
2026-04-05 18:00:21,100.0,100.0,35.932524865782575
2026-04-05 18:00:36,100.0,100.0,35.97574699213521
2026-04-05 18:00:51,100.0,100.0,36.01896911848784
2026-04-05 18:01:06,100.0,100.0,36.06219124484047
2026-04-05 18:01:21,100.0,100.0,36.1054133711931
2026-04-05 18:01:36,100.0,100.0,36.14863549754573
2026-04-05 18:01:51,100.0,100.0,36.19185762389837
2026-04-05 18:02:06,100.0,100.0,36.235079750251
2026-04-05 18:02:21,100.0,100.0,36.278301876603635
2026-04-05 18:02:36,100.0,100.0,36.32152400295627
2026-04-05 18:02:51,100.0,100.0,36.3647461293089
2026-04-05 18:03:06,100.0,100.0,36.40796825566153
2026-04-05 18:03:21,100.0,100.0,36.45119038201417
2026-04-05 18:03:36,100.0,100.0,36.4944125083668
2026-04-05 18:03:51,100.0,100.0,36.53763463471943
2026-04-05 18:04:06,100.0,100.0,36.58085676107206
2026-04-05 18:04:21,100.0,100.0,36.624078887424695
2026-04-05 18:04:36,100.0,100.0,36.66730101377733
2026-04-05 18:04:51,100.0,100.0,36.710523140129965
2026-04-05 18:05:06,100.0,100.0,36.753745266482596
2026-04-05 18:05:21,100.0,100.0,36.79696739283523
2026-04-05 18:05:36,100.0,100.0,36.84018951918786
2026-04-05 18:05:51,100.0,100.0,36.88341164554049
2026-04-05 18:06:06,100.0,100.0,36.92663377189312
2026-04-05 18:06:21,100.0,100.0,36.96985589824576
2026-04-05 18:06:36,100.0,100.0,37.01307802459839
2026-04-05 18:06:51,100.0,100.0,37.056300150951024
2026-04-05 18:07:06,100.0,100.0,37.099522277303656
2026-04-05 18:07:21,100.0,100.0,37.14274440365629
2026-04-05 18:07:36,100.0,100.0,37.185966530008926
2026-04-05 18:07:51,100.0,100.0,37.22918865636156
2026-04-05 18:08:06,100.0,100.0,37.27241078271419
2026-04-05 18:08:21,100.0,100.0,37.31563290906682
2026-04-05 18:08:36,100.0,100.0,37.35885503541945
2026-04-05 18:08:51,100.0,100.0,37.402077161772084
2026-04-05 18:09:06,100.0,100.0,37.44529928812472
2026-04-05 18:09:21,100.0,100.0,37.488521414477354
2026-04-05 18:09:36,100.0,100.0,37.531743540829986
2026-04-05 18:09:51,100.0,100.0,37.57496566718262
2026-04-05 18:10:06,100.0,100.0,37.61818779353525
2026-04-05 18:10:21,100.0,100.0,37.66140991988788
2026-04-05 18:10:36,100.0,100.0,37.70463204624052
2026-04-05 18:10:51,100.0,100.0,37.74785417259315
2026-04-05 18:11:06,100.0,100.0,37.79107629894578
2026-04-05 18:11:21,100.0,100.0,37.834298425298414
2026-04-05 18:11:36,100.0,100.0,37.877520551651045
2026-04-05 18:11:51,100.0,100.0,37.92074267800368
2026-04-05 18:12:06,100.0,100.0,37.963964804356316
2026-04-05 18:12:21,100.0,100.0,38.00718693070895
2026-04-05 18:12:36,100.0,100.0,38.05040905706158
2026-04-05 18:12:51,100.0,100.0,38.09363118341421
2026-04-05 18:13:06,100.0,100.0,38.13685330976684
2026-04-05 18:13:21,100.0,100.0,38.18007543611947
2026-04-05 18:13:36,100.0,100.0,38.22329756247211
2026-04-05 18:13:51,100.0,100.0,38.266519688824744
2026-04-05 18:14:06,100.0,100.0,38.309741815177375
2026-04-05 18:14:21,100.0,100.0,38.35296394153001
2026-04-05 18:14:36,100.0,100.0,38.39618606788264
2026-04-05 18:14:51,100.0,100.0,38.43940819423527
2026-04-05 18:15:06,100.0,100.0,38.48263032058791
2026-04-05 18:15:21,100.0,100.0,38.52585244694054
2026-04-05 18:15:36,100.0,100.0,38.56907457329317
2026-04-05 18:15:51,100.0,100.0,38.6122966996458
2026-04-05 18:16:06,100.0,100.0,38.655518825998435
2026-04-05 18:16:21,100.0,100.0,38.698740952351066
2026-04-05 18:16:36,100.0,100.0,38.741963078703705
2026-04-05 18:16:51,100.0,100.0,38.78518520505634
2026-04-05 18:17:06,100.0,100.0,38.82840733140897
2026-04-05 18:17:21,100.0,100.0,38.8716294577616
2026-04-05 18:17:36,100.0,100.0,38.91485158411423
2026-04-05 18:17:51,100.0,100.0,38.95807371046686
2026-04-05 18:18:06,100.0,100.0,39.0012958368195
2026-04-05 18:18:21,100.0,100.0,39.04451796317213
2026-04-05 18:18:36,100.0,100.0,39.087740089524765
2026-04-05 18:18:51,100.0,100.0,39.130962215877396
2026-04-05 18:19:06,100.0,100.0,39.17418434223003
2026-04-05 18:19:21,100.0,100.0,39.21740646858266
2026-04-05 18:19:36,100.0,100.0,39.2606285949353
2026-04-05 18:19:51,100.0,100.0,39.30385072128793
2026-04-05 18:20:06,100.0,100.0,39.34707284764056
2026-04-05 18:20:21,100.0,100.0,39.39029497399319
2026-04-05 18:20:36,100.0,100.0,39.433517100345824
2026-04-05 18:20:51,100.0,100.0,39.476739226698456
2026-04-05 18:21:06,100.0,100.0,39.519961353051094
2026-04-05 18:21:21,100.0,100.0,39.563183479403726
2026-04-05 18:21:36,100.0,100.0,39.60640560575636
2026-04-05 18:21:51,100.0,100.0,39.64962773210899
2026-04-05 18:22:06,100.0,100.0,39.69284985846162
2026-04-05 18:22:21,100.0,100.0,39.73607198481425
2026-04-05 18:22:36,100.0,100.0,39.77929411116689
2026-04-05 18:22:51,100.0,100.0,39.82251623751952
2026-04-05 18:23:06,100.0,100.0,39.865738363872154
2026-04-05 18:23:21,100.0,100.0,39.908960490224786
2026-04-05 18:23:36,100.0,100.0,39.95218261657742
2026-04-05 18:23:51,100.0,100.0,39.99540474293005
2026-04-05 18:24:06,100.0,100.0,40.03862686928269
2026-04-05 18:24:21,100.0,100.0,40.08184899563532
2026-04-05 18:24:36,100.0,100.0,40.12507112198795
2026-04-05 18:24:51,100.0,100.0,40.16829324834058
2026-04-05 18:25:06,100.0,100.0,40.211515374693214
2026-04-05 18:25:21,100.0,100.0,40.25473750104585
2026-04-05 18:25:36,100.0,100.0,40.297959627398484
2026-04-05 18:25:51,100.0,100.0,40.341181753751115
2026-04-05 18:26:06,100.0,100.0,40.38440388010375
2026-04-05 18:26:21,100.0,100.0,40.42762600645638
2026-04-05 18:26:36,100.0,100.0,40.47084813280901
2026-04-05 18:26:51,100.0,100.0,40.51407025916164
2026-04-05 18:27:06,100.0,100.0,40.55729238551428
2026-04-05 18:27:21,100.0,100.0,40.60051451186691
2026-04-05 18:27:36,100.0,100.0,40.64373663821954
2026-04-05 18:27:51,100.0,100.0,40.686958764572175
2026-04-05 18:28:06,100.0,100.0,40.73018089092481
2026-04-05 18:28:21,100.0,100.0,40.773403017277445
2026-04-05 18:28:36,100.0,100.0,40.81662514363008
2026-04-05 18:28:51,100.0,100.0,40.85984726998271
2026-04-05 18:29:06,100.0,100.0,40.90306939633534
2026-04-05 18:29:21,100.0,100.0,40.94629152268797
2026-04-05 18:29:36,100.0,100.0,40.9895136490406
2026-04-05 18:29:51,100.0,100.0,41.032735775393235
2026-04-05 18:30:06,100.0,100.0,41.07595790174587
2026-04-05 18:30:21,100.0,100.0,41.119180028098505
2026-04-05 18:30:36,100.0,100.0,41.16240215445114
2026-04-05 18:30:51,100.0,100.0,41.20562428080377
2026-04-05 18:31:06,100.0,100.0,41.2488464071564
2026-04-05 18:31:21,100.0,100.0,41.29206853350904
2026-04-05 18:31:36,100.0,100.0,41.33529065986167
2026-04-05 18:31:51,100.0,100.0,41.3785127862143
2026-04-05 18:32:06,100.0,100.0,41.42173491256693
2026-04-05 18:32:21,100.0,100.0,41.464957038919565
2026-04-05 18:32:36,100.0,100.0,41.508179165272196
2026-04-05 18:32:51,100.0,100.0,41.55140129162483
2026-04-05 18:33:06,100.0,100.0,41.594623417977466
2026-04-05 18:33:21,100.0,100.0,41.6378455443301
2026-04-05 18:33:36,100.0,100.0,41.68106767068273
2026-04-05 18:33:51,100.0,100.0,41.72428979703536
2026-04-05 18:34:06,100.0,100.0,41.76751192338799
2026-04-05 18:34:21,100.0,100.0,41.81073404974063
2026-04-05 18:34:36,100.0,100.0,41.85395617609326
2026-04-05 18:34:51,100.0,100.0,41.897178302445894
2026-04-05 18:35:06,100.0,100.0,41.940400428798526
2026-04-05 18:35:21,100.0,100.0,41.98362255515116
2026-04-05 18:35:36,100.0,100.0,42.02684468150379
2026-04-05 18:35:51,100.0,100.0,42.07006680785642
2026-04-05 18:36:06,100.0,100.0,42.11328893420906
2026-04-05 18:36:21,100.0,100.0,42.15651106056169
2026-04-05 18:36:36,100.0,100.0,42.19973318691432
2026-04-05 18:36:51,100.0,100.0,42.242955313266954
2026-04-05 18:37:06,100.0,100.0,42.286177439619586
2026-04-05 18:37:21,100.0,100.0,42.329399565972224
2026-04-05 18:37:36,100.0,100.0,42.372621692324856
2026-04-05 18:37:51,100.0,100.0,42.41584381867749
2026-04-05 18:38:06,100.0,100.0,42.45906594503012
2026-04-05 18:38:21,100.0,100.0,42.50228807138275
2026-04-05 18:38:36,100.0,100.0,42.54551019773538
2026-04-05 18:38:51,100.0,100.0,42.58873232408802
2026-04-05 18:39:06,100.0,100.0,42.63195445044065
2026-04-05 18:39:21,100.0,100.0,42.675176576793284
2026-04-05 18:39:36,100.0,100.0,42.718398703145915
2026-04-05 18:39:51,100.0,100.0,42.76162082949855
2026-04-05 18:40:06,100.0,100.0,42.80484295585118
2026-04-05 18:40:21,100.0,100.0,42.84806508220382
2026-04-05 18:40:36,100.0,100.0,42.89128720855645
2026-04-05 18:40:51,100.0,100.0,42.93450933490908
2026-04-05 18:41:06,100.0,100.0,42.97773146126171
2026-04-05 18:41:21,100.0,100.0,43.02095358761434
2026-04-05 18:41:36,100.0,100.0,43.064175713966975
2026-04-05 18:41:51,100.0,100.0,43.107397840319614
2026-04-05 18:42:06,100.0,100.0,43.150619966672245
2026-04-05 18:42:21,100.0,100.0,43.19384209302488
2026-04-05 18:42:36,100.0,100.0,43.23706421937751
2026-04-05 18:42:51,100.0,100.0,43.28028634573014
2026-04-05 18:43:06,100.0,100.0,43.32350847208277
2026-04-05 18:43:21,100.0,100.0,43.36673059843541
2026-04-05 18:43:36,100.0,100.0,43.40995272478804
2026-04-05 18:43:51,100.0,100.0,43.45317485114067
2026-04-05 18:44:06,100.0,100.0,43.496396977493305
2026-04-05 18:44:21,100.0,99.42196531791907,43.539619103845936
2026-04-05 18:44:36,87.5,98.84393063583815,43.58284123019857
2026-04-05 18:44:51,100.0,98.26589595375722,43.62606335655121
2026-04-05 18:45:06,100.0,98.26589595375722,43.66928548290384
2026-04-05 18:45:21,100.0,98.26589595375722,43.71250760925647
2026-04-05 18:45:36,100.0,98.26589595375722,43.7557297356091
2026-04-05 18:45:51,100.0,98.26589595375722,43.79895186196173
2026-04-05 18:46:06,100.0,98.26589595375722,43.84217398831437
2026-04-05 18:46:21,100.0,98.26589595375722,43.885396114667
2026-04-05 18:46:36,100.0,98.26589595375722,43.928618241019635
2026-04-05 18:46:51,100.0,98.26589595375722,43.971840367372266
2026-04-05 18:47:06,100.0,98.30508474576271,44.0150624937249
2026-04-05 18:47:21,100.0,98.30508474576271,44.05828462007753
2026-04-05 18:47:36,100.0,98.30508474576271,44.10150674643016
2026-04-05 18:47:51,100.0,98.30508474576271,44.1447288727828
2026-04-05 18:48:06,100.0,98.30508474576271,44.18795099913543
2026-04-05 18:48:21,100.0,98.30508474576271,44.23117312548806
2026-04-05 18:48:36,100.0,98.30508474576271,44.274395251840694
2026-04-05 18:48:51,87.5,98.30508474576271,44.317617378193326
2026-04-05 18:49:06,100.0,98.30508474576271,44.360839504545964
2026-04-05 18:49:21,100.0,98.30508474576271,44.404061630898596
2026-04-05 18:49:36,87.5,98.30508474576271,44.44728375725123
2026-04-05 18:49:51,100.0,98.30508474576271,44.49050588360386
2026-04-05 18:50:06,100.0,98.30508474576271,44.53372800995649
2026-04-05 18:50:21,100.0,98.30508474576271,44.57695013630912
2026-04-05 18:50:36,87.5,98.30508474576271,44.620172262661754
2026-04-05 18:50:51,87.5,98.30508474576271,44.66339438901439
2026-04-05 18:51:06,100.0,98.30508474576271,44.706616515367024
2026-04-05 18:51:21,100.0,98.30508474576271,44.749838641719656
2026-04-05 18:51:36,100.0,98.30508474576271,44.79306076807229
2026-04-05 18:51:51,100.0,98.30508474576271,44.83628289442492
2026-04-05 18:52:06,87.5,98.30508474576271,44.87950502077756
2026-04-05 18:52:21,87.5,98.30508474576271,44.92272714713019
2026-04-05 18:52:36,87.5,98.30508474576271,44.96594927348282
2026-04-05 18:52:51,87.5,98.34254143646409,45.00917139983545
2026-04-05 18:53:06,87.5,98.34254143646409,45.052393526188084
2026-04-05 18:53:21,87.5,98.34254143646409,45.095615652540715
2026-04-05 18:53:36,87.5,98.34254143646409,45.13883777889335
2026-04-05 18:53:51,87.5,98.34254143646409,45.182059905245985
2026-04-05 18:54:06,87.5,98.34254143646409,45.22528203159862
2026-04-05 18:54:21,87.5,98.34254143646409,45.26850415795125
2026-04-05 18:54:36,87.5,98.34254143646409,45.31172628430388
2026-04-05 18:54:51,87.5,98.34254143646409,45.35494841065651
2026-04-05 18:55:06,87.5,98.34254143646409,45.39817053700915
2026-04-05 18:55:21,87.5,98.34254143646409,45.44139266336178
2026-04-05 18:55:36,87.5,98.34254143646409,45.48461478971441
2026-04-05 18:55:51,87.5,98.34254143646409,45.527836916067045
2026-04-05 18:56:06,87.5,98.34254143646409,45.57105904241968
2026-04-05 18:56:21,87.5,98.34254143646409,45.61428116877231
2026-04-05 18:56:36,87.5,98.34254143646409,45.65750329512494
2026-04-05 18:56:51,87.5,98.34254143646409,45.70072542147758
2026-04-05 18:57:06,87.5,98.34254143646409,45.74394754783021
2026-04-05 18:57:21,87.5,98.34254143646409,45.78716967418284
2026-04-05 18:57:36,87.5,98.34254143646409,45.83039180053547
2026-04-05 18:57:51,100.0,98.34254143646409,45.873613926888105
2026-04-05 18:58:06,87.5,98.34254143646409,45.91683605324074
2026-04-05 18:58:21,87.5,98.34254143646409,45.960058179593375
2026-04-05 18:58:36,100.0,98.37837837837839,46.00328030594601
2026-04-05 18:58:51,87.5,98.37837837837839,46.04650243229864
2026-04-05 18:59:06,100.0,98.37837837837839,46.08972455865127
2026-04-05 18:59:21,100.0,97.83783783783784,46.1329466850039
2026-04-05 18:59:36,100.0,97.2972972972973,46.17616881135653
2026-04-05 18:59:51,100.0,96.75675675675676,46.21939093770917
2026-04-05 19:00:06,100.0,96.21621621621622,46.2626130640618
2026-04-05 19:00:21,100.0,95.67567567567568,46.305835190414435
2026-04-05 19:00:36,100.0,95.13513513513514,46.349057316767066
2026-04-05 19:00:51,100.0,94.5945945945946,46.392279443119705
2026-04-05 19:01:06,100.0,94.05405405405406,46.435501569472336
2026-04-05 19:01:21,100.0,93.51351351351352,46.47872369582497
2026-04-05 19:01:36,100.0,92.97297297297298,46.5219458221776
2026-04-05 19:01:51,100.0,92.43243243243244,46.56516794853023
2026-04-05 19:02:06,100.0,91.8918918918919,46.60839007488286
2026-04-05 19:02:21,100.0,91.35135135135135,46.651612201235494
2026-04-05 19:02:36,100.0,91.35135135135135,46.694834327588126
2026-04-05 19:02:51,100.0,91.35135135135135,46.738056453940764
2026-04-05 19:03:06,100.0,90.81081081081082,46.781278580293396
2026-04-05 19:03:21,100.0,90.81081081081082,46.82450070664603
2026-04-05 19:03:36,100.0,90.27027027027027,46.86772283299866
2026-04-05 19:03:51,100.0,89.72972972972974,46.9109449593513
2026-04-05 19:04:06,100.0,89.72972972972974,46.95416708570393
2026-04-05 19:04:21,100.0,89.72972972972974,46.99738921205656
2026-04-05 19:04:36,100.0,89.94708994708994,47.04061133840919
2026-04-05 19:04:51,100.0,89.94708994708994,47.083833464761824
2026-04-05 19:05:06,100.0,89.94708994708994,47.127055591114456
2026-04-05 19:05:21,100.0,89.94708994708994,47.17027771746709
2026-04-05 19:05:36,100.0,89.94708994708994,47.21349984381972
2026-04-05 19:05:51,100.0,89.94708994708994,47.25672197017236
2026-04-05 19:06:06,100.0,89.41798941798942,47.29994409652499
2026-04-05 19:06:21,87.5,89.41798941798942,47.34316622287762
2026-04-05 19:06:36,87.5,88.88888888888889,47.38638834923025
2026-04-05 19:06:51,87.5,88.35978835978835,47.42961047558289
2026-04-05 19:07:06,87.5,88.35978835978835,47.47283260193552
2026-04-05 19:07:21,87.5,88.35978835978835,47.516054728288154
2026-04-05 19:07:36,87.5,88.35978835978835,47.559276854640785
2026-04-05 19:07:51,87.5,88.35978835978835,47.60249898099342
2026-04-05 19:08:06,87.5,87.83068783068782,47.64572110734605
2026-04-05 19:08:21,87.5,87.83068783068782,47.68894323369868
2026-04-05 19:08:36,87.5,87.83068783068782,47.73216536005131
2026-04-05 19:08:51,87.5,87.83068783068782,47.77538748640395
2026-04-05 19:09:06,87.5,87.83068783068782,47.81860961275658
2026-04-05 19:09:21,87.5,87.83068783068782,47.86183173910921
2026-04-05 19:09:36,87.5,87.83068783068782,47.905053865461845
2026-04-05 19:09:51,87.5,87.83068783068782,47.948275991814484
2026-04-05 19:10:06,87.5,87.83068783068782,47.991498118167115
2026-04-05 19:10:21,87.5,88.08290155440415,48.03472024451975
2026-04-05 19:10:36,87.5,88.08290155440415,48.07794237087238
2026-04-05 19:10:51,87.5,88.08290155440415,48.12116449722501
2026-04-05 19:11:06,87.5,88.08290155440415,48.16438662357764
2026-04-05 19:11:21,87.5,88.08290155440415,48.20760874993027
2026-04-05 19:11:36,87.5,88.08290155440415,48.250830876282905
2026-04-05 19:11:51,87.5,88.08290155440415,48.29405300263554
2026-04-05 19:12:06,87.5,88.08290155440415,48.337275128988175
2026-04-05 19:12:21,87.5,88.08290155440415,48.380497255340806
2026-04-05 19:12:36,87.5,88.08290155440415,48.42371938169344
2026-04-05 19:12:51,75.0,88.08290155440415,48.46694150804608
2026-04-05 19:13:06,87.5,88.08290155440415,48.51016363439871
2026-04-05 19:13:21,75.0,88.08290155440415,48.55338576075134
2026-04-05 19:13:36,75.0,88.08290155440415,48.59660788710397
2026-04-05 19:13:51,75.0,88.08290155440415,48.6398300134566
2026-04-05 19:14:06,75.0,88.08290155440415,48.683052139809234
2026-04-05 19:14:21,87.5,88.08290155440415,48.726274266161866
2026-04-05 19:14:36,87.5,88.08290155440415,48.769496392514505
2026-04-05 19:14:51,87.5,88.08290155440415,48.812718518867136
2026-04-05 19:15:06,87.5,88.08290155440415,48.85594064521977
2026-04-05 19:15:21,87.5,88.08290155440415,48.8991627715724
2026-04-05 19:15:36,87.5,88.08290155440415,48.94238489792503
2026-04-05 19:15:51,87.5,88.08290155440415,48.98560702427767
2026-04-05 19:16:06,87.5,88.3248730964467,49.0288291506303
2026-04-05 19:16:21,87.5,88.3248730964467,49.07205127698293
2026-04-05 19:16:36,87.5,88.3248730964467,49.115273403335564
2026-04-05 19:16:51,75.0,88.3248730964467,49.158495529688196
2026-04-05 19:17:06,75.0,88.3248730964467,49.20171765604083
2026-04-05 19:17:21,75.0,88.3248730964467,49.24493978239346
2026-04-05 19:17:36,75.0,88.3248730964467,49.2881619087461
2026-04-05 19:17:51,75.0,88.3248730964467,49.33138403509873
2026-04-05 19:18:06,75.0,88.3248730964467,49.37460616145136
2026-04-05 19:18:21,75.0,88.3248730964467,49.41782828780399
2026-04-05 19:18:36,75.0,88.3248730964467,49.461050414156624
2026-04-05 19:18:51,75.0,88.3248730964467,49.50427254050926
2026-04-05 19:19:06,75.0,88.3248730964467,49.547494666861894
2026-04-05 19:19:21,75.0,88.3248730964467,49.590716793214526
2026-04-05 19:19:36,75.0,88.3248730964467,49.63393891956716
2026-04-05 19:19:51,75.0,88.3248730964467,49.67716104591979
2026-04-05 19:20:06,75.0,88.3248730964467,49.72038317227242
2026-04-05 19:20:21,75.0,88.3248730964467,49.76360529862505
2026-04-05 19:20:36,75.0,88.3248730964467,49.80682742497769
2026-04-05 19:20:51,75.0,88.3248730964467,49.85004955133032
2026-04-05 19:21:06,75.0,88.3248730964467,49.893271677682954
2026-04-05 19:21:21,75.0,88.3248730964467,49.936493804035585
2026-04-05 19:21:36,75.0,88.3248730964467,49.97971593038822
2026-04-05 19:21:51,75.0,88.55721393034825,50.022938056740855
2026-04-05 19:22:06,75.0,88.55721393034825,50.06616018309349
2026-04-05 19:22:21,75.0,88.55721393034825,50.10938230944612
2026-04-05 19:22:36,75.0,88.05970149253731,50.15260443579875
2026-04-05 19:22:51,75.0,87.56218905472637,50.19582656215138
2026-04-05 19:23:06,75.0,87.56218905472637,50.23904868850401
2026-04-05 19:23:21,75.0,87.56218905472637,50.282270814856645
2026-04-05 19:23:36,75.0,87.06467661691542,50.32549294120928
2026-04-05 19:23:51,75.0,86.56716417910447,50.368715067561915
2026-04-05 19:24:06,75.0,86.56716417910447,50.41193719391455
2026-04-05 19:24:21,75.0,86.56716417910447,50.45515932026718
2026-04-05 19:24:36,75.0,86.56716417910447,50.49838144661982
2026-04-05 19:24:51,75.0,86.06965174129353,50.54160357297245
2026-04-05 19:25:06,75.0,86.06965174129353,50.58482569932508
2026-04-05 19:25:21,75.0,86.06965174129353,50.62804782567771
2026-04-05 19:25:36,75.0,86.06965174129353,50.67126995203034
2026-04-05 19:25:51,75.0,85.57213930348259,50.714492078382975
2026-04-05 19:26:06,75.0,85.07462686567165,50.757714204735606
2026-04-05 19:26:21,75.0,84.5771144278607,50.80093633108824
2026-04-05 19:26:36,75.0,84.07960199004975,50.84415845744088
2026-04-05 19:26:51,75.0,83.5820895522388,50.88738058379351
2026-04-05 19:27:06,75.0,83.08457711442786,50.93060271014614
2026-04-05 19:27:21,75.0,82.58706467661692,50.97382483649877
2026-04-05 19:27:36,75.0,81.46341463414633,51.01704696285141
2026-04-05 19:27:51,75.0,80.97560975609757,51.06026908920404
2026-04-05 19:28:06,75.0,80.48780487804879,51.10349121555667
2026-04-05 19:28:21,75.0,80.0,51.146713341909305
2026-04-05 19:28:36,75.0,79.51219512195122,51.189935468261936
2026-04-05 19:28:51,75.0,79.02439024390245,51.23315759461457
2026-04-05 19:29:06,75.0,78.53658536585367,51.2763797209672
2026-04-05 19:29:21,75.0,78.04878048780488,51.31960184731983
2026-04-05 19:29:36,75.0,77.5609756097561,51.36282397367247
2026-04-05 19:29:51,75.0,77.07317073170732,51.4060461000251
2026-04-05 19:30:06,75.0,76.58536585365854,51.44926822637773
2026-04-05 19:30:21,75.0,76.09756097560975,51.492490352730364
2026-04-05 19:30:36,75.0,75.60975609756098,51.535712479083
2026-04-05 19:30:51,75.0,75.1219512195122,51.578934605435634
2026-04-05 19:31:06,75.0,74.63414634146342,51.622156731788266
2026-04-05 19:31:21,75.0,74.14634146341463,51.6653788581409
2026-04-05 19:31:36,75.0,74.14634146341463,51.70860098449353
2026-04-05 19:31:51,75.0,74.14634146341463,51.75182311084616
2026-04-05 19:32:06,75.0,74.14634146341463,51.79504523719879
2026-04-05 19:32:21,75.0,73.65853658536585,51.838267363551424
2026-04-05 19:32:36,75.0,73.17073170731707,51.88148948990406
2026-04-05 19:32:51,75.0,72.6829268292683,51.924711616256694
2026-04-05 19:33:06,75.0,72.1951219512195,51.967933742609326
2026-04-05 19:33:21,75.0,71.29186602870813,52.011155868961964
2026-04-05 19:33:36,75.0,70.81339712918661,52.054377995314596
2026-04-05 19:33:51,75.0,70.33492822966507,52.09760012166723
2026-04-05 19:34:06,75.0,69.85645933014354,52.14082224801986
2026-04-05 19:34:21,75.0,69.377990430622,52.18404437437249
2026-04-05 19:34:36,75.0,68.89952153110048,52.22726650072512
2026-04-05 19:34:51,75.0,68.42105263157895,52.270488627077754
2026-04-05 19:35:06,75.0,67.94258373205741,52.313710753430385
2026-04-05 19:35:21,75.0,67.46411483253588,52.35693287978302
2026-04-05 19:35:36,75.0,67.46411483253588,52.400155006135655
2026-04-05 19:35:51,75.0,67.46411483253588,52.44337713248829
2026-04-05 19:36:06,75.0,67.46411483253588,52.48659925884092
2026-04-05 19:36:21,75.0,67.46411483253588,52.52982138519356
2026-04-05 19:36:36,75.0,67.46411483253588,52.57304351154619
2026-04-05 19:36:51,75.0,67.46411483253588,52.61626563789882
2026-04-05 19:37:06,75.0,67.46411483253588,52.65948776425145
2026-04-05 19:37:21,75.0,67.46411483253588,52.70270989060408
2026-04-05 19:37:36,75.0,67.46411483253588,52.745932016956715
2026-04-05 19:37:51,75.0,67.46411483253588,52.78915414330935
2026-04-05 19:38:06,75.0,66.98564593301435,52.83237626966198
2026-04-05 19:38:21,75.0,66.50717703349282,52.87559839601461
2026-04-05 19:38:36,75.0,66.02870813397129,52.91882052236725
2026-04-05 19:38:51,75.0,65.55023923444976,52.96204264871988
2026-04-05 19:39:06,75.0,64.7887323943662,53.00526477507251
2026-04-05 19:39:21,75.0,64.31924882629107,53.04848690142515
2026-04-05 19:39:36,75.0,63.84976525821596,53.09170902777778
2026-04-05 19:39:51,75.0,63.38028169014085,53.13493115413041
2026-04-05 19:40:06,75.0,63.38028169014085,53.178153280483045
2026-04-05 19:40:21,75.0,62.91079812206573,53.221375406835676
2026-04-05 19:40:36,75.0,62.441314553990615,53.26459753318831
2026-04-05 19:40:51,75.0,62.441314553990615,53.30781965954094
2026-04-05 19:41:06,75.0,61.97183098591549,53.35104178589357
2026-04-05 19:41:21,75.0,61.97183098591549,53.3942639122462
2026-04-05 19:41:36,75.0,61.97183098591549,53.43748603859884
2026-04-05 19:41:51,75.0,61.97183098591549,53.48070816495147
2026-04-05 19:42:06,75.0,61.97183098591549,53.523930291304104
2026-04-05 19:42:21,75.0,61.97183098591549,53.56715241765674
2026-04-05 19:42:36,75.0,61.97183098591549,53.610374544009375
2026-04-05 19:42:51,75.0,61.97183098591549,53.653596670362006
2026-04-05 19:43:06,75.0,61.97183098591549,53.69681879671464
2026-04-05 19:43:21,75.0,61.97183098591549,53.74004092306727
2026-04-05 19:43:36,75.0,61.97183098591549,53.7832630494199
2026-04-05 19:43:51,75.0,61.97183098591549,53.82648517577253
2026-04-05 19:44:06,75.0,61.97183098591549,53.869707302125164
2026-04-05 19:44:21,75.0,61.97183098591549,53.912929428477796
2026-04-05 19:44:36,75.0,61.97183098591549,53.956151554830434
2026-04-05 19:44:51,75.0,61.97183098591549,53.999373681183066
2026-04-05 19:45:06,75.0,62.67281105990783,54.0425958075357
2026-04-05 19:45:21,75.0,62.67281105990783,54.085817933888336
2026-04-05 19:45:36,75.0,62.67281105990783,54.12904006024097
2026-04-05 19:45:51,75.0,62.67281105990783,54.1722621865936
2026-04-05 19:46:06,75.0,62.67281105990783,54.21548431294623
2026-04-05 19:46:21,75.0,62.67281105990783,54.25870643929886
2026-04-05 19:46:36,75.0,62.67281105990783,54.301928565651494
2026-04-05 19:46:51,75.0,62.67281105990783,54.345150692004125
2026-04-05 19:47:06,75.0,62.67281105990783,54.38837281835676
2026-04-05 19:47:21,75.0,62.67281105990783,54.43159494470939
2026-04-05 19:47:36,75.0,62.67281105990783,54.47481707106203
2026-04-05 19:47:51,75.0,62.67281105990783,54.51803919741466
2026-04-05 19:48:06,75.0,62.67281105990783,54.56126132376729
2026-04-05 19:48:21,75.0,62.67281105990783,54.60448345011993
2026-04-05 19:48:36,75.0,62.67281105990783,54.64770557647256
2026-04-05 19:48:51,75.0,62.67281105990783,54.69092770282519
2026-04-05 19:49:06,75.0,62.67281105990783,54.734149829177824
2026-04-05 19:49:21,75.0,62.67281105990783,54.777371955530455
2026-04-05 19:49:36,75.0,63.133640552995395,54.82059408188309
2026-04-05 19:49:51,75.0,63.594470046082954,54.86381620823572
2026-04-05 19:50:06,75.0,64.0552995391705,54.90703833458835
2026-04-05 19:50:21,75.0,64.51612903225806,54.95026046094098
2026-04-05 19:50:36,75.0,64.97695852534562,54.99348258729362
2026-04-05 19:50:51,75.0,65.15837104072398,55.03670471364625
2026-04-05 19:51:06,75.0,65.61085972850678,55.07992683999888
2026-04-05 19:51:21,75.0,66.06334841628959,55.12314896635152
2026-04-05 19:51:36,75.0,66.51583710407239,55.16637109270415
2026-04-05 19:51:51,75.0,66.9683257918552,55.209593219056785
2026-04-05 19:52:06,75.0,67.42081447963801,55.25281534540942
2026-04-05 19:52:21,75.0,67.87330316742081,55.29603747176205
2026-04-05 19:52:36,75.0,68.32579185520362,55.33925959811468
2026-04-05 19:52:51,75.0,68.77828054298642,55.38248172446731
2026-04-05 19:53:06,75.0,69.23076923076923,55.42570385081994
2026-04-05 19:53:21,75.0,69.23076923076923,55.468925977172574
2026-04-05 19:53:36,75.0,69.23076923076923,55.51214810352521
2026-04-05 19:53:51,75.0,69.68325791855203,55.555370229877845
2026-04-05 19:54:06,75.0,69.68325791855203,55.598592356230476
2026-04-05 19:54:21,75.0,70.13574660633483,55.641814482583115
2026-04-05 19:54:36,75.0,70.58823529411765,55.68503660893575
2026-04-05 19:54:51,75.0,70.58823529411765,55.72825873528838
2026-04-05 19:55:06,75.0,70.58823529411765,55.77148086164101
2026-04-05 19:55:21,75.0,70.58823529411765,55.81470298799364
2026-04-05 19:55:36,75.0,70.58823529411765,55.85792511434627
2026-04-05 19:55:51,75.0,70.58823529411765,55.901147240698904
2026-04-05 19:56:06,75.0,70.58823529411765,55.944369367051536
2026-04-05 19:56:21,62.5,70.58823529411765,55.987591493404175
2026-04-05 19:56:36,62.5,71.11111111111111,56.030813619756806
2026-04-05 19:56:51,62.5,71.11111111111111,56.07403574610944
2026-04-05 19:57:06,62.5,71.11111111111111,56.117257872462076
2026-04-05 19:57:21,62.5,71.11111111111111,56.16047999881471
2026-04-05 19:57:36,62.5,71.11111111111111,56.20370212516734
2026-04-05 19:57:51,62.5,71.55555555555554,56.24692425151997
2026-04-05 19:58:06,62.5,71.55555555555554,56.2901463778726
2026-04-05 19:58:21,62.5,72.0,56.333368504225234
2026-04-05 19:58:36,62.5,72.44444444444444,56.376590630577866
2026-04-05 19:58:51,62.5,72.44444444444444,56.4198127569305
2026-04-05 19:59:06,62.5,72.44444444444444,56.46303488328313
2026-04-05 19:59:21,62.5,72.44444444444444,56.50625700963577
2026-04-05 19:59:36,62.5,72.44444444444444,56.5494791359884
2026-04-05 19:59:51,62.5,72.88888888888889,56.59270126234103
2026-04-05 20:00:06,62.5,72.88888888888889,56.68836244030175
2026-04-05 20:00:21,62.5,72.88888888888889,56.862682195674594
2026-04-05 20:00:36,62.5,73.36244541484717,57.037001951047436
2026-04-05 20:00:51,62.5,73.36244541484717,57.21132170642028
2026-04-05 20:01:06,62.5,73.36244541484717,57.38564146179312
2026-04-05 20:01:21,62.5,73.36244541484717,57.55996121716596
2026-04-05 20:01:36,62.5,73.36244541484717,57.734280972538805
2026-04-05 20:01:51,62.5,73.36244541484717,57.90860072791165
2026-04-05 20:02:06,62.5,73.8197424892704,58.08292048328449
2026-04-05 20:02:21,62.5,73.8197424892704,58.25724023865733
2026-04-05 20:02:36,62.5,73.8197424892704,58.431559994030174
2026-04-05 20:02:51,62.5,73.8197424892704,58.605879749403016
2026-04-05 20:03:06,62.5,73.8197424892704,58.780199504775865
2026-04-05 20:03:21,62.5,73.8197424892704,58.95451926014871
2026-04-05 20:03:36,62.5,74.26160337552743,59.12883901552155
2026-04-05 20:03:51,62.5,74.26160337552743,59.30315877089439
2026-04-05 20:04:06,62.5,74.26160337552743,59.477478526267234
2026-04-05 20:04:21,62.5,74.26160337552743,59.651798281640076
2026-04-05 20:04:36,62.5,74.26160337552743,59.82611803701292
2026-04-05 20:04:51,62.5,74.68879668049793,60.00043779238576
2026-04-05 20:05:06,62.5,74.68879668049793,60.1747575477586
2026-04-05 20:05:21,62.5,74.68879668049793,60.349077303131445
2026-04-05 20:05:36,62.5,74.68879668049793,60.52339705850429
2026-04-05 20:05:51,62.5,74.68879668049793,60.69771681387713
2026-04-05 20:06:06,50.0,74.68879668049793,60.87203656924997
2026-04-05 20:06:21,50.0,75.10204081632654,61.04635632462282
2026-04-05 20:06:36,50.0,75.10204081632654,61.22067607999566
2026-04-05 20:06:51,50.0,75.10204081632654,61.394995835368505
2026-04-05 20:07:06,50.0,75.10204081632654,61.56931559074135
2026-04-05 20:07:21,50.0,75.10204081632654,61.74363534611419
2026-04-05 20:07:36,50.0,75.10204081632654,61.91795510148703
2026-04-05 20:07:51,50.0,75.50200803212851,62.09227485685987
2026-04-05 20:08:06,62.5,75.50200803212851,62.266594612232716
2026-04-05 20:08:21,62.5,75.50200803212851,62.44091436760556
2026-04-05 20:08:36,62.5,75.50200803212851,62.6152341229784
2026-04-05 20:08:51,62.5,75.50200803212851,62.78955387835124
2026-04-05 20:09:06,62.5,75.50200803212851,62.963873633724084
2026-04-05 20:09:21,62.5,75.8893280632411,63.13819338909693
2026-04-05 20:09:36,62.5,75.8893280632411,63.312513144469776
2026-04-05 20:09:51,62.5,75.8893280632411,63.48683289984261
2026-04-05 20:10:06,62.5,75.8893280632411,63.66115265521546
2026-04-05 20:10:21,62.5,75.8893280632411,63.8354724105883
2026-04-05 20:10:36,62.5,76.26459143968872,64.00979216596114
2026-04-05 20:10:51,62.5,76.26459143968872,64.18411192133398
2026-04-05 20:11:06,62.5,76.26459143968872,64.35843167670683
2026-04-05 20:11:21,62.5,76.26459143968872,64.53275143207966
2026-04-05 20:11:36,62.5,76.26459143968872,64.70707118745251
2026-04-05 20:11:51,62.5,76.26459143968872,64.88139094282536
2026-04-05 20:12:06,62.5,76.62835249042146,65.0557106981982
2026-04-05 20:12:21,62.5,76.62835249042146,65.23003045357105
2026-04-05 20:12:36,62.5,76.62835249042146,65.40435020894388
2026-04-05 20:12:51,62.5,76.62835249042146,65.57866996431673
2026-04-05 20:13:06,62.5,76.62835249042146,65.75298971968957
2026-04-05 20:13:21,62.5,76.62835249042146,65.92730947506242
2026-04-05 20:13:36,75.0,76.9811320754717,66.10162923043525
2026-04-05 20:13:51,75.0,76.9811320754717,66.2759489858081
2026-04-05 20:14:06,75.0,76.9811320754717,66.45026874118093
2026-04-05 20:14:21,75.0,76.9811320754717,66.62458849655378
2026-04-05 20:14:36,75.0,76.9811320754717,66.79890825192663
2026-04-05 20:14:51,75.0,76.9811320754717,66.97322800729947
2026-04-05 20:15:06,75.0,77.32342007434944,67.1475477626723
2026-04-05 20:15:21,75.0,77.32342007434944,67.32186751804515
2026-04-05 20:15:36,75.0,77.32342007434944,67.496187273418
2026-04-05 20:15:51,75.0,77.32342007434944,67.67050702879084
2026-04-05 20:16:06,75.0,77.32342007434944,67.84482678416369
2026-04-05 20:16:21,75.0,77.65567765567766,68.01914653953652
2026-04-05 20:16:36,75.0,77.65567765567766,68.19346629490937
2026-04-05 20:16:51,75.0,77.65567765567766,68.3677860502822
2026-04-05 20:17:06,75.0,77.65567765567766,68.54210580565505
2026-04-05 20:17:21,75.0,77.65567765567766,68.71642556102789
2026-04-05 20:17:36,75.0,77.65567765567766,68.89074531640074
2026-04-05 20:17:51,75.0,77.9783393501805,69.06506507177357
2026-04-05 20:18:06,75.0,77.9783393501805,69.23938482714642
2026-04-05 20:18:21,75.0,77.9783393501805,69.41370458251927
2026-04-05 20:18:36,75.0,77.9783393501805,69.58802433789211
2026-04-05 20:18:51,75.0,77.9783393501805,69.76234409326496
2026-04-05 20:19:06,75.0,77.9783393501805,69.93666384863779
2026-04-05 20:19:21,75.0,78.29181494661923,70.11098360401064
2026-04-05 20:19:36,75.0,78.29181494661923,70.28530335938348
2026-04-05 20:19:51,75.0,78.29181494661923,70.45962311475633
2026-04-05 20:20:06,75.0,78.29181494661923,70.63394287012916
2026-04-05 20:20:21,75.0,78.29181494661923,70.80826262550201
2026-04-05 20:20:36,75.0,78.29181494661923,70.98258238087485
2026-04-05 20:20:51,75.0,78.59649122807018,71.1569021362477
2026-04-05 20:21:06,75.0,78.59649122807018,71.33122189162054
2026-04-05 20:21:21,75.0,78.59649122807018,71.50554164699338
2026-04-05 20:21:36,75.0,78.59649122807018,71.67986140236621
2026-04-05 20:21:51,75.0,78.59649122807018,71.85418115773906
2026-04-05 20:22:06,75.0,78.89273356401384,72.02850091311191
2026-04-05 20:22:21,75.0,78.89273356401384,72.20282066848475
2026-04-05 20:22:36,75.0,78.89273356401384,72.3771404238576
2026-04-05 20:22:51,75.0,78.89273356401384,72.55146017923043
2026-04-05 20:23:06,75.0,78.89273356401384,72.72577993460328
2026-04-05 20:23:21,75.0,78.89273356401384,72.90009968997612
2026-04-05 20:23:36,75.0,79.18088737201366,73.07441944534897
2026-04-05 20:23:51,75.0,79.18088737201366,73.2487392007218
2026-04-05 20:24:06,75.0,79.18088737201366,73.42305895609465
2026-04-05 20:24:21,75.0,79.5221843003413,73.59737871146748
2026-04-05 20:24:36,75.0,79.86348122866895,73.77169846684033
2026-04-05 20:24:51,75.0,79.86348122866895,73.94601822221318
2026-04-05 20:25:06,75.0,80.13468013468014,74.12033797758602
2026-04-05 20:25:21,75.0,80.13468013468014,74.29465773295885
2026-04-05 20:25:36,75.0,80.13468013468014,74.4689774883317
2026-04-05 20:25:51,75.0,80.47138047138047,74.64329724370455
2026-04-05 20:26:06,75.0,80.8080808080808,74.81761699907739
2026-04-05 20:26:21,75.0,80.8080808080808,74.99193675445024
2026-04-05 20:26:36,75.0,81.06312292358804,75.16625650982307
2026-04-05 20:26:51,75.0,81.06312292358804,75.34057626519592
2026-04-05 20:27:06,75.0,81.06312292358804,75.51489602056876
2026-04-05 20:27:21,75.0,81.06312292358804,75.6892157759416
2026-04-05 20:27:36,75.0,81.3953488372093,75.86353553131445
2026-04-05 20:27:51,75.0,81.31147540983606,76.03785528668729
2026-04-05 20:28:06,75.0,81.63934426229508,76.21217504206012
2026-04-05 20:28:21,75.0,81.63934426229508,76.38649479743297
2026-04-05 20:28:36,75.0,81.63934426229508,76.56081455280582
2026-04-05 20:28:51,75.0,81.63934426229508,76.73513430817866
2026-04-05 20:29:06,75.0,81.9672131147541,76.90945406355151
2026-04-05 20:29:21,75.0,81.87702265372168,77.08377381892434
2026-04-05 20:29:36,75.0,82.20064724919094,77.25809357429719
2026-04-05 20:29:51,75.0,82.52427184466019,77.43241332967003
2026-04-05 20:30:06,75.0,82.84789644012946,77.60673308504288
2026-04-05 20:30:21,75.0,83.1715210355987,77.78105284041571
2026-04-05 20:30:36,75.0,83.49514563106796,77.95537259578856
2026-04-05 20:30:51,75.0,83.38658146964856,78.1296923511614
2026-04-05 20:31:06,75.0,83.70607028753993,78.30401210653424
2026-04-05 20:31:21,75.0,84.02555910543131,78.4783318619071
2026-04-05 20:31:36,75.0,84.34504792332268,78.65265161727993
2026-04-05 20:31:51,75.0,84.66453674121406,78.82697137265276
2026-04-05 20:32:06,75.0,84.54258675078864,79.00129112802561
2026-04-05 20:32:21,75.0,84.85804416403786,79.17561088339846
2026-04-05 20:32:36,75.0,85.17350157728707,79.3499306387713
2026-04-05 20:32:51,75.0,85.48895899053628,79.52425039414415
2026-04-05 20:33:06,75.0,85.8044164037855,79.69857014951698
2026-04-05 20:33:21,75.0,86.1198738170347,79.87288990488983
2026-04-05 20:33:36,75.0,85.98130841121495,80.04720966026267
2026-04-05 20:33:51,75.0,86.29283489096574,80.22152941563552
2026-04-05 20:34:06,75.0,86.6043613707165,80.39584917100836
2026-04-05 20:34:21,75.0,86.91588785046729,80.5701689263812
2026-04-05 20:34:36,75.0,87.22741433021807,80.74448868175404
2026-04-05 20:34:51,75.0,87.53894080996885,80.91880843712688
2026-04-05 20:35:06,75.0,87.38461538461539,81.09312819249973
2026-04-05 20:35:21,75.0,87.6923076923077,81.26744794787257
2026-04-05 20:35:36,75.0,88.0,81.44176770324542
2026-04-05 20:35:51,75.0,88.3076923076923,81.61608745861825
2026-04-05 20:36:06,75.0,88.61538461538461,81.7904072139911
2026-04-05 20:36:21,75.0,88.92307692307693,81.96472696936394
2026-04-05 20:36:36,75.0,88.75379939209726,82.13904672473679
2026-04-05 20:36:51,75.0,89.05775075987842,82.31336648010962
2026-04-05 20:37:06,75.0,89.36170212765957,82.48768623548247
2026-04-05 20:37:21,75.0,89.66565349544074,82.6620059908553
2026-04-05 20:37:36,75.0,89.96960486322189,82.83632574622816
2026-04-05 20:37:51,75.0,89.7897897897898,83.010645501601
2026-04-05 20:38:06,75.0,90.09009009009009,83.18496525697384
2026-04-05 20:38:21,75.0,90.39039039039038,83.35928501234667
2026-04-05 20:38:36,75.0,90.69069069069069,83.53360476771952
2026-04-05 20:38:51,75.0,90.990990990991,83.70792452309237
2026-04-05 20:39:06,75.0,91.29129129129129,83.88224427846521
2026-04-05 20:39:21,75.0,91.0979228486647,84.05656403383806
2026-04-05 20:39:36,75.0,91.3946587537092,84.23088378921089
2026-04-05 20:39:51,75.0,91.69139465875371,84.40520354458374
2026-04-05 20:40:06,75.0,91.98813056379822,84.57952329995658
2026-04-05 20:40:21,75.0,92.28486646884274,84.75384305532943
2026-04-05 20:40:36,75.0,92.58160237388724,84.92816281070228
2026-04-05 20:40:51,75.0,92.37536656891496,85.10248256607511
2026-04-05 20:41:06,75.0,92.66862170087975,85.27680232144795
2026-04-05 20:41:21,75.0,92.96187683284457,85.4511220768208
2026-04-05 20:41:36,75.0,93.25513196480938,85.62544183219364
2026-04-05 20:41:51,75.0,93.54838709677419,85.79976158756648
2026-04-05 20:42:06,75.0,93.841642228739,85.97408134293931
2026-04-05 20:42:21,75.0,93.6231884057971,86.14840109831216
2026-04-05 20:42:36,75.0,93.91304347826087,86.32272085368501
2026-04-05 20:42:51,75.0,94.20289855072464,86.49704060905785
2026-04-05 20:43:06,75.0,94.4927536231884,86.6713603644307
2026-04-05 20:43:21,75.0,94.78260869565217,86.84568011980353
2026-04-05 20:43:36,75.0,94.55587392550143,87.01999987517638
2026-04-05 20:43:51,75.0,94.84240687679083,87.19431963054922
2026-04-05 20:44:06,75.0,95.12893982808023,87.36863938592207
2026-04-05 20:44:21,75.0,95.41547277936962,87.54295914129492
2026-04-05 20:44:36,75.0,95.70200573065902,87.71727889666775
2026-04-05 20:44:51,75.0,95.98853868194843,87.89159865204059
2026-04-05 20:45:06,75.0,95.75070821529745,88.06591840741343
2026-04-05 20:45:21,75.0,96.03399433427762,88.24023816278628
2026-04-05 20:45:36,75.0,96.3172804532578,88.41455791815912
2026-04-05 20:45:51,75.0,96.3172804532578,88.58887767353197
2026-04-05 20:46:06,75.0,96.3172804532578,88.7631974289048
2026-04-05 20:46:21,75.0,96.3172804532578,88.93751718427765
2026-04-05 20:46:36,75.0,96.35854341736695,89.11183693965049
2026-04-05 20:46:51,75.0,96.35854341736695,89.28615669502334
2026-04-05 20:47:06,75.0,96.35854341736695,89.46047645039619
2026-04-05 20:47:21,75.0,96.35854341736695,89.63479620576902
2026-04-05 20:47:36,75.0,96.35854341736695,89.80911596114186
2026-04-05 20:47:51,75.0,96.35854341736695,89.9834357165147
2026-04-05 20:48:06,75.0,96.39889196675901,90.15775547188755
2026-04-05 20:48:21,75.0,96.39889196675901,90.33207522726039
2026-04-05 20:48:36,75.0,96.39889196675901,90.50639498263322
2026-04-05 20:48:51,75.0,96.39889196675901,90.68071473800607
2026-04-05 20:49:06,75.0,96.39889196675901,90.85503449337892
2026-04-05 20:49:21,75.0,96.43835616438356,91.02935424875176
2026-04-05 20:49:36,75.0,96.43835616438356,91.2036740041246
2026-04-05 20:49:51,75.0,96.7123287671233,91.37799375949746
2026-04-05 20:50:06,75.0,96.98630136986301,91.55231351487029
2026-04-05 20:50:21,75.0,97.26027397260275,91.72663327024313
2026-04-05 20:50:36,75.0,97.53424657534246,91.90095302561598
2026-04-05 20:50:51,75.0,97.289972899729,92.07527278098883
2026-04-05 20:51:06,75.0,97.5609756097561,92.24959253636166
2026-04-05 20:51:21,75.0,97.5609756097561,92.4239122917345
2026-04-05 20:51:36,75.0,97.5609756097561,92.59823204710735
2026-04-05 20:51:51,75.0,97.5609756097561,92.7725518024802
2026-04-05 20:52:06,75.0,97.5609756097561,92.94687155785303
2026-04-05 20:52:21,75.0,96.51474530831099,93.12119131322586
2026-04-05 20:52:36,75.0,96.51474530831099,93.29551106859871
2026-04-05 20:52:51,75.0,96.51474530831099,93.46983082397156
2026-04-05 20:53:06,75.0,96.51474530831099,93.6441505793444
2026-04-05 20:53:21,75.0,96.24664879356568,93.81847033471725
2026-04-05 20:53:36,75.0,96.24664879356568,93.9927900900901
2026-04-05 20:53:51,75.0,95.22546419098144,94.16710984546293
2026-04-05 20:54:06,75.0,95.22546419098144,94.34142960083577
2026-04-05 20:54:21,75.0,95.22546419098144,94.51574935620862
2026-04-05 20:54:36,75.0,94.9602122015915,94.69006911158147
2026-04-05 20:54:51,75.0,94.9602122015915,94.8643888669543
2026-04-05 20:55:06,75.0,93.96325459317585,95.03870862232714
2026-04-05 20:55:21,75.0,93.96325459317585,95.21302837769998
2026-04-05 20:55:36,75.0,93.7007874015748,95.38734813307283
2026-04-05 20:55:51,75.0,93.43832020997375,95.56166788844567
2026-04-05 20:56:06,75.0,93.1758530183727,95.7359876438185
2026-04-05 20:56:21,75.0,92.91338582677166,95.91030739919135
2026-04-05 20:56:36,75.0,92.20779220779221,96.0846271545642
2026-04-05 20:56:51,75.0,91.94805194805194,96.25894690993704
2026-04-05 20:57:06,75.0,91.68831168831169,96.43326666530989
2026-04-05 20:57:21,75.0,91.42857142857143,96.60758642068274
2026-04-05 20:57:36,75.0,91.16883116883116,96.78190617605557
2026-04-05 20:57:51,75.0,90.9090909090909,96.9562259314284
2026-04-05 20:58:06,75.0,90.23136246786633,97.13054568680126
2026-04-05 20:58:21,75.0,89.97429305912597,97.3048654421741
2026-04-05 20:58:36,75.0,89.7172236503856,97.47918519754694
2026-04-05 20:58:51,75.0,89.46015424164524,97.65350495291977
2026-04-05 20:59:06,75.0,89.20308483290489,97.82782470829262
2026-04-05 20:59:21,75.0,88.54961832061069,98.00214446366547
2026-04-05 20:59:36,75.0,88.29516539440203,98.17646421903831
2026-04-05 20:59:51,75.0,88.04071246819338,98.35078397441116
2026-04-05 21:00:06,75.0,87.78625954198473,98.525103729784
2026-04-05 21:00:21,75.0,87.53180661577609,98.69942348515684
2026-04-05 21:00:36,75.0,87.27735368956743,98.87374324052968
2026-04-05 21:00:51,75.0,86.64987405541562,99.04806299590253
2026-04-05 21:01:06,75.0,86.39798488664987,99.22238275127538
2026-04-05 21:01:21,75.0,86.14609571788414,99.39670250664821
2026-04-05 21:01:36,75.0,85.8942065491184,99.57102226202105
2026-04-05 21:01:51,75.0,85.64231738035264,99.7453420173939
2026-04-05 21:02:06,75.0,85.3904282115869,99.91966177276674
2026-04-05 21:02:21,75.0,84.78802992518703,100.09398152813958
2026-04-05 21:02:36,75.0,84.53865336658353,100.26830128351241
2026-04-05 21:02:51,75.0,84.28927680798004,100.44262103888526
2026-04-05 21:03:06,75.0,84.03990024937656,100.61694079425811
2026-04-05 21:03:21,75.0,83.79052369077307,100.79126054963095
2026-04-05 21:03:36,75.0,83.54114713216958,100.9655803050038
2026-04-05 21:03:51,75.0,82.96296296296296,101.13990006037665
2026-04-05 21:04:06,75.0,82.71604938271605,101.31421981574948
2026-04-05 21:04:21,75.0,82.46913580246914,101.48853957112232
2026-04-05 21:04:36,75.0,82.22222222222221,101.66285932649517
2026-04-05 21:04:51,75.0,81.9753086419753,101.83717908186802
2026-04-05 21:05:06,75.0,81.41809290953546,102.01149883724085
2026-04-05 21:05:21,75.0,81.17359413202934,102.18581859261369
2026-04-05 21:05:36,75.0,80.92909535452323,102.36013834798653
2026-04-05 21:05:51,75.0,80.68459657701712,102.53445810335938
2026-04-05 21:06:06,75.0,80.440097799511,102.70877785873222
2026-04-05 21:06:21,75.0,80.1955990220049,102.88309761410505
2026-04-05 21:06:36,75.0,80.2439024390244,103.05741736947792
2026-04-05 21:06:51,75.0,80.1955990220049,103.23173712485075
2026-04-05 21:07:06,75.0,80.14705882352942,103.40605688022359
2026-04-05 21:07:21,75.0,80.0982800982801,103.58037663559644
2026-04-05 21:07:36,75.0,80.04926108374384,103.75469639096929
2026-04-05 21:07:51,75.0,80.0,103.92901614634212
2026-04-05 21:08:06,75.0,80.04926108374384,104.10333590171496
2026-04-05 21:08:21,75.0,80.0,104.2776556570878
2026-04-05 21:08:36,75.0,79.95049504950495,104.45197541246065
2026-04-05 21:08:51,75.0,79.90074441687345,104.62629516783349
2026-04-05 21:09:06,75.0,79.8507462686567,104.80061492320633
2026-04-05 21:09:21,75.0,79.80049875311721,104.97493467857917
2026-04-05 21:09:36,75.0,79.8507462686567,105.14925443395202
2026-04-05 21:09:51,75.0,79.80049875311721,105.32357418932486
2026-04-05 21:10:06,75.0,79.75,105.49789394469771
2026-04-05 21:10:21,75.0,79.69924812030075,105.67221370007056
2026-04-05 21:10:36,75.0,79.64824120603015,105.84653345544339
2026-04-05 21:10:51,75.0,79.69924812030075,106.02085321081623
2026-04-05 21:11:06,75.0,79.64824120603015,106.19517296618908
2026-04-05 21:11:21,75.0,79.59697732997482,106.36949272156193
2026-04-05 21:11:36,75.0,79.54545454545455,106.54381247693476
2026-04-05 21:11:51,75.0,79.49367088607595,106.7181322323076
2026-04-05 21:12:06,75.0,79.44162436548223,106.89245198768045
2026-04-05 21:12:21,75.0,79.49367088607595,107.0667717430533
2026-04-05 21:12:36,75.0,79.44162436548223,107.24109149842613
2026-04-05 21:12:51,75.0,79.38931297709924,107.41541125379896
2026-04-05 21:13:06,75.0,79.33673469387756,107.58973100917183
2026-04-05 21:13:21,75.0,79.28388746803068,107.76405076454466
2026-04-05 21:13:36,75.0,79.23076923076923,107.9383705199175
2026-04-05 21:13:51,75.0,79.28388746803068,108.11269027529035
2026-04-05 21:14:06,75.0,79.23076923076923,108.2870100306632
2026-04-05 21:14:21,75.0,79.17737789203085,108.46132978603603
2026-04-05 21:14:36,75.0,79.12371134020619,108.63564954140887
2026-04-05 21:14:51,75.0,79.06976744186046,108.80996929678172
2026-04-05 21:15:06,75.0,79.01554404145078,108.98428905215457
2026-04-05 21:15:21,75.0,79.06976744186046,109.1586088075274
2026-04-05 21:15:36,75.0,79.01554404145078,109.33292856290024
2026-04-05 21:15:51,75.0,78.96103896103897,109.50724831827308
2026-04-05 21:16:06,75.0,78.90625,109.68156807364593
2026-04-05 21:16:21,75.0,78.85117493472585,109.85588782901877
2026-04-05 21:16:36,75.0,78.90625,110.03020758439162
2026-04-05 21:16:51,75.0,78.85117493472585,110.20452733976447
2026-04-05 21:17:06,75.0,78.79581151832461,110.3788470951373
2026-04-05 21:17:21,75.0,78.74015748031496,110.55316685051014
2026-04-05 21:17:36,75.0,78.6842105263158,110.72748660588299
2026-04-05 21:17:51,75.0,78.62796833773086,110.90180636125584
2026-04-05 21:18:06,75.0,78.6842105263158,111.07612611662867
2026-04-05 21:18:21,75.0,78.62796833773086,111.2504458720015
2026-04-05 21:18:36,75.0,78.57142857142857,111.42476562737436
2026-04-05 21:18:51,75.0,78.51458885941645,111.5990853827472
2026-04-05 21:19:06,75.0,78.45744680851064,111.77340513812004
2026-04-05 21:19:21,75.0,78.4,111.94772489349288
2026-04-05 21:19:36,75.0,78.45744680851064,112.12204464886572
2026-04-05 21:19:51,75.0,78.4,112.29636440423857
2026-04-05 21:20:06,75.0,78.34224598930481,112.47068415961141
2026-04-05 21:20:21,75.0,78.28418230563003,112.64500391498426
2026-04-05 21:20:36,75.0,78.2258064516129,112.81932367035711
2026-04-05 21:20:51,75.0,78.16711590296495,112.99364342572994
2026-04-05 21:21:06,75.0,78.2258064516129,113.16796318110278
2026-04-05 21:21:21,75.0,78.16711590296495,113.34228293647563
2026-04-05 21:21:36,75.0,78.10810810810811,113.51660269184848
2026-04-05 21:21:51,75.0,78.04878048780488,113.69092244722131
2026-04-05 21:22:06,75.0,77.98913043478261,113.86524220259415
2026-04-05 21:22:21,75.0,78.04878048780488,114.039561957967
2026-04-05 21:22:36,75.0,77.98913043478261,114.21388171333984
2026-04-05 21:22:51,75.0,77.9291553133515,114.38820146871268
2026-04-05 21:23:06,75.0,77.8688524590164,114.56252122408551
2026-04-05 21:23:21,75.0,77.8082191780822,114.73684097945838
2026-04-05 21:23:36,75.0,77.74725274725274,114.91116073483121
2026-04-05 21:23:51,75.0,77.8082191780822,115.08548049020405
2026-04-05 21:24:06,75.0,77.74725274725274,115.2598002455769
2026-04-05 21:24:21,75.0,77.68595041322314,115.43412000094975
2026-04-05 21:24:36,75.0,77.62430939226519,115.60843975632258
2026-04-05 21:24:51,75.0,77.5623268698061,115.78275951169542
2026-04-05 21:25:06,75.0,77.5,115.95707926706827
2026-04-05 21:25:21,75.0,77.5623268698061,116.13139902244112
2026-04-05 21:25:36,75.0,77.5,116.30571877781395
2026-04-05 21:25:51,75.0,77.43732590529248,116.48003853318679
2026-04-05 21:26:06,75.0,77.37430167597765,116.65435828855964
2026-04-05 21:26:21,75.0,77.31092436974791,116.82867804393248
2026-04-05 21:26:36,75.0,77.37430167597765,117.00299779930532
2026-04-05 21:26:51,75.0,77.31092436974791,117.17731755467817
2026-04-05 21:27:06,75.0,77.24719101123596,117.35163731005102
2026-04-05 21:27:21,75.0,77.1830985915493,117.52595706542385
2026-04-05 21:27:36,75.0,77.11864406779661,117.70027682079669
2026-04-05 21:27:51,75.0,77.05382436260622,117.87459657616954
2026-04-05 21:28:06,75.0,77.11864406779661,118.04891633154239
2026-04-05 21:28:21,75.0,77.05382436260622,118.22323608691522
2026-04-05 21:28:36,75.0,76.98863636363636,118.39755584228806
2026-04-05 21:28:51,75.0,76.92307692307693,118.5718755976609
2026-04-05 21:29:06,75.0,76.85714285714286,118.74619535303376
2026-04-05 21:29:21,75.0,76.79083094555874,118.92051510840659
2026-04-05 21:29:36,75.0,76.85714285714286,119.09483486377943
2026-04-05 21:29:51,75.0,76.79083094555874,119.26915461915229
2026-04-05 21:30:06,75.0,76.72413793103449,119.44347437452512
2026-04-05 21:30:21,87.5,76.657060518732,119.61779412989796
2026-04-05 21:30:36,75.0,76.58959537572254,119.79211388527081
2026-04-05 21:30:51,87.5,76.52173913043478,119.96643364064366
2026-04-05 21:31:06,87.5,76.58959537572254,120.14075339601649
2026-04-05 21:31:21,87.5,76.52173913043478,120.31507315138933
2026-04-05 21:31:36,87.5,76.45348837209302,120.48939290676218
2026-04-05 21:31:51,87.5,76.38483965014578,120.66371266213503
2026-04-05 21:32:06,87.5,76.31578947368422,120.83803241750786
2026-04-05 21:32:21,87.5,76.38483965014578,121.0123521728807
2026-04-05 21:32:36,87.5,76.31578947368422,121.18667192825356
2026-04-05 21:32:51,87.5,76.24633431085044,121.3609916836264
2026-04-05 21:33:06,87.5,76.17647058823529,121.53531143899923
2026-04-05 21:33:21,87.5,76.10619469026548,121.70963119437207
2026-04-05 21:33:36,87.5,76.03550295857988,121.88395094974493
2026-04-05 21:33:51,87.5,76.10619469026548,122.05827070511776
2026-04-05 21:34:06,87.5,76.03550295857988,122.2325904604906
2026-04-05 21:34:21,87.5,75.96439169139467,122.40691021586343
2026-04-05 21:34:36,87.5,75.89285714285714,122.5812299712363
2026-04-05 21:34:51,87.5,75.82089552238806,122.75554972660913
2026-04-05 21:35:06,87.5,75.74850299401199,122.92986948198197
2026-04-05 21:35:21,87.5,75.82089552238806,123.10418923735483
2026-04-05 21:35:36,87.5,75.74850299401199,123.27850899272767
2026-04-05 21:35:51,87.5,75.67567567567568,123.4528287481005
2026-04-05 21:36:06,87.5,75.6024096385542,123.62714850347334
2026-04-05 21:36:21,87.5,75.52870090634441,123.8014682588462
2026-04-05 21:36:36,87.5,75.45454545454545,123.97578801421903
2026-04-05 21:36:51,87.5,75.52870090634441,124.15010776959187
2026-04-05 21:37:06,87.5,75.45454545454545,124.3244275249647
2026-04-05 21:37:21,87.5,75.37993920972644,124.49874728033757
2026-04-05 21:37:36,87.5,75.3048780487805,124.6730670357104
2026-04-05 21:37:51,87.5,75.22935779816514,124.84738679108324
2026-04-05 21:38:06,75.0,75.3048780487805,125.02170654645607
2026-04-05 21:38:21,75.0,75.22935779816514,125.19602630182894
2026-04-05 21:38:36,75.0,75.15337423312883,125.37034605720177
2026-04-05 21:38:51,75.0,75.07692307692308,125.5446658125746
2026-04-05 21:39:06,75.0,75.0,125.71898556794747
2026-04-05 21:39:21,75.0,74.92260061919505,125.8933053233203
2026-04-05 21:39:36,75.0,75.0,126.06762507869314
2026-04-05 21:39:51,75.0,74.92260061919505,126.24194483406598
2026-04-05 21:40:06,75.0,74.84472049689441,126.41626458943884
2026-04-05 21:40:21,75.0,74.76635514018692,126.59058434481167
2026-04-05 21:40:36,75.0,74.6875,126.76490410018451
2026-04-05 21:40:51,75.0,74.60815047021944,126.93922385555734
2026-04-05 21:41:06,75.0,74.6875,127.11354361093021
2026-04-05 21:41:21,75.0,74.60815047021944,127.28786336630304
2026-04-05 21:41:36,75.0,74.52830188679245,127.46218312167588
2026-04-05 21:41:51,75.0,74.44794952681389,127.63650287704874
2026-04-05 21:42:06,75.0,74.36708860759494,127.81082263242158
2026-04-05 21:42:21,75.0,74.28571428571429,127.98514238779441
2026-04-05 21:42:36,75.0,74.36708860759494,128.15946214316725
2026-04-05 21:42:51,75.0,74.28571428571429,128.3337818985401
2026-04-05 21:43:06,75.0,74.20382165605095,128.50810165391295
2026-04-05 21:43:21,75.0,74.12140575079871,128.68242140928578
2026-04-05 21:43:36,75.0,74.03846153846155,128.85674116465862
2026-04-05 21:43:51,75.0,74.12140575079871,129.03106092003148
2026-04-05 21:44:06,75.0,74.03846153846155,129.2053806754043
2026-04-05 21:44:21,75.0,73.95498392282958,129.37970043077715
2026-04-05 21:44:36,75.0,73.87096774193549,129.55402018614998
2026-04-05 21:44:51,75.0,73.7864077669903,129.72833994152285
2026-04-05 21:45:06,75.0,73.7012987012987,129.90265969689568
2026-04-05 21:45:21,75.0,73.7864077669903,130.07697945226852
2026-04-05 21:45:36,75.0,73.7012987012987,130.25129920764138
2026-04-05 21:45:51,75.0,73.61563517915309,130.42561896301422
2026-04-05 21:46:06,75.0,73.52941176470588,130.59993871838705
2026-04-05 21:46:21,75.0,73.44262295081967,130.7742584737599
2026-04-05 21:46:36,75.0,73.35526315789474,130.94857822913275
2026-04-05 21:46:51,75.0,73.44262295081967,131.12289798450558
2026-04-05 21:47:06,75.0,73.35526315789474,131.29721773987842
2026-04-05 21:47:21,75.0,73.26732673267327,131.47153749525125
2026-04-05 21:47:36,75.0,73.17880794701986,131.64585725062412
2026-04-05 21:47:51,75.0,73.08970099667775,131.82017700599695
2026-04-05 21:48:06,75.0,73.0,131.9944967613698
2026-04-05 21:48:21,75.0,73.08970099667775,132.16881651674265
2026-04-05 21:48:36,75.0,73.0,132.3431362721155
2026-04-05 21:48:51,75.0,72.90969899665552,132.51745602748832
2026-04-05 21:49:06,75.0,72.81879194630872,132.69177578286116
2026-04-05 21:49:21,75.0,72.72727272727273,132.86609553823402
2026-04-05 21:49:36,75.0,72.81879194630872,133.04041529360686
2026-04-05 21:49:51,75.0,72.72727272727273,133.2147350489797
2026-04-05 21:50:06,75.0,72.63513513513513,133.38905480435253
2026-04-05 21:50:21,75.0,72.54237288135593,133.5633745597254
2026-04-05 21:50:36,75.0,72.44897959183673,133.73769431509822
2026-04-05 21:50:51,75.0,72.35494880546075,133.91201407047106
2026-04-05 21:51:06,75.0,72.44897959183673,134.0863338258439
2026-04-05 21:51:21,75.0,72.35494880546075,134.26065358121676
2026-04-05 21:51:36,75.0,72.26027397260275,134.4349733365896
2026-04-05 21:51:51,75.0,72.16494845360825,134.60929309196243
2026-04-05 21:52:06,75.0,72.06896551724138,134.7836128473353
2026-04-05 21:52:21,75.0,71.97231833910035,134.95793260270813
2026-04-05 21:52:36,62.5,72.06896551724138,135.13225235808096
2026-04-05 21:52:51,62.5,71.97231833910035,135.3065721134538
2026-04-05 21:53:06,62.5,71.875,135.48089186882666
2026-04-05 21:53:21,62.5,71.77700348432056,135.6552116241995
2026-04-05 21:53:36,62.5,71.67832167832168,135.82953137957233
2026-04-05 21:53:51,62.5,71.77700348432056,136.00385113494517
2026-04-05 21:54:06,62.5,71.67832167832168,136.17817089031803
2026-04-05 21:54:21,62.5,71.57894736842105,136.35249064569086
2026-04-05 21:54:36,62.5,71.47887323943662,136.5268104010637
2026-04-05 21:54:51,62.5,71.37809187279152,136.70113015643656
2026-04-05 21:55:06,62.5,71.27659574468085,136.8754499118094
2026-04-05 21:55:21,62.5,71.37809187279152,137.04976966718223
2026-04-05 21:55:36,62.5,71.27659574468085,137.22408942255507
2026-04-05 21:55:51,62.5,71.17437722419929,137.39840917792793
2026-04-05 21:56:06,62.5,71.07142857142857,137.57272893330077
2026-04-05 21:56:21,62.5,70.96774193548387,137.7470486886736
2026-04-05 21:56:36,62.5,70.86330935251799,137.92136844404644
2026-04-05 21:56:51,62.5,70.96774193548387,138.0956881994193
2026-04-05 21:57:06,62.5,70.86330935251799,138.27000795479213
2026-04-05 21:57:21,62.5,70.7581227436823,138.44432771016497
