time,tcc_auto,tcc_empi,int_time
2026-03-28 00:00:01,0.0,0.0,169.4522626821394
2026-03-28 00:00:16,0.0,0.0,169.38473162236403
2026-03-28 00:00:31,0.0,0.0,169.31720056258865
2026-03-28 00:00:46,0.0,0.0,169.24966950281325
2026-03-28 00:01:01,0.0,0.0,169.18213844303787
2026-03-28 00:01:16,0.0,0.0,169.11460738326247
2026-03-28 00:01:31,0.0,0.0,169.0470763234871
2026-03-28 00:01:46,0.0,0.0,168.9795452637117
2026-03-28 00:02:01,0.0,0.0,168.91201420393634
2026-03-28 00:02:16,0.0,0.0,168.84448314416093
2026-03-28 00:02:31,0.0,0.0,168.77695208438556
2026-03-28 00:02:46,0.0,0.0,168.70942102461018
2026-03-28 00:03:01,0.0,0.0,168.64188996483477
2026-03-28 00:03:16,0.0,0.0,168.5743589050594
2026-03-28 00:03:31,0.0,0.0,168.50682784528402
2026-03-28 00:03:46,0.0,0.0,168.43929678550862
2026-03-28 00:04:01,0.0,0.0,168.37176572573324
2026-03-28 00:04:16,0.0,0.0,168.30423466595786
2026-03-28 00:04:31,0.0,0.0,168.23670360618246
2026-03-28 00:04:46,0.0,0.0,168.16917254640708
2026-03-28 00:05:01,0.0,0.0,168.1016414866317
2026-03-28 00:05:16,0.0,0.0,168.03411042685633
2026-03-28 00:05:31,0.0,0.0,167.96657936708093
2026-03-28 00:05:46,0.0,0.0,167.89904830730555
2026-03-28 00:06:01,0.0,0.0,167.83151724753014
2026-03-28 00:06:16,0.0,0.0,167.76398618775477
2026-03-28 00:06:31,0.0,0.0,167.6964551279794
2026-03-28 00:06:46,0.0,0.0,167.62892406820401
2026-03-28 00:07:01,0.0,0.0,167.5613930084286
2026-03-28 00:07:16,0.0,0.0,167.49386194865323
2026-03-28 00:07:31,0.0,0.0,167.42633088887786
2026-03-28 00:07:46,0.0,0.0,167.35879982910245
2026-03-28 00:08:01,0.0,0.0,167.29126876932708
2026-03-28 00:08:16,0.0,0.0,167.2237377095517
2026-03-28 00:08:31,0.0,0.0,167.1562066497763
2026-03-28 00:08:46,0.0,0.0,167.08867559000092
2026-03-28 00:09:01,0.0,0.0,167.02114453022554
2026-03-28 00:09:16,0.0,0.0,166.95361347045014
2026-03-28 00:09:31,0.0,0.0,166.88608241067476
2026-03-28 00:09:46,0.0,0.0,166.81855135089938
2026-03-28 00:10:01,0.0,0.0,166.751020291124
2026-03-28 00:10:16,0.0,0.0,166.6834892313486
2026-03-28 00:10:31,0.0,0.0,166.61595817157323
2026-03-28 00:10:46,0.0,0.0,166.54842711179782
2026-03-28 00:11:01,0.0,0.0,166.48089605202244
2026-03-28 00:11:16,0.0,0.0,166.41336499224707
2026-03-28 00:11:31,0.0,0.0,166.3458339324717
2026-03-28 00:11:46,0.0,0.0,166.2783028726963
2026-03-28 00:12:01,0.0,0.0,166.2107718129209
2026-03-28 00:12:16,0.0,0.0,166.14324075314553
2026-03-28 00:12:31,0.0,0.0,166.07570969337013
2026-03-28 00:12:46,0.0,0.0,166.00817863359475
2026-03-28 00:13:01,0.0,0.0,165.94064757381938
2026-03-28 00:13:16,0.0,0.0,165.87311651404397
2026-03-28 00:13:31,0.0,0.0,165.8055854542686
2026-03-28 00:13:46,0.0,0.0,165.73805439449322
2026-03-28 00:14:01,0.0,0.0,165.6705233347178
2026-03-28 00:14:16,0.0,0.0,165.60299227494244
2026-03-28 00:14:31,0.0,0.0,165.53546121516706
2026-03-28 00:14:46,0.0,0.0,165.46793015539166
2026-03-28 00:15:01,0.0,0.0,165.40039909561628
2026-03-28 00:15:16,0.0,0.0,165.3328680358409
2026-03-28 00:15:31,0.0,0.2544529262086514,165.2653369760655
2026-03-28 00:15:46,0.0,0.5076142131979695,165.19780591629012
2026-03-28 00:16:01,0.0,0.7594936708860759,165.13027485651475
2026-03-28 00:16:16,0.0,1.0101010101010102,165.06274379673937
2026-03-28 00:16:31,0.0,0.7594936708860759,164.99521273696396
2026-03-28 00:16:46,0.0,1.0101010101010102,164.9276816771886
2026-03-28 00:17:01,0.0,1.2594458438287155,164.86015061741318
2026-03-28 00:17:16,0.0,1.507537688442211,164.7926195576378
2026-03-28 00:17:31,0.0,1.7543859649122806,164.72508849786243
2026-03-28 00:17:46,0.0,2.0,164.65755743808705
2026-03-28 00:18:01,0.0,2.2443890274314215,164.59002637831165
2026-03-28 00:18:16,0.0,2.4875621890547266,164.52249531853627
2026-03-28 00:18:31,0.0,2.729528535980149,164.4549642587609
2026-03-28 00:18:46,0.0,2.9702970297029703,164.3874331989855
2026-03-28 00:19:01,0.0,3.2098765432098766,164.31990213921011
2026-03-28 00:19:16,0.0,3.4482758620689653,164.25237107943474
2026-03-28 00:19:31,0.0,3.6855036855036856,164.18484001965933
2026-03-28 00:19:46,0.0,3.9215686274509802,164.11730895988396
2026-03-28 00:20:01,0.0,4.156479217603912,164.04977790010858
2026-03-28 00:20:16,0.0,3.9215686274509802,163.98224684033318
2026-03-28 00:20:31,0.0,4.156479217603912,163.9147157805578
2026-03-28 00:20:46,0.0,4.390243902439024,163.84718472078242
2026-03-28 00:21:01,0.0,4.622871046228711,163.77965366100705
2026-03-28 00:21:16,0.0,4.854368932038835,163.71212260123164
2026-03-28 00:21:31,0.0,5.084745762711865,163.64459154145626
2026-03-28 00:21:46,0.0,5.314009661835748,163.57706048168086
2026-03-28 00:22:01,0.0,5.542168674698795,163.50952942190548
2026-03-28 00:22:16,0.0,5.769230769230769,163.4419983621301
2026-03-28 00:22:31,0.0,5.995203836930456,163.37446730235473
2026-03-28 00:22:46,0.0,6.220095693779904,163.30693624257933
2026-03-28 00:23:01,0.0,6.443914081145586,163.23940518280395
2026-03-28 00:23:16,0.0,6.666666666666667,163.17187412302857
2026-03-28 00:23:31,0.0,6.88836104513064,163.10434306325317
2026-03-28 00:23:46,0.0,7.109004739336493,163.0368120034778
2026-03-28 00:24:01,0.0,6.88836104513064,162.96928094370242
2026-03-28 00:24:16,0.0,7.109004739336493,162.901749883927
2026-03-28 00:24:31,0.0,7.328605200945626,162.83421882415163
2026-03-28 00:24:46,0.0,7.547169811320755,162.76668776437626
2026-03-28 00:25:01,0.0,7.764705882352942,162.69915670460085
2026-03-28 00:25:16,0.0,7.981220657276995,162.63162564482548
2026-03-28 00:25:31,0.0,8.19672131147541,162.5640945850501
2026-03-28 00:25:46,0.0,8.411214953271028,162.4965635252747
2026-03-28 00:26:01,0.0,8.624708624708624,162.42903246549932
2026-03-28 00:26:16,0.0,8.837209302325581,162.36150140572394
2026-03-28 00:26:31,0.0,9.048723897911833,162.29397034594854
2026-03-28 00:26:46,0.0,9.25925925925926,162.22643928617316
2026-03-28 00:27:01,0.0,9.468822170900692,162.15890822639778
2026-03-28 00:27:16,0.0,9.67741935483871,162.0913771666224
2026-03-28 00:27:31,0.0,9.885057471264368,162.023846106847
2026-03-28 00:27:46,0.0,9.67741935483871,161.95631504707163
2026-03-28 00:28:01,0.0,9.885057471264368,161.88878398729625
2026-03-28 00:28:16,0.0,10.091743119266056,161.82125292752085
2026-03-28 00:28:31,0.0,10.297482837528605,161.75372186774547
2026-03-28 00:28:46,0.0,10.50228310502283,161.6861908079701
2026-03-28 00:29:01,0.0,10.70615034168565,161.6186597481947
2026-03-28 00:29:16,0.0,10.909090909090908,161.5511286884193
2026-03-28 00:29:31,0.0,11.11111111111111,161.48359762864393
2026-03-28 00:29:46,0.0,11.312217194570136,161.41606656886853
2026-03-28 00:30:01,0.0,11.512415349887133,161.34853550909315
2026-03-28 00:30:16,0.0,11.711711711711711,161.28100444931778
2026-03-28 00:30:31,0.0,11.910112359550562,161.21347338954237
2026-03-28 00:30:46,0.0,12.10762331838565,161.145942329767
2026-03-28 00:31:01,0.0,12.304250559284116,161.07841126999162
2026-03-28 00:31:16,0.0,12.5,161.01088021021621
2026-03-28 00:31:31,0.0,12.304250559284116,160.94334915044084
2026-03-28 00:31:46,0.0,12.5,160.87581809066546
2026-03-28 00:32:01,0.0,12.694877505567929,160.80828703089009
2026-03-28 00:32:16,0.0,12.88888888888889,160.74075597111468
2026-03-28 00:32:31,0.0,13.082039911308204,160.6732249113393
2026-03-28 00:32:46,0.0,13.274336283185843,160.6056938515639
2026-03-28 00:33:01,0.0,13.46578366445916,160.53816279178852
2026-03-28 00:33:16,0.0,13.656387665198238,160.47063173201315
2026-03-28 00:33:31,0.0,13.846153846153847,160.40310067223777
2026-03-28 00:33:46,0.0,14.035087719298245,160.33556961246236
2026-03-28 00:34:01,0.0,14.22319474835886,160.268038552687
2026-03-28 00:34:16,0.0,14.41048034934498,160.2005074929116
2026-03-28 00:34:31,0.0,14.596949891067537,160.1329764331362
2026-03-28 00:34:46,0.0,14.782608695652174,160.06544537336083
2026-03-28 00:35:01,0.0,14.596949891067537,159.99791431358545
2026-03-28 00:35:16,0.0,14.782608695652174,159.93038325381005
2026-03-28 00:35:31,0.0,14.967462039045554,159.86285219403467
2026-03-28 00:35:46,0.0,15.151515151515152,159.7953211342593
2026-03-28 00:36:01,0.0,15.334773218142548,159.7277900744839
2026-03-28 00:36:16,0.0,15.517241379310345,159.66025901470852
2026-03-28 00:36:31,0.0,15.698924731182796,159.59272795493314
2026-03-28 00:36:46,0.0,15.879828326180256,159.52519689515776
2026-03-28 00:37:01,0.0,16.059957173447536,159.45766583538236
2026-03-28 00:37:16,0.0,16.23931623931624,159.39013477560698
2026-03-28 00:37:31,0.0,16.417910447761194,159.32260371583158
2026-03-28 00:37:46,0.0,16.595744680851062,159.2550726560562
2026-03-28 00:38:01,0.0,16.772823779193207,159.18754159628082
2026-03-28 00:38:16,0.0,16.94915254237288,159.12001053650545
2026-03-28 00:38:31,0.0,17.12473572938689,159.05247947673004
2026-03-28 00:38:46,0.0,16.94915254237288,158.98494841695467
2026-03-28 00:39:01,0.0,17.12473572938689,158.9174173571793
2026-03-28 00:39:16,0.0,17.29957805907173,158.84988629740388
2026-03-28 00:39:31,0.0,17.473684210526315,158.7823552376285
2026-03-28 00:39:46,0.0,17.647058823529413,158.71482417785313
2026-03-28 00:40:01,0.0,17.81970649895178,158.64729311807773
2026-03-28 00:40:16,0.0,17.99163179916318,158.57976205830235
2026-03-28 00:40:31,0.0,18.16283924843424,158.51223099852697
2026-03-28 00:40:46,0.0,18.333333333333332,158.44469993875157
2026-03-28 00:41:01,0.0,18.503118503118504,158.3771688789762
2026-03-28 00:41:16,0.0,18.672199170124482,158.30963781920082
2026-03-28 00:41:31,0.0,18.84057971014493,158.2421067594254
2026-03-28 00:41:46,0.0,19.00826446280992,158.17457569965003
2026-03-28 00:42:01,0.0,19.175257731958766,158.10704463987466
2026-03-28 00:42:16,0.0,19.34156378600823,158.03951358009925
2026-03-28 00:42:31,0.0,19.175257731958766,157.97198252032388
2026-03-28 00:42:46,0.0,19.34156378600823,157.9044514605485
2026-03-28 00:43:01,0.0,19.50718685831622,157.83692040077312
2026-03-28 00:43:16,0.0,19.672131147540984,157.76938934099772
2026-03-28 00:43:31,0.0,19.836400817995912,157.70185828122234
2026-03-28 00:43:46,0.0,20.0,157.63432722144694
2026-03-28 00:44:01,0.0,20.162932790224033,157.56679616167156
2026-03-28 00:44:16,0.0,20.32520325203252,157.49926510189619
2026-03-28 00:44:31,0.0,20.486815415821503,157.4317340421208
2026-03-28 00:44:46,0.0,20.647773279352226,157.3642029823454
2026-03-28 00:45:01,0.0,20.80808080808081,157.29667192257003
2026-03-28 00:45:16,0.0,20.967741935483872,157.22914086279465
2026-03-28 00:45:31,0.0,21.12676056338028,157.16160980301925
2026-03-28 00:45:46,0.0,21.285140562248998,157.09407874324387
2026-03-28 00:46:01,0.0,21.442885771543086,157.0265476834685
2026-03-28 00:46:16,0.0,21.285140562248998,156.9590166236931
2026-03-28 00:46:31,0.0,21.442885771543086,156.8914855639177
2026-03-28 00:46:46,0.0,21.6,156.82395450414234
2026-03-28 00:47:01,0.0,21.756487025948104,156.75642344436693
2026-03-28 00:47:16,0.0,21.91235059760956,156.68889238459155
2026-03-28 00:47:31,0.0,22.067594433399602,156.62136132481618
2026-03-28 00:47:46,0.0,22.22222222222222,156.5538302650408
2026-03-28 00:48:01,0.0,22.37623762376238,156.4862992052654
2026-03-28 00:48:16,0.0,22.529644268774703,156.41876814549002
2026-03-28 00:48:31,0.0,22.682445759368836,156.35123708571462
2026-03-28 00:48:46,0.0,22.83464566929134,156.28370602593924
2026-03-28 00:49:01,0.0,22.98624754420432,156.21617496616386
2026-03-28 00:49:16,0.0,23.137254901960784,156.1486439063885
2026-03-28 00:49:31,0.0,23.28767123287671,156.08111284661308
2026-03-28 00:49:46,0.0,23.4375,156.0135817868377
2026-03-28 00:50:01,0.0,23.28767123287671,155.94605072706233
2026-03-28 00:50:16,0.0,23.4375,155.87851966728692
2026-03-28 00:50:31,0.0,23.586744639376217,155.81098860751155
2026-03-28 00:50:46,0.0,23.73540856031128,155.74345754773617
2026-03-28 00:51:01,0.0,23.883495145631066,155.67592648796077
2026-03-28 00:51:16,0.0,24.031007751937985,155.6083954281854
2026-03-28 00:51:31,0.0,24.177949709864606,155.54086436841
2026-03-28 00:51:46,0.0,24.324324324324326,155.4733333086346
2026-03-28 00:52:01,0.0,24.470134874759154,155.40580224885923
2026-03-28 00:52:16,0.0,24.615384615384617,155.33827118908386
2026-03-28 00:52:31,0.0,24.760076775431862,155.27074012930845
2026-03-28 00:52:46,0.0,24.904214559386972,155.20320906953307
2026-03-28 00:53:01,0.0,25.04780114722753,155.1356780097577
2026-03-28 00:53:16,0.0,25.190839694656486,155.0681469499823
2026-03-28 00:53:31,0.0,25.333333333333336,155.00061589020692
2026-03-28 00:53:46,0.0,25.190839694656486,154.93308483043154
2026-03-28 00:54:01,0.0,25.333333333333336,154.86555377065616
2026-03-28 00:54:16,0.0,25.475285171102662,154.79802271088076
2026-03-28 00:54:31,0.0,25.616698292220114,154.73049165110538
2026-03-28 00:54:46,0.0,25.757575757575758,154.66296059133
2026-03-28 00:55:01,0.0,25.89792060491493,154.5954295315546
2026-03-28 00:55:16,0.0,26.037735849056602,154.52789847177922
2026-03-28 00:55:31,0.0,26.17702448210923,154.46036741200385
2026-03-28 00:55:46,0.0,26.31578947368421,154.39283635222844
2026-03-28 00:56:01,0.0,26.454033771106943,154.32530529245307
2026-03-28 00:56:16,0.0,26.591760299625467,154.2577742326777
2026-03-28 00:56:31,0.0,26.72897196261682,154.19024317290229
2026-03-28 00:56:46,0.0,26.865671641791046,154.1227121131269
2026-03-28 00:57:01,0.0,27.001862197392924,154.05518105335153
2026-03-28 00:57:16,0.0,26.865671641791046,153.98764999357613
2026-03-28 00:57:31,0.0,27.001862197392924,153.92011893380075
2026-03-28 00:57:46,0.0,27.137546468401485,153.85258787402537
2026-03-28 00:58:01,0.0,27.27272727272727,153.78505681424997
2026-03-28 00:58:16,0.0,27.40740740740741,153.7175257544746
2026-03-28 00:58:31,0.0,27.54158964879852,153.64999469469922
2026-03-28 00:58:46,0.0,27.67527675276753,153.58246363492384
2026-03-28 00:59:01,0.0,27.808471454880294,153.51493257514844
2026-03-28 00:59:16,0.0,27.941176470588236,153.44740151537306
2026-03-28 00:59:31,0.0,28.073394495412845,153.37987045559765
2026-03-28 00:59:46,0.0,28.205128205128204,153.31233939582228
2026-03-28 01:00:01,0.0,28.336380255941503,153.2448083360469
2026-03-28 01:00:16,0.0,28.467153284671532,153.17727727627152
2026-03-28 01:00:31,0.0,28.59744990892532,153.10974621649612
2026-03-28 01:00:46,0.0,28.72727272727273,153.04221515672074
2026-03-28 01:01:01,0.0,28.59744990892532,152.97468409694537
2026-03-28 01:01:16,0.0,28.72727272727273,152.90715303716996
2026-03-28 01:01:31,0.0,28.85662431941924,152.8396219773946
2026-03-28 01:01:46,0.0,28.985507246376812,152.7720909176192
2026-03-28 01:02:01,0.0,29.11392405063291,152.7045598578438
2026-03-28 01:02:16,0.0,29.24187725631769,152.63702879806843
2026-03-28 01:02:31,0.0,29.36936936936937,152.56949773829305
2026-03-28 01:02:46,0.0,29.496402877697843,152.50196667851765
2026-03-28 01:03:01,0.0,29.622980251346497,152.43443561874227
2026-03-28 01:03:16,0.0,29.749103942652326,152.3669045589669
2026-03-28 01:03:31,0.0,29.874776386404296,152.2993734991915
2026-03-28 01:03:46,0.0,30.0,152.2318424394161
2026-03-28 01:04:01,0.0,30.124777183600713,152.16431137964074
2026-03-28 01:04:16,0.0,30.2491103202847,152.09678031986533
2026-03-28 01:04:31,0.0,30.373001776198933,152.02924926008995
2026-03-28 01:04:46,0.0,30.2491103202847,151.96171820031458
2026-03-28 01:05:01,0.0,30.373001776198933,151.8941871405392
2026-03-28 01:05:16,0.0,30.49645390070922,151.8266560807638
2026-03-28 01:05:31,0.0,30.619469026548675,151.75912502098842
2026-03-28 01:05:46,0.0,30.742049469964666,151.69159396121304
2026-03-28 01:06:01,0.0,30.864197530864196,151.62406290143764
2026-03-28 01:06:16,0.0,30.985915492957744,151.55653184166226
2026-03-28 01:06:31,0.0,31.107205623901578,151.4890007818869
2026-03-28 01:06:46,0.0,31.2280701754386,151.42146972211148
2026-03-28 01:07:01,0.0,31.34851138353765,151.3539386623361
2026-03-28 01:07:16,0.0,31.46853146853147,151.28640760256073
2026-03-28 01:07:31,0.0,31.588132635253054,151.21887654278532
2026-03-28 01:07:46,0.0,31.70731707317073,151.15134548300995
2026-03-28 01:08:01,0.0,31.82608695652174,151.08381442323457
2026-03-28 01:08:16,0.0,31.944444444444443,151.01628336345917
2026-03-28 01:08:31,0.0,31.82608695652174,150.9487523036838
2026-03-28 01:08:46,0.0,31.944444444444443,150.8812212439084
2026-03-28 01:09:01,0.0,32.06239168110919,150.813690184133
2026-03-28 01:09:16,0.0,32.17993079584775,150.74615912435763
2026-03-28 01:09:31,0.0,32.29706390328152,150.67862806458226
2026-03-28 01:09:46,0.0,32.41379310344827,150.61109700480688
2026-03-28 01:10:01,0.0,32.53012048192771,150.54356594503147
2026-03-28 01:10:16,0.0,32.64604810996563,150.4760348852561
2026-03-28 01:10:31,0.0,32.76157804459691,150.40850382548072
2026-03-28 01:10:46,0.0,32.87671232876712,150.34097276570532
2026-03-28 01:11:01,0.0,32.99145299145299,150.27344170592994
2026-03-28 01:11:16,0.0,33.105802047781566,150.20591064615456
2026-03-28 01:11:31,0.0,33.21976149914821,150.13837958637916
2026-03-28 01:11:46,0.0,33.33333333333333,150.07084852660378
2026-03-28 01:12:01,0.0,33.446519524618,150.0033174668284
2026-03-28 01:12:16,0.0,33.33333333333333,149.935786407053
2026-03-28 01:12:31,0.0,33.446519524618,149.86825534727762
2026-03-28 01:12:46,0.0,33.559322033898304,149.80072428750225
2026-03-28 01:13:01,0.0,33.67174280879864,149.73319322772684
2026-03-28 01:13:16,0.0,33.78378378378378,149.66566216795147
2026-03-28 01:13:31,0.0,33.895446880269816,149.5981311081761
2026-03-28 01:13:46,0.0,34.00673400673401,149.5306000484007
2026-03-28 01:14:01,0.0,34.11764705882353,149.4630689886253
2026-03-28 01:14:16,0.0,34.22818791946309,149.39553792884993
2026-03-28 01:14:31,0.0,34.33835845896148,149.32800686907456
2026-03-28 01:14:46,0.0,34.505862646566165,149.26047580929915
2026-03-28 01:15:01,0.0,34.67336683417086,149.19294474952378
2026-03-28 01:15:16,0.0,34.84087102177554,149.12541368974837
2026-03-28 01:15:31,0.0,35.00837520938023,149.057882629973
2026-03-28 01:15:46,0.0,35.07588532883643,148.99035157019762
2026-03-28 01:16:01,0.0,35.24451939291737,148.92282051042224
2026-03-28 01:16:16,0.0,35.413153456998316,148.85528945064684
2026-03-28 01:16:31,0.0,35.58178752107926,148.78775839087146
2026-03-28 01:16:46,0.0,35.750421585160204,148.72022733109608
2026-03-28 01:17:01,0.0,35.91905564924115,148.65269627132068
2026-03-28 01:17:16,0.0,36.08768971332209,148.5851652115453
2026-03-28 01:17:31,0.0,36.25632377740304,148.51763415176993
2026-03-28 01:17:46,0.0,36.42495784148398,148.45010309199452
2026-03-28 01:18:01,0.0,36.59359190556493,148.38257203221914
2026-03-28 01:18:16,0.0,36.76222596964587,148.31504097244377
2026-03-28 01:18:31,0.0,36.930860033726816,148.24750991266836
2026-03-28 01:18:46,0.0,37.09949409780776,148.179978852893
2026-03-28 01:19:01,0.0,37.268128161888704,148.1124477931176
2026-03-28 01:19:16,0.0,37.436762225969645,148.0449167333422
2026-03-28 01:19:31,0.0,37.521222410865875,147.97738567356683
2026-03-28 01:19:46,0.0,37.69100169779287,147.90985461379145
2026-03-28 01:20:01,0.0,37.86078098471987,147.84232355401605
2026-03-28 01:20:16,0.0,37.86078098471987,147.77479249424067
2026-03-28 01:20:31,0.0,38.030560271646856,147.7072614344653
2026-03-28 01:20:46,0.0,38.030560271646856,147.63973037468992
2026-03-28 01:21:01,0.0,38.030560271646856,147.5721993149145
2026-03-28 01:21:16,0.0,38.030560271646856,147.50466825513914
2026-03-28 01:21:31,0.0,38.030560271646856,147.43713719536376
2026-03-28 01:21:46,0.0,38.20033955857385,147.36960613558836
2026-03-28 01:22:01,0.0,38.37011884550085,147.30207507581298
2026-03-28 01:22:16,0.0,38.539898132427844,147.2345440160376
2026-03-28 01:22:31,0.0,38.70967741935484,147.1670129562622
2026-03-28 01:22:46,0.0,38.879456706281836,147.09948189648682
2026-03-28 01:23:01,0.0,39.04923599320883,147.03195083671145
2026-03-28 01:23:16,0.0,39.14529914529915,146.96441977693604
2026-03-28 01:23:31,0.0,39.31623931623932,146.89688871716066
2026-03-28 01:23:46,0.0,39.48717948717949,146.8293576573853
2026-03-28 01:24:01,0.0,39.65811965811966,146.76182659760988
2026-03-28 01:24:16,0.0,39.82905982905983,146.6942955378345
2026-03-28 01:24:31,0.0,40.0,146.62676447805913
2026-03-28 01:24:46,0.0,40.17094017094017,146.55923341828372
2026-03-28 01:25:01,0.0,40.34188034188034,146.49170235850835
2026-03-28 01:25:16,0.0,40.51282051282051,146.42417129873297
2026-03-28 01:25:31,0.0,40.68376068376068,146.3566402389576
2026-03-28 01:25:46,0.0,40.85470085470085,146.2891091791822
2026-03-28 01:26:01,0.0,41.02564102564102,146.22157811940681
2026-03-28 01:26:16,0.0,41.19658119658119,146.15404705963144
2026-03-28 01:26:31,0.0,41.36752136752136,146.08651599985603
2026-03-28 01:26:46,0.0,41.53846153846154,146.01898494008066
2026-03-28 01:27:01,0.0,41.65232358003442,145.95145388030528
2026-03-28 01:27:16,0.0,41.82444061962134,145.88392282052988
2026-03-28 01:27:31,0.0,41.996557659208264,145.8163917607545
2026-03-28 01:27:46,0.0,42.168674698795186,145.74886070097912
2026-03-28 01:28:01,0.0,42.3407917383821,145.68132964120372
2026-03-28 01:28:16,0.0,42.51290877796902,145.61379858142834
2026-03-28 01:28:31,0.0,42.68502581755594,145.54626752165296
2026-03-28 01:28:46,0.0,42.857142857142854,145.47873646187756
2026-03-28 01:29:01,0.0,43.029259896729776,145.41120540210218
2026-03-28 01:29:16,0.0,43.20137693631669,145.3436743423268
2026-03-28 01:29:31,0.0,43.373493975903614,145.2761432825514
2026-03-28 01:29:46,0.0,43.54561101549053,145.20861222277603
2026-03-28 01:30:01,0.0,43.71772805507745,145.14108116300065
2026-03-28 01:30:16,0.0,43.88984509466437,145.07355010322524
2026-03-28 01:30:31,0.0,44.061962134251296,145.00601904344987
2026-03-28 01:30:46,0.0,44.194107452339686,144.9384879836745
2026-03-28 01:31:01,0.0,44.367417677642976,144.8709569238991
2026-03-28 01:31:16,0.0,44.54072790294627,144.8034258641237
2026-03-28 01:31:31,0.0,44.71403812824957,144.73589480434833
2026-03-28 01:31:46,0.0,44.88734835355286,144.66836374457296
2026-03-28 01:32:01,0.0,45.06065857885615,144.60083268479755
2026-03-28 01:32:16,0.0,45.233968804159446,144.53330162502218
2026-03-28 01:32:31,0.0,45.407279029462735,144.4657705652468
2026-03-28 01:32:46,0.0,45.58058925476603,144.3982395054714
2026-03-28 01:33:01,0.0,45.75389948006933,144.33070844569602
2026-03-28 01:33:16,0.0,45.92720970537262,144.26317738592064
2026-03-28 01:33:31,0.0,46.10051993067591,144.19564632614524
2026-03-28 01:33:46,0.0,46.2738301559792,144.12811526636986
2026-03-28 01:34:01,0.0,46.447140381282495,144.06058420659448
2026-03-28 01:34:16,0.0,46.596858638743456,143.99305314681908
2026-03-28 01:34:31,0.0,46.77137870855148,143.9255220870437
2026-03-28 01:34:46,0.0,46.94589877835951,143.85799102726833
2026-03-28 01:35:01,0.0,47.12041884816754,143.79045996749292
2026-03-28 01:35:16,0.0,47.294938917975564,143.72292890771755
2026-03-28 01:35:31,0.0,47.4694589877836,143.65539784794217
2026-03-28 01:35:46,0.0,47.64397905759162,143.58786678816676
2026-03-28 01:36:01,0.0,47.81849912739965,143.5203357283914
2026-03-28 01:36:16,0.0,47.99301919720768,143.452804668616
2026-03-28 01:36:31,0.0,48.167539267015705,143.38527360884063
2026-03-28 01:36:46,0.0,48.34205933682373,143.31774254906523
2026-03-28 01:37:01,0.0,48.51657940663176,143.25021148928985
2026-03-28 01:37:16,0.0,48.69109947643979,143.18268042951448
2026-03-28 01:37:31,0.0,48.86561954624782,143.11514936973907
2026-03-28 01:37:46,0.0,49.040139616055846,143.0476183099637
2026-03-28 01:38:01,0.0,49.209138840070295,142.98008725018832
2026-03-28 01:38:16,0.0,49.38488576449912,142.91255619041291
2026-03-28 01:38:31,0.0,49.56063268892794,142.84502513063754
2026-03-28 01:38:46,12.5,49.73637961335677,142.77749407086216
2026-03-28 01:39:01,12.5,49.91212653778559,142.70996301108676
2026-03-28 01:39:16,12.5,50.08787346221442,142.64243195131138
2026-03-28 01:39:31,12.5,50.26362038664324,142.574900891536
2026-03-28 01:39:46,12.5,50.43936731107206,142.5073698317606
2026-03-28 01:40:01,12.5,50.61511423550088,142.43983877198522
2026-03-28 01:40:16,12.5,50.790861159929705,142.37230771220985
2026-03-28 01:40:31,12.5,50.96660808435852,142.30477665243444
2026-03-28 01:40:46,12.5,51.14235500878734,142.23724559265906
2026-03-28 01:41:01,12.5,51.31810193321616,142.1697145328837
2026-03-28 01:41:16,12.5,51.493848857644984,142.10218347310828
2026-03-28 01:41:31,12.5,51.66959578207382,142.0346524133329
2026-03-28 01:41:46,12.5,51.85840707964602,141.96712135355753
2026-03-28 01:42:01,12.5,52.03539823008849,141.89959029378215
2026-03-28 01:42:16,12.5,52.21238938053098,141.83205923400675
2026-03-28 01:42:31,12.5,52.38938053097345,141.76452817423137
2026-03-28 01:42:46,12.5,52.56637168141592,141.696997114456
2026-03-28 01:43:01,12.5,52.743362831858406,141.6294660546806
2026-03-28 01:43:16,12.5,52.92035398230088,141.56193499490522
2026-03-28 01:43:31,12.5,53.09734513274337,141.49440393512984
2026-03-28 01:43:46,12.5,53.27433628318584,141.42687287535443
2026-03-28 01:44:01,12.5,53.451327433628315,141.35934181557906
2026-03-28 01:44:16,12.5,53.6283185840708,141.29181075580368
2026-03-28 01:44:31,12.5,53.80530973451327,141.22427969602828
2026-03-28 01:44:46,12.5,53.98230088495575,141.1567486362529
2026-03-28 01:45:01,12.5,54.15929203539823,141.08921757647752
2026-03-28 01:45:16,12.5,54.336283185840706,141.02168651670212
2026-03-28 01:45:31,12.5,54.54545454545454,140.95415545692674
2026-03-28 01:45:46,12.5,54.72370766488414,140.88662439715137
2026-03-28 01:46:01,12.5,54.90196078431373,140.81909333737596
2026-03-28 01:46:16,12.5,55.080213903743314,140.75156227760058
2026-03-28 01:46:31,12.5,55.258467023172905,140.6840312178252
2026-03-28 01:46:46,12.5,55.43672014260249,140.6165001580498
2026-03-28 01:47:01,12.5,55.61497326203209,140.54896909827443
2026-03-28 01:47:16,12.5,55.79322638146168,140.48143803849905
2026-03-28 01:47:31,12.5,55.97147950089126,140.41390697872367
2026-03-28 01:47:46,12.5,56.14973262032086,140.34637591894827
2026-03-28 01:48:01,12.5,56.32798573975044,140.2788448591729
2026-03-28 01:48:16,12.5,56.50623885918004,140.21131379939752
2026-03-28 01:48:31,12.5,56.68449197860963,140.1437827396221
2026-03-28 01:48:46,12.5,56.86274509803921,140.07625167984673
2026-03-28 01:49:01,12.5,57.04099821746881,140.00872062007136
2026-03-28 01:49:16,12.5,57.27109515260324,139.94118956029595
2026-03-28 01:49:31,12.5,57.450628366247756,139.87365850052058
2026-03-28 01:49:46,12.5,57.63016157989228,139.8061274407452
2026-03-28 01:50:01,12.5,57.809694793536806,139.7385963809698
2026-03-28 01:50:16,12.5,57.989228007181325,139.67106532119442
2026-03-28 01:50:31,12.5,58.16876122082585,139.60353426141904
2026-03-28 01:50:46,12.5,58.34829443447038,139.53600320164364
2026-03-28 01:51:01,12.5,58.52782764811491,139.46847214186826
2026-03-28 01:51:16,12.5,58.707360861759426,139.40094108209288
2026-03-28 01:51:31,12.5,58.88689407540395,139.33341002231748
2026-03-28 01:51:46,12.5,59.06642728904848,139.2658789625421
2026-03-28 01:52:01,12.5,59.245960502692995,139.19834790276673
2026-03-28 01:52:16,12.5,59.42549371633752,139.13081684299135
2026-03-28 01:52:31,12.5,59.60502692998204,139.06328578321595
2026-03-28 01:52:46,12.5,59.85533453887884,138.99575472344057
2026-03-28 01:53:01,12.5,60.03616636528029,138.9282236636652
2026-03-28 01:53:16,12.5,60.21699819168174,138.8606926038898
2026-03-28 01:53:31,12.5,60.397830018083184,138.7931615441144
2026-03-28 01:53:46,12.5,60.57866184448463,138.72563048433904
2026-03-28 01:54:01,12.5,60.75949367088608,138.65809942456363
2026-03-28 01:54:16,25.0,60.94032549728752,138.59056836478825
2026-03-28 01:54:31,25.0,61.12115732368897,138.52303730501288
2026-03-28 01:54:46,25.0,61.30198915009042,138.45550624523747
2026-03-28 01:55:01,25.0,61.48282097649186,138.3879751854621
2026-03-28 01:55:16,25.0,61.66365280289331,138.32044412568672
2026-03-28 01:55:31,25.0,61.84448462929476,138.25291306591132
2026-03-28 01:55:46,25.0,62.0253164556962,138.18538200613594
2026-03-28 01:56:01,25.0,62.20614828209765,138.11785094636056
2026-03-28 01:56:16,25.0,62.38698010849909,138.05031988658516
2026-03-28 01:56:31,25.0,62.659380692167574,137.98278882680978
2026-03-28 01:56:46,25.0,62.841530054644814,137.9152577670344
2026-03-28 01:57:01,25.0,63.02367941712204,137.847726707259
2026-03-28 01:57:16,25.0,63.20582877959927,137.78019564748362
2026-03-28 01:57:31,25.0,63.387978142076506,137.71266458770825
2026-03-28 01:57:46,25.0,63.57012750455373,137.64513352793287
2026-03-28 01:58:01,25.0,63.752276867030965,137.57760246815747
2026-03-28 01:58:16,25.0,63.934426229508205,137.5100714083821
2026-03-28 01:58:31,25.0,64.11657559198542,137.4425403486067
2026-03-28 01:58:46,25.0,64.29872495446266,137.3750092888313
2026-03-28 01:59:01,25.0,64.48087431693989,137.30747822905593
2026-03-28 01:59:16,25.0,64.66302367941712,137.23994716928055
2026-03-28 01:59:31,25.0,64.84517304189436,137.17241610950515
2026-03-28 01:59:46,25.0,65.02732240437157,137.10488504972977
2026-03-28 02:00:01,25.0,65.20947176684882,137.0373539899544
2026-03-28 02:00:16,25.0,65.5045871559633,136.969822930179
2026-03-28 02:00:31,25.0,65.68807339449542,136.90229187040362
2026-03-28 02:00:46,25.0,65.87155963302752,136.83476081062824
2026-03-28 02:01:01,25.0,66.05504587155964,136.76722975085283
2026-03-28 02:01:16,25.0,66.23853211009174,136.69969869107746
2026-03-28 02:01:31,25.0,66.42201834862385,136.63216763130208
2026-03-28 02:01:46,25.0,66.60550458715596,136.56463657152668
2026-03-28 02:02:01,25.0,66.78899082568807,136.4971055117513
2026-03-28 02:02:16,25.0,66.97247706422019,136.42957445197592
2026-03-28 02:02:31,25.0,67.1559633027523,136.36204339220052
2026-03-28 02:02:46,25.0,67.3394495412844,136.29451233242514
2026-03-28 02:03:01,25.0,67.52293577981652,136.22698127264977
2026-03-28 02:03:16,25.0,67.70642201834862,136.1594502128744
2026-03-28 02:03:31,25.0,67.88990825688074,136.09191915309898
2026-03-28 02:03:46,25.0,68.07339449541284,136.0243880933236
2026-03-28 02:04:01,25.0,68.39186691312385,135.95685703354823
2026-03-28 02:04:16,25.0,68.57670979667283,135.88932597377283
2026-03-28 02:04:31,25.0,68.76155268022181,135.82179491399745
2026-03-28 02:04:46,25.0,68.94639556377079,135.75426385422207
2026-03-28 02:05:01,25.0,69.13123844731977,135.68673279444667
2026-03-28 02:05:16,25.0,69.31608133086876,135.6192017346713
2026-03-28 02:05:31,25.0,69.50092421441775,135.55167067489592
2026-03-28 02:05:46,25.0,69.68576709796673,135.4841396151205
2026-03-28 02:06:01,25.0,69.87060998151571,135.41660855534514
2026-03-28 02:06:16,25.0,70.0554528650647,135.34907749556976
2026-03-28 02:06:31,25.0,70.24029574861368,135.28154643579435
2026-03-28 02:06:46,25.0,70.42513863216267,135.21401537601898
2026-03-28 02:07:01,25.0,70.60998151571165,135.1464843162436
2026-03-28 02:07:16,25.0,70.79482439926062,135.0789532564682
2026-03-28 02:07:31,25.0,70.97966728280961,135.01142219669282
2026-03-28 02:07:46,25.0,71.32216014897578,134.94389113691744
2026-03-28 02:08:01,25.0,71.50837988826815,134.87636007714204
2026-03-28 02:08:16,37.5,71.69459962756052,134.80882901736666
2026-03-28 02:08:31,37.5,71.88081936685289,134.74129795759129
2026-03-28 02:08:46,37.5,72.06703910614524,134.6737668978159
2026-03-28 02:09:01,37.5,72.25325884543761,134.6062358380405
2026-03-28 02:09:16,37.5,72.43947858472998,134.53870477826513
2026-03-28 02:09:31,37.5,72.62569832402235,134.47117371848975
2026-03-28 02:09:46,37.5,72.8119180633147,134.40364265871435
2026-03-28 02:10:01,37.5,72.99813780260708,134.33611159893897
2026-03-28 02:10:16,37.5,73.18435754189943,134.2685805391636
2026-03-28 02:10:31,37.5,73.3705772811918,134.2010494793882
2026-03-28 02:10:46,37.5,73.55679702048417,134.1335184196128
2026-03-28 02:11:01,37.5,73.74301675977654,134.06598735983744
2026-03-28 02:11:16,37.5,74.10881801125704,133.99845630006203
2026-03-28 02:11:31,37.5,74.29643527204503,133.93092524028665
2026-03-28 02:11:46,37.5,74.48405253283302,133.86339418051128
2026-03-28 02:12:01,37.5,74.671669793621,133.79586312073587
2026-03-28 02:12:16,37.5,74.85928705440901,133.7283320609605
2026-03-28 02:12:31,37.5,75.046904315197,133.66080100118512
2026-03-28 02:12:46,37.5,75.23452157598499,133.59326994140972
2026-03-28 02:13:01,37.5,75.42213883677297,133.52573888163434
2026-03-28 02:13:16,37.5,75.60975609756098,133.45820782185896
2026-03-28 02:13:31,37.5,75.79737335834896,133.39067676208356
2026-03-28 02:13:46,37.5,75.98499061913697,133.32314570230818
2026-03-28 02:14:01,37.5,76.17260787992495,133.2556146425328
2026-03-28 02:14:16,37.5,76.36022514071294,133.18808358275743
2026-03-28 02:14:31,37.5,76.54784240150094,133.12055252298202
2026-03-28 02:14:46,37.5,76.73545966228893,133.05302146320665
2026-03-28 02:15:01,37.5,77.12665406427222,132.98549040343127
2026-03-28 02:15:16,37.5,77.31568998109641,132.91795934365587
2026-03-28 02:15:31,37.5,77.50472589792061,132.8504282838805
2026-03-28 02:15:46,37.5,77.6937618147448,132.7828972241051
2026-03-28 02:16:01,37.5,77.882797731569,132.7153661643297
2026-03-28 02:16:16,37.5,78.0718336483932,132.64783510455433
2026-03-28 02:16:31,37.5,78.26086956521739,132.58030404477896
2026-03-28 02:16:46,37.5,78.44990548204159,132.51277298500355
2026-03-28 02:17:01,37.5,78.63894139886578,132.44524192522817
2026-03-28 02:17:16,37.5,78.82797731568998,132.3777108654528
2026-03-28 02:17:31,37.5,79.01701323251417,132.3101798056774
2026-03-28 02:17:46,37.5,79.20604914933837,132.24264874590202
2026-03-28 02:18:01,37.5,79.39508506616258,132.17511768612664
2026-03-28 02:18:16,37.5,79.58412098298678,132.10758662635124
2026-03-28 02:18:31,37.5,79.77315689981096,132.04005556657586
2026-03-28 02:18:46,37.5,80.19047619047619,131.97252450680048
2026-03-28 02:19:01,37.5,80.38095238095238,131.9049934470251
2026-03-28 02:19:16,50.0,80.57142857142857,131.8374623872497
2026-03-28 02:19:31,50.0,80.76190476190476,131.76993132747432
2026-03-28 02:19:46,50.0,80.95238095238095,131.70240026769895
2026-03-28 02:20:01,50.0,81.14285714285714,131.63486920792354
2026-03-28 02:20:16,50.0,81.33333333333333,131.56733814814817
2026-03-28 02:20:31,50.0,81.52380952380952,131.4998070883728
2026-03-28 02:20:46,50.0,81.71428571428572,131.43227602859739
2026-03-28 02:21:01,50.0,81.9047619047619,131.364744968822
2026-03-28 02:21:16,50.0,82.0952380952381,131.29721390904663
2026-03-28 02:21:31,50.0,82.28571428571428,131.22968284927123
2026-03-28 02:21:46,50.0,82.47619047619048,131.16215178949585
2026-03-28 02:22:01,50.0,82.66666666666667,131.09462072972048
2026-03-28 02:22:16,50.0,82.85714285714286,131.02708966994507
2026-03-28 02:22:31,50.0,83.30134357005758,130.9595586101697
2026-03-28 02:22:46,50.0,83.49328214971209,130.89202755039432
2026-03-28 02:23:01,50.0,83.6852207293666,130.8244964906189
2026-03-28 02:23:16,50.0,83.87715930902111,130.75696543084354
2026-03-28 02:23:31,50.0,84.06909788867563,130.68943437106816
2026-03-28 02:23:46,50.0,84.26103646833013,130.62190331129275
2026-03-28 02:24:01,50.0,84.45297504798465,130.55437225151738
2026-03-28 02:24:16,50.0,84.64491362763916,130.486841191742
2026-03-28 02:24:31,50.0,84.83685220729367,130.4193101319666
2026-03-28 02:24:46,50.0,85.02879078694818,130.35177907219122
2026-03-28 02:25:01,50.0,85.22072936660268,130.28424801241584
2026-03-28 02:25:16,50.0,85.41266794625719,130.21671695264047
2026-03-28 02:25:31,50.0,85.6046065259117,130.14918589286506
2026-03-28 02:25:46,50.0,85.79654510556622,130.0816548330897
2026-03-28 02:26:01,50.0,85.98848368522073,130.0141237733143
2026-03-28 02:26:16,50.0,86.46034816247582,129.9465927135389
2026-03-28 02:26:31,50.0,86.65377176015474,129.87906165376353
2026-03-28 02:26:46,50.0,86.84719535783366,129.81153059398815
2026-03-28 02:27:01,50.0,87.04061895551257,129.74399953421275
2026-03-28 02:27:16,50.0,87.2340425531915,129.67646847443737
2026-03-28 02:27:31,50.0,87.4274661508704,129.608937414662
2026-03-28 02:27:46,50.0,87.62088974854933,129.5414063548866
2026-03-28 02:28:01,50.0,87.81431334622823,129.4738752951112
2026-03-28 02:28:16,50.0,88.00773694390716,129.40634423533584
2026-03-28 02:28:31,50.0,88.20116054158608,129.33881317556043
2026-03-28 02:28:46,50.0,88.39458413926499,129.27128211578506
2026-03-28 02:29:01,50.0,88.58800773694391,129.20375105600968
2026-03-28 02:29:16,50.0,88.78143133462282,129.13621999623427
2026-03-28 02:29:31,50.0,88.97485493230174,129.0686889364589
2026-03-28 02:29:46,50.0,89.16827852998065,129.00115787668352
2026-03-28 02:30:01,50.0,89.66861598440545,128.93362681690814
2026-03-28 02:30:16,50.0,89.8635477582846,128.86609575713274
2026-03-28 02:30:31,50.0,90.05847953216374,128.79856469735736
2026-03-28 02:30:46,50.0,90.25341130604289,128.731033637582
2026-03-28 02:31:01,50.0,90.44834307992203,128.66350257780658
2026-03-28 02:31:16,50.0,90.64327485380117,128.5959715180312
2026-03-28 02:31:31,50.0,90.83820662768031,128.52844045825583
2026-03-28 02:31:46,50.0,91.03313840155946,128.46090939848042
2026-03-28 02:32:01,50.0,91.22807017543859,128.39337833870505
2026-03-28 02:32:16,62.5,91.42300194931774,128.32584727892967
2026-03-28 02:32:31,62.5,91.61793372319687,128.25831621915427
2026-03-28 02:32:46,62.5,91.81286549707602,128.1907851593789
2026-03-28 02:33:01,62.5,92.00779727095517,128.1232540996035
2026-03-28 02:33:16,62.5,92.20272904483431,128.0557230398281
2026-03-28 02:33:31,62.5,92.73084479371316,127.98819198005273
2026-03-28 02:33:46,62.5,92.92730844793712,127.92066092027736
2026-03-28 02:34:01,62.5,93.1237721021611,127.85312986050197
2026-03-28 02:34:16,62.5,93.32023575638507,127.78559880072658
2026-03-28 02:34:31,62.5,93.51669941060904,127.7180677409512
2026-03-28 02:34:46,62.5,93.71316306483301,127.65053668117581
2026-03-28 02:35:01,62.5,93.90962671905697,127.58300562140042
2026-03-28 02:35:16,62.5,94.10609037328095,127.51547456162504
2026-03-28 02:35:31,62.5,94.30255402750491,127.44794350184965
2026-03-28 02:35:46,62.5,94.49901768172889,127.38041244207426
2026-03-28 02:36:01,62.5,94.69548133595285,127.31288138229888
2026-03-28 02:36:16,62.5,94.89194499017681,127.24535032252349
2026-03-28 02:36:31,62.5,95.08840864440079,127.1778192627481
2026-03-28 02:36:46,62.5,95.28487229862476,127.11028820297273
2026-03-28 02:37:01,62.5,95.48133595284872,127.04275714319733
2026-03-28 02:37:16,62.5,96.03960396039604,126.97522608342196
2026-03-28 02:37:31,62.5,96.23762376237623,126.90769502364657
2026-03-28 02:37:46,62.5,96.43564356435644,126.84016396387118
2026-03-28 02:38:01,62.5,96.63366336633663,126.7726329040958
2026-03-28 02:38:16,62.5,96.83168316831683,126.70510184432041
2026-03-28 02:38:31,62.5,97.02970297029702,126.63757078454502
2026-03-28 02:38:46,62.5,97.22772277227722,126.57003972476964
2026-03-28 02:39:01,62.5,97.42574257425743,126.50250866499425
2026-03-28 02:39:16,62.5,97.62376237623762,126.43497760521888
2026-03-28 02:39:31,62.5,97.82178217821782,126.36744654544349
2026-03-28 02:39:46,62.5,98.01980198019803,126.2999154856681
2026-03-28 02:40:01,62.5,98.21782178217822,126.23238442589272
2026-03-28 02:40:16,62.5,98.41584158415841,126.16485336611733
2026-03-28 02:40:31,62.5,98.61386138613861,126.09732230634194
2026-03-28 02:40:46,62.5,98.8118811881188,126.02979124656656
2026-03-28 02:41:01,62.5,99.00199600798403,125.96226018679117
2026-03-28 02:41:16,62.5,99.00199600798403,125.89472912701578
2026-03-28 02:41:31,62.5,99.00199600798403,125.8271980672404
2026-03-28 02:41:46,62.5,99.00199600798403,125.75966700746501
2026-03-28 02:42:01,62.5,99.00199600798403,125.69213594768962
2026-03-28 02:42:16,62.5,99.00199600798403,125.62460488791424
2026-03-28 02:42:31,62.5,99.00199600798403,125.55707382813885
2026-03-28 02:42:46,62.5,99.00199600798403,125.48954276836348
2026-03-28 02:43:01,62.5,99.00199600798403,125.42201170858809
2026-03-28 02:43:16,62.5,99.00199600798403,125.3544806488127
2026-03-28 02:43:31,62.5,99.00199600798403,125.28694958903732
2026-03-28 02:43:46,62.5,99.00199600798403,125.21941852926193
2026-03-28 02:44:01,62.5,99.00199600798403,125.15188746948655
2026-03-28 02:44:16,62.5,99.00199600798403,125.08435640971116
2026-03-28 02:44:31,62.5,99.00199600798403,125.01682534993577
2026-03-28 02:44:46,62.5,98.99396378269618,124.9492942901604
2026-03-28 02:45:01,62.5,98.99396378269618,124.881763230385
2026-03-28 02:45:16,62.5,98.99396378269618,124.81423217060961
2026-03-28 02:45:31,62.5,98.99396378269618,124.74670111083424
2026-03-28 02:45:46,62.5,98.99396378269618,124.67917005105885
2026-03-28 02:46:01,62.5,98.99396378269618,124.61163899128346
2026-03-28 02:46:16,62.5,98.99396378269618,124.54410793150808
2026-03-28 02:46:31,62.5,98.99396378269618,124.47657687173269
2026-03-28 02:46:46,62.5,98.99396378269618,124.4090458119573
2026-03-28 02:47:01,62.5,98.99396378269618,124.34151475218192
2026-03-28 02:47:16,62.5,98.99396378269618,124.27398369240653
2026-03-28 02:47:31,62.5,98.99396378269618,124.20645263263114
2026-03-28 02:47:46,62.5,98.99396378269618,124.13892157285576
2026-03-28 02:48:01,62.5,98.99396378269618,124.07139051308037
2026-03-28 02:48:16,62.5,98.99396378269618,124.003859453305
2026-03-28 02:48:31,62.5,98.98580121703854,123.9363283935296
2026-03-28 02:48:46,62.5,98.98580121703854,123.86879733375422
2026-03-28 02:49:01,62.5,98.98580121703854,123.80126627397884
2026-03-28 02:49:16,62.5,98.98580121703854,123.73373521420345
2026-03-28 02:49:31,62.5,98.98580121703854,123.66620415442807
2026-03-28 02:49:46,62.5,98.98580121703854,123.59867309465268
2026-03-28 02:50:01,62.5,98.98580121703854,123.53114203487729
2026-03-28 02:50:16,62.5,98.98580121703854,123.46361097510191
2026-03-28 02:50:31,62.5,98.98580121703854,123.39607991532652
2026-03-28 02:50:46,75.0,98.98580121703854,123.32854885555113
2026-03-28 02:51:01,75.0,98.98580121703854,123.26101779577576
2026-03-28 02:51:16,75.0,98.98580121703854,123.19348673600037
2026-03-28 02:51:31,75.0,98.98580121703854,123.12595567622498
2026-03-28 02:51:46,75.0,98.98580121703854,123.0584246164496
2026-03-28 02:52:01,75.0,98.97750511247445,122.99089355667421
2026-03-28 02:52:16,75.0,98.97750511247445,122.92336249689882
2026-03-28 02:52:31,75.0,98.97750511247445,122.85583143712344
2026-03-28 02:52:46,75.0,98.97750511247445,122.78830037734805
2026-03-28 02:53:01,75.0,98.97750511247445,122.72076931757267
2026-03-28 02:53:16,75.0,98.97750511247445,122.65323825779728
2026-03-28 02:53:31,75.0,98.97750511247445,122.5857071980219
2026-03-28 02:53:46,75.0,98.97750511247445,122.51817613824652
2026-03-28 02:54:01,75.0,98.97750511247445,122.45064507847113
2026-03-28 02:54:16,75.0,98.97750511247445,122.38311401869574
2026-03-28 02:54:31,75.0,98.97750511247445,122.31558295892036
2026-03-28 02:54:46,75.0,98.97750511247445,122.24805189914497
2026-03-28 02:55:01,75.0,98.97750511247445,122.18052083936959
2026-03-28 02:55:16,75.0,98.97750511247445,122.1129897795942
2026-03-28 02:55:31,75.0,98.97750511247445,122.04545871981881
2026-03-28 02:55:46,75.0,98.96907216494846,121.97792766004343
2026-03-28 02:56:01,75.0,98.96907216494846,121.91039660026804
2026-03-28 02:56:16,75.0,98.96907216494846,121.84286554049265
2026-03-28 02:56:31,75.0,98.96907216494846,121.77533448071728
2026-03-28 02:56:46,75.0,98.96907216494846,121.70780342094189
2026-03-28 02:57:01,75.0,98.96907216494846,121.6402723611665
2026-03-28 02:57:16,75.0,98.96907216494846,121.57274130139112
2026-03-28 02:57:31,75.0,98.96907216494846,121.50521024161573
2026-03-28 02:57:46,75.0,98.96907216494846,121.43767918184034
2026-03-28 02:58:01,75.0,98.96907216494846,121.37014812206496
2026-03-28 02:58:16,75.0,98.96907216494846,121.30261706228957
2026-03-28 02:58:31,75.0,98.96907216494846,121.2350860025142
2026-03-28 02:58:46,75.0,98.96907216494846,121.1675549427388
2026-03-28 02:59:01,75.0,98.96907216494846,121.10002388296341
2026-03-28 02:59:16,75.0,98.96907216494846,121.03249282318804
2026-03-28 02:59:31,75.0,98.96049896049897,120.96496176341265
2026-03-28 02:59:46,75.0,98.96049896049897,120.89743070363727
2026-03-28 03:00:01,75.0,98.96049896049897,120.82989964386188
2026-03-28 03:00:16,75.0,98.96049896049897,120.76236858408649
2026-03-28 03:00:31,75.0,98.96049896049897,120.69483752431111
2026-03-28 03:00:46,75.0,98.96049896049897,120.62730646453572
2026-03-28 03:01:01,75.0,98.96049896049897,120.55977540476033
2026-03-28 03:01:16,75.0,98.96049896049897,120.49224434498495
2026-03-28 03:01:31,75.0,98.96049896049897,120.42471328520956
2026-03-28 03:01:46,75.0,98.96049896049897,120.35718222543417
2026-03-28 03:02:01,75.0,98.96049896049897,120.2896511656588
2026-03-28 03:02:16,75.0,98.96049896049897,120.2221201058834
2026-03-28 03:02:31,75.0,98.96049896049897,120.15458904610801
2026-03-28 03:02:46,75.0,98.96049896049897,120.08705798633264
2026-03-28 03:03:01,75.0,98.96049896049897,120.01952692655725
2026-03-28 03:03:16,75.0,98.9517819706499,119.95199586678186
2026-03-28 03:03:31,75.0,98.9517819706499,119.88446480700648
2026-03-28 03:03:46,75.0,98.9517819706499,119.81693374723109
2026-03-28 03:04:01,75.0,98.9517819706499,119.7494026874557
2026-03-28 03:04:16,75.0,98.9517819706499,119.68187162768032
2026-03-28 03:04:31,75.0,98.9517819706499,119.61434056790493
2026-03-28 03:04:46,75.0,98.9517819706499,119.54680950812956
2026-03-28 03:05:01,75.0,98.9517819706499,119.47927844835417
2026-03-28 03:05:16,75.0,98.9517819706499,119.41174738857879
2026-03-28 03:05:31,75.0,98.9517819706499,119.3442163288034
2026-03-28 03:05:46,75.0,98.9517819706499,119.27668526902801
2026-03-28 03:06:01,75.0,98.9517819706499,119.20915420925263
2026-03-28 03:06:16,75.0,98.9517819706499,119.14162314947724
2026-03-28 03:06:31,75.0,98.9517819706499,119.07409208970185
2026-03-28 03:06:46,75.0,98.9517819706499,119.00656102992647
2026-03-28 03:07:01,75.0,98.94291754756871,118.93902997015108
2026-03-28 03:07:16,75.0,98.94291754756871,118.87149891037569
2026-03-28 03:07:31,75.0,98.94291754756871,118.80396785060032
2026-03-28 03:07:46,75.0,98.94291754756871,118.73643679082492
2026-03-28 03:08:01,75.0,98.94291754756871,118.66890573104953
2026-03-28 03:08:16,75.0,98.94291754756871,118.60137467127416
2026-03-28 03:08:31,75.0,98.94291754756871,118.53384361149877
2026-03-28 03:08:46,75.0,98.94291754756871,118.46631255172338
2026-03-28 03:09:01,75.0,98.94291754756871,118.398781491948
2026-03-28 03:09:16,75.0,98.94291754756871,118.33125043217261
2026-03-28 03:09:31,75.0,98.94291754756871,118.26371937239723
2026-03-28 03:09:46,75.0,98.94291754756871,118.19618831262184
2026-03-28 03:10:01,75.0,98.94291754756871,118.12865725284645
2026-03-28 03:10:16,75.0,98.94291754756871,118.06112619307108
2026-03-28 03:10:31,75.0,98.93390191897655,117.99359513329568
2026-03-28 03:10:46,75.0,98.93390191897655,117.92606407352031
2026-03-28 03:11:01,75.0,98.93390191897655,117.85853301374492
2026-03-28 03:11:16,75.0,98.93390191897655,117.79100195396953
2026-03-28 03:11:31,75.0,98.93390191897655,117.72347089419415
2026-03-28 03:11:46,75.0,98.93390191897655,117.65593983441876
2026-03-28 03:12:01,75.0,98.93390191897655,117.58840877464337
2026-03-28 03:12:16,75.0,98.93390191897655,117.52087771486799
2026-03-28 03:12:31,75.0,98.93390191897655,117.4533466550926
2026-03-28 03:12:46,75.0,98.93390191897655,117.38581559531721
2026-03-28 03:13:01,75.0,98.93390191897655,117.31828453554184
2026-03-28 03:13:16,75.0,98.93390191897655,117.25075347576644
2026-03-28 03:13:31,75.0,98.93390191897655,117.18322241599105
2026-03-28 03:13:46,75.0,98.93390191897655,117.11569135621568
2026-03-28 03:14:01,75.0,98.93390191897655,117.04816029644029
2026-03-28 03:14:16,75.0,98.9247311827957,116.9806292366649
2026-03-28 03:14:31,75.0,98.9247311827957,116.91309817688952
2026-03-28 03:14:46,75.0,98.9247311827957,116.84556711711413
2026-03-28 03:15:01,75.0,98.9247311827957,116.77803605733875
2026-03-28 03:15:16,75.0,98.9247311827957,116.71050499756336
2026-03-28 03:15:31,75.0,98.9247311827957,116.64297393778799
2026-03-28 03:15:46,75.0,98.9247311827957,116.5754428780126
2026-03-28 03:16:01,75.0,98.9247311827957,116.5079118182372
2026-03-28 03:16:16,75.0,98.9247311827957,116.44038075846183
2026-03-28 03:16:31,75.0,98.9247311827957,116.37284969868644
2026-03-28 03:16:46,75.0,98.9247311827957,116.30531863891105
2026-03-28 03:17:01,75.0,98.9247311827957,116.23778757913567
2026-03-28 03:17:16,75.0,98.9247311827957,116.17025651936028
2026-03-28 03:17:31,75.0,98.9247311827957,116.10272545958489
2026-03-28 03:17:46,75.0,98.9247311827957,116.03519439980951
2026-03-28 03:18:01,75.0,98.91540130151843,115.96766334003412
2026-03-28 03:18:16,75.0,98.91540130151843,115.90013228025873
2026-03-28 03:18:31,75.0,98.91540130151843,115.83260122048335
2026-03-28 03:18:46,75.0,98.91540130151843,115.76507016070796
2026-03-28 03:19:01,75.0,98.91540130151843,115.69753910093257
2026-03-28 03:19:16,75.0,98.91540130151843,115.6300080411572
2026-03-28 03:19:31,75.0,98.91540130151843,115.5624769813818
2026-03-28 03:19:46,75.0,98.91540130151843,115.49494592160642
2026-03-28 03:20:01,75.0,98.91540130151843,115.42741486183104
2026-03-28 03:20:16,75.0,98.91540130151843,115.35988380205565
2026-03-28 03:20:31,75.0,98.91540130151843,115.29235274228027
2026-03-28 03:20:46,75.0,98.91540130151843,115.22482168250488
2026-03-28 03:21:01,75.0,98.91540130151843,115.1572906227295
2026-03-28 03:21:16,75.0,98.91540130151843,115.08975956295411
2026-03-28 03:21:31,75.0,98.91540130151843,115.02222850317872
2026-03-28 03:21:46,75.0,98.90590809628009,114.95469744340335
2026-03-28 03:22:01,75.0,98.90590809628009,114.88716638362796
2026-03-28 03:22:16,75.0,98.90590809628009,114.81963532385257
2026-03-28 03:22:31,75.0,98.90590809628009,114.75210426407719
2026-03-28 03:22:46,75.0,98.90590809628009,114.6845732043018
2026-03-28 03:23:01,75.0,98.90590809628009,114.61704214452641
2026-03-28 03:23:16,75.0,98.90590809628009,114.54951108475103
2026-03-28 03:23:31,75.0,98.90590809628009,114.48198002497564
2026-03-28 03:23:46,75.0,98.90590809628009,114.41444896520025
2026-03-28 03:24:01,75.0,98.90590809628009,114.34691790542487
2026-03-28 03:24:16,75.0,98.90590809628009,114.27938684564948
2026-03-28 03:24:31,75.0,98.90590809628009,114.21185578587409
2026-03-28 03:24:46,75.0,98.90590809628009,114.14432472609872
2026-03-28 03:25:01,75.0,98.90590809628009,114.07679366632333
2026-03-28 03:25:16,75.0,98.90590809628009,114.00926260654794
2026-03-28 03:25:31,75.0,98.89624724061811,113.94173154677256
2026-03-28 03:25:46,75.0,98.89624724061811,113.87420048699717
2026-03-28 03:26:01,75.0,98.89624724061811,113.80666942722179
2026-03-28 03:26:16,75.0,98.89624724061811,113.7391383674464
2026-03-28 03:26:31,75.0,98.89624724061811,113.67160730767102
2026-03-28 03:26:46,75.0,98.89624724061811,113.60407624789563
2026-03-28 03:27:01,75.0,98.89624724061811,113.53654518812024
2026-03-28 03:27:16,75.0,98.89624724061811,113.46901412834487
2026-03-28 03:27:31,75.0,98.89624724061811,113.40148306856948
2026-03-28 03:27:46,75.0,98.89624724061811,113.33395200879409
2026-03-28 03:28:01,75.0,98.89624724061811,113.26642094901871
2026-03-28 03:28:16,75.0,98.89624724061811,113.19888988924332
2026-03-28 03:28:31,75.0,98.89624724061811,113.13135882946793
2026-03-28 03:28:46,87.5,98.89624724061811,113.06382776969255
2026-03-28 03:29:01,87.5,98.88641425389754,112.99629670991716
2026-03-28 03:29:16,87.5,98.88641425389754,112.92876565014177
2026-03-28 03:29:31,87.5,98.88641425389754,112.8612345903664
2026-03-28 03:29:46,87.5,98.88641425389754,112.793703530591
2026-03-28 03:30:01,87.5,99.10913140311804,112.72617247081561
2026-03-28 03:30:16,87.5,99.10913140311804,112.65864141104024
2026-03-28 03:30:31,87.5,99.33184855233853,112.59111035126485
2026-03-28 03:30:46,87.5,99.55456570155901,112.52357929148947
2026-03-28 03:31:01,87.5,99.77728285077951,112.45604823171408
2026-03-28 03:31:16,87.5,100.0,112.38851717193869
2026-03-28 03:31:31,87.5,100.0,112.32098611216331
2026-03-28 03:31:46,87.5,100.0,112.25345505238792
2026-03-28 03:32:01,87.5,100.0,112.18592399261254
2026-03-28 03:32:16,87.5,100.0,112.11839293283715
2026-03-28 03:32:31,87.5,100.0,112.05086187306176
2026-03-28 03:32:46,87.5,100.0,111.98333081328639
2026-03-28 03:33:01,87.5,100.0,111.915799753511
2026-03-28 03:33:16,87.5,100.0,111.8482686937356
2026-03-28 03:33:31,87.5,100.0,111.78073763396023
2026-03-28 03:33:46,87.5,100.0,111.71320657418484
2026-03-28 03:34:01,87.5,100.0,111.64567551440945
2026-03-28 03:34:16,87.5,100.0,111.57814445463407
2026-03-28 03:34:31,87.5,100.0,111.51061339485868
2026-03-28 03:34:46,87.5,100.0,111.44308233508329
2026-03-28 03:35:01,87.5,100.0,111.37555127530791
2026-03-28 03:35:16,87.5,100.0,111.30802021553252
2026-03-28 03:35:31,87.5,100.0,111.24048915575713
2026-03-28 03:35:46,87.5,100.0,111.17295809598176
2026-03-28 03:36:01,87.5,100.0,111.10542703620636
2026-03-28 03:36:16,87.5,100.0,111.03789597643099
2026-03-28 03:36:31,87.5,100.0,110.9703649166556
2026-03-28 03:36:46,87.5,100.0,110.90283385688022
2026-03-28 03:37:01,87.5,100.0,110.83530279710483
2026-03-28 03:37:16,87.5,100.0,110.76777173732944
2026-03-28 03:37:31,87.5,100.0,110.70024067755406
2026-03-28 03:37:46,87.5,100.0,110.63270961777867
2026-03-28 03:38:01,87.5,100.0,110.56517855800328
2026-03-28 03:38:16,87.5,100.0,110.4976474982279
2026-03-28 03:38:31,87.5,100.0,110.43011643845252
2026-03-28 03:38:46,87.5,100.0,110.36258537867712
2026-03-28 03:39:01,87.5,100.0,110.29505431890175
2026-03-28 03:39:16,87.5,100.0,110.22752325912636
2026-03-28 03:39:31,87.5,100.0,110.15999219935097
2026-03-28 03:39:46,87.5,100.0,110.09246113957559
2026-03-28 03:40:01,87.5,100.0,110.0249300798002
2026-03-28 03:40:16,87.5,100.0,109.95739902002481
2026-03-28 03:40:31,87.5,100.0,109.88986796024943
2026-03-28 03:40:46,87.5,100.0,109.82233690047404
2026-03-28 03:41:01,87.5,100.0,109.75480584069865
2026-03-28 03:41:16,87.5,100.0,109.68727478092327
2026-03-28 03:41:31,87.5,100.0,109.61974372114788
2026-03-28 03:41:46,87.5,100.0,109.55221266137251
2026-03-28 03:42:01,87.5,100.0,109.48468160159712
2026-03-28 03:42:16,87.5,100.0,109.41715054182174
2026-03-28 03:42:31,87.5,100.0,109.34961948204635
2026-03-28 03:42:46,87.5,100.0,109.28208842227096
2026-03-28 03:43:01,87.5,100.0,109.21455736249558
2026-03-28 03:43:16,87.5,100.0,109.14702630272019
2026-03-28 03:43:31,87.5,100.0,109.0794952429448
2026-03-28 03:43:46,87.5,100.0,109.01196418316943
2026-03-28 03:44:01,87.5,100.0,108.94443312339403
2026-03-28 03:44:16,87.5,100.0,108.87690206361864
2026-03-28 03:44:31,87.5,100.0,108.80937100384327
2026-03-28 03:44:46,87.5,100.0,108.74183994406788
2026-03-28 03:45:01,87.5,100.0,108.67430888429249
2026-03-28 03:45:16,87.5,100.0,108.60677782451711
2026-03-28 03:45:31,87.5,100.0,108.53924676474172
2026-03-28 03:45:46,87.5,100.0,108.47171570496633
2026-03-28 03:46:01,87.5,100.0,108.40418464519095
2026-03-28 03:46:16,87.5,100.0,108.33665358541556
2026-03-28 03:46:31,87.5,100.0,108.26912252564017
2026-03-28 03:46:46,87.5,100.0,108.2015914658648
2026-03-28 03:47:01,87.5,100.0,108.1340604060894
2026-03-28 03:47:16,87.5,100.0,108.06652934631403
2026-03-28 03:47:31,87.5,100.0,107.99899828653864
2026-03-28 03:47:46,87.5,100.0,107.93146722676326
2026-03-28 03:48:01,87.5,100.0,107.86393616698787
2026-03-28 03:48:16,87.5,100.0,107.79640510721248
2026-03-28 03:48:31,87.5,100.0,107.7288740474371
2026-03-28 03:48:46,87.5,100.0,107.66134298766171
2026-03-28 03:49:01,87.5,100.0,107.59381192788632
2026-03-28 03:49:16,87.5,100.0,107.52628086811094
2026-03-28 03:49:31,87.5,100.0,107.45874980833555
2026-03-28 03:49:46,87.5,100.0,107.39121874856016
2026-03-28 03:50:01,87.5,100.0,107.32368768878479
2026-03-28 03:50:16,87.5,100.0,107.2561566290094
2026-03-28 03:50:31,87.5,100.0,107.188625569234
2026-03-28 03:50:46,87.5,100.0,107.12109450945863
2026-03-28 03:51:01,87.5,100.0,107.05356344968324
2026-03-28 03:51:16,87.5,100.0,106.98603238990785
2026-03-28 03:51:31,87.5,100.0,106.91850133013247
2026-03-28 03:51:46,87.5,100.0,106.85097027035708
2026-03-28 03:52:01,87.5,100.0,106.78343921058169
2026-03-28 03:52:16,87.5,100.0,106.71590815080631
2026-03-28 03:52:31,87.5,100.0,106.64837709103092
2026-03-28 03:52:46,87.5,100.0,106.58084603125555
2026-03-28 03:53:01,87.5,100.0,106.51331497148016
2026-03-28 03:53:16,87.5,100.0,106.44578391170478
2026-03-28 03:53:31,87.5,100.0,106.37825285192939
2026-03-28 03:53:46,87.5,100.0,106.310721792154
2026-03-28 03:54:01,87.5,100.0,106.24319073237862
2026-03-28 03:54:16,87.5,100.0,106.17565967260323
2026-03-28 03:54:31,87.5,100.0,106.10812861282784
2026-03-28 03:54:46,87.5,100.0,106.04059755305246
2026-03-28 03:55:01,87.5,100.0,105.97306649327707
2026-03-28 03:55:16,87.5,100.0,105.90553543350168
2026-03-28 03:55:31,87.5,100.0,105.8380043737263
2026-03-28 03:55:46,87.5,100.0,105.77047331395092
2026-03-28 03:56:01,87.5,100.0,105.70294225417553
2026-03-28 03:56:16,87.5,100.0,105.63541119440015
2026-03-28 03:56:31,87.5,100.0,105.56788013462476
2026-03-28 03:56:46,87.5,100.0,105.50034907484937
2026-03-28 03:57:01,87.5,100.0,105.43281801507399
2026-03-28 03:57:16,87.5,100.0,105.3652869552986
2026-03-28 03:57:31,87.5,100.0,105.29775589552322
2026-03-28 03:57:46,87.5,100.0,105.23022483574783
2026-03-28 03:58:01,87.5,100.0,105.16269377597244
2026-03-28 03:58:16,87.5,100.0,105.09516271619707
2026-03-28 03:58:31,87.5,100.0,105.02763165642168
2026-03-28 03:58:46,87.5,100.0,104.9601005966463
2026-03-28 03:59:01,87.5,100.0,104.89256953687091
2026-03-28 03:59:16,87.5,100.0,104.82503847709552
2026-03-28 03:59:31,87.5,100.0,104.75750741732014
2026-03-28 03:59:46,87.5,100.0,104.68997635754475
2026-03-28 04:00:01,87.5,100.0,104.62501749250822
2026-03-28 04:00:15,87.5,100.0,104.59799922972856
2026-03-28 04:00:31,87.5,100.0,104.56712121512322
2026-03-28 04:00:46,87.5,100.0,104.53817307643071
2026-03-28 04:01:01,87.5,100.0,104.50922493773821
2026-03-28 04:01:15,87.5,100.0,104.48220667495855
2026-03-28 04:01:31,87.5,100.0,104.45132866035321
2026-03-28 04:01:46,87.5,100.0,104.42238052166071
2026-03-28 04:02:01,87.5,100.0,104.3934323829682
2026-03-28 04:02:16,87.5,100.0,104.3644842442757
2026-03-28 04:02:30,87.5,100.0,104.33746598149604
2026-03-28 04:02:46,87.5,100.0,104.3065879668907
2026-03-28 04:03:01,87.5,100.0,104.27763982819819
2026-03-28 04:03:16,87.5,100.0,104.24869168950569
2026-03-28 04:03:31,87.5,100.0,104.21974355081319
2026-03-28 04:03:46,87.5,100.0,104.19079541212069
2026-03-28 04:04:01,87.5,100.0,104.16184727342818
2026-03-28 04:04:15,87.5,100.0,104.13482901064852
2026-03-28 04:04:31,87.5,100.0,104.10395099604318
2026-03-28 04:04:46,87.5,100.0,104.07500285735068
2026-03-28 04:05:01,87.5,100.0,104.04605471865817
2026-03-28 04:05:16,87.5,100.0,104.01710657996567
2026-03-28 04:05:31,87.5,100.0,103.98815844127317
2026-03-28 04:05:46,87.5,100.0,103.95921030258067
2026-03-28 04:06:00,87.5,100.0,103.932192039801
2026-03-28 04:06:16,87.5,100.0,103.90131402519566
2026-03-28 04:06:31,87.5,100.0,103.87236588650316
2026-03-28 04:06:45,87.5,100.0,103.8453476237235
2026-03-28 04:07:00,87.5,100.0,103.81639948503098
2026-03-28 04:07:16,87.5,100.0,103.78552147042565
2026-03-28 04:07:30,87.5,100.0,103.75850320764599
2026-03-28 04:07:46,87.5,100.0,103.72762519304065
2026-03-28 04:08:01,87.5,100.0,103.69867705434815
2026-03-28 04:08:15,87.5,100.0,103.67165879156848
2026-03-28 04:08:30,87.5,100.0,103.64271065287598
2026-03-28 04:08:46,87.5,100.0,103.61183263827064
2026-03-28 04:09:01,87.5,100.0,103.58288449957814
2026-03-28 04:09:15,87.5,100.0,103.55586623679847
2026-03-28 04:09:31,87.5,100.0,103.52498822219313
2026-03-28 04:09:45,87.5,100.0,103.49796995941347
2026-03-28 04:10:01,87.5,100.0,103.46709194480813
2026-03-28 04:10:15,87.5,100.0,103.44007368202845
2026-03-28 04:10:31,87.5,100.0,103.40919566742312
2026-03-28 04:10:45,87.5,100.0,103.38217740464346
2026-03-28 04:11:00,87.5,100.0,103.35322926595094
2026-03-28 04:11:16,87.5,100.0,103.32235125134561
2026-03-28 04:11:31,87.5,100.0,103.29340311265311
2026-03-28 04:11:45,87.5,100.0,103.26638484987345
2026-03-28 04:12:01,87.5,100.0,103.23550683526811
2026-03-28 04:12:15,87.5,100.0,103.20848857248843
2026-03-28 04:12:30,87.5,100.0,103.17954043379594
2026-03-28 04:12:45,87.5,100.0,103.15059229510344
2026-03-28 04:13:01,87.5,100.0,103.1197142804981
2026-03-28 04:13:16,87.5,100.0,103.09076614180559
2026-03-28 04:13:30,87.5,100.0,103.06374787902593
2026-03-28 04:13:46,87.5,100.0,103.03286986442059
2026-03-28 04:14:00,87.5,100.0,103.00585160164093
2026-03-28 04:14:16,87.5,100.0,102.97497358703559
2026-03-28 04:14:31,87.5,100.0,102.94602544834308
2026-03-28 04:14:45,87.5,100.0,102.91900718556342
2026-03-28 04:15:01,87.5,100.0,102.88812917095808
2026-03-28 04:15:16,87.5,100.0,102.85918103226558
2026-03-28 04:15:30,87.5,100.0,102.8321627694859
2026-03-28 04:15:45,87.5,100.0,102.8032146307934
2026-03-28 04:16:01,87.5,100.0,102.77233661618807
2026-03-28 04:16:15,87.5,100.0,102.7453183534084
2026-03-28 04:16:31,87.5,100.0,102.71444033880306
2026-03-28 04:16:45,87.5,100.0,102.6874220760234
2026-03-28 04:17:01,87.5,100.0,102.65654406141806
2026-03-28 04:17:15,87.5,100.0,102.62952579863838
2026-03-28 04:17:30,87.5,100.0,102.60057765994588
2026-03-28 04:17:45,87.5,100.0,102.57162952125339
2026-03-28 04:18:00,87.5,100.0,102.54268138256089
2026-03-28 04:18:16,87.5,100.0,102.51180336795555
2026-03-28 04:18:30,87.5,100.0,102.48478510517587
2026-03-28 04:18:45,87.5,100.0,102.45583696648337
2026-03-28 04:19:01,87.5,100.0,102.42495895187804
2026-03-28 04:19:15,87.5,100.0,102.39794068909838
2026-03-28 04:19:30,87.5,100.0,102.36899255040586
2026-03-28 04:19:46,87.5,100.0,102.33811453580053
2026-03-28 04:20:00,87.5,100.0,102.31109627302087
2026-03-28 04:20:15,87.5,100.0,102.28214813432837
2026-03-28 04:20:30,87.5,100.0,102.25319999563585
2026-03-28 04:20:46,87.5,100.0,102.22232198103052
2026-03-28 04:21:00,87.5,100.0,102.19530371825086
2026-03-28 04:21:15,87.5,100.0,102.16635557955836
2026-03-28 04:21:30,87.5,100.0,102.13740744086584
2026-03-28 04:21:45,87.5,100.0,102.10845930217334
2026-03-28 04:22:00,87.5,100.0,102.07951116348084
2026-03-28 04:22:15,87.5,100.0,102.05056302478835
2026-03-28 04:22:30,87.5,100.0,102.02161488609583
2026-03-28 04:22:46,87.5,100.0,101.9907368714905
2026-03-28 04:23:00,87.5,100.0,101.96371860871083
2026-03-28 04:23:15,87.5,100.0,101.93477047001834
2026-03-28 04:23:30,87.5,100.0,101.90582233132582
2026-03-28 04:23:46,87.5,100.0,101.87494431672049
2026-03-28 04:24:01,87.5,100.0,101.84599617802799
2026-03-28 04:24:15,87.5,100.0,101.81897791524833
2026-03-28 04:24:30,87.5,100.0,101.79002977655583
2026-03-28 04:24:45,87.5,100.0,101.76108163786331
2026-03-28 04:25:00,87.5,100.0,101.73213349917081
2026-03-28 04:25:16,87.5,100.0,101.70125548456548
2026-03-28 04:25:30,87.5,100.0,101.67423722178582
2026-03-28 04:25:45,87.5,100.0,101.6452890830933
2026-03-28 04:26:00,87.5,100.0,101.6163409444008
2026-03-28 04:26:15,87.5,100.0,101.5873928057083
2026-03-28 04:26:30,87.5,100.0,101.5584446670158
2026-03-28 04:26:46,87.5,100.0,101.52756665241047
2026-03-28 04:27:00,87.5,100.0,101.5005483896308
2026-03-28 04:27:15,87.5,100.0,101.4716002509383
2026-03-28 04:27:30,87.5,100.0,101.4426521122458
2026-03-28 04:27:45,87.5,100.0,101.41370397355328
2026-03-28 04:28:00,87.5,100.0,101.38475583486078
2026-03-28 04:28:15,87.5,100.0,101.35580769616828
2026-03-28 04:28:30,87.5,100.0,101.32685955747579
2026-03-28 04:28:45,87.5,100.0,101.29791141878327
2026-03-28 04:29:00,87.5,100.0,101.26896328009077
2026-03-28 04:29:15,87.5,100.0,101.24001514139827
2026-03-28 04:29:30,87.5,100.0,101.21106700270578
2026-03-28 04:29:45,87.5,100.0,101.18211886401326
2026-03-28 04:30:00,87.5,100.0,101.15317072532076
2026-03-28 04:30:15,87.5,100.0,101.12422258662826
2026-03-28 04:30:30,87.5,100.0,101.09527444793576
2026-03-28 04:30:45,87.5,100.0,101.06632630924327
2026-03-28 04:31:00,87.5,100.0,101.03737817055075
2026-03-28 04:31:15,87.5,100.0,101.00843003185825
2026-03-28 04:31:30,87.5,100.0,100.97948189316575
2026-03-28 04:31:45,87.5,100.0,100.95053375447326
2026-03-28 04:32:00,87.5,100.0,100.92158561578074
2026-03-28 04:32:15,87.5,100.0,100.89263747708824
2026-03-28 04:32:30,87.5,100.0,100.86368933839574
2026-03-28 04:32:45,87.5,100.0,100.83474119970325
2026-03-28 04:33:00,87.5,100.0,100.80579306101073
2026-03-28 04:33:15,87.5,100.0,100.77684492231823
2026-03-28 04:33:30,87.5,100.0,100.74789678362573
2026-03-28 04:33:45,87.5,100.0,100.71894864493323
2026-03-28 04:34:00,87.5,100.0,100.69000050624072
2026-03-28 04:34:15,87.5,100.0,100.66105236754822
2026-03-28 04:34:30,87.5,100.0,100.63210422885572
2026-03-28 04:34:45,87.5,100.0,100.60315609016322
2026-03-28 04:35:00,87.5,100.0,100.57420795147071
2026-03-28 04:35:15,87.5,100.0,100.54525981277821
2026-03-28 04:35:30,87.5,100.0,100.51631167408571
2026-03-28 04:35:45,87.5,100.0,100.48736353539321
2026-03-28 04:36:00,87.5,100.0,100.4584153967007
2026-03-28 04:36:15,87.5,100.0,100.4294672580082
2026-03-28 04:36:30,87.5,100.0,100.4005191193157
2026-03-28 04:36:45,87.5,100.0,100.3715709806232
2026-03-28 04:37:00,87.5,100.0,100.3426228419307
2026-03-28 04:37:15,87.5,100.0,100.31367470323819
2026-03-28 04:37:30,87.5,100.0,100.2847265645457
2026-03-28 04:37:45,87.5,100.0,100.2557784258532
2026-03-28 04:38:00,87.5,100.0,100.2268302871607
2026-03-28 04:38:15,87.5,100.0,100.19788214846818
2026-03-28 04:38:30,87.5,100.0,100.16893400977568
2026-03-28 04:38:45,87.5,100.0,100.13998587108318
2026-03-28 04:39:00,87.5,100.0,100.11103773239068
2026-03-28 04:39:15,87.5,100.0,100.08208959369817
2026-03-28 04:39:30,87.5,100.0,100.05314145500567
2026-03-28 04:39:45,87.5,100.0,100.02419331631317
2026-03-28 04:40:00,87.5,100.0,99.99524517762067
2026-03-28 04:40:15,87.5,100.0,99.96629703892816
2026-03-28 04:40:30,87.5,100.0,99.93734890023566
2026-03-28 04:40:45,87.5,100.0,99.90840076154316
2026-03-28 04:41:00,87.5,100.0,99.87945262285066
2026-03-28 04:41:15,87.5,100.0,99.85050448415815
2026-03-28 04:41:30,87.5,100.0,99.82155634546565
2026-03-28 04:41:45,87.5,100.0,99.79260820677315
2026-03-28 04:42:00,87.5,100.0,99.76366006808065
2026-03-28 04:42:15,87.5,100.0,99.73471192938814
2026-03-28 04:42:30,87.5,100.0,99.70576379069564
2026-03-28 04:42:45,87.5,100.0,99.67681565200314
2026-03-28 04:43:00,87.5,100.0,99.64786751331064
2026-03-28 04:43:15,87.5,100.0,99.61891937461814
2026-03-28 04:43:30,87.5,100.0,99.58997123592563
2026-03-28 04:43:45,87.5,100.0,99.56102309723313
2026-03-28 04:44:00,87.5,100.0,99.53207495854063
2026-03-28 04:44:15,87.5,100.0,99.50312681984813
2026-03-28 04:44:30,87.5,100.0,99.47417868115562
2026-03-28 04:44:45,87.5,100.0,99.44523054246312
2026-03-28 04:45:00,87.5,100.0,99.41628240377062
2026-03-28 04:45:15,87.5,100.0,99.38733426507812
2026-03-28 04:45:30,87.5,100.0,99.35838612638561
2026-03-28 04:45:45,87.5,100.0,99.32943798769311
2026-03-28 04:46:00,87.5,100.0,99.30048984900061
2026-03-28 04:46:15,87.5,100.0,99.27154171030811
2026-03-28 04:46:30,87.5,100.0,99.2425935716156
2026-03-28 04:46:45,87.5,100.0,99.2136454329231
2026-03-28 04:47:00,87.5,100.0,99.1846972942306
2026-03-28 04:47:15,100.0,100.0,99.1557491555381
2026-03-28 04:47:30,100.0,100.0,99.1268010168456
2026-03-28 04:47:45,100.0,100.0,99.09785287815309
2026-03-28 04:48:00,100.0,100.0,99.06890473946059
2026-03-28 04:48:15,100.0,100.0,99.0399566007681
2026-03-28 04:48:30,100.0,100.0,99.01100846207558
2026-03-28 04:48:45,100.0,100.0,98.98206032338308
2026-03-28 04:49:00,100.0,100.0,98.95311218469058
2026-03-28 04:49:15,100.0,100.0,98.92416404599808
2026-03-28 04:49:30,100.0,100.0,98.89521590730558
2026-03-28 04:49:45,100.0,100.0,98.86626776861307
2026-03-28 04:50:00,100.0,100.0,98.83731962992057
2026-03-28 04:50:15,100.0,100.0,98.80837149122807
2026-03-28 04:50:30,100.0,100.0,98.77942335253557
2026-03-28 04:50:45,100.0,100.0,98.75047521384306
2026-03-28 04:51:00,100.0,100.0,98.72152707515056
2026-03-28 04:51:15,100.0,100.0,98.69257893645806
2026-03-28 04:51:30,100.0,100.0,98.66363079776556
2026-03-28 04:51:45,100.0,100.0,98.63468265907305
2026-03-28 04:52:00,100.0,100.0,98.60573452038055
2026-03-28 04:52:15,100.0,100.0,98.57678638168805
2026-03-28 04:52:30,100.0,100.0,98.54783824299555
2026-03-28 04:52:45,100.0,100.0,98.51889010430304
2026-03-28 04:53:00,100.0,100.0,98.48994196561054
2026-03-28 04:53:15,100.0,100.0,98.46099382691804
2026-03-28 04:53:30,100.0,100.0,98.43204568822554
2026-03-28 04:53:45,100.0,100.0,98.40309754953304
2026-03-28 04:54:00,100.0,100.0,98.37414941084053
2026-03-28 04:54:15,100.0,100.0,98.34520127214803
2026-03-28 04:54:30,100.0,100.0,98.31625313345553
2026-03-28 04:54:45,100.0,100.0,98.28730499476302
2026-03-28 04:55:00,100.0,100.0,98.25835685607052
2026-03-28 04:55:15,100.0,100.0,98.22940871737802
2026-03-28 04:55:30,100.0,100.0,98.20046057868552
2026-03-28 04:55:45,100.0,100.0,98.17151243999302
2026-03-28 04:56:00,100.0,100.0,98.14256430130051
2026-03-28 04:56:15,100.0,100.0,98.11361616260801
2026-03-28 04:56:30,100.0,100.0,98.08466802391551
2026-03-28 04:56:45,100.0,100.0,98.05571988522301
2026-03-28 04:57:00,100.0,100.0,98.0267717465305
2026-03-28 04:57:15,100.0,100.0,97.997823607838
2026-03-28 04:57:30,100.0,100.0,97.9688754691455
2026-03-28 04:57:45,100.0,100.0,97.939927330453
2026-03-28 04:58:00,100.0,100.0,97.91097919176049
2026-03-28 04:58:15,100.0,100.0,97.88203105306799
2026-03-28 04:58:30,100.0,100.0,97.85308291437549
2026-03-28 04:58:45,100.0,100.0,97.82413477568299
2026-03-28 04:59:00,100.0,100.0,97.79518663699048
2026-03-28 04:59:15,100.0,100.0,97.76623849829798
2026-03-28 04:59:30,100.0,100.0,97.73729035960548
2026-03-28 04:59:45,100.0,100.0,97.70834222091298
2026-03-28 05:00:00,100.0,100.0,97.67939408222048
2026-03-28 05:00:15,100.0,100.0,97.65044594352797
2026-03-28 05:00:30,100.0,100.0,97.62149780483547
2026-03-28 05:00:45,100.0,100.0,97.59254966614297
2026-03-28 05:01:00,100.0,100.0,97.56360152745047
2026-03-28 05:01:15,100.0,100.0,97.53465338875796
2026-03-28 05:01:30,100.0,100.0,97.50570525006546
2026-03-28 05:01:45,100.0,100.0,97.47675711137296
2026-03-28 05:02:00,100.0,100.0,97.44780897268046
2026-03-28 05:02:15,100.0,100.0,97.41886083398795
2026-03-28 05:02:30,100.0,100.0,97.38991269529545
2026-03-28 05:02:45,100.0,100.0,97.36096455660295
2026-03-28 05:03:00,100.0,100.0,97.33201641791045
2026-03-28 05:03:15,100.0,100.0,97.30306827921794
2026-03-28 05:03:30,100.0,100.0,97.27412014052544
2026-03-28 05:03:45,100.0,100.0,97.24517200183294
2026-03-28 05:04:00,100.0,100.0,97.21622386314044
2026-03-28 05:04:15,100.0,100.0,97.18727572444793
2026-03-28 05:04:30,100.0,100.0,97.15832758575543
2026-03-28 05:04:45,100.0,100.0,97.12937944706293
2026-03-28 05:05:00,100.0,100.0,97.10043130837043
2026-03-28 05:05:15,100.0,99.74293059125964,97.07148316967792
2026-03-28 05:05:30,100.0,99.48586118251927,97.04253503098542
2026-03-28 05:05:45,100.0,99.48586118251927,97.01358689229292
2026-03-28 05:06:00,100.0,99.48051948051948,96.98463875360042
2026-03-28 05:06:15,100.0,99.48051948051948,96.95569061490792
2026-03-28 05:06:30,100.0,99.48051948051948,96.92674247621541
2026-03-28 05:06:45,100.0,99.48051948051948,96.89779433752291
2026-03-28 05:07:00,100.0,99.48051948051948,96.86884619883041
2026-03-28 05:07:15,100.0,99.48051948051948,96.83989806013791
2026-03-28 05:07:30,100.0,99.48051948051948,96.8109499214454
2026-03-28 05:07:45,100.0,99.48051948051948,96.7820017827529
2026-03-28 05:08:00,100.0,99.48051948051948,96.7530536440604
2026-03-28 05:08:15,100.0,99.48051948051948,96.7241055053679
2026-03-28 05:08:30,100.0,99.48051948051948,96.69515736667539
2026-03-28 05:08:45,100.0,99.48051948051948,96.66620922798289
2026-03-28 05:09:00,100.0,99.48051948051948,96.63726108929039
2026-03-28 05:09:15,100.0,99.48051948051948,96.60831295059789
2026-03-28 05:09:30,100.0,99.48051948051948,96.57936481190538
2026-03-28 05:09:45,100.0,99.22077922077922,96.55041667321288
2026-03-28 05:10:00,100.0,98.96103896103897,96.52146853452038
2026-03-28 05:10:15,100.0,98.7012987012987,96.49252039582788
2026-03-28 05:10:30,100.0,98.44155844155844,96.46357225713537
2026-03-28 05:10:45,100.0,98.18181818181819,96.43462411844287
2026-03-28 05:11:00,100.0,97.92207792207792,96.40567597975037
2026-03-28 05:11:15,100.0,97.66233766233766,96.37672784105787
2026-03-28 05:11:30,100.0,97.40259740259741,96.34777970236536
2026-03-28 05:11:45,100.0,97.14285714285714,96.31883156367286
2026-03-28 05:12:00,100.0,96.88311688311688,96.28988342498036
2026-03-28 05:12:15,100.0,96.62337662337663,96.26093528628786
2026-03-28 05:12:30,100.0,96.36363636363636,96.23198714759536
2026-03-28 05:12:45,100.0,96.1038961038961,96.20303900890285
2026-03-28 05:13:00,100.0,95.84415584415584,96.17409087021035
2026-03-28 05:13:15,100.0,95.58441558441558,96.14514273151785
2026-03-28 05:13:30,100.0,95.32467532467533,96.11619459282534
2026-03-28 05:13:45,100.0,95.06493506493506,96.08724645413284
2026-03-28 05:14:00,100.0,94.8051948051948,96.05829831544034
2026-03-28 05:14:15,100.0,94.54545454545455,96.02935017674784
2026-03-28 05:14:30,100.0,94.28571428571428,96.00040203805534
2026-03-28 05:14:45,100.0,94.48818897637796,95.97145389936283
2026-03-28 05:15:00,100.0,94.22572178477691,95.94250576067033
2026-03-28 05:15:15,100.0,94.22572178477691,95.91355762197783
2026-03-28 05:15:30,100.0,94.22572178477691,95.88460948328533
2026-03-28 05:15:45,100.0,94.22572178477691,95.85566134459282
2026-03-28 05:16:00,100.0,94.22572178477691,95.82671320590032
2026-03-28 05:16:15,100.0,94.22572178477691,95.79776506720782
2026-03-28 05:16:30,100.0,94.22572178477691,95.76881692851532
2026-03-28 05:16:45,100.0,94.22572178477691,95.73986878982281
2026-03-28 05:17:00,100.0,94.22572178477691,95.71092065113031
2026-03-28 05:17:15,100.0,94.22572178477691,95.68197251243781
2026-03-28 05:17:30,100.0,94.22572178477691,95.65302437374531
2026-03-28 05:17:45,100.0,94.22572178477691,95.6240762350528
2026-03-28 05:18:00,100.0,94.22572178477691,95.5951280963603
2026-03-28 05:18:15,100.0,94.22572178477691,95.5661799576678
2026-03-28 05:18:30,100.0,94.22572178477691,95.5372318189753
2026-03-28 05:18:45,100.0,94.22572178477691,95.5082836802828
2026-03-28 05:19:00,100.0,94.22572178477691,95.47933554159029
2026-03-28 05:19:15,100.0,94.22572178477691,95.45038740289779
2026-03-28 05:19:30,100.0,94.22572178477691,95.42143926420529
2026-03-28 05:19:45,100.0,94.22572178477691,95.39249112551278
2026-03-28 05:20:00,100.0,94.22572178477691,95.36354298682028
2026-03-28 05:20:15,100.0,94.22572178477691,95.33459484812778
2026-03-28 05:20:30,100.0,94.22572178477691,95.30564670943528
2026-03-28 05:20:45,100.0,94.22572178477691,95.27669857074278
2026-03-28 05:21:00,100.0,94.22572178477691,95.24775043205027
2026-03-28 05:21:15,100.0,94.22572178477691,95.21880229335777
2026-03-28 05:21:30,100.0,94.22572178477691,95.18985415466527
2026-03-28 05:21:45,100.0,94.22572178477691,95.16090601597277
2026-03-28 05:22:00,100.0,94.22572178477691,95.13195787728026
2026-03-28 05:22:15,100.0,94.22572178477691,95.10300973858776
2026-03-28 05:22:30,100.0,94.22572178477691,95.07406159989526
2026-03-28 05:22:45,100.0,94.22572178477691,95.04511346120276
2026-03-28 05:23:00,100.0,94.22572178477691,95.01616532251026
2026-03-28 05:23:15,100.0,94.16445623342176,94.98721718381775
2026-03-28 05:23:30,100.0,94.16445623342176,94.95826904512525
2026-03-28 05:23:45,100.0,94.16445623342176,94.92932090643275
2026-03-28 05:24:00,100.0,94.16445623342176,94.90037276774024
2026-03-28 05:24:15,100.0,94.16445623342176,94.87142462904774
2026-03-28 05:24:30,100.0,94.16445623342176,94.84247649035524
2026-03-28 05:24:45,100.0,94.16445623342176,94.81352835166274
2026-03-28 05:25:00,100.0,94.16445623342176,94.78458021297024
2026-03-28 05:25:15,100.0,94.16445623342176,94.75563207427773
2026-03-28 05:25:30,100.0,94.16445623342176,94.72668393558523
2026-03-28 05:25:45,100.0,94.16445623342176,94.69773579689273
2026-03-28 05:26:00,100.0,94.16445623342176,94.66878765820023
2026-03-28 05:26:15,100.0,94.16445623342176,94.63983951950772
2026-03-28 05:26:30,100.0,94.16445623342176,94.61089138081522
2026-03-28 05:26:45,100.0,94.16445623342176,94.58194324212272
2026-03-28 05:27:00,100.0,94.16445623342176,94.55299510343022
2026-03-28 05:27:15,100.0,94.16445623342176,94.5240469647377
2026-03-28 05:27:30,100.0,94.16445623342176,94.49509882604521
2026-03-28 05:27:45,100.0,94.16445623342176,94.46615068735271
2026-03-28 05:28:00,100.0,94.16445623342176,94.43720254866021
2026-03-28 05:28:15,100.0,94.16445623342176,94.4082544099677
2026-03-28 05:28:30,100.0,94.16445623342176,94.3793062712752
2026-03-28 05:28:45,100.0,94.16445623342176,94.3503581325827
2026-03-28 05:29:00,100.0,94.16445623342176,94.3214099938902
2026-03-28 05:29:15,100.0,94.16445623342176,94.2924618551977
2026-03-28 05:29:30,100.0,94.16445623342176,94.26351371650519
2026-03-28 05:29:45,100.0,94.16445623342176,94.23456557781269
2026-03-28 05:30:00,100.0,94.16445623342176,94.20561743912019
2026-03-28 05:30:15,100.0,94.16445623342176,94.17666930042768
2026-03-28 05:30:30,100.0,94.16445623342176,94.14772116173518
2026-03-28 05:30:45,100.0,94.16445623342176,94.11877302304268
2026-03-28 05:31:00,100.0,94.16445623342176,94.08982488435018
2026-03-28 05:31:15,100.0,94.16445623342176,94.06087674565768
2026-03-28 05:31:30,100.0,94.16445623342176,94.03192860696517
2026-03-28 05:31:45,100.0,94.16445623342176,94.00298046827267
2026-03-28 05:32:00,100.0,94.10187667560321,93.97403232958017
2026-03-28 05:32:15,100.0,94.10187667560321,93.94508419088767
2026-03-28 05:32:30,100.0,94.10187667560321,93.91613605219516
2026-03-28 05:32:45,100.0,94.10187667560321,93.88718791350266
2026-03-28 05:33:00,100.0,94.10187667560321,93.85823977481016
2026-03-28 05:33:15,100.0,94.10187667560321,93.82929163611766
2026-03-28 05:33:30,100.0,94.10187667560321,93.80034349742515
2026-03-28 05:33:45,100.0,94.10187667560321,93.77139535873265
2026-03-28 05:34:00,100.0,93.8337801608579,93.74244722004015
2026-03-28 05:34:15,100.0,93.5656836461126,93.71349908134765
2026-03-28 05:34:30,100.0,93.2975871313673,93.68455094265514
2026-03-28 05:34:45,100.0,93.02949061662198,93.65560280396264
2026-03-28 05:35:00,100.0,92.76139410187668,93.62665466527014
2026-03-28 05:35:15,100.0,92.49329758713137,93.59770652657764
2026-03-28 05:35:30,100.0,92.22520107238606,93.56875838788514
2026-03-28 05:35:45,100.0,91.95710455764075,93.53981024919263
2026-03-28 05:36:00,100.0,91.68900804289544,93.51086211050013
2026-03-28 05:36:15,100.0,91.42091152815014,93.48191397180763
2026-03-28 05:36:30,100.0,91.15281501340483,93.45296583311512
2026-03-28 05:36:45,100.0,90.88471849865952,93.42401769442262
2026-03-28 05:37:00,100.0,90.61662198391421,93.39506955573012
2026-03-28 05:37:15,100.0,90.3485254691689,93.36612141703762
2026-03-28 05:37:30,100.0,90.0804289544236,93.33717327834512
2026-03-28 05:37:45,100.0,89.81233243967829,93.3082251396526
2026-03-28 05:38:00,100.0,89.54423592493298,93.2792770009601
2026-03-28 05:38:15,100.0,89.27613941018767,93.25032886226761
2026-03-28 05:38:30,100.0,89.00804289544236,93.22138072357511
2026-03-28 05:38:45,100.0,88.73994638069705,93.1924325848826
2026-03-28 05:39:00,100.0,88.47184986595174,93.1634844461901
2026-03-28 05:39:15,100.0,88.20375335120644,93.1345363074976
2026-03-28 05:39:30,100.0,87.93565683646113,93.1055881688051
2026-03-28 05:39:45,100.0,87.66756032171583,93.07664003011259
2026-03-28 05:40:00,100.0,87.39946380697052,93.04769189142009
2026-03-28 05:40:15,100.0,87.1313672922252,93.01874375272759
2026-03-28 05:40:30,100.0,87.26287262872629,92.98979561403509
2026-03-28 05:40:45,100.0,86.99186991869918,92.96084747534258
2026-03-28 05:41:00,100.0,86.72086720867209,92.93189933665008
2026-03-28 05:41:15,100.0,86.44986449864498,92.90295119795758
2026-03-28 05:41:30,100.0,86.1788617886179,92.87400305926508
2026-03-28 05:41:45,100.0,85.90785907859079,92.84505492057258
2026-03-28 05:42:00,100.0,85.63685636856368,92.81610678188007
2026-03-28 05:42:15,100.0,85.36585365853658,92.78715864318757
2026-03-28 05:42:30,100.0,85.09485094850947,92.75821050449507
2026-03-28 05:42:45,100.0,84.82384823848238,92.72926236580255
2026-03-28 05:43:00,100.0,84.5528455284553,92.70031422711006
2026-03-28 05:43:15,100.0,84.28184281842819,92.67136608841756
2026-03-28 05:43:30,100.0,84.01084010840108,92.64241794972506
2026-03-28 05:43:45,100.0,83.73983739837398,92.61346981103256
2026-03-28 05:44:00,100.0,83.46883468834689,92.58452167234005
2026-03-28 05:44:15,100.0,83.19783197831978,92.55557353364755
2026-03-28 05:44:30,100.0,82.92682926829268,92.52662539495505
2026-03-28 05:44:45,100.0,82.65582655826557,92.49767725626255
2026-03-28 05:45:00,100.0,82.38482384823848,92.46872911757004
2026-03-28 05:45:15,100.0,82.11382113821138,92.43978097887754
2026-03-28 05:45:30,100.0,82.11382113821138,92.41083284018504
2026-03-28 05:45:45,100.0,82.11382113821138,92.38188470149254
2026-03-28 05:46:00,100.0,82.11382113821138,92.35293656280002
2026-03-28 05:46:15,100.0,82.11382113821138,92.32398842410753
2026-03-28 05:46:30,100.0,82.11382113821138,92.29504028541503
2026-03-28 05:46:45,100.0,82.11382113821138,92.26609214672253
2026-03-28 05:47:00,100.0,82.11382113821138,92.23714400803001
2026-03-28 05:47:15,100.0,82.11382113821138,92.20819586933752
2026-03-28 05:47:30,100.0,81.84281842818429,92.17924773064502
2026-03-28 05:47:45,100.0,81.57181571815718,92.15029959195252
2026-03-28 05:48:00,100.0,81.30081300813008,92.12135145326002
2026-03-28 05:48:15,100.0,81.02981029810297,92.0924033145675
2026-03-28 05:48:30,100.0,80.75880758807588,92.063455175875
2026-03-28 05:48:45,100.0,80.48780487804879,92.03450703718251
2026-03-28 05:49:00,100.0,80.21680216802169,92.00555889849
2026-03-28 05:49:15,100.0,80.27397260273973,91.9766107597975
2026-03-28 05:49:30,100.0,80.0,91.947662621105
2026-03-28 05:49:45,100.0,79.72602739726027,91.9187144824125
2026-03-28 05:50:00,100.0,79.45205479452055,91.88976634372
2026-03-28 05:50:15,100.0,79.17808219178082,91.86081820502748
2026-03-28 05:50:30,100.0,78.9041095890411,91.83187006633499
2026-03-28 05:50:45,100.0,78.63013698630137,91.80292192764249
2026-03-28 05:51:00,100.0,78.35616438356165,91.77397378894999
2026-03-28 05:51:15,100.0,78.08219178082192,91.74502565025747
2026-03-28 05:51:30,100.0,77.8082191780822,91.71607751156498
2026-03-28 05:51:45,100.0,77.53424657534246,91.68712937287248
2026-03-28 05:52:00,100.0,77.26027397260275,91.65818123417998
2026-03-28 05:52:15,100.0,76.98630136986301,91.62923309548746
2026-03-28 05:52:30,100.0,76.71232876712328,91.60028495679497
2026-03-28 05:52:45,100.0,76.43835616438356,91.57133681810247
2026-03-28 05:53:00,100.0,76.16438356164383,91.54238867940997
2026-03-28 05:53:15,100.0,75.89041095890411,91.51344054071745
2026-03-28 05:53:30,100.0,75.61643835616438,91.48449240202496
2026-03-28 05:53:45,100.0,75.34246575342466,91.45554426333246
2026-03-28 05:54:00,100.0,75.06849315068493,91.42659612463996
2026-03-28 05:54:15,100.0,74.79452054794521,91.39764798594746
2026-03-28 05:54:30,100.0,74.52054794520548,91.36869984725494
2026-03-28 05:54:45,100.0,74.24657534246575,91.33975170856245
2026-03-28 05:55:00,100.0,73.97260273972603,91.31080356986995
2026-03-28 05:55:15,100.0,73.6986301369863,91.28185543117743
2026-03-28 05:55:30,100.0,73.42465753424658,91.25290729248493
2026-03-28 05:55:45,100.0,73.15068493150685,91.22395915379244
2026-03-28 05:56:00,100.0,72.87671232876713,91.19501101509994
2026-03-28 05:56:15,100.0,72.6027397260274,91.16606287640744
2026-03-28 05:56:30,100.0,72.32876712328768,91.13711473771492
2026-03-28 05:56:45,100.0,72.32876712328768,91.10816659902243
2026-03-28 05:57:00,100.0,72.32876712328768,91.07921846032993
2026-03-28 05:57:15,100.0,72.32876712328768,91.05027032163743
2026-03-28 05:57:30,100.0,72.32876712328768,91.02132218294491
2026-03-28 05:57:45,100.0,72.02216066481995,90.99237404425241
2026-03-28 05:58:00,100.0,72.02216066481995,90.96342590555992
2026-03-28 05:58:15,100.0,72.02216066481995,90.93447776686742
2026-03-28 05:58:30,100.0,72.02216066481995,90.9055296281749
2026-03-28 05:58:45,100.0,72.02216066481995,90.8765814894824
2026-03-28 05:59:00,100.0,72.02216066481995,90.8476333507899
2026-03-28 05:59:15,100.0,72.02216066481995,90.8186852120974
2026-03-28 05:59:30,87.5,72.02216066481995,90.7897370734049
2026-03-28 05:59:45,87.5,72.02216066481995,90.7607889347124
2026-03-28 06:00:00,87.5,72.02216066481995,90.7318407960199
2026-03-28 06:00:15,87.5,72.02216066481995,90.77983919035269
2026-03-28 06:00:30,87.5,72.02216066481995,90.82783758468547
2026-03-28 06:00:45,87.5,72.02216066481995,90.87583597901826
2026-03-28 06:01:00,87.5,72.02216066481995,90.92383437335104
2026-03-28 06:01:15,87.5,72.02216066481995,90.97183276768384
2026-03-28 06:01:30,87.5,72.32876712328768,91.01983116201662
2026-03-28 06:01:45,87.5,72.32876712328768,91.06782955634941
2026-03-28 06:02:00,87.5,72.32876712328768,91.11582795068219
2026-03-28 06:02:15,87.5,72.32876712328768,91.16382634501498
2026-03-28 06:02:30,87.5,72.32876712328768,91.21182473934776
2026-03-28 06:02:45,87.5,72.32876712328768,91.25982313368056
2026-03-28 06:03:00,87.5,72.32876712328768,91.30782152801333
2026-03-28 06:03:15,87.5,72.32876712328768,91.35581992234613
2026-03-28 06:03:30,87.5,72.32876712328768,91.40381831667891
2026-03-28 06:03:45,87.5,72.32876712328768,91.4518167110117
2026-03-28 06:04:00,87.5,72.32876712328768,91.49981510534448
2026-03-28 06:04:15,87.5,72.32876712328768,91.54781349967728
2026-03-28 06:04:30,87.5,72.32876712328768,91.59581189401005
2026-03-28 06:04:45,87.5,72.32876712328768,91.64381028834285
2026-03-28 06:05:00,87.5,72.32876712328768,91.69180868267563
2026-03-28 06:05:15,87.5,72.32876712328768,91.73980707700842
2026-03-28 06:05:30,87.5,72.32876712328768,91.7878054713412
2026-03-28 06:05:45,87.5,72.32876712328768,91.835803865674
2026-03-28 06:06:00,87.5,72.32876712328768,91.88380226000677
2026-03-28 06:06:15,87.5,72.32876712328768,91.93180065433957
2026-03-28 06:06:30,87.5,72.32876712328768,91.97979904867235
2026-03-28 06:06:45,87.5,72.62872628726286,92.02779744300514
2026-03-28 06:07:00,87.5,72.62872628726286,92.07579583733792
2026-03-28 06:07:15,87.5,72.62872628726286,92.12379423167071
2026-03-28 06:07:30,87.5,72.62872628726286,92.1717926260035
2026-03-28 06:07:45,87.5,72.62872628726286,92.21979102033629
2026-03-28 06:08:00,87.5,72.62872628726286,92.26778941466907
2026-03-28 06:08:15,87.5,72.62872628726286,92.31578780900186
2026-03-28 06:08:30,87.5,72.62872628726286,92.36378620333464
2026-03-28 06:08:45,87.5,72.62872628726286,92.41178459766743
2026-03-28 06:09:00,87.5,72.62872628726286,92.45978299200023
2026-03-28 06:09:15,87.5,72.62872628726286,92.50778138633301
2026-03-28 06:09:30,87.5,72.62872628726286,92.5557797806658
2026-03-28 06:09:45,87.5,72.62872628726286,92.60377817499858
2026-03-28 06:10:00,87.5,72.62872628726286,92.65177656933137
2026-03-28 06:10:15,87.5,72.62872628726286,92.69977496366415
2026-03-28 06:10:30,87.5,72.62872628726286,92.74777335799695
2026-03-28 06:10:45,87.5,72.62872628726286,92.79577175232973
2026-03-28 06:11:00,87.5,72.62872628726286,92.84377014666252
2026-03-28 06:11:15,87.5,72.62872628726286,92.8917685409953
2026-03-28 06:11:30,87.5,72.62872628726286,92.9397669353281
2026-03-28 06:11:45,87.5,72.62872628726286,92.98776532966087
2026-03-28 06:12:00,87.5,72.92225201072387,93.03576372399367
2026-03-28 06:12:15,87.5,72.92225201072387,93.08376211832645
2026-03-28 06:12:30,87.5,72.92225201072387,93.13176051265924
2026-03-28 06:12:45,87.5,72.92225201072387,93.17975890699202
2026-03-28 06:13:00,87.5,72.92225201072387,93.22775730132481
2026-03-28 06:13:15,87.5,72.92225201072387,93.2757556956576
2026-03-28 06:13:30,87.5,72.92225201072387,93.32375408999039
2026-03-28 06:13:45,87.5,72.92225201072387,93.37175248432317
2026-03-28 06:14:00,87.5,72.92225201072387,93.41975087865596
2026-03-28 06:14:15,87.5,72.92225201072387,93.46774927298874
2026-03-28 06:14:30,87.5,72.92225201072387,93.51574766732153
2026-03-28 06:14:45,87.5,72.92225201072387,93.56374606165431
2026-03-28 06:15:00,87.5,72.92225201072387,93.61174445598711
2026-03-28 06:15:15,87.5,72.92225201072387,93.65974285031989
2026-03-28 06:15:30,87.5,72.92225201072387,93.70774124465268
2026-03-28 06:15:45,87.5,72.92225201072387,93.75573963898546
2026-03-28 06:16:00,87.5,72.92225201072387,93.80373803331825
2026-03-28 06:16:15,87.5,72.92225201072387,93.85173642765103
2026-03-28 06:16:30,87.5,72.92225201072387,93.89973482198383
2026-03-28 06:16:45,87.5,72.92225201072387,93.9477332163166
2026-03-28 06:17:00,87.5,72.92225201072387,93.9957316106494
2026-03-28 06:17:15,87.5,73.20954907161804,94.0437300049822
2026-03-28 06:17:30,87.5,73.20954907161804,94.09172839931497
2026-03-28 06:17:45,87.5,73.20954907161804,94.13972679364777
2026-03-28 06:18:00,87.5,73.20954907161804,94.18772518798055
2026-03-28 06:18:15,87.5,73.20954907161804,94.23572358231334
2026-03-28 06:18:30,87.5,73.20954907161804,94.28372197664612
2026-03-28 06:18:45,87.5,73.20954907161804,94.33172037097891
2026-03-28 06:19:00,87.5,73.20954907161804,94.3797187653117
2026-03-28 06:19:15,87.5,73.20954907161804,94.42771715964449
2026-03-28 06:19:30,87.5,73.20954907161804,94.47571555397727
2026-03-28 06:19:45,87.5,73.20954907161804,94.52371394831006
2026-03-28 06:20:00,87.5,73.20954907161804,94.57171234264284
2026-03-28 06:20:15,87.5,73.20954907161804,94.61971073697563
2026-03-28 06:20:30,87.5,73.20954907161804,94.66770913130841
2026-03-28 06:20:45,87.5,73.20954907161804,94.7157075256412
2026-03-28 06:21:00,87.5,73.20954907161804,94.76370591997399
2026-03-28 06:21:15,87.5,73.20954907161804,94.81170431430678
2026-03-28 06:21:30,87.5,72.94429708222812,94.85970270863956
2026-03-28 06:21:45,87.5,72.67904509283821,94.90770110297235
2026-03-28 06:22:00,87.5,72.41379310344827,94.95569949730513
2026-03-28 06:22:15,87.5,71.91601049868767,95.00369789163793
2026-03-28 06:22:30,87.5,71.65354330708661,95.0516962859707
2026-03-28 06:22:45,87.5,71.39107611548556,95.0996946803035
2026-03-28 06:23:00,87.5,71.12860892388451,95.14769307463628
2026-03-28 06:23:15,87.5,70.86614173228347,95.19569146896907
2026-03-28 06:23:30,87.5,70.60367454068242,95.24368986330185
2026-03-28 06:23:45,87.5,70.34120734908137,95.29168825763465
2026-03-28 06:24:00,87.5,70.07874015748031,95.33968665196743
2026-03-28 06:24:15,87.5,70.07874015748031,95.38768504630022
2026-03-28 06:24:30,87.5,70.07874015748031,95.435683440633
2026-03-28 06:24:45,87.5,70.07874015748031,95.4836818349658
2026-03-28 06:25:00,87.5,70.07874015748031,95.53168022929857
2026-03-28 06:25:15,87.5,70.07874015748031,95.57967862363137
2026-03-28 06:25:30,87.5,70.07874015748031,95.62767701796415
2026-03-28 06:25:45,87.5,70.07874015748031,95.67567541229694
2026-03-28 06:26:00,87.5,70.07874015748031,95.72367380662973
2026-03-28 06:26:15,87.5,70.07874015748031,95.77167220096251
2026-03-28 06:26:30,87.5,70.07874015748031,95.81967059529529
2026-03-28 06:26:45,87.5,70.07874015748031,95.86766898962809
2026-03-28 06:27:00,87.5,70.07874015748031,95.91566738396088
2026-03-28 06:27:15,87.5,70.07874015748031,95.96366577829366
2026-03-28 06:27:30,87.5,70.3896103896104,96.01166417262645
2026-03-28 06:27:45,87.5,70.3896103896104,96.05966256695923
2026-03-28 06:28:00,87.5,70.3896103896104,96.10766096129203
2026-03-28 06:28:15,87.5,70.3896103896104,96.1556593556248
2026-03-28 06:28:30,75.0,70.3896103896104,96.2036577499576
2026-03-28 06:28:45,75.0,70.3896103896104,96.25165614429038
2026-03-28 06:29:00,75.0,70.3896103896104,96.29965453862317
2026-03-28 06:29:15,75.0,70.3896103896104,96.34765293295595
2026-03-28 06:29:30,75.0,70.3896103896104,96.39565132728875
2026-03-28 06:29:45,75.0,70.3896103896104,96.44364972162153
2026-03-28 06:30:00,75.0,70.3896103896104,96.49164811595432
2026-03-28 06:30:15,75.0,70.3896103896104,96.5396465102871
2026-03-28 06:30:30,75.0,70.3896103896104,96.58764490461989
2026-03-28 06:30:45,75.0,70.3896103896104,96.63564329895267
2026-03-28 06:31:00,75.0,70.3896103896104,96.68364169328547
2026-03-28 06:31:15,75.0,70.3896103896104,96.73164008761825
2026-03-28 06:31:30,75.0,70.3896103896104,96.77963848195104
2026-03-28 06:31:45,75.0,70.3896103896104,96.82763687628382
2026-03-28 06:32:00,75.0,70.3896103896104,96.87563527061661
2026-03-28 06:32:15,75.0,70.3896103896104,96.92363366494939
2026-03-28 06:32:30,75.0,70.3896103896104,96.97163205928219
2026-03-28 06:32:45,75.0,70.69408740359897,97.01963045361497
2026-03-28 06:33:00,75.0,70.69408740359897,97.06762884794776
2026-03-28 06:33:15,75.0,70.69408740359897,97.11562724228054
2026-03-28 06:33:30,75.0,70.69408740359897,97.16362563661333
2026-03-28 06:33:45,75.0,70.69408740359897,97.21162403094611
2026-03-28 06:34:00,75.0,70.69408740359897,97.2596224252789
2026-03-28 06:34:15,75.0,70.69408740359897,97.30762081961169
2026-03-28 06:34:30,75.0,70.69408740359897,97.35561921394448
2026-03-28 06:34:45,75.0,70.69408740359897,97.40361760827727
2026-03-28 06:35:00,75.0,70.69408740359897,97.45161600261005
2026-03-28 06:35:15,75.0,70.69408740359897,97.49961439694285
2026-03-28 06:35:30,75.0,70.69408740359897,97.54761279127563
2026-03-28 06:35:45,75.0,70.69408740359897,97.59561118560842
2026-03-28 06:36:00,75.0,70.69408740359897,97.6436095799412
2026-03-28 06:36:15,75.0,70.69408740359897,97.69160797427399
2026-03-28 06:36:30,75.0,70.69408740359897,97.73960636860677
2026-03-28 06:36:45,75.0,70.69408740359897,97.78760476293957
2026-03-28 06:37:00,75.0,70.69408740359897,97.83560315727235
2026-03-28 06:37:15,75.0,70.69408740359897,97.88360155160514
2026-03-28 06:37:30,75.0,70.69408740359897,97.93159994593792
2026-03-28 06:37:45,75.0,70.69408740359897,97.97959834027071
2026-03-28 06:38:00,75.0,70.99236641221374,98.02759673460349
2026-03-28 06:38:15,75.0,70.99236641221374,98.07559512893629
2026-03-28 06:38:30,75.0,70.99236641221374,98.12359352326907
2026-03-28 06:38:45,75.0,70.99236641221374,98.17159191760186
2026-03-28 06:39:00,75.0,70.99236641221374,98.21959031193464
2026-03-28 06:39:15,75.0,70.99236641221374,98.26758870626743
2026-03-28 06:39:30,75.0,70.99236641221374,98.31558710060021
2026-03-28 06:39:45,75.0,70.99236641221374,98.363585494933
2026-03-28 06:40:00,75.0,70.99236641221374,98.41158388926578
2026-03-28 06:40:15,75.0,70.99236641221374,98.45958228359858
2026-03-28 06:40:30,75.0,70.99236641221374,98.50758067793136
2026-03-28 06:40:45,75.0,70.99236641221374,98.55557907226415
2026-03-28 06:41:00,75.0,70.99236641221374,98.60357746659693
2026-03-28 06:41:15,75.0,70.99236641221374,98.65157586092973
2026-03-28 06:41:30,75.0,70.99236641221374,98.6995742552625
2026-03-28 06:41:45,75.0,70.99236641221374,98.7475726495953
2026-03-28 06:42:00,75.0,70.99236641221374,98.79557104392808
2026-03-28 06:42:15,75.0,70.99236641221374,98.84356943826087
2026-03-28 06:42:30,75.0,70.99236641221374,98.89156783259367
2026-03-28 06:42:45,75.0,70.99236641221374,98.93956622692644
2026-03-28 06:43:00,75.0,71.2468193384224,98.98756462125922
2026-03-28 06:43:15,75.0,71.28463476070529,99.03556301559202
2026-03-28 06:43:30,75.0,71.53652392947103,99.08356140992481
2026-03-28 06:43:45,75.0,71.78841309823679,99.13155980425759
2026-03-28 06:44:00,75.0,71.78841309823679,99.17955819859037
2026-03-28 06:44:15,75.0,71.78841309823679,99.22755659292316
2026-03-28 06:44:30,75.0,71.78841309823679,99.27555498725596
2026-03-28 06:44:45,75.0,71.78841309823679,99.32355338158874
2026-03-28 06:45:00,75.0,71.78841309823679,99.37155177592153
2026-03-28 06:45:15,75.0,71.78841309823679,99.41955017025431
2026-03-28 06:45:30,75.0,71.78841309823679,99.4675485645871
2026-03-28 06:45:45,75.0,71.78841309823679,99.51554695891988
2026-03-28 06:46:00,75.0,71.78841309823679,99.56354535325268
2026-03-28 06:46:15,75.0,71.78841309823679,99.61154374758546
2026-03-28 06:46:30,75.0,71.78841309823679,99.65954214191825
2026-03-28 06:46:45,75.0,71.78841309823679,99.70754053625103
2026-03-28 06:47:00,75.0,71.78841309823679,99.75553893058382
2026-03-28 06:47:15,75.0,71.78841309823679,99.8035373249166
2026-03-28 06:47:30,75.0,72.04030226700252,99.8515357192494
2026-03-28 06:47:45,75.0,72.29219143576826,99.89953411358218
2026-03-28 06:48:00,75.0,72.544080604534,99.94753250791497
2026-03-28 06:48:15,75.0,72.79596977329975,99.99553090224775
2026-03-28 06:48:30,75.0,72.81795511221945,100.04352929658054
2026-03-28 06:48:45,75.0,73.06733167082294,100.09152769091332
2026-03-28 06:49:00,75.0,73.31670822942642,100.13952608524612
2026-03-28 06:49:15,75.0,73.56608478802993,100.1875244795789
2026-03-28 06:49:30,75.0,73.81546134663341,100.23552287391169
2026-03-28 06:49:45,75.0,74.06483790523691,100.28352126824447
2026-03-28 06:50:00,75.0,74.3142144638404,100.33151966257726
2026-03-28 06:50:15,75.0,74.56359102244389,100.37951805691004
2026-03-28 06:50:30,75.0,74.81296758104739,100.42751645124284
2026-03-28 06:50:45,75.0,75.06234413965088,100.47551484557562
2026-03-28 06:51:00,75.0,75.31172069825436,100.52351323990841
2026-03-28 06:51:15,75.0,75.56109725685786,100.5715116342412
2026-03-28 06:51:30,75.0,75.81047381546135,100.61951002857398
2026-03-28 06:51:45,75.0,76.05985037406484,100.66750842290676
2026-03-28 06:52:00,75.0,76.30922693266832,100.71550681723956
2026-03-28 06:52:15,75.0,76.55860349127181,100.76350521157235
2026-03-28 06:52:30,75.0,76.80798004987531,100.81150360590513
2026-03-28 06:52:45,75.0,77.0573566084788,100.85950200023791
2026-03-28 06:53:00,75.0,77.0573566084788,100.9075003945707
2026-03-28 06:53:15,75.0,77.0573566084788,100.9554987889035
2026-03-28 06:53:30,75.0,77.28395061728395,101.00349718323628
2026-03-28 06:53:45,75.0,77.28395061728395,101.05149557756907
2026-03-28 06:54:00,75.0,77.28395061728395,101.09949397190185
2026-03-28 06:54:15,75.0,77.28395061728395,101.14749236623464
2026-03-28 06:54:30,75.0,77.28395061728395,101.19549076056742
2026-03-28 06:54:45,75.0,77.28395061728395,101.24348915490022
2026-03-28 06:55:00,75.0,77.28395061728395,101.291487549233
2026-03-28 06:55:15,75.0,77.28395061728395,101.33948594356579
2026-03-28 06:55:30,75.0,77.28395061728395,101.38748433789857
2026-03-28 06:55:45,75.0,77.28395061728395,101.43548273223136
2026-03-28 06:56:00,75.0,77.28395061728395,101.48348112656414
2026-03-28 06:56:15,75.0,77.28395061728395,101.53147952089694
2026-03-28 06:56:30,75.0,77.28395061728395,101.57947791522972
2026-03-28 06:56:45,75.0,77.28395061728395,101.62747630956251
2026-03-28 06:57:00,75.0,77.28395061728395,101.67547470389529
2026-03-28 06:57:15,75.0,77.28395061728395,101.72347309822808
2026-03-28 06:57:30,75.0,77.28395061728395,101.77147149256086
2026-03-28 06:57:45,75.0,77.28395061728395,101.81946988689366
2026-03-28 06:58:00,75.0,77.28395061728395,101.86746828122644
2026-03-28 06:58:15,75.0,77.28395061728395,101.91546667555923
2026-03-28 06:58:30,75.0,77.28395061728395,101.96346506989201
2026-03-28 06:58:45,75.0,77.50611246943765,102.0114634642248
2026-03-28 06:59:00,75.0,77.50611246943765,102.05946185855758
2026-03-28 06:59:15,75.0,77.50611246943765,102.10746025289038
2026-03-28 06:59:30,75.0,77.50611246943765,102.15545864722316
2026-03-28 06:59:45,75.0,77.50611246943765,102.20345704155595
2026-03-28 07:00:00,75.0,77.50611246943765,102.25145543588874
2026-03-28 07:00:15,75.0,77.50611246943765,102.29945383022152
2026-03-28 07:00:30,75.0,77.50611246943765,102.3474522245543
2026-03-28 07:00:45,75.0,77.50611246943765,102.3954506188871
2026-03-28 07:01:00,75.0,77.50611246943765,102.44344901321989
2026-03-28 07:01:15,75.0,77.50611246943765,102.49144740755267
2026-03-28 07:01:30,75.0,77.50611246943765,102.53944580188545
2026-03-28 07:01:45,75.0,77.50611246943765,102.58744419621824
2026-03-28 07:02:00,75.0,77.50611246943765,102.63544259055104
2026-03-28 07:02:15,75.0,77.26161369193154,102.68344098488382
2026-03-28 07:02:30,75.0,77.01711491442543,102.73143937921661
2026-03-28 07:02:45,75.0,76.77261613691931,102.77943777354939
2026-03-28 07:03:00,75.0,76.5281173594132,102.82743616788218
2026-03-28 07:03:15,75.0,76.28361858190709,102.87543456221496
2026-03-28 07:03:30,75.0,76.03911980440098,102.92343295654776
2026-03-28 07:03:45,75.0,75.79462102689487,102.97143135088054
2026-03-28 07:04:00,75.0,75.30266343825666,103.01942974521333
2026-03-28 07:04:15,75.0,75.06053268765133,103.06742813954611
2026-03-28 07:04:30,75.0,74.818401937046,103.1154265338789
2026-03-28 07:04:45,75.0,74.57627118644068,103.16342492821168
2026-03-28 07:05:00,75.0,74.33414043583535,103.21142332254448
2026-03-28 07:05:15,75.0,74.09200968523002,103.25942171687726
2026-03-28 07:05:30,75.0,73.8498789346247,103.30742011121005
2026-03-28 07:05:45,75.0,73.60774818401937,103.35541850554283
2026-03-28 07:06:00,75.0,73.36561743341404,103.40341689987562
2026-03-28 07:06:15,75.0,73.12348668280872,103.4514152942084
2026-03-28 07:06:30,75.0,72.88135593220339,103.4994136885412
2026-03-28 07:06:45,75.0,72.63922518159806,103.54741208287398
2026-03-28 07:07:00,75.0,72.63922518159806,103.59541047720677
2026-03-28 07:07:15,75.0,72.39709443099274,103.64340887153955
2026-03-28 07:07:30,75.0,72.39709443099274,103.69140726587234
2026-03-28 07:07:45,75.0,72.15496368038741,103.73940566020512
2026-03-28 07:08:00,75.0,71.91283292978208,103.78740405453792
2026-03-28 07:08:15,75.0,71.67070217917676,103.8354024488707
2026-03-28 07:08:30,75.0,71.42857142857143,103.88340084320349
2026-03-28 07:08:45,75.0,71.1864406779661,103.93139923753628
2026-03-28 07:09:00,75.0,70.94430992736078,103.97939763186906
2026-03-28 07:09:15,75.0,70.50359712230215,104.02739602620184
2026-03-28 07:09:30,75.0,70.26378896882494,104.07539442053464
2026-03-28 07:09:45,75.0,70.02398081534771,104.12339281486743
2026-03-28 07:10:00,75.0,69.7841726618705,104.17139120920021
2026-03-28 07:10:15,75.0,69.54436450839329,104.21938960353299
2026-03-28 07:10:30,75.0,69.30455635491607,104.26738799786578
2026-03-28 07:10:45,75.0,69.06474820143885,104.31538639219858
2026-03-28 07:11:00,75.0,69.06474820143885,104.36338478653136
2026-03-28 07:11:15,75.0,69.06474820143885,104.41138318086415
2026-03-28 07:11:30,75.0,69.06474820143885,104.45938157519693
2026-03-28 07:11:45,75.0,69.06474820143885,104.50737996952972
2026-03-28 07:12:00,75.0,69.06474820143885,104.5553783638625
2026-03-28 07:12:15,75.0,68.82494004796163,104.6033767581953
2026-03-28 07:12:30,75.0,68.5851318944844,104.65137515252808
2026-03-28 07:12:45,75.0,68.5851318944844,104.69937354686087
2026-03-28 07:13:00,75.0,68.5851318944844,104.74737194119365
2026-03-28 07:13:15,75.0,68.5851318944844,104.79537033552644
2026-03-28 07:13:30,75.0,68.5851318944844,104.84336872985922
2026-03-28 07:13:45,75.0,68.5851318944844,104.89136712419202
2026-03-28 07:14:00,75.0,68.5851318944844,104.9393655185248
2026-03-28 07:14:15,75.0,68.5851318944844,104.98736391285759
2026-03-28 07:14:30,75.0,68.40855106888361,105.03536230719037
2026-03-28 07:14:45,75.0,68.646080760095,105.08336070152316
2026-03-28 07:15:00,75.0,68.646080760095,105.13135909585594
2026-03-28 07:15:15,75.0,68.646080760095,105.17935749018874
2026-03-28 07:15:30,75.0,68.646080760095,105.22735588452151
2026-03-28 07:15:45,75.0,68.88361045130641,105.27535427885431
2026-03-28 07:16:00,75.0,68.88361045130641,105.32335267318709
2026-03-28 07:16:15,75.0,69.12114014251782,105.37135106751988
2026-03-28 07:16:30,75.0,69.35866983372921,105.41934946185266
2026-03-28 07:16:45,75.0,69.59619952494062,105.46734785618546
2026-03-28 07:17:00,75.0,69.83372921615202,105.51534625051823
2026-03-28 07:17:15,75.0,70.07125890736341,105.56334464485103
2026-03-28 07:17:30,75.0,70.30878859857482,105.61134303918382
2026-03-28 07:17:45,75.0,70.54631828978623,105.6593414335166
2026-03-28 07:18:00,75.0,70.78384798099762,105.70733982784938
2026-03-28 07:18:15,75.0,71.02137767220903,105.75533822218217
2026-03-28 07:18:30,75.0,71.25890736342043,105.80333661651497
2026-03-28 07:18:45,75.0,71.49643705463184,105.85133501084775
2026-03-28 07:19:00,75.0,71.73396674584322,105.89933340518053
2026-03-28 07:19:15,75.0,71.97149643705463,105.94733179951332
2026-03-28 07:19:30,75.0,72.20902612826603,105.99533019384612
2026-03-28 07:19:45,75.0,72.23529411764706,106.0433285881789
2026-03-28 07:20:00,75.0,72.47058823529412,106.09132698251169
2026-03-28 07:20:15,75.0,72.70588235294117,106.13932537684447
2026-03-28 07:20:30,75.0,72.94117647058823,106.18732377117726
2026-03-28 07:20:45,75.0,73.1764705882353,106.23532216551004
2026-03-28 07:21:00,75.0,73.41176470588235,106.28332055984283
2026-03-28 07:21:15,75.0,73.6470588235294,106.33131895417561
2026-03-28 07:21:30,75.0,73.88235294117646,106.37931734850841
2026-03-28 07:21:45,75.0,74.11764705882354,106.42731574284119
2026-03-28 07:22:00,75.0,74.3529411764706,106.47531413717398
2026-03-28 07:22:15,75.0,74.58823529411764,106.52331253150676
2026-03-28 07:22:30,75.0,74.82352941176471,106.57131092583955
2026-03-28 07:22:45,75.0,75.05882352941177,106.61930932017233
2026-03-28 07:23:00,75.0,75.29411764705883,106.66730771450513
2026-03-28 07:23:15,75.0,75.52941176470588,106.71530610883791
2026-03-28 07:23:30,75.0,75.76470588235294,106.7633045031707
2026-03-28 07:23:45,75.0,76.0,106.81130289750348
2026-03-28 07:24:00,75.0,76.23529411764706,106.85930129183627
2026-03-28 07:24:15,75.0,76.47058823529412,106.90729968616905
2026-03-28 07:24:30,75.0,76.70588235294117,106.95529808050185
2026-03-28 07:24:45,75.0,76.68997668997669,107.00329647483463
2026-03-28 07:25:00,75.0,76.92307692307693,107.05129486916742
2026-03-28 07:25:15,75.0,76.92307692307693,107.09929326350021
2026-03-28 07:25:30,75.0,76.92307692307693,107.147291657833
2026-03-28 07:25:45,75.0,76.92307692307693,107.19529005216577
2026-03-28 07:26:00,75.0,76.92307692307693,107.24328844649857
2026-03-28 07:26:15,75.0,76.92307692307693,107.29128684083136
2026-03-28 07:26:30,75.0,76.92307692307693,107.33928523516414
2026-03-28 07:26:45,75.0,76.92307692307693,107.38728362949692
2026-03-28 07:27:00,75.0,76.92307692307693,107.43528202382971
2026-03-28 07:27:15,75.0,77.15617715617715,107.48328041816251
2026-03-28 07:27:30,75.0,77.3892773892774,107.53127881249529
2026-03-28 07:27:45,75.0,77.62237762237763,107.57927720682807
2026-03-28 07:28:00,87.5,77.85547785547784,107.62727560116086
2026-03-28 07:28:15,87.5,78.08857808857809,107.67527399549365
2026-03-28 07:28:30,75.0,78.32167832167832,107.72327238982643
2026-03-28 07:28:45,87.5,78.55477855477857,107.77127078415921
2026-03-28 07:29:00,87.5,78.78787878787878,107.81926917849201
2026-03-28 07:29:15,87.5,79.02097902097903,107.8672675728248
2026-03-28 07:29:30,87.5,79.25407925407926,107.91526596715758
2026-03-28 07:29:45,87.5,79.48717948717949,107.96326436149037
2026-03-28 07:30:00,87.5,79.44572748267899,108.01126275582315
2026-03-28 07:30:15,87.5,79.67667436489607,108.05926115015595
2026-03-28 07:30:30,87.5,79.90762124711316,108.10725954448873
2026-03-28 07:30:45,87.5,80.13856812933025,108.15525793882152
2026-03-28 07:31:00,87.5,80.36951501154735,108.2032563331543
2026-03-28 07:31:15,87.5,80.60046189376443,108.2512547274871
2026-03-28 07:31:30,87.5,80.83140877598153,108.29925312181987
2026-03-28 07:31:45,87.5,81.06235565819861,108.34725151615267
2026-03-28 07:32:00,87.5,81.2933025404157,108.39524991048545
2026-03-28 07:32:15,87.5,81.5242494226328,108.44324830481824
2026-03-28 07:32:30,87.5,81.75519630484989,108.49124669915102
2026-03-28 07:32:45,87.5,81.98614318706697,108.53924509348381
2026-03-28 07:33:00,87.5,82.21709006928405,108.5872434878166
2026-03-28 07:33:15,87.5,82.44803695150115,108.63524188214939
2026-03-28 07:33:30,87.5,82.67898383371825,108.68324027648217
2026-03-28 07:33:45,87.5,82.90993071593533,108.73123867081496
2026-03-28 07:34:00,87.5,83.14087759815243,108.77923706514775
2026-03-28 07:34:15,87.5,83.37182448036951,108.82723545948053
2026-03-28 07:34:30,87.5,83.60277136258661,108.87523385381331
2026-03-28 07:34:45,87.5,83.83371824480369,108.9232322481461
2026-03-28 07:35:00,87.5,84.06466512702079,108.9712306424789
2026-03-28 07:35:15,87.5,83.98169336384439,109.01922903681168
2026-03-28 07:35:30,87.5,84.21052631578947,109.06722743114446
2026-03-28 07:35:45,87.5,84.43935926773455,109.11522582547725
2026-03-28 07:36:00,87.5,84.66819221967964,109.16322421981005
2026-03-28 07:36:15,87.5,84.89702517162472,109.21122261414283
2026-03-28 07:36:30,87.5,85.1258581235698,109.2592210084756
2026-03-28 07:36:45,87.5,85.35469107551488,109.3072194028084
2026-03-28 07:37:00,87.5,85.35469107551488,109.3552177971412
2026-03-28 07:37:15,87.5,85.35469107551488,109.40321619147397
2026-03-28 07:37:30,87.5,85.35469107551488,109.45121458580675
2026-03-28 07:37:45,87.5,85.35469107551488,109.49921298013955
2026-03-28 07:38:00,87.5,85.35469107551488,109.54721137447234
2026-03-28 07:38:15,87.5,85.35469107551488,109.59520976880512
2026-03-28 07:38:30,87.5,85.35469107551488,109.64320816313791
2026-03-28 07:38:45,87.5,85.35469107551488,109.6912065574707
2026-03-28 07:39:00,87.5,85.35469107551488,109.73920495180349
2026-03-28 07:39:15,87.5,85.35469107551488,109.78720334613627
2026-03-28 07:39:30,87.5,85.35469107551488,109.83520174046906
2026-03-28 07:39:45,87.5,85.35469107551488,109.88320013480184
2026-03-28 07:40:00,87.5,85.35469107551488,109.93119852913463
2026-03-28 07:40:15,87.5,85.35469107551488,109.97919692346741
2026-03-28 07:40:30,87.5,85.4875283446712,110.0271953178002
2026-03-28 07:40:45,87.5,85.4875283446712,110.07519371213299
2026-03-28 07:41:00,87.5,85.4875283446712,110.12319210646578
2026-03-28 07:41:15,87.5,85.4875283446712,110.17119050079856
2026-03-28 07:41:30,87.5,85.4875283446712,110.21918889513135
2026-03-28 07:41:45,87.5,85.4875283446712,110.26718728946413
2026-03-28 07:42:00,87.5,85.4875283446712,110.31518568379693
2026-03-28 07:42:15,87.5,85.4875283446712,110.3631840781297
2026-03-28 07:42:30,87.5,85.4875283446712,110.4111824724625
2026-03-28 07:42:45,87.5,85.4875283446712,110.4591808667953
2026-03-28 07:43:00,87.5,85.4875283446712,110.50717926112807
2026-03-28 07:43:15,87.5,85.4875283446712,110.55517765546085
2026-03-28 07:43:30,87.5,85.4875283446712,110.60317604979365
2026-03-28 07:43:45,87.5,85.4875283446712,110.65117444412644
2026-03-28 07:44:00,87.5,85.4875283446712,110.69917283845922
2026-03-28 07:44:15,87.5,85.4875283446712,110.747171232792
2026-03-28 07:44:30,87.5,85.4875283446712,110.79516962712479
2026-03-28 07:44:45,87.5,85.4875283446712,110.84316802145759
2026-03-28 07:45:00,87.5,85.4875283446712,110.89116641579037
2026-03-28 07:45:15,87.5,85.4875283446712,110.93916481012315
2026-03-28 07:45:30,87.5,85.4875283446712,110.98716320445594
2026-03-28 07:45:45,87.5,85.61797752808988,111.03516159878873
2026-03-28 07:46:00,87.5,85.61797752808988,111.08315999312151
2026-03-28 07:46:15,87.5,85.61797752808988,111.1311583874543
2026-03-28 07:46:30,87.5,85.61797752808988,111.17915678178709
2026-03-28 07:46:45,87.5,85.61797752808988,111.22715517611988
2026-03-28 07:47:00,87.5,85.61797752808988,111.27515357045266
2026-03-28 07:47:15,87.5,85.61797752808988,111.32315196478545
2026-03-28 07:47:30,87.5,85.61797752808988,111.37115035911823
2026-03-28 07:47:45,87.5,85.61797752808988,111.41914875345103
2026-03-28 07:48:00,87.5,85.61797752808988,111.4671471477838
2026-03-28 07:48:15,87.5,85.61797752808988,111.5151455421166
2026-03-28 07:48:30,87.5,85.61797752808988,111.56314393644938
2026-03-28 07:48:45,87.5,85.61797752808988,111.61114233078217
2026-03-28 07:49:00,87.5,85.61797752808988,111.65914072511495
2026-03-28 07:49:15,87.5,85.61797752808988,111.70713911944775
2026-03-28 07:49:30,87.5,85.61797752808988,111.75513751378053
2026-03-28 07:49:45,87.5,85.61797752808988,111.80313590811332
2026-03-28 07:50:00,87.5,85.61797752808988,111.8511343024461
2026-03-28 07:50:15,87.5,85.61797752808988,111.89913269677889
2026-03-28 07:50:30,87.5,85.61797752808988,111.94713109111167
2026-03-28 07:50:45,87.5,85.61797752808988,111.99512948544447
2026-03-28 07:51:00,87.5,85.74610244988864,112.04312787977724
2026-03-28 07:51:15,87.5,85.74610244988864,112.09112627411004
2026-03-28 07:51:30,87.5,85.74610244988864,112.13912466844283
2026-03-28 07:51:45,87.5,85.74610244988864,112.18712306277561
2026-03-28 07:52:00,87.5,85.74610244988864,112.23512145710839
2026-03-28 07:52:15,87.5,85.74610244988864,112.28311985144119
2026-03-28 07:52:30,87.5,85.74610244988864,112.33111824577398
2026-03-28 07:52:45,87.5,85.74610244988864,112.37911664010676
2026-03-28 07:53:00,87.5,85.74610244988864,112.42711503443954
2026-03-28 07:53:15,87.5,85.74610244988864,112.47511342877233
2026-03-28 07:53:30,87.5,85.74610244988864,112.52311182310513
2026-03-28 07:53:45,87.5,85.74610244988864,112.5711102174379
2026-03-28 07:54:00,87.5,85.74610244988864,112.61910861177068
2026-03-28 07:54:15,87.5,85.74610244988864,112.66710700610348
2026-03-28 07:54:30,87.5,85.74610244988864,112.71510540043627
2026-03-28 07:54:45,87.5,85.74610244988864,112.76310379476905
2026-03-28 07:55:00,87.5,85.74610244988864,112.81110218910185
2026-03-28 07:55:15,87.5,85.74610244988864,112.85910058343462
2026-03-28 07:55:30,87.5,85.74610244988864,112.90709897776742
2026-03-28 07:55:45,87.5,85.74610244988864,112.9550973721002
2026-03-28 07:56:00,87.5,85.8719646799117,113.00309576643299
2026-03-28 07:56:15,87.5,85.8719646799117,113.05109416076577
2026-03-28 07:56:30,87.5,85.8719646799117,113.09909255509857
2026-03-28 07:56:45,87.5,85.8719646799117,113.14709094943134
2026-03-28 07:57:00,87.5,85.8719646799117,113.19508934376414
2026-03-28 07:57:15,75.0,85.8719646799117,113.24308773809692
2026-03-28 07:57:30,75.0,85.8719646799117,113.29108613242971
2026-03-28 07:57:45,75.0,85.8719646799117,113.33908452676249
2026-03-28 07:58:00,75.0,85.8719646799117,113.38708292109528
2026-03-28 07:58:15,75.0,85.8719646799117,113.43508131542806
2026-03-28 07:58:30,75.0,85.8719646799117,113.48307970976086
2026-03-28 07:58:45,75.0,85.8719646799117,113.53107810409364
2026-03-28 07:59:00,75.0,85.8719646799117,113.57907649842643
2026-03-28 07:59:15,75.0,85.8719646799117,113.62707489275923
2026-03-28 07:59:30,75.0,85.8719646799117,113.675073287092
2026-03-28 07:59:45,75.0,85.8719646799117,113.72307168142478
2026-03-28 08:00:00,75.0,85.8719646799117,113.77107007575758
2026-03-28 08:00:15,75.0,85.8719646799117,113.74224803488144
2026-03-28 08:00:30,75.0,85.8719646799117,113.7134259940053
2026-03-28 08:00:45,75.0,85.8719646799117,113.68460395312917
2026-03-28 08:01:00,75.0,85.8719646799117,113.65578191225303
2026-03-28 08:01:15,75.0,85.8719646799117,113.62695987137691
2026-03-28 08:01:30,75.0,85.8719646799117,113.59813783050078
2026-03-28 08:01:45,75.0,85.8719646799117,113.56931578962464
2026-03-28 08:02:00,75.0,85.8719646799117,113.5404937487485
2026-03-28 08:02:15,75.0,85.8719646799117,113.51167170787237
2026-03-28 08:02:30,75.0,85.8719646799117,113.48284966699623
2026-03-28 08:02:45,75.0,85.8719646799117,113.4540276261201
2026-03-28 08:03:00,75.0,85.8719646799117,113.42520558524396
2026-03-28 08:03:15,75.0,85.8719646799117,113.39638354436782
2026-03-28 08:03:30,75.0,85.8719646799117,113.36756150349169
2026-03-28 08:03:45,75.0,85.8719646799117,113.33873946261556
2026-03-28 08:04:00,75.0,85.8719646799117,113.30991742173943
2026-03-28 08:04:15,75.0,85.8719646799117,113.28109538086329
2026-03-28 08:04:30,75.0,85.8719646799117,113.25227333998716
2026-03-28 08:04:45,75.0,85.8719646799117,113.22345129911102
2026-03-28 08:05:00,75.0,85.8719646799117,113.19462925823488
2026-03-28 08:05:15,75.0,86.09271523178808,113.16580721735875
2026-03-28 08:05:30,75.0,86.31346578366445,113.13698517648261
2026-03-28 08:05:45,75.0,86.53421633554083,113.10816313560647
2026-03-28 08:06:00,75.0,86.75496688741721,113.07934109473034
2026-03-28 08:06:15,75.0,86.9757174392936,113.05051905385422
2026-03-28 08:06:30,75.0,87.19646799116998,113.02169701297808
2026-03-28 08:06:45,75.0,87.75055679287304,112.99287497210194
2026-03-28 08:07:00,75.0,87.97327394209354,112.96405293122581
2026-03-28 08:07:15,75.0,88.19599109131403,112.93523089034967
2026-03-28 08:07:30,75.0,88.41870824053451,112.90640884947354
2026-03-28 08:07:45,75.0,88.64142538975501,112.8775868085974
2026-03-28 08:08:00,75.0,88.64142538975501,112.84876476772126
2026-03-28 08:08:15,75.0,88.64142538975501,112.81994272684513
2026-03-28 08:08:30,75.0,88.64142538975501,112.79112068596899
2026-03-28 08:08:45,75.0,88.64142538975501,112.76229864509287
2026-03-28 08:09:00,75.0,88.64142538975501,112.73347660421673
2026-03-28 08:09:15,75.0,88.64142538975501,112.7046545633406
2026-03-28 08:09:30,75.0,88.64142538975501,112.67583252246446
2026-03-28 08:09:45,75.0,88.64142538975501,112.64701048158832
2026-03-28 08:10:00,75.0,88.64142538975501,112.61818844071219
2026-03-28 08:10:15,75.0,88.64142538975501,112.58936639983605
2026-03-28 08:10:30,75.0,88.64142538975501,112.56054435895992
2026-03-28 08:10:45,75.0,88.64142538975501,112.53172231808378
2026-03-28 08:11:00,75.0,88.64142538975501,112.50290027720766
2026-03-28 08:11:15,75.0,88.64142538975501,112.47407823633152
2026-03-28 08:11:30,75.0,88.64142538975501,112.44525619545539
2026-03-28 08:11:45,75.0,88.64142538975501,112.41643415457925
2026-03-28 08:12:00,75.0,88.64142538975501,112.38761211370311
2026-03-28 08:12:15,75.0,88.64142538975501,112.35879007282698
2026-03-28 08:12:30,75.0,88.64142538975501,112.32996803195084
2026-03-28 08:12:45,75.0,88.64142538975501,112.3011459910747
2026-03-28 08:13:00,75.0,88.64142538975501,112.27232395019857
2026-03-28 08:13:15,75.0,88.64142538975501,112.24350190932243
2026-03-28 08:13:30,75.0,88.64142538975501,112.21467986844631
2026-03-28 08:13:45,75.0,88.64142538975501,112.18585782757017
2026-03-28 08:14:00,75.0,88.64142538975501,112.15703578669404
2026-03-28 08:14:15,75.0,88.64142538975501,112.1282137458179
2026-03-28 08:14:30,75.0,88.64142538975501,112.09939170494177
2026-03-28 08:14:45,75.0,88.64142538975501,112.07056966406563
2026-03-28 08:15:00,75.0,88.64142538975501,112.0417476231895
2026-03-28 08:15:15,75.0,88.64142538975501,112.01292558231336
2026-03-28 08:15:30,75.0,88.53932584269663,111.98410354143722
2026-03-28 08:15:45,75.0,88.53932584269663,111.95528150056109
2026-03-28 08:16:00,75.0,88.53932584269663,111.92645945968496
2026-03-28 08:16:15,75.0,88.53932584269663,111.89763741880883
2026-03-28 08:16:30,75.0,88.53932584269663,111.86881537793269
2026-03-28 08:16:45,75.0,88.53932584269663,111.83999333705655
2026-03-28 08:17:00,75.0,88.53932584269663,111.81117129618042
2026-03-28 08:17:15,75.0,88.53932584269663,111.78234925530428
2026-03-28 08:17:30,75.0,88.53932584269663,111.75352721442815
2026-03-28 08:17:45,75.0,88.53932584269663,111.72470517355201
2026-03-28 08:18:00,75.0,88.53932584269663,111.69588313267587
2026-03-28 08:18:15,75.0,88.53932584269663,111.66706109179974
2026-03-28 08:18:30,75.0,88.53932584269663,111.63823905092362
2026-03-28 08:18:45,75.0,88.53932584269663,111.60941701004748
2026-03-28 08:19:00,75.0,88.53932584269663,111.58059496917134
2026-03-28 08:19:15,75.0,88.53932584269663,111.55177292829521
2026-03-28 08:19:30,75.0,88.53932584269663,111.52295088741907
2026-03-28 08:19:45,75.0,88.53932584269663,111.49412884654294
2026-03-28 08:20:00,75.0,88.53932584269663,111.4653068056668
2026-03-28 08:20:15,75.0,88.53932584269663,111.43648476479066
2026-03-28 08:20:30,75.0,88.53932584269663,111.40766272391453
2026-03-28 08:20:45,75.0,88.53932584269663,111.37884068303839
2026-03-28 08:21:00,75.0,88.53932584269663,111.35001864216227
2026-03-28 08:21:15,75.0,88.53932584269663,111.32119660128613
2026-03-28 08:21:30,75.0,88.53932584269663,111.29237456041
2026-03-28 08:21:45,75.0,88.53932584269663,111.26355251953386
2026-03-28 08:22:00,75.0,88.53932584269663,111.23473047865772
2026-03-28 08:22:15,75.0,88.53932584269663,111.20590843778159
2026-03-28 08:22:30,75.0,88.53932584269663,111.17708639690545
2026-03-28 08:22:45,75.0,88.53932584269663,111.14826435602932
2026-03-28 08:23:00,75.0,88.53932584269663,111.11944231515318
2026-03-28 08:23:15,75.0,88.53932584269663,111.09062027427706
2026-03-28 08:23:30,75.0,88.53932584269663,111.06179823340092
2026-03-28 08:23:45,75.0,88.53932584269663,111.03297619252479
2026-03-28 08:24:00,75.0,88.53932584269663,111.00415415164865
2026-03-28 08:24:15,75.0,88.43537414965986,110.97533211077251
2026-03-28 08:24:30,75.0,88.43537414965986,110.94651006989638
2026-03-28 08:24:45,75.0,88.43537414965986,110.91768802902024
2026-03-28 08:25:00,75.0,88.43537414965986,110.8888659881441
2026-03-28 08:25:15,75.0,88.43537414965986,110.86004394726797
2026-03-28 08:25:30,75.0,88.43537414965986,110.83122190639183
2026-03-28 08:25:45,75.0,88.43537414965986,110.80239986551571
2026-03-28 08:26:00,75.0,88.43537414965986,110.77357782463957
2026-03-28 08:26:15,75.0,88.43537414965986,110.74475578376344
2026-03-28 08:26:30,75.0,88.43537414965986,110.7159337428873
2026-03-28 08:26:45,75.0,88.43537414965986,110.68711170201117
2026-03-28 08:27:00,75.0,88.43537414965986,110.65828966113503
2026-03-28 08:27:15,75.0,88.43537414965986,110.6294676202589
2026-03-28 08:27:30,75.0,88.43537414965986,110.60064557938276
2026-03-28 08:27:45,75.0,88.43537414965986,110.57182353850662
2026-03-28 08:28:00,75.0,88.43537414965986,110.54300149763048
2026-03-28 08:28:15,75.0,88.43537414965986,110.51417945675436
2026-03-28 08:28:30,75.0,88.43537414965986,110.48535741587823
2026-03-28 08:28:45,75.0,88.43537414965986,110.45653537500209
2026-03-28 08:29:00,87.5,88.43537414965986,110.42771333412595
2026-03-28 08:29:15,87.5,88.43537414965986,110.39889129324982
2026-03-28 08:29:30,75.0,88.43537414965986,110.37006925237368
2026-03-28 08:29:45,87.5,88.43537414965986,110.34124721149755
2026-03-28 08:30:00,87.5,88.43537414965986,110.31242517062141
2026-03-28 08:30:15,87.5,88.43537414965986,110.28360312974527
2026-03-28 08:30:30,87.5,88.43537414965986,110.25478108886914
2026-03-28 08:30:45,87.5,88.43537414965986,110.22595904799302
2026-03-28 08:31:00,87.5,88.43537414965986,110.19713700711688
2026-03-28 08:31:15,87.5,88.43537414965986,110.16831496624074
2026-03-28 08:31:30,87.5,88.43537414965986,110.1394929253646
2026-03-28 08:31:45,87.5,88.43537414965986,110.11067088448847
2026-03-28 08:32:00,87.5,88.43537414965986,110.08184884361233
2026-03-28 08:32:15,87.5,88.43537414965986,110.0530268027362
2026-03-28 08:32:30,87.5,88.43537414965986,110.02420476186006
2026-03-28 08:32:45,87.5,88.32951945080092,109.99538272098393
2026-03-28 08:33:00,87.5,88.32951945080092,109.96656068010779
2026-03-28 08:33:15,87.5,88.32951945080092,109.93773863923167
2026-03-28 08:33:30,87.5,88.32951945080092,109.90891659835553
2026-03-28 08:33:45,87.5,88.32951945080092,109.8800945574794
2026-03-28 08:34:00,87.5,88.32951945080092,109.85127251660326
2026-03-28 08:34:15,87.5,88.32951945080092,109.82245047572712
2026-03-28 08:34:30,87.5,88.32951945080092,109.79362843485099
2026-03-28 08:34:45,87.5,88.32951945080092,109.76480639397485
2026-03-28 08:35:00,87.5,88.32951945080092,109.73598435309871
2026-03-28 08:35:15,87.5,88.32951945080092,109.70716231222258
2026-03-28 08:35:30,87.5,88.32951945080092,109.67834027134646
2026-03-28 08:35:45,87.5,88.32951945080092,109.64951823047032
2026-03-28 08:36:00,87.5,88.32951945080092,109.62069618959418
2026-03-28 08:36:15,87.5,88.32951945080092,109.59187414871805
2026-03-28 08:36:30,87.5,88.32951945080092,109.56305210784191
2026-03-28 08:36:45,87.5,88.32951945080092,109.53423006696578
2026-03-28 08:37:00,87.5,88.32951945080092,109.50540802608964
2026-03-28 08:37:15,87.5,88.32951945080092,109.4765859852135
2026-03-28 08:37:30,87.5,88.32951945080092,109.44776394433737
2026-03-28 08:37:45,87.5,88.32951945080092,109.41894190346123
2026-03-28 08:38:00,87.5,88.32951945080092,109.39011986258511
2026-03-28 08:38:15,87.5,88.32951945080092,109.36129782170897
2026-03-28 08:38:30,87.5,88.32951945080092,109.33247578083284
2026-03-28 08:38:45,87.5,88.32951945080092,109.3036537399567
2026-03-28 08:39:00,87.5,88.32951945080092,109.27483169908056
2026-03-28 08:39:15,87.5,88.32951945080092,109.24600965820443
2026-03-28 08:39:30,87.5,88.32951945080092,109.21718761732829
2026-03-28 08:39:45,87.5,88.32951945080092,109.18836557645216
2026-03-28 08:40:00,87.5,88.32951945080092,109.15954353557602
2026-03-28 08:40:15,87.5,88.32951945080092,109.13072149469988
2026-03-28 08:40:30,87.5,88.32951945080092,109.10189945382376
2026-03-28 08:40:45,87.5,88.32951945080092,109.07307741294763
2026-03-28 08:41:00,87.5,88.32951945080092,109.04425537207149
2026-03-28 08:41:15,87.5,88.32951945080092,109.01543333119535
2026-03-28 08:41:30,87.5,88.2217090069284,108.98661129031922
2026-03-28 08:41:45,87.5,88.2217090069284,108.95778924944308
2026-03-28 08:42:00,87.5,88.2217090069284,108.92896720856695
2026-03-28 08:42:15,87.5,88.2217090069284,108.90014516769081
2026-03-28 08:42:30,87.5,88.2217090069284,108.87132312681467
2026-03-28 08:42:45,87.5,88.2217090069284,108.84250108593855
2026-03-28 08:43:00,87.5,88.2217090069284,108.81367904506241
2026-03-28 08:43:15,87.5,88.2217090069284,108.78485700418628
2026-03-28 08:43:30,87.5,88.2217090069284,108.75603496331014
2026-03-28 08:43:45,87.5,88.2217090069284,108.727212922434
2026-03-28 08:44:00,87.5,88.2217090069284,108.69839088155787
2026-03-28 08:44:15,87.5,88.2217090069284,108.66956884068173
2026-03-28 08:44:30,87.5,88.2217090069284,108.6407467998056
2026-03-28 08:44:45,87.5,88.2217090069284,108.61192475892946
2026-03-28 08:45:00,87.5,88.2217090069284,108.58310271805333
2026-03-28 08:45:15,87.5,88.2217090069284,108.55428067717719
2026-03-28 08:45:30,87.5,88.2217090069284,108.52545863630107
2026-03-28 08:45:45,87.5,88.2217090069284,108.49663659542493
2026-03-28 08:46:00,87.5,88.2217090069284,108.4678145545488
2026-03-28 08:46:15,87.5,88.2217090069284,108.43899251367266
2026-03-28 08:46:30,87.5,88.2217090069284,108.41017047279652
2026-03-28 08:46:45,87.5,88.2217090069284,108.38134843192039
2026-03-28 08:47:00,87.5,88.2217090069284,108.35252639104425
2026-03-28 08:47:15,87.5,88.2217090069284,108.32370435016811
2026-03-28 08:47:30,87.5,88.45265588914549,108.29488230929198
2026-03-28 08:47:45,87.5,88.68360277136259,108.26606026841586
2026-03-28 08:48:00,87.5,88.91454965357968,108.23723822753972
2026-03-28 08:48:15,87.5,89.14549653579677,108.20841618666358
2026-03-28 08:48:30,87.5,89.37644341801386,108.17959414578745
2026-03-28 08:48:45,87.5,89.60739030023095,108.15077210491131
2026-03-28 08:49:00,87.5,89.83833718244803,108.12195006403518
2026-03-28 08:49:15,87.5,90.06928406466513,108.09312802315904
2026-03-28 08:49:30,87.5,90.30023094688222,108.0643059822829
2026-03-28 08:49:45,87.5,90.5311778290993,108.03548394140677
2026-03-28 08:50:00,87.5,90.76212471131639,108.00666190053063
2026-03-28 08:50:15,87.5,91.37529137529138,107.97783985965451
2026-03-28 08:50:30,87.5,91.6083916083916,107.94901781877837
2026-03-28 08:50:45,87.5,91.84149184149184,107.92019577790224
2026-03-28 08:51:00,87.5,92.07459207459208,107.8913737370261
2026-03-28 08:51:15,87.5,92.3076923076923,107.86255169614996
2026-03-28 08:51:30,87.5,92.54079254079254,107.83372965527383
2026-03-28 08:51:45,87.5,92.77389277389277,107.80490761439769
2026-03-28 08:52:00,87.5,93.00699300699301,107.77608557352156
2026-03-28 08:52:15,87.5,93.00699300699301,107.74726353264542
2026-03-28 08:52:30,87.5,93.24009324009323,107.71844149176928
2026-03-28 08:52:45,87.5,93.24009324009323,107.68961945089316
2026-03-28 08:53:00,87.5,93.47319347319348,107.66079741001703
2026-03-28 08:53:15,87.5,93.7062937062937,107.63197536914089
2026-03-28 08:53:30,87.5,93.93939393939394,107.60315332826475
2026-03-28 08:53:45,87.5,94.17249417249417,107.57433128738862
2026-03-28 08:54:00,87.5,94.4055944055944,107.54550924651248
2026-03-28 08:54:15,87.5,94.63869463869464,107.51668720563634
2026-03-28 08:54:30,87.5,94.87179487179486,107.48786516476021
2026-03-28 08:54:45,87.5,95.1048951048951,107.45904312388407
2026-03-28 08:55:00,87.5,95.33799533799534,107.43022108300795
2026-03-28 08:55:15,87.5,95.57109557109557,107.40139904213181
2026-03-28 08:55:30,87.5,95.8041958041958,107.37257700125568
2026-03-28 08:55:45,87.5,96.03729603729604,107.34375496037954
2026-03-28 08:56:00,87.5,96.27039627039628,107.3149329195034
2026-03-28 08:56:15,87.5,96.5034965034965,107.28611087862727
2026-03-28 08:56:30,87.5,96.73659673659674,107.25728883775113
2026-03-28 08:56:45,87.5,96.73659673659674,107.228466796875
2026-03-28 08:57:00,87.5,96.73659673659674,107.19964475599886
2026-03-28 08:57:15,87.5,96.73659673659674,107.17082271512272
2026-03-28 08:57:30,87.5,96.73659673659674,107.14200067424659
2026-03-28 08:57:45,87.5,96.73659673659674,107.11317863337047
2026-03-28 08:58:00,87.5,96.96969696969697,107.08435659249433
2026-03-28 08:58:15,87.5,97.2027972027972,107.0555345516182
2026-03-28 08:58:30,87.5,97.43589743589743,107.02671251074206
2026-03-28 08:58:45,87.5,98.11764705882354,106.99789046986592
2026-03-28 08:59:00,87.5,98.3529411764706,106.96906842898979
2026-03-28 08:59:15,87.5,98.58823529411764,106.94024638811365
2026-03-28 08:59:30,87.5,98.82352941176471,106.91142434723751
2026-03-28 08:59:45,87.5,98.82352941176471,106.88260230636138
2026-03-28 09:00:00,87.5,98.82352941176471,106.85378026548526
2026-03-28 09:00:15,87.5,99.05882352941177,106.82495822460912
2026-03-28 09:00:30,87.5,99.05882352941177,106.79613618373298
2026-03-28 09:00:45,87.5,99.29411764705883,106.76731414285685
2026-03-28 09:01:00,87.5,99.52941176470588,106.73849210198071
2026-03-28 09:01:15,87.5,99.76470588235294,106.70967006110457
2026-03-28 09:01:30,87.5,99.76470588235294,106.68084802022844
2026-03-28 09:01:45,87.5,100.0,106.6520259793523
2026-03-28 09:02:00,87.5,100.0,106.62320393847617
2026-03-28 09:02:15,87.5,100.0,106.59438189760003
2026-03-28 09:02:30,87.5,100.0,106.56555985672391
2026-03-28 09:02:45,87.5,100.0,106.53673781584777
2026-03-28 09:03:00,87.5,100.0,106.50791577497164
2026-03-28 09:03:15,87.5,100.0,106.4790937340955
2026-03-28 09:03:30,87.5,100.0,106.45027169321936
2026-03-28 09:03:45,87.5,100.0,106.42144965234323
2026-03-28 09:04:00,87.5,100.0,106.39262761146709
2026-03-28 09:04:15,87.5,100.0,106.36380557059096
2026-03-28 09:04:30,87.5,100.0,106.33498352971482
2026-03-28 09:04:45,87.5,100.0,106.30616148883868
2026-03-28 09:05:00,87.5,100.0,106.27733944796256
2026-03-28 09:05:15,87.5,100.0,106.24851740708642
2026-03-28 09:05:30,87.5,100.0,106.21969536621029
2026-03-28 09:05:45,87.5,100.0,106.19087332533415
2026-03-28 09:06:00,87.5,100.0,106.16205128445802
2026-03-28 09:06:15,87.5,100.0,106.13322924358188
2026-03-28 09:06:30,87.5,100.0,106.10440720270574
2026-03-28 09:06:45,87.5,100.0,106.07558516182961
2026-03-28 09:07:00,87.5,100.0,106.04676312095347
2026-03-28 09:07:15,87.5,100.0,106.01794108007735
2026-03-28 09:07:30,87.5,100.0,105.98911903920121
2026-03-28 09:07:45,87.5,100.0,105.96029699832508
2026-03-28 09:08:00,87.5,100.0,105.93147495744894
2026-03-28 09:08:15,87.5,100.0,105.9026529165728
2026-03-28 09:08:30,87.5,100.0,105.87383087569667
2026-03-28 09:08:45,87.5,100.0,105.84500883482053
2026-03-28 09:09:00,87.5,100.0,105.8161867939444
2026-03-28 09:09:15,87.5,100.0,105.78736475306826
2026-03-28 09:09:30,87.5,100.0,105.75854271219212
2026-03-28 09:09:45,87.5,100.0,105.72972067131599
2026-03-28 09:10:00,87.5,100.0,105.70089863043987
2026-03-28 09:10:15,87.5,100.0,105.67207658956373
2026-03-28 09:10:30,87.5,100.0,105.6432545486876
2026-03-28 09:10:45,87.5,100.0,105.61443250781146
2026-03-28 09:11:00,87.5,100.0,105.58561046693532
2026-03-28 09:11:15,87.5,100.0,105.55678842605919
2026-03-28 09:11:30,87.5,100.0,105.52796638518305
2026-03-28 09:11:45,87.5,100.0,105.49914434430691
2026-03-28 09:12:00,87.5,100.0,105.47032230343078
2026-03-28 09:12:15,87.5,100.0,105.44150026255465
2026-03-28 09:12:30,87.5,100.0,105.41267822167852
2026-03-28 09:12:45,87.5,100.0,105.38385618080238
2026-03-28 09:13:00,87.5,100.0,105.35503413992625
2026-03-28 09:13:15,87.5,100.0,105.32621209905011
2026-03-28 09:13:30,87.5,100.0,105.29739005817397
2026-03-28 09:13:45,87.5,100.0,105.26856801729784
2026-03-28 09:14:00,87.5,100.0,105.2397459764217
2026-03-28 09:14:15,87.5,100.0,105.21092393554557
2026-03-28 09:14:30,87.5,100.0,105.18210189466944
2026-03-28 09:14:45,87.5,100.0,105.1532798537933
2026-03-28 09:15:00,87.5,100.0,105.12445781291717
2026-03-28 09:15:15,87.5,100.0,105.09563577204104
2026-03-28 09:15:30,87.5,100.0,105.0668137311649
2026-03-28 09:15:45,87.5,100.0,105.03799169028876
2026-03-28 09:16:00,87.5,100.0,105.00916964941263
2026-03-28 09:16:15,87.5,100.0,104.98034760853649
2026-03-28 09:16:30,87.5,100.0,104.95152556766035
2026-03-28 09:16:45,87.5,100.0,104.92270352678422
2026-03-28 09:17:00,87.5,100.0,104.89388148590808
2026-03-28 09:17:15,87.5,100.0,104.86505944503196
2026-03-28 09:17:30,87.5,100.0,104.83623740415582
2026-03-28 09:17:45,87.5,100.0,104.80741536327969
2026-03-28 09:18:00,87.5,100.0,104.77859332240355
2026-03-28 09:18:15,87.5,100.0,104.74977128152742
2026-03-28 09:18:30,87.5,100.0,104.72094924065128
2026-03-28 09:18:45,87.5,100.0,104.69212719977514
2026-03-28 09:19:00,87.5,100.0,104.663305158899
2026-03-28 09:19:15,87.5,100.0,104.63448311802287
2026-03-28 09:19:30,87.5,100.0,104.60566107714675
2026-03-28 09:19:45,87.5,100.0,104.57683903627061
2026-03-28 09:20:00,87.5,100.0,104.54801699539448
2026-03-28 09:20:15,87.5,100.0,104.51919495451834
2026-03-28 09:20:30,87.5,100.0,104.4903729136422
2026-03-28 09:20:45,87.5,100.0,104.46155087276607
2026-03-28 09:21:00,87.5,100.0,104.43272883188993
2026-03-28 09:21:15,87.5,100.0,104.4039067910138
2026-03-28 09:21:30,87.5,100.0,104.37508475013766
2026-03-28 09:21:45,87.5,100.0,104.34626270926152
2026-03-28 09:22:00,87.5,100.0,104.31744066838539
2026-03-28 09:22:15,87.5,100.0,104.28861862750927
2026-03-28 09:22:30,87.5,100.0,104.25979658663313
2026-03-28 09:22:45,87.5,100.0,104.230974545757
2026-03-28 09:23:00,87.5,100.0,104.20215250488086
2026-03-28 09:23:15,87.5,100.0,104.17333046400472
2026-03-28 09:23:30,87.5,100.0,104.14450842312858
2026-03-28 09:23:45,87.5,100.0,104.11568638225245
2026-03-28 09:24:00,87.5,100.0,104.08686434137631
2026-03-28 09:24:15,87.5,100.0,104.05804230050018
2026-03-28 09:24:30,87.5,100.0,104.02922025962405
2026-03-28 09:24:45,87.5,100.0,104.00039821874792
2026-03-28 09:25:00,87.5,100.0,103.97157617787178
2026-03-28 09:25:15,87.5,100.0,103.94275413699565
2026-03-28 09:25:30,87.5,100.0,103.91393209611951
2026-03-28 09:25:45,87.5,100.0,103.88511005524337
2026-03-28 09:26:00,87.5,100.0,103.85628801436724
2026-03-28 09:26:15,87.5,100.0,103.8274659734911
2026-03-28 09:26:30,87.5,100.0,103.79864393261497
2026-03-28 09:26:45,87.5,100.0,103.76982189173884
2026-03-28 09:27:00,87.5,100.0,103.74099985086269
2026-03-28 09:27:15,87.5,100.0,103.71217780998657
2026-03-28 09:27:30,87.5,100.0,103.68335576911043
2026-03-28 09:27:45,87.5,100.0,103.6545337282343
2026-03-28 09:28:00,87.5,100.0,103.62571168735816
2026-03-28 09:28:15,87.5,100.0,103.59688964648203
2026-03-28 09:28:30,87.5,100.0,103.56806760560589
2026-03-28 09:28:45,87.5,100.0,103.53924556472975
2026-03-28 09:29:00,87.5,100.0,103.51042352385362
2026-03-28 09:29:15,87.5,100.0,103.48160148297748
2026-03-28 09:29:30,87.5,100.0,103.45277944210136
2026-03-28 09:29:45,87.5,100.0,103.42395740122522
2026-03-28 09:30:00,87.5,100.0,103.39513536034909
2026-03-28 09:30:15,87.5,100.0,103.36631331947295
2026-03-28 09:30:30,87.5,100.0,103.33749127859681
2026-03-28 09:30:45,87.5,100.0,103.30866923772068
2026-03-28 09:31:00,87.5,100.0,103.27984719684454
2026-03-28 09:31:15,87.5,100.0,103.2510251559684
2026-03-28 09:31:30,87.5,100.0,103.22220311509227
2026-03-28 09:31:45,87.5,100.0,103.19338107421615
2026-03-28 09:32:00,87.5,100.0,103.16455903334001
2026-03-28 09:32:15,87.5,100.0,103.13573699246388
2026-03-28 09:32:30,87.5,100.0,103.10691495158774
2026-03-28 09:32:45,87.5,100.0,103.0780929107116
2026-03-28 09:33:00,87.5,100.0,103.04927086983547
2026-03-28 09:33:15,87.5,100.0,103.02044882895933
2026-03-28 09:33:30,87.5,100.0,102.9916267880832
2026-03-28 09:33:45,87.5,100.0,102.96280474720706
2026-03-28 09:34:00,87.5,100.0,102.93398270633092
2026-03-28 09:34:15,87.5,100.0,102.90516066545479
2026-03-28 09:34:30,87.5,100.0,102.87633862457866
2026-03-28 09:34:45,87.5,100.0,102.84751658370253
2026-03-28 09:35:00,87.5,100.0,102.81869454282639
2026-03-28 09:35:15,87.5,100.0,102.78987250195026
2026-03-28 09:35:30,87.5,100.0,102.76105046107412
2026-03-28 09:35:45,87.5,100.0,102.73222842019798
2026-03-28 09:36:00,87.5,100.0,102.70340637932185
2026-03-28 09:36:15,87.5,100.0,102.67458433844571
2026-03-28 09:36:30,87.5,100.0,102.64576229756958
2026-03-28 09:36:45,87.5,100.0,102.61694025669345
2026-03-28 09:37:00,87.5,100.0,102.58811821581732
2026-03-28 09:37:15,87.5,100.0,102.55929617494118
2026-03-28 09:37:30,87.5,100.0,102.53047413406505
2026-03-28 09:37:45,87.5,100.0,102.50165209318891
2026-03-28 09:38:00,87.5,100.0,102.47283005231277
2026-03-28 09:38:15,87.5,100.0,102.44400801143664
2026-03-28 09:38:30,87.5,100.0,102.4151859705605
2026-03-28 09:38:45,87.5,100.0,102.38636392968436
2026-03-28 09:39:00,87.5,100.0,102.35754188880824
2026-03-28 09:39:15,87.5,100.0,102.3287198479321
2026-03-28 09:39:30,87.5,100.0,102.29989780705597
2026-03-28 09:39:45,87.5,100.0,102.27107576617983
2026-03-28 09:40:00,87.5,100.0,102.2422537253037
2026-03-28 09:40:15,87.5,100.0,102.21343168442756
2026-03-28 09:40:30,87.5,100.0,102.18460964355143
2026-03-28 09:40:45,87.5,100.0,102.15578760267529
2026-03-28 09:41:00,87.5,100.0,102.12696556179915
2026-03-28 09:41:15,87.5,100.0,102.09814352092302
2026-03-28 09:41:30,87.5,100.0,102.06932148004688
2026-03-28 09:41:45,87.5,100.0,102.04049943917076
2026-03-28 09:42:00,87.5,100.0,102.01167739829462
2026-03-28 09:42:15,87.5,100.0,101.98285535741849
2026-03-28 09:42:30,87.5,100.0,101.95403331654235
2026-03-28 09:42:45,87.5,100.0,101.92521127566621
2026-03-28 09:43:00,87.5,100.0,101.89638923479008
2026-03-28 09:43:15,87.5,100.0,101.86756719391394
2026-03-28 09:43:30,87.5,100.0,101.8387451530378
2026-03-28 09:43:45,87.5,100.0,101.80992311216167
2026-03-28 09:44:00,87.5,100.0,101.78110107128555
2026-03-28 09:44:15,87.5,100.0,101.75227903040941
2026-03-28 09:44:30,87.5,100.0,101.72345698953328
2026-03-28 09:44:45,87.5,100.0,101.69463494865714
2026-03-28 09:45:00,87.5,100.0,101.665812907781
2026-03-28 09:45:15,87.5,100.0,101.63699086690487
2026-03-28 09:45:30,87.5,100.0,101.60816882602873
2026-03-28 09:45:45,87.5,100.0,101.5793467851526
2026-03-28 09:46:00,87.5,100.0,101.55052474427646
2026-03-28 09:46:15,87.5,100.0,101.52170270340032
2026-03-28 09:46:30,87.5,100.0,101.49288066252419
2026-03-28 09:46:45,87.5,100.0,101.46405862164806
2026-03-28 09:47:00,87.5,100.0,101.43523658077193
2026-03-28 09:47:15,87.5,100.0,101.40641453989579
2026-03-28 09:47:30,87.5,100.0,101.37759249901966
2026-03-28 09:47:45,87.5,100.0,101.34877045814352
2026-03-28 09:48:00,87.5,100.0,101.31994841726738
2026-03-28 09:48:15,87.5,100.0,101.29112637639125
2026-03-28 09:48:30,87.5,100.0,101.26230433551511
2026-03-28 09:48:45,87.5,100.0,101.23348229463897
2026-03-28 09:49:00,87.5,100.0,101.20466025376285
2026-03-28 09:49:15,87.5,100.0,101.17583821288672
2026-03-28 09:49:30,87.5,100.0,101.14701617201058
2026-03-28 09:49:45,87.5,100.0,101.11819413113444
2026-03-28 09:50:00,87.5,100.0,101.08937209025831
2026-03-28 09:50:15,87.5,100.0,101.06055004938217
2026-03-28 09:50:30,87.5,100.0,101.03172800850604
2026-03-28 09:50:45,87.5,100.0,101.0029059676299
2026-03-28 09:51:00,87.5,100.0,100.97408392675376
2026-03-28 09:51:15,87.5,100.0,100.94526188587764
2026-03-28 09:51:30,87.5,100.0,100.9164398450015
2026-03-28 09:51:45,87.5,100.0,100.88761780412537
2026-03-28 09:52:00,87.5,100.0,100.85879576324923
2026-03-28 09:52:15,87.5,100.0,100.8299737223731
2026-03-28 09:52:30,87.5,100.0,100.80115168149696
2026-03-28 09:52:45,87.5,100.0,100.77232964062082
2026-03-28 09:53:00,87.5,100.0,100.74350759974469
2026-03-28 09:53:15,87.5,100.0,100.71468555886855
2026-03-28 09:53:30,87.5,100.0,100.68586351799242
2026-03-28 09:53:45,87.5,100.0,100.65704147711628
2026-03-28 09:54:00,87.5,100.0,100.62821943624016
2026-03-28 09:54:15,87.5,100.0,100.59939739536402
2026-03-28 09:54:30,87.5,100.0,100.57057535448789
2026-03-28 09:54:45,87.5,100.0,100.54175331361175
2026-03-28 09:55:00,87.5,100.0,100.51293127273561
2026-03-28 09:55:15,87.5,100.0,100.48410923185948
2026-03-28 09:55:30,87.5,100.0,100.45528719098334
2026-03-28 09:55:45,87.5,100.0,100.4264651501072
2026-03-28 09:56:00,87.5,100.0,100.39764310923107
2026-03-28 09:56:15,87.5,100.0,100.36882106835495
2026-03-28 09:56:30,87.5,100.0,100.33999902747881
2026-03-28 09:56:45,87.5,100.0,100.31117698660267
2026-03-28 09:57:00,87.5,100.0,100.28235494572654
2026-03-28 09:57:15,87.5,100.0,100.2535329048504
2026-03-28 09:57:30,87.5,100.0,100.22471086397427
2026-03-28 09:57:45,87.5,100.0,100.19588882309813
2026-03-28 09:58:00,87.5,100.0,100.167066782222
2026-03-28 09:58:15,87.5,100.0,100.13824474134586
2026-03-28 09:58:30,87.5,100.0,100.10942270046972
2026-03-28 09:58:45,87.5,100.0,100.08060065959359
2026-03-28 09:59:00,87.5,100.0,100.05177861871746
2026-03-28 09:59:15,87.5,100.0,100.02295657784133
2026-03-28 09:59:30,87.5,100.0,99.99413453696519
2026-03-28 09:59:45,100.0,100.0,99.96531249608906
2026-03-28 10:00:00,100.0,100.0,99.93649045521292
2026-03-28 10:00:15,100.0,100.0,99.92100760224382
2026-03-28 10:00:30,100.0,100.0,99.9055247492747
2026-03-28 10:00:45,100.0,100.0,99.8900418963056
2026-03-28 10:01:00,100.0,100.0,99.8745590433365
2026-03-28 10:01:15,100.0,100.0,99.8590761903674
2026-03-28 10:01:30,100.0,100.0,99.84359333739829
2026-03-28 10:01:45,100.0,100.0,99.82811048442919
2026-03-28 10:02:00,100.0,100.0,99.81262763146009
2026-03-28 10:02:15,100.0,100.0,99.79714477849099
2026-03-28 10:02:30,100.0,100.0,99.78166192552187
2026-03-28 10:02:45,100.0,100.0,99.76617907255277
2026-03-28 10:03:00,100.0,100.0,99.75069621958367
2026-03-28 10:03:15,100.0,100.0,99.73521336661456
2026-03-28 10:03:30,100.0,100.0,99.71973051364546
2026-03-28 10:03:45,100.0,100.0,99.70424766067636
2026-03-28 10:04:00,100.0,100.0,99.68876480770726
2026-03-28 10:04:15,87.5,100.0,99.67328195473814
2026-03-28 10:04:30,100.0,100.0,99.65779910176904
2026-03-28 10:04:45,100.0,100.0,99.64231624879994
2026-03-28 10:05:00,87.5,100.0,99.62683339583083
2026-03-28 10:05:15,100.0,100.0,99.61135054286173
2026-03-28 10:05:30,87.5,100.0,99.59586768989263
2026-03-28 10:05:45,87.5,100.0,99.58038483692353
2026-03-28 10:06:00,100.0,100.0,99.56490198395441
2026-03-28 10:06:15,87.5,100.0,99.54941913098531
2026-03-28 10:06:30,87.5,100.0,99.53393627801621
2026-03-28 10:06:45,100.0,100.0,99.51845342504711
2026-03-28 10:07:00,87.5,100.0,99.502970572078
2026-03-28 10:07:15,87.5,100.0,99.4874877191089
2026-03-28 10:07:30,87.5,100.0,99.4720048661398
2026-03-28 10:07:45,87.5,100.0,99.45652201317068
2026-03-28 10:08:00,87.5,100.0,99.44103916020158
2026-03-28 10:08:15,87.5,100.0,99.42555630723248
2026-03-28 10:08:30,87.5,100.0,99.41007345426338
2026-03-28 10:08:45,87.5,100.0,99.39459060129427
2026-03-28 10:09:00,87.5,100.0,99.37910774832517
2026-03-28 10:09:15,87.5,100.0,99.36362489535607
2026-03-28 10:09:30,87.5,100.0,99.34814204238695
2026-03-28 10:09:45,87.5,100.0,99.33265918941785
2026-03-28 10:10:00,87.5,100.0,99.31717633644875
2026-03-28 10:10:15,87.5,100.0,99.30169348347965
2026-03-28 10:10:30,87.5,100.0,99.28621063051054
2026-03-28 10:10:45,87.5,100.0,99.27072777754144
2026-03-28 10:11:00,87.5,100.0,99.25524492457234
2026-03-28 10:11:15,87.5,100.0,99.23976207160324
2026-03-28 10:11:30,87.5,100.0,99.22427921863412
2026-03-28 10:11:45,87.5,100.0,99.20879636566502
2026-03-28 10:12:00,87.5,100.0,99.19331351269592
2026-03-28 10:12:15,87.5,100.0,99.17783065972681
2026-03-28 10:12:30,87.5,100.0,99.16234780675771
2026-03-28 10:12:45,87.5,100.0,99.14686495378861
2026-03-28 10:13:00,87.5,100.0,99.13138210081951
2026-03-28 10:13:15,87.5,100.0,99.1158992478504
2026-03-28 10:13:30,87.5,100.0,99.1004163948813
2026-03-28 10:13:45,87.5,100.0,99.08493354191219
2026-03-28 10:14:00,87.5,100.0,99.06945068894308
2026-03-28 10:14:15,87.5,100.0,99.05396783597398
2026-03-28 10:14:30,87.5,100.0,99.03848498300488
2026-03-28 10:14:45,87.5,100.0,99.02300213003578
2026-03-28 10:15:00,87.5,100.0,99.00751927706666
2026-03-28 10:15:15,87.5,100.0,98.99203642409756
2026-03-28 10:15:30,87.5,100.0,98.97655357112846
2026-03-28 10:15:45,87.5,100.0,98.96107071815936
2026-03-28 10:16:00,87.5,100.0,98.94558786519025
2026-03-28 10:16:15,87.5,100.0,98.93010501222115
2026-03-28 10:16:30,87.5,100.0,98.91462215925205
2026-03-28 10:16:45,87.5,100.0,98.89913930628293
2026-03-28 10:17:00,87.5,100.0,98.88365645331383
2026-03-28 10:17:15,87.5,100.0,98.86817360034473
2026-03-28 10:17:30,87.5,100.0,98.85269074737563
2026-03-28 10:17:45,87.5,100.0,98.83720789440652
2026-03-28 10:18:00,87.5,100.0,98.82172504143742
2026-03-28 10:18:15,87.5,100.0,98.80624218846832
2026-03-28 10:18:30,87.5,100.0,98.79075933549922
2026-03-28 10:18:45,87.5,100.0,98.7752764825301
2026-03-28 10:19:00,87.5,100.0,98.759793629561
2026-03-28 10:19:15,87.5,100.0,98.7443107765919
2026-03-28 10:19:30,87.5,100.0,98.72882792362279
2026-03-28 10:19:45,87.5,100.0,98.71334507065369
2026-03-28 10:20:00,87.5,100.0,98.69786221768459
2026-03-28 10:20:15,87.5,100.0,98.68237936471549
2026-03-28 10:20:30,87.5,100.0,98.66689651174637
2026-03-28 10:20:45,87.5,100.0,98.65141365877727
2026-03-28 10:21:00,87.5,100.0,98.63593080580817
2026-03-28 10:21:15,87.5,100.0,98.62044795283906
2026-03-28 10:21:30,87.5,100.0,98.60496509986996
2026-03-28 10:21:45,87.5,100.0,98.58948224690086
2026-03-28 10:22:00,87.5,100.0,98.57399939393176
2026-03-28 10:22:15,87.5,100.0,98.55851654096264
2026-03-28 10:22:30,87.5,100.0,98.54303368799354
2026-03-28 10:22:45,87.5,100.0,98.52755083502444
2026-03-28 10:23:00,87.5,100.0,98.51206798205533
2026-03-28 10:23:15,87.5,100.0,98.49658512908623
2026-03-28 10:23:30,87.5,100.0,98.48110227611713
2026-03-28 10:23:45,87.5,100.0,98.46561942314803
2026-03-28 10:24:00,87.5,100.0,98.45013657017891
2026-03-28 10:24:15,87.5,100.0,98.43465371720981
2026-03-28 10:24:30,87.5,100.0,98.41917086424071
2026-03-28 10:24:45,87.5,100.0,98.40368801127161
2026-03-28 10:25:00,87.5,100.0,98.3882051583025
2026-03-28 10:25:15,87.5,100.0,98.3727223053334
2026-03-28 10:25:30,87.5,100.0,98.3572394523643
2026-03-28 10:25:45,87.5,100.0,98.34175659939518
2026-03-28 10:26:00,87.5,100.0,98.32627374642608
2026-03-28 10:26:15,87.5,100.0,98.31079089345698
2026-03-28 10:26:30,87.5,100.0,98.29530804048788
2026-03-28 10:26:45,87.5,100.0,98.27982518751877
2026-03-28 10:27:00,87.5,100.0,98.26434233454967
2026-03-28 10:27:15,87.5,100.0,98.24885948158057
2026-03-28 10:27:30,87.5,100.0,98.23337662861147
2026-03-28 10:27:45,87.5,100.0,98.21789377564235
2026-03-28 10:28:00,87.5,100.0,98.20241092267325
2026-03-28 10:28:15,87.5,100.0,98.18692806970415
2026-03-28 10:28:30,87.5,100.0,98.17144521673504
2026-03-28 10:28:45,87.5,100.0,98.15596236376594
2026-03-28 10:29:00,87.5,100.0,98.14047951079684
2026-03-28 10:29:15,87.5,100.0,98.12499665782774
2026-03-28 10:29:30,87.5,100.0,98.10951380485862
2026-03-28 10:29:45,87.5,100.0,98.09403095188952
2026-03-28 10:30:00,87.5,100.0,98.07854809892042
2026-03-28 10:30:15,87.5,100.0,98.06306524595131
2026-03-28 10:30:30,87.5,100.0,98.0475823929822
2026-03-28 10:30:45,87.5,100.0,98.0320995400131
2026-03-28 10:31:00,87.5,100.0,98.016616687044
2026-03-28 10:31:15,87.5,100.0,98.00113383407489
2026-03-28 10:31:30,87.5,100.0,97.98565098110579
2026-03-28 10:31:45,87.5,100.0,97.97016812813669
2026-03-28 10:32:00,87.5,100.0,97.95468527516759
2026-03-28 10:32:15,87.5,100.0,97.93920242219848
2026-03-28 10:32:30,87.5,99.74293059125964,97.92371956922938
2026-03-28 10:32:45,87.5,99.48586118251927,97.90823671626028
2026-03-28 10:33:00,87.5,99.22879177377892,97.89275386329116
2026-03-28 10:33:15,87.5,98.97172236503856,97.87727101032206
2026-03-28 10:33:30,87.5,98.7146529562982,97.86178815735296
2026-03-28 10:33:45,87.5,98.45758354755783,97.84630530438386
2026-03-28 10:34:00,87.5,98.20051413881748,97.83082245141475
2026-03-28 10:34:15,87.5,97.94344473007712,97.81533959844565
2026-03-28 10:34:30,87.5,97.68637532133675,97.79985674547655
2026-03-28 10:34:45,87.5,97.42930591259639,97.78437389250743
2026-03-28 10:35:00,87.5,97.17223650385604,97.76889103953833
2026-03-28 10:35:15,87.5,96.91516709511568,97.75340818656923
2026-03-28 10:35:30,87.5,96.65809768637533,97.73792533360013
2026-03-28 10:35:45,87.5,96.40102827763496,97.72244248063102
2026-03-28 10:36:00,87.5,96.40102827763496,97.70695962766192
2026-03-28 10:36:15,87.5,96.40102827763496,97.69147677469282
2026-03-28 10:36:30,87.5,96.40102827763496,97.67599392172372
2026-03-28 10:36:45,87.5,96.40102827763496,97.6605110687546
2026-03-28 10:37:00,87.5,96.40102827763496,97.6450282157855
2026-03-28 10:37:15,87.5,96.40102827763496,97.6295453628164
2026-03-28 10:37:30,87.5,96.40102827763496,97.61406250984729
2026-03-28 10:37:45,87.5,96.40102827763496,97.59857965687819
2026-03-28 10:38:00,87.5,96.40102827763496,97.58309680390909
2026-03-28 10:38:15,87.5,96.40102827763496,97.56761395093999
2026-03-28 10:38:30,87.5,96.40102827763496,97.55213109797087
2026-03-28 10:38:45,87.5,96.40102827763496,97.53664824500177
2026-03-28 10:39:00,87.5,96.40102827763496,97.52116539203267
2026-03-28 10:39:15,87.5,96.40102827763496,97.50568253906357
2026-03-28 10:39:30,87.5,96.40102827763496,97.49019968609446
2026-03-28 10:39:45,87.5,96.40102827763496,97.47471683312536
2026-03-28 10:40:00,87.5,96.40102827763496,97.45923398015626
2026-03-28 10:40:15,87.5,96.40102827763496,97.44375112718714
2026-03-28 10:40:30,87.5,96.40102827763496,97.42826827421804
2026-03-28 10:40:45,87.5,96.40102827763496,97.41278542124894
2026-03-28 10:41:00,87.5,96.40102827763496,97.39730256827984
2026-03-28 10:41:15,87.5,96.40102827763496,97.38181971531073
2026-03-28 10:41:30,87.5,96.40102827763496,97.36633686234163
2026-03-28 10:41:45,87.5,96.40102827763496,97.35085400937253
2026-03-28 10:42:00,87.5,96.40102827763496,97.33537115640341
2026-03-28 10:42:15,87.5,96.40102827763496,97.31988830343431
2026-03-28 10:42:30,87.5,96.40102827763496,97.30440545046521
2026-03-28 10:42:45,87.5,96.40102827763496,97.28892259749611
2026-03-28 10:43:00,87.5,96.40102827763496,97.273439744527
2026-03-28 10:43:15,100.0,96.40102827763496,97.2579568915579
2026-03-28 10:43:30,87.5,96.40102827763496,97.2424740385888
2026-03-28 10:43:45,87.5,96.40102827763496,97.22699118561968
2026-03-28 10:44:00,87.5,96.40102827763496,97.21150833265058
2026-03-28 10:44:15,87.5,96.40102827763496,97.19602547968148
2026-03-28 10:44:30,100.0,96.40102827763496,97.18054262671238
2026-03-28 10:44:45,100.0,96.40102827763496,97.16505977374327
2026-03-28 10:45:00,100.0,96.40102827763496,97.14957692077417
2026-03-28 10:45:15,100.0,96.40102827763496,97.13409406780507
2026-03-28 10:45:30,100.0,96.40102827763496,97.11861121483597
2026-03-28 10:45:45,100.0,96.40102827763496,97.10312836186685
2026-03-28 10:46:00,100.0,96.40102827763496,97.08764550889775
2026-03-28 10:46:15,100.0,96.40102827763496,97.07216265592865
2026-03-28 10:46:30,100.0,96.40102827763496,97.05667980295954
2026-03-28 10:46:45,100.0,96.40102827763496,97.04119694999044
2026-03-28 10:47:00,100.0,96.40102827763496,97.02571409702134
2026-03-28 10:47:15,100.0,96.40102827763496,97.01023124405224
2026-03-28 10:47:30,100.0,96.36363636363636,96.99474839108312
2026-03-28 10:47:45,100.0,96.36363636363636,96.97926553811402
2026-03-28 10:48:00,100.0,96.36363636363636,96.96378268514492
2026-03-28 10:48:15,100.0,96.36363636363636,96.94829983217582
2026-03-28 10:48:30,100.0,96.36363636363636,96.9328169792067
2026-03-28 10:48:45,100.0,96.36363636363636,96.9173341262376
2026-03-28 10:49:00,100.0,96.36363636363636,96.9018512732685
2026-03-28 10:49:15,100.0,96.36363636363636,96.88636842029939
2026-03-28 10:49:30,100.0,96.36363636363636,96.87088556733029
2026-03-28 10:49:45,100.0,96.36363636363636,96.85540271436119
2026-03-28 10:50:00,100.0,96.36363636363636,96.83991986139209
2026-03-28 10:50:15,100.0,96.36363636363636,96.82443700842298
2026-03-28 10:50:30,100.0,96.36363636363636,96.80895415545388
2026-03-28 10:50:45,100.0,96.36363636363636,96.79347130248478
2026-03-28 10:51:00,100.0,96.36363636363636,96.77798844951566
2026-03-28 10:51:15,100.0,96.36363636363636,96.76250559654656
2026-03-28 10:51:30,100.0,96.36363636363636,96.74702274357746
2026-03-28 10:51:45,100.0,96.36363636363636,96.73153989060836
2026-03-28 10:52:00,100.0,96.36363636363636,96.71605703763925
2026-03-28 10:52:15,100.0,96.36363636363636,96.70057418467015
2026-03-28 10:52:30,100.0,96.36363636363636,96.68509133170105
2026-03-28 10:52:45,100.0,96.36363636363636,96.66960847873194
2026-03-28 10:53:00,100.0,96.36363636363636,96.65412562576283
2026-03-28 10:53:15,100.0,96.36363636363636,96.63864277279373
2026-03-28 10:53:30,100.0,96.36363636363636,96.62315991982463
2026-03-28 10:53:45,100.0,96.36363636363636,96.60767706685552
2026-03-28 10:54:00,100.0,96.36363636363636,96.59219421388642
2026-03-28 10:54:15,100.0,96.36363636363636,96.57671136091732
2026-03-28 10:54:30,100.0,96.36363636363636,96.56122850794821
2026-03-28 10:54:45,100.0,96.36363636363636,96.5457456549791
2026-03-28 10:55:00,100.0,96.36363636363636,96.53026280201
2026-03-28 10:55:15,100.0,96.36363636363636,96.5147799490409
2026-03-28 10:55:30,100.0,96.36363636363636,96.49929709607179
2026-03-28 10:55:45,100.0,96.36363636363636,96.48381424310269
2026-03-28 10:56:00,100.0,96.36363636363636,96.46833139013359
2026-03-28 10:56:15,100.0,96.36363636363636,96.45284853716448
2026-03-28 10:56:30,100.0,96.36363636363636,96.43736568419537
2026-03-28 10:56:45,100.0,96.36363636363636,96.42188283122627
2026-03-28 10:57:00,100.0,96.36363636363636,96.40639997825717
2026-03-28 10:57:15,100.0,96.36363636363636,96.39091712528807
2026-03-28 10:57:30,100.0,96.36363636363636,96.37543427231896
2026-03-28 10:57:45,100.0,96.36363636363636,96.35995141934985
2026-03-28 10:58:00,100.0,96.36363636363636,96.34446856638075
2026-03-28 10:58:15,100.0,96.36363636363636,96.32898571341164
2026-03-28 10:58:30,100.0,96.36363636363636,96.31350286044254
2026-03-28 10:58:45,100.0,96.36363636363636,96.29802000747344
2026-03-28 10:59:00,100.0,96.36363636363636,96.28253715450434
2026-03-28 10:59:15,100.0,96.36363636363636,96.26705430153523
2026-03-28 10:59:30,100.0,96.36363636363636,96.25157144856612
2026-03-28 10:59:45,100.0,96.36363636363636,96.23608859559702
2026-03-28 11:00:00,100.0,96.36363636363636,96.22060574262792
2026-03-28 11:00:15,100.0,96.36363636363636,96.20512288965881
2026-03-28 11:00:30,100.0,96.36363636363636,96.18964003668971
2026-03-28 11:00:45,100.0,96.36363636363636,96.17415718372061
2026-03-28 11:01:00,100.0,96.36363636363636,96.1586743307515
2026-03-28 11:01:15,100.0,96.36363636363636,96.1431914777824
2026-03-28 11:01:30,100.0,96.36363636363636,96.1277086248133
2026-03-28 11:01:45,100.0,96.36363636363636,96.1122257718442
2026-03-28 11:02:00,100.0,96.36363636363636,96.09674291887508
2026-03-28 11:02:15,100.0,96.36363636363636,96.08126006590598
2026-03-28 11:02:30,100.0,96.36363636363636,96.06577721293688
2026-03-28 11:02:45,100.0,96.36363636363636,96.05029435996776
2026-03-28 11:03:00,100.0,96.36363636363636,96.03481150699866
2026-03-28 11:03:15,100.0,96.36363636363636,96.01932865402956
2026-03-28 11:03:30,100.0,96.36363636363636,96.00384580106046
2026-03-28 11:03:45,100.0,96.3254593175853,95.98836294809135
2026-03-28 11:04:00,100.0,96.3254593175853,95.97288009512225
2026-03-28 11:04:15,100.0,96.3254593175853,95.95739724215315
2026-03-28 11:04:30,100.0,96.3254593175853,95.94191438918403
2026-03-28 11:04:45,100.0,96.3254593175853,95.92643153621493
2026-03-28 11:05:00,100.0,96.3254593175853,95.91094868324583
2026-03-28 11:05:15,100.0,96.3254593175853,95.89546583027673
2026-03-28 11:05:30,100.0,96.3254593175853,95.87998297730762
2026-03-28 11:05:45,100.0,96.3254593175853,95.86450012433852
2026-03-28 11:06:00,100.0,96.3254593175853,95.84901727136942
2026-03-28 11:06:15,100.0,96.3254593175853,95.83353441840032
2026-03-28 11:06:30,100.0,96.3254593175853,95.8180515654312
2026-03-28 11:06:45,100.0,96.3254593175853,95.8025687124621
2026-03-28 11:07:00,100.0,96.3254593175853,95.787085859493
2026-03-28 11:07:15,100.0,96.3254593175853,95.77160300652389
2026-03-28 11:07:30,100.0,96.3254593175853,95.75612015355479
2026-03-28 11:07:45,100.0,96.3254593175853,95.74063730058569
2026-03-28 11:08:00,100.0,96.3254593175853,95.72515444761659
2026-03-28 11:08:15,100.0,96.3254593175853,95.70967159464747
2026-03-28 11:08:30,100.0,96.3254593175853,95.69418874167837
2026-03-28 11:08:45,100.0,96.3254593175853,95.67870588870927
2026-03-28 11:09:00,100.0,96.3254593175853,95.66322303574017
2026-03-28 11:09:15,100.0,96.3254593175853,95.64774018277106
2026-03-28 11:09:30,100.0,96.3254593175853,95.63225732980196
2026-03-28 11:09:45,100.0,96.3254593175853,95.61677447683286
2026-03-28 11:10:00,100.0,96.3254593175853,95.60129162386374
2026-03-28 11:10:15,100.0,96.3254593175853,95.58580877089464
2026-03-28 11:10:30,100.0,96.3254593175853,95.57032591792554
2026-03-28 11:10:45,100.0,96.3254593175853,95.55484306495644
2026-03-28 11:11:00,100.0,96.3254593175853,95.53936021198733
2026-03-28 11:11:15,100.0,96.3254593175853,95.52387735901823
2026-03-28 11:11:30,100.0,96.3254593175853,95.50839450604913
2026-03-28 11:11:45,100.0,96.3254593175853,95.49291165308003
2026-03-28 11:12:00,100.0,96.3254593175853,95.47742880011091
2026-03-28 11:12:15,100.0,96.3254593175853,95.46194594714181
2026-03-28 11:12:30,100.0,96.3254593175853,95.44646309417271
2026-03-28 11:12:45,100.0,96.3254593175853,95.4309802412036
2026-03-28 11:13:00,100.0,96.3254593175853,95.4154973882345
2026-03-28 11:13:15,100.0,96.3254593175853,95.4000145352654
2026-03-28 11:13:30,100.0,96.3254593175853,95.3845316822963
2026-03-28 11:13:45,100.0,96.3254593175853,95.36904882932718
2026-03-28 11:14:00,100.0,96.3254593175853,95.35356597635808
2026-03-28 11:14:15,100.0,96.3254593175853,95.33808312338898
2026-03-28 11:14:30,100.0,96.3254593175853,95.32260027041987
2026-03-28 11:14:45,100.0,96.3254593175853,95.30711741745077
2026-03-28 11:15:00,100.0,96.3254593175853,95.29163456448167
2026-03-28 11:15:15,100.0,96.3254593175853,95.27615171151257
2026-03-28 11:15:30,100.0,96.3254593175853,95.26066885854345
2026-03-28 11:15:45,100.0,96.3254593175853,95.24518600557435
2026-03-28 11:16:00,100.0,96.3254593175853,95.22970315260525
2026-03-28 11:16:15,100.0,96.3254593175853,95.21422029963614
2026-03-28 11:16:30,100.0,96.3254593175853,95.19873744666704
2026-03-28 11:16:45,100.0,96.06299212598425,95.18325459369794
2026-03-28 11:17:00,100.0,95.8005249343832,95.16777174072884
2026-03-28 11:17:15,100.0,95.53805774278216,95.15228888775972
2026-03-28 11:17:30,100.0,95.2755905511811,95.13680603479062
2026-03-28 11:17:45,100.0,95.01312335958005,95.12132318182152
2026-03-28 11:18:00,100.0,94.750656167979,95.10584032885242
2026-03-28 11:18:15,100.0,94.48818897637796,95.09035747588331
2026-03-28 11:18:30,100.0,94.22572178477691,95.07487462291421
2026-03-28 11:18:45,100.0,93.96325459317585,95.05939176994511
2026-03-28 11:19:00,100.0,93.7007874015748,95.043908916976
2026-03-28 11:19:15,100.0,93.43832020997375,95.0284260640069
2026-03-28 11:19:30,100.0,93.43832020997375,95.0129432110378
2026-03-28 11:19:45,100.0,93.36870026525199,94.9974603580687
2026-03-28 11:20:00,100.0,93.36870026525199,94.98197750509958
2026-03-28 11:20:15,100.0,93.36870026525199,94.96649465213048
2026-03-28 11:20:30,100.0,93.36870026525199,94.95101179916138
2026-03-28 11:20:45,100.0,93.36870026525199,94.93552894619228
2026-03-28 11:21:00,100.0,93.36870026525199,94.92004609322316
2026-03-28 11:21:15,100.0,93.36870026525199,94.90456324025406
2026-03-28 11:21:30,100.0,93.36870026525199,94.88908038728496
2026-03-28 11:21:45,100.0,93.36870026525199,94.87359753431585
2026-03-28 11:22:00,100.0,93.36870026525199,94.85811468134675
2026-03-28 11:22:15,100.0,93.36870026525199,94.84263182837765
2026-03-28 11:22:30,100.0,93.36870026525199,94.82714897540855
2026-03-28 11:22:45,100.0,93.36870026525199,94.81166612243943
2026-03-28 11:23:00,100.0,93.36870026525199,94.79618326947033
2026-03-28 11:23:15,100.0,93.36870026525199,94.78070041650123
2026-03-28 11:23:30,100.0,93.36870026525199,94.76521756353212
2026-03-28 11:23:45,87.5,93.36870026525199,94.74973471056302
2026-03-28 11:24:00,87.5,93.36870026525199,94.73425185759392
2026-03-28 11:24:15,87.5,93.36870026525199,94.71876900462482
2026-03-28 11:24:30,87.5,93.36870026525199,94.7032861516557
2026-03-28 11:24:45,87.5,93.36870026525199,94.6878032986866
2026-03-28 11:25:00,87.5,93.36870026525199,94.6723204457175
2026-03-28 11:25:15,87.5,93.36870026525199,94.65683759274839
2026-03-28 11:25:30,87.5,93.36870026525199,94.64135473977929
2026-03-28 11:25:45,87.5,93.36870026525199,94.62587188681019
2026-03-28 11:26:00,87.5,93.36870026525199,94.61038903384109
2026-03-28 11:26:15,87.5,93.36870026525199,94.59490618087197
2026-03-28 11:26:30,87.5,93.36870026525199,94.57942332790287
2026-03-28 11:26:45,87.5,93.36870026525199,94.56394047493377
2026-03-28 11:27:00,87.5,93.36870026525199,94.54845762196467
2026-03-28 11:27:15,87.5,93.36870026525199,94.53297476899556
2026-03-28 11:27:30,87.5,93.36870026525199,94.51749191602646
2026-03-28 11:27:45,87.5,93.36870026525199,94.50200906305736
2026-03-28 11:28:00,87.5,93.36870026525199,94.48652621008824
2026-03-28 11:28:15,87.5,93.36870026525199,94.47104335711914
2026-03-28 11:28:30,87.5,93.36870026525199,94.45556050415004
2026-03-28 11:28:45,87.5,93.36870026525199,94.44007765118094
2026-03-28 11:29:00,87.5,93.36870026525199,94.42459479821183
2026-03-28 11:29:15,87.5,93.36870026525199,94.40911194524273
2026-03-28 11:29:30,87.5,93.36870026525199,94.39362909227363
2026-03-28 11:29:45,87.5,93.36870026525199,94.37814623930453
2026-03-28 11:30:00,87.5,93.36870026525199,94.36266338633541
2026-03-28 11:30:15,87.5,93.36870026525199,94.34718053336631
2026-03-28 11:30:30,87.5,93.36870026525199,94.33169768039721
2026-03-28 11:30:45,87.5,93.36870026525199,94.3162148274281
2026-03-28 11:31:00,87.5,93.36870026525199,94.300731974459
2026-03-28 11:31:15,87.5,93.36870026525199,94.2852491214899
2026-03-28 11:31:30,87.5,93.36870026525199,94.2697662685208
2026-03-28 11:31:45,87.5,93.36870026525199,94.25428341555168
2026-03-28 11:32:00,87.5,93.36870026525199,94.23880056258258
2026-03-28 11:32:15,87.5,93.36870026525199,94.22331770961348
2026-03-28 11:32:30,87.5,93.36870026525199,94.20783485664438
2026-03-28 11:32:45,87.5,93.36870026525199,94.19235200367527
2026-03-28 11:33:00,87.5,93.36870026525199,94.17686915070617
2026-03-28 11:33:15,87.5,93.36870026525199,94.16138629773707
2026-03-28 11:33:30,87.5,93.36870026525199,94.14590344476795
2026-03-28 11:33:45,87.5,93.36870026525199,94.13042059179885
2026-03-28 11:34:00,87.5,93.36870026525199,94.11493773882975
2026-03-28 11:34:15,87.5,93.36870026525199,94.09945488586065
2026-03-28 11:34:30,87.5,93.36870026525199,94.08397203289154
2026-03-28 11:34:45,87.5,93.36870026525199,94.06848917992244
2026-03-28 11:35:00,87.5,93.36870026525199,94.05300632695334
2026-03-28 11:35:15,87.5,93.36870026525199,94.03752347398422
2026-03-28 11:35:30,87.5,93.36870026525199,94.02204062101512
2026-03-28 11:35:45,87.5,93.36870026525199,94.00655776804602
2026-03-28 11:36:00,87.5,93.2975871313673,93.99107491507692
2026-03-28 11:36:15,87.5,93.2975871313673,93.97559206210781
2026-03-28 11:36:30,87.5,93.2975871313673,93.96010920913871
2026-03-28 11:36:45,87.5,93.2975871313673,93.94462635616961
2026-03-28 11:37:00,87.5,93.2975871313673,93.92914350320049
2026-03-28 11:37:15,87.5,93.2975871313673,93.91366065023139
2026-03-28 11:37:30,87.5,93.2975871313673,93.89817779726229
2026-03-28 11:37:45,87.5,93.2975871313673,93.88269494429319
2026-03-28 11:38:00,87.5,93.2975871313673,93.86721209132408
2026-03-28 11:38:15,87.5,93.2975871313673,93.85172923835498
2026-03-28 11:38:30,87.5,93.2975871313673,93.83624638538588
2026-03-28 11:38:45,87.5,93.2975871313673,93.82076353241678
2026-03-28 11:39:00,87.5,93.2975871313673,93.80528067944766
2026-03-28 11:39:15,87.5,93.2975871313673,93.78979782647856
2026-03-28 11:39:30,87.5,93.2975871313673,93.77431497350946
2026-03-28 11:39:45,87.5,93.2975871313673,93.75883212054035
2026-03-28 11:40:00,87.5,93.2975871313673,93.74334926757125
2026-03-28 11:40:15,87.5,93.2975871313673,93.72786641460215
2026-03-28 11:40:30,87.5,93.2975871313673,93.71238356163305
2026-03-28 11:40:45,87.5,93.2975871313673,93.69690070866393
2026-03-28 11:41:00,87.5,93.2975871313673,93.68141785569483
2026-03-28 11:41:15,87.5,93.2975871313673,93.66593500272573
2026-03-28 11:41:30,87.5,93.2975871313673,93.65045214975663
2026-03-28 11:41:45,87.5,93.2975871313673,93.63496929678752
2026-03-28 11:42:00,87.5,93.2975871313673,93.61948644381842
2026-03-28 11:42:15,87.5,93.2975871313673,93.60400359084932
2026-03-28 11:42:30,87.5,93.2975871313673,93.5885207378802
2026-03-28 11:42:45,87.5,93.2975871313673,93.5730378849111
2026-03-28 11:43:00,87.5,93.2975871313673,93.557555031942
2026-03-28 11:43:15,87.5,93.2975871313673,93.5420721789729
2026-03-28 11:43:30,87.5,93.2975871313673,93.52658932600379
2026-03-28 11:43:45,87.5,93.2975871313673,93.51110647303469
2026-03-28 11:44:00,87.5,93.2975871313673,93.49562362006559
2026-03-28 11:44:15,87.5,93.2975871313673,93.48014076709647
2026-03-28 11:44:30,87.5,93.2975871313673,93.46465791412737
2026-03-28 11:44:45,87.5,93.2975871313673,93.44917506115827
2026-03-28 11:45:00,87.5,93.2975871313673,93.43369220818917
2026-03-28 11:45:15,87.5,93.2975871313673,93.41820935522006
2026-03-28 11:45:30,87.5,93.2975871313673,93.40272650225096
2026-03-28 11:45:45,87.5,93.2975871313673,93.38724364928186
2026-03-28 11:46:00,87.5,93.2975871313673,93.37176079631274
2026-03-28 11:46:15,87.5,93.2975871313673,93.35627794334364
2026-03-28 11:46:30,87.5,93.2975871313673,93.34079509037454
2026-03-28 11:46:45,87.5,93.2975871313673,93.32531223740544
2026-03-28 11:47:00,87.5,93.2975871313673,93.30982938443633
2026-03-28 11:47:15,87.5,93.2975871313673,93.29434653146723
2026-03-28 11:47:30,87.5,93.2975871313673,93.27886367849813
2026-03-28 11:47:45,87.5,93.2975871313673,93.26338082552903
2026-03-28 11:48:00,87.5,93.2975871313673,93.24789797255991
2026-03-28 11:48:15,87.5,93.2975871313673,93.23241511959081
2026-03-28 11:48:30,87.5,93.2975871313673,93.21693226662171
2026-03-28 11:48:45,87.5,93.2975871313673,93.2014494136526
2026-03-28 11:49:00,87.5,93.2975871313673,93.1859665606835
2026-03-28 11:49:15,87.5,93.2975871313673,93.1704837077144
2026-03-28 11:49:30,87.5,93.2975871313673,93.1550008547453
2026-03-28 11:49:45,87.5,93.2975871313673,93.13951800177618
2026-03-28 11:50:00,87.5,93.2975871313673,93.12403514880708
2026-03-28 11:50:15,87.5,93.2975871313673,93.10855229583798
2026-03-28 11:50:30,87.5,93.2975871313673,93.09306944286888
2026-03-28 11:50:45,87.5,93.2975871313673,93.07758658989977
2026-03-28 11:51:00,87.5,93.2975871313673,93.06210373693067
2026-03-28 11:51:15,87.5,93.2975871313673,93.04662088396157
2026-03-28 11:51:30,87.5,93.2975871313673,93.03113803099245
2026-03-28 11:51:45,87.5,93.2975871313673,93.01565517802335
2026-03-28 11:52:00,87.5,93.2975871313673,93.00017232505425
2026-03-28 11:52:15,87.5,93.22493224932249,92.98468947208515
2026-03-28 11:52:30,87.5,93.22493224932249,92.96920661911604
2026-03-28 11:52:45,87.5,93.22493224932249,92.95372376614694
2026-03-28 11:53:00,87.5,93.22493224932249,92.93824091317784
2026-03-28 11:53:15,87.5,93.22493224932249,92.92275806020874
2026-03-28 11:53:30,87.5,93.22493224932249,92.90727520723962
2026-03-28 11:53:45,87.5,93.22493224932249,92.89179235427052
2026-03-28 11:54:00,87.5,93.22493224932249,92.87630950130142
2026-03-28 11:54:15,87.5,93.22493224932249,92.8608266483323
2026-03-28 11:54:30,87.5,93.22493224932249,92.8453437953632
2026-03-28 11:54:45,87.5,93.22493224932249,92.8298609423941
2026-03-28 11:55:00,87.5,93.22493224932249,92.814378089425
2026-03-28 11:55:15,87.5,93.22493224932249,92.79889523645589
2026-03-28 11:55:30,87.5,93.22493224932249,92.78341238348679
2026-03-28 11:55:45,87.5,93.22493224932249,92.76792953051769
2026-03-28 11:56:00,87.5,93.22493224932249,92.75244667754858
2026-03-28 11:56:15,87.5,93.22493224932249,92.73696382457948
2026-03-28 11:56:30,87.5,93.22493224932249,92.72148097161038
2026-03-28 11:56:45,87.5,93.22493224932249,92.70599811864128
2026-03-28 11:57:00,87.5,93.22493224932249,92.69051526567216
2026-03-28 11:57:15,87.5,93.22493224932249,92.67503241270306
2026-03-28 11:57:30,87.5,93.22493224932249,92.65954955973396
2026-03-28 11:57:45,87.5,93.22493224932249,92.64406670676485
2026-03-28 11:58:00,87.5,93.22493224932249,92.62858385379575
2026-03-28 11:58:15,87.5,93.22493224932249,92.61310100082665
2026-03-28 11:58:30,87.5,93.22493224932249,92.59761814785755
2026-03-28 11:58:45,87.5,93.22493224932249,92.58213529488843
2026-03-28 11:59:00,87.5,93.22493224932249,92.56665244191933
2026-03-28 11:59:15,87.5,93.22493224932249,92.55116958895023
2026-03-28 11:59:30,87.5,93.22493224932249,92.53568673598113
2026-03-28 11:59:45,87.5,93.22493224932249,92.52020388301202
2026-03-28 12:00:00,87.5,93.22493224932249,92.50472103004292
2026-03-28 12:00:15,87.5,93.22493224932249,92.4174275236326
2026-03-28 12:00:30,87.5,93.22493224932249,92.33013401722229
2026-03-28 12:00:45,87.5,93.22493224932249,92.24284051081197
2026-03-28 12:01:00,87.5,93.22493224932249,92.15554700440165
2026-03-28 12:01:15,87.5,93.22493224932249,92.06825349799134
2026-03-28 12:01:30,87.5,93.15068493150685,91.98095999158103
2026-03-28 12:01:45,87.5,93.15068493150685,91.89366648517071
2026-03-28 12:02:00,87.5,93.15068493150685,91.8063729787604
2026-03-28 12:02:15,87.5,93.15068493150685,91.71907947235007
2026-03-28 12:02:30,87.5,93.15068493150685,91.63178596593977
2026-03-28 12:02:45,87.5,93.15068493150685,91.54449245952945
2026-03-28 12:03:00,87.5,93.15068493150685,91.45719895311913
2026-03-28 12:03:15,87.5,93.15068493150685,91.36990544670881
2026-03-28 12:03:30,87.5,93.15068493150685,91.28261194029851
2026-03-28 12:03:45,87.5,93.15068493150685,91.19531843388819
2026-03-28 12:04:00,87.5,93.15068493150685,91.10802492747787
2026-03-28 12:04:15,87.5,93.15068493150685,91.02073142106757
2026-03-28 12:04:30,87.5,93.07479224376732,90.93343791465725
2026-03-28 12:04:45,87.5,93.07479224376732,90.84614440824693
2026-03-28 12:05:00,87.5,93.07479224376732,90.75885090183661
2026-03-28 12:05:15,87.5,93.07479224376732,90.6715573954263
2026-03-28 12:05:30,87.5,93.07479224376732,90.58426388901599
2026-03-28 12:05:45,87.5,93.07479224376732,90.49697038260567
2026-03-28 12:06:00,87.5,93.07479224376732,90.40967687619535
2026-03-28 12:06:15,87.5,93.35180055401662,90.32238336978504
2026-03-28 12:06:30,87.5,93.62880886426593,90.23508986337472
2026-03-28 12:06:45,87.5,93.90581717451524,90.1477963569644
2026-03-28 12:07:00,87.5,94.18282548476455,90.06050285055409
2026-03-28 12:07:15,87.5,94.9579831932773,89.97320934414378
2026-03-28 12:07:30,87.5,95.23809523809523,89.88591583773346
2026-03-28 12:07:45,87.5,95.51820728291317,89.79862233132314
2026-03-28 12:08:00,87.5,95.7983193277311,89.71132882491284
2026-03-28 12:08:15,87.5,96.07843137254902,89.62403531850252
2026-03-28 12:08:30,87.5,96.35854341736695,89.5367418120922
2026-03-28 12:08:45,87.5,96.63865546218487,89.44944830568188
2026-03-28 12:09:00,87.5,96.9187675070028,89.36215479927158
2026-03-28 12:09:15,87.5,96.9187675070028,89.27486129286126
2026-03-28 12:09:30,87.5,96.9187675070028,89.18756778645094
2026-03-28 12:09:45,87.5,96.9187675070028,89.10027428004062
2026-03-28 12:10:00,87.5,96.9187675070028,89.01298077363032
2026-03-28 12:10:15,87.5,96.88385269121812,88.92568726722
2026-03-28 12:10:30,87.5,96.88385269121812,88.83839376080968
2026-03-28 12:10:45,87.5,96.88385269121812,88.75110025439936
2026-03-28 12:11:00,87.5,96.88385269121812,88.66380674798906
2026-03-28 12:11:15,87.5,96.88385269121812,88.57651324157874
2026-03-28 12:11:30,87.5,96.88385269121812,88.48921973516842
2026-03-28 12:11:45,87.5,96.88385269121812,88.40192622875811
2026-03-28 12:12:00,87.5,96.88385269121812,88.3146327223478
2026-03-28 12:12:15,87.5,96.88385269121812,88.22733921593748
2026-03-28 12:12:30,87.5,96.88385269121812,88.14004570952716
2026-03-28 12:12:45,87.5,96.88385269121812,88.05275220311685
2026-03-28 12:13:00,87.5,96.84813753581662,87.96545869670653
2026-03-28 12:13:15,87.5,96.84813753581662,87.87816519029622
2026-03-28 12:13:30,87.5,96.84813753581662,87.7908716838859
2026-03-28 12:13:45,87.5,96.84813753581662,87.70357817747559
2026-03-28 12:14:00,87.5,96.84813753581662,87.61628467106527
2026-03-28 12:14:15,87.5,96.84813753581662,87.52899116465495
2026-03-28 12:14:30,87.5,96.84813753581662,87.44169765824464
2026-03-28 12:14:45,87.5,96.84813753581662,87.35440415183433
2026-03-28 12:15:00,87.5,96.84813753581662,87.26711064542401
2026-03-28 12:15:15,87.5,96.84813753581662,87.1798171390137
2026-03-28 12:15:30,87.5,96.84813753581662,87.09252363260339
2026-03-28 12:15:45,87.5,96.84813753581662,87.00523012619307
2026-03-28 12:16:00,87.5,96.81159420289856,86.91793661978275
2026-03-28 12:16:15,87.5,96.81159420289856,86.83064311337243
2026-03-28 12:16:30,87.5,96.81159420289856,86.74334960696213
2026-03-28 12:16:45,87.5,96.81159420289856,86.65605610055181
2026-03-28 12:17:00,87.5,96.81159420289856,86.56876259414149
2026-03-28 12:17:15,87.5,96.81159420289856,86.48146908773117
2026-03-28 12:17:30,87.5,96.81159420289856,86.39417558132087
2026-03-28 12:17:45,87.5,96.81159420289856,86.30688207491055
2026-03-28 12:18:00,87.5,96.81159420289856,86.21958856850023
2026-03-28 12:18:15,87.5,96.81159420289856,86.13229506208992
2026-03-28 12:18:30,87.5,96.81159420289856,86.0450015556796
2026-03-28 12:18:45,87.5,96.7741935483871,85.95770804926929
2026-03-28 12:19:00,87.5,96.7741935483871,85.87041454285897
2026-03-28 12:19:15,87.5,96.7741935483871,85.78312103644866
2026-03-28 12:19:30,87.5,96.7741935483871,85.69582753003834
2026-03-28 12:19:45,87.5,96.7741935483871,85.60853402362802
2026-03-28 12:20:00,87.5,96.7741935483871,85.5212405172177
2026-03-28 12:20:15,87.5,96.7741935483871,85.4339470108074
2026-03-28 12:20:30,87.5,96.7741935483871,85.34665350439708
2026-03-28 12:20:45,87.5,96.7741935483871,85.25935999798676
2026-03-28 12:21:00,87.5,96.7741935483871,85.17206649157644
2026-03-28 12:21:15,87.5,96.7741935483871,85.08477298516614
2026-03-28 12:21:30,87.5,96.73590504451039,84.99747947875582
2026-03-28 12:21:45,87.5,96.73590504451039,84.9101859723455
2026-03-28 12:22:00,87.5,96.73590504451039,84.82289246593518
2026-03-28 12:22:15,87.5,96.73590504451039,84.73559895952488
2026-03-28 12:22:30,87.5,96.73590504451039,84.64830545311456
2026-03-28 12:22:45,87.5,96.73590504451039,84.56101194670424
2026-03-28 12:23:00,87.5,96.73590504451039,84.47371844029394
2026-03-28 12:23:15,87.5,96.73590504451039,84.38642493388362
2026-03-28 12:23:30,87.5,96.73590504451039,84.2991314274733
2026-03-28 12:23:45,87.5,96.73590504451039,84.21183792106298
2026-03-28 12:24:00,87.5,96.73590504451039,84.12454441465268
2026-03-28 12:24:15,87.5,96.73590504451039,84.03725090824236
2026-03-28 12:24:30,87.5,96.69669669669669,83.94995740183204
2026-03-28 12:24:45,87.5,96.69669669669669,83.86266389542172
2026-03-28 12:25:00,87.5,96.69669669669669,83.77537038901141
2026-03-28 12:25:15,87.5,96.69669669669669,83.6880768826011
2026-03-28 12:25:30,87.5,96.69669669669669,83.60078337619078
2026-03-28 12:25:45,87.5,96.69669669669669,83.51348986978047
2026-03-28 12:26:00,87.5,96.69669669669669,83.42619636337015
2026-03-28 12:26:15,87.5,96.69669669669669,83.33890285695983
2026-03-28 12:26:30,87.5,96.69669669669669,83.25160935054951
2026-03-28 12:26:45,87.5,96.69669669669669,83.16431584413921
2026-03-28 12:27:00,87.5,96.69669669669669,83.07702233772889
2026-03-28 12:27:15,87.5,96.65653495440729,82.98972883131857
2026-03-28 12:27:30,87.5,96.65653495440729,82.90243532490825
2026-03-28 12:27:45,87.5,96.65653495440729,82.81514181849795
2026-03-28 12:28:00,87.5,96.65653495440729,82.72784831208763
2026-03-28 12:28:15,87.5,96.65653495440729,82.64055480567731
2026-03-28 12:28:30,87.5,96.65653495440729,82.553261299267
2026-03-28 12:28:45,87.5,96.65653495440729,82.46596779285669
2026-03-28 12:29:00,87.5,96.65653495440729,82.37867428644637
2026-03-28 12:29:15,87.5,96.65653495440729,82.29138078003605
2026-03-28 12:29:30,87.5,96.65653495440729,82.20408727362573
2026-03-28 12:29:45,87.5,96.65653495440729,82.11679376721543
2026-03-28 12:30:00,87.5,96.65653495440729,82.02950026080511
2026-03-28 12:30:15,87.5,96.61538461538461,81.94220675439479
2026-03-28 12:30:30,87.5,96.61538461538461,81.85491324798448
2026-03-28 12:30:45,87.5,96.61538461538461,81.76761974157417
2026-03-28 12:31:00,87.5,96.61538461538461,81.68032623516385
2026-03-28 12:31:15,87.5,96.61538461538461,81.59303272875353
2026-03-28 12:31:30,87.5,96.61538461538461,81.50573922234322
2026-03-28 12:31:45,87.5,96.61538461538461,81.4184457159329
2026-03-28 12:32:00,87.5,96.61538461538461,81.33115220952259
2026-03-28 12:32:15,87.5,96.61538461538461,81.24385870311227
2026-03-28 12:32:30,87.5,96.61538461538461,81.15656519670196
2026-03-28 12:32:45,87.5,96.61538461538461,81.06927169029164
2026-03-28 12:33:00,87.5,96.57320872274143,80.98197818388132
2026-03-28 12:33:15,87.5,96.57320872274143,80.89468467747102
2026-03-28 12:33:30,87.5,96.57320872274143,80.8073911710607
2026-03-28 12:33:45,87.5,96.57320872274143,80.72009766465038
2026-03-28 12:34:00,87.5,96.57320872274143,80.63280415824006
2026-03-28 12:34:15,87.5,96.57320872274143,80.54551065182976
2026-03-28 12:34:30,87.5,96.57320872274143,80.45821714541944
2026-03-28 12:34:45,87.5,96.57320872274143,80.37092363900912
2026-03-28 12:35:00,87.5,96.57320872274143,80.2836301325988
2026-03-28 12:35:15,87.5,96.57320872274143,80.1963366261885
2026-03-28 12:35:30,87.5,96.57320872274143,80.10904311977818
2026-03-28 12:35:45,87.5,96.57320872274143,80.02174961336786
2026-03-28 12:36:00,87.5,96.52996845425868,79.93445610695755
2026-03-28 12:36:15,87.5,96.52996845425868,79.84716260054724
2026-03-28 12:36:30,87.5,96.52996845425868,79.75986909413692
2026-03-28 12:36:45,87.5,96.52996845425868,79.6725755877266
2026-03-28 12:37:00,87.5,96.52996845425868,79.58528208131628
2026-03-28 12:37:15,87.5,96.52996845425868,79.49798857490597
2026-03-28 12:37:30,87.5,96.52996845425868,79.41069506849566
2026-03-28 12:37:45,87.5,96.52996845425868,79.32340156208534
2026-03-28 12:38:00,87.5,96.52996845425868,79.23610805567503
2026-03-28 12:38:15,87.5,96.52996845425868,79.14881454926471
2026-03-28 12:38:30,87.5,96.52996845425868,79.0615210428544
2026-03-28 12:38:45,87.5,96.48562300319489,78.97422753644408
2026-03-28 12:39:00,87.5,96.48562300319489,78.88693403003377
2026-03-28 12:39:15,87.5,96.48562300319489,78.79964052362345
2026-03-28 12:39:30,87.5,96.48562300319489,78.71234701721313
2026-03-28 12:39:45,87.5,96.48562300319489,78.62505351080281
2026-03-28 12:40:00,87.5,96.48562300319489,78.53776000439251
2026-03-28 12:40:15,87.5,96.48562300319489,78.45046649798219
2026-03-28 12:40:30,87.5,96.48562300319489,78.36317299157187
2026-03-28 12:40:45,87.5,96.48562300319489,78.27587948516157
2026-03-28 12:41:00,87.5,96.48562300319489,78.18858597875125
2026-03-28 12:41:15,87.5,96.48562300319489,78.10129247234093
2026-03-28 12:41:30,87.5,96.48562300319489,78.01399896593061
2026-03-28 12:41:45,87.5,96.44012944983818,77.9267054595203
2026-03-28 12:42:00,87.5,96.44012944983818,77.83941195310999
2026-03-28 12:42:15,87.5,96.44012944983818,77.75211844669967
2026-03-28 12:42:30,87.5,96.44012944983818,77.66482494028935
2026-03-28 12:42:45,87.5,96.44012944983818,77.57753143387905
2026-03-28 12:43:00,87.5,96.76375404530745,77.49023792746873
2026-03-28 12:43:15,87.5,97.0873786407767,77.40294442105841
2026-03-28 12:43:30,87.5,97.41100323624595,77.3156509146481
2026-03-28 12:43:45,87.5,97.73462783171522,77.22835740823778
2026-03-28 12:44:00,87.5,98.05825242718447,77.14106390182747
2026-03-28 12:44:15,87.5,98.38187702265373,77.05377039541715
2026-03-28 12:44:30,87.5,99.34426229508196,76.96647688900683
2026-03-28 12:44:45,87.5,99.672131147541,76.87918338259652
2026-03-28 12:45:00,87.5,100.0,76.7918898761862
2026-03-28 12:45:15,87.5,100.0,76.70459636977589
2026-03-28 12:45:30,87.5,100.0,76.61730286336558
2026-03-28 12:45:45,87.5,100.0,76.53000935695526
2026-03-28 12:46:00,87.5,100.0,76.44271585054494
2026-03-28 12:46:15,87.5,100.0,76.35542234413464
2026-03-28 12:46:30,87.5,100.0,76.26812883772432
2026-03-28 12:46:45,87.5,100.0,76.180835331314
2026-03-28 12:47:00,87.5,100.0,76.09354182490368
2026-03-28 12:47:15,87.5,100.0,76.00624831849336
2026-03-28 12:47:30,87.5,100.0,75.91895481208306
2026-03-28 12:47:45,87.5,100.0,75.83166130567274
2026-03-28 12:48:00,87.5,100.0,75.74436779926242
2026-03-28 12:48:15,87.5,100.0,75.65707429285212
2026-03-28 12:48:30,87.5,100.0,75.5697807864418
2026-03-28 12:48:45,87.5,100.0,75.48248728003148
2026-03-28 12:49:00,87.5,100.0,75.39519377362116
2026-03-28 12:49:15,87.5,100.0,75.30790026721084
2026-03-28 12:49:30,87.5,100.0,75.22060676080054
2026-03-28 12:49:45,87.5,100.0,75.13331325439022
2026-03-28 12:50:00,87.5,100.0,75.0460197479799
2026-03-28 12:50:15,87.5,100.0,74.9587262415696
2026-03-28 12:50:30,87.5,100.0,74.87143273515927
2026-03-28 12:50:45,87.5,100.0,74.78413922874896
2026-03-28 12:51:00,87.5,100.0,74.69684572233865
2026-03-28 12:51:15,87.5,100.0,74.60955221592833
2026-03-28 12:51:30,87.5,100.0,74.52225870951801
2026-03-28 12:51:45,87.5,100.0,74.4349652031077
2026-03-28 12:52:00,87.5,100.0,74.34767169669738
2026-03-28 12:52:15,87.5,100.0,74.26037819028707
2026-03-28 12:52:30,87.5,100.0,74.17308468387675
2026-03-28 12:52:45,87.5,100.0,74.08579117746643
2026-03-28 12:53:00,87.5,100.0,73.99849767105613
2026-03-28 12:53:15,87.5,100.0,73.91120416464581
2026-03-28 12:53:30,87.5,100.0,73.82391065823549
2026-03-28 12:53:45,87.5,100.0,73.73661715182519
2026-03-28 12:54:00,87.5,100.0,73.64932364541487
2026-03-28 12:54:15,87.5,100.0,73.56203013900455
2026-03-28 12:54:30,87.5,100.0,73.47473663259423
2026-03-28 12:54:45,87.5,100.0,73.38744312618391
2026-03-28 12:55:00,87.5,100.0,73.3001496197736
2026-03-28 12:55:15,87.5,100.0,73.21285611336329
2026-03-28 12:55:30,87.5,100.0,73.12556260695297
2026-03-28 12:55:45,87.5,100.0,73.03826910054266
2026-03-28 12:56:00,87.5,100.0,72.95097559413234
2026-03-28 12:56:15,87.5,100.0,72.86368208772203
2026-03-28 12:56:30,87.5,100.0,72.7763885813117
2026-03-28 12:56:45,87.5,100.0,72.6890950749014
2026-03-28 12:57:00,87.5,100.0,72.60180156849108
2026-03-28 12:57:15,87.5,100.0,72.51450806208076
2026-03-28 12:57:30,87.5,100.0,72.42721455567045
2026-03-28 12:57:45,100.0,100.0,72.33992104926014
2026-03-28 12:58:00,87.5,100.0,72.25262754284982
2026-03-28 12:58:15,87.5,100.0,72.1653340364395
2026-03-28 12:58:30,100.0,100.0,72.0780405300292
2026-03-28 12:58:45,87.5,100.0,71.99074702361888
2026-03-28 12:59:00,100.0,100.0,71.90345351720856
2026-03-28 12:59:15,87.5,100.0,71.81616001079824
2026-03-28 12:59:30,87.5,100.0,71.72886650438792
2026-03-28 12:59:45,87.5,100.0,71.64157299797762
2026-03-28 13:00:00,87.5,100.0,71.5542794915673
2026-03-28 13:00:15,87.5,100.0,71.46698598515698
2026-03-28 13:00:30,87.5,100.0,71.37969247874668
2026-03-28 13:00:45,87.5,100.0,71.29239897233636
2026-03-28 13:01:00,87.5,100.0,71.20510546592604
2026-03-28 13:01:15,87.5,100.0,71.11781195951573
2026-03-28 13:01:30,87.5,100.0,71.03051845310542
2026-03-28 13:01:45,87.5,100.0,70.9432249466951
2026-03-28 13:02:00,87.5,100.0,70.85593144028478
2026-03-28 13:02:15,87.5,100.0,70.76863793387446
2026-03-28 13:02:30,100.0,100.0,70.68134442746415
2026-03-28 13:02:45,100.0,100.0,70.59405092105384
2026-03-28 13:03:00,100.0,100.0,70.50675741464352
2026-03-28 13:03:15,100.0,100.0,70.41946390823321
2026-03-28 13:03:30,100.0,100.0,70.33217040182289
2026-03-28 13:03:45,100.0,100.0,70.24487689541257
2026-03-28 13:04:00,87.5,100.0,70.15758338900226
2026-03-28 13:04:15,87.5,100.0,70.07028988259195
2026-03-28 13:04:30,87.5,100.0,69.98299637618163
2026-03-28 13:04:45,87.5,100.0,69.89570286977131
2026-03-28 13:05:00,87.5,100.0,69.808409363361
2026-03-28 13:05:15,87.5,100.0,69.72111585695069
2026-03-28 13:05:30,87.5,100.0,69.63382235054037
2026-03-28 13:05:45,100.0,100.0,69.54652884413005
2026-03-28 13:06:00,100.0,100.0,69.45923533771975
2026-03-28 13:06:15,100.0,100.0,69.37194183130943
2026-03-28 13:06:30,100.0,100.0,69.28464832489911
2026-03-28 13:06:45,87.5,100.0,69.19735481848879
2026-03-28 13:07:00,100.0,100.0,69.11006131207847
2026-03-28 13:07:15,100.0,100.0,69.02276780566817
2026-03-28 13:07:30,100.0,100.0,68.93547429925785
2026-03-28 13:07:45,100.0,100.0,68.84818079284753
2026-03-28 13:08:00,100.0,100.0,68.76088728643722
2026-03-28 13:08:15,100.0,100.0,68.6735937800269
2026-03-28 13:08:30,100.0,100.0,68.58630027361659
2026-03-28 13:08:45,100.0,100.0,68.49900676720628
2026-03-28 13:09:00,100.0,100.0,68.41171326079596
2026-03-28 13:09:15,100.0,100.0,68.32441975438564
2026-03-28 13:09:30,100.0,100.0,68.23712624797533
2026-03-28 13:09:45,100.0,100.0,68.149832741565
2026-03-28 13:10:00,100.0,100.0,68.0625392351547
2026-03-28 13:10:15,100.0,100.0,67.97524572874438
2026-03-28 13:10:30,100.0,100.0,67.88795222233406
2026-03-28 13:10:45,100.0,100.0,67.80065871592376
2026-03-28 13:11:00,100.0,100.0,67.71336520951344
2026-03-28 13:11:15,100.0,100.0,67.62607170310312
2026-03-28 13:11:30,100.0,100.0,67.53877819669282
2026-03-28 13:11:45,100.0,100.0,67.4514846902825
2026-03-28 13:12:00,100.0,100.0,67.36419118387218
2026-03-28 13:12:15,100.0,100.0,67.27689767746186
2026-03-28 13:12:30,100.0,100.0,67.18960417105154
2026-03-28 13:12:45,100.0,100.0,67.10231066464124
2026-03-28 13:13:00,100.0,100.0,67.01501715823092
2026-03-28 13:13:15,100.0,100.0,66.9277236518206
2026-03-28 13:13:30,100.0,100.0,66.8404301454103
2026-03-28 13:13:45,100.0,100.0,66.75313663899998
2026-03-28 13:14:00,100.0,100.0,66.66584313258966
2026-03-28 13:14:15,100.0,100.0,66.57854962617934
2026-03-28 13:14:30,100.0,100.0,66.49125611976902
2026-03-28 13:14:45,100.0,100.0,66.40396261335871
2026-03-28 13:15:00,100.0,100.0,66.3166691069484
2026-03-28 13:15:15,100.0,100.0,66.22937560053808
2026-03-28 13:15:30,100.0,100.0,66.14208209412777
2026-03-28 13:15:45,100.0,100.0,66.05478858771745
2026-03-28 13:16:00,100.0,100.0,65.96749508130713
2026-03-28 13:16:15,100.0,100.0,65.88020157489683
2026-03-28 13:16:30,100.0,100.0,65.79290806848651
2026-03-28 13:16:45,100.0,100.0,65.70561456207619
2026-03-28 13:17:00,100.0,100.0,65.61832105566587
2026-03-28 13:17:15,100.0,100.0,65.53102754925555
2026-03-28 13:17:30,100.0,100.0,65.44373404284525
2026-03-28 13:17:45,100.0,100.0,65.35644053643493
2026-03-28 13:18:00,100.0,100.0,65.26914703002461
2026-03-28 13:18:15,100.0,100.0,65.18185352361431
2026-03-28 13:18:30,100.0,100.0,65.09456001720399
2026-03-28 13:18:45,100.0,100.0,65.00726651079367
2026-03-28 13:19:00,100.0,100.0,64.91997300438337
2026-03-28 13:19:15,100.0,100.0,64.83267949797305
2026-03-28 13:19:30,100.0,100.0,64.74538599156273
2026-03-28 13:19:45,100.0,100.0,64.65809248515241
2026-03-28 13:20:00,100.0,100.0,64.57079897874209
2026-03-28 13:20:15,100.0,100.0,64.48350547233179
2026-03-28 13:20:30,100.0,100.0,64.39621196592147
2026-03-28 13:20:45,100.0,100.0,64.30891845951115
2026-03-28 13:21:00,100.0,100.0,64.22162495310084
2026-03-28 13:21:15,100.0,100.0,64.13433144669052
2026-03-28 13:21:30,100.0,100.0,64.0470379402802
2026-03-28 13:21:45,100.0,100.0,63.959744433869886
2026-03-28 13:22:00,100.0,100.0,63.872450927459575
2026-03-28 13:22:15,100.0,100.0,63.78515742104926
2026-03-28 13:22:30,100.0,100.0,63.697863914638944
2026-03-28 13:22:45,100.0,100.0,63.61057040822863
2026-03-28 13:23:00,100.0,100.0,63.52327690181832
2026-03-28 13:23:15,100.0,100.0,63.435983395408
2026-03-28 13:23:30,100.0,100.0,63.34868988899768
2026-03-28 13:23:45,100.0,100.0,63.26139638258737
2026-03-28 13:24:00,100.0,100.0,63.17410287617706
2026-03-28 13:24:15,100.0,100.0,63.08680936976674
2026-03-28 13:24:30,100.0,100.0,62.99951586335642
2026-03-28 13:24:45,100.0,100.0,62.91222235694611
2026-03-28 13:25:00,100.0,100.0,62.8249288505358
2026-03-28 13:25:15,100.0,100.0,62.73763534412548
2026-03-28 13:25:30,100.0,100.0,62.65034183771516
2026-03-28 13:25:45,100.0,100.0,62.56304833130485
2026-03-28 13:26:00,100.0,100.0,62.47575482489454
2026-03-28 13:26:15,100.0,100.0,62.38846131848422
2026-03-28 13:26:30,100.0,100.0,62.301167812073906
2026-03-28 13:26:45,100.0,100.0,62.213874305663595
2026-03-28 13:27:00,100.0,100.0,62.126580799253276
2026-03-28 13:27:15,100.0,100.0,62.03928729284296
2026-03-28 13:27:30,100.0,100.0,61.951993786432645
2026-03-28 13:27:45,100.0,100.0,61.86470028002233
2026-03-28 13:28:00,100.0,100.0,61.777406773612014
2026-03-28 13:28:15,100.0,100.0,61.690113267201696
2026-03-28 13:28:30,100.0,100.0,61.602819760791384
2026-03-28 13:28:45,100.0,100.0,61.51552625438107
2026-03-28 13:29:00,100.0,100.0,61.42823274797075
2026-03-28 13:29:15,100.0,100.0,61.340939241560434
2026-03-28 13:29:30,100.0,100.0,61.25364573515012
2026-03-28 13:29:45,100.0,100.0,61.16635222873981
2026-03-28 13:30:00,100.0,100.0,61.07905872232949
2026-03-28 13:30:15,100.0,100.0,60.99176521591918
2026-03-28 13:30:30,100.0,100.0,60.90447170950887
2026-03-28 13:30:45,100.0,100.0,60.81717820309855
2026-03-28 13:31:00,100.0,100.0,60.72988469668823
2026-03-28 13:31:15,100.0,100.0,60.64259119027792
2026-03-28 13:31:30,100.0,100.0,60.55529768386761
2026-03-28 13:31:45,100.0,100.0,60.46800417745729
2026-03-28 13:32:00,100.0,100.0,60.38071067104698
2026-03-28 13:32:15,100.0,100.0,60.29341716463666
2026-03-28 13:32:30,100.0,100.0,60.206123658226346
2026-03-28 13:32:45,100.0,100.0,60.11883015181603
2026-03-28 13:33:00,100.0,100.0,60.031536645405716
2026-03-28 13:33:15,100.0,100.0,59.9442431389954
2026-03-28 13:33:30,100.0,100.0,59.856949632585085
2026-03-28 13:33:45,100.0,100.0,59.769656126174766
2026-03-28 13:34:00,100.0,100.0,59.682362619764454
2026-03-28 13:34:15,100.0,100.0,59.595069113354135
2026-03-28 13:34:30,100.0,100.0,59.507775606943824
2026-03-28 13:34:45,100.0,100.0,59.420482100533505
2026-03-28 13:35:00,100.0,100.0,59.33318859412319
2026-03-28 13:35:15,100.0,100.0,59.24589508771288
2026-03-28 13:35:30,100.0,100.0,59.15860158130256
2026-03-28 13:35:45,100.0,100.0,59.07130807489225
2026-03-28 13:36:00,100.0,100.0,58.98401456848193
2026-03-28 13:36:15,100.0,100.0,58.89672106207162
2026-03-28 13:36:30,100.0,100.0,58.8094275556613
2026-03-28 13:36:45,100.0,100.0,58.72213404925099
2026-03-28 13:37:00,100.0,100.0,58.63484054284067
2026-03-28 13:37:15,100.0,100.0,58.54754703643036
2026-03-28 13:37:30,100.0,100.0,58.46025353002004
2026-03-28 13:37:45,100.0,100.0,58.37296002360973
2026-03-28 13:38:00,100.0,100.0,58.28566651719941
2026-03-28 13:38:15,100.0,100.0,58.1983730107891
2026-03-28 13:38:30,100.0,100.0,58.11107950437878
2026-03-28 13:38:45,100.0,100.0,58.02378599796847
2026-03-28 13:39:00,100.0,100.0,57.936492491558155
2026-03-28 13:39:15,100.0,100.0,57.84919898514784
2026-03-28 13:39:30,100.0,100.0,57.761905478737525
2026-03-28 13:39:45,100.0,100.0,57.674611972327206
2026-03-28 13:40:00,100.0,100.0,57.587318465916894
2026-03-28 13:40:15,100.0,100.0,57.500024959506575
2026-03-28 13:40:30,100.0,100.0,57.412731453096264
2026-03-28 13:40:45,100.0,100.0,57.325437946685945
2026-03-28 13:41:00,100.0,100.0,57.23814444027563
2026-03-28 13:41:15,100.0,100.0,57.150850933865314
2026-03-28 13:41:30,100.0,100.0,57.063557427455
2026-03-28 13:41:45,100.0,100.0,56.97626392104468
2026-03-28 13:42:00,100.0,100.0,56.88897041463437
2026-03-28 13:42:15,100.0,100.0,56.80167690822405
2026-03-28 13:42:30,100.0,100.0,56.71438340181374
2026-03-28 13:42:45,100.0,100.0,56.62708989540343
2026-03-28 13:43:00,100.0,100.0,56.53979638899311
2026-03-28 13:43:15,100.0,100.0,56.4525028825828
2026-03-28 13:43:30,100.0,100.0,56.36520937617248
2026-03-28 13:43:45,100.0,100.0,56.27791586976217
2026-03-28 13:44:00,100.0,100.0,56.19062236335185
2026-03-28 13:44:15,100.0,100.0,56.10332885694154
2026-03-28 13:44:30,100.0,100.0,56.01603535053122
2026-03-28 13:44:45,100.0,100.0,55.92874184412091
2026-03-28 13:45:00,100.0,100.0,55.84144833771059
2026-03-28 13:45:15,100.0,100.0,55.754154831300276
2026-03-28 13:45:30,100.0,100.0,55.66686132488996
2026-03-28 13:45:45,100.0,100.0,55.579567818479646
2026-03-28 13:46:00,100.0,100.0,55.49227431206933
2026-03-28 13:46:15,100.0,100.0,55.404980805659015
2026-03-28 13:46:30,100.0,100.0,55.3176872992487
2026-03-28 13:46:45,100.0,100.0,55.230393792838385
2026-03-28 13:47:00,100.0,100.0,55.14310028642807
2026-03-28 13:47:15,100.0,100.0,55.055806780017754
2026-03-28 13:47:30,100.0,100.0,54.96851327360744
2026-03-28 13:47:45,100.0,100.0,54.88121976719712
2026-03-28 13:48:00,100.0,100.0,54.79392626078681
2026-03-28 13:48:15,100.0,100.0,54.70663275437649
2026-03-28 13:48:30,100.0,100.0,54.61933924796618
2026-03-28 13:48:45,100.0,100.0,54.53204574155586
2026-03-28 13:49:00,100.0,100.0,54.44475223514555
2026-03-28 13:49:15,100.0,100.0,54.35745872873523
2026-03-28 13:49:30,100.0,100.0,54.27016522232492
2026-03-28 13:49:45,100.0,100.0,54.1828717159146
2026-03-28 13:50:00,100.0,100.0,54.09557820950429
2026-03-28 13:50:15,100.0,100.0,54.00828470309398
2026-03-28 13:50:30,100.0,100.0,53.92099119668366
2026-03-28 13:50:45,100.0,100.0,53.83369769027335
2026-03-28 13:51:00,100.0,100.0,53.74640418386303
2026-03-28 13:51:15,100.0,100.0,53.659110677452716
2026-03-28 13:51:30,100.0,100.0,53.5718171710424
2026-03-28 13:51:45,100.0,100.0,53.484523664632086
2026-03-28 13:52:00,100.0,100.0,53.39723015822177
2026-03-28 13:52:15,100.0,100.0,53.309936651811455
2026-03-28 13:52:30,100.0,100.0,53.222643145401136
2026-03-28 13:52:45,100.0,100.0,53.135349638990824
2026-03-28 13:53:00,100.0,100.0,53.048056132580506
2026-03-28 13:53:15,100.0,100.0,52.960762626170194
2026-03-28 13:53:30,100.0,100.0,52.87346911975988
2026-03-28 13:53:45,100.0,100.0,52.78617561334956
2026-03-28 13:54:00,100.0,100.0,52.69888210693925
2026-03-28 13:54:15,100.0,100.0,52.61158860052893
2026-03-28 13:54:30,100.0,100.0,52.52429509411862
2026-03-28 13:54:45,100.0,100.0,52.4370015877083
2026-03-28 13:55:00,100.0,100.0,52.34970808129799
2026-03-28 13:55:15,100.0,100.0,52.26241457488767
2026-03-28 13:55:30,100.0,100.0,52.17512106847736
2026-03-28 13:55:45,100.0,100.0,52.08782756206704
2026-03-28 13:56:00,100.0,100.0,52.00053405565673
2026-03-28 13:56:15,100.0,100.0,51.91324054924641
2026-03-28 13:56:30,100.0,100.0,51.8259470428361
2026-03-28 13:56:45,100.0,100.0,51.73865353642578
2026-03-28 13:57:00,100.0,100.0,51.65136003001547
2026-03-28 13:57:15,100.0,100.0,51.564066523605156
2026-03-28 13:57:30,100.0,100.0,51.47677301719484
2026-03-28 13:57:45,100.0,100.0,51.389479510784525
2026-03-28 13:58:00,100.0,100.0,51.30218600437421
2026-03-28 13:58:15,100.0,100.0,51.214892497963895
2026-03-28 13:58:30,100.0,100.0,51.127598991553576
2026-03-28 13:58:45,100.0,100.0,51.040305485143264
2026-03-28 13:59:00,100.0,100.0,50.953011978732945
2026-03-28 13:59:15,100.0,100.0,50.865718472322634
2026-03-28 13:59:30,100.0,100.0,50.778424965912315
2026-03-28 13:59:45,100.0,100.0,50.691131459502
2026-03-28 14:00:00,100.0,100.0,50.603837953091684
2026-03-28 14:00:15,100.0,100.0,50.5252254289996
2026-03-28 14:00:30,100.0,100.0,50.446612904907504
2026-03-28 14:00:45,100.0,100.0,50.36800038081542
2026-03-28 14:01:00,100.0,100.0,50.28938785672333
2026-03-28 14:01:15,100.0,100.0,50.210775332631236
2026-03-28 14:01:30,100.0,100.0,50.13216280853915
2026-03-28 14:01:45,100.0,100.0,50.05355028444706
2026-03-28 14:02:00,100.0,100.0,49.97493776035497
2026-03-28 14:02:15,100.0,100.0,49.89632523626288
2026-03-28 14:02:30,100.0,100.0,49.817712712170795
2026-03-28 14:02:45,100.0,100.0,49.7391001880787
2026-03-28 14:03:00,100.0,100.0,49.660487663986615
2026-03-28 14:03:15,100.0,100.0,49.58187513989453
2026-03-28 14:03:30,100.0,100.0,49.503262615802434
2026-03-28 14:03:45,100.0,100.0,49.42465009171035
2026-03-28 14:04:00,100.0,100.0,49.34603756761826
2026-03-28 14:04:15,100.0,100.0,49.26742504352617
2026-03-28 14:04:30,100.0,100.0,49.18881251943408
2026-03-28 14:04:45,100.0,100.0,49.11019999534199
2026-03-28 14:05:00,100.0,100.0,49.0315874712499
2026-03-28 14:05:15,100.0,100.0,48.95297494715781
2026-03-28 14:05:30,100.0,100.0,48.874362423065726
2026-03-28 14:05:45,100.0,100.0,48.79574989897363
2026-03-28 14:06:00,100.0,100.0,48.717137374881545
2026-03-28 14:06:15,100.0,100.0,48.63852485078945
2026-03-28 14:06:30,100.0,100.0,48.559912326697365
2026-03-28 14:06:45,100.0,100.0,48.48129980260528
2026-03-28 14:07:00,100.0,100.0,48.402687278513184
2026-03-28 14:07:15,100.0,100.0,48.3240747544211
2026-03-28 14:07:30,100.0,100.0,48.24546223032901
2026-03-28 14:07:45,100.0,100.0,48.16684970623692
2026-03-28 14:08:00,100.0,100.0,48.08823718214483
2026-03-28 14:08:15,100.0,100.0,48.00962465805274
2026-03-28 14:08:30,100.0,100.0,47.93101213396065
2026-03-28 14:08:45,100.0,100.0,47.85239960986856
2026-03-28 14:09:00,100.0,100.0,47.773787085776476
2026-03-28 14:09:15,100.0,100.0,47.69517456168438
2026-03-28 14:09:30,100.0,100.0,47.616562037592296
2026-03-28 14:09:45,100.0,100.0,47.53794951350021
2026-03-28 14:10:00,100.0,100.0,47.459336989408115
2026-03-28 14:10:15,100.0,100.0,47.38072446531603
2026-03-28 14:10:30,100.0,100.0,47.30211194122394
2026-03-28 14:10:45,100.0,100.0,47.22349941713185
2026-03-28 14:11:00,100.0,100.0,47.14488689303976
2026-03-28 14:11:15,100.0,100.0,47.066274368947674
2026-03-28 14:11:30,100.0,100.0,46.98766184485558
2026-03-28 14:11:45,100.0,100.0,46.90904932076349
2026-03-28 14:12:00,100.0,100.0,46.83043679667141
2026-03-28 14:12:15,100.0,100.0,46.75182427257931
2026-03-28 14:12:30,100.0,100.0,46.673211748487226
2026-03-28 14:12:45,100.0,100.0,46.59459922439514
2026-03-28 14:13:00,100.0,100.0,46.515986700303046
2026-03-28 14:13:15,100.0,100.0,46.43737417621096
2026-03-28 14:13:30,100.0,100.0,46.35876165211887
2026-03-28 14:13:45,100.0,100.0,46.28014912802678
2026-03-28 14:14:00,100.0,100.0,46.20153660393469
2026-03-28 14:14:15,100.0,100.0,46.122924079842605
2026-03-28 14:14:30,100.0,100.0,46.04431155575051
2026-03-28 14:14:45,100.0,100.0,45.965699031658424
2026-03-28 14:15:00,100.0,100.0,45.88708650756634
2026-03-28 14:15:15,100.0,100.0,45.808473983474244
2026-03-28 14:15:30,100.0,100.0,45.72986145938216
2026-03-28 14:15:45,100.0,100.0,45.65124893529007
2026-03-28 14:16:00,100.0,100.0,45.572636411197976
2026-03-28 14:16:15,100.0,100.0,45.49402388710589
2026-03-28 14:16:30,100.0,100.0,45.4154113630138
2026-03-28 14:16:45,100.0,100.0,45.33679883892171
2026-03-28 14:17:00,100.0,100.0,45.25818631482962
2026-03-28 14:17:15,100.0,100.0,45.179573790737535
2026-03-28 14:17:30,100.0,100.0,45.10096126664544
2026-03-28 14:17:45,100.0,100.0,45.022348742553355
2026-03-28 14:18:00,100.0,100.0,44.94373621846127
2026-03-28 14:18:15,100.0,100.0,44.865123694369174
2026-03-28 14:18:30,100.0,100.0,44.78651117027709
2026-03-28 14:18:45,100.0,100.0,44.707898646185
2026-03-28 14:19:00,100.0,100.0,44.62928612209291
2026-03-28 14:19:15,100.0,100.0,44.55067359800082
2026-03-28 14:19:30,100.0,100.0,44.47206107390873
2026-03-28 14:19:45,100.0,100.0,44.39344854981664
2026-03-28 14:20:00,100.0,100.0,44.31483602572455
2026-03-28 14:20:15,100.0,100.0,44.236223501632466
2026-03-28 14:20:30,100.0,100.0,44.15761097754037
2026-03-28 14:20:45,100.0,100.0,44.078998453448285
2026-03-28 14:21:00,100.0,100.0,44.0003859293562
2026-03-28 14:21:15,100.0,100.0,43.921773405264105
2026-03-28 14:21:30,100.0,100.0,43.84316088117202
2026-03-28 14:21:45,100.0,100.0,43.76454835707993
2026-03-28 14:22:00,100.0,100.0,43.68593583298784
2026-03-28 14:22:15,100.0,100.0,43.60732330889575
2026-03-28 14:22:30,100.0,100.0,43.52871078480366
2026-03-28 14:22:45,100.0,100.0,43.45009826071157
2026-03-28 14:23:00,100.0,100.0,43.37148573661948
2026-03-28 14:23:15,100.0,100.0,43.29287321252739
2026-03-28 14:23:30,100.0,100.0,43.2142606884353
2026-03-28 14:23:45,100.0,100.0,43.135648164343216
2026-03-28 14:24:00,100.0,100.0,43.05703564025112
2026-03-28 14:24:15,100.0,100.0,42.978423116159036
2026-03-28 14:24:30,100.0,100.0,42.89981059206695
2026-03-28 14:24:45,100.0,100.0,42.821198067974855
2026-03-28 14:25:00,100.0,100.0,42.74258554388277
2026-03-28 14:25:15,100.0,100.0,42.66397301979068
2026-03-28 14:25:30,100.0,100.0,42.58536049569859
2026-03-28 14:25:45,100.0,100.0,42.5067479716065
2026-03-28 14:26:00,100.0,100.0,42.428135447514414
2026-03-28 14:26:15,100.0,100.0,42.34952292342232
2026-03-28 14:26:30,100.0,100.0,42.27091039933023
2026-03-28 14:26:45,100.0,100.0,42.19229787523815
2026-03-28 14:27:00,100.0,100.0,42.11368535114605
2026-03-28 14:27:15,100.0,100.0,42.035072827053966
2026-03-28 14:27:30,100.0,100.0,41.95646030296188
2026-03-28 14:27:45,100.0,100.0,41.877847778869786
2026-03-28 14:28:00,100.0,100.0,41.7992352547777
2026-03-28 14:28:15,100.0,100.0,41.720622730685605
2026-03-28 14:28:30,100.0,100.0,41.64201020659352
2026-03-28 14:28:45,100.0,100.0,41.56339768250143
2026-03-28 14:29:00,100.0,100.0,41.48478515840934
2026-03-28 14:29:15,100.0,100.0,41.40617263431725
2026-03-28 14:29:30,100.0,100.0,41.327560110225164
2026-03-28 14:29:45,100.0,100.0,41.24894758613307
2026-03-28 14:30:00,100.0,100.0,41.170335062040984
2026-03-28 14:30:15,100.0,100.0,41.0917225379489
2026-03-28 14:30:30,100.0,100.0,41.0131100138568
2026-03-28 14:30:45,100.0,100.0,40.934497489764716
2026-03-28 14:31:00,100.0,100.0,40.85588496567263
2026-03-28 14:31:15,100.0,100.0,40.777272441580536
2026-03-28 14:31:30,100.0,100.0,40.69865991748845
2026-03-28 14:31:45,100.0,100.0,40.62004739339636
2026-03-28 14:32:00,100.0,100.0,40.54143486930427
2026-03-28 14:32:15,100.0,100.0,40.46282234521218
2026-03-28 14:32:30,100.0,100.0,40.384209821120095
2026-03-28 14:32:45,100.0,100.0,40.305597297028
2026-03-28 14:33:00,100.0,100.0,40.226984772935914
2026-03-28 14:33:15,100.0,100.0,40.14837224884383
2026-03-28 14:33:30,100.0,100.0,40.069759724751734
2026-03-28 14:33:45,100.0,100.0,39.99114720065965
2026-03-28 14:34:00,100.0,100.0,39.91253467656756
2026-03-28 14:34:15,100.0,100.0,39.833922152475466
2026-03-28 14:34:30,100.0,100.0,39.75530962838338
2026-03-28 14:34:45,100.0,100.0,39.67669710429129
2026-03-28 14:35:00,100.0,100.0,39.5980845801992
2026-03-28 14:35:15,100.0,100.0,39.51947205610711
2026-03-28 14:35:30,100.0,100.0,39.440859532015025
2026-03-28 14:35:45,100.0,100.0,39.36224700792293
2026-03-28 14:36:00,100.0,100.0,39.283634483830845
2026-03-28 14:36:15,100.0,100.0,39.20502195973876
2026-03-28 14:36:30,100.0,100.0,39.126409435646664
2026-03-28 14:36:45,100.0,100.0,39.04779691155458
2026-03-28 14:37:00,100.0,100.0,38.96918438746249
2026-03-28 14:37:15,100.0,100.0,38.8905718633704
2026-03-28 14:37:30,100.0,100.0,38.81195933927831
2026-03-28 14:37:45,100.0,100.0,38.73334681518622
2026-03-28 14:38:00,100.0,100.0,38.65473429109413
2026-03-28 14:38:15,100.0,100.0,38.57612176700204
2026-03-28 14:38:30,100.0,100.0,38.497509242909956
2026-03-28 14:38:45,100.0,100.0,38.41889671881786
2026-03-28 14:39:00,100.0,100.0,38.340284194725776
2026-03-28 14:39:15,100.0,100.0,38.26167167063369
2026-03-28 14:39:30,100.0,100.0,38.183059146541595
2026-03-28 14:39:45,100.0,100.0,38.10444662244951
2026-03-28 14:40:00,100.0,100.0,38.02583409835742
2026-03-28 14:40:15,100.0,100.0,37.94722157426533
2026-03-28 14:40:30,100.0,100.0,37.86860905017324
2026-03-28 14:40:45,100.0,100.0,37.789996526081154
2026-03-28 14:41:00,100.0,100.0,37.71138400198906
2026-03-28 14:41:15,100.0,100.0,37.63277147789697
2026-03-28 14:41:30,100.0,100.0,37.55415895380489
2026-03-28 14:41:45,100.0,100.0,37.47554642971279
2026-03-28 14:42:00,100.0,100.0,37.396933905620706
2026-03-28 14:42:15,100.0,100.0,37.31832138152862
2026-03-28 14:42:30,100.0,100.0,37.239708857436526
2026-03-28 14:42:45,100.0,100.0,37.16109633334444
2026-03-28 14:43:00,100.0,100.0,37.08248380925235
2026-03-28 14:43:15,100.0,100.0,37.00387128516026
2026-03-28 14:43:30,100.0,100.0,36.92525876106817
2026-03-28 14:43:45,100.0,100.0,36.846646236976085
2026-03-28 14:44:00,100.0,100.0,36.76803371288399
2026-03-28 14:44:15,100.0,100.0,36.689421188791904
2026-03-28 14:44:30,100.0,100.0,36.61080866469982
2026-03-28 14:44:45,100.0,100.0,36.532196140607724
2026-03-28 14:45:00,100.0,100.0,36.45358361651564
2026-03-28 14:45:15,100.0,100.0,36.37497109242355
2026-03-28 14:45:30,100.0,100.0,36.296358568331456
2026-03-28 14:45:45,100.0,100.0,36.21774604423937
2026-03-28 14:46:00,100.0,100.0,36.13913352014728
2026-03-28 14:46:15,100.0,100.0,36.06052099605519
2026-03-28 14:46:30,100.0,100.0,35.9819084719631
2026-03-28 14:46:45,100.0,100.0,35.903295947871015
2026-03-28 14:47:00,100.0,100.0,35.82468342377892
2026-03-28 14:47:15,100.0,100.0,35.746070899686835
2026-03-28 14:47:30,100.0,100.0,35.66745837559475
2026-03-28 14:47:45,100.0,100.0,35.588845851502654
2026-03-28 14:48:00,100.0,100.0,35.51023332741057
2026-03-28 14:48:15,100.0,100.0,35.43162080331848
2026-03-28 14:48:30,100.0,100.0,35.35300827922639
2026-03-28 14:48:45,100.0,100.0,35.2743957551343
2026-03-28 14:49:00,100.0,100.0,35.19578323104221
2026-03-28 14:49:15,100.0,100.0,35.11717070695012
2026-03-28 14:49:30,100.0,100.0,35.03855818285803
2026-03-28 14:49:45,100.0,100.0,34.959945658765946
2026-03-28 14:50:00,87.5,100.0,34.88133313467385
2026-03-28 14:50:15,87.5,100.0,34.802720610581765
2026-03-28 14:50:30,87.5,100.0,34.72410808648968
2026-03-28 14:50:45,87.5,100.0,34.645495562397585
2026-03-28 14:51:00,100.0,100.0,34.56688303830549
2026-03-28 14:51:15,100.0,100.0,34.48827051421341
2026-03-28 14:51:30,100.0,100.0,34.40965799012132
2026-03-28 14:51:45,100.0,100.0,34.331045466029224
2026-03-28 14:52:00,100.0,100.0,34.252432941937144
2026-03-28 14:52:15,100.0,100.0,34.17382041784505
2026-03-28 14:52:30,100.0,100.0,34.095207893752956
2026-03-28 14:52:45,100.0,100.0,34.01659536966088
2026-03-28 14:53:00,100.0,100.0,33.93798284556878
2026-03-28 14:53:15,100.0,100.0,33.85937032147669
2026-03-28 14:53:30,100.0,100.0,33.78075779738461
2026-03-28 14:53:45,100.0,100.0,33.702145273292516
2026-03-28 14:54:00,100.0,100.0,33.62353274920042
2026-03-28 14:54:15,87.5,100.0,33.54492022510834
2026-03-28 14:54:30,87.5,100.0,33.46630770101625
2026-03-28 14:54:45,87.5,100.0,33.387695176924154
2026-03-28 14:55:00,100.0,100.0,33.309082652832075
2026-03-28 14:55:15,100.0,100.0,33.23047012873998
2026-03-28 14:55:30,100.0,100.0,33.15185760464789
2026-03-28 14:55:45,100.0,100.0,33.07324508055581
2026-03-28 14:56:00,100.0,100.0,32.99463255646371
2026-03-28 14:56:15,100.0,100.0,32.91602003237162
2026-03-28 14:56:30,100.0,100.0,32.83740750827953
2026-03-28 14:56:45,100.0,100.0,32.758794984187446
2026-03-28 14:57:00,100.0,100.0,32.68018246009535
2026-03-28 14:57:15,100.0,100.0,32.601569936003266
2026-03-28 14:57:30,100.0,100.0,32.52295741191118
2026-03-28 14:57:45,100.0,100.0,32.444344887819085
2026-03-28 14:58:00,100.0,100.0,32.365732363727
2026-03-28 14:58:15,100.0,100.0,32.28711983963491
2026-03-28 14:58:30,100.0,100.0,32.20850731554282
2026-03-28 14:58:45,100.0,100.0,32.12989479145073
2026-03-28 14:59:00,100.0,100.0,32.051282267358644
2026-03-28 14:59:15,100.0,100.0,31.972669743266554
2026-03-28 14:59:30,100.0,100.0,31.894057219174464
2026-03-28 14:59:45,100.0,100.0,31.815444695082377
2026-03-28 15:00:00,100.0,100.0,31.736832170990287
2026-03-28 15:00:15,100.0,100.0,31.658219646898196
2026-03-28 15:00:30,100.0,100.0,31.57960712280611
2026-03-28 15:00:45,100.0,100.0,31.50099459871402
2026-03-28 15:01:00,100.0,100.0,31.42238207462193
2026-03-28 15:01:15,100.0,100.0,31.343769550529842
2026-03-28 15:01:30,100.0,100.0,31.265157026437752
2026-03-28 15:01:45,100.0,100.0,31.18654450234566
2026-03-28 15:02:00,100.0,100.0,31.107931978253575
2026-03-28 15:02:15,100.0,100.0,31.029319454161485
2026-03-28 15:02:30,100.0,100.0,30.950706930069394
2026-03-28 15:02:45,100.0,100.0,30.872094405977304
2026-03-28 15:03:00,100.0,100.0,30.793481881885217
2026-03-28 15:03:15,100.0,100.0,30.714869357793127
2026-03-28 15:03:30,100.0,100.0,30.636256833701037
2026-03-28 15:03:45,100.0,100.0,30.55764430960895
2026-03-28 15:04:00,100.0,100.0,30.47903178551686
2026-03-28 15:04:15,100.0,100.0,30.40041926142477
2026-03-28 15:04:30,100.0,100.0,30.321806737332683
2026-03-28 15:04:45,100.0,100.0,30.243194213240592
2026-03-28 15:05:00,100.0,100.0,30.164581689148502
2026-03-28 15:05:15,100.0,100.0,30.085969165056415
2026-03-28 15:05:30,100.0,100.0,30.007356640964325
2026-03-28 15:05:45,100.0,100.0,29.928744116872235
2026-03-28 15:06:00,100.0,100.0,29.850131592780148
2026-03-28 15:06:15,100.0,100.0,29.771519068688058
2026-03-28 15:06:30,100.0,100.0,29.692906544595967
2026-03-28 15:06:45,100.0,100.0,29.61429402050388
2026-03-28 15:07:00,100.0,100.0,29.53568149641179
2026-03-28 15:07:15,100.0,100.0,29.4570689723197
2026-03-28 15:07:30,100.0,100.0,29.378456448227613
2026-03-28 15:07:45,100.0,100.0,29.299843924135523
2026-03-28 15:08:00,100.0,100.0,29.221231400043433
2026-03-28 15:08:15,100.0,100.0,29.142618875951346
2026-03-28 15:08:30,100.0,100.0,29.064006351859256
2026-03-28 15:08:45,100.0,100.0,28.985393827767165
2026-03-28 15:09:00,100.0,100.0,28.90678130367508
2026-03-28 15:09:15,100.0,100.0,28.828168779582988
2026-03-28 15:09:30,100.0,100.0,28.749556255490898
2026-03-28 15:09:45,100.0,100.0,28.670943731398808
2026-03-28 15:10:00,100.0,100.0,28.59233120730672
2026-03-28 15:10:15,100.0,100.0,28.51371868321463
2026-03-28 15:10:30,100.0,100.0,28.43510615912254
2026-03-28 15:10:45,100.0,100.0,28.356493635030454
2026-03-28 15:11:00,100.0,100.0,28.277881110938363
2026-03-28 15:11:15,100.0,100.0,28.199268586846273
2026-03-28 15:11:30,100.0,100.0,28.120656062754186
2026-03-28 15:11:45,100.0,100.0,28.042043538662096
2026-03-28 15:12:00,100.0,100.0,27.963431014570006
2026-03-28 15:12:15,100.0,100.0,27.88481849047792
2026-03-28 15:12:30,100.0,100.0,27.80620596638583
2026-03-28 15:12:45,100.0,100.0,27.72759344229374
2026-03-28 15:13:00,100.0,100.0,27.64898091820165
2026-03-28 15:13:15,100.0,100.0,27.57036839410956
2026-03-28 15:13:30,100.0,100.0,27.49175587001747
2026-03-28 15:13:45,100.0,100.0,27.413143345925384
2026-03-28 15:14:00,100.0,100.0,27.334530821833294
2026-03-28 15:14:15,100.0,100.0,27.255918297741204
2026-03-28 15:14:30,100.0,100.0,27.177305773649117
2026-03-28 15:14:45,100.0,100.0,27.098693249557027
2026-03-28 15:15:00,100.0,100.0,27.020080725464936
2026-03-28 15:15:15,100.0,100.0,26.94146820137285
2026-03-28 15:15:30,100.0,100.0,26.86285567728076
2026-03-28 15:15:45,100.0,100.0,26.78424315318867
2026-03-28 15:16:00,100.0,100.0,26.70563062909658
2026-03-28 15:16:15,100.0,100.0,26.627018105004492
2026-03-28 15:16:30,100.0,100.0,26.5484055809124
2026-03-28 15:16:45,100.0,100.0,26.46979305682031
2026-03-28 15:17:00,100.0,100.0,26.391180532728225
2026-03-28 15:17:15,100.0,100.0,26.312568008636134
2026-03-28 15:17:30,100.0,100.0,26.233955484544044
2026-03-28 15:17:45,100.0,100.0,26.155342960451957
2026-03-28 15:18:00,100.0,100.0,26.076730436359867
2026-03-28 15:18:15,100.0,100.0,25.998117912267777
2026-03-28 15:18:30,100.0,100.0,25.91950538817569
2026-03-28 15:18:45,100.0,100.0,25.8408928640836
2026-03-28 15:19:00,100.0,100.0,25.76228033999151
2026-03-28 15:19:15,100.0,100.0,25.683667815899422
2026-03-28 15:19:30,100.0,100.0,25.605055291807332
2026-03-28 15:19:45,100.0,100.0,25.526442767715242
2026-03-28 15:20:00,100.0,100.0,25.447830243623155
2026-03-28 15:20:15,100.0,100.0,25.369217719531065
2026-03-28 15:20:30,100.0,100.0,25.290605195438975
2026-03-28 15:20:45,100.0,100.0,25.211992671346888
2026-03-28 15:21:00,100.0,100.0,25.133380147254798
2026-03-28 15:21:15,100.0,100.0,25.054767623162707
2026-03-28 15:21:30,100.0,100.0,24.97615509907062
2026-03-28 15:21:45,100.0,100.0,24.89754257497853
2026-03-28 15:22:00,100.0,100.0,24.81893005088644
2026-03-28 15:22:15,100.0,100.0,24.740317526794353
2026-03-28 15:22:30,100.0,100.0,24.661705002702263
2026-03-28 15:22:45,100.0,100.0,24.583092478610173
2026-03-28 15:23:00,100.0,100.0,24.504479954518082
2026-03-28 15:23:15,100.0,100.0,24.425867430425996
2026-03-28 15:23:30,100.0,100.0,24.347254906333905
2026-03-28 15:23:45,100.0,100.0,24.268642382241815
2026-03-28 15:24:00,100.0,100.0,24.190029858149728
2026-03-28 15:24:15,100.0,100.0,24.111417334057638
2026-03-28 15:24:30,100.0,100.0,24.032804809965548
2026-03-28 15:24:45,100.0,100.0,23.95419228587346
2026-03-28 15:25:00,100.0,100.0,23.87557976178137
2026-03-28 15:25:15,100.0,100.0,23.79696723768928
2026-03-28 15:25:30,100.0,100.0,23.718354713597193
2026-03-28 15:25:45,100.0,100.0,23.639742189505103
2026-03-28 15:26:00,100.0,100.0,23.561129665413013
2026-03-28 15:26:15,100.0,100.0,23.482517141320926
2026-03-28 15:26:30,100.0,100.0,23.403904617228836
2026-03-28 15:26:45,100.0,100.0,23.325292093136746
2026-03-28 15:27:00,100.0,100.0,23.24667956904466
2026-03-28 15:27:15,100.0,100.0,23.16806704495257
2026-03-28 15:27:30,100.0,100.0,23.08945452086048
2026-03-28 15:27:45,100.0,100.0,23.01084199676839
2026-03-28 15:28:00,100.0,100.0,22.9322294726763
2026-03-28 15:28:15,100.0,100.0,22.85361694858421
2026-03-28 15:28:30,100.0,100.0,22.775004424492124
2026-03-28 15:28:45,100.0,100.0,22.696391900400034
2026-03-28 15:29:00,100.0,100.0,22.617779376307944
2026-03-28 15:29:15,100.0,100.0,22.539166852215853
2026-03-28 15:29:30,100.0,100.0,22.460554328123767
2026-03-28 15:29:45,100.0,100.0,22.381941804031676
2026-03-28 15:30:00,100.0,100.0,22.303329279939586
2026-03-28 15:30:15,100.0,100.0,22.2247167558475
2026-03-28 15:30:30,100.0,100.0,22.14610423175541
2026-03-28 15:30:45,100.0,100.0,22.06749170766332
2026-03-28 15:31:00,100.0,100.0,21.988879183571232
2026-03-28 15:31:15,100.0,100.0,21.91026665947914
2026-03-28 15:31:30,100.0,100.0,21.83165413538705
2026-03-28 15:31:45,100.0,100.0,21.753041611294964
2026-03-28 15:32:00,100.0,100.0,21.674429087202874
2026-03-28 15:32:15,100.0,100.0,21.595816563110784
2026-03-28 15:32:30,100.0,100.0,21.517204039018697
2026-03-28 15:32:45,100.0,100.0,21.438591514926607
2026-03-28 15:33:00,100.0,100.0,21.359978990834517
2026-03-28 15:33:15,100.0,100.0,21.28136646674243
2026-03-28 15:33:30,100.0,100.0,21.20275394265034
2026-03-28 15:33:45,100.0,100.0,21.12414141855825
2026-03-28 15:34:00,100.0,100.0,21.045528894466162
2026-03-28 15:34:15,100.0,100.0,20.966916370374072
2026-03-28 15:34:30,100.0,100.0,20.888303846281982
2026-03-28 15:34:45,100.0,100.0,20.809691322189895
2026-03-28 15:35:00,100.0,100.0,20.731078798097805
2026-03-28 15:35:15,100.0,100.0,20.652466274005715
2026-03-28 15:35:30,100.0,100.0,20.573853749913624
2026-03-28 15:35:45,100.0,100.0,20.495241225821538
2026-03-28 15:36:00,100.0,100.0,20.416628701729447
2026-03-28 15:36:15,100.0,100.0,20.338016177637357
2026-03-28 15:36:30,100.0,100.0,20.25940365354527
2026-03-28 15:36:45,100.0,100.0,20.18079112945318
2026-03-28 15:37:00,100.0,100.0,20.10217860536109
2026-03-28 15:37:15,100.0,100.0,20.023566081269003
2026-03-28 15:37:30,100.0,100.0,19.944953557176913
2026-03-28 15:37:45,100.0,100.0,19.866341033084822
2026-03-28 15:38:00,100.0,100.0,19.787728508992735
2026-03-28 15:38:15,100.0,100.0,19.709115984900645
2026-03-28 15:38:30,100.0,100.0,19.630503460808555
2026-03-28 15:38:45,100.0,100.0,19.551890936716468
2026-03-28 15:39:00,100.0,100.0,19.473278412624378
2026-03-28 15:39:15,100.0,100.0,19.394665888532288
2026-03-28 15:39:30,100.0,100.0,19.3160533644402
2026-03-28 15:39:45,100.0,100.0,19.23744084034811
2026-03-28 15:40:00,100.0,100.0,19.15882831625602
2026-03-28 15:40:15,100.0,100.0,19.080215792163933
2026-03-28 15:40:30,100.0,100.0,19.001603268071843
2026-03-28 15:40:45,100.0,100.0,18.922990743979753
2026-03-28 15:41:00,100.0,100.0,18.844378219887666
2026-03-28 15:41:15,100.0,100.0,18.765765695795576
2026-03-28 15:41:30,100.0,100.0,18.687153171703486
2026-03-28 15:41:45,100.0,100.0,18.6085406476114
2026-03-28 15:42:00,100.0,100.0,18.529928123519305
2026-03-28 15:42:15,100.0,100.0,18.451315599427218
2026-03-28 15:42:30,100.0,100.0,18.37270307533513
2026-03-28 15:42:45,100.0,100.0,18.294090551243038
2026-03-28 15:43:00,100.0,100.0,18.21547802715095
2026-03-28 15:43:15,100.0,100.0,18.136865503058864
2026-03-28 15:43:30,100.0,100.0,18.05825297896677
2026-03-28 15:43:45,100.0,100.0,17.979640454874684
2026-03-28 15:44:00,100.0,100.0,17.901027930782597
2026-03-28 15:44:15,100.0,100.0,17.822415406690503
2026-03-28 15:44:30,100.0,100.0,17.743802882598416
2026-03-28 15:44:45,100.0,100.0,17.66519035850633
2026-03-28 15:45:00,100.0,100.0,17.586577834414236
2026-03-28 15:45:15,100.0,100.0,17.50796531032215
2026-03-28 15:45:30,100.0,100.0,17.429352786230062
2026-03-28 15:45:45,100.0,100.0,17.35074026213797
2026-03-28 15:46:00,100.0,100.0,17.27212773804588
2026-03-28 15:46:15,100.0,100.0,17.193515213953795
2026-03-28 15:46:30,100.0,100.0,17.1149026898617
2026-03-28 15:46:45,100.0,100.0,17.036290165769614
2026-03-28 15:47:00,100.0,100.0,16.957677641677527
2026-03-28 15:47:15,100.0,100.0,16.879065117585434
2026-03-28 15:47:30,100.0,100.0,16.800452593493347
2026-03-28 15:47:45,100.0,100.0,16.72184006940126
2026-03-28 15:48:00,100.0,100.0,16.643227545309166
2026-03-28 15:48:15,100.0,100.0,16.56461502121708
2026-03-28 15:48:30,100.0,100.0,16.486002497124993
2026-03-28 15:48:45,100.0,100.0,16.4073899730329
2026-03-28 15:49:00,100.0,100.0,16.328777448940812
2026-03-28 15:49:15,100.0,100.0,16.250164924848725
2026-03-28 15:49:30,100.0,100.0,16.17155240075663
2026-03-28 15:49:45,100.0,100.0,16.092939876664545
2026-03-28 15:50:00,100.0,100.0,16.014327352572458
2026-03-28 15:50:15,100.0,100.0,15.935714828480364
2026-03-28 15:50:30,100.0,100.0,15.857102304388278
2026-03-28 15:50:45,100.0,100.0,15.77848978029619
2026-03-28 15:51:00,100.0,100.0,15.699877256204097
2026-03-28 15:51:15,100.0,100.0,15.62126473211201
2026-03-28 15:51:30,100.0,100.0,15.542652208019923
2026-03-28 15:51:45,100.0,100.0,15.46403968392783
2026-03-28 15:52:00,100.0,100.0,15.385427159835743
2026-03-28 15:52:15,100.0,100.0,15.306814635743649
2026-03-28 15:52:30,100.0,100.0,15.228202111651562
2026-03-28 15:52:45,100.0,100.0,15.149589587559475
2026-03-28 15:53:00,100.0,100.0,15.070977063467382
2026-03-28 15:53:15,100.0,100.0,14.992364539375295
2026-03-28 15:53:30,100.0,100.0,14.913752015283208
2026-03-28 15:53:45,100.0,100.0,14.835139491191114
2026-03-28 15:54:00,100.0,100.0,14.756526967099028
2026-03-28 15:54:15,100.0,100.0,14.67791444300694
2026-03-28 15:54:30,100.0,100.0,14.599301918914847
2026-03-28 15:54:45,100.0,100.0,14.52068939482276
2026-03-28 15:55:00,100.0,100.0,14.442076870730673
2026-03-28 15:55:15,100.0,100.0,14.36346434663858
2026-03-28 15:55:30,100.0,100.0,14.284851822546493
2026-03-28 15:55:45,100.0,100.0,14.206239298454406
2026-03-28 15:56:00,100.0,100.0,14.127626774362312
2026-03-28 15:56:15,100.0,100.0,14.049014250270226
2026-03-28 15:56:30,100.0,100.0,13.970401726178139
2026-03-28 15:56:45,100.0,100.0,13.891789202086045
2026-03-28 15:57:00,100.0,100.0,13.813176677993958
2026-03-28 15:57:15,100.0,100.0,13.734564153901871
2026-03-28 15:57:30,100.0,100.0,13.655951629809778
2026-03-28 15:57:45,100.0,100.0,13.57733910571769
2026-03-28 15:58:00,100.0,100.0,13.498726581625604
2026-03-28 15:58:15,100.0,100.0,13.42011405753351
2026-03-28 15:58:30,100.0,100.0,13.341501533441424
2026-03-28 15:58:45,100.0,100.0,13.262889009349337
2026-03-28 15:59:00,100.0,100.0,13.184276485257243
2026-03-28 15:59:15,100.0,100.0,13.105663961165156
2026-03-28 15:59:30,100.0,100.0,13.02705143707307
2026-03-28 15:59:45,100.0,100.0,12.948438912980976
2026-03-28 16:00:00,100.0,100.0,12.869826388888889
2026-03-28 16:00:15,100.0,100.0,12.852546590188188
2026-03-28 16:00:30,100.0,100.0,12.835266791487486
2026-03-28 16:00:45,100.0,100.0,12.817986992786786
2026-03-28 16:01:00,100.0,100.0,12.800707194086083
2026-03-28 16:01:15,100.0,100.0,12.783427395385383
2026-03-28 16:01:30,100.0,100.0,12.766147596684682
2026-03-28 16:01:45,100.0,100.0,12.74886779798398
2026-03-28 16:02:00,100.0,100.0,12.73158799928328
2026-03-28 16:02:15,100.0,100.0,12.714308200582577
2026-03-28 16:02:30,100.0,100.0,12.697028401881877
2026-03-28 16:02:45,100.0,100.0,12.679748603181176
2026-03-28 16:03:00,100.0,100.0,12.662468804480474
2026-03-28 16:03:15,100.0,100.0,12.645189005779773
2026-03-28 16:03:30,100.0,100.0,12.627909207079071
2026-03-28 16:03:45,100.0,100.0,12.61062940837837
2026-03-28 16:04:00,100.0,100.0,12.59334960967767
2026-03-28 16:04:15,100.0,100.0,12.576069810976968
2026-03-28 16:04:30,100.0,100.0,12.558790012276267
2026-03-28 16:04:45,100.0,100.0,12.541510213575565
2026-03-28 16:05:00,100.0,100.0,12.524230414874864
2026-03-28 16:05:15,100.0,100.0,12.506950616174164
2026-03-28 16:05:30,100.0,100.0,12.489670817473462
2026-03-28 16:05:45,100.0,100.0,12.472391018772761
2026-03-28 16:06:00,100.0,100.0,12.455111220072059
2026-03-28 16:06:15,100.0,100.0,12.437831421371358
2026-03-28 16:06:30,100.0,100.0,12.420551622670658
2026-03-28 16:06:45,100.0,100.0,12.403271823969956
2026-03-28 16:07:00,100.0,100.0,12.385992025269255
2026-03-28 16:07:15,100.0,100.0,12.368712226568553
2026-03-28 16:07:30,87.5,100.0,12.351432427867852
2026-03-28 16:07:45,87.5,100.0,12.33415262916715
2026-03-28 16:08:00,87.5,100.0,12.31687283046645
2026-03-28 16:08:15,87.5,100.0,12.299593031765749
2026-03-28 16:08:30,87.5,100.0,12.282313233065047
2026-03-28 16:08:45,100.0,100.0,12.265033434364346
2026-03-28 16:09:00,100.0,100.0,12.247753635663646
2026-03-28 16:09:15,87.5,100.0,12.230473836962943
2026-03-28 16:09:30,87.5,100.0,12.213194038262243
2026-03-28 16:09:45,87.5,100.0,12.19591423956154
2026-03-28 16:10:00,87.5,100.0,12.17863444086084
2026-03-28 16:10:15,87.5,100.0,12.161354642160138
2026-03-28 16:10:30,87.5,100.0,12.144074843459437
2026-03-28 16:10:45,87.5,100.0,12.126795044758737
2026-03-28 16:11:00,87.5,100.0,12.109515246058034
2026-03-28 16:11:15,87.5,100.0,12.092235447357334
2026-03-28 16:11:30,87.5,100.0,12.074955648656633
2026-03-28 16:11:45,87.5,100.0,12.057675849955931
2026-03-28 16:12:00,87.5,100.0,12.04039605125523
2026-03-28 16:12:15,87.5,100.0,12.023116252554528
2026-03-28 16:12:30,87.5,100.0,12.005836453853828
2026-03-28 16:12:45,87.5,100.0,11.988556655153126
2026-03-28 16:13:00,87.5,100.0,11.971276856452425
2026-03-28 16:13:15,87.5,100.0,11.953997057751724
2026-03-28 16:13:30,87.5,100.0,11.936717259051022
2026-03-28 16:13:45,87.5,100.0,11.919437460350322
2026-03-28 16:14:00,87.5,100.0,11.902157661649621
2026-03-28 16:14:15,87.5,100.0,11.884877862948919
2026-03-28 16:14:30,87.5,100.0,11.867598064248218
2026-03-28 16:14:45,87.5,100.0,11.850318265547516
2026-03-28 16:15:00,87.5,100.0,11.833038466846816
2026-03-28 16:15:15,87.5,100.0,11.815758668146113
2026-03-28 16:15:30,100.0,100.0,11.798478869445413
2026-03-28 16:15:45,100.0,100.0,11.781199070744712
2026-03-28 16:16:00,100.0,100.0,11.76391927204401
2026-03-28 16:16:15,100.0,100.0,11.74663947334331
2026-03-28 16:16:30,100.0,100.0,11.729359674642609
2026-03-28 16:16:45,100.0,100.0,11.712079875941907
2026-03-28 16:17:00,100.0,100.0,11.694800077241206
2026-03-28 16:17:15,100.0,100.0,11.677520278540504
2026-03-28 16:17:30,100.0,100.0,11.660240479839803
2026-03-28 16:17:45,100.0,100.0,11.642960681139101
2026-03-28 16:18:00,100.0,100.0,11.6256808824384
2026-03-28 16:18:15,100.0,100.0,11.6084010837377
2026-03-28 16:18:30,100.0,100.0,11.591121285036998
2026-03-28 16:18:45,100.0,100.0,11.573841486336297
2026-03-28 16:19:00,100.0,100.0,11.556561687635595
2026-03-28 16:19:15,100.0,100.0,11.539281888934894
2026-03-28 16:19:30,100.0,100.0,11.522002090234194
2026-03-28 16:19:45,87.5,100.0,11.504722291533492
2026-03-28 16:20:00,87.5,100.0,11.487442492832791
2026-03-28 16:20:15,100.0,100.0,11.470162694132089
2026-03-28 16:20:30,100.0,100.0,11.452882895431388
2026-03-28 16:20:45,100.0,100.0,11.435603096730688
2026-03-28 16:21:00,100.0,100.0,11.418323298029986
2026-03-28 16:21:15,100.0,100.0,11.401043499329285
2026-03-28 16:21:30,100.0,100.0,11.383763700628583
2026-03-28 16:21:45,100.0,100.0,11.366483901927882
2026-03-28 16:22:00,100.0,100.0,11.349204103227182
2026-03-28 16:22:15,100.0,100.0,11.33192430452648
2026-03-28 16:22:30,100.0,100.0,11.314644505825779
2026-03-28 16:22:45,100.0,100.0,11.297364707125077
2026-03-28 16:23:00,100.0,100.0,11.280084908424376
2026-03-28 16:23:15,100.0,100.0,11.262805109723676
2026-03-28 16:23:30,100.0,100.0,11.245525311022973
2026-03-28 16:23:45,100.0,100.0,11.228245512322273
2026-03-28 16:24:00,100.0,100.0,11.21096571362157
2026-03-28 16:24:15,100.0,100.0,11.19368591492087
2026-03-28 16:24:30,100.0,100.0,11.17640611622017
2026-03-28 16:24:45,100.0,100.0,11.159126317519467
2026-03-28 16:25:00,100.0,100.0,11.141846518818767
2026-03-28 16:25:15,100.0,100.0,11.124566720118064
2026-03-28 16:25:30,100.0,100.0,11.107286921417364
2026-03-28 16:25:45,100.0,100.0,11.090007122716663
2026-03-28 16:26:00,100.0,100.0,11.072727324015961
2026-03-28 16:26:15,100.0,100.0,11.05544752531526
2026-03-28 16:26:30,100.0,100.0,11.038167726614558
2026-03-28 16:26:45,100.0,100.0,11.020887927913858
2026-03-28 16:27:00,100.0,100.0,11.003608129213156
2026-03-28 16:27:15,100.0,100.0,10.986328330512455
2026-03-28 16:27:30,100.0,100.0,10.969048531811755
2026-03-28 16:27:45,100.0,100.0,10.951768733111052
2026-03-28 16:28:00,100.0,100.0,10.934488934410352
2026-03-28 16:28:15,100.0,100.0,10.917209135709651
2026-03-28 16:28:30,100.0,100.0,10.899929337008949
2026-03-28 16:28:45,100.0,100.0,10.882649538308248
2026-03-28 16:29:00,100.0,100.0,10.865369739607546
2026-03-28 16:29:15,100.0,100.0,10.848089940906846
2026-03-28 16:29:30,100.0,100.0,10.830810142206143
2026-03-28 16:29:45,100.0,100.0,10.813530343505443
2026-03-28 16:30:00,100.0,100.0,10.796250544804742
2026-03-28 16:30:15,100.0,100.0,10.77897074610404
2026-03-28 16:30:30,100.0,100.0,10.76169094740334
2026-03-28 16:30:45,100.0,100.0,10.744411148702639
2026-03-28 16:31:00,100.0,100.0,10.727131350001937
2026-03-28 16:31:15,100.0,100.0,10.709851551301236
2026-03-28 16:31:30,100.0,100.0,10.692571752600534
2026-03-28 16:31:45,100.0,100.0,10.675291953899833
2026-03-28 16:32:00,100.0,100.0,10.658012155199131
2026-03-28 16:32:15,100.0,100.0,10.64073235649843
2026-03-28 16:32:30,100.0,100.0,10.62345255779773
2026-03-28 16:32:45,100.0,100.0,10.606172759097028
2026-03-28 16:33:00,100.0,100.0,10.588892960396327
2026-03-28 16:33:15,100.0,100.0,10.571613161695627
2026-03-28 16:33:30,100.0,100.0,10.554333362994925
2026-03-28 16:33:45,100.0,100.0,10.537053564294224
2026-03-28 16:34:00,100.0,100.0,10.519773765593522
2026-03-28 16:34:15,100.0,100.0,10.502493966892821
2026-03-28 16:34:30,100.0,100.0,10.485214168192119
2026-03-28 16:34:45,100.0,100.0,10.467934369491418
2026-03-28 16:35:00,100.0,100.0,10.450654570790718
2026-03-28 16:35:15,100.0,100.0,10.433374772090016
2026-03-28 16:35:30,100.0,100.0,10.416094973389315
2026-03-28 16:35:45,100.0,100.0,10.398815174688615
2026-03-28 16:36:00,100.0,100.0,10.381535375987912
2026-03-28 16:36:15,100.0,100.0,10.364255577287212
2026-03-28 16:36:30,100.0,100.0,10.34697577858651
2026-03-28 16:36:45,100.0,100.0,10.329695979885809
2026-03-28 16:37:00,100.0,100.0,10.312416181185107
2026-03-28 16:37:15,100.0,100.0,10.295136382484406
2026-03-28 16:37:30,100.0,100.0,10.277856583783706
2026-03-28 16:37:45,100.0,100.0,10.260576785083003
2026-03-28 16:38:00,100.0,100.0,10.243296986382303
2026-03-28 16:38:15,100.0,100.0,10.226017187681602
2026-03-28 16:38:30,100.0,100.0,10.2087373889809
2026-03-28 16:38:45,100.0,100.0,10.1914575902802
2026-03-28 16:39:00,100.0,100.0,10.174177791579497
2026-03-28 16:39:15,100.0,100.0,10.156897992878797
2026-03-28 16:39:30,100.0,100.0,10.139618194178095
2026-03-28 16:39:45,100.0,100.0,10.122338395477394
2026-03-28 16:40:00,100.0,100.0,10.105058596776693
2026-03-28 16:40:15,100.0,100.0,10.087778798075991
2026-03-28 16:40:30,100.0,100.0,10.07049899937529
2026-03-28 16:40:45,100.0,100.0,10.05321920067459
2026-03-28 16:41:00,100.0,100.0,10.035939401973888
2026-03-28 16:41:15,100.0,100.0,10.018659603273187
2026-03-28 16:41:30,100.0,100.0,10.001379804572485
2026-03-28 16:41:45,100.0,100.0,9.984100005871785
2026-03-28 16:42:00,100.0,100.0,9.966820207171082
2026-03-28 16:42:15,100.0,100.0,9.949540408470382
2026-03-28 16:42:30,100.0,100.0,9.932260609769681
2026-03-28 16:42:45,100.0,100.0,9.914980811068979
2026-03-28 16:43:00,100.0,100.0,9.897701012368278
2026-03-28 16:43:15,100.0,100.0,9.880421213667578
2026-03-28 16:43:30,100.0,100.0,9.863141414966876
2026-03-28 16:43:45,100.0,100.0,9.845861616266173
2026-03-28 16:44:00,100.0,100.0,9.828581817565473
2026-03-28 16:44:15,100.0,100.0,9.811302018864772
2026-03-28 16:44:30,100.0,100.0,9.79402222016407
2026-03-28 16:44:45,100.0,100.0,9.77674242146337
2026-03-28 16:45:00,100.0,100.0,9.759462622762669
2026-03-28 16:45:15,100.0,100.0,9.742182824061967
2026-03-28 16:45:30,100.0,100.0,9.724903025361266
2026-03-28 16:45:45,100.0,100.0,9.707623226660566
2026-03-28 16:46:00,100.0,100.0,9.690343427959863
2026-03-28 16:46:15,100.0,100.0,9.673063629259161
2026-03-28 16:46:30,100.0,100.0,9.65578383055846
2026-03-28 16:46:45,100.0,100.0,9.63850403185776
2026-03-28 16:47:00,100.0,100.0,9.621224233157058
2026-03-28 16:47:15,100.0,100.0,9.603944434456357
2026-03-28 16:47:30,100.0,100.0,9.586664635755657
2026-03-28 16:47:45,100.0,100.0,9.569384837054955
2026-03-28 16:48:00,100.0,100.0,9.552105038354254
2026-03-28 16:48:15,100.0,100.0,9.534825239653552
2026-03-28 16:48:30,100.0,100.0,9.517545440952851
2026-03-28 16:48:45,100.0,100.0,9.500265642252149
2026-03-28 16:49:00,100.0,100.0,9.482985843551448
2026-03-28 16:49:15,100.0,100.0,9.465706044850748
2026-03-28 16:49:30,100.0,100.0,9.448426246150046
2026-03-28 16:49:45,100.0,100.0,9.431146447449345
2026-03-28 16:50:00,100.0,100.0,9.413866648748645
2026-03-28 16:50:15,100.0,100.0,9.396586850047942
2026-03-28 16:50:30,100.0,100.0,9.379307051347242
2026-03-28 16:50:45,100.0,100.0,9.36202725264654
2026-03-28 16:51:00,100.0,100.0,9.344747453945839
2026-03-28 16:51:15,100.0,100.0,9.327467655245137
2026-03-28 16:51:30,100.0,100.0,9.310187856544436
2026-03-28 16:51:45,100.0,100.0,9.292908057843736
2026-03-28 16:52:00,100.0,100.0,9.275628259143033
2026-03-28 16:52:15,100.0,100.0,9.258348460442333
2026-03-28 16:52:30,100.0,100.0,9.241068661741632
2026-03-28 16:52:45,100.0,100.0,9.22378886304093
2026-03-28 16:53:00,100.0,100.0,9.20650906434023
2026-03-28 16:53:15,100.0,100.0,9.189229265639527
2026-03-28 16:53:30,100.0,100.0,9.171949466938827
2026-03-28 16:53:45,100.0,100.0,9.154669668238125
2026-03-28 16:54:00,100.0,100.0,9.137389869537424
2026-03-28 16:54:15,100.0,100.0,9.120110070836724
2026-03-28 16:54:30,100.0,100.0,9.102830272136021
2026-03-28 16:54:45,100.0,100.0,9.08555047343532
2026-03-28 16:55:00,100.0,100.0,9.06827067473462
2026-03-28 16:55:15,100.0,100.0,9.050990876033918
2026-03-28 16:55:30,100.0,100.0,9.033711077333217
2026-03-28 16:55:45,100.0,100.0,9.016431278632515
2026-03-28 16:56:00,100.0,100.0,8.999151479931815
2026-03-28 16:56:15,100.0,100.0,8.981871681231112
2026-03-28 16:56:30,100.0,100.0,8.964591882530412
2026-03-28 16:56:45,100.0,100.0,8.947312083829711
2026-03-28 16:57:00,100.0,100.0,8.930032285129009
2026-03-28 16:57:15,100.0,100.0,8.912752486428309
2026-03-28 16:57:30,100.0,100.0,8.895472687727608
2026-03-28 16:57:45,100.0,100.0,8.878192889026906
2026-03-28 16:58:00,100.0,100.0,8.860913090326203
2026-03-28 16:58:15,100.0,100.0,8.843633291625505
2026-03-28 16:58:30,100.0,100.0,8.826353492924802
2026-03-28 16:58:45,100.0,100.0,8.8090736942241
2026-03-28 16:59:00,100.0,100.0,8.7917938955234
2026-03-28 16:59:15,100.0,100.0,8.7745140968227
2026-03-28 16:59:30,100.0,100.0,8.757234298121997
2026-03-28 16:59:45,100.0,100.0,8.739954499421296
2026-03-28 17:00:00,100.0,100.0,8.722674700720596
2026-03-28 17:00:15,100.0,100.0,8.705394902019894
2026-03-28 17:00:30,100.0,100.0,8.688115103319191
2026-03-28 17:00:45,100.0,100.0,8.670835304618493
2026-03-28 17:01:00,100.0,100.0,8.65355550591779
2026-03-28 17:01:15,100.0,100.0,8.636275707217088
2026-03-28 17:01:30,100.0,100.0,8.618995908516387
2026-03-28 17:01:45,100.0,100.0,8.601716109815687
2026-03-28 17:02:00,100.0,100.0,8.584436311114985
2026-03-28 17:02:15,100.0,100.0,8.567156512414284
2026-03-28 17:02:30,100.0,100.0,8.549876713713584
2026-03-28 17:02:45,100.0,100.0,8.532596915012881
2026-03-28 17:03:00,100.0,100.0,8.515317116312179
2026-03-28 17:03:15,100.0,100.0,8.498037317611479
2026-03-28 17:03:30,100.0,100.0,8.480757518910778
2026-03-28 17:03:45,100.0,100.0,8.463477720210076
2026-03-28 17:04:00,100.0,100.0,8.446197921509375
2026-03-28 17:04:15,100.0,100.0,8.428918122808675
2026-03-28 17:04:30,100.0,100.0,8.411638324107972
2026-03-28 17:04:45,100.0,100.0,8.394358525407272
2026-03-28 17:05:00,100.0,100.0,8.377078726706571
2026-03-28 17:05:15,100.0,100.0,8.359798928005869
2026-03-28 17:05:30,100.0,100.0,8.342519129305167
2026-03-28 17:05:45,100.0,100.0,8.325239330604466
2026-03-28 17:06:00,100.0,100.0,8.307959531903766
2026-03-28 17:06:15,100.0,100.0,8.290679733203064
2026-03-28 17:06:30,100.0,100.0,8.273399934502363
2026-03-28 17:06:45,100.0,100.0,8.256120135801662
2026-03-28 17:07:00,100.0,100.0,8.23884033710096
2026-03-28 17:07:15,100.0,100.0,8.22156053840026
2026-03-28 17:07:30,100.0,100.0,8.20428073969956
2026-03-28 17:07:45,100.0,100.0,8.187000940998857
2026-03-28 17:08:00,100.0,100.0,8.169721142298155
2026-03-28 17:08:15,100.0,100.0,8.152441343597454
2026-03-28 17:08:30,100.0,100.0,8.135161544896754
2026-03-28 17:08:45,100.0,100.0,8.117881746196051
2026-03-28 17:09:00,100.0,100.0,8.10060194749535
2026-03-28 17:09:15,100.0,100.0,8.08332214879465
2026-03-28 17:09:30,100.0,100.0,8.066042350093948
2026-03-28 17:09:45,100.0,100.0,8.048762551393247
2026-03-28 17:10:00,100.0,100.0,8.031482752692547
2026-03-28 17:10:15,100.0,100.0,8.014202953991845
2026-03-28 17:10:30,100.0,100.0,7.996923155291143
2026-03-28 17:10:45,100.0,100.0,7.979643356590442
2026-03-28 17:11:00,100.0,100.0,7.962363557889741
2026-03-28 17:11:15,100.0,100.0,7.94508375918904
2026-03-28 17:11:30,100.0,100.0,7.927803960488339
2026-03-28 17:11:45,100.0,100.0,7.910524161787637
2026-03-28 17:12:00,100.0,100.0,7.893244363086936
2026-03-28 17:12:15,100.0,100.0,7.875964564386235
2026-03-28 17:12:30,100.0,100.0,7.858684765685534
2026-03-28 17:12:45,100.0,100.0,7.8414049669848325
2026-03-28 17:13:00,100.0,100.0,7.824125168284131
2026-03-28 17:13:15,100.0,100.0,7.80684536958343
2026-03-28 17:13:30,100.0,100.0,7.789565570882728
2026-03-28 17:13:45,100.0,100.0,7.772285772182028
2026-03-28 17:14:00,100.0,100.0,7.755005973481326
2026-03-28 17:14:15,100.0,100.0,7.737726174780625
2026-03-28 17:14:30,100.0,100.0,7.720446376079924
2026-03-28 17:14:45,100.0,100.0,7.703166577379222
2026-03-28 17:15:00,100.0,100.0,7.685886778678522
2026-03-28 17:15:15,100.0,100.0,7.66860697997782
2026-03-28 17:15:30,100.0,100.0,7.651327181277119
2026-03-28 17:15:45,100.0,100.0,7.6340473825764175
2026-03-28 17:16:00,100.0,100.0,7.616767583875716
2026-03-28 17:16:15,100.0,100.0,7.5994877851750156
2026-03-28 17:16:30,100.0,100.0,7.582207986474314
2026-03-28 17:16:45,100.0,100.0,7.564928187773613
2026-03-28 17:17:00,100.0,100.0,7.547648389072911
2026-03-28 17:17:15,100.0,100.0,7.53036859037221
2026-03-28 17:17:30,100.0,100.0,7.5130887916715094
2026-03-28 17:17:45,100.0,100.0,7.495808992970808
2026-03-28 17:18:00,100.0,100.0,7.478529194270107
2026-03-28 17:18:15,100.0,100.0,7.461249395569405
2026-03-28 17:18:30,100.0,100.0,7.443969596868704
2026-03-28 17:18:45,87.5,96.55172413793103,7.426689798168003
2026-03-28 17:19:00,87.5,96.55172413793103,7.409409999467302
2026-03-28 17:19:15,87.5,96.55172413793103,7.3921302007666005
2026-03-28 17:19:30,87.5,96.55172413793103,7.374850402065899
2026-03-28 17:19:45,87.5,96.55172413793103,7.357570603365198
2026-03-28 17:20:00,87.5,96.55172413793103,7.340290804664497
2026-03-28 17:20:15,87.5,96.55172413793103,7.323011005963796
2026-03-28 17:20:30,87.5,96.55172413793103,7.305731207263094
2026-03-28 17:20:45,87.5,96.55172413793103,7.288451408562393
2026-03-28 17:21:00,87.5,96.55172413793103,7.271171609861692
2026-03-28 17:21:15,87.5,96.55172413793103,7.253891811160991
2026-03-28 17:21:30,87.5,96.55172413793103,7.23661201246029
2026-03-28 17:21:45,87.5,96.55172413793103,7.219332213759588
2026-03-28 17:22:00,87.5,96.55172413793103,7.202052415058887
2026-03-28 17:22:15,87.5,96.55172413793103,7.1847726163581855
2026-03-28 17:22:30,87.5,96.55172413793103,7.167492817657485
2026-03-28 17:22:45,87.5,96.55172413793103,7.150213018956784
2026-03-28 17:23:00,87.5,96.55172413793103,7.132933220256082
2026-03-28 17:23:15,87.5,96.55172413793103,7.115653421555381
2026-03-28 17:23:30,87.5,96.55172413793103,7.098373622854679
2026-03-28 17:23:45,87.5,96.55172413793103,7.081093824153979
2026-03-28 17:24:00,87.5,96.55172413793103,7.0638140254532775
2026-03-28 17:24:15,87.5,96.55172413793103,7.046534226752576
2026-03-28 17:24:30,87.5,96.55172413793103,7.029254428051875
2026-03-28 17:24:45,100.0,96.55172413793103,7.011974629351173
2026-03-28 17:25:00,100.0,96.0,6.994694830650472
2026-03-28 17:25:15,100.0,96.0,6.977415031949771
2026-03-28 17:25:30,100.0,100.0,6.96013523324907
2026-03-28 17:25:45,100.0,100.0,6.942855434548369
2026-03-28 17:26:00,100.0,100.0,6.925575635847667
2026-03-28 17:26:15,100.0,100.0,6.908295837146966
2026-03-28 17:26:30,100.0,100.0,6.891016038446265
2026-03-28 17:26:45,100.0,100.0,6.873736239745564
2026-03-28 17:27:00,100.0,100.0,6.8564564410448625
2026-03-28 17:27:15,100.0,100.0,6.839176642344161
2026-03-28 17:27:30,100.0,100.0,6.82189684364346
2026-03-28 17:27:45,100.0,100.0,6.804617044942759
2026-03-28 17:28:00,100.0,100.0,6.787337246242058
2026-03-28 17:28:15,100.0,100.0,6.770057447541356
2026-03-28 17:28:30,100.0,100.0,6.752777648840655
2026-03-28 17:28:45,100.0,100.0,6.735497850139954
2026-03-28 17:29:00,100.0,100.0,6.718218051439253
2026-03-28 17:29:15,100.0,100.0,6.700938252738552
2026-03-28 17:29:30,100.0,100.0,6.68365845403785
2026-03-28 17:29:45,100.0,100.0,6.666378655337149
2026-03-28 17:30:00,100.0,100.0,6.6490988566364475
2026-03-28 17:30:15,100.0,100.0,6.631819057935747
2026-03-28 17:30:30,100.0,100.0,6.614539259235046
2026-03-28 17:30:45,100.0,100.0,6.597259460534344
2026-03-28 17:31:00,100.0,100.0,6.579979661833643
2026-03-28 17:31:15,100.0,100.0,6.562699863132941
2026-03-28 17:31:30,100.0,100.0,6.545420064432241
2026-03-28 17:31:45,100.0,100.0,6.5281402657315395
2026-03-28 17:32:00,100.0,100.0,6.510860467030838
2026-03-28 17:32:15,100.0,100.0,6.493580668330137
2026-03-28 17:32:30,100.0,100.0,6.476300869629435
2026-03-28 17:32:45,100.0,100.0,6.459021070928735
2026-03-28 17:33:00,100.0,100.0,6.441741272228033
2026-03-28 17:33:15,100.0,100.0,6.424461473527332
2026-03-28 17:33:30,100.0,100.0,6.407181674826631
2026-03-28 17:33:45,100.0,100.0,6.389901876125929
2026-03-28 17:34:00,100.0,100.0,6.372622077425229
2026-03-28 17:34:15,100.0,100.0,6.355342278724527
2026-03-28 17:34:30,100.0,100.0,6.338062480023826
2026-03-28 17:34:45,100.0,100.0,6.3207826813231245
2026-03-28 17:35:00,100.0,100.0,6.303502882622423
2026-03-28 17:35:15,100.0,100.0,6.286223083921723
2026-03-28 17:35:30,100.0,100.0,6.268943285221021
2026-03-28 17:35:45,100.0,100.0,6.25166348652032
2026-03-28 17:36:00,100.0,100.0,6.234383687819618
2026-03-28 17:36:15,100.0,100.0,6.217103889118917
2026-03-28 17:36:30,100.0,100.0,6.199824090418216
2026-03-28 17:36:45,100.0,100.0,6.182544291717515
2026-03-28 17:37:00,100.0,100.0,6.165264493016814
2026-03-28 17:37:15,100.0,100.0,6.147984694316112
2026-03-28 17:37:30,100.0,100.0,6.130704895615411
2026-03-28 17:37:45,100.0,100.0,6.1134250969147095
2026-03-28 17:38:00,100.0,100.0,6.096145298214009
2026-03-28 17:38:15,100.0,100.0,6.078865499513308
2026-03-28 17:38:30,100.0,100.0,6.061585700812606
2026-03-28 17:38:45,100.0,100.0,6.044305902111905
2026-03-28 17:39:00,100.0,100.0,6.027026103411203
2026-03-28 17:39:15,100.0,100.0,6.009746304710503
2026-03-28 17:39:30,100.0,100.0,5.9924665060098015
2026-03-28 17:39:45,100.0,100.0,5.9751867073091
2026-03-28 17:40:00,100.0,100.0,5.957906908608399
2026-03-28 17:40:15,100.0,100.0,5.940627109907697
2026-03-28 17:40:30,100.0,100.0,5.923347311206997
2026-03-28 17:40:45,100.0,100.0,5.906067512506295
2026-03-28 17:41:00,100.0,100.0,5.888787713805594
2026-03-28 17:41:15,100.0,100.0,5.871507915104893
2026-03-28 17:41:30,100.0,100.0,5.854228116404191
2026-03-28 17:41:45,100.0,100.0,5.836948317703491
2026-03-28 17:42:00,100.0,100.0,5.819668519002789
2026-03-28 17:42:15,100.0,100.0,5.802388720302088
2026-03-28 17:42:30,100.0,100.0,5.7851089216013865
2026-03-28 17:42:45,100.0,100.0,5.767829122900685
2026-03-28 17:43:00,100.0,100.0,5.7505493241999845
2026-03-28 17:43:15,100.0,100.0,5.733269525499283
2026-03-28 17:43:30,100.0,100.0,5.715989726798582
2026-03-28 17:43:45,100.0,100.0,5.69870992809788
2026-03-28 17:44:00,100.0,100.0,5.681430129397179
2026-03-28 17:44:15,100.0,100.0,5.664150330696478
2026-03-28 17:44:30,100.0,100.0,5.646870531995777
2026-03-28 17:44:45,100.0,100.0,5.629590733295076
2026-03-28 17:45:00,100.0,100.0,5.612310934594374
2026-03-28 17:45:15,100.0,100.0,5.595031135893673
2026-03-28 17:45:30,100.0,100.0,5.577751337192972
2026-03-28 17:45:45,100.0,100.0,5.560471538492271
2026-03-28 17:46:00,100.0,100.0,5.5431917397915695
2026-03-28 17:46:15,100.0,100.0,5.525911941090868
2026-03-28 17:46:30,100.0,100.0,5.508632142390167
2026-03-28 17:46:45,100.0,100.0,5.491352343689465
2026-03-28 17:47:00,100.0,100.0,5.474072544988765
2026-03-28 17:47:15,100.0,100.0,5.456792746288063
2026-03-28 17:47:30,100.0,100.0,5.439512947587362
2026-03-28 17:47:45,100.0,100.0,5.422233148886661
2026-03-28 17:48:00,100.0,100.0,5.404953350185959
2026-03-28 17:48:15,100.0,100.0,5.387673551485259
2026-03-28 17:48:30,100.0,100.0,5.370393752784557
2026-03-28 17:48:45,100.0,100.0,5.353113954083856
2026-03-28 17:49:00,100.0,100.0,5.3358341553831545
2026-03-28 17:49:15,100.0,100.0,5.318554356682453
2026-03-28 17:49:30,100.0,100.0,5.301274557981753
2026-03-28 17:49:45,100.0,100.0,5.283994759281051
2026-03-28 17:50:00,100.0,100.0,5.26671496058035
2026-03-28 17:50:15,100.0,100.0,5.249435161879648
2026-03-28 17:50:30,100.0,100.0,5.232155363178947
2026-03-28 17:50:45,100.0,100.0,5.2148755644782465
2026-03-28 17:51:00,100.0,100.0,5.197595765777545
2026-03-28 17:51:15,100.0,100.0,5.180315967076844
2026-03-28 17:51:30,87.5,95.23809523809523,5.163036168376142
2026-03-28 17:51:45,87.5,95.23809523809523,5.145756369675441
2026-03-28 17:52:00,100.0,95.23809523809523,5.12847657097474
2026-03-28 17:52:15,100.0,95.23809523809523,5.111196772274039
2026-03-28 17:52:30,100.0,95.23809523809523,5.093916973573338
2026-03-28 17:52:45,87.5,95.23809523809523,5.076637174872636
2026-03-28 17:53:00,100.0,95.23809523809523,5.059357376171935
2026-03-28 17:53:15,87.5,95.23809523809523,5.042077577471234
2026-03-28 17:53:30,87.5,95.23809523809523,5.024797778770533
2026-03-28 17:53:45,87.5,95.23809523809523,5.0075179800698315
2026-03-28 17:54:00,87.5,94.11764705882352,4.99023818136913
2026-03-28 17:54:15,87.5,94.11764705882352,4.972958382668429
2026-03-28 17:54:30,87.5,94.11764705882352,4.955678583967728
2026-03-28 17:54:45,100.0,94.11764705882352,4.938398785267027
2026-03-28 17:55:00,100.0,94.11764705882352,4.921118986566325
2026-03-28 17:55:15,100.0,94.11764705882352,4.903839187865624
2026-03-28 17:55:30,100.0,94.11764705882352,4.886559389164923
2026-03-28 17:55:45,100.0,94.11764705882352,4.869279590464222
2026-03-28 17:56:00,100.0,94.11764705882352,4.85199979176352
2026-03-28 17:56:15,100.0,100.0,4.834719993062819
2026-03-28 17:56:30,100.0,100.0,4.817440194362119
2026-03-28 17:56:45,100.0,100.0,4.8001603956614165
2026-03-28 17:57:00,100.0,100.0,4.782880596960716
2026-03-28 17:57:15,100.0,100.0,4.765600798260014
2026-03-28 17:57:30,100.0,100.0,4.748320999559313
2026-03-28 17:57:45,100.0,100.0,4.731041200858613
2026-03-28 17:58:00,100.0,100.0,4.71376140215791
2026-03-28 17:58:15,87.5,100.0,4.69648160345721
2026-03-28 17:58:30,100.0,100.0,4.679201804756508
2026-03-28 17:58:45,100.0,100.0,4.661922006055807
2026-03-28 17:59:00,100.0,100.0,4.644642207355107
2026-03-28 17:59:15,100.0,100.0,4.627362408654404
2026-03-28 17:59:30,100.0,100.0,4.610082609953704
2026-03-28 17:59:45,100.0,100.0,4.5928028112530015
2026-03-28 18:00:00,100.0,100.0,4.575523012552301
2026-03-28 18:00:15,100.0,100.0,4.571195221044378
2026-03-28 18:00:30,100.0,100.0,4.566867429536455
2026-03-28 18:00:45,100.0,100.0,4.5625396380285315
2026-03-28 18:01:00,100.0,100.0,4.558211846520608
2026-03-28 18:01:15,100.0,100.0,4.553884055012684
2026-03-28 18:01:30,100.0,100.0,4.549556263504761
2026-03-28 18:01:45,100.0,100.0,4.545228471996838
2026-03-28 18:02:00,100.0,100.0,4.540900680488915
2026-03-28 18:02:15,100.0,100.0,4.5365728889809915
2026-03-28 18:02:30,100.0,100.0,4.532245097473068
2026-03-28 18:02:45,100.0,100.0,4.527917305965145
2026-03-28 18:03:00,100.0,100.0,4.523589514457222
2026-03-28 18:03:15,100.0,100.0,4.519261722949298
2026-03-28 18:03:30,100.0,100.0,4.514933931441375
2026-03-28 18:03:45,100.0,100.0,4.510606139933452
2026-03-28 18:04:00,100.0,100.0,4.506278348425528
2026-03-28 18:04:15,100.0,100.0,4.501950556917605
2026-03-28 18:04:30,100.0,100.0,4.497622765409682
2026-03-28 18:04:45,100.0,100.0,4.493294973901759
2026-03-28 18:05:00,100.0,100.0,4.488967182393836
2026-03-28 18:05:15,100.0,100.0,4.484639390885912
2026-03-28 18:05:30,100.0,100.0,4.4803115993779885
2026-03-28 18:05:45,100.0,100.0,4.475983807870065
2026-03-28 18:06:00,100.0,100.0,4.471656016362142
2026-03-28 18:06:15,100.0,100.0,4.467328224854219
2026-03-28 18:06:30,100.0,100.0,4.463000433346296
2026-03-28 18:06:45,100.0,100.0,4.458672641838373
2026-03-28 18:07:00,100.0,100.0,4.4543448503304495
2026-03-28 18:07:15,100.0,100.0,4.450017058822525
2026-03-28 18:07:30,100.0,100.0,4.445689267314602
2026-03-28 18:07:45,100.0,100.0,4.441361475806679
2026-03-28 18:08:00,100.0,100.0,4.437033684298756
2026-03-28 18:08:15,100.0,100.0,4.432705892790833
2026-03-28 18:08:30,100.0,100.0,4.4283781012829095
2026-03-28 18:08:45,100.0,100.0,4.424050309774986
2026-03-28 18:09:00,100.0,100.0,4.419722518267063
2026-03-28 18:09:15,100.0,100.0,4.415394726759139
2026-03-28 18:09:30,100.0,100.0,4.411066935251216
2026-03-28 18:09:45,100.0,100.0,4.406739143743293
2026-03-28 18:10:00,100.0,100.0,4.40241135223537
2026-03-28 18:10:15,100.0,100.0,4.398083560727446
2026-03-28 18:10:30,100.0,100.0,4.393755769219523
2026-03-28 18:10:45,100.0,100.0,4.3894279777116
2026-03-28 18:11:00,100.0,100.0,4.385100186203677
2026-03-28 18:11:15,100.0,100.0,4.380772394695754
2026-03-28 18:11:30,100.0,100.0,4.37644460318783
2026-03-28 18:11:45,100.0,100.0,4.3721168116799065
2026-03-28 18:12:00,100.0,100.0,4.367789020171983
2026-03-28 18:12:15,100.0,100.0,4.36346122866406
2026-03-28 18:12:30,100.0,100.0,4.359133437156137
2026-03-28 18:12:45,100.0,100.0,4.354805645648214
2026-03-28 18:13:00,100.0,100.0,4.350477854140291
2026-03-28 18:13:15,100.0,100.0,4.3461500626323675
2026-03-28 18:13:30,100.0,100.0,4.341822271124443
2026-03-28 18:13:45,100.0,100.0,4.33749447961652
2026-03-28 18:14:00,100.0,100.0,4.333166688108597
2026-03-28 18:14:15,100.0,100.0,4.328838896600674
2026-03-28 18:14:30,100.0,100.0,4.324511105092751
2026-03-28 18:14:45,100.0,100.0,4.3201833135848275
2026-03-28 18:15:00,100.0,100.0,4.315855522076904
2026-03-28 18:15:15,100.0,100.0,4.311527730568981
2026-03-28 18:15:30,100.0,100.0,4.307199939061057
2026-03-28 18:15:45,100.0,100.0,4.302872147553134
2026-03-28 18:16:00,100.0,100.0,4.298544356045211
2026-03-28 18:16:15,100.0,100.0,4.294216564537288
2026-03-28 18:16:30,100.0,100.0,4.289888773029364
2026-03-28 18:16:45,100.0,100.0,4.285560981521441
2026-03-28 18:17:00,100.0,100.0,4.281233190013518
2026-03-28 18:17:15,100.0,100.0,4.276905398505595
2026-03-28 18:17:30,100.0,100.0,4.272577606997671
2026-03-28 18:17:45,100.0,100.0,4.268249815489748
2026-03-28 18:18:00,100.0,100.0,4.2639220239818245
2026-03-28 18:18:15,100.0,100.0,4.259594232473901
2026-03-28 18:18:30,100.0,100.0,4.255266440965978
2026-03-28 18:18:45,100.0,100.0,4.250938649458055
2026-03-28 18:19:00,100.0,100.0,4.246610857950132
2026-03-28 18:19:15,100.0,100.0,4.242283066442209
2026-03-28 18:19:30,100.0,100.0,4.237955274934285
2026-03-28 18:19:45,100.0,100.0,4.233627483426361
2026-03-28 18:20:00,100.0,100.0,4.229299691918438
2026-03-28 18:20:15,100.0,100.0,4.224971900410515
2026-03-28 18:20:30,100.0,100.0,4.220644108902592
2026-03-28 18:20:45,100.0,100.0,4.216316317394669
2026-03-28 18:21:00,100.0,100.0,4.2119885258867455
2026-03-28 18:21:15,100.0,100.0,4.207660734378822
2026-03-28 18:21:30,100.0,100.0,4.203332942870899
2026-03-28 18:21:45,100.0,100.0,4.199005151362975
2026-03-28 18:22:00,100.0,100.0,4.194677359855052
2026-03-28 18:22:15,100.0,100.0,4.190349568347129
2026-03-28 18:22:30,100.0,100.0,4.186021776839206
2026-03-28 18:22:45,100.0,100.0,4.1816939853312824
2026-03-28 18:23:00,100.0,100.0,4.177366193823359
2026-03-28 18:23:15,100.0,100.0,4.173038402315436
2026-03-28 18:23:30,100.0,100.0,4.168710610807512
2026-03-28 18:23:45,100.0,100.0,4.164382819299589
2026-03-28 18:24:00,100.0,100.0,4.160055027791666
2026-03-28 18:24:15,100.0,100.0,4.1557272362837425
2026-03-28 18:24:30,100.0,100.0,4.151399444775819
2026-03-28 18:24:45,100.0,100.0,4.147071653267896
2026-03-28 18:25:00,100.0,100.0,4.142743861759973
2026-03-28 18:25:15,100.0,100.0,4.13841607025205
2026-03-28 18:25:30,100.0,100.0,4.134088278744127
2026-03-28 18:25:45,100.0,100.0,4.129760487236203
2026-03-28 18:26:00,100.0,100.0,4.125432695728279
2026-03-28 18:26:15,100.0,100.0,4.121104904220356
2026-03-28 18:26:30,100.0,100.0,4.116777112712433
2026-03-28 18:26:45,100.0,100.0,4.11244932120451
2026-03-28 18:27:00,100.0,100.0,4.108121529696587
2026-03-28 18:27:15,100.0,100.0,4.1037937381886636
2026-03-28 18:27:30,100.0,100.0,4.09946594668074
2026-03-28 18:27:45,100.0,100.0,4.095138155172816
2026-03-28 18:28:00,100.0,100.0,4.090810363664893
2026-03-28 18:28:15,100.0,100.0,4.08648257215697
2026-03-28 18:28:30,100.0,100.0,4.082154780649047
2026-03-28 18:28:45,100.0,100.0,4.077826989141124
2026-03-28 18:29:00,100.0,100.0,4.0734991976332005
2026-03-28 18:29:15,100.0,100.0,4.069171406125277
2026-03-28 18:29:30,100.0,100.0,4.064843614617354
2026-03-28 18:29:45,100.0,100.0,4.06051582310943
2026-03-28 18:30:00,100.0,100.0,4.056188031601507
2026-03-28 18:30:15,100.0,100.0,4.051860240093584
2026-03-28 18:30:30,100.0,100.0,4.0475324485856605
2026-03-28 18:30:45,100.0,100.0,4.043204657077737
2026-03-28 18:31:00,100.0,100.0,4.038876865569814
2026-03-28 18:31:15,100.0,100.0,4.034549074061891
2026-03-28 18:31:30,100.0,100.0,4.030221282553968
2026-03-28 18:31:45,100.0,100.0,4.025893491046045
2026-03-28 18:32:00,100.0,100.0,4.021565699538121
2026-03-28 18:32:15,100.0,100.0,4.017237908030197
2026-03-28 18:32:30,100.0,100.0,4.012910116522274
2026-03-28 18:32:45,100.0,100.0,4.008582325014351
2026-03-28 18:33:00,100.0,100.0,4.004254533506428
2026-03-28 18:33:15,100.0,100.0,3.9999267419985047
2026-03-28 18:33:30,100.0,100.0,3.995598950490581
2026-03-28 18:33:45,100.0,100.0,3.991271158982658
2026-03-28 18:34:00,100.0,100.0,3.9869433674747348
2026-03-28 18:34:15,100.0,100.0,3.982615575966811
2026-03-28 18:34:30,100.0,100.0,3.978287784458888
2026-03-28 18:34:45,100.0,100.0,3.973959992950965
2026-03-28 18:35:00,100.0,100.0,3.9696322014430416
2026-03-28 18:35:15,100.0,100.0,3.9653044099351185
2026-03-28 18:35:30,100.0,100.0,3.960976618427195
2026-03-28 18:35:45,100.0,100.0,3.9566488269192717
2026-03-28 18:36:00,100.0,100.0,3.9523210354113485
2026-03-28 18:36:15,100.0,100.0,3.947993243903425
2026-03-28 18:36:30,100.0,100.0,3.9436654523955017
2026-03-28 18:36:45,87.5,100.0,3.9393376608875785
2026-03-28 18:37:00,87.5,100.0,3.9350098693796554
2026-03-28 18:37:15,87.5,100.0,3.930682077871732
2026-03-28 18:37:30,87.5,100.0,3.9263542863638086
2026-03-28 18:37:45,87.5,100.0,3.9220264948558854
2026-03-28 18:38:00,87.5,100.0,3.917698703347962
2026-03-28 18:38:15,100.0,100.0,3.913370911840039
2026-03-28 18:38:30,100.0,100.0,3.9090431203321154
2026-03-28 18:38:45,100.0,100.0,3.9047153288241923
2026-03-28 18:39:00,100.0,100.0,3.900387537316269
2026-03-28 18:39:15,100.0,100.0,3.896059745808346
2026-03-28 18:39:30,100.0,100.0,3.8917319543004227
2026-03-28 18:39:45,87.5,100.0,3.887404162792499
2026-03-28 18:40:00,100.0,100.0,3.883076371284576
2026-03-28 18:40:15,100.0,100.0,3.8787485797766528
2026-03-28 18:40:30,100.0,100.0,3.874420788268729
2026-03-28 18:40:45,100.0,100.0,3.870092996760806
2026-03-28 18:41:00,100.0,100.0,3.865765205252883
2026-03-28 18:41:15,100.0,100.0,3.8614374137449596
2026-03-28 18:41:30,100.0,100.0,3.8571096222370365
2026-03-28 18:41:45,100.0,100.0,3.852781830729113
2026-03-28 18:42:00,100.0,100.0,3.8484540392211897
2026-03-28 18:42:15,100.0,92.3076923076923,3.8441262477132665
2026-03-28 18:42:30,100.0,84.61538461538461,3.839798456205343
2026-03-28 18:42:45,100.0,84.61538461538461,3.8354706646974197
2026-03-28 18:43:00,100.0,84.61538461538461,3.8311428731894965
2026-03-28 18:43:15,100.0,84.61538461538461,3.8268150816815734
2026-03-28 18:43:30,100.0,84.61538461538461,3.82248729017365
2026-03-28 18:43:45,87.5,84.61538461538461,3.8181594986657266
2026-03-28 18:44:00,87.5,84.61538461538461,3.8138317071578034
2026-03-28 18:44:15,87.5,84.61538461538461,3.8095039156498802
2026-03-28 18:44:30,87.5,84.61538461538461,3.8051761241419566
2026-03-28 18:44:45,100.0,76.92307692307693,3.8008483326340334
2026-03-28 18:45:00,100.0,76.92307692307693,3.7965205411261103
2026-03-28 18:45:15,100.0,76.92307692307693,3.792192749618187
2026-03-28 18:45:30,100.0,84.61538461538461,3.787864958110264
2026-03-28 18:45:45,100.0,92.3076923076923,3.7835371666023403
2026-03-28 18:46:00,100.0,92.3076923076923,3.779209375094417
2026-03-28 18:46:15,87.5,92.3076923076923,3.774881583586494
2026-03-28 18:46:30,100.0,92.3076923076923,3.7705537920785703
2026-03-28 18:46:45,100.0,92.3076923076923,3.766226000570647
2026-03-28 18:47:00,100.0,92.3076923076923,3.761898209062724
2026-03-28 18:47:15,100.0,92.3076923076923,3.757570417554801
2026-03-28 18:47:30,100.0,92.3076923076923,3.7532426260468776
2026-03-28 18:47:45,100.0,92.3076923076923,3.748914834538954
2026-03-28 18:48:00,100.0,100.0,3.744587043031031
2026-03-28 18:48:15,100.0,100.0,3.7402592515231077
2026-03-28 18:48:30,100.0,100.0,3.735931460015184
2026-03-28 18:48:45,100.0,100.0,3.731603668507261
2026-03-28 18:49:00,100.0,100.0,3.7272758769993377
2026-03-28 18:49:15,100.0,100.0,3.7229480854914145
2026-03-28 18:49:30,87.5,100.0,3.7186202939834914
2026-03-28 18:49:45,100.0,100.0,3.714292502475568
2026-03-28 18:50:00,100.0,100.0,3.7099647109676446
2026-03-28 18:50:15,100.0,100.0,3.7056369194597214
2026-03-28 18:50:30,100.0,100.0,3.7013091279517982
2026-03-28 18:50:45,100.0,100.0,3.6969813364438746
2026-03-28 18:51:00,100.0,100.0,3.6926535449359514
2026-03-28 18:51:15,100.0,100.0,3.6883257534280283
2026-03-28 18:51:30,100.0,100.0,3.683997961920105
2026-03-28 18:51:45,100.0,100.0,3.679670170412182
2026-03-28 18:52:00,100.0,100.0,3.6753423789042583
2026-03-28 18:52:15,100.0,100.0,3.671014587396335
2026-03-28 18:52:30,100.0,100.0,3.666686795888412
2026-03-28 18:52:45,100.0,100.0,3.6623590043804883
2026-03-28 18:53:00,100.0,100.0,3.658031212872565
2026-03-28 18:53:15,100.0,100.0,3.653703421364642
2026-03-28 18:53:30,100.0,100.0,3.649375629856719
2026-03-28 18:53:45,100.0,100.0,3.6450478383487956
2026-03-28 18:54:00,100.0,100.0,3.640720046840872
2026-03-28 18:54:15,100.0,100.0,3.636392255332949
2026-03-28 18:54:30,100.0,100.0,3.6320644638250257
2026-03-28 18:54:45,100.0,100.0,3.627736672317102
2026-03-28 18:55:00,100.0,100.0,3.623408880809179
2026-03-28 18:55:15,100.0,100.0,3.6190810893012557
2026-03-28 18:55:30,100.0,100.0,3.6147532977933325
2026-03-28 18:55:45,100.0,100.0,3.6104255062854094
2026-03-28 18:56:00,100.0,100.0,3.6060977147774858
2026-03-28 18:56:15,100.0,100.0,3.6017699232695626
2026-03-28 18:56:30,100.0,100.0,3.5974421317616394
2026-03-28 18:56:45,100.0,100.0,3.593114340253716
2026-03-28 18:57:00,100.0,100.0,3.5887865487457926
2026-03-28 18:57:15,100.0,100.0,3.5844587572378694
2026-03-28 18:57:30,100.0,100.0,3.5801309657299463
2026-03-28 18:57:45,100.0,100.0,3.575803174222023
2026-03-28 18:58:00,100.0,100.0,3.5714753827141
2026-03-28 18:58:15,100.0,100.0,3.5671475912061763
2026-03-28 18:58:30,100.0,100.0,3.562819799698253
2026-03-28 18:58:45,100.0,100.0,3.5584920081903295
2026-03-28 18:59:00,100.0,100.0,3.5541642166824063
2026-03-28 18:59:15,100.0,100.0,3.549836425174483
2026-03-28 18:59:30,100.0,100.0,3.54550863366656
2026-03-28 18:59:45,100.0,100.0,3.541180842158637
2026-03-28 19:00:00,100.0,100.0,3.5368530506507136
2026-03-28 19:00:15,100.0,100.0,3.53252525914279
2026-03-28 19:00:30,100.0,100.0,3.528197467634867
2026-03-28 19:00:45,100.0,100.0,3.5238696761269432
2026-03-28 19:01:00,100.0,100.0,3.51954188461902
2026-03-28 19:01:15,100.0,100.0,3.515214093111097
2026-03-28 19:01:30,100.0,100.0,3.5108863016031737
2026-03-28 19:01:45,100.0,100.0,3.5065585100952505
2026-03-28 19:02:00,100.0,100.0,3.5022307185873274
2026-03-28 19:02:15,100.0,100.0,3.4979029270794038
2026-03-28 19:02:30,100.0,100.0,3.4935751355714806
2026-03-28 19:02:45,100.0,100.0,3.489247344063557
2026-03-28 19:03:00,100.0,100.0,3.484919552555634
2026-03-28 19:03:15,100.0,100.0,3.4805917610477106
2026-03-28 19:03:30,100.0,100.0,3.4762639695397874
2026-03-28 19:03:45,100.0,100.0,3.4719361780318643
2026-03-28 19:04:00,100.0,100.0,3.467608386523941
2026-03-28 19:04:15,100.0,100.0,3.4632805950160175
2026-03-28 19:04:30,100.0,100.0,3.4589528035080943
2026-03-28 19:04:45,100.0,100.0,3.4546250120001707
2026-03-28 19:05:00,100.0,100.0,3.4502972204922475
2026-03-28 19:05:15,100.0,100.0,3.4459694289843243
2026-03-28 19:05:30,100.0,100.0,3.441641637476401
2026-03-28 19:05:45,100.0,100.0,3.437313845968478
2026-03-28 19:06:00,100.0,100.0,3.432986054460555
2026-03-28 19:06:15,100.0,100.0,3.4286582629526317
2026-03-28 19:06:30,100.0,100.0,3.424330471444708
2026-03-28 19:06:45,100.0,100.0,3.420002679936785
2026-03-28 19:07:00,100.0,100.0,3.4156748884288612
2026-03-28 19:07:15,100.0,100.0,3.411347096920938
2026-03-28 19:07:30,100.0,100.0,3.407019305413015
2026-03-28 19:07:45,100.0,100.0,3.4026915139050917
2026-03-28 19:08:00,100.0,100.0,3.3983637223971686
2026-03-28 19:08:15,100.0,100.0,3.3940359308892454
2026-03-28 19:08:30,100.0,100.0,3.3897081393813218
2026-03-28 19:08:45,100.0,100.0,3.3853803478733986
2026-03-28 19:09:00,100.0,100.0,3.381052556365475
2026-03-28 19:09:15,100.0,100.0,3.376724764857552
2026-03-28 19:09:30,100.0,100.0,3.3723969733496286
2026-03-28 19:09:45,100.0,100.0,3.3680691818417055
2026-03-28 19:10:00,100.0,100.0,3.3637413903337823
2026-03-28 19:10:15,100.0,100.0,3.359413598825859
2026-03-28 19:10:30,100.0,100.0,3.3550858073179355
2026-03-28 19:10:45,100.0,100.0,3.3507580158100123
2026-03-28 19:11:00,100.0,100.0,3.3464302243020887
2026-03-28 19:11:15,100.0,100.0,3.3421024327941655
2026-03-28 19:11:30,100.0,100.0,3.3377746412862423
2026-03-28 19:11:45,100.0,100.0,3.333446849778319
2026-03-28 19:12:00,100.0,100.0,3.329119058270396
2026-03-28 19:12:15,100.0,100.0,3.324791266762473
2026-03-28 19:12:30,100.0,100.0,3.320463475254549
2026-03-28 19:12:45,100.0,100.0,3.316135683746626
2026-03-28 19:13:00,100.0,100.0,3.3118078922387024
2026-03-28 19:13:15,100.0,100.0,3.3074801007307792
2026-03-28 19:13:30,100.0,100.0,3.303152309222856
2026-03-28 19:13:45,100.0,100.0,3.298824517714933
2026-03-28 19:14:00,100.0,100.0,3.2944967262070097
2026-03-28 19:14:15,100.0,100.0,3.2901689346990866
2026-03-28 19:14:30,100.0,100.0,3.285841143191163
2026-03-28 19:14:45,100.0,100.0,3.2815133516832398
2026-03-28 19:15:00,100.0,100.0,3.277185560175316
2026-03-28 19:15:15,100.0,100.0,3.272857768667393
2026-03-28 19:15:30,100.0,100.0,3.26852997715947
2026-03-28 19:15:45,100.0,100.0,3.2642021856515466
2026-03-28 19:16:00,100.0,100.0,3.2598743941436235
2026-03-28 19:16:15,100.0,100.0,3.2555466026357003
2026-03-28 19:16:30,100.0,100.0,3.251218811127777
2026-03-28 19:16:45,100.0,100.0,3.2468910196198535
2026-03-28 19:17:00,100.0,100.0,3.2425632281119303
2026-03-28 19:17:15,100.0,100.0,3.2382354366040067
2026-03-28 19:17:30,100.0,100.0,3.2339076450960835
2026-03-28 19:17:45,100.0,100.0,3.2295798535881604
2026-03-28 19:18:00,100.0,100.0,3.225252062080237
2026-03-28 19:18:15,100.0,100.0,3.220924270572314
2026-03-28 19:18:30,100.0,100.0,3.216596479064391
2026-03-28 19:18:45,100.0,100.0,3.212268687556467
2026-03-28 19:19:00,100.0,100.0,3.207940896048544
2026-03-28 19:19:15,100.0,100.0,3.2036131045406204
2026-03-28 19:19:30,100.0,100.0,3.1992853130326973
2026-03-28 19:19:45,100.0,100.0,3.194957521524774
2026-03-28 19:20:00,100.0,100.0,3.190629730016851
2026-03-28 19:20:15,100.0,100.0,3.1863019385089277
2026-03-28 19:20:30,100.0,100.0,3.1819741470010046
2026-03-28 19:20:45,100.0,100.0,3.177646355493081
2026-03-28 19:21:00,100.0,100.0,3.1733185639851578
2026-03-28 19:21:15,100.0,100.0,3.168990772477234
2026-03-28 19:21:30,100.0,100.0,3.164662980969311
2026-03-28 19:21:45,100.0,100.0,3.160335189461388
2026-03-28 19:22:00,100.0,100.0,3.1560073979534646
2026-03-28 19:22:15,100.0,100.0,3.1516796064455415
2026-03-28 19:22:30,100.0,100.0,3.1473518149376183
2026-03-28 19:22:45,100.0,100.0,3.1430240234296947
2026-03-28 19:23:00,100.0,100.0,3.1386962319217715
2026-03-28 19:23:15,100.0,100.0,3.134368440413848
2026-03-28 19:23:30,100.0,100.0,3.1300406489059247
2026-03-28 19:23:45,100.0,100.0,3.1257128573980015
2026-03-28 19:24:00,100.0,100.0,3.1213850658900784
2026-03-28 19:24:15,100.0,100.0,3.117057274382155
2026-03-28 19:24:30,100.0,100.0,3.112729482874232
2026-03-28 19:24:45,100.0,100.0,3.1084016913663084
2026-03-28 19:25:00,100.0,100.0,3.104073899858385
2026-03-28 19:25:15,100.0,100.0,3.0997461083504616
2026-03-28 19:25:30,100.0,100.0,3.0954183168425384
2026-03-28 19:25:45,100.0,100.0,3.0910905253346153
2026-03-28 19:26:00,100.0,100.0,3.086762733826692
2026-03-28 19:26:15,100.0,100.0,3.082434942318769
2026-03-28 19:26:30,100.0,100.0,3.0781071508108457
2026-03-28 19:26:45,100.0,100.0,3.073779359302922
2026-03-28 19:27:00,100.0,100.0,3.069451567794999
2026-03-28 19:27:15,100.0,100.0,3.0651237762870758
2026-03-28 19:27:30,100.0,100.0,3.060795984779152
2026-03-28 19:27:45,100.0,100.0,3.056468193271229
2026-03-28 19:28:00,100.0,100.0,3.052140401763306
2026-03-28 19:28:15,100.0,100.0,3.0478126102553826
2026-03-28 19:28:30,100.0,100.0,3.0434848187474595
2026-03-28 19:28:45,100.0,100.0,3.0391570272395363
2026-03-28 19:29:00,100.0,100.0,3.0348292357316127
2026-03-28 19:29:15,100.0,100.0,3.0305014442236895
2026-03-28 19:29:30,100.0,100.0,3.026173652715766
2026-03-28 19:29:45,100.0,100.0,3.0218458612078427
2026-03-28 19:30:00,100.0,100.0,3.0175180696999195
2026-03-28 19:30:15,100.0,100.0,3.0131902781919964
2026-03-28 19:30:30,100.0,100.0,3.008862486684073
2026-03-28 19:30:45,100.0,100.0,3.00453469517615
2026-03-28 19:31:00,100.0,100.0,3.0002069036682264
2026-03-28 19:31:15,100.0,100.0,2.9958791121603032
2026-03-28 19:31:30,100.0,100.0,2.9915513206523796
2026-03-28 19:31:45,100.0,100.0,2.9872235291444564
2026-03-28 19:32:00,100.0,100.0,2.9828957376365333
2026-03-28 19:32:15,100.0,100.0,2.97856794612861
2026-03-28 19:32:30,100.0,100.0,2.974240154620687
2026-03-28 19:32:45,100.0,100.0,2.9699123631127637
2026-03-28 19:33:00,100.0,100.0,2.96558457160484
2026-03-28 19:33:15,100.0,100.0,2.961256780096917
2026-03-28 19:33:30,100.0,100.0,2.9569289885889933
2026-03-28 19:33:45,100.0,100.0,2.95260119708107
2026-03-28 19:34:00,100.0,100.0,2.948273405573147
2026-03-28 19:34:15,100.0,100.0,2.943945614065224
2026-03-28 19:34:30,100.0,100.0,2.9396178225573006
2026-03-28 19:34:45,100.0,100.0,2.9352900310493775
2026-03-28 19:35:00,100.0,100.0,2.930962239541454
2026-03-28 19:35:15,100.0,100.0,2.9266344480335307
2026-03-28 19:35:30,100.0,100.0,2.922306656525607
2026-03-28 19:35:45,100.0,100.0,2.917978865017684
2026-03-28 19:36:00,100.0,100.0,2.9136510735097607
2026-03-28 19:36:15,100.0,100.0,2.9093232820018375
2026-03-28 19:36:30,100.0,100.0,2.9049954904939144
2026-03-28 19:36:45,100.0,100.0,2.900667698985991
2026-03-28 19:37:00,100.0,100.0,2.8963399074780676
2026-03-28 19:37:15,100.0,100.0,2.8920121159701444
2026-03-28 19:37:30,100.0,100.0,2.887684324462221
2026-03-28 19:37:45,100.0,100.0,2.8833565329542976
2026-03-28 19:38:00,100.0,100.0,2.8790287414463744
2026-03-28 19:38:15,100.0,100.0,2.8747009499384513
2026-03-28 19:38:30,100.0,100.0,2.870373158430528
2026-03-28 19:38:45,100.0,100.0,2.866045366922605
2026-03-28 19:39:00,100.0,100.0,2.8617175754146817
2026-03-28 19:39:15,100.0,100.0,2.857389783906758
2026-03-28 19:39:30,100.0,100.0,2.853061992398835
2026-03-28 19:39:45,100.0,100.0,2.8487342008909113
2026-03-28 19:40:00,100.0,100.0,2.844406409382988
2026-03-28 19:40:15,100.0,100.0,2.840078617875065
2026-03-28 19:40:30,100.0,100.0,2.835750826367142
2026-03-28 19:40:45,100.0,100.0,2.8314230348592186
2026-03-28 19:41:00,100.0,100.0,2.8270952433512955
2026-03-28 19:41:15,100.0,100.0,2.822767451843372
2026-03-28 19:41:30,100.0,100.0,2.8184396603354487
2026-03-28 19:41:45,100.0,100.0,2.814111868827525
2026-03-28 19:42:00,100.0,100.0,2.809784077319602
2026-03-28 19:42:15,100.0,100.0,2.8054562858116787
2026-03-28 19:42:30,100.0,100.0,2.8011284943037555
2026-03-28 19:42:45,87.5,100.0,2.7968007027958324
2026-03-28 19:43:00,87.5,100.0,2.792472911287909
2026-03-28 19:43:15,87.5,100.0,2.7881451197799856
2026-03-28 19:43:30,87.5,100.0,2.7838173282720624
2026-03-28 19:43:45,87.5,100.0,2.779489536764139
2026-03-28 19:44:00,87.5,100.0,2.7751617452562156
2026-03-28 19:44:15,87.5,100.0,2.7708339537482924
2026-03-28 19:44:30,87.5,100.0,2.7665061622403693
2026-03-28 19:44:45,87.5,100.0,2.762178370732446
2026-03-28 19:45:00,87.5,100.0,2.757850579224523
2026-03-28 19:45:15,87.5,100.0,2.7535227877165993
2026-03-28 19:45:30,87.5,100.0,2.749194996208676
2026-03-28 19:45:45,87.5,100.0,2.7448672047007525
2026-03-28 19:46:00,87.5,100.0,2.7405394131928293
2026-03-28 19:46:15,87.5,100.0,2.736211621684906
2026-03-28 19:46:30,87.5,100.0,2.731883830176983
2026-03-28 19:46:45,87.5,100.0,2.72755603866906
2026-03-28 19:47:00,87.5,100.0,2.7232282471611367
2026-03-28 19:47:15,100.0,100.0,2.718900455653213
2026-03-28 19:47:30,100.0,100.0,2.71457266414529
2026-03-28 19:47:45,87.5,100.0,2.7102448726373662
2026-03-28 19:48:00,87.5,100.0,2.705917081129443
2026-03-28 19:48:15,87.5,100.0,2.70158928962152
2026-03-28 19:48:30,87.5,100.0,2.6972614981135967
2026-03-28 19:48:45,87.5,100.0,2.6929337066056735
2026-03-28 19:49:00,87.5,100.0,2.6886059150977504
2026-03-28 19:49:15,87.5,100.0,2.684278123589827
2026-03-28 19:49:30,87.5,100.0,2.6799503320819036
2026-03-28 19:49:45,87.5,100.0,2.6756225405739804
2026-03-28 19:50:00,87.5,100.0,2.671294749066057
2026-03-28 19:50:15,87.5,100.0,2.6669669575581336
2026-03-28 19:50:30,100.0,100.0,2.6626391660502104
2026-03-28 19:50:45,100.0,100.0,2.6583113745422873
2026-03-28 19:51:00,100.0,100.0,2.653983583034364
2026-03-28 19:51:15,100.0,100.0,2.649655791526441
2026-03-28 19:51:30,100.0,100.0,2.6453280000185173
2026-03-28 19:51:45,100.0,100.0,2.641000208510594
2026-03-28 19:52:00,100.0,100.0,2.6366724170026705
2026-03-28 19:52:15,100.0,100.0,2.6323446254947473
2026-03-28 19:52:30,100.0,100.0,2.628016833986824
2026-03-28 19:52:45,100.0,100.0,2.623689042478901
2026-03-28 19:53:00,100.0,100.0,2.619361250970978
2026-03-28 19:53:15,100.0,100.0,2.6150334594630547
2026-03-28 19:53:30,100.0,100.0,2.610705667955131
2026-03-28 19:53:45,100.0,100.0,2.606377876447208
2026-03-28 19:54:00,100.0,100.0,2.6020500849392842
2026-03-28 19:54:15,100.0,100.0,2.597722293431361
2026-03-28 19:54:30,100.0,100.0,2.593394501923438
2026-03-28 19:54:45,100.0,100.0,2.5890667104155147
2026-03-28 19:55:00,100.0,100.0,2.5847389189075916
2026-03-28 19:55:15,100.0,100.0,2.5804111273996684
2026-03-28 19:55:30,100.0,100.0,2.5760833358917448
2026-03-28 19:55:45,100.0,100.0,2.5717555443838216
2026-03-28 19:56:00,100.0,100.0,2.5674277528758984
2026-03-28 19:56:15,100.0,100.0,2.563099961367975
2026-03-28 19:56:30,100.0,100.0,2.5587721698600516
2026-03-28 19:56:45,100.0,100.0,2.5544443783521285
2026-03-28 19:57:00,100.0,100.0,2.5501165868442053
2026-03-28 19:57:15,100.0,100.0,2.5457887953362817
2026-03-28 19:57:30,100.0,100.0,2.5414610038283585
2026-03-28 19:57:45,100.0,100.0,2.5371332123204353
2026-03-28 19:58:00,100.0,100.0,2.532805420812512
2026-03-28 19:58:15,100.0,100.0,2.5284776293045885
2026-03-28 19:58:30,100.0,100.0,2.5241498377966654
2026-03-28 19:58:45,100.0,100.0,2.519822046288742
2026-03-28 19:59:00,100.0,100.0,2.515494254780819
2026-03-28 19:59:15,100.0,100.0,2.5111664632728954
2026-03-28 19:59:30,100.0,100.0,2.506838671764972
2026-03-28 19:59:45,100.0,100.0,2.502510880257049
2026-03-28 20:00:00,100.0,100.0,2.498183088749126
2026-03-28 20:00:15,100.0,100.0,2.4969472183096024
2026-03-28 20:00:30,100.0,100.0,2.4957113478700785
2026-03-28 20:00:45,100.0,100.0,2.494475477430555
2026-03-28 20:01:00,100.0,100.0,2.493239606991031
2026-03-28 20:01:15,100.0,100.0,2.4920037365515078
2026-03-28 20:01:30,100.0,100.0,2.490767866111984
2026-03-28 20:01:45,100.0,100.0,2.4895319956724604
2026-03-28 20:02:00,100.0,100.0,2.4882961252329365
2026-03-28 20:02:15,100.0,100.0,2.487060254793413
2026-03-28 20:02:30,100.0,100.0,2.4858243843538896
2026-03-28 20:02:45,100.0,100.0,2.4845885139143657
2026-03-28 20:03:00,100.0,100.0,2.4833526434748423
2026-03-28 20:03:15,100.0,100.0,2.4821167730353184
2026-03-28 20:03:30,100.0,100.0,2.480880902595795
2026-03-28 20:03:45,100.0,100.0,2.479645032156271
2026-03-28 20:04:00,100.0,100.0,2.4784091617167476
2026-03-28 20:04:15,100.0,100.0,2.4771732912772237
2026-03-28 20:04:30,100.0,100.0,2.4759374208377003
2026-03-28 20:04:45,100.0,100.0,2.474701550398177
2026-03-28 20:05:00,100.0,100.0,2.473465679958653
2026-03-28 20:05:15,100.0,100.0,2.4722298095191295
2026-03-28 20:05:30,100.0,100.0,2.4709939390796056
2026-03-28 20:05:45,100.0,100.0,2.469758068640082
2026-03-28 20:06:00,100.0,100.0,2.4685221982005583
2026-03-28 20:06:15,100.0,100.0,2.467286327761035
2026-03-28 20:06:30,100.0,100.0,2.4660504573215114
2026-03-28 20:06:45,100.0,100.0,2.4648145868819875
2026-03-28 20:07:00,100.0,100.0,2.463578716442464
2026-03-28 20:07:15,100.0,100.0,2.46234284600294
2026-03-28 20:07:30,100.0,100.0,2.4611069755634167
2026-03-28 20:07:45,100.0,100.0,2.459871105123893
2026-03-28 20:08:00,100.0,100.0,2.4586352346843694
2026-03-28 20:08:15,100.0,100.0,2.4573993642448455
2026-03-28 20:08:30,100.0,100.0,2.456163493805322
2026-03-28 20:08:45,100.0,100.0,2.4549276233657986
2026-03-28 20:09:00,100.0,100.0,2.4536917529262747
2026-03-28 20:09:15,100.0,100.0,2.4524558824867513
2026-03-28 20:09:30,100.0,100.0,2.4512200120472274
2026-03-28 20:09:45,100.0,100.0,2.449984141607704
2026-03-28 20:10:00,100.0,100.0,2.44874827116818
2026-03-28 20:10:15,100.0,100.0,2.4475124007286566
2026-03-28 20:10:30,100.0,100.0,2.4462765302891327
2026-03-28 20:10:45,100.0,100.0,2.4450406598496093
2026-03-28 20:11:00,100.0,100.0,2.443804789410086
2026-03-28 20:11:15,100.0,100.0,2.442568918970562
2026-03-28 20:11:30,100.0,100.0,2.4413330485310385
2026-03-28 20:11:45,100.0,100.0,2.4400971780915146
2026-03-28 20:12:00,100.0,100.0,2.438861307651991
2026-03-28 20:12:15,100.0,100.0,2.4376254372124673
2026-03-28 20:12:30,100.0,100.0,2.436389566772944
2026-03-28 20:12:45,100.0,100.0,2.43515369633342
2026-03-28 20:13:00,100.0,100.0,2.4339178258938965
2026-03-28 20:13:15,100.0,100.0,2.432681955454373
2026-03-28 20:13:30,100.0,100.0,2.431446085014849
2026-03-28 20:13:45,100.0,100.0,2.4302102145753257
2026-03-28 20:14:00,100.0,100.0,2.428974344135802
2026-03-28 20:14:15,100.0,100.0,2.4277384736962784
2026-03-28 20:14:30,100.0,100.0,2.4265026032567545
2026-03-28 20:14:45,100.0,100.0,2.425266732817231
2026-03-28 20:15:00,100.0,100.0,2.424030862377707
2026-03-28 20:15:15,100.0,100.0,2.4227949919381837
2026-03-28 20:15:30,100.0,100.0,2.4215591214986603
2026-03-28 20:15:45,100.0,100.0,2.4203232510591364
2026-03-28 20:16:00,100.0,100.0,2.419087380619613
2026-03-28 20:16:15,87.5,100.0,2.417851510180089
2026-03-28 20:16:30,87.5,100.0,2.4166156397405656
2026-03-28 20:16:45,87.5,100.0,2.4153797693010417
2026-03-28 20:17:00,87.5,100.0,2.4141438988615183
2026-03-28 20:17:15,87.5,100.0,2.412908028421995
2026-03-28 20:17:30,87.5,100.0,2.411672157982471
2026-03-28 20:17:45,87.5,100.0,2.4104362875429475
2026-03-28 20:18:00,87.5,100.0,2.4092004171034236
2026-03-28 20:18:15,87.5,100.0,2.4079645466639
2026-03-28 20:18:30,87.5,100.0,2.4067286762243763
2026-03-28 20:18:45,87.5,100.0,2.405492805784853
2026-03-28 20:19:00,87.5,100.0,2.404256935345329
2026-03-28 20:19:15,87.5,100.0,2.4030210649058055
2026-03-28 20:19:30,87.5,100.0,2.401785194466282
2026-03-28 20:19:45,87.5,100.0,2.400549324026758
2026-03-28 20:20:00,87.5,100.0,2.3993134535872347
2026-03-28 20:20:15,87.5,100.0,2.398077583147711
2026-03-28 20:20:30,87.5,100.0,2.3968417127081874
2026-03-28 20:20:45,87.5,100.0,2.3956058422686635
2026-03-28 20:21:00,87.5,100.0,2.39436997182914
2026-03-28 20:21:15,87.5,100.0,2.393134101389616
2026-03-28 20:21:30,87.5,100.0,2.3918982309500927
2026-03-28 20:21:45,87.5,100.0,2.3906623605105692
2026-03-28 20:22:00,87.5,100.0,2.3894264900710454
2026-03-28 20:22:15,87.5,100.0,2.388190619631522
2026-03-28 20:22:30,87.5,100.0,2.386954749191998
2026-03-28 20:22:45,100.0,100.0,2.3857188787524746
2026-03-28 20:23:00,100.0,100.0,2.3844830083129507
2026-03-28 20:23:15,100.0,100.0,2.3832471378734272
2026-03-28 20:23:30,100.0,100.0,2.382011267433904
2026-03-28 20:23:45,100.0,100.0,2.38077539699438
2026-03-28 20:24:00,100.0,100.0,2.3795395265548565
2026-03-28 20:24:15,87.5,100.0,2.3783036561153326
2026-03-28 20:24:30,87.5,100.0,2.377067785675809
2026-03-28 20:24:45,100.0,100.0,2.3758319152362852
2026-03-28 20:25:00,100.0,100.0,2.374596044796762
2026-03-28 20:25:15,100.0,100.0,2.373360174357238
2026-03-28 20:25:30,100.0,100.0,2.3721243039177144
2026-03-28 20:25:45,100.0,100.0,2.370888433478191
2026-03-28 20:26:00,100.0,100.0,2.369652563038667
2026-03-28 20:26:15,100.0,100.0,2.3684166925991437
2026-03-28 20:26:30,100.0,100.0,2.36718082215962
2026-03-28 20:26:45,100.0,100.0,2.3659449517200963
2026-03-28 20:27:00,100.0,100.0,2.3647090812805724
2026-03-28 20:27:15,100.0,100.0,2.363473210841049
2026-03-28 20:27:30,100.0,100.0,2.362237340401525
2026-03-28 20:27:45,100.0,100.0,2.3610014699620017
2026-03-28 20:28:00,100.0,100.0,2.359765599522478
2026-03-28 20:28:15,100.0,100.0,2.3585297290829543
2026-03-28 20:28:30,100.0,100.0,2.357293858643431
2026-03-28 20:28:45,100.0,100.0,2.356057988203907
2026-03-28 20:29:00,100.0,100.0,2.3548221177643835
2026-03-28 20:29:15,100.0,100.0,2.3535862473248597
2026-03-28 20:29:30,100.0,100.0,2.352350376885336
2026-03-28 20:29:45,100.0,100.0,2.3511145064458123
2026-03-28 20:30:00,100.0,100.0,2.349878636006289
2026-03-28 20:30:15,100.0,100.0,2.3486427655667654
2026-03-28 20:30:30,100.0,100.0,2.3474068951272415
2026-03-28 20:30:45,100.0,100.0,2.346171024687718
2026-03-28 20:31:00,100.0,100.0,2.344935154248194
2026-03-28 20:31:15,100.0,100.0,2.3436992838086708
2026-03-28 20:31:30,100.0,100.0,2.342463413369147
2026-03-28 20:31:45,100.0,100.0,2.3412275429296234
2026-03-28 20:32:00,100.0,100.0,2.3399916724900995
2026-03-28 20:32:15,100.0,100.0,2.338755802050576
2026-03-28 20:32:30,100.0,100.0,2.3375199316110526
2026-03-28 20:32:45,100.0,100.0,2.3362840611715288
2026-03-28 20:33:00,100.0,100.0,2.3350481907320053
2026-03-28 20:33:15,100.0,100.0,2.3338123202924814
2026-03-28 20:33:30,100.0,100.0,2.332576449852958
2026-03-28 20:33:45,100.0,100.0,2.331340579413434
2026-03-28 20:34:00,100.0,100.0,2.3301047089739106
2026-03-28 20:34:15,100.0,100.0,2.3288688385343868
2026-03-28 20:34:30,100.0,100.0,2.3276329680948633
2026-03-28 20:34:45,100.0,100.0,2.32639709765534
2026-03-28 20:35:00,100.0,100.0,2.325161227215816
2026-03-28 20:35:15,100.0,100.0,2.3239253567762925
2026-03-28 20:35:30,100.0,100.0,2.3226894863367686
2026-03-28 20:35:45,100.0,100.0,2.321453615897245
2026-03-28 20:36:00,100.0,100.0,2.3202177454577213
2026-03-28 20:36:15,100.0,100.0,2.318981875018198
2026-03-28 20:36:30,100.0,100.0,2.3177460045786744
2026-03-28 20:36:45,100.0,100.0,2.3165101341391505
2026-03-28 20:37:00,100.0,100.0,2.315274263699627
2026-03-28 20:37:15,100.0,100.0,2.314038393260103
2026-03-28 20:37:30,100.0,100.0,2.3128025228205797
2026-03-28 20:37:45,100.0,100.0,2.311566652381056
2026-03-28 20:38:00,100.0,100.0,2.3103307819415324
2026-03-28 20:38:15,100.0,100.0,2.3090949115020085
2026-03-28 20:38:30,100.0,100.0,2.307859041062485
2026-03-28 20:38:45,100.0,100.0,2.3066231706229616
2026-03-28 20:39:00,100.0,100.0,2.3053873001834377
2026-03-28 20:39:15,100.0,100.0,2.3041514297439143
2026-03-28 20:39:30,100.0,100.0,2.3029155593043904
2026-03-28 20:39:45,100.0,100.0,2.301679688864867
2026-03-28 20:40:00,100.0,100.0,2.300443818425343
2026-03-28 20:40:15,100.0,100.0,2.2992079479858196
2026-03-28 20:40:30,100.0,100.0,2.297972077546296
2026-03-28 20:40:45,100.0,100.0,2.2967362071067723
2026-03-28 20:41:00,100.0,100.0,2.295500336667249
2026-03-28 20:41:15,100.0,100.0,2.294264466227725
2026-03-28 20:41:30,100.0,100.0,2.2930285957882015
2026-03-28 20:41:45,100.0,100.0,2.2917927253486776
2026-03-28 20:42:00,100.0,100.0,2.290556854909154
2026-03-28 20:42:15,100.0,100.0,2.2893209844696303
2026-03-28 20:42:30,100.0,100.0,2.288085114030107
2026-03-28 20:42:45,100.0,100.0,2.2868492435905834
2026-03-28 20:43:00,100.0,100.0,2.2856133731510595
2026-03-28 20:43:15,100.0,100.0,2.284377502711536
2026-03-28 20:43:30,100.0,100.0,2.283141632272012
2026-03-28 20:43:45,100.0,100.0,2.2819057618324887
2026-03-28 20:44:00,100.0,100.0,2.280669891392965
2026-03-28 20:44:15,100.0,100.0,2.2794340209534414
2026-03-28 20:44:30,100.0,100.0,2.2781981505139175
2026-03-28 20:44:45,100.0,100.0,2.276962280074394
2026-03-28 20:45:00,100.0,100.0,2.2757264096348706
2026-03-28 20:45:15,100.0,100.0,2.2744905391953467
2026-03-28 20:45:30,100.0,100.0,2.2732546687558233
2026-03-28 20:45:45,100.0,100.0,2.2720187983162994
2026-03-28 20:46:00,100.0,100.0,2.270782927876776
2026-03-28 20:46:15,100.0,100.0,2.269547057437252
2026-03-28 20:46:30,100.0,100.0,2.2683111869977286
2026-03-28 20:46:45,100.0,100.0,2.2670753165582047
2026-03-28 20:47:00,100.0,100.0,2.2658394461186813
2026-03-28 20:47:15,100.0,100.0,2.264603575679158
2026-03-28 20:47:30,100.0,100.0,2.263367705239634
2026-03-28 20:47:45,100.0,100.0,2.2621318348001105
2026-03-28 20:48:00,100.0,100.0,2.2608959643605866
2026-03-28 20:48:15,100.0,100.0,2.259660093921063
2026-03-28 20:48:30,100.0,100.0,2.2584242234815393
2026-03-28 20:48:45,100.0,100.0,2.257188353042016
2026-03-28 20:49:00,100.0,100.0,2.255952482602492
2026-03-28 20:49:15,100.0,100.0,2.2547166121629685
2026-03-28 20:49:30,100.0,100.0,2.253480741723445
2026-03-28 20:49:45,100.0,100.0,2.252244871283921
2026-03-28 20:50:00,100.0,100.0,2.2510090008443977
2026-03-28 20:50:15,100.0,100.0,2.249773130404874
2026-03-28 20:50:30,100.0,100.0,2.2485372599653504
2026-03-28 20:50:45,100.0,100.0,2.2473013895258265
2026-03-28 20:51:00,100.0,100.0,2.246065519086303
2026-03-28 20:51:15,100.0,100.0,2.244829648646779
2026-03-28 20:51:30,100.0,100.0,2.2435937782072557
2026-03-28 20:51:45,100.0,100.0,2.2423579077677323
2026-03-28 20:52:00,100.0,100.0,2.2411220373282084
2026-03-28 20:52:15,100.0,100.0,2.239886166888685
2026-03-28 20:52:30,100.0,100.0,2.238650296449161
2026-03-28 20:52:45,100.0,100.0,2.2374144260096376
2026-03-28 20:53:00,100.0,100.0,2.2361785555701137
2026-03-28 20:53:15,100.0,100.0,2.2349426851305902
2026-03-28 20:53:30,100.0,100.0,2.2337068146910664
2026-03-28 20:53:45,100.0,100.0,2.232470944251543
2026-03-28 20:54:00,100.0,100.0,2.2312350738120195
2026-03-28 20:54:15,100.0,100.0,2.2299992033724956
2026-03-28 20:54:30,100.0,100.0,2.228763332932972
2026-03-28 20:54:45,100.0,100.0,2.2275274624934482
2026-03-28 20:55:00,100.0,100.0,2.226291592053925
2026-03-28 20:55:15,100.0,100.0,2.225055721614401
2026-03-28 20:55:30,100.0,100.0,2.2238198511748775
2026-03-28 20:55:45,100.0,100.0,2.2225839807353536
2026-03-28 20:56:00,100.0,100.0,2.22134811029583
2026-03-28 20:56:15,100.0,100.0,2.2201122398563067
2026-03-28 20:56:30,100.0,100.0,2.218876369416783
2026-03-28 20:56:45,100.0,100.0,2.2176404989772593
2026-03-28 20:57:00,100.0,100.0,2.2164046285377355
2026-03-28 20:57:15,100.0,100.0,2.215168758098212
2026-03-28 20:57:30,100.0,100.0,2.2139328876586886
2026-03-28 20:57:45,100.0,100.0,2.2126970172191647
2026-03-28 20:58:00,100.0,100.0,2.2114611467796412
2026-03-28 20:58:15,100.0,100.0,2.2102252763401173
2026-03-28 20:58:30,100.0,100.0,2.208989405900594
2026-03-28 20:58:45,100.0,100.0,2.20775353546107
2026-03-28 20:59:00,100.0,100.0,2.2065176650215466
2026-03-28 20:59:15,100.0,100.0,2.2052817945820227
2026-03-28 20:59:30,100.0,100.0,2.2040459241424992
2026-03-28 20:59:45,100.0,100.0,2.202810053702976
2026-03-28 21:00:00,100.0,100.0,2.201574183263452
2026-03-28 21:00:15,100.0,100.0,2.2003383128239284
2026-03-28 21:00:30,100.0,100.0,2.1991024423844046
2026-03-28 21:00:45,100.0,100.0,2.197866571944881
2026-03-28 21:01:00,100.0,100.0,2.196630701505357
2026-03-28 21:01:15,100.0,100.0,2.1953948310658338
2026-03-28 21:01:30,100.0,100.0,2.19415896062631
2026-03-28 21:01:45,100.0,100.0,2.1929230901867864
2026-03-28 21:02:00,100.0,100.0,2.191687219747263
2026-03-28 21:02:15,100.0,100.0,2.190451349307739
2026-03-28 21:02:30,100.0,100.0,2.1892154788682157
2026-03-28 21:02:45,100.0,100.0,2.1879796084286918
2026-03-28 21:03:00,100.0,100.0,2.1867437379891683
2026-03-28 21:03:15,100.0,100.0,2.1855078675496444
2026-03-28 21:03:30,100.0,100.0,2.184271997110121
2026-03-28 21:03:45,100.0,100.0,2.183036126670597
2026-03-28 21:04:00,100.0,100.0,2.1818002562310737
2026-03-28 21:04:15,100.0,100.0,2.18056438579155
2026-03-28 21:04:30,100.0,100.0,2.1793285153520263
2026-03-28 21:04:45,100.0,100.0,2.178092644912503
2026-03-28 21:05:00,100.0,100.0,2.176856774472979
2026-03-28 21:05:15,100.0,100.0,2.1756209040334555
2026-03-28 21:05:30,100.0,100.0,2.1743850335939316
2026-03-28 21:05:45,87.5,100.0,2.173149163154408
2026-03-28 21:06:00,87.5,100.0,2.1719132927148843
2026-03-28 21:06:15,87.5,100.0,2.170677422275361
2026-03-28 21:06:30,87.5,100.0,2.1694415518358374
2026-03-28 21:06:45,87.5,100.0,2.1682056813963135
2026-03-28 21:07:00,87.5,100.0,2.16696981095679
2026-03-28 21:07:15,87.5,100.0,2.165733940517266
2026-03-28 21:07:30,87.5,100.0,2.1644980700777428
2026-03-28 21:07:45,87.5,100.0,2.163262199638219
2026-03-28 21:08:00,87.5,100.0,2.1620263291986954
2026-03-28 21:08:15,87.5,100.0,2.1607904587591715
2026-03-28 21:08:30,87.5,100.0,2.159554588319648
2026-03-28 21:08:45,87.5,100.0,2.1583187178801246
2026-03-28 21:09:00,100.0,100.0,2.1570828474406007
2026-03-28 21:09:15,100.0,100.0,2.1558469770010773
2026-03-28 21:09:30,100.0,100.0,2.1546111065615534
2026-03-28 21:09:45,100.0,100.0,2.15337523612203
2026-03-28 21:10:00,100.0,100.0,2.152139365682506
2026-03-28 21:10:15,100.0,100.0,2.1509034952429826
2026-03-28 21:10:30,100.0,100.0,2.1496676248034587
2026-03-28 21:10:45,100.0,100.0,2.1484317543639353
2026-03-28 21:11:00,100.0,100.0,2.147195883924412
2026-03-28 21:11:15,100.0,100.0,2.145960013484888
2026-03-28 21:11:30,100.0,100.0,2.1447241430453645
2026-03-28 21:11:45,87.5,100.0,2.1434882726058406
2026-03-28 21:12:00,87.5,100.0,2.142252402166317
2026-03-28 21:12:15,87.5,100.0,2.1410165317267933
2026-03-28 21:12:30,87.5,100.0,2.13978066128727
2026-03-28 21:12:45,87.5,100.0,2.138544790847746
2026-03-28 21:13:00,100.0,100.0,2.1373089204082225
2026-03-28 21:13:15,100.0,100.0,2.136073049968699
2026-03-28 21:13:30,100.0,100.0,2.134837179529175
2026-03-28 21:13:45,100.0,100.0,2.1336013090896517
2026-03-28 21:14:00,100.0,100.0,2.132365438650128
2026-03-28 21:14:15,100.0,100.0,2.1311295682106044
2026-03-28 21:14:30,100.0,100.0,2.1298936977710805
2026-03-28 21:14:45,100.0,100.0,2.128657827331557
2026-03-28 21:15:00,100.0,100.0,2.127421956892033
2026-03-28 21:15:15,100.0,100.0,2.1261860864525097
2026-03-28 21:15:30,100.0,100.0,2.1249502160129863
2026-03-28 21:15:45,100.0,100.0,2.1237143455734624
2026-03-28 21:16:00,100.0,100.0,2.122478475133939
2026-03-28 21:16:15,87.5,100.0,2.121242604694415
2026-03-28 21:16:30,100.0,100.0,2.1200067342548916
2026-03-28 21:16:45,100.0,100.0,2.118770863815368
2026-03-28 21:17:00,100.0,100.0,2.1175349933758443
2026-03-28 21:17:15,100.0,100.0,2.116299122936321
2026-03-28 21:17:30,100.0,100.0,2.115063252496797
2026-03-28 21:17:45,100.0,100.0,2.1138273820572735
2026-03-28 21:18:00,100.0,100.0,2.1125915116177496
2026-03-28 21:18:15,100.0,100.0,2.111355641178226
2026-03-28 21:18:30,100.0,100.0,2.1101197707387023
2026-03-28 21:18:45,100.0,100.0,2.108883900299179
2026-03-28 21:19:00,100.0,100.0,2.1076480298596554
2026-03-28 21:19:15,100.0,100.0,2.1064121594201315
2026-03-28 21:19:30,100.0,100.0,2.105176288980608
2026-03-28 21:19:45,100.0,100.0,2.103940418541084
2026-03-28 21:20:00,100.0,100.0,2.1027045481015607
2026-03-28 21:20:15,100.0,100.0,2.101468677662037
2026-03-28 21:20:30,100.0,100.0,2.1002328072225134
2026-03-28 21:20:45,100.0,100.0,2.0989969367829895
2026-03-28 21:21:00,100.0,100.0,2.097761066343466
2026-03-28 21:21:15,100.0,100.0,2.0965251959039426
2026-03-28 21:21:30,100.0,100.0,2.0952893254644187
2026-03-28 21:21:45,100.0,100.0,2.0940534550248953
2026-03-28 21:22:00,100.0,100.0,2.0928175845853714
2026-03-28 21:22:15,100.0,100.0,2.091581714145848
2026-03-28 21:22:30,100.0,100.0,2.090345843706324
2026-03-28 21:22:45,100.0,100.0,2.0891099732668006
2026-03-28 21:23:00,100.0,100.0,2.0878741028272767
2026-03-28 21:23:15,100.0,100.0,2.0866382323877533
2026-03-28 21:23:30,100.0,100.0,2.08540236194823
2026-03-28 21:23:45,100.0,100.0,2.084166491508706
2026-03-28 21:24:00,100.0,100.0,2.0829306210691825
2026-03-28 21:24:15,100.0,100.0,2.0816947506296586
2026-03-28 21:24:30,100.0,100.0,2.080458880190135
2026-03-28 21:24:45,100.0,100.0,2.0792230097506113
2026-03-28 21:25:00,100.0,100.0,2.077987139311088
2026-03-28 21:25:15,100.0,100.0,2.076751268871564
2026-03-28 21:25:30,100.0,100.0,2.0755153984320405
2026-03-28 21:25:45,100.0,100.0,2.074279527992517
2026-03-28 21:26:00,100.0,100.0,2.073043657552993
2026-03-28 21:26:15,100.0,100.0,2.0718077871134697
2026-03-28 21:26:30,100.0,100.0,2.070571916673946
2026-03-28 21:26:45,100.0,100.0,2.0693360462344224
2026-03-28 21:27:00,100.0,100.0,2.0681001757948985
2026-03-28 21:27:15,100.0,100.0,2.066864305355375
2026-03-28 21:27:30,100.0,100.0,2.065628434915851
2026-03-28 21:27:45,100.0,100.0,2.0643925644763277
2026-03-28 21:28:00,100.0,100.0,2.0631566940368042
2026-03-28 21:28:15,100.0,100.0,2.0619208235972804
2026-03-28 21:28:30,100.0,100.0,2.060684953157757
2026-03-28 21:28:45,100.0,100.0,2.059449082718233
2026-03-28 21:29:00,100.0,100.0,2.0582132122787096
2026-03-28 21:29:15,100.0,100.0,2.0569773418391857
2026-03-28 21:29:30,100.0,100.0,2.0557414713996622
2026-03-28 21:29:45,100.0,100.0,2.0545056009601383
2026-03-28 21:30:00,100.0,100.0,2.053269730520615
2026-03-28 21:30:15,100.0,100.0,2.0520338600810915
2026-03-28 21:30:30,100.0,100.0,2.0507979896415676
2026-03-28 21:30:45,100.0,100.0,2.049562119202044
2026-03-28 21:31:00,100.0,100.0,2.0483262487625202
2026-03-28 21:31:15,100.0,100.0,2.047090378322997
2026-03-28 21:31:30,100.0,100.0,2.045854507883473
2026-03-28 21:31:45,100.0,100.0,2.0446186374439494
2026-03-28 21:32:00,100.0,100.0,2.0433827670044256
2026-03-28 21:32:15,100.0,100.0,2.042146896564902
2026-03-28 21:32:30,100.0,100.0,2.0409110261253787
2026-03-28 21:32:45,100.0,100.0,2.039675155685855
2026-03-28 21:33:00,100.0,100.0,2.0384392852463313
2026-03-28 21:33:15,100.0,100.0,2.0372034148068074
2026-03-28 21:33:30,100.0,100.0,2.035967544367284
2026-03-28 21:33:45,100.0,100.0,2.0347316739277606
2026-03-28 21:34:00,100.0,100.0,2.0334958034882367
2026-03-28 21:34:15,100.0,100.0,2.0322599330487128
2026-03-28 21:34:30,100.0,100.0,2.0310240626091893
2026-03-28 21:34:45,100.0,100.0,2.029788192169666
2026-03-28 21:35:00,100.0,100.0,2.028552321730142
2026-03-28 21:35:15,100.0,100.0,2.0273164512906185
2026-03-28 21:35:30,100.0,100.0,2.0260805808510947
2026-03-28 21:35:45,100.0,100.0,2.024844710411571
2026-03-28 21:36:00,100.0,100.0,2.0236088399720478
2026-03-28 21:36:15,100.0,100.0,2.022372969532524
2026-03-28 21:36:30,100.0,100.0,2.0211370990930004
2026-03-28 21:36:45,100.0,100.0,2.0199012286534765
2026-03-28 21:37:00,100.0,100.0,2.018665358213953
2026-03-28 21:37:15,100.0,100.0,2.017429487774429
2026-03-28 21:37:30,100.0,100.0,2.0161936173349058
2026-03-28 21:37:45,100.0,100.0,2.014957746895382
2026-03-28 21:38:00,100.0,100.0,2.0137218764558584
2026-03-28 21:38:15,100.0,100.0,2.012486006016335
2026-03-28 21:38:30,100.0,100.0,2.011250135576811
2026-03-28 21:38:45,100.0,100.0,2.0100142651372876
2026-03-28 21:39:00,100.0,100.0,2.0087783946977638
2026-03-28 21:39:15,100.0,100.0,2.0075425242582403
2026-03-28 21:39:30,100.0,100.0,2.0063066538187164
2026-03-28 21:39:45,100.0,100.0,2.005070783379193
2026-03-28 21:40:00,100.0,100.0,2.003834912939669
2026-03-28 21:40:15,100.0,100.0,2.0025990425001456
2026-03-28 21:40:30,100.0,100.0,2.001363172060622
2026-03-28 21:40:45,100.0,100.0,2.0001273016210983
2026-03-28 21:41:00,100.0,100.0,1.9988914311815746
2026-03-28 21:41:15,100.0,100.0,1.997655560742051
2026-03-28 21:41:30,100.0,100.0,1.9964196903025275
2026-03-28 21:41:45,100.0,100.0,1.9951838198630036
2026-03-28 21:42:00,100.0,100.0,1.9939479494234802
2026-03-28 21:42:15,100.0,100.0,1.9927120789839565
2026-03-28 21:42:30,100.0,100.0,1.9914762085444329
2026-03-28 21:42:45,100.0,100.0,1.9902403381049092
2026-03-28 21:43:00,100.0,100.0,1.9890044676653855
2026-03-28 21:43:15,100.0,100.0,1.987768597225862
2026-03-28 21:43:30,100.0,100.0,1.9865327267863382
2026-03-28 21:43:45,100.0,100.0,1.9852968563468147
2026-03-28 21:44:00,100.0,100.0,1.9840609859072909
2026-03-28 21:44:15,100.0,100.0,1.9828251154677674
2026-03-28 21:44:30,100.0,100.0,1.9815892450282437
2026-03-28 21:44:45,100.0,100.0,1.98035337458872
2026-03-28 21:45:00,100.0,100.0,1.9791175041491964
2026-03-28 21:45:15,100.0,100.0,1.9778816337096727
2026-03-28 21:45:30,100.0,100.0,1.9766457632701493
2026-03-28 21:45:45,100.0,100.0,1.9754098928306254
2026-03-28 21:46:00,100.0,100.0,1.974174022391102
2026-03-28 21:46:15,100.0,100.0,1.972938151951578
2026-03-28 21:46:30,100.0,100.0,1.9717022815120546
2026-03-28 21:46:45,100.0,100.0,1.970466411072531
2026-03-28 21:47:00,100.0,100.0,1.9692305406330073
2026-03-28 21:47:15,100.0,100.0,1.9679946701934836
2026-03-28 21:47:30,100.0,100.0,1.96675879975396
2026-03-28 21:47:45,100.0,100.0,1.9655229293144365
2026-03-28 21:48:00,100.0,100.0,1.9642870588749126
2026-03-28 21:48:15,100.0,100.0,1.9630511884353892
2026-03-28 21:48:30,100.0,100.0,1.9618153179958655
2026-03-28 21:48:45,100.0,100.0,1.9605794475563418
2026-03-28 21:49:00,100.0,100.0,1.9593435771168182
2026-03-28 21:49:15,100.0,100.0,1.9581077066772945
2026-03-28 21:49:30,100.0,100.0,1.9568718362377708
2026-03-28 21:49:45,100.0,100.0,1.9556359657982472
2026-03-28 21:50:00,100.0,100.0,1.9544000953587237
2026-03-28 21:50:15,100.0,100.0,1.9531642249191998
2026-03-28 21:50:30,100.0,100.0,1.9519283544796764
2026-03-28 21:50:45,100.0,100.0,1.9506924840401527
2026-03-28 21:51:00,100.0,100.0,1.949456613600629
2026-03-28 21:51:15,100.0,100.0,1.9482207431611054
2026-03-28 21:51:30,100.0,100.0,1.9469848727215817
2026-03-28 21:51:45,100.0,100.0,1.9457490022820583
2026-03-28 21:52:00,100.0,100.0,1.9445131318425344
2026-03-28 21:52:15,100.0,100.0,1.943277261403011
2026-03-28 21:52:30,100.0,100.0,1.942041390963487
2026-03-28 21:52:45,100.0,100.0,1.9408055205239636
2026-03-28 21:53:00,100.0,100.0,1.93956965008444
2026-03-28 21:53:15,100.0,100.0,1.9383337796449163
2026-03-28 21:53:30,100.0,100.0,1.9370979092053926
2026-03-28 21:53:45,100.0,100.0,1.935862038765869
2026-03-28 21:54:00,100.0,100.0,1.9346261683263455
2026-03-28 21:54:15,100.0,100.0,1.9333902978868216
2026-03-28 21:54:30,100.0,100.0,1.9321544274472982
2026-03-28 21:54:45,100.0,100.0,1.9309185570077743
2026-03-28 21:55:00,100.0,100.0,1.9296826865682508
2026-03-28 21:55:15,100.0,100.0,1.9284468161287271
2026-03-28 21:55:30,100.0,100.0,1.9272109456892035
2026-03-28 21:55:45,100.0,100.0,1.9259750752496798
2026-03-28 21:56:00,100.0,100.0,1.9247392048101561
2026-03-28 21:56:15,100.0,100.0,1.9235033343706327
2026-03-28 21:56:30,100.0,100.0,1.9222674639311088
2026-03-28 21:56:45,100.0,100.0,1.9210315934915854
2026-03-28 21:57:00,100.0,100.0,1.9197957230520617
2026-03-28 21:57:15,100.0,100.0,1.918559852612538
2026-03-28 21:57:30,100.0,100.0,1.9173239821730144
2026-03-28 21:57:45,100.0,100.0,1.9160881117334907
2026-03-28 21:58:00,100.0,100.0,1.914852241293967
2026-03-28 21:58:15,100.0,100.0,1.9136163708544434
2026-03-28 21:58:30,100.0,100.0,1.91238050041492
2026-03-28 21:58:45,100.0,100.0,1.911144629975396
2026-03-28 21:59:00,100.0,100.0,1.9099087595358726
2026-03-28 21:59:15,100.0,100.0,1.908672889096349
2026-03-28 21:59:30,100.0,100.0,1.9074370186568252
2026-03-28 21:59:45,100.0,100.0,1.9062011482173016
2026-03-28 22:00:00,100.0,100.0,1.904965277777778
2026-03-28 22:00:15,100.0,100.0,1.9050041905550175
2026-03-28 22:00:30,100.0,100.0,1.9050431033322568
2026-03-28 22:00:45,100.0,100.0,1.9050820161094963
2026-03-28 22:01:00,100.0,100.0,1.9051209288867357
2026-03-28 22:01:15,100.0,100.0,1.9051598416639752
2026-03-28 22:01:30,100.0,100.0,1.9051987544412146
2026-03-28 22:01:45,100.0,100.0,1.9052376672184541
2026-03-28 22:02:00,100.0,100.0,1.9052765799956934
2026-03-28 22:02:15,100.0,100.0,1.905315492772933
2026-03-28 22:02:30,100.0,100.0,1.9053544055501723
2026-03-28 22:02:45,100.0,100.0,1.9053933183274119
2026-03-28 22:03:00,100.0,100.0,1.9054322311046512
2026-03-28 22:03:15,100.0,100.0,1.9054711438818908
2026-03-28 22:03:30,100.0,100.0,1.90551005665913
2026-03-28 22:03:45,100.0,100.0,1.9055489694363696
2026-03-28 22:04:00,100.0,100.0,1.905587882213609
2026-03-28 22:04:15,100.0,100.0,1.9056267949908485
2026-03-28 22:04:30,87.5,100.0,1.905665707768088
2026-03-28 22:04:45,87.5,100.0,1.9057046205453274
2026-03-28 22:05:00,87.5,100.0,1.905743533322567
2026-03-28 22:05:15,87.5,100.0,1.9057824460998063
2026-03-28 22:05:30,87.5,100.0,1.9058213588770458
2026-03-28 22:05:45,87.5,80.0,1.9058602716542852
2026-03-28 22:06:00,87.5,60.0,1.9058991844315247
2026-03-28 22:06:15,87.5,60.0,1.905938097208764
2026-03-28 22:06:30,87.5,60.0,1.9059770099860036
2026-03-28 22:06:45,87.5,60.0,1.906015922763243
2026-03-28 22:07:00,87.5,80.0,1.9060548355404825
2026-03-28 22:07:15,87.5,100.0,1.9060937483177218
2026-03-28 22:07:30,87.5,100.0,1.9061326610949614
2026-03-28 22:07:45,87.5,100.0,1.9061715738722007
2026-03-28 22:08:00,87.5,100.0,1.9062104866494403
2026-03-28 22:08:15,87.5,100.0,1.9062493994266796
2026-03-28 22:08:30,87.5,100.0,1.9062883122039191
2026-03-28 22:08:45,100.0,100.0,1.9063272249811587
2026-03-28 22:09:00,100.0,100.0,1.906366137758398
2026-03-28 22:09:15,100.0,100.0,1.9064050505356376
2026-03-28 22:09:30,100.0,100.0,1.906443963312877
2026-03-28 22:09:45,100.0,100.0,1.9064828760901165
2026-03-28 22:10:00,100.0,100.0,1.9065217888673558
2026-03-28 22:10:15,100.0,100.0,1.9065607016445953
2026-03-28 22:10:30,100.0,100.0,1.9065996144218347
2026-03-28 22:10:45,100.0,100.0,1.9066385271990742
2026-03-28 22:11:00,100.0,100.0,1.9066774399763136
2026-03-28 22:11:15,100.0,100.0,1.9067163527535531
2026-03-28 22:11:30,100.0,100.0,1.9067552655307924
2026-03-28 22:11:45,100.0,100.0,1.906794178308032
2026-03-28 22:12:00,100.0,100.0,1.9068330910852713
2026-03-28 22:12:15,100.0,100.0,1.9068720038625109
2026-03-28 22:12:30,100.0,100.0,1.9069109166397502
2026-03-28 22:12:45,100.0,100.0,1.9069498294169898
2026-03-28 22:13:00,100.0,100.0,1.9069887421942293
2026-03-28 22:13:15,100.0,100.0,1.9070276549714686
2026-03-28 22:13:30,100.0,100.0,1.9070665677487082
2026-03-28 22:13:45,100.0,100.0,1.9071054805259475
2026-03-28 22:14:00,100.0,100.0,1.907144393303187
2026-03-28 22:14:15,100.0,100.0,1.9071833060804264
2026-03-28 22:14:30,100.0,100.0,1.907222218857666
2026-03-28 22:14:45,100.0,100.0,1.9072611316349053
2026-03-28 22:15:00,100.0,100.0,1.9073000444121448
2026-03-28 22:15:15,100.0,100.0,1.9073389571893842
2026-03-28 22:15:30,100.0,100.0,1.9073778699666237
2026-03-28 22:15:45,100.0,100.0,1.907416782743863
2026-03-28 22:16:00,100.0,100.0,1.9074556955211026
2026-03-28 22:16:15,100.0,100.0,1.907494608298342
2026-03-28 22:16:30,100.0,100.0,1.9075335210755815
2026-03-28 22:16:45,100.0,100.0,1.9075724338528208
2026-03-28 22:17:00,100.0,100.0,1.9076113466300604
2026-03-28 22:17:15,100.0,100.0,1.9076502594073
2026-03-28 22:17:30,100.0,100.0,1.9076891721845393
2026-03-28 22:17:45,100.0,100.0,1.9077280849617788
2026-03-28 22:18:00,100.0,100.0,1.9077669977390181
2026-03-28 22:18:15,100.0,100.0,1.9078059105162577
2026-03-28 22:18:30,100.0,100.0,1.907844823293497
2026-03-28 22:18:45,100.0,100.0,1.9078837360707366
2026-03-28 22:19:00,100.0,100.0,1.907922648847976
2026-03-28 22:19:15,100.0,100.0,1.9079615616252155
2026-03-28 22:19:30,100.0,100.0,1.9080004744024548
2026-03-28 22:19:45,100.0,100.0,1.9080393871796943
2026-03-28 22:20:00,100.0,100.0,1.9080782999569337
2026-03-28 22:20:15,100.0,100.0,1.9081172127341732
2026-03-28 22:20:30,100.0,100.0,1.9081561255114126
2026-03-28 22:20:45,100.0,100.0,1.9081950382886521
2026-03-28 22:21:00,100.0,100.0,1.9082339510658914
2026-03-28 22:21:15,100.0,100.0,1.908272863843131
2026-03-28 22:21:30,100.0,80.0,1.9083117766203705
2026-03-28 22:21:45,100.0,80.0,1.9083506893976099
2026-03-28 22:22:00,100.0,80.0,1.9083896021748494
2026-03-28 22:22:15,100.0,80.0,1.9084285149520888
2026-03-28 22:22:30,100.0,80.0,1.9084674277293283
2026-03-28 22:22:45,100.0,100.0,1.9085063405065676
2026-03-28 22:23:00,100.0,100.0,1.9085452532838072
2026-03-28 22:23:15,100.0,100.0,1.9085841660610465
2026-03-28 22:23:30,100.0,100.0,1.908623078838286
2026-03-28 22:23:45,100.0,100.0,1.9086619916155254
2026-03-28 22:24:00,100.0,100.0,1.908700904392765
2026-03-28 22:24:15,100.0,100.0,1.9087398171700043
2026-03-28 22:24:30,100.0,100.0,1.9087787299472438
2026-03-28 22:24:45,100.0,100.0,1.9088176427244832
2026-03-28 22:25:00,100.0,100.0,1.9088565555017227
2026-03-28 22:25:15,100.0,100.0,1.908895468278962
2026-03-28 22:25:30,100.0,100.0,1.9089343810562016
2026-03-28 22:25:45,100.0,100.0,1.9089732938334412
2026-03-28 22:26:00,100.0,100.0,1.9090122066106805
2026-03-28 22:26:15,100.0,100.0,1.90905111938792
2026-03-28 22:26:30,100.0,100.0,1.9090900321651594
2026-03-28 22:26:45,100.0,100.0,1.909128944942399
2026-03-28 22:27:00,100.0,100.0,1.9091678577196383
2026-03-28 22:27:15,100.0,100.0,1.9092067704968778
2026-03-28 22:27:30,100.0,100.0,1.9092456832741171
2026-03-28 22:27:45,100.0,100.0,1.9092845960513567
2026-03-28 22:28:00,100.0,100.0,1.909323508828596
2026-03-28 22:28:15,100.0,100.0,1.9093624216058356
2026-03-28 22:28:30,100.0,100.0,1.909401334383075
2026-03-28 22:28:45,100.0,100.0,1.9094402471603145
2026-03-28 22:29:00,100.0,100.0,1.9094791599375538
2026-03-28 22:29:15,100.0,100.0,1.9095180727147933
2026-03-28 22:29:30,100.0,100.0,1.9095569854920327
2026-03-28 22:29:45,100.0,100.0,1.9095958982692722
2026-03-28 22:30:00,100.0,100.0,1.9096348110465118
2026-03-28 22:30:15,100.0,100.0,1.9096737238237511
2026-03-28 22:30:30,100.0,100.0,1.9097126366009907
2026-03-28 22:30:45,100.0,100.0,1.90975154937823
2026-03-28 22:31:00,100.0,100.0,1.9097904621554695
2026-03-28 22:31:15,100.0,100.0,1.9098293749327089
2026-03-28 22:31:30,100.0,100.0,1.9098682877099484
2026-03-28 22:31:45,100.0,100.0,1.9099072004871878
2026-03-28 22:32:00,100.0,100.0,1.9099461132644273
2026-03-28 22:32:15,100.0,100.0,1.9099850260416666
2026-03-28 22:32:30,100.0,100.0,1.9100239388189062
2026-03-28 22:32:45,100.0,100.0,1.9100628515961455
2026-03-28 22:33:00,100.0,100.0,1.910101764373385
2026-03-28 22:33:15,100.0,100.0,1.9101406771506244
2026-03-28 22:33:30,100.0,100.0,1.910179589927864
2026-03-28 22:33:45,100.0,100.0,1.9102185027051033
2026-03-28 22:34:00,100.0,100.0,1.9102574154823428
2026-03-28 22:34:15,100.0,100.0,1.9102963282595822
2026-03-28 22:34:30,100.0,100.0,1.9103352410368217
2026-03-28 22:34:45,100.0,100.0,1.9103741538140613
2026-03-28 22:35:00,100.0,100.0,1.9104130665913006
2026-03-28 22:35:15,100.0,100.0,1.9104519793685402
2026-03-28 22:35:30,100.0,100.0,1.9104908921457795
2026-03-28 22:35:45,100.0,100.0,1.910529804923019
2026-03-28 22:36:00,100.0,100.0,1.9105687177002584
2026-03-28 22:36:15,100.0,100.0,1.910607630477498
2026-03-28 22:36:30,100.0,100.0,1.9106465432547373
2026-03-28 22:36:45,100.0,100.0,1.9106854560319768
2026-03-28 22:37:00,100.0,100.0,1.9107243688092161
2026-03-28 22:37:15,100.0,100.0,1.9107632815864557
2026-03-28 22:37:30,100.0,100.0,1.910802194363695
2026-03-28 22:37:45,100.0,100.0,1.9108411071409346
2026-03-28 22:38:00,100.0,100.0,1.910880019918174
2026-03-28 22:38:15,100.0,100.0,1.9109189326954135
2026-03-28 22:38:30,100.0,100.0,1.9109578454726528
2026-03-28 22:38:45,100.0,100.0,1.9109967582498923
2026-03-28 22:39:00,100.0,100.0,1.911035671027132
2026-03-28 22:39:15,100.0,100.0,1.9110745838043712
2026-03-28 22:39:30,100.0,100.0,1.9111134965816108
2026-03-28 22:39:45,100.0,100.0,1.9111524093588501
2026-03-28 22:40:00,100.0,100.0,1.9111913221360897
2026-03-28 22:40:15,100.0,100.0,1.911230234913329
2026-03-28 22:40:30,100.0,100.0,1.9112691476905685
2026-03-28 22:40:45,100.0,100.0,1.9113080604678079
2026-03-28 22:41:00,100.0,100.0,1.9113469732450474
2026-03-28 22:41:15,100.0,100.0,1.9113858860222868
2026-03-28 22:41:30,87.5,100.0,1.9114247987995263
2026-03-28 22:41:45,87.5,100.0,1.9114637115767656
2026-03-28 22:42:00,87.5,100.0,1.9115026243540052
2026-03-28 22:42:15,87.5,100.0,1.9115415371312445
2026-03-28 22:42:30,87.5,100.0,1.911580449908484
2026-03-28 22:42:45,100.0,100.0,1.9116193626857234
2026-03-28 22:43:00,100.0,100.0,1.911658275462963
2026-03-28 22:43:15,100.0,100.0,1.9116971882402025
2026-03-28 22:43:30,100.0,100.0,1.9117361010174418
2026-03-28 22:43:45,100.0,100.0,1.9117750137946814
2026-03-28 22:44:00,100.0,100.0,1.9118139265719207
2026-03-28 22:44:15,100.0,100.0,1.9118528393491603
2026-03-28 22:44:30,100.0,100.0,1.9118917521263996
2026-03-28 22:44:45,100.0,100.0,1.9119306649036392
2026-03-28 22:45:00,100.0,100.0,1.9119695776808785
2026-03-28 22:45:15,100.0,100.0,1.912008490458118
2026-03-28 22:45:30,100.0,100.0,1.9120474032353574
2026-03-28 22:45:45,100.0,100.0,1.912086316012597
2026-03-28 22:46:00,100.0,100.0,1.9121252287898363
2026-03-28 22:46:15,100.0,100.0,1.9121641415670758
2026-03-28 22:46:30,100.0,100.0,1.9122030543443151
2026-03-28 22:46:45,100.0,100.0,1.9122419671215547
2026-03-28 22:47:00,100.0,100.0,1.912280879898794
2026-03-28 22:47:15,100.0,100.0,1.9123197926760336
2026-03-28 22:47:30,100.0,100.0,1.9123587054532731
2026-03-28 22:47:45,100.0,100.0,1.9123976182305125
2026-03-28 22:48:00,87.5,100.0,1.912436531007752
2026-03-28 22:48:15,87.5,100.0,1.9124754437849913
2026-03-28 22:48:30,87.5,100.0,1.912514356562231
2026-03-28 22:48:45,87.5,100.0,1.9125532693394702
2026-03-28 22:49:00,87.5,100.0,1.9125921821167098
2026-03-28 22:49:15,87.5,100.0,1.9126310948939491
2026-03-28 22:49:30,87.5,100.0,1.9126700076711887
2026-03-28 22:49:45,87.5,100.0,1.912708920448428
2026-03-28 22:50:00,87.5,100.0,1.9127478332256675
2026-03-28 22:50:15,87.5,100.0,1.9127867460029069
2026-03-28 22:50:30,87.5,100.0,1.9128256587801464
2026-03-28 22:50:45,87.5,100.0,1.9128645715573858
2026-03-28 22:51:00,87.5,100.0,1.9129034843346253
2026-03-28 22:51:15,87.5,100.0,1.9129423971118646
2026-03-28 22:51:30,87.5,100.0,1.9129813098891042
2026-03-28 22:51:45,87.5,100.0,1.9130202226663438
2026-03-28 22:52:00,87.5,100.0,1.913059135443583
2026-03-28 22:52:15,87.5,100.0,1.9130980482208226
2026-03-28 22:52:30,87.5,100.0,1.913136960998062
2026-03-28 22:52:45,87.5,100.0,1.9131758737753015
2026-03-28 22:53:00,87.5,100.0,1.9132147865525408
2026-03-28 22:53:15,87.5,100.0,1.9132536993297804
2026-03-28 22:53:30,87.5,100.0,1.9132926121070197
2026-03-28 22:53:45,87.5,100.0,1.9133315248842593
2026-03-28 22:54:00,87.5,100.0,1.9133704376614986
2026-03-28 22:54:15,87.5,100.0,1.9134093504387382
2026-03-28 22:54:30,87.5,100.0,1.9134482632159775
2026-03-28 22:54:45,87.5,100.0,1.913487175993217
2026-03-28 22:55:00,87.5,100.0,1.9135260887704564
2026-03-28 22:55:15,87.5,100.0,1.913565001547696
2026-03-28 22:55:30,100.0,100.0,1.9136039143249353
2026-03-28 22:55:45,100.0,100.0,1.9136428271021748
2026-03-28 22:56:00,100.0,100.0,1.9136817398794144
2026-03-28 22:56:15,100.0,100.0,1.9137206526566537
2026-03-28 22:56:30,100.0,100.0,1.9137595654338933
2026-03-28 22:56:45,100.0,100.0,1.9137984782111326
2026-03-28 22:57:00,100.0,100.0,1.9138373909883721
2026-03-28 22:57:15,100.0,100.0,1.9138763037656115
2026-03-28 22:57:30,100.0,100.0,1.913915216542851
2026-03-28 22:57:45,100.0,100.0,1.9139541293200903
2026-03-28 22:58:00,100.0,100.0,1.91399304209733
2026-03-28 22:58:15,100.0,100.0,1.9140319548745692
2026-03-28 22:58:30,100.0,100.0,1.9140708676518088
2026-03-28 22:58:45,100.0,100.0,1.9141097804290481
2026-03-28 22:59:00,100.0,100.0,1.9141486932062877
2026-03-28 22:59:15,100.0,100.0,1.914187605983527
2026-03-28 22:59:30,100.0,100.0,1.9142265187607665
2026-03-28 22:59:45,100.0,100.0,1.9142654315380059
2026-03-28 23:00:00,100.0,100.0,1.9143043443152454
2026-03-28 23:00:15,100.0,100.0,1.914343257092485
2026-03-28 23:00:30,100.0,100.0,1.9143821698697243
2026-03-28 23:00:45,100.0,100.0,1.9144210826469639
2026-03-28 23:01:00,100.0,100.0,1.9144599954242032
2026-03-28 23:01:15,100.0,100.0,1.9144989082014428
2026-03-28 23:01:30,100.0,100.0,1.914537820978682
2026-03-28 23:01:45,100.0,100.0,1.9145767337559216
2026-03-28 23:02:00,100.0,100.0,1.914615646533161
2026-03-28 23:02:15,100.0,100.0,1.9146545593104005
2026-03-28 23:02:30,100.0,100.0,1.9146934720876398
2026-03-28 23:02:45,100.0,100.0,1.9147323848648794
2026-03-28 23:03:00,100.0,100.0,1.9147712976421187
2026-03-28 23:03:15,100.0,100.0,1.9148102104193583
2026-03-28 23:03:30,100.0,100.0,1.9148491231965976
2026-03-28 23:03:45,100.0,100.0,1.9148880359738372
2026-03-28 23:04:00,100.0,100.0,1.9149269487510765
2026-03-28 23:04:15,100.0,100.0,1.914965861528316
2026-03-28 23:04:30,100.0,100.0,1.9150047743055556
2026-03-28 23:04:45,100.0,100.0,1.915043687082795
2026-03-28 23:05:00,100.0,100.0,1.9150825998600345
2026-03-28 23:05:15,100.0,100.0,1.9151215126372738
2026-03-28 23:05:30,87.5,100.0,1.9151604254145134
2026-03-28 23:05:45,87.5,100.0,1.9151993381917527
2026-03-28 23:06:00,100.0,100.0,1.9152382509689923
2026-03-28 23:06:15,100.0,100.0,1.9152771637462316
2026-03-28 23:06:30,100.0,100.0,1.9153160765234711
2026-03-28 23:06:45,100.0,100.0,1.9153549893007105
2026-03-28 23:07:00,100.0,100.0,1.91539390207795
2026-03-28 23:07:15,100.0,100.0,1.9154328148551893
2026-03-28 23:07:30,100.0,80.0,1.915471727632429
2026-03-28 23:07:45,100.0,80.0,1.9155106404096682
2026-03-28 23:08:00,100.0,80.0,1.9155495531869078
2026-03-28 23:08:15,100.0,80.0,1.9155884659641471
2026-03-28 23:08:30,100.0,80.0,1.9156273787413867
2026-03-28 23:08:45,100.0,100.0,1.9156662915186262
2026-03-28 23:09:00,100.0,100.0,1.9157052042958655
2026-03-28 23:09:15,100.0,100.0,1.915744117073105
2026-03-28 23:09:30,100.0,100.0,1.9157830298503444
2026-03-28 23:09:45,100.0,100.0,1.915821942627584
2026-03-28 23:10:00,100.0,100.0,1.9158608554048233
2026-03-28 23:10:15,100.0,100.0,1.9158997681820629
2026-03-28 23:10:30,100.0,100.0,1.9159386809593022
2026-03-28 23:10:45,100.0,100.0,1.9159775937365418
2026-03-28 23:11:00,100.0,100.0,1.916016506513781
2026-03-28 23:11:15,100.0,100.0,1.9160554192910206
2026-03-28 23:11:30,100.0,100.0,1.91609433206826
2026-03-28 23:11:45,100.0,100.0,1.9161332448454995
2026-03-28 23:12:00,100.0,100.0,1.9161721576227388
2026-03-28 23:12:15,100.0,100.0,1.9162110703999784
2026-03-28 23:12:30,100.0,80.0,1.9162499831772177
2026-03-28 23:12:45,100.0,80.0,1.9162888959544573
2026-03-28 23:13:00,100.0,80.0,1.9163278087316968
2026-03-28 23:13:15,100.0,80.0,1.9163667215089362
2026-03-28 23:13:30,100.0,80.0,1.9164056342861757
2026-03-28 23:13:45,100.0,100.0,1.916444547063415
2026-03-28 23:14:00,100.0,100.0,1.9164834598406546
2026-03-28 23:14:15,100.0,100.0,1.916522372617894
2026-03-28 23:14:30,100.0,100.0,1.9165612853951335
2026-03-28 23:14:45,100.0,100.0,1.9166001981723728
2026-03-28 23:15:00,100.0,100.0,1.9166391109496124
2026-03-28 23:15:15,100.0,100.0,1.9166780237268517
2026-03-28 23:15:30,100.0,100.0,1.9167169365040913
2026-03-28 23:15:45,100.0,100.0,1.9167558492813306
2026-03-28 23:16:00,100.0,100.0,1.9167947620585701
2026-03-28 23:16:15,100.0,100.0,1.9168336748358095
2026-03-28 23:16:30,100.0,100.0,1.916872587613049
2026-03-28 23:16:45,100.0,100.0,1.9169115003902883
2026-03-28 23:17:00,100.0,100.0,1.916950413167528
2026-03-28 23:17:15,100.0,100.0,1.9169893259447675
2026-03-28 23:17:30,100.0,100.0,1.9170282387220068
2026-03-28 23:17:45,100.0,100.0,1.9170671514992463
2026-03-28 23:18:00,100.0,100.0,1.9171060642764857
2026-03-28 23:18:15,100.0,100.0,1.9171449770537252
2026-03-28 23:18:30,100.0,100.0,1.9171838898309645
2026-03-28 23:18:45,100.0,100.0,1.917222802608204
2026-03-28 23:19:00,100.0,100.0,1.9172617153854434
2026-03-28 23:19:15,100.0,100.0,1.917300628162683
2026-03-28 23:19:30,87.5,100.0,1.9173395409399223
2026-03-28 23:19:45,87.5,100.0,1.9173784537171619
2026-03-28 23:20:00,87.5,100.0,1.9174173664944012
2026-03-28 23:20:15,87.5,100.0,1.9174562792716408
2026-03-28 23:20:30,87.5,80.0,1.91749519204888
2026-03-28 23:20:45,87.5,60.0,1.9175341048261196
2026-03-28 23:21:00,100.0,60.0,1.917573017603359
2026-03-28 23:21:15,100.0,60.0,1.9176119303805985
2026-03-28 23:21:30,100.0,60.0,1.917650843157838
2026-03-28 23:21:45,100.0,80.0,1.9176897559350774
2026-03-28 23:22:00,100.0,100.0,1.917728668712317
2026-03-28 23:22:15,100.0,100.0,1.9177675814895563
2026-03-28 23:22:30,87.5,100.0,1.9178064942667958
2026-03-28 23:22:45,87.5,100.0,1.9178454070440352
2026-03-28 23:23:00,87.5,100.0,1.9178843198212747
2026-03-28 23:23:15,87.5,100.0,1.917923232598514
2026-03-28 23:23:30,87.5,100.0,1.9179621453757536
2026-03-28 23:23:45,100.0,100.0,1.918001058152993
2026-03-28 23:24:00,100.0,100.0,1.9180399709302325
2026-03-28 23:24:15,100.0,100.0,1.9180788837074718
2026-03-28 23:24:30,100.0,100.0,1.9181177964847114
2026-03-28 23:24:45,100.0,100.0,1.9181567092619507
2026-03-28 23:25:00,100.0,100.0,1.9181956220391903
2026-03-28 23:25:15,100.0,100.0,1.9182345348164296
2026-03-28 23:25:30,100.0,100.0,1.9182734475936691
2026-03-28 23:25:45,100.0,100.0,1.9183123603709085
2026-03-28 23:26:00,100.0,100.0,1.918351273148148
2026-03-28 23:26:15,100.0,100.0,1.9183901859253876
2026-03-28 23:26:30,100.0,100.0,1.918429098702627
2026-03-28 23:26:45,100.0,100.0,1.9184680114798665
2026-03-28 23:27:00,100.0,100.0,1.9185069242571058
2026-03-28 23:27:15,100.0,100.0,1.9185458370343453
2026-03-28 23:27:30,100.0,100.0,1.9185847498115847
2026-03-28 23:27:45,100.0,100.0,1.9186236625888242
2026-03-28 23:28:00,100.0,100.0,1.9186625753660635
2026-03-28 23:28:15,100.0,100.0,1.918701488143303
2026-03-28 23:28:30,100.0,100.0,1.9187404009205424
2026-03-28 23:28:45,100.0,100.0,1.918779313697782
2026-03-28 23:29:00,100.0,100.0,1.9188182264750213
2026-03-28 23:29:15,100.0,100.0,1.9188571392522609
2026-03-28 23:29:30,100.0,100.0,1.9188960520295002
2026-03-28 23:29:45,100.0,100.0,1.9189349648067398
2026-03-28 23:30:00,100.0,100.0,1.918973877583979
2026-03-28 23:30:15,100.0,100.0,1.9190127903612186
2026-03-28 23:30:30,100.0,100.0,1.9190517031384582
2026-03-28 23:30:45,100.0,100.0,1.9190906159156975
2026-03-28 23:31:00,100.0,100.0,1.919129528692937
2026-03-28 23:31:15,100.0,100.0,1.9191684414701764
2026-03-28 23:31:30,100.0,100.0,1.919207354247416
2026-03-28 23:31:45,100.0,100.0,1.9192462670246553
2026-03-28 23:32:00,100.0,100.0,1.9192851798018948
2026-03-28 23:32:15,100.0,100.0,1.9193240925791342
2026-03-28 23:32:30,100.0,100.0,1.9193630053563737
2026-03-28 23:32:45,100.0,100.0,1.919401918133613
2026-03-28 23:33:00,100.0,100.0,1.9194408309108526
2026-03-28 23:33:15,87.5,100.0,1.919479743688092
2026-03-28 23:33:30,100.0,100.0,1.9195186564653315
2026-03-28 23:33:45,100.0,100.0,1.9195575692425708
2026-03-28 23:34:00,100.0,100.0,1.9195964820198104
2026-03-28 23:34:15,100.0,100.0,1.9196353947970497
2026-03-28 23:34:30,100.0,100.0,1.9196743075742893
2026-03-28 23:34:45,100.0,100.0,1.9197132203515288
2026-03-28 23:35:00,100.0,100.0,1.9197521331287681
2026-03-28 23:35:15,100.0,100.0,1.9197910459060077
2026-03-28 23:35:30,100.0,100.0,1.919829958683247
2026-03-28 23:35:45,100.0,100.0,1.9198688714604866
2026-03-28 23:36:00,100.0,100.0,1.919907784237726
2026-03-28 23:36:15,100.0,100.0,1.9199466970149655
2026-03-28 23:36:30,100.0,100.0,1.9199856097922048
2026-03-28 23:36:45,100.0,100.0,1.9200245225694443
2026-03-28 23:37:00,100.0,100.0,1.9200634353466837
2026-03-28 23:37:15,100.0,100.0,1.9201023481239232
2026-03-28 23:37:30,100.0,100.0,1.9201412609011625
2026-03-28 23:37:45,100.0,100.0,1.920180173678402
2026-03-28 23:38:00,100.0,100.0,1.9202190864556414
2026-03-28 23:38:15,100.0,100.0,1.920257999232881
2026-03-28 23:38:30,100.0,100.0,1.9202969120101203
2026-03-28 23:38:45,100.0,100.0,1.9203358247873599
2026-03-28 23:39:00,100.0,100.0,1.9203747375645994
2026-03-28 23:39:15,100.0,100.0,1.9204136503418388
2026-03-28 23:39:30,100.0,100.0,1.9204525631190783
2026-03-28 23:39:45,100.0,100.0,1.9204914758963176
2026-03-28 23:40:00,100.0,100.0,1.9205303886735572
2026-03-28 23:40:15,100.0,100.0,1.9205693014507965
2026-03-28 23:40:30,100.0,100.0,1.920608214228036
2026-03-28 23:40:45,100.0,100.0,1.9206471270052754
2026-03-28 23:41:00,100.0,100.0,1.920686039782515
2026-03-28 23:41:15,100.0,100.0,1.9207249525597543
2026-03-28 23:41:30,100.0,100.0,1.9207638653369938
2026-03-28 23:41:45,100.0,100.0,1.9208027781142332
2026-03-28 23:42:00,100.0,100.0,1.9208416908914727
2026-03-28 23:42:15,100.0,100.0,1.920880603668712
2026-03-28 23:42:30,100.0,100.0,1.9209195164459516
2026-03-28 23:42:45,100.0,100.0,1.920958429223191
2026-03-28 23:43:00,100.0,100.0,1.9209973420004305
2026-03-28 23:43:15,100.0,100.0,1.92103625477767
2026-03-28 23:43:30,100.0,100.0,1.9210751675549094
2026-03-28 23:43:45,100.0,100.0,1.921114080332149
2026-03-28 23:44:00,100.0,100.0,1.9211529931093883
2026-03-28 23:44:15,100.0,100.0,1.9211919058866278
2026-03-28 23:44:30,100.0,100.0,1.9212308186638671
2026-03-28 23:44:45,100.0,100.0,1.9212697314411067
2026-03-28 23:45:00,100.0,100.0,1.921308644218346
2026-03-28 23:45:15,100.0,100.0,1.9213475569955856
2026-03-28 23:45:30,100.0,100.0,1.921386469772825
2026-03-28 23:45:45,100.0,100.0,1.9214253825500645
2026-03-28 23:46:00,100.0,100.0,1.9214642953273038
2026-03-28 23:46:15,100.0,100.0,1.9215032081045433
2026-03-28 23:46:30,100.0,100.0,1.9215421208817827
2026-03-28 23:46:45,100.0,100.0,1.9215810336590222
2026-03-28 23:47:00,100.0,100.0,1.9216199464362616
2026-03-28 23:47:15,100.0,100.0,1.921658859213501
2026-03-28 23:47:30,100.0,100.0,1.9216977719907407
2026-03-28 23:47:45,100.0,100.0,1.92173668476798
2026-03-28 23:48:00,100.0,100.0,1.9217755975452195
2026-03-28 23:48:15,100.0,100.0,1.9218145103224589
2026-03-28 23:48:30,100.0,100.0,1.9218534230996984
2026-03-28 23:48:45,100.0,100.0,1.9218923358769378
2026-03-28 23:49:00,100.0,100.0,1.9219312486541773
2026-03-28 23:49:15,100.0,100.0,1.9219701614314166
2026-03-28 23:49:30,100.0,100.0,1.9220090742086562
2026-03-28 23:49:45,100.0,100.0,1.9220479869858955
2026-03-28 23:50:00,100.0,100.0,1.922086899763135
2026-03-28 23:50:15,100.0,100.0,1.9221258125403744
2026-03-28 23:50:30,100.0,100.0,1.922164725317614
2026-03-28 23:50:45,100.0,100.0,1.9222036380948533
2026-03-28 23:51:00,100.0,100.0,1.9222425508720928
2026-03-28 23:51:15,100.0,100.0,1.9222814636493322
2026-03-28 23:51:30,100.0,100.0,1.9223203764265717
2026-03-28 23:51:45,100.0,100.0,1.9223592892038113
2026-03-28 23:52:00,100.0,100.0,1.9223982019810506
2026-03-28 23:52:15,100.0,100.0,1.9224371147582902
2026-03-28 23:52:30,100.0,100.0,1.9224760275355295
2026-03-28 23:52:45,100.0,100.0,1.922514940312769
2026-03-28 23:53:00,100.0,100.0,1.9225538530900084
2026-03-28 23:53:15,100.0,100.0,1.922592765867248
2026-03-28 23:53:30,100.0,100.0,1.9226316786444873
2026-03-28 23:53:45,100.0,100.0,1.9226705914217268
2026-03-28 23:54:00,100.0,100.0,1.9227095041989661
2026-03-28 23:54:15,100.0,100.0,1.9227484169762057
2026-03-28 23:54:30,100.0,100.0,1.922787329753445
2026-03-28 23:54:45,100.0,100.0,1.9228262425306846
2026-03-28 23:55:00,100.0,100.0,1.922865155307924
2026-03-28 23:55:15,100.0,100.0,1.9229040680851635
2026-03-28 23:55:30,100.0,100.0,1.9229429808624028
2026-03-28 23:55:45,100.0,100.0,1.9229818936396423
2026-03-28 23:56:00,100.0,100.0,1.923020806416882
2026-03-28 23:56:15,100.0,100.0,1.9230597191941212
2026-03-28 23:56:30,100.0,100.0,1.9230986319713608
2026-03-28 23:56:45,100.0,100.0,1.9231375447486
2026-03-28 23:57:00,100.0,100.0,1.9231764575258397
2026-03-28 23:57:15,100.0,100.0,1.923215370303079
2026-03-28 23:57:30,100.0,100.0,1.9232542830803185
2026-03-28 23:57:45,100.0,100.0,1.9232931958575579
2026-03-28 23:58:00,100.0,100.0,1.9233321086347974
2026-03-28 23:58:15,100.0,100.0,1.9233710214120368
2026-03-28 23:58:30,100.0,100.0,1.9234099341892763
2026-03-28 23:58:45,100.0,100.0,1.9234488469665156
2026-03-28 23:59:00,100.0,100.0,1.9234877597437552
2026-03-28 23:59:15,100.0,100.0,1.9235266725209945
2026-03-28 23:59:30,100.0,100.0,1.923565585298234
2026-03-28 23:59:45,100.0,100.0,1.9236044980754734
