time,tcc_auto,tcc_empi,int_time
2026-04-18 00:00:05,100.0,95.27896995708154,116.37351051806345
2026-04-18 00:00:20,100.0,95.2991452991453,116.30648865345044
2026-04-18 00:00:35,100.0,95.31914893617022,116.23946678883743
2026-04-18 00:00:50,100.0,95.33898305084746,116.17244492422442
2026-04-18 00:01:05,100.0,95.35864978902954,116.10542305961141
2026-04-18 00:01:20,100.0,95.37815126050421,116.0384011949984
2026-04-18 00:01:35,100.0,95.35864978902954,115.97137933038539
2026-04-18 00:01:50,100.0,95.37815126050421,115.90435746577238
2026-04-18 00:02:05,100.0,95.39748953974896,115.83733560115937
2026-04-18 00:02:20,100.0,95.41666666666667,115.77031373654636
2026-04-18 00:02:35,100.0,95.4356846473029,115.70329187193335
2026-04-18 00:02:50,100.0,95.45454545454545,115.63627000732033
2026-04-18 00:03:05,100.0,95.47325102880659,115.56924814270732
2026-04-18 00:03:20,100.0,95.49180327868852,115.50222627809431
2026-04-18 00:03:35,100.0,95.51020408163265,115.4352044134813
2026-04-18 00:03:50,100.0,95.52845528455285,115.36818254886829
2026-04-18 00:04:05,100.0,95.54655870445345,115.30116068425528
2026-04-18 00:04:20,100.0,95.56451612903226,115.23413881964227
2026-04-18 00:04:35,87.5,95.58232931726907,115.16711695502926
2026-04-18 00:04:50,87.5,95.6,115.10009509041626
2026-04-18 00:05:05,87.5,95.61752988047809,115.03307322580324
2026-04-18 00:05:20,87.5,95.6,114.96605136119024
2026-04-18 00:05:35,87.5,95.61752988047809,114.89902949657721
2026-04-18 00:05:50,87.5,95.63492063492063,114.83200763196422
2026-04-18 00:06:05,87.5,95.65217391304348,114.76498576735119
2026-04-18 00:06:20,87.5,95.66929133858267,114.6979639027382
2026-04-18 00:06:35,87.5,95.68627450980392,114.63094203812518
2026-04-18 00:06:50,87.5,95.703125,114.56392017351217
2026-04-18 00:07:05,87.5,95.71984435797665,114.49689830889916
2026-04-18 00:07:20,87.5,95.73643410852713,114.42987644428615
2026-04-18 00:07:35,87.5,95.75289575289575,114.36285457967314
2026-04-18 00:07:50,87.5,95.76923076923077,114.29583271506013
2026-04-18 00:08:05,87.5,95.78544061302682,114.22881085044712
2026-04-18 00:08:20,87.5,95.80152671755725,114.16178898583411
2026-04-18 00:08:35,87.5,95.81749049429658,114.0947671212211
2026-04-18 00:08:50,87.5,95.83333333333334,114.02774525660809
2026-04-18 00:09:05,87.5,95.81749049429658,113.96072339199507
2026-04-18 00:09:20,87.5,95.83333333333334,113.89370152738206
2026-04-18 00:09:35,87.5,95.84905660377359,113.82667966276905
2026-04-18 00:09:50,87.5,95.86466165413535,113.75965779815604
2026-04-18 00:10:05,87.5,95.88014981273409,113.69263593354303
2026-04-18 00:10:20,87.5,95.8955223880597,113.62561406893002
2026-04-18 00:10:35,87.5,95.91078066914498,113.55859220431701
2026-04-18 00:10:50,87.5,95.92592592592592,113.491570339704
2026-04-18 00:11:05,87.5,95.9409594095941,113.42454847509099
2026-04-18 00:11:20,87.5,95.95588235294117,113.35752661047798
2026-04-18 00:11:35,87.5,95.97069597069597,113.29050474586498
2026-04-18 00:11:50,87.5,95.98540145985402,113.22348288125195
2026-04-18 00:12:05,87.5,96.0,113.15646101663896
2026-04-18 00:12:20,87.5,96.01449275362319,113.08943915202593
2026-04-18 00:12:35,87.5,96.028880866426,113.02241728741294
2026-04-18 00:12:50,87.5,96.01449275362319,112.95539542279992
2026-04-18 00:13:05,87.5,96.028880866426,112.88837355818691
2026-04-18 00:13:20,87.5,96.0431654676259,112.8213516935739
2026-04-18 00:13:35,87.5,96.05734767025089,112.75432982896089
2026-04-18 00:13:50,87.5,96.07142857142857,112.68730796434788
2026-04-18 00:14:05,87.5,96.08540925266904,112.62028609973487
2026-04-18 00:14:20,87.5,96.09929078014184,112.55326423512186
2026-04-18 00:14:35,87.5,96.113074204947,112.48624237050885
2026-04-18 00:14:50,87.5,96.12676056338029,112.41922050589584
2026-04-18 00:15:05,75.0,96.14035087719299,112.35219864128283
2026-04-18 00:15:20,75.0,96.15384615384616,112.28517677666981
2026-04-18 00:15:35,75.0,96.16724738675958,112.2181549120568
2026-04-18 00:15:50,75.0,96.18055555555556,112.15113304744379
2026-04-18 00:16:05,75.0,96.19377162629758,112.08411118283078
2026-04-18 00:16:20,87.5,96.20689655172414,112.01708931821777
2026-04-18 00:16:35,87.5,96.19377162629758,111.95006745360476
2026-04-18 00:16:50,87.5,96.20689655172414,111.88304558899175
2026-04-18 00:17:05,87.5,96.21993127147766,111.81602372437874
2026-04-18 00:17:20,87.5,96.23287671232876,111.74900185976573
2026-04-18 00:17:35,87.5,96.24573378839591,111.68197999515272
2026-04-18 00:17:50,87.5,96.25850340136054,111.61495813053972
2026-04-18 00:18:05,87.5,96.27118644067797,111.5479362659267
2026-04-18 00:18:20,87.5,96.28378378378379,111.4809144013137
2026-04-18 00:18:35,87.5,96.29629629629629,111.41389253670067
2026-04-18 00:18:50,87.5,96.30872483221476,111.34687067208768
2026-04-18 00:19:05,87.5,96.32107023411372,111.27984880747465
2026-04-18 00:19:20,87.5,96.33333333333334,111.21282694286165
2026-04-18 00:19:35,87.5,96.3455149501661,111.14580507824864
2026-04-18 00:19:50,87.5,96.35761589403974,111.07878321363563
2026-04-18 00:20:05,87.5,96.36963696369637,111.01176134902262
2026-04-18 00:20:20,87.5,96.35761589403974,110.94473948440961
2026-04-18 00:20:35,87.5,96.36963696369637,110.8777176197966
2026-04-18 00:20:50,87.5,96.38157894736842,110.81069575518359
2026-04-18 00:21:05,87.5,96.39344262295081,110.74367389057058
2026-04-18 00:21:20,87.5,96.40522875816994,110.67665202595757
2026-04-18 00:21:35,87.5,96.41693811074919,110.60963016134455
2026-04-18 00:21:50,87.5,96.42857142857143,110.54260829673154
2026-04-18 00:22:05,87.5,96.44012944983818,110.47558643211853
2026-04-18 00:22:20,87.5,96.45161290322581,110.40856456750552
2026-04-18 00:22:35,87.5,96.46302250803859,110.34154270289251
2026-04-18 00:22:50,87.5,96.47435897435898,110.2745208382795
2026-04-18 00:23:05,87.5,96.48562300319489,110.20749897366649
2026-04-18 00:23:20,87.5,96.4968152866242,110.14047710905348
2026-04-18 00:23:35,87.5,96.5079365079365,110.07345524444047
2026-04-18 00:23:50,87.5,96.51898734177216,110.00643337982746
2026-04-18 00:24:05,87.5,96.5079365079365,109.93941151521445
2026-04-18 00:24:20,87.5,96.51898734177216,109.87238965060143
2026-04-18 00:24:35,87.5,96.52996845425868,109.80536778598844
2026-04-18 00:24:50,87.5,96.54088050314465,109.73834592137541
2026-04-18 00:25:05,87.5,96.55172413793103,109.67132405676242
2026-04-18 00:25:20,87.5,96.5625,109.60430219214939
2026-04-18 00:25:35,87.5,96.57320872274143,109.5372803275364
2026-04-18 00:25:50,87.5,96.58385093167702,109.47025846292337
2026-04-18 00:26:05,87.5,96.59442724458205,109.40323659831037
2026-04-18 00:26:20,87.5,96.60493827160494,109.33621473369736
2026-04-18 00:26:35,87.5,96.61538461538461,109.26919286908435
2026-04-18 00:26:50,87.5,96.62576687116564,109.20217100447134
2026-04-18 00:27:05,87.5,96.63608562691131,109.13514913985833
2026-04-18 00:27:20,87.5,96.64634146341463,109.06812727524532
2026-04-18 00:27:35,87.5,96.65653495440729,109.0011054106323
2026-04-18 00:27:50,87.5,96.64634146341463,108.9340835460193
2026-04-18 00:28:05,87.5,96.65653495440729,108.86706168140628
2026-04-18 00:28:20,87.5,96.66666666666667,108.80003981679327
2026-04-18 00:28:35,87.5,96.67673716012085,108.73301795218026
2026-04-18 00:28:50,87.5,96.6867469879518,108.66599608756725
2026-04-18 00:29:05,87.5,96.69669669669669,108.59897422295424
2026-04-18 00:29:20,87.5,96.7065868263473,108.53195235834123
2026-04-18 00:29:35,87.5,96.71641791044776,108.46493049372822
2026-04-18 00:29:50,87.5,96.72619047619048,108.39790862911521
2026-04-18 00:30:05,87.5,96.73590504451039,108.3308867645022
2026-04-18 00:30:20,87.5,96.7455621301775,108.26386489988919
2026-04-18 00:30:35,87.5,96.7551622418879,108.19684303527617
2026-04-18 00:30:50,87.5,96.76470588235294,108.12982117066316
2026-04-18 00:31:05,87.5,96.7741935483871,108.06279930605015
2026-04-18 00:31:20,87.5,96.76470588235294,107.99577744143716
2026-04-18 00:31:35,87.5,96.7741935483871,107.92875557682413
2026-04-18 00:31:50,87.5,96.78362573099415,107.86173371221113
2026-04-18 00:32:05,87.5,96.7930029154519,107.79471184759811
2026-04-18 00:32:20,87.5,96.80232558139535,107.72768998298511
2026-04-18 00:32:35,87.5,96.81159420289856,107.66066811837209
2026-04-18 00:32:50,87.5,96.82080924855492,107.59364625375909
2026-04-18 00:33:05,87.5,96.82997118155619,107.52662438914608
2026-04-18 00:33:20,87.5,96.83908045977012,107.45960252453307
2026-04-18 00:33:35,87.5,96.84813753581662,107.39258065992006
2026-04-18 00:33:50,87.5,96.85714285714285,107.32555879530705
2026-04-18 00:34:05,87.5,96.86609686609687,107.25853693069404
2026-04-18 00:34:20,87.5,96.875,107.19151506608102
2026-04-18 00:34:35,87.5,96.88385269121812,107.12449320146801
2026-04-18 00:34:50,87.5,96.89265536723164,107.057471336855
2026-04-18 00:35:05,87.5,96.88385269121812,106.99044947224199
2026-04-18 00:35:20,87.5,96.89265536723164,106.92342760762898
2026-04-18 00:35:35,87.5,96.90140845070422,106.85640574301597
2026-04-18 00:35:50,87.5,96.91011235955057,106.78938387840296
2026-04-18 00:36:05,87.5,96.9187675070028,106.72236201378995
2026-04-18 00:36:20,87.5,96.92737430167597,106.65534014917694
2026-04-18 00:36:35,87.5,96.93593314763231,106.58831828456393
2026-04-18 00:36:50,87.5,96.94444444444444,106.52129641995091
2026-04-18 00:37:05,87.5,96.95290858725761,106.4542745553379
2026-04-18 00:37:20,87.5,96.96132596685084,106.38725269072489
2026-04-18 00:37:35,87.5,96.96969696969697,106.32023082611188
2026-04-18 00:37:50,87.5,96.97802197802197,106.25320896149887
2026-04-18 00:38:05,87.5,96.98630136986301,106.18618709688587
2026-04-18 00:38:20,87.5,96.99453551912568,106.11916523227285
2026-04-18 00:38:35,87.5,97.00272479564033,106.05214336765985
2026-04-18 00:38:50,87.5,96.99453551912568,105.98512150304683
2026-04-18 00:39:05,87.5,97.00272479564033,105.91809963843383
2026-04-18 00:39:20,100.0,96.73913043478261,105.8510777738208
2026-04-18 00:39:35,100.0,96.7479674796748,105.78405590920781
2026-04-18 00:39:50,100.0,96.75675675675676,105.7170340445948
2026-04-18 00:40:05,87.5,96.7654986522911,105.65001217998179
2026-04-18 00:40:20,100.0,96.7741935483871,105.58299031536878
2026-04-18 00:40:35,87.5,96.7828418230563,105.51596845075576
2026-04-18 00:40:50,87.5,96.79144385026738,105.44894658614275
2026-04-18 00:41:05,87.5,96.8,105.38192472152974
2026-04-18 00:41:20,100.0,96.80851063829788,105.31490285691673
2026-04-18 00:41:35,100.0,96.81697612732096,105.24788099230372
2026-04-18 00:41:50,100.0,96.82539682539682,105.18085912769071
2026-04-18 00:42:05,87.5,96.83377308707124,105.1138372630777
2026-04-18 00:42:20,100.0,96.84210526315789,105.04681539846469
2026-04-18 00:42:35,100.0,96.83377308707124,104.97979353385168
2026-04-18 00:42:50,100.0,96.84210526315789,104.91277166923867
2026-04-18 00:43:05,100.0,96.8503937007874,104.84574980462565
2026-04-18 00:43:20,100.0,96.8586387434555,104.77872794001264
2026-04-18 00:43:35,100.0,96.8668407310705,104.71170607539963
2026-04-18 00:43:50,100.0,96.875,104.64468421078662
2026-04-18 00:44:05,87.5,96.88311688311688,104.57766234617361
2026-04-18 00:44:20,87.5,96.89119170984456,104.5106404815606
2026-04-18 00:44:35,87.5,96.89922480620154,104.44361861694759
2026-04-18 00:44:50,87.5,96.90721649484536,104.37659675233459
2026-04-18 00:45:05,87.5,96.91516709511568,104.30957488772157
2026-04-18 00:45:20,87.5,96.92307692307692,104.24255302310857
2026-04-18 00:45:35,87.5,96.9309462915601,104.17553115849555
2026-04-18 00:45:50,87.5,96.93877551020408,104.10850929388255
2026-04-18 00:46:05,87.5,96.94656488549617,104.04148742926952
2026-04-18 00:46:20,87.5,96.93877551020408,103.97446556465653
2026-04-18 00:46:35,87.5,96.94656488549617,103.90744370004352
2026-04-18 00:46:50,87.5,96.95431472081218,103.8404218354305
2026-04-18 00:47:05,87.5,96.9620253164557,103.7733999708175
2026-04-18 00:47:20,87.5,96.96969696969697,103.70637810620448
2026-04-18 00:47:35,87.5,96.97732997481108,103.63935624159147
2026-04-18 00:47:50,87.5,96.98492462311557,103.57233437697846
2026-04-18 00:48:05,87.5,96.99248120300751,103.50531251236545
2026-04-18 00:48:20,87.5,97.0,103.43829064775244
2026-04-18 00:48:35,87.5,97.0074812967581,103.37126878313943
2026-04-18 00:48:50,87.5,97.01492537313433,103.30424691852642
2026-04-18 00:49:05,87.5,97.02233250620348,103.2372250539134
2026-04-18 00:49:20,87.5,97.02970297029702,103.1702031893004
2026-04-18 00:49:35,87.5,97.03703703703704,103.10318132468738
2026-04-18 00:49:50,87.5,97.04433497536947,103.03615946007437
2026-04-18 00:50:05,87.5,97.03703703703704,102.96913759546136
2026-04-18 00:50:20,87.5,97.04433497536947,102.90211573084835
2026-04-18 00:50:35,87.5,97.05159705159704,102.83509386623534
2026-04-18 00:50:50,87.5,97.05882352941177,102.76807200162233
2026-04-18 00:51:05,87.5,97.06601466992664,102.70105013700932
2026-04-18 00:51:20,87.5,97.06601466992664,102.6340282723963
2026-04-18 00:51:35,87.5,97.06601466992664,102.56700640778331
2026-04-18 00:51:50,87.5,97.06601466992664,102.49998454317029
2026-04-18 00:52:05,87.5,97.06601466992664,102.43296267855729
2026-04-18 00:52:20,100.0,97.06601466992664,102.36594081394426
2026-04-18 00:52:35,100.0,97.06601466992664,102.29891894933127
2026-04-18 00:52:50,87.5,97.06601466992664,102.23189708471824
2026-04-18 00:53:05,87.5,97.06601466992664,102.16487522010524
2026-04-18 00:53:20,87.5,97.06601466992664,102.09785335549223
2026-04-18 00:53:35,87.5,97.06601466992664,102.03083149087922
2026-04-18 00:53:50,87.5,97.03703703703704,101.96380962626621
2026-04-18 00:54:05,87.5,97.03703703703704,101.8967877616532
2026-04-18 00:54:20,87.5,97.03703703703704,101.82976589704019
2026-04-18 00:54:35,87.5,97.03703703703704,101.76274403242718
2026-04-18 00:54:50,87.5,97.03703703703704,101.69572216781417
2026-04-18 00:55:05,87.5,97.03703703703704,101.62870030320116
2026-04-18 00:55:20,87.5,97.03703703703704,101.56167843858815
2026-04-18 00:55:35,87.5,97.03703703703704,101.49465657397513
2026-04-18 00:55:50,87.5,97.03703703703704,101.42763470936212
2026-04-18 00:56:05,87.5,97.03703703703704,101.36061284474911
2026-04-18 00:56:20,87.5,97.03703703703704,101.2935909801361
2026-04-18 00:56:35,87.5,97.03703703703704,101.22656911552309
2026-04-18 00:56:50,87.5,97.03703703703704,101.15954725091008
2026-04-18 00:57:05,87.5,97.03703703703704,101.09252538629707
2026-04-18 00:57:20,87.5,97.03703703703704,101.02550352168406
2026-04-18 00:57:35,87.5,97.0074812967581,100.95848165707105
2026-04-18 00:57:50,87.5,97.0074812967581,100.89145979245804
2026-04-18 00:58:05,87.5,97.0074812967581,100.82443792784503
2026-04-18 00:58:20,87.5,97.0074812967581,100.75741606323203
2026-04-18 00:58:35,87.5,97.0074812967581,100.690394198619
2026-04-18 00:58:50,87.5,97.0074812967581,100.623372334006
2026-04-18 00:59:05,87.5,97.0074812967581,100.55635046939298
2026-04-18 00:59:20,87.5,97.0074812967581,100.48932860477998
2026-04-18 00:59:35,87.5,97.0074812967581,100.42230674016696
2026-04-18 00:59:50,87.5,97.0074812967581,100.35528487555396
2026-04-18 01:00:05,87.5,97.0074812967581,100.28826301094095
2026-04-18 01:00:20,87.5,97.0074812967581,100.22124114632794
2026-04-18 01:00:35,87.5,97.0074812967581,100.15421928171493
2026-04-18 01:00:50,87.5,97.0074812967581,100.08719741710192
2026-04-18 01:01:05,87.5,97.0074812967581,100.02017555248891
2026-04-18 01:01:20,87.5,96.97732997481108,99.9531536878759
2026-04-18 01:01:35,87.5,96.97732997481108,99.88613182326289
2026-04-18 01:01:50,87.5,96.97732997481108,99.81910995864988
2026-04-18 01:02:05,87.5,96.97732997481108,99.75208809403686
2026-04-18 01:02:20,87.5,96.97732997481108,99.68506622942385
2026-04-18 01:02:35,87.5,96.97732997481108,99.61804436481084
2026-04-18 01:02:50,87.5,96.97732997481108,99.55102250019783
2026-04-18 01:03:05,87.5,96.97732997481108,99.48400063558482
2026-04-18 01:03:20,87.5,96.97732997481108,99.41697877097181
2026-04-18 01:03:35,87.5,96.97732997481108,99.3499569063588
2026-04-18 01:03:50,87.5,96.97732997481108,99.28293504174579
2026-04-18 01:04:05,87.5,96.97732997481108,99.21591317713278
2026-04-18 01:04:20,87.5,96.97732997481108,99.14889131251977
2026-04-18 01:04:35,87.5,96.97732997481108,99.08186944790675
2026-04-18 01:04:50,87.5,96.97732997481108,99.01484758329374
2026-04-18 01:05:05,87.5,96.94656488549617,98.94782571868075
2026-04-18 01:05:20,87.5,96.94656488549617,98.88080385406772
2026-04-18 01:05:35,87.5,96.94656488549617,98.81378198945472
2026-04-18 01:05:50,87.5,96.94656488549617,98.7467601248417
2026-04-18 01:06:05,87.5,96.94656488549617,98.6797382602287
2026-04-18 01:06:20,87.5,96.94656488549617,98.61271639561569
2026-04-18 01:06:35,87.5,96.94656488549617,98.54569453100268
2026-04-18 01:06:50,87.5,96.94656488549617,98.47867266638967
2026-04-18 01:07:05,87.5,96.94656488549617,98.41165080177666
2026-04-18 01:07:20,100.0,96.94656488549617,98.34462893716365
2026-04-18 01:07:35,100.0,96.94656488549617,98.27760707255064
2026-04-18 01:07:50,100.0,96.94656488549617,98.21058520793763
2026-04-18 01:08:05,100.0,96.94656488549617,98.14356334332462
2026-04-18 01:08:20,100.0,96.94656488549617,98.0765414787116
2026-04-18 01:08:35,100.0,96.94656488549617,98.0095196140986
2026-04-18 01:08:50,100.0,96.91516709511568,97.94249774948558
2026-04-18 01:09:05,100.0,96.91516709511568,97.87547588487257
2026-04-18 01:09:20,100.0,96.91516709511568,97.80845402025956
2026-04-18 01:09:35,100.0,96.91516709511568,97.74143215564655
2026-04-18 01:09:50,100.0,96.91516709511568,97.67441029103354
2026-04-18 01:10:05,100.0,96.91516709511568,97.60738842642053
2026-04-18 01:10:20,100.0,96.91516709511568,97.54036656180752
2026-04-18 01:10:35,100.0,96.91516709511568,97.4733446971945
2026-04-18 01:10:50,100.0,96.91516709511568,97.4063228325815
2026-04-18 01:11:05,100.0,96.91516709511568,97.33930096796848
2026-04-18 01:11:20,100.0,96.91516709511568,97.27227910335547
2026-04-18 01:11:35,100.0,96.91516709511568,97.20525723874246
2026-04-18 01:11:50,100.0,96.91516709511568,97.13823537412947
2026-04-18 01:12:05,100.0,96.91516709511568,97.07121350951644
2026-04-18 01:12:20,87.5,96.91516709511568,97.00419164490344
2026-04-18 01:12:35,87.5,96.88311688311688,96.93716978029043
2026-04-18 01:12:50,87.5,97.14285714285714,96.87014791567742
2026-04-18 01:13:05,87.5,97.40259740259741,96.80312605106441
2026-04-18 01:13:20,87.5,97.66233766233766,96.7361041864514
2026-04-18 01:13:35,87.5,97.66233766233766,96.66908232183839
2026-04-18 01:13:50,87.5,97.92207792207792,96.60206045722538
2026-04-18 01:14:05,87.5,98.18181818181819,96.53503859261237
2026-04-18 01:14:20,87.5,98.44155844155844,96.46801672799936
2026-04-18 01:14:35,87.5,98.7012987012987,96.40099486338634
2026-04-18 01:14:50,87.5,98.96103896103897,96.33397299877333
2026-04-18 01:15:05,87.5,99.22077922077922,96.26695113416032
2026-04-18 01:15:20,87.5,99.22077922077922,96.19992926954731
2026-04-18 01:15:35,87.5,99.22077922077922,96.1329074049343
2026-04-18 01:15:50,87.5,99.22077922077922,96.06588554032129
2026-04-18 01:16:05,87.5,99.21259842519686,95.99886367570828
2026-04-18 01:16:20,87.5,99.21259842519686,95.93184181109527
2026-04-18 01:16:35,87.5,99.21259842519686,95.86481994648226
2026-04-18 01:16:50,87.5,99.21259842519686,95.79779808186925
2026-04-18 01:17:05,87.5,99.21259842519686,95.73077621725623
2026-04-18 01:17:20,87.5,99.21259842519686,95.66375435264322
2026-04-18 01:17:35,87.5,99.21259842519686,95.59673248803021
2026-04-18 01:17:50,87.5,99.21259842519686,95.5297106234172
2026-04-18 01:18:05,87.5,99.21259842519686,95.46268875880419
2026-04-18 01:18:20,87.5,99.21259842519686,95.39566689419118
2026-04-18 01:18:35,87.5,99.21259842519686,95.32864502957818
2026-04-18 01:18:50,87.5,99.21259842519686,95.26162316496516
2026-04-18 01:19:05,87.5,99.21259842519686,95.19460130035216
2026-04-18 01:19:20,87.5,99.21259842519686,95.12757943573915
2026-04-18 01:19:35,87.5,99.21259842519686,95.06055757112614
2026-04-18 01:19:50,87.5,99.20424403183023,94.99353570651313
2026-04-18 01:20:05,87.5,99.20424403183023,94.92651384190012
2026-04-18 01:20:20,87.5,99.20424403183023,94.8594919772871
2026-04-18 01:20:35,87.5,99.20424403183023,94.7924701126741
2026-04-18 01:20:50,87.5,99.20424403183023,94.72544824806108
2026-04-18 01:21:05,87.5,99.20424403183023,94.65842638344807
2026-04-18 01:21:20,87.5,99.20424403183023,94.59140451883506
2026-04-18 01:21:35,87.5,99.20424403183023,94.52438265422205
2026-04-18 01:21:50,87.5,99.20424403183023,94.45736078960904
2026-04-18 01:22:05,87.5,99.20424403183023,94.39033892499603
2026-04-18 01:22:20,87.5,99.20424403183023,94.32331706038302
2026-04-18 01:22:35,87.5,99.20424403183023,94.25629519577001
2026-04-18 01:22:50,87.5,99.20424403183023,94.189273331157
2026-04-18 01:23:05,87.5,99.20424403183023,94.12225146654399
2026-04-18 01:23:20,87.5,99.20424403183023,94.05522960193098
2026-04-18 01:23:35,87.5,99.19571045576407,93.98820773731796
2026-04-18 01:23:50,87.5,99.19571045576407,93.92118587270495
2026-04-18 01:24:05,87.5,99.19571045576407,93.85416400809194
2026-04-18 01:24:20,87.5,99.19571045576407,93.78714214347893
2026-04-18 01:24:35,87.5,99.19571045576407,93.72012027886592
2026-04-18 01:24:50,87.5,99.19571045576407,93.65309841425291
2026-04-18 01:25:05,87.5,99.19571045576407,93.5860765496399
2026-04-18 01:25:20,87.5,99.19571045576407,93.5190546850269
2026-04-18 01:25:35,87.5,99.19571045576407,93.45203282041388
2026-04-18 01:25:50,87.5,99.19571045576407,93.38501095580088
2026-04-18 01:26:05,87.5,99.19571045576407,93.31798909118787
2026-04-18 01:26:20,87.5,99.19571045576407,93.25096722657486
2026-04-18 01:26:35,87.5,99.19571045576407,93.18394536196185
2026-04-18 01:26:50,87.5,99.19571045576407,93.11692349734884
2026-04-18 01:27:05,87.5,99.19571045576407,93.04990163273582
2026-04-18 01:27:20,87.5,99.1869918699187,92.98287976812281
2026-04-18 01:27:35,87.5,99.1869918699187,92.9158579035098
2026-04-18 01:27:50,87.5,99.1869918699187,92.84883603889679
2026-04-18 01:28:05,87.5,99.1869918699187,92.78181417428378
2026-04-18 01:28:20,87.5,99.1869918699187,92.71479230967077
2026-04-18 01:28:35,87.5,99.1869918699187,92.64777044505776
2026-04-18 01:28:50,87.5,99.1869918699187,92.58074858044475
2026-04-18 01:29:05,87.5,99.1869918699187,92.51372671583174
2026-04-18 01:29:20,87.5,99.1869918699187,92.44670485121873
2026-04-18 01:29:35,87.5,99.1869918699187,92.37968298660572
2026-04-18 01:29:50,87.5,99.1869918699187,92.3126611219927
2026-04-18 01:30:05,87.5,99.1869918699187,92.2456392573797
2026-04-18 01:30:20,87.5,99.1869918699187,92.17861739276668
2026-04-18 01:30:35,87.5,99.1869918699187,92.11159552815367
2026-04-18 01:30:50,87.5,99.1869918699187,92.04457366354066
2026-04-18 01:31:05,87.5,99.17808219178083,91.97755179892765
2026-04-18 01:31:20,87.5,99.17808219178083,91.91052993431464
2026-04-18 01:31:35,87.5,99.45205479452055,91.84350806970163
2026-04-18 01:31:50,87.5,99.45205479452055,91.77648620508862
2026-04-18 01:32:05,87.5,99.45205479452055,91.70946434047562
2026-04-18 01:32:20,87.5,99.45205479452055,91.6424424758626
2026-04-18 01:32:35,87.5,99.45205479452055,91.5754206112496
2026-04-18 01:32:50,87.5,99.45205479452055,91.50839874663659
2026-04-18 01:33:05,87.5,99.45205479452055,91.44137688202358
2026-04-18 01:33:20,87.5,99.45205479452055,91.37435501741056
2026-04-18 01:33:35,87.5,99.45205479452055,91.30733315279755
2026-04-18 01:33:50,87.5,99.45205479452055,91.24031128818454
2026-04-18 01:34:05,87.5,99.45205479452055,91.17328942357153
2026-04-18 01:34:20,87.5,99.45205479452055,91.10626755895852
2026-04-18 01:34:35,87.5,99.45205479452055,91.03924569434551
2026-04-18 01:34:50,87.5,99.44598337950139,90.9722238297325
2026-04-18 01:35:05,87.5,99.44598337950139,90.90520196511949
2026-04-18 01:35:20,87.5,99.44598337950139,90.83818010050648
2026-04-18 01:35:35,87.5,99.44598337950139,90.77115823589347
2026-04-18 01:35:50,87.5,99.44598337950139,90.70413637128046
2026-04-18 01:36:05,87.5,99.44598337950139,90.63711450666744
2026-04-18 01:36:20,87.5,99.44598337950139,90.57009264205443
2026-04-18 01:36:35,87.5,99.44598337950139,90.50307077744142
2026-04-18 01:36:50,87.5,99.44598337950139,90.43604891282841
2026-04-18 01:37:05,87.5,99.44598337950139,90.3690270482154
2026-04-18 01:37:20,87.5,99.44598337950139,90.30200518360239
2026-04-18 01:37:35,87.5,99.44598337950139,90.23498331898938
2026-04-18 01:37:50,87.5,99.44598337950139,90.16796145437637
2026-04-18 01:38:05,87.5,99.7229916897507,90.10093958976336
2026-04-18 01:38:20,87.5,99.7229916897507,90.03391772515035
2026-04-18 01:38:35,87.5,99.71988795518207,89.96689586053733
2026-04-18 01:38:50,87.5,99.71988795518207,89.89987399592434
2026-04-18 01:39:05,87.5,99.71988795518207,89.83285213131133
2026-04-18 01:39:20,87.5,99.71988795518207,89.76583026669832
2026-04-18 01:39:35,87.5,99.71988795518207,89.6988084020853
2026-04-18 01:39:50,87.5,99.71988795518207,89.6317865374723
2026-04-18 01:40:05,87.5,99.71988795518207,89.56476467285928
2026-04-18 01:40:20,87.5,99.71988795518207,89.49774280824627
2026-04-18 01:40:35,87.5,99.71988795518207,89.43072094363326
2026-04-18 01:40:50,87.5,99.71988795518207,89.36369907902025
2026-04-18 01:41:05,87.5,99.71988795518207,89.29667721440724
2026-04-18 01:41:20,87.5,99.71988795518207,89.22965534979423
2026-04-18 01:41:35,87.5,99.71988795518207,89.16263348518122
2026-04-18 01:41:50,87.5,99.71988795518207,89.0956116205682
2026-04-18 01:42:05,87.5,99.71988795518207,89.0285897559552
2026-04-18 01:42:20,87.5,99.71671388101983,88.96156789134218
2026-04-18 01:42:35,87.5,99.71671388101983,88.89454602672917
2026-04-18 01:42:50,87.5,99.71671388101983,88.82752416211616
2026-04-18 01:43:05,87.5,99.71671388101983,88.76050229750315
2026-04-18 01:43:20,87.5,99.71671388101983,88.69348043289014
2026-04-18 01:43:35,87.5,99.71671388101983,88.62645856827713
2026-04-18 01:43:50,87.5,99.71671388101983,88.55943670366412
2026-04-18 01:44:05,87.5,99.71671388101983,88.49241483905111
2026-04-18 01:44:20,87.5,99.71671388101983,88.4253929744381
2026-04-18 01:44:35,87.5,99.71671388101983,88.35837110982509
2026-04-18 01:44:50,87.5,99.71671388101983,88.29134924521207
2026-04-18 01:45:05,87.5,99.71671388101983,88.22432738059906
2026-04-18 01:45:20,87.5,99.71671388101983,88.15730551598605
2026-04-18 01:45:35,87.5,99.71671388101983,88.09028365137306
2026-04-18 01:45:50,87.5,99.71671388101983,88.02326178676005
2026-04-18 01:46:05,87.5,99.7134670487106,87.95623992214703
2026-04-18 01:46:20,87.5,99.7134670487106,87.88921805753402
2026-04-18 01:46:35,87.5,99.7134670487106,87.82219619292101
2026-04-18 01:46:50,87.5,99.7134670487106,87.755174328308
2026-04-18 01:47:05,87.5,99.7134670487106,87.68815246369499
2026-04-18 01:47:20,87.5,99.7134670487106,87.62113059908198
2026-04-18 01:47:35,87.5,99.7134670487106,87.55410873446897
2026-04-18 01:47:50,87.5,99.7134670487106,87.48708686985596
2026-04-18 01:48:05,87.5,99.7134670487106,87.42006500524295
2026-04-18 01:48:20,87.5,99.7134670487106,87.35304314062994
2026-04-18 01:48:35,87.5,99.7134670487106,87.28602127601692
2026-04-18 01:48:50,87.5,99.7134670487106,87.21899941140391
2026-04-18 01:49:05,87.5,99.7134670487106,87.1519775467909
2026-04-18 01:49:20,87.5,99.7134670487106,87.08495568217789
2026-04-18 01:49:35,87.5,99.7134670487106,87.01793381756488
2026-04-18 01:49:50,87.5,99.71014492753623,86.95091195295187
2026-04-18 01:50:05,87.5,99.71014492753623,86.88389008833886
2026-04-18 01:50:20,87.5,99.71014492753623,86.81686822372585
2026-04-18 01:50:35,87.5,99.71014492753623,86.74984635911284
2026-04-18 01:50:50,87.5,99.71014492753623,86.68282449449983
2026-04-18 01:51:05,87.5,99.71014492753623,86.61580262988682
2026-04-18 01:51:20,87.5,99.71014492753623,86.5487807652738
2026-04-18 01:51:35,87.5,99.71014492753623,86.4817589006608
2026-04-18 01:51:50,87.5,99.71014492753623,86.41473703604778
2026-04-18 01:52:05,87.5,99.71014492753623,86.34771517143477
2026-04-18 01:52:20,87.5,99.71014492753623,86.28069330682177
2026-04-18 01:52:35,87.5,99.71014492753623,86.21367144220876
2026-04-18 01:52:50,87.5,99.71014492753623,86.14664957759575
2026-04-18 01:53:05,87.5,99.71014492753623,86.07962771298274
2026-04-18 01:53:20,87.5,99.71014492753623,86.01260584836973
2026-04-18 01:53:35,87.5,99.70674486803519,85.94558398375672
2026-04-18 01:53:50,87.5,99.70674486803519,85.87856211914371
2026-04-18 01:54:05,87.5,99.70674486803519,85.8115402545307
2026-04-18 01:54:20,87.5,99.70674486803519,85.74451838991769
2026-04-18 01:54:35,87.5,99.70674486803519,85.67749652530468
2026-04-18 01:54:50,87.5,99.70674486803519,85.61047466069166
2026-04-18 01:55:05,87.5,99.70674486803519,85.54345279607865
2026-04-18 01:55:20,87.5,99.70674486803519,85.47643093146564
2026-04-18 01:55:35,87.5,99.70674486803519,85.40940906685263
2026-04-18 01:55:50,87.5,99.70674486803519,85.34238720223962
2026-04-18 01:56:05,87.5,99.70674486803519,85.27536533762661
2026-04-18 01:56:20,87.5,99.70674486803519,85.2083434730136
2026-04-18 01:56:35,87.5,99.70674486803519,85.14132160840059
2026-04-18 01:56:50,87.5,99.70674486803519,85.07429974378758
2026-04-18 01:57:05,87.5,99.70674486803519,85.00727787917457
2026-04-18 01:57:20,87.5,99.70326409495549,84.94025601456156
2026-04-18 01:57:35,87.5,99.70326409495549,84.87323414994854
2026-04-18 01:57:50,87.5,99.70326409495549,84.80621228533553
2026-04-18 01:58:05,87.5,99.70326409495549,84.73919042072252
2026-04-18 01:58:20,87.5,99.70326409495549,84.67216855610951
2026-04-18 01:58:35,87.5,99.70326409495549,84.6051466914965
2026-04-18 01:58:50,87.5,99.70326409495549,84.53812482688349
2026-04-18 01:59:05,87.5,99.70326409495549,84.47110296227049
2026-04-18 01:59:20,87.5,99.70326409495549,84.40408109765748
2026-04-18 01:59:35,87.5,99.70326409495549,84.33705923304447
2026-04-18 01:59:50,87.5,99.70326409495549,84.27003736843146
2026-04-18 02:00:05,87.5,99.70326409495549,84.20301550381845
2026-04-18 02:00:20,87.5,99.70326409495549,84.13599363920544
2026-04-18 02:00:35,87.5,99.70326409495549,84.06897177459243
2026-04-18 02:00:50,87.5,99.70326409495549,84.00194990997942
2026-04-18 02:01:05,87.5,99.69969969969969,83.9349280453664
2026-04-18 02:01:20,87.5,99.69969969969969,83.8679061807534
2026-04-18 02:01:35,87.5,99.69969969969969,83.80088431614038
2026-04-18 02:01:50,87.5,99.69969969969969,83.73386245152737
2026-04-18 02:02:05,87.5,99.69969969969969,83.66684058691436
2026-04-18 02:02:20,87.5,99.69969969969969,83.59981872230135
2026-04-18 02:02:35,87.5,99.69969969969969,83.53279685768834
2026-04-18 02:02:50,87.5,99.69969969969969,83.46577499307533
2026-04-18 02:03:05,87.5,99.69969969969969,83.39875312846232
2026-04-18 02:03:20,87.5,99.69969969969969,83.3317312638493
2026-04-18 02:03:35,87.5,99.69969969969969,83.2647093992363
2026-04-18 02:03:50,87.5,99.69969969969969,83.19768753462328
2026-04-18 02:04:05,87.5,99.69969969969969,83.13066567001027
2026-04-18 02:04:20,87.5,99.69969969969969,83.06364380539726
2026-04-18 02:04:35,87.5,99.69604863221885,82.99662194078425
2026-04-18 02:04:50,87.5,99.69604863221885,82.92960007617124
2026-04-18 02:05:05,87.5,99.69604863221885,82.86257821155823
2026-04-18 02:05:20,87.5,99.69604863221885,82.79555634694522
2026-04-18 02:05:35,87.5,99.69604863221885,82.72853448233221
2026-04-18 02:05:50,87.5,99.69604863221885,82.66151261771921
2026-04-18 02:06:05,87.5,99.69604863221885,82.5944907531062
2026-04-18 02:06:20,87.5,99.69604863221885,82.52746888849319
2026-04-18 02:06:35,87.5,99.69604863221885,82.46044702388018
2026-04-18 02:06:50,87.5,99.69604863221885,82.39342515926717
2026-04-18 02:07:05,87.5,99.69604863221885,82.32640329465416
2026-04-18 02:07:20,87.5,99.69604863221885,82.25938143004115
2026-04-18 02:07:35,87.5,99.69604863221885,82.19235956542813
2026-04-18 02:07:50,87.5,99.69604863221885,82.12533770081512
2026-04-18 02:08:05,87.5,99.69604863221885,82.05831583620211
2026-04-18 02:08:20,87.5,99.6923076923077,81.9912939715891
2026-04-18 02:08:35,87.5,99.6923076923077,81.92427210697609
2026-04-18 02:08:50,87.5,99.6923076923077,81.85725024236308
2026-04-18 02:09:05,87.5,99.6923076923077,81.79022837775007
2026-04-18 02:09:20,87.5,99.6923076923077,81.72320651313706
2026-04-18 02:09:35,87.5,99.6923076923077,81.65618464852405
2026-04-18 02:09:50,87.5,99.6923076923077,81.58916278391104
2026-04-18 02:10:05,87.5,99.6923076923077,81.52214091929802
2026-04-18 02:10:20,87.5,99.6923076923077,81.45511905468501
2026-04-18 02:10:35,87.5,99.6923076923077,81.388097190072
2026-04-18 02:10:50,87.5,99.6923076923077,81.32107532545899
2026-04-18 02:11:05,87.5,99.6923076923077,81.25405346084598
2026-04-18 02:11:20,87.5,99.6923076923077,81.18703159623297
2026-04-18 02:11:35,87.5,99.6923076923077,81.12000973161996
2026-04-18 02:11:50,87.5,99.6923076923077,81.05298786700695
2026-04-18 02:12:05,87.5,100.0,80.98596600239394
2026-04-18 02:12:20,87.5,100.0,80.91894413778093
2026-04-18 02:12:35,87.5,100.0,80.85192227316793
2026-04-18 02:12:50,87.5,100.0,80.78490040855492
2026-04-18 02:13:05,87.5,100.0,80.71787854394191
2026-04-18 02:13:20,87.5,100.0,80.6508566793289
2026-04-18 02:13:35,87.5,100.0,80.58383481471589
2026-04-18 02:13:50,87.5,100.0,80.51681295010287
2026-04-18 02:14:05,87.5,100.0,80.44979108548986
2026-04-18 02:14:20,87.5,100.0,80.38276922087685
2026-04-18 02:14:35,87.5,100.0,80.31574735626384
2026-04-18 02:14:50,87.5,100.0,80.24872549165083
2026-04-18 02:15:05,87.5,100.0,80.18170362703782
2026-04-18 02:15:20,87.5,100.0,80.11468176242481
2026-04-18 02:15:35,87.5,100.0,80.0476598978118
2026-04-18 02:15:50,87.5,100.0,79.98063803319879
2026-04-18 02:16:05,87.5,100.0,79.91361616858578
2026-04-18 02:16:20,87.5,100.0,79.84659430397276
2026-04-18 02:16:35,87.5,100.0,79.77957243935975
2026-04-18 02:16:50,87.5,100.0,79.71255057474674
2026-04-18 02:17:05,87.5,100.0,79.64552871013373
2026-04-18 02:17:20,87.5,100.0,79.57850684552072
2026-04-18 02:17:35,87.5,100.0,79.51148498090771
2026-04-18 02:17:50,87.5,100.0,79.4444631162947
2026-04-18 02:18:05,87.5,100.0,79.37744125168169
2026-04-18 02:18:20,87.5,100.0,79.31041938706868
2026-04-18 02:18:35,87.5,100.0,79.24339752245567
2026-04-18 02:18:50,87.5,100.0,79.17637565784267
2026-04-18 02:19:05,87.5,100.0,79.10935379322964
2026-04-18 02:19:20,87.5,100.0,79.04233192861665
2026-04-18 02:19:35,87.5,100.0,78.97531006400364
2026-04-18 02:19:50,87.5,100.0,78.90828819939063
2026-04-18 02:20:05,87.5,100.0,78.84126633477761
2026-04-18 02:20:20,87.5,100.0,78.7742444701646
2026-04-18 02:20:35,87.5,100.0,78.70722260555159
2026-04-18 02:20:50,87.5,100.0,78.64020074093858
2026-04-18 02:21:05,87.5,100.0,78.57317887632557
2026-04-18 02:21:20,87.5,100.0,78.50615701171256
2026-04-18 02:21:35,87.5,100.0,78.43913514709955
2026-04-18 02:21:50,87.5,100.0,78.37211328248654
2026-04-18 02:22:05,87.5,100.0,78.30509141787353
2026-04-18 02:22:20,87.5,100.0,78.23806955326052
2026-04-18 02:22:35,87.5,100.0,78.1710476886475
2026-04-18 02:22:50,87.5,100.0,78.1040258240345
2026-04-18 02:23:05,87.5,100.0,78.03700395942148
2026-04-18 02:23:20,87.5,100.0,77.96998209480847
2026-04-18 02:23:35,87.5,100.0,77.90296023019546
2026-04-18 02:23:50,87.5,100.0,77.83593836558245
2026-04-18 02:24:05,87.5,100.0,77.76891650096944
2026-04-18 02:24:20,87.5,100.0,77.70189463635643
2026-04-18 02:24:35,87.5,100.0,77.63487277174342
2026-04-18 02:24:50,87.5,100.0,77.5678509071304
2026-04-18 02:25:05,87.5,100.0,77.5008290425174
2026-04-18 02:25:20,87.5,100.0,77.43380717790438
2026-04-18 02:25:35,87.5,100.0,77.36678531329139
2026-04-18 02:25:50,87.5,100.0,77.29976344867838
2026-04-18 02:26:05,87.5,100.0,77.23274158406537
2026-04-18 02:26:20,87.5,100.0,77.16571971945235
2026-04-18 02:26:35,87.5,100.0,77.09869785483934
2026-04-18 02:26:50,87.5,100.0,77.03167599022633
2026-04-18 02:27:05,87.5,100.0,76.96465412561332
2026-04-18 02:27:20,87.5,100.0,76.89763226100031
2026-04-18 02:27:35,87.5,100.0,76.8306103963873
2026-04-18 02:27:50,87.5,100.0,76.76358853177429
2026-04-18 02:28:05,87.5,100.0,76.69656666716128
2026-04-18 02:28:20,87.5,100.0,76.62954480254827
2026-04-18 02:28:35,87.5,100.0,76.56252293793526
2026-04-18 02:28:50,87.5,100.0,76.49550107332225
2026-04-18 02:29:05,87.5,100.0,76.42847920870923
2026-04-18 02:29:20,87.5,100.0,76.36145734409622
2026-04-18 02:29:35,87.5,100.0,76.29443547948321
2026-04-18 02:29:50,87.5,100.0,76.2274136148702
2026-04-18 02:30:05,87.5,100.0,76.16039175025719
2026-04-18 02:30:20,87.5,100.0,76.09336988564418
2026-04-18 02:30:35,87.5,100.0,76.02634802103117
2026-04-18 02:30:50,87.5,100.0,75.95932615641816
2026-04-18 02:31:05,87.5,100.0,75.89230429180515
2026-04-18 02:31:20,87.5,100.0,75.82528242719214
2026-04-18 02:31:35,87.5,100.0,75.75826056257912
2026-04-18 02:31:50,87.5,100.0,75.69123869796611
2026-04-18 02:32:05,87.5,100.0,75.6242168333531
2026-04-18 02:32:20,87.5,100.0,75.5571949687401
2026-04-18 02:32:35,87.5,100.0,75.49017310412708
2026-04-18 02:32:50,87.5,100.0,75.42315123951408
2026-04-18 02:33:05,87.5,100.0,75.35612937490107
2026-04-18 02:33:20,87.5,100.0,75.28910751028806
2026-04-18 02:33:35,87.5,100.0,75.22208564567505
2026-04-18 02:33:50,87.5,100.0,75.15506378106204
2026-04-18 02:34:05,87.5,100.0,75.08804191644903
2026-04-18 02:34:20,87.5,100.0,75.02102005183602
2026-04-18 02:34:35,87.5,100.0,74.95399818722301
2026-04-18 02:34:50,87.5,100.0,74.88697632261
2026-04-18 02:35:05,87.5,100.0,74.81995445799699
2026-04-18 02:35:20,87.5,100.0,74.75293259338397
2026-04-18 02:35:35,87.5,100.0,74.68591072877096
2026-04-18 02:35:50,87.5,100.0,74.61888886415795
2026-04-18 02:36:05,87.5,100.0,74.55186699954494
2026-04-18 02:36:20,87.5,100.0,74.48484513493193
2026-04-18 02:36:35,87.5,100.0,74.41782327031892
2026-04-18 02:36:50,87.5,100.0,74.35080140570591
2026-04-18 02:37:05,87.5,100.0,74.2837795410929
2026-04-18 02:37:20,87.5,100.0,74.21675767647989
2026-04-18 02:37:35,87.5,100.0,74.14973581186688
2026-04-18 02:37:50,87.5,100.0,74.08271394725386
2026-04-18 02:38:05,87.5,100.0,74.01569208264085
2026-04-18 02:38:20,87.5,100.0,73.94867021802784
2026-04-18 02:38:35,87.5,100.0,73.88164835341485
2026-04-18 02:38:50,87.5,100.0,73.81462648880182
2026-04-18 02:39:05,87.5,100.0,73.74760462418882
2026-04-18 02:39:20,87.5,100.0,73.6805827595758
2026-04-18 02:39:35,87.5,100.0,73.6135608949628
2026-04-18 02:39:50,87.5,100.0,73.54653903034979
2026-04-18 02:40:05,87.5,100.0,73.47951716573678
2026-04-18 02:40:20,87.5,100.0,73.41249530112377
2026-04-18 02:40:35,87.5,100.0,73.34547343651076
2026-04-18 02:40:50,87.5,100.0,73.27845157189775
2026-04-18 02:41:05,87.5,100.0,73.21142970728474
2026-04-18 02:41:20,87.5,100.0,73.14440784267173
2026-04-18 02:41:35,87.5,100.0,73.07738597805871
2026-04-18 02:41:50,87.5,100.0,73.0103641134457
2026-04-18 02:42:05,87.5,100.0,72.94334224883269
2026-04-18 02:42:20,87.5,100.0,72.87632038421968
2026-04-18 02:42:35,87.5,100.0,72.80929851960667
2026-04-18 02:42:50,87.5,100.0,72.74227665499366
2026-04-18 02:43:05,87.5,100.0,72.67525479038065
2026-04-18 02:43:20,87.5,100.0,72.60823292576764
2026-04-18 02:43:35,87.5,100.0,72.54121106115463
2026-04-18 02:43:50,87.5,100.0,72.47418919654162
2026-04-18 02:44:05,87.5,100.0,72.4071673319286
2026-04-18 02:44:20,87.5,100.0,72.3401454673156
2026-04-18 02:44:35,87.5,100.0,72.27312360270258
2026-04-18 02:44:50,87.5,100.0,72.20610173808957
2026-04-18 02:45:05,87.5,100.0,72.13907987347656
2026-04-18 02:45:20,87.5,100.0,72.07205800886356
2026-04-18 02:45:35,87.5,100.0,72.00503614425054
2026-04-18 02:45:50,87.5,100.0,71.93801427963754
2026-04-18 02:46:05,100.0,100.0,71.87099241502453
2026-04-18 02:46:20,100.0,100.0,71.80397055041152
2026-04-18 02:46:35,100.0,100.0,71.73694868579851
2026-04-18 02:46:50,100.0,100.0,71.6699268211855
2026-04-18 02:47:05,100.0,100.0,71.60290495657249
2026-04-18 02:47:20,100.0,100.0,71.53588309195948
2026-04-18 02:47:35,100.0,100.0,71.46886122734647
2026-04-18 02:47:50,100.0,100.0,71.40183936273345
2026-04-18 02:48:05,100.0,100.0,71.33481749812044
2026-04-18 02:48:20,100.0,100.0,71.26779563350743
2026-04-18 02:48:35,100.0,100.0,71.20077376889442
2026-04-18 02:48:50,100.0,100.0,71.13375190428141
2026-04-18 02:49:05,100.0,100.0,71.0667300396684
2026-04-18 02:49:20,100.0,100.0,70.99970817505539
2026-04-18 02:49:35,100.0,100.0,70.93268631044238
2026-04-18 02:49:50,100.0,100.0,70.86566444582937
2026-04-18 02:50:05,100.0,100.0,70.79864258121636
2026-04-18 02:50:20,100.0,100.0,70.73162071660335
2026-04-18 02:50:35,100.0,100.0,70.66459885199033
2026-04-18 02:50:50,100.0,100.0,70.59757698737732
2026-04-18 02:51:05,100.0,100.0,70.53055512276431
2026-04-18 02:51:20,100.0,100.0,70.4635332581513
2026-04-18 02:51:35,100.0,100.0,70.39651139353829
2026-04-18 02:51:50,100.0,100.0,70.32948952892528
2026-04-18 02:52:05,100.0,100.0,70.26246766431228
2026-04-18 02:52:20,100.0,100.0,70.19544579969926
2026-04-18 02:52:35,100.0,100.0,70.12842393508626
2026-04-18 02:52:50,100.0,100.0,70.06140207047325
2026-04-18 02:53:05,100.0,100.0,69.99438020586024
2026-04-18 02:53:20,100.0,100.0,69.92735834124723
2026-04-18 02:53:35,100.0,100.0,69.86033647663422
2026-04-18 02:53:50,100.0,100.0,69.7933146120212
2026-04-18 02:54:05,100.0,100.0,69.7262927474082
2026-04-18 02:54:20,100.0,100.0,69.65927088279518
2026-04-18 02:54:35,100.0,100.0,69.59224901818217
2026-04-18 02:54:50,100.0,100.0,69.52522715356916
2026-04-18 02:55:05,100.0,100.0,69.45820528895615
2026-04-18 02:55:20,100.0,100.0,69.39118342434314
2026-04-18 02:55:35,100.0,100.0,69.32416155973013
2026-04-18 02:55:50,100.0,100.0,69.25713969511712
2026-04-18 02:56:05,100.0,100.0,69.19011783050411
2026-04-18 02:56:20,100.0,100.0,69.1230959658911
2026-04-18 02:56:35,100.0,100.0,69.05607410127809
2026-04-18 02:56:50,100.0,100.0,68.98905223666507
2026-04-18 02:57:05,100.0,100.0,68.92203037205206
2026-04-18 02:57:20,100.0,100.0,68.85500850743905
2026-04-18 02:57:35,100.0,100.0,68.78798664282604
2026-04-18 02:57:50,100.0,100.0,68.72096477821303
2026-04-18 02:58:05,100.0,100.0,68.65394291360002
2026-04-18 02:58:20,100.0,100.0,68.58692104898701
2026-04-18 02:58:35,100.0,100.0,68.519899184374
2026-04-18 02:58:50,100.0,100.0,68.452877319761
2026-04-18 02:59:05,100.0,100.0,68.38585545514798
2026-04-18 02:59:20,100.0,100.0,68.31883359053498
2026-04-18 02:59:35,100.0,100.0,68.25181172592197
2026-04-18 02:59:50,100.0,100.0,68.18478986130896
2026-04-18 03:00:05,100.0,100.0,68.11776799669595
2026-04-18 03:00:20,100.0,100.0,68.05074613208293
2026-04-18 03:00:35,100.0,100.0,67.98372426746992
2026-04-18 03:00:50,100.0,100.0,67.91670240285691
2026-04-18 03:01:05,100.0,100.0,67.8496805382439
2026-04-18 03:01:20,100.0,100.0,67.78265867363089
2026-04-18 03:01:35,100.0,100.0,67.71563680901788
2026-04-18 03:01:50,100.0,100.0,67.64861494440487
2026-04-18 03:02:05,100.0,100.0,67.58159307979186
2026-04-18 03:02:20,100.0,100.0,67.51457121517885
2026-04-18 03:02:35,100.0,100.0,67.44754935056584
2026-04-18 03:02:50,100.0,100.0,67.38052748595283
2026-04-18 03:03:05,100.0,100.0,67.31350562133981
2026-04-18 03:03:20,100.0,100.0,67.2464837567268
2026-04-18 03:03:35,100.0,100.0,67.17946189211379
2026-04-18 03:03:50,100.0,100.0,67.11244002750078
2026-04-18 03:04:05,100.0,100.0,67.04541816288777
2026-04-18 03:04:20,100.0,100.0,66.97839629827476
2026-04-18 03:04:35,100.0,100.0,66.91137443366175
2026-04-18 03:04:50,100.0,100.0,66.84435256904874
2026-04-18 03:05:05,100.0,100.0,66.77733070443574
2026-04-18 03:05:20,100.0,100.0,66.71030883982272
2026-04-18 03:05:35,100.0,100.0,66.64328697520972
2026-04-18 03:05:50,100.0,100.0,66.5762651105967
2026-04-18 03:06:05,100.0,100.0,66.5092432459837
2026-04-18 03:06:20,100.0,100.0,66.44222138137067
2026-04-18 03:06:35,100.0,100.0,66.37519951675768
2026-04-18 03:06:50,100.0,100.0,66.30817765214466
2026-04-18 03:07:05,100.0,100.0,66.24115578753165
2026-04-18 03:07:20,100.0,100.0,66.17413392291864
2026-04-18 03:07:35,100.0,100.0,66.10711205830563
2026-04-18 03:07:50,100.0,100.0,66.04009019369262
2026-04-18 03:08:05,100.0,100.0,65.97306832907961
2026-04-18 03:08:20,100.0,100.0,65.9060464644666
2026-04-18 03:08:35,100.0,100.0,65.83902459985359
2026-04-18 03:08:50,100.0,100.0,65.77200273524058
2026-04-18 03:09:05,100.0,100.0,65.70498087062757
2026-04-18 03:09:20,100.0,100.0,65.63795900601455
2026-04-18 03:09:35,100.0,100.0,65.57093714140154
2026-04-18 03:09:50,100.0,100.0,65.50391527678853
2026-04-18 03:10:05,100.0,100.0,65.43689341217552
2026-04-18 03:10:20,100.0,100.0,65.36987154756251
2026-04-18 03:10:35,100.0,100.0,65.3028496829495
2026-04-18 03:10:50,100.0,100.0,65.23582781833649
2026-04-18 03:11:05,100.0,100.0,65.16880595372348
2026-04-18 03:11:20,100.0,100.0,65.10178408911047
2026-04-18 03:11:35,100.0,100.0,65.03476222449746
2026-04-18 03:11:50,100.0,100.0,64.96774035988446
2026-04-18 03:12:05,100.0,100.0,64.90071849527143
2026-04-18 03:12:20,100.0,100.0,64.83369663065844
2026-04-18 03:12:35,100.0,100.0,64.76667476604541
2026-04-18 03:12:50,100.0,100.0,64.69965290143242
2026-04-18 03:13:05,100.0,100.0,64.63263103681939
2026-04-18 03:13:20,100.0,100.0,64.5656091722064
2026-04-18 03:13:35,100.0,100.0,64.49858730759338
2026-04-18 03:13:50,100.0,100.0,64.43156544298037
2026-04-18 03:14:05,100.0,100.0,64.36454357836736
2026-04-18 03:14:20,100.0,100.0,64.29752171375435
2026-04-18 03:14:35,100.0,100.0,64.23049984914134
2026-04-18 03:14:50,100.0,100.0,64.16347798452833
2026-04-18 03:15:05,100.0,100.0,64.09645611991532
2026-04-18 03:15:20,100.0,100.0,64.0294342553023
2026-04-18 03:15:35,100.0,100.0,63.962412390689295
2026-04-18 03:15:50,100.0,100.0,63.895390526076284
2026-04-18 03:16:05,100.0,100.0,63.82836866146327
2026-04-18 03:16:20,100.0,100.0,63.76134679685026
2026-04-18 03:16:35,100.0,100.0,63.69432493223725
2026-04-18 03:16:50,100.0,100.0,63.62730306762424
2026-04-18 03:17:05,100.0,100.0,63.56028120301123
2026-04-18 03:17:20,100.0,100.0,63.49325933839822
2026-04-18 03:17:35,100.0,100.0,63.42623747378521
2026-04-18 03:17:50,100.0,100.0,63.359215609172196
2026-04-18 03:18:05,100.0,100.0,63.292193744559185
2026-04-18 03:18:20,100.0,100.0,63.22517187994618
2026-04-18 03:18:35,100.0,100.0,63.15815001533317
2026-04-18 03:18:50,100.0,100.0,63.09112815072016
2026-04-18 03:19:05,100.0,100.0,63.02410628610715
2026-04-18 03:19:20,100.0,100.0,62.95708442149414
2026-04-18 03:19:35,100.0,100.0,62.89006255688113
2026-04-18 03:19:50,100.0,100.0,62.823040692268115
2026-04-18 03:20:05,100.0,100.0,62.75601882765511
2026-04-18 03:20:20,100.0,100.0,62.6889969630421
2026-04-18 03:20:35,100.0,100.0,62.62197509842909
2026-04-18 03:20:50,100.0,100.0,62.55495323381608
2026-04-18 03:21:05,100.0,100.0,62.48793136920307
2026-04-18 03:21:20,100.0,100.0,62.42090950459006
2026-04-18 03:21:35,100.0,100.0,62.353887639977046
2026-04-18 03:21:50,100.0,100.0,62.286865775364035
2026-04-18 03:22:05,100.0,100.0,62.219843910751024
2026-04-18 03:22:20,100.0,100.0,62.15282204613801
2026-04-18 03:22:35,100.0,100.0,62.085800181525
2026-04-18 03:22:50,100.0,100.0,62.01877831691199
2026-04-18 03:23:05,100.0,100.0,61.95175645229898
2026-04-18 03:23:20,100.0,100.0,61.88473458768597
2026-04-18 03:23:35,100.0,100.0,61.81771272307296
2026-04-18 03:23:50,100.0,100.0,61.75069085845995
2026-04-18 03:24:05,100.0,100.0,61.683668993846936
2026-04-18 03:24:20,100.0,100.0,61.616647129233925
2026-04-18 03:24:35,100.0,100.0,61.549625264620914
2026-04-18 03:24:50,100.0,100.0,61.4826034000079
2026-04-18 03:25:05,100.0,100.0,61.4155815353949
2026-04-18 03:25:20,100.0,100.0,61.34855967078189
2026-04-18 03:25:35,100.0,100.0,61.28153780616888
2026-04-18 03:25:50,100.0,100.0,61.21451594155587
2026-04-18 03:26:05,100.0,100.0,61.147494076942856
2026-04-18 03:26:20,100.0,100.0,61.080472212329845
2026-04-18 03:26:35,100.0,100.0,61.013450347716834
2026-04-18 03:26:50,100.0,100.0,60.94642848310383
2026-04-18 03:27:05,100.0,100.0,60.87940661849082
2026-04-18 03:27:20,100.0,100.0,60.81238475387781
2026-04-18 03:27:35,100.0,100.0,60.7453628892648
2026-04-18 03:27:50,100.0,100.0,60.678341024651786
2026-04-18 03:28:05,100.0,100.0,60.611319160038775
2026-04-18 03:28:20,100.0,100.0,60.544297295425764
2026-04-18 03:28:35,100.0,100.0,60.47727543081275
2026-04-18 03:28:50,100.0,100.0,60.41025356619974
2026-04-18 03:29:05,100.0,100.0,60.34323170158673
2026-04-18 03:29:20,100.0,100.0,60.27620983697372
2026-04-18 03:29:35,100.0,100.0,60.20918797236071
2026-04-18 03:29:50,100.0,100.0,60.1421661077477
2026-04-18 03:30:05,100.0,100.0,60.07514424313469
2026-04-18 03:30:20,100.0,100.0,60.008122378521676
2026-04-18 03:30:35,100.0,100.0,59.941100513908665
2026-04-18 03:30:50,100.0,100.0,59.874078649295654
2026-04-18 03:31:05,100.0,100.0,59.80705678468264
2026-04-18 03:31:20,100.0,100.0,59.74003492006963
2026-04-18 03:31:35,100.0,100.0,59.67301305545662
2026-04-18 03:31:50,100.0,100.0,59.60599119084362
2026-04-18 03:32:05,100.0,100.0,59.53896932623061
2026-04-18 03:32:20,100.0,100.0,59.471947461617596
2026-04-18 03:32:35,100.0,100.0,59.404925597004585
2026-04-18 03:32:50,100.0,100.0,59.337903732391574
2026-04-18 03:33:05,100.0,100.0,59.27088186777856
2026-04-18 03:33:20,100.0,100.0,59.20386000316556
2026-04-18 03:33:35,100.0,100.0,59.13683813855255
2026-04-18 03:33:50,100.0,100.0,59.06981627393954
2026-04-18 03:34:05,100.0,100.0,59.002794409326526
2026-04-18 03:34:20,100.0,100.0,58.935772544713515
2026-04-18 03:34:35,100.0,100.0,58.868750680100504
2026-04-18 03:34:50,100.0,100.0,58.80172881548749
2026-04-18 03:35:05,100.0,100.0,58.73470695087448
2026-04-18 03:35:20,100.0,100.0,58.66768508626147
2026-04-18 03:35:35,100.0,100.0,58.60066322164846
2026-04-18 03:35:50,100.0,100.0,58.53364135703545
2026-04-18 03:36:05,100.0,100.0,58.46661949242244
2026-04-18 03:36:20,100.0,100.0,58.39959762780943
2026-04-18 03:36:35,100.0,100.0,58.33257576319642
2026-04-18 03:36:50,100.0,100.0,58.265553898583406
2026-04-18 03:37:05,100.0,100.0,58.198532033970395
2026-04-18 03:37:20,100.0,100.0,58.131510169357384
2026-04-18 03:37:35,100.0,100.0,58.06448830474437
2026-04-18 03:37:50,100.0,100.0,57.99746644013136
2026-04-18 03:38:05,100.0,100.0,57.93044457551835
2026-04-18 03:38:20,100.0,100.0,57.86342271090535
2026-04-18 03:38:35,100.0,100.0,57.796400846292336
2026-04-18 03:38:50,100.0,100.0,57.729378981679325
2026-04-18 03:39:05,100.0,100.0,57.662357117066314
2026-04-18 03:39:20,100.0,100.0,57.5953352524533
2026-04-18 03:39:35,100.0,100.0,57.52831338784029
2026-04-18 03:39:50,100.0,100.0,57.46129152322728
2026-04-18 03:40:05,100.0,100.0,57.39426965861428
2026-04-18 03:40:20,100.0,100.0,57.327247794001266
2026-04-18 03:40:35,100.0,100.0,57.260225929388255
2026-04-18 03:40:50,100.0,100.0,57.193204064775244
2026-04-18 03:41:05,100.0,100.0,57.12618220016223
2026-04-18 03:41:20,100.0,100.0,57.05916033554922
2026-04-18 03:41:35,100.0,100.0,56.99213847093621
2026-04-18 03:41:50,100.0,100.0,56.9251166063232
2026-04-18 03:42:05,100.0,100.0,56.85809474171019
2026-04-18 03:42:20,100.0,100.0,56.79107287709718
2026-04-18 03:42:35,100.0,100.0,56.72405101248417
2026-04-18 03:42:50,100.0,100.0,56.65702914787116
2026-04-18 03:43:05,100.0,100.0,56.590007283258146
2026-04-18 03:43:20,100.0,100.0,56.522985418645135
2026-04-18 03:43:35,100.0,100.0,56.455963554032124
2026-04-18 03:43:50,87.5,100.0,56.38894168941911
2026-04-18 03:44:05,87.5,100.0,56.3219198248061
2026-04-18 03:44:20,87.5,100.0,56.25489796019309
2026-04-18 03:44:35,87.5,100.0,56.18787609558008
2026-04-18 03:44:50,87.5,100.0,56.12085423096707
2026-04-18 03:45:05,87.5,100.0,56.053832366354065
2026-04-18 03:45:20,87.5,100.0,55.986810501741054
2026-04-18 03:45:35,87.5,100.0,55.91978863712804
2026-04-18 03:45:50,87.5,100.0,55.85276677251503
2026-04-18 03:46:05,87.5,100.0,55.78574490790202
2026-04-18 03:46:20,87.5,100.0,55.71872304328901
2026-04-18 03:46:35,87.5,100.0,55.651701178676
2026-04-18 03:46:50,87.5,100.0,55.584679314062996
2026-04-18 03:47:05,87.5,100.0,55.517657449449985
2026-04-18 03:47:20,87.5,100.0,55.450635584836974
2026-04-18 03:47:35,87.5,100.0,55.38361372022396
2026-04-18 03:47:50,87.5,100.0,55.31659185561095
2026-04-18 03:48:05,87.5,100.0,55.24956999099794
2026-04-18 03:48:20,87.5,100.0,55.18254812638493
2026-04-18 03:48:35,87.5,100.0,55.11552626177192
2026-04-18 03:48:50,87.5,100.0,55.04850439715891
2026-04-18 03:49:05,87.5,100.0,54.9814825325459
2026-04-18 03:49:20,87.5,100.0,54.914460667932886
2026-04-18 03:49:35,87.5,100.0,54.847438803319875
2026-04-18 03:49:50,87.5,100.0,54.780416938706864
2026-04-18 03:50:05,87.5,100.0,54.71339507409385
2026-04-18 03:50:20,100.0,100.0,54.64637320948084
2026-04-18 03:50:35,100.0,100.0,54.57935134486783
2026-04-18 03:50:50,100.0,100.0,54.51232948025482
2026-04-18 03:51:05,100.0,100.0,54.44530761564181
2026-04-18 03:51:20,100.0,100.0,54.3782857510288
2026-04-18 03:51:35,100.0,100.0,54.31126388641579
2026-04-18 03:51:50,100.0,100.0,54.24424202180278
2026-04-18 03:52:05,100.0,100.0,54.17722015718977
2026-04-18 03:52:20,100.0,100.0,54.11019829257676
2026-04-18 03:52:35,100.0,100.0,54.04317642796375
2026-04-18 03:52:50,100.0,100.0,53.97615456335074
2026-04-18 03:53:05,100.0,100.0,53.90913269873773
2026-04-18 03:53:20,100.0,100.0,53.842110834124725
2026-04-18 03:53:35,100.0,100.0,53.775088969511714
2026-04-18 03:53:50,100.0,100.0,53.7080671048987
2026-04-18 03:54:05,100.0,100.0,53.64104524028569
2026-04-18 03:54:20,100.0,100.0,53.57402337567268
2026-04-18 03:54:35,100.0,100.0,53.50700151105967
2026-04-18 03:54:50,100.0,100.0,53.43997964644666
2026-04-18 03:55:05,100.0,100.0,53.37295778183365
2026-04-18 03:55:20,100.0,100.0,53.30593591722064
2026-04-18 03:55:35,100.0,100.0,53.238914052607626
2026-04-18 03:55:50,100.0,100.0,53.171892187994615
2026-04-18 03:56:05,100.0,100.0,53.104870323381604
2026-04-18 03:56:20,100.0,100.0,53.03784845876859
2026-04-18 03:56:35,100.0,100.0,52.97082659415558
2026-04-18 03:56:50,100.0,100.0,52.90380472954257
2026-04-18 03:57:05,100.0,100.0,52.83678286492956
2026-04-18 03:57:20,100.0,100.0,52.76976100031655
2026-04-18 03:57:35,100.0,100.0,52.70273913570354
2026-04-18 03:57:50,100.0,100.0,52.63571727109053
2026-04-18 03:58:05,100.0,100.0,52.56869540647752
2026-04-18 03:58:20,100.0,100.0,52.50167354186451
2026-04-18 03:58:35,100.0,100.0,52.4346516772515
2026-04-18 03:58:50,100.0,100.0,52.36762981263849
2026-04-18 03:59:05,100.0,100.0,52.30060794802548
2026-04-18 03:59:20,100.0,100.0,52.23358608341247
2026-04-18 03:59:35,100.0,100.0,52.16656421879946
2026-04-18 03:59:50,100.0,100.0,52.09954235418645
2026-04-18 04:00:05,100.0,100.0,52.04089477237654
2026-04-18 04:00:20,100.0,100.0,51.99899575617284
2026-04-18 04:00:35,100.0,100.0,51.95709673996913
2026-04-18 04:00:50,100.0,100.0,51.91519772376543
2026-04-18 04:01:05,100.0,100.0,51.87329870756172
2026-04-18 04:01:20,100.0,100.0,51.83139969135802
2026-04-18 04:01:35,100.0,100.0,51.789500675154315
2026-04-18 04:01:50,100.0,100.0,51.747601658950614
2026-04-18 04:02:05,100.0,100.0,51.705702642746914
2026-04-18 04:02:20,100.0,100.0,51.663803626543206
2026-04-18 04:02:35,100.0,100.0,51.621904610339506
2026-04-18 04:02:50,100.0,100.0,51.5800055941358
2026-04-18 04:03:05,100.0,100.0,51.5381065779321
2026-04-18 04:03:20,100.0,100.0,51.49620756172839
2026-04-18 04:03:35,100.0,100.0,51.45430854552469
2026-04-18 04:03:50,100.0,100.0,51.41240952932098
2026-04-18 04:04:05,100.0,100.0,51.37051051311728
2026-04-18 04:04:20,100.0,100.0,51.32861149691358
2026-04-18 04:04:35,100.0,100.0,51.28671248070987
2026-04-18 04:04:50,100.0,100.0,51.24481346450617
2026-04-18 04:05:05,100.0,100.0,51.202914448302465
2026-04-18 04:05:20,100.0,100.0,51.161015432098765
2026-04-18 04:05:35,100.0,100.0,51.11911641589506
2026-04-18 04:05:50,100.0,100.0,51.07721739969136
2026-04-18 04:06:05,100.0,100.0,51.03531838348765
2026-04-18 04:06:20,100.0,100.0,50.99341936728395
2026-04-18 04:06:35,100.0,100.0,50.95152035108025
2026-04-18 04:06:50,100.0,100.0,50.90962133487654
2026-04-18 04:07:05,100.0,100.0,50.86772231867284
2026-04-18 04:07:20,100.0,100.0,50.82582330246913
2026-04-18 04:07:35,100.0,100.0,50.78392428626543
2026-04-18 04:07:50,100.0,100.0,50.742025270061724
2026-04-18 04:08:05,100.0,100.0,50.70012625385802
2026-04-18 04:08:20,100.0,100.0,50.658227237654316
2026-04-18 04:08:35,100.0,100.0,50.616328221450615
2026-04-18 04:08:50,100.0,100.0,50.57442920524691
2026-04-18 04:09:05,100.0,100.0,50.53253018904321
2026-04-18 04:09:20,100.0,100.0,50.49063117283951
2026-04-18 04:09:35,100.0,100.0,50.4487321566358
2026-04-18 04:09:50,100.0,100.0,50.4068331404321
2026-04-18 04:10:05,100.0,100.0,50.36493412422839
2026-04-18 04:10:20,100.0,100.0,50.32303510802469
2026-04-18 04:10:35,100.0,100.0,50.28113609182098
2026-04-18 04:10:50,100.0,100.0,50.23923707561728
2026-04-18 04:11:05,100.0,100.0,50.197338059413575
2026-04-18 04:11:20,100.0,100.0,50.155439043209874
2026-04-18 04:11:35,100.0,100.0,50.113540027006174
2026-04-18 04:11:50,100.0,100.0,50.071641010802466
2026-04-18 04:12:05,100.0,100.0,50.029741994598766
2026-04-18 04:12:20,100.0,100.0,49.98784297839506
2026-04-18 04:12:35,100.0,100.0,49.94594396219136
2026-04-18 04:12:50,100.0,100.0,49.90404494598765
2026-04-18 04:13:05,100.0,100.0,49.86214592978395
2026-04-18 04:13:20,100.0,100.0,49.82024691358024
2026-04-18 04:13:35,100.0,100.0,49.77834789737654
2026-04-18 04:13:50,100.0,100.0,49.736448881172834
2026-04-18 04:14:05,100.0,100.0,49.69454986496913
2026-04-18 04:14:20,100.0,100.0,49.65265084876543
2026-04-18 04:14:35,100.0,100.0,49.610751832561725
2026-04-18 04:14:50,100.0,100.0,49.568852816358024
2026-04-18 04:15:05,100.0,100.0,49.52695380015432
2026-04-18 04:15:20,100.0,100.0,49.485054783950616
2026-04-18 04:15:35,100.0,100.0,49.44315576774691
2026-04-18 04:15:50,100.0,100.0,49.40125675154321
2026-04-18 04:16:05,100.0,100.0,49.3593577353395
2026-04-18 04:16:20,100.0,100.0,49.3174587191358
2026-04-18 04:16:35,100.0,100.0,49.2755597029321
2026-04-18 04:16:50,100.0,100.0,49.23366068672839
2026-04-18 04:17:05,100.0,100.0,49.19176167052469
2026-04-18 04:17:20,100.0,100.0,49.149862654320984
2026-04-18 04:17:35,100.0,100.0,49.10796363811728
2026-04-18 04:17:50,100.0,100.0,49.066064621913576
2026-04-18 04:18:05,100.0,100.0,49.024165605709875
2026-04-18 04:18:20,100.0,100.0,48.98226658950617
2026-04-18 04:18:35,100.0,100.0,48.94036757330247
2026-04-18 04:18:50,100.0,100.0,48.89846855709877
2026-04-18 04:19:05,100.0,100.0,48.85656954089506
2026-04-18 04:19:20,100.0,100.0,48.81467052469136
2026-04-18 04:19:35,100.0,100.0,48.77277150848765
2026-04-18 04:19:50,100.0,100.0,48.73087249228395
2026-04-18 04:20:05,100.0,100.0,48.68897347608024
2026-04-18 04:20:20,100.0,100.0,48.64707445987654
2026-04-18 04:20:35,100.0,100.0,48.605175443672834
2026-04-18 04:20:50,100.0,100.0,48.563276427469134
2026-04-18 04:21:05,100.0,100.0,48.52137741126543
2026-04-18 04:21:20,100.0,100.0,48.479478395061726
2026-04-18 04:21:35,100.0,100.0,48.437579378858025
2026-04-18 04:21:50,100.0,100.0,48.39568036265432
2026-04-18 04:22:05,100.0,100.0,48.35378134645062
2026-04-18 04:22:20,100.0,100.0,48.31188233024691
2026-04-18 04:22:35,100.0,100.0,48.26998331404321
2026-04-18 04:22:50,100.0,100.0,48.2280842978395
2026-04-18 04:23:05,100.0,100.0,48.1861852816358
2026-04-18 04:23:20,100.0,100.0,48.14428626543209
2026-04-18 04:23:35,100.0,100.0,48.10238724922839
2026-04-18 04:23:50,100.0,100.0,48.06048823302469
2026-04-18 04:24:05,100.0,100.0,48.018589216820985
2026-04-18 04:24:20,100.0,100.0,47.976690200617284
2026-04-18 04:24:35,100.0,100.0,47.93479118441358
2026-04-18 04:24:50,100.0,100.0,47.892892168209876
2026-04-18 04:25:05,100.0,100.0,47.85099315200617
2026-04-18 04:25:20,100.0,100.0,47.80909413580247
2026-04-18 04:25:35,100.0,100.0,47.76719511959876
2026-04-18 04:25:50,100.0,100.0,47.72529610339506
2026-04-18 04:26:05,100.0,100.0,47.68339708719135
2026-04-18 04:26:20,100.0,100.0,47.64149807098765
2026-04-18 04:26:35,100.0,100.0,47.59959905478395
2026-04-18 04:26:50,100.0,100.0,47.55770003858024
2026-04-18 04:27:05,100.0,100.0,47.51580102237654
2026-04-18 04:27:20,100.0,100.0,47.473902006172835
2026-04-18 04:27:35,100.0,100.0,47.432002989969135
2026-04-18 04:27:50,100.0,100.0,47.39010397376543
2026-04-18 04:28:05,100.0,100.0,47.34820495756173
2026-04-18 04:28:20,100.0,100.0,47.30630594135802
2026-04-18 04:28:35,100.0,100.0,47.26440692515432
2026-04-18 04:28:50,100.0,100.0,47.22250790895062
2026-04-18 04:29:05,100.0,100.0,47.18060889274691
2026-04-18 04:29:20,100.0,100.0,47.13870987654321
2026-04-18 04:29:35,100.0,100.0,47.0968108603395
2026-04-18 04:29:50,100.0,100.0,47.0549118441358
2026-04-18 04:30:05,100.0,100.0,47.013012827932094
2026-04-18 04:30:20,100.0,100.0,46.971113811728394
2026-04-18 04:30:35,100.0,100.0,46.929214795524686
2026-04-18 04:30:50,100.0,100.0,46.887315779320986
2026-04-18 04:31:05,100.0,100.0,46.845416763117285
2026-04-18 04:31:20,100.0,100.0,46.80351774691358
2026-04-18 04:31:35,100.0,100.0,46.76161873070988
2026-04-18 04:31:50,100.0,100.0,46.71971971450617
2026-04-18 04:32:05,100.0,100.0,46.67782069830247
2026-04-18 04:32:20,100.0,100.0,46.63592168209876
2026-04-18 04:32:35,100.0,100.0,46.59402266589506
2026-04-18 04:32:50,100.0,100.0,46.55212364969135
2026-04-18 04:33:05,100.0,100.0,46.51022463348765
2026-04-18 04:33:20,100.0,100.0,46.46832561728395
2026-04-18 04:33:35,100.0,100.0,46.426426601080244
2026-04-18 04:33:50,100.0,100.0,46.384527584876544
2026-04-18 04:34:05,100.0,100.0,46.342628568672836
2026-04-18 04:34:20,100.0,100.0,46.300729552469136
2026-04-18 04:34:35,100.0,100.0,46.25883053626543
2026-04-18 04:34:50,100.0,100.0,46.21693152006173
2026-04-18 04:35:05,100.0,100.0,46.17503250385802
2026-04-18 04:35:20,100.0,100.0,46.13313348765432
2026-04-18 04:35:35,100.0,100.0,46.09123447145062
2026-04-18 04:35:50,100.0,100.0,46.04933545524691
2026-04-18 04:36:05,100.0,100.0,46.007436439043204
2026-04-18 04:36:20,100.0,100.0,45.9655374228395
2026-04-18 04:36:35,100.0,100.0,45.9236384066358
2026-04-18 04:36:50,100.0,100.0,45.881739390432095
2026-04-18 04:37:05,100.0,100.0,45.839840374228395
2026-04-18 04:37:20,100.0,100.0,45.79794135802469
2026-04-18 04:37:35,100.0,100.0,45.75604234182099
2026-04-18 04:37:50,100.0,100.0,45.71414332561728
2026-04-18 04:38:05,100.0,100.0,45.67224430941358
2026-04-18 04:38:20,100.0,100.0,45.63034529320987
2026-04-18 04:38:35,100.0,100.0,45.58844627700617
2026-04-18 04:38:50,100.0,100.0,45.54654726080247
2026-04-18 04:39:05,100.0,100.0,45.50464824459876
2026-04-18 04:39:20,100.0,100.0,45.46274922839506
2026-04-18 04:39:35,100.0,100.0,45.420850212191354
2026-04-18 04:39:50,100.0,100.0,45.37895119598765
2026-04-18 04:40:05,100.0,100.0,45.337052179783946
2026-04-18 04:40:20,100.0,100.0,45.295153163580245
2026-04-18 04:40:35,100.0,100.0,45.25325414737654
2026-04-18 04:40:50,100.0,100.0,45.21135513117284
2026-04-18 04:41:05,100.0,100.0,45.16945611496914
2026-04-18 04:41:20,100.0,100.0,45.12755709876543
2026-04-18 04:41:35,100.0,100.0,45.08565808256173
2026-04-18 04:41:50,100.0,100.0,45.04375906635802
2026-04-18 04:42:05,100.0,100.0,45.00186005015432
2026-04-18 04:42:20,100.0,100.0,44.95996103395061
2026-04-18 04:42:35,100.0,100.0,44.91806201774691
2026-04-18 04:42:50,100.0,100.0,44.876163001543205
2026-04-18 04:43:05,100.0,100.0,44.834263985339504
2026-04-18 04:43:20,100.0,100.0,44.792364969135804
2026-04-18 04:43:35,100.0,100.0,44.750465952932096
2026-04-18 04:43:50,100.0,100.0,44.708566936728396
2026-04-18 04:44:05,100.0,100.0,44.66666792052469
2026-04-18 04:44:20,100.0,100.0,44.62476890432099
2026-04-18 04:44:35,100.0,100.0,44.58286988811728
2026-04-18 04:44:50,100.0,100.0,44.54097087191358
2026-04-18 04:45:05,100.0,100.0,44.49907185570987
2026-04-18 04:45:20,100.0,100.0,44.45717283950617
2026-04-18 04:45:35,100.0,100.0,44.41527382330247
2026-04-18 04:45:50,100.0,100.0,44.37337480709876
2026-04-18 04:46:05,100.0,100.0,44.33147579089506
2026-04-18 04:46:20,100.0,100.0,44.289576774691355
2026-04-18 04:46:35,100.0,100.0,44.247677758487654
2026-04-18 04:46:50,100.0,100.0,44.20577874228395
2026-04-18 04:47:05,100.0,100.0,44.163879726080246
2026-04-18 04:47:20,100.0,100.0,44.12198070987654
2026-04-18 04:47:35,100.0,100.0,44.08008169367284
2026-04-18 04:47:50,100.0,100.0,44.03818267746914
2026-04-18 04:48:05,100.0,100.0,43.99628366126543
2026-04-18 04:48:20,100.0,100.0,43.95438464506172
2026-04-18 04:48:35,100.0,100.0,43.91248562885802
2026-04-18 04:48:50,100.0,100.0,43.87058661265432
2026-04-18 04:49:05,100.0,100.0,43.828687596450614
2026-04-18 04:49:20,100.0,100.0,43.78678858024691
2026-04-18 04:49:35,100.0,100.0,43.744889564043206
2026-04-18 04:49:50,100.0,100.0,43.702990547839505
2026-04-18 04:50:05,100.0,100.0,43.661091531635805
2026-04-18 04:50:20,100.0,100.0,43.6191925154321
2026-04-18 04:50:35,100.0,100.0,43.57729349922839
2026-04-18 04:50:50,100.0,100.0,43.53539448302469
2026-04-18 04:51:05,100.0,100.0,43.49349546682099
2026-04-18 04:51:20,100.0,100.0,43.45159645061728
2026-04-18 04:51:35,100.0,100.0,43.40969743441358
2026-04-18 04:51:50,100.0,100.0,43.36779841820987
2026-04-18 04:52:05,100.0,100.0,43.32589940200617
2026-04-18 04:52:20,100.0,100.0,43.284000385802464
2026-04-18 04:52:35,100.0,100.0,43.242101369598764
2026-04-18 04:52:50,100.0,100.0,43.200202353395056
2026-04-18 04:53:05,100.0,100.0,43.158303337191356
2026-04-18 04:53:20,100.0,100.0,43.116404320987655
2026-04-18 04:53:35,100.0,100.0,43.07450530478395
2026-04-18 04:53:50,100.0,100.0,43.03260628858025
2026-04-18 04:54:05,100.0,100.0,42.99070727237654
2026-04-18 04:54:20,100.0,100.0,42.94880825617284
2026-04-18 04:54:35,100.0,100.0,42.90690923996913
2026-04-18 04:54:50,100.0,100.0,42.86501022376543
2026-04-18 04:55:05,100.0,100.0,42.82311120756172
2026-04-18 04:55:20,100.0,100.0,42.78121219135802
2026-04-18 04:55:35,100.0,100.0,42.73931317515432
2026-04-18 04:55:50,100.0,100.0,42.697414158950615
2026-04-18 04:56:05,100.0,100.0,42.655515142746914
2026-04-18 04:56:20,100.0,100.0,42.61361612654321
2026-04-18 04:56:35,100.0,100.0,42.571717110339506
2026-04-18 04:56:50,100.0,100.0,42.5298180941358
2026-04-18 04:57:05,100.0,100.0,42.4879190779321
2026-04-18 04:57:20,100.0,100.0,42.44602006172839
2026-04-18 04:57:35,100.0,100.0,42.40412104552469
2026-04-18 04:57:50,100.0,100.0,42.36222202932099
2026-04-18 04:58:05,100.0,100.0,42.32032301311728
2026-04-18 04:58:20,100.0,100.0,42.278423996913574
2026-04-18 04:58:35,100.0,100.0,42.23652498070987
2026-04-18 04:58:50,100.0,100.0,42.19462596450617
2026-04-18 04:59:05,100.0,100.0,42.152726948302465
2026-04-18 04:59:20,100.0,100.0,42.110827932098765
2026-04-18 04:59:35,100.0,100.0,42.06892891589506
2026-04-18 04:59:50,100.0,100.0,42.02702989969136
2026-04-18 05:00:05,100.0,100.0,41.985130883487656
2026-04-18 05:00:20,100.0,100.0,41.94323186728395
2026-04-18 05:00:35,100.0,100.0,41.90133285108024
2026-04-18 05:00:50,100.0,100.0,41.85943383487654
2026-04-18 05:01:05,100.0,100.0,41.81753481867284
2026-04-18 05:01:20,100.0,100.0,41.77563580246913
2026-04-18 05:01:35,100.0,100.0,41.73373678626543
2026-04-18 05:01:50,100.0,100.0,41.691837770061724
2026-04-18 05:02:05,100.0,100.0,41.649938753858024
2026-04-18 05:02:20,100.0,100.0,41.60803973765432
2026-04-18 05:02:35,100.0,100.0,41.566140721450616
2026-04-18 05:02:50,100.0,100.0,41.52424170524691
2026-04-18 05:03:05,100.0,100.0,41.48234268904321
2026-04-18 05:03:20,100.0,100.0,41.44044367283951
2026-04-18 05:03:35,100.0,100.0,41.3985446566358
2026-04-18 05:03:50,100.0,100.0,41.3566456404321
2026-04-18 05:04:05,100.0,100.0,41.31474662422839
2026-04-18 05:04:20,100.0,100.0,41.27284760802469
2026-04-18 05:04:35,100.0,100.0,41.23094859182098
2026-04-18 05:04:50,100.0,100.0,41.18904957561728
2026-04-18 05:05:05,100.0,100.0,41.147150559413575
2026-04-18 05:05:20,100.0,100.0,41.105251543209874
2026-04-18 05:05:35,100.0,100.0,41.063352527006174
2026-04-18 05:05:50,100.0,100.0,41.021453510802466
2026-04-18 05:06:05,100.0,100.0,40.979554494598766
2026-04-18 05:06:20,100.0,100.0,40.93765547839506
2026-04-18 05:06:35,100.0,100.0,40.89575646219136
2026-04-18 05:06:50,100.0,100.0,40.85385744598765
2026-04-18 05:07:05,100.0,100.0,40.81195842978395
2026-04-18 05:07:20,100.0,100.0,40.77005941358024
2026-04-18 05:07:35,100.0,100.0,40.72816039737654
2026-04-18 05:07:50,100.0,100.0,40.68626138117284
2026-04-18 05:08:05,100.0,100.0,40.64436236496913
2026-04-18 05:08:20,100.0,100.0,40.60246334876543
2026-04-18 05:08:35,100.0,100.0,40.560564332561725
2026-04-18 05:08:50,100.0,100.0,40.518665316358025
2026-04-18 05:09:05,100.0,100.0,40.47676630015432
2026-04-18 05:09:20,100.0,100.0,40.43486728395062
2026-04-18 05:09:35,100.0,100.0,40.39296826774691
2026-04-18 05:09:50,100.0,100.0,40.35106925154321
2026-04-18 05:10:05,100.0,100.0,40.30917023533951
2026-04-18 05:10:20,100.0,100.0,40.2672712191358
2026-04-18 05:10:35,100.0,100.0,40.22537220293209
2026-04-18 05:10:50,100.0,100.0,40.18347318672839
2026-04-18 05:11:05,100.0,100.0,40.14157417052469
2026-04-18 05:11:20,100.0,100.0,40.099675154320984
2026-04-18 05:11:35,100.0,100.0,40.05777613811728
2026-04-18 05:11:50,100.0,100.0,40.015877121913576
2026-04-18 05:12:05,100.0,100.0,39.973978105709875
2026-04-18 05:12:20,100.0,100.0,39.932079089506175
2026-04-18 05:12:35,100.0,100.0,39.89018007330247
2026-04-18 05:12:50,100.0,100.0,39.84828105709876
2026-04-18 05:13:05,100.0,100.0,39.80638204089506
2026-04-18 05:13:20,100.0,100.0,39.76448302469136
2026-04-18 05:13:35,100.0,100.0,39.72258400848765
2026-04-18 05:13:50,100.0,100.0,39.68068499228395
2026-04-18 05:14:05,100.0,100.0,39.63878597608024
2026-04-18 05:14:20,100.0,100.0,39.59688695987654
2026-04-18 05:14:35,100.0,100.0,39.55498794367284
2026-04-18 05:14:50,100.0,100.0,39.513088927469134
2026-04-18 05:15:05,100.0,100.0,39.47118991126543
2026-04-18 05:15:20,100.0,100.0,39.429290895061726
2026-04-18 05:15:35,100.0,100.0,39.387391878858026
2026-04-18 05:15:50,100.0,100.0,39.34549286265432
2026-04-18 05:16:05,100.0,100.0,39.30359384645062
2026-04-18 05:16:20,100.0,100.0,39.26169483024691
2026-04-18 05:16:35,100.0,100.0,39.21979581404321
2026-04-18 05:16:50,100.0,100.0,39.17789679783951
2026-04-18 05:17:05,100.0,100.0,39.1359977816358
2026-04-18 05:17:20,100.0,100.0,39.09409876543209
2026-04-18 05:17:35,100.0,100.0,39.05219974922839
2026-04-18 05:17:50,100.0,100.0,39.01030073302469
2026-04-18 05:18:05,100.0,100.0,38.968401716820985
2026-04-18 05:18:20,100.0,100.0,38.926502700617284
2026-04-18 05:18:35,100.0,100.0,38.88460368441358
2026-04-18 05:18:50,100.0,100.0,38.842704668209876
2026-04-18 05:19:05,100.0,100.0,38.80080565200617
2026-04-18 05:19:20,100.0,100.0,38.75890663580247
2026-04-18 05:19:35,100.0,100.0,38.71700761959876
2026-04-18 05:19:50,100.0,100.0,38.67510860339506
2026-04-18 05:20:05,100.0,100.0,38.63320958719136
2026-04-18 05:20:20,100.0,100.0,38.59131057098765
2026-04-18 05:20:35,100.0,100.0,38.54941155478395
2026-04-18 05:20:50,100.0,100.0,38.507512538580244
2026-04-18 05:21:05,100.0,100.0,38.46561352237654
2026-04-18 05:21:20,100.0,100.0,38.423714506172836
2026-04-18 05:21:35,100.0,100.0,38.381815489969135
2026-04-18 05:21:50,100.0,100.0,38.33991647376543
2026-04-18 05:22:05,100.0,100.0,38.29801745756173
2026-04-18 05:22:20,100.0,100.0,38.256118441358026
2026-04-18 05:22:35,100.0,100.0,38.21421942515432
2026-04-18 05:22:50,100.0,100.0,38.17232040895061
2026-04-18 05:23:05,100.0,100.0,38.13042139274691
2026-04-18 05:23:20,100.0,100.0,38.08852237654321
2026-04-18 05:23:35,100.0,100.0,38.0466233603395
2026-04-18 05:23:50,100.0,100.0,38.0047243441358
2026-04-18 05:24:05,100.0,100.0,37.962825327932094
2026-04-18 05:24:20,100.0,100.0,37.920926311728394
2026-04-18 05:24:35,100.0,100.0,37.87902729552469
2026-04-18 05:24:50,100.0,100.0,37.837128279320986
2026-04-18 05:25:05,100.0,100.0,37.79522926311728
2026-04-18 05:25:20,100.0,100.0,37.75333024691358
2026-04-18 05:25:35,100.0,100.0,37.71143123070988
2026-04-18 05:25:50,100.0,100.0,37.66953221450617
2026-04-18 05:26:05,100.0,100.0,37.62763319830247
2026-04-18 05:26:20,100.0,100.0,37.58573418209876
2026-04-18 05:26:35,100.0,100.0,37.54383516589506
2026-04-18 05:26:50,100.0,100.0,37.50193614969136
2026-04-18 05:27:05,100.0,100.0,37.46003713348765
2026-04-18 05:27:20,100.0,100.0,37.418138117283945
2026-04-18 05:27:35,100.0,100.0,37.376239101080245
2026-04-18 05:27:50,100.0,100.0,37.334340084876544
2026-04-18 05:28:05,100.0,100.0,37.29244106867284
2026-04-18 05:28:20,100.0,100.0,37.250542052469136
2026-04-18 05:28:35,100.0,100.0,37.20864303626543
2026-04-18 05:28:50,100.0,100.0,37.16674402006173
2026-04-18 05:29:05,100.0,100.0,37.12484500385803
2026-04-18 05:29:20,100.0,100.0,37.08294598765432
2026-04-18 05:29:35,100.0,100.0,37.04104697145061
2026-04-18 05:29:50,100.0,100.0,36.99914795524691
2026-04-18 05:30:05,100.0,100.0,36.95724893904321
2026-04-18 05:30:20,100.0,100.0,36.9153499228395
2026-04-18 05:30:35,100.0,100.0,36.8734509066358
2026-04-18 05:30:50,100.0,100.0,36.831551890432095
2026-04-18 05:31:05,100.0,100.0,36.789652874228395
2026-04-18 05:31:20,100.0,100.0,36.74775385802469
2026-04-18 05:31:35,100.0,100.0,36.70585484182099
2026-04-18 05:31:50,100.0,100.0,36.66395582561728
2026-04-18 05:32:05,100.0,100.0,36.62205680941358
2026-04-18 05:32:20,100.0,100.0,36.58015779320988
2026-04-18 05:32:35,100.0,100.0,36.53825877700617
2026-04-18 05:32:50,100.0,100.0,36.49635976080247
2026-04-18 05:33:05,100.0,100.0,36.45446074459876
2026-04-18 05:33:20,100.0,100.0,36.41256172839506
2026-04-18 05:33:35,100.0,100.0,36.370662712191354
2026-04-18 05:33:50,100.0,100.0,36.328763695987654
2026-04-18 05:34:05,100.0,100.0,36.286864679783946
2026-04-18 05:34:20,100.0,100.0,36.244965663580246
2026-04-18 05:34:35,100.0,100.0,36.203066647376545
2026-04-18 05:34:50,100.0,100.0,36.16116763117284
2026-04-18 05:35:05,100.0,100.0,36.11926861496913
2026-04-18 05:35:20,100.0,100.0,36.07736959876543
2026-04-18 05:35:35,100.0,100.0,36.03547058256173
2026-04-18 05:35:50,100.0,100.0,35.99357156635803
2026-04-18 05:36:05,100.0,100.0,35.95167255015432
2026-04-18 05:36:20,100.0,100.0,35.90977353395061
2026-04-18 05:36:35,100.0,100.0,35.86787451774691
2026-04-18 05:36:50,100.0,100.0,35.82597550154321
2026-04-18 05:37:05,100.0,100.0,35.784076485339504
2026-04-18 05:37:20,100.0,100.0,35.7421774691358
2026-04-18 05:37:35,100.0,100.0,35.700278452932096
2026-04-18 05:37:50,100.0,100.0,35.658379436728396
2026-04-18 05:38:05,100.0,100.0,35.61648042052469
2026-04-18 05:38:20,100.0,100.0,35.57458140432099
2026-04-18 05:38:35,100.0,100.0,35.53268238811728
2026-04-18 05:38:50,100.0,100.0,35.49078337191358
2026-04-18 05:39:05,100.0,100.0,35.44888435570988
2026-04-18 05:39:20,100.0,100.0,35.40698533950617
2026-04-18 05:39:35,100.0,100.0,35.365086323302464
2026-04-18 05:39:50,100.0,100.0,35.32318730709876
2026-04-18 05:40:05,100.0,100.0,35.28128829089506
2026-04-18 05:40:20,100.0,100.0,35.239389274691355
2026-04-18 05:40:35,100.0,100.0,35.19749025848765
2026-04-18 05:40:50,100.0,100.0,35.15559124228395
2026-04-18 05:41:05,100.0,100.0,35.113692226080246
2026-04-18 05:41:20,100.0,100.0,35.071793209876546
2026-04-18 05:41:35,100.0,100.0,35.02989419367284
2026-04-18 05:41:50,100.0,100.0,34.98799517746913
2026-04-18 05:42:05,100.0,100.0,34.94609616126543
2026-04-18 05:42:20,100.0,100.0,34.90419714506173
2026-04-18 05:42:35,100.0,100.0,34.86229812885802
2026-04-18 05:42:50,100.0,100.0,34.820399112654314
2026-04-18 05:43:05,100.0,100.0,34.778500096450614
2026-04-18 05:43:20,100.0,100.0,34.73660108024691
2026-04-18 05:43:35,100.0,100.0,34.69470206404321
2026-04-18 05:43:50,100.0,100.0,34.652803047839505
2026-04-18 05:44:05,100.0,100.0,34.6109040316358
2026-04-18 05:44:20,100.0,100.0,34.5690050154321
2026-04-18 05:44:35,100.0,100.0,34.5271059992284
2026-04-18 05:44:50,100.0,100.0,34.48520698302469
2026-04-18 05:45:05,100.0,100.0,34.44330796682098
2026-04-18 05:45:20,100.0,100.0,34.40140895061728
2026-04-18 05:45:35,100.0,100.0,34.35950993441358
2026-04-18 05:45:50,100.0,100.0,34.31761091820988
2026-04-18 05:46:05,100.0,100.0,34.27571190200617
2026-04-18 05:46:20,100.0,100.0,34.233812885802465
2026-04-18 05:46:35,100.0,100.0,34.191913869598764
2026-04-18 05:46:50,100.0,100.0,34.150014853395064
2026-04-18 05:47:05,100.0,100.0,34.108115837191356
2026-04-18 05:47:20,100.0,100.0,34.06621682098765
2026-04-18 05:47:35,100.0,100.0,34.02431780478395
2026-04-18 05:47:50,100.0,100.0,33.98241878858025
2026-04-18 05:48:05,100.0,100.0,33.94051977237655
2026-04-18 05:48:20,100.0,100.0,33.89862075617284
2026-04-18 05:48:35,100.0,100.0,33.85672173996913
2026-04-18 05:48:50,100.0,100.0,33.81482272376543
2026-04-18 05:49:05,100.0,100.0,33.77292370756173
2026-04-18 05:49:20,100.0,100.0,33.73102469135802
2026-04-18 05:49:35,100.0,100.0,33.689125675154315
2026-04-18 05:49:50,100.0,100.0,33.647226658950615
2026-04-18 05:50:05,100.0,100.0,33.605327642746914
2026-04-18 05:50:20,100.0,100.0,33.56342862654321
2026-04-18 05:50:35,100.0,100.0,33.521529610339506
2026-04-18 05:50:50,100.0,100.0,33.4796305941358
2026-04-18 05:51:05,100.0,100.0,33.4377315779321
2026-04-18 05:51:20,100.0,100.0,33.3958325617284
2026-04-18 05:51:35,100.0,100.0,33.35393354552469
2026-04-18 05:51:50,100.0,100.0,33.31203452932098
2026-04-18 05:52:05,100.0,100.0,33.27013551311728
2026-04-18 05:52:20,100.0,100.0,33.22823649691358
2026-04-18 05:52:35,100.0,100.0,33.186337480709874
2026-04-18 05:52:50,100.0,100.0,33.144438464506166
2026-04-18 05:53:05,100.0,100.0,33.102539448302466
2026-04-18 05:53:20,100.0,100.0,33.060640432098765
2026-04-18 05:53:35,100.0,100.0,33.018741415895065
2026-04-18 05:53:50,100.0,100.0,32.97684239969136
2026-04-18 05:54:05,100.0,100.0,32.93494338348765
2026-04-18 05:54:20,100.0,100.0,32.89304436728395
2026-04-18 05:54:35,100.0,100.0,32.85114535108025
2026-04-18 05:54:50,100.0,100.0,32.80924633487654
2026-04-18 05:55:05,100.0,100.0,32.76734731867283
2026-04-18 05:55:20,100.0,100.0,32.72544830246913
2026-04-18 05:55:35,100.0,100.0,32.68354928626543
2026-04-18 05:55:50,100.0,100.0,32.64165027006173
2026-04-18 05:56:05,100.0,100.0,32.599751253858024
2026-04-18 05:56:20,100.0,100.0,32.557852237654316
2026-04-18 05:56:35,100.0,100.0,32.515953221450616
2026-04-18 05:56:50,100.0,100.0,32.474054205246915
2026-04-18 05:57:05,100.0,100.0,32.43215518904321
2026-04-18 05:57:20,100.0,100.0,32.3902561728395
2026-04-18 05:57:35,100.0,100.0,32.3483571566358
2026-04-18 05:57:50,100.0,100.0,32.3064581404321
2026-04-18 05:58:05,100.0,100.0,32.2645591242284
2026-04-18 05:58:20,100.0,100.0,32.22266010802469
2026-04-18 05:58:35,100.0,100.0,32.18076109182098
2026-04-18 05:58:50,100.0,100.0,32.13886207561728
2026-04-18 05:59:05,100.0,100.0,32.09696305941358
2026-04-18 05:59:20,100.0,100.0,32.055064043209875
2026-04-18 05:59:35,100.0,100.0,32.01316502700617
2026-04-18 05:59:50,100.0,100.0,31.971266010802466
2026-04-18 06:00:05,100.0,100.0,31.956385537229938
2026-04-18 06:00:20,100.0,100.0,31.99554214891975
2026-04-18 06:00:35,100.0,100.0,32.034698760609565
2026-04-18 06:00:50,100.0,100.0,32.073855372299384
2026-04-18 06:01:05,100.0,100.0,32.113011983989196
2026-04-18 06:01:20,100.0,100.0,32.15216859567901
2026-04-18 06:01:35,100.0,100.0,32.19132520736883
2026-04-18 06:01:50,100.0,100.0,32.23048181905864
2026-04-18 06:02:05,100.0,100.0,32.26963843074846
2026-04-18 06:02:20,100.0,100.0,32.30879504243827
2026-04-18 06:02:35,100.0,100.0,32.34795165412808
2026-04-18 06:02:50,100.0,100.0,32.3871082658179
2026-04-18 06:03:05,100.0,100.0,32.42626487750771
2026-04-18 06:03:20,100.0,100.0,32.46542148919753
2026-04-18 06:03:35,100.0,100.0,32.50457810088734
2026-04-18 06:03:50,100.0,100.0,32.54373471257716
2026-04-18 06:04:05,100.0,100.0,32.582891324266974
2026-04-18 06:04:20,100.0,100.0,32.622047935956786
2026-04-18 06:04:35,100.0,100.0,32.661204547646605
2026-04-18 06:04:50,100.0,100.0,32.70036115933642
2026-04-18 06:05:05,100.0,100.0,32.739517771026236
2026-04-18 06:05:20,100.0,100.0,32.77867438271605
2026-04-18 06:05:35,100.0,100.0,32.81783099440586
2026-04-18 06:05:50,100.0,100.0,32.85698760609568
2026-04-18 06:06:05,100.0,100.0,32.89614421778549
2026-04-18 06:06:20,100.0,100.0,32.93530082947531
2026-04-18 06:06:35,100.0,100.0,32.97445744116512
2026-04-18 06:06:50,100.0,100.0,33.01361405285493
2026-04-18 06:07:05,100.0,100.0,33.05277066454475
2026-04-18 06:07:20,100.0,100.0,33.091927276234564
2026-04-18 06:07:35,100.0,100.0,33.13108388792438
2026-04-18 06:07:50,100.0,100.0,33.170240499614195
2026-04-18 06:08:05,100.0,100.0,33.209397111304014
2026-04-18 06:08:20,100.0,100.0,33.248553722993826
2026-04-18 06:08:35,100.0,100.0,33.28771033468364
2026-04-18 06:08:50,100.0,100.0,33.32686694637346
2026-04-18 06:09:05,100.0,100.0,33.36602355806327
2026-04-18 06:09:20,100.0,100.0,33.40518016975309
2026-04-18 06:09:35,100.0,100.0,33.4443367814429
2026-04-18 06:09:50,100.0,100.0,33.48349339313271
2026-04-18 06:10:05,100.0,100.0,33.52265000482253
2026-04-18 06:10:20,100.0,100.0,33.56180661651234
2026-04-18 06:10:35,100.0,100.0,33.60096322820216
2026-04-18 06:10:50,100.0,100.0,33.64011983989197
2026-04-18 06:11:05,100.0,100.0,33.679276451581785
2026-04-18 06:11:20,100.0,100.0,33.718433063271604
2026-04-18 06:11:35,100.0,100.0,33.757589674961416
2026-04-18 06:11:50,100.0,100.0,33.796746286651235
2026-04-18 06:12:05,100.0,100.0,33.83590289834105
2026-04-18 06:12:20,100.0,100.0,33.875059510030866
2026-04-18 06:12:35,100.0,100.0,33.91421612172068
2026-04-18 06:12:50,100.0,100.0,33.95337273341049
2026-04-18 06:13:05,100.0,100.0,33.99252934510031
2026-04-18 06:13:20,100.0,100.0,34.03168595679012
2026-04-18 06:13:35,100.0,100.0,34.07084256847994
2026-04-18 06:13:50,100.0,100.0,34.10999918016975
2026-04-18 06:14:05,100.0,100.0,34.14915579185956
2026-04-18 06:14:20,100.0,100.0,34.18831240354938
2026-04-18 06:14:35,100.0,100.0,34.227469015239194
2026-04-18 06:14:50,100.0,100.0,34.26662562692901
2026-04-18 06:15:05,100.0,100.0,34.305782238618825
2026-04-18 06:15:20,100.0,100.0,34.34493885030864
2026-04-18 06:15:35,100.0,100.0,34.384095461998456
2026-04-18 06:15:50,100.0,100.0,34.42325207368827
2026-04-18 06:16:05,100.0,100.0,34.46240868537809
2026-04-18 06:16:20,100.0,100.0,34.5015652970679
2026-04-18 06:16:35,100.0,100.0,34.54072190875772
2026-04-18 06:16:50,100.0,100.0,34.57987852044753
2026-04-18 06:17:05,100.0,100.0,34.61903513213734
2026-04-18 06:17:20,100.0,100.0,34.65819174382716
2026-04-18 06:17:35,100.0,100.0,34.69734835551697
2026-04-18 06:17:50,100.0,100.0,34.73650496720679
2026-04-18 06:18:05,100.0,100.0,34.7756615788966
2026-04-18 06:18:20,100.0,100.0,34.81481819058642
2026-04-18 06:18:35,100.0,100.0,34.853974802276234
2026-04-18 06:18:50,100.0,100.0,34.893131413966046
2026-04-18 06:19:05,100.0,100.0,34.932288025655865
2026-04-18 06:19:20,100.0,100.0,34.97144463734568
2026-04-18 06:19:35,100.0,100.0,35.010601249035496
2026-04-18 06:19:50,100.0,100.0,35.04975786072531
2026-04-18 06:20:05,100.0,100.0,35.08891447241512
2026-04-18 06:20:20,100.0,100.0,35.12807108410494
2026-04-18 06:20:35,100.0,100.0,35.16722769579475
2026-04-18 06:20:50,100.0,100.0,35.20638430748457
2026-04-18 06:21:05,100.0,100.0,35.24554091917438
2026-04-18 06:21:20,100.0,100.0,35.28469753086419
2026-04-18 06:21:35,100.0,100.0,35.32385414255401
2026-04-18 06:21:50,100.0,100.0,35.363010754243824
2026-04-18 06:22:05,100.0,100.0,35.40216736593364
2026-04-18 06:22:20,100.0,100.0,35.441323977623455
2026-04-18 06:22:35,100.0,100.0,35.480480589313274
2026-04-18 06:22:50,100.0,100.0,35.519637201003086
2026-04-18 06:23:05,100.0,100.0,35.5587938126929
2026-04-18 06:23:20,100.0,100.0,35.59795042438272
2026-04-18 06:23:35,100.0,100.0,35.63710703607253
2026-04-18 06:23:50,100.0,100.0,35.67626364776235
2026-04-18 06:24:05,100.0,100.0,35.71542025945216
2026-04-18 06:24:20,100.0,100.0,35.75457687114197
2026-04-18 06:24:35,100.0,100.0,35.79373348283179
2026-04-18 06:24:50,100.0,100.0,35.8328900945216
2026-04-18 06:25:05,100.0,100.0,35.87204670621142
2026-04-18 06:25:20,100.0,100.0,35.91120331790123
2026-04-18 06:25:35,100.0,100.0,35.950359929591045
2026-04-18 06:25:50,100.0,100.0,35.989516541280864
2026-04-18 06:26:05,100.0,100.0,36.028673152970676
2026-04-18 06:26:20,100.0,100.0,36.067829764660495
2026-04-18 06:26:35,100.0,100.0,36.10698637635031
2026-04-18 06:26:50,100.0,100.0,36.146142988040125
2026-04-18 06:27:05,100.0,100.0,36.18529959972994
2026-04-18 06:27:20,100.0,100.0,36.22445621141975
2026-04-18 06:27:35,100.0,100.0,36.26361282310957
2026-04-18 06:27:50,100.0,100.0,36.30276943479938
2026-04-18 06:28:05,100.0,100.0,36.3419260464892
2026-04-18 06:28:20,100.0,100.0,36.38108265817901
2026-04-18 06:28:35,100.0,100.0,36.42023926986882
2026-04-18 06:28:50,100.0,100.0,36.45939588155864
2026-04-18 06:29:05,100.0,100.0,36.498552493248454
2026-04-18 06:29:20,100.0,100.0,36.53770910493827
2026-04-18 06:29:35,100.0,100.0,36.576865716628085
2026-04-18 06:29:50,100.0,100.0,36.6160223283179
2026-04-18 06:30:05,100.0,100.0,36.655178940007715
2026-04-18 06:30:20,100.0,100.0,36.69433555169753
2026-04-18 06:30:35,100.0,100.0,36.733492163387346
2026-04-18 06:30:50,100.0,100.0,36.77264877507716
2026-04-18 06:31:05,100.0,100.0,36.81180538676698
2026-04-18 06:31:20,100.0,100.0,36.85096199845679
2026-04-18 06:31:35,100.0,100.0,36.8901186101466
2026-04-18 06:31:50,100.0,100.0,36.92927522183642
2026-04-18 06:32:05,100.0,100.0,36.96843183352623
2026-04-18 06:32:20,100.0,100.0,37.00758844521605
2026-04-18 06:32:35,100.0,100.0,37.04674505690586
2026-04-18 06:32:50,100.0,100.0,37.08590166859568
2026-04-18 06:33:05,100.0,100.0,37.125058280285494
2026-04-18 06:33:20,100.0,100.0,37.164214891975305
2026-04-18 06:33:35,100.0,100.0,37.203371503665124
2026-04-18 06:33:50,100.0,100.0,37.242528115354936
2026-04-18 06:34:05,100.0,100.0,37.28168472704475
2026-04-18 06:34:20,100.0,100.0,37.32084133873457
2026-04-18 06:34:35,100.0,100.0,37.35999795042438
2026-04-18 06:34:50,100.0,100.0,37.3991545621142
2026-04-18 06:35:05,100.0,100.0,37.43831117380401
2026-04-18 06:35:20,100.0,100.0,37.47746778549383
2026-04-18 06:35:35,100.0,100.0,37.51662439718364
2026-04-18 06:35:50,100.0,100.0,37.55578100887345
2026-04-18 06:36:05,100.0,100.0,37.59493762056327
2026-04-18 06:36:20,100.0,100.0,37.634094232253084
2026-04-18 06:36:35,100.0,100.0,37.6732508439429
2026-04-18 06:36:50,100.0,100.0,37.712407455632714
2026-04-18 06:37:05,100.0,100.0,37.75156406732253
2026-04-18 06:37:20,100.0,100.0,37.790720679012345
2026-04-18 06:37:35,100.0,100.0,37.82987729070216
2026-04-18 06:37:50,100.0,100.0,37.869033902391976
2026-04-18 06:38:05,100.0,100.0,37.90819051408179
2026-04-18 06:38:20,100.0,100.0,37.9473471257716
2026-04-18 06:38:35,100.0,100.0,37.98650373746142
2026-04-18 06:38:50,100.0,100.0,38.02566034915123
2026-04-18 06:39:05,100.0,100.0,38.06481696084105
2026-04-18 06:39:20,100.0,100.0,38.10397357253086
2026-04-18 06:39:35,100.0,100.0,38.14313018422068
2026-04-18 06:39:50,100.0,100.0,38.18228679591049
2026-04-18 06:40:05,100.0,100.0,38.221443407600304
2026-04-18 06:40:20,100.0,100.0,38.26060001929012
2026-04-18 06:40:35,100.0,100.0,38.299756630979935
2026-04-18 06:40:50,100.0,100.0,38.338913242669754
2026-04-18 06:41:05,100.0,100.0,38.378069854359566
2026-04-18 06:41:20,100.0,100.0,38.417226466049385
2026-04-18 06:41:35,100.0,100.0,38.4563830777392
2026-04-18 06:41:50,100.0,100.0,38.49553968942901
2026-04-18 06:42:05,100.0,100.0,38.53469630111883
2026-04-18 06:42:20,100.0,100.0,38.57385291280864
2026-04-18 06:42:35,100.0,100.0,38.61300952449846
2026-04-18 06:42:50,100.0,100.0,38.65216613618827
2026-04-18 06:43:05,100.0,100.0,38.69132274787808
2026-04-18 06:43:20,100.0,100.0,38.7304793595679
2026-04-18 06:43:35,100.0,100.0,38.76963597125771
2026-04-18 06:43:50,100.0,100.0,38.80879258294753
2026-04-18 06:44:05,100.0,100.0,38.847949194637344
2026-04-18 06:44:20,100.0,100.0,38.887105806327156
2026-04-18 06:44:35,100.0,100.0,38.926262418016975
2026-04-18 06:44:50,100.0,100.0,38.96541902970679
2026-04-18 06:45:05,100.0,100.0,39.004575641396606
2026-04-18 06:45:20,100.0,100.0,39.04373225308642
2026-04-18 06:45:35,100.0,100.0,39.08288886477624
2026-04-18 06:45:50,100.0,100.0,39.12204547646605
2026-04-18 06:46:05,100.0,100.0,39.16120208815586
2026-04-18 06:46:20,100.0,100.0,39.20035869984568
2026-04-18 06:46:35,100.0,100.0,39.23951531153549
2026-04-18 06:46:50,100.0,100.0,39.27867192322531
2026-04-18 06:47:05,100.0,100.0,39.31782853491512
2026-04-18 06:47:20,100.0,100.0,39.356985146604934
2026-04-18 06:47:35,100.0,100.0,39.39614175829475
2026-04-18 06:47:50,100.0,100.0,39.435298369984565
2026-04-18 06:48:05,100.0,100.0,39.474454981674384
2026-04-18 06:48:20,100.0,100.0,39.513611593364196
2026-04-18 06:48:35,100.0,100.0,39.55276820505401
2026-04-18 06:48:50,100.0,100.0,39.59192481674383
2026-04-18 06:49:05,100.0,100.0,39.63108142843364
2026-04-18 06:49:20,100.0,100.0,39.67023804012346
2026-04-18 06:49:35,100.0,100.0,39.70939465181327
2026-04-18 06:49:50,100.0,100.0,39.74855126350309
2026-04-18 06:50:05,100.0,100.0,39.7877078751929
2026-04-18 06:50:20,100.0,100.0,39.82686448688271
2026-04-18 06:50:35,100.0,100.0,39.86602109857253
2026-04-18 06:50:50,100.0,100.0,39.90517771026234
2026-04-18 06:51:05,100.0,100.0,39.944334321952155
2026-04-18 06:51:20,100.0,100.0,39.983490933641974
2026-04-18 06:51:35,100.0,100.0,40.02264754533179
2026-04-18 06:51:50,100.0,100.0,40.061804157021605
2026-04-18 06:52:05,100.0,100.0,40.10096076871142
2026-04-18 06:52:20,100.0,100.0,40.140117380401236
2026-04-18 06:52:35,100.0,100.0,40.17927399209105
2026-04-18 06:52:50,100.0,100.0,40.21843060378086
2026-04-18 06:53:05,100.0,100.0,40.25758721547068
2026-04-18 06:53:20,100.0,100.0,40.29674382716049
2026-04-18 06:53:35,100.0,100.0,40.33590043885031
2026-04-18 06:53:50,100.0,100.0,40.37505705054012
2026-04-18 06:54:05,100.0,100.0,40.41421366222994
2026-04-18 06:54:20,100.0,100.0,40.45337027391975
2026-04-18 06:54:35,100.0,100.0,40.492526885609564
2026-04-18 06:54:50,100.0,100.0,40.53168349729938
2026-04-18 06:55:05,100.0,100.0,40.570840108989195
2026-04-18 06:55:20,100.0,100.0,40.609996720679014
2026-04-18 06:55:35,100.0,100.0,40.649153332368826
2026-04-18 06:55:50,100.0,100.0,40.688309944058645
2026-04-18 06:56:05,100.0,100.0,40.72746655574846
2026-04-18 06:56:20,100.0,100.0,40.76662316743827
2026-04-18 06:56:35,100.0,100.0,40.80577977912809
2026-04-18 06:56:50,100.0,100.0,40.8449363908179
2026-04-18 06:57:05,100.0,100.0,40.88409300250771
2026-04-18 06:57:20,100.0,100.0,40.92324961419753
2026-04-18 06:57:35,100.0,100.0,40.96240622588734
2026-04-18 06:57:50,100.0,100.0,41.00156283757716
2026-04-18 06:58:05,100.0,100.0,41.04071944926697
2026-04-18 06:58:20,100.0,100.0,41.07987606095679
2026-04-18 06:58:35,100.0,100.0,41.119032672646604
2026-04-18 06:58:50,100.0,100.0,41.158189284336416
2026-04-18 06:59:05,100.0,100.0,41.197345896026235
2026-04-18 06:59:20,100.0,100.0,41.23650250771605
2026-04-18 06:59:35,100.0,100.0,41.275659119405866
2026-04-18 06:59:50,100.0,100.0,41.31481573109568
2026-04-18 07:00:05,100.0,100.0,41.3539723427855
2026-04-18 07:00:20,100.0,100.0,41.39312895447531
2026-04-18 07:00:35,100.0,100.0,41.43228556616512
2026-04-18 07:00:50,100.0,100.0,41.47144217785494
2026-04-18 07:01:05,100.0,100.0,41.51059878954475
2026-04-18 07:01:20,100.0,100.0,41.54975540123456
2026-04-18 07:01:35,100.0,100.0,41.58891201292438
2026-04-18 07:01:50,100.0,100.0,41.6280686246142
2026-04-18 07:02:05,100.0,100.0,41.66722523630401
2026-04-18 07:02:20,100.0,100.0,41.706381847993825
2026-04-18 07:02:35,100.0,100.0,41.745538459683644
2026-04-18 07:02:50,100.0,100.0,41.784695071373456
2026-04-18 07:03:05,100.0,100.0,41.82385168306327
2026-04-18 07:03:20,100.0,100.0,41.86300829475309
2026-04-18 07:03:35,100.0,100.0,41.9021649064429
2026-04-18 07:03:50,100.0,100.0,41.94132151813272
2026-04-18 07:04:05,100.0,100.0,41.98047812982253
2026-04-18 07:04:20,100.0,100.0,42.01963474151235
2026-04-18 07:04:35,100.0,100.0,42.05879135320216
2026-04-18 07:04:50,100.0,100.0,42.09794796489197
2026-04-18 07:05:05,100.0,100.0,42.13710457658179
2026-04-18 07:05:20,100.0,100.0,42.1762611882716
2026-04-18 07:05:35,100.0,100.0,42.215417799961415
2026-04-18 07:05:50,100.0,100.0,42.254574411651234
2026-04-18 07:06:05,100.0,100.0,42.29373102334105
2026-04-18 07:06:20,100.0,100.0,42.332887635030865
2026-04-18 07:06:35,100.0,100.0,42.37204424672068
2026-04-18 07:06:50,100.0,100.0,42.411200858410496
2026-04-18 07:07:05,100.0,100.0,42.45035747010031
2026-04-18 07:07:20,100.0,100.0,42.48951408179012
2026-04-18 07:07:35,100.0,100.0,42.52867069347994
2026-04-18 07:07:50,100.0,100.0,42.56782730516975
2026-04-18 07:08:05,100.0,100.0,42.60698391685957
2026-04-18 07:08:20,100.0,100.0,42.64614052854938
2026-04-18 07:08:35,100.0,100.0,42.6852971402392
2026-04-18 07:08:50,100.0,100.0,42.72445375192901
2026-04-18 07:09:05,100.0,100.0,42.763610363618824
2026-04-18 07:09:20,100.0,100.0,42.80276697530864
2026-04-18 07:09:35,100.0,100.0,42.841923586998455
2026-04-18 07:09:50,100.0,100.0,42.88108019868827
2026-04-18 07:10:05,100.0,100.0,42.920236810378086
2026-04-18 07:10:20,100.0,100.0,42.959393422067905
2026-04-18 07:10:35,100.0,100.0,42.99855003375772
2026-04-18 07:10:50,100.0,100.0,43.03770664544753
2026-04-18 07:11:05,100.0,100.0,43.07686325713735
2026-04-18 07:11:20,100.0,100.0,43.11601986882716
2026-04-18 07:11:35,100.0,100.0,43.15517648051697
2026-04-18 07:11:50,100.0,100.0,43.19433309220679
2026-04-18 07:12:05,100.0,100.0,43.2334897038966
2026-04-18 07:12:20,100.0,100.0,43.27264631558642
2026-04-18 07:12:35,100.0,100.0,43.31180292727623
2026-04-18 07:12:50,100.0,100.0,43.35095953896605
2026-04-18 07:13:05,100.0,100.0,43.390116150655864
2026-04-18 07:13:20,100.0,100.0,43.429272762345676
2026-04-18 07:13:35,100.0,100.0,43.468429374035495
2026-04-18 07:13:50,100.0,100.0,43.507585985725306
2026-04-18 07:14:05,100.0,100.0,43.546742597415125
2026-04-18 07:14:20,100.0,100.0,43.58589920910494
2026-04-18 07:14:35,100.0,100.0,43.625055820794756
2026-04-18 07:14:50,100.0,100.0,43.66421243248457
2026-04-18 07:15:05,100.0,100.0,43.70336904417438
2026-04-18 07:15:20,100.0,100.0,43.7425256558642
2026-04-18 07:15:35,100.0,100.0,43.78168226755401
2026-04-18 07:15:50,100.0,100.0,43.82083887924382
2026-04-18 07:16:05,100.0,100.0,43.85999549093364
2026-04-18 07:16:20,100.0,100.0,43.899152102623454
2026-04-18 07:16:35,100.0,100.0,43.93830871431327
2026-04-18 07:16:50,100.0,100.0,43.977465326003085
2026-04-18 07:17:05,100.0,100.0,44.0166219376929
2026-04-18 07:17:20,100.0,100.0,44.055778549382715
2026-04-18 07:17:35,100.0,100.0,44.09493516107253
2026-04-18 07:17:50,100.0,100.0,44.134091772762346
2026-04-18 07:18:05,100.0,100.0,44.17324838445216
2026-04-18 07:18:20,100.0,100.0,44.21240499614198
2026-04-18 07:18:35,100.0,100.0,44.25156160783179
2026-04-18 07:18:50,100.0,100.0,44.29071821952161
2026-04-18 07:19:05,100.0,100.0,44.32987483121142
2026-04-18 07:19:20,100.0,100.0,44.36903144290123
2026-04-18 07:19:35,100.0,100.0,44.40818805459105
2026-04-18 07:19:50,100.0,100.0,44.44734466628086
2026-04-18 07:20:05,100.0,100.0,44.486501277970675
2026-04-18 07:20:20,100.0,100.0,44.52565788966049
2026-04-18 07:20:35,100.0,100.0,44.56481450135031
2026-04-18 07:20:50,100.0,100.0,44.603971113040124
2026-04-18 07:21:05,100.0,100.0,44.643127724729936
2026-04-18 07:21:20,100.0,100.0,44.682284336419755
2026-04-18 07:21:35,100.0,100.0,44.72144094810957
2026-04-18 07:21:50,100.0,100.0,44.76059755979938
2026-04-18 07:22:05,100.0,100.0,44.7997541714892
2026-04-18 07:22:20,100.0,100.0,44.83891078317901
2026-04-18 07:22:35,100.0,100.0,44.87806739486883
2026-04-18 07:22:50,100.0,100.0,44.91722400655864
2026-04-18 07:23:05,100.0,100.0,44.95638061824846
2026-04-18 07:23:20,100.0,100.0,44.99553722993827
2026-04-18 07:23:35,100.0,100.0,45.03469384162808
2026-04-18 07:23:50,100.0,100.0,45.0738504533179
2026-04-18 07:24:05,100.0,100.0,45.113007065007714
2026-04-18 07:24:20,100.0,100.0,45.152163676697526
2026-04-18 07:24:35,100.0,100.0,45.191320288387345
2026-04-18 07:24:50,100.0,100.0,45.230476900077164
2026-04-18 07:25:05,100.0,100.0,45.269633511766976
2026-04-18 07:25:20,100.0,100.0,45.30879012345679
2026-04-18 07:25:35,100.0,100.0,45.34794673514661
2026-04-18 07:25:50,100.0,100.0,45.38710334683642
2026-04-18 07:26:05,100.0,100.0,45.42625995852623
2026-04-18 07:26:20,100.0,100.0,45.46541657021605
2026-04-18 07:26:35,100.0,100.0,45.50457318190586
2026-04-18 07:26:50,100.0,100.0,45.54372979359568
2026-04-18 07:27:05,100.0,100.0,45.58288640528549
2026-04-18 07:27:20,100.0,100.0,45.62204301697531
2026-04-18 07:27:35,100.0,100.0,45.66119962866512
2026-04-18 07:27:50,100.0,100.0,45.700356240354935
2026-04-18 07:28:05,100.0,100.0,45.739512852044754
2026-04-18 07:28:20,100.0,100.0,45.778669463734566
2026-04-18 07:28:35,100.0,100.0,45.81782607542438
2026-04-18 07:28:50,100.0,100.0,45.8569826871142
2026-04-18 07:29:05,100.0,100.0,45.896139298804016
2026-04-18 07:29:20,100.0,100.0,45.93529591049383
2026-04-18 07:29:35,100.0,100.0,45.97445252218364
2026-04-18 07:29:50,100.0,100.0,46.01360913387346
2026-04-18 07:30:05,100.0,100.0,46.05276574556327
2026-04-18 07:30:20,100.0,100.0,46.09192235725308
2026-04-18 07:30:35,100.0,100.0,46.1310789689429
2026-04-18 07:30:50,100.0,100.0,46.17023558063271
2026-04-18 07:31:05,100.0,100.0,46.20939219232253
2026-04-18 07:31:20,100.0,100.0,46.248548804012344
2026-04-18 07:31:35,100.0,100.0,46.28770541570216
2026-04-18 07:31:50,100.0,100.0,46.326862027391975
2026-04-18 07:32:05,100.0,100.0,46.36601863908179
2026-04-18 07:32:20,100.0,100.0,46.405175250771606
2026-04-18 07:32:35,100.0,100.0,46.44433186246142
2026-04-18 07:32:50,100.0,100.0,46.48348847415124
2026-04-18 07:33:05,100.0,100.0,46.52264508584105
2026-04-18 07:33:20,100.0,100.0,46.56180169753087
2026-04-18 07:33:35,100.0,100.0,46.60095830922068
2026-04-18 07:33:50,100.0,100.0,46.64011492091049
2026-04-18 07:34:05,100.0,100.0,46.67927153260031
2026-04-18 07:34:20,100.0,100.0,46.71842814429012
2026-04-18 07:34:35,100.0,100.0,46.757584755979934
2026-04-18 07:34:50,100.0,100.0,46.79674136766975
2026-04-18 07:35:05,100.0,100.0,46.835897979359565
2026-04-18 07:35:20,100.0,100.0,46.875054591049384
2026-04-18 07:35:35,100.0,100.0,46.914211202739196
2026-04-18 07:35:50,100.0,100.0,46.953367814429015
2026-04-18 07:36:05,100.0,100.0,46.99252442611883
2026-04-18 07:36:20,100.0,100.0,47.03168103780864
2026-04-18 07:36:35,100.0,100.0,47.07083764949846
2026-04-18 07:36:50,100.0,100.0,47.10999426118827
2026-04-18 07:37:05,100.0,100.0,47.14915087287809
2026-04-18 07:37:20,100.0,100.0,47.1883074845679
2026-04-18 07:37:35,100.0,100.0,47.22746409625772
2026-04-18 07:37:50,100.0,100.0,47.26662070794753
2026-04-18 07:38:05,100.0,100.0,47.30577731963734
2026-04-18 07:38:20,100.0,100.0,47.34493393132716
2026-04-18 07:38:35,100.0,100.0,47.384090543016974
2026-04-18 07:38:50,100.0,100.0,47.423247154706786
2026-04-18 07:39:05,100.0,100.0,47.462403766396605
2026-04-18 07:39:20,100.0,100.0,47.501560378086424
2026-04-18 07:39:35,100.0,100.0,47.540716989776236
2026-04-18 07:39:50,100.0,100.0,47.57987360146605
2026-04-18 07:40:05,100.0,100.0,47.61903021315587
2026-04-18 07:40:20,100.0,100.0,47.65818682484568
2026-04-18 07:40:35,100.0,100.0,47.69734343653549
2026-04-18 07:40:50,100.0,100.0,47.73650004822531
2026-04-18 07:41:05,100.0,100.0,47.77565665991512
2026-04-18 07:41:20,100.0,100.0,47.81481327160494
2026-04-18 07:41:35,100.0,100.0,47.85396988329475
2026-04-18 07:41:50,100.0,100.0,47.89312649498457
2026-04-18 07:42:05,100.0,100.0,47.93228310667438
2026-04-18 07:42:20,100.0,100.0,47.971439718364195
2026-04-18 07:42:35,100.0,100.0,48.010596330054014
2026-04-18 07:42:50,100.0,100.0,48.049752941743826
2026-04-18 07:43:05,100.0,100.0,48.08890955343364
2026-04-18 07:43:20,100.0,100.0,48.12806616512346
2026-04-18 07:43:35,100.0,100.0,48.167222776813276
2026-04-18 07:43:50,100.0,100.0,48.20637938850309
2026-04-18 07:44:05,100.0,100.0,48.2455360001929
2026-04-18 07:44:20,100.0,100.0,48.28469261188272
2026-04-18 07:44:35,100.0,100.0,48.32384922357253
2026-04-18 07:44:50,100.0,100.0,48.36300583526234
2026-04-18 07:45:05,100.0,100.0,48.40216244695216
2026-04-18 07:45:20,100.0,100.0,48.44131905864198
2026-04-18 07:45:35,100.0,99.48186528497409,48.480475670331785
2026-04-18 07:45:50,100.0,98.96373056994818,48.519632282021604
2026-04-18 07:46:05,100.0,98.44559585492227,48.55878889371142
2026-04-18 07:46:20,100.0,97.92746113989638,48.597945505401235
2026-04-18 07:46:35,100.0,97.40932642487047,48.63710211709105
2026-04-18 07:46:50,100.0,96.89119170984456,48.676258728780866
2026-04-18 07:47:05,100.0,96.37305699481865,48.71541534047068
2026-04-18 07:47:20,100.0,95.85492227979275,48.75457195216049
2026-04-18 07:47:35,100.0,95.33678756476684,48.79372856385031
2026-04-18 07:47:50,100.0,94.81865284974094,48.83288517554013
2026-04-18 07:48:05,100.0,94.30051813471503,48.87204178722994
2026-04-18 07:48:20,100.0,93.78238341968913,48.91119839891975
2026-04-18 07:48:35,100.0,93.26424870466322,48.95035501060957
2026-04-18 07:48:50,100.0,92.74611398963731,48.98951162229938
2026-04-18 07:49:05,100.0,91.37055837563452,49.028668233989194
2026-04-18 07:49:20,87.5,90.86294416243655,49.06782484567901
2026-04-18 07:49:35,100.0,90.35532994923858,49.10698145736883
2026-04-18 07:49:50,87.5,89.84771573604061,49.146138069058644
2026-04-18 07:50:05,100.0,89.34010152284264,49.185294680748456
2026-04-18 07:50:20,87.5,88.83248730964468,49.224451292438275
2026-04-18 07:50:35,100.0,88.3248730964467,49.26360790412809
2026-04-18 07:50:50,100.0,87.81725888324873,49.3027645158179
2026-04-18 07:51:05,100.0,87.30964467005076,49.34192112750772
2026-04-18 07:51:20,100.0,86.80203045685279,49.38107773919753
2026-04-18 07:51:35,100.0,86.29441624365482,49.42023435088734
2026-04-18 07:51:50,100.0,85.78680203045685,49.45939096257716
2026-04-18 07:52:05,100.0,85.27918781725889,49.49854757426698
2026-04-18 07:52:20,100.0,84.77157360406092,49.53770418595679
2026-04-18 07:52:35,100.0,84.26395939086294,49.5768607976466
2026-04-18 07:52:50,100.0,83.75634517766497,49.61601740933642
2026-04-18 07:53:05,100.0,83.24873096446701,49.655174021026234
2026-04-18 07:53:20,100.0,82.74111675126903,49.694330632716046
2026-04-18 07:53:35,100.0,82.23350253807106,49.733487244405865
2026-04-18 07:53:50,100.0,81.7258883248731,49.772643856095684
2026-04-18 07:54:05,100.0,81.21827411167513,49.811800467785496
2026-04-18 07:54:20,100.0,80.71065989847716,49.85095707947531
2026-04-18 07:54:35,100.0,80.20304568527918,49.890113691165126
2026-04-18 07:54:50,100.0,79.69543147208121,49.92927030285494
2026-04-18 07:55:05,100.0,79.18781725888326,49.96842691454475
2026-04-18 07:55:20,100.0,78.1094527363184,50.00758352623457
2026-04-18 07:55:35,100.0,77.61194029850746,50.04674013792439
2026-04-18 07:55:50,100.0,77.11442786069652,50.08589674961419
2026-04-18 07:56:05,100.0,76.61691542288557,50.12505336130401
2026-04-18 07:56:20,100.0,76.11940298507463,50.16420997299383
2026-04-18 07:56:35,100.0,75.62189054726367,50.20336658468364
2026-04-18 07:56:50,100.0,75.12437810945273,50.242523196373455
2026-04-18 07:57:05,100.0,74.6268656716418,50.281679808063274
2026-04-18 07:57:20,100.0,74.12935323383084,50.320836419753086
2026-04-18 07:57:35,100.0,73.6318407960199,50.3599930314429
2026-04-18 07:57:50,100.0,73.13432835820896,50.399149643132716
2026-04-18 07:58:05,100.0,72.636815920398,50.438306254822535
2026-04-18 07:58:20,100.0,72.13930348258707,50.47746286651235
2026-04-18 07:58:35,100.0,71.64179104477611,50.51661947820216
2026-04-18 07:58:50,100.0,71.14427860696517,50.55577608989198
2026-04-18 07:59:05,100.0,70.64676616915423,50.59493270158179
2026-04-18 07:59:20,100.0,70.1492537313433,50.6340893132716
2026-04-18 07:59:35,100.0,69.65174129353234,50.67324592496142
2026-04-18 07:59:50,100.0,69.15422885572139,50.71240253665124
2026-04-18 08:00:05,100.0,68.65671641791045,50.79378661189287
2026-04-18 08:00:20,100.0,68.1592039800995,50.95962561423814
2026-04-18 08:00:35,100.0,68.29268292682927,51.125464616583415
2026-04-18 08:00:50,100.0,67.8048780487805,51.29130361892869
2026-04-18 08:01:05,100.0,67.31707317073172,51.45714262127396
2026-04-18 08:01:20,100.0,67.31707317073172,51.62298162361923
2026-04-18 08:01:35,100.0,66.82926829268293,51.788820625964505
2026-04-18 08:01:50,100.0,66.82926829268293,51.95465962830978
2026-04-18 08:02:05,100.0,66.02870813397129,52.12049863065505
2026-04-18 08:02:20,100.0,65.55023923444976,52.28633763300033
2026-04-18 08:02:35,100.0,65.55023923444976,52.4521766353456
2026-04-18 08:02:50,100.0,65.55023923444976,52.618015637690874
2026-04-18 08:03:05,100.0,65.55023923444976,52.78385464003615
2026-04-18 08:03:20,100.0,65.55023923444976,52.94969364238142
2026-04-18 08:03:35,100.0,66.19718309859155,53.11553264472669
2026-04-18 08:03:50,100.0,66.19718309859155,53.281371647071964
2026-04-18 08:04:05,100.0,66.19718309859155,53.44721064941724
2026-04-18 08:04:20,100.0,66.19718309859155,53.61304965176251
2026-04-18 08:04:35,100.0,66.19718309859155,53.77888865410778
2026-04-18 08:04:50,100.0,66.19718309859155,53.944727656453054
2026-04-18 08:05:05,100.0,66.82027649769586,54.11056665879833
2026-04-18 08:05:20,100.0,66.82027649769586,54.2764056611436
2026-04-18 08:05:35,100.0,66.82027649769586,54.44224466348887
2026-04-18 08:05:50,100.0,66.82027649769586,54.608083665834144
2026-04-18 08:06:05,100.0,66.82027649769586,54.773922668179424
2026-04-18 08:06:20,100.0,66.82027649769586,54.93976167052469
2026-04-18 08:06:35,100.0,67.42081447963801,55.10560067286997
2026-04-18 08:06:50,100.0,67.42081447963801,55.27143967521524
2026-04-18 08:07:05,100.0,67.42081447963801,55.43727867756051
2026-04-18 08:07:20,100.0,67.42081447963801,55.603117679905786
2026-04-18 08:07:35,100.0,67.42081447963801,55.76895668225106
2026-04-18 08:07:50,100.0,67.42081447963801,55.93479568459633
2026-04-18 08:08:05,100.0,68.0,56.1006346869416
2026-04-18 08:08:20,100.0,68.0,56.266473689286876
2026-04-18 08:08:35,100.0,68.0,56.43231269163215
2026-04-18 08:08:50,100.0,68.0,56.59815169397742
2026-04-18 08:09:05,100.0,67.55555555555556,56.76399069632269
2026-04-18 08:09:20,100.0,67.11111111111111,56.929829698667966
2026-04-18 08:09:35,100.0,66.37554585152839,57.09566870101324
2026-04-18 08:09:50,100.0,65.93886462882097,57.26150770335851
2026-04-18 08:10:05,100.0,65.50218340611353,57.42734670570378
2026-04-18 08:10:20,100.0,65.06550218340611,57.59318570804906
2026-04-18 08:10:35,100.0,64.62882096069869,57.75902471039433
2026-04-18 08:10:50,100.0,64.19213973799127,57.92486371273961
2026-04-18 08:11:05,87.5,63.519313304721024,58.09070271508488
2026-04-18 08:11:20,87.5,63.0901287553648,58.25654171743015
2026-04-18 08:11:35,87.5,62.66094420600859,58.422380719775425
2026-04-18 08:11:50,87.5,62.231759656652365,58.5882197221207
2026-04-18 08:12:05,87.5,61.80257510729614,58.75405872446597
2026-04-18 08:12:20,87.5,61.37339055793991,58.91989772681124
2026-04-18 08:12:35,87.5,60.75949367088608,59.085736729156515
2026-04-18 08:12:50,87.5,60.337552742616026,59.25157573150179
2026-04-18 08:13:05,87.5,59.91561181434599,59.41741473384706
2026-04-18 08:13:20,87.5,59.49367088607595,59.58325373619233
2026-04-18 08:13:35,87.5,59.07172995780591,59.749092738537605
2026-04-18 08:13:50,87.5,58.64978902953587,59.91493174088288
2026-04-18 08:14:05,87.5,58.09128630705395,60.08077074322815
2026-04-18 08:14:20,87.5,57.676348547717836,60.24660974557342
2026-04-18 08:14:35,87.5,57.26141078838174,60.4124487479187
2026-04-18 08:14:50,87.5,56.84647302904564,60.57828775026397
2026-04-18 08:15:05,87.5,56.43153526970954,60.74412675260925
2026-04-18 08:15:20,87.5,56.016597510373444,60.90996575495452
2026-04-18 08:15:35,87.5,55.51020408163265,61.07580475729979
2026-04-18 08:15:50,87.5,55.10204081632652,61.241643759645065
2026-04-18 08:16:05,87.5,54.69387755102041,61.40748276199034
2026-04-18 08:16:20,75.0,54.285714285714285,61.57332176433561
2026-04-18 08:16:35,75.0,53.87755102040816,61.73916076668088
2026-04-18 08:16:50,75.0,53.46938775510204,61.904999769026155
2026-04-18 08:17:05,75.0,53.01204819277109,62.07083877137143
2026-04-18 08:17:20,75.0,53.01204819277109,62.2366777737167
2026-04-18 08:17:35,75.0,53.01204819277109,62.40251677606197
2026-04-18 08:17:50,75.0,53.01204819277109,62.568355778407245
2026-04-18 08:18:05,75.0,53.01204819277109,62.73419478075252
2026-04-18 08:18:20,75.0,53.01204819277109,62.90003378309779
2026-04-18 08:18:35,75.0,53.75494071146245,63.06587278544306
2026-04-18 08:18:50,75.0,53.75494071146245,63.23171178778834
2026-04-18 08:19:05,75.0,53.75494071146245,63.39755079013361
2026-04-18 08:19:20,75.0,53.75494071146245,63.56338979247889
2026-04-18 08:19:35,75.0,53.75494071146245,63.72922879482416
2026-04-18 08:19:50,75.0,53.75494071146245,63.89506779716943
2026-04-18 08:20:05,75.0,54.474708171206224,64.0609067995147
2026-04-18 08:20:20,75.0,54.474708171206224,64.22674580185998
2026-04-18 08:20:35,75.0,54.08560311284047,64.39258480420526
2026-04-18 08:20:50,75.0,53.69649805447471,64.55842380655052
2026-04-18 08:21:05,75.0,53.30739299610895,64.72426280889579
2026-04-18 08:21:20,75.0,52.918287937743195,64.89010181124107
2026-04-18 08:21:35,75.0,52.490421455938694,65.05594081358635
2026-04-18 08:21:50,62.5,52.10727969348659,65.22177981593161
2026-04-18 08:22:05,62.5,51.724137931034484,65.38761881827689
2026-04-18 08:22:20,62.5,51.34099616858238,65.55345782062216
2026-04-18 08:22:35,62.5,50.95785440613027,65.71929682296744
2026-04-18 08:22:50,62.5,50.57471264367817,65.8851358253127
2026-04-18 08:23:05,62.5,50.18867924528302,66.05097482765798
2026-04-18 08:23:20,62.5,49.81132075471698,66.21681383000325
2026-04-18 08:23:35,62.5,49.43396226415094,66.38265283234853
2026-04-18 08:23:50,62.5,49.056603773584904,66.54849183469379
2026-04-18 08:24:05,62.5,48.679245283018865,66.71433083703907
2026-04-18 08:24:20,62.5,48.301886792452834,66.88016983938434
2026-04-18 08:24:35,62.5,47.95539033457249,67.04600884172962
2026-04-18 08:24:50,62.5,47.58364312267658,67.2118478440749
2026-04-18 08:25:05,62.5,47.21189591078067,67.37768684642016
2026-04-18 08:25:20,62.5,46.84014869888476,67.54352584876543
2026-04-18 08:25:35,62.5,46.84014869888476,67.7093648511107
2026-04-18 08:25:50,62.5,46.84014869888476,67.87520385345599
2026-04-18 08:26:05,62.5,47.25274725274725,68.04104285580125
2026-04-18 08:26:20,50.0,46.88644688644688,68.20688185814652
2026-04-18 08:26:35,50.0,46.52014652014652,68.3727208604918
2026-04-18 08:26:50,50.0,46.52014652014652,68.53855986283708
2026-04-18 08:27:05,50.0,46.52014652014652,68.70439886518234
2026-04-18 08:27:20,50.0,46.52014652014652,68.87023786752762
2026-04-18 08:27:35,50.0,47.292418772563174,69.03607686987289
2026-04-18 08:27:50,50.0,47.292418772563174,69.20191587221817
2026-04-18 08:28:05,50.0,47.292418772563174,69.36775487456343
2026-04-18 08:28:20,50.0,47.292418772563174,69.53359387690871
2026-04-18 08:28:35,50.0,47.292418772563174,69.69943287925398
2026-04-18 08:28:50,50.0,47.292418772563174,69.86527188159926
2026-04-18 08:29:05,50.0,48.04270462633452,70.03111088394454
2026-04-18 08:29:20,50.0,48.04270462633452,70.1969498862898
2026-04-18 08:29:35,50.0,48.04270462633452,70.36278888863507
2026-04-18 08:29:50,50.0,48.04270462633452,70.52862789098035
2026-04-18 08:30:05,50.0,48.04270462633452,70.69446689332563
2026-04-18 08:30:20,62.5,48.04270462633452,70.86030589567089
2026-04-18 08:30:35,62.5,48.771929824561404,71.02614489801617
2026-04-18 08:30:50,62.5,48.771929824561404,71.19198390036144
2026-04-18 08:31:05,62.5,48.771929824561404,71.35782290270672
2026-04-18 08:31:20,62.5,48.771929824561404,71.52366190505198
2026-04-18 08:31:35,62.5,48.771929824561404,71.68950090739726
2026-04-18 08:31:50,62.5,48.771929824561404,71.85533990974253
2026-04-18 08:32:05,62.5,49.48096885813148,72.0211789120878
2026-04-18 08:32:20,62.5,49.48096885813148,72.18701791443307
2026-04-18 08:32:35,62.5,49.48096885813148,72.35285691677835
2026-04-18 08:32:50,62.5,49.48096885813148,72.51869591912362
2026-04-18 08:33:05,62.5,49.48096885813148,72.6845349214689
2026-04-18 08:33:20,62.5,49.48096885813148,72.85037392381417
2026-04-18 08:33:35,62.5,50.170648464163826,73.01621292615944
2026-04-18 08:33:50,62.5,50.170648464163826,73.1820519285047
2026-04-18 08:34:05,62.5,50.170648464163826,73.34789093084999
2026-04-18 08:34:20,62.5,50.170648464163826,73.51372993319526
2026-04-18 08:34:35,62.5,50.170648464163826,73.67956893554053
2026-04-18 08:34:50,62.5,50.170648464163826,73.84540793788581
2026-04-18 08:35:05,62.5,50.841750841750844,74.01124694023108
2026-04-18 08:35:20,62.5,50.841750841750844,74.17708594257635
2026-04-18 08:35:35,75.0,50.841750841750844,74.34292494492162
2026-04-18 08:35:50,75.0,50.841750841750844,74.5087639472669
2026-04-18 08:36:05,75.0,50.841750841750844,74.67460294961217
2026-04-18 08:36:20,75.0,50.841750841750844,74.84044195195744
2026-04-18 08:36:35,75.0,51.49501661129568,75.00628095430271
2026-04-18 08:36:50,75.0,51.49501661129568,75.17211995664799
2026-04-18 08:37:05,75.0,51.49501661129568,75.33795895899326
2026-04-18 08:37:20,75.0,51.49501661129568,75.50379796133853
2026-04-18 08:37:35,75.0,51.49501661129568,75.66963696368381
2026-04-18 08:37:50,75.0,51.49501661129568,75.83547596602908
2026-04-18 08:38:05,75.0,52.131147540983605,76.00131496837434
2026-04-18 08:38:20,75.0,52.131147540983605,76.16715397071962
2026-04-18 08:38:35,75.0,52.131147540983605,76.3329929730649
2026-04-18 08:38:50,75.0,52.131147540983605,76.49883197541017
2026-04-18 08:39:05,62.5,52.131147540983605,76.66467097775545
2026-04-18 08:39:20,62.5,52.131147540983605,76.83050998010071
2026-04-18 08:39:35,62.5,52.131147540983605,76.996348982446
2026-04-18 08:39:50,62.5,52.75080906148867,77.16218798479126
2026-04-18 08:40:05,62.5,52.75080906148867,77.32802698713654
2026-04-18 08:40:20,62.5,52.75080906148867,77.4938659894818
2026-04-18 08:40:35,62.5,52.75080906148867,77.65970499182708
2026-04-18 08:40:50,62.5,52.75080906148867,77.82554399417235
2026-04-18 08:41:05,62.5,52.75080906148867,77.99138299651763
2026-04-18 08:41:20,62.5,53.35463258785943,78.1572219988629
2026-04-18 08:41:35,62.5,53.35463258785943,78.32306100120817
2026-04-18 08:41:50,62.5,53.35463258785943,78.48890000355345
2026-04-18 08:42:05,62.5,53.35463258785943,78.65473900589872
2026-04-18 08:42:20,62.5,53.35463258785943,78.82057800824398
2026-04-18 08:42:35,62.5,53.35463258785943,78.98641701058926
2026-04-18 08:42:50,62.5,53.94321766561514,79.15225601293454
2026-04-18 08:43:05,62.5,53.94321766561514,79.31809501527981
2026-04-18 08:43:20,62.5,53.94321766561514,79.48393401762509
2026-04-18 08:43:35,62.5,53.94321766561514,79.64977301997035
2026-04-18 08:43:50,62.5,53.94321766561514,79.81561202231563
2026-04-18 08:44:05,62.5,53.94321766561514,79.9814510246609
2026-04-18 08:44:20,62.5,53.89408099688473,80.14729002700618
2026-04-18 08:44:35,62.5,53.58255451713395,80.31312902935144
2026-04-18 08:44:50,62.5,53.271028037383175,80.47896803169672
2026-04-18 08:45:05,62.5,52.95950155763239,80.64480703404199
2026-04-18 08:45:20,62.5,52.64797507788161,80.81064603638727
2026-04-18 08:45:35,62.5,52.336448598130836,80.97648503873253
2026-04-18 08:45:50,62.5,52.0,81.14232404107781
2026-04-18 08:46:05,62.5,51.69230769230769,81.3081630434231
2026-04-18 08:46:20,50.0,51.38461538461539,81.47400204576836
2026-04-18 08:46:35,50.0,51.38461538461539,81.63984104811362
2026-04-18 08:46:50,50.0,51.07692307692307,81.8056800504589
2026-04-18 08:47:05,50.0,51.07692307692307,81.97151905280418
2026-04-18 08:47:20,50.0,50.75987841945289,82.13735805514945
2026-04-18 08:47:35,50.0,50.455927051671736,82.30319705749473
2026-04-18 08:47:50,50.0,50.15197568389058,82.46903605984
2026-04-18 08:48:05,50.0,49.848024316109424,82.63487506218527
2026-04-18 08:48:20,50.0,49.544072948328264,82.80071406453054
2026-04-18 08:48:35,50.0,49.544072948328264,82.96655306687582
2026-04-18 08:48:50,50.0,50.150150150150154,83.13239206922108
2026-04-18 08:49:05,50.0,50.150150150150154,83.29823107156636
2026-04-18 08:49:20,50.0,50.150150150150154,83.46407007391164
2026-04-18 08:49:35,50.0,50.150150150150154,83.62990907625691
2026-04-18 08:49:50,50.0,50.150150150150154,83.79574807860217
2026-04-18 08:50:05,50.0,50.150150150150154,83.96158708094745
2026-04-18 08:50:20,50.0,50.74183976261127,84.12742608329273
2026-04-18 08:50:35,50.0,50.74183976261127,84.293265085638
2026-04-18 08:50:50,50.0,50.74183976261127,84.45910408798326
2026-04-18 08:51:05,50.0,50.74183976261127,84.62494309032854
2026-04-18 08:51:20,50.0,50.74183976261127,84.79078209267382
2026-04-18 08:51:35,50.0,50.74183976261127,84.95662109501909
2026-04-18 08:51:50,50.0,51.31964809384164,85.12246009736435
2026-04-18 08:52:05,50.0,51.31964809384164,85.28829909970963
2026-04-18 08:52:20,50.0,51.61290322580645,85.45413810205491
2026-04-18 08:52:35,50.0,51.90615835777126,85.61997710440018
2026-04-18 08:52:50,50.0,52.19941348973607,85.78581610674546
2026-04-18 08:53:05,37.5,52.49266862170088,85.95165510909072
2026-04-18 08:53:20,37.5,52.7536231884058,86.117494111436
2026-04-18 08:53:35,37.5,53.04347826086957,86.28333311378128
2026-04-18 08:53:50,37.5,53.333333333333336,86.44917211612655
2026-04-18 08:54:05,37.5,53.62318840579711,86.61501111847181
2026-04-18 08:54:20,37.5,53.91304347826087,86.78085012081709
2026-04-18 08:54:35,37.5,54.20289855072464,86.94668912316237
2026-04-18 08:54:50,37.5,54.44126074498568,87.11252812550764
2026-04-18 08:55:05,37.5,54.72779369627507,87.2783671278529
2026-04-18 08:55:20,37.5,55.014326647564474,87.44420613019818
2026-04-18 08:55:35,37.5,55.014326647564474,87.61004513254346
2026-04-18 08:55:50,37.5,55.014326647564474,87.77588413488873
2026-04-18 08:56:05,37.5,55.014326647564474,87.94172313723399
2026-04-18 08:56:20,37.5,54.39093484419264,88.10756213957927
2026-04-18 08:56:35,37.5,54.39093484419264,88.27340114192455
2026-04-18 08:56:50,37.5,54.39093484419264,88.43924014426982
2026-04-18 08:57:05,37.5,54.39093484419264,88.6050791466151
2026-04-18 08:57:20,37.5,54.39093484419264,88.77091814896036
2026-04-18 08:57:35,37.5,54.39093484419264,88.93675715130564
2026-04-18 08:57:50,37.5,53.78151260504202,89.10259615365092
2026-04-18 08:58:05,37.5,53.78151260504202,89.26843515599619
2026-04-18 08:58:20,37.5,53.78151260504202,89.43427415834145
2026-04-18 08:58:35,37.5,53.78151260504202,89.60011316068673
2026-04-18 08:58:50,37.5,53.78151260504202,89.76595216303201
2026-04-18 08:59:05,37.5,53.78151260504202,89.93179116537728
2026-04-18 08:59:20,37.5,53.18559556786704,90.09763016772254
2026-04-18 08:59:35,37.5,53.18559556786704,90.26346917006782
2026-04-18 08:59:50,37.5,53.18559556786704,90.4293081724131
2026-04-18 09:00:05,37.5,53.18559556786704,90.59514717475837
2026-04-18 09:00:20,37.5,53.18559556786704,90.76098617710363
2026-04-18 09:00:35,37.5,53.18559556786704,90.92682517944891
2026-04-18 09:00:50,37.5,52.602739726027394,91.09266418179419
2026-04-18 09:01:05,37.5,52.602739726027394,91.25850318413946
2026-04-18 09:01:20,37.5,52.602739726027394,91.42434218648474
2026-04-18 09:01:35,37.5,52.602739726027394,91.59018118883
2026-04-18 09:01:50,37.5,52.602739726027394,91.75602019117528
2026-04-18 09:02:05,37.5,52.602739726027394,91.92185919352056
2026-04-18 09:02:20,37.5,52.03252032520326,92.08769819586583
2026-04-18 09:02:35,37.5,52.03252032520326,92.25353719821109
2026-04-18 09:02:50,25.0,52.03252032520326,92.41937620055637
2026-04-18 09:03:05,25.0,52.03252032520326,92.58521520290165
2026-04-18 09:03:20,25.0,52.03252032520326,92.75105420524692
2026-04-18 09:03:35,25.0,52.03252032520326,92.91689320759218
2026-04-18 09:03:50,25.0,51.474530831099194,93.08273220993746
2026-04-18 09:04:05,25.0,51.474530831099194,93.24857121228274
2026-04-18 09:04:20,25.0,51.474530831099194,93.414410214628
2026-04-18 09:04:35,25.0,51.474530831099194,93.58024921697327
2026-04-18 09:04:50,25.0,51.474530831099194,93.74608821931855
2026-04-18 09:05:05,37.5,51.474530831099194,93.91192722166383
2026-04-18 09:05:20,37.5,50.92838196286472,94.0777662240091
2026-04-18 09:05:35,37.5,50.92838196286472,94.24360522635438
2026-04-18 09:05:50,37.5,50.92838196286472,94.40944422869964
2026-04-18 09:06:05,37.5,50.92838196286472,94.57528323104492
2026-04-18 09:06:20,37.5,50.92838196286472,94.7411222333902
2026-04-18 09:06:35,37.5,50.92838196286472,94.90696123573547
2026-04-18 09:06:50,37.5,50.39370078740157,95.07280023808073
2026-04-18 09:07:05,37.5,50.39370078740157,95.23863924042601
2026-04-18 09:07:20,37.5,50.39370078740157,95.40447824277129
2026-04-18 09:07:35,37.5,50.39370078740157,95.57031724511656
2026-04-18 09:07:50,37.5,50.39370078740157,95.73615624746182
2026-04-18 09:08:05,37.5,50.39370078740157,95.9019952498071
2026-04-18 09:08:20,37.5,50.649350649350644,96.06783425215238
2026-04-18 09:08:35,37.5,50.90909090909091,96.23367325449765
2026-04-18 09:08:50,37.5,51.16883116883116,96.39951225684291
2026-04-18 09:09:05,37.5,51.42857142857142,96.56535125918819
2026-04-18 09:09:20,37.5,51.688311688311686,96.73119026153347
2026-04-18 09:09:35,37.5,51.94805194805194,96.89702926387875
2026-04-18 09:09:50,37.5,52.185089974293064,97.06286826622402
2026-04-18 09:10:05,37.5,52.44215938303341,97.22870726856928
2026-04-18 09:10:20,37.5,52.69922879177378,97.39454627091456
2026-04-18 09:10:35,50.0,52.95629820051414,97.56038527325984
2026-04-18 09:10:50,50.0,53.213367609254504,97.7262242756051
2026-04-18 09:11:05,50.0,53.470437017994854,97.89206327795037
2026-04-18 09:11:20,50.0,53.68956743002544,98.05790228029565
2026-04-18 09:11:35,50.0,53.9440203562341,98.22374128264093
2026-04-18 09:11:50,50.0,54.19847328244275,98.3895802849862
2026-04-18 09:12:05,50.0,54.4529262086514,98.55541928733146
2026-04-18 09:12:20,50.0,54.70737913486005,98.72125828967674
2026-04-18 09:12:35,50.0,54.961832061068705,98.88709729202202
2026-04-18 09:12:50,50.0,55.16372795969773,99.05293629436729
2026-04-18 09:13:05,50.0,55.41561712846348,99.21877529671255
2026-04-18 09:13:20,50.0,55.66750629722922,99.38461429905783
2026-04-18 09:13:35,50.0,55.91939546599496,99.55045330140311
2026-04-18 09:13:50,50.0,56.17128463476071,99.71629230374839
2026-04-18 09:14:05,50.0,56.42317380352645,99.88213130609365
2026-04-18 09:14:20,50.0,56.60847880299252,100.04797030843892
2026-04-18 09:14:35,50.0,56.85785536159601,100.2138093107842
2026-04-18 09:14:50,50.0,57.107231920199496,100.37964831312948
2026-04-18 09:15:05,50.0,57.356608478803,100.54548731547474
2026-04-18 09:15:20,50.0,57.605985037406484,100.71132631782001
2026-04-18 09:15:35,50.0,57.85536159600998,100.87716532016529
2026-04-18 09:15:50,50.0,58.0246913580247,101.04300432251057
2026-04-18 09:16:05,50.0,58.2716049382716,101.20884332485583
2026-04-18 09:16:20,50.0,58.2716049382716,101.3746823272011
2026-04-18 09:16:35,50.0,58.2716049382716,101.54052132954638
2026-04-18 09:16:50,50.0,58.51851851851851,101.70636033189166
2026-04-18 09:17:05,50.0,58.76543209876544,101.87219933423692
2026-04-18 09:17:20,50.0,58.924205378973106,102.03803833658219
2026-04-18 09:17:35,50.0,59.168704156479215,102.20387733892747
2026-04-18 09:17:50,50.0,59.41320293398533,102.36971634127275
2026-04-18 09:18:05,50.0,59.41320293398533,102.53555534361803
2026-04-18 09:18:20,50.0,59.65770171149144,102.7013943459633
2026-04-18 09:18:35,50.0,59.65770171149144,102.86723334830856
2026-04-18 09:18:50,50.0,60.048426150121074,103.03307235065384
2026-04-18 09:19:05,50.0,60.048426150121074,103.19891135299912
2026-04-18 09:19:20,50.0,60.290556900726386,103.36475035534438
2026-04-18 09:19:35,50.0,60.53268765133172,103.53058935768965
2026-04-18 09:19:50,50.0,60.77481840193705,103.69642836003493
2026-04-18 09:20:05,50.0,61.016949152542374,103.86226736238021
2026-04-18 09:20:20,50.0,61.15107913669065,104.02810636472547
2026-04-18 09:20:35,50.0,61.39088729016786,104.19394536707074
2026-04-18 09:20:50,50.0,61.39088729016786,104.35978436941602
2026-04-18 09:21:05,50.0,61.39088729016786,104.5256233717613
2026-04-18 09:21:20,50.0,61.39088729016786,104.69146237410656
2026-04-18 09:21:35,50.0,61.39088729016786,104.85730137645183
2026-04-18 09:21:50,50.0,61.75771971496437,105.02314037879711
2026-04-18 09:22:05,50.0,61.75771971496437,105.18897938114239
2026-04-18 09:22:20,50.0,61.75771971496437,105.35481838348767
2026-04-18 09:22:35,50.0,61.75771971496437,105.52065738583293
2026-04-18 09:22:50,50.0,61.75771971496437,105.6864963881782
2026-04-18 09:23:05,50.0,61.75771971496437,105.85233539052348
2026-04-18 09:23:20,50.0,61.411764705882355,106.01817439286876
2026-04-18 09:23:35,50.0,61.1764705882353,106.18401339521402
2026-04-18 09:23:50,50.0,60.94117647058823,106.34985239755929
2026-04-18 09:24:05,50.0,60.705882352941174,106.51569139990457
2026-04-18 09:24:20,50.0,60.47058823529412,106.68153040224985
2026-04-18 09:24:35,50.0,60.23529411764705,106.84736940459511
2026-04-18 09:24:50,50.0,59.90675990675991,107.01320840694038
2026-04-18 09:25:05,50.0,59.67365967365967,107.17904740928566
2026-04-18 09:25:20,50.0,59.44055944055944,107.34488641163094
2026-04-18 09:25:35,50.0,59.20745920745921,107.5107254139762
2026-04-18 09:25:50,50.0,58.97435897435898,107.67656441632147
2026-04-18 09:26:05,50.0,58.74125874125874,107.84240341866675
2026-04-18 09:26:20,50.0,58.429561200923786,108.00824242101203
2026-04-18 09:26:35,50.0,58.198614318706696,108.17408142335731
2026-04-18 09:26:50,50.0,57.96766743648961,108.33992042570257
2026-04-18 09:27:05,50.0,57.736720554272516,108.50575942804784
2026-04-18 09:27:20,50.0,57.505773672055426,108.67159843039312
2026-04-18 09:27:35,50.0,57.27482678983834,108.8374374327384
2026-04-18 09:27:50,50.0,56.97940503432495,109.00327643508366
2026-04-18 09:28:05,50.0,56.75057208237986,109.16911543742893
2026-04-18 09:28:20,50.0,56.52173913043478,109.33495443977421
2026-04-18 09:28:35,50.0,56.2929061784897,109.50079344211949
2026-04-18 09:28:50,50.0,56.06407322654462,109.66663244446475
2026-04-18 09:29:05,50.0,55.83524027459954,109.83247144681002
2026-04-18 09:29:20,50.0,55.60640732265446,109.9983104491553
2026-04-18 09:29:35,50.0,55.32879818594104,110.16414945150058
2026-04-18 09:29:50,50.0,55.10204081632652,110.32998845384584
2026-04-18 09:30:05,50.0,54.87528344671202,110.49582745619111
2026-04-18 09:30:20,50.0,54.6485260770975,110.66166645853639
2026-04-18 09:30:35,50.0,54.421768707483,110.82750546088167
2026-04-18 09:30:50,50.0,54.19501133786848,110.99334446322695
2026-04-18 09:31:05,50.0,53.93258426966292,111.15918346557221
2026-04-18 09:31:20,50.0,53.70786516853933,111.32502246791748
2026-04-18 09:31:35,50.0,53.48314606741573,111.49086147026276
2026-04-18 09:31:50,50.0,53.25842696629214,111.65670047260804
2026-04-18 09:32:05,50.0,53.033707865168545,111.8225394749533
2026-04-18 09:32:20,50.0,52.80898876404494,111.98837847729857
2026-04-18 09:32:35,50.0,52.56124721603563,112.15421747964385
2026-04-18 09:32:50,50.0,52.338530066815146,112.32005648198913
2026-04-18 09:33:05,50.0,52.11581291759465,112.48589548433439
2026-04-18 09:33:20,50.0,52.11581291759465,112.65173448667966
2026-04-18 09:33:35,50.0,52.11581291759465,112.81757348902494
2026-04-18 09:33:50,50.0,52.11581291759465,112.98341249137022
2026-04-18 09:34:05,50.0,51.65562913907284,113.14925149371548
2026-04-18 09:34:20,50.0,51.65562913907284,113.31509049606075
2026-04-18 09:34:35,50.0,51.65562913907284,113.48092949840603
2026-04-18 09:34:50,50.0,51.65562913907284,113.6467685007513
2026-04-18 09:35:05,50.0,51.65562913907284,113.81260750309659
2026-04-18 09:35:20,50.0,51.65562913907284,113.97844650544185
2026-04-18 09:35:35,50.0,51.203501094091905,114.14428550778712
2026-04-18 09:35:50,50.0,51.203501094091905,114.3101245101324
2026-04-18 09:36:05,50.0,51.203501094091905,114.47596351247768
2026-04-18 09:36:20,50.0,51.203501094091905,114.64180251482294
2026-04-18 09:36:35,50.0,51.203501094091905,114.80764151716821
2026-04-18 09:36:50,50.0,51.203501094091905,114.97348051951349
2026-04-18 09:37:05,50.0,50.759219088937094,115.13931952185877
2026-04-18 09:37:20,50.0,50.759219088937094,115.30515852420405
2026-04-18 09:37:35,50.0,50.759219088937094,115.4709975265493
2026-04-18 09:37:50,50.0,50.759219088937094,115.63683652889458
2026-04-18 09:38:05,50.0,50.759219088937094,115.80267553123986
2026-04-18 09:38:20,50.0,50.759219088937094,115.96851453358514
2026-04-18 09:38:35,50.0,50.32258064516129,116.13435353593039
2026-04-18 09:38:50,50.0,50.32258064516129,116.30019253827567
2026-04-18 09:39:05,50.0,50.32258064516129,116.46603154062095
2026-04-18 09:39:20,50.0,50.32258064516129,116.63187054296623
2026-04-18 09:39:35,50.0,50.32258064516129,116.79770954531148
2026-04-18 09:39:50,50.0,50.32258064516129,116.96354854765676
2026-04-18 09:40:05,50.0,49.89339019189765,117.12938755000204
2026-04-18 09:40:20,50.0,49.89339019189765,117.29522655234732
2026-04-18 09:40:35,50.0,49.89339019189765,117.46106555469257
2026-04-18 09:40:50,50.0,49.89339019189765,117.62690455703785
2026-04-18 09:41:05,50.0,49.89339019189765,117.79274355938313
2026-04-18 09:41:20,50.0,49.89339019189765,117.9585825617284
2026-04-18 09:41:35,50.0,49.471458773784356,118.12442156407369
2026-04-18 09:41:50,50.0,49.471458773784356,118.29026056641894
2026-04-18 09:42:05,50.0,49.471458773784356,118.45609956876422
2026-04-18 09:42:20,50.0,49.471458773784356,118.6219385711095
2026-04-18 09:42:35,50.0,49.471458773784356,118.78777757345478
2026-04-18 09:42:50,50.0,49.471458773784356,118.95361657580003
2026-04-18 09:43:05,50.0,49.056603773584904,119.1194555781453
2026-04-18 09:43:20,50.0,49.056603773584904,119.28529458049059
2026-04-18 09:43:35,50.0,49.056603773584904,119.45113358283587
2026-04-18 09:43:50,50.0,49.056603773584904,119.61697258518112
2026-04-18 09:44:05,50.0,49.056603773584904,119.7828115875264
2026-04-18 09:44:20,50.0,49.056603773584904,119.94865058987168
2026-04-18 09:44:35,50.0,48.64864864864865,120.11448959221696
2026-04-18 09:44:50,50.0,48.64864864864865,120.2803285945622
2026-04-18 09:45:05,50.0,48.64864864864865,120.44616759690749
2026-04-18 09:45:20,50.0,48.64864864864865,120.61200659925277
2026-04-18 09:45:35,50.0,48.64864864864865,120.77784560159805
2026-04-18 09:45:50,50.0,48.64864864864865,120.94368460394332
2026-04-18 09:46:05,50.0,48.24742268041237,121.10952360628858
2026-04-18 09:46:20,50.0,48.24742268041237,121.27536260863386
2026-04-18 09:46:35,50.0,48.24742268041237,121.44120161097914
2026-04-18 09:46:50,50.0,48.24742268041237,121.60704061332441
2026-04-18 09:47:05,50.0,48.24742268041237,121.77287961566967
2026-04-18 09:47:20,50.0,48.24742268041237,121.93871861801495
2026-04-18 09:47:35,50.0,47.85276073619632,122.10455762036023
2026-04-18 09:47:50,50.0,47.85276073619632,122.2703966227055
2026-04-18 09:48:05,50.0,47.85276073619632,122.43623562505076
2026-04-18 09:48:20,50.0,47.85276073619632,122.60207462739604
2026-04-18 09:48:35,50.0,47.85276073619632,122.76791362974132
2026-04-18 09:48:50,50.0,47.85276073619632,122.9337526320866
2026-04-18 09:49:05,50.0,47.46450304259635,123.09959163443185
2026-04-18 09:49:20,50.0,47.46450304259635,123.26543063677713
2026-04-18 09:49:35,50.0,47.46450304259635,123.4312696391224
2026-04-18 09:49:50,50.0,47.46450304259635,123.59710864146768
2026-04-18 09:50:05,37.5,47.26166328600406,123.76294764381296
2026-04-18 09:50:20,37.5,47.05882352941176,123.92878664615822
2026-04-18 09:50:35,37.5,46.88128772635815,124.0946256485035
2026-04-18 09:50:50,37.5,46.68008048289739,124.26046465084877
2026-04-18 09:51:05,37.5,46.478873239436616,124.42630365319405
2026-04-18 09:51:20,37.5,46.27766599597585,124.5921426555393
2026-04-18 09:51:35,37.5,46.076458752515094,124.75798165788459
2026-04-18 09:51:50,37.5,45.87525150905433,124.92382066022986
2026-04-18 09:52:05,37.5,45.70858283433134,125.08965966257514
2026-04-18 09:52:20,37.5,45.50898203592814,125.2554986649204
2026-04-18 09:52:35,37.5,45.309381237524946,125.42133766726568
2026-04-18 09:52:50,37.5,45.10978043912176,125.58717666961095
2026-04-18 09:53:05,37.5,44.91017964071856,125.75301567195623
2026-04-18 09:53:20,37.5,44.71057884231537,125.91885467430149
2026-04-18 09:53:35,37.5,44.554455445544555,126.08469367664676
2026-04-18 09:53:50,37.5,44.35643564356436,126.25053267899204
2026-04-18 09:54:05,37.5,44.15841584158416,126.41637168133732
2026-04-18 09:54:20,37.5,43.960396039603964,126.5822106836826
2026-04-18 09:54:35,37.5,43.76237623762376,126.74804968602785
2026-04-18 09:54:50,37.5,43.56435643564357,126.91388868837313
2026-04-18 09:55:05,37.5,43.418467583497055,127.07972769071841
2026-04-18 09:55:20,37.5,43.222003929273086,127.2455666930637
2026-04-18 09:55:35,37.5,43.02554027504912,127.41140569540894
2026-04-18 09:55:50,37.5,42.82907662082515,127.57724469775422
2026-04-18 09:56:05,37.5,42.63261296660118,127.7430837000995
2026-04-18 09:56:20,37.5,42.63261296660118,127.90892270244478
2026-04-18 09:56:35,37.5,42.30019493177387,128.07476170479003
2026-04-18 09:56:50,37.5,42.30019493177387,128.24060070713531
2026-04-18 09:57:05,37.5,42.30019493177387,128.4064397094806
2026-04-18 09:57:20,37.5,42.30019493177387,128.57227871182587
2026-04-18 09:57:35,37.5,42.30019493177387,128.73811771417112
2026-04-18 09:57:50,37.5,42.30019493177387,128.9039567165164
2026-04-18 09:58:05,37.5,41.97292069632495,129.06979571886168
2026-04-18 09:58:20,37.5,41.97292069632495,129.23563472120696
2026-04-18 09:58:35,37.5,41.97292069632495,129.40147372355224
2026-04-18 09:58:50,37.5,41.97292069632495,129.5673127258975
2026-04-18 09:59:05,37.5,41.97292069632495,129.73315172824277
2026-04-18 09:59:20,37.5,41.97292069632495,129.89899073058805
2026-04-18 09:59:35,37.5,41.65067178502879,130.06482973293333
2026-04-18 09:59:50,37.5,41.65067178502879,130.23066873527858
2026-04-18 10:00:05,37.5,41.65067178502879,130.36705785006498
2026-04-18 10:00:20,37.5,41.65067178502879,130.4445471897336
2026-04-18 10:00:35,37.5,41.65067178502879,130.52203652940221
2026-04-18 10:00:50,37.5,41.65067178502879,130.59952586907085
2026-04-18 10:01:05,37.5,41.65067178502879,130.67701520873945
2026-04-18 10:01:20,37.5,41.65067178502879,130.75450454840808
2026-04-18 10:01:35,37.5,41.65067178502879,130.83199388807668
2026-04-18 10:01:50,37.5,41.65067178502879,130.90948322774528
2026-04-18 10:02:05,50.0,41.65067178502879,130.98697256741391
2026-04-18 10:02:20,50.0,41.333333333333336,131.06446190708252
2026-04-18 10:02:35,50.0,41.333333333333336,131.14195124675115
2026-04-18 10:02:50,50.0,41.333333333333336,131.21944058641975
2026-04-18 10:03:05,50.0,41.333333333333336,131.29692992608838
2026-04-18 10:03:20,50.0,41.333333333333336,131.37441926575698
2026-04-18 10:03:35,50.0,41.333333333333336,131.45190860542561
2026-04-18 10:03:50,50.0,41.333333333333336,131.52939794509422
2026-04-18 10:04:05,50.0,41.333333333333336,131.60688728476285
2026-04-18 10:04:20,50.0,41.333333333333336,131.68437662443145
2026-04-18 10:04:35,50.0,41.333333333333336,131.76186596410008
2026-04-18 10:04:50,50.0,41.14285714285714,131.83935530376868
2026-04-18 10:05:05,50.0,40.95238095238095,131.91684464343732
2026-04-18 10:05:20,50.0,40.76190476190476,131.99433398310592
2026-04-18 10:05:35,50.0,40.831758034026464,132.07182332277455
2026-04-18 10:05:50,50.0,40.831758034026464,132.14931266244315
2026-04-18 10:06:05,50.0,40.831758034026464,132.22680200211175
2026-04-18 10:06:20,50.0,41.02079395085066,132.30429134178038
2026-04-18 10:06:35,50.0,41.209829867674856,132.381780681449
2026-04-18 10:06:50,50.0,41.39886578449906,132.45927002111762
2026-04-18 10:07:05,50.0,41.39886578449906,132.53675936078622
2026-04-18 10:07:20,50.0,41.39886578449906,132.61424870045485
2026-04-18 10:07:35,50.0,41.39886578449906,132.69173804012345
2026-04-18 10:07:50,50.0,41.39886578449906,132.76922737979208
2026-04-18 10:08:05,50.0,41.39886578449906,132.8467167194607
2026-04-18 10:08:20,50.0,41.39886578449906,132.92420605912932
2026-04-18 10:08:35,50.0,41.83864915572232,133.00169539879792
2026-04-18 10:08:50,50.0,41.83864915572232,133.07918473846655
2026-04-18 10:09:05,50.0,41.83864915572232,133.15667407813515
2026-04-18 10:09:20,50.0,41.83864915572232,133.23416341780379
2026-04-18 10:09:35,50.0,41.83864915572232,133.3116527574724
2026-04-18 10:09:50,50.0,41.83864915572232,133.38914209714102
2026-04-18 10:10:05,50.0,41.83864915572232,133.46663143680962
2026-04-18 10:10:20,50.0,41.83864915572232,133.54412077647825
2026-04-18 10:10:35,50.0,41.83864915572232,133.62161011614685
2026-04-18 10:10:50,50.0,41.83864915572232,133.69909945581546
2026-04-18 10:11:05,50.0,41.83864915572232,133.7765887954841
2026-04-18 10:11:20,50.0,41.83864915572232,133.8540781351527
2026-04-18 10:11:35,50.0,41.83864915572232,133.93156747482132
2026-04-18 10:11:50,50.0,42.27188081936685,134.00905681448992
2026-04-18 10:12:05,50.0,42.27188081936685,134.08654615415855
2026-04-18 10:12:20,50.0,42.27188081936685,134.16403549382716
2026-04-18 10:12:35,50.0,42.27188081936685,134.2415248334958
2026-04-18 10:12:50,50.0,42.08566108007449,134.3190141731644
2026-04-18 10:13:05,50.0,41.899441340782126,134.39650351283302
2026-04-18 10:13:20,50.0,41.71322160148976,134.47399285250162
2026-04-18 10:13:35,50.0,41.527001862197395,134.55148219217025
2026-04-18 10:13:50,50.0,41.340782122905026,134.62897153183886
2026-04-18 10:14:05,50.0,41.154562383612664,134.7064608715075
2026-04-18 10:14:20,50.0,40.9683426443203,134.7839502111761
2026-04-18 10:14:35,50.0,40.78212290502793,134.86143955084472
2026-04-18 10:14:50,50.0,40.59590316573557,134.93892889051332
2026-04-18 10:15:05,50.0,40.48059149722736,135.01641823018196
2026-04-18 10:15:20,50.0,40.29574861367837,135.09390756985056
2026-04-18 10:15:35,50.0,40.110905730129396,135.17139690951916
2026-04-18 10:15:50,50.0,39.92606284658041,135.2488862491878
2026-04-18 10:16:05,50.0,39.74121996303142,135.3263755888564
2026-04-18 10:16:20,50.0,39.55637707948244,135.40386492852502
2026-04-18 10:16:35,50.0,39.37153419593346,135.48135426819363
2026-04-18 10:16:50,50.0,39.186691312384475,135.55884360786226
2026-04-18 10:17:05,50.0,39.00184842883549,135.63633294753086
2026-04-18 10:17:20,50.0,38.817005545286506,135.7138222871995
2026-04-18 10:17:35,50.0,38.632162661737524,135.7913116268681
2026-04-18 10:17:50,50.0,38.447319778188536,135.86880096653672
2026-04-18 10:18:05,50.0,38.262476894639555,135.94629030620533
2026-04-18 10:18:20,50.0,38.1651376146789,136.02377964587396
2026-04-18 10:18:35,50.0,37.98165137614679,136.10126898554256
2026-04-18 10:18:50,50.0,37.79816513761468,136.1787583252112
2026-04-18 10:19:05,50.0,37.61467889908257,136.2562476648798
2026-04-18 10:19:20,50.0,37.43119266055046,136.33373700454842
2026-04-18 10:19:35,50.0,37.247706422018354,136.41122634421703
2026-04-18 10:19:50,50.0,37.06422018348624,136.48871568388563
2026-04-18 10:20:05,50.0,36.88073394495413,136.56620502355426
2026-04-18 10:20:20,50.0,36.69724770642202,136.64369436322286
2026-04-18 10:20:35,50.0,36.51376146788991,136.7211837028915
2026-04-18 10:20:50,50.0,36.3302752293578,136.7986730425601
2026-04-18 10:21:05,50.0,36.14678899082569,136.87616238222873
2026-04-18 10:21:20,50.0,35.96330275229358,136.95365172189733
2026-04-18 10:21:35,50.0,35.88342440801457,137.03114106156596
2026-04-18 10:21:50,50.0,35.701275045537336,137.10863040123456
2026-04-18 10:22:05,50.0,35.51912568306011,137.1861197409032
2026-04-18 10:22:20,50.0,35.33697632058288,137.2636090805718
2026-04-18 10:22:35,50.0,35.154826958105645,137.34109842024043
2026-04-18 10:22:50,50.0,34.97267759562842,137.41858775990903
2026-04-18 10:23:05,50.0,34.790528233151186,137.49607709957766
2026-04-18 10:23:20,50.0,34.60837887067395,137.57356643924626
2026-04-18 10:23:35,50.0,34.42622950819672,137.6510557789149
2026-04-18 10:23:50,50.0,34.244080145719494,137.7285451185835
2026-04-18 10:24:05,50.0,34.06193078324226,137.80603445825213
2026-04-18 10:24:20,50.0,33.87978142076503,137.88352379792073
2026-04-18 10:24:35,50.0,33.697632058287795,137.96101313758936
2026-04-18 10:24:50,50.0,33.634719710669074,138.03850247725796
2026-04-18 10:25:05,50.0,33.45388788426763,138.11599181692657
2026-04-18 10:25:20,50.0,33.273056057866185,138.1934811565952
2026-04-18 10:25:35,50.0,33.09222423146474,138.2709704962638
2026-04-18 10:25:50,50.0,32.91139240506329,138.34845983593243
2026-04-18 10:26:05,50.0,32.730560578661844,138.42594917560103
2026-04-18 10:26:20,50.0,32.5497287522604,138.50343851526966
2026-04-18 10:26:35,50.0,32.368896925858955,138.58092785493827
2026-04-18 10:26:50,50.0,32.1880650994575,138.6584171946069
2026-04-18 10:27:05,50.0,32.00723327305606,138.7359065342755
2026-04-18 10:27:20,50.0,31.82640144665461,138.81339587394413
2026-04-18 10:27:35,50.0,31.645569620253166,138.89088521361273
2026-04-18 10:27:50,37.5,31.464737793851715,138.96837455328136
2026-04-18 10:28:05,37.5,31.41831238779174,139.04586389294997
2026-04-18 10:28:20,37.5,31.23877917414722,139.1233532326186
2026-04-18 10:28:35,37.5,31.05924596050269,139.2008425722872
2026-04-18 10:28:50,37.5,30.879712746858168,139.27833191195583
2026-04-18 10:29:05,37.5,30.700179533213646,139.35582125162443
2026-04-18 10:29:20,37.5,30.520646319569124,139.43331059129304
2026-04-18 10:29:35,37.5,30.341113105924595,139.51079993096167
2026-04-18 10:29:50,37.5,30.16157989228007,139.58828927063027
2026-04-18 10:30:05,37.5,29.982046678635548,139.6657786102989
2026-04-18 10:30:20,37.5,29.80251346499102,139.7432679499675
2026-04-18 10:30:35,37.5,29.622980251346497,139.82075728963613
2026-04-18 10:30:50,37.5,29.443447037701976,139.89824662930474
2026-04-18 10:31:05,37.5,29.263913824057454,139.97573596897337
2026-04-18 10:31:20,37.5,29.233511586452764,140.05322530864197
2026-04-18 10:31:35,37.5,29.055258467023172,140.1307146483106
2026-04-18 10:31:50,37.5,28.87700534759358,140.2082039879792
2026-04-18 10:32:05,37.5,28.698752228163993,140.28569332764783
2026-04-18 10:32:20,37.5,28.520499108734406,140.36318266731644
2026-04-18 10:32:35,37.5,28.342245989304814,140.44067200698507
2026-04-18 10:32:50,37.5,28.16399286987522,140.51816134665367
2026-04-18 10:33:05,37.5,27.98573975044563,140.5956506863223
2026-04-18 10:33:20,37.5,27.807486631016044,140.6731400259909
2026-04-18 10:33:35,37.5,27.629233511586452,140.7506293656595
2026-04-18 10:33:50,37.5,27.450980392156865,140.82811870532814
2026-04-18 10:34:05,37.5,27.27272727272727,140.90560804499674
2026-04-18 10:34:20,37.5,27.27272727272727,140.98309738466537
2026-04-18 10:34:35,37.5,27.079646017699115,141.06058672433397
2026-04-18 10:34:50,37.5,27.079646017699115,141.1380760640026
2026-04-18 10:35:05,37.5,27.079646017699115,141.2155654036712
2026-04-18 10:35:20,37.5,27.079646017699115,141.29305474333984
2026-04-18 10:35:35,37.5,27.079646017699115,141.37054408300844
2026-04-18 10:35:50,37.5,27.079646017699115,141.44803342267707
2026-04-18 10:36:05,37.5,27.079646017699115,141.52552276234567
2026-04-18 10:36:20,37.5,27.079646017699115,141.6030121020143
2026-04-18 10:36:35,37.5,27.079646017699115,141.6805014416829
2026-04-18 10:36:50,37.5,27.079646017699115,141.75799078135154
2026-04-18 10:37:05,37.5,27.079646017699115,141.83548012102014
2026-04-18 10:37:20,37.5,27.079646017699115,141.91296946068877
2026-04-18 10:37:35,37.5,27.079646017699115,141.99045880035737
2026-04-18 10:37:50,37.5,26.889279437609844,142.067948140026
2026-04-18 10:38:05,37.5,26.889279437609844,142.1454374796946
2026-04-18 10:38:20,37.5,26.713532513181022,142.22292681936324
2026-04-18 10:38:35,37.5,26.713532513181022,142.30041615903184
2026-04-18 10:38:50,37.5,26.537785588752193,142.37790549870044
2026-04-18 10:39:05,37.5,26.537785588752193,142.45539483836907
2026-04-18 10:39:20,37.5,26.537785588752193,142.53288417803768
2026-04-18 10:39:35,37.5,26.537785588752193,142.6103735177063
2026-04-18 10:39:50,37.5,26.537785588752193,142.6878628573749
2026-04-18 10:40:05,37.5,26.537785588752193,142.76535219704354
2026-04-18 10:40:20,37.5,26.537785588752193,142.84284153671214
2026-04-18 10:40:35,37.5,26.537785588752193,142.92033087638077
2026-04-18 10:40:50,37.5,26.36203866432337,142.99782021604938
2026-04-18 10:41:05,37.5,26.352530541012214,143.075309555718
2026-04-18 10:41:20,37.5,26.17801047120419,143.1527988953866
2026-04-18 10:41:35,37.5,26.003490401396164,143.23028823505524
2026-04-18 10:41:50,37.5,25.82897033158813,143.30777757472384
2026-04-18 10:42:05,37.5,25.654450261780106,143.38526691439247
2026-04-18 10:42:20,37.5,25.479930191972077,143.46275625406108
2026-04-18 10:42:35,37.5,25.30541012216405,143.5402455937297
2026-04-18 10:42:50,25.0,25.13089005235602,143.6177349333983
2026-04-18 10:43:05,25.0,24.956369982547994,143.6952242730669
2026-04-18 10:43:20,25.0,24.781849912739965,143.77271361273554
2026-04-18 10:43:35,25.0,24.60732984293194,143.85020295240415
2026-04-18 10:43:50,25.0,24.43280977312391,143.92769229207278
2026-04-18 10:44:05,25.0,24.436741767764296,144.00518163174138
2026-04-18 10:44:20,25.0,24.263431542461007,144.08267097141
2026-04-18 10:44:35,25.0,24.090121317157713,144.1601603110786
2026-04-18 10:44:50,25.0,23.91681109185442,144.23764965074724
2026-04-18 10:45:05,25.0,23.743500866551127,144.31513899041585
2026-04-18 10:45:20,25.0,23.570190641247834,144.39262833008448
2026-04-18 10:45:35,25.0,23.39688041594454,144.47011766975308
2026-04-18 10:45:50,25.0,23.223570190641247,144.5476070094217
2026-04-18 10:46:05,25.0,23.050259965337954,144.6250963490903
2026-04-18 10:46:20,25.0,22.876949740034664,144.70258568875894
2026-04-18 10:46:35,25.0,22.703639514731368,144.78007502842755
2026-04-18 10:46:50,25.0,22.530329289428074,144.85756436809618
2026-04-18 10:47:05,25.0,22.357019064124785,144.93505370776478
2026-04-18 10:47:20,25.0,22.375215146299485,145.01254304743338
2026-04-18 10:47:35,25.0,22.203098106712567,145.090032387102
2026-04-18 10:47:50,25.0,22.030981067125648,145.16752172677062
2026-04-18 10:48:05,25.0,21.858864027538726,145.24501106643925
2026-04-18 10:48:20,25.0,21.686746987951807,145.32250040610785
2026-04-18 10:48:35,25.0,21.514629948364888,145.39998974577648
2026-04-18 10:48:50,25.0,21.34251290877797,145.47747908544508
2026-04-18 10:49:05,25.0,21.17039586919105,145.5549684251137
2026-04-18 10:49:20,25.0,20.998278829604132,145.63245776478232
2026-04-18 10:49:35,25.0,20.82616179001721,145.70994710445095
2026-04-18 10:49:50,25.0,20.65404475043029,145.78743644411955
2026-04-18 10:50:05,25.0,20.481927710843372,145.86492578378818
2026-04-18 10:50:20,25.0,20.309810671256454,145.94241512345678
2026-04-18 10:50:35,25.0,20.34188034188034,146.0199044631254
2026-04-18 10:50:50,25.0,20.17094017094017,146.09739380279402
2026-04-18 10:51:05,25.0,20.0,146.17488314246265
2026-04-18 10:51:20,25.0,19.82905982905983,146.25237248213125
2026-04-18 10:51:35,25.0,19.65811965811966,146.32986182179988
2026-04-18 10:51:50,25.0,19.48717948717949,146.40735116146848
2026-04-18 10:52:05,25.0,19.31623931623932,146.4848405011371
2026-04-18 10:52:20,25.0,19.31623931623932,146.56232984080572
2026-04-18 10:52:35,25.0,19.31623931623932,146.63981918047432
2026-04-18 10:52:50,25.0,19.31623931623932,146.71730852014295
2026-04-18 10:53:05,25.0,19.31623931623932,146.79479785981155
2026-04-18 10:53:20,25.0,19.31623931623932,146.87228719948018
2026-04-18 10:53:35,25.0,19.31623931623932,146.9497765391488
2026-04-18 10:53:50,25.0,19.185059422750424,147.02726587881742
2026-04-18 10:54:05,25.0,19.185059422750424,147.10475521848602
2026-04-18 10:54:20,25.0,19.185059422750424,147.18224455815465
2026-04-18 10:54:35,25.0,19.185059422750424,147.25973389782325
2026-04-18 10:54:50,25.0,19.185059422750424,147.33722323749188
2026-04-18 10:55:05,25.0,19.185059422750424,147.4147125771605
2026-04-18 10:55:20,25.0,19.185059422750424,147.49220191682912
2026-04-18 10:55:35,25.0,19.185059422750424,147.56969125649772
2026-04-18 10:55:50,25.0,19.185059422750424,147.64718059616635
2026-04-18 10:56:05,25.0,19.185059422750424,147.72466993583495
2026-04-18 10:56:20,25.0,19.185059422750424,147.80215927550358
2026-04-18 10:56:35,25.0,19.185059422750424,147.8796486151722
2026-04-18 10:56:50,25.0,19.185059422750424,147.9571379548408
2026-04-18 10:57:05,25.0,19.05564924114671,148.03462729450942
2026-04-18 10:57:20,25.0,19.05564924114671,148.11211663417802
2026-04-18 10:57:35,25.0,19.05564924114671,148.18960597384665
2026-04-18 10:57:50,25.0,19.05564924114671,148.26709531351526
2026-04-18 10:58:05,25.0,19.05564924114671,148.3445846531839
2026-04-18 10:58:20,25.0,19.05564924114671,148.4220739928525
2026-04-18 10:58:35,25.0,19.05564924114671,148.49956333252112
2026-04-18 10:58:50,25.0,19.05564924114671,148.57705267218972
2026-04-18 10:59:05,25.0,19.05564924114671,148.65454201185835
2026-04-18 10:59:20,25.0,19.05564924114671,148.73203135152696
2026-04-18 10:59:35,25.0,19.05564924114671,148.8095206911956
2026-04-18 10:59:50,25.0,19.05564924114671,148.8870100308642
2026-04-18 11:00:05,25.0,19.05564924114671,148.96449937053282
2026-04-18 11:00:20,25.0,18.927973199329983,149.04198871020142
2026-04-18 11:00:35,25.0,18.927973199329983,149.11947804987005
2026-04-18 11:00:50,25.0,18.927973199329983,149.19696738953866
2026-04-18 11:01:05,25.0,18.927973199329983,149.27445672920726
2026-04-18 11:01:20,25.0,18.927973199329983,149.3519460688759
2026-04-18 11:01:35,25.0,18.927973199329983,149.42943540854452
2026-04-18 11:01:50,25.0,18.927973199329983,149.50692474821312
2026-04-18 11:02:05,25.0,18.927973199329983,149.58441408788173
2026-04-18 11:02:20,25.0,18.927973199329983,149.66190342755036
2026-04-18 11:02:35,25.0,18.927973199329983,149.73939276721896
2026-04-18 11:02:50,25.0,18.927973199329983,149.8168821068876
2026-04-18 11:03:05,25.0,18.927973199329983,149.8943714465562
2026-04-18 11:03:20,25.0,18.927973199329983,149.97186078622482
2026-04-18 11:03:35,25.0,18.80199667221298,150.04935012589343
2026-04-18 11:03:50,25.0,18.80199667221298,150.12683946556206
2026-04-18 11:04:05,25.0,18.80199667221298,150.20432880523066
2026-04-18 11:04:20,25.0,18.80199667221298,150.2818181448993
2026-04-18 11:04:35,25.0,18.80199667221298,150.3593074845679
2026-04-18 11:04:50,25.0,18.80199667221298,150.43679682423652
2026-04-18 11:05:05,25.0,18.80199667221298,150.51428616390513
2026-04-18 11:05:20,25.0,18.80199667221298,150.59177550357373
2026-04-18 11:05:35,25.0,18.80199667221298,150.66926484324236
2026-04-18 11:05:50,25.0,18.80199667221298,150.746754182911
2026-04-18 11:06:05,25.0,18.80199667221298,150.8242435225796
2026-04-18 11:06:20,25.0,18.80199667221298,150.9017328622482
2026-04-18 11:06:35,25.0,18.80199667221298,150.97922220191683
2026-04-18 11:06:50,25.0,18.677685950413224,151.05671154158543
2026-04-18 11:07:05,25.0,18.677685950413224,151.13420088125406
2026-04-18 11:07:20,25.0,18.677685950413224,151.21169022092266
2026-04-18 11:07:35,25.0,18.677685950413224,151.2891795605913
2026-04-18 11:07:50,25.0,18.677685950413224,151.3666689002599
2026-04-18 11:08:05,25.0,18.677685950413224,151.44415823992853
2026-04-18 11:08:20,25.0,18.677685950413224,151.52164757959713
2026-04-18 11:08:35,25.0,18.677685950413224,151.59913691926576
2026-04-18 11:08:50,25.0,18.677685950413224,151.67662625893436
2026-04-18 11:09:05,25.0,18.677685950413224,151.754115598603
2026-04-18 11:09:20,25.0,18.677685950413224,151.8316049382716
2026-04-18 11:09:35,25.0,18.677685950413224,151.90909427794023
2026-04-18 11:09:50,25.0,18.677685950413224,151.98658361760883
2026-04-18 11:10:05,25.0,18.555008210180624,152.06407295727746
2026-04-18 11:10:20,25.0,18.555008210180624,152.14156229694606
2026-04-18 11:10:35,25.0,18.555008210180624,152.21905163661467
2026-04-18 11:10:50,25.0,18.555008210180624,152.2965409762833
2026-04-18 11:11:05,25.0,18.555008210180624,152.3740303159519
2026-04-18 11:11:20,25.0,18.555008210180624,152.45151965562053
2026-04-18 11:11:35,25.0,18.555008210180624,152.52900899528913
2026-04-18 11:11:50,25.0,18.555008210180624,152.60649833495776
2026-04-18 11:12:05,25.0,18.39080459770115,152.68398767462637
2026-04-18 11:12:20,25.0,18.226600985221676,152.761477014295
2026-04-18 11:12:35,25.0,18.0623973727422,152.8389663539636
2026-04-18 11:12:50,25.0,17.898193760262725,152.91645569363223
2026-04-18 11:13:05,25.0,17.733990147783253,152.99394503330083
2026-04-18 11:13:20,25.0,17.781402936378466,153.07143437296946
2026-04-18 11:13:35,25.0,17.781402936378466,153.14892371263807
2026-04-18 11:13:50,25.0,17.781402936378466,153.2264130523067
2026-04-18 11:14:05,25.0,17.781402936378466,153.3039023919753
2026-04-18 11:14:20,25.0,17.781402936378466,153.38139173164393
2026-04-18 11:14:35,25.0,17.781402936378466,153.45888107131253
2026-04-18 11:14:50,25.0,17.781402936378466,153.53637041098114
2026-04-18 11:15:05,25.0,17.781402936378466,153.61385975064977
2026-04-18 11:15:20,25.0,17.781402936378466,153.6913490903184
2026-04-18 11:15:35,25.0,17.781402936378466,153.768838429987
2026-04-18 11:15:50,25.0,17.781402936378466,153.8463277696556
2026-04-18 11:16:05,25.0,17.781402936378466,153.92381710932423
2026-04-18 11:16:20,25.0,18.31442463533225,154.00130644899284
2026-04-18 11:16:35,25.0,18.31442463533225,154.07879578866147
2026-04-18 11:16:50,25.0,18.31442463533225,154.15628512833007
2026-04-18 11:17:05,25.0,18.31442463533225,154.2337744679987
2026-04-18 11:17:20,25.0,18.31442463533225,154.3112638076673
2026-04-18 11:17:35,25.0,18.31442463533225,154.38875314733593
2026-04-18 11:17:50,25.0,18.31442463533225,154.46624248700454
2026-04-18 11:18:05,25.0,18.31442463533225,154.54373182667317
2026-04-18 11:18:20,25.0,18.31442463533225,154.62122116634177
2026-04-18 11:18:35,25.0,18.31442463533225,154.6987105060104
2026-04-18 11:18:50,25.0,18.31442463533225,154.776199845679
2026-04-18 11:19:05,25.0,18.31442463533225,154.8536891853476
2026-04-18 11:19:20,25.0,18.31442463533225,154.93117852501624
2026-04-18 11:19:35,25.0,18.84057971014493,155.00866786468487
2026-04-18 11:19:50,25.0,18.84057971014493,155.08615720435347
2026-04-18 11:20:05,25.0,18.84057971014493,155.16364654402207
2026-04-18 11:20:20,25.0,18.84057971014493,155.2411358836907
2026-04-18 11:20:35,25.0,18.84057971014493,155.3186252233593
2026-04-18 11:20:50,25.0,18.84057971014493,155.39611456302794
2026-04-18 11:21:05,25.0,18.84057971014493,155.47360390269654
2026-04-18 11:21:20,25.0,18.84057971014493,155.55109324236517
2026-04-18 11:21:35,25.0,18.84057971014493,155.62858258203377
2026-04-18 11:21:50,25.0,18.84057971014493,155.7060719217024
2026-04-18 11:22:05,25.0,18.84057971014493,155.783561261371
2026-04-18 11:22:20,25.0,18.84057971014493,155.86105060103964
2026-04-18 11:22:35,25.0,18.84057971014493,155.93853994070824
2026-04-18 11:22:50,25.0,19.36,156.01602928037687
2026-04-18 11:23:05,25.0,19.36,156.09351862004547
2026-04-18 11:23:20,25.0,19.36,156.1710079597141
2026-04-18 11:23:35,25.0,19.36,156.2484972993827
2026-04-18 11:23:50,25.0,19.36,156.32598663905134
2026-04-18 11:24:05,25.0,19.36,156.40347597871994
2026-04-18 11:24:20,25.0,19.36,156.48096531838854
2026-04-18 11:24:35,25.0,19.36,156.55845465805717
2026-04-18 11:24:50,25.0,19.36,156.63594399772578
2026-04-18 11:25:05,25.0,19.36,156.7134333373944
2026-04-18 11:25:20,25.0,19.36,156.790922677063
2026-04-18 11:25:35,25.0,19.36,156.86841201673164
2026-04-18 11:25:50,25.0,19.36,156.94590135640024
2026-04-18 11:26:05,25.0,19.87281399046105,157.02339069606887
2026-04-18 11:26:20,25.0,19.87281399046105,157.10088003573748
2026-04-18 11:26:35,25.0,19.87281399046105,157.1783693754061
2026-04-18 11:26:50,25.0,19.87281399046105,157.2558587150747
2026-04-18 11:27:05,25.0,19.87281399046105,157.33334805474334
2026-04-18 11:27:20,25.0,19.87281399046105,157.41083739441194
2026-04-18 11:27:35,25.0,19.87281399046105,157.48832673408057
2026-04-18 11:27:50,25.0,19.87281399046105,157.56581607374918
2026-04-18 11:28:05,25.0,19.87281399046105,157.6433054134178
2026-04-18 11:28:20,25.0,19.87281399046105,157.7207947530864
2026-04-18 11:28:35,25.0,19.87281399046105,157.798284092755
2026-04-18 11:28:50,25.0,19.87281399046105,157.87577343242364
2026-04-18 11:29:05,25.0,19.87281399046105,157.95326277209227
2026-04-18 11:29:20,25.0,20.379146919431278,158.03075211176088
2026-04-18 11:29:35,25.0,20.379146919431278,158.10824145142948
2026-04-18 11:29:50,25.0,20.379146919431278,158.1857307910981
2026-04-18 11:30:05,25.0,20.379146919431278,158.2632201307667
2026-04-18 11:30:20,25.0,20.379146919431278,158.34070947043534
2026-04-18 11:30:35,25.0,20.379146919431278,158.41819881010395
2026-04-18 11:30:50,25.0,20.379146919431278,158.49568814977258
2026-04-18 11:31:05,25.0,20.379146919431278,158.57317748944118
2026-04-18 11:31:20,25.0,20.379146919431278,158.6506668291098
2026-04-18 11:31:35,25.0,20.379146919431278,158.7281561687784
2026-04-18 11:31:50,25.0,20.379146919431278,158.80564550844704
2026-04-18 11:32:05,25.0,20.379146919431278,158.88313484811565
2026-04-18 11:32:20,25.0,20.221169036334913,158.96062418778428
2026-04-18 11:32:35,25.0,20.251177394034535,159.03811352745288
2026-04-18 11:32:50,25.0,20.09419152276295,159.11560286712148
2026-04-18 11:33:05,25.0,20.09419152276295,159.1930922067901
2026-04-18 11:33:20,25.0,20.09419152276295,159.27058154645874
2026-04-18 11:33:35,25.0,20.09419152276295,159.34807088612735
2026-04-18 11:33:50,25.0,20.09419152276295,159.42556022579595
2026-04-18 11:34:05,25.0,20.09419152276295,159.50304956546458
2026-04-18 11:34:20,25.0,20.09419152276295,159.58053890513318
2026-04-18 11:34:35,25.0,20.09419152276295,159.6580282448018
2026-04-18 11:34:50,25.0,20.09419152276295,159.73551758447041
2026-04-18 11:35:05,25.0,20.09419152276295,159.81300692413905
2026-04-18 11:35:20,25.0,20.09419152276295,159.89049626380765
2026-04-18 11:35:35,25.0,20.251177394034535,159.96798560347628
2026-04-18 11:35:50,25.0,20.59282371294852,160.04547494314488
2026-04-18 11:36:05,25.0,20.74882995319813,160.1229642828135
2026-04-18 11:36:20,25.0,20.904836193447736,160.20045362248212
2026-04-18 11:36:35,25.0,21.060842433697346,160.27794296215075
2026-04-18 11:36:50,25.0,21.21684867394696,160.35543230181935
2026-04-18 11:37:05,25.0,21.37285491419657,160.43292164148798
2026-04-18 11:37:20,25.0,21.528861154446176,160.51041098115658
2026-04-18 11:37:35,25.0,21.684867394695786,160.5879003208252
2026-04-18 11:37:50,25.0,21.8408736349454,160.66538966049382
2026-04-18 11:38:05,25.0,21.996879875195006,160.74287900016242
2026-04-18 11:38:20,25.0,22.152886115444616,160.82036833983105
2026-04-18 11:38:35,25.0,22.308892355694226,160.89785767949965
2026-04-18 11:38:50,25.0,22.46489859594384,160.97534701916828
2026-04-18 11:39:05,25.0,22.325581395348838,161.05283635883688
2026-04-18 11:39:20,25.0,22.325581395348838,161.13032569850552
2026-04-18 11:39:35,25.0,22.325581395348838,161.20781503817412
2026-04-18 11:39:50,25.0,22.325581395348838,161.28530437784275
2026-04-18 11:40:05,25.0,22.325581395348838,161.36279371751135
2026-04-18 11:40:20,25.0,22.325581395348838,161.44028305717998
2026-04-18 11:40:35,25.0,22.325581395348838,161.51777239684859
2026-04-18 11:40:50,25.0,22.325581395348838,161.59526173651722
2026-04-18 11:41:05,25.0,22.325581395348838,161.67275107618582
2026-04-18 11:41:20,25.0,22.325581395348838,161.75024041585445
2026-04-18 11:41:35,25.0,22.325581395348838,161.82772975552305
2026-04-18 11:41:50,25.0,22.325581395348838,161.90521909519168
2026-04-18 11:42:05,25.0,22.325581395348838,161.98270843486029
2026-04-18 11:42:20,25.0,22.18798151001541,162.0601977745289
2026-04-18 11:42:35,25.0,22.18798151001541,162.13768711419752
2026-04-18 11:42:50,25.0,22.18798151001541,162.21517645386615
2026-04-18 11:43:05,25.0,22.18798151001541,162.29266579353475
2026-04-18 11:43:20,25.0,22.18798151001541,162.37015513320335
2026-04-18 11:43:35,25.0,22.18798151001541,162.44764447287199
2026-04-18 11:43:50,25.0,22.18798151001541,162.5251338125406
2026-04-18 11:44:05,25.0,22.18798151001541,162.60262315220922
2026-04-18 11:44:20,25.0,22.18798151001541,162.68011249187782
2026-04-18 11:44:35,25.0,22.18798151001541,162.75760183154645
2026-04-18 11:44:50,25.0,22.18798151001541,162.83509117121505
2026-04-18 11:45:05,25.0,22.18798151001541,162.91258051088369
2026-04-18 11:45:20,25.0,22.18798151001541,162.9900698505523
2026-04-18 11:45:35,25.0,22.052067381317,163.06755919022092
2026-04-18 11:45:50,25.0,22.052067381317,163.14504852988952
2026-04-18 11:46:05,25.0,22.052067381317,163.22253786955815
2026-04-18 11:46:20,25.0,22.052067381317,163.30002720922676
2026-04-18 11:46:35,25.0,22.052067381317,163.37751654889536
2026-04-18 11:46:50,25.0,22.052067381317,163.455005888564
2026-04-18 11:47:05,25.0,22.052067381317,163.53249522823262
2026-04-18 11:47:20,25.0,22.052067381317,163.60998456790122
2026-04-18 11:47:35,25.0,22.052067381317,163.68747390756982
2026-04-18 11:47:50,25.0,22.052067381317,163.76496324723846
2026-04-18 11:48:05,25.0,22.052067381317,163.8424525869071
2026-04-18 11:48:20,25.0,22.052067381317,163.9199419265757
2026-04-18 11:48:35,25.0,22.052067381317,163.9974312662443
2026-04-18 11:48:50,25.0,22.07001522070015,164.07492060591292
2026-04-18 11:49:05,25.0,22.22222222222222,164.15240994558152
2026-04-18 11:49:20,25.0,22.37442922374429,164.22989928525016
2026-04-18 11:49:35,25.0,22.526636225266362,164.30738862491876
2026-04-18 11:49:50,25.0,22.67884322678843,164.3848779645874
2026-04-18 11:50:05,25.0,22.831050228310502,164.462367304256
2026-04-18 11:50:20,25.0,22.98325722983257,164.53985664392462
2026-04-18 11:50:35,25.0,23.13546423135464,164.61734598359322
2026-04-18 11:50:50,25.0,23.28767123287671,164.69483532326183
2026-04-18 11:51:05,25.0,23.43987823439878,164.77232466293046
2026-04-18 11:51:20,25.0,23.59208523592085,164.8498140025991
2026-04-18 11:51:35,25.0,23.74429223744292,164.9273033422677
2026-04-18 11:51:50,25.0,24.05446293494705,165.0047926819363
2026-04-18 11:52:05,25.0,24.205748865355524,165.08228202160493
2026-04-18 11:52:20,12.5,24.357034795763994,165.15977136127356
2026-04-18 11:52:35,12.5,24.508320726172467,165.23726070094216
2026-04-18 11:52:50,12.5,24.659606656580937,165.31475004061076
2026-04-18 11:53:05,12.5,24.81089258698941,165.3922393802794
2026-04-18 11:53:20,12.5,24.96217851739788,165.469728719948
2026-04-18 11:53:35,12.5,25.113464447806354,165.54721805961663
2026-04-18 11:53:50,12.5,25.264750378214828,165.62470739928523
2026-04-18 11:54:05,12.5,25.416036308623298,165.70219673895386
2026-04-18 11:54:20,12.5,25.56732223903177,165.77968607862246
2026-04-18 11:54:35,12.5,25.718608169440245,165.8571754182911
2026-04-18 11:54:50,12.5,25.86989409984871,165.9346647579597
2026-04-18 11:55:05,12.5,26.165413533834585,166.0121540976283
2026-04-18 11:55:20,12.5,26.31578947368421,166.08964343729693
2026-04-18 11:55:35,12.5,26.466165413533833,166.16713277696556
2026-04-18 11:55:50,12.5,26.61654135338346,166.24462211663416
2026-04-18 11:56:05,12.5,26.766917293233085,166.32211145630276
2026-04-18 11:56:20,12.5,26.917293233082706,166.3996007959714
2026-04-18 11:56:35,12.5,27.06766917293233,166.47709013564003
2026-04-18 11:56:50,12.5,27.21804511278195,166.55457947530863
2026-04-18 11:57:05,12.5,27.368421052631582,166.63206881497723
2026-04-18 11:57:20,12.5,27.518796992481203,166.70955815464586
2026-04-18 11:57:35,12.5,27.669172932330827,166.78704749431446
2026-04-18 11:57:50,12.5,27.819548872180448,166.8645368339831
2026-04-18 11:58:05,12.5,27.969924812030072,166.9420261736517
2026-04-18 11:58:20,12.5,28.251121076233183,167.01951551332033
2026-04-18 11:58:35,12.5,28.400597907324364,167.09700485298893
2026-04-18 11:58:50,12.5,28.550074738415542,167.17449419265756
2026-04-18 11:59:05,12.5,28.699551569506728,167.25198353232616
2026-04-18 11:59:20,12.5,28.84902840059791,167.3294728719948
2026-04-18 11:59:35,12.5,28.998505231689087,167.4069622116634
2026-04-18 11:59:50,12.5,29.14798206278027,167.48445155133203
2026-04-18 12:00:05,12.5,29.297458893871447,167.4712611359594
2026-04-18 12:00:20,12.5,29.446935724962632,167.2767112105043
2026-04-18 12:00:35,12.5,29.596412556053814,167.08216128504915
2026-04-18 12:00:50,12.5,29.624060150375943,166.88761135959405
2026-04-18 12:01:05,12.5,29.774436090225564,166.69306143413894
2026-04-18 12:01:20,12.5,29.924812030075188,166.4985115086838
2026-04-18 12:01:35,12.5,30.075187969924812,166.3039615832287
2026-04-18 12:01:50,12.5,30.22556390977444,166.1094116577736
2026-04-18 12:02:05,12.5,30.257186081694403,165.91486173231846
2026-04-18 12:02:20,12.5,30.408472012102873,165.72031180686335
2026-04-18 12:02:35,12.5,30.559757942511347,165.52576188140824
2026-04-18 12:02:50,12.5,30.71104387291982,165.3312119559531
2026-04-18 12:03:05,12.5,30.862329803328294,165.136662030498
2026-04-18 12:03:20,12.5,30.898021308980212,164.9421121050429
2026-04-18 12:03:35,12.5,31.05022831050228,164.74756217958776
2026-04-18 12:03:50,12.5,31.202435312024352,164.55301225413265
2026-04-18 12:04:05,12.5,31.35464231354642,164.35846232867755
2026-04-18 12:04:20,12.5,31.506849315068493,164.1639124032224
2026-04-18 12:04:35,12.5,31.546707503828486,163.9693624777673
2026-04-18 12:04:50,12.5,31.699846860643184,163.7748125523122
2026-04-18 12:05:05,12.5,31.852986217457886,163.58026262685706
2026-04-18 12:05:20,12.5,32.00612557427259,163.38571270140196
2026-04-18 12:05:35,12.5,32.159264931087286,163.19116277594685
2026-04-18 12:05:50,12.5,32.20338983050847,162.99661285049172
2026-04-18 12:06:05,12.5,32.357473035439135,162.8020629250366
2026-04-18 12:06:20,12.5,32.5115562403698,162.6075129995815
2026-04-18 12:06:35,12.5,32.66563944530046,162.41296307412637
2026-04-18 12:06:50,12.5,32.81972265023113,162.21841314867126
2026-04-18 12:07:05,12.5,32.973805855161785,162.02386322321615
2026-04-18 12:07:20,12.5,33.02325581395349,161.82931329776102
2026-04-18 12:07:35,12.5,33.17829457364341,161.6347633723059
2026-04-18 12:07:50,12.5,33.33333333333333,161.4402134468508
2026-04-18 12:08:05,12.5,33.48837209302326,161.24566352139567
2026-04-18 12:08:20,12.5,33.64341085271318,161.05111359594056
2026-04-18 12:08:35,12.5,33.697347893915754,160.85656367048546
2026-04-18 12:08:50,12.5,33.853354134165365,160.66201374503032
2026-04-18 12:09:05,12.5,34.009360374414975,160.46746381957522
2026-04-18 12:09:20,12.5,34.16536661466459,160.2729138941201
2026-04-18 12:09:35,12.5,34.321372854914195,160.07836396866497
2026-04-18 12:09:50,12.5,34.37990580847723,159.88381404320987
2026-04-18 12:10:05,12.5,34.53689167974882,159.68926411775476
2026-04-18 12:10:20,12.5,34.69387755102041,159.49471419229963
2026-04-18 12:10:35,12.5,34.850863422291994,159.30016426684452
2026-04-18 12:10:50,12.5,35.00784929356358,159.1056143413894
2026-04-18 12:11:05,12.5,35.07109004739337,158.91106441593428
2026-04-18 12:11:20,12.5,35.229067930489734,158.71651449047917
2026-04-18 12:11:35,12.5,35.3870458135861,158.52196456502406
2026-04-18 12:11:50,12.5,35.54502369668246,158.32741463956893
2026-04-18 12:12:05,12.5,35.70300157977883,158.13286471411382
2026-04-18 12:12:20,12.5,35.77106518282989,157.93831478865872
2026-04-18 12:12:35,12.5,35.930047694753576,157.74376486320358
2026-04-18 12:12:50,12.5,36.089030206677265,157.54921493774847
2026-04-18 12:13:05,12.5,36.248012718600954,157.35466501229337
2026-04-18 12:13:20,12.5,36.40699523052464,157.16011508683823
2026-04-18 12:13:35,12.5,36.480000000000004,156.96556516138313
2026-04-18 12:13:50,12.5,36.64,156.77101523592802
2026-04-18 12:14:05,12.5,36.8,156.57646531047288
2026-04-18 12:14:20,12.5,36.96,156.38191538501778
2026-04-18 12:14:35,12.5,37.12,156.18736545956267
2026-04-18 12:14:50,12.5,37.19806763285024,155.99281553410754
2026-04-18 12:15:05,12.5,37.35909822866345,155.79826560865243
2026-04-18 12:15:20,12.5,37.52012882447665,155.60371568319732
2026-04-18 12:15:35,12.5,37.68115942028986,155.4091657577422
2026-04-18 12:15:50,12.5,37.84219001610306,155.21461583228708
2026-04-18 12:16:05,12.5,38.00322061191627,155.02006590683197
2026-04-18 12:16:20,12.5,38.087520259319284,154.82551598137684
2026-04-18 12:16:35,12.5,38.249594813614266,154.63096605592173
2026-04-18 12:16:50,12.5,38.41166936790924,154.43641613046663
2026-04-18 12:17:05,12.5,38.573743922204216,154.2418662050115
2026-04-18 12:17:20,12.5,38.73581847649919,154.04731627955638
2026-04-18 12:17:35,12.5,38.825448613376835,153.85276635410128
2026-04-18 12:17:50,12.5,38.988580750407834,153.65821642864614
2026-04-18 12:18:05,12.5,39.151712887438826,153.46366650319104
2026-04-18 12:18:20,12.5,39.31484502446982,153.26911657773593
2026-04-18 12:18:35,12.5,39.47797716150082,153.0745666522808
2026-04-18 12:18:50,12.5,39.57307060755337,152.8800167268257
2026-04-18 12:19:05,12.5,39.737274220032845,152.68546680137058
2026-04-18 12:19:20,12.5,39.90147783251231,152.49091687591545
2026-04-18 12:19:35,12.5,40.06568144499179,152.29636695046034
2026-04-18 12:19:50,12.5,40.229885057471265,152.10181702500523
2026-04-18 12:20:05,12.5,40.33057851239669,151.9072670995501
2026-04-18 12:20:20,12.5,40.49586776859504,151.712717174095
2026-04-18 12:20:35,12.5,40.66115702479339,151.51816724863988
2026-04-18 12:20:50,12.5,40.82644628099173,151.32361732318475
2026-04-18 12:21:05,12.5,40.99173553719008,151.12906739772964
2026-04-18 12:21:20,12.5,41.098169717138106,150.93451747227454
2026-04-18 12:21:35,12.5,41.26455906821963,150.7399675468194
2026-04-18 12:21:50,12.5,41.43094841930117,150.5454176213643
2026-04-18 12:22:05,12.5,41.597337770382694,150.3508676959092
2026-04-18 12:22:20,12.5,41.76372712146423,150.15631777045405
2026-04-18 12:22:35,12.5,41.87604690117253,149.96176784499895
2026-04-18 12:22:50,12.5,42.04355108877722,149.76721791954384
2026-04-18 12:23:05,12.5,42.211055276381906,149.5726679940887
2026-04-18 12:23:20,12.5,42.3785594639866,149.3781180686336
2026-04-18 12:23:35,12.5,42.54606365159129,149.1835681431785
2026-04-18 12:23:50,12.5,42.66441821247892,148.98901821772336
2026-04-18 12:24:05,12.5,42.83305227655986,148.79446829226825
2026-04-18 12:24:20,12.5,43.00168634064081,148.59991836681314
2026-04-18 12:24:35,12.5,43.17032040472175,148.405368441358
2026-04-18 12:24:50,12.5,43.3389544688027,148.2108185159029
2026-04-18 12:25:05,12.5,43.50758853288364,148.0162685904478
2026-04-18 12:25:20,12.5,43.463497453310694,147.82171866499266
2026-04-18 12:25:35,12.5,43.463497453310694,147.62716873953755
2026-04-18 12:25:50,12.5,43.463497453310694,147.43261881408245
2026-04-18 12:26:05,12.5,43.463497453310694,147.2380688886273
2026-04-18 12:26:20,12.5,43.463497453310694,147.0435189631722
2026-04-18 12:26:35,12.5,43.07692307692308,146.8489690377171
2026-04-18 12:26:50,12.5,43.07692307692308,146.65441911226196
2026-04-18 12:27:05,12.5,43.07692307692308,146.45986918680686
2026-04-18 12:27:20,12.5,43.07692307692308,146.26531926135175
2026-04-18 12:27:35,12.5,43.07692307692308,146.0707693358966
2026-04-18 12:27:50,12.5,42.68502581755594,145.8762194104415
2026-04-18 12:28:05,12.5,42.68502581755594,145.6816694849864
2026-04-18 12:28:20,12.5,42.68502581755594,145.48711955953127
2026-04-18 12:28:35,12.5,42.68502581755594,145.29256963407616
2026-04-18 12:28:50,12.5,42.68502581755594,145.09801970862105
2026-04-18 12:29:05,12.5,42.287694974003465,144.90346978316592
2026-04-18 12:29:20,12.5,42.287694974003465,144.7089198577108
2026-04-18 12:29:35,12.5,42.287694974003465,144.5143699322557
2026-04-18 12:29:50,12.5,42.287694974003465,144.31982000680057
2026-04-18 12:30:05,12.5,42.287694974003465,144.12527008134546
2026-04-18 12:30:20,12.5,41.8848167539267,143.93072015589036
2026-04-18 12:30:35,12.5,41.8848167539267,143.73617023043522
2026-04-18 12:30:50,12.5,41.8848167539267,143.5416203049801
2026-04-18 12:31:05,12.5,41.8848167539267,143.347070379525
2026-04-18 12:31:20,12.5,41.8848167539267,143.15252045406987
2026-04-18 12:31:35,12.5,42.00351493848858,142.95797052861477
2026-04-18 12:31:50,12.5,42.1792618629174,142.76342060315966
2026-04-18 12:32:05,12.5,42.35500878734622,142.56887067770452
2026-04-18 12:32:20,12.5,42.53075571177504,142.37432075224942
2026-04-18 12:32:35,12.5,42.70650263620387,142.1797708267943
2026-04-18 12:32:50,12.5,42.83185840707965,141.98522090133918
2026-04-18 12:33:05,12.5,43.00884955752212,141.79067097588407
2026-04-18 12:33:20,25.0,43.1858407079646,141.59612105042896
2026-04-18 12:33:35,25.0,43.36283185840708,141.40157112497383
2026-04-18 12:33:50,25.0,43.53982300884956,141.20702119951872
2026-04-18 12:34:05,25.0,43.716814159292035,141.0124712740636
2026-04-18 12:34:20,25.0,43.85026737967914,140.81792134860848
2026-04-18 12:34:35,25.0,44.02852049910874,140.62337142315337
2026-04-18 12:34:50,25.0,44.20677361853833,140.42882149769827
2026-04-18 12:35:05,25.0,44.38502673796791,140.23427157224313
2026-04-18 12:35:20,25.0,44.563279857397504,140.03972164678802
2026-04-18 12:35:35,25.0,44.703770197486534,139.84517172133292
2026-04-18 12:35:50,25.0,44.88330341113106,139.65062179587778
2026-04-18 12:36:05,25.0,45.062836624775585,139.45607187042268
2026-04-18 12:36:20,25.0,45.24236983842011,139.26152194496757
2026-04-18 12:36:35,25.0,45.421903052064636,139.06697201951243
2026-04-18 12:36:50,25.0,45.56962025316456,138.87242209405733
2026-04-18 12:37:05,25.0,45.750452079566,138.67787216860222
2026-04-18 12:37:20,25.0,45.931283905967454,138.4833222431471
2026-04-18 12:37:35,25.0,46.1121157323689,138.28877231769198
2026-04-18 12:37:50,25.0,46.292947558770344,138.09422239223687
2026-04-18 12:38:05,25.0,46.44808743169399,137.89967246678174
2026-04-18 12:38:20,25.0,46.63023679417122,137.70512254132663
2026-04-18 12:38:35,25.0,46.81238615664845,137.51057261587152
2026-04-18 12:38:50,25.0,46.994535519125684,137.3160226904164
2026-04-18 12:39:05,25.0,47.17668488160292,137.12147276496128
2026-04-18 12:39:20,25.0,47.33944954128441,136.92692283950618
2026-04-18 12:39:35,25.0,47.522935779816514,136.73237291405104
2026-04-18 12:39:50,25.0,47.706422018348626,136.53782298859593
2026-04-18 12:40:05,37.5,47.88990825688074,136.34327306314083
2026-04-18 12:40:20,37.5,48.07339449541285,136.1487231376857
2026-04-18 12:40:35,37.5,48.24399260628466,135.9541732122306
2026-04-18 12:40:50,37.5,48.428835489833645,135.75962328677548
2026-04-18 12:41:05,37.5,48.613678373382626,135.56507336132034
2026-04-18 12:41:20,37.5,48.79852125693161,135.37052343586524
2026-04-18 12:41:35,37.5,48.98336414048059,135.17597351041013
2026-04-18 12:41:50,37.5,49.162011173184354,134.981423584955
2026-04-18 12:42:05,37.5,49.34823091247672,134.7868736594999
2026-04-18 12:42:20,37.5,49.534450651769085,134.59232373404478
2026-04-18 12:42:35,37.5,49.72067039106145,134.39777380858965
2026-04-18 12:42:50,37.5,49.906890130353815,134.20322388313454
2026-04-18 12:43:05,37.5,50.09310986964618,134.00867395767943
2026-04-18 12:43:20,37.5,50.28142589118198,133.8141240322243
2026-04-18 12:43:35,37.5,50.469043151969984,133.6195741067692
2026-04-18 12:43:50,37.5,50.65666041275797,133.4250241813141
2026-04-18 12:44:05,37.5,50.84427767354597,133.23047425585895
2026-04-18 12:44:20,37.5,51.031894934333955,133.03592433040384
2026-04-18 12:44:35,37.5,51.22873345935728,132.84137440494874
2026-04-18 12:44:50,50.0,51.417769376181475,132.6468244794936
2026-04-18 12:45:05,50.0,51.60680529300568,132.4522745540385
2026-04-18 12:45:20,50.0,51.79584120982986,132.2577246285834
2026-04-18 12:45:35,50.0,51.98487712665406,132.06317470312825
2026-04-18 12:45:50,50.0,52.19047619047619,131.86862477767315
2026-04-18 12:46:05,50.0,52.38095238095239,131.67407485221804
2026-04-18 12:46:20,50.0,52.57142857142857,131.4795249267629
2026-04-18 12:46:35,50.0,52.761904761904766,131.2849750013078
2026-04-18 12:46:50,50.0,52.95238095238095,131.0904250758527
2026-04-18 12:47:05,50.0,53.16698656429942,130.89587515039756
2026-04-18 12:47:20,50.0,53.35892514395394,130.70132522494245
2026-04-18 12:47:35,50.0,53.550863723608444,130.50677529948734
2026-04-18 12:47:50,50.0,53.74280230326296,130.3122253740322
2026-04-18 12:48:05,50.0,53.93474088291747,130.1176754485771
2026-04-18 12:48:20,50.0,54.15860735009671,129.923125523122
2026-04-18 12:48:35,50.0,54.35203094777563,129.72857559766686
2026-04-18 12:48:50,50.0,54.54545454545454,129.53402567221175
2026-04-18 12:49:05,50.0,54.73887814313346,129.33947574675665
2026-04-18 12:49:20,50.0,54.932301740812385,129.1449258213015
2026-04-18 12:49:35,50.0,55.165692007797276,128.9503758958464
2026-04-18 12:49:50,50.0,55.36062378167641,128.7558259703913
2026-04-18 12:50:05,50.0,55.55555555555556,128.56127604493616
2026-04-18 12:50:20,50.0,55.7504873294347,128.36672611948106
2026-04-18 12:50:35,62.5,55.945419103313846,128.17217619402595
2026-04-18 12:50:50,62.5,56.188605108055015,127.97762626857082
2026-04-18 12:51:05,62.5,56.385068762278976,127.78307634311571
2026-04-18 12:51:20,62.5,56.581532416502945,127.58852641766059
2026-04-18 12:51:35,62.5,56.777996070726914,127.39397649220547
2026-04-18 12:51:50,62.5,56.97445972495089,127.19942656675036
2026-04-18 12:52:05,50.0,57.17092337917485,127.00487664129524
2026-04-18 12:52:20,50.0,57.42574257425742,126.81032671584012
2026-04-18 12:52:35,62.5,57.62376237623762,126.61577679038501
2026-04-18 12:52:50,62.5,57.821782178217816,126.42122686492989
2026-04-18 12:53:05,62.5,58.01980198019802,126.22667693947477
2026-04-18 12:53:20,62.5,58.01980198019802,126.03212701401966
2026-04-18 12:53:35,62.5,58.48303393213573,125.83757708856454
2026-04-18 12:53:50,62.5,58.48303393213573,125.64302716310942
2026-04-18 12:54:05,62.5,58.48303393213573,125.44847723765432
2026-04-18 12:54:20,62.5,58.48303393213573,125.2539273121992
2026-04-18 12:54:35,62.5,58.48303393213573,125.05937738674407
2026-04-18 12:54:50,62.5,58.95372233400402,124.86482746128897
2026-04-18 12:55:05,62.5,58.95372233400402,124.67027753583385
2026-04-18 12:55:20,62.5,58.95372233400402,124.47572761037873
2026-04-18 12:55:35,62.5,58.95372233400402,124.28117768492362
2026-04-18 12:55:50,62.5,58.95372233400402,124.0866277594685
2026-04-18 12:56:05,62.5,59.43204868154158,123.89207783401338
2026-04-18 12:56:20,62.5,59.43204868154158,123.69752790855827
2026-04-18 12:56:35,62.5,59.43204868154158,123.50297798310315
2026-04-18 12:56:50,62.5,59.43204868154158,123.30842805764803
2026-04-18 12:57:05,62.5,59.43204868154158,123.11387813219292
2026-04-18 12:57:20,62.5,59.918200408997954,122.9193282067378
2026-04-18 12:57:35,62.5,59.918200408997954,122.72477828128268
2026-04-18 12:57:50,62.5,59.918200408997954,122.53022835582757
2026-04-18 12:58:05,62.5,59.918200408997954,122.33567843037245
2026-04-18 12:58:20,62.5,59.918200408997954,122.14112850491733
2026-04-18 12:58:35,62.5,60.41237113402062,121.94657857946223
2026-04-18 12:58:50,62.5,60.41237113402062,121.7520286540071
2026-04-18 12:59:05,62.5,60.618556701030926,121.55747872855198
2026-04-18 12:59:20,62.5,60.824742268041234,121.36292880309688
2026-04-18 12:59:35,62.5,61.03092783505155,121.16837887764176
2026-04-18 12:59:50,62.5,61.33056133056133,120.97382895218664
2026-04-18 13:00:05,62.5,61.53846153846154,120.77927902673153
2026-04-18 13:00:20,62.5,61.74636174636174,120.58472910127641
2026-04-18 13:00:35,62.5,61.95426195426196,120.39017917582129
2026-04-18 13:00:50,62.5,62.16216216216216,120.19562925036618
2026-04-18 13:01:05,62.5,62.37006237006237,120.00107932491106
2026-04-18 13:01:20,62.5,62.68343815513627,119.80652939945594
2026-04-18 13:01:35,62.5,62.893081761006286,119.61197947400083
2026-04-18 13:01:50,62.5,63.102725366876314,119.41742954854571
2026-04-18 13:02:05,62.5,63.312368972746334,119.22287962309059
2026-04-18 13:02:20,62.5,63.52201257861635,119.02832969763548
2026-04-18 13:02:35,62.5,63.8477801268499,118.83377977218036
2026-04-18 13:02:50,62.5,64.05919661733616,118.63922984672524
2026-04-18 13:03:05,62.5,64.2706131078224,118.44467992127014
2026-04-18 13:03:20,62.5,64.48202959830867,118.25012999581502
2026-04-18 13:03:35,62.5,64.69344608879493,118.0555800703599
2026-04-18 13:03:50,62.5,65.0319829424307,117.86103014490479
2026-04-18 13:04:05,62.5,65.2452025586354,117.66648021944967
2026-04-18 13:04:20,62.5,65.45842217484008,117.47193029399455
2026-04-18 13:04:35,62.5,65.67164179104478,117.27738036853944
2026-04-18 13:04:50,62.5,65.88486140724946,117.08283044308432
2026-04-18 13:05:05,62.5,66.23655913978494,116.8882805176292
2026-04-18 13:05:20,62.5,66.45161290322581,116.69373059217409
2026-04-18 13:05:35,62.5,66.66666666666666,116.49918066671897
2026-04-18 13:05:50,62.5,66.88172043010752,116.30463074126385
2026-04-18 13:06:05,62.5,67.0967741935484,116.11008081580874
2026-04-18 13:06:20,50.0,67.46203904555314,115.91553089035362
2026-04-18 13:06:35,50.0,67.67895878524945,115.7209809648985
2026-04-18 13:06:50,50.0,67.89587852494577,115.5264310394434
2026-04-18 13:07:05,50.0,67.89587852494577,115.33188111398827
2026-04-18 13:07:20,50.0,67.89587852494577,115.13733118853315
2026-04-18 13:07:35,50.0,68.49015317286651,114.94278126307805
2026-04-18 13:07:50,50.0,68.49015317286651,114.74823133762293
2026-04-18 13:08:05,50.0,68.7089715536105,114.5536814121678
2026-04-18 13:08:20,50.0,68.9277899343545,114.3591314867127
2026-04-18 13:08:35,50.0,69.14660831509846,114.16458156125758
2026-04-18 13:08:50,50.0,69.5364238410596,113.97003163580246
2026-04-18 13:09:05,50.0,69.75717439293598,113.77548171034735
2026-04-18 13:09:20,50.0,69.97792494481236,113.58093178489223
2026-04-18 13:09:35,50.0,70.19867549668875,113.38638185943711
2026-04-18 13:09:50,50.0,70.41942604856513,113.191831933982
2026-04-18 13:10:05,50.0,70.8240534521158,112.99728200852688
2026-04-18 13:10:20,50.0,71.0467706013363,112.80273208307176
2026-04-18 13:10:35,50.0,71.26948775055679,112.60818215761665
2026-04-18 13:10:50,50.0,71.49220489977728,112.41363223216153
2026-04-18 13:11:05,50.0,71.71492204899778,112.21908230670641
2026-04-18 13:11:20,50.0,71.93763919821826,112.0245323812513
2026-04-18 13:11:35,50.0,72.35955056179775,111.82998245579618
2026-04-18 13:11:50,50.0,72.58426966292136,111.63543253034106
2026-04-18 13:12:05,50.0,72.80898876404494,111.44088260488596
2026-04-18 13:12:20,50.0,73.03370786516854,111.24633267943084
2026-04-18 13:12:35,50.0,73.25842696629213,111.05178275397571
2026-04-18 13:12:50,50.0,73.69614512471655,110.85723282852061
2026-04-18 13:13:05,50.0,73.92290249433107,110.66268290306549
2026-04-18 13:13:20,50.0,74.14965986394559,110.46813297761037
2026-04-18 13:13:35,50.0,74.37641723356009,110.27358305215526
2026-04-18 13:13:50,50.0,74.60317460317461,110.07903312670014
2026-04-18 13:14:05,50.0,75.05720823798627,109.88448320124502
2026-04-18 13:14:20,50.0,75.28604118993135,109.68993327578991
2026-04-18 13:14:35,37.5,75.51487414187643,109.49538335033479
2026-04-18 13:14:50,37.5,75.74370709382151,109.30083342487967
2026-04-18 13:15:05,37.5,75.97254004576659,109.10628349942456
2026-04-18 13:15:20,50.0,76.44341801385681,108.91173357396944
2026-04-18 13:15:35,50.0,76.6743648960739,108.71718364851432
2026-04-18 13:15:50,50.0,76.905311778291,108.52263372305922
2026-04-18 13:16:05,50.0,77.13625866050808,108.3280837976041
2026-04-18 13:16:20,50.0,77.36720554272517,108.13353387214897
2026-04-18 13:16:35,50.0,77.85547785547784,107.93898394669387
2026-04-18 13:16:50,50.0,78.08857808857809,107.74443402123875
2026-04-18 13:17:05,50.0,78.32167832167832,107.54988409578363
2026-04-18 13:17:20,50.0,78.55477855477857,107.35533417032852
2026-04-18 13:17:35,50.0,78.78787878787878,107.1607842448734
2026-04-18 13:17:50,50.0,79.29411764705883,106.96623431941828
2026-04-18 13:18:05,50.0,79.52941176470588,106.77168439396317
2026-04-18 13:18:20,50.0,79.76470588235294,106.57713446850805
2026-04-18 13:18:35,50.0,80.0,106.38258454305293
2026-04-18 13:18:50,50.0,80.23529411764706,106.18803461759782
2026-04-18 13:19:05,50.0,80.76009501187649,105.9934846921427
2026-04-18 13:19:20,50.0,80.9976247030879,105.79893476668758
2026-04-18 13:19:35,50.0,81.23515439429929,105.60438484123247
2026-04-18 13:19:50,50.0,81.47268408551069,105.40983491577735
2026-04-18 13:20:05,50.0,81.71021377672209,105.21528499032223
2026-04-18 13:20:20,50.0,81.94774346793349,105.02073506486713
2026-04-18 13:20:35,50.0,82.49400479616307,104.826185139412
2026-04-18 13:20:50,50.0,82.73381294964028,104.63163521395688
2026-04-18 13:21:05,50.0,82.9736211031175,104.43708528850178
2026-04-18 13:21:20,50.0,83.21342925659472,104.24253536304666
2026-04-18 13:21:35,50.0,83.45323741007195,104.04798543759154
2026-04-18 13:21:50,50.0,83.7772397094431,103.85343551213643
2026-04-18 13:22:05,50.0,83.7772397094431,103.65888558668131
2026-04-18 13:22:20,50.0,83.7772397094431,103.46433566122619
2026-04-18 13:22:35,50.0,83.7772397094431,103.26978573577108
2026-04-18 13:22:50,50.0,83.7772397094431,103.07523581031596
2026-04-18 13:23:05,50.0,83.61858190709046,102.88068588486084
2026-04-18 13:23:20,50.0,83.61858190709046,102.68613595940573
2026-04-18 13:23:35,50.0,83.61858190709046,102.49158603395061
2026-04-18 13:23:50,50.0,83.61858190709046,102.29703610849549
2026-04-18 13:24:05,50.0,83.61858190709046,102.10248618304038
2026-04-18 13:24:20,50.0,83.4567901234568,101.90793625758526
2026-04-18 13:24:35,50.0,83.4567901234568,101.71338633213014
2026-04-18 13:24:50,50.0,83.4567901234568,101.51883640667504
2026-04-18 13:25:05,50.0,83.4567901234568,101.32428648121991
2026-04-18 13:25:20,50.0,83.4567901234568,101.1297365557648
2026-04-18 13:25:35,50.0,83.29177057356608,100.93518663030969
2026-04-18 13:25:50,50.0,83.29177057356608,100.74063670485457
2026-04-18 13:26:05,50.0,83.29177057356608,100.54608677939945
2026-04-18 13:26:20,50.0,83.29177057356608,100.35153685394434
2026-04-18 13:26:35,50.0,83.29177057356608,100.15698692848922
2026-04-18 13:26:50,50.0,83.12342569269522,99.9624370030341
2026-04-18 13:27:05,50.0,83.12342569269522,99.76788707757899
2026-04-18 13:27:20,50.0,83.12342569269522,99.57333715212387
2026-04-18 13:27:35,50.0,83.12342569269522,99.37878722666875
2026-04-18 13:27:50,50.0,83.12342569269522,99.18423730121364
2026-04-18 13:28:05,50.0,82.95165394402035,98.98968737575852
2026-04-18 13:28:20,50.0,82.95165394402035,98.7951374503034
2026-04-18 13:28:35,50.0,82.95165394402035,98.6005875248483
2026-04-18 13:28:50,50.0,82.95165394402035,98.40603759939317
2026-04-18 13:29:05,50.0,82.95165394402035,98.21148767393805
2026-04-18 13:29:20,50.0,82.95165394402035,98.01693774848295
2026-04-18 13:29:35,50.0,82.77634961439588,97.82238782302782
2026-04-18 13:29:50,50.0,82.77634961439588,97.6278378975727
2026-04-18 13:30:05,50.0,82.77634961439588,97.4332879721176
2026-04-18 13:30:20,50.0,82.77634961439588,97.23873804666248
2026-04-18 13:30:35,50.0,82.77634961439588,97.04418812120736
2026-04-18 13:30:50,50.0,82.5974025974026,96.84963819575225
2026-04-18 13:31:05,50.0,82.5974025974026,96.65508827029713
2026-04-18 13:31:20,50.0,82.5974025974026,96.460538344842
2026-04-18 13:31:35,50.0,82.33766233766234,96.2659884193869
2026-04-18 13:31:50,50.0,82.33766233766234,96.07143849393178
2026-04-18 13:32:05,50.0,82.1522309711286,95.87688856847666
2026-04-18 13:32:20,50.0,82.1522309711286,95.68233864302155
2026-04-18 13:32:35,50.0,81.88976377952756,95.48778871756643
2026-04-18 13:32:50,50.0,81.88976377952756,95.29323879211131
2026-04-18 13:33:05,50.0,81.88976377952756,95.0986888666562
2026-04-18 13:33:20,50.0,81.6976127320955,94.90413894120108
2026-04-18 13:33:35,62.5,81.6976127320955,94.70958901574596
2026-04-18 13:33:50,50.0,81.6976127320955,94.51503909029086
2026-04-18 13:34:05,62.5,81.6976127320955,94.32048916483573
2026-04-18 13:34:20,62.5,81.6976127320955,94.12593923938061
2026-04-18 13:34:35,62.5,81.50134048257372,93.93138931392551
2026-04-18 13:34:50,62.5,81.50134048257372,93.73683938847039
2026-04-18 13:35:05,62.5,81.50134048257372,93.54228946301527
2026-04-18 13:35:20,62.5,81.50134048257372,93.34773953756016
2026-04-18 13:35:35,62.5,81.50134048257372,93.15318961210504
2026-04-18 13:35:50,62.5,81.30081300813008,92.95863968664992
2026-04-18 13:36:05,62.5,81.30081300813008,92.76408976119481
2026-04-18 13:36:20,62.5,81.30081300813008,92.56953983573969
2026-04-18 13:36:35,62.5,81.30081300813008,92.37498991028457
2026-04-18 13:36:50,62.5,81.30081300813008,92.18043998482946
2026-04-18 13:37:05,62.5,81.36986301369863,91.98589005937434
2026-04-18 13:37:20,62.5,81.64383561643835,91.79134013391922
2026-04-18 13:37:35,62.5,81.91780821917808,91.59679020846411
2026-04-18 13:37:50,62.5,82.1917808219178,91.402240283009
2026-04-18 13:38:05,62.5,82.46575342465754,91.20769035755387
2026-04-18 13:38:20,62.5,82.46575342465754,91.01314043209877
2026-04-18 13:38:35,62.5,82.27146814404432,90.81859050664364
2026-04-18 13:38:50,62.5,82.27146814404432,90.62404058118852
2026-04-18 13:39:05,62.5,82.27146814404432,90.42949065573342
2026-04-18 13:39:20,62.5,82.27146814404432,90.2349407302783
2026-04-18 13:39:35,62.5,82.27146814404432,90.04039080482318
2026-04-18 13:39:50,62.5,82.07282913165265,89.84584087936807
2026-04-18 13:40:05,62.5,82.07282913165265,89.65129095391295
2026-04-18 13:40:20,62.5,82.07282913165265,89.45674102845783
2026-04-18 13:40:35,62.5,82.07282913165265,89.26219110300272
2026-04-18 13:40:50,62.5,82.07282913165265,89.0676411775476
2026-04-18 13:41:05,62.5,81.86968838526913,88.87309125209248
2026-04-18 13:41:20,62.5,81.86968838526913,88.67854132663737
2026-04-18 13:41:35,62.5,81.86968838526913,88.48399140118225
2026-04-18 13:41:50,62.5,81.86968838526913,88.28944147572713
2026-04-18 13:42:05,62.5,81.86968838526913,88.09489155027202
2026-04-18 13:42:20,62.5,81.66189111747852,87.9003416248169
2026-04-18 13:42:35,62.5,81.66189111747852,87.70579169936178
2026-04-18 13:42:50,62.5,81.9484240687679,87.51124177390668
2026-04-18 13:43:05,62.5,82.23495702005731,87.31669184845155
2026-04-18 13:43:20,62.5,82.52148997134671,87.12214192299643
2026-04-18 13:43:35,62.5,83.18840579710145,86.92759199754133
2026-04-18 13:43:50,62.5,83.47826086956522,86.7330420720862
2026-04-18 13:44:05,62.5,83.76811594202898,86.53849214663109
2026-04-18 13:44:20,62.5,84.05797101449275,86.34394222117598
2026-04-18 13:44:35,62.5,84.34782608695653,86.14939229572086
2026-04-18 13:44:50,62.5,85.04398826979472,85.95484237026574
2026-04-18 13:45:05,62.5,85.33724340175954,85.76029244481063
2026-04-18 13:45:20,62.5,85.33724340175954,85.56574251935551
2026-04-18 13:45:35,62.5,85.33724340175954,85.37119259390039
2026-04-18 13:45:50,62.5,85.33724340175954,85.17664266844528
2026-04-18 13:46:05,62.5,86.35014836795251,84.98209274299016
2026-04-18 13:46:20,62.5,86.35014836795251,84.78754281753504
2026-04-18 13:46:35,62.5,86.35014836795251,84.59299289207993
2026-04-18 13:46:50,62.5,86.35014836795251,84.39844296662481
2026-04-18 13:47:05,62.5,86.35014836795251,84.20389304116969
2026-04-18 13:47:20,62.5,86.64688427299704,84.00934311571459
2026-04-18 13:47:35,62.5,87.38738738738738,83.81479319025946
2026-04-18 13:47:50,62.5,87.68768768768768,83.62024326480434
2026-04-18 13:48:05,62.5,87.98798798798799,83.42569333934924
2026-04-18 13:48:20,62.5,88.28828828828829,83.23114341389412
2026-04-18 13:48:35,62.5,88.58858858858859,83.036593488439
2026-04-18 13:48:50,62.5,89.36170212765957,82.84204356298389
2026-04-18 13:49:05,62.5,89.66565349544074,82.64749363752877
2026-04-18 13:49:20,62.5,89.96960486322189,82.45294371207365
2026-04-18 13:49:35,62.5,90.27355623100304,82.25839378661854
2026-04-18 13:49:50,62.5,90.5775075987842,82.06384386116342
2026-04-18 13:50:05,62.5,91.38461538461539,81.8692939357083
2026-04-18 13:50:20,62.5,91.6923076923077,81.67474401025319
2026-04-18 13:50:35,62.5,92.0,81.48019408479807
2026-04-18 13:50:50,62.5,92.3076923076923,81.28564415934295
2026-04-18 13:51:05,62.5,92.61538461538461,81.09109423388784
2026-04-18 13:51:20,62.5,92.83489096573209,80.89654430843272
2026-04-18 13:51:35,62.5,92.83489096573209,80.7019943829776
2026-04-18 13:51:50,62.5,92.83489096573209,80.5074444575225
2026-04-18 13:52:05,62.5,92.83489096573209,80.31289453206738
2026-04-18 13:52:20,62.5,92.83489096573209,80.11834460661225
2026-04-18 13:52:35,62.5,92.74447949526814,79.92379468115715
2026-04-18 13:52:50,62.5,92.74447949526814,79.72924475570203
2026-04-18 13:53:05,75.0,92.74447949526814,79.5346948302469
2026-04-18 13:53:20,75.0,92.74447949526814,79.3401449047918
2026-04-18 13:53:35,75.0,92.74447949526814,79.14559497933668
2026-04-18 13:53:50,75.0,92.65175718849841,78.95104505388156
2026-04-18 13:54:05,75.0,92.65175718849841,78.75649512842645
2026-04-18 13:54:20,75.0,92.65175718849841,78.56194520297133
2026-04-18 13:54:35,75.0,92.65175718849841,78.36739527751621
2026-04-18 13:54:50,75.0,92.65175718849841,78.1728453520611
2026-04-18 13:55:05,75.0,92.55663430420712,77.97829542660598
2026-04-18 13:55:20,75.0,92.55663430420712,77.78374550115086
2026-04-18 13:55:35,75.0,92.55663430420712,77.58919557569575
2026-04-18 13:55:50,75.0,92.55663430420712,77.39464565024063
2026-04-18 13:56:05,75.0,92.55663430420712,77.20009572478551
2026-04-18 13:56:20,75.0,92.55663430420712,77.0055457993304
2026-04-18 13:56:35,75.0,92.45901639344262,76.81099587387529
2026-04-18 13:56:50,75.0,92.45901639344262,76.61644594842016
2026-04-18 13:57:05,75.0,92.45901639344262,76.42189602296506
2026-04-18 13:57:20,75.0,92.45901639344262,76.22734609750994
2026-04-18 13:57:35,62.5,92.45901639344262,76.03279617205482
2026-04-18 13:57:50,62.5,92.35880398671097,75.83824624659971
2026-04-18 13:58:05,62.5,92.35880398671097,75.64369632114459
2026-04-18 13:58:20,62.5,92.35880398671097,75.44914639568947
2026-04-18 13:58:35,62.5,92.35880398671097,75.25459647023436
2026-04-18 13:58:50,62.5,92.35880398671097,75.06004654477924
2026-04-18 13:59:05,62.5,92.25589225589226,74.86549661932412
2026-04-18 13:59:20,62.5,92.25589225589226,74.67094669386901
2026-04-18 13:59:35,62.5,92.25589225589226,74.47639676841389
2026-04-18 13:59:50,62.5,92.25589225589226,74.28184684295877
2026-04-18 14:00:05,62.5,92.25589225589226,74.13496671775454
2026-04-18 14:00:20,62.5,92.25589225589226,74.08342619305205
2026-04-18 14:00:35,62.5,92.25589225589226,74.03188566834956
2026-04-18 14:00:50,62.5,92.15017064846417,73.98034514364707
2026-04-18 14:01:05,62.5,92.15017064846417,73.92880461894458
2026-04-18 14:01:20,62.5,92.15017064846417,73.8772640942421
2026-04-18 14:01:35,62.5,92.15017064846417,73.8257235695396
2026-04-18 14:01:49,75.0,92.15017064846417,73.77761907981728
2026-04-18 14:02:05,75.0,92.15017064846417,73.72264252013463
2026-04-18 14:02:20,75.0,92.15017064846417,73.67110199543214
2026-04-18 14:02:34,75.0,92.15017064846417,73.62299750570982
2026-04-18 14:02:50,75.0,92.15017064846417,73.56802094602716
2026-04-18 14:03:05,75.0,92.15017064846417,73.51648042132467
2026-04-18 14:03:20,75.0,92.15017064846417,73.46493989662218
2026-04-18 14:03:35,75.0,92.15017064846417,73.4133993719197
2026-04-18 14:03:49,75.0,92.15017064846417,73.36529488219738
2026-04-18 14:04:05,75.0,92.15017064846417,73.31031832251472
2026-04-18 14:04:20,75.0,92.15017064846417,73.25877779781224
2026-04-18 14:04:35,75.0,92.15017064846417,73.20723727310975
2026-04-18 14:04:49,75.0,92.15017064846417,73.15913278338742
2026-04-18 14:05:04,75.0,92.15017064846417,73.10759225868493
2026-04-18 14:05:19,75.0,92.15017064846417,73.05605173398244
2026-04-18 14:05:35,75.0,92.15017064846417,73.0010751742998
2026-04-18 14:05:49,75.0,92.04152249134948,72.95297068457748
2026-04-18 14:06:04,75.0,92.04152249134948,72.90143015987499
2026-04-18 14:06:20,75.0,92.04152249134948,72.84645360019233
2026-04-18 14:06:34,75.0,92.04152249134948,72.79834911047001
2026-04-18 14:06:49,87.5,92.04152249134948,72.74680858576752
2026-04-18 14:07:04,87.5,92.04152249134948,72.69526806106504
2026-04-18 14:07:20,87.5,92.04152249134948,72.64029150138238
2026-04-18 14:07:35,87.5,92.04152249134948,72.58875097667989
2026-04-18 14:07:49,87.5,92.04152249134948,72.54064648695757
2026-04-18 14:08:05,87.5,92.04152249134948,72.48566992727491
2026-04-18 14:08:19,87.5,92.04152249134948,72.43756543755259
2026-04-18 14:08:34,87.5,92.04152249134948,72.3860249128501
2026-04-18 14:08:49,87.5,92.04152249134948,72.33448438814762
2026-04-18 14:09:04,87.5,92.04152249134948,72.28294386344513
2026-04-18 14:09:19,87.5,92.04152249134948,72.23140333874264
2026-04-18 14:09:35,87.5,92.04152249134948,72.17642677905998
2026-04-18 14:09:49,87.5,92.04152249134948,72.12832228933766
2026-04-18 14:10:04,87.5,92.04152249134948,72.07678176463517
2026-04-18 14:10:19,87.5,92.04152249134948,72.02524123993268
2026-04-18 14:10:34,87.5,91.9298245614035,71.9737007152302
2026-04-18 14:10:49,87.5,91.9298245614035,71.9221601905277
2026-04-18 14:11:04,87.5,91.9298245614035,71.87061966582522
2026-04-18 14:11:19,87.5,91.9298245614035,71.81907914112273
2026-04-18 14:11:34,87.5,91.9298245614035,71.76753861642024
2026-04-18 14:11:49,87.5,91.9298245614035,71.71599809171775
2026-04-18 14:12:04,87.5,91.9298245614035,71.66445756701526
2026-04-18 14:12:19,87.5,91.9298245614035,71.61291704231277
2026-04-18 14:12:34,87.5,91.9298245614035,71.56137651761028
2026-04-18 14:12:49,87.5,91.9298245614035,71.5098359929078
2026-04-18 14:13:04,87.5,91.9298245614035,71.4582954682053
2026-04-18 14:13:19,87.5,91.9298245614035,71.40675494350282
2026-04-18 14:13:34,87.5,91.9298245614035,71.35521441880033
2026-04-18 14:13:49,87.5,91.9298245614035,71.30367389409784
2026-04-18 14:14:04,87.5,91.9298245614035,71.25213336939535
2026-04-18 14:14:19,87.5,91.9298245614035,71.20059284469288
2026-04-18 14:14:34,87.5,91.9298245614035,71.14905231999039
2026-04-18 14:14:49,87.5,91.9298245614035,71.0975117952879
2026-04-18 14:15:04,87.5,91.9298245614035,71.04597127058541
2026-04-18 14:15:19,87.5,91.81494661921708,70.99443074588292
2026-04-18 14:15:34,87.5,91.81494661921708,70.94289022118043
2026-04-18 14:15:49,87.5,91.81494661921708,70.89134969647795
2026-04-18 14:16:04,87.5,91.81494661921708,70.83980917177546
2026-04-18 14:16:19,87.5,91.81494661921708,70.78826864707297
2026-04-18 14:16:34,87.5,91.81494661921708,70.73672812237048
2026-04-18 14:16:49,87.5,91.81494661921708,70.68518759766799
2026-04-18 14:17:04,87.5,91.81494661921708,70.6336470729655
2026-04-18 14:17:19,87.5,91.81494661921708,70.58210654826301
2026-04-18 14:17:34,87.5,91.81494661921708,70.53056602356052
2026-04-18 14:17:49,87.5,91.81494661921708,70.47902549885804
2026-04-18 14:18:04,87.5,91.81494661921708,70.42748497415555
2026-04-18 14:18:19,87.5,91.81494661921708,70.37594444945306
2026-04-18 14:18:34,87.5,91.81494661921708,70.32440392475057
2026-04-18 14:18:49,87.5,91.81494661921708,70.27286340004808
2026-04-18 14:19:04,87.5,91.81494661921708,70.22132287534559
2026-04-18 14:19:19,87.5,91.81494661921708,70.1697823506431
2026-04-18 14:19:34,87.5,91.81494661921708,70.11824182594061
2026-04-18 14:19:49,87.5,91.81494661921708,70.06670130123813
2026-04-18 14:20:04,87.5,91.81494661921708,70.01516077653564
2026-04-18 14:20:19,87.5,91.69675090252709,69.96362025183315
2026-04-18 14:20:34,87.5,91.69675090252709,69.91207972713066
2026-04-18 14:20:49,87.5,91.69675090252709,69.86053920242817
2026-04-18 14:21:04,87.5,91.69675090252709,69.80899867772568
2026-04-18 14:21:19,87.5,91.69675090252709,69.7574581530232
2026-04-18 14:21:34,87.5,91.69675090252709,69.7059176283207
2026-04-18 14:21:49,87.5,91.69675090252709,69.65437710361822
2026-04-18 14:22:04,87.5,91.69675090252709,69.60283657891573
2026-04-18 14:22:19,87.5,91.69675090252709,69.55129605421325
2026-04-18 14:22:34,87.5,91.69675090252709,69.49975552951076
2026-04-18 14:22:49,87.5,91.69675090252709,69.44821500480828
2026-04-18 14:23:04,87.5,91.69675090252709,69.39667448010579
2026-04-18 14:23:19,87.5,91.69675090252709,69.3451339554033
2026-04-18 14:23:34,87.5,91.69675090252709,69.29359343070081
2026-04-18 14:23:49,87.5,91.69675090252709,69.24205290599832
2026-04-18 14:24:04,87.5,91.69675090252709,69.19051238129583
2026-04-18 14:24:19,87.5,91.69675090252709,69.13897185659334
2026-04-18 14:24:34,87.5,91.69675090252709,69.08743133189085
2026-04-18 14:24:49,87.5,91.69675090252709,69.03589080718837
2026-04-18 14:25:04,87.5,91.57509157509158,68.98435028248588
2026-04-18 14:25:19,87.5,91.57509157509158,68.93280975778339
2026-04-18 14:25:34,87.5,91.57509157509158,68.8812692330809
2026-04-18 14:25:49,87.5,91.57509157509158,68.82972870837841
2026-04-18 14:26:04,87.5,91.57509157509158,68.77818818367592
2026-04-18 14:26:19,87.5,91.57509157509158,68.72664765897343
2026-04-18 14:26:34,87.5,91.57509157509158,68.67510713427095
2026-04-18 14:26:49,87.5,91.57509157509158,68.62356660956846
2026-04-18 14:27:04,87.5,91.57509157509158,68.57202608486597
2026-04-18 14:27:19,87.5,91.57509157509158,68.52048556016348
2026-04-18 14:27:34,87.5,91.57509157509158,68.46894503546099
2026-04-18 14:27:49,87.5,91.57509157509158,68.4174045107585
2026-04-18 14:28:04,87.5,91.57509157509158,68.36586398605601
2026-04-18 14:28:19,87.5,91.57509157509158,68.31432346135352
2026-04-18 14:28:34,87.5,91.57509157509158,68.26278293665104
2026-04-18 14:28:49,87.5,91.57509157509158,68.21124241194855
2026-04-18 14:29:04,87.5,91.57509157509158,68.15970188724606
2026-04-18 14:29:19,87.5,91.57509157509158,68.10816136254357
2026-04-18 14:29:34,87.5,91.57509157509158,68.05662083784108
2026-04-18 14:29:49,87.5,91.57509157509158,68.00508031313859
2026-04-18 14:30:04,87.5,91.82156133828995,67.9535397884361
2026-04-18 14:30:19,87.5,92.19330855018588,67.90199926373361
2026-04-18 14:30:34,87.5,92.56505576208178,67.85045873903113
2026-04-18 14:30:49,87.5,92.93680297397769,67.79891821432864
2026-04-18 14:31:04,87.5,93.3085501858736,67.74737768962616
2026-04-18 14:31:19,87.5,93.68029739776952,67.69583716492367
2026-04-18 14:31:34,87.5,94.05204460966543,67.64429664022119
2026-04-18 14:31:49,87.5,94.42379182156134,67.5927561155187
2026-04-18 14:32:04,87.5,94.79553903345726,67.54121559081621
2026-04-18 14:32:19,87.5,95.16728624535315,67.48967506611372
2026-04-18 14:32:34,87.5,95.53903345724906,67.43813454141123
2026-04-18 14:32:49,87.5,95.91078066914498,67.38659401670874
2026-04-18 14:33:04,87.5,96.28252788104089,67.33505349200625
2026-04-18 14:33:19,87.5,96.28252788104089,67.28351296730376
2026-04-18 14:33:34,87.5,96.28252788104089,67.23197244260128
2026-04-18 14:33:49,87.5,96.28252788104089,67.18043191789879
2026-04-18 14:34:04,87.5,96.28252788104089,67.1288913931963
2026-04-18 14:34:19,87.5,96.28252788104089,67.07735086849381
2026-04-18 14:34:34,87.5,96.28252788104089,67.02581034379132
2026-04-18 14:34:49,87.5,96.22641509433963,66.97426981908883
2026-04-18 14:35:04,87.5,96.22641509433963,66.92272929438634
2026-04-18 14:35:19,87.5,96.22641509433963,66.87118876968385
2026-04-18 14:35:34,87.5,96.22641509433963,66.81964824498137
2026-04-18 14:35:49,87.5,96.22641509433963,66.76810772027888
2026-04-18 14:36:04,87.5,96.22641509433963,66.71656719557639
2026-04-18 14:36:19,87.5,96.22641509433963,66.6650266708739
2026-04-18 14:36:34,87.5,96.22641509433963,66.61348614617141
2026-04-18 14:36:49,87.5,96.22641509433963,66.56194562146892
2026-04-18 14:37:04,87.5,96.22641509433963,66.51040509676643
2026-04-18 14:37:19,87.5,96.22641509433963,66.45886457206394
2026-04-18 14:37:34,87.5,96.22641509433963,66.40732404736146
2026-04-18 14:37:49,87.5,96.60377358490567,66.35578352265897
2026-04-18 14:38:04,87.5,96.98113207547169,66.30424299795648
2026-04-18 14:38:19,87.5,96.98113207547169,66.25270247325399
2026-04-18 14:38:34,87.5,96.98113207547169,66.2011619485515
2026-04-18 14:38:49,87.5,96.98113207547169,66.14962142384903
2026-04-18 14:39:04,87.5,96.98113207547169,66.09808089914654
2026-04-18 14:39:19,87.5,96.98113207547169,66.04654037444405
2026-04-18 14:39:34,87.5,96.93486590038314,65.99499984974156
2026-04-18 14:39:49,87.5,96.93486590038314,65.94345932503907
2026-04-18 14:40:04,87.5,96.93486590038314,65.89191880033658
2026-04-18 14:40:19,87.5,96.93486590038314,65.8403782756341
2026-04-18 14:40:34,87.5,96.93486590038314,65.7888377509316
2026-04-18 14:40:49,87.5,96.93486590038314,65.73729722622912
2026-04-18 14:41:04,87.5,96.93486590038314,65.68575670152663
2026-04-18 14:41:19,87.5,96.93486590038314,65.63421617682414
2026-04-18 14:41:34,87.5,96.93486590038314,65.58267565212165
2026-04-18 14:41:49,87.5,96.93486590038314,65.53113512741916
2026-04-18 14:42:04,87.5,96.93486590038314,65.47959460271667
2026-04-18 14:42:19,87.5,96.93486590038314,65.42805407801418
2026-04-18 14:42:34,87.5,96.93486590038314,65.3765135533117
2026-04-18 14:42:49,87.5,96.93486590038314,65.32497302860921
2026-04-18 14:43:04,87.5,96.93486590038314,65.27343250390672
2026-04-18 14:43:19,87.5,96.93486590038314,65.22189197920423
2026-04-18 14:43:34,87.5,96.93486590038314,65.17035145450174
2026-04-18 14:43:49,87.5,96.93486590038314,65.11881092979925
2026-04-18 14:44:04,87.5,96.93486590038314,65.06727040509676
2026-04-18 14:44:19,87.5,96.93486590038314,65.01572988039428
2026-04-18 14:44:34,87.5,96.88715953307393,64.96418935569179
2026-04-18 14:44:49,87.5,96.88715953307393,64.9126488309893
2026-04-18 14:45:04,87.5,96.88715953307393,64.86110830628681
2026-04-18 14:45:19,87.5,96.88715953307393,64.80956778158432
2026-04-18 14:45:34,87.5,96.88715953307393,64.75802725688183
2026-04-18 14:45:49,87.5,96.88715953307393,64.70648673217934
2026-04-18 14:46:04,87.5,96.88715953307393,64.65494620747685
2026-04-18 14:46:19,87.5,96.88715953307393,64.60340568277437
2026-04-18 14:46:34,87.5,96.88715953307393,64.55186515807188
2026-04-18 14:46:49,87.5,96.88715953307393,64.50032463336939
2026-04-18 14:47:04,87.5,96.88715953307393,64.4487841086669
2026-04-18 14:47:19,87.5,96.88715953307393,64.39724358396441
2026-04-18 14:47:34,87.5,96.88715953307393,64.34570305926192
2026-04-18 14:47:49,87.5,96.88715953307393,64.29416253455945
2026-04-18 14:48:04,87.5,96.88715953307393,64.24262200985696
2026-04-18 14:48:19,87.5,96.88715953307393,64.19108148515447
2026-04-18 14:48:34,87.5,96.88715953307393,64.13954096045198
2026-04-18 14:48:49,87.5,96.88715953307393,64.08800043574949
2026-04-18 14:49:04,87.5,96.88715953307393,64.036459911047
2026-04-18 14:49:19,87.5,96.83794466403161,63.984919386344515
2026-04-18 14:49:34,87.5,96.83794466403161,63.933378861642026
2026-04-18 14:49:49,87.5,96.83794466403161,63.88183833693954
2026-04-18 14:50:04,87.5,96.83794466403161,63.83029781223705
2026-04-18 14:50:19,87.5,96.83794466403161,63.77875728753456
2026-04-18 14:50:34,87.5,96.83794466403161,63.72721676283207
2026-04-18 14:50:49,87.5,96.83794466403161,63.67567623812958
2026-04-18 14:51:04,87.5,96.83794466403161,63.624135713427094
2026-04-18 14:51:19,87.5,97.23320158102767,63.572595188724605
2026-04-18 14:51:34,87.5,97.23320158102767,63.52105466402212
2026-04-18 14:51:49,87.5,97.62845849802372,63.46951413931963
2026-04-18 14:52:04,87.5,97.62845849802372,63.41797361461714
2026-04-18 14:52:19,87.5,97.62845849802372,63.36643308991465
2026-04-18 14:52:34,87.5,97.62845849802372,63.31489256521216
2026-04-18 14:52:49,87.5,97.62845849802372,63.26335204050967
2026-04-18 14:53:04,87.5,97.62845849802372,63.211811515807184
2026-04-18 14:53:19,87.5,97.62845849802372,63.160270991104696
2026-04-18 14:53:34,87.5,97.62845849802372,63.10873046640221
2026-04-18 14:53:49,87.5,97.62845849802372,63.05718994169972
2026-04-18 14:54:04,87.5,97.62845849802372,63.00564941699724
2026-04-18 14:54:19,87.5,97.59036144578313,62.95410889229475
2026-04-18 14:54:34,87.5,97.59036144578313,62.90256836759226
2026-04-18 14:54:49,87.5,97.59036144578313,62.85102784288977
2026-04-18 14:55:04,87.5,97.59036144578313,62.79948731818728
2026-04-18 14:55:19,87.5,97.59036144578313,62.74794679348479
2026-04-18 14:55:34,87.5,97.59036144578313,62.696406268782304
2026-04-18 14:55:49,87.5,97.59036144578313,62.644865744079816
2026-04-18 14:56:04,87.5,97.59036144578313,62.59332521937733
2026-04-18 14:56:19,87.5,97.59036144578313,62.54178469467484
2026-04-18 14:56:34,87.5,97.59036144578313,62.49024416997235
2026-04-18 14:56:49,87.5,97.59036144578313,62.43870364526986
2026-04-18 14:57:04,87.5,97.59036144578313,62.38716312056738
2026-04-18 14:57:19,87.5,97.59036144578313,62.33562259586489
2026-04-18 14:57:34,87.5,97.59036144578313,62.2840820711624
2026-04-18 14:57:49,87.5,97.59036144578313,62.23254154645991
2026-04-18 14:58:04,87.5,97.59036144578313,62.181001021757424
2026-04-18 14:58:19,87.5,97.59036144578313,62.129460497054936
2026-04-18 14:58:34,87.5,97.59036144578313,62.07791997235245
2026-04-18 14:58:49,87.5,97.59036144578313,62.02637944764996
2026-04-18 14:59:04,87.5,98.77551020408163,61.97483892294747
2026-04-18 14:59:19,87.5,99.18367346938776,61.92329839824498
2026-04-18 14:59:34,87.5,99.59183673469387,61.87175787354249
2026-04-18 14:59:49,87.5,100.0,61.82021734884
2026-04-18 15:00:04,87.5,100.0,61.768676824137515
2026-04-18 15:00:19,87.5,100.0,61.717136299435026
2026-04-18 15:00:34,87.5,100.0,61.66559577473254
2026-04-18 15:00:49,87.5,100.0,61.61405525003005
2026-04-18 15:01:04,87.5,100.0,61.56251472532756
2026-04-18 15:01:19,87.5,100.0,61.51097420062507
2026-04-18 15:01:34,87.5,100.0,61.45943367592258
2026-04-18 15:01:49,87.5,100.0,61.407893151220094
2026-04-18 15:02:04,87.5,100.0,61.356352626517605
2026-04-18 15:02:19,87.5,100.0,61.30481210181512
2026-04-18 15:02:34,87.5,100.0,61.253271577112635
2026-04-18 15:02:49,87.5,100.0,61.201731052410146
2026-04-18 15:03:04,87.5,100.0,61.15019052770766
2026-04-18 15:03:19,87.5,100.0,61.09865000300517
2026-04-18 15:03:34,87.5,100.0,61.04710947830268
2026-04-18 15:03:49,87.5,100.0,60.99556895360019
2026-04-18 15:04:04,87.5,100.0,60.9440284288977
2026-04-18 15:04:19,87.5,100.0,60.892487904195214
2026-04-18 15:04:34,87.5,100.0,60.840947379492725
2026-04-18 15:04:49,87.5,100.0,60.789406854790236
2026-04-18 15:05:04,87.5,100.0,60.73786633008775
2026-04-18 15:05:19,87.5,100.0,60.686325805385266
2026-04-18 15:05:34,87.5,100.0,60.63478528068278
2026-04-18 15:05:49,87.5,100.0,60.58324475598029
2026-04-18 15:06:04,87.5,100.0,60.5317042312778
2026-04-18 15:06:19,87.5,100.0,60.48016370657531
2026-04-18 15:06:34,87.5,100.0,60.42862318187282
2026-04-18 15:06:49,87.5,100.0,60.377082657170334
2026-04-18 15:07:04,87.5,100.0,60.325542132467845
2026-04-18 15:07:19,87.5,100.0,60.274001607765356
2026-04-18 15:07:34,87.5,100.0,60.22246108306287
2026-04-18 15:07:49,87.5,100.0,60.17092055836038
2026-04-18 15:08:04,87.5,100.0,60.11938003365789
2026-04-18 15:08:19,87.5,100.0,60.0678395089554
2026-04-18 15:08:34,87.5,100.0,60.01629898425291
2026-04-18 15:08:49,87.5,100.0,59.964758459550424
2026-04-18 15:09:04,87.5,100.0,59.913217934847935
2026-04-18 15:09:19,87.5,100.0,59.86167741014545
2026-04-18 15:09:34,87.5,100.0,59.81013688544296
2026-04-18 15:09:49,87.5,100.0,59.75859636074047
2026-04-18 15:10:04,87.5,100.0,59.70705583603798
2026-04-18 15:10:19,87.5,100.0,59.65551531133549
2026-04-18 15:10:34,87.5,100.0,59.60397478663301
2026-04-18 15:10:49,87.5,100.0,59.55243426193052
2026-04-18 15:11:04,87.5,100.0,59.50089373722803
2026-04-18 15:11:19,87.5,100.0,59.449353212525544
2026-04-18 15:11:34,87.5,100.0,59.397812687823055
2026-04-18 15:11:49,87.5,100.0,59.34627216312057
2026-04-18 15:12:04,87.5,100.0,59.29473163841808
2026-04-18 15:12:19,87.5,100.0,59.24319111371559
2026-04-18 15:12:34,87.5,100.0,59.1916505890131
2026-04-18 15:12:49,87.5,100.0,59.14011006431061
2026-04-18 15:13:04,87.5,100.0,59.08856953960812
2026-04-18 15:13:19,87.5,100.0,59.037029014905634
2026-04-18 15:13:34,87.5,100.0,58.98548849020315
2026-04-18 15:13:49,87.5,100.0,58.933947965500664
2026-04-18 15:14:04,87.5,100.0,58.882407440798175
2026-04-18 15:14:19,87.5,100.0,58.83086691609569
2026-04-18 15:14:34,87.5,100.0,58.7793263913932
2026-04-18 15:14:49,87.5,100.0,58.72778586669071
2026-04-18 15:15:04,87.5,100.0,58.67624534198822
2026-04-18 15:15:19,87.5,100.0,58.62470481728573
2026-04-18 15:15:34,87.5,100.0,58.57316429258324
2026-04-18 15:15:49,87.5,100.0,58.521623767880754
2026-04-18 15:16:04,87.5,100.0,58.470083243178266
2026-04-18 15:16:19,87.5,100.0,58.41854271847578
2026-04-18 15:16:34,87.5,100.0,58.36700219377329
2026-04-18 15:16:49,87.5,100.0,58.3154616690708
2026-04-18 15:17:04,87.5,100.0,58.26392114436831
2026-04-18 15:17:19,87.5,100.0,58.21238061966582
2026-04-18 15:17:34,87.5,100.0,58.16084009496333
2026-04-18 15:17:49,87.5,100.0,58.109299570260845
2026-04-18 15:18:04,87.5,100.0,58.057759045558356
2026-04-18 15:18:19,87.5,100.0,58.00621852085587
2026-04-18 15:18:34,87.5,100.0,57.95467799615338
2026-04-18 15:18:49,87.5,100.0,57.90313747145089
2026-04-18 15:19:04,87.5,100.0,57.8515969467484
2026-04-18 15:19:19,87.5,100.0,57.80005642204592
2026-04-18 15:19:34,87.5,100.0,57.74851589734343
2026-04-18 15:19:49,87.5,100.0,57.69697537264094
2026-04-18 15:20:04,87.5,100.0,57.64543484793845
2026-04-18 15:20:19,87.5,100.0,57.593894323235965
2026-04-18 15:20:34,87.5,100.0,57.542353798533476
2026-04-18 15:20:49,87.5,100.0,57.49081327383099
2026-04-18 15:21:04,87.5,100.0,57.4392727491285
2026-04-18 15:21:19,87.5,100.0,57.38773222442602
2026-04-18 15:21:34,87.5,100.0,57.33619169972353
2026-04-18 15:21:49,87.5,100.0,57.28465117502104
2026-04-18 15:22:04,87.5,100.0,57.23311065031855
2026-04-18 15:22:19,87.5,100.0,57.18157012561606
2026-04-18 15:22:34,87.5,100.0,57.13002960091357
2026-04-18 15:22:49,87.5,100.0,57.078489076211085
2026-04-18 15:23:04,87.5,100.0,57.026948551508596
2026-04-18 15:23:19,87.5,100.0,56.97540802680611
2026-04-18 15:23:34,87.5,100.0,56.92386750210362
2026-04-18 15:23:49,87.5,100.0,56.87232697740113
2026-04-18 15:24:04,87.5,100.0,56.82078645269864
2026-04-18 15:24:19,87.5,100.0,56.76924592799615
2026-04-18 15:24:34,87.5,100.0,56.717705403293664
2026-04-18 15:24:49,87.5,100.0,56.666164878591175
2026-04-18 15:25:04,87.5,100.0,56.614624353888686
2026-04-18 15:25:19,87.5,100.0,56.5630838291862
2026-04-18 15:25:34,87.5,100.0,56.51154330448371
2026-04-18 15:25:49,87.5,100.0,56.46000277978122
2026-04-18 15:26:04,87.5,100.0,56.40846225507873
2026-04-18 15:26:19,87.5,100.0,56.35692173037624
2026-04-18 15:26:34,87.5,100.0,56.305381205673754
2026-04-18 15:26:49,87.5,100.0,56.253840680971265
2026-04-18 15:27:04,87.5,100.0,56.20230015626878
2026-04-18 15:27:19,87.5,100.0,56.15075963156629
2026-04-18 15:27:34,87.5,100.0,56.099219106863806
2026-04-18 15:27:49,87.5,100.0,56.04767858216132
2026-04-18 15:28:04,87.5,100.0,55.99613805745883
2026-04-18 15:28:19,87.5,100.0,55.94459753275634
2026-04-18 15:28:34,87.5,100.0,55.89305700805385
2026-04-18 15:28:49,87.5,100.0,55.84151648335136
2026-04-18 15:29:04,87.5,100.0,55.789975958648874
2026-04-18 15:29:19,87.5,100.0,55.738435433946385
2026-04-18 15:29:34,87.5,100.0,55.686894909243904
2026-04-18 15:29:49,87.5,100.0,55.635354384541415
2026-04-18 15:30:04,87.5,100.0,55.583813859838926
2026-04-18 15:30:19,87.5,100.0,55.53227333513644
2026-04-18 15:30:34,87.5,100.0,55.48073281043395
2026-04-18 15:30:49,87.5,100.0,55.42919228573146
2026-04-18 15:31:04,87.5,100.0,55.37765176102897
2026-04-18 15:31:19,87.5,100.0,55.32611123632648
2026-04-18 15:31:34,87.5,100.0,55.274570711623994
2026-04-18 15:31:49,87.5,100.0,55.223030186921505
2026-04-18 15:32:04,87.5,100.0,55.17148966221902
2026-04-18 15:32:19,87.5,100.0,55.11994913751653
2026-04-18 15:32:34,87.5,100.0,55.06840861281404
2026-04-18 15:32:49,87.5,100.0,55.01686808811155
2026-04-18 15:33:04,87.5,100.0,54.96532756340906
2026-04-18 15:33:19,87.5,100.0,54.91378703870657
2026-04-18 15:33:34,87.5,100.0,54.862246514004084
2026-04-18 15:33:49,87.5,100.0,54.810705989301596
2026-04-18 15:34:04,87.5,100.0,54.75916546459911
2026-04-18 15:34:19,87.5,100.0,54.70762493989662
2026-04-18 15:34:34,87.5,100.0,54.65608441519413
2026-04-18 15:34:49,87.5,100.0,54.60454389049164
2026-04-18 15:35:04,87.5,100.0,54.55300336578915
2026-04-18 15:35:19,87.5,100.0,54.50146284108666
2026-04-18 15:35:34,87.5,100.0,54.449922316384175
2026-04-18 15:35:49,87.5,100.0,54.39838179168169
2026-04-18 15:36:04,87.5,100.0,54.346841266979204
2026-04-18 15:36:19,87.5,100.0,54.295300742276716
2026-04-18 15:36:34,87.5,100.0,54.24376021757423
2026-04-18 15:36:49,87.5,100.0,54.19221969287174
2026-04-18 15:37:04,87.5,100.0,54.14067916816925
2026-04-18 15:37:19,87.5,100.0,54.08913864346676
2026-04-18 15:37:34,87.5,100.0,54.03759811876427
2026-04-18 15:37:49,87.5,100.0,53.98605759406178
2026-04-18 15:38:04,87.5,100.0,53.9345170693593
2026-04-18 15:38:19,87.5,100.0,53.88297654465681
2026-04-18 15:38:34,87.5,100.0,53.831436019954324
2026-04-18 15:38:49,87.5,100.0,53.779895495251836
2026-04-18 15:39:04,87.5,100.0,53.72835497054935
2026-04-18 15:39:19,87.5,100.0,53.67681444584686
2026-04-18 15:39:34,87.5,100.0,53.62527392114437
2026-04-18 15:39:49,87.5,100.0,53.57373339644188
2026-04-18 15:40:04,87.5,100.0,53.52219287173939
2026-04-18 15:40:19,87.5,100.0,53.4706523470369
2026-04-18 15:40:34,87.5,100.0,53.419111822334415
2026-04-18 15:40:49,87.5,100.0,53.367571297631926
2026-04-18 15:41:04,87.5,100.0,53.31603077292944
2026-04-18 15:41:19,87.5,100.0,53.26449024822695
2026-04-18 15:41:34,87.5,100.0,53.21294972352446
2026-04-18 15:41:49,87.5,100.0,53.16140919882197
2026-04-18 15:42:04,87.5,100.0,53.10986867411948
2026-04-18 15:42:19,87.5,100.0,53.058328149416994
2026-04-18 15:42:34,87.5,100.0,53.006787624714505
2026-04-18 15:42:49,87.5,100.0,52.955247100012016
2026-04-18 15:43:04,87.5,100.0,52.90370657530953
2026-04-18 15:43:19,100.0,100.0,52.85216605060704
2026-04-18 15:43:34,100.0,100.0,52.80062552590455
2026-04-18 15:43:49,100.0,100.0,52.74908500120206
2026-04-18 15:44:04,100.0,100.0,52.69754447649958
2026-04-18 15:44:19,100.0,100.0,52.64600395179709
2026-04-18 15:44:34,100.0,100.0,52.5944634270946
2026-04-18 15:44:49,100.0,100.0,52.542922902392114
2026-04-18 15:45:04,100.0,100.0,52.491382377689625
2026-04-18 15:45:19,100.0,100.0,52.439841852987136
2026-04-18 15:45:34,100.0,100.0,52.38830132828465
2026-04-18 15:45:49,100.0,100.0,52.33676080358216
2026-04-18 15:46:04,100.0,100.0,52.28522027887967
2026-04-18 15:46:19,100.0,100.0,52.23367975417719
2026-04-18 15:46:34,100.0,100.0,52.1821392294747
2026-04-18 15:46:49,100.0,100.0,52.13059870477221
2026-04-18 15:47:04,100.0,100.0,52.07905818006972
2026-04-18 15:47:19,100.0,100.0,52.027517655367234
2026-04-18 15:47:34,100.0,100.0,51.975977130664745
2026-04-18 15:47:49,100.0,100.0,51.924436605962256
2026-04-18 15:48:04,100.0,100.0,51.87289608125977
2026-04-18 15:48:19,100.0,100.0,51.82135555655728
2026-04-18 15:48:34,100.0,100.0,51.76981503185479
2026-04-18 15:48:49,100.0,100.0,51.7182745071523
2026-04-18 15:49:04,100.0,100.0,51.66673398244981
2026-04-18 15:49:19,100.0,100.0,51.615193457747324
2026-04-18 15:49:34,100.0,100.0,51.563652933044835
2026-04-18 15:49:49,100.0,100.0,51.51211240834235
2026-04-18 15:50:04,100.0,100.0,51.46057188363986
2026-04-18 15:50:19,100.0,100.0,51.40903135893737
2026-04-18 15:50:34,100.0,100.0,51.35749083423488
2026-04-18 15:50:49,100.0,100.0,51.30595030953239
2026-04-18 15:51:04,100.0,100.0,51.2544097848299
2026-04-18 15:51:19,100.0,100.0,51.202869260127414
2026-04-18 15:51:34,100.0,100.0,51.151328735424926
2026-04-18 15:51:49,100.0,100.0,51.09978821072244
2026-04-18 15:52:04,100.0,100.0,51.04824768601995
2026-04-18 15:52:19,100.0,100.0,50.99670716131746
2026-04-18 15:52:34,100.0,100.0,50.94516663661498
2026-04-18 15:52:49,100.0,100.0,50.89362611191249
2026-04-18 15:53:04,100.0,100.0,50.84208558721
2026-04-18 15:53:19,100.0,100.0,50.79054506250751
2026-04-18 15:53:34,100.0,100.0,50.73900453780502
2026-04-18 15:53:49,100.0,100.0,50.687464013102534
2026-04-18 15:54:04,100.0,100.0,50.635923488400046
2026-04-18 15:54:19,100.0,100.0,50.58438296369756
2026-04-18 15:54:34,100.0,100.0,50.532842438995075
2026-04-18 15:54:49,100.0,100.0,50.48130191429259
2026-04-18 15:55:04,100.0,100.0,50.4297613895901
2026-04-18 15:55:19,100.0,100.0,50.37822086488761
2026-04-18 15:55:34,100.0,100.0,50.32668034018512
2026-04-18 15:55:49,100.0,100.0,50.27513981548263
2026-04-18 15:56:04,100.0,100.0,50.22359929078014
2026-04-18 15:56:19,100.0,100.0,50.172058766077654
2026-04-18 15:56:34,100.0,100.0,50.120518241375166
2026-04-18 15:56:49,100.0,100.0,50.06897771667268
2026-04-18 15:57:04,100.0,100.0,50.01743719197019
2026-04-18 15:57:19,100.0,100.0,49.9658966672677
2026-04-18 15:57:34,100.0,100.0,49.91435614256521
2026-04-18 15:57:49,100.0,100.0,49.86281561786272
2026-04-18 15:58:04,100.0,100.0,49.81127509316023
2026-04-18 15:58:19,100.0,100.0,49.759734568457745
2026-04-18 15:58:34,100.0,100.0,49.708194043755256
2026-04-18 15:58:49,100.0,100.0,49.65665351905277
2026-04-18 15:59:04,100.0,100.0,49.60511299435028
2026-04-18 15:59:19,100.0,100.0,49.55357246964779
2026-04-18 15:59:34,100.0,100.0,49.5020319449453
2026-04-18 15:59:49,100.0,100.0,49.45049142024281
2026-04-18 16:00:04,100.0,100.0,49.408499363836356
2026-04-18 16:00:19,100.0,100.0,49.39276559524396
2026-04-18 16:00:34,100.0,100.0,49.37703182665156
2026-04-18 16:00:49,100.0,100.0,49.36129805805917
2026-04-18 16:01:04,100.0,100.0,49.34556428946677
2026-04-18 16:01:19,100.0,100.0,49.329830520874374
2026-04-18 16:01:34,100.0,100.0,49.314096752281976
2026-04-18 16:01:49,100.0,100.0,49.298362983689586
2026-04-18 16:02:04,100.0,100.0,49.28262921509719
2026-04-18 16:02:19,100.0,100.0,49.26689544650479
2026-04-18 16:02:34,100.0,100.0,49.2511616779124
2026-04-18 16:02:49,100.0,100.0,49.23542790932
2026-04-18 16:03:04,100.0,100.0,49.219694140727604
2026-04-18 16:03:19,100.0,100.0,49.203960372135214
2026-04-18 16:03:34,100.0,100.0,49.188226603542816
2026-04-18 16:03:49,100.0,100.0,49.17249283495042
2026-04-18 16:04:04,100.0,100.0,49.15675906635802
2026-04-18 16:04:19,100.0,100.0,49.14102529776563
2026-04-18 16:04:34,100.0,100.0,49.12529152917323
2026-04-18 16:04:49,100.0,100.0,49.109557760580834
2026-04-18 16:05:04,100.0,100.0,49.093823991988444
2026-04-18 16:05:19,100.0,100.0,49.078090223396046
2026-04-18 16:05:34,100.0,100.0,49.06235645480365
2026-04-18 16:05:49,100.0,100.0,49.04662268621126
2026-04-18 16:06:04,100.0,100.0,49.03088891761886
2026-04-18 16:06:19,100.0,100.0,49.01515514902646
2026-04-18 16:06:34,100.0,100.0,48.999421380434065
2026-04-18 16:06:49,100.0,100.0,48.983687611841674
2026-04-18 16:07:04,100.0,100.0,48.967953843249276
2026-04-18 16:07:19,100.0,100.0,48.95222007465688
2026-04-18 16:07:34,100.0,100.0,48.93648630606449
2026-04-18 16:07:49,100.0,100.0,48.92075253747209
2026-04-18 16:08:04,100.0,100.0,48.90501876887969
2026-04-18 16:08:19,100.0,100.0,48.8892850002873
2026-04-18 16:08:34,100.0,100.0,48.873551231694904
2026-04-18 16:08:49,100.0,100.0,48.857817463102506
2026-04-18 16:09:04,100.0,100.0,48.84208369451011
2026-04-18 16:09:19,100.0,100.0,48.82634992591772
2026-04-18 16:09:34,100.0,100.0,48.81061615732532
2026-04-18 16:09:49,100.0,100.0,48.79488238873292
2026-04-18 16:10:04,100.0,100.0,48.77914862014053
2026-04-18 16:10:19,100.0,100.0,48.763414851548134
2026-04-18 16:10:34,100.0,100.0,48.74768108295574
2026-04-18 16:10:49,100.0,100.0,48.73194731436334
2026-04-18 16:11:04,100.0,100.0,48.71621354577095
2026-04-18 16:11:19,100.0,100.0,48.70047977717855
2026-04-18 16:11:34,100.0,100.0,48.68474600858615
2026-04-18 16:11:49,100.0,100.0,48.66901223999376
2026-04-18 16:12:04,100.0,100.0,48.653278471401364
2026-04-18 16:12:19,100.0,100.0,48.63754470280897
2026-04-18 16:12:34,100.0,100.0,48.621810934216576
2026-04-18 16:12:49,100.0,100.0,48.60607716562418
2026-04-18 16:13:04,100.0,100.0,48.59034339703178
2026-04-18 16:13:19,100.0,100.0,48.57460962843939
2026-04-18 16:13:34,100.0,100.0,48.55887585984699
2026-04-18 16:13:49,100.0,100.0,48.543142091254595
2026-04-18 16:14:04,100.0,100.0,48.5274083226622
2026-04-18 16:14:19,100.0,100.0,48.511674554069806
2026-04-18 16:14:34,100.0,100.0,48.49594078547741
2026-04-18 16:14:49,100.0,100.0,48.48020701688501
2026-04-18 16:15:04,100.0,100.0,48.46447324829262
2026-04-18 16:15:19,100.0,100.0,48.44873947970022
2026-04-18 16:15:34,100.0,100.0,48.433005711107825
2026-04-18 16:15:49,100.0,100.0,48.41727194251543
2026-04-18 16:16:04,100.0,100.0,48.401538173923036
2026-04-18 16:16:19,100.0,100.0,48.38580440533064
2026-04-18 16:16:34,100.0,100.0,48.37007063673824
2026-04-18 16:16:49,100.0,100.0,48.35433686814585
2026-04-18 16:17:04,100.0,100.0,48.33860309955345
2026-04-18 16:17:19,100.0,100.0,48.322869330961055
2026-04-18 16:17:34,100.0,100.0,48.307135562368664
2026-04-18 16:17:49,100.0,100.0,48.29140179377627
2026-04-18 16:18:04,100.0,100.0,48.27566802518387
2026-04-18 16:18:19,100.0,100.0,48.25993425659148
2026-04-18 16:18:34,100.0,100.0,48.24420048799908
2026-04-18 16:18:49,100.0,100.0,48.22846671940668
2026-04-18 16:19:04,100.0,100.0,48.212732950814285
2026-04-18 16:19:19,100.0,100.0,48.196999182221894
2026-04-18 16:19:34,100.0,100.0,48.1812654136295
2026-04-18 16:19:49,100.0,100.0,48.1655316450371
2026-04-18 16:20:04,100.0,100.0,48.14979787644471
2026-04-18 16:20:19,100.0,100.0,48.13406410785231
2026-04-18 16:20:34,100.0,100.0,48.11833033925991
2026-04-18 16:20:49,100.0,100.0,48.102596570667515
2026-04-18 16:21:04,100.0,100.0,48.086862802075125
2026-04-18 16:21:19,100.0,100.0,48.07112903348273
2026-04-18 16:21:34,100.0,100.0,48.05539526489033
2026-04-18 16:21:49,100.0,100.0,48.03966149629794
2026-04-18 16:22:04,100.0,100.0,48.02392772770554
2026-04-18 16:22:19,100.0,100.0,48.00819395911314
2026-04-18 16:22:34,100.0,100.0,47.99246019052075
2026-04-18 16:22:49,100.0,100.0,47.976726421928355
2026-04-18 16:23:04,100.0,100.0,47.96099265333596
2026-04-18 16:23:19,100.0,100.0,47.945258884743566
2026-04-18 16:23:34,100.0,100.0,47.92952511615117
2026-04-18 16:23:49,100.0,100.0,47.91379134755877
2026-04-18 16:24:04,100.0,100.0,47.89805757896637
2026-04-18 16:24:19,100.0,100.0,47.88232381037398
2026-04-18 16:24:34,100.0,100.0,47.866590041781585
2026-04-18 16:24:49,100.0,100.0,47.85085627318919
2026-04-18 16:25:04,100.0,100.0,47.8351225045968
2026-04-18 16:25:19,100.0,100.0,47.8193887360044
2026-04-18 16:25:34,100.0,100.0,47.803654967412
2026-04-18 16:25:49,100.0,100.0,47.7879211988196
2026-04-18 16:26:04,100.0,100.0,47.77218743022721
2026-04-18 16:26:19,100.0,100.0,47.756453661634815
2026-04-18 16:26:34,100.0,100.0,47.74071989304242
2026-04-18 16:26:49,100.0,100.0,47.72498612445003
2026-04-18 16:27:04,100.0,100.0,47.70925235585763
2026-04-18 16:27:19,100.0,100.0,47.69351858726523
2026-04-18 16:27:34,100.0,100.0,47.67778481867284
2026-04-18 16:27:49,100.0,100.0,47.66205105008044
2026-04-18 16:28:04,100.0,100.0,47.646317281488045
2026-04-18 16:28:19,100.0,100.0,47.630583512895655
2026-04-18 16:28:34,100.0,100.0,47.61484974430326
2026-04-18 16:28:49,100.0,100.0,47.59911597571086
2026-04-18 16:29:04,100.0,100.0,47.58338220711846
2026-04-18 16:29:19,100.0,100.0,47.56764843852607
2026-04-18 16:29:34,100.0,100.0,47.55191466993367
2026-04-18 16:29:49,100.0,100.0,47.536180901341275
2026-04-18 16:30:04,100.0,100.0,47.520447132748885
2026-04-18 16:30:19,100.0,100.0,47.50471336415649
2026-04-18 16:30:34,100.0,100.0,47.48897959556409
2026-04-18 16:30:49,100.0,100.0,47.47324582697169
2026-04-18 16:31:04,100.0,100.0,47.4575120583793
2026-04-18 16:31:19,100.0,100.0,47.4417782897869
2026-04-18 16:31:34,100.0,100.0,47.426044521194505
2026-04-18 16:31:49,100.0,100.0,47.410310752602115
2026-04-18 16:32:04,100.0,100.0,47.39457698400972
2026-04-18 16:32:19,100.0,100.0,47.37884321541732
2026-04-18 16:32:34,100.0,100.0,47.36310944682493
2026-04-18 16:32:49,100.0,100.0,47.34737567823253
2026-04-18 16:33:04,100.0,100.0,47.33164190964013
2026-04-18 16:33:19,100.0,100.0,47.31590814104774
2026-04-18 16:33:34,100.0,100.0,47.300174372455345
2026-04-18 16:33:49,100.0,100.0,47.28444060386295
2026-04-18 16:34:04,100.0,100.0,47.26870683527055
2026-04-18 16:34:19,100.0,100.0,47.25297306667816
2026-04-18 16:34:34,100.0,100.0,47.23723929808576
2026-04-18 16:34:49,100.0,100.0,47.22150552949336
2026-04-18 16:35:04,100.0,100.0,47.20577176090097
2026-04-18 16:35:19,100.0,100.0,47.190037992308575
2026-04-18 16:35:34,100.0,100.0,47.17430422371618
2026-04-18 16:35:49,100.0,100.0,47.15857045512378
2026-04-18 16:36:04,100.0,100.0,47.14283668653139
2026-04-18 16:36:19,100.0,100.0,47.12710291793899
2026-04-18 16:36:34,100.0,100.0,47.111369149346594
2026-04-18 16:36:49,100.0,100.0,47.0956353807542
2026-04-18 16:37:04,100.0,100.0,47.079901612161805
2026-04-18 16:37:19,100.0,100.0,47.06416784356941
2026-04-18 16:37:34,100.0,100.0,47.04843407497702
2026-04-18 16:37:49,100.0,100.0,47.03270030638462
2026-04-18 16:38:04,100.0,100.0,47.01696653779222
2026-04-18 16:38:19,100.0,100.0,47.00123276919983
2026-04-18 16:38:34,100.0,100.0,46.98549900060743
2026-04-18 16:38:49,100.0,100.0,46.969765232015035
2026-04-18 16:39:04,100.0,100.0,46.95403146342264
2026-04-18 16:39:19,100.0,100.0,46.93829769483025
2026-04-18 16:39:34,100.0,100.0,46.92256392623785
2026-04-18 16:39:49,100.0,100.0,46.90683015764545
2026-04-18 16:40:04,100.0,100.0,46.89109638905306
2026-04-18 16:40:19,100.0,100.0,46.87536262046066
2026-04-18 16:40:34,100.0,100.0,46.859628851868266
2026-04-18 16:40:49,100.0,100.0,46.84389508327587
2026-04-18 16:41:04,100.0,100.0,46.82816131468348
2026-04-18 16:41:19,100.0,100.0,46.81242754609108
2026-04-18 16:41:34,100.0,100.0,46.79669377749868
2026-04-18 16:41:49,100.0,100.0,46.78096000890629
2026-04-18 16:42:04,100.0,100.0,46.76522624031389
2026-04-18 16:42:19,100.0,100.0,46.749492471721496
2026-04-18 16:42:34,100.0,100.0,46.733758703129105
2026-04-18 16:42:49,100.0,100.0,46.71802493453671
2026-04-18 16:43:04,100.0,100.0,46.70229116594431
2026-04-18 16:43:19,100.0,100.0,46.68655739735192
2026-04-18 16:43:34,100.0,100.0,46.67082362875952
2026-04-18 16:43:49,100.0,100.0,46.655089860167124
2026-04-18 16:44:04,100.0,100.0,46.639356091574726
2026-04-18 16:44:19,100.0,100.0,46.623622322982335
2026-04-18 16:44:34,100.0,100.0,46.60788855438994
2026-04-18 16:44:49,100.0,100.0,46.59215478579754
2026-04-18 16:45:04,100.0,100.0,46.57642101720515
2026-04-18 16:45:19,100.0,100.0,46.56068724861275
2026-04-18 16:45:34,100.0,100.0,46.544953480020354
2026-04-18 16:45:49,100.0,100.0,46.529219711427956
2026-04-18 16:46:04,100.0,100.0,46.513485942835565
2026-04-18 16:46:19,100.0,100.0,46.49775217424317
2026-04-18 16:46:34,100.0,100.0,46.48201840565077
2026-04-18 16:46:49,100.0,100.0,46.46628463705838
2026-04-18 16:47:04,100.0,100.0,46.45055086846598
2026-04-18 16:47:19,100.0,100.0,46.434817099873584
2026-04-18 16:47:34,100.0,100.0,46.41908333128119
2026-04-18 16:47:49,100.0,100.0,46.403349562688796
2026-04-18 16:48:04,100.0,100.0,46.3876157940964
2026-04-18 16:48:19,100.0,100.0,46.37188202550401
2026-04-18 16:48:34,100.0,100.0,46.35614825691161
2026-04-18 16:48:49,100.0,100.0,46.34041448831921
2026-04-18 16:49:04,100.0,100.0,46.324680719726814
2026-04-18 16:49:19,100.0,100.0,46.30894695113442
2026-04-18 16:49:34,100.0,100.0,46.293213182542026
2026-04-18 16:49:49,100.0,100.0,46.27747941394963
2026-04-18 16:50:04,100.0,100.0,46.26174564535724
2026-04-18 16:50:19,100.0,100.0,46.24601187676484
2026-04-18 16:50:34,100.0,100.0,46.23027810817244
2026-04-18 16:50:49,100.0,100.0,46.214544339580044
2026-04-18 16:51:04,100.0,100.0,46.19881057098765
2026-04-18 16:51:19,100.0,100.0,46.183076802395256
2026-04-18 16:51:34,100.0,100.0,46.16734303380286
2026-04-18 16:51:49,100.0,100.0,46.15160926521047
2026-04-18 16:52:04,100.0,100.0,46.13587549661807
2026-04-18 16:52:19,100.0,100.0,46.12014172802567
2026-04-18 16:52:34,100.0,100.0,46.10440795943328
2026-04-18 16:52:49,100.0,100.0,46.088674190840884
2026-04-18 16:53:04,100.0,100.0,46.072940422248486
2026-04-18 16:53:19,100.0,100.0,46.057206653656095
2026-04-18 16:53:34,100.0,100.0,46.0414728850637
2026-04-18 16:53:49,100.0,100.0,46.0257391164713
2026-04-18 16:54:04,100.0,100.0,46.0100053478789
2026-04-18 16:54:19,100.0,100.0,45.99427157928651
2026-04-18 16:54:34,100.0,100.0,45.978537810694114
2026-04-18 16:54:49,100.0,100.0,45.962804042101716
2026-04-18 16:55:04,100.0,100.0,45.947070273509325
2026-04-18 16:55:19,100.0,100.0,45.93133650491693
2026-04-18 16:55:34,100.0,100.0,45.91560273632453
2026-04-18 16:55:49,100.0,100.0,45.89986896773213
2026-04-18 16:56:04,100.0,100.0,45.88413519913974
2026-04-18 16:56:19,100.0,100.0,45.868401430547344
2026-04-18 16:56:34,100.0,100.0,45.852667661954946
2026-04-18 16:56:49,100.0,100.0,45.836933893362556
2026-04-18 16:57:04,100.0,100.0,45.82120012477016
2026-04-18 16:57:19,100.0,100.0,45.80546635617776
2026-04-18 16:57:34,100.0,100.0,45.78973258758537
2026-04-18 16:57:49,100.0,100.0,45.77399881899297
2026-04-18 16:58:04,100.0,100.0,45.758265050400574
2026-04-18 16:58:19,100.0,100.0,45.74253128180818
2026-04-18 16:58:34,100.0,100.0,45.726797513215786
2026-04-18 16:58:49,100.0,100.0,45.71106374462339
2026-04-18 16:59:04,100.0,100.0,45.69532997603099
2026-04-18 16:59:19,100.0,100.0,45.6795962074386
2026-04-18 16:59:34,100.0,100.0,45.6638624388462
2026-04-18 16:59:49,100.0,100.0,45.648128670253804
2026-04-18 17:00:04,100.0,100.0,45.632394901661414
2026-04-18 17:00:19,100.0,100.0,45.616661133069016
2026-04-18 17:00:34,100.0,100.0,45.60092736447662
2026-04-18 17:00:49,100.0,100.0,45.58519359588422
2026-04-18 17:01:04,100.0,100.0,45.56945982729183
2026-04-18 17:01:19,100.0,100.0,45.55372605869943
2026-04-18 17:01:34,100.0,100.0,45.537992290107034
2026-04-18 17:01:49,100.0,100.0,45.522258521514644
2026-04-18 17:02:04,100.0,100.0,45.506524752922246
2026-04-18 17:02:19,100.0,100.0,45.49079098432985
2026-04-18 17:02:34,100.0,100.0,45.47505721573746
2026-04-18 17:02:49,100.0,100.0,45.45932344714506
2026-04-18 17:03:04,100.0,100.0,45.44358967855266
2026-04-18 17:03:19,100.0,100.0,45.42785590996027
2026-04-18 17:03:34,100.0,100.0,45.412122141367874
2026-04-18 17:03:49,100.0,100.0,45.396388372775476
2026-04-18 17:04:04,100.0,100.0,45.38065460418308
2026-04-18 17:04:19,100.0,100.0,45.36492083559069
2026-04-18 17:04:34,100.0,100.0,45.34918706699829
2026-04-18 17:04:49,100.0,100.0,45.33345329840589
2026-04-18 17:05:04,100.0,100.0,45.3177195298135
2026-04-18 17:05:19,100.0,100.0,45.301985761221104
2026-04-18 17:05:34,100.0,100.0,45.286251992628706
2026-04-18 17:05:49,100.0,100.0,45.27051822403631
2026-04-18 17:06:04,100.0,100.0,45.25478445544392
2026-04-18 17:06:19,100.0,100.0,45.23905068685152
2026-04-18 17:06:34,100.0,100.0,45.22331691825912
2026-04-18 17:06:49,100.0,100.0,45.20758314966673
2026-04-18 17:07:04,100.0,100.0,45.191849381074334
2026-04-18 17:07:19,100.0,100.0,45.17611561248194
2026-04-18 17:07:34,100.0,100.0,45.160381843889546
2026-04-18 17:07:49,100.0,100.0,45.14464807529715
2026-04-18 17:08:04,100.0,100.0,45.12891430670475
2026-04-18 17:08:19,100.0,100.0,45.11318053811236
2026-04-18 17:08:34,100.0,100.0,45.09744676951996
2026-04-18 17:08:49,100.0,100.0,45.081713000927564
2026-04-18 17:09:04,100.0,100.0,45.06597923233517
2026-04-18 17:09:19,100.0,100.0,45.050245463742776
2026-04-18 17:09:34,100.0,100.0,45.03451169515038
2026-04-18 17:09:49,100.0,100.0,45.01877792655798
2026-04-18 17:10:04,100.0,100.0,45.00304415796559
2026-04-18 17:10:19,100.0,100.0,44.98731038937319
2026-04-18 17:10:34,100.0,100.0,44.971576620780795
2026-04-18 17:10:49,100.0,100.0,44.9558428521884
2026-04-18 17:11:04,100.0,100.0,44.940109083596006
2026-04-18 17:11:19,100.0,100.0,44.92437531500361
2026-04-18 17:11:34,100.0,100.0,44.90864154641121
2026-04-18 17:11:49,100.0,100.0,44.89290777781882
2026-04-18 17:12:04,100.0,100.0,44.87717400922642
2026-04-18 17:12:19,100.0,100.0,44.861440240634025
2026-04-18 17:12:34,100.0,100.0,44.845706472041634
2026-04-18 17:12:49,100.0,100.0,44.829972703449236
2026-04-18 17:13:04,100.0,100.0,44.81423893485684
2026-04-18 17:13:19,100.0,100.0,44.79850516626445
2026-04-18 17:13:34,100.0,100.0,44.78277139767205
2026-04-18 17:13:49,100.0,100.0,44.76703762907965
2026-04-18 17:14:04,100.0,100.0,44.751303860487255
2026-04-18 17:14:19,100.0,100.0,44.735570091894864
2026-04-18 17:14:34,100.0,100.0,44.71983632330247
2026-04-18 17:14:49,100.0,100.0,44.70410255471007
2026-04-18 17:15:04,100.0,100.0,44.68836878611768
2026-04-18 17:15:19,100.0,100.0,44.67263501752528
2026-04-18 17:15:34,100.0,100.0,44.65690124893288
2026-04-18 17:15:49,100.0,100.0,44.641167480340485
2026-04-18 17:16:04,100.0,100.0,44.625433711748094
2026-04-18 17:16:19,100.0,100.0,44.6096999431557
2026-04-18 17:16:34,100.0,100.0,44.5939661745633
2026-04-18 17:16:49,100.0,100.0,44.57823240597091
2026-04-18 17:17:04,100.0,100.0,44.56249863737851
2026-04-18 17:17:19,100.0,100.0,44.54676486878611
2026-04-18 17:17:34,100.0,100.0,44.531031100193715
2026-04-18 17:17:49,100.0,100.0,44.515297331601325
2026-04-18 17:18:04,100.0,100.0,44.49956356300893
2026-04-18 17:18:19,100.0,100.0,44.483829794416536
2026-04-18 17:18:34,100.0,100.0,44.46809602582414
2026-04-18 17:18:49,100.0,100.0,44.45236225723174
2026-04-18 17:19:04,100.0,100.0,44.43662848863934
2026-04-18 17:19:19,100.0,100.0,44.42089472004695
2026-04-18 17:19:34,100.0,100.0,44.405160951454555
2026-04-18 17:19:49,100.0,100.0,44.38942718286216
2026-04-18 17:20:04,100.0,100.0,44.373693414269766
2026-04-18 17:20:19,100.0,100.0,44.35795964567737
2026-04-18 17:20:34,100.0,100.0,44.34222587708497
2026-04-18 17:20:49,100.0,100.0,44.32649210849257
2026-04-18 17:21:04,100.0,100.0,44.31075833990018
2026-04-18 17:21:19,100.0,100.0,44.295024571307785
2026-04-18 17:21:34,100.0,100.0,44.27929080271539
2026-04-18 17:21:49,100.0,100.0,44.263557034123
2026-04-18 17:22:04,100.0,100.0,44.2478232655306
2026-04-18 17:22:19,100.0,100.0,44.2320894969382
2026-04-18 17:22:34,100.0,100.0,44.2163557283458
2026-04-18 17:22:49,100.0,100.0,44.20062195975341
2026-04-18 17:23:04,100.0,100.0,44.184888191161015
2026-04-18 17:23:19,100.0,100.0,44.169154422568624
2026-04-18 17:23:34,100.0,100.0,44.15342065397623
2026-04-18 17:23:49,100.0,100.0,44.13768688538383
2026-04-18 17:24:04,100.0,100.0,44.12195311679143
2026-04-18 17:24:19,100.0,100.0,44.10621934819904
2026-04-18 17:24:34,100.0,100.0,44.09048557960664
2026-04-18 17:24:49,100.0,100.0,44.074751811014245
2026-04-18 17:25:04,100.0,100.0,44.059018042421854
2026-04-18 17:25:19,100.0,100.0,44.04328427382946
2026-04-18 17:25:34,87.5,100.0,44.02755050523706
2026-04-18 17:25:49,87.5,100.0,44.01181673664466
2026-04-18 17:26:04,87.5,100.0,43.99608296805227
2026-04-18 17:26:19,87.5,100.0,43.98034919945987
2026-04-18 17:26:34,87.5,100.0,43.964615430867475
2026-04-18 17:26:49,87.5,100.0,43.948881662275085
2026-04-18 17:27:04,87.5,100.0,43.93314789368269
2026-04-18 17:27:19,87.5,100.0,43.91741412509029
2026-04-18 17:27:34,87.5,100.0,43.90168035649789
2026-04-18 17:27:49,87.5,100.0,43.8859465879055
2026-04-18 17:28:04,87.5,100.0,43.8702128193131
2026-04-18 17:28:19,87.5,100.0,43.85447905072071
2026-04-18 17:28:34,87.5,100.0,43.838745282128315
2026-04-18 17:28:49,87.5,100.0,43.82301151353592
2026-04-18 17:29:04,87.5,100.0,43.80727774494352
2026-04-18 17:29:19,87.5,100.0,43.79154397635113
2026-04-18 17:29:34,87.5,100.0,43.77581020775873
2026-04-18 17:29:49,87.5,100.0,43.76007643916633
2026-04-18 17:30:04,87.5,100.0,43.74434267057394
2026-04-18 17:30:19,87.5,100.0,43.728608901981545
2026-04-18 17:30:34,87.5,100.0,43.71287513338915
2026-04-18 17:30:49,87.5,100.0,43.69714136479675
2026-04-18 17:31:04,87.5,100.0,43.68140759620436
2026-04-18 17:31:19,87.5,100.0,43.66567382761196
2026-04-18 17:31:34,87.5,100.0,43.64994005901956
2026-04-18 17:31:49,87.5,100.0,43.63420629042717
2026-04-18 17:32:04,87.5,100.0,43.618472521834775
2026-04-18 17:32:19,87.5,100.0,43.60273875324238
2026-04-18 17:32:34,87.5,100.0,43.58700498464998
2026-04-18 17:32:49,87.5,100.0,43.57127121605759
2026-04-18 17:33:04,87.5,100.0,43.55553744746519
2026-04-18 17:33:19,87.5,100.0,43.5398036788728
2026-04-18 17:33:34,87.5,100.0,43.5240699102804
2026-04-18 17:33:49,87.5,100.0,43.508336141688005
2026-04-18 17:34:04,87.5,100.0,43.49260237309561
2026-04-18 17:34:19,87.5,100.0,43.47686860450322
2026-04-18 17:34:34,87.5,100.0,43.46113483591082
2026-04-18 17:34:49,87.5,100.0,43.44540106731842
2026-04-18 17:35:04,87.5,100.0,43.42966729872603
2026-04-18 17:35:19,87.5,100.0,43.41393353013363
2026-04-18 17:35:34,87.5,100.0,43.398199761541235
2026-04-18 17:35:49,87.5,100.0,43.38246599294884
2026-04-18 17:36:04,87.5,100.0,43.36673222435645
2026-04-18 17:36:19,87.5,100.0,43.35099845576405
2026-04-18 17:36:34,87.5,100.0,43.33526468717165
2026-04-18 17:36:49,87.5,100.0,43.31953091857926
2026-04-18 17:37:04,87.5,100.0,43.30379714998686
2026-04-18 17:37:19,87.5,100.0,43.288063381394466
2026-04-18 17:37:34,87.5,100.0,43.27232961280207
2026-04-18 17:37:49,87.5,100.0,43.25659584420968
2026-04-18 17:38:04,87.5,100.0,43.24086207561728
2026-04-18 17:38:19,87.5,100.0,43.22512830702489
2026-04-18 17:38:34,87.5,100.0,43.20939453843249
2026-04-18 17:38:49,87.5,100.0,43.19366076984009
2026-04-18 17:39:04,87.5,100.0,43.177927001247696
2026-04-18 17:39:19,87.5,100.0,43.162193232655305
2026-04-18 17:39:34,87.5,100.0,43.14645946406291
2026-04-18 17:39:49,87.5,100.0,43.13072569547051
2026-04-18 17:40:04,87.5,100.0,43.11499192687812
2026-04-18 17:40:19,87.5,100.0,43.09925815828572
2026-04-18 17:40:34,87.5,100.0,43.08352438969332
2026-04-18 17:40:49,87.5,100.0,43.067790621100926
2026-04-18 17:41:04,87.5,100.0,43.052056852508535
2026-04-18 17:41:19,87.5,100.0,43.03632308391614
2026-04-18 17:41:34,87.5,100.0,43.02058931532374
2026-04-18 17:41:49,87.5,100.0,43.00485554673135
2026-04-18 17:42:04,87.5,100.0,42.98912177813895
2026-04-18 17:42:19,87.5,100.0,42.973388009546554
2026-04-18 17:42:34,87.5,100.0,42.957654240954156
2026-04-18 17:42:49,87.5,100.0,42.941920472361765
2026-04-18 17:43:04,87.5,100.0,42.92618670376937
2026-04-18 17:43:19,87.5,100.0,42.91045293517698
2026-04-18 17:43:34,87.5,100.0,42.89471916658458
2026-04-18 17:43:49,87.5,100.0,42.87898539799218
2026-04-18 17:44:04,87.5,100.0,42.863251629399784
2026-04-18 17:44:19,87.5,100.0,42.84751786080739
2026-04-18 17:44:34,87.5,100.0,42.831784092214995
2026-04-18 17:44:49,87.5,100.0,42.8160503236226
2026-04-18 17:45:04,87.5,100.0,42.80031655503021
2026-04-18 17:45:19,87.5,100.0,42.78458278643781
2026-04-18 17:45:34,87.5,100.0,42.76884901784541
2026-04-18 17:45:49,87.5,100.0,42.753115249253014
2026-04-18 17:46:04,87.5,100.0,42.73738148066062
2026-04-18 17:46:19,87.5,100.0,42.721647712068226
2026-04-18 17:46:34,87.5,100.0,42.70591394347583
2026-04-18 17:46:49,87.5,100.0,42.69018017488344
2026-04-18 17:47:04,87.5,100.0,42.67444640629104
2026-04-18 17:47:19,87.5,100.0,42.65871263769864
2026-04-18 17:47:34,87.5,100.0,42.642978869106244
2026-04-18 17:47:49,87.5,100.0,42.62724510051385
2026-04-18 17:48:04,87.5,100.0,42.611511331921456
2026-04-18 17:48:19,87.5,100.0,42.595777563329065
2026-04-18 17:48:34,87.5,100.0,42.58004379473667
2026-04-18 17:48:49,87.5,100.0,42.56431002614427
2026-04-18 17:49:04,87.5,100.0,42.54857625755187
2026-04-18 17:49:19,87.5,100.0,42.53284248895948
2026-04-18 17:49:34,87.5,100.0,42.517108720367084
2026-04-18 17:49:49,87.5,100.0,42.501374951774686
2026-04-18 17:50:04,87.5,100.0,42.485641183182295
2026-04-18 17:50:19,87.5,100.0,42.4699074145899
2026-04-18 17:50:34,87.5,100.0,42.4541736459975
2026-04-18 17:50:49,87.5,100.0,42.4384398774051
2026-04-18 17:51:04,87.5,100.0,42.42270610881271
2026-04-18 17:51:19,87.5,100.0,42.406972340220314
2026-04-18 17:51:34,87.5,100.0,42.391238571627916
2026-04-18 17:51:49,87.5,100.0,42.375504803035525
2026-04-18 17:52:04,87.5,100.0,42.35977103444313
2026-04-18 17:52:19,87.5,100.0,42.34403726585073
2026-04-18 17:52:34,87.5,100.0,42.32830349725833
2026-04-18 17:52:49,87.5,100.0,42.31256972866594
2026-04-18 17:53:04,87.5,100.0,42.296835960073544
2026-04-18 17:53:19,87.5,100.0,42.28110219148115
2026-04-18 17:53:34,87.5,100.0,42.265368422888756
2026-04-18 17:53:49,87.5,100.0,42.24963465429636
2026-04-18 17:54:04,87.5,100.0,42.23390088570396
2026-04-18 17:54:19,87.5,100.0,42.21816711711157
2026-04-18 17:54:34,87.5,100.0,42.20243334851917
2026-04-18 17:54:49,87.5,100.0,42.186699579926774
2026-04-18 17:55:04,87.5,100.0,42.17096581133438
2026-04-18 17:55:19,87.5,100.0,42.155232042741986
2026-04-18 17:55:34,87.5,100.0,42.13949827414959
2026-04-18 17:55:49,87.5,100.0,42.12376450555719
2026-04-18 17:56:04,87.5,100.0,42.1080307369648
2026-04-18 17:56:19,87.5,100.0,42.0922969683724
2026-04-18 17:56:34,87.5,100.0,42.076563199780004
2026-04-18 17:56:49,87.5,100.0,42.060829431187614
2026-04-18 17:57:04,87.5,100.0,42.045095662595216
2026-04-18 17:57:19,87.5,100.0,42.02936189400282
2026-04-18 17:57:34,87.5,100.0,42.01362812541042
2026-04-18 17:57:49,87.5,100.0,41.99789435681803
2026-04-18 17:58:04,87.5,100.0,41.98216058822563
2026-04-18 17:58:19,87.5,100.0,41.966426819633234
2026-04-18 17:58:34,87.5,100.0,41.950693051040844
2026-04-18 17:58:49,87.5,100.0,41.934959282448446
2026-04-18 17:59:04,87.5,100.0,41.91922551385605
2026-04-18 17:59:19,87.5,100.0,41.90349174526366
2026-04-18 17:59:34,87.5,100.0,41.88775797667126
2026-04-18 17:59:49,87.5,100.0,41.87202420807886
2026-04-18 18:00:04,87.5,100.0,41.85123122989721
2026-04-18 18:00:19,87.5,100.0,41.81652542534508
2026-04-18 18:00:34,87.5,100.0,41.78181962079295
2026-04-18 18:00:49,87.5,100.0,41.74711381624083
2026-04-18 18:01:04,87.5,100.0,41.7124080116887
2026-04-18 18:01:19,87.5,100.0,41.67770220713657
2026-04-18 18:01:34,87.5,100.0,41.642996402584444
2026-04-18 18:01:49,87.5,100.0,41.60829059803232
2026-04-18 18:02:04,87.5,100.0,41.573584793480194
2026-04-18 18:02:19,87.5,100.0,41.53887898892806
2026-04-18 18:02:34,87.5,100.0,41.50417318437594
2026-04-18 18:02:49,87.5,100.0,41.46946737982381
2026-04-18 18:03:04,87.5,100.0,41.434761575271686
2026-04-18 18:03:19,87.5,100.0,41.400055770719554
2026-04-18 18:03:34,87.5,100.0,41.36534996616743
2026-04-18 18:03:49,87.5,100.0,41.330644161615304
2026-04-18 18:04:04,87.5,100.0,41.29593835706318
2026-04-18 18:04:19,87.5,100.0,41.261232552511046
2026-04-18 18:04:34,87.5,100.0,41.22652674795892
2026-04-18 18:04:49,87.5,100.0,41.191820943406796
2026-04-18 18:05:04,87.5,100.0,41.15711513885467
2026-04-18 18:05:19,87.5,100.0,41.12240933430254
2026-04-18 18:05:34,87.5,100.0,41.087703529750414
2026-04-18 18:05:49,87.5,100.0,41.05299772519829
2026-04-18 18:06:04,87.5,100.0,41.01829192064616
2026-04-18 18:06:19,87.5,100.0,40.98358611609403
2026-04-18 18:06:34,87.5,100.0,40.948880311541906
2026-04-18 18:06:49,87.5,100.0,40.91417450698978
2026-04-18 18:07:04,87.5,100.0,40.879468702437656
2026-04-18 18:07:19,87.5,100.0,40.84476289788552
2026-04-18 18:07:34,87.5,100.0,40.8100570933334
2026-04-18 18:07:49,87.5,100.0,40.77535128878127
2026-04-18 18:08:04,87.5,100.0,40.74064548422915
2026-04-18 18:08:19,87.5,100.0,40.705939679677016
2026-04-18 18:08:34,87.5,100.0,40.67123387512489
2026-04-18 18:08:49,87.5,100.0,40.636528070572766
2026-04-18 18:09:04,87.5,100.0,40.60182226602063
2026-04-18 18:09:19,87.5,100.0,40.56711646146851
2026-04-18 18:09:34,87.5,100.0,40.53241065691638
2026-04-18 18:09:49,87.5,100.0,40.49770485236426
2026-04-18 18:10:04,87.5,100.0,40.462999047812126
2026-04-18 18:10:19,87.5,100.0,40.42829324326
2026-04-18 18:10:34,87.5,100.0,40.393587438707875
2026-04-18 18:10:49,87.5,100.0,40.35888163415575
2026-04-18 18:11:04,87.5,100.0,40.32417582960362
2026-04-18 18:11:19,87.5,100.0,40.28947002505149
2026-04-18 18:11:34,87.5,100.0,40.25476422049937
2026-04-18 18:11:49,87.5,100.0,40.22005841594724
2026-04-18 18:12:04,87.5,100.0,40.18535261139511
2026-04-18 18:12:19,87.5,100.0,40.150646806842985
2026-04-18 18:12:34,87.5,100.0,40.11594100229086
2026-04-18 18:12:49,87.5,100.0,40.081235197738735
2026-04-18 18:13:04,87.5,100.0,40.0465293931866
2026-04-18 18:13:19,87.5,100.0,40.01182358863448
2026-04-18 18:13:34,87.5,100.0,39.97711778408235
2026-04-18 18:13:49,87.5,100.0,39.94241197953023
2026-04-18 18:14:04,87.5,100.0,39.907706174978095
2026-04-18 18:14:19,87.5,100.0,39.87300037042597
2026-04-18 18:14:34,87.5,100.0,39.838294565873845
2026-04-18 18:14:49,87.5,100.0,39.80358876132172
2026-04-18 18:15:04,87.5,100.0,39.76888295676959
2026-04-18 18:15:19,87.5,100.0,39.73417715221746
2026-04-18 18:15:34,87.5,100.0,39.69947134766534
2026-04-18 18:15:49,87.5,100.0,39.66476554311321
2026-04-18 18:16:04,87.5,100.0,39.63005973856108
2026-04-18 18:16:19,87.5,100.0,39.595353934008955
2026-04-18 18:16:34,87.5,100.0,39.56064812945683
2026-04-18 18:16:49,87.5,100.0,39.525942324904705
2026-04-18 18:17:04,87.5,100.0,39.49123652035257
2026-04-18 18:17:19,87.5,100.0,39.45653071580045
2026-04-18 18:17:34,87.5,100.0,39.42182491124832
2026-04-18 18:17:49,87.5,100.0,39.38711910669619
2026-04-18 18:18:04,87.5,100.0,39.352413302144065
2026-04-18 18:18:19,87.5,100.0,39.31770749759194
2026-04-18 18:18:34,87.5,100.0,39.283001693039814
2026-04-18 18:18:49,87.5,100.0,39.24829588848768
2026-04-18 18:19:04,87.5,100.0,39.21359008393556
2026-04-18 18:19:19,87.5,100.0,39.17888427938343
2026-04-18 18:19:34,87.5,100.0,39.14417847483131
2026-04-18 18:19:49,87.5,100.0,39.109472670279175
2026-04-18 18:20:04,87.5,100.0,39.07476686572705
2026-04-18 18:20:19,87.5,100.0,39.040061061174924
2026-04-18 18:20:34,87.5,100.0,39.0053552566228
2026-04-18 18:20:49,87.5,100.0,38.97064945207067
2026-04-18 18:21:04,87.5,100.0,38.93594364751854
2026-04-18 18:21:19,87.5,100.0,38.90123784296642
2026-04-18 18:21:34,87.5,100.0,38.86653203841429
2026-04-18 18:21:49,87.5,100.0,38.83182623386216
2026-04-18 18:22:04,87.5,100.0,38.797120429310034
2026-04-18 18:22:19,87.5,100.0,38.76241462475791
2026-04-18 18:22:34,87.5,100.0,38.727708820205784
2026-04-18 18:22:49,87.5,100.0,38.69300301565365
2026-04-18 18:23:04,87.5,100.0,38.65829721110153
2026-04-18 18:23:19,87.5,100.0,38.6235914065494
2026-04-18 18:23:34,87.5,100.0,38.588885601997276
2026-04-18 18:23:49,87.5,100.0,38.554179797445144
2026-04-18 18:24:04,87.5,100.0,38.51947399289302
2026-04-18 18:24:19,87.5,100.0,38.484768188340894
2026-04-18 18:24:34,87.5,100.0,38.45006238378877
2026-04-18 18:24:49,87.5,100.0,38.41535657923664
2026-04-18 18:25:04,87.5,100.0,38.38065077468451
2026-04-18 18:25:19,87.5,100.0,38.345944970132386
2026-04-18 18:25:34,87.5,100.0,38.31123916558026
2026-04-18 18:25:49,87.5,100.0,38.27653336102813
2026-04-18 18:26:04,87.5,100.0,38.241827556476004
2026-04-18 18:26:19,87.5,100.0,38.20712175192388
2026-04-18 18:26:34,87.5,100.0,38.172415947371746
2026-04-18 18:26:49,87.5,100.0,38.13771014281962
2026-04-18 18:27:04,87.5,100.0,38.103004338267496
2026-04-18 18:27:19,112.5,100.0,38.06829853371537
2026-04-18 18:27:34,87.5,100.0,38.03359272916324
2026-04-18 18:27:49,87.5,100.0,37.998886924611114
2026-04-18 18:28:04,87.5,100.0,37.96418112005899
2026-04-18 18:28:19,87.5,100.0,37.92947531550686
2026-04-18 18:28:34,87.5,100.0,37.89476951095473
2026-04-18 18:28:49,87.5,100.0,37.860063706402606
2026-04-18 18:29:04,87.5,100.0,37.82535790185048
2026-04-18 18:29:19,87.5,100.0,37.790652097298356
2026-04-18 18:29:34,87.5,100.0,37.75594629274622
2026-04-18 18:29:49,87.5,100.0,37.7212404881941
2026-04-18 18:30:04,87.5,100.0,37.68653468364197
2026-04-18 18:30:19,87.5,100.0,37.65182887908985
2026-04-18 18:30:34,87.5,100.0,37.617123074537716
2026-04-18 18:30:49,87.5,100.0,37.58241726998559
2026-04-18 18:31:04,87.5,100.0,37.547711465433466
2026-04-18 18:31:19,87.5,100.0,37.51300566088134
2026-04-18 18:31:34,87.5,100.0,37.47829985632921
2026-04-18 18:31:49,87.5,100.0,37.44359405177708
2026-04-18 18:32:04,87.5,100.0,37.40888824722496
2026-04-18 18:32:19,87.5,100.0,37.37418244267283
2026-04-18 18:32:34,87.5,100.0,37.3394766381207
2026-04-18 18:32:49,87.5,100.0,37.304770833568575
2026-04-18 18:33:04,87.5,100.0,37.27006502901645
2026-04-18 18:33:19,87.5,100.0,37.23535922446432
2026-04-18 18:33:34,87.5,100.0,37.20065341991219
2026-04-18 18:33:49,87.5,100.0,37.16594761536007
2026-04-18 18:34:04,87.5,100.0,37.13124181080794
2026-04-18 18:34:19,87.5,100.0,37.09653600625582
2026-04-18 18:34:34,87.5,100.0,37.061830201703685
2026-04-18 18:34:49,87.5,100.0,37.02712439715156
2026-04-18 18:35:04,87.5,100.0,36.992418592599435
2026-04-18 18:35:19,87.5,100.0,36.9577127880473
2026-04-18 18:35:34,87.5,100.0,36.92300698349518
2026-04-18 18:35:49,87.5,100.0,36.88830117894305
2026-04-18 18:36:04,87.5,100.0,36.85359537439093
2026-04-18 18:36:19,87.5,100.0,36.8188895698388
2026-04-18 18:36:34,87.5,100.0,36.78418376528667
2026-04-18 18:36:49,87.5,100.0,36.749477960734545
2026-04-18 18:37:04,87.5,100.0,36.71477215618242
2026-04-18 18:37:19,87.5,100.0,36.68006635163029
2026-04-18 18:37:34,87.5,100.0,36.64536054707816
2026-04-18 18:37:49,87.5,100.0,36.61065474252604
2026-04-18 18:38:04,87.5,100.0,36.57594893797391
2026-04-18 18:38:19,87.5,100.0,36.54124313342178
2026-04-18 18:38:34,87.5,100.0,36.506537328869655
2026-04-18 18:38:49,112.5,100.0,36.47183152431753
2026-04-18 18:39:04,112.5,100.0,36.437125719765405
2026-04-18 18:39:19,112.5,100.0,36.40241991521327
2026-04-18 18:39:34,112.5,100.0,36.36771411066115
2026-04-18 18:39:49,112.5,100.0,36.33300830610902
2026-04-18 18:40:04,112.5,100.0,36.2983025015569
2026-04-18 18:40:19,112.5,100.0,36.263596697004765
2026-04-18 18:40:34,112.5,100.0,36.22889089245264
2026-04-18 18:40:49,112.5,100.0,36.194185087900514
2026-04-18 18:41:04,112.5,100.0,36.15947928334839
2026-04-18 18:41:19,112.5,100.0,36.12477347879626
2026-04-18 18:41:34,112.5,100.0,36.09006767424413
2026-04-18 18:41:49,87.5,100.0,36.05536186969201
2026-04-18 18:42:04,87.5,100.0,36.020656065139875
2026-04-18 18:42:19,87.5,100.0,35.98595026058775
2026-04-18 18:42:34,87.5,100.0,35.951244456035624
2026-04-18 18:42:49,87.5,100.0,35.9165386514835
2026-04-18 18:43:04,87.5,100.0,35.881832846931374
2026-04-18 18:43:19,87.5,100.0,35.84712704237924
2026-04-18 18:43:34,87.5,100.0,35.81242123782712
2026-04-18 18:43:49,87.5,100.0,35.77771543327499
2026-04-18 18:44:04,87.5,100.0,35.74300962872286
2026-04-18 18:44:19,87.5,100.0,35.708303824170734
2026-04-18 18:44:34,87.5,100.0,35.67359801961861
2026-04-18 18:44:49,87.5,100.0,35.638892215066484
2026-04-18 18:45:04,87.5,100.0,35.60418641051436
2026-04-18 18:45:19,87.5,100.0,35.56948060596223
2026-04-18 18:45:34,87.5,100.0,35.5347748014101
2026-04-18 18:45:49,87.5,100.0,35.500068996857976
2026-04-18 18:46:04,87.5,100.0,35.465363192305844
2026-04-18 18:46:19,87.5,100.0,35.43065738775372
2026-04-18 18:46:34,87.5,100.0,35.395951583201594
2026-04-18 18:46:49,87.5,100.0,35.36124577864947
2026-04-18 18:47:04,112.5,100.0,35.32653997409734
2026-04-18 18:47:19,112.5,100.0,35.29183416954521
2026-04-18 18:47:34,112.5,100.0,35.257128364993086
2026-04-18 18:47:49,112.5,100.0,35.22242256044096
2026-04-18 18:48:04,112.5,100.0,35.18771675588883
2026-04-18 18:48:19,112.5,100.0,35.153010951336704
2026-04-18 18:48:34,112.5,100.0,35.11830514678458
2026-04-18 18:48:49,112.5,100.0,35.08359934223245
2026-04-18 18:49:04,112.5,100.0,35.04889353768032
2026-04-18 18:49:19,112.5,100.0,35.014187733128196
2026-04-18 18:49:34,112.5,100.0,34.97948192857607
2026-04-18 18:49:49,112.5,100.0,34.944776124023946
2026-04-18 18:50:04,112.5,100.0,34.910070319471814
2026-04-18 18:50:19,112.5,100.0,34.87536451491969
2026-04-18 18:50:34,112.5,100.0,34.84065871036756
2026-04-18 18:50:49,112.5,100.0,34.80595290581543
2026-04-18 18:51:04,112.5,100.0,34.771247101263306
2026-04-18 18:51:19,112.5,100.0,34.73654129671118
2026-04-18 18:51:34,112.5,100.0,34.701835492159056
2026-04-18 18:51:49,112.5,100.0,34.66712968760693
2026-04-18 18:52:04,112.5,100.0,34.6324238830548
2026-04-18 18:52:19,112.5,100.0,34.59771807850267
2026-04-18 18:52:34,112.5,100.0,34.56301227395055
2026-04-18 18:52:49,112.5,100.0,34.528306469398416
2026-04-18 18:53:04,112.5,100.0,34.49360066484629
2026-04-18 18:53:19,112.5,100.0,34.458894860294166
2026-04-18 18:53:34,112.5,100.0,34.42418905574204
2026-04-18 18:53:49,112.5,100.0,34.389483251189915
2026-04-18 18:54:04,112.5,100.0,34.35477744663778
2026-04-18 18:54:19,112.5,100.0,34.32007164208566
2026-04-18 18:54:34,112.5,100.0,34.28536583753353
2026-04-18 18:54:49,112.5,100.0,34.2506600329814
2026-04-18 18:55:04,112.5,100.0,34.215954228429275
2026-04-18 18:55:19,112.5,100.0,34.18124842387715
2026-04-18 18:55:34,112.5,100.0,34.146542619325025
2026-04-18 18:55:49,112.5,100.0,34.11183681477289
2026-04-18 18:56:04,112.5,100.0,34.07713101022077
2026-04-18 18:56:19,112.5,100.0,34.04242520566864
2026-04-18 18:56:34,112.5,100.0,34.00771940111652
2026-04-18 18:56:49,112.5,100.0,33.973013596564385
2026-04-18 18:57:04,112.5,100.0,33.93830779201226
2026-04-18 18:57:19,112.5,100.0,33.903601987460135
2026-04-18 18:57:34,112.5,100.0,33.86889618290801
2026-04-18 18:57:49,112.5,100.0,33.83419037835588
2026-04-18 18:58:04,112.5,100.0,33.79948457380375
2026-04-18 18:58:19,112.5,100.0,33.76477876925163
2026-04-18 18:58:34,100.0,100.0,33.7300729646995
2026-04-18 18:58:49,112.5,100.0,33.69536716014737
2026-04-18 18:59:04,100.0,100.0,33.660661355595245
2026-04-18 18:59:19,100.0,100.0,33.62595555104312
2026-04-18 18:59:34,100.0,100.0,33.59124974649099
2026-04-18 18:59:49,100.0,100.0,33.55654394193886
2026-04-18 19:00:04,87.5,100.0,33.52183813738674
2026-04-18 19:00:19,87.5,100.0,33.48713233283461
2026-04-18 19:00:34,87.5,100.0,33.45242652828249
2026-04-18 19:00:49,87.5,100.0,33.417720723730355
2026-04-18 19:01:04,87.5,100.0,33.38301491917823
2026-04-18 19:01:19,87.5,100.0,33.348309114626105
2026-04-18 19:01:34,87.5,100.0,33.31360331007397
2026-04-18 19:01:49,87.5,100.0,33.27889750552185
2026-04-18 19:02:04,75.0,99.24812030075188,33.24419170096972
2026-04-18 19:02:19,75.0,98.49624060150376,33.2094858964176
2026-04-18 19:02:34,75.0,97.74436090225564,33.17478009186547
2026-04-18 19:02:49,75.0,96.99248120300751,33.14007428731334
2026-04-18 19:03:04,112.5,96.2406015037594,33.105368482761214
2026-04-18 19:03:19,112.5,95.48872180451127,33.07066267820909
2026-04-18 19:03:34,75.0,94.73684210526315,33.03595687365696
2026-04-18 19:03:49,75.0,93.98496240601504,33.00125106910483
2026-04-18 19:04:04,75.0,94.57364341085271,32.96654526455271
2026-04-18 19:04:19,75.0,93.7984496124031,32.93183946000058
2026-04-18 19:04:34,75.0,93.02325581395348,32.89713365544846
2026-04-18 19:04:49,112.5,92.24806201550388,32.862427850896324
2026-04-18 19:05:04,75.0,91.47286821705426,32.8277220463442
2026-04-18 19:05:19,75.0,90.69767441860465,32.793016241792074
2026-04-18 19:05:34,75.0,90.69767441860465,32.75831043723994
2026-04-18 19:05:49,75.0,90.69767441860465,32.72360463268782
2026-04-18 19:06:04,75.0,90.69767441860465,32.68889882813569
2026-04-18 19:06:19,75.0,89.92248062015504,32.65419302358356
2026-04-18 19:06:34,87.5,89.14728682170544,32.619487219031434
2026-04-18 19:06:49,87.5,88.37209302325581,32.58478141447931
2026-04-18 19:07:04,87.5,87.59689922480621,32.550075609927184
2026-04-18 19:07:19,87.5,86.82170542635659,32.51536980537506
2026-04-18 19:07:34,112.5,86.04651162790698,32.48066400082293
2026-04-18 19:07:49,87.5,85.27131782945736,32.4459581962708
2026-04-18 19:08:04,112.5,84.49612403100775,32.411252391718676
2026-04-18 19:08:19,112.5,83.72093023255815,32.376546587166544
2026-04-18 19:08:34,112.5,82.94573643410853,32.34184078261442
2026-04-18 19:08:49,112.5,82.17054263565892,32.307134978062294
2026-04-18 19:09:04,112.5,81.3953488372093,32.27242917351017
2026-04-18 19:09:19,112.5,80.62015503875969,32.237723368958044
2026-04-18 19:09:34,112.5,79.84496124031007,32.20301756440591
2026-04-18 19:09:49,112.5,79.06976744186046,32.168311759853786
2026-04-18 19:10:04,112.5,78.29457364341084,32.13360595530166
2026-04-18 19:10:19,112.5,77.51937984496125,32.09890015074953
2026-04-18 19:10:34,112.5,77.51937984496125,32.064194346197404
2026-04-18 19:10:49,112.5,77.51937984496125,32.02948854164528
2026-04-18 19:11:04,112.5,76.8,31.994782737093153
2026-04-18 19:11:19,112.5,76.8,31.960076932541025
2026-04-18 19:11:34,112.5,76.8,31.925371127988896
2026-04-18 19:11:49,87.5,76.8,31.89066532343677
2026-04-18 19:12:04,87.5,76.8,31.855959518884646
2026-04-18 19:12:19,87.5,76.8,31.821253714332517
2026-04-18 19:12:34,87.5,76.8,31.78654790978039
2026-04-18 19:12:49,87.5,76.8,31.751842105228263
2026-04-18 19:13:04,87.5,76.8,31.717136300676138
2026-04-18 19:13:19,87.5,76.8,31.68243049612401
2026-04-18 19:13:34,87.5,76.8,31.64772469157188
2026-04-18 19:13:49,87.5,76.8,31.613018887019756
2026-04-18 19:14:04,87.5,76.8,31.578313082467627
2026-04-18 19:14:19,87.5,76.8,31.5436072779155
2026-04-18 19:14:34,87.5,76.8,31.508901473363373
2026-04-18 19:14:49,87.5,76.8,31.474195668811248
2026-04-18 19:15:04,87.5,76.8,31.43948986425912
2026-04-18 19:15:19,87.5,76.8,31.40478405970699
2026-04-18 19:15:34,87.5,76.8,31.370078255154866
2026-04-18 19:15:49,87.5,76.8,31.33537245060274
2026-04-18 19:16:04,87.5,76.8,31.30066664605061
2026-04-18 19:16:19,87.5,76.8,31.265960841498483
2026-04-18 19:16:34,100.0,76.8,31.231255036946358
2026-04-18 19:16:49,100.0,76.8,31.196549232394233
2026-04-18 19:17:04,100.0,76.8,31.161843427842104
2026-04-18 19:17:19,100.0,76.8,31.127137623289975
2026-04-18 19:17:34,100.0,76.8,31.09243181873785
2026-04-18 19:17:49,100.0,76.8,31.057726014185725
2026-04-18 19:18:04,100.0,76.8,31.023020209633597
2026-04-18 19:18:19,87.5,76.03305785123968,30.988314405081468
2026-04-18 19:18:34,87.5,76.03305785123968,30.953608600529343
2026-04-18 19:18:49,87.5,76.03305785123968,30.918902795977218
2026-04-18 19:19:04,87.5,76.03305785123968,30.88419699142509
2026-04-18 19:19:19,87.5,76.03305785123968,30.84949118687296
2026-04-18 19:19:34,87.5,76.03305785123968,30.814785382320835
2026-04-18 19:19:49,87.5,76.03305785123968,30.78007957776871
2026-04-18 19:20:04,87.5,76.03305785123968,30.74537377321658
2026-04-18 19:20:19,87.5,76.03305785123968,30.710667968664453
2026-04-18 19:20:34,87.5,76.03305785123968,30.675962164112327
2026-04-18 19:20:49,87.5,76.03305785123968,30.641256359560202
2026-04-18 19:21:04,87.5,76.03305785123968,30.606550555008074
2026-04-18 19:21:19,100.0,76.03305785123968,30.571844750455945
2026-04-18 19:21:34,100.0,76.03305785123968,30.53713894590382
2026-04-18 19:21:49,100.0,76.03305785123968,30.502433141351695
2026-04-18 19:22:04,100.0,76.03305785123968,30.467727336799566
2026-04-18 19:22:19,100.0,76.03305785123968,30.433021532247437
2026-04-18 19:22:34,100.0,76.03305785123968,30.398315727695312
2026-04-18 19:22:49,100.0,76.03305785123968,30.363609923143184
2026-04-18 19:23:04,87.5,76.03305785123968,30.328904118591055
2026-04-18 19:23:19,87.5,76.03305785123968,30.29419831403893
2026-04-18 19:23:34,87.5,76.03305785123968,30.259492509486805
2026-04-18 19:23:49,87.5,76.03305785123968,30.224786704934676
2026-04-18 19:24:04,87.5,76.03305785123968,30.190080900382547
2026-04-18 19:24:19,87.5,76.03305785123968,30.155375095830422
2026-04-18 19:24:34,87.5,76.03305785123968,30.120669291278297
2026-04-18 19:24:49,87.5,76.03305785123968,30.08596348672617
2026-04-18 19:25:04,87.5,76.03305785123968,30.05125768217404
2026-04-18 19:25:19,87.5,76.03305785123968,30.016551877621914
2026-04-18 19:25:34,87.5,75.21367521367522,29.98184607306979
2026-04-18 19:25:49,87.5,75.21367521367522,29.94714026851766
2026-04-18 19:26:04,87.5,75.21367521367522,29.912434463965532
2026-04-18 19:26:19,87.5,75.21367521367522,29.877728659413407
2026-04-18 19:26:34,87.5,75.21367521367522,29.84302285486128
2026-04-18 19:26:49,87.5,75.21367521367522,29.808317050309153
2026-04-18 19:27:04,87.5,75.21367521367522,29.773611245757024
2026-04-18 19:27:19,87.5,75.21367521367522,29.7389054412049
2026-04-18 19:27:34,87.5,75.21367521367522,29.704199636652774
2026-04-18 19:27:49,87.5,75.21367521367522,29.669493832100645
2026-04-18 19:28:04,87.5,75.21367521367522,29.634788027548517
2026-04-18 19:28:19,87.5,75.21367521367522,29.60008222299639
2026-04-18 19:28:34,87.5,75.21367521367522,29.565376418444266
2026-04-18 19:28:49,87.5,75.21367521367522,29.530670613892138
2026-04-18 19:29:04,87.5,75.21367521367522,29.49596480934001
2026-04-18 19:29:19,87.5,75.21367521367522,29.461259004787884
2026-04-18 19:29:34,87.5,75.21367521367522,29.42655320023576
2026-04-18 19:29:49,87.5,75.21367521367522,29.39184739568363
2026-04-18 19:30:04,87.5,75.21367521367522,29.3571415911315
2026-04-18 19:30:19,87.5,75.21367521367522,29.322435786579376
2026-04-18 19:30:34,87.5,75.21367521367522,29.28772998202725
2026-04-18 19:30:49,87.5,75.21367521367522,29.253024177475123
2026-04-18 19:31:04,87.5,75.21367521367522,29.218318372922994
2026-04-18 19:31:19,87.5,75.21367521367522,29.18361256837087
2026-04-18 19:31:34,87.5,75.21367521367522,29.14890676381874
2026-04-18 19:31:49,87.5,75.21367521367522,29.11420095926661
2026-04-18 19:32:04,87.5,75.21367521367522,29.079495154714486
2026-04-18 19:32:19,87.5,75.21367521367522,29.04478935016236
2026-04-18 19:32:34,87.5,75.21367521367522,29.010083545610232
2026-04-18 19:32:49,87.5,75.22123893805309,28.975377741058104
2026-04-18 19:33:04,87.5,76.10619469026548,28.94067193650598
2026-04-18 19:33:19,87.5,76.99115044247787,28.905966131953853
2026-04-18 19:33:34,87.5,77.87610619469027,28.871260327401725
2026-04-18 19:33:49,87.5,78.76106194690266,28.836554522849596
2026-04-18 19:34:04,87.5,79.64601769911505,28.80184871829747
2026-04-18 19:34:19,87.5,80.53097345132744,28.767142913745346
2026-04-18 19:34:34,87.5,81.41592920353983,28.732437109193217
2026-04-18 19:34:49,87.5,82.30088495575221,28.69773130464109
2026-04-18 19:35:04,87.5,83.1858407079646,28.663025500088963
2026-04-18 19:35:19,87.5,84.070796460177,28.628319695536838
2026-04-18 19:35:34,87.5,84.95575221238938,28.59361389098471
2026-04-18 19:35:49,87.5,84.95575221238938,28.55890808643258
2026-04-18 19:36:04,87.5,84.95575221238938,28.524202281880456
2026-04-18 19:36:19,87.5,84.95575221238938,28.48949647732833
2026-04-18 19:36:34,87.5,85.84070796460178,28.454790672776202
2026-04-18 19:36:49,87.5,86.72566371681415,28.420084868224073
2026-04-18 19:37:04,87.5,87.61061946902655,28.385379063671948
2026-04-18 19:37:19,87.5,88.49557522123894,28.350673259119823
2026-04-18 19:37:34,87.5,89.38053097345133,28.315967454567694
2026-04-18 19:37:49,87.5,90.2654867256637,28.281261650015566
2026-04-18 19:38:04,87.5,91.1504424778761,28.24655584546344
2026-04-18 19:38:19,87.5,92.03539823008849,28.211850040911315
2026-04-18 19:38:34,87.5,92.92035398230088,28.177144236359187
2026-04-18 19:38:49,87.5,93.80530973451327,28.142438431807058
2026-04-18 19:39:04,87.5,94.69026548672566,28.107732627254933
2026-04-18 19:39:19,87.5,95.57522123893806,28.073026822702808
2026-04-18 19:39:34,87.5,96.46017699115043,28.03832101815068
2026-04-18 19:39:49,87.5,97.34513274336283,28.00361521359855
2026-04-18 19:40:04,87.5,100.0,27.968909409046425
2026-04-18 19:40:19,87.5,100.0,27.934203604494297
2026-04-18 19:40:34,87.5,100.0,27.899497799942168
2026-04-18 19:40:49,87.5,100.0,27.864791995390043
2026-04-18 19:41:04,87.5,100.0,27.830086190837918
2026-04-18 19:41:19,87.5,100.0,27.79538038628579
2026-04-18 19:41:34,87.5,100.0,27.76067458173366
2026-04-18 19:41:49,87.5,100.0,27.725968777181535
2026-04-18 19:42:04,87.5,100.0,27.69126297262941
2026-04-18 19:42:19,87.5,100.0,27.65655716807728
2026-04-18 19:42:34,87.5,100.0,27.621851363525153
2026-04-18 19:42:49,87.5,100.0,27.587145558973027
2026-04-18 19:43:04,87.5,100.0,27.552439754420902
2026-04-18 19:43:19,87.5,100.0,27.517733949868774
2026-04-18 19:43:34,87.5,100.0,27.483028145316645
2026-04-18 19:43:49,87.5,100.0,27.44832234076452
2026-04-18 19:44:04,87.5,100.0,27.413616536212395
2026-04-18 19:44:19,87.5,100.0,27.378910731660266
2026-04-18 19:44:34,87.5,100.0,27.344204927108137
2026-04-18 19:44:49,87.5,100.0,27.309499122556012
2026-04-18 19:45:04,87.5,100.0,27.274793318003887
2026-04-18 19:45:19,87.5,100.0,27.24008751345176
2026-04-18 19:45:34,87.5,100.0,27.20538170889963
2026-04-18 19:45:49,87.5,100.0,27.170675904347505
2026-04-18 19:46:04,87.5,100.0,27.13597009979538
2026-04-18 19:46:19,87.5,100.0,27.10126429524325
2026-04-18 19:46:34,87.5,100.0,27.066558490691122
2026-04-18 19:46:49,87.5,100.0,27.031852686138997
2026-04-18 19:47:04,87.5,100.0,26.997146881586872
2026-04-18 19:47:19,87.5,100.0,26.962441077034743
2026-04-18 19:47:34,87.5,100.0,26.927735272482614
2026-04-18 19:47:49,87.5,100.0,26.89302946793049
2026-04-18 19:48:04,87.5,100.0,26.858323663378364
2026-04-18 19:48:19,87.5,100.0,26.823617858826236
2026-04-18 19:48:34,87.5,100.0,26.788912054274107
2026-04-18 19:48:49,87.5,100.0,26.75420624972198
2026-04-18 19:49:04,87.5,100.0,26.719500445169853
2026-04-18 19:49:19,87.5,100.0,26.684794640617724
2026-04-18 19:49:34,87.5,100.0,26.6500888360656
2026-04-18 19:49:49,87.5,100.0,26.615383031513474
2026-04-18 19:50:04,87.5,100.0,26.580677226961345
2026-04-18 19:50:19,87.5,100.0,26.545971422409217
2026-04-18 19:50:34,87.5,100.0,26.51126561785709
2026-04-18 19:50:49,87.5,100.0,26.476559813304966
2026-04-18 19:51:04,100.0,100.0,26.441854008752838
2026-04-18 19:51:19,100.0,100.0,26.40714820420071
2026-04-18 19:51:34,100.0,100.0,26.372442399648584
2026-04-18 19:51:49,100.0,100.0,26.33773659509646
2026-04-18 19:52:04,100.0,100.0,26.30303079054433
2026-04-18 19:52:19,100.0,100.0,26.2683249859922
2026-04-18 19:52:34,100.0,100.0,26.233619181440076
2026-04-18 19:52:49,100.0,100.0,26.19891337688795
2026-04-18 19:53:04,100.0,100.0,26.164207572335823
2026-04-18 19:53:19,100.0,100.0,26.129501767783694
2026-04-18 19:53:34,100.0,100.0,26.09479596323157
2026-04-18 19:53:49,100.0,100.0,26.060090158679444
2026-04-18 19:54:04,100.0,100.0,26.025384354127315
2026-04-18 19:54:19,100.0,100.0,25.990678549575186
2026-04-18 19:54:34,100.0,100.0,25.95597274502306
2026-04-18 19:54:49,100.0,100.0,25.921266940470936
2026-04-18 19:55:04,100.0,100.0,25.886561135918807
2026-04-18 19:55:19,100.0,100.0,25.85185533136668
2026-04-18 19:55:34,100.0,100.0,25.817149526814553
2026-04-18 19:55:49,100.0,100.0,25.782443722262425
2026-04-18 19:56:04,100.0,100.0,25.7477379177103
2026-04-18 19:56:19,100.0,100.0,25.71303211315817
2026-04-18 19:56:34,100.0,100.0,25.678326308606046
2026-04-18 19:56:49,100.0,100.0,25.643620504053917
2026-04-18 19:57:04,100.0,100.0,25.608914699501792
2026-04-18 19:57:19,100.0,100.0,25.574208894949663
2026-04-18 19:57:34,100.0,100.0,25.539503090397538
2026-04-18 19:57:49,100.0,100.0,25.50479728584541
2026-04-18 19:58:04,100.0,100.0,25.470091481293284
2026-04-18 19:58:19,100.0,100.0,25.435385676741156
2026-04-18 19:58:34,100.0,100.0,25.40067987218903
2026-04-18 19:58:49,100.0,100.0,25.365974067636902
2026-04-18 19:59:04,100.0,100.0,25.331268263084777
2026-04-18 19:59:19,100.0,100.0,25.296562458532648
2026-04-18 19:59:34,100.0,100.0,25.261856653980523
2026-04-18 19:59:49,100.0,100.0,25.227150849428394
2026-04-18 20:00:04,100.0,100.0,25.21424531931906
2026-04-18 20:00:19,100.0,100.0,25.2612905439274
2026-04-18 20:00:34,100.0,100.0,25.30833576853575
2026-04-18 20:00:49,100.0,100.0,25.35538099314409
2026-04-18 20:01:04,100.0,100.0,25.402426217752435
2026-04-18 20:01:19,100.0,100.0,25.449471442360778
2026-04-18 20:01:34,100.0,100.0,25.49651666696912
2026-04-18 20:01:49,100.0,100.0,25.54356189157747
2026-04-18 20:02:04,100.0,100.0,25.59060711618581
2026-04-18 20:02:19,100.0,100.0,25.637652340794155
2026-04-18 20:02:34,100.0,100.0,25.684697565402498
2026-04-18 20:02:49,100.0,100.0,25.73174279001084
2026-04-18 20:03:04,100.0,100.0,25.778788014619185
2026-04-18 20:03:19,100.0,100.0,25.82583323922753
2026-04-18 20:03:34,100.0,100.0,25.872878463835875
2026-04-18 20:03:49,100.0,100.0,25.919923688444218
2026-04-18 20:04:04,100.0,100.0,25.96696891305256
2026-04-18 20:04:19,100.0,100.0,26.014014137660904
2026-04-18 20:04:34,100.0,100.0,26.061059362269248
2026-04-18 20:04:49,100.0,100.0,26.108104586877594
2026-04-18 20:05:04,100.0,100.0,26.155149811485938
2026-04-18 20:05:19,100.0,100.0,26.20219503609428
2026-04-18 20:05:34,100.0,100.0,26.249240260702624
2026-04-18 20:05:49,100.0,100.0,26.296285485310968
2026-04-18 20:06:04,100.0,100.0,26.343330709919314
2026-04-18 20:06:19,100.0,100.0,26.390375934527658
2026-04-18 20:06:34,100.0,100.0,26.437421159136
2026-04-18 20:06:49,100.0,100.0,26.484466383744344
2026-04-18 20:07:04,100.0,100.0,26.531511608352687
2026-04-18 20:07:19,100.0,100.0,26.57855683296103
2026-04-18 20:07:34,100.0,100.0,26.625602057569377
2026-04-18 20:07:49,100.0,100.0,26.67264728217772
2026-04-18 20:08:04,100.0,100.0,26.719692506786064
2026-04-18 20:08:19,100.0,100.0,26.766737731394407
2026-04-18 20:08:34,100.0,100.0,26.81378295600275
2026-04-18 20:08:49,100.0,100.0,26.860828180611094
2026-04-18 20:09:04,100.0,100.0,26.90787340521944
2026-04-18 20:09:19,100.0,100.0,26.954918629827784
2026-04-18 20:09:34,100.0,100.0,27.001963854436127
2026-04-18 20:09:49,100.0,100.0,27.04900907904447
2026-04-18 20:10:04,100.0,100.0,27.096054303652814
2026-04-18 20:10:19,100.0,100.0,27.14309952826116
2026-04-18 20:10:34,100.0,100.0,27.190144752869504
2026-04-18 20:10:49,100.0,100.0,27.237189977477847
2026-04-18 20:11:04,100.0,100.0,27.28423520208619
2026-04-18 20:11:19,100.0,100.0,27.331280426694534
2026-04-18 20:11:34,100.0,100.0,27.37832565130288
2026-04-18 20:11:49,100.0,100.0,27.425370875911224
2026-04-18 20:12:04,100.0,100.0,27.472416100519567
2026-04-18 20:12:19,100.0,100.0,27.51946132512791
2026-04-18 20:12:34,100.0,100.0,27.566506549736253
2026-04-18 20:12:49,100.0,100.0,27.613551774344597
2026-04-18 20:13:04,100.0,100.0,27.66059699895294
2026-04-18 20:13:19,100.0,100.0,27.707642223561287
2026-04-18 20:13:34,100.0,100.0,27.75468744816963
2026-04-18 20:13:49,100.0,100.0,27.801732672777973
2026-04-18 20:14:04,100.0,100.0,27.848777897386316
2026-04-18 20:14:19,100.0,100.0,27.89582312199466
2026-04-18 20:14:34,100.0,100.0,27.942868346603007
2026-04-18 20:14:49,100.0,100.0,27.98991357121135
2026-04-18 20:15:04,100.0,100.0,28.036958795819693
2026-04-18 20:15:19,100.0,100.0,28.084004020428036
2026-04-18 20:15:34,100.0,100.0,28.13104924503638
2026-04-18 20:15:49,100.0,100.0,28.178094469644726
2026-04-18 20:16:04,100.0,100.0,28.22513969425307
2026-04-18 20:16:19,87.5,100.0,28.272184918861413
2026-04-18 20:16:34,100.0,100.0,28.319230143469756
2026-04-18 20:16:49,100.0,100.0,28.3662753680781
2026-04-18 20:17:04,100.0,100.0,28.413320592686443
2026-04-18 20:17:19,100.0,100.0,28.460365817294786
2026-04-18 20:17:34,100.0,100.0,28.507411041903133
2026-04-18 20:17:49,100.0,100.0,28.554456266511476
2026-04-18 20:18:04,100.0,100.0,28.60150149111982
2026-04-18 20:18:19,100.0,100.0,28.648546715728163
2026-04-18 20:18:34,100.0,100.0,28.695591940336506
2026-04-18 20:18:49,100.0,100.0,28.742637164944853
2026-04-18 20:19:04,100.0,100.0,28.789682389553196
2026-04-18 20:19:19,100.0,100.0,28.83672761416154
2026-04-18 20:19:34,100.0,100.0,28.883772838769882
2026-04-18 20:19:49,100.0,100.0,28.930818063378226
2026-04-18 20:20:04,100.0,100.0,28.977863287986573
2026-04-18 20:20:19,100.0,100.0,29.024908512594916
2026-04-18 20:20:34,100.0,100.0,29.07195373720326
2026-04-18 20:20:49,100.0,100.0,29.118998961811602
2026-04-18 20:21:04,100.0,100.0,29.166044186419946
2026-04-18 20:21:19,100.0,100.0,29.213089411028292
2026-04-18 20:21:34,100.0,100.0,29.260134635636632
2026-04-18 20:21:49,100.0,100.0,29.30717986024498
2026-04-18 20:22:04,100.0,100.0,29.354225084853322
2026-04-18 20:22:19,100.0,100.0,29.401270309461665
2026-04-18 20:22:34,100.0,100.0,29.44831553407001
2026-04-18 20:22:49,100.0,100.0,29.495360758678352
2026-04-18 20:23:04,100.0,100.0,29.5424059832867
2026-04-18 20:23:19,100.0,100.0,29.589451207895042
2026-04-18 20:23:34,100.0,100.0,29.636496432503385
2026-04-18 20:23:49,100.0,100.0,29.68354165711173
2026-04-18 20:24:04,100.0,100.0,29.730586881720072
2026-04-18 20:24:19,100.0,100.0,29.77763210632842
2026-04-18 20:24:34,100.0,100.0,29.824677330936762
2026-04-18 20:24:49,100.0,100.0,29.871722555545105
2026-04-18 20:25:04,100.0,100.0,29.91876778015345
2026-04-18 20:25:19,100.0,100.0,29.96581300476179
2026-04-18 20:25:34,100.0,100.0,30.01285822937014
2026-04-18 20:25:49,100.0,100.0,30.059903453978478
2026-04-18 20:26:04,100.0,100.0,30.106948678586825
2026-04-18 20:26:19,100.0,100.0,30.15399390319517
2026-04-18 20:26:34,100.0,100.0,30.20103912780351
2026-04-18 20:26:49,100.0,100.0,30.248084352411855
2026-04-18 20:27:04,100.0,100.0,30.295129577020198
2026-04-18 20:27:19,100.0,100.0,30.342174801628545
2026-04-18 20:27:34,100.0,100.0,30.389220026236888
2026-04-18 20:27:49,100.0,100.0,30.43626525084523
2026-04-18 20:28:04,100.0,100.0,30.483310475453575
2026-04-18 20:28:19,100.0,100.0,30.530355700061918
2026-04-18 20:28:34,100.0,100.0,30.577400924670265
2026-04-18 20:28:49,100.0,100.0,30.624446149278608
2026-04-18 20:29:04,100.0,100.0,30.67149137388695
2026-04-18 20:29:19,100.0,100.0,30.718536598495294
2026-04-18 20:29:34,100.0,100.0,30.765581823103638
2026-04-18 20:29:49,100.0,100.0,30.812627047711985
2026-04-18 20:30:04,100.0,100.0,30.859672272320324
2026-04-18 20:30:19,100.0,100.0,30.90671749692867
2026-04-18 20:30:34,100.0,100.0,30.953762721537014
2026-04-18 20:30:49,100.0,100.0,31.000807946145358
2026-04-18 20:31:04,100.0,100.0,31.0478531707537
2026-04-18 20:31:19,100.0,100.0,31.094898395362044
2026-04-18 20:31:34,100.0,100.0,31.14194361997039
2026-04-18 20:31:49,100.0,100.0,31.188988844578734
2026-04-18 20:32:04,100.0,100.0,31.236034069187077
2026-04-18 20:32:19,100.0,100.0,31.28307929379542
2026-04-18 20:32:34,100.0,100.0,31.330124518403764
2026-04-18 20:32:49,100.0,100.0,31.37716974301211
2026-04-18 20:33:04,100.0,100.0,31.424214967620454
2026-04-18 20:33:19,100.0,100.0,31.471260192228797
2026-04-18 20:33:34,100.0,100.0,31.51830541683714
2026-04-18 20:33:49,100.0,100.0,31.565350641445484
2026-04-18 20:34:04,100.0,100.0,31.61239586605383
2026-04-18 20:34:19,100.0,100.0,31.65944109066217
2026-04-18 20:34:34,100.0,100.0,31.706486315270517
2026-04-18 20:34:49,100.0,100.0,31.75353153987886
2026-04-18 20:35:04,100.0,100.0,31.800576764487204
2026-04-18 20:35:19,100.0,100.0,31.847621989095547
2026-04-18 20:35:34,100.0,100.0,31.89466721370389
2026-04-18 20:35:49,100.0,100.0,31.941712438312237
2026-04-18 20:36:04,100.0,100.0,31.98875766292058
2026-04-18 20:36:19,100.0,100.0,32.035802887528924
2026-04-18 20:36:34,100.0,100.0,32.08284811213727
2026-04-18 20:36:49,100.0,100.0,32.12989333674561
2026-04-18 20:37:04,100.0,100.0,32.17693856135396
2026-04-18 20:37:19,100.0,100.0,32.2239837859623
2026-04-18 20:37:34,100.0,100.0,32.27102901057064
2026-04-18 20:37:49,100.0,100.0,32.31807423517898
2026-04-18 20:38:04,100.0,100.0,32.36511945978733
2026-04-18 20:38:19,100.0,100.0,32.41216468439568
2026-04-18 20:38:34,100.0,100.0,32.45920990900402
2026-04-18 20:38:49,100.0,100.0,32.50625513361236
2026-04-18 20:39:04,100.0,100.0,32.55330035822071
2026-04-18 20:39:19,100.0,100.0,32.60034558282905
2026-04-18 20:39:34,100.0,100.0,32.6473908074374
2026-04-18 20:39:49,100.0,100.0,32.694436032045736
2026-04-18 20:40:04,100.0,100.0,32.74148125665408
2026-04-18 20:40:19,100.0,100.0,32.78852648126242
2026-04-18 20:40:34,100.0,100.0,32.83557170587077
2026-04-18 20:40:49,100.0,100.0,32.88261693047912
2026-04-18 20:41:04,100.0,100.0,32.929662155087456
2026-04-18 20:41:19,100.0,100.0,32.9767073796958
2026-04-18 20:41:34,100.0,100.0,33.02375260430414
2026-04-18 20:41:49,100.0,100.0,33.07079782891249
2026-04-18 20:42:04,100.0,100.0,33.11784305352083
2026-04-18 20:42:19,100.0,100.0,33.164888278129176
2026-04-18 20:42:34,100.0,100.0,33.21193350273752
2026-04-18 20:42:49,100.0,100.0,33.25897872734586
2026-04-18 20:43:04,100.0,100.0,33.30602395195421
2026-04-18 20:43:19,100.0,100.0,33.353069176562556
2026-04-18 20:43:34,100.0,100.0,33.400114401170896
2026-04-18 20:43:49,100.0,100.0,33.44715962577924
2026-04-18 20:44:04,100.0,100.0,33.49420485038758
2026-04-18 20:44:19,100.0,100.0,33.54125007499593
2026-04-18 20:44:34,100.0,100.0,33.58829529960427
2026-04-18 20:44:49,100.0,100.0,33.635340524212616
2026-04-18 20:45:04,100.0,100.0,33.68238574882096
2026-04-18 20:45:19,100.0,100.0,33.7294309734293
2026-04-18 20:45:34,100.0,100.0,33.77647619803765
2026-04-18 20:45:49,100.0,100.0,33.82352142264599
2026-04-18 20:46:04,100.0,100.0,33.870566647254336
2026-04-18 20:46:19,100.0,100.0,33.917611871862675
2026-04-18 20:46:34,100.0,100.0,33.96465709647102
2026-04-18 20:46:49,100.0,100.0,34.01170232107937
2026-04-18 20:47:04,100.0,100.0,34.05874754568771
2026-04-18 20:47:19,100.0,100.0,34.105792770296055
2026-04-18 20:47:34,100.0,100.0,34.1528379949044
2026-04-18 20:47:49,100.0,100.0,34.19988321951274
2026-04-18 20:48:04,100.0,100.0,34.24692844412109
2026-04-18 20:48:19,100.0,100.0,34.29397366872943
2026-04-18 20:48:34,100.0,100.0,34.341018893337775
2026-04-18 20:48:49,100.0,100.0,34.388064117946115
2026-04-18 20:49:04,100.0,100.0,34.43510934255446
2026-04-18 20:49:19,100.0,100.0,34.48215456716281
2026-04-18 20:49:34,100.0,100.0,34.52919979177115
2026-04-18 20:49:49,100.0,100.0,34.576245016379495
2026-04-18 20:50:04,100.0,100.0,34.62329024098784
2026-04-18 20:50:19,100.0,100.0,34.67033546559618
2026-04-18 20:50:34,100.0,100.0,34.71738069020452
2026-04-18 20:50:49,100.0,100.0,34.76442591481287
2026-04-18 20:51:04,100.0,100.0,34.811471139421215
2026-04-18 20:51:19,100.0,100.0,34.858516364029555
2026-04-18 20:51:34,100.0,100.0,34.9055615886379
2026-04-18 20:51:49,100.0,100.0,34.95260681324625
2026-04-18 20:52:04,100.0,100.0,34.99965203785459
2026-04-18 20:52:19,100.0,100.0,35.046697262462935
2026-04-18 20:52:34,100.0,100.0,35.093742487071275
2026-04-18 20:52:49,100.0,100.0,35.14078771167962
2026-04-18 20:53:04,100.0,100.0,35.18783293628796
2026-04-18 20:53:19,100.0,100.0,35.23487816089631
2026-04-18 20:53:34,100.0,100.0,35.281923385504655
2026-04-18 20:53:49,100.0,100.0,35.328968610112994
2026-04-18 20:54:04,100.0,100.0,35.37601383472134
2026-04-18 20:54:19,100.0,100.0,35.42305905932969
2026-04-18 20:54:34,100.0,100.0,35.47010428393803
2026-04-18 20:54:49,100.0,100.0,35.51714950854637
2026-04-18 20:55:04,100.0,100.0,35.564194733154714
2026-04-18 20:55:19,100.0,100.0,35.61123995776306
2026-04-18 20:55:34,100.0,100.0,35.6582851823714
2026-04-18 20:55:49,100.0,100.0,35.70533040697975
2026-04-18 20:56:04,100.0,100.0,35.752375631588095
2026-04-18 20:56:19,100.0,100.0,35.799420856196434
2026-04-18 20:56:34,100.0,100.0,35.84646608080478
2026-04-18 20:56:49,100.0,100.0,35.89351130541312
2026-04-18 20:57:04,100.0,100.0,35.94055653002147
2026-04-18 20:57:19,100.0,100.0,35.98760175462981
2026-04-18 20:57:34,100.0,100.0,36.034646979238154
2026-04-18 20:57:49,100.0,100.0,36.0816922038465
2026-04-18 20:58:04,100.0,100.0,36.12873742845484
2026-04-18 20:58:19,100.0,100.0,36.17578265306319
2026-04-18 20:58:34,100.0,100.0,36.222827877671534
2026-04-18 20:58:49,100.0,100.0,36.269873102279874
2026-04-18 20:59:04,100.0,100.0,36.316918326888214
2026-04-18 20:59:19,100.0,100.0,36.36396355149656
2026-04-18 20:59:34,100.0,100.0,36.41100877610491
2026-04-18 20:59:49,100.0,100.0,36.45805400071325
2026-04-18 21:00:04,100.0,100.0,36.505099225321594
2026-04-18 21:00:19,100.0,100.0,36.55214444992994
2026-04-18 21:00:34,100.0,100.0,36.59918967453828
2026-04-18 21:00:49,100.0,100.0,36.64623489914663
2026-04-18 21:01:04,100.0,100.0,36.69328012375497
2026-04-18 21:01:19,100.0,100.0,36.740325348363314
2026-04-18 21:01:34,100.0,100.0,36.78737057297165
2026-04-18 21:01:49,100.0,100.0,36.83441579758
2026-04-18 21:02:04,100.0,100.0,36.88146102218835
2026-04-18 21:02:19,100.0,100.0,36.92850624679669
2026-04-18 21:02:34,100.0,100.0,36.97555147140503
2026-04-18 21:02:49,100.0,100.0,37.02259669601338
2026-04-18 21:03:04,100.0,100.0,37.06964192062172
2026-04-18 21:03:19,100.0,100.0,37.11668714523006
2026-04-18 21:03:34,100.0,100.0,37.16373236983841
2026-04-18 21:03:49,100.0,100.0,37.21077759444675
2026-04-18 21:04:04,100.0,100.0,37.25782281905509
2026-04-18 21:04:19,100.0,100.0,37.30486804366344
2026-04-18 21:04:34,100.0,100.0,37.35191326827179
2026-04-18 21:04:49,100.0,100.0,37.398958492880126
2026-04-18 21:05:04,100.0,100.0,37.44600371748847
2026-04-18 21:05:19,100.0,100.0,37.49304894209681
2026-04-18 21:05:34,100.0,100.0,37.54009416670516
2026-04-18 21:05:49,100.0,100.0,37.5871393913135
2026-04-18 21:06:04,100.0,100.0,37.634184615921846
2026-04-18 21:06:19,100.0,100.0,37.68122984053019
2026-04-18 21:06:34,100.0,100.0,37.72827506513853
2026-04-18 21:06:49,100.0,100.0,37.77532028974688
2026-04-18 21:07:04,100.0,100.0,37.822365514355226
2026-04-18 21:07:19,100.0,100.0,37.869410738963566
2026-04-18 21:07:34,100.0,100.0,37.916455963571906
2026-04-18 21:07:49,100.0,100.0,37.96350118818025
2026-04-18 21:08:04,100.0,100.0,38.0105464127886
2026-04-18 21:08:19,100.0,100.0,38.05759163739694
2026-04-18 21:08:34,100.0,100.0,38.104636862005286
2026-04-18 21:08:49,100.0,100.0,38.15168208661363
2026-04-18 21:09:04,100.0,100.0,38.19872731122197
2026-04-18 21:09:19,100.0,100.0,38.24577253583032
2026-04-18 21:09:34,100.0,100.0,38.29281776043866
2026-04-18 21:09:49,100.0,100.0,38.339862985047006
2026-04-18 21:10:04,100.0,100.0,38.386908209655346
2026-04-18 21:10:19,100.0,100.0,38.43395343426369
2026-04-18 21:10:34,100.0,100.0,38.48099865887204
2026-04-18 21:10:49,100.0,100.0,38.52804388348038
2026-04-18 21:11:04,100.0,100.0,38.575089108088726
2026-04-18 21:11:19,100.0,100.0,38.62213433269707
2026-04-18 21:11:34,100.0,100.0,38.66917955730541
2026-04-18 21:11:49,100.0,100.0,38.71622478191375
2026-04-18 21:12:04,100.0,100.0,38.7632700065221
2026-04-18 21:12:19,100.0,100.0,38.810315231130446
2026-04-18 21:12:34,100.0,100.0,38.857360455738785
2026-04-18 21:12:49,100.0,100.0,38.90440568034713
2026-04-18 21:13:04,100.0,100.0,38.95145090495548
2026-04-18 21:13:19,100.0,100.0,38.99849612956382
2026-04-18 21:13:34,100.0,100.0,39.045541354172165
2026-04-18 21:13:49,100.0,100.0,39.092586578780505
2026-04-18 21:14:04,100.0,100.0,39.13963180338885
2026-04-18 21:14:19,100.0,100.0,39.18667702799719
2026-04-18 21:14:34,100.0,100.0,39.23372225260554
2026-04-18 21:14:49,100.0,100.0,39.280767477213885
2026-04-18 21:15:04,100.0,100.0,39.327812701822225
2026-04-18 21:15:19,100.0,100.0,39.37485792643057
2026-04-18 21:15:34,100.0,100.0,39.42190315103892
2026-04-18 21:15:49,100.0,100.0,39.46894837564726
2026-04-18 21:16:04,100.0,100.0,39.5159936002556
2026-04-18 21:16:19,100.0,100.0,39.563038824863945
2026-04-18 21:16:34,100.0,100.0,39.61008404947229
2026-04-18 21:16:49,100.0,100.0,39.65712927408063
2026-04-18 21:17:04,100.0,100.0,39.70417449868898
2026-04-18 21:17:19,100.0,100.0,39.751219723297325
2026-04-18 21:17:34,100.0,100.0,39.798264947905665
2026-04-18 21:17:49,100.0,100.0,39.84531017251401
2026-04-18 21:18:04,100.0,100.0,39.89235539712235
2026-04-18 21:18:19,100.0,100.0,39.9394006217307
2026-04-18 21:18:34,100.0,100.0,39.98644584633904
2026-04-18 21:18:49,100.0,99.37888198757764,40.033491070947385
2026-04-18 21:19:04,100.0,99.37888198757764,40.08053629555573
2026-04-18 21:19:19,100.0,99.37888198757764,40.12758152016407
2026-04-18 21:19:34,100.0,99.37888198757764,40.17462674477242
2026-04-18 21:19:49,100.0,99.37888198757764,40.221671969380765
2026-04-18 21:20:04,100.0,99.37888198757764,40.268717193989104
2026-04-18 21:20:19,100.0,99.37888198757764,40.315762418597444
2026-04-18 21:20:34,100.0,99.37888198757764,40.36280764320579
2026-04-18 21:20:49,100.0,99.37888198757764,40.40985286781414
2026-04-18 21:21:04,100.0,99.37888198757764,40.45689809242248
2026-04-18 21:21:19,100.0,99.37888198757764,40.503943317030824
2026-04-18 21:21:34,100.0,99.37888198757764,40.55098854163917
2026-04-18 21:21:49,100.0,99.37888198757764,40.59803376624751
2026-04-18 21:22:04,100.0,99.37888198757764,40.64507899085586
2026-04-18 21:22:19,100.0,99.37888198757764,40.6921242154642
2026-04-18 21:22:34,100.0,99.37888198757764,40.739169440072544
2026-04-18 21:22:49,100.0,99.37888198757764,40.786214664680884
2026-04-18 21:23:04,100.0,99.37888198757764,40.83325988928923
2026-04-18 21:23:19,100.0,99.37888198757764,40.88030511389758
2026-04-18 21:23:34,100.0,99.37888198757764,40.92735033850592
2026-04-18 21:23:49,100.0,99.37888198757764,40.974395563114264
2026-04-18 21:24:04,100.0,99.39393939393939,41.02144078772261
2026-04-18 21:24:19,100.0,99.39393939393939,41.06848601233095
2026-04-18 21:24:34,100.0,99.39393939393939,41.11553123693929
2026-04-18 21:24:49,100.0,99.39393939393939,41.16257646154764
2026-04-18 21:25:04,100.0,99.39393939393939,41.209621686155984
2026-04-18 21:25:19,100.0,99.39393939393939,41.256666910764324
2026-04-18 21:25:34,100.0,99.39393939393939,41.30371213537267
2026-04-18 21:25:49,100.0,99.39393939393939,41.35075735998102
2026-04-18 21:26:04,100.0,98.7878787878788,41.39780258458936
2026-04-18 21:26:19,100.0,98.7878787878788,41.4448478091977
2026-04-18 21:26:34,100.0,98.7878787878788,41.49189303380605
2026-04-18 21:26:49,100.0,98.7878787878788,41.53893825841439
2026-04-18 21:27:04,100.0,98.7878787878788,41.58598348302273
2026-04-18 21:27:19,100.0,98.7878787878788,41.63302870763108
2026-04-18 21:27:34,100.0,98.18181818181819,41.680073932239424
2026-04-18 21:27:49,100.0,97.57575757575758,41.72711915684776
2026-04-18 21:28:04,100.0,96.96969696969697,41.77416438145611
2026-04-18 21:28:19,100.0,96.36363636363636,41.82120960606446
2026-04-18 21:28:34,100.0,95.75757575757575,41.8682548306728
2026-04-18 21:28:49,100.0,95.15151515151516,41.915300055281136
2026-04-18 21:29:04,100.0,94.54545454545455,41.96234527988948
2026-04-18 21:29:19,100.0,92.89940828402366,42.00939050449783
2026-04-18 21:29:34,100.0,92.3076923076923,42.05643572910617
2026-04-18 21:29:49,100.0,92.3076923076923,42.10348095371452
2026-04-18 21:30:04,100.0,92.3076923076923,42.15052617832286
2026-04-18 21:30:19,100.0,92.3076923076923,42.1975714029312
2026-04-18 21:30:34,100.0,92.3076923076923,42.24461662753954
2026-04-18 21:30:49,100.0,92.3076923076923,42.2916618521479
2026-04-18 21:31:04,100.0,92.3076923076923,42.338707076756236
2026-04-18 21:31:19,100.0,92.3076923076923,42.385752301364576
2026-04-18 21:31:34,100.0,92.3076923076923,42.43279752597292
2026-04-18 21:31:49,100.0,92.3076923076923,42.47984275058127
2026-04-18 21:32:04,100.0,92.3076923076923,42.52688797518961
2026-04-18 21:32:19,100.0,91.71597633136095,42.573933199797956
2026-04-18 21:32:34,100.0,91.71597633136095,42.6209784244063
2026-04-18 21:32:49,100.0,91.71597633136095,42.66802364901464
2026-04-18 21:33:04,100.0,91.71597633136095,42.71506887362298
2026-04-18 21:33:19,100.0,91.71597633136095,42.76211409823133
2026-04-18 21:33:34,100.0,91.71597633136095,42.809159322839676
2026-04-18 21:33:49,100.0,91.12426035502959,42.856204547448016
2026-04-18 21:34:04,100.0,90.53254437869822,42.90324977205636
2026-04-18 21:34:19,100.0,89.94082840236686,42.95029499666471
2026-04-18 21:34:34,100.0,89.3491124260355,42.99734022127305
2026-04-18 21:34:49,100.0,88.4393063583815,43.04438544588139
2026-04-18 21:35:04,100.0,88.4393063583815,43.09143067048974
2026-04-18 21:35:19,100.0,88.4393063583815,43.13847589509808
2026-04-18 21:35:34,100.0,88.37209302325581,43.18552111970642
2026-04-18 21:35:49,100.0,88.30409356725146,43.23256634431477
2026-04-18 21:36:04,100.0,88.23529411764706,43.279611568923116
2026-04-18 21:36:19,100.0,88.16568047337277,43.326656793531455
2026-04-18 21:36:34,100.0,88.09523809523809,43.3737020181398
2026-04-18 21:36:49,100.0,88.02395209580838,43.42074724274815
2026-04-18 21:37:04,100.0,87.95180722891565,43.46779246735649
2026-04-18 21:37:19,100.0,87.87878787878788,43.51483769196483
2026-04-18 21:37:34,100.0,87.8048780487805,43.561882916573175
2026-04-18 21:37:49,100.0,87.73006134969326,43.60892814118152
2026-04-18 21:38:04,100.0,87.65432098765432,43.65597336578986
2026-04-18 21:38:19,100.0,87.5776397515528,43.70301859039821
2026-04-18 21:38:34,100.0,87.5,43.750063815006556
2026-04-18 21:38:49,100.0,87.42138364779875,43.797109039614895
2026-04-18 21:39:04,100.0,87.34177215189874,43.844154264223235
2026-04-18 21:39:19,100.0,87.26114649681529,43.89119948883159
2026-04-18 21:39:34,100.0,87.17948717948718,43.93824471343993
2026-04-18 21:39:49,100.0,87.09677419354838,43.98528993804827
2026-04-18 21:40:04,100.0,87.17948717948718,44.032335162656615
2026-04-18 21:40:19,100.0,87.09677419354838,44.07938038726496
2026-04-18 21:40:34,100.0,87.01298701298701,44.1264256118733
2026-04-18 21:40:49,100.0,86.9281045751634,44.17347083648165
2026-04-18 21:41:04,100.0,86.8421052631579,44.220516061089995
2026-04-18 21:41:19,100.0,86.75496688741721,44.267561285698335
2026-04-18 21:41:34,100.0,86.66666666666667,44.314606510306675
2026-04-18 21:41:49,100.0,86.57718120805369,44.36165173491502
2026-04-18 21:42:04,100.0,86.48648648648648,44.40869695952337
2026-04-18 21:42:19,100.0,86.39455782312925,44.45574218413171
2026-04-18 21:42:34,100.0,86.3013698630137,44.502787408740055
2026-04-18 21:42:49,100.0,86.20689655172413,44.5498326333484
2026-04-18 21:43:04,100.0,86.11111111111111,44.59687785795674
2026-04-18 21:43:19,100.0,86.01398601398601,44.64392308256508
2026-04-18 21:43:34,100.0,85.91549295774648,44.690968307173435
2026-04-18 21:43:49,100.0,85.81560283687944,44.738013531781775
2026-04-18 21:44:04,100.0,85.71428571428571,44.785058756390114
2026-04-18 21:44:19,100.0,85.61151079136691,44.83210398099846
2026-04-18 21:44:34,100.0,85.5072463768116,44.87914920560681
2026-04-18 21:44:49,100.0,85.40145985401459,44.92619443021515
2026-04-18 21:45:04,100.0,85.29411764705883,44.973239654823495
2026-04-18 21:45:19,100.0,85.40145985401459,45.02028487943184
2026-04-18 21:45:34,100.0,85.29411764705883,45.06733010404018
2026-04-18 21:45:49,100.0,85.18518518518519,45.11437532864852
2026-04-18 21:46:04,100.0,85.07462686567165,45.16142055325687
2026-04-18 21:46:19,100.0,84.9624060150376,45.208465777865214
2026-04-18 21:46:34,100.0,84.84848484848484,45.255511002473554
2026-04-18 21:46:49,100.0,84.7328244274809,45.3025562270819
2026-04-18 21:47:04,100.0,84.61538461538461,45.34960145169025
2026-04-18 21:47:19,100.0,84.49612403100775,45.39664667629859
2026-04-18 21:47:34,100.0,84.375,45.443691900906934
2026-04-18 21:47:49,87.5,84.25196850393701,45.49073712551528
2026-04-18 21:48:04,87.5,84.12698412698413,45.53778235012362
2026-04-18 21:48:19,87.5,84.0,45.58482757473196
2026-04-18 21:48:34,87.5,83.87096774193549,45.63187279934031
2026-04-18 21:48:49,87.5,83.73983739837398,45.678918023948654
2026-04-18 21:49:04,87.5,83.60655737704919,45.725963248556994
2026-04-18 21:49:19,87.5,83.47107438016529,45.77300847316534
2026-04-18 21:49:34,87.5,83.33333333333334,45.82005369777369
2026-04-18 21:49:49,87.5,83.19327731092437,45.86709892238203
2026-04-18 21:50:04,87.5,83.05084745762711,45.91414414699037
2026-04-18 21:50:19,87.5,82.90598290598291,45.961189371598714
2026-04-18 21:50:34,87.5,83.05084745762711,46.00823459620706
2026-04-18 21:50:49,87.5,82.90598290598291,46.0552798208154
2026-04-18 21:51:04,87.5,82.75862068965517,46.10232504542375
2026-04-18 21:51:19,87.5,82.6086956521739,46.149370270032094
2026-04-18 21:51:34,87.5,82.45614035087719,46.19641549464043
2026-04-18 21:51:49,87.5,82.30088495575221,46.24346071924878
2026-04-18 21:52:04,87.5,82.14285714285714,46.29050594385713
2026-04-18 21:52:19,87.5,81.98198198198197,46.33755116846547
2026-04-18 21:52:34,87.5,81.81818181818183,46.38459639307381
2026-04-18 21:52:49,87.5,81.65137614678899,46.43164161768215
2026-04-18 21:53:04,87.5,81.48148148148148,46.4786868422905
2026-04-18 21:53:19,87.5,81.30841121495327,46.52573206689884
2026-04-18 21:53:34,87.5,81.13207547169812,46.57277729150719
2026-04-18 21:53:49,87.5,80.95238095238095,46.61982251611553
2026-04-18 21:54:04,87.5,80.76923076923077,46.66686774072387
2026-04-18 21:54:19,87.5,80.58252427184466,46.71391296533221
2026-04-18 21:54:34,87.5,80.3921568627451,46.76095818994056
2026-04-18 21:54:49,87.5,80.19801980198021,46.80800341454891
2026-04-18 21:55:04,87.5,80.0,46.855048639157246
2026-04-18 21:55:19,87.5,79.7979797979798,46.90209386376559
2026-04-18 21:55:34,87.5,79.59183673469387,46.94913908837394
2026-04-18 21:55:49,87.5,79.38144329896907,46.99618431298228
2026-04-18 21:56:04,87.5,79.59183673469387,47.043229537590626
2026-04-18 21:56:19,87.5,79.38144329896907,47.09027476219897
2026-04-18 21:56:34,87.5,79.16666666666666,47.13731998680731
2026-04-18 21:56:49,87.5,78.94736842105263,47.18436521141565
