time,tcc_auto,tcc_empi,int_time
2026-02-23 00:00:10,100.0,100.0,31.709129588430528
2026-02-23 00:00:25,100.0,100.0,31.700743052202142
2026-02-23 00:00:40,100.0,100.0,31.692356515973756
2026-02-23 00:00:55,100.0,100.0,31.683969979745374
2026-02-23 00:01:10,100.0,100.0,31.675583443516988
2026-02-23 00:01:25,100.0,100.0,31.667196907288602
2026-02-23 00:01:40,100.0,100.0,31.65881037106022
2026-02-23 00:01:55,100.0,100.0,31.650423834831834
2026-02-23 00:02:10,100.0,100.0,31.642037298603448
2026-02-23 00:02:25,100.0,100.0,31.633650762375066
2026-02-23 00:02:40,100.0,100.0,31.62526422614668
2026-02-23 00:02:55,100.0,100.0,31.616877689918294
2026-02-23 00:03:10,100.0,100.0,31.60849115368991
2026-02-23 00:03:25,100.0,100.0,31.600104617461525
2026-02-23 00:03:40,100.0,98.7012987012987,31.59171808123314
2026-02-23 00:03:55,100.0,98.71794871794873,31.583331545004754
2026-02-23 00:04:10,100.0,98.73417721518987,31.57494500877637
2026-02-23 00:04:25,100.0,98.75,31.566558472547985
2026-02-23 00:04:40,100.0,98.76543209876543,31.5581719363196
2026-02-23 00:04:55,100.0,98.78048780487805,31.549785400091217
2026-02-23 00:05:10,100.0,98.79518072289156,31.54139886386283
2026-02-23 00:05:25,100.0,98.80952380952381,31.533012327634445
2026-02-23 00:05:40,100.0,98.82352941176471,31.52462579140606
2026-02-23 00:05:55,100.0,98.83720930232558,31.516239255177677
2026-02-23 00:06:10,100.0,98.85057471264368,31.50785271894929
2026-02-23 00:06:25,100.0,98.86363636363636,31.499466182720905
2026-02-23 00:06:40,100.0,98.87640449438202,31.491079646492523
2026-02-23 00:06:55,100.0,98.88888888888889,31.482693110264137
2026-02-23 00:07:10,100.0,98.9010989010989,31.47430657403575
2026-02-23 00:07:25,100.0,98.91304347826086,31.46592003780737
2026-02-23 00:07:40,100.0,97.84946236559139,31.457533501578983
2026-02-23 00:07:55,100.0,96.80851063829788,31.449146965350597
2026-02-23 00:08:10,100.0,96.84210526315789,31.440760429122214
2026-02-23 00:08:25,100.0,96.875,31.43237389289383
2026-02-23 00:08:40,100.0,95.87628865979381,31.423987356665442
2026-02-23 00:08:55,100.0,94.89795918367348,31.415600820437056
2026-02-23 00:09:10,100.0,93.93939393939394,31.407214284208674
2026-02-23 00:09:25,100.0,93.0,31.398827747980288
2026-02-23 00:09:40,100.0,92.07920792079209,31.390441211751902
2026-02-23 00:09:55,100.0,91.17647058823529,31.38205467552352
2026-02-23 00:10:10,100.0,90.29126213592234,31.373668139295134
2026-02-23 00:10:25,100.0,89.42307692307693,31.365281603066748
2026-02-23 00:10:40,100.0,88.57142857142857,31.356895066838362
2026-02-23 00:10:55,100.0,87.73584905660378,31.34850853060998
2026-02-23 00:11:10,100.0,87.85046728971963,31.340121994381594
2026-02-23 00:11:25,100.0,87.96296296296296,31.33173545815321
2026-02-23 00:11:40,100.0,88.07339449541286,31.323348921924826
2026-02-23 00:11:55,100.0,88.18181818181819,31.31496238569644
2026-02-23 00:12:10,100.0,87.38738738738738,31.306575849468054
2026-02-23 00:12:25,100.0,86.60714285714286,31.29818931323967
2026-02-23 00:12:40,100.0,85.84070796460178,31.289802777011285
2026-02-23 00:12:55,100.0,85.08771929824562,31.2814162407829
2026-02-23 00:13:10,100.0,84.34782608695653,31.273029704554517
2026-02-23 00:13:25,100.0,84.48275862068965,31.26464316832613
2026-02-23 00:13:40,100.0,84.61538461538461,31.256256632097745
2026-02-23 00:13:55,100.0,83.89830508474576,31.24787009586936
2026-02-23 00:14:10,100.0,83.19327731092437,31.239483559640977
2026-02-23 00:14:25,100.0,82.5,31.23109702341259
2026-02-23 00:14:40,100.0,81.81818181818183,31.222710487184205
2026-02-23 00:14:55,100.0,81.9672131147541,31.214323950955823
2026-02-23 00:15:10,100.0,82.11382113821138,31.205937414727437
2026-02-23 00:15:25,100.0,82.25806451612904,31.19755087849905
2026-02-23 00:15:40,100.0,82.39999999999999,31.18916434227067
2026-02-23 00:15:55,100.0,82.39999999999999,31.180777806042283
2026-02-23 00:16:10,100.0,82.39999999999999,31.172391269813897
2026-02-23 00:16:25,100.0,82.39999999999999,31.164004733585514
2026-02-23 00:16:40,100.0,82.39999999999999,31.15561819735713
2026-02-23 00:16:55,100.0,82.39999999999999,31.147231661128743
2026-02-23 00:17:10,100.0,81.6,31.138845124900357
2026-02-23 00:17:25,100.0,81.6,31.130458588671974
2026-02-23 00:17:40,100.0,81.6,31.12207205244359
2026-02-23 00:17:55,100.0,81.6,31.113685516215202
2026-02-23 00:18:10,100.0,81.6,31.10529897998682
2026-02-23 00:18:25,100.0,81.6,31.096912443758434
2026-02-23 00:18:40,100.0,81.6,31.088525907530048
2026-02-23 00:18:55,100.0,81.6,31.080139371301662
2026-02-23 00:19:10,100.0,81.6,31.07175283507328
2026-02-23 00:19:25,100.0,81.6,31.063366298844894
2026-02-23 00:19:40,100.0,81.6,31.054979762616508
2026-02-23 00:19:55,100.0,81.6,31.046593226388126
2026-02-23 00:20:10,100.0,81.6,31.03820669015974
2026-02-23 00:20:25,100.0,81.6,31.029820153931354
2026-02-23 00:20:40,100.0,81.6,31.02143361770297
2026-02-23 00:20:55,100.0,81.6,31.013047081474586
2026-02-23 00:21:10,100.0,81.6,31.0046605452462
2026-02-23 00:21:25,100.0,80.99173553719008,30.996274009017817
2026-02-23 00:21:40,100.0,80.99173553719008,30.98788747278943
2026-02-23 00:21:55,100.0,80.99173553719008,30.979500936561045
2026-02-23 00:22:10,100.0,80.99173553719008,30.97111440033266
2026-02-23 00:22:25,100.0,80.99173553719008,30.962727864104277
2026-02-23 00:22:40,100.0,80.99173553719008,30.95434132787589
2026-02-23 00:22:55,100.0,80.16528925619835,30.945954791647505
2026-02-23 00:23:10,100.0,79.33884297520662,30.937568255419123
2026-02-23 00:23:25,100.0,78.51239669421489,30.929181719190737
2026-02-23 00:23:40,100.0,77.68595041322314,30.92079518296235
2026-02-23 00:23:55,100.0,77.68595041322314,30.91240864673397
2026-02-23 00:24:10,100.0,77.68595041322314,30.904022110505583
2026-02-23 00:24:25,100.0,77.68595041322314,30.895635574277197
2026-02-23 00:24:40,100.0,77.68595041322314,30.887249038048814
2026-02-23 00:24:55,100.0,77.68595041322314,30.87886250182043
2026-02-23 00:25:10,100.0,77.68595041322314,30.870475965592043
2026-02-23 00:25:25,100.0,77.68595041322314,30.862089429363657
2026-02-23 00:25:40,100.0,77.68595041322314,30.853702893135274
2026-02-23 00:25:55,100.0,77.68595041322314,30.84531635690689
2026-02-23 00:26:10,100.0,77.68595041322314,30.836929820678503
2026-02-23 00:26:25,100.0,77.68595041322314,30.82854328445012
2026-02-23 00:26:40,100.0,77.68595041322314,30.820156748221734
2026-02-23 00:26:55,100.0,77.68595041322314,30.81177021199335
2026-02-23 00:27:10,100.0,77.68595041322314,30.803383675764962
2026-02-23 00:27:25,100.0,77.68595041322314,30.79499713953658
2026-02-23 00:27:40,100.0,77.68595041322314,30.786610603308194
2026-02-23 00:27:55,100.0,77.68595041322314,30.778224067079808
2026-02-23 00:28:10,100.0,77.68595041322314,30.769837530851426
2026-02-23 00:28:25,100.0,77.68595041322314,30.76145099462304
2026-02-23 00:28:40,100.0,77.68595041322314,30.753064458394654
2026-02-23 00:28:55,100.0,77.68595041322314,30.74467792216627
2026-02-23 00:29:10,100.0,77.68595041322314,30.736291385937886
2026-02-23 00:29:25,100.0,77.68595041322314,30.7279048497095
2026-02-23 00:29:40,100.0,77.68595041322314,30.719518313481117
2026-02-23 00:29:55,100.0,77.68595041322314,30.71113177725273
2026-02-23 00:30:10,87.5,77.68595041322314,30.702745241024346
2026-02-23 00:30:25,87.5,77.68595041322314,30.69435870479596
2026-02-23 00:30:40,87.5,77.68595041322314,30.685972168567577
2026-02-23 00:30:55,87.5,77.68595041322314,30.67758563233919
2026-02-23 00:31:10,87.5,77.68595041322314,30.669199096110805
2026-02-23 00:31:25,87.5,77.68595041322314,30.660812559882423
2026-02-23 00:31:40,87.5,77.68595041322314,30.652426023654037
2026-02-23 00:31:55,87.5,77.68595041322314,30.64403948742565
2026-02-23 00:32:10,87.5,77.68595041322314,30.635652951197265
2026-02-23 00:32:25,87.5,77.68595041322314,30.627266414968883
2026-02-23 00:32:40,87.5,77.68595041322314,30.618879878740497
2026-02-23 00:32:55,87.5,77.68595041322314,30.610493342512115
2026-02-23 00:33:10,87.5,77.68595041322314,30.60210680628373
2026-02-23 00:33:25,87.5,77.68595041322314,30.593720270055343
2026-02-23 00:33:40,87.5,77.68595041322314,30.585333733826957
2026-02-23 00:33:55,87.5,77.68595041322314,30.576947197598574
2026-02-23 00:34:10,87.5,77.68595041322314,30.56856066137019
2026-02-23 00:34:25,100.0,78.51239669421489,30.560174125141803
2026-02-23 00:34:40,100.0,78.51239669421489,30.55178758891342
2026-02-23 00:34:55,100.0,78.51239669421489,30.543401052685034
2026-02-23 00:35:10,100.0,78.51239669421489,30.53501451645665
2026-02-23 00:35:25,100.0,78.51239669421489,30.526627980228263
2026-02-23 00:35:40,100.0,78.51239669421489,30.51824144399988
2026-02-23 00:35:55,100.0,78.51239669421489,30.509854907771494
2026-02-23 00:36:10,100.0,78.51239669421489,30.50146837154311
2026-02-23 00:36:25,100.0,78.51239669421489,30.493081835314726
2026-02-23 00:36:40,100.0,78.51239669421489,30.48469529908634
2026-02-23 00:36:55,100.0,78.51239669421489,30.476308762857954
2026-02-23 00:37:10,100.0,78.51239669421489,30.46792222662957
2026-02-23 00:37:25,100.0,78.51239669421489,30.459535690401186
2026-02-23 00:37:40,100.0,78.51239669421489,30.4511491541728
2026-02-23 00:37:55,100.0,78.51239669421489,30.442762617944418
2026-02-23 00:38:10,100.0,78.51239669421489,30.43437608171603
2026-02-23 00:38:25,100.0,79.33884297520662,30.425989545487646
2026-02-23 00:38:40,100.0,80.16528925619835,30.41760300925926
2026-02-23 00:38:55,100.0,80.16528925619835,30.409216473030877
2026-02-23 00:39:10,100.0,80.16528925619835,30.40082993680249
2026-02-23 00:39:25,100.0,80.99173553719008,30.392443400574106
2026-02-23 00:39:40,100.0,81.81818181818183,30.384056864345723
2026-02-23 00:39:55,100.0,82.64462809917356,30.375670328117337
2026-02-23 00:40:10,100.0,83.47107438016529,30.36728379188895
2026-02-23 00:40:25,100.0,84.29752066115702,30.358897255660565
2026-02-23 00:40:40,100.0,85.12396694214877,30.350510719432183
2026-02-23 00:40:55,100.0,85.9504132231405,30.342124183203797
2026-02-23 00:41:10,100.0,86.77685950413223,30.33373764697541
2026-02-23 00:41:25,100.0,87.60330578512396,30.32535111074703
2026-02-23 00:41:40,100.0,88.42975206611571,30.316964574518643
2026-02-23 00:41:55,100.0,88.42975206611571,30.308578038290257
2026-02-23 00:42:10,100.0,88.42975206611571,30.300191502061875
2026-02-23 00:42:25,100.0,88.42975206611571,30.29180496583349
2026-02-23 00:42:40,100.0,88.42975206611571,30.283418429605103
2026-02-23 00:42:55,100.0,89.25619834710744,30.27503189337672
2026-02-23 00:43:10,100.0,90.08264462809917,30.266645357148334
2026-02-23 00:43:25,100.0,90.9090909090909,30.25825882091995
2026-02-23 00:43:40,100.0,91.73553719008265,30.249872284691563
2026-02-23 00:43:55,100.0,92.56198347107438,30.24148574846318
2026-02-23 00:44:10,100.0,92.56198347107438,30.233099212234794
2026-02-23 00:44:25,100.0,92.56198347107438,30.22471267600641
2026-02-23 00:44:40,100.0,93.38842975206612,30.216326139778026
2026-02-23 00:44:55,100.0,94.21487603305785,30.20793960354964
2026-02-23 00:45:10,100.0,95.0413223140496,30.199553067321254
2026-02-23 00:45:25,100.0,95.86776859504133,30.19116653109287
2026-02-23 00:45:40,100.0,95.86776859504133,30.182779994864486
2026-02-23 00:45:55,100.0,95.86776859504133,30.1743934586361
2026-02-23 00:46:10,100.0,95.86776859504133,30.166006922407718
2026-02-23 00:46:25,100.0,95.86776859504133,30.15762038617933
2026-02-23 00:46:40,100.0,95.86776859504133,30.149233849950946
2026-02-23 00:46:55,100.0,95.86776859504133,30.14084731372256
2026-02-23 00:47:10,100.0,95.86776859504133,30.132460777494178
2026-02-23 00:47:25,100.0,95.86776859504133,30.12407424126579
2026-02-23 00:47:40,100.0,95.86776859504133,30.115687705037406
2026-02-23 00:47:55,100.0,96.69421487603306,30.107301168809023
2026-02-23 00:48:10,100.0,96.69421487603306,30.098914632580637
2026-02-23 00:48:25,100.0,96.69421487603306,30.09052809635225
2026-02-23 00:48:40,100.0,96.69421487603306,30.082141560123866
2026-02-23 00:48:55,100.0,96.69421487603306,30.073755023895483
2026-02-23 00:49:10,100.0,96.69421487603306,30.065368487667097
2026-02-23 00:49:25,100.0,96.69421487603306,30.05698195143871
2026-02-23 00:49:40,100.0,96.69421487603306,30.04859541521033
2026-02-23 00:49:55,100.0,96.69421487603306,30.040208878981943
2026-02-23 00:50:10,100.0,96.69421487603306,30.031822342753557
2026-02-23 00:50:25,100.0,96.69421487603306,30.023435806525175
2026-02-23 00:50:40,100.0,96.69421487603306,30.01504927029679
2026-02-23 00:50:55,100.0,96.69421487603306,30.006662734068403
2026-02-23 00:51:10,100.0,96.58119658119658,29.99827619784002
2026-02-23 00:51:25,100.0,96.58119658119658,29.989889661611635
2026-02-23 00:51:40,100.0,96.58119658119658,29.98150312538325
2026-02-23 00:51:55,100.0,96.58119658119658,29.973116589154863
2026-02-23 00:52:10,100.0,96.58119658119658,29.96473005292648
2026-02-23 00:52:25,100.0,96.58119658119658,29.956343516698094
2026-02-23 00:52:40,100.0,97.43589743589743,29.94795698046971
2026-02-23 00:52:55,100.0,98.29059829059828,29.939570444241326
2026-02-23 00:53:10,100.0,99.14529914529915,29.93118390801294
2026-02-23 00:53:25,100.0,100.0,29.922797371784554
2026-02-23 00:53:40,100.0,100.0,29.91441083555617
2026-02-23 00:53:55,100.0,100.0,29.906024299327786
2026-02-23 00:54:10,100.0,100.0,29.8976377630994
2026-02-23 00:54:25,100.0,100.0,29.889251226871014
2026-02-23 00:54:40,100.0,100.0,29.880864690642632
2026-02-23 00:54:55,100.0,100.0,29.872478154414246
2026-02-23 00:55:10,100.0,100.0,29.86409161818586
2026-02-23 00:55:25,100.0,100.0,29.855705081957478
2026-02-23 00:55:40,100.0,100.0,29.84731854572909
2026-02-23 00:55:55,100.0,100.0,29.838932009500706
2026-02-23 00:56:10,100.0,100.0,29.830545473272323
2026-02-23 00:56:25,100.0,100.0,29.822158937043937
2026-02-23 00:56:40,100.0,100.0,29.81377240081555
2026-02-23 00:56:55,100.0,100.0,29.805385864587166
2026-02-23 00:57:10,100.0,100.0,29.796999328358783
2026-02-23 00:57:25,100.0,100.0,29.788612792130397
2026-02-23 00:57:40,100.0,100.0,29.78022625590201
2026-02-23 00:57:55,100.0,100.0,29.77183971967363
2026-02-23 00:58:10,100.0,100.0,29.763453183445243
2026-02-23 00:58:25,100.0,100.0,29.755066647216857
2026-02-23 00:58:40,100.0,100.0,29.74668011098847
2026-02-23 00:58:55,100.0,100.0,29.73829357476009
2026-02-23 00:59:10,100.0,100.0,29.729907038531703
2026-02-23 00:59:25,100.0,100.0,29.72152050230332
2026-02-23 00:59:40,100.0,100.0,29.713133966074935
2026-02-23 00:59:55,100.0,100.0,29.70474742984655
2026-02-23 01:00:10,100.0,100.0,29.696360893618163
2026-02-23 01:00:25,100.0,100.0,29.68797435738978
2026-02-23 01:00:40,100.0,100.0,29.679587821161395
2026-02-23 01:00:55,100.0,100.0,29.67120128493301
2026-02-23 01:01:10,100.0,100.0,29.662814748704626
2026-02-23 01:01:25,100.0,100.0,29.65442821247624
2026-02-23 01:01:40,100.0,100.0,29.646041676247854
2026-02-23 01:01:55,100.0,100.0,29.63765514001947
2026-02-23 01:02:10,100.0,100.0,29.629268603791086
2026-02-23 01:02:25,100.0,100.0,29.6208820675627
2026-02-23 01:02:40,100.0,100.0,29.612495531334314
2026-02-23 01:02:55,100.0,100.0,29.604108995105932
2026-02-23 01:03:10,100.0,100.0,29.595722458877546
2026-02-23 01:03:25,100.0,100.0,29.58733592264916
2026-02-23 01:03:40,100.0,100.0,29.578949386420778
2026-02-23 01:03:55,100.0,100.0,29.570562850192392
2026-02-23 01:04:10,100.0,100.0,29.562176313964006
2026-02-23 01:04:25,100.0,100.0,29.553789777735624
2026-02-23 01:04:40,100.0,100.0,29.545403241507238
2026-02-23 01:04:55,100.0,100.0,29.53701670527885
2026-02-23 01:05:10,100.0,100.0,29.528630169050466
2026-02-23 01:05:25,100.0,100.0,29.520243632822083
2026-02-23 01:05:40,100.0,100.0,29.511857096593697
2026-02-23 01:05:55,100.0,100.0,29.50347056036531
2026-02-23 01:06:10,100.0,100.0,29.49508402413693
2026-02-23 01:06:25,100.0,100.0,29.486697487908543
2026-02-23 01:06:40,100.0,100.0,29.478310951680157
2026-02-23 01:06:55,100.0,100.0,29.46992441545177
2026-02-23 01:07:10,100.0,100.0,29.46153787922339
2026-02-23 01:07:25,100.0,100.0,29.453151342995003
2026-02-23 01:07:40,100.0,100.0,29.444764806766617
2026-02-23 01:07:55,100.0,100.0,29.436378270538235
2026-02-23 01:08:10,100.0,100.0,29.42799173430985
2026-02-23 01:08:25,100.0,100.0,29.419605198081463
2026-02-23 01:08:40,100.0,100.0,29.41121866185308
2026-02-23 01:08:55,100.0,100.0,29.402832125624695
2026-02-23 01:09:10,100.0,100.0,29.39444558939631
2026-02-23 01:09:25,100.0,100.0,29.386059053167926
2026-02-23 01:09:40,100.0,100.0,29.37767251693954
2026-02-23 01:09:55,100.0,100.0,29.369285980711155
2026-02-23 01:10:10,100.0,100.0,29.36089944448277
2026-02-23 01:10:25,100.0,100.0,29.352512908254386
2026-02-23 01:10:40,100.0,100.0,29.344126372026
2026-02-23 01:10:55,100.0,100.0,29.335739835797614
2026-02-23 01:11:10,100.0,100.0,29.327353299569232
2026-02-23 01:11:25,100.0,100.0,29.318966763340846
2026-02-23 01:11:40,100.0,100.0,29.31058022711246
2026-02-23 01:11:55,100.0,100.0,29.302193690884078
2026-02-23 01:12:10,100.0,100.0,29.293807154655692
2026-02-23 01:12:25,100.0,100.0,29.285420618427306
2026-02-23 01:12:40,100.0,100.0,29.277034082198924
2026-02-23 01:12:55,100.0,100.0,29.268647545970538
2026-02-23 01:13:10,100.0,100.0,29.260261009742152
2026-02-23 01:13:25,100.0,100.0,29.251874473513766
2026-02-23 01:13:40,100.0,100.0,29.243487937285384
2026-02-23 01:13:55,100.0,100.0,29.235101401056998
2026-02-23 01:14:10,100.0,100.0,29.22671486482861
2026-02-23 01:14:25,100.0,100.0,29.21832832860023
2026-02-23 01:14:40,100.0,100.0,29.209941792371843
2026-02-23 01:14:55,100.0,100.0,29.201555256143457
2026-02-23 01:15:10,100.0,100.0,29.19316871991507
2026-02-23 01:15:25,100.0,100.0,29.18478218368669
2026-02-23 01:15:40,100.0,100.0,29.176395647458303
2026-02-23 01:15:55,100.0,100.0,29.168009111229917
2026-02-23 01:16:10,100.0,100.0,29.159622575001535
2026-02-23 01:16:25,100.0,100.0,29.15123603877315
2026-02-23 01:16:40,100.0,100.0,29.142849502544763
2026-02-23 01:16:55,100.0,100.0,29.13446296631638
2026-02-23 01:17:10,100.0,100.0,29.126076430087995
2026-02-23 01:17:25,100.0,100.0,29.11768989385961
2026-02-23 01:17:40,100.0,100.0,29.109303357631227
2026-02-23 01:17:55,100.0,100.0,29.10091682140284
2026-02-23 01:18:10,100.0,100.0,29.092530285174455
2026-02-23 01:18:25,100.0,100.0,29.08414374894607
2026-02-23 01:18:40,100.0,100.0,29.075757212717686
2026-02-23 01:18:55,100.0,100.0,29.0673706764893
2026-02-23 01:19:10,100.0,100.0,29.058984140260915
2026-02-23 01:19:25,100.0,100.0,29.050597604032532
2026-02-23 01:19:40,87.5,100.0,29.042211067804146
2026-02-23 01:19:55,87.5,100.0,29.03382453157576
2026-02-23 01:20:10,87.5,100.0,29.025437995347378
2026-02-23 01:20:25,87.5,100.0,29.017051459118992
2026-02-23 01:20:40,87.5,100.0,29.008664922890606
2026-02-23 01:20:55,87.5,100.0,29.00027838666222
2026-02-23 01:21:10,87.5,100.0,28.991891850433838
2026-02-23 01:21:25,100.0,100.0,28.983505314205452
2026-02-23 01:21:40,100.0,100.0,28.975118777977066
2026-02-23 01:21:55,87.5,100.0,28.966732241748684
2026-02-23 01:22:10,87.5,100.0,28.958345705520298
2026-02-23 01:22:25,87.5,100.0,28.949959169291912
2026-02-23 01:22:40,87.5,100.0,28.94157263306353
2026-02-23 01:22:55,87.5,100.0,28.933186096835144
2026-02-23 01:23:10,87.5,100.0,28.924799560606758
2026-02-23 01:23:25,87.5,100.0,28.91641302437837
2026-02-23 01:23:40,87.5,100.0,28.90802648814999
2026-02-23 01:23:55,87.5,100.0,28.899639951921603
2026-02-23 01:24:10,87.5,100.0,28.891253415693217
2026-02-23 01:24:25,87.5,100.0,28.882866879464835
2026-02-23 01:24:40,87.5,100.0,28.87448034323645
2026-02-23 01:24:55,87.5,100.0,28.866093807008063
2026-02-23 01:25:10,87.5,100.0,28.85770727077968
2026-02-23 01:25:25,87.5,100.0,28.849320734551295
2026-02-23 01:25:40,87.5,100.0,28.84093419832291
2026-02-23 01:25:55,87.5,100.0,28.832547662094527
2026-02-23 01:26:10,87.5,100.0,28.82416112586614
2026-02-23 01:26:25,87.5,100.0,28.815774589637755
2026-02-23 01:26:40,87.5,100.0,28.80738805340937
2026-02-23 01:26:55,87.5,100.0,28.799001517180987
2026-02-23 01:27:10,87.5,100.0,28.7906149809526
2026-02-23 01:27:25,87.5,100.0,28.782228444724215
2026-02-23 01:27:40,87.5,100.0,28.773841908495832
2026-02-23 01:27:55,100.0,100.0,28.765455372267446
2026-02-23 01:28:10,87.5,100.0,28.75706883603906
2026-02-23 01:28:25,87.5,100.0,28.748682299810675
2026-02-23 01:28:40,87.5,100.0,28.740295763582292
2026-02-23 01:28:55,87.5,100.0,28.731909227353906
2026-02-23 01:29:10,87.5,100.0,28.72352269112552
2026-02-23 01:29:25,100.0,100.0,28.715136154897138
2026-02-23 01:29:40,100.0,100.0,28.706749618668752
2026-02-23 01:29:55,100.0,100.0,28.698363082440366
2026-02-23 01:30:10,100.0,100.0,28.689976546211984
2026-02-23 01:30:25,100.0,100.0,28.681590009983598
2026-02-23 01:30:40,100.0,100.0,28.673203473755212
2026-02-23 01:30:55,100.0,100.0,28.66481693752683
2026-02-23 01:31:10,100.0,100.0,28.656430401298444
2026-02-23 01:31:25,100.0,100.0,28.648043865070058
2026-02-23 01:31:40,100.0,100.0,28.639657328841672
2026-02-23 01:31:55,100.0,100.0,28.63127079261329
2026-02-23 01:32:10,100.0,100.0,28.622884256384904
2026-02-23 01:32:25,100.0,100.0,28.614497720156518
2026-02-23 01:32:40,100.0,100.0,28.606111183928135
2026-02-23 01:32:55,100.0,100.0,28.59772464769975
2026-02-23 01:33:10,100.0,100.0,28.589338111471363
2026-02-23 01:33:25,100.0,100.0,28.58095157524298
2026-02-23 01:33:40,100.0,100.0,28.572565039014595
2026-02-23 01:33:55,100.0,100.0,28.56417850278621
2026-02-23 01:34:10,100.0,100.0,28.555791966557823
2026-02-23 01:34:25,100.0,100.0,28.54740543032944
2026-02-23 01:34:40,100.0,100.0,28.539018894101055
2026-02-23 01:34:55,100.0,100.0,28.53063235787267
2026-02-23 01:35:10,100.0,100.0,28.522245821644287
2026-02-23 01:35:25,100.0,100.0,28.5138592854159
2026-02-23 01:35:40,100.0,100.0,28.505472749187515
2026-02-23 01:35:55,100.0,100.0,28.497086212959132
2026-02-23 01:36:10,100.0,100.0,28.488699676730747
2026-02-23 01:36:25,100.0,100.0,28.48031314050236
2026-02-23 01:36:40,100.0,100.0,28.471926604273975
2026-02-23 01:36:55,100.0,100.0,28.463540068045592
2026-02-23 01:37:10,100.0,100.0,28.455153531817206
2026-02-23 01:37:25,100.0,100.0,28.44676699558882
2026-02-23 01:37:40,100.0,100.0,28.438380459360438
2026-02-23 01:37:55,100.0,100.0,28.429993923132052
2026-02-23 01:38:10,100.0,100.0,28.421607386903666
2026-02-23 01:38:25,100.0,100.0,28.413220850675284
2026-02-23 01:38:40,100.0,100.0,28.404834314446898
2026-02-23 01:38:55,100.0,100.0,28.396447778218512
2026-02-23 01:39:10,100.0,100.0,28.38806124199013
2026-02-23 01:39:25,100.0,100.0,28.379674705761744
2026-02-23 01:39:40,100.0,100.0,28.371288169533358
2026-02-23 01:39:55,100.0,100.0,28.362901633304972
2026-02-23 01:40:10,100.0,100.0,28.35451509707659
2026-02-23 01:40:25,100.0,100.0,28.346128560848204
2026-02-23 01:40:40,100.0,100.0,28.337742024619818
2026-02-23 01:40:55,100.0,100.0,28.329355488391435
2026-02-23 01:41:10,100.0,100.0,28.32096895216305
2026-02-23 01:41:25,100.0,100.0,28.312582415934664
2026-02-23 01:41:40,100.0,100.0,28.304195879706278
2026-02-23 01:41:55,100.0,100.0,28.295809343477895
2026-02-23 01:42:10,100.0,100.0,28.28742280724951
2026-02-23 01:42:25,100.0,100.0,28.279036271021123
2026-02-23 01:42:40,100.0,100.0,28.27064973479274
2026-02-23 01:42:55,100.0,100.0,28.262263198564355
2026-02-23 01:43:10,100.0,100.0,28.25387666233597
2026-02-23 01:43:25,100.0,100.0,28.245490126107587
2026-02-23 01:43:40,100.0,100.0,28.2371035898792
2026-02-23 01:43:55,100.0,100.0,28.228717053650815
2026-02-23 01:44:10,100.0,100.0,28.220330517422433
2026-02-23 01:44:25,100.0,100.0,28.211943981194047
2026-02-23 01:44:40,100.0,100.0,28.20355744496566
2026-02-23 01:44:55,100.0,100.0,28.195170908737275
2026-02-23 01:45:10,100.0,100.0,28.186784372508892
2026-02-23 01:45:25,100.0,100.0,28.178397836280507
2026-02-23 01:45:40,100.0,100.0,28.17001130005212
2026-02-23 01:45:55,100.0,100.0,28.16162476382374
2026-02-23 01:46:10,100.0,100.0,28.153238227595352
2026-02-23 01:46:25,100.0,100.0,28.144851691366966
2026-02-23 01:46:40,100.0,100.0,28.136465155138584
2026-02-23 01:46:55,100.0,100.0,28.128078618910198
2026-02-23 01:47:10,100.0,100.0,28.119692082681812
2026-02-23 01:47:25,100.0,100.0,28.111305546453426
2026-02-23 01:47:40,100.0,100.0,28.102919010225044
2026-02-23 01:47:55,100.0,100.0,28.094532473996658
2026-02-23 01:48:10,100.0,100.0,28.086145937768272
2026-02-23 01:48:25,100.0,100.0,28.07775940153989
2026-02-23 01:48:40,100.0,100.0,28.069372865311504
2026-02-23 01:48:55,100.0,100.0,28.060986329083118
2026-02-23 01:49:10,100.0,100.0,28.052599792854735
2026-02-23 01:49:25,100.0,100.0,28.04421325662635
2026-02-23 01:49:40,100.0,100.0,28.035826720397964
2026-02-23 01:49:55,100.0,100.0,28.027440184169578
2026-02-23 01:50:10,100.0,100.0,28.019053647941195
2026-02-23 01:50:25,100.0,100.0,28.01066711171281
2026-02-23 01:50:40,100.0,100.0,28.002280575484424
2026-02-23 01:50:55,100.0,100.0,27.99389403925604
2026-02-23 01:51:10,100.0,100.0,27.985507503027655
2026-02-23 01:51:25,100.0,100.0,27.97712096679927
2026-02-23 01:51:40,100.0,100.0,27.968734430570887
2026-02-23 01:51:55,100.0,100.0,27.9603478943425
2026-02-23 01:52:10,100.0,100.0,27.951961358114115
2026-02-23 01:52:25,100.0,100.0,27.943574821885733
2026-02-23 01:52:40,100.0,100.0,27.935188285657347
2026-02-23 01:52:55,100.0,100.0,27.92680174942896
2026-02-23 01:53:10,100.0,100.0,27.918415213200575
2026-02-23 01:53:25,100.0,100.0,27.910028676972193
2026-02-23 01:53:40,100.0,100.0,27.901642140743807
2026-02-23 01:53:55,100.0,100.0,27.89325560451542
2026-02-23 01:54:10,100.0,100.0,27.88486906828704
2026-02-23 01:54:25,100.0,100.0,27.876482532058652
2026-02-23 01:54:40,100.0,100.0,27.868095995830267
2026-02-23 01:54:55,100.0,100.0,27.859709459601884
2026-02-23 01:55:10,100.0,100.0,27.8513229233735
2026-02-23 01:55:25,100.0,100.0,27.842936387145112
2026-02-23 01:55:40,100.0,100.0,27.834549850916726
2026-02-23 01:55:55,100.0,100.0,27.826163314688344
2026-02-23 01:56:10,100.0,100.0,27.817776778459958
2026-02-23 01:56:25,100.0,100.0,27.809390242231572
2026-02-23 01:56:40,100.0,100.0,27.80100370600319
2026-02-23 01:56:55,100.0,100.0,27.792617169774804
2026-02-23 01:57:10,100.0,100.0,27.784230633546418
2026-02-23 01:57:25,100.0,100.0,27.775844097318036
2026-02-23 01:57:40,100.0,100.0,27.76745756108965
2026-02-23 01:57:55,100.0,100.0,27.759071024861264
2026-02-23 01:58:10,100.0,100.0,27.750684488632878
2026-02-23 01:58:25,100.0,100.0,27.742297952404495
2026-02-23 01:58:40,100.0,100.0,27.73391141617611
2026-02-23 01:58:55,100.0,100.0,27.725524879947724
2026-02-23 01:59:10,100.0,100.0,27.71713834371934
2026-02-23 01:59:25,100.0,100.0,27.708751807490955
2026-02-23 01:59:40,100.0,100.0,27.70036527126257
2026-02-23 01:59:55,100.0,100.0,27.691978735034187
2026-02-23 02:00:10,100.0,100.0,27.6835921988058
2026-02-23 02:00:25,100.0,100.0,27.675205662577415
2026-02-23 02:00:40,100.0,100.0,27.66681912634903
2026-02-23 02:00:55,100.0,100.0,27.658432590120647
2026-02-23 02:01:10,100.0,100.0,27.65004605389226
2026-02-23 02:01:25,100.0,100.0,27.641659517663875
2026-02-23 02:01:40,100.0,100.0,27.633272981435493
2026-02-23 02:01:55,100.0,100.0,27.624886445207107
2026-02-23 02:02:10,100.0,100.0,27.61649990897872
2026-02-23 02:02:25,100.0,100.0,27.60811337275034
2026-02-23 02:02:40,100.0,100.0,27.599726836521953
2026-02-23 02:02:55,100.0,100.0,27.591340300293567
2026-02-23 02:03:10,100.0,100.0,27.58295376406518
2026-02-23 02:03:25,100.0,100.0,27.5745672278368
2026-02-23 02:03:40,100.0,100.0,27.566180691608412
2026-02-23 02:03:55,100.0,100.0,27.557794155380027
2026-02-23 02:04:10,100.0,100.0,27.549407619151644
2026-02-23 02:04:25,100.0,100.0,27.54102108292326
2026-02-23 02:04:40,100.0,100.0,27.532634546694872
2026-02-23 02:04:55,100.0,100.0,27.52424801046649
2026-02-23 02:05:10,100.0,100.0,27.515861474238104
2026-02-23 02:05:25,100.0,100.0,27.507474938009718
2026-02-23 02:05:40,100.0,100.0,27.499088401781336
2026-02-23 02:05:55,100.0,100.0,27.49070186555295
2026-02-23 02:06:10,100.0,100.0,27.482315329324564
2026-02-23 02:06:25,100.0,100.0,27.473928793096178
2026-02-23 02:06:40,100.0,100.0,27.465542256867796
2026-02-23 02:06:55,100.0,100.0,27.45715572063941
2026-02-23 02:07:10,100.0,100.0,27.448769184411024
2026-02-23 02:07:25,100.0,100.0,27.44038264818264
2026-02-23 02:07:40,100.0,100.0,27.431996111954255
2026-02-23 02:07:55,100.0,100.0,27.42360957572587
2026-02-23 02:08:10,100.0,100.0,27.415223039497487
2026-02-23 02:08:25,100.0,100.0,27.4068365032691
2026-02-23 02:08:40,100.0,100.0,27.398449967040715
2026-02-23 02:08:55,100.0,100.0,27.39006343081233
2026-02-23 02:09:10,100.0,100.0,27.381676894583947
2026-02-23 02:09:25,100.0,100.0,27.37329035835556
2026-02-23 02:09:40,100.0,100.0,27.364903822127175
2026-02-23 02:09:55,100.0,100.0,27.356517285898793
2026-02-23 02:10:10,100.0,100.0,27.348130749670407
2026-02-23 02:10:25,100.0,100.0,27.33974421344202
2026-02-23 02:10:40,100.0,100.0,27.33135767721364
2026-02-23 02:10:55,100.0,100.0,27.322971140985253
2026-02-23 02:11:10,100.0,100.0,27.314584604756867
2026-02-23 02:11:25,100.0,100.0,27.30619806852848
2026-02-23 02:11:40,100.0,100.0,27.2978115323001
2026-02-23 02:11:55,100.0,100.0,27.289424996071713
2026-02-23 02:12:10,100.0,100.0,27.281038459843327
2026-02-23 02:12:25,100.0,100.0,27.272651923614944
2026-02-23 02:12:40,100.0,100.0,27.26426538738656
2026-02-23 02:12:55,100.0,100.0,27.255878851158172
2026-02-23 02:13:10,100.0,100.0,27.24749231492979
2026-02-23 02:13:25,100.0,100.0,27.239105778701404
2026-02-23 02:13:40,100.0,100.0,27.23071924247302
2026-02-23 02:13:55,100.0,100.0,27.222332706244632
2026-02-23 02:14:10,100.0,100.0,27.21394617001625
2026-02-23 02:14:25,100.0,100.0,27.205559633787864
2026-02-23 02:14:40,100.0,100.0,27.197173097559478
2026-02-23 02:14:55,100.0,100.0,27.188786561331096
2026-02-23 02:15:10,100.0,100.0,27.18040002510271
2026-02-23 02:15:25,100.0,100.0,27.172013488874324
2026-02-23 02:15:40,100.0,100.0,27.16362695264594
2026-02-23 02:15:55,100.0,100.0,27.155240416417556
2026-02-23 02:16:10,100.0,100.0,27.14685388018917
2026-02-23 02:16:25,100.0,100.0,27.138467343960784
2026-02-23 02:16:40,100.0,100.0,27.1300808077324
2026-02-23 02:16:55,100.0,100.0,27.121694271504015
2026-02-23 02:17:10,100.0,100.0,27.11330773527563
2026-02-23 02:17:25,100.0,100.0,27.104921199047247
2026-02-23 02:17:40,100.0,100.0,27.09653466281886
2026-02-23 02:17:55,100.0,100.0,27.088148126590475
2026-02-23 02:18:10,100.0,100.0,27.079761590362093
2026-02-23 02:18:25,100.0,100.0,27.071375054133707
2026-02-23 02:18:40,100.0,100.0,27.06298851790532
2026-02-23 02:18:55,100.0,100.0,27.05460198167694
2026-02-23 02:19:10,100.0,100.0,27.046215445448553
2026-02-23 02:19:25,100.0,100.0,27.037828909220167
2026-02-23 02:19:40,100.0,100.0,27.02944237299178
2026-02-23 02:19:55,100.0,100.0,27.0210558367634
2026-02-23 02:20:10,100.0,100.0,27.012669300535013
2026-02-23 02:20:25,100.0,100.0,27.004282764306627
2026-02-23 02:20:40,100.0,100.0,26.995896228078244
2026-02-23 02:20:55,100.0,100.0,26.98750969184986
2026-02-23 02:21:10,100.0,100.0,26.979123155621473
2026-02-23 02:21:25,100.0,100.0,26.97073661939309
2026-02-23 02:21:40,100.0,100.0,26.962350083164704
2026-02-23 02:21:55,100.0,100.0,26.95396354693632
2026-02-23 02:22:10,100.0,100.0,26.945577010707932
2026-02-23 02:22:25,100.0,100.0,26.93719047447955
2026-02-23 02:22:40,100.0,100.0,26.928803938251164
2026-02-23 02:22:55,100.0,100.0,26.920417402022778
2026-02-23 02:23:10,100.0,100.0,26.912030865794396
2026-02-23 02:23:25,100.0,100.0,26.90364432956601
2026-02-23 02:23:40,100.0,100.0,26.895257793337624
2026-02-23 02:23:55,100.0,100.0,26.88687125710924
2026-02-23 02:24:10,100.0,100.0,26.878484720880856
2026-02-23 02:24:25,100.0,100.0,26.87009818465247
2026-02-23 02:24:40,100.0,100.0,26.861711648424084
2026-02-23 02:24:55,100.0,100.0,26.8533251121957
2026-02-23 02:25:10,100.0,100.0,26.844938575967316
2026-02-23 02:25:25,100.0,100.0,26.83655203973893
2026-02-23 02:25:40,100.0,100.0,26.828165503510547
2026-02-23 02:25:55,100.0,100.0,26.81977896728216
2026-02-23 02:26:10,100.0,100.0,26.811392431053775
2026-02-23 02:26:25,100.0,100.0,26.803005894825393
2026-02-23 02:26:40,100.0,100.0,26.794619358597007
2026-02-23 02:26:55,100.0,100.0,26.78623282236862
2026-02-23 02:27:10,100.0,100.0,26.77784628614024
2026-02-23 02:27:25,100.0,100.0,26.769459749911853
2026-02-23 02:27:40,100.0,100.0,26.761073213683467
2026-02-23 02:27:55,100.0,100.0,26.75268667745508
2026-02-23 02:28:10,100.0,100.0,26.7443001412267
2026-02-23 02:28:25,100.0,100.0,26.735913604998313
2026-02-23 02:28:40,100.0,100.0,26.727527068769927
2026-02-23 02:28:55,100.0,100.0,26.719140532541545
2026-02-23 02:29:10,100.0,100.0,26.71075399631316
2026-02-23 02:29:25,100.0,100.0,26.702367460084773
2026-02-23 02:29:40,100.0,100.0,26.693980923856387
2026-02-23 02:29:55,100.0,100.0,26.685594387628004
2026-02-23 02:30:10,100.0,100.0,26.67720785139962
2026-02-23 02:30:25,100.0,100.0,26.668821315171233
2026-02-23 02:30:40,100.0,100.0,26.66043477894285
2026-02-23 02:30:55,100.0,100.0,26.652048242714464
2026-02-23 02:31:10,100.0,100.0,26.64366170648608
2026-02-23 02:31:25,100.0,100.0,26.635275170257696
2026-02-23 02:31:40,100.0,100.0,26.62688863402931
2026-02-23 02:31:55,100.0,100.0,26.618502097800924
2026-02-23 02:32:10,100.0,100.0,26.61011556157254
2026-02-23 02:32:25,100.0,100.0,26.601729025344156
2026-02-23 02:32:40,100.0,100.0,26.59334248911577
2026-02-23 02:32:55,100.0,100.0,26.584955952887384
2026-02-23 02:33:10,100.0,100.0,26.576569416659
2026-02-23 02:33:25,100.0,100.0,26.568182880430616
2026-02-23 02:33:40,100.0,100.0,26.55979634420223
2026-02-23 02:33:55,100.0,100.0,26.551409807973847
2026-02-23 02:34:10,100.0,100.0,26.54302327174546
2026-02-23 02:34:25,100.0,100.0,26.534636735517076
2026-02-23 02:34:40,100.0,100.0,26.526250199288693
2026-02-23 02:34:55,100.0,100.0,26.517863663060307
2026-02-23 02:35:10,100.0,100.0,26.50947712683192
2026-02-23 02:35:25,100.0,100.0,26.501090590603535
2026-02-23 02:35:40,100.0,100.0,26.492704054375153
2026-02-23 02:35:55,100.0,100.0,26.484317518146767
2026-02-23 02:36:10,100.0,100.0,26.47593098191838
2026-02-23 02:36:25,100.0,100.0,26.46754444569
2026-02-23 02:36:40,100.0,100.0,26.459157909461613
2026-02-23 02:36:55,100.0,100.0,26.450771373233227
2026-02-23 02:37:10,100.0,100.0,26.442384837004845
2026-02-23 02:37:25,100.0,100.0,26.43399830077646
2026-02-23 02:37:40,100.0,100.0,26.425611764548073
2026-02-23 02:37:55,100.0,100.0,26.417225228319687
2026-02-23 02:38:10,100.0,100.0,26.408838692091305
2026-02-23 02:38:25,100.0,100.0,26.40045215586292
2026-02-23 02:38:40,100.0,100.0,26.392065619634533
2026-02-23 02:38:55,100.0,100.0,26.38367908340615
2026-02-23 02:39:10,100.0,100.0,26.375292547177764
2026-02-23 02:39:25,100.0,100.0,26.36690601094938
2026-02-23 02:39:40,100.0,100.0,26.358519474720996
2026-02-23 02:39:55,100.0,100.0,26.35013293849261
2026-02-23 02:40:10,100.0,100.0,26.341746402264224
2026-02-23 02:40:25,100.0,100.0,26.333359866035842
2026-02-23 02:40:40,100.0,100.0,26.324973329807456
2026-02-23 02:40:55,100.0,100.0,26.31658679357907
2026-02-23 02:41:10,100.0,100.0,26.308200257350684
2026-02-23 02:41:25,100.0,100.0,26.2998137211223
2026-02-23 02:41:40,100.0,100.0,26.291427184893916
2026-02-23 02:41:55,100.0,100.0,26.28304064866553
2026-02-23 02:42:10,100.0,100.0,26.274654112437148
2026-02-23 02:42:25,100.0,100.0,26.26626757620876
2026-02-23 02:42:40,100.0,100.0,26.257881039980376
2026-02-23 02:42:55,100.0,100.0,26.24949450375199
2026-02-23 02:43:10,100.0,100.0,26.241107967523607
2026-02-23 02:43:25,100.0,100.0,26.23272143129522
2026-02-23 02:43:40,100.0,100.0,26.224334895066836
2026-02-23 02:43:55,100.0,100.0,26.215948358838453
2026-02-23 02:44:10,100.0,100.0,26.207561822610067
2026-02-23 02:44:25,100.0,100.0,26.19917528638168
2026-02-23 02:44:40,100.0,100.0,26.1907887501533
2026-02-23 02:44:55,100.0,100.0,26.182402213924913
2026-02-23 02:45:10,100.0,100.0,26.174015677696527
2026-02-23 02:45:25,100.0,100.0,26.165629141468145
2026-02-23 02:45:40,100.0,100.0,26.15724260523976
2026-02-23 02:45:55,100.0,100.0,26.148856069011373
2026-02-23 02:46:10,100.0,100.0,26.140469532782987
2026-02-23 02:46:25,100.0,100.0,26.132082996554605
2026-02-23 02:46:40,100.0,100.0,26.12369646032622
2026-02-23 02:46:55,100.0,100.0,26.115309924097833
2026-02-23 02:47:10,100.0,100.0,26.10692338786945
2026-02-23 02:47:25,100.0,100.0,26.098536851641065
2026-02-23 02:47:40,100.0,100.0,26.09015031541268
2026-02-23 02:47:55,100.0,100.0,26.081763779184296
2026-02-23 02:48:10,100.0,100.0,26.07337724295591
2026-02-23 02:48:25,100.0,100.0,26.064990706727524
2026-02-23 02:48:40,100.0,100.0,26.056604170499142
2026-02-23 02:48:55,100.0,100.0,26.048217634270756
2026-02-23 02:49:10,100.0,100.0,26.03983109804237
2026-02-23 02:49:25,100.0,100.0,26.031444561813984
2026-02-23 02:49:40,100.0,100.0,26.023058025585602
2026-02-23 02:49:55,100.0,100.0,26.014671489357216
2026-02-23 02:50:10,100.0,100.0,26.00628495312883
2026-02-23 02:50:25,100.0,100.0,25.997898416900448
2026-02-23 02:50:40,100.0,100.0,25.98951188067206
2026-02-23 02:50:55,100.0,100.0,25.981125344443676
2026-02-23 02:51:10,100.0,100.0,25.97273880821529
2026-02-23 02:51:25,100.0,100.0,25.964352271986908
2026-02-23 02:51:40,100.0,100.0,25.95596573575852
2026-02-23 02:51:55,100.0,100.0,25.947579199530136
2026-02-23 02:52:10,100.0,100.0,25.939192663301753
2026-02-23 02:52:25,100.0,100.0,25.930806127073367
2026-02-23 02:52:40,100.0,100.0,25.92241959084498
2026-02-23 02:52:55,100.0,100.0,25.9140330546166
2026-02-23 02:53:10,100.0,100.0,25.905646518388213
2026-02-23 02:53:25,100.0,100.0,25.897259982159827
2026-02-23 02:53:40,100.0,100.0,25.888873445931445
2026-02-23 02:53:55,100.0,100.0,25.88048690970306
2026-02-23 02:54:10,100.0,100.0,25.872100373474673
2026-02-23 02:54:25,100.0,100.0,25.863713837246287
2026-02-23 02:54:40,100.0,100.0,25.855327301017905
2026-02-23 02:54:55,100.0,100.0,25.84694076478952
2026-02-23 02:55:10,100.0,100.0,25.838554228561133
2026-02-23 02:55:25,100.0,100.0,25.83016769233275
2026-02-23 02:55:40,100.0,100.0,25.821781156104365
2026-02-23 02:55:55,100.0,100.0,25.81339461987598
2026-02-23 02:56:10,100.0,100.0,25.805008083647596
2026-02-23 02:56:25,100.0,100.0,25.79662154741921
2026-02-23 02:56:40,100.0,100.0,25.788235011190825
2026-02-23 02:56:55,100.0,100.0,25.77984847496244
2026-02-23 02:57:10,100.0,100.0,25.771461938734056
2026-02-23 02:57:25,100.0,100.0,25.76307540250567
2026-02-23 02:57:40,100.0,100.0,25.754688866277284
2026-02-23 02:57:55,100.0,100.0,25.746302330048902
2026-02-23 02:58:10,100.0,100.0,25.737915793820516
2026-02-23 02:58:25,100.0,100.0,25.72952925759213
2026-02-23 02:58:40,100.0,100.0,25.721142721363748
2026-02-23 02:58:55,100.0,100.0,25.712756185135362
2026-02-23 02:59:10,100.0,100.0,25.704369648906976
2026-02-23 02:59:25,100.0,100.0,25.69598311267859
2026-02-23 02:59:40,100.0,100.0,25.687596576450208
2026-02-23 02:59:55,100.0,100.0,25.67921004022182
2026-02-23 03:00:10,100.0,100.0,25.670823503993436
2026-02-23 03:00:25,100.0,100.0,25.662436967765053
2026-02-23 03:00:40,100.0,100.0,25.654050431536668
2026-02-23 03:00:55,100.0,100.0,25.64566389530828
2026-02-23 03:01:10,100.0,100.0,25.6372773590799
2026-02-23 03:01:25,100.0,100.0,25.628890822851513
2026-02-23 03:01:40,100.0,100.0,25.620504286623127
2026-02-23 03:01:55,100.0,100.0,25.612117750394745
2026-02-23 03:02:10,100.0,100.0,25.60373121416636
2026-02-23 03:02:25,100.0,100.0,25.595344677937973
2026-02-23 03:02:40,100.0,100.0,25.586958141709587
2026-02-23 03:02:55,100.0,100.0,25.578571605481205
2026-02-23 03:03:10,100.0,100.0,25.57018506925282
2026-02-23 03:03:25,100.0,100.0,25.561798533024433
2026-02-23 03:03:40,100.0,100.0,25.55341199679605
2026-02-23 03:03:55,100.0,100.0,25.545025460567665
2026-02-23 03:04:10,100.0,100.0,25.53663892433928
2026-02-23 03:04:25,100.0,100.0,25.528252388110893
2026-02-23 03:04:40,100.0,100.0,25.51986585188251
2026-02-23 03:04:55,100.0,100.0,25.511479315654125
2026-02-23 03:05:10,100.0,100.0,25.50309277942574
2026-02-23 03:05:25,100.0,100.0,25.494706243197356
2026-02-23 03:05:40,100.0,100.0,25.48631970696897
2026-02-23 03:05:55,100.0,100.0,25.477933170740585
2026-02-23 03:06:10,100.0,100.0,25.469546634512202
2026-02-23 03:06:25,100.0,100.0,25.461160098283816
2026-02-23 03:06:40,100.0,100.0,25.45277356205543
2026-02-23 03:06:55,100.0,100.0,25.444387025827048
2026-02-23 03:07:10,100.0,100.0,25.436000489598662
2026-02-23 03:07:25,100.0,100.0,25.427613953370276
2026-02-23 03:07:40,100.0,100.0,25.41922741714189
2026-02-23 03:07:55,100.0,100.0,25.410840880913508
2026-02-23 03:08:10,100.0,100.0,25.402454344685122
2026-02-23 03:08:25,100.0,100.0,25.394067808456736
2026-02-23 03:08:40,100.0,100.0,25.385681272228354
2026-02-23 03:08:55,100.0,100.0,25.377294735999968
2026-02-23 03:09:10,100.0,100.0,25.36890819977158
2026-02-23 03:09:25,100.0,100.0,25.360521663543196
2026-02-23 03:09:40,100.0,100.0,25.352135127314813
2026-02-23 03:09:55,100.0,100.0,25.343748591086428
2026-02-23 03:10:10,100.0,100.0,25.335362054858045
2026-02-23 03:10:25,100.0,100.0,25.32697551862966
2026-02-23 03:10:40,100.0,100.0,25.318588982401273
2026-02-23 03:10:55,100.0,100.0,25.310202446172887
2026-02-23 03:11:10,100.0,100.0,25.301815909944505
2026-02-23 03:11:25,100.0,100.0,25.29342937371612
2026-02-23 03:11:40,100.0,100.0,25.285042837487733
2026-02-23 03:11:55,100.0,100.0,25.27665630125935
2026-02-23 03:12:10,100.0,100.0,25.268269765030965
2026-02-23 03:12:25,100.0,100.0,25.25988322880258
2026-02-23 03:12:40,100.0,100.0,25.251496692574193
2026-02-23 03:12:55,100.0,100.0,25.24311015634581
2026-02-23 03:13:10,100.0,100.0,25.234723620117425
2026-02-23 03:13:25,100.0,100.0,25.22633708388904
2026-02-23 03:13:40,100.0,100.0,25.217950547660656
2026-02-23 03:13:55,100.0,100.0,25.20956401143227
2026-02-23 03:14:10,100.0,100.0,25.201177475203885
2026-02-23 03:14:25,100.0,100.0,25.192790938975502
2026-02-23 03:14:40,100.0,100.0,25.184404402747116
2026-02-23 03:14:55,100.0,100.0,25.17601786651873
2026-02-23 03:15:10,100.0,100.0,25.167631330290348
2026-02-23 03:15:25,100.0,100.0,25.159244794061962
2026-02-23 03:15:40,100.0,100.0,25.150858257833576
2026-02-23 03:15:55,100.0,100.0,25.14247172160519
2026-02-23 03:16:10,100.0,100.0,25.134085185376808
2026-02-23 03:16:25,100.0,100.0,25.125698649148422
2026-02-23 03:16:40,100.0,100.0,25.117312112920036
2026-02-23 03:16:55,100.0,100.0,25.108925576691654
2026-02-23 03:17:10,100.0,100.0,25.100539040463268
2026-02-23 03:17:25,100.0,100.0,25.092152504234882
2026-02-23 03:17:40,100.0,100.0,25.083765968006496
2026-02-23 03:17:55,100.0,100.0,25.075379431778114
2026-02-23 03:18:10,100.0,100.0,25.066992895549728
2026-02-23 03:18:25,100.0,100.0,25.05860635932134
2026-02-23 03:18:40,100.0,100.0,25.05021982309296
2026-02-23 03:18:55,100.0,100.0,25.041833286864573
2026-02-23 03:19:10,100.0,100.0,25.033446750636188
2026-02-23 03:19:25,100.0,100.0,25.025060214407805
2026-02-23 03:19:40,100.0,100.0,25.01667367817942
2026-02-23 03:19:55,100.0,100.0,25.008287141951033
2026-02-23 03:20:10,100.0,100.0,24.99990060572265
2026-02-23 03:20:25,100.0,100.0,24.991514069494265
2026-02-23 03:20:40,100.0,100.0,24.98312753326588
2026-02-23 03:20:55,100.0,100.0,24.974740997037493
2026-02-23 03:21:10,100.0,100.0,24.96635446080911
2026-02-23 03:21:25,100.0,100.0,24.957967924580725
2026-02-23 03:21:40,100.0,100.0,24.94958138835234
2026-02-23 03:21:55,100.0,100.0,24.941194852123957
2026-02-23 03:22:10,100.0,100.0,24.93280831589557
2026-02-23 03:22:25,100.0,100.0,24.924421779667185
2026-02-23 03:22:40,100.0,100.0,24.9160352434388
2026-02-23 03:22:55,100.0,100.0,24.907648707210416
2026-02-23 03:23:10,100.0,100.0,24.89926217098203
2026-02-23 03:23:25,100.0,100.0,24.890875634753648
2026-02-23 03:23:40,100.0,100.0,24.882489098525262
2026-02-23 03:23:55,100.0,100.0,24.874102562296876
2026-02-23 03:24:10,100.0,100.0,24.86571602606849
2026-02-23 03:24:25,100.0,100.0,24.857329489840108
2026-02-23 03:24:40,100.0,100.0,24.848942953611722
2026-02-23 03:24:55,100.0,100.0,24.840556417383336
2026-02-23 03:25:10,100.0,100.0,24.832169881154954
2026-02-23 03:25:25,100.0,100.0,24.823783344926568
2026-02-23 03:25:40,100.0,100.0,24.815396808698182
2026-02-23 03:25:55,100.0,100.0,24.807010272469796
2026-02-23 03:26:10,100.0,100.0,24.798623736241414
2026-02-23 03:26:25,100.0,100.0,24.790237200013028
2026-02-23 03:26:40,100.0,100.0,24.781850663784642
2026-02-23 03:26:55,100.0,100.0,24.77346412755626
2026-02-23 03:27:10,100.0,100.0,24.765077591327874
2026-02-23 03:27:25,100.0,100.0,24.756691055099488
2026-02-23 03:27:40,100.0,100.0,24.748304518871105
2026-02-23 03:27:55,100.0,100.0,24.73991798264272
2026-02-23 03:28:10,100.0,100.0,24.731531446414333
2026-02-23 03:28:25,100.0,100.0,24.72314491018595
2026-02-23 03:28:40,100.0,100.0,24.714758373957565
2026-02-23 03:28:55,100.0,100.0,24.70637183772918
2026-02-23 03:29:10,100.0,100.0,24.697985301500793
2026-02-23 03:29:25,100.0,100.0,24.68959876527241
2026-02-23 03:29:40,100.0,100.0,24.681212229044025
2026-02-23 03:29:55,100.0,100.0,24.67282569281564
2026-02-23 03:30:10,100.0,100.0,24.664439156587257
2026-02-23 03:30:25,100.0,100.0,24.65605262035887
2026-02-23 03:30:40,100.0,100.0,24.647666084130485
2026-02-23 03:30:55,100.0,100.0,24.6392795479021
2026-02-23 03:31:10,100.0,100.0,24.630893011673717
2026-02-23 03:31:25,100.0,100.0,24.62250647544533
2026-02-23 03:31:40,100.0,100.0,24.614119939216945
2026-02-23 03:31:55,100.0,100.0,24.605733402988562
2026-02-23 03:32:10,100.0,100.0,24.597346866760176
2026-02-23 03:32:25,100.0,100.0,24.58896033053179
2026-02-23 03:32:40,100.0,100.0,24.580573794303408
2026-02-23 03:32:55,100.0,100.0,24.572187258075022
2026-02-23 03:33:10,100.0,100.0,24.563800721846636
2026-02-23 03:33:25,100.0,100.0,24.555414185618254
2026-02-23 03:33:40,100.0,100.0,24.547027649389868
2026-02-23 03:33:55,100.0,100.0,24.538641113161482
2026-02-23 03:34:10,100.0,100.0,24.530254576933096
2026-02-23 03:34:25,100.0,100.0,24.521868040704714
2026-02-23 03:34:40,100.0,100.0,24.513481504476328
2026-02-23 03:34:55,100.0,100.0,24.505094968247942
2026-02-23 03:35:10,100.0,100.0,24.49670843201956
2026-02-23 03:35:25,100.0,100.0,24.488321895791174
2026-02-23 03:35:40,100.0,100.0,24.479935359562788
2026-02-23 03:35:55,100.0,100.0,24.471548823334405
2026-02-23 03:36:10,100.0,100.0,24.46316228710602
2026-02-23 03:36:25,100.0,100.0,24.454775750877634
2026-02-23 03:36:40,100.0,100.0,24.44638921464925
2026-02-23 03:36:55,100.0,100.0,24.438002678420865
2026-02-23 03:37:10,100.0,100.0,24.42961614219248
2026-02-23 03:37:25,100.0,100.0,24.421229605964093
2026-02-23 03:37:40,100.0,100.0,24.41284306973571
2026-02-23 03:37:55,100.0,100.0,24.404456533507325
2026-02-23 03:38:10,100.0,100.0,24.39606999727894
2026-02-23 03:38:25,100.0,100.0,24.387683461050557
2026-02-23 03:38:40,100.0,100.0,24.37929692482217
2026-02-23 03:38:55,100.0,100.0,24.370910388593785
2026-02-23 03:39:10,100.0,100.0,24.3625238523654
2026-02-23 03:39:25,100.0,100.0,24.354137316137017
2026-02-23 03:39:40,100.0,100.0,24.34575077990863
2026-02-23 03:39:55,100.0,100.0,24.337364243680245
2026-02-23 03:40:10,100.0,100.0,24.328977707451862
2026-02-23 03:40:25,100.0,100.0,24.320591171223477
2026-02-23 03:40:40,100.0,100.0,24.31220463499509
2026-02-23 03:40:55,100.0,100.0,24.30381809876671
2026-02-23 03:41:10,100.0,100.0,24.295431562538322
2026-02-23 03:41:25,100.0,100.0,24.287045026309936
2026-02-23 03:41:40,100.0,100.0,24.278658490081554
2026-02-23 03:41:55,100.0,100.0,24.270271953853168
2026-02-23 03:42:10,100.0,100.0,24.261885417624782
2026-02-23 03:42:25,100.0,100.0,24.253498881396396
2026-02-23 03:42:40,100.0,100.0,24.245112345168014
2026-02-23 03:42:55,100.0,100.0,24.236725808939628
2026-02-23 03:43:10,100.0,100.0,24.228339272711242
2026-02-23 03:43:25,100.0,100.0,24.21995273648286
2026-02-23 03:43:40,100.0,100.0,24.211566200254474
2026-02-23 03:43:55,100.0,100.0,24.203179664026088
2026-02-23 03:44:10,100.0,100.0,24.194793127797702
2026-02-23 03:44:25,100.0,100.0,24.18640659156932
2026-02-23 03:44:40,100.0,100.0,24.178020055340934
2026-02-23 03:44:55,100.0,100.0,24.16963351911255
2026-02-23 03:45:10,100.0,100.0,24.161246982884165
2026-02-23 03:45:25,100.0,100.0,24.15286044665578
2026-02-23 03:45:40,100.0,100.0,24.144473910427394
2026-02-23 03:45:55,100.0,100.0,24.13608737419901
2026-02-23 03:46:10,100.0,100.0,24.127700837970625
2026-02-23 03:46:25,100.0,100.0,24.11931430174224
2026-02-23 03:46:40,100.0,100.0,24.110927765513857
2026-02-23 03:46:55,100.0,100.0,24.10254122928547
2026-02-23 03:47:10,100.0,100.0,24.094154693057085
2026-02-23 03:47:25,100.0,100.0,24.0857681568287
2026-02-23 03:47:40,100.0,100.0,24.077381620600317
2026-02-23 03:47:55,100.0,100.0,24.06899508437193
2026-02-23 03:48:10,100.0,100.0,24.060608548143545
2026-02-23 03:48:25,100.0,100.0,24.052222011915163
2026-02-23 03:48:40,100.0,100.0,24.043835475686777
2026-02-23 03:48:55,100.0,100.0,24.03544893945839
2026-02-23 03:49:10,100.0,100.0,24.02706240323001
2026-02-23 03:49:25,100.0,100.0,24.018675867001622
2026-02-23 03:49:40,100.0,100.0,24.010289330773237
2026-02-23 03:49:55,100.0,100.0,24.001902794544854
2026-02-23 03:50:10,100.0,100.0,23.99351625831647
2026-02-23 03:50:25,100.0,100.0,23.985129722088082
2026-02-23 03:50:40,100.0,100.0,23.976743185859696
2026-02-23 03:50:55,100.0,100.0,23.968356649631314
2026-02-23 03:51:10,100.0,100.0,23.959970113402928
2026-02-23 03:51:25,100.0,100.0,23.951583577174542
2026-02-23 03:51:40,100.0,100.0,23.94319704094616
2026-02-23 03:51:55,100.0,100.0,23.934810504717774
2026-02-23 03:52:10,100.0,100.0,23.926423968489388
2026-02-23 03:52:25,100.0,100.0,23.918037432261002
2026-02-23 03:52:40,100.0,100.0,23.90965089603262
2026-02-23 03:52:55,100.0,100.0,23.901264359804234
2026-02-23 03:53:10,100.0,100.0,23.892877823575848
2026-02-23 03:53:25,100.0,100.0,23.884491287347466
2026-02-23 03:53:40,100.0,100.0,23.87610475111908
2026-02-23 03:53:55,100.0,100.0,23.867718214890694
2026-02-23 03:54:10,87.5,100.0,23.85933167866231
2026-02-23 03:54:25,87.5,100.0,23.850945142433925
2026-02-23 03:54:40,87.5,100.0,23.84255860620554
2026-02-23 03:54:55,100.0,100.0,23.834172069977157
2026-02-23 03:55:10,100.0,100.0,23.82578553374877
2026-02-23 03:55:25,87.5,100.0,23.817398997520385
2026-02-23 03:55:40,87.5,100.0,23.809012461292
2026-02-23 03:55:55,87.5,98.9247311827957,23.800625925063617
2026-02-23 03:56:10,87.5,97.84946236559139,23.79223938883523
2026-02-23 03:56:25,87.5,96.7741935483871,23.783852852606845
2026-02-23 03:56:40,87.5,95.6989247311828,23.775466316378463
2026-02-23 03:56:55,87.5,95.6989247311828,23.767079780150077
2026-02-23 03:57:10,87.5,95.6989247311828,23.75869324392169
2026-02-23 03:57:25,87.5,95.6989247311828,23.750306707693305
2026-02-23 03:57:40,87.5,95.6989247311828,23.741920171464923
2026-02-23 03:57:55,87.5,95.6989247311828,23.733533635236537
2026-02-23 03:58:10,87.5,95.6989247311828,23.725147099008154
2026-02-23 03:58:25,87.5,95.6989247311828,23.71676056277977
2026-02-23 03:58:40,87.5,95.6989247311828,23.708374026551382
2026-02-23 03:58:55,87.5,95.6989247311828,23.699987490322997
2026-02-23 03:59:10,87.5,95.6989247311828,23.691600954094614
2026-02-23 03:59:25,87.5,95.6989247311828,23.68321441786623
2026-02-23 03:59:40,87.5,95.6989247311828,23.674827881637842
2026-02-23 03:59:55,87.5,95.6989247311828,23.66644134540946
2026-02-23 04:00:10,87.5,95.6989247311828,23.662199461113087
2026-02-23 04:00:25,87.5,95.6989247311828,23.66002990278272
2026-02-23 04:00:40,87.5,95.6989247311828,23.657860344452356
2026-02-23 04:00:55,87.5,95.6989247311828,23.65569078612199
2026-02-23 04:01:10,87.5,95.6989247311828,23.653521227791625
2026-02-23 04:01:25,87.5,95.6989247311828,23.65135166946126
2026-02-23 04:01:40,87.5,95.6989247311828,23.649182111130894
2026-02-23 04:01:55,87.5,95.6989247311828,23.647012552800525
2026-02-23 04:02:10,87.5,95.6989247311828,23.64484299447016
2026-02-23 04:02:25,100.0,95.6989247311828,23.642673436139795
2026-02-23 04:02:40,100.0,95.6989247311828,23.64050387780943
2026-02-23 04:02:55,100.0,95.6989247311828,23.638334319479064
2026-02-23 04:03:10,100.0,95.6989247311828,23.6361647611487
2026-02-23 04:03:25,100.0,95.6989247311828,23.633995202818333
2026-02-23 04:03:40,100.0,95.6989247311828,23.631825644487968
2026-02-23 04:03:55,100.0,95.6989247311828,23.629656086157603
2026-02-23 04:04:10,100.0,95.6989247311828,23.627486527827237
2026-02-23 04:04:25,100.0,95.6989247311828,23.625316969496872
2026-02-23 04:04:40,100.0,95.6989247311828,23.623147411166507
2026-02-23 04:04:55,100.0,95.6989247311828,23.62097785283614
2026-02-23 04:05:10,100.0,95.6989247311828,23.618808294505772
2026-02-23 04:05:25,100.0,95.6989247311828,23.616638736175407
2026-02-23 04:05:40,100.0,95.6989247311828,23.61446917784504
2026-02-23 04:05:55,100.0,95.6989247311828,23.612299619514676
2026-02-23 04:06:10,100.0,95.6989247311828,23.61013006118431
2026-02-23 04:06:25,100.0,95.6989247311828,23.607960502853945
2026-02-23 04:06:40,100.0,95.6989247311828,23.60579094452358
2026-02-23 04:06:55,100.0,95.6989247311828,23.603621386193215
2026-02-23 04:07:10,100.0,95.6989247311828,23.60145182786285
2026-02-23 04:07:25,100.0,95.6989247311828,23.599282269532484
2026-02-23 04:07:40,100.0,95.6989247311828,23.59711271120212
2026-02-23 04:07:55,100.0,95.6989247311828,23.594943152871753
2026-02-23 04:08:10,87.5,95.6989247311828,23.592773594541388
2026-02-23 04:08:25,100.0,95.6989247311828,23.590604036211023
2026-02-23 04:08:40,100.0,95.6989247311828,23.588434477880654
2026-02-23 04:08:55,100.0,95.6989247311828,23.58626491955029
2026-02-23 04:09:10,100.0,95.6989247311828,23.584095361219923
2026-02-23 04:09:25,100.0,95.6989247311828,23.581925802889558
2026-02-23 04:09:40,100.0,95.6989247311828,23.579756244559192
2026-02-23 04:09:55,100.0,95.6989247311828,23.577586686228827
2026-02-23 04:10:10,100.0,95.6989247311828,23.57541712789846
2026-02-23 04:10:25,100.0,95.6989247311828,23.573247569568096
2026-02-23 04:10:40,100.0,95.6989247311828,23.57107801123773
2026-02-23 04:10:55,100.0,95.6989247311828,23.568908452907365
2026-02-23 04:11:10,100.0,95.6989247311828,23.566738894577
2026-02-23 04:11:25,100.0,95.6989247311828,23.564569336246635
2026-02-23 04:11:40,100.0,95.6989247311828,23.56239977791627
2026-02-23 04:11:55,100.0,95.6989247311828,23.560230219585904
2026-02-23 04:12:10,100.0,95.6989247311828,23.558060661255535
2026-02-23 04:12:25,100.0,95.6989247311828,23.55589110292517
2026-02-23 04:12:40,100.0,95.6989247311828,23.553721544594804
2026-02-23 04:12:55,100.0,95.6989247311828,23.55155198626444
2026-02-23 04:13:10,100.0,95.6989247311828,23.549382427934074
2026-02-23 04:13:25,100.0,95.6989247311828,23.547212869603708
2026-02-23 04:13:40,100.0,95.6989247311828,23.545043311273343
2026-02-23 04:13:55,100.0,95.6989247311828,23.542873752942977
2026-02-23 04:14:10,100.0,95.6989247311828,23.540704194612612
2026-02-23 04:14:25,100.0,95.6989247311828,23.538534636282247
2026-02-23 04:14:40,100.0,95.6989247311828,23.53636507795188
2026-02-23 04:14:55,100.0,95.6989247311828,23.534195519621516
2026-02-23 04:15:10,100.0,95.6989247311828,23.53202596129115
2026-02-23 04:15:25,100.0,95.6989247311828,23.52985640296078
2026-02-23 04:15:40,100.0,95.6989247311828,23.527686844630416
2026-02-23 04:15:55,100.0,95.6989247311828,23.52551728630005
2026-02-23 04:16:10,100.0,95.6989247311828,23.523347727969686
2026-02-23 04:16:25,100.0,95.6989247311828,23.52117816963932
2026-02-23 04:16:40,100.0,95.6989247311828,23.519008611308955
2026-02-23 04:16:55,100.0,95.6989247311828,23.51683905297859
2026-02-23 04:17:10,100.0,95.6989247311828,23.514669494648224
2026-02-23 04:17:25,100.0,95.6989247311828,23.51249993631786
2026-02-23 04:17:40,100.0,95.6989247311828,23.510330377987493
2026-02-23 04:17:55,100.0,95.6989247311828,23.508160819657128
2026-02-23 04:18:10,100.0,95.6989247311828,23.505991261326763
2026-02-23 04:18:25,100.0,95.6989247311828,23.503821702996397
2026-02-23 04:18:40,100.0,95.6989247311828,23.501652144666032
2026-02-23 04:18:55,100.0,95.6989247311828,23.499482586335663
2026-02-23 04:19:10,100.0,96.7741935483871,23.497313028005298
2026-02-23 04:19:25,100.0,97.84946236559139,23.495143469674932
2026-02-23 04:19:40,100.0,98.9247311827957,23.492973911344567
2026-02-23 04:19:55,100.0,100.0,23.4908043530142
2026-02-23 04:20:10,100.0,100.0,23.488634794683836
2026-02-23 04:20:25,100.0,100.0,23.48646523635347
2026-02-23 04:20:40,100.0,100.0,23.484295678023106
2026-02-23 04:20:55,100.0,100.0,23.48212611969274
2026-02-23 04:21:10,100.0,100.0,23.479956561362375
2026-02-23 04:21:25,100.0,100.0,23.47778700303201
2026-02-23 04:21:40,100.0,100.0,23.475617444701644
2026-02-23 04:21:55,100.0,100.0,23.47344788637128
2026-02-23 04:22:10,100.0,100.0,23.471278328040913
2026-02-23 04:22:25,100.0,100.0,23.469108769710544
2026-02-23 04:22:40,100.0,100.0,23.46693921138018
2026-02-23 04:22:55,100.0,100.0,23.464769653049814
2026-02-23 04:23:10,100.0,100.0,23.46260009471945
2026-02-23 04:23:25,100.0,100.0,23.460430536389083
2026-02-23 04:23:40,100.0,100.0,23.458260978058718
2026-02-23 04:23:55,100.0,100.0,23.456091419728352
2026-02-23 04:24:10,100.0,100.0,23.453921861397987
2026-02-23 04:24:25,100.0,100.0,23.45175230306762
2026-02-23 04:24:40,100.0,100.0,23.449582744737256
2026-02-23 04:24:55,100.0,100.0,23.44741318640689
2026-02-23 04:25:10,100.0,100.0,23.445243628076526
2026-02-23 04:25:25,100.0,100.0,23.44307406974616
2026-02-23 04:25:40,100.0,100.0,23.440904511415795
2026-02-23 04:25:55,100.0,100.0,23.438734953085426
2026-02-23 04:26:10,100.0,100.0,23.43656539475506
2026-02-23 04:26:25,100.0,100.0,23.434395836424695
2026-02-23 04:26:40,100.0,100.0,23.43222627809433
2026-02-23 04:26:55,100.0,100.0,23.430056719763964
2026-02-23 04:27:10,100.0,100.0,23.4278871614336
2026-02-23 04:27:25,100.0,100.0,23.425717603103234
2026-02-23 04:27:40,100.0,100.0,23.42354804477287
2026-02-23 04:27:55,100.0,100.0,23.421378486442503
2026-02-23 04:28:10,100.0,100.0,23.419208928112138
2026-02-23 04:28:25,100.0,100.0,23.417039369781772
2026-02-23 04:28:40,100.0,100.0,23.414869811451407
2026-02-23 04:28:55,100.0,100.0,23.41270025312104
2026-02-23 04:29:10,100.0,100.0,23.410530694790673
2026-02-23 04:29:25,100.0,100.0,23.408361136460307
2026-02-23 04:29:40,100.0,100.0,23.406191578129942
2026-02-23 04:29:55,100.0,100.0,23.404022019799577
2026-02-23 04:30:10,100.0,100.0,23.40185246146921
2026-02-23 04:30:25,100.0,100.0,23.399682903138846
2026-02-23 04:30:40,100.0,100.0,23.39751334480848
2026-02-23 04:30:55,100.0,100.0,23.395343786478115
2026-02-23 04:31:10,100.0,100.0,23.39317422814775
2026-02-23 04:31:25,100.0,100.0,23.391004669817384
2026-02-23 04:31:40,100.0,100.0,23.38883511148702
2026-02-23 04:31:55,100.0,100.0,23.386665553156654
2026-02-23 04:32:10,100.0,100.0,23.38449599482629
2026-02-23 04:32:25,100.0,100.0,23.382326436495923
2026-02-23 04:32:40,100.0,100.0,23.380156878165554
2026-02-23 04:32:55,100.0,100.0,23.37798731983519
2026-02-23 04:33:10,100.0,100.0,23.375817761504823
2026-02-23 04:33:25,100.0,100.0,23.373648203174458
2026-02-23 04:33:40,100.0,100.0,23.371478644844093
2026-02-23 04:33:55,100.0,100.0,23.369309086513727
2026-02-23 04:34:10,100.0,100.0,23.367139528183362
2026-02-23 04:34:25,100.0,100.0,23.364969969852996
2026-02-23 04:34:40,100.0,100.0,23.36280041152263
2026-02-23 04:34:55,100.0,100.0,23.360630853192266
2026-02-23 04:35:10,100.0,100.0,23.3584612948619
2026-02-23 04:35:25,100.0,100.0,23.356291736531535
2026-02-23 04:35:40,100.0,100.0,23.35412217820117
2026-02-23 04:35:55,100.0,100.0,23.351952619870804
2026-02-23 04:36:10,100.0,100.0,23.349783061540435
2026-02-23 04:36:25,100.0,100.0,23.34761350321007
2026-02-23 04:36:40,100.0,100.0,23.345443944879705
2026-02-23 04:36:55,100.0,100.0,23.34327438654934
2026-02-23 04:37:10,100.0,100.0,23.341104828218974
2026-02-23 04:37:25,100.0,100.0,23.33893526988861
2026-02-23 04:37:40,100.0,100.0,23.336765711558243
2026-02-23 04:37:55,100.0,100.0,23.334596153227878
2026-02-23 04:38:10,100.0,100.0,23.332426594897512
2026-02-23 04:38:25,100.0,100.0,23.330257036567147
2026-02-23 04:38:40,100.0,100.0,23.32808747823678
2026-02-23 04:38:55,100.0,100.0,23.325917919906416
2026-02-23 04:39:10,100.0,100.0,23.32374836157605
2026-02-23 04:39:25,100.0,100.0,23.321578803245686
2026-02-23 04:39:40,100.0,100.0,23.319409244915317
2026-02-23 04:39:55,100.0,100.0,23.31723968658495
2026-02-23 04:40:10,100.0,100.0,23.315070128254586
2026-02-23 04:40:25,100.0,100.0,23.31290056992422
2026-02-23 04:40:40,100.0,100.0,23.310731011593855
2026-02-23 04:40:55,100.0,100.0,23.30856145326349
2026-02-23 04:41:10,100.0,100.0,23.306391894933125
2026-02-23 04:41:25,100.0,100.0,23.30422233660276
2026-02-23 04:41:40,100.0,100.0,23.302052778272394
2026-02-23 04:41:55,100.0,100.0,23.29988321994203
2026-02-23 04:42:10,100.0,100.0,23.297713661611663
2026-02-23 04:42:25,100.0,100.0,23.295544103281298
2026-02-23 04:42:40,100.0,100.0,23.293374544950932
2026-02-23 04:42:55,100.0,100.0,23.291204986620563
2026-02-23 04:43:10,100.0,100.0,23.289035428290198
2026-02-23 04:43:25,100.0,100.0,23.286865869959833
2026-02-23 04:43:40,100.0,100.0,23.284696311629467
2026-02-23 04:43:55,100.0,100.0,23.282526753299102
2026-02-23 04:44:10,100.0,100.0,23.280357194968737
2026-02-23 04:44:25,100.0,100.0,23.27818763663837
2026-02-23 04:44:40,100.0,100.0,23.276018078308006
2026-02-23 04:44:55,100.0,100.0,23.27384851997764
2026-02-23 04:45:10,100.0,100.0,23.271678961647275
2026-02-23 04:45:25,100.0,100.0,23.26950940331691
2026-02-23 04:45:40,100.0,100.0,23.267339844986545
2026-02-23 04:45:55,100.0,100.0,23.26517028665618
2026-02-23 04:46:10,100.0,100.0,23.263000728325814
2026-02-23 04:46:25,100.0,100.0,23.260831169995445
2026-02-23 04:46:40,100.0,100.0,23.25866161166508
2026-02-23 04:46:55,100.0,100.0,23.256492053334714
2026-02-23 04:47:10,100.0,100.0,23.25432249500435
2026-02-23 04:47:25,100.0,100.0,23.252152936673983
2026-02-23 04:47:40,100.0,100.0,23.249983378343618
2026-02-23 04:47:55,100.0,100.0,23.247813820013253
2026-02-23 04:48:10,100.0,100.0,23.245644261682887
2026-02-23 04:48:25,100.0,100.0,23.243474703352522
2026-02-23 04:48:40,100.0,100.0,23.241305145022157
2026-02-23 04:48:55,100.0,100.0,23.23913558669179
2026-02-23 04:49:10,100.0,100.0,23.236966028361426
2026-02-23 04:49:25,100.0,100.0,23.23479647003106
2026-02-23 04:49:40,100.0,100.0,23.23262691170069
2026-02-23 04:49:55,100.0,100.0,23.230457353370326
2026-02-23 04:50:10,100.0,100.0,23.22828779503996
2026-02-23 04:50:25,100.0,100.0,23.226118236709596
2026-02-23 04:50:40,100.0,100.0,23.22394867837923
2026-02-23 04:50:55,100.0,100.0,23.221779120048865
2026-02-23 04:51:10,100.0,100.0,23.2196095617185
2026-02-23 04:51:25,100.0,100.0,23.217440003388134
2026-02-23 04:51:40,100.0,100.0,23.21527044505777
2026-02-23 04:51:55,100.0,100.0,23.213100886727403
2026-02-23 04:52:10,100.0,100.0,23.210931328397038
2026-02-23 04:52:25,100.0,100.0,23.208761770066673
2026-02-23 04:52:40,100.0,100.0,23.206592211736307
2026-02-23 04:52:55,100.0,100.0,23.204422653405942
2026-02-23 04:53:10,100.0,100.0,23.202253095075573
2026-02-23 04:53:25,100.0,100.0,23.200083536745208
2026-02-23 04:53:40,100.0,100.0,23.197913978414842
2026-02-23 04:53:55,100.0,100.0,23.195744420084477
2026-02-23 04:54:10,100.0,100.0,23.19357486175411
2026-02-23 04:54:25,100.0,100.0,23.191405303423746
2026-02-23 04:54:40,100.0,100.0,23.18923574509338
2026-02-23 04:54:55,100.0,100.0,23.187066186763015
2026-02-23 04:55:10,100.0,100.0,23.18489662843265
2026-02-23 04:55:25,100.0,100.0,23.182727070102285
2026-02-23 04:55:40,100.0,100.0,23.18055751177192
2026-02-23 04:55:55,100.0,100.0,23.178387953441554
2026-02-23 04:56:10,100.0,100.0,23.17621839511119
2026-02-23 04:56:25,100.0,100.0,23.174048836780823
2026-02-23 04:56:40,100.0,100.0,23.171879278450454
2026-02-23 04:56:55,100.0,100.0,23.16970972012009
2026-02-23 04:57:10,100.0,100.0,23.167540161789724
2026-02-23 04:57:25,100.0,100.0,23.16537060345936
2026-02-23 04:57:40,100.0,100.0,23.163201045128993
2026-02-23 04:57:55,100.0,100.0,23.161031486798628
2026-02-23 04:58:10,100.0,100.0,23.158861928468262
2026-02-23 04:58:25,100.0,100.0,23.156692370137897
2026-02-23 04:58:40,100.0,100.0,23.15452281180753
2026-02-23 04:58:55,100.0,100.0,23.152353253477166
2026-02-23 04:59:10,100.0,100.0,23.1501836951468
2026-02-23 04:59:25,100.0,100.0,23.148014136816435
2026-02-23 04:59:40,100.0,100.0,23.14584457848607
2026-02-23 04:59:55,100.0,100.0,23.143675020155705
2026-02-23 05:00:10,100.0,100.0,23.141505461825336
2026-02-23 05:00:25,100.0,100.0,23.13933590349497
2026-02-23 05:00:40,100.0,100.0,23.137166345164605
2026-02-23 05:00:55,100.0,100.0,23.13499678683424
2026-02-23 05:01:10,100.0,100.0,23.132827228503874
2026-02-23 05:01:25,100.0,100.0,23.13065767017351
2026-02-23 05:01:40,100.0,100.0,23.128488111843144
2026-02-23 05:01:55,100.0,100.0,23.126318553512778
2026-02-23 05:02:10,100.0,100.0,23.124148995182413
2026-02-23 05:02:25,100.0,100.0,23.121979436852047
2026-02-23 05:02:40,100.0,100.0,23.119809878521682
2026-02-23 05:02:55,100.0,100.0,23.117640320191317
2026-02-23 05:03:10,100.0,100.0,23.11547076186095
2026-02-23 05:03:25,100.0,100.0,23.113301203530582
2026-02-23 05:03:40,100.0,100.0,23.111131645200217
2026-02-23 05:03:55,100.0,100.0,23.10896208686985
2026-02-23 05:04:10,100.0,100.0,23.106792528539486
2026-02-23 05:04:25,100.0,100.0,23.10462297020912
2026-02-23 05:04:40,100.0,100.0,23.102453411878756
2026-02-23 05:04:55,100.0,100.0,23.10028385354839
2026-02-23 05:05:10,100.0,100.0,23.098114295218025
2026-02-23 05:05:25,100.0,100.0,23.09594473688766
2026-02-23 05:05:40,100.0,100.0,23.093775178557294
2026-02-23 05:05:55,100.0,100.0,23.09160562022693
2026-02-23 05:06:10,100.0,100.0,23.089436061896564
2026-02-23 05:06:25,100.0,100.0,23.087266503566198
2026-02-23 05:06:40,100.0,100.0,23.085096945235833
2026-02-23 05:06:55,100.0,100.0,23.082927386905464
2026-02-23 05:07:10,100.0,100.0,23.0807578285751
2026-02-23 05:07:25,100.0,100.0,23.078588270244733
2026-02-23 05:07:40,100.0,100.0,23.076418711914368
2026-02-23 05:07:55,100.0,100.0,23.074249153584002
2026-02-23 05:08:10,100.0,100.0,23.072079595253637
2026-02-23 05:08:25,100.0,100.0,23.06991003692327
2026-02-23 05:08:40,100.0,100.0,23.067740478592906
2026-02-23 05:08:55,100.0,100.0,23.06557092026254
2026-02-23 05:09:10,100.0,100.0,23.063401361932176
2026-02-23 05:09:25,100.0,100.0,23.06123180360181
2026-02-23 05:09:40,100.0,100.0,23.059062245271445
2026-02-23 05:09:55,100.0,100.0,23.05689268694108
2026-02-23 05:10:10,100.0,100.0,23.054723128610714
2026-02-23 05:10:25,100.0,98.9247311827957,23.052553570280345
2026-02-23 05:10:40,100.0,98.9247311827957,23.05038401194998
2026-02-23 05:10:55,100.0,98.9247311827957,23.048214453619615
2026-02-23 05:11:10,100.0,98.9247311827957,23.04604489528925
2026-02-23 05:11:25,100.0,98.9247311827957,23.043875336958884
2026-02-23 05:11:40,100.0,98.9247311827957,23.04170577862852
2026-02-23 05:11:55,100.0,98.9247311827957,23.039536220298153
2026-02-23 05:12:10,100.0,98.9247311827957,23.037366661967788
2026-02-23 05:12:25,100.0,98.9247311827957,23.035197103637422
2026-02-23 05:12:40,100.0,98.9247311827957,23.033027545307057
2026-02-23 05:12:55,100.0,98.9247311827957,23.03085798697669
2026-02-23 05:13:10,100.0,98.9247311827957,23.028688428646326
2026-02-23 05:13:25,100.0,98.9247311827957,23.02651887031596
2026-02-23 05:13:40,100.0,98.9247311827957,23.024349311985596
2026-02-23 05:13:55,100.0,98.9247311827957,23.022179753655227
2026-02-23 05:14:10,100.0,98.9247311827957,23.02001019532486
2026-02-23 05:14:25,100.0,98.9247311827957,23.017840636994496
2026-02-23 05:14:40,100.0,98.9247311827957,23.01567107866413
2026-02-23 05:14:55,100.0,98.9247311827957,23.013501520333765
2026-02-23 05:15:10,100.0,98.9247311827957,23.0113319620034
2026-02-23 05:15:25,100.0,98.9247311827957,23.009162403673034
2026-02-23 05:15:40,100.0,98.9247311827957,23.00699284534267
2026-02-23 05:15:55,100.0,98.9247311827957,23.004823287012304
2026-02-23 05:16:10,100.0,98.9247311827957,23.00265372868194
2026-02-23 05:16:25,100.0,98.9247311827957,23.000484170351573
2026-02-23 05:16:40,100.0,98.87640449438202,22.998314612021208
2026-02-23 05:16:55,100.0,98.87640449438202,22.996145053690842
2026-02-23 05:17:10,100.0,98.87640449438202,22.993975495360473
2026-02-23 05:17:25,100.0,98.87640449438202,22.991805937030108
2026-02-23 05:17:40,100.0,98.87640449438202,22.989636378699743
2026-02-23 05:17:55,100.0,98.87640449438202,22.987466820369377
2026-02-23 05:18:10,100.0,98.87640449438202,22.985297262039012
2026-02-23 05:18:25,100.0,98.87640449438202,22.983127703708647
2026-02-23 05:18:40,100.0,98.87640449438202,22.98095814537828
2026-02-23 05:18:55,100.0,98.87640449438202,22.978788587047916
2026-02-23 05:19:10,100.0,98.87640449438202,22.97661902871755
2026-02-23 05:19:25,100.0,98.87640449438202,22.974449470387185
2026-02-23 05:19:40,100.0,98.87640449438202,22.97227991205682
2026-02-23 05:19:55,100.0,98.87640449438202,22.970110353726454
2026-02-23 05:20:10,100.0,98.87640449438202,22.96794079539609
2026-02-23 05:20:25,100.0,98.87640449438202,22.965771237065724
2026-02-23 05:20:40,100.0,98.87640449438202,22.963601678735355
2026-02-23 05:20:55,100.0,98.87640449438202,22.96143212040499
2026-02-23 05:21:10,100.0,98.87640449438202,22.959262562074624
2026-02-23 05:21:25,100.0,98.87640449438202,22.95709300374426
2026-02-23 05:21:40,100.0,98.87640449438202,22.954923445413893
2026-02-23 05:21:55,100.0,98.87640449438202,22.952753887083528
2026-02-23 05:22:10,87.5,98.87640449438202,22.950584328753163
2026-02-23 05:22:25,87.5,98.87640449438202,22.948414770422797
2026-02-23 05:22:40,87.5,98.87640449438202,22.946245212092432
2026-02-23 05:22:55,87.5,98.87640449438202,22.944075653762066
2026-02-23 05:23:10,87.5,98.87640449438202,22.9419060954317
2026-02-23 05:23:25,87.5,98.87640449438202,22.939736537101336
2026-02-23 05:23:40,87.5,98.87640449438202,22.93756697877097
2026-02-23 05:23:55,87.5,98.87640449438202,22.9353974204406
2026-02-23 05:24:10,87.5,97.75280898876404,22.933227862110236
2026-02-23 05:24:25,87.5,96.62921348314607,22.93105830377987
2026-02-23 05:24:40,87.5,96.62921348314607,22.928888745449505
2026-02-23 05:24:55,87.5,95.50561797752809,22.92671918711914
2026-02-23 05:25:10,87.5,94.3820224719101,22.924549628788775
2026-02-23 05:25:25,87.5,93.25842696629213,22.92238007045841
2026-02-23 05:25:40,87.5,92.13483146067416,22.920210512128044
2026-02-23 05:25:55,87.5,92.13483146067416,22.91804095379768
2026-02-23 05:26:10,87.5,92.13483146067416,22.915871395467313
2026-02-23 05:26:25,87.5,92.13483146067416,22.913701837136948
2026-02-23 05:26:40,87.5,92.13483146067416,22.911532278806582
2026-02-23 05:26:55,87.5,92.13483146067416,22.909362720476217
2026-02-23 05:27:10,87.5,92.13483146067416,22.90719316214585
2026-02-23 05:27:25,87.5,92.13483146067416,22.905023603815486
2026-02-23 05:27:40,87.5,92.13483146067416,22.902854045485117
2026-02-23 05:27:55,87.5,92.13483146067416,22.900684487154752
2026-02-23 05:28:10,87.5,92.13483146067416,22.898514928824387
2026-02-23 05:28:25,87.5,92.13483146067416,22.89634537049402
2026-02-23 05:28:40,87.5,92.13483146067416,22.894175812163656
2026-02-23 05:28:55,87.5,92.13483146067416,22.89200625383329
2026-02-23 05:29:10,87.5,92.13483146067416,22.889836695502925
2026-02-23 05:29:25,87.5,92.13483146067416,22.88766713717256
2026-02-23 05:29:40,87.5,92.13483146067416,22.885497578842195
2026-02-23 05:29:55,87.5,92.13483146067416,22.88332802051183
2026-02-23 05:30:10,87.5,92.13483146067416,22.881158462181464
2026-02-23 05:30:25,87.5,92.13483146067416,22.8789889038511
2026-02-23 05:30:40,87.5,92.13483146067416,22.876819345520733
2026-02-23 05:30:55,87.5,92.13483146067416,22.874649787190364
2026-02-23 05:31:10,87.5,92.13483146067416,22.87248022886
2026-02-23 05:31:25,87.5,92.13483146067416,22.870310670529634
2026-02-23 05:31:40,87.5,92.13483146067416,22.868141112199268
2026-02-23 05:31:55,87.5,92.13483146067416,22.865971553868903
2026-02-23 05:32:10,87.5,92.13483146067416,22.863801995538537
2026-02-23 05:32:25,87.5,92.13483146067416,22.861632437208172
2026-02-23 05:32:40,87.5,92.13483146067416,22.859462878877807
2026-02-23 05:32:55,87.5,92.13483146067416,22.85729332054744
2026-02-23 05:33:10,87.5,93.25842696629213,22.855123762217076
2026-02-23 05:33:25,87.5,93.25842696629213,22.85295420388671
2026-02-23 05:33:40,87.5,93.25842696629213,22.850784645556345
2026-02-23 05:33:55,87.5,93.25842696629213,22.84861508722598
2026-02-23 05:34:10,87.5,93.25842696629213,22.846445528895615
2026-02-23 05:34:25,87.5,93.25842696629213,22.844275970565246
2026-02-23 05:34:40,87.5,93.25842696629213,22.84210641223488
2026-02-23 05:34:55,87.5,93.25842696629213,22.839936853904515
2026-02-23 05:35:10,87.5,93.25842696629213,22.83776729557415
2026-02-23 05:35:25,87.5,93.25842696629213,22.835597737243784
2026-02-23 05:35:40,87.5,93.25842696629213,22.83342817891342
2026-02-23 05:35:55,87.5,93.25842696629213,22.831258620583053
2026-02-23 05:36:10,87.5,93.25842696629213,22.829089062252688
2026-02-23 05:36:25,87.5,93.25842696629213,22.826919503922323
2026-02-23 05:36:40,87.5,93.25842696629213,22.824749945591957
2026-02-23 05:36:55,87.5,93.25842696629213,22.822580387261592
2026-02-23 05:37:10,87.5,93.25842696629213,22.820410828931227
2026-02-23 05:37:25,87.5,93.25842696629213,22.81824127060086
2026-02-23 05:37:40,87.5,93.25842696629213,22.816071712270492
2026-02-23 05:37:55,75.0,93.25842696629213,22.813902153940127
2026-02-23 05:38:10,75.0,93.25842696629213,22.81173259560976
2026-02-23 05:38:25,75.0,93.25842696629213,22.809563037279396
2026-02-23 05:38:40,75.0,93.25842696629213,22.80739347894903
2026-02-23 05:38:55,75.0,93.25842696629213,22.805223920618666
2026-02-23 05:39:10,75.0,93.25842696629213,22.8030543622883
2026-02-23 05:39:25,87.5,93.25842696629213,22.800884803957935
2026-02-23 05:39:40,87.5,93.25842696629213,22.79871524562757
2026-02-23 05:39:55,87.5,93.25842696629213,22.796545687297204
2026-02-23 05:40:10,87.5,93.25842696629213,22.79437612896684
2026-02-23 05:40:25,87.5,93.25842696629213,22.792206570636473
2026-02-23 05:40:40,87.5,93.25842696629213,22.790037012306108
2026-02-23 05:40:55,87.5,93.25842696629213,22.787867453975743
2026-02-23 05:41:10,87.5,93.25842696629213,22.785697895645374
2026-02-23 05:41:25,87.5,92.13483146067416,22.78352833731501
2026-02-23 05:41:40,87.5,92.13483146067416,22.781358778984643
2026-02-23 05:41:55,87.5,92.13483146067416,22.779189220654278
2026-02-23 05:42:10,87.5,92.13483146067416,22.777019662323912
2026-02-23 05:42:25,87.5,92.13483146067416,22.774850103993547
2026-02-23 05:42:40,87.5,92.13483146067416,22.77268054566318
2026-02-23 05:42:55,87.5,92.13483146067416,22.770510987332816
2026-02-23 05:43:10,87.5,92.13483146067416,22.76834142900245
2026-02-23 05:43:25,87.5,92.13483146067416,22.766171870672085
2026-02-23 05:43:40,87.5,92.13483146067416,22.76400231234172
2026-02-23 05:43:55,87.5,92.13483146067416,22.761832754011355
2026-02-23 05:44:10,87.5,92.13483146067416,22.75966319568099
2026-02-23 05:44:25,87.5,92.13483146067416,22.757493637350624
2026-02-23 05:44:40,87.5,92.13483146067416,22.755324079020255
2026-02-23 05:44:55,87.5,92.13483146067416,22.75315452068989
2026-02-23 05:45:10,87.5,92.13483146067416,22.750984962359524
2026-02-23 05:45:25,87.5,92.13483146067416,22.74881540402916
2026-02-23 05:45:40,87.5,92.13483146067416,22.746645845698794
2026-02-23 05:45:55,87.5,92.13483146067416,22.74447628736843
2026-02-23 05:46:10,87.5,92.13483146067416,22.742306729038063
2026-02-23 05:46:25,87.5,93.25842696629213,22.740137170707698
2026-02-23 05:46:40,87.5,94.3820224719101,22.737967612377332
2026-02-23 05:46:55,87.5,94.3820224719101,22.735798054046967
2026-02-23 05:47:10,87.5,95.50561797752809,22.7336284957166
2026-02-23 05:47:25,87.5,96.62921348314607,22.731458937386236
2026-02-23 05:47:40,87.5,97.75280898876404,22.72928937905587
2026-02-23 05:47:55,87.5,98.87640449438202,22.727119820725505
2026-02-23 05:48:10,87.5,98.87640449438202,22.724950262395136
2026-02-23 05:48:25,87.5,98.87640449438202,22.72278070406477
2026-02-23 05:48:40,87.5,98.87640449438202,22.720611145734406
2026-02-23 05:48:55,87.5,98.87640449438202,22.71844158740404
2026-02-23 05:49:10,87.5,98.87640449438202,22.716272029073675
2026-02-23 05:49:25,87.5,98.87640449438202,22.71410247074331
2026-02-23 05:49:40,87.5,98.87640449438202,22.711932912412944
2026-02-23 05:49:55,87.5,98.87640449438202,22.70976335408258
2026-02-23 05:50:10,87.5,98.87640449438202,22.707593795752214
2026-02-23 05:50:25,87.5,98.87640449438202,22.70542423742185
2026-02-23 05:50:40,87.5,98.87640449438202,22.703254679091483
2026-02-23 05:50:55,87.5,98.87640449438202,22.701085120761118
2026-02-23 05:51:10,87.5,98.87640449438202,22.698915562430752
2026-02-23 05:51:25,87.5,98.87640449438202,22.696746004100383
2026-02-23 05:51:40,87.5,98.87640449438202,22.694576445770018
2026-02-23 05:51:55,87.5,98.87640449438202,22.692406887439653
2026-02-23 05:52:10,87.5,98.87640449438202,22.690237329109287
2026-02-23 05:52:25,87.5,98.87640449438202,22.688067770778922
2026-02-23 05:52:40,87.5,98.87640449438202,22.685898212448556
2026-02-23 05:52:55,87.5,98.87640449438202,22.68372865411819
2026-02-23 05:53:10,75.0,98.87640449438202,22.681559095787826
2026-02-23 05:53:25,75.0,98.87640449438202,22.67938953745746
2026-02-23 05:53:40,75.0,98.87640449438202,22.677219979127095
2026-02-23 05:53:55,75.0,98.87640449438202,22.67505042079673
2026-02-23 05:54:10,75.0,98.87640449438202,22.672880862466364
2026-02-23 05:54:25,75.0,98.87640449438202,22.670711304136
2026-02-23 05:54:40,75.0,98.87640449438202,22.668541745805634
2026-02-23 05:54:55,75.0,98.87640449438202,22.666372187475265
2026-02-23 05:55:10,75.0,98.87640449438202,22.6642026291449
2026-02-23 05:55:25,75.0,98.87640449438202,22.662033070814534
2026-02-23 05:55:40,75.0,98.87640449438202,22.65986351248417
2026-02-23 05:55:55,75.0,98.87640449438202,22.657693954153803
2026-02-23 05:56:10,75.0,98.87640449438202,22.655524395823438
2026-02-23 05:56:25,75.0,98.87640449438202,22.653354837493072
2026-02-23 05:56:40,75.0,98.87640449438202,22.651185279162707
2026-02-23 05:56:55,75.0,98.87640449438202,22.64901572083234
2026-02-23 05:57:10,75.0,98.87640449438202,22.646846162501976
2026-02-23 05:57:25,75.0,98.87640449438202,22.64467660417161
2026-02-23 05:57:40,75.0,98.87640449438202,22.642507045841246
2026-02-23 05:57:55,75.0,98.87640449438202,22.64033748751088
2026-02-23 05:58:10,75.0,98.87640449438202,22.63816792918051
2026-02-23 05:58:25,87.5,98.87640449438202,22.635998370850146
2026-02-23 05:58:40,87.5,98.87640449438202,22.63382881251978
2026-02-23 05:58:55,87.5,98.87640449438202,22.631659254189415
2026-02-23 05:59:10,87.5,98.87640449438202,22.62948969585905
2026-02-23 05:59:25,87.5,98.87640449438202,22.627320137528685
2026-02-23 05:59:40,87.5,98.87640449438202,22.62515057919832
2026-02-23 05:59:55,87.5,98.87640449438202,22.622981020867954
2026-02-23 06:00:10,87.5,98.87640449438202,22.64039283954214
2026-02-23 06:00:25,87.5,98.87640449438202,22.667595346718606
2026-02-23 06:00:40,87.5,98.87640449438202,22.694797853895075
2026-02-23 06:00:55,87.5,98.87640449438202,22.72200036107154
2026-02-23 06:01:10,87.5,98.87640449438202,22.749202868248005
2026-02-23 06:01:25,87.5,98.87640449438202,22.77640537542447
2026-02-23 06:01:40,87.5,98.87640449438202,22.803607882600936
2026-02-23 06:01:55,87.5,98.87640449438202,22.8308103897774
2026-02-23 06:02:10,87.5,98.87640449438202,22.858012896953866
2026-02-23 06:02:25,87.5,98.87640449438202,22.88521540413033
2026-02-23 06:02:40,87.5,98.87640449438202,22.912417911306797
2026-02-23 06:02:55,87.5,98.87640449438202,22.939620418483262
2026-02-23 06:03:10,87.5,98.87640449438202,22.966822925659727
2026-02-23 06:03:25,87.5,98.87640449438202,22.994025432836192
2026-02-23 06:03:40,87.5,98.9247311827957,23.02122794001266
2026-02-23 06:03:55,100.0,98.9247311827957,23.048430447189126
2026-02-23 06:04:10,100.0,100.0,23.07563295436559
2026-02-23 06:04:25,100.0,100.0,23.102835461542057
2026-02-23 06:04:40,100.0,100.0,23.130037968718522
2026-02-23 06:04:55,100.0,100.0,23.157240475894987
2026-02-23 06:05:10,100.0,100.0,23.184442983071452
2026-02-23 06:05:25,100.0,100.0,23.211645490247918
2026-02-23 06:05:40,100.0,100.0,23.238847997424383
2026-02-23 06:05:55,100.0,100.0,23.266050504600848
2026-02-23 06:06:10,100.0,100.0,23.293253011777313
2026-02-23 06:06:25,100.0,100.0,23.32045551895378
2026-02-23 06:06:40,100.0,100.0,23.347658026130247
2026-02-23 06:06:55,100.0,100.0,23.374860533306713
2026-02-23 06:07:10,100.0,100.0,23.402063040483178
2026-02-23 06:07:25,100.0,100.0,23.429265547659643
2026-02-23 06:07:40,100.0,100.0,23.456468054836108
2026-02-23 06:07:55,100.0,100.0,23.483670562012573
2026-02-23 06:08:10,100.0,100.0,23.51087306918904
2026-02-23 06:08:25,100.0,100.0,23.538075576365504
2026-02-23 06:08:40,100.0,100.0,23.56527808354197
2026-02-23 06:08:55,100.0,100.0,23.592480590718434
2026-02-23 06:09:10,100.0,100.0,23.6196830978949
2026-02-23 06:09:25,100.0,100.0,23.64688560507137
2026-02-23 06:09:40,100.0,100.0,23.674088112247833
2026-02-23 06:09:55,100.0,100.0,23.7012906194243
2026-02-23 06:10:10,100.0,100.0,23.728493126600764
2026-02-23 06:10:25,100.0,100.0,23.75569563377723
2026-02-23 06:10:40,100.0,100.0,23.782898140953694
2026-02-23 06:10:55,100.0,100.0,23.81010064813016
2026-02-23 06:11:10,100.0,100.0,23.837303155306625
2026-02-23 06:11:25,100.0,100.0,23.86450566248309
2026-02-23 06:11:40,100.0,100.0,23.891708169659555
2026-02-23 06:11:55,100.0,100.0,23.91891067683602
2026-02-23 06:12:10,100.0,100.0,23.946113184012486
2026-02-23 06:12:25,100.0,100.0,23.97331569118895
2026-02-23 06:12:40,100.0,100.0,24.00051819836542
2026-02-23 06:12:55,100.0,100.0,24.027720705541885
2026-02-23 06:13:10,100.0,100.0,24.05492321271835
2026-02-23 06:13:25,100.0,100.0,24.082125719894815
2026-02-23 06:13:40,100.0,100.0,24.10932822707128
2026-02-23 06:13:55,100.0,100.0,24.136530734247746
2026-02-23 06:14:10,100.0,100.0,24.16373324142421
2026-02-23 06:14:25,100.0,100.0,24.190935748600676
2026-02-23 06:14:40,100.0,100.0,24.21813825577714
2026-02-23 06:14:55,100.0,100.0,24.245340762953607
2026-02-23 06:15:10,100.0,100.0,24.272543270130072
2026-02-23 06:15:25,100.0,100.0,24.29974577730654
2026-02-23 06:15:40,100.0,100.0,24.326948284483006
2026-02-23 06:15:55,100.0,100.0,24.35415079165947
2026-02-23 06:16:10,100.0,100.0,24.381353298835936
2026-02-23 06:16:25,100.0,100.0,24.4085558060124
2026-02-23 06:16:40,100.0,100.0,24.435758313188867
2026-02-23 06:16:55,100.0,100.0,24.462960820365332
2026-02-23 06:17:10,100.0,100.0,24.490163327541797
2026-02-23 06:17:25,100.0,100.0,24.517365834718262
2026-02-23 06:17:40,100.0,100.0,24.544568341894728
2026-02-23 06:17:55,100.0,100.0,24.571770849071193
2026-02-23 06:18:10,100.0,100.0,24.598973356247658
2026-02-23 06:18:25,100.0,100.0,24.626175863424123
2026-02-23 06:18:40,100.0,100.0,24.653378370600592
2026-02-23 06:18:55,100.0,100.0,24.680580877777057
2026-02-23 06:19:10,100.0,100.0,24.707783384953522
2026-02-23 06:19:25,100.0,100.0,24.734985892129988
2026-02-23 06:19:40,87.5,100.0,24.762188399306453
2026-02-23 06:19:55,87.5,100.0,24.789390906482918
2026-02-23 06:20:10,87.5,100.0,24.816593413659383
2026-02-23 06:20:25,87.5,100.0,24.84379592083585
2026-02-23 06:20:40,87.5,100.0,24.870998428012314
2026-02-23 06:20:55,87.5,100.0,24.89820093518878
2026-02-23 06:21:10,87.5,100.0,24.925403442365244
2026-02-23 06:21:25,87.5,100.0,24.952605949541713
2026-02-23 06:21:40,100.0,100.0,24.979808456718175
2026-02-23 06:21:55,100.0,100.0,25.007010963894643
2026-02-23 06:22:10,100.0,100.0,25.03421347107111
2026-02-23 06:22:25,100.0,100.0,25.061415978247574
2026-02-23 06:22:40,100.0,100.0,25.08861848542404
2026-02-23 06:22:55,100.0,100.0,25.115820992600504
2026-02-23 06:23:10,100.0,100.0,25.14302349977697
2026-02-23 06:23:25,100.0,100.0,25.170226006953435
2026-02-23 06:23:40,100.0,100.0,25.1974285141299
2026-02-23 06:23:55,100.0,100.0,25.224631021306365
2026-02-23 06:24:10,100.0,100.0,25.25183352848283
2026-02-23 06:24:25,100.0,100.0,25.279036035659296
2026-02-23 06:24:40,100.0,100.0,25.306238542835764
2026-02-23 06:24:55,100.0,100.0,25.33344105001223
2026-02-23 06:25:10,100.0,99.00990099009901,25.360643557188695
2026-02-23 06:25:25,100.0,99.00990099009901,25.38784606436516
2026-02-23 06:25:40,100.0,99.00990099009901,25.415048571541625
2026-02-23 06:25:55,100.0,99.00990099009901,25.44225107871809
2026-02-23 06:26:10,100.0,99.00990099009901,25.469453585894556
2026-02-23 06:26:25,100.0,99.00990099009901,25.49665609307102
2026-02-23 06:26:40,100.0,99.00990099009901,25.523858600247486
2026-02-23 06:26:55,100.0,99.00990099009901,25.55106110742395
2026-02-23 06:27:10,100.0,99.00990099009901,25.578263614600417
2026-02-23 06:27:25,100.0,99.00990099009901,25.605466121776885
2026-02-23 06:27:40,100.0,99.00990099009901,25.632668628953347
2026-02-23 06:27:55,100.0,99.00990099009901,25.659871136129816
2026-02-23 06:28:10,100.0,99.00990099009901,25.68707364330628
2026-02-23 06:28:25,100.0,99.00990099009901,25.714276150482746
2026-02-23 06:28:40,100.0,99.00990099009901,25.74147865765921
2026-02-23 06:28:55,100.0,99.00990099009901,25.768681164835677
2026-02-23 06:29:10,100.0,99.00990099009901,25.795883672012142
2026-02-23 06:29:25,100.0,99.00990099009901,25.823086179188607
2026-02-23 06:29:40,100.0,99.00990099009901,25.850288686365072
2026-02-23 06:29:55,100.0,99.00990099009901,25.877491193541537
2026-02-23 06:30:10,100.0,99.00990099009901,25.904693700718003
2026-02-23 06:30:25,100.0,98.01980198019803,25.931896207894468
2026-02-23 06:30:40,100.0,97.02970297029702,25.959098715070937
2026-02-23 06:30:55,100.0,96.03960396039604,25.986301222247402
2026-02-23 06:31:10,100.0,94.28571428571428,26.013503729423867
2026-02-23 06:31:25,100.0,94.28571428571428,26.040706236600332
2026-02-23 06:31:40,100.0,93.33333333333333,26.067908743776798
2026-02-23 06:31:55,100.0,92.38095238095238,26.095111250953263
2026-02-23 06:32:10,100.0,91.42857142857143,26.122313758129728
2026-02-23 06:32:25,100.0,90.47619047619048,26.149516265306193
2026-02-23 06:32:40,100.0,90.47619047619048,26.17671877248266
2026-02-23 06:32:55,100.0,90.47619047619048,26.203921279659124
2026-02-23 06:33:10,100.0,90.47619047619048,26.23112378683559
2026-02-23 06:33:25,100.0,90.47619047619048,26.258326294012058
2026-02-23 06:33:40,100.0,90.47619047619048,26.28552880118852
2026-02-23 06:33:55,100.0,90.47619047619048,26.312731308364988
2026-02-23 06:34:10,100.0,90.47619047619048,26.339933815541453
2026-02-23 06:34:25,100.0,90.47619047619048,26.36713632271792
2026-02-23 06:34:40,100.0,90.47619047619048,26.394338829894384
2026-02-23 06:34:55,100.0,90.47619047619048,26.42154133707085
2026-02-23 06:35:10,100.0,90.47619047619048,26.448743844247314
2026-02-23 06:35:25,100.0,90.47619047619048,26.47594635142378
2026-02-23 06:35:40,100.0,90.47619047619048,26.503148858600245
2026-02-23 06:35:55,100.0,90.47619047619048,26.53035136577671
2026-02-23 06:36:10,100.0,90.47619047619048,26.557553872953175
2026-02-23 06:36:25,100.0,90.47619047619048,26.58475638012964
2026-02-23 06:36:40,100.0,90.47619047619048,26.61195888730611
2026-02-23 06:36:55,100.0,90.47619047619048,26.639161394482574
2026-02-23 06:37:10,100.0,90.47619047619048,26.66636390165904
2026-02-23 06:37:25,100.0,90.47619047619048,26.693566408835505
2026-02-23 06:37:40,100.0,90.47619047619048,26.72076891601197
2026-02-23 06:37:55,100.0,90.47619047619048,26.747971423188435
2026-02-23 06:38:10,100.0,90.47619047619048,26.7751739303649
2026-02-23 06:38:25,100.0,90.47619047619048,26.802376437541366
2026-02-23 06:38:40,100.0,90.47619047619048,26.82957894471783
2026-02-23 06:38:55,100.0,90.47619047619048,26.856781451894296
2026-02-23 06:39:10,100.0,90.47619047619048,26.88398395907076
2026-02-23 06:39:25,100.0,90.47619047619048,26.91118646624723
2026-02-23 06:39:40,100.0,90.47619047619048,26.93838897342369
2026-02-23 06:39:55,100.0,90.47619047619048,26.96559148060016
2026-02-23 06:40:10,100.0,90.47619047619048,26.992793987776626
2026-02-23 06:40:25,100.0,90.82568807339449,27.01999649495309
2026-02-23 06:40:40,100.0,90.82568807339449,27.047199002129556
2026-02-23 06:40:55,100.0,90.82568807339449,27.07440150930602
2026-02-23 06:41:10,100.0,90.82568807339449,27.101604016482487
2026-02-23 06:41:25,100.0,90.82568807339449,27.12880652365895
2026-02-23 06:41:40,100.0,90.82568807339449,27.156009030835417
2026-02-23 06:41:55,100.0,90.82568807339449,27.183211538011882
2026-02-23 06:42:10,100.0,90.82568807339449,27.21041404518835
2026-02-23 06:42:25,100.0,90.82568807339449,27.237616552364813
2026-02-23 06:42:40,87.5,90.82568807339449,27.26481905954128
2026-02-23 06:42:55,87.5,90.82568807339449,27.292021566717747
2026-02-23 06:43:10,87.5,90.82568807339449,27.319224073894212
2026-02-23 06:43:25,100.0,90.82568807339449,27.346426581070677
2026-02-23 06:43:40,100.0,90.82568807339449,27.373629088247142
2026-02-23 06:43:55,100.0,90.82568807339449,27.400831595423607
2026-02-23 06:44:10,100.0,90.82568807339449,27.428034102600073
2026-02-23 06:44:25,100.0,90.82568807339449,27.455236609776538
2026-02-23 06:44:40,100.0,90.82568807339449,27.482439116953003
2026-02-23 06:44:55,100.0,90.82568807339449,27.50964162412947
2026-02-23 06:45:10,100.0,90.82568807339449,27.536844131305934
2026-02-23 06:45:25,100.0,90.82568807339449,27.564046638482402
2026-02-23 06:45:40,100.0,89.90825688073394,27.591249145658864
2026-02-23 06:45:55,100.0,89.90825688073394,27.618451652835333
2026-02-23 06:46:10,87.5,89.90825688073394,27.645654160011798
2026-02-23 06:46:25,87.5,89.90825688073394,27.672856667188263
2026-02-23 06:46:40,87.5,89.90825688073394,27.70005917436473
2026-02-23 06:46:55,87.5,89.90825688073394,27.727261681541194
2026-02-23 06:47:10,87.5,89.90825688073394,27.75446418871766
2026-02-23 06:47:25,87.5,89.90825688073394,27.781666695894124
2026-02-23 06:47:40,87.5,89.90825688073394,27.80886920307059
2026-02-23 06:47:55,87.5,89.90825688073394,27.836071710247055
2026-02-23 06:48:10,87.5,89.90825688073394,27.863274217423523
2026-02-23 06:48:25,87.5,89.90825688073394,27.890476724599985
2026-02-23 06:48:40,87.5,89.90825688073394,27.917679231776454
2026-02-23 06:48:55,87.5,89.90825688073394,27.94488173895292
2026-02-23 06:49:10,87.5,89.90825688073394,27.972084246129384
2026-02-23 06:49:25,87.5,89.90825688073394,27.99928675330585
2026-02-23 06:49:40,87.5,90.2654867256637,28.026489260482315
2026-02-23 06:49:55,87.5,90.2654867256637,28.05369176765878
2026-02-23 06:50:10,87.5,90.2654867256637,28.080894274835245
2026-02-23 06:50:25,87.5,90.2654867256637,28.10809678201171
2026-02-23 06:50:40,87.5,90.2654867256637,28.135299289188175
2026-02-23 06:50:55,87.5,90.2654867256637,28.16250179636464
2026-02-23 06:51:10,87.5,90.2654867256637,28.189704303541106
2026-02-23 06:51:25,87.5,90.2654867256637,28.216906810717575
2026-02-23 06:51:40,87.5,90.2654867256637,28.244109317894036
2026-02-23 06:51:55,87.5,91.1504424778761,28.271311825070505
2026-02-23 06:52:10,87.5,91.1504424778761,28.29851433224697
2026-02-23 06:52:25,87.5,91.1504424778761,28.325716839423436
2026-02-23 06:52:40,87.5,91.1504424778761,28.3529193465999
2026-02-23 06:52:55,87.5,91.1504424778761,28.380121853776366
2026-02-23 06:53:10,87.5,90.2654867256637,28.40732436095283
2026-02-23 06:53:25,87.5,90.2654867256637,28.434526868129296
2026-02-23 06:53:40,87.5,90.2654867256637,28.46172937530576
2026-02-23 06:53:55,87.5,90.2654867256637,28.488931882482227
2026-02-23 06:54:10,87.5,90.2654867256637,28.516134389658696
2026-02-23 06:54:25,87.5,89.38053097345133,28.543336896835157
2026-02-23 06:54:40,87.5,89.38053097345133,28.570539404011626
2026-02-23 06:54:55,87.5,89.38053097345133,28.59774191118809
2026-02-23 06:55:10,87.5,89.38053097345133,28.624944418364556
2026-02-23 06:55:25,87.5,89.38053097345133,28.65214692554102
2026-02-23 06:55:40,87.5,89.38053097345133,28.679349432717487
2026-02-23 06:55:55,87.5,89.38053097345133,28.706551939893952
2026-02-23 06:56:10,87.5,89.38053097345133,28.733754447070417
2026-02-23 06:56:25,87.5,89.38053097345133,28.760956954246883
2026-02-23 06:56:40,87.5,89.38053097345133,28.788159461423348
2026-02-23 06:56:55,87.5,89.38053097345133,28.815361968599813
2026-02-23 06:57:10,87.5,90.2654867256637,28.84256447577628
2026-02-23 06:57:25,87.5,91.1504424778761,28.869766982952747
2026-02-23 06:57:40,87.5,92.03539823008849,28.89696949012921
2026-02-23 06:57:55,87.5,92.92035398230088,28.924171997305677
2026-02-23 06:58:10,87.5,93.80530973451327,28.951374504482143
2026-02-23 06:58:25,87.5,93.80530973451327,28.978577011658608
2026-02-23 06:58:40,87.5,94.01709401709401,29.005779518835073
2026-02-23 06:58:55,87.5,94.01709401709401,29.03298202601154
2026-02-23 06:59:10,87.5,94.01709401709401,29.060184533188004
2026-02-23 06:59:25,87.5,94.87179487179486,29.08738704036447
2026-02-23 06:59:40,100.0,95.72649572649573,29.114589547540934
2026-02-23 06:59:55,100.0,96.58119658119658,29.1417920547174
2026-02-23 07:00:10,100.0,97.43589743589743,29.168994561893868
2026-02-23 07:00:25,100.0,97.43589743589743,29.19619706907033
2026-02-23 07:00:40,100.0,97.43589743589743,29.2233995762468
2026-02-23 07:00:55,100.0,97.43589743589743,29.250602083423264
2026-02-23 07:01:10,100.0,97.43589743589743,29.27780459059973
2026-02-23 07:01:25,100.0,97.43589743589743,29.305007097776194
2026-02-23 07:01:40,100.0,97.43589743589743,29.33220960495266
2026-02-23 07:01:55,100.0,97.43589743589743,29.359412112129124
2026-02-23 07:02:10,100.0,97.43589743589743,29.38661461930559
2026-02-23 07:02:25,100.0,97.43589743589743,29.413817126482055
2026-02-23 07:02:40,100.0,97.43589743589743,29.44101963365852
2026-02-23 07:02:55,100.0,97.43589743589743,29.468222140834985
2026-02-23 07:03:10,100.0,97.43589743589743,29.49542464801145
2026-02-23 07:03:25,100.0,97.43589743589743,29.52262715518792
2026-02-23 07:03:40,100.0,97.43589743589743,29.54982966236438
2026-02-23 07:03:55,100.0,97.43589743589743,29.57703216954085
2026-02-23 07:04:10,100.0,97.43589743589743,29.604234676717315
2026-02-23 07:04:25,100.0,97.43589743589743,29.63143718389378
2026-02-23 07:04:40,100.0,97.43589743589743,29.658639691070245
2026-02-23 07:04:55,100.0,97.43589743589743,29.68584219824671
2026-02-23 07:05:10,100.0,97.43589743589743,29.713044705423176
2026-02-23 07:05:25,100.0,97.43589743589743,29.74024721259964
2026-02-23 07:05:40,100.0,97.43589743589743,29.767449719776106
2026-02-23 07:05:55,87.5,97.43589743589743,29.79465222695257
2026-02-23 07:06:10,100.0,97.43589743589743,29.82185473412904
2026-02-23 07:06:25,100.0,97.43589743589743,29.849057241305502
2026-02-23 07:06:40,87.5,97.43589743589743,29.87625974848197
2026-02-23 07:06:55,100.0,97.43589743589743,29.903462255658436
2026-02-23 07:07:10,100.0,97.43589743589743,29.9306647628349
2026-02-23 07:07:25,100.0,97.43589743589743,29.957867270011366
2026-02-23 07:07:40,87.5,97.43589743589743,29.98506977718783
2026-02-23 07:07:55,87.5,97.52066115702479,30.012272284364297
2026-02-23 07:08:10,100.0,97.52066115702479,30.039474791540762
2026-02-23 07:08:25,87.5,97.52066115702479,30.066677298717227
2026-02-23 07:08:40,87.5,97.52066115702479,30.093879805893692
2026-02-23 07:08:55,87.5,97.52066115702479,30.121082313070158
2026-02-23 07:09:10,87.5,97.52066115702479,30.148284820246623
2026-02-23 07:09:25,100.0,97.52066115702479,30.17548732742309
2026-02-23 07:09:40,100.0,97.52066115702479,30.202689834599553
2026-02-23 07:09:55,100.0,97.52066115702479,30.229892341776022
2026-02-23 07:10:10,100.0,97.52066115702479,30.257094848952487
2026-02-23 07:10:25,100.0,97.52066115702479,30.284297356128953
2026-02-23 07:10:40,100.0,97.52066115702479,30.311499863305418
2026-02-23 07:10:55,100.0,97.52066115702479,30.338702370481883
2026-02-23 07:11:10,100.0,97.52066115702479,30.36590487765835
2026-02-23 07:11:25,100.0,97.52066115702479,30.393107384834813
2026-02-23 07:11:40,100.0,97.52066115702479,30.42030989201128
2026-02-23 07:11:55,100.0,97.52066115702479,30.447512399187744
2026-02-23 07:12:10,100.0,97.52066115702479,30.474714906364213
2026-02-23 07:12:25,100.0,97.52066115702479,30.501917413540674
2026-02-23 07:12:40,100.0,97.52066115702479,30.529119920717143
2026-02-23 07:12:55,100.0,97.52066115702479,30.55632242789361
2026-02-23 07:13:10,100.0,96.69421487603306,30.583524935070074
2026-02-23 07:13:25,100.0,96.69421487603306,30.61072744224654
2026-02-23 07:13:40,100.0,95.86776859504133,30.637929949423004
2026-02-23 07:13:55,100.0,95.0413223140496,30.66513245659947
2026-02-23 07:14:10,100.0,94.21487603305785,30.692334963775934
2026-02-23 07:14:25,100.0,94.21487603305785,30.7195374709524
2026-02-23 07:14:40,100.0,93.38842975206612,30.746739978128865
2026-02-23 07:14:55,100.0,92.56198347107438,30.773942485305334
2026-02-23 07:15:10,100.0,91.73553719008265,30.801144992481795
2026-02-23 07:15:25,100.0,90.9090909090909,30.828347499658264
2026-02-23 07:15:40,100.0,90.9090909090909,30.855550006834726
2026-02-23 07:15:55,100.0,90.9090909090909,30.882752514011194
2026-02-23 07:16:10,100.0,90.9090909090909,30.909955021187656
2026-02-23 07:16:25,100.0,90.9090909090909,30.937157528364125
2026-02-23 07:16:40,100.0,90.9090909090909,30.96436003554059
2026-02-23 07:16:55,100.0,90.9090909090909,30.991562542717055
2026-02-23 07:17:10,100.0,91.2,31.01876504989352
2026-02-23 07:17:25,100.0,91.2,31.045967557069986
2026-02-23 07:17:40,100.0,91.2,31.07317006424645
2026-02-23 07:17:55,100.0,91.2,31.100372571422916
2026-02-23 07:18:10,100.0,91.2,31.127575078599385
2026-02-23 07:18:25,100.0,91.2,31.154777585775847
2026-02-23 07:18:40,100.0,91.2,31.181980092952315
2026-02-23 07:18:55,100.0,91.2,31.209182600128777
2026-02-23 07:19:10,100.0,91.2,31.236385107305246
2026-02-23 07:19:25,100.0,91.2,31.26358761448171
2026-02-23 07:19:40,100.0,91.2,31.290790121658176
2026-02-23 07:19:55,100.0,91.2,31.31799262883464
2026-02-23 07:20:10,100.0,91.2,31.345195136011107
2026-02-23 07:20:25,100.0,91.2,31.372397643187572
2026-02-23 07:20:40,100.0,91.2,31.399600150364037
2026-02-23 07:20:55,100.0,91.2,31.426802657540506
2026-02-23 07:21:10,100.0,91.2,31.454005164716968
2026-02-23 07:21:25,100.0,91.2,31.481207671893436
2026-02-23 07:21:40,100.0,91.2,31.508410179069898
2026-02-23 07:21:55,100.0,91.2,31.535612686246367
2026-02-23 07:22:10,100.0,91.2,31.56281519342283
2026-02-23 07:22:25,100.0,91.2,31.590017700599297
2026-02-23 07:22:40,100.0,91.2,31.617220207775762
2026-02-23 07:22:55,100.0,92.0,31.644422714952228
2026-02-23 07:23:10,100.0,92.0,31.671625222128693
2026-02-23 07:23:25,100.0,92.0,31.698827729305158
2026-02-23 07:23:40,100.0,92.0,31.726030236481623
2026-02-23 07:23:55,100.0,92.0,31.75323274365809
2026-02-23 07:24:10,100.0,92.80000000000001,31.780435250834557
2026-02-23 07:24:25,100.0,92.80000000000001,31.80763775801102
2026-02-23 07:24:40,100.0,92.80000000000001,31.834840265187488
2026-02-23 07:24:55,100.0,92.80000000000001,31.86204277236395
2026-02-23 07:25:10,100.0,92.80000000000001,31.889245279540418
2026-02-23 07:25:25,100.0,92.80000000000001,31.916447786716883
2026-02-23 07:25:40,100.0,92.80000000000001,31.94365029389335
2026-02-23 07:25:55,100.0,92.80000000000001,31.970852801069814
2026-02-23 07:26:10,100.0,92.80000000000001,31.99805530824628
2026-02-23 07:26:25,100.0,93.02325581395348,32.02525781542275
2026-02-23 07:26:40,100.0,93.02325581395348,32.05246032259921
2026-02-23 07:26:55,100.0,93.02325581395348,32.07966282977568
2026-02-23 07:27:10,100.0,93.02325581395348,32.10686533695214
2026-02-23 07:27:25,100.0,93.02325581395348,32.13406784412861
2026-02-23 07:27:40,100.0,93.02325581395348,32.16127035130507
2026-02-23 07:27:55,100.0,93.02325581395348,32.18847285848154
2026-02-23 07:28:10,100.0,92.24806201550388,32.215675365658
2026-02-23 07:28:25,100.0,91.47286821705426,32.24287787283447
2026-02-23 07:28:40,100.0,90.69767441860465,32.27008038001094
2026-02-23 07:28:55,100.0,89.92248062015504,32.2972828871874
2026-02-23 07:29:10,100.0,89.92248062015504,32.32448539436386
2026-02-23 07:29:25,100.0,89.92248062015504,32.35168790154033
2026-02-23 07:29:40,100.0,89.14728682170544,32.3788904087168
2026-02-23 07:29:55,87.5,88.37209302325581,32.40609291589326
2026-02-23 07:30:10,87.5,87.59689922480621,32.43329542306973
2026-02-23 07:30:25,87.5,86.82170542635659,32.46049793024619
2026-02-23 07:30:40,87.5,86.04651162790698,32.48770043742266
2026-02-23 07:30:55,87.5,85.27131782945736,32.51490294459912
2026-02-23 07:31:10,87.5,84.49612403100775,32.54210545177559
2026-02-23 07:31:25,87.5,83.72093023255815,32.56930795895205
2026-02-23 07:31:40,87.5,82.94573643410853,32.59651046612852
2026-02-23 07:31:55,87.5,82.17054263565892,32.62371297330499
2026-02-23 07:32:10,87.5,81.3953488372093,32.65091548048145
2026-02-23 07:32:25,87.5,80.62015503875969,32.67811798765791
2026-02-23 07:32:40,87.5,79.84496124031007,32.70532049483438
2026-02-23 07:32:55,87.5,79.06976744186046,32.73252300201085
2026-02-23 07:33:10,87.5,78.29457364341084,32.75972550918731
2026-02-23 07:33:25,87.5,77.51937984496125,32.78692801636378
2026-02-23 07:33:40,87.5,76.74418604651163,32.81413052354024
2026-02-23 07:33:55,87.5,75.96899224806202,32.84133303071671
2026-02-23 07:34:10,87.5,75.1937984496124,32.86853553789317
2026-02-23 07:34:25,87.5,74.4186046511628,32.89573804506964
2026-02-23 07:34:40,87.5,73.64341085271317,32.922940552246104
2026-02-23 07:34:55,87.5,72.86821705426357,32.95014305942257
2026-02-23 07:35:10,87.5,72.09302325581395,32.97734556659904
2026-02-23 07:35:25,87.5,70.67669172932331,33.0045480737755
2026-02-23 07:35:40,87.5,69.92481203007519,33.031750580951964
2026-02-23 07:35:55,87.5,69.17293233082707,33.05895308812843
2026-02-23 07:36:10,87.5,68.42105263157895,33.0861555953049
2026-02-23 07:36:25,87.5,67.66917293233082,33.113358102481364
2026-02-23 07:36:40,87.5,66.9172932330827,33.14056060965783
2026-02-23 07:36:55,87.5,66.16541353383458,33.167763116834294
2026-02-23 07:37:10,87.5,65.41353383458647,33.19496562401076
2026-02-23 07:37:25,87.5,64.66165413533834,33.22216813118723
2026-02-23 07:37:40,75.0,63.90977443609023,33.24937063836369
2026-02-23 07:37:55,75.0,63.1578947368421,33.276573145540155
2026-02-23 07:38:10,75.0,62.40601503759399,33.303775652716624
2026-02-23 07:38:25,75.0,61.65413533834586,33.33097815989309
2026-02-23 07:38:40,75.0,60.902255639097746,33.358180667069554
2026-02-23 07:38:55,75.0,60.150375939849624,33.38538317424602
2026-02-23 07:39:10,75.0,59.3984962406015,33.412585681422485
2026-02-23 07:39:25,75.0,58.64661654135338,33.43978818859895
2026-02-23 07:39:40,75.0,57.89473684210527,33.466990695775415
2026-02-23 07:39:55,75.0,57.14285714285714,33.494193202951884
2026-02-23 07:40:10,75.0,56.390977443609025,33.521395710128346
2026-02-23 07:40:25,75.0,55.639097744360896,33.548598217304814
2026-02-23 07:40:40,75.0,54.88721804511278,33.57580072448128
2026-02-23 07:40:55,75.0,54.13533834586466,33.603003231657745
2026-02-23 07:41:10,75.0,53.383458646616546,33.630205738834206
2026-02-23 07:41:25,75.0,52.63157894736842,33.657408246010675
2026-02-23 07:41:40,75.0,51.8796992481203,33.684610753187144
2026-02-23 07:41:55,75.0,51.127819548872175,33.711813260363606
2026-02-23 07:42:10,75.0,50.37593984962406,33.739015767540074
2026-02-23 07:42:25,75.0,49.62406015037594,33.766218274716536
2026-02-23 07:42:40,75.0,48.87218045112782,33.793420781893005
2026-02-23 07:42:55,75.0,48.1203007518797,33.82062328906947
2026-02-23 07:43:10,75.0,47.368421052631575,33.847825796245935
2026-02-23 07:43:25,75.0,46.616541353383454,33.8750283034224
2026-02-23 07:43:40,75.0,45.86466165413533,33.902230810598866
2026-02-23 07:43:55,75.0,45.11278195488722,33.929433317775334
2026-02-23 07:44:10,75.0,44.3609022556391,33.956635824951796
2026-02-23 07:44:25,75.0,43.609022556390975,33.98383833212826
2026-02-23 07:44:40,75.0,43.06569343065693,34.01104083930473
2026-02-23 07:44:55,75.0,42.33576642335766,34.038243346481195
2026-02-23 07:45:10,75.0,41.605839416058394,34.06544585365766
2026-02-23 07:45:25,75.0,41.605839416058394,34.092648360834126
2026-02-23 07:45:40,75.0,40.87591240875913,34.11985086801059
2026-02-23 07:45:55,75.0,40.87591240875913,34.147053375187056
2026-02-23 07:46:10,75.0,40.87591240875913,34.17425588236352
2026-02-23 07:46:25,75.0,40.87591240875913,34.20145838953999
2026-02-23 07:46:40,75.0,40.87591240875913,34.22866089671645
2026-02-23 07:46:55,75.0,40.87591240875913,34.25586340389292
2026-02-23 07:47:10,75.0,40.87591240875913,34.283065911069386
2026-02-23 07:47:25,75.0,40.87591240875913,34.31026841824585
2026-02-23 07:47:40,75.0,40.87591240875913,34.33747092542231
2026-02-23 07:47:55,75.0,40.14598540145985,34.36467343259878
2026-02-23 07:48:10,75.0,39.416058394160586,34.39187593977525
2026-02-23 07:48:25,75.0,38.68613138686132,34.41907844695171
2026-02-23 07:48:40,75.0,37.95620437956204,34.44628095412818
2026-02-23 07:48:55,62.5,37.22627737226277,34.47348346130464
2026-02-23 07:49:10,62.5,36.496350364963504,34.50068596848111
2026-02-23 07:49:25,62.5,35.76642335766424,34.527888475657576
2026-02-23 07:49:40,62.5,35.03649635036496,34.55509098283404
2026-02-23 07:49:55,62.5,34.306569343065696,34.5822934900105
2026-02-23 07:50:10,62.5,34.306569343065696,34.60949599718697
2026-02-23 07:50:25,62.5,34.306569343065696,34.63669850436344
2026-02-23 07:50:40,62.5,34.306569343065696,34.6639010115399
2026-02-23 07:50:55,62.5,34.306569343065696,34.69110351871637
2026-02-23 07:51:10,62.5,34.306569343065696,34.71830602589283
2026-02-23 07:51:25,62.5,34.306569343065696,34.7455085330693
2026-02-23 07:51:40,62.5,34.306569343065696,34.77271104024576
2026-02-23 07:51:55,62.5,34.306569343065696,34.79991354742223
2026-02-23 07:52:10,62.5,33.57664233576642,34.82711605459869
2026-02-23 07:52:25,62.5,32.846715328467155,34.85431856177516
2026-02-23 07:52:40,62.5,32.846715328467155,34.88152106895163
2026-02-23 07:52:55,62.5,32.846715328467155,34.90872357612809
2026-02-23 07:53:10,62.5,32.846715328467155,34.93592608330455
2026-02-23 07:53:25,62.5,32.846715328467155,34.96312859048102
2026-02-23 07:53:40,62.5,32.846715328467155,34.99033109765749
2026-02-23 07:53:55,62.5,32.62411347517731,35.01753360483395
2026-02-23 07:54:10,62.5,31.914893617021278,35.04473611201042
2026-02-23 07:54:25,50.0,31.914893617021278,35.07193861918688
2026-02-23 07:54:40,50.0,31.914893617021278,35.09914112636335
2026-02-23 07:54:55,50.0,31.914893617021278,35.12634363353981
2026-02-23 07:55:10,50.0,31.914893617021278,35.15354614071628
2026-02-23 07:55:25,50.0,31.914893617021278,35.18074864789274
2026-02-23 07:55:40,50.0,31.914893617021278,35.20795115506921
2026-02-23 07:55:55,50.0,31.914893617021278,35.23515366224568
2026-02-23 07:56:10,50.0,31.914893617021278,35.26235616942214
2026-02-23 07:56:25,50.0,31.914893617021278,35.2895586765986
2026-02-23 07:56:40,50.0,31.914893617021278,35.31676118377507
2026-02-23 07:56:55,50.0,31.914893617021278,35.34396369095154
2026-02-23 07:57:10,50.0,31.914893617021278,35.371166198128
2026-02-23 07:57:25,50.0,31.914893617021278,35.39836870530447
2026-02-23 07:57:40,50.0,31.914893617021278,35.42557121248093
2026-02-23 07:57:55,50.0,31.914893617021278,35.4527737196574
2026-02-23 07:58:10,50.0,31.914893617021278,35.47997622683386
2026-02-23 07:58:25,50.0,31.914893617021278,35.50717873401033
2026-02-23 07:58:40,50.0,31.914893617021278,35.53438124118679
2026-02-23 07:58:55,50.0,31.914893617021278,35.56158374836326
2026-02-23 07:59:10,50.0,31.914893617021278,35.58878625553973
2026-02-23 07:59:25,50.0,31.914893617021278,35.61598876271619
2026-02-23 07:59:40,50.0,31.914893617021278,35.643191269892654
2026-02-23 07:59:55,50.0,31.914893617021278,35.67039377706912
2026-02-23 08:00:10,50.0,31.914893617021278,35.674020069246716
2026-02-23 08:00:25,50.0,31.914893617021278,35.66585825392486
2026-02-23 08:00:40,50.0,31.914893617021278,35.65769643860301
2026-02-23 08:00:55,50.0,31.914893617021278,35.64953462328116
2026-02-23 08:01:10,37.5,31.914893617021278,35.641372807959314
2026-02-23 08:01:25,37.5,31.914893617021278,35.63321099263746
2026-02-23 08:01:40,37.5,31.914893617021278,35.62504917731561
2026-02-23 08:01:55,37.5,32.62411347517731,35.61688736199376
2026-02-23 08:02:10,37.5,33.33333333333333,35.60872554667191
2026-02-23 08:02:25,37.5,34.04255319148936,35.600563731350064
2026-02-23 08:02:40,37.5,34.751773049645394,35.59240191602821
2026-02-23 08:02:55,37.5,34.751773049645394,35.58424010070636
2026-02-23 08:03:10,37.5,34.751773049645394,35.57607828538451
2026-02-23 08:03:25,37.5,35.46099290780142,35.56791647006266
2026-02-23 08:03:40,37.5,36.17021276595745,35.55975465474081
2026-02-23 08:03:55,37.5,36.87943262411347,35.55159283941896
2026-02-23 08:04:10,37.5,37.5886524822695,35.54343102409711
2026-02-23 08:04:25,37.5,38.297872340425535,35.53526920877526
2026-02-23 08:04:40,37.5,39.00709219858156,35.527107393453406
2026-02-23 08:04:55,37.5,39.71631205673759,35.51894557813156
2026-02-23 08:05:10,37.5,40.42553191489361,35.51078376280971
2026-02-23 08:05:25,37.5,41.13475177304964,35.50262194748786
2026-02-23 08:05:40,37.5,41.843971631205676,35.49446013216601
2026-02-23 08:05:55,37.5,42.5531914893617,35.486298316844156
2026-02-23 08:06:10,37.5,43.262411347517734,35.47813650152231
2026-02-23 08:06:25,37.5,43.97163120567376,35.46997468620046
2026-02-23 08:06:40,37.5,44.680851063829785,35.46181287087861
2026-02-23 08:06:55,37.5,45.39007092198582,35.453651055556755
2026-02-23 08:07:10,37.5,46.09929078014184,35.445489240234906
2026-02-23 08:07:25,37.5,46.808510638297875,35.43732742491306
2026-02-23 08:07:40,37.5,47.5177304964539,35.42916560959121
2026-02-23 08:07:55,37.5,48.226950354609926,35.42100379426936
2026-02-23 08:08:10,37.5,48.93617021276596,35.412841978947505
2026-02-23 08:08:25,37.5,49.645390070921984,35.404680163625656
2026-02-23 08:08:40,37.5,50.35460992907801,35.39651834830381
2026-02-23 08:08:55,37.5,51.06382978723404,35.38835653298196
2026-02-23 08:09:10,37.5,51.77304964539007,35.3801947176601
2026-02-23 08:09:25,37.5,52.4822695035461,35.372032902338255
2026-02-23 08:09:40,37.5,53.191489361702125,35.363871087016406
2026-02-23 08:09:55,37.5,53.90070921985816,35.35570927169456
2026-02-23 08:10:10,50.0,54.60992907801418,35.34754745637271
2026-02-23 08:10:25,50.0,55.319148936170215,35.33938564105085
2026-02-23 08:10:40,50.0,56.02836879432624,35.331223825729005
2026-02-23 08:10:55,50.0,56.73758865248227,35.323062010407156
2026-02-23 08:11:10,50.0,57.446808510638306,35.31490019508531
2026-02-23 08:11:25,50.0,58.156028368794324,35.30673837976345
2026-02-23 08:11:40,50.0,58.86524822695035,35.2985765644416
2026-02-23 08:11:55,50.0,59.57446808510638,35.290414749119755
2026-02-23 08:12:10,50.0,60.28368794326241,35.282252933797906
2026-02-23 08:12:25,50.0,60.99290780141844,35.27409111847606
2026-02-23 08:12:40,50.0,61.702127659574465,35.2659293031542
2026-02-23 08:12:55,50.0,62.4113475177305,35.25776748783235
2026-02-23 08:13:10,50.0,63.12056737588653,35.249605672510505
2026-02-23 08:13:25,50.0,63.829787234042556,35.241443857188656
2026-02-23 08:13:40,50.0,64.53900709219859,35.2332820418668
2026-02-23 08:13:55,50.0,65.24822695035462,35.22512022654495
2026-02-23 08:14:10,50.0,65.95744680851064,35.216958411223104
2026-02-23 08:14:25,50.0,66.66666666666666,35.208796595901255
2026-02-23 08:14:40,62.5,67.37588652482269,35.200634780579406
2026-02-23 08:14:55,62.5,68.08510638297872,35.19247296525755
2026-02-23 08:15:10,62.5,68.79432624113475,35.1843111499357
2026-02-23 08:15:25,62.5,69.50354609929079,35.176149334613854
2026-02-23 08:15:40,62.5,70.2127659574468,35.167987519292005
2026-02-23 08:15:55,62.5,70.92198581560284,35.15982570397015
2026-02-23 08:16:10,62.5,71.63120567375887,35.1516638886483
2026-02-23 08:16:25,62.5,72.3404255319149,35.14350207332645
2026-02-23 08:16:40,62.5,73.04964539007092,35.135340258004604
2026-02-23 08:16:55,62.5,73.75886524822694,35.127178442682755
2026-02-23 08:17:10,62.5,74.46808510638297,35.1190166273609
2026-02-23 08:17:25,62.5,75.177304964539,35.11085481203905
2026-02-23 08:17:40,62.5,75.88652482269504,35.1026929967172
2026-02-23 08:17:55,62.5,76.59574468085107,35.094531181395354
2026-02-23 08:18:10,62.5,77.30496453900709,35.0863693660735
2026-02-23 08:18:25,62.5,78.01418439716312,35.07820755075165
2026-02-23 08:18:40,62.5,78.72340425531915,35.0700457354298
2026-02-23 08:18:55,62.5,79.43262411347519,35.06188392010795
2026-02-23 08:19:10,62.5,80.1418439716312,35.053722104786104
2026-02-23 08:19:25,62.5,80.85106382978722,35.04556028946425
2026-02-23 08:19:40,62.5,81.56028368794325,35.0373984741424
2026-02-23 08:19:55,62.5,82.26950354609929,35.02923665882055
2026-02-23 08:20:10,62.5,82.97872340425532,35.0210748434987
2026-02-23 08:20:25,62.5,83.68794326241135,35.01291302817685
2026-02-23 08:20:40,62.5,84.39716312056737,35.004751212855
2026-02-23 08:20:55,62.5,86.13138686131386,34.99658939753315
2026-02-23 08:21:10,62.5,86.86131386861314,34.9884275822113
2026-02-23 08:21:25,62.5,87.59124087591242,34.980265766889445
2026-02-23 08:21:40,62.5,88.32116788321169,34.9721039515676
2026-02-23 08:21:55,75.0,89.05109489051095,34.96394213624575
2026-02-23 08:22:10,75.0,89.78102189781022,34.9557803209239
2026-02-23 08:22:25,75.0,90.51094890510949,34.94761850560205
2026-02-23 08:22:40,75.0,91.24087591240875,34.939456690280196
2026-02-23 08:22:55,75.0,91.97080291970804,34.93129487495835
2026-02-23 08:23:10,75.0,92.7007299270073,34.9231330596365
2026-02-23 08:23:25,75.0,93.43065693430657,34.91497124431465
2026-02-23 08:23:40,75.0,94.16058394160584,34.906809428992794
2026-02-23 08:23:55,75.0,94.8905109489051,34.898647613670946
2026-02-23 08:24:10,75.0,95.62043795620438,34.8904857983491
2026-02-23 08:24:25,75.0,95.62043795620438,34.88232398302725
2026-02-23 08:24:40,75.0,95.62043795620438,34.8741621677054
2026-02-23 08:24:55,75.0,95.62043795620438,34.866000352383544
2026-02-23 08:25:10,75.0,95.62043795620438,34.857838537061696
2026-02-23 08:25:25,75.0,95.62043795620438,34.84967672173985
2026-02-23 08:25:40,75.0,95.62043795620438,34.841514906418
2026-02-23 08:25:55,75.0,95.62043795620438,34.83335309109614
2026-02-23 08:26:10,75.0,95.62043795620438,34.825191275774294
2026-02-23 08:26:25,75.0,96.35036496350365,34.817029460452446
2026-02-23 08:26:40,75.0,97.08029197080292,34.8088676451306
2026-02-23 08:26:55,75.0,97.08029197080292,34.80070582980875
2026-02-23 08:27:10,75.0,97.08029197080292,34.79254401448689
2026-02-23 08:27:25,75.0,97.08029197080292,34.784382199165044
2026-02-23 08:27:40,75.0,97.08029197080292,34.776220383843196
2026-02-23 08:27:55,75.0,97.08029197080292,34.76805856852135
2026-02-23 08:28:10,75.0,97.8102189781022,34.75989675319949
2026-02-23 08:28:25,75.0,98.54014598540147,34.75173493787764
2026-02-23 08:28:40,75.0,99.27007299270073,34.743573122555794
2026-02-23 08:28:55,75.0,100.0,34.735411307233946
2026-02-23 08:29:10,75.0,100.0,34.7272494919121
2026-02-23 08:29:25,75.0,100.0,34.71908767659024
2026-02-23 08:29:40,75.0,100.0,34.71092586126839
2026-02-23 08:29:55,75.0,100.0,34.702764045946545
2026-02-23 08:30:10,75.0,100.0,34.694602230624696
2026-02-23 08:30:25,75.0,100.0,34.68644041530284
2026-02-23 08:30:40,75.0,100.0,34.67827859998099
2026-02-23 08:30:55,75.0,100.0,34.67011678465914
2026-02-23 08:31:10,75.0,100.0,34.661954969337295
2026-02-23 08:31:25,75.0,100.0,34.653793154015446
2026-02-23 08:31:40,75.0,99.27007299270073,34.64563133869359
2026-02-23 08:31:55,75.0,98.54014598540147,34.63746952337174
2026-02-23 08:32:10,75.0,98.54014598540147,34.62930770804989
2026-02-23 08:32:25,87.5,97.8102189781022,34.621145892728045
2026-02-23 08:32:40,87.5,97.08029197080292,34.61298407740619
2026-02-23 08:32:55,87.5,96.35036496350365,34.60482226208434
2026-02-23 08:33:10,87.5,95.62043795620438,34.59666044676249
2026-02-23 08:33:25,87.5,94.8905109489051,34.58849863144064
2026-02-23 08:33:40,87.5,94.8905109489051,34.58033681611879
2026-02-23 08:33:55,87.5,94.8905109489051,34.57217500079694
2026-02-23 08:34:10,87.5,94.8905109489051,34.56401318547509
2026-02-23 08:34:25,87.5,94.8905109489051,34.55585137015324
2026-02-23 08:34:40,87.5,94.8905109489051,34.54768955483139
2026-02-23 08:34:55,87.5,94.8905109489051,34.53952773950954
2026-02-23 08:35:10,87.5,94.8905109489051,34.53136592418769
2026-02-23 08:35:25,87.5,94.8905109489051,34.52320410886584
2026-02-23 08:35:40,87.5,94.8905109489051,34.51504229354399
2026-02-23 08:35:55,87.5,94.8905109489051,34.50688047822214
2026-02-23 08:36:10,87.5,94.8905109489051,34.49871866290029
2026-02-23 08:36:25,87.5,94.8905109489051,34.49055684757844
2026-02-23 08:36:40,87.5,94.8905109489051,34.48239503225659
2026-02-23 08:36:55,87.5,94.8905109489051,34.47423321693474
2026-02-23 08:37:10,87.5,94.8905109489051,34.466071401612886
2026-02-23 08:37:25,87.5,94.8905109489051,34.45790958629104
2026-02-23 08:37:40,87.5,94.8905109489051,34.44974777096919
2026-02-23 08:37:55,87.5,94.8905109489051,34.44158595564734
2026-02-23 08:38:10,87.5,94.8905109489051,34.433424140325485
2026-02-23 08:38:25,87.5,94.8905109489051,34.42526232500364
2026-02-23 08:38:40,87.5,94.8905109489051,34.41710050968179
2026-02-23 08:38:55,87.5,94.8905109489051,34.40893869435994
2026-02-23 08:39:10,87.5,94.8905109489051,34.40077687903809
2026-02-23 08:39:25,87.5,94.8905109489051,34.392615063716235
2026-02-23 08:39:40,87.5,94.8905109489051,34.38445324839439
2026-02-23 08:39:55,87.5,94.8905109489051,34.37629143307254
2026-02-23 08:40:10,87.5,94.8905109489051,34.36812961775069
2026-02-23 08:40:25,87.5,94.8905109489051,34.359967802428834
2026-02-23 08:40:40,87.5,94.8905109489051,34.351805987106985
2026-02-23 08:40:55,87.5,94.8905109489051,34.34364417178514
2026-02-23 08:41:10,87.5,94.8905109489051,34.33548235646329
2026-02-23 08:41:25,87.5,94.8905109489051,34.32732054114144
2026-02-23 08:41:40,87.5,94.8905109489051,34.319158725819584
2026-02-23 08:41:55,87.5,94.8905109489051,34.310996910497735
2026-02-23 08:42:10,87.5,94.8905109489051,34.30283509517589
2026-02-23 08:42:25,87.5,94.8905109489051,34.29467327985404
2026-02-23 08:42:40,87.5,94.8905109489051,34.28651146453218
2026-02-23 08:42:55,87.5,94.8905109489051,34.278349649210334
2026-02-23 08:43:10,87.5,94.8905109489051,34.270187833888485
2026-02-23 08:43:25,87.5,94.8905109489051,34.26202601856664
2026-02-23 08:43:40,87.5,94.8905109489051,34.25386420324479
2026-02-23 08:43:55,87.5,94.8905109489051,34.24570238792293
2026-02-23 08:44:10,87.5,94.8905109489051,34.237540572601084
2026-02-23 08:44:25,87.5,94.8905109489051,34.229378757279235
2026-02-23 08:44:40,87.5,94.8905109489051,34.22121694195739
2026-02-23 08:44:55,87.5,94.8905109489051,34.21305512663553
2026-02-23 08:45:10,87.5,94.8905109489051,34.20489331131368
2026-02-23 08:45:25,87.5,94.8905109489051,34.196731495991834
2026-02-23 08:45:40,87.5,94.8905109489051,34.188569680669985
2026-02-23 08:45:55,87.5,94.8905109489051,34.18040786534814
2026-02-23 08:46:10,87.5,94.8905109489051,34.17224605002628
2026-02-23 08:46:25,87.5,94.8905109489051,34.16408423470443
2026-02-23 08:46:40,87.5,94.8905109489051,34.155922419382584
2026-02-23 08:46:55,87.5,94.8905109489051,34.147760604060736
2026-02-23 08:47:10,87.5,94.8905109489051,34.13959878873888
2026-02-23 08:47:25,87.5,94.8905109489051,34.13143697341703
2026-02-23 08:47:40,87.5,94.8905109489051,34.12327515809518
2026-02-23 08:47:55,87.5,94.8905109489051,34.115113342773334
2026-02-23 08:48:10,87.5,94.16058394160584,34.106951527451486
2026-02-23 08:48:25,87.5,93.43065693430657,34.09878971212963
2026-02-23 08:48:40,87.5,92.7007299270073,34.09062789680778
2026-02-23 08:48:55,87.5,91.97080291970804,34.08246608148593
2026-02-23 08:49:10,87.5,91.24087591240875,34.074304266164084
2026-02-23 08:49:25,87.5,90.51094890510949,34.06614245084223
2026-02-23 08:49:40,87.5,89.78102189781022,34.05798063552038
2026-02-23 08:49:55,87.5,89.05109489051095,34.04981882019853
2026-02-23 08:50:10,87.5,88.32116788321169,34.04165700487668
2026-02-23 08:50:25,87.5,87.59124087591242,34.03349518955483
2026-02-23 08:50:40,87.5,86.86131386861314,34.02533337423298
2026-02-23 08:50:55,87.5,86.13138686131386,34.01717155891113
2026-02-23 08:51:10,87.5,85.40145985401459,34.00900974358928
2026-02-23 08:51:25,87.5,84.67153284671532,34.00084792826743
2026-02-23 08:51:40,87.5,84.9624060150376,33.99268611294558
2026-02-23 08:51:55,87.5,84.21052631578947,33.98452429762373
2026-02-23 08:52:10,87.5,83.45864661654136,33.97636248230188
2026-02-23 08:52:25,87.5,82.70676691729322,33.96820066698003
2026-02-23 08:52:40,87.5,81.95488721804512,33.96003885165818
2026-02-23 08:52:55,87.5,81.203007518797,33.95187703633633
2026-02-23 08:53:10,87.5,80.45112781954887,33.94371522101448
2026-02-23 08:53:25,87.5,79.69924812030075,33.93555340569263
2026-02-23 08:53:40,87.5,78.94736842105263,33.92739159037078
2026-02-23 08:53:55,87.5,78.94736842105263,33.919229775048926
2026-02-23 08:54:10,87.5,78.94736842105263,33.91106795972708
2026-02-23 08:54:25,87.5,78.94736842105263,33.90290614440523
2026-02-23 08:54:40,87.5,78.94736842105263,33.89474432908338
2026-02-23 08:54:55,87.5,78.94736842105263,33.886582513761525
2026-02-23 08:55:10,87.5,78.94736842105263,33.878420698439676
2026-02-23 08:55:25,87.5,78.94736842105263,33.87025888311783
2026-02-23 08:55:40,87.5,78.94736842105263,33.86209706779598
2026-02-23 08:55:55,87.5,78.94736842105263,33.85393525247413
2026-02-23 08:56:10,87.5,78.94736842105263,33.845773437152275
2026-02-23 08:56:25,87.5,78.94736842105263,33.837611621830426
2026-02-23 08:56:40,87.5,78.94736842105263,33.82944980650858
2026-02-23 08:56:55,87.5,78.94736842105263,33.82128799118673
2026-02-23 08:57:10,87.5,78.94736842105263,33.81312617586487
2026-02-23 08:57:25,87.5,78.94736842105263,33.804964360543025
2026-02-23 08:57:40,87.5,78.94736842105263,33.796802545221176
2026-02-23 08:57:55,87.5,78.94736842105263,33.78864072989933
2026-02-23 08:58:10,87.5,78.94736842105263,33.78047891457748
2026-02-23 08:58:25,87.5,78.94736842105263,33.77231709925562
2026-02-23 08:58:40,87.5,78.19548872180451,33.764155283933775
2026-02-23 08:58:55,87.5,77.44360902255639,33.755993468611926
2026-02-23 08:59:10,87.5,76.69172932330827,33.74783165329008
2026-02-23 08:59:25,87.5,75.93984962406014,33.73966983796822
2026-02-23 08:59:40,87.5,75.18796992481202,33.73150802264637
2026-02-23 08:59:55,87.5,74.43609022556392,33.723346207324525
2026-02-23 09:00:10,87.5,73.68421052631578,33.715184392002676
2026-02-23 09:00:25,87.5,72.93233082706767,33.70702257668083
2026-02-23 09:00:40,87.5,72.18045112781954,33.69886076135897
2026-02-23 09:00:55,87.5,71.42857142857143,33.690698946037124
2026-02-23 09:01:10,87.5,70.67669172932331,33.682537130715275
2026-02-23 09:01:25,87.5,69.92481203007519,33.674375315393426
2026-02-23 09:01:40,87.5,69.17293233082707,33.66621350007157
2026-02-23 09:01:55,87.5,68.42105263157895,33.65805168474972
2026-02-23 09:02:10,87.5,67.66917293233082,33.649889869427874
2026-02-23 09:02:25,87.5,66.9172932330827,33.641728054106025
2026-02-23 09:02:40,87.5,66.16541353383458,33.63356623878418
2026-02-23 09:02:55,87.5,65.41353383458647,33.62540442346232
2026-02-23 09:03:10,87.5,64.66165413533834,33.61724260814047
2026-02-23 09:03:25,87.5,63.90977443609023,33.609080792818624
2026-02-23 09:03:40,87.5,63.1578947368421,33.600918977496775
2026-02-23 09:03:55,87.5,62.40601503759399,33.59275716217492
2026-02-23 09:04:10,87.5,61.65413533834586,33.58459534685307
2026-02-23 09:04:25,87.5,60.902255639097746,33.57643353153122
2026-02-23 09:04:40,87.5,60.150375939849624,33.568271716209374
2026-02-23 09:04:55,87.5,59.3984962406015,33.560109900887525
2026-02-23 09:05:10,87.5,58.64661654135338,33.55194808556567
2026-02-23 09:05:25,87.5,58.64661654135338,33.54378627024382
2026-02-23 09:05:40,87.5,58.64661654135338,33.53562445492197
2026-02-23 09:05:55,87.5,57.89473684210527,33.527462639600124
2026-02-23 09:06:10,87.5,57.89473684210527,33.51930082427827
2026-02-23 09:06:25,87.5,57.89473684210527,33.51113900895642
2026-02-23 09:06:40,87.5,57.89473684210527,33.50297719363457
2026-02-23 09:06:55,87.5,57.89473684210527,33.49481537831272
2026-02-23 09:07:10,87.5,57.89473684210527,33.48665356299087
2026-02-23 09:07:25,87.5,57.14285714285714,33.47849174766902
2026-02-23 09:07:40,87.5,56.390977443609025,33.47032993234717
2026-02-23 09:07:55,87.5,55.639097744360896,33.46216811702532
2026-02-23 09:08:10,87.5,54.88721804511278,33.45400630170347
2026-02-23 09:08:25,87.5,54.13533834586466,33.44584448638162
2026-02-23 09:08:40,87.5,53.383458646616546,33.43768267105977
2026-02-23 09:08:55,87.5,52.63157894736842,33.42952085573792
2026-02-23 09:09:10,75.0,52.63157894736842,33.42135904041607
2026-02-23 09:09:25,75.0,52.63157894736842,33.41319722509422
2026-02-23 09:09:40,75.0,51.8796992481203,33.40503540977237
2026-02-23 09:09:55,75.0,51.127819548872175,33.39687359445052
2026-02-23 09:10:10,75.0,50.37593984962406,33.38871177912867
2026-02-23 09:10:25,75.0,49.62406015037594,33.38054996380682
2026-02-23 09:10:40,75.0,48.87218045112782,33.372388148484966
2026-02-23 09:10:55,75.0,48.1203007518797,33.36422633316312
2026-02-23 09:11:10,75.0,47.368421052631575,33.35606451784127
2026-02-23 09:11:25,75.0,46.616541353383454,33.34790270251942
2026-02-23 09:11:40,75.0,45.86466165413533,33.339740887197564
2026-02-23 09:11:55,75.0,45.11278195488722,33.331579071875716
2026-02-23 09:12:10,75.0,44.3609022556391,33.32341725655387
2026-02-23 09:12:25,75.0,43.609022556390975,33.31525544123202
2026-02-23 09:12:40,75.0,42.857142857142854,33.30709362591017
2026-02-23 09:12:55,75.0,42.10526315789473,33.298931810588314
2026-02-23 09:13:10,75.0,41.35338345864661,33.290769995266466
2026-02-23 09:13:25,75.0,40.6015037593985,33.28260817994462
2026-02-23 09:13:40,75.0,39.849624060150376,33.27444636462277
2026-02-23 09:13:55,75.0,39.849624060150376,33.26628454930091
2026-02-23 09:14:10,75.0,39.849624060150376,33.258122733979064
2026-02-23 09:14:25,75.0,39.097744360902254,33.249960918657216
2026-02-23 09:14:40,75.0,38.34586466165413,33.24179910333537
2026-02-23 09:14:55,75.0,38.34586466165413,33.23363728801352
2026-02-23 09:15:10,75.0,37.59398496240601,33.22547547269166
2026-02-23 09:15:25,62.5,36.84210526315789,33.217313657369814
2026-02-23 09:15:40,62.5,36.09022556390977,33.209151842047966
2026-02-23 09:15:55,62.5,35.338345864661655,33.20099002672612
2026-02-23 09:16:10,62.5,34.58646616541353,33.19282821140426
2026-02-23 09:16:25,62.5,33.83458646616541,33.18466639608241
2026-02-23 09:16:40,62.5,33.08270676691729,33.176504580760565
2026-02-23 09:16:55,62.5,32.33082706766917,33.168342765438716
2026-02-23 09:17:10,62.5,31.57894736842105,33.16018095011687
2026-02-23 09:17:25,62.5,30.82706766917293,33.15201913479501
2026-02-23 09:17:40,62.5,30.075187969924812,33.14385731947316
2026-02-23 09:17:55,62.5,29.32330827067669,33.135695504151315
2026-02-23 09:18:10,62.5,28.57142857142857,33.127533688829466
2026-02-23 09:18:25,62.5,27.819548872180448,33.11937187350761
2026-02-23 09:18:40,62.5,27.819548872180448,33.11121005818576
2026-02-23 09:18:55,62.5,27.819548872180448,33.10304824286391
2026-02-23 09:19:10,50.0,27.819548872180448,33.094886427542065
2026-02-23 09:19:25,50.0,27.819548872180448,33.086724612220216
2026-02-23 09:19:40,50.0,27.06766917293233,33.07856279689836
2026-02-23 09:19:55,50.0,27.06766917293233,33.07040098157651
2026-02-23 09:20:10,50.0,27.06766917293233,33.06223916625466
2026-02-23 09:20:25,50.0,27.06766917293233,33.054077350932815
2026-02-23 09:20:40,50.0,27.06766917293233,33.04591553561096
2026-02-23 09:20:55,50.0,27.06766917293233,33.03775372028911
2026-02-23 09:21:10,50.0,27.06766917293233,33.02959190496726
2026-02-23 09:21:25,50.0,27.06766917293233,33.02143008964541
2026-02-23 09:21:40,50.0,27.06766917293233,33.013268274323565
2026-02-23 09:21:55,50.0,27.819548872180448,33.00510645900171
2026-02-23 09:22:10,50.0,27.906976744186046,32.99694464367986
2026-02-23 09:22:25,50.0,28.68217054263566,32.98878282835801
2026-02-23 09:22:40,50.0,29.457364341085274,32.98062101303616
2026-02-23 09:22:55,50.0,30.23255813953488,32.97245919771431
2026-02-23 09:23:10,50.0,31.007751937984494,32.96429738239246
2026-02-23 09:23:25,50.0,31.782945736434108,32.95613556707061
2026-02-23 09:23:40,37.5,32.55813953488372,32.94797375174876
2026-02-23 09:23:55,37.5,33.33333333333333,32.939811936426906
2026-02-23 09:24:10,37.5,34.10852713178294,32.93165012110506
2026-02-23 09:24:25,37.5,34.883720930232556,32.92348830578321
2026-02-23 09:24:40,37.5,34.883720930232556,32.91532649046136
2026-02-23 09:24:55,37.5,34.883720930232556,32.90716467513951
2026-02-23 09:25:10,37.5,34.883720930232556,32.89900285981766
2026-02-23 09:25:25,37.5,35.65891472868217,32.89084104449581
2026-02-23 09:25:40,37.5,36.434108527131784,32.88267922917396
2026-02-23 09:25:55,37.5,37.2093023255814,32.87451741385211
2026-02-23 09:26:10,37.5,37.98449612403101,32.86635559853026
2026-02-23 09:26:25,37.5,38.759689922480625,32.85819378320841
2026-02-23 09:26:40,37.5,38.759689922480625,32.85003196788656
2026-02-23 09:26:55,37.5,38.759689922480625,32.84187015256471
2026-02-23 09:27:10,37.5,38.759689922480625,32.83370833724286
2026-02-23 09:27:25,37.5,38.759689922480625,32.825546521921005
2026-02-23 09:27:40,37.5,38.759689922480625,32.81738470659916
2026-02-23 09:27:55,37.5,37.98449612403101,32.80922289127731
2026-02-23 09:28:10,37.5,37.98449612403101,32.80106107595546
2026-02-23 09:28:25,37.5,37.98449612403101,32.792899260633604
2026-02-23 09:28:40,37.5,37.98449612403101,32.784737445311755
2026-02-23 09:28:55,37.5,37.98449612403101,32.77657562998991
2026-02-23 09:29:10,37.5,37.98449612403101,32.76841381466806
2026-02-23 09:29:25,25.0,37.98449612403101,32.76025199934621
2026-02-23 09:29:40,25.0,37.98449612403101,32.752090184024354
2026-02-23 09:29:55,25.0,37.98449612403101,32.743928368702505
2026-02-23 09:30:10,25.0,37.98449612403101,32.73576655338066
2026-02-23 09:30:25,25.0,37.98449612403101,32.72760473805881
2026-02-23 09:30:40,25.0,37.98449612403101,32.71944292273695
2026-02-23 09:30:55,25.0,37.98449612403101,32.711281107415104
2026-02-23 09:31:10,25.0,37.98449612403101,32.703119292093255
2026-02-23 09:31:25,37.5,38.759689922480625,32.69495747677141
2026-02-23 09:31:40,37.5,39.53488372093023,32.68679566144956
2026-02-23 09:31:55,37.5,40.310077519379846,32.6786338461277
2026-02-23 09:32:10,37.5,41.08527131782946,32.670472030805854
2026-02-23 09:32:25,37.5,41.86046511627907,32.662310215484005
2026-02-23 09:32:40,37.5,41.86046511627907,32.65414840016216
2026-02-23 09:32:55,37.5,42.63565891472868,32.6459865848403
2026-02-23 09:33:10,37.5,43.41085271317829,32.63782476951845
2026-02-23 09:33:25,37.5,43.41085271317829,32.629662954196604
2026-02-23 09:33:40,37.5,43.41085271317829,32.621501138874756
2026-02-23 09:33:55,37.5,43.41085271317829,32.61333932355291
2026-02-23 09:34:10,37.5,43.41085271317829,32.60517750823105
2026-02-23 09:34:25,37.5,43.41085271317829,32.5970156929092
2026-02-23 09:34:40,25.0,43.41085271317829,32.588853877587354
2026-02-23 09:34:55,25.0,43.41085271317829,32.580692062265506
2026-02-23 09:35:10,25.0,43.41085271317829,32.57253024694365
2026-02-23 09:35:25,25.0,44.18604651162791,32.5643684316218
2026-02-23 09:35:40,37.5,44.96124031007752,32.55620661629995
2026-02-23 09:35:55,37.5,44.96124031007752,32.548044800978104
2026-02-23 09:36:10,37.5,44.96124031007752,32.539882985656256
2026-02-23 09:36:25,37.5,44.96124031007752,32.5317211703344
2026-02-23 09:36:40,37.5,44.96124031007752,32.52355935501255
2026-02-23 09:36:55,37.5,44.96124031007752,32.5153975396907
2026-02-23 09:37:10,50.0,44.96124031007752,32.507235724368854
2026-02-23 09:37:25,50.0,44.96124031007752,32.499073909047
2026-02-23 09:37:40,50.0,44.96124031007752,32.49091209372515
2026-02-23 09:37:55,50.0,44.96124031007752,32.4827502784033
2026-02-23 09:38:10,50.0,45.73643410852713,32.47458846308145
2026-02-23 09:38:25,50.0,46.51162790697674,32.466426647759604
2026-02-23 09:38:40,50.0,47.286821705426355,32.45826483243775
2026-02-23 09:38:55,50.0,47.286821705426355,32.4501030171159
2026-02-23 09:39:10,50.0,47.286821705426355,32.44194120179405
2026-02-23 09:39:25,50.0,47.286821705426355,32.4337793864722
2026-02-23 09:39:40,50.0,47.286821705426355,32.42561757115035
2026-02-23 09:39:55,50.0,48.06201550387597,32.4174557558285
2026-02-23 09:40:10,50.0,48.837209302325576,32.40929394050665
2026-02-23 09:40:25,50.0,49.6124031007752,32.4011321251848
2026-02-23 09:40:40,50.0,50.3875968992248,32.392970309862946
2026-02-23 09:40:55,50.0,50.3875968992248,32.3848084945411
2026-02-23 09:41:10,50.0,51.162790697674424,32.37664667921925
2026-02-23 09:41:25,50.0,51.93798449612403,32.3684848638974
2026-02-23 09:41:40,50.0,51.93798449612403,32.36032304857555
2026-02-23 09:41:55,50.0,51.162790697674424,32.352161233253696
2026-02-23 09:42:10,50.0,50.3875968992248,32.34399941793185
2026-02-23 09:42:25,50.0,50.3875968992248,32.33583760261
2026-02-23 09:42:40,50.0,51.162790697674424,32.32767578728815
2026-02-23 09:42:55,62.5,51.93798449612403,32.3195139719663
2026-02-23 09:43:10,62.5,52.71317829457365,32.311352156644446
2026-02-23 09:43:25,62.5,53.48837209302325,32.3031903413226
2026-02-23 09:43:40,62.5,54.263565891472865,32.29502852600075
2026-02-23 09:43:55,62.5,55.03875968992248,32.2868667106789
2026-02-23 09:44:10,62.5,55.03875968992248,32.278704895357045
2026-02-23 09:44:25,62.5,55.81395348837209,32.270543080035196
2026-02-23 09:44:40,62.5,56.58914728682171,32.26238126471335
2026-02-23 09:44:55,62.5,56.58914728682171,32.2542194493915
2026-02-23 09:45:10,62.5,56.58914728682171,32.24605763406964
2026-02-23 09:45:25,62.5,57.36434108527132,32.237895818747795
2026-02-23 09:45:40,62.5,58.139534883720934,32.229734003425946
2026-02-23 09:45:55,62.5,58.139534883720934,32.2215721881041
2026-02-23 09:46:10,62.5,58.139534883720934,32.21341037278225
2026-02-23 09:46:25,62.5,58.139534883720934,32.20524855746039
2026-02-23 09:46:40,62.5,58.139534883720934,32.197086742138545
2026-02-23 09:46:55,75.0,58.139534883720934,32.188924926816696
2026-02-23 09:47:10,75.0,58.91472868217055,32.18076311149485
2026-02-23 09:47:25,75.0,59.68992248062015,32.17260129617299
2026-02-23 09:47:40,75.0,59.68992248062015,32.164439480851144
2026-02-23 09:47:55,75.0,60.46511627906976,32.156277665529295
2026-02-23 09:48:10,62.5,60.46511627906976,32.148115850207446
2026-02-23 09:48:25,62.5,60.46511627906976,32.1399540348856
2026-02-23 09:48:40,62.5,61.240310077519375,32.13179221956374
2026-02-23 09:48:55,62.5,62.01550387596899,32.123630404241894
2026-02-23 09:49:10,75.0,62.7906976744186,32.115468588920045
2026-02-23 09:49:25,75.0,63.565891472868216,32.1073067735982
2026-02-23 09:49:40,62.5,64.34108527131784,32.09914495827634
2026-02-23 09:49:55,62.5,65.11627906976744,32.09098314295449
2026-02-23 09:50:10,62.5,65.89147286821705,32.082821327632644
2026-02-23 09:50:25,62.5,66.66666666666666,32.074659512310795
2026-02-23 09:50:40,62.5,67.44186046511628,32.06649769698895
2026-02-23 09:50:55,62.5,68.21705426356588,32.05833588166709
2026-02-23 09:51:10,62.5,68.9922480620155,32.05017406634524
2026-02-23 09:51:25,62.5,68.9922480620155,32.042012251023394
2026-02-23 09:51:40,62.5,68.9922480620155,32.033850435701545
2026-02-23 09:51:55,62.5,68.9922480620155,32.02568862037969
2026-02-23 09:52:10,62.5,68.9922480620155,32.01752680505784
2026-02-23 09:52:25,62.5,69.76744186046511,32.00936498973599
2026-02-23 09:52:40,62.5,69.76744186046511,32.001203174414144
2026-02-23 09:52:55,62.5,68.8,31.99304135909229
2026-02-23 09:53:10,62.5,68.8,31.984879543770443
2026-02-23 09:53:25,62.5,68.8,31.97671772844859
2026-02-23 09:53:40,62.5,68.8,31.968555913126742
2026-02-23 09:53:55,62.5,68.8,31.96039409780489
2026-02-23 09:54:10,62.5,68.8,31.952232282483042
2026-02-23 09:54:25,62.5,68.8,31.94407046716119
2026-02-23 09:54:40,62.5,68.8,31.93590865183934
2026-02-23 09:54:55,62.5,68.8,31.927746836517493
2026-02-23 09:55:10,62.5,68.8,31.91958502119564
2026-02-23 09:55:25,62.5,68.8,31.911423205873792
2026-02-23 09:55:40,62.5,68.8,31.90326139055194
2026-02-23 09:55:55,62.5,68.8,31.89509957523009
2026-02-23 09:56:10,62.5,68.8,31.88693775990824
2026-02-23 09:56:25,75.0,69.6,31.87877594458639
2026-02-23 09:56:40,75.0,70.39999999999999,31.87061412926454
2026-02-23 09:56:55,75.0,71.2,31.86245231394269
2026-02-23 09:57:10,75.0,71.2,31.85429049862084
2026-02-23 09:57:25,75.0,71.2,31.84612868329899
2026-02-23 09:57:40,75.0,71.2,31.83796686797714
2026-02-23 09:57:55,75.0,71.2,31.82980505265529
2026-02-23 09:58:10,75.0,71.2,31.82164323733344
2026-02-23 09:58:25,75.0,71.2,31.813481422011588
2026-02-23 09:58:40,75.0,71.2,31.80531960668974
2026-02-23 09:58:55,75.0,71.2,31.797157791367887
2026-02-23 09:59:10,75.0,71.2,31.78899597604604
2026-02-23 09:59:25,75.0,71.2,31.78083416072419
2026-02-23 09:59:40,75.0,72.0,31.772672345402338
2026-02-23 09:59:55,75.0,72.0,31.764510530080486
2026-02-23 10:00:10,75.0,72.0,31.74555044277893
2026-02-23 10:00:25,75.0,72.0,31.721191219487526
2026-02-23 10:00:40,75.0,72.0,31.69683199619612
2026-02-23 10:00:55,75.0,72.0,31.67247277290471
2026-02-23 10:01:10,75.0,72.0,31.648113549613306
2026-02-23 10:01:25,75.0,72.0,31.6237543263219
2026-02-23 10:01:40,75.0,72.0,31.599395103030492
2026-02-23 10:01:55,75.0,72.0,31.575035879739087
2026-02-23 10:02:10,75.0,72.0,31.55067665644768
2026-02-23 10:02:25,75.0,72.0,31.526317433156272
2026-02-23 10:02:40,75.0,72.0,31.501958209864867
2026-02-23 10:02:55,75.0,72.0,31.47759898657346
2026-02-23 10:03:10,75.0,72.0,31.453239763282053
2026-02-23 10:03:25,75.0,72.0,31.428880539990647
2026-02-23 10:03:40,75.0,72.0,31.404521316699242
2026-02-23 10:03:55,75.0,72.0,31.380162093407833
2026-02-23 10:04:10,75.0,72.0,31.355802870116428
2026-02-23 10:04:25,75.0,72.8,31.331443646825022
2026-02-23 10:04:40,75.0,72.8,31.307084423533613
2026-02-23 10:04:55,75.0,72.8,31.282725200242208
2026-02-23 10:05:10,75.0,73.6,31.258365976950802
2026-02-23 10:05:25,75.0,74.4,31.234006753659393
2026-02-23 10:05:40,75.0,75.2,31.209647530367988
2026-02-23 10:05:55,75.0,76.0,31.185288307076583
2026-02-23 10:06:10,75.0,76.8,31.160929083785174
2026-02-23 10:06:25,75.0,77.60000000000001,31.13656986049377
2026-02-23 10:06:40,75.0,78.4,31.112210637202363
2026-02-23 10:06:55,75.0,79.2,31.087851413910954
2026-02-23 10:07:10,75.0,79.2,31.06349219061955
2026-02-23 10:07:25,75.0,79.2,31.039132967328143
2026-02-23 10:07:40,75.0,80.0,31.014773744036734
2026-02-23 10:07:55,75.0,81.81818181818183,30.99041452074533
2026-02-23 10:08:10,75.0,82.64462809917356,30.966055297453924
2026-02-23 10:08:25,75.0,83.47107438016529,30.941696074162515
2026-02-23 10:08:40,75.0,84.29752066115702,30.91733685087111
2026-02-23 10:08:55,75.0,85.12396694214877,30.892977627579704
2026-02-23 10:09:10,75.0,85.9504132231405,30.868618404288295
2026-02-23 10:09:25,75.0,85.9504132231405,30.84425918099689
2026-02-23 10:09:40,75.0,85.9504132231405,30.819899957705484
2026-02-23 10:09:55,75.0,85.9504132231405,30.795540734414075
2026-02-23 10:10:10,75.0,86.77685950413223,30.77118151112267
2026-02-23 10:10:25,75.0,87.60330578512396,30.746822287831264
2026-02-23 10:10:40,75.0,88.42975206611571,30.722463064539856
2026-02-23 10:10:55,75.0,89.25619834710744,30.69810384124845
2026-02-23 10:11:10,87.5,89.25619834710744,30.67374461795704
2026-02-23 10:11:25,87.5,89.25619834710744,30.649385394665636
2026-02-23 10:11:40,87.5,89.25619834710744,30.62502617137423
2026-02-23 10:11:55,87.5,89.25619834710744,30.600666948082825
2026-02-23 10:12:10,87.5,90.08264462809917,30.576307724791416
2026-02-23 10:12:25,87.5,90.08264462809917,30.55194850150001
2026-02-23 10:12:40,87.5,90.08264462809917,30.527589278208602
2026-02-23 10:12:55,87.5,90.9090909090909,30.503230054917196
2026-02-23 10:13:10,87.5,91.73553719008265,30.47887083162579
2026-02-23 10:13:25,87.5,92.56198347107438,30.454511608334382
2026-02-23 10:13:40,87.5,93.38842975206612,30.430152385042977
2026-02-23 10:13:55,87.5,93.38842975206612,30.40579316175157
2026-02-23 10:14:10,87.5,93.38842975206612,30.381433938460162
2026-02-23 10:14:25,87.5,93.38842975206612,30.357074715168757
2026-02-23 10:14:40,87.5,93.38842975206612,30.33271549187735
2026-02-23 10:14:55,87.5,93.38842975206612,30.308356268585943
2026-02-23 10:15:10,87.5,93.38842975206612,30.283997045294537
2026-02-23 10:15:25,87.5,94.21487603305785,30.259637822003132
2026-02-23 10:15:40,87.5,94.21487603305785,30.235278598711723
2026-02-23 10:15:55,87.5,94.21487603305785,30.210919375420318
2026-02-23 10:16:10,87.5,95.0413223140496,30.186560152128912
2026-02-23 10:16:25,87.5,95.86776859504133,30.162200928837503
2026-02-23 10:16:40,87.5,95.86776859504133,30.137841705546098
2026-02-23 10:16:55,87.5,95.86776859504133,30.113482482254692
2026-02-23 10:17:10,87.5,96.69421487603306,30.089123258963284
2026-02-23 10:17:25,87.5,97.52066115702479,30.064764035671878
2026-02-23 10:17:40,87.5,98.34710743801654,30.040404812380473
2026-02-23 10:17:55,87.5,98.34710743801654,30.016045589089064
2026-02-23 10:18:10,87.5,98.29059829059828,29.99168636579766
2026-02-23 10:18:25,87.5,98.29059829059828,29.967327142506253
2026-02-23 10:18:40,87.5,98.29059829059828,29.942967919214844
2026-02-23 10:18:55,87.5,99.14529914529915,29.91860869592344
2026-02-23 10:19:10,87.5,100.0,29.894249472632033
2026-02-23 10:19:25,87.5,100.0,29.869890249340624
2026-02-23 10:19:40,87.5,100.0,29.84553102604922
2026-02-23 10:19:55,87.5,100.0,29.821171802757814
2026-02-23 10:20:10,87.5,100.0,29.796812579466405
2026-02-23 10:20:25,87.5,100.0,29.772453356175
2026-02-23 10:20:40,87.5,100.0,29.748094132883594
2026-02-23 10:20:55,87.5,100.0,29.723734909592185
2026-02-23 10:21:10,87.5,100.0,29.69937568630078
2026-02-23 10:21:25,87.5,100.0,29.675016463009374
2026-02-23 10:21:40,87.5,100.0,29.650657239717965
2026-02-23 10:21:55,87.5,100.0,29.62629801642656
2026-02-23 10:22:10,87.5,100.0,29.601938793135155
2026-02-23 10:22:25,87.5,100.0,29.577579569843746
2026-02-23 10:22:40,87.5,100.0,29.55322034655234
2026-02-23 10:22:55,87.5,100.0,29.528861123260935
2026-02-23 10:23:10,100.0,99.14529914529915,29.504501899969526
2026-02-23 10:23:25,100.0,98.29059829059828,29.48014267667812
2026-02-23 10:23:40,100.0,97.43589743589743,29.455783453386715
2026-02-23 10:23:55,100.0,97.43589743589743,29.431424230095306
2026-02-23 10:24:10,100.0,97.43589743589743,29.4070650068039
2026-02-23 10:24:25,100.0,97.43589743589743,29.382705783512492
2026-02-23 10:24:40,100.0,97.43589743589743,29.358346560221086
2026-02-23 10:24:55,100.0,97.43589743589743,29.33398733692968
2026-02-23 10:25:10,100.0,97.43589743589743,29.309628113638276
2026-02-23 10:25:25,100.0,97.43589743589743,29.285268890346867
2026-02-23 10:25:40,100.0,97.43589743589743,29.26090966705546
2026-02-23 10:25:55,100.0,97.43589743589743,29.236550443764052
2026-02-23 10:26:10,100.0,97.43589743589743,29.212191220472647
2026-02-23 10:26:25,100.0,97.43589743589743,29.18783199718124
2026-02-23 10:26:40,100.0,97.43589743589743,29.163472773889836
2026-02-23 10:26:55,100.0,97.43589743589743,29.139113550598427
2026-02-23 10:27:10,100.0,97.43589743589743,29.114754327307022
2026-02-23 10:27:25,100.0,97.43589743589743,29.090395104015613
2026-02-23 10:27:40,100.0,97.43589743589743,29.066035880724208
2026-02-23 10:27:55,87.5,97.43589743589743,29.041676657432802
2026-02-23 10:28:10,87.5,97.43589743589743,29.017317434141397
2026-02-23 10:28:25,87.5,97.34513274336283,28.992958210849988
2026-02-23 10:28:40,87.5,97.34513274336283,28.968598987558583
2026-02-23 10:28:55,87.5,97.34513274336283,28.944239764267174
2026-02-23 10:29:10,100.0,97.34513274336283,28.919880540975768
2026-02-23 10:29:25,100.0,97.34513274336283,28.895521317684363
2026-02-23 10:29:40,100.0,97.34513274336283,28.871162094392954
2026-02-23 10:29:55,100.0,97.34513274336283,28.84680287110155
2026-02-23 10:30:10,100.0,97.34513274336283,28.822443647810143
2026-02-23 10:30:25,100.0,97.34513274336283,28.798084424518734
2026-02-23 10:30:40,100.0,97.34513274336283,28.77372520122733
2026-02-23 10:30:55,100.0,97.34513274336283,28.749365977935923
2026-02-23 10:31:10,100.0,97.34513274336283,28.725006754644514
2026-02-23 10:31:25,100.0,97.34513274336283,28.70064753135311
2026-02-23 10:31:40,100.0,97.34513274336283,28.676288308061704
2026-02-23 10:31:55,100.0,97.34513274336283,28.651929084770295
2026-02-23 10:32:10,100.0,97.34513274336283,28.62756986147889
2026-02-23 10:32:25,100.0,97.34513274336283,28.603210638187484
2026-02-23 10:32:40,100.0,97.34513274336283,28.578851414896075
2026-02-23 10:32:55,100.0,97.34513274336283,28.55449219160467
2026-02-23 10:33:10,100.0,97.34513274336283,28.530132968313264
2026-02-23 10:33:25,100.0,97.34513274336283,28.505773745021855
2026-02-23 10:33:40,100.0,97.34513274336283,28.48141452173045
2026-02-23 10:33:55,100.0,97.34513274336283,28.457055298439045
2026-02-23 10:34:10,100.0,97.34513274336283,28.432696075147636
2026-02-23 10:34:25,100.0,97.34513274336283,28.40833685185623
2026-02-23 10:34:40,100.0,97.34513274336283,28.383977628564825
2026-02-23 10:34:55,100.0,97.34513274336283,28.359618405273416
2026-02-23 10:35:10,87.5,97.34513274336283,28.33525918198201
2026-02-23 10:35:25,100.0,97.34513274336283,28.310899958690605
2026-02-23 10:35:40,87.5,97.34513274336283,28.286540735399196
2026-02-23 10:35:55,87.5,97.34513274336283,28.26218151210779
2026-02-23 10:36:10,87.5,97.34513274336283,28.237822288816385
2026-02-23 10:36:25,87.5,96.46017699115043,28.213463065524977
2026-02-23 10:36:40,87.5,95.57522123893806,28.18910384223357
2026-02-23 10:36:55,87.5,94.69026548672566,28.164744618942166
2026-02-23 10:37:10,87.5,93.80530973451327,28.140385395650757
2026-02-23 10:37:25,87.5,93.80530973451327,28.11602617235935
2026-02-23 10:37:40,87.5,93.80530973451327,28.091666949067942
2026-02-23 10:37:55,87.5,93.80530973451327,28.067307725776537
2026-02-23 10:38:10,87.5,92.92035398230088,28.04294850248513
2026-02-23 10:38:25,87.5,92.03539823008849,28.018589279193726
2026-02-23 10:38:40,87.5,92.66055045871559,27.994230055902317
2026-02-23 10:38:55,87.5,91.74311926605505,27.969870832610912
2026-02-23 10:39:10,87.5,90.82568807339449,27.945511609319503
2026-02-23 10:39:25,87.5,89.90825688073394,27.921152386028098
2026-02-23 10:39:40,87.5,88.9908256880734,27.896793162736692
2026-02-23 10:39:55,87.5,88.07339449541286,27.872433939445287
2026-02-23 10:40:10,87.5,87.1559633027523,27.848074716153878
2026-02-23 10:40:25,87.5,86.23853211009175,27.823715492862473
2026-02-23 10:40:40,87.5,85.3211009174312,27.799356269571064
2026-02-23 10:40:55,87.5,84.40366972477065,27.77499704627966
2026-02-23 10:41:10,87.5,83.4862385321101,27.750637822988253
2026-02-23 10:41:25,87.5,82.56880733944955,27.726278599696847
2026-02-23 10:41:40,87.5,81.65137614678899,27.70191937640544
2026-02-23 10:41:55,87.5,80.73394495412845,27.677560153114033
2026-02-23 10:42:10,87.5,79.81651376146789,27.653200929822624
2026-02-23 10:42:25,87.5,78.89908256880734,27.62884170653122
2026-02-23 10:42:40,87.5,77.98165137614679,27.604482483239813
2026-02-23 10:42:55,87.5,77.06422018348624,27.580123259948408
2026-02-23 10:43:10,87.5,76.14678899082568,27.555764036657
2026-02-23 10:43:25,87.5,76.14678899082568,27.531404813365594
2026-02-23 10:43:40,87.5,75.22935779816514,27.507045590074185
2026-02-23 10:43:55,87.5,74.31192660550458,27.48268636678278
2026-02-23 10:44:10,87.5,73.39449541284404,27.458327143491374
2026-02-23 10:44:25,100.0,72.47706422018348,27.43396792019997
2026-02-23 10:44:40,100.0,71.55963302752293,27.40960869690856
2026-02-23 10:44:55,100.0,70.64220183486239,27.385249473617154
2026-02-23 10:45:10,100.0,69.72477064220183,27.360890250325745
2026-02-23 10:45:25,100.0,68.80733944954129,27.33653102703434
2026-02-23 10:45:40,100.0,67.88990825688074,27.312171803742935
2026-02-23 10:45:55,100.0,66.97247706422019,27.287812580451526
2026-02-23 10:46:10,100.0,66.05504587155964,27.26345335716012
2026-02-23 10:46:25,100.0,65.13761467889908,27.239094133868715
2026-02-23 10:46:40,100.0,64.22018348623854,27.214734910577306
2026-02-23 10:46:55,100.0,63.30275229357798,27.1903756872859
2026-02-23 10:47:10,100.0,62.38532110091744,27.166016463994495
2026-02-23 10:47:25,100.0,61.46788990825688,27.141657240703086
2026-02-23 10:47:40,100.0,60.550458715596335,27.11729801741168
2026-02-23 10:47:55,100.0,59.63302752293578,27.092938794120276
2026-02-23 10:48:10,100.0,58.71559633027523,27.068579570828867
2026-02-23 10:48:25,100.0,57.798165137614674,27.04422034753746
2026-02-23 10:48:40,100.0,56.88073394495413,27.019861124246056
2026-02-23 10:48:55,100.0,56.19047619047619,26.995501900954647
2026-02-23 10:49:10,100.0,55.23809523809524,26.97114267766324
2026-02-23 10:49:25,100.0,54.285714285714285,26.946783454371833
2026-02-23 10:49:40,100.0,53.333333333333336,26.922424231080427
2026-02-23 10:49:55,100.0,52.38095238095239,26.89806500778902
2026-02-23 10:50:10,100.0,51.42857142857142,26.873705784497616
2026-02-23 10:50:25,100.0,50.476190476190474,26.849346561206207
2026-02-23 10:50:40,100.0,49.523809523809526,26.824987337914802
2026-02-23 10:50:55,100.0,49.523809523809526,26.800628114623393
2026-02-23 10:51:10,100.0,49.523809523809526,26.776268891331988
2026-02-23 10:51:25,100.0,49.523809523809526,26.751909668040582
2026-02-23 10:51:40,100.0,48.57142857142857,26.727550444749177
2026-02-23 10:51:55,100.0,47.61904761904761,26.703191221457768
2026-02-23 10:52:10,100.0,46.666666666666664,26.678831998166363
2026-02-23 10:52:25,100.0,45.714285714285715,26.654472774874954
2026-02-23 10:52:40,87.5,44.761904761904766,26.63011355158355
2026-02-23 10:52:55,87.5,43.80952380952381,26.605754328292143
2026-02-23 10:53:10,87.5,42.857142857142854,26.581395105000738
2026-02-23 10:53:25,87.5,41.904761904761905,26.55703588170933
2026-02-23 10:53:40,87.5,40.95238095238095,26.532676658417923
2026-02-23 10:53:55,87.5,40.0,26.508317435126514
2026-02-23 10:54:10,87.5,39.04761904761905,26.48395821183511
2026-02-23 10:54:25,87.5,38.095238095238095,26.459598988543704
2026-02-23 10:54:40,87.5,37.142857142857146,26.435239765252298
2026-02-23 10:54:55,87.5,36.19047619047619,26.41088054196089
2026-02-23 10:55:10,87.5,35.23809523809524,26.386521318669484
2026-02-23 10:55:25,87.5,34.285714285714285,26.362162095378075
2026-02-23 10:55:40,87.5,33.33333333333333,26.33780287208667
2026-02-23 10:55:55,87.5,32.38095238095238,26.313443648795264
2026-02-23 10:56:10,87.5,31.428571428571427,26.28908442550386
2026-02-23 10:56:25,87.5,30.476190476190478,26.26472520221245
2026-02-23 10:56:40,87.5,29.523809523809526,26.240365978921044
2026-02-23 10:56:55,87.5,28.57142857142857,26.216006755629635
2026-02-23 10:57:10,75.0,27.61904761904762,26.19164753233823
2026-02-23 10:57:25,75.0,26.666666666666668,26.167288309046825
2026-02-23 10:57:40,75.0,25.71428571428571,26.14292908575542
2026-02-23 10:57:55,75.0,24.761904761904763,26.11856986246401
2026-02-23 10:58:10,75.0,23.809523809523807,26.094210639172605
2026-02-23 10:58:25,75.0,22.857142857142858,26.069851415881196
2026-02-23 10:58:40,75.0,21.904761904761905,26.04549219258979
2026-02-23 10:58:55,75.0,20.952380952380953,26.021132969298385
2026-02-23 10:59:10,75.0,18.81188118811881,25.996773746006976
2026-02-23 10:59:25,75.0,17.82178217821782,25.97241452271557
2026-02-23 10:59:40,75.0,16.831683168316832,25.948055299424166
2026-02-23 10:59:55,75.0,15.841584158415841,25.923696076132757
2026-02-23 11:00:10,75.0,14.85148514851485,25.89933685284135
2026-02-23 11:00:25,75.0,13.861386138613863,25.874977629549946
2026-02-23 11:00:40,75.0,12.871287128712872,25.850618406258537
2026-02-23 11:00:55,75.0,11.881188118811881,25.82625918296713
2026-02-23 11:01:10,75.0,10.891089108910892,25.801899959675726
2026-02-23 11:01:25,75.0,9.900990099009901,25.777540736384317
2026-02-23 11:01:40,75.0,9.900990099009901,25.753181513092912
2026-02-23 11:01:55,75.0,9.900990099009901,25.728822289801506
2026-02-23 11:02:10,75.0,9.900990099009901,25.704463066510097
2026-02-23 11:02:25,75.0,9.900990099009901,25.680103843218692
2026-02-23 11:02:40,62.5,9.900990099009901,25.655744619927283
2026-02-23 11:02:55,62.5,8.91089108910891,25.631385396635878
2026-02-23 11:03:10,62.5,8.91089108910891,25.607026173344472
2026-02-23 11:03:25,62.5,8.91089108910891,25.582666950053067
2026-02-23 11:03:40,62.5,8.91089108910891,25.558307726761658
2026-02-23 11:03:55,62.5,8.91089108910891,25.533948503470253
2026-02-23 11:04:10,62.5,7.920792079207921,25.509589280178844
2026-02-23 11:04:25,62.5,6.9306930693069315,25.48523005688744
2026-02-23 11:04:40,62.5,5.9405940594059405,25.460870833596033
2026-02-23 11:04:55,62.5,5.9405940594059405,25.436511610304628
2026-02-23 11:05:10,62.5,5.9405940594059405,25.41215238701322
2026-02-23 11:05:25,62.5,5.9405940594059405,25.387793163721813
2026-02-23 11:05:40,62.5,6.9306930693069315,25.363433940430404
2026-02-23 11:05:55,62.5,6.9306930693069315,25.339074717139
2026-02-23 11:06:10,62.5,7.920792079207921,25.314715493847594
2026-02-23 11:06:25,62.5,8.91089108910891,25.290356270556188
2026-02-23 11:06:40,50.0,9.900990099009901,25.26599704726478
2026-02-23 11:06:55,50.0,10.891089108910892,25.241637823973374
2026-02-23 11:07:10,50.0,11.881188118811881,25.217278600681965
2026-02-23 11:07:25,50.0,12.871287128712872,25.19291937739056
2026-02-23 11:07:40,50.0,13.861386138613863,25.168560154099154
2026-02-23 11:07:55,50.0,14.85148514851485,25.14420093080775
2026-02-23 11:08:10,50.0,15.841584158415841,25.11984170751634
2026-02-23 11:08:25,50.0,16.831683168316832,25.095482484224934
2026-02-23 11:08:40,50.0,17.82178217821782,25.071123260933526
2026-02-23 11:08:55,50.0,18.81188118811881,25.04676403764212
2026-02-23 11:09:10,50.0,19.801980198019802,25.022404814350715
2026-02-23 11:09:25,50.0,18.556701030927837,24.99804559105931
2026-02-23 11:09:40,50.0,19.587628865979383,24.9736863677679
2026-02-23 11:09:55,50.0,20.618556701030926,24.949327144476495
2026-02-23 11:10:10,50.0,21.649484536082475,24.924967921185086
2026-02-23 11:10:25,50.0,22.68041237113402,24.90060869789368
2026-02-23 11:10:40,50.0,23.711340206185564,24.876249474602275
2026-02-23 11:10:55,50.0,24.742268041237114,24.85189025131087
2026-02-23 11:11:10,50.0,25.773195876288657,24.82753102801946
2026-02-23 11:11:25,37.5,26.804123711340207,24.803171804728056
2026-02-23 11:11:40,37.5,27.835051546391753,24.778812581436647
2026-02-23 11:11:55,37.5,28.865979381443296,24.75445335814524
2026-02-23 11:12:10,37.5,29.896907216494846,24.730094134853836
2026-02-23 11:12:25,37.5,30.927835051546392,24.70573491156243
2026-02-23 11:12:40,37.5,31.958762886597935,24.68137568827102
2026-02-23 11:12:55,37.5,32.98969072164948,24.657016464979616
2026-02-23 11:13:10,37.5,34.02061855670103,24.632657241688207
2026-02-23 11:13:25,37.5,35.051546391752574,24.608298018396802
2026-02-23 11:13:40,37.5,36.08247422680412,24.583938795105396
2026-02-23 11:13:55,37.5,37.11340206185567,24.559579571813988
2026-02-23 11:14:10,37.5,38.144329896907216,24.535220348522582
2026-02-23 11:14:25,37.5,39.175257731958766,24.510861125231177
2026-02-23 11:14:40,37.5,40.20618556701031,24.486501901939768
2026-02-23 11:14:55,37.5,41.23711340206185,24.462142678648362
2026-02-23 11:15:10,37.5,41.23711340206185,24.437783455356957
2026-02-23 11:15:25,37.5,41.23711340206185,24.413424232065548
2026-02-23 11:15:40,37.5,41.23711340206185,24.389065008774143
2026-02-23 11:15:55,37.5,41.23711340206185,24.364705785482737
2026-02-23 11:16:10,37.5,41.23711340206185,24.34034656219133
2026-02-23 11:16:25,37.5,41.23711340206185,24.315987338899923
2026-02-23 11:16:40,37.5,42.2680412371134,24.291628115608518
2026-02-23 11:16:55,37.5,42.2680412371134,24.26726889231711
2026-02-23 11:17:10,37.5,42.2680412371134,24.242909669025703
2026-02-23 11:17:25,37.5,42.2680412371134,24.218550445734294
2026-02-23 11:17:40,37.5,42.2680412371134,24.19419122244289
2026-02-23 11:17:55,37.5,42.2680412371134,24.169831999151484
2026-02-23 11:18:10,37.5,42.2680412371134,24.14547277586008
2026-02-23 11:18:25,37.5,43.29896907216495,24.12111355256867
2026-02-23 11:18:40,37.5,44.329896907216494,24.096754329277264
2026-02-23 11:18:55,37.5,45.36082474226804,24.072395105985855
2026-02-23 11:19:10,37.5,46.391752577319586,24.04803588269445
2026-02-23 11:19:25,37.5,47.42268041237113,24.023676659403044
2026-02-23 11:19:40,37.5,48.38709677419355,23.99931743611164
2026-02-23 11:19:55,37.5,49.46236559139785,23.97495821282023
2026-02-23 11:20:10,37.5,50.53763440860215,23.950598989528824
2026-02-23 11:20:25,37.5,51.61290322580645,23.926239766237416
2026-02-23 11:20:40,37.5,51.61290322580645,23.90188054294601
2026-02-23 11:20:55,50.0,51.61290322580645,23.877521319654605
2026-02-23 11:21:10,50.0,51.61290322580645,23.8531620963632
2026-02-23 11:21:25,50.0,51.61290322580645,23.82880287307179
2026-02-23 11:21:40,50.0,51.61290322580645,23.804443649780385
2026-02-23 11:21:55,50.0,51.61290322580645,23.780084426488976
2026-02-23 11:22:10,50.0,51.61290322580645,23.75572520319757
2026-02-23 11:22:25,50.0,52.68817204301075,23.731365979906165
2026-02-23 11:22:40,50.0,53.76344086021505,23.70700675661476
2026-02-23 11:22:55,50.0,53.76344086021505,23.68264753332335
2026-02-23 11:23:10,50.0,53.76344086021505,23.658288310031946
2026-02-23 11:23:25,50.0,54.83870967741935,23.633929086740537
2026-02-23 11:23:40,50.0,54.83870967741935,23.60956986344913
2026-02-23 11:23:55,50.0,54.83870967741935,23.585210640157726
2026-02-23 11:24:10,50.0,54.83870967741935,23.56085141686632
2026-02-23 11:24:25,50.0,54.83870967741935,23.53649219357491
2026-02-23 11:24:40,50.0,54.83870967741935,23.512132970283506
2026-02-23 11:24:55,62.5,54.83870967741935,23.487773746992097
2026-02-23 11:25:10,62.5,54.83870967741935,23.463414523700692
2026-02-23 11:25:25,62.5,54.83870967741935,23.439055300409287
2026-02-23 11:25:40,62.5,55.91397849462365,23.41469607711788
2026-02-23 11:25:55,62.5,55.91397849462365,23.390336853826472
2026-02-23 11:26:10,62.5,54.83870967741935,23.365977630535063
2026-02-23 11:26:25,62.5,53.76344086021505,23.341618407243658
2026-02-23 11:26:40,62.5,52.68817204301075,23.317259183952252
2026-02-23 11:26:55,62.5,51.61290322580645,23.292899960660847
2026-02-23 11:27:10,62.5,51.61290322580645,23.26854073736944
2026-02-23 11:27:25,62.5,51.61290322580645,23.244181514078033
2026-02-23 11:27:40,62.5,51.61290322580645,23.219822290786624
2026-02-23 11:27:55,62.5,51.61290322580645,23.19546306749522
2026-02-23 11:28:10,62.5,51.61290322580645,23.171103844203813
2026-02-23 11:28:25,62.5,51.61290322580645,23.146744620912408
2026-02-23 11:28:40,62.5,51.61290322580645,23.122385397621002
2026-02-23 11:28:55,62.5,51.61290322580645,23.098026174329593
2026-02-23 11:29:10,62.5,51.61290322580645,23.073666951038184
2026-02-23 11:29:25,62.5,51.61290322580645,23.04930772774678
2026-02-23 11:29:40,62.5,51.61290322580645,23.024948504455374
2026-02-23 11:29:55,62.5,50.53763440860215,23.00058928116397
2026-02-23 11:30:10,62.5,50.56179775280899,22.976230057872563
2026-02-23 11:30:25,62.5,49.43820224719101,22.951870834581154
2026-02-23 11:30:40,62.5,48.31460674157304,22.927511611289745
2026-02-23 11:30:55,62.5,47.19101123595505,22.90315238799834
2026-02-23 11:31:10,62.5,46.06741573033708,22.878793164706934
2026-02-23 11:31:25,62.5,44.9438202247191,22.85443394141553
2026-02-23 11:31:40,62.5,43.82022471910113,22.830074718124123
2026-02-23 11:31:55,62.5,43.82022471910113,22.805715494832715
2026-02-23 11:32:10,62.5,43.82022471910113,22.781356271541306
2026-02-23 11:32:25,62.5,42.69662921348314,22.7569970482499
2026-02-23 11:32:40,62.5,41.57303370786517,22.732637824958495
2026-02-23 11:32:55,62.5,40.44943820224719,22.70827860166709
2026-02-23 11:33:10,62.5,39.325842696629216,22.68391937837568
2026-02-23 11:33:25,62.5,38.20224719101123,22.659560155084275
2026-02-23 11:33:40,62.5,37.07865168539326,22.635200931792866
2026-02-23 11:33:55,62.5,37.07865168539326,22.61084170850146
2026-02-23 11:34:10,62.5,37.07865168539326,22.586482485210055
2026-02-23 11:34:25,62.5,35.95505617977528,22.56212326191865
2026-02-23 11:34:40,62.5,34.831460674157306,22.53776403862724
2026-02-23 11:34:55,62.5,33.70786516853933,22.513404815335836
2026-02-23 11:35:10,62.5,32.58426966292135,22.489045592044427
2026-02-23 11:35:25,62.5,31.46067415730337,22.46468636875302
2026-02-23 11:35:40,62.5,30.337078651685395,22.440327145461616
2026-02-23 11:35:55,62.5,30.337078651685395,22.41596792217021
2026-02-23 11:36:10,62.5,30.337078651685395,22.3916086988788
2026-02-23 11:36:25,62.5,30.337078651685395,22.367249475587396
2026-02-23 11:36:40,62.5,30.337078651685395,22.342890252295987
2026-02-23 11:36:55,62.5,29.213483146067414,22.318531029004582
2026-02-23 11:37:10,62.5,28.08988764044944,22.294171805713177
2026-02-23 11:37:25,62.5,28.08988764044944,22.26981258242177
2026-02-23 11:37:40,62.5,28.08988764044944,22.245453359130362
2026-02-23 11:37:55,62.5,28.08988764044944,22.221094135838957
2026-02-23 11:38:10,50.0,28.08988764044944,22.196734912547548
2026-02-23 11:38:25,50.0,29.213483146067414,22.172375689256143
2026-02-23 11:38:40,50.0,30.337078651685395,22.148016465964737
2026-02-23 11:38:55,50.0,31.46067415730337,22.123657242673332
2026-02-23 11:39:10,50.0,31.46067415730337,22.099298019381923
2026-02-23 11:39:25,50.0,31.46067415730337,22.074938796090514
2026-02-23 11:39:40,50.0,31.46067415730337,22.05057957279911
2026-02-23 11:39:55,50.0,30.337078651685395,22.026220349507703
2026-02-23 11:40:10,50.0,30.337078651685395,22.001861126216298
2026-02-23 11:40:25,50.0,31.76470588235294,21.977501902924892
2026-02-23 11:40:40,50.0,31.76470588235294,21.953142679633483
2026-02-23 11:40:55,50.0,31.76470588235294,21.928783456342074
2026-02-23 11:41:10,50.0,31.76470588235294,21.90442423305067
2026-02-23 11:41:25,50.0,31.76470588235294,21.880065009759264
2026-02-23 11:41:40,50.0,31.76470588235294,21.85570578646786
2026-02-23 11:41:55,50.0,31.76470588235294,21.831346563176453
2026-02-23 11:42:10,50.0,31.76470588235294,21.806987339885044
2026-02-23 11:42:25,50.0,31.76470588235294,21.782628116593635
2026-02-23 11:42:40,50.0,31.76470588235294,21.75826889330223
2026-02-23 11:42:55,50.0,32.94117647058823,21.733909670010824
2026-02-23 11:43:10,50.0,34.11764705882353,21.70955044671942
2026-02-23 11:43:25,50.0,34.11764705882353,21.685191223428014
2026-02-23 11:43:40,50.0,34.11764705882353,21.660832000136605
2026-02-23 11:43:55,37.5,34.11764705882353,21.636472776845196
2026-02-23 11:44:10,37.5,34.11764705882353,21.61211355355379
2026-02-23 11:44:25,37.5,34.11764705882353,21.587754330262385
2026-02-23 11:44:40,37.5,32.94117647058823,21.56339510697098
2026-02-23 11:44:55,50.0,32.94117647058823,21.539035883679574
2026-02-23 11:45:10,50.0,32.94117647058823,21.514676660388165
2026-02-23 11:45:25,50.0,32.94117647058823,21.490317437096756
2026-02-23 11:45:40,50.0,31.76470588235294,21.46595821380535
2026-02-23 11:45:55,50.0,31.76470588235294,21.441598990513945
2026-02-23 11:46:10,50.0,31.76470588235294,21.41723976722254
2026-02-23 11:46:25,50.0,31.76470588235294,21.39288054393113
2026-02-23 11:46:40,50.0,31.76470588235294,21.368521320639726
2026-02-23 11:46:55,50.0,31.76470588235294,21.344162097348317
2026-02-23 11:47:10,50.0,31.76470588235294,21.31980287405691
2026-02-23 11:47:25,50.0,31.76470588235294,21.295443650765506
2026-02-23 11:47:40,50.0,31.76470588235294,21.2710844274741
2026-02-23 11:47:55,50.0,30.58823529411765,21.24672520418269
2026-02-23 11:48:10,50.0,29.411764705882355,21.222365980891286
2026-02-23 11:48:25,50.0,29.411764705882355,21.198006757599877
2026-02-23 11:48:40,50.0,29.411764705882355,21.173647534308472
2026-02-23 11:48:55,50.0,29.411764705882355,21.149288311017067
2026-02-23 11:49:10,50.0,29.411764705882355,21.12492908772566
2026-02-23 11:49:25,50.0,29.411764705882355,21.100569864434252
2026-02-23 11:49:40,50.0,29.411764705882355,21.076210641142847
2026-02-23 11:49:55,62.5,29.411764705882355,21.051851417851438
2026-02-23 11:50:10,62.5,29.411764705882355,21.027492194560033
2026-02-23 11:50:25,62.5,29.411764705882355,21.003132971268627
2026-02-23 11:50:40,62.5,30.864197530864196,20.978773747977222
2026-02-23 11:50:55,62.5,30.864197530864196,20.954414524685813
2026-02-23 11:51:10,50.0,30.864197530864196,20.930055301394408
2026-02-23 11:51:25,50.0,30.864197530864196,20.905696078103
2026-02-23 11:51:40,62.5,30.864197530864196,20.881336854811593
2026-02-23 11:51:55,62.5,30.864197530864196,20.856977631520188
2026-02-23 11:52:10,62.5,30.864197530864196,20.832618408228782
2026-02-23 11:52:25,62.5,30.864197530864196,20.808259184937373
2026-02-23 11:52:40,62.5,30.864197530864196,20.783899961645968
2026-02-23 11:52:55,62.5,30.864197530864196,20.75954073835456
2026-02-23 11:53:10,62.5,29.629629629629626,20.735181515063154
2026-02-23 11:53:25,62.5,28.39506172839506,20.71082229177175
2026-02-23 11:53:40,62.5,28.39506172839506,20.686463068480343
2026-02-23 11:53:55,62.5,28.39506172839506,20.662103845188934
2026-02-23 11:54:10,62.5,28.39506172839506,20.637744621897525
2026-02-23 11:54:25,62.5,28.39506172839506,20.61338539860612
2026-02-23 11:54:40,62.5,28.39506172839506,20.589026175314714
2026-02-23 11:54:55,62.5,28.39506172839506,20.56466695202331
2026-02-23 11:55:10,62.5,27.160493827160494,20.540307728731904
2026-02-23 11:55:25,62.5,25.925925925925924,20.515948505440495
2026-02-23 11:55:40,62.5,25.925925925925924,20.491589282149086
2026-02-23 11:55:55,62.5,25.925925925925924,20.46723005885768
2026-02-23 11:56:10,62.5,25.925925925925924,20.442870835566275
2026-02-23 11:56:25,62.5,25.925925925925924,20.41851161227487
2026-02-23 11:56:40,62.5,25.925925925925924,20.394152388983464
2026-02-23 11:56:55,50.0,25.925925925925924,20.369793165692055
2026-02-23 11:57:10,50.0,24.691358024691358,20.345433942400646
2026-02-23 11:57:25,50.0,23.456790123456788,20.32107471910924
2026-02-23 11:57:40,50.0,22.22222222222222,20.296715495817836
2026-02-23 11:57:55,50.0,20.98765432098765,20.27235627252643
2026-02-23 11:58:10,50.0,20.98765432098765,20.247997049235025
2026-02-23 11:58:25,50.0,20.98765432098765,20.223637825943616
2026-02-23 11:58:40,50.0,19.753086419753085,20.199278602652207
2026-02-23 11:58:55,50.0,18.51851851851852,20.1749193793608
2026-02-23 11:59:10,50.0,17.28395061728395,20.150560156069396
2026-02-23 11:59:25,50.0,16.049382716049383,20.12620093277799
2026-02-23 11:59:40,50.0,14.814814814814813,20.101841709486585
2026-02-23 11:59:55,50.0,13.580246913580247,20.077482486195176
2026-02-23 12:00:10,50.0,12.345679012345679,20.079704936758656
2026-02-23 12:00:25,50.0,13.580246913580247,20.095218224249578
2026-02-23 12:00:40,50.0,13.580246913580247,20.1107315117405
2026-02-23 12:00:55,50.0,13.580246913580247,20.126244799231422
2026-02-23 12:01:10,50.0,13.580246913580247,20.141758086722344
2026-02-23 12:01:25,50.0,14.814814814814813,20.157271374213266
2026-02-23 12:01:40,50.0,16.049382716049383,20.17278466170419
2026-02-23 12:01:55,37.5,14.814814814814813,20.18829794919511
2026-02-23 12:02:10,37.5,13.580246913580247,20.203811236686033
2026-02-23 12:02:25,37.5,12.345679012345679,20.219324524176955
2026-02-23 12:02:40,37.5,11.11111111111111,20.234837811667877
2026-02-23 12:02:55,37.5,9.876543209876543,20.2503510991588
2026-02-23 12:03:10,37.5,8.641975308641975,20.26586438664972
2026-02-23 12:03:25,37.5,7.4074074074074066,20.281377674140646
2026-02-23 12:03:40,37.5,6.172839506172839,20.29689096163157
2026-02-23 12:03:55,37.5,4.938271604938271,20.31240424912249
2026-02-23 12:04:10,37.5,4.938271604938271,20.327917536613413
2026-02-23 12:04:25,37.5,4.938271604938271,20.343430824104335
2026-02-23 12:04:40,37.5,4.938271604938271,20.358944111595257
2026-02-23 12:04:55,37.5,4.938271604938271,20.37445739908618
2026-02-23 12:05:10,37.5,4.938271604938271,20.3899706865771
2026-02-23 12:05:25,37.5,4.938271604938271,20.405483974068023
2026-02-23 12:05:40,37.5,3.7037037037037033,20.420997261558945
2026-02-23 12:05:55,37.5,3.7037037037037033,20.436510549049867
2026-02-23 12:06:10,37.5,3.7037037037037033,20.45202383654079
2026-02-23 12:06:25,37.5,3.7037037037037033,20.46753712403171
2026-02-23 12:06:40,37.5,3.7037037037037033,20.483050411522633
2026-02-23 12:06:55,37.5,3.7037037037037033,20.498563699013555
2026-02-23 12:07:10,37.5,3.7037037037037033,20.514076986504477
2026-02-23 12:07:25,37.5,3.7037037037037033,20.529590273995403
2026-02-23 12:07:40,37.5,3.7037037037037033,20.545103561486325
2026-02-23 12:07:55,37.5,3.7037037037037033,20.560616848977247
2026-02-23 12:08:10,37.5,3.7037037037037033,20.57613013646817
2026-02-23 12:08:25,37.5,3.7037037037037033,20.59164342395909
2026-02-23 12:08:40,25.0,3.7037037037037033,20.607156711450013
2026-02-23 12:08:55,25.0,3.7037037037037033,20.622669998940935
2026-02-23 12:09:10,25.0,3.7037037037037033,20.638183286431858
2026-02-23 12:09:25,25.0,3.7037037037037033,20.65369657392278
2026-02-23 12:09:40,25.0,3.7037037037037033,20.6692098614137
2026-02-23 12:09:55,25.0,3.7037037037037033,20.684723148904624
2026-02-23 12:10:10,25.0,3.7037037037037033,20.700236436395546
2026-02-23 12:10:25,25.0,3.7037037037037033,20.715749723886468
2026-02-23 12:10:40,25.0,3.7037037037037033,20.73126301137739
2026-02-23 12:10:55,25.0,3.7037037037037033,20.746776298868312
2026-02-23 12:11:10,25.0,3.7037037037037033,20.762289586359234
2026-02-23 12:11:25,25.0,3.7037037037037033,20.77780287385016
2026-02-23 12:11:40,25.0,3.7037037037037033,20.79331616134108
2026-02-23 12:11:55,25.0,3.7037037037037033,20.808829448832004
2026-02-23 12:12:10,25.0,3.7037037037037033,20.824342736322926
2026-02-23 12:12:25,25.0,3.7037037037037033,20.839856023813848
2026-02-23 12:12:40,25.0,3.7037037037037033,20.85536931130477
2026-02-23 12:12:55,25.0,3.7037037037037033,20.870882598795692
2026-02-23 12:13:10,25.0,3.7037037037037033,20.886395886286614
2026-02-23 12:13:25,25.0,3.7037037037037033,20.901909173777536
2026-02-23 12:13:40,25.0,3.7037037037037033,20.91742246126846
2026-02-23 12:13:55,25.0,3.7037037037037033,20.93293574875938
2026-02-23 12:14:10,25.0,4.938271604938271,20.948449036250302
2026-02-23 12:14:25,25.0,6.172839506172839,20.963962323741224
2026-02-23 12:14:40,25.0,7.4074074074074066,20.979475611232147
2026-02-23 12:14:55,25.0,8.641975308641975,20.99498889872307
2026-02-23 12:15:10,25.0,10.588235294117647,21.01050218621399
2026-02-23 12:15:25,25.0,10.588235294117647,21.026015473704916
2026-02-23 12:15:40,25.0,11.76470588235294,21.04152876119584
2026-02-23 12:15:55,25.0,12.941176470588237,21.05704204868676
2026-02-23 12:16:10,25.0,14.117647058823529,21.072555336177683
2026-02-23 12:16:25,25.0,15.294117647058824,21.088068623668605
2026-02-23 12:16:40,25.0,16.470588235294116,21.103581911159527
2026-02-23 12:16:55,25.0,17.647058823529413,21.11909519865045
2026-02-23 12:17:10,25.0,18.823529411764707,21.13460848614137
2026-02-23 12:17:25,25.0,20.0,21.150121773632293
2026-02-23 12:17:40,25.0,21.176470588235293,21.165635061123215
2026-02-23 12:17:55,25.0,22.35294117647059,21.181148348614137
2026-02-23 12:18:10,25.0,23.52941176470588,21.19666163610506
2026-02-23 12:18:25,25.0,24.705882352941178,21.21217492359598
2026-02-23 12:18:40,25.0,25.882352941176475,21.227688211086903
2026-02-23 12:18:55,25.0,27.058823529411764,21.243201498577825
2026-02-23 12:19:10,25.0,28.235294117647058,21.25871478606875
2026-02-23 12:19:25,25.0,29.411764705882355,21.274228073559673
2026-02-23 12:19:40,25.0,30.58823529411765,21.289741361050595
2026-02-23 12:19:55,25.0,31.76470588235294,21.305254648541517
2026-02-23 12:20:10,25.0,32.94117647058823,21.32076793603244
2026-02-23 12:20:25,25.0,34.11764705882353,21.33628122352336
2026-02-23 12:20:40,25.0,34.11764705882353,21.351794511014283
2026-02-23 12:20:55,25.0,34.11764705882353,21.367307798505205
2026-02-23 12:21:10,25.0,32.94117647058823,21.382821085996127
2026-02-23 12:21:25,25.0,32.94117647058823,21.39833437348705
2026-02-23 12:21:40,25.0,32.94117647058823,21.41384766097797
2026-02-23 12:21:55,25.0,32.94117647058823,21.429360948468894
2026-02-23 12:22:10,25.0,31.76470588235294,21.444874235959816
2026-02-23 12:22:25,25.0,30.58823529411765,21.460387523450738
2026-02-23 12:22:40,25.0,30.58823529411765,21.47590081094166
2026-02-23 12:22:55,25.0,30.58823529411765,21.491414098432582
2026-02-23 12:23:10,25.0,30.58823529411765,21.506927385923504
2026-02-23 12:23:25,25.0,30.58823529411765,21.52244067341443
2026-02-23 12:23:40,25.0,30.58823529411765,21.53795396090535
2026-02-23 12:23:55,25.0,30.58823529411765,21.553467248396274
2026-02-23 12:24:10,25.0,30.58823529411765,21.568980535887196
2026-02-23 12:24:25,25.0,30.58823529411765,21.584493823378118
2026-02-23 12:24:40,25.0,30.58823529411765,21.60000711086904
2026-02-23 12:24:55,25.0,30.58823529411765,21.615520398359962
2026-02-23 12:25:10,25.0,30.58823529411765,21.631033685850884
2026-02-23 12:25:25,25.0,30.58823529411765,21.646546973341806
2026-02-23 12:25:40,25.0,30.58823529411765,21.662060260832728
2026-02-23 12:25:55,25.0,30.58823529411765,21.67757354832365
2026-02-23 12:26:10,25.0,30.58823529411765,21.693086835814572
2026-02-23 12:26:25,25.0,30.58823529411765,21.708600123305494
2026-02-23 12:26:40,25.0,30.58823529411765,21.724113410796416
2026-02-23 12:26:55,25.0,30.58823529411765,21.73962669828734
2026-02-23 12:27:10,25.0,30.58823529411765,21.755139985778264
2026-02-23 12:27:25,25.0,30.58823529411765,21.770653273269186
2026-02-23 12:27:40,25.0,31.76470588235294,21.78616656076011
2026-02-23 12:27:55,25.0,32.94117647058823,21.80167984825103
2026-02-23 12:28:10,25.0,34.11764705882353,21.817193135741952
2026-02-23 12:28:25,25.0,35.294117647058826,21.832706423232874
2026-02-23 12:28:40,25.0,36.470588235294116,21.848219710723797
2026-02-23 12:28:55,25.0,37.64705882352941,21.86373299821472
2026-02-23 12:29:10,25.0,38.82352941176471,21.87924628570564
2026-02-23 12:29:25,37.5,40.0,21.894759573196563
2026-02-23 12:29:40,37.5,41.17647058823529,21.910272860687485
2026-02-23 12:29:55,37.5,42.35294117647059,21.925786148178407
2026-02-23 12:30:10,37.5,43.529411764705884,21.94129943566933
2026-02-23 12:30:25,37.5,44.70588235294118,21.95681272316025
2026-02-23 12:30:40,37.5,45.88235294117647,21.972326010651173
2026-02-23 12:30:55,37.5,47.05882352941176,21.987839298142095
2026-02-23 12:31:10,37.5,48.31460674157304,22.003352585633017
2026-02-23 12:31:25,37.5,49.43820224719101,22.018865873123943
2026-02-23 12:31:40,37.5,50.56179775280899,22.034379160614865
2026-02-23 12:31:55,37.5,51.68539325842697,22.049892448105787
2026-02-23 12:32:10,37.5,52.80898876404494,22.06540573559671
2026-02-23 12:32:25,37.5,53.93258426966292,22.08091902308763
2026-02-23 12:32:40,37.5,55.0561797752809,22.096432310578553
2026-02-23 12:32:55,37.5,56.17977528089888,22.111945598069475
2026-02-23 12:33:10,37.5,57.30337078651685,22.127458885560397
2026-02-23 12:33:25,37.5,58.42696629213483,22.14297217305132
2026-02-23 12:33:40,37.5,59.55056179775281,22.15848546054224
2026-02-23 12:33:55,37.5,60.67415730337079,22.173998748033164
2026-02-23 12:34:10,37.5,61.79775280898876,22.189512035524086
2026-02-23 12:34:25,37.5,62.92134831460674,22.205025323015008
2026-02-23 12:34:40,37.5,64.04494382022472,22.22053861050593
2026-02-23 12:34:55,37.5,65.1685393258427,22.236051897996852
2026-02-23 12:35:10,37.5,66.29213483146067,22.251565185487777
2026-02-23 12:35:25,37.5,66.29213483146067,22.267078472978696
2026-02-23 12:35:40,37.5,66.29213483146067,22.28259176046962
2026-02-23 12:35:55,25.0,66.29213483146067,22.298105047960544
2026-02-23 12:36:10,25.0,66.29213483146067,22.313618335451466
2026-02-23 12:36:25,25.0,66.29213483146067,22.329131622942388
2026-02-23 12:36:40,25.0,67.41573033707866,22.34464491043331
2026-02-23 12:36:55,25.0,67.41573033707866,22.360158197924232
2026-02-23 12:37:10,25.0,68.53932584269663,22.375671485415154
2026-02-23 12:37:25,25.0,68.53932584269663,22.391184772906076
2026-02-23 12:37:40,25.0,68.53932584269663,22.406698060396998
2026-02-23 12:37:55,25.0,68.53932584269663,22.42221134788792
2026-02-23 12:38:10,25.0,68.53932584269663,22.437724635378842
2026-02-23 12:38:25,25.0,68.53932584269663,22.453237922869764
2026-02-23 12:38:40,25.0,68.53932584269663,22.468751210360686
2026-02-23 12:38:55,37.5,68.53932584269663,22.484264497851612
2026-02-23 12:39:10,37.5,68.53932584269663,22.49977778534253
2026-02-23 12:39:25,37.5,68.53932584269663,22.515291072833456
2026-02-23 12:39:40,37.5,68.53932584269663,22.530804360324378
2026-02-23 12:39:55,37.5,68.53932584269663,22.5463176478153
2026-02-23 12:40:10,37.5,68.53932584269663,22.561830935306222
2026-02-23 12:40:25,37.5,68.53932584269663,22.577344222797144
2026-02-23 12:40:40,37.5,68.53932584269663,22.592857510288066
2026-02-23 12:40:55,37.5,68.53932584269663,22.60837079777899
2026-02-23 12:41:10,37.5,68.53932584269663,22.62388408526991
2026-02-23 12:41:25,37.5,67.41573033707866,22.639397372760833
2026-02-23 12:41:40,50.0,66.29213483146067,22.654910660251755
2026-02-23 12:41:55,50.0,65.1685393258427,22.670423947742677
2026-02-23 12:42:10,50.0,64.04494382022472,22.6859372352336
2026-02-23 12:42:25,50.0,64.04494382022472,22.70145052272452
2026-02-23 12:42:40,50.0,65.1685393258427,22.716963810215443
2026-02-23 12:42:55,50.0,66.29213483146067,22.732477097706365
2026-02-23 12:43:10,50.0,66.29213483146067,22.74799038519729
2026-02-23 12:43:25,50.0,66.29213483146067,22.763503672688213
2026-02-23 12:43:40,50.0,66.29213483146067,22.779016960179135
2026-02-23 12:43:55,50.0,66.29213483146067,22.794530247670057
2026-02-23 12:44:10,62.5,66.29213483146067,22.81004353516098
2026-02-23 12:44:25,62.5,66.29213483146067,22.8255568226519
2026-02-23 12:44:40,62.5,66.29213483146067,22.841070110142823
2026-02-23 12:44:55,62.5,66.29213483146067,22.856583397633745
2026-02-23 12:45:10,62.5,66.29213483146067,22.872096685124667
2026-02-23 12:45:25,62.5,66.29213483146067,22.88760997261559
2026-02-23 12:45:40,62.5,66.29213483146067,22.90312326010651
2026-02-23 12:45:55,62.5,66.29213483146067,22.918636547597433
2026-02-23 12:46:10,62.5,66.29213483146067,22.934149835088355
2026-02-23 12:46:25,62.5,66.29213483146067,22.949663122579278
2026-02-23 12:46:40,62.5,67.41573033707866,22.9651764100702
2026-02-23 12:46:55,62.5,68.53932584269663,22.980689697561125
2026-02-23 12:47:10,62.5,69.66292134831461,22.996202985052044
2026-02-23 12:47:25,62.5,69.89247311827957,23.01171627254297
2026-02-23 12:47:40,62.5,70.96774193548387,23.02722956003389
2026-02-23 12:47:55,75.0,72.04301075268818,23.042742847524813
2026-02-23 12:48:10,62.5,73.11827956989248,23.058256135015736
2026-02-23 12:48:25,75.0,74.19354838709677,23.073769422506658
2026-02-23 12:48:40,75.0,75.26881720430107,23.08928270999758
2026-02-23 12:48:55,75.0,76.34408602150538,23.1047959974885
2026-02-23 12:49:10,75.0,77.41935483870968,23.120309284979424
2026-02-23 12:49:25,75.0,78.49462365591397,23.135822572470346
2026-02-23 12:49:40,75.0,79.56989247311827,23.151335859961268
2026-02-23 12:49:55,75.0,79.56989247311827,23.16684914745219
2026-02-23 12:50:10,75.0,79.56989247311827,23.182362434943112
2026-02-23 12:50:25,75.0,79.56989247311827,23.197875722434034
2026-02-23 12:50:40,75.0,79.56989247311827,23.213389009924956
2026-02-23 12:50:55,75.0,79.56989247311827,23.22890229741588
2026-02-23 12:51:10,75.0,79.56989247311827,23.244415584906804
2026-02-23 12:51:25,75.0,79.56989247311827,23.259928872397726
2026-02-23 12:51:39,75.0,79.56989247311827,23.274407940722586
2026-02-23 12:51:55,75.0,79.56989247311827,23.29095544737957
2026-02-23 12:52:10,75.0,79.56989247311827,23.306468734870492
2026-02-23 12:52:25,75.0,79.56989247311827,23.321982022361414
2026-02-23 12:52:40,75.0,79.56989247311827,23.337495309852336
2026-02-23 12:52:55,75.0,79.56989247311827,23.35300859734326
2026-02-23 12:53:10,75.0,79.56989247311827,23.36852188483418
2026-02-23 12:53:25,75.0,79.56989247311827,23.384035172325103
2026-02-23 12:53:40,75.0,79.56989247311827,23.399548459816025
2026-02-23 12:53:55,75.0,79.56989247311827,23.415061747306947
2026-02-23 12:54:10,75.0,79.56989247311827,23.43057503479787
2026-02-23 12:54:25,62.5,79.56989247311827,23.44608832228879
2026-02-23 12:54:40,62.5,79.56989247311827,23.461601609779713
2026-02-23 12:54:55,62.5,79.56989247311827,23.47711489727064
2026-02-23 12:55:10,62.5,79.56989247311827,23.492628184761557
2026-02-23 12:55:25,62.5,79.56989247311827,23.508141472252483
2026-02-23 12:55:40,62.5,79.56989247311827,23.523654759743405
2026-02-23 12:55:55,62.5,79.56989247311827,23.539168047234327
2026-02-23 12:56:10,62.5,79.56989247311827,23.55468133472525
2026-02-23 12:56:24,62.5,78.49462365591397,23.56916040305011
2026-02-23 12:56:40,62.5,77.41935483870968,23.585707909707093
2026-02-23 12:56:55,62.5,77.41935483870968,23.601221197198015
2026-02-23 12:57:09,62.5,77.41935483870968,23.615700265522875
2026-02-23 12:57:25,62.5,77.41935483870968,23.63224777217986
2026-02-23 12:57:40,62.5,77.41935483870968,23.64776105967078
2026-02-23 12:57:54,62.5,77.17391304347827,23.66224012799564
2026-02-23 12:58:10,62.5,76.34408602150538,23.678787634652625
2026-02-23 12:58:24,62.5,75.26881720430107,23.69326670297749
2026-02-23 12:58:40,62.5,74.19354838709677,23.70981420963447
2026-02-23 12:58:55,62.5,73.11827956989248,23.72532749712539
2026-02-23 12:59:10,62.5,72.04301075268818,23.740840784616317
2026-02-23 12:59:24,62.5,70.96774193548387,23.755319852941177
2026-02-23 12:59:40,75.0,70.96774193548387,23.77186735959816
2026-02-23 12:59:54,75.0,70.96774193548387,23.78634642792302
2026-02-23 13:00:09,75.0,70.96774193548387,23.801859715413944
2026-02-23 13:00:25,75.0,70.96774193548387,23.818407222070928
2026-02-23 13:00:40,75.0,70.96774193548387,23.83392050956185
2026-02-23 13:00:54,75.0,69.89247311827957,23.84839957788671
2026-02-23 13:01:10,75.0,68.81720430107528,23.864947084543694
2026-02-23 13:01:25,75.0,67.74193548387096,23.880460372034616
2026-02-23 13:01:40,75.0,67.74193548387096,23.895973659525538
2026-02-23 13:01:54,75.0,67.74193548387096,23.910452727850398
2026-02-23 13:02:09,75.0,66.66666666666666,23.92596601534132
2026-02-23 13:02:25,75.0,65.59139784946237,23.942513521998304
2026-02-23 13:02:39,75.0,65.59139784946237,23.956992590323168
2026-02-23 13:02:55,75.0,65.59139784946237,23.97354009698015
2026-02-23 13:03:09,75.0,65.59139784946237,23.988019165305012
2026-02-23 13:03:25,75.0,67.0103092783505,24.004566671961996
2026-02-23 13:03:39,75.0,67.0103092783505,24.019045740286856
2026-02-23 13:03:55,75.0,67.0103092783505,24.03559324694384
2026-02-23 13:04:09,75.0,67.0103092783505,24.0500723152687
2026-02-23 13:04:24,75.0,67.0103092783505,24.065585602759622
2026-02-23 13:04:40,75.0,68.04123711340206,24.082133109416606
2026-02-23 13:04:54,87.5,69.0721649484536,24.096612177741466
2026-02-23 13:05:10,75.0,70.10309278350515,24.11315968439845
2026-02-23 13:05:24,75.0,71.1340206185567,24.12763875272331
2026-02-23 13:05:39,87.5,72.16494845360825,24.143152040214233
2026-02-23 13:05:54,87.5,72.16494845360825,24.158665327705155
2026-02-23 13:06:09,87.5,72.16494845360825,24.174178615196077
2026-02-23 13:06:25,87.5,73.19587628865979,24.19072612185306
2026-02-23 13:06:39,87.5,74.22680412371135,24.20520519017792
2026-02-23 13:06:54,87.5,75.25773195876289,24.220718477668846
2026-02-23 13:07:09,87.5,76.28865979381443,24.23623176515977
2026-02-23 13:07:24,87.5,77.31958762886599,24.25174505265069
2026-02-23 13:07:39,87.5,77.31958762886599,24.267258340141613
2026-02-23 13:07:54,87.5,77.31958762886599,24.282771627632535
2026-02-23 13:08:09,87.5,77.31958762886599,24.298284915123457
2026-02-23 13:08:24,87.5,78.35051546391753,24.31379820261438
2026-02-23 13:08:39,87.5,79.38144329896907,24.3293114901053
2026-02-23 13:08:54,87.5,80.41237113402062,24.344824777596223
2026-02-23 13:09:09,87.5,81.44329896907216,24.360338065087145
2026-02-23 13:09:25,87.5,82.4742268041237,24.37688557174413
2026-02-23 13:09:39,87.5,83.50515463917526,24.39136464006899
2026-02-23 13:09:54,87.5,83.50515463917526,24.40687792755991
2026-02-23 13:10:09,87.5,83.50515463917526,24.422391215050837
2026-02-23 13:10:24,87.5,83.50515463917526,24.437904502541755
2026-02-23 13:10:39,87.5,83.50515463917526,24.45341779003268
2026-02-23 13:10:54,87.5,83.50515463917526,24.4689310775236
2026-02-23 13:11:09,87.5,83.50515463917526,24.484444365014525
2026-02-23 13:11:24,87.5,83.50515463917526,24.499957652505447
2026-02-23 13:11:39,87.5,83.50515463917526,24.51547093999637
2026-02-23 13:11:55,87.5,83.33333333333334,24.532018446653353
2026-02-23 13:12:09,87.5,83.50515463917526,24.546497514978213
2026-02-23 13:12:24,87.5,83.50515463917526,24.562010802469135
2026-02-23 13:12:39,87.5,83.50515463917526,24.577524089960058
2026-02-23 13:12:54,87.5,83.50515463917526,24.59303737745098
2026-02-23 13:13:09,87.5,83.50515463917526,24.6085506649419
2026-02-23 13:13:24,87.5,83.50515463917526,24.624063952432824
2026-02-23 13:13:39,75.0,83.50515463917526,24.639577239923746
2026-02-23 13:13:54,75.0,83.50515463917526,24.655090527414668
2026-02-23 13:14:09,75.0,83.50515463917526,24.67060381490559
2026-02-23 13:14:24,75.0,83.50515463917526,24.686117102396516
2026-02-23 13:14:39,87.5,83.50515463917526,24.701630389887434
2026-02-23 13:14:54,87.5,83.50515463917526,24.71714367737836
2026-02-23 13:15:09,87.5,83.50515463917526,24.732656964869282
2026-02-23 13:15:24,87.5,83.50515463917526,24.748170252360204
2026-02-23 13:15:39,87.5,83.50515463917526,24.763683539851126
2026-02-23 13:15:54,87.5,83.50515463917526,24.779196827342048
2026-02-23 13:16:09,87.5,83.50515463917526,24.79471011483297
2026-02-23 13:16:24,87.5,83.50515463917526,24.810223402323892
2026-02-23 13:16:39,87.5,83.50515463917526,24.825736689814814
2026-02-23 13:16:54,87.5,83.50515463917526,24.841249977305736
2026-02-23 13:17:09,87.5,83.50515463917526,24.85676326479666
2026-02-23 13:17:24,87.5,83.50515463917526,24.87227655228758
2026-02-23 13:17:39,87.5,83.50515463917526,24.887789839778502
2026-02-23 13:17:54,87.5,83.50515463917526,24.903303127269425
2026-02-23 13:18:09,87.5,83.50515463917526,24.91881641476035
2026-02-23 13:18:24,87.5,82.4742268041237,24.93432970225127
2026-02-23 13:18:39,87.5,81.44329896907216,24.949842989742194
2026-02-23 13:18:54,87.5,80.41237113402062,24.965356277233113
2026-02-23 13:19:09,87.5,79.38144329896907,24.98086956472404
2026-02-23 13:19:24,87.5,78.35051546391753,24.99638285221496
2026-02-23 13:19:39,87.5,76.23762376237624,25.011896139705883
2026-02-23 13:19:54,87.5,75.24752475247524,25.027409427196805
2026-02-23 13:20:09,87.5,74.25742574257426,25.042922714687727
2026-02-23 13:20:24,87.5,73.26732673267327,25.05843600217865
2026-02-23 13:20:39,87.5,73.26732673267327,25.07394928966957
2026-02-23 13:20:54,87.5,73.26732673267327,25.089462577160493
2026-02-23 13:21:09,87.5,72.27722772277228,25.104975864651415
2026-02-23 13:21:24,87.5,71.28712871287128,25.120489152142337
2026-02-23 13:21:39,87.5,70.29702970297029,25.13600243963326
2026-02-23 13:21:54,87.5,69.3069306930693,25.15151572712418
2026-02-23 13:22:09,87.5,68.31683168316832,25.167029014615103
2026-02-23 13:22:24,87.5,68.31683168316832,25.18254230210603
2026-02-23 13:22:39,87.5,69.3069306930693,25.198055589596947
2026-02-23 13:22:54,87.5,70.29702970297029,25.213568877087873
2026-02-23 13:23:09,87.5,71.28712871287128,25.229082164578795
2026-02-23 13:23:24,87.5,72.27722772277228,25.244595452069717
2026-02-23 13:23:39,87.5,73.26732673267327,25.26010873956064
2026-02-23 13:23:54,87.5,73.26732673267327,25.27562202705156
2026-02-23 13:24:09,87.5,73.26732673267327,25.291135314542483
2026-02-23 13:24:24,87.5,72.27722772277228,25.306648602033405
2026-02-23 13:24:39,87.5,72.27722772277228,25.322161889524327
2026-02-23 13:24:54,87.5,72.27722772277228,25.33767517701525
2026-02-23 13:25:09,87.5,73.26732673267327,25.35318846450617
2026-02-23 13:25:24,87.5,74.25742574257426,25.368701751997094
2026-02-23 13:25:39,87.5,75.24752475247524,25.384215039488016
2026-02-23 13:25:54,87.5,75.24752475247524,25.399728326978938
2026-02-23 13:26:09,87.5,75.24752475247524,25.415241614469863
2026-02-23 13:26:24,87.5,76.23762376237624,25.430754901960782
2026-02-23 13:26:39,87.5,77.22772277227723,25.446268189451708
2026-02-23 13:26:54,87.5,77.22772277227723,25.461781476942626
2026-02-23 13:27:09,87.5,77.22772277227723,25.47729476443355
2026-02-23 13:27:24,87.5,77.22772277227723,25.492808051924474
2026-02-23 13:27:39,87.5,77.22772277227723,25.508321339415396
2026-02-23 13:27:54,87.5,76.23762376237624,25.523834626906318
2026-02-23 13:28:09,87.5,75.24752475247524,25.53934791439724
2026-02-23 13:28:24,87.5,74.25742574257426,25.554861201888162
2026-02-23 13:28:39,87.5,74.25742574257426,25.570374489379084
2026-02-23 13:28:54,87.5,74.25742574257426,25.585887776870006
2026-02-23 13:29:09,87.5,74.25742574257426,25.601401064360928
2026-02-23 13:29:24,87.5,73.26732673267327,25.61691435185185
2026-02-23 13:29:39,87.5,72.27722772277228,25.632427639342772
2026-02-23 13:29:54,87.5,71.28712871287128,25.647940926833698
2026-02-23 13:30:09,87.5,70.29702970297029,25.663454214324616
2026-02-23 13:30:24,87.5,70.29702970297029,25.678967501815542
2026-02-23 13:30:39,87.5,70.29702970297029,25.69448078930646
2026-02-23 13:30:54,87.5,69.3069306930693,25.709994076797386
2026-02-23 13:31:09,87.5,68.31683168316832,25.72550736428831
2026-02-23 13:31:24,87.5,68.31683168316832,25.74102065177923
2026-02-23 13:31:39,75.0,68.31683168316832,25.756533939270152
2026-02-23 13:31:54,75.0,68.31683168316832,25.772047226761075
2026-02-23 13:32:09,75.0,68.31683168316832,25.787560514251997
2026-02-23 13:32:24,75.0,68.31683168316832,25.80307380174292
2026-02-23 13:32:39,75.0,68.31683168316832,25.81858708923384
2026-02-23 13:32:54,75.0,68.31683168316832,25.834100376724763
2026-02-23 13:33:09,75.0,68.31683168316832,25.849613664215685
2026-02-23 13:33:24,75.0,68.31683168316832,25.865126951706607
2026-02-23 13:33:39,75.0,68.31683168316832,25.88064023919753
2026-02-23 13:33:54,75.0,68.31683168316832,25.89615352668845
2026-02-23 13:34:09,75.0,67.32673267326733,25.911666814179377
2026-02-23 13:34:24,75.0,66.33663366336634,25.927180101670295
2026-02-23 13:34:39,75.0,66.33663366336634,25.94269338916122
2026-02-23 13:34:54,75.0,66.33663366336634,25.958206676652143
2026-02-23 13:35:09,75.0,66.33663366336634,25.973719964143065
2026-02-23 13:35:24,75.0,65.34653465346535,25.989233251633987
2026-02-23 13:35:39,75.0,63.8095238095238,26.00474653912491
2026-02-23 13:35:54,75.0,62.857142857142854,26.02025982661583
2026-02-23 13:36:09,75.0,61.904761904761905,26.035773114106753
2026-02-23 13:36:24,75.0,60.952380952380956,26.051286401597675
2026-02-23 13:36:39,75.0,60.0,26.066799689088597
2026-02-23 13:36:54,75.0,59.04761904761905,26.08231297657952
2026-02-23 13:37:09,75.0,58.0952380952381,26.09782626407044
2026-02-23 13:37:24,75.0,57.14285714285714,26.113339551561364
2026-02-23 13:37:39,75.0,56.19047619047619,26.128852839052286
2026-02-23 13:37:54,75.0,56.19047619047619,26.14436612654321
2026-02-23 13:38:09,75.0,56.19047619047619,26.15987941403413
2026-02-23 13:38:24,75.0,55.23809523809524,26.175392701525055
2026-02-23 13:38:39,75.0,54.285714285714285,26.190905989015974
2026-02-23 13:38:54,75.0,53.333333333333336,26.2064192765069
2026-02-23 13:39:09,75.0,52.38095238095239,26.22193256399782
2026-02-23 13:39:24,75.0,51.42857142857142,26.237445851488744
2026-02-23 13:39:39,75.0,51.42857142857142,26.252959138979666
2026-02-23 13:39:54,75.0,50.476190476190474,26.268472426470588
2026-02-23 13:40:09,75.0,50.476190476190474,26.28398571396151
2026-02-23 13:40:24,75.0,49.523809523809526,26.299499001452432
2026-02-23 13:40:39,75.0,48.57142857142857,26.315012288943354
2026-02-23 13:40:54,75.0,47.61904761904761,26.330525576434276
2026-02-23 13:41:09,75.0,47.61904761904761,26.346038863925198
2026-02-23 13:41:24,75.0,46.666666666666664,26.36155215141612
2026-02-23 13:41:39,75.0,45.714285714285715,26.377065438907042
2026-02-23 13:41:54,75.0,44.761904761904766,26.392578726397964
2026-02-23 13:42:09,75.0,44.761904761904766,26.40809201388889
2026-02-23 13:42:24,75.0,44.761904761904766,26.42360530137981
2026-02-23 13:42:39,75.0,43.80952380952381,26.439118588870734
2026-02-23 13:42:54,75.0,43.80952380952381,26.454631876361656
2026-02-23 13:43:09,75.0,43.80952380952381,26.470145163852578
2026-02-23 13:43:24,75.0,43.80952380952381,26.4856584513435
2026-02-23 13:43:39,75.0,44.761904761904766,26.501171738834422
2026-02-23 13:43:54,75.0,45.714285714285715,26.516685026325344
2026-02-23 13:44:09,75.0,46.666666666666664,26.532198313816266
2026-02-23 13:44:24,75.0,46.666666666666664,26.54771160130719
2026-02-23 13:44:39,75.0,46.666666666666664,26.56322488879811
2026-02-23 13:44:54,75.0,46.666666666666664,26.578738176289033
2026-02-23 13:45:09,75.0,46.666666666666664,26.594251463779955
2026-02-23 13:45:24,75.0,46.666666666666664,26.609764751270877
2026-02-23 13:45:39,75.0,46.666666666666664,26.6252780387618
2026-02-23 13:45:54,75.0,46.666666666666664,26.640791326252725
2026-02-23 13:46:09,75.0,46.666666666666664,26.656304613743643
2026-02-23 13:46:24,75.0,46.666666666666664,26.67181790123457
2026-02-23 13:46:39,75.0,46.666666666666664,26.687331188725487
2026-02-23 13:46:54,75.0,46.666666666666664,26.702844476216413
2026-02-23 13:47:09,75.0,46.666666666666664,26.718357763707335
2026-02-23 13:47:24,75.0,46.666666666666664,26.733871051198257
2026-02-23 13:47:39,75.0,46.666666666666664,26.74938433868918
2026-02-23 13:47:54,75.0,47.61904761904761,26.7648976261801
2026-02-23 13:48:09,75.0,48.57142857142857,26.780410913671023
2026-02-23 13:48:24,75.0,48.57142857142857,26.795924201161945
2026-02-23 13:48:39,75.0,48.57142857142857,26.811437488652867
2026-02-23 13:48:54,75.0,48.57142857142857,26.82695077614379
2026-02-23 13:49:09,75.0,48.57142857142857,26.84246406363471
2026-02-23 13:49:24,75.0,48.57142857142857,26.857977351125633
2026-02-23 13:49:39,75.0,48.57142857142857,26.873490638616556
2026-02-23 13:49:54,75.0,48.57142857142857,26.889003926107478
2026-02-23 13:50:09,75.0,49.523809523809526,26.904517213598403
2026-02-23 13:50:24,75.0,49.523809523809526,26.92003050108932
2026-02-23 13:50:39,75.0,49.523809523809526,26.935543788580247
2026-02-23 13:50:54,75.0,49.523809523809526,26.95105707607117
2026-02-23 13:51:09,75.0,49.523809523809526,26.96657036356209
2026-02-23 13:51:24,75.0,49.523809523809526,26.982083651053014
2026-02-23 13:51:39,75.0,49.523809523809526,26.997596938543936
2026-02-23 13:51:54,75.0,51.37614678899083,27.013110226034858
2026-02-23 13:52:09,75.0,51.37614678899083,27.02862351352578
2026-02-23 13:52:24,75.0,51.37614678899083,27.044136801016702
2026-02-23 13:52:39,75.0,51.37614678899083,27.059650088507624
2026-02-23 13:52:54,75.0,51.37614678899083,27.075163375998546
2026-02-23 13:53:09,75.0,51.37614678899083,27.090676663489468
2026-02-23 13:53:24,75.0,51.37614678899083,27.10618995098039
2026-02-23 13:53:39,75.0,51.37614678899083,27.121703238471312
2026-02-23 13:53:54,62.5,51.37614678899083,27.137216525962238
2026-02-23 13:54:09,62.5,52.293577981651374,27.152729813453156
2026-02-23 13:54:24,62.5,53.21100917431193,27.168243100944082
2026-02-23 13:54:39,62.5,54.12844036697248,27.183756388435
2026-02-23 13:54:54,62.5,54.12844036697248,27.199269675925926
2026-02-23 13:55:09,62.5,54.12844036697248,27.214782963416848
2026-02-23 13:55:24,75.0,54.12844036697248,27.23029625090777
2026-02-23 13:55:39,62.5,55.04587155963303,27.245809538398692
2026-02-23 13:55:54,75.0,55.96330275229357,27.261322825889614
2026-02-23 13:56:09,75.0,56.88073394495413,27.276836113380536
2026-02-23 13:56:24,75.0,57.798165137614674,27.29234940087146
2026-02-23 13:56:39,75.0,57.798165137614674,27.30786268836238
2026-02-23 13:56:54,75.0,57.798165137614674,27.323375975853303
2026-02-23 13:57:09,75.0,58.71559633027523,27.338889263344225
2026-02-23 13:57:24,75.0,59.63302752293578,27.354402550835147
2026-02-23 13:57:39,75.0,59.63302752293578,27.36991583832607
2026-02-23 13:57:54,75.0,59.63302752293578,27.38542912581699
2026-02-23 13:58:09,75.0,59.63302752293578,27.400942413307916
2026-02-23 13:58:24,75.0,59.63302752293578,27.416455700798835
2026-02-23 13:58:39,75.0,60.550458715596335,27.43196898828976
2026-02-23 13:58:54,75.0,61.46788990825688,27.447482275780683
2026-02-23 13:59:09,75.0,62.38532110091744,27.462995563271605
2026-02-23 13:59:24,75.0,62.38532110091744,27.478508850762527
2026-02-23 13:59:39,75.0,62.38532110091744,27.49402213825345
2026-02-23 13:59:54,75.0,62.38532110091744,27.50953542574437
2026-02-23 14:00:09,75.0,62.38532110091744,27.512862430702995
2026-02-23 14:00:24,75.0,63.30275229357798,27.508065247306753
2026-02-23 14:00:39,75.0,64.22018348623854,27.50326806391051
2026-02-23 14:00:54,75.0,64.22018348623854,27.49847088051427
2026-02-23 14:01:09,75.0,64.22018348623854,27.49367369711803
2026-02-23 14:01:24,75.0,63.30275229357798,27.488876513721788
2026-02-23 14:01:39,75.0,64.22018348623854,27.484079330325546
2026-02-23 14:01:54,75.0,65.13761467889908,27.479282146929304
2026-02-23 14:02:09,75.0,65.13761467889908,27.474484963533065
2026-02-23 14:02:24,75.0,66.05504587155964,27.469687780136823
2026-02-23 14:02:39,75.0,66.97247706422019,27.46489059674058
2026-02-23 14:02:54,75.0,67.88990825688074,27.46009341334434
2026-02-23 14:03:09,75.0,68.80733944954129,27.4552962299481
2026-02-23 14:03:24,75.0,69.72477064220183,27.450499046551858
2026-02-23 14:03:39,75.0,70.64220183486239,27.445701863155616
2026-02-23 14:03:54,75.0,71.55963302752293,27.440904679759374
2026-02-23 14:04:09,75.0,72.47706422018348,27.436107496363135
2026-02-23 14:04:24,75.0,73.39449541284404,27.431310312966893
2026-02-23 14:04:39,75.0,73.39449541284404,27.42651312957065
2026-02-23 14:04:54,87.5,73.39449541284404,27.42171594617441
2026-02-23 14:05:09,87.5,74.31192660550458,27.41691876277817
2026-02-23 14:05:24,87.5,75.22935779816514,27.412121579381928
2026-02-23 14:05:39,87.5,76.14678899082568,27.407324395985686
2026-02-23 14:05:54,87.5,77.06422018348624,27.402527212589444
2026-02-23 14:06:09,87.5,77.98165137614679,27.397730029193205
2026-02-23 14:06:24,87.5,77.98165137614679,27.392932845796963
2026-02-23 14:06:39,87.5,78.89908256880734,27.38813566240072
2026-02-23 14:06:54,87.5,78.89908256880734,27.38333847900448
2026-02-23 14:07:09,87.5,79.81651376146789,27.37854129560824
2026-02-23 14:07:24,87.5,80.73394495412845,27.373744112211998
2026-02-23 14:07:39,87.5,81.65137614678899,27.368946928815756
2026-02-23 14:07:54,87.5,81.65137614678899,27.364149745419514
2026-02-23 14:08:09,87.5,82.56880733944955,27.359352562023275
2026-02-23 14:08:24,87.5,83.4862385321101,27.354555378627033
2026-02-23 14:08:39,87.5,84.40366972477065,27.34975819523079
2026-02-23 14:08:54,87.5,84.40366972477065,27.34496101183455
2026-02-23 14:09:09,87.5,84.40366972477065,27.34016382843831
2026-02-23 14:09:24,87.5,85.3211009174312,27.33536664504207
2026-02-23 14:09:39,87.5,85.3211009174312,27.330569461645826
2026-02-23 14:09:54,87.5,85.3211009174312,27.325772278249584
2026-02-23 14:10:09,87.5,85.3211009174312,27.320975094853345
2026-02-23 14:10:24,87.5,85.3211009174312,27.316177911457103
2026-02-23 14:10:39,87.5,85.3211009174312,27.31138072806086
2026-02-23 14:10:54,87.5,85.3211009174312,27.30658354466462
2026-02-23 14:11:09,87.5,86.23853211009175,27.30178636126838
2026-02-23 14:11:24,87.5,87.1559633027523,27.29698917787214
2026-02-23 14:11:39,87.5,88.07339449541286,27.292191994475896
2026-02-23 14:11:54,87.5,88.9908256880734,27.287394811079654
2026-02-23 14:12:09,87.5,89.90825688073394,27.282597627683415
2026-02-23 14:12:24,87.5,90.82568807339449,27.277800444287173
2026-02-23 14:12:39,87.5,91.74311926605505,27.27300326089093
2026-02-23 14:12:54,87.5,92.66055045871559,27.26820607749469
2026-02-23 14:13:09,87.5,93.57798165137615,27.26340889409845
2026-02-23 14:13:24,87.5,94.4954128440367,27.25861171070221
2026-02-23 14:13:39,87.5,95.41284403669725,27.253814527305966
2026-02-23 14:13:54,87.5,96.3302752293578,27.249017343909724
2026-02-23 14:14:09,87.5,97.24770642201835,27.244220160513485
2026-02-23 14:14:24,87.5,98.1651376146789,27.239422977117243
2026-02-23 14:14:39,87.5,98.1651376146789,27.234625793721
2026-02-23 14:14:54,87.5,98.1651376146789,27.22982861032476
2026-02-23 14:15:09,87.5,98.1651376146789,27.22503142692852
2026-02-23 14:15:24,87.5,98.1651376146789,27.22023424353228
2026-02-23 14:15:39,87.5,98.1651376146789,27.215437060136036
2026-02-23 14:15:54,87.5,98.1651376146789,27.210639876739794
2026-02-23 14:16:09,87.5,98.1651376146789,27.205842693343556
2026-02-23 14:16:24,87.5,98.1651376146789,27.201045509947313
2026-02-23 14:16:39,87.5,98.1651376146789,27.19624832655107
2026-02-23 14:16:54,87.5,98.1651376146789,27.19145114315483
2026-02-23 14:17:09,87.5,98.1651376146789,27.18665395975859
2026-02-23 14:17:24,87.5,98.1651376146789,27.18185677636235
2026-02-23 14:17:39,87.5,98.1651376146789,27.177059592966106
2026-02-23 14:17:54,87.5,98.1651376146789,27.172262409569864
2026-02-23 14:18:09,87.5,98.1651376146789,27.167465226173626
2026-02-23 14:18:24,87.5,98.1651376146789,27.162668042777383
2026-02-23 14:18:39,87.5,98.1651376146789,27.15787085938114
2026-02-23 14:18:54,87.5,98.1651376146789,27.1530736759849
2026-02-23 14:19:09,87.5,98.1651376146789,27.14827649258866
2026-02-23 14:19:24,87.5,97.24770642201835,27.14347930919242
2026-02-23 14:19:39,87.5,97.24770642201835,27.138682125796176
2026-02-23 14:19:54,87.5,97.24770642201835,27.133884942399934
2026-02-23 14:20:09,87.5,97.24770642201835,27.129087759003696
2026-02-23 14:20:24,87.5,97.24770642201835,27.124290575607453
2026-02-23 14:20:39,87.5,97.24770642201835,27.11949339221121
2026-02-23 14:20:54,87.5,97.24770642201835,27.11469620881497
2026-02-23 14:21:09,87.5,97.24770642201835,27.10989902541873
2026-02-23 14:21:24,87.5,97.24770642201835,27.10510184202249
2026-02-23 14:21:39,87.5,97.24770642201835,27.100304658626246
2026-02-23 14:21:54,100.0,97.24770642201835,27.095507475230004
2026-02-23 14:22:09,100.0,97.24770642201835,27.090710291833766
2026-02-23 14:22:24,100.0,97.24770642201835,27.085913108437524
2026-02-23 14:22:39,100.0,97.24770642201835,27.08111592504128
2026-02-23 14:22:54,100.0,97.24770642201835,27.07631874164504
2026-02-23 14:23:09,100.0,97.24770642201835,27.0715215582488
2026-02-23 14:23:24,100.0,97.24770642201835,27.06672437485256
2026-02-23 14:23:39,100.0,97.24770642201835,27.061927191456316
2026-02-23 14:23:54,100.0,97.24770642201835,27.057130008060074
2026-02-23 14:24:09,100.0,97.24770642201835,27.052332824663836
2026-02-23 14:24:24,100.0,97.24770642201835,27.047535641267594
2026-02-23 14:24:39,100.0,97.24770642201835,27.04273845787135
2026-02-23 14:24:54,100.0,97.24770642201835,27.03794127447511
2026-02-23 14:25:09,100.0,97.24770642201835,27.03314409107887
2026-02-23 14:25:24,100.0,97.24770642201835,27.02834690768263
2026-02-23 14:25:39,100.0,97.24770642201835,27.023549724286386
2026-02-23 14:25:54,100.0,97.24770642201835,27.018752540890144
2026-02-23 14:26:09,100.0,97.24770642201835,27.013955357493906
2026-02-23 14:26:24,100.0,97.24770642201835,27.009158174097664
2026-02-23 14:26:39,100.0,97.24770642201835,27.00436099070142
2026-02-23 14:26:54,100.0,97.14285714285714,26.99956380730518
2026-02-23 14:27:09,100.0,97.14285714285714,26.99476662390894
2026-02-23 14:27:24,100.0,97.14285714285714,26.9899694405127
2026-02-23 14:27:39,100.0,97.14285714285714,26.985172257116457
2026-02-23 14:27:54,100.0,97.14285714285714,26.980375073720214
2026-02-23 14:28:09,100.0,98.09523809523809,26.975577890323976
2026-02-23 14:28:24,100.0,98.09523809523809,26.970780706927734
2026-02-23 14:28:39,100.0,98.09523809523809,26.96598352353149
2026-02-23 14:28:54,100.0,99.04761904761905,26.96118634013525
2026-02-23 14:29:09,100.0,99.04761904761905,26.956389156739007
2026-02-23 14:29:24,100.0,99.04761904761905,26.95159197334277
2026-02-23 14:29:39,100.0,99.04761904761905,26.946794789946527
2026-02-23 14:29:54,100.0,99.04761904761905,26.941997606550284
2026-02-23 14:30:09,100.0,99.04761904761905,26.937200423154046
2026-02-23 14:30:24,100.0,99.04761904761905,26.932403239757804
2026-02-23 14:30:39,100.0,99.04761904761905,26.92760605636156
2026-02-23 14:30:54,100.0,99.04761904761905,26.92280887296532
2026-02-23 14:31:09,100.0,99.04761904761905,26.918011689569077
2026-02-23 14:31:24,100.0,99.04761904761905,26.91321450617284
2026-02-23 14:31:39,100.0,99.04761904761905,26.908417322776597
2026-02-23 14:31:54,100.0,99.04761904761905,26.903620139380354
2026-02-23 14:32:09,100.0,99.04761904761905,26.898822955984112
2026-02-23 14:32:24,100.0,99.04761904761905,26.894025772587874
2026-02-23 14:32:39,100.0,99.04761904761905,26.88922858919163
2026-02-23 14:32:54,100.0,99.04761904761905,26.88443140579539
2026-02-23 14:33:09,100.0,99.04761904761905,26.879634222399147
2026-02-23 14:33:24,100.0,99.04761904761905,26.87483703900291
2026-02-23 14:33:39,100.0,99.04761904761905,26.870039855606667
2026-02-23 14:33:54,100.0,99.04761904761905,26.865242672210425
2026-02-23 14:34:09,100.0,99.04761904761905,26.860445488814182
2026-02-23 14:34:24,100.0,99.04761904761905,26.855648305417944
2026-02-23 14:34:39,100.0,99.04761904761905,26.8508511220217
2026-02-23 14:34:54,87.5,99.04761904761905,26.84605393862546
2026-02-23 14:35:09,100.0,99.04761904761905,26.841256755229217
2026-02-23 14:35:24,100.0,99.04761904761905,26.83645957183298
2026-02-23 14:35:39,100.0,99.04761904761905,26.831662388436737
2026-02-23 14:35:54,100.0,99.04761904761905,26.826865205040495
2026-02-23 14:36:09,100.0,99.04761904761905,26.822068021644252
2026-02-23 14:36:24,100.0,99.04761904761905,26.817270838248014
2026-02-23 14:36:39,100.0,99.04761904761905,26.81247365485177
2026-02-23 14:36:54,100.0,99.04761904761905,26.80767647145553
2026-02-23 14:37:09,100.0,99.04761904761905,26.802879288059287
2026-02-23 14:37:24,100.0,99.04761904761905,26.79808210466305
2026-02-23 14:37:39,100.0,99.04761904761905,26.793284921266807
2026-02-23 14:37:54,100.0,99.04761904761905,26.788487737870565
2026-02-23 14:38:09,100.0,99.04761904761905,26.783690554474322
2026-02-23 14:38:24,100.0,99.04761904761905,26.778893371078084
2026-02-23 14:38:39,100.0,99.04761904761905,26.77409618768184
2026-02-23 14:38:54,100.0,99.04761904761905,26.7692990042856
2026-02-23 14:39:09,100.0,99.04761904761905,26.764501820889357
2026-02-23 14:39:24,100.0,99.04761904761905,26.75970463749312
2026-02-23 14:39:39,100.0,99.04761904761905,26.754907454096877
2026-02-23 14:39:54,87.5,99.04761904761905,26.750110270700635
2026-02-23 14:40:09,87.5,99.04761904761905,26.745313087304392
2026-02-23 14:40:24,87.5,99.04761904761905,26.740515903908154
2026-02-23 14:40:39,87.5,99.04761904761905,26.735718720511912
2026-02-23 14:40:54,87.5,99.04761904761905,26.73092153711567
2026-02-23 14:41:09,100.0,99.04761904761905,26.726124353719428
2026-02-23 14:41:24,100.0,99.04761904761905,26.72132717032319
2026-02-23 14:41:39,100.0,99.04761904761905,26.716529986926947
2026-02-23 14:41:54,100.0,99.04761904761905,26.711732803530705
2026-02-23 14:42:09,100.0,99.04761904761905,26.706935620134463
2026-02-23 14:42:24,100.0,99.04761904761905,26.702138436738224
2026-02-23 14:42:39,87.5,99.04761904761905,26.697341253341982
2026-02-23 14:42:54,100.0,99.04761904761905,26.69254406994574
2026-02-23 14:43:09,87.5,99.04761904761905,26.687746886549498
2026-02-23 14:43:24,87.5,99.04761904761905,26.68294970315326
2026-02-23 14:43:39,100.0,99.04761904761905,26.678152519757017
2026-02-23 14:43:54,100.0,99.04761904761905,26.673355336360775
2026-02-23 14:44:09,87.5,99.04761904761905,26.668558152964533
2026-02-23 14:44:24,87.5,99.04761904761905,26.663760969568294
2026-02-23 14:44:39,87.5,99.04761904761905,26.658963786172052
2026-02-23 14:44:54,87.5,99.04761904761905,26.65416660277581
2026-02-23 14:45:09,87.5,99.04761904761905,26.649369419379568
2026-02-23 14:45:24,87.5,99.04761904761905,26.64457223598333
2026-02-23 14:45:39,87.5,99.04761904761905,26.639775052587087
2026-02-23 14:45:54,87.5,99.04761904761905,26.634977869190845
2026-02-23 14:46:09,87.5,100.0,26.630180685794603
2026-02-23 14:46:24,87.5,100.0,26.625383502398364
2026-02-23 14:46:39,87.5,100.0,26.620586319002122
2026-02-23 14:46:54,87.5,100.0,26.61578913560588
2026-02-23 14:47:09,100.0,100.0,26.610991952209638
2026-02-23 14:47:24,100.0,100.0,26.6061947688134
2026-02-23 14:47:39,100.0,100.0,26.601397585417157
2026-02-23 14:47:54,100.0,100.0,26.596600402020915
2026-02-23 14:48:09,100.0,100.0,26.591803218624673
2026-02-23 14:48:24,100.0,100.0,26.587006035228434
2026-02-23 14:48:39,100.0,100.0,26.582208851832192
2026-02-23 14:48:54,100.0,100.0,26.57741166843595
2026-02-23 14:49:09,100.0,100.0,26.572614485039708
2026-02-23 14:49:24,87.5,100.0,26.56781730164347
2026-02-23 14:49:39,100.0,100.0,26.563020118247227
2026-02-23 14:49:54,87.5,100.0,26.558222934850985
2026-02-23 14:50:09,87.5,100.0,26.553425751454743
2026-02-23 14:50:24,87.5,100.0,26.548628568058504
2026-02-23 14:50:39,87.5,100.0,26.543831384662262
2026-02-23 14:50:54,87.5,100.0,26.53903420126602
2026-02-23 14:51:09,87.5,100.0,26.534237017869778
2026-02-23 14:51:24,87.5,100.0,26.52943983447354
2026-02-23 14:51:39,87.5,100.0,26.524642651077297
2026-02-23 14:51:54,87.5,100.0,26.519845467681055
2026-02-23 14:52:09,87.5,100.0,26.515048284284813
2026-02-23 14:52:24,87.5,100.0,26.510251100888574
2026-02-23 14:52:39,87.5,100.0,26.505453917492332
2026-02-23 14:52:54,87.5,100.0,26.50065673409609
2026-02-23 14:53:09,87.5,100.0,26.495859550699848
2026-02-23 14:53:24,87.5,100.0,26.49106236730361
2026-02-23 14:53:39,87.5,100.0,26.486265183907367
2026-02-23 14:53:54,87.5,100.0,26.481468000511125
2026-02-23 14:54:09,87.5,100.0,26.476670817114883
2026-02-23 14:54:24,87.5,100.0,26.471873633718644
2026-02-23 14:54:39,87.5,100.0,26.467076450322402
2026-02-23 14:54:54,87.5,100.0,26.46227926692616
2026-02-23 14:55:09,87.5,100.0,26.457482083529918
2026-02-23 14:55:24,87.5,100.0,26.45268490013368
2026-02-23 14:55:39,87.5,100.0,26.447887716737437
2026-02-23 14:55:54,87.5,100.0,26.443090533341195
2026-02-23 14:56:09,87.5,100.0,26.438293349944953
2026-02-23 14:56:24,87.5,100.0,26.433496166548714
2026-02-23 14:56:39,87.5,100.0,26.428698983152472
2026-02-23 14:56:54,87.5,100.0,26.42390179975623
2026-02-23 14:57:09,87.5,100.0,26.419104616359988
2026-02-23 14:57:24,87.5,100.0,26.414307432963746
2026-02-23 14:57:39,87.5,100.0,26.409510249567507
2026-02-23 14:57:54,87.5,100.0,26.404713066171265
2026-02-23 14:58:09,87.5,100.0,26.399915882775023
2026-02-23 14:58:24,87.5,100.0,26.395118699378784
2026-02-23 14:58:39,87.5,100.0,26.390321515982542
2026-02-23 14:58:54,87.5,100.0,26.3855243325863
2026-02-23 14:59:09,87.5,100.0,26.380727149190058
2026-02-23 14:59:24,87.5,100.0,26.375929965793816
2026-02-23 14:59:39,87.5,100.0,26.371132782397577
2026-02-23 14:59:54,87.5,100.0,26.366335599001335
2026-02-23 15:00:09,87.5,100.0,26.361538415605093
2026-02-23 15:00:24,87.5,100.0,26.356741232208854
2026-02-23 15:00:39,87.5,100.0,26.351944048812612
2026-02-23 15:00:54,87.5,100.0,26.34714686541637
2026-02-23 15:01:09,87.5,100.0,26.342349682020128
2026-02-23 15:01:24,87.5,100.0,26.337552498623886
2026-02-23 15:01:39,87.5,100.0,26.332755315227647
2026-02-23 15:01:54,87.5,100.0,26.327958131831405
2026-02-23 15:02:09,87.5,100.0,26.323160948435163
2026-02-23 15:02:24,87.5,100.0,26.318363765038924
2026-02-23 15:02:39,87.5,100.0,26.313566581642682
2026-02-23 15:02:54,87.5,100.0,26.30876939824644
2026-02-23 15:03:09,87.5,100.0,26.303972214850198
2026-02-23 15:03:24,87.5,100.0,26.299175031453956
2026-02-23 15:03:39,87.5,100.0,26.294377848057717
2026-02-23 15:03:54,87.5,100.0,26.289580664661475
2026-02-23 15:04:09,87.5,100.0,26.284783481265233
2026-02-23 15:04:24,87.5,100.0,26.27998629786899
2026-02-23 15:04:39,87.5,100.0,26.275189114472752
2026-02-23 15:04:54,87.5,100.0,26.27039193107651
2026-02-23 15:05:09,87.5,100.0,26.265594747680268
2026-02-23 15:05:24,87.5,100.0,26.260797564284026
2026-02-23 15:05:39,87.5,100.0,26.256000380887787
2026-02-23 15:05:54,87.5,100.0,26.251203197491545
2026-02-23 15:06:09,87.5,100.0,26.246406014095303
2026-02-23 15:06:24,87.5,100.0,26.24160883069906
2026-02-23 15:06:39,87.5,100.0,26.236811647302822
2026-02-23 15:06:54,87.5,100.0,26.23201446390658
2026-02-23 15:07:09,87.5,100.0,26.227217280510338
2026-02-23 15:07:24,87.5,100.0,26.222420097114096
2026-02-23 15:07:39,87.5,100.0,26.217622913717857
2026-02-23 15:07:54,87.5,100.0,26.212825730321615
2026-02-23 15:08:09,87.5,100.0,26.208028546925373
2026-02-23 15:08:24,87.5,100.0,26.20323136352913
2026-02-23 15:08:39,87.5,100.0,26.198434180132892
2026-02-23 15:08:54,87.5,100.0,26.19363699673665
2026-02-23 15:09:09,87.5,100.0,26.188839813340408
2026-02-23 15:09:24,87.5,100.0,26.184042629944166
2026-02-23 15:09:39,87.5,100.0,26.179245446547927
2026-02-23 15:09:54,87.5,100.0,26.174448263151685
2026-02-23 15:10:09,87.5,100.0,26.169651079755443
2026-02-23 15:10:24,87.5,100.0,26.1648538963592
2026-02-23 15:10:39,87.5,100.0,26.160056712962962
2026-02-23 15:10:54,87.5,100.0,26.15525952956672
2026-02-23 15:11:09,87.5,100.0,26.150462346170478
2026-02-23 15:11:24,87.5,100.0,26.145665162774236
2026-02-23 15:11:39,87.5,100.0,26.140867979377997
2026-02-23 15:11:54,87.5,100.0,26.136070795981755
2026-02-23 15:12:09,87.5,100.0,26.131273612585513
2026-02-23 15:12:24,87.5,100.0,26.12647642918927
2026-02-23 15:12:39,87.5,100.0,26.121679245793032
2026-02-23 15:12:54,87.5,100.0,26.11688206239679
2026-02-23 15:13:09,87.5,100.0,26.112084879000548
2026-02-23 15:13:24,87.5,100.0,26.107287695604306
2026-02-23 15:13:39,87.5,100.0,26.102490512208067
2026-02-23 15:13:54,87.5,100.0,26.097693328811825
2026-02-23 15:14:09,87.5,100.0,26.092896145415583
2026-02-23 15:14:24,87.5,100.0,26.08809896201934
2026-02-23 15:14:39,87.5,100.0,26.083301778623103
2026-02-23 15:14:54,87.5,100.0,26.07850459522686
2026-02-23 15:15:09,87.5,100.0,26.07370741183062
2026-02-23 15:15:24,87.5,100.0,26.068910228434376
2026-02-23 15:15:39,87.5,100.0,26.064113045038138
2026-02-23 15:15:54,87.5,100.0,26.059315861641895
2026-02-23 15:16:09,87.5,100.0,26.054518678245653
2026-02-23 15:16:24,87.5,100.0,26.04972149484941
2026-02-23 15:16:39,87.5,100.0,26.044924311453173
2026-02-23 15:16:54,87.5,100.0,26.04012712805693
2026-02-23 15:17:09,87.5,100.0,26.03532994466069
2026-02-23 15:17:24,87.5,100.0,26.030532761264446
2026-02-23 15:17:39,87.5,100.0,26.025735577868208
2026-02-23 15:17:54,87.5,100.0,26.020938394471965
2026-02-23 15:18:09,87.5,100.0,26.016141211075723
2026-02-23 15:18:24,87.5,100.0,26.01134402767948
2026-02-23 15:18:39,87.5,100.0,26.006546844283243
2026-02-23 15:18:54,87.5,100.0,26.001749660887
2026-02-23 15:19:09,87.5,100.0,25.99695247749076
2026-02-23 15:19:24,87.5,100.0,25.992155294094516
2026-02-23 15:19:39,87.5,100.0,25.987358110698278
2026-02-23 15:19:54,87.5,100.0,25.982560927302035
2026-02-23 15:20:09,87.5,100.0,25.977763743905793
2026-02-23 15:20:24,87.5,100.0,25.97296656050955
2026-02-23 15:20:39,87.5,100.0,25.968169377113313
2026-02-23 15:20:54,87.5,100.0,25.96337219371707
2026-02-23 15:21:09,87.5,100.0,25.95857501032083
2026-02-23 15:21:24,87.5,100.0,25.953777826924586
2026-02-23 15:21:39,87.5,100.0,25.948980643528348
2026-02-23 15:21:54,87.5,100.0,25.944183460132106
2026-02-23 15:22:09,87.5,100.0,25.939386276735863
2026-02-23 15:22:24,87.5,100.0,25.93458909333962
2026-02-23 15:22:39,87.5,100.0,25.929791909943383
2026-02-23 15:22:54,87.5,100.0,25.92499472654714
2026-02-23 15:23:09,87.5,100.0,25.9201975431509
2026-02-23 15:23:24,87.5,100.0,25.915400359754656
2026-02-23 15:23:39,87.5,100.0,25.910603176358418
2026-02-23 15:23:54,87.5,100.0,25.905805992962176
2026-02-23 15:24:09,87.5,100.0,25.901008809565933
2026-02-23 15:24:24,87.5,100.0,25.89621162616969
2026-02-23 15:24:39,87.5,100.0,25.891414442773453
2026-02-23 15:24:54,87.5,100.0,25.88661725937721
2026-02-23 15:25:09,87.5,100.0,25.88182007598097
2026-02-23 15:25:24,87.5,100.0,25.877022892584726
2026-02-23 15:25:39,87.5,100.0,25.872225709188484
2026-02-23 15:25:54,87.5,100.0,25.867428525792246
2026-02-23 15:26:09,87.5,100.0,25.862631342396003
2026-02-23 15:26:24,87.5,100.0,25.85783415899976
2026-02-23 15:26:39,87.5,100.0,25.853036975603523
2026-02-23 15:26:54,87.5,100.0,25.84823979220728
2026-02-23 15:27:09,87.5,100.0,25.84344260881104
2026-02-23 15:27:24,87.5,100.0,25.838645425414796
2026-02-23 15:27:39,87.5,100.0,25.833848242018554
2026-02-23 15:27:54,87.5,100.0,25.829051058622316
2026-02-23 15:28:09,87.5,100.0,25.824253875226074
2026-02-23 15:28:24,87.5,100.0,25.81945669182983
2026-02-23 15:28:39,87.5,100.0,25.814659508433593
2026-02-23 15:28:54,87.5,100.0,25.80986232503735
2026-02-23 15:29:09,87.5,100.0,25.80506514164111
2026-02-23 15:29:24,87.5,100.0,25.800267958244866
2026-02-23 15:29:39,87.5,100.0,25.795470774848624
2026-02-23 15:29:54,87.5,100.0,25.790673591452386
2026-02-23 15:30:09,87.5,100.0,25.785876408056144
2026-02-23 15:30:24,87.5,100.0,25.7810792246599
2026-02-23 15:30:39,87.5,100.0,25.776282041263663
2026-02-23 15:30:54,87.5,100.0,25.77148485786742
2026-02-23 15:31:09,87.5,100.0,25.76668767447118
2026-02-23 15:31:24,87.5,100.0,25.761890491074936
2026-02-23 15:31:39,87.5,100.0,25.757093307678694
2026-02-23 15:31:54,100.0,100.0,25.752296124282456
2026-02-23 15:32:09,100.0,100.0,25.747498940886214
2026-02-23 15:32:24,100.0,100.0,25.74270175748997
2026-02-23 15:32:39,100.0,100.0,25.73790457409373
2026-02-23 15:32:54,100.0,100.0,25.73310739069749
2026-02-23 15:33:09,100.0,100.0,25.72831020730125
2026-02-23 15:33:24,100.0,100.0,25.723513023905006
2026-02-23 15:33:39,100.0,100.0,25.718715840508764
2026-02-23 15:33:54,100.0,100.0,25.713918657112526
2026-02-23 15:34:09,100.0,100.0,25.709121473716284
2026-02-23 15:34:24,100.0,100.0,25.70432429032004
2026-02-23 15:34:39,100.0,100.0,25.6995271069238
2026-02-23 15:34:54,100.0,100.0,25.69472992352756
2026-02-23 15:35:09,100.0,100.0,25.68993274013132
2026-02-23 15:35:24,100.0,100.0,25.685135556735077
2026-02-23 15:35:39,100.0,100.0,25.680338373338834
2026-02-23 15:35:54,100.0,100.0,25.675541189942596
2026-02-23 15:36:09,100.0,100.0,25.670744006546354
2026-02-23 15:36:24,100.0,100.0,25.66594682315011
2026-02-23 15:36:39,100.0,100.0,25.66114963975387
2026-02-23 15:36:54,100.0,100.0,25.65635245635763
2026-02-23 15:37:09,100.0,100.0,25.65155527296139
2026-02-23 15:37:24,100.0,100.0,25.646758089565147
2026-02-23 15:37:39,100.0,100.0,25.641960906168904
2026-02-23 15:37:54,100.0,100.0,25.637163722772666
2026-02-23 15:38:09,100.0,100.0,25.632366539376424
2026-02-23 15:38:24,100.0,100.0,25.62756935598018
2026-02-23 15:38:39,100.0,100.0,25.62277217258394
2026-02-23 15:38:54,100.0,100.0,25.6179749891877
2026-02-23 15:39:09,100.0,100.0,25.61317780579146
2026-02-23 15:39:24,100.0,100.0,25.608380622395217
2026-02-23 15:39:39,100.0,100.0,25.603583438998974
2026-02-23 15:39:54,100.0,100.0,25.598786255602736
2026-02-23 15:40:09,100.0,100.0,25.593989072206494
2026-02-23 15:40:24,100.0,100.0,25.58919188881025
2026-02-23 15:40:39,100.0,100.0,25.58439470541401
2026-02-23 15:40:54,100.0,100.0,25.57959752201777
2026-02-23 15:41:09,100.0,100.0,25.57480033862153
2026-02-23 15:41:24,100.0,100.0,25.570003155225287
2026-02-23 15:41:39,100.0,100.0,25.565205971829045
2026-02-23 15:41:54,100.0,100.0,25.560408788432806
2026-02-23 15:42:09,100.0,100.0,25.555611605036564
2026-02-23 15:42:24,100.0,100.0,25.55081442164032
2026-02-23 15:42:39,100.0,100.0,25.54601723824408
2026-02-23 15:42:54,100.0,100.0,25.54122005484784
2026-02-23 15:43:09,100.0,100.0,25.5364228714516
2026-02-23 15:43:24,100.0,100.0,25.531625688055357
2026-02-23 15:43:39,100.0,100.0,25.526828504659115
2026-02-23 15:43:54,100.0,99.00990099009901,25.522031321262876
2026-02-23 15:44:09,100.0,98.01980198019803,25.517234137866634
2026-02-23 15:44:24,100.0,97.02970297029702,25.51243695447039
2026-02-23 15:44:39,100.0,97.02970297029702,25.50763977107415
2026-02-23 15:44:54,100.0,97.02970297029702,25.50284258767791
2026-02-23 15:45:09,100.0,97.02970297029702,25.49804540428167
2026-02-23 15:45:24,100.0,97.02970297029702,25.493248220885427
2026-02-23 15:45:39,100.0,97.02970297029702,25.488451037489185
2026-02-23 15:45:54,100.0,97.02970297029702,25.483653854092946
2026-02-23 15:46:09,100.0,97.02970297029702,25.478856670696704
2026-02-23 15:46:24,100.0,97.02970297029702,25.47405948730046
2026-02-23 15:46:39,100.0,97.02970297029702,25.46926230390422
2026-02-23 15:46:54,100.0,97.02970297029702,25.46446512050798
2026-02-23 15:47:09,100.0,97.02970297029702,25.45966793711174
2026-02-23 15:47:24,100.0,97.02970297029702,25.454870753715497
2026-02-23 15:47:39,100.0,97.02970297029702,25.450073570319255
2026-02-23 15:47:54,100.0,97.02970297029702,25.445276386923016
2026-02-23 15:48:09,100.0,97.02970297029702,25.440479203526774
2026-02-23 15:48:24,100.0,97.02970297029702,25.435682020130532
2026-02-23 15:48:39,100.0,97.02970297029702,25.43088483673429
2026-02-23 15:48:54,100.0,97.02970297029702,25.42608765333805
2026-02-23 15:49:09,100.0,97.02970297029702,25.42129046994181
2026-02-23 15:49:24,100.0,97.02970297029702,25.416493286545567
2026-02-23 15:49:39,100.0,97.02970297029702,25.411696103149325
2026-02-23 15:49:54,100.0,97.02970297029702,25.406898919753086
2026-02-23 15:50:09,100.0,97.02970297029702,25.402101736356844
2026-02-23 15:50:24,100.0,97.02970297029702,25.397304552960602
2026-02-23 15:50:39,100.0,97.02970297029702,25.39250736956436
2026-02-23 15:50:54,100.0,97.02970297029702,25.38771018616812
2026-02-23 15:51:09,100.0,97.02970297029702,25.38291300277188
2026-02-23 15:51:24,100.0,97.02970297029702,25.378115819375637
2026-02-23 15:51:39,100.0,97.02970297029702,25.373318635979395
2026-02-23 15:51:54,100.0,97.02970297029702,25.368521452583153
2026-02-23 15:52:09,100.0,97.02970297029702,25.363724269186914
2026-02-23 15:52:24,100.0,97.02970297029702,25.358927085790672
2026-02-23 15:52:39,100.0,97.02970297029702,25.35412990239443
2026-02-23 15:52:54,100.0,97.02970297029702,25.34933271899819
2026-02-23 15:53:09,100.0,97.02970297029702,25.34453553560195
2026-02-23 15:53:24,100.0,97.02970297029702,25.339738352205707
2026-02-23 15:53:39,100.0,97.02970297029702,25.334941168809465
2026-02-23 15:53:54,100.0,97.02970297029702,25.330143985413223
2026-02-23 15:54:09,100.0,97.02970297029702,25.325346802016984
2026-02-23 15:54:24,100.0,97.02970297029702,25.320549618620742
2026-02-23 15:54:39,100.0,97.02970297029702,25.3157524352245
2026-02-23 15:54:54,100.0,97.02970297029702,25.31095525182826
2026-02-23 15:55:09,100.0,97.02970297029702,25.30615806843202
2026-02-23 15:55:24,100.0,97.02970297029702,25.301360885035777
2026-02-23 15:55:39,100.0,97.02970297029702,25.296563701639535
2026-02-23 15:55:54,100.0,97.02970297029702,25.291766518243293
2026-02-23 15:56:09,100.0,97.02970297029702,25.286969334847054
2026-02-23 15:56:24,100.0,97.02970297029702,25.282172151450812
2026-02-23 15:56:39,100.0,97.02970297029702,25.27737496805457
2026-02-23 15:56:54,100.0,97.02970297029702,25.27257778465833
2026-02-23 15:57:09,100.0,97.02970297029702,25.26778060126209
2026-02-23 15:57:24,100.0,97.02970297029702,25.262983417865847
2026-02-23 15:57:39,100.0,97.02970297029702,25.258186234469605
2026-02-23 15:57:54,100.0,97.02970297029702,25.253389051073363
2026-02-23 15:58:09,100.0,97.02970297029702,25.248591867677124
2026-02-23 15:58:24,100.0,97.02970297029702,25.243794684280882
2026-02-23 15:58:39,100.0,97.02970297029702,25.23899750088464
2026-02-23 15:58:54,100.0,97.02970297029702,25.2342003174884
2026-02-23 15:59:09,100.0,97.02970297029702,25.22940313409216
2026-02-23 15:59:24,100.0,97.02970297029702,25.224605950695917
2026-02-23 15:59:39,100.0,97.02970297029702,25.219808767299675
2026-02-23 15:59:54,100.0,97.02970297029702,25.215011583903433
2026-02-23 16:00:09,100.0,97.02970297029702,25.206667143267868
2026-02-23 16:00:24,100.0,97.02970297029702,25.195957864472753
2026-02-23 16:00:39,100.0,97.02970297029702,25.185248585677634
2026-02-23 16:00:54,100.0,97.02970297029702,25.17453930688252
2026-02-23 16:01:09,100.0,97.02970297029702,25.1638300280874
2026-02-23 16:01:24,100.0,97.02970297029702,25.153120749292285
2026-02-23 16:01:39,100.0,97.02970297029702,25.142411470497166
2026-02-23 16:01:54,100.0,97.02970297029702,25.13170219170205
2026-02-23 16:02:09,100.0,97.02970297029702,25.120992912906935
2026-02-23 16:02:24,100.0,97.02970297029702,25.110283634111816
2026-02-23 16:02:39,100.0,97.02970297029702,25.0995743553167
2026-02-23 16:02:54,100.0,97.02970297029702,25.088865076521582
2026-02-23 16:03:09,100.0,97.02970297029702,25.078155797726467
2026-02-23 16:03:24,100.0,97.02970297029702,25.06744651893135
2026-02-23 16:03:39,100.0,97.02970297029702,25.056737240136233
2026-02-23 16:03:54,100.0,97.02970297029702,25.046027961341117
2026-02-23 16:04:09,100.0,97.02970297029702,25.035318682546
2026-02-23 16:04:24,100.0,97.02970297029702,25.024609403750883
2026-02-23 16:04:39,100.0,97.02970297029702,25.013900124955764
2026-02-23 16:04:54,100.0,97.02970297029702,25.00319084616065
2026-02-23 16:05:09,100.0,96.90721649484536,24.992481567365534
2026-02-23 16:05:24,100.0,96.90721649484536,24.981772288570415
2026-02-23 16:05:39,100.0,96.90721649484536,24.9710630097753
2026-02-23 16:05:54,100.0,96.90721649484536,24.96035373098018
2026-02-23 16:06:09,100.0,96.90721649484536,24.949644452185066
2026-02-23 16:06:24,100.0,96.90721649484536,24.93893517338995
2026-02-23 16:06:39,100.0,96.90721649484536,24.92822589459483
2026-02-23 16:06:54,100.0,96.90721649484536,24.917516615799716
2026-02-23 16:07:09,100.0,96.90721649484536,24.906807337004597
2026-02-23 16:07:24,100.0,96.90721649484536,24.896098058209482
2026-02-23 16:07:39,100.0,96.90721649484536,24.885388779414367
2026-02-23 16:07:54,100.0,96.90721649484536,24.874679500619248
2026-02-23 16:08:09,100.0,96.90721649484536,24.863970221824133
2026-02-23 16:08:24,100.0,96.90721649484536,24.853260943029014
2026-02-23 16:08:39,100.0,97.9381443298969,24.8425516642339
2026-02-23 16:08:54,100.0,98.96907216494846,24.83184238543878
2026-02-23 16:09:09,100.0,100.0,24.821133106643664
2026-02-23 16:09:24,100.0,100.0,24.81042382784855
2026-02-23 16:09:39,100.0,100.0,24.79971454905343
2026-02-23 16:09:54,100.0,100.0,24.789005270258315
2026-02-23 16:10:09,100.0,100.0,24.778295991463196
2026-02-23 16:10:24,100.0,100.0,24.76758671266808
2026-02-23 16:10:39,100.0,100.0,24.756877433872965
2026-02-23 16:10:54,100.0,100.0,24.746168155077847
2026-02-23 16:11:09,100.0,100.0,24.73545887628273
2026-02-23 16:11:24,100.0,100.0,24.724749597487612
2026-02-23 16:11:39,100.0,100.0,24.714040318692497
2026-02-23 16:11:54,100.0,100.0,24.703331039897378
2026-02-23 16:12:09,100.0,100.0,24.692621761102263
2026-02-23 16:12:24,100.0,100.0,24.681912482307148
2026-02-23 16:12:39,100.0,100.0,24.67120320351203
2026-02-23 16:12:54,100.0,100.0,24.660493924716913
2026-02-23 16:13:09,100.0,100.0,24.649784645921795
2026-02-23 16:13:24,100.0,100.0,24.63907536712668
2026-02-23 16:13:39,100.0,100.0,24.628366088331564
2026-02-23 16:13:54,100.0,100.0,24.617656809536445
2026-02-23 16:14:09,100.0,100.0,24.60694753074133
2026-02-23 16:14:24,100.0,100.0,24.59623825194621
2026-02-23 16:14:39,100.0,100.0,24.585528973151096
2026-02-23 16:14:54,100.0,100.0,24.574819694355977
2026-02-23 16:15:09,100.0,100.0,24.56411041556086
2026-02-23 16:15:24,100.0,100.0,24.553401136765746
2026-02-23 16:15:39,100.0,100.0,24.542691857970627
2026-02-23 16:15:54,100.0,100.0,24.531982579175512
2026-02-23 16:16:09,100.0,100.0,24.521273300380393
2026-02-23 16:16:24,100.0,100.0,24.510564021585278
2026-02-23 16:16:39,100.0,100.0,24.499854742790163
2026-02-23 16:16:54,100.0,100.0,24.489145463995044
2026-02-23 16:17:09,100.0,100.0,24.47843618519993
2026-02-23 16:17:24,100.0,100.0,24.46772690640481
2026-02-23 16:17:39,100.0,100.0,24.457017627609694
2026-02-23 16:17:54,100.0,100.0,24.446308348814576
2026-02-23 16:18:09,100.0,100.0,24.43559907001946
2026-02-23 16:18:24,100.0,100.0,24.424889791224345
2026-02-23 16:18:39,100.0,100.0,24.414180512429226
2026-02-23 16:18:54,100.0,100.0,24.40347123363411
2026-02-23 16:19:09,100.0,100.0,24.392761954838992
2026-02-23 16:19:24,100.0,100.0,24.382052676043877
2026-02-23 16:19:39,100.0,100.0,24.37134339724876
2026-02-23 16:19:54,100.0,100.0,24.360634118453643
2026-02-23 16:20:09,100.0,100.0,24.349924839658527
2026-02-23 16:20:24,100.0,100.0,24.33921556086341
2026-02-23 16:20:39,100.0,100.0,24.328506282068293
2026-02-23 16:20:54,100.0,100.0,24.317797003273178
2026-02-23 16:21:09,100.0,100.0,24.30708772447806
2026-02-23 16:21:24,100.0,100.0,24.296378445682944
2026-02-23 16:21:39,100.0,100.0,24.285669166887825
2026-02-23 16:21:54,100.0,100.0,24.27495988809271
2026-02-23 16:22:09,100.0,100.0,24.26425060929759
2026-02-23 16:22:24,100.0,100.0,24.253541330502475
2026-02-23 16:22:39,100.0,100.0,24.24283205170736
2026-02-23 16:22:54,100.0,100.0,24.23212277291224
2026-02-23 16:23:09,100.0,100.0,24.221413494117126
2026-02-23 16:23:24,100.0,100.0,24.210704215322007
2026-02-23 16:23:39,100.0,100.0,24.199994936526892
2026-02-23 16:23:54,100.0,100.0,24.189285657731777
2026-02-23 16:24:09,100.0,100.0,24.178576378936658
2026-02-23 16:24:24,100.0,100.0,24.167867100141542
2026-02-23 16:24:39,100.0,100.0,24.157157821346424
2026-02-23 16:24:54,100.0,100.0,24.14644854255131
2026-02-23 16:25:09,100.0,100.0,24.135739263756193
2026-02-23 16:25:24,100.0,100.0,24.125029984961074
2026-02-23 16:25:39,100.0,100.0,24.11432070616596
2026-02-23 16:25:54,100.0,100.0,24.10361142737084
2026-02-23 16:26:09,100.0,100.0,24.092902148575725
2026-02-23 16:26:24,100.0,100.0,24.082192869780606
2026-02-23 16:26:39,100.0,100.0,24.07148359098549
2026-02-23 16:26:54,100.0,100.0,24.060774312190375
2026-02-23 16:27:09,100.0,100.0,24.050065033395256
2026-02-23 16:27:24,100.0,100.0,24.03935575460014
2026-02-23 16:27:39,100.0,100.0,24.028646475805022
2026-02-23 16:27:54,100.0,100.0,24.017937197009907
2026-02-23 16:28:09,100.0,100.0,24.007227918214788
2026-02-23 16:28:24,100.0,100.0,23.996518639419673
2026-02-23 16:28:39,100.0,100.0,23.985809360624557
2026-02-23 16:28:54,100.0,100.0,23.97510008182944
2026-02-23 16:29:09,100.0,100.0,23.964390803034323
2026-02-23 16:29:24,100.0,100.0,23.953681524239204
2026-02-23 16:29:39,100.0,100.0,23.94297224544409
2026-02-23 16:29:54,100.0,100.0,23.932262966648974
2026-02-23 16:30:09,100.0,100.0,23.921553687853855
2026-02-23 16:30:24,100.0,100.0,23.91084440905874
2026-02-23 16:30:39,100.0,100.0,23.90013513026362
2026-02-23 16:30:54,100.0,100.0,23.889425851468506
2026-02-23 16:31:09,100.0,100.0,23.87871657267339
2026-02-23 16:31:24,100.0,100.0,23.86800729387827
2026-02-23 16:31:39,100.0,100.0,23.857298015083156
2026-02-23 16:31:54,100.0,100.0,23.846588736288037
2026-02-23 16:32:09,100.0,100.0,23.835879457492922
2026-02-23 16:32:24,100.0,100.0,23.825170178697803
2026-02-23 16:32:39,100.0,100.0,23.814460899902688
2026-02-23 16:32:54,100.0,100.0,23.803751621107573
2026-02-23 16:33:09,100.0,100.0,23.793042342312454
2026-02-23 16:33:24,100.0,100.0,23.78233306351734
2026-02-23 16:33:39,100.0,100.0,23.77162378472222
2026-02-23 16:33:54,100.0,100.0,23.760914505927104
2026-02-23 16:34:09,100.0,100.0,23.75020522713199
2026-02-23 16:34:24,100.0,100.0,23.73949594833687
2026-02-23 16:34:39,100.0,100.0,23.728786669541755
2026-02-23 16:34:54,100.0,100.0,23.718077390746636
2026-02-23 16:35:09,100.0,100.0,23.70736811195152
2026-02-23 16:35:24,100.0,100.0,23.696658833156405
2026-02-23 16:35:39,100.0,100.0,23.685949554361287
2026-02-23 16:35:54,100.0,100.0,23.67524027556617
2026-02-23 16:36:09,100.0,100.0,23.664530996771052
2026-02-23 16:36:24,100.0,100.0,23.653821717975937
2026-02-23 16:36:39,100.0,100.0,23.64311243918082
2026-02-23 16:36:54,100.0,100.0,23.632403160385703
2026-02-23 16:37:09,100.0,100.0,23.621693881590588
2026-02-23 16:37:24,100.0,100.0,23.61098460279547
2026-02-23 16:37:39,100.0,100.0,23.600275324000354
2026-02-23 16:37:54,100.0,100.0,23.589566045205235
2026-02-23 16:38:09,100.0,100.0,23.57885676641012
2026-02-23 16:38:24,100.0,100.0,23.568147487615
2026-02-23 16:38:39,100.0,100.0,23.557438208819885
2026-02-23 16:38:54,100.0,100.0,23.54672893002477
2026-02-23 16:39:09,100.0,100.0,23.53601965122965
2026-02-23 16:39:24,100.0,100.0,23.525310372434536
2026-02-23 16:39:39,100.0,100.0,23.514601093639417
2026-02-23 16:39:54,100.0,100.0,23.5038918148443
2026-02-23 16:40:09,100.0,100.0,23.493182536049186
2026-02-23 16:40:24,100.0,100.0,23.482473257254068
2026-02-23 16:40:39,100.0,100.0,23.471763978458952
2026-02-23 16:40:54,100.0,100.0,23.461054699663833
2026-02-23 16:41:09,100.0,100.0,23.450345420868718
2026-02-23 16:41:24,100.0,100.0,23.439636142073603
2026-02-23 16:41:39,100.0,100.0,23.428926863278484
2026-02-23 16:41:54,100.0,100.0,23.41821758448337
2026-02-23 16:42:09,100.0,100.0,23.40750830568825
2026-02-23 16:42:24,100.0,100.0,23.396799026893135
2026-02-23 16:42:39,100.0,100.0,23.386089748098016
2026-02-23 16:42:54,100.0,100.0,23.3753804693029
2026-02-23 16:43:09,100.0,100.0,23.364671190507785
2026-02-23 16:43:24,100.0,100.0,23.353961911712666
2026-02-23 16:43:39,100.0,100.0,23.34325263291755
2026-02-23 16:43:54,100.0,100.0,23.332543354122432
2026-02-23 16:44:09,100.0,100.0,23.321834075327317
2026-02-23 16:44:24,100.0,100.0,23.3111247965322
2026-02-23 16:44:39,100.0,100.0,23.300415517737083
2026-02-23 16:44:54,100.0,100.0,23.289706238941967
2026-02-23 16:45:09,100.0,100.0,23.27899696014685
2026-02-23 16:45:24,100.0,100.0,23.268287681351733
2026-02-23 16:45:39,100.0,100.0,23.257578402556614
2026-02-23 16:45:54,100.0,100.0,23.2468691237615
2026-02-23 16:46:09,100.0,100.0,23.236159844966384
2026-02-23 16:46:24,100.0,100.0,23.225450566171265
2026-02-23 16:46:39,100.0,100.0,23.21474128737615
2026-02-23 16:46:54,100.0,100.0,23.20403200858103
2026-02-23 16:47:09,100.0,100.0,23.193322729785915
2026-02-23 16:47:24,100.0,100.0,23.1826134509908
2026-02-23 16:47:39,100.0,100.0,23.17190417219568
2026-02-23 16:47:54,100.0,100.0,23.161194893400566
2026-02-23 16:48:09,100.0,100.0,23.150485614605447
2026-02-23 16:48:24,100.0,100.0,23.139776335810332
2026-02-23 16:48:39,100.0,100.0,23.129067057015213
2026-02-23 16:48:54,100.0,100.0,23.118357778220098
2026-02-23 16:49:09,100.0,100.0,23.107648499424982
2026-02-23 16:49:24,100.0,100.0,23.096939220629864
2026-02-23 16:49:39,100.0,100.0,23.08622994183475
2026-02-23 16:49:54,100.0,100.0,23.07552066303963
2026-02-23 16:50:09,100.0,100.0,23.064811384244514
2026-02-23 16:50:24,100.0,100.0,23.0541021054494
2026-02-23 16:50:39,100.0,100.0,23.04339282665428
2026-02-23 16:50:54,100.0,100.0,23.032683547859165
2026-02-23 16:51:09,100.0,100.0,23.021974269064046
2026-02-23 16:51:24,100.0,100.0,23.01126499026893
2026-02-23 16:51:39,100.0,100.0,23.000555711473815
2026-02-23 16:51:54,100.0,100.0,22.989846432678696
2026-02-23 16:52:09,100.0,100.0,22.97913715388358
2026-02-23 16:52:24,100.0,100.0,22.968427875088462
2026-02-23 16:52:39,100.0,100.0,22.957718596293347
2026-02-23 16:52:54,100.0,100.0,22.947009317498228
2026-02-23 16:53:09,100.0,100.0,22.936300038703113
2026-02-23 16:53:24,100.0,100.0,22.925590759907998
2026-02-23 16:53:39,100.0,100.0,22.91488148111288
2026-02-23 16:53:54,100.0,100.0,22.904172202317763
2026-02-23 16:54:09,100.0,100.0,22.893462923522645
2026-02-23 16:54:24,100.0,100.0,22.88275364472753
2026-02-23 16:54:39,100.0,100.0,22.87204436593241
2026-02-23 16:54:54,100.0,100.0,22.861335087137295
2026-02-23 16:55:09,100.0,100.0,22.85062580834218
2026-02-23 16:55:24,100.0,100.0,22.83991652954706
2026-02-23 16:55:39,100.0,100.0,22.829207250751946
2026-02-23 16:55:54,100.0,100.0,22.81849797195683
2026-02-23 16:56:09,100.0,100.0,22.80778869316171
2026-02-23 16:56:24,100.0,100.0,22.797079414366596
2026-02-23 16:56:39,100.0,100.0,22.786370135571477
2026-02-23 16:56:54,100.0,100.0,22.775660856776362
2026-02-23 16:57:09,100.0,100.0,22.764951577981243
2026-02-23 16:57:24,100.0,100.0,22.754242299186128
2026-02-23 16:57:39,100.0,100.0,22.743533020391013
2026-02-23 16:57:54,100.0,100.0,22.732823741595894
2026-02-23 16:58:09,100.0,100.0,22.72211446280078
2026-02-23 16:58:24,100.0,100.0,22.71140518400566
2026-02-23 16:58:39,100.0,100.0,22.700695905210544
2026-02-23 16:58:54,100.0,100.0,22.689986626415426
2026-02-23 16:59:09,100.0,100.0,22.67927734762031
2026-02-23 16:59:24,100.0,100.0,22.668568068825195
2026-02-23 16:59:39,100.0,100.0,22.657858790030076
2026-02-23 16:59:54,100.0,100.0,22.64714951123496
2026-02-23 17:00:09,100.0,100.0,22.636440232439842
2026-02-23 17:00:24,100.0,100.0,22.625730953644727
2026-02-23 17:00:39,100.0,100.0,22.61502167484961
2026-02-23 17:00:54,100.0,100.0,22.604312396054492
2026-02-23 17:01:09,100.0,100.0,22.593603117259377
2026-02-23 17:01:24,100.0,100.0,22.58289383846426
2026-02-23 17:01:39,100.0,100.0,22.572184559669143
2026-02-23 17:01:54,100.0,100.0,22.561475280874028
2026-02-23 17:02:09,100.0,100.0,22.55076600207891
2026-02-23 17:02:24,100.0,100.0,22.540056723283794
2026-02-23 17:02:39,100.0,100.0,22.529347444488675
2026-02-23 17:02:54,100.0,100.0,22.51863816569356
2026-02-23 17:03:09,100.0,100.0,22.50792888689844
2026-02-23 17:03:24,100.0,100.0,22.497219608103325
2026-02-23 17:03:39,100.0,100.0,22.48651032930821
2026-02-23 17:03:54,100.0,100.0,22.47580105051309
2026-02-23 17:04:09,100.0,100.0,22.465091771717976
2026-02-23 17:04:24,100.0,100.0,22.454382492922857
2026-02-23 17:04:39,100.0,100.0,22.44367321412774
2026-02-23 17:04:54,100.0,100.0,22.432963935332623
2026-02-23 17:05:09,100.0,100.0,22.422254656537508
2026-02-23 17:05:24,100.0,100.0,22.411545377742392
2026-02-23 17:05:39,100.0,100.0,22.400836098947273
2026-02-23 17:05:54,100.0,100.0,22.390126820152158
2026-02-23 17:06:09,100.0,100.0,22.379417541357043
2026-02-23 17:06:24,100.0,100.0,22.368708262561924
2026-02-23 17:06:39,100.0,100.0,22.35799898376681
2026-02-23 17:06:54,100.0,100.0,22.34728970497169
2026-02-23 17:07:09,100.0,100.0,22.336580426176575
2026-02-23 17:07:24,100.0,100.0,22.325871147381456
2026-02-23 17:07:39,100.0,100.0,22.31516186858634
2026-02-23 17:07:54,100.0,100.0,22.304452589791225
2026-02-23 17:08:09,100.0,100.0,22.293743310996106
2026-02-23 17:08:24,100.0,100.0,22.28303403220099
2026-02-23 17:08:39,100.0,100.0,22.272324753405872
2026-02-23 17:08:54,100.0,100.0,22.261615474610757
2026-02-23 17:09:09,100.0,100.0,22.250906195815638
2026-02-23 17:09:24,100.0,100.0,22.240196917020523
2026-02-23 17:09:39,100.0,100.0,22.229487638225407
2026-02-23 17:09:54,100.0,100.0,22.21877835943029
2026-02-23 17:10:09,100.0,100.0,22.208069080635173
2026-02-23 17:10:24,100.0,100.0,22.197359801840054
2026-02-23 17:10:39,100.0,100.0,22.18665052304494
2026-02-23 17:10:54,100.0,100.0,22.175941244249824
2026-02-23 17:11:09,100.0,100.0,22.165231965454705
2026-02-23 17:11:24,100.0,100.0,22.15452268665959
2026-02-23 17:11:39,100.0,100.0,22.14381340786447
2026-02-23 17:11:54,100.0,100.0,22.133104129069356
2026-02-23 17:12:09,87.5,100.0,22.12239485027424
2026-02-23 17:12:24,87.5,100.0,22.11168557147912
2026-02-23 17:12:39,87.5,100.0,22.100976292684006
2026-02-23 17:12:54,100.0,100.0,22.090267013888887
2026-02-23 17:13:09,100.0,100.0,22.079557735093772
2026-02-23 17:13:24,100.0,100.0,22.068848456298653
2026-02-23 17:13:39,100.0,100.0,22.058139177503538
2026-02-23 17:13:54,100.0,100.0,22.047429898708423
2026-02-23 17:14:09,100.0,100.0,22.036720619913304
2026-02-23 17:14:24,100.0,100.0,22.02601134111819
2026-02-23 17:14:39,87.5,100.0,22.01530206232307
2026-02-23 17:14:54,87.5,100.0,22.004592783527954
2026-02-23 17:15:09,87.5,100.0,21.993883504732835
2026-02-23 17:15:24,87.5,100.0,21.98317422593772
2026-02-23 17:15:39,87.5,100.0,21.972464947142605
2026-02-23 17:15:54,87.5,100.0,21.961755668347486
2026-02-23 17:16:09,100.0,100.0,21.95104638955237
2026-02-23 17:16:24,100.0,100.0,21.940337110757255
2026-02-23 17:16:39,100.0,100.0,21.929627831962136
2026-02-23 17:16:54,100.0,100.0,21.91891855316702
2026-02-23 17:17:09,100.0,100.0,21.908209274371902
2026-02-23 17:17:24,100.0,100.0,21.897499995576787
2026-02-23 17:17:39,100.0,100.0,21.886790716781668
2026-02-23 17:17:54,100.0,100.0,21.876081437986553
2026-02-23 17:18:09,100.0,100.0,21.865372159191438
2026-02-23 17:18:24,100.0,100.0,21.85466288039632
2026-02-23 17:18:39,100.0,100.0,21.843953601601203
2026-02-23 17:18:54,100.0,100.0,21.833244322806085
2026-02-23 17:19:09,100.0,100.0,21.82253504401097
2026-02-23 17:19:24,100.0,100.0,21.81182576521585
2026-02-23 17:19:39,100.0,100.0,21.801116486420735
2026-02-23 17:19:54,100.0,100.0,21.79040720762562
2026-02-23 17:20:09,100.0,100.0,21.7796979288305
2026-02-23 17:20:24,100.0,100.0,21.768988650035386
2026-02-23 17:20:39,100.0,100.0,21.758279371240267
2026-02-23 17:20:54,100.0,100.0,21.74757009244515
2026-02-23 17:21:09,100.0,100.0,21.736860813650036
2026-02-23 17:21:24,100.0,100.0,21.726151534854917
2026-02-23 17:21:39,100.0,100.0,21.715442256059802
2026-02-23 17:21:54,100.0,100.0,21.704732977264683
2026-02-23 17:22:09,100.0,100.0,21.694023698469568
2026-02-23 17:22:24,100.0,100.0,21.683314419674453
2026-02-23 17:22:39,100.0,100.0,21.672605140879334
2026-02-23 17:22:54,100.0,100.0,21.66189586208422
2026-02-23 17:23:09,100.0,100.0,21.6511865832891
2026-02-23 17:23:24,100.0,100.0,21.640477304493984
2026-02-23 17:23:39,100.0,100.0,21.629768025698866
2026-02-23 17:23:54,100.0,100.0,21.61905874690375
2026-02-23 17:24:09,100.0,100.0,21.608349468108635
2026-02-23 17:24:24,100.0,100.0,21.597640189313516
2026-02-23 17:24:39,100.0,100.0,21.5869309105184
2026-02-23 17:24:54,100.0,100.0,21.576221631723282
2026-02-23 17:25:09,100.0,100.0,21.565512352928167
2026-02-23 17:25:24,100.0,100.0,21.554803074133048
2026-02-23 17:25:39,100.0,100.0,21.544093795337933
2026-02-23 17:25:54,100.0,100.0,21.533384516542817
2026-02-23 17:26:09,100.0,100.0,21.5226752377477
2026-02-23 17:26:24,100.0,100.0,21.511965958952583
2026-02-23 17:26:39,100.0,100.0,21.501256680157468
2026-02-23 17:26:54,100.0,100.0,21.49054740136235
2026-02-23 17:27:09,100.0,100.0,21.479838122567234
2026-02-23 17:27:24,100.0,100.0,21.469128843772115
2026-02-23 17:27:39,100.0,100.0,21.458419564977
2026-02-23 17:27:54,100.0,100.0,21.44771028618188
2026-02-23 17:28:09,100.0,100.0,21.437001007386765
2026-02-23 17:28:24,100.0,100.0,21.42629172859165
2026-02-23 17:28:39,100.0,100.0,21.41558244979653
2026-02-23 17:28:54,100.0,100.0,21.404873171001416
2026-02-23 17:29:09,100.0,100.0,21.394163892206297
2026-02-23 17:29:24,100.0,100.0,21.383454613411182
2026-02-23 17:29:39,100.0,100.0,21.372745334616063
2026-02-23 17:29:54,100.0,100.0,21.362036055820948
2026-02-23 17:30:09,100.0,100.0,21.351326777025832
2026-02-23 17:30:24,100.0,100.0,21.340617498230714
2026-02-23 17:30:39,100.0,100.0,21.3299082194356
2026-02-23 17:30:54,100.0,100.0,21.31919894064048
2026-02-23 17:31:09,100.0,100.0,21.308489661845364
2026-02-23 17:31:24,100.0,100.0,21.29778038305025
2026-02-23 17:31:39,100.0,100.0,21.28707110425513
2026-02-23 17:31:54,100.0,100.0,21.276361825460015
2026-02-23 17:32:09,100.0,100.0,21.265652546664896
2026-02-23 17:32:24,100.0,100.0,21.25494326786978
2026-02-23 17:32:39,100.0,100.0,21.244233989074665
2026-02-23 17:32:54,100.0,100.0,21.233524710279546
2026-02-23 17:33:09,100.0,100.0,21.22281543148443
2026-02-23 17:33:24,100.0,100.0,21.212106152689312
2026-02-23 17:33:39,100.0,100.0,21.201396873894197
2026-02-23 17:33:54,100.0,100.0,21.190687595099078
2026-02-23 17:34:09,100.0,100.0,21.179978316303963
2026-02-23 17:34:24,100.0,100.0,21.169269037508847
2026-02-23 17:34:39,100.0,100.0,21.15855975871373
2026-02-23 17:34:54,100.0,100.0,21.147850479918613
2026-02-23 17:35:09,100.0,100.0,21.137141201123494
2026-02-23 17:35:24,100.0,100.0,21.12643192232838
2026-02-23 17:35:39,100.0,100.0,21.11572264353326
2026-02-23 17:35:54,100.0,100.0,21.105013364738145
2026-02-23 17:36:09,100.0,100.0,21.09430408594303
2026-02-23 17:36:24,100.0,100.0,21.08359480714791
2026-02-23 17:36:39,100.0,100.0,21.072885528352796
2026-02-23 17:36:54,100.0,100.0,21.06217624955768
2026-02-23 17:37:09,100.0,100.0,21.05146697076256
2026-02-23 17:37:24,100.0,100.0,21.040757691967443
2026-02-23 17:37:39,100.0,100.0,21.030048413172327
2026-02-23 17:37:54,100.0,100.0,21.019339134377212
2026-02-23 17:38:09,100.0,100.0,21.008629855582093
2026-02-23 17:38:24,100.0,100.0,20.997920576786978
2026-02-23 17:38:39,100.0,100.0,20.987211297991863
2026-02-23 17:38:54,100.0,100.0,20.976502019196744
2026-02-23 17:39:09,100.0,100.0,20.96579274040163
2026-02-23 17:39:24,100.0,100.0,20.95508346160651
2026-02-23 17:39:39,100.0,100.0,20.944374182811394
2026-02-23 17:39:54,100.0,100.0,20.933664904016275
2026-02-23 17:40:09,100.0,100.0,20.92295562522116
2026-02-23 17:40:24,100.0,100.0,20.912246346426045
2026-02-23 17:40:39,100.0,100.0,20.901537067630926
2026-02-23 17:40:54,100.0,100.0,20.89082778883581
2026-02-23 17:41:09,100.0,100.0,20.880118510040695
2026-02-23 17:41:24,100.0,100.0,20.869409231245577
2026-02-23 17:41:39,100.0,100.0,20.858699952450458
2026-02-23 17:41:54,100.0,100.0,20.847990673655342
2026-02-23 17:42:09,100.0,100.0,20.837281394860227
2026-02-23 17:42:24,100.0,100.0,20.82657211606511
2026-02-23 17:42:39,100.0,100.0,20.815862837269993
2026-02-23 17:42:54,100.0,100.0,20.805153558474878
2026-02-23 17:43:09,100.0,100.0,20.79444427967976
2026-02-23 17:43:24,100.0,100.0,20.783735000884644
2026-02-23 17:43:39,100.0,100.0,20.773025722089525
2026-02-23 17:43:54,100.0,100.0,20.76231644329441
2026-02-23 17:44:09,100.0,100.0,20.75160716449929
2026-02-23 17:44:24,100.0,100.0,20.740897885704175
2026-02-23 17:44:39,100.0,100.0,20.73018860690906
2026-02-23 17:44:54,100.0,100.0,20.71947932811394
2026-02-23 17:45:09,100.0,100.0,20.708770049318826
2026-02-23 17:45:24,100.0,100.0,20.698060770523707
2026-02-23 17:45:39,100.0,100.0,20.68735149172859
2026-02-23 17:45:54,100.0,100.0,20.676642212933473
2026-02-23 17:46:09,100.0,100.0,20.665932934138358
2026-02-23 17:46:24,100.0,100.0,20.655223655343242
2026-02-23 17:46:39,100.0,100.0,20.644514376548123
2026-02-23 17:46:54,100.0,100.0,20.633805097753008
2026-02-23 17:47:09,100.0,100.0,20.623095818957893
2026-02-23 17:47:24,100.0,100.0,20.612386540162774
2026-02-23 17:47:39,100.0,100.0,20.601677261367655
2026-02-23 17:47:54,100.0,100.0,20.59096798257254
2026-02-23 17:48:09,100.0,100.0,20.580258703777425
2026-02-23 17:48:24,100.0,100.0,20.569549424982306
2026-02-23 17:48:39,100.0,100.0,20.55884014618719
2026-02-23 17:48:54,100.0,100.0,20.548130867392075
2026-02-23 17:49:09,100.0,100.0,20.537421588596956
2026-02-23 17:49:24,100.0,100.0,20.52671230980184
2026-02-23 17:49:39,100.0,100.0,20.516003031006722
2026-02-23 17:49:54,100.0,100.0,20.505293752211607
2026-02-23 17:50:09,100.0,100.0,20.494584473416488
2026-02-23 17:50:24,100.0,100.0,20.483875194621373
2026-02-23 17:50:39,100.0,100.0,20.473165915826257
2026-02-23 17:50:54,100.0,100.0,20.46245663703114
2026-02-23 17:51:09,100.0,100.0,20.451747358236023
2026-02-23 17:51:24,100.0,100.0,20.441038079440908
2026-02-23 17:51:39,100.0,100.0,20.43032880064579
2026-02-23 17:51:54,100.0,100.0,20.41961952185067
2026-02-23 17:52:09,100.0,100.0,20.408910243055555
2026-02-23 17:52:24,100.0,100.0,20.39820096426044
2026-02-23 17:52:39,100.0,100.0,20.38749168546532
2026-02-23 17:52:54,100.0,100.0,20.376782406670205
2026-02-23 17:53:09,100.0,100.0,20.36607312787509
2026-02-23 17:53:24,100.0,100.0,20.35536384907997
2026-02-23 17:53:39,100.0,100.0,20.344654570284856
2026-02-23 17:53:54,100.0,100.0,20.333945291489737
2026-02-23 17:54:09,100.0,100.0,20.323236012694622
2026-02-23 17:54:24,100.0,100.0,20.312526733899503
2026-02-23 17:54:39,100.0,100.0,20.301817455104388
2026-02-23 17:54:54,100.0,100.0,20.291108176309272
2026-02-23 17:55:09,100.0,100.0,20.280398897514154
2026-02-23 17:55:24,100.0,100.0,20.26968961871904
2026-02-23 17:55:39,100.0,100.0,20.25898033992392
2026-02-23 17:55:54,100.0,100.0,20.248271061128804
2026-02-23 17:56:09,100.0,100.0,20.237561782333685
2026-02-23 17:56:24,100.0,100.0,20.22685250353857
2026-02-23 17:56:39,100.0,100.0,20.216143224743455
2026-02-23 17:56:54,100.0,100.0,20.205433945948336
2026-02-23 17:57:09,100.0,100.0,20.19472466715322
2026-02-23 17:57:24,100.0,100.0,20.184015388358105
2026-02-23 17:57:39,100.0,100.0,20.173306109562986
2026-02-23 17:57:54,100.0,100.0,20.162596830767868
2026-02-23 17:58:09,100.0,100.0,20.151887551972752
2026-02-23 17:58:24,100.0,100.0,20.141178273177637
2026-02-23 17:58:39,100.0,100.0,20.130468994382518
2026-02-23 17:58:54,100.0,100.0,20.119759715587403
2026-02-23 17:59:09,100.0,100.0,20.109050436792288
2026-02-23 17:59:24,100.0,100.0,20.09834115799717
2026-02-23 17:59:39,100.0,100.0,20.087631879202053
2026-02-23 17:59:54,100.0,100.0,20.076922600406935
2026-02-23 18:00:09,100.0,100.0,20.072333203125
2026-02-23 18:00:24,100.0,100.0,20.071823726851854
2026-02-23 18:00:39,100.0,100.0,20.071314250578705
2026-02-23 18:00:54,100.0,100.0,20.070804774305557
2026-02-23 18:01:09,100.0,100.0,20.07029529803241
2026-02-23 18:01:24,100.0,100.0,20.06978582175926
2026-02-23 18:01:39,100.0,100.0,20.069276345486113
2026-02-23 18:01:54,100.0,100.0,20.068766869212965
2026-02-23 18:02:09,100.0,100.0,20.068257392939817
2026-02-23 18:02:24,100.0,100.0,20.06774791666667
2026-02-23 18:02:39,100.0,100.0,20.06723844039352
2026-02-23 18:02:54,100.0,100.0,20.066728964120372
2026-02-23 18:03:09,100.0,100.0,20.066219487847224
2026-02-23 18:03:24,100.0,100.0,20.065710011574076
2026-02-23 18:03:39,100.0,100.0,20.065200535300928
2026-02-23 18:03:54,100.0,100.0,20.06469105902778
2026-02-23 18:04:09,100.0,100.0,20.064181582754628
2026-02-23 18:04:24,100.0,100.0,20.06367210648148
2026-02-23 18:04:39,100.0,100.0,20.063162630208332
2026-02-23 18:04:54,100.0,100.0,20.062653153935184
2026-02-23 18:05:09,100.0,100.0,20.062143677662036
2026-02-23 18:05:24,100.0,100.0,20.061634201388888
2026-02-23 18:05:39,100.0,100.0,20.06112472511574
2026-02-23 18:05:54,100.0,100.0,20.06061524884259
2026-02-23 18:06:09,100.0,100.0,20.060105772569443
2026-02-23 18:06:24,100.0,100.0,20.059596296296295
2026-02-23 18:06:39,100.0,100.0,20.059086820023147
2026-02-23 18:06:54,100.0,100.0,20.05857734375
2026-02-23 18:07:09,100.0,100.0,20.05806786747685
2026-02-23 18:07:24,100.0,100.0,20.057558391203703
2026-02-23 18:07:39,100.0,100.0,20.057048914930554
2026-02-23 18:07:54,100.0,100.0,20.056539438657406
2026-02-23 18:08:09,100.0,100.0,20.056029962384258
2026-02-23 18:08:24,100.0,100.0,20.05552048611111
2026-02-23 18:08:39,100.0,100.0,20.055011009837962
2026-02-23 18:08:54,100.0,100.0,20.054501533564814
2026-02-23 18:09:09,100.0,100.0,20.053992057291666
2026-02-23 18:09:24,100.0,100.0,20.053482581018518
2026-02-23 18:09:39,100.0,100.0,20.05297310474537
2026-02-23 18:09:54,100.0,100.0,20.05246362847222
2026-02-23 18:10:09,100.0,100.0,20.051954152199073
2026-02-23 18:10:24,100.0,100.0,20.051444675925925
2026-02-23 18:10:39,100.0,100.0,20.050935199652777
2026-02-23 18:10:54,100.0,100.0,20.05042572337963
2026-02-23 18:11:09,100.0,100.0,20.04991624710648
2026-02-23 18:11:24,100.0,100.0,20.049406770833333
2026-02-23 18:11:39,100.0,100.0,20.048897294560184
2026-02-23 18:11:54,100.0,100.0,20.048387818287036
2026-02-23 18:12:09,100.0,100.0,20.047878342013888
2026-02-23 18:12:24,100.0,100.0,20.04736886574074
2026-02-23 18:12:39,100.0,100.0,20.046859389467592
2026-02-23 18:12:54,100.0,100.0,20.046349913194444
2026-02-23 18:13:09,100.0,100.0,20.045840436921296
2026-02-23 18:13:24,100.0,100.0,20.045330960648148
2026-02-23 18:13:39,100.0,100.0,20.044821484375
2026-02-23 18:13:54,100.0,100.0,20.04431200810185
2026-02-23 18:14:09,100.0,100.0,20.043802531828703
2026-02-23 18:14:24,100.0,100.0,20.043293055555555
2026-02-23 18:14:39,100.0,100.0,20.042783579282407
2026-02-23 18:14:54,100.0,100.0,20.04227410300926
2026-02-23 18:15:09,100.0,100.0,20.04176462673611
2026-02-23 18:15:24,100.0,100.0,20.041255150462963
2026-02-23 18:15:39,100.0,100.0,20.040745674189814
2026-02-23 18:15:54,100.0,100.0,20.040236197916666
2026-02-23 18:16:09,100.0,100.0,20.039726721643518
2026-02-23 18:16:24,100.0,100.0,20.03921724537037
2026-02-23 18:16:39,100.0,100.0,20.038707769097222
2026-02-23 18:16:54,100.0,100.0,20.038198292824074
2026-02-23 18:17:09,100.0,100.0,20.037688816550926
2026-02-23 18:17:24,100.0,100.0,20.037179340277778
2026-02-23 18:17:39,100.0,100.0,20.03666986400463
2026-02-23 18:17:54,100.0,100.0,20.03616038773148
2026-02-23 18:18:09,100.0,100.0,20.035650911458333
2026-02-23 18:18:24,100.0,100.0,20.035141435185185
2026-02-23 18:18:39,100.0,100.0,20.034631958912037
2026-02-23 18:18:54,100.0,100.0,20.03412248263889
2026-02-23 18:19:09,100.0,100.0,20.03361300636574
2026-02-23 18:19:24,100.0,100.0,20.033103530092593
2026-02-23 18:19:39,100.0,100.0,20.032594053819444
2026-02-23 18:19:54,100.0,100.0,20.032084577546296
2026-02-23 18:20:09,100.0,100.0,20.031575101273148
2026-02-23 18:20:24,100.0,100.0,20.031065625
2026-02-23 18:20:39,100.0,100.0,20.030556148726852
2026-02-23 18:20:54,100.0,100.0,20.030046672453704
2026-02-23 18:21:09,100.0,100.0,20.029537196180556
2026-02-23 18:21:24,100.0,100.0,20.029027719907408
2026-02-23 18:21:39,100.0,100.0,20.02851824363426
2026-02-23 18:21:54,100.0,100.0,20.02800876736111
2026-02-23 18:22:09,100.0,100.0,20.027499291087963
2026-02-23 18:22:24,100.0,100.0,20.026989814814815
2026-02-23 18:22:39,100.0,100.0,20.026480338541667
2026-02-23 18:22:54,100.0,100.0,20.02597086226852
2026-02-23 18:23:09,100.0,100.0,20.02546138599537
2026-02-23 18:23:24,100.0,100.0,20.024951909722223
2026-02-23 18:23:39,100.0,100.0,20.024442433449074
2026-02-23 18:23:54,100.0,100.0,20.023932957175926
2026-02-23 18:24:09,100.0,100.0,20.02342348090278
2026-02-23 18:24:24,100.0,100.0,20.02291400462963
2026-02-23 18:24:39,100.0,100.0,20.022404528356482
2026-02-23 18:24:54,100.0,100.0,20.021895052083334
2026-02-23 18:25:09,100.0,100.0,20.021385575810186
2026-02-23 18:25:24,100.0,100.0,20.020876099537038
2026-02-23 18:25:39,100.0,100.0,20.02036662326389
2026-02-23 18:25:54,100.0,100.0,20.01985714699074
2026-02-23 18:26:09,100.0,100.0,20.019347670717593
2026-02-23 18:26:24,100.0,100.0,20.018838194444445
2026-02-23 18:26:39,100.0,100.0,20.018328718171297
2026-02-23 18:26:54,100.0,100.0,20.01781924189815
2026-02-23 18:27:09,100.0,100.0,20.017309765625
2026-02-23 18:27:24,100.0,100.0,20.016800289351853
2026-02-23 18:27:39,100.0,100.0,20.016290813078705
2026-02-23 18:27:54,100.0,100.0,20.015781336805556
2026-02-23 18:28:09,100.0,100.0,20.01527186053241
2026-02-23 18:28:24,100.0,100.0,20.01476238425926
2026-02-23 18:28:39,100.0,100.0,20.014252907986112
2026-02-23 18:28:54,100.0,100.0,20.013743431712964
2026-02-23 18:29:09,100.0,100.0,20.013233955439816
2026-02-23 18:29:24,100.0,100.0,20.012724479166668
2026-02-23 18:29:39,100.0,100.0,20.01221500289352
2026-02-23 18:29:54,100.0,100.0,20.01170552662037
2026-02-23 18:30:09,100.0,100.0,20.011196050347223
2026-02-23 18:30:24,100.0,100.0,20.010686574074075
2026-02-23 18:30:39,100.0,100.0,20.010177097800927
2026-02-23 18:30:54,100.0,100.0,20.00966762152778
2026-02-23 18:31:09,100.0,100.0,20.00915814525463
2026-02-23 18:31:24,100.0,100.0,20.008648668981483
2026-02-23 18:31:39,100.0,100.0,20.008139192708335
2026-02-23 18:31:54,100.0,100.0,20.007629716435186
2026-02-23 18:32:09,100.0,100.0,20.00712024016204
2026-02-23 18:32:24,100.0,100.0,20.00661076388889
2026-02-23 18:32:39,100.0,100.0,20.006101287615742
2026-02-23 18:32:54,100.0,100.0,20.005591811342594
2026-02-23 18:33:09,100.0,100.0,20.005082335069446
2026-02-23 18:33:24,100.0,100.0,20.004572858796298
2026-02-23 18:33:39,100.0,100.0,20.00406338252315
2026-02-23 18:33:54,100.0,100.0,20.00355390625
2026-02-23 18:34:09,100.0,100.0,20.003044429976853
2026-02-23 18:34:24,100.0,100.0,20.002534953703705
2026-02-23 18:34:39,100.0,100.0,20.002025477430557
2026-02-23 18:34:54,87.5,100.0,20.00151600115741
2026-02-23 18:35:09,100.0,100.0,20.00100652488426
2026-02-23 18:35:24,100.0,100.0,20.000497048611113
2026-02-23 18:35:39,100.0,100.0,19.999987572337965
2026-02-23 18:35:54,100.0,100.0,19.999478096064816
2026-02-23 18:36:09,100.0,100.0,19.99896861979167
2026-02-23 18:36:24,100.0,100.0,19.99845914351852
2026-02-23 18:36:39,100.0,100.0,19.997949667245372
2026-02-23 18:36:54,100.0,100.0,19.997440190972224
2026-02-23 18:37:09,100.0,100.0,19.996930714699076
2026-02-23 18:37:24,100.0,100.0,19.996421238425928
2026-02-23 18:37:39,100.0,100.0,19.99591176215278
2026-02-23 18:37:54,100.0,100.0,19.99540228587963
2026-02-23 18:38:09,100.0,100.0,19.994892809606483
2026-02-23 18:38:24,100.0,100.0,19.994383333333335
2026-02-23 18:38:39,100.0,100.0,19.993873857060187
2026-02-23 18:38:54,100.0,100.0,19.99336438078704
2026-02-23 18:39:09,100.0,100.0,19.99285490451389
2026-02-23 18:39:24,100.0,100.0,19.992345428240743
2026-02-23 18:39:39,100.0,100.0,19.991835951967595
2026-02-23 18:39:54,100.0,100.0,19.991326475694446
2026-02-23 18:40:09,100.0,100.0,19.9908169994213
2026-02-23 18:40:24,100.0,100.0,19.99030752314815
2026-02-23 18:40:39,100.0,100.0,19.989798046875002
2026-02-23 18:40:54,100.0,100.0,19.989288570601854
2026-02-23 18:41:09,100.0,100.0,19.988779094328706
2026-02-23 18:41:24,100.0,100.0,19.988269618055558
2026-02-23 18:41:39,100.0,100.0,19.98776014178241
2026-02-23 18:41:54,100.0,100.0,19.98725066550926
2026-02-23 18:42:09,100.0,100.0,19.986741189236113
2026-02-23 18:42:24,100.0,100.0,19.986231712962965
2026-02-23 18:42:39,100.0,100.0,19.985722236689817
2026-02-23 18:42:54,100.0,100.0,19.98521276041667
2026-02-23 18:43:09,100.0,100.0,19.98470328414352
2026-02-23 18:43:24,100.0,100.0,19.984193807870373
2026-02-23 18:43:39,100.0,100.0,19.983684331597225
2026-02-23 18:43:54,100.0,100.0,19.983174855324076
2026-02-23 18:44:09,100.0,100.0,19.98266537905093
2026-02-23 18:44:24,100.0,100.0,19.982155902777777
2026-02-23 18:44:39,100.0,100.0,19.98164642650463
2026-02-23 18:44:54,100.0,100.0,19.98113695023148
2026-02-23 18:45:09,100.0,100.0,19.980627473958332
2026-02-23 18:45:24,100.0,100.0,19.980117997685184
2026-02-23 18:45:39,100.0,100.0,19.979608521412036
2026-02-23 18:45:54,100.0,100.0,19.979099045138888
2026-02-23 18:46:09,100.0,100.0,19.97858956886574
2026-02-23 18:46:24,100.0,100.0,19.97808009259259
2026-02-23 18:46:39,100.0,100.0,19.977570616319444
2026-02-23 18:46:54,100.0,100.0,19.977061140046295
2026-02-23 18:47:09,100.0,100.0,19.976551663773147
2026-02-23 18:47:24,100.0,100.0,19.9760421875
2026-02-23 18:47:39,100.0,100.0,19.97553271122685
2026-02-23 18:47:54,100.0,100.0,19.975023234953703
2026-02-23 18:48:09,100.0,100.0,19.974513758680555
2026-02-23 18:48:24,100.0,100.0,19.974004282407407
2026-02-23 18:48:39,100.0,100.0,19.97349480613426
2026-02-23 18:48:54,100.0,100.0,19.97298532986111
2026-02-23 18:49:09,100.0,100.0,19.972475853587962
2026-02-23 18:49:24,100.0,100.0,19.971966377314814
2026-02-23 18:49:39,100.0,100.0,19.971456901041666
2026-02-23 18:49:54,100.0,100.0,19.970947424768518
2026-02-23 18:50:09,100.0,100.0,19.97043794849537
2026-02-23 18:50:24,100.0,100.0,19.96992847222222
2026-02-23 18:50:39,100.0,100.0,19.969418995949074
2026-02-23 18:50:54,100.0,100.0,19.968909519675925
2026-02-23 18:51:09,100.0,100.0,19.968400043402777
2026-02-23 18:51:24,100.0,100.0,19.96789056712963
2026-02-23 18:51:39,100.0,100.0,19.96738109085648
2026-02-23 18:51:54,100.0,100.0,19.966871614583333
2026-02-23 18:52:09,100.0,100.0,19.966362138310185
2026-02-23 18:52:24,100.0,100.0,19.965852662037037
2026-02-23 18:52:39,100.0,100.0,19.96534318576389
2026-02-23 18:52:54,100.0,100.0,19.96483370949074
2026-02-23 18:53:09,100.0,100.0,19.964324233217592
2026-02-23 18:53:24,100.0,100.0,19.963814756944444
2026-02-23 18:53:39,100.0,100.0,19.963305280671296
2026-02-23 18:53:54,100.0,100.0,19.962795804398148
2026-02-23 18:54:09,100.0,100.0,19.962286328125
2026-02-23 18:54:24,100.0,100.0,19.96177685185185
2026-02-23 18:54:39,100.0,100.0,19.961267375578704
2026-02-23 18:54:54,100.0,100.0,19.960757899305555
2026-02-23 18:55:09,100.0,100.0,19.960248423032407
2026-02-23 18:55:24,100.0,100.0,19.95973894675926
2026-02-23 18:55:39,100.0,100.0,19.95922947048611
2026-02-23 18:55:54,100.0,100.0,19.958719994212963
2026-02-23 18:56:09,100.0,100.0,19.958210517939815
2026-02-23 18:56:24,100.0,100.0,19.957701041666667
2026-02-23 18:56:39,100.0,100.0,19.95719156539352
2026-02-23 18:56:54,100.0,100.0,19.95668208912037
2026-02-23 18:57:09,100.0,100.0,19.956172612847222
2026-02-23 18:57:24,100.0,100.0,19.955663136574074
2026-02-23 18:57:39,100.0,100.0,19.955153660300926
2026-02-23 18:57:54,100.0,100.0,19.954644184027778
2026-02-23 18:58:09,100.0,100.0,19.95413470775463
2026-02-23 18:58:24,100.0,100.0,19.95362523148148
2026-02-23 18:58:39,100.0,100.0,19.953115755208334
2026-02-23 18:58:54,100.0,100.0,19.952606278935185
2026-02-23 18:59:09,100.0,100.0,19.952096802662037
2026-02-23 18:59:24,100.0,100.0,19.95158732638889
2026-02-23 18:59:39,100.0,100.0,19.95107785011574
2026-02-23 18:59:54,100.0,100.0,19.950568373842593
2026-02-23 19:00:09,100.0,100.0,19.950058897569445
2026-02-23 19:00:24,100.0,100.0,19.949549421296297
2026-02-23 19:00:39,100.0,100.0,19.94903994502315
2026-02-23 19:00:54,100.0,100.0,19.94853046875
2026-02-23 19:01:09,100.0,100.0,19.948020992476852
2026-02-23 19:01:24,100.0,100.0,19.947511516203704
2026-02-23 19:01:39,100.0,100.0,19.947002039930556
2026-02-23 19:01:54,100.0,100.0,19.946492563657408
2026-02-23 19:02:09,100.0,100.0,19.94598308738426
2026-02-23 19:02:24,100.0,100.0,19.94547361111111
2026-02-23 19:02:39,100.0,100.0,19.944964134837964
2026-02-23 19:02:54,100.0,100.0,19.944454658564815
2026-02-23 19:03:09,100.0,100.0,19.943945182291667
2026-02-23 19:03:24,100.0,100.0,19.94343570601852
2026-02-23 19:03:39,100.0,100.0,19.94292622974537
2026-02-23 19:03:54,100.0,100.0,19.942416753472223
2026-02-23 19:04:09,100.0,100.0,19.941907277199075
2026-02-23 19:04:24,100.0,100.0,19.941397800925927
2026-02-23 19:04:39,100.0,100.0,19.94088832465278
2026-02-23 19:04:54,100.0,100.0,19.94037884837963
2026-02-23 19:05:09,100.0,100.0,19.939869372106482
2026-02-23 19:05:24,100.0,100.0,19.939359895833334
2026-02-23 19:05:39,100.0,100.0,19.938850419560186
2026-02-23 19:05:54,100.0,100.0,19.938340943287038
2026-02-23 19:06:09,100.0,100.0,19.93783146701389
2026-02-23 19:06:24,100.0,100.0,19.93732199074074
2026-02-23 19:06:39,100.0,100.0,19.936812514467594
2026-02-23 19:06:54,100.0,100.0,19.936303038194445
2026-02-23 19:07:09,100.0,100.0,19.935793561921297
2026-02-23 19:07:24,100.0,100.0,19.93528408564815
2026-02-23 19:07:39,100.0,100.0,19.934774609375
2026-02-23 19:07:54,100.0,100.0,19.934265133101853
2026-02-23 19:08:09,100.0,100.0,19.933755656828705
2026-02-23 19:08:24,100.0,100.0,19.933246180555557
2026-02-23 19:08:39,100.0,100.0,19.93273670428241
2026-02-23 19:08:54,100.0,100.0,19.93222722800926
2026-02-23 19:09:09,100.0,100.0,19.931717751736112
2026-02-23 19:09:24,100.0,100.0,19.931208275462964
2026-02-23 19:09:39,100.0,100.0,19.930698799189816
2026-02-23 19:09:54,100.0,100.0,19.930189322916668
2026-02-23 19:10:09,100.0,100.0,19.92967984664352
2026-02-23 19:10:24,100.0,100.0,19.92917037037037
2026-02-23 19:10:39,100.0,100.0,19.928660894097224
2026-02-23 19:10:54,100.0,100.0,19.928151417824076
2026-02-23 19:11:09,100.0,100.0,19.927641941550927
2026-02-23 19:11:24,100.0,100.0,19.92713246527778
2026-02-23 19:11:39,100.0,100.0,19.92662298900463
2026-02-23 19:11:54,100.0,100.0,19.926113512731483
2026-02-23 19:12:09,100.0,100.0,19.925604036458335
2026-02-23 19:12:24,100.0,100.0,19.925094560185187
2026-02-23 19:12:39,100.0,100.0,19.92458508391204
2026-02-23 19:12:54,100.0,100.0,19.92407560763889
2026-02-23 19:13:09,100.0,100.0,19.923566131365742
2026-02-23 19:13:24,100.0,100.0,19.923056655092594
2026-02-23 19:13:39,100.0,100.0,19.922547178819446
2026-02-23 19:13:54,100.0,100.0,19.922037702546298
2026-02-23 19:14:09,100.0,100.0,19.92152822627315
2026-02-23 19:14:24,100.0,100.0,19.92101875
2026-02-23 19:14:39,100.0,100.0,19.920509273726854
2026-02-23 19:14:54,100.0,100.0,19.919999797453706
2026-02-23 19:15:09,100.0,100.0,19.919490321180557
2026-02-23 19:15:24,100.0,100.0,19.91898084490741
2026-02-23 19:15:39,100.0,100.0,19.91847136863426
2026-02-23 19:15:54,100.0,100.0,19.917961892361113
2026-02-23 19:16:09,100.0,100.0,19.917452416087965
2026-02-23 19:16:24,100.0,100.0,19.916942939814817
2026-02-23 19:16:39,100.0,100.0,19.91643346354167
2026-02-23 19:16:54,100.0,100.0,19.91592398726852
2026-02-23 19:17:09,100.0,100.0,19.915414510995372
2026-02-23 19:17:24,100.0,100.0,19.914905034722224
2026-02-23 19:17:39,100.0,100.0,19.914395558449076
2026-02-23 19:17:54,100.0,100.0,19.913886082175928
2026-02-23 19:18:09,100.0,100.0,19.91337660590278
2026-02-23 19:18:24,100.0,100.0,19.912867129629632
2026-02-23 19:18:39,100.0,100.0,19.912357653356484
2026-02-23 19:18:54,100.0,100.0,19.911848177083336
2026-02-23 19:19:09,100.0,100.0,19.911338700810187
2026-02-23 19:19:24,100.0,100.0,19.91082922453704
2026-02-23 19:19:39,100.0,100.0,19.91031974826389
2026-02-23 19:19:54,100.0,100.0,19.909810271990743
2026-02-23 19:20:09,100.0,100.0,19.909300795717595
2026-02-23 19:20:24,100.0,100.0,19.908791319444447
2026-02-23 19:20:39,100.0,100.0,19.9082818431713
2026-02-23 19:20:54,100.0,100.0,19.90777236689815
2026-02-23 19:21:09,100.0,100.0,19.907262890625002
2026-02-23 19:21:24,100.0,100.0,19.906753414351854
2026-02-23 19:21:39,100.0,100.0,19.906243938078706
2026-02-23 19:21:54,100.0,100.0,19.905734461805558
2026-02-23 19:22:09,100.0,100.0,19.90522498553241
2026-02-23 19:22:24,100.0,100.0,19.904715509259262
2026-02-23 19:22:39,100.0,100.0,19.904206032986114
2026-02-23 19:22:54,100.0,100.0,19.903696556712966
2026-02-23 19:23:09,100.0,100.0,19.903187080439817
2026-02-23 19:23:24,100.0,100.0,19.90267760416667
2026-02-23 19:23:39,100.0,100.0,19.90216812789352
2026-02-23 19:23:54,100.0,100.0,19.901658651620373
2026-02-23 19:24:09,100.0,100.0,19.90114917534722
2026-02-23 19:24:24,100.0,100.0,19.900639699074073
2026-02-23 19:24:39,100.0,100.0,19.900130222800925
2026-02-23 19:24:54,100.0,100.0,19.899620746527777
2026-02-23 19:25:09,100.0,100.0,19.89911127025463
2026-02-23 19:25:24,100.0,100.0,19.89860179398148
2026-02-23 19:25:39,100.0,100.0,19.898092317708333
2026-02-23 19:25:54,100.0,100.0,19.897582841435185
2026-02-23 19:26:09,100.0,100.0,19.897073365162036
2026-02-23 19:26:24,100.0,100.0,19.89656388888889
2026-02-23 19:26:39,100.0,100.0,19.89605441261574
2026-02-23 19:26:54,100.0,100.0,19.895544936342592
2026-02-23 19:27:09,100.0,100.0,19.895035460069444
2026-02-23 19:27:24,100.0,100.0,19.894525983796296
2026-02-23 19:27:39,100.0,100.0,19.894016507523148
2026-02-23 19:27:54,100.0,100.0,19.89350703125
2026-02-23 19:28:09,100.0,100.0,19.89299755497685
2026-02-23 19:28:24,100.0,100.0,19.892488078703703
2026-02-23 19:28:39,100.0,100.0,19.891978602430555
2026-02-23 19:28:54,100.0,100.0,19.891469126157407
2026-02-23 19:29:09,100.0,100.0,19.89095964988426
2026-02-23 19:29:24,100.0,100.0,19.89045017361111
2026-02-23 19:29:39,100.0,100.0,19.889940697337963
2026-02-23 19:29:54,100.0,100.0,19.889431221064815
2026-02-23 19:30:09,100.0,100.0,19.888921744791666
2026-02-23 19:30:24,100.0,100.0,19.88841226851852
2026-02-23 19:30:39,100.0,100.0,19.88790279224537
2026-02-23 19:30:54,100.0,100.0,19.887393315972222
2026-02-23 19:31:09,100.0,100.0,19.886883839699074
2026-02-23 19:31:24,100.0,100.0,19.886374363425926
2026-02-23 19:31:39,87.5,100.0,19.885864887152778
2026-02-23 19:31:54,87.5,100.0,19.88535541087963
2026-02-23 19:32:09,87.5,100.0,19.88484593460648
2026-02-23 19:32:24,87.5,100.0,19.884336458333333
2026-02-23 19:32:39,87.5,100.0,19.883826982060185
2026-02-23 19:32:54,87.5,100.0,19.883317505787037
2026-02-23 19:33:09,87.5,100.0,19.88280802951389
2026-02-23 19:33:24,87.5,100.0,19.88229855324074
2026-02-23 19:33:39,87.5,100.0,19.881789076967593
2026-02-23 19:33:54,87.5,100.0,19.881279600694445
2026-02-23 19:34:09,87.5,100.0,19.880770124421296
2026-02-23 19:34:24,87.5,100.0,19.88026064814815
2026-02-23 19:34:39,87.5,100.0,19.879751171875
2026-02-23 19:34:54,87.5,100.0,19.879241695601852
2026-02-23 19:35:09,87.5,100.0,19.878732219328704
2026-02-23 19:35:24,87.5,100.0,19.878222743055556
2026-02-23 19:35:39,87.5,100.0,19.877713266782408
2026-02-23 19:35:54,87.5,100.0,19.87720379050926
2026-02-23 19:36:09,87.5,100.0,19.87669431423611
2026-02-23 19:36:24,87.5,100.0,19.876184837962963
2026-02-23 19:36:39,87.5,100.0,19.875675361689815
2026-02-23 19:36:54,87.5,100.0,19.875165885416667
2026-02-23 19:37:09,87.5,100.0,19.87465640914352
2026-02-23 19:37:24,87.5,100.0,19.87414693287037
2026-02-23 19:37:39,87.5,100.0,19.873637456597223
2026-02-23 19:37:54,87.5,100.0,19.873127980324075
2026-02-23 19:38:09,87.5,100.0,19.872618504050926
2026-02-23 19:38:24,87.5,100.0,19.87210902777778
2026-02-23 19:38:39,87.5,100.0,19.87159955150463
2026-02-23 19:38:54,87.5,100.0,19.871090075231482
2026-02-23 19:39:09,87.5,100.0,19.870580598958334
2026-02-23 19:39:24,87.5,100.0,19.870071122685186
2026-02-23 19:39:39,87.5,100.0,19.869561646412038
2026-02-23 19:39:54,87.5,100.0,19.86905217013889
2026-02-23 19:40:09,87.5,100.0,19.86854269386574
2026-02-23 19:40:24,87.5,100.0,19.868033217592593
2026-02-23 19:40:39,87.5,100.0,19.867523741319445
2026-02-23 19:40:54,87.5,100.0,19.867014265046297
2026-02-23 19:41:09,87.5,100.0,19.86650478877315
2026-02-23 19:41:24,87.5,100.0,19.8659953125
2026-02-23 19:41:39,87.5,100.0,19.865485836226853
2026-02-23 19:41:54,87.5,100.0,19.864976359953705
2026-02-23 19:42:09,87.5,100.0,19.864466883680556
2026-02-23 19:42:24,87.5,100.0,19.86395740740741
2026-02-23 19:42:39,87.5,100.0,19.86344793113426
2026-02-23 19:42:54,87.5,100.0,19.862938454861112
2026-02-23 19:43:09,87.5,100.0,19.862428978587964
2026-02-23 19:43:24,87.5,100.0,19.861919502314816
2026-02-23 19:43:39,87.5,100.0,19.861410026041668
2026-02-23 19:43:54,87.5,100.0,19.86090054976852
2026-02-23 19:44:09,87.5,100.0,19.86039107349537
2026-02-23 19:44:24,87.5,100.0,19.859881597222223
2026-02-23 19:44:39,87.5,100.0,19.859372120949075
2026-02-23 19:44:54,87.5,100.0,19.858862644675927
2026-02-23 19:45:09,87.5,100.0,19.85835316840278
2026-02-23 19:45:24,87.5,100.0,19.85784369212963
2026-02-23 19:45:39,87.5,100.0,19.857334215856483
2026-02-23 19:45:54,87.5,100.0,19.856824739583335
2026-02-23 19:46:09,87.5,100.0,19.856315263310186
2026-02-23 19:46:24,87.5,100.0,19.85580578703704
2026-02-23 19:46:39,87.5,100.0,19.85529631076389
2026-02-23 19:46:54,87.5,100.0,19.854786834490742
2026-02-23 19:47:09,87.5,100.0,19.854277358217594
2026-02-23 19:47:24,87.5,100.0,19.853767881944446
2026-02-23 19:47:39,87.5,100.0,19.853258405671298
2026-02-23 19:47:54,87.5,100.0,19.85274892939815
2026-02-23 19:48:09,87.5,100.0,19.852239453125
2026-02-23 19:48:24,87.5,100.0,19.851729976851853
2026-02-23 19:48:39,87.5,100.0,19.851220500578705
2026-02-23 19:48:54,87.5,100.0,19.850711024305557
2026-02-23 19:49:09,87.5,100.0,19.85020154803241
2026-02-23 19:49:24,87.5,100.0,19.84969207175926
2026-02-23 19:49:39,87.5,100.0,19.849182595486113
2026-02-23 19:49:54,87.5,100.0,19.848673119212965
2026-02-23 19:50:09,100.0,100.0,19.848163642939816
2026-02-23 19:50:24,87.5,100.0,19.84765416666667
2026-02-23 19:50:39,87.5,100.0,19.84714469039352
2026-02-23 19:50:54,87.5,100.0,19.846635214120372
2026-02-23 19:51:09,87.5,100.0,19.846125737847224
2026-02-23 19:51:24,87.5,100.0,19.845616261574076
2026-02-23 19:51:39,87.5,100.0,19.845106785300928
2026-02-23 19:51:54,87.5,100.0,19.84459730902778
2026-02-23 19:52:09,87.5,100.0,19.84408783275463
2026-02-23 19:52:24,87.5,100.0,19.843578356481483
2026-02-23 19:52:39,87.5,100.0,19.843068880208335
2026-02-23 19:52:54,87.5,100.0,19.842559403935187
2026-02-23 19:53:09,87.5,100.0,19.84204992766204
2026-02-23 19:53:24,87.5,100.0,19.84154045138889
2026-02-23 19:53:39,87.5,100.0,19.841030975115743
2026-02-23 19:53:54,87.5,100.0,19.840521498842595
2026-02-23 19:54:09,100.0,100.0,19.840012022569447
2026-02-23 19:54:24,100.0,100.0,19.8395025462963
2026-02-23 19:54:39,100.0,100.0,19.83899307002315
2026-02-23 19:54:54,100.0,100.0,19.838483593750002
2026-02-23 19:55:09,100.0,100.0,19.837974117476854
2026-02-23 19:55:24,100.0,100.0,19.837464641203706
2026-02-23 19:55:39,100.0,100.0,19.836955164930558
2026-02-23 19:55:54,100.0,100.0,19.83644568865741
2026-02-23 19:56:09,87.5,100.0,19.83593621238426
2026-02-23 19:56:24,100.0,100.0,19.835426736111113
2026-02-23 19:56:39,100.0,100.0,19.834917259837965
2026-02-23 19:56:54,100.0,100.0,19.834407783564817
2026-02-23 19:57:09,100.0,100.0,19.83389830729167
2026-02-23 19:57:24,100.0,100.0,19.83338883101852
2026-02-23 19:57:39,100.0,100.0,19.832879354745373
2026-02-23 19:57:54,100.0,100.0,19.832369878472225
2026-02-23 19:58:09,100.0,100.0,19.831860402199077
2026-02-23 19:58:24,100.0,100.0,19.83135092592593
2026-02-23 19:58:39,100.0,100.0,19.83084144965278
2026-02-23 19:58:54,100.0,100.0,19.830331973379632
2026-02-23 19:59:09,100.0,100.0,19.829822497106484
2026-02-23 19:59:24,100.0,100.0,19.829313020833336
2026-02-23 19:59:39,100.0,100.0,19.828803544560188
2026-02-23 19:59:54,100.0,100.0,19.82829406828704
2026-02-23 20:00:09,100.0,100.0,19.82231129238154
2026-02-23 20:00:24,100.0,100.0,19.812679650054466
2026-02-23 20:00:39,100.0,100.0,19.803048007727398
2026-02-23 20:00:54,100.0,100.0,19.79341636540033
2026-02-23 20:01:09,100.0,100.0,19.783784723073257
2026-02-23 20:01:24,100.0,100.0,19.77415308074619
2026-02-23 20:01:39,100.0,100.0,19.76452143841912
2026-02-23 20:01:54,100.0,100.0,19.754889796092048
2026-02-23 20:02:09,100.0,100.0,19.74525815376498
2026-02-23 20:02:24,100.0,100.0,19.73562651143791
2026-02-23 20:02:39,100.0,100.0,19.72599486911084
2026-02-23 20:02:54,100.0,100.0,19.71636322678377
2026-02-23 20:03:09,100.0,100.0,19.7067315844567
2026-02-23 20:03:24,100.0,100.0,19.69709994212963
2026-02-23 20:03:39,100.0,100.0,19.68746829980256
2026-02-23 20:03:54,100.0,100.0,19.677836657475492
2026-02-23 20:04:09,100.0,100.0,19.668205015148423
2026-02-23 20:04:24,100.0,100.0,19.65857337282135
2026-02-23 20:04:39,100.0,100.0,19.648941730494283
2026-02-23 20:04:54,100.0,100.0,19.639310088167214
2026-02-23 20:05:09,100.0,100.0,19.629678445840142
2026-02-23 20:05:24,100.0,100.0,19.620046803513073
2026-02-23 20:05:39,100.0,100.0,19.610415161186005
2026-02-23 20:05:54,100.0,100.0,19.600783518858933
2026-02-23 20:06:09,100.0,100.0,19.591151876531864
2026-02-23 20:06:24,100.0,100.0,19.581520234204795
2026-02-23 20:06:39,100.0,100.0,19.571888591877723
2026-02-23 20:06:54,100.0,100.0,19.562256949550655
2026-02-23 20:07:09,100.0,100.0,19.552625307223586
2026-02-23 20:07:24,100.0,100.0,19.542993664896514
2026-02-23 20:07:39,100.0,100.0,19.533362022569445
2026-02-23 20:07:54,100.0,100.0,19.523730380242377
2026-02-23 20:08:09,100.0,100.0,19.514098737915305
2026-02-23 20:08:24,100.0,100.0,19.504467095588236
2026-02-23 20:08:39,100.0,100.0,19.494835453261167
2026-02-23 20:08:54,100.0,100.0,19.485203810934095
2026-02-23 20:09:09,100.0,100.0,19.475572168607027
2026-02-23 20:09:24,100.0,100.0,19.465940526279958
2026-02-23 20:09:39,100.0,100.0,19.45630888395289
2026-02-23 20:09:54,100.0,100.0,19.446677241625817
2026-02-23 20:10:09,100.0,100.0,19.43704559929875
2026-02-23 20:10:24,100.0,100.0,19.42741395697168
2026-02-23 20:10:39,100.0,100.0,19.417782314644608
2026-02-23 20:10:54,100.0,100.0,19.40815067231754
2026-02-23 20:11:09,100.0,100.0,19.39851902999047
2026-02-23 20:11:24,100.0,100.0,19.3888873876634
2026-02-23 20:11:39,100.0,100.0,19.37925574533633
2026-02-23 20:11:54,100.0,100.0,19.36962410300926
2026-02-23 20:12:09,100.0,100.0,19.35999246068219
2026-02-23 20:12:24,100.0,100.0,19.35036081835512
2026-02-23 20:12:39,100.0,100.0,19.340729176028052
2026-02-23 20:12:54,100.0,100.0,19.33109753370098
2026-02-23 20:13:09,100.0,100.0,19.32146589137391
2026-02-23 20:13:24,100.0,100.0,19.311834249046843
2026-02-23 20:13:39,100.0,100.0,19.30220260671977
2026-02-23 20:13:54,100.0,100.0,19.292570964392702
2026-02-23 20:14:09,100.0,100.0,19.282939322065634
2026-02-23 20:14:24,100.0,100.0,19.273307679738565
2026-02-23 20:14:39,100.0,100.0,19.263676037411493
2026-02-23 20:14:54,100.0,100.0,19.254044395084424
2026-02-23 20:15:09,100.0,100.0,19.244412752757356
2026-02-23 20:15:24,100.0,100.0,19.234781110430283
2026-02-23 20:15:39,100.0,100.0,19.225149468103215
2026-02-23 20:15:54,100.0,100.0,19.215517825776146
2026-02-23 20:16:09,100.0,100.0,19.205886183449074
2026-02-23 20:16:24,100.0,100.0,19.196254541122006
2026-02-23 20:16:39,100.0,100.0,19.186622898794937
2026-02-23 20:16:54,100.0,100.0,19.176991256467865
2026-02-23 20:17:09,100.0,100.0,19.167359614140796
2026-02-23 20:17:24,100.0,100.0,19.157727971813728
2026-02-23 20:17:39,100.0,100.0,19.148096329486656
2026-02-23 20:17:54,100.0,100.0,19.138464687159587
2026-02-23 20:18:09,100.0,100.0,19.12883304483252
2026-02-23 20:18:24,100.0,100.0,19.119201402505446
2026-02-23 20:18:39,100.0,100.0,19.109569760178378
2026-02-23 20:18:54,100.0,100.0,19.09993811785131
2026-02-23 20:19:09,100.0,100.0,19.090306475524237
2026-02-23 20:19:24,100.0,100.0,19.08067483319717
2026-02-23 20:19:39,100.0,100.0,19.0710431908701
2026-02-23 20:19:54,100.0,100.0,19.061411548543028
2026-02-23 20:20:09,100.0,100.0,19.05177990621596
2026-02-23 20:20:24,100.0,100.0,19.04214826388889
2026-02-23 20:20:39,100.0,100.0,19.032516621561822
2026-02-23 20:20:54,100.0,100.0,19.02288497923475
2026-02-23 20:21:09,100.0,100.0,19.01325333690768
2026-02-23 20:21:24,100.0,100.0,19.003621694580612
2026-02-23 20:21:39,100.0,100.0,18.99399005225354
2026-02-23 20:21:54,100.0,100.0,18.98435840992647
2026-02-23 20:22:09,100.0,100.0,18.974726767599403
2026-02-23 20:22:24,100.0,100.0,18.96509512527233
2026-02-23 20:22:39,100.0,100.0,18.955463482945262
2026-02-23 20:22:54,100.0,100.0,18.945831840618194
2026-02-23 20:23:09,100.0,100.0,18.93620019829112
2026-02-23 20:23:24,100.0,100.0,18.926568555964053
2026-02-23 20:23:39,100.0,100.0,18.916936913636984
2026-02-23 20:23:54,100.0,100.0,18.907305271309912
2026-02-23 20:24:09,100.0,100.0,18.897673628982844
2026-02-23 20:24:24,100.0,100.0,18.888041986655775
2026-02-23 20:24:39,100.0,100.0,18.878410344328703
2026-02-23 20:24:54,100.0,100.0,18.868778702001634
2026-02-23 20:25:09,100.0,100.0,18.859147059674566
2026-02-23 20:25:24,100.0,100.0,18.849515417347497
2026-02-23 20:25:39,100.0,100.0,18.839883775020425
2026-02-23 20:25:54,100.0,100.0,18.830252132693357
2026-02-23 20:26:09,100.0,100.0,18.820620490366288
2026-02-23 20:26:24,100.0,100.0,18.810988848039216
2026-02-23 20:26:39,100.0,100.0,18.801357205712147
2026-02-23 20:26:54,100.0,100.0,18.79172556338508
2026-02-23 20:27:09,100.0,100.0,18.782093921058006
2026-02-23 20:27:24,100.0,100.0,18.772462278730938
2026-02-23 20:27:39,100.0,100.0,18.76283063640387
2026-02-23 20:27:54,100.0,100.0,18.753198994076797
2026-02-23 20:28:09,100.0,100.0,18.74356735174973
2026-02-23 20:28:24,100.0,100.0,18.73393570942266
2026-02-23 20:28:39,100.0,100.0,18.724304067095588
2026-02-23 20:28:54,100.0,100.0,18.71467242476852
2026-02-23 20:29:09,100.0,100.0,18.70504078244145
2026-02-23 20:29:24,100.0,100.0,18.69540914011438
2026-02-23 20:29:39,100.0,100.0,18.68577749778731
2026-02-23 20:29:54,100.0,100.0,18.67614585546024
2026-02-23 20:30:09,100.0,100.0,18.66651421313317
2026-02-23 20:30:24,100.0,100.0,18.6568825708061
2026-02-23 20:30:39,100.0,100.0,18.647250928479032
2026-02-23 20:30:54,100.0,100.0,18.637619286151963
2026-02-23 20:31:09,100.0,100.0,18.62798764382489
2026-02-23 20:31:24,100.0,100.0,18.618356001497823
2026-02-23 20:31:39,100.0,100.0,18.608724359170754
2026-02-23 20:31:54,100.0,100.0,18.599092716843682
2026-02-23 20:32:09,100.0,100.0,18.589461074516613
2026-02-23 20:32:24,100.0,100.0,18.579829432189545
2026-02-23 20:32:39,100.0,100.0,18.570197789862473
2026-02-23 20:32:54,100.0,100.0,18.560566147535404
2026-02-23 20:33:09,100.0,100.0,18.550934505208335
2026-02-23 20:33:24,100.0,100.0,18.541302862881263
2026-02-23 20:33:39,100.0,100.0,18.531671220554195
2026-02-23 20:33:54,100.0,100.0,18.522039578227126
2026-02-23 20:34:09,100.0,100.0,18.512407935900054
2026-02-23 20:34:24,100.0,100.0,18.502776293572985
2026-02-23 20:34:39,100.0,100.0,18.493144651245917
2026-02-23 20:34:54,100.0,100.0,18.483513008918845
2026-02-23 20:35:09,100.0,100.0,18.473881366591776
2026-02-23 20:35:24,100.0,100.0,18.464249724264707
2026-02-23 20:35:39,100.0,100.0,18.45461808193764
2026-02-23 20:35:54,100.0,100.0,18.444986439610567
2026-02-23 20:36:09,100.0,100.0,18.435354797283498
2026-02-23 20:36:24,100.0,100.0,18.42572315495643
2026-02-23 20:36:39,100.0,100.0,18.416091512629357
2026-02-23 20:36:54,100.0,100.0,18.40645987030229
2026-02-23 20:37:09,100.0,100.0,18.39682822797522
2026-02-23 20:37:24,100.0,100.0,18.387196585648148
2026-02-23 20:37:39,100.0,100.0,18.37756494332108
2026-02-23 20:37:54,100.0,100.0,18.36793330099401
2026-02-23 20:38:09,100.0,100.0,18.35830165866694
2026-02-23 20:38:24,100.0,100.0,18.34867001633987
2026-02-23 20:38:39,100.0,100.0,18.3390383740128
2026-02-23 20:38:54,100.0,100.0,18.32940673168573
2026-02-23 20:39:09,100.0,100.0,18.31977508935866
2026-02-23 20:39:24,100.0,100.0,18.310143447031592
2026-02-23 20:39:39,100.0,100.0,18.30051180470452
2026-02-23 20:39:54,100.0,100.0,18.29088016237745
2026-02-23 20:40:09,100.0,100.0,18.281248520050383
2026-02-23 20:40:24,100.0,100.0,18.27161687772331
2026-02-23 20:40:39,100.0,100.0,18.261985235396242
2026-02-23 20:40:54,100.0,100.0,18.252353593069174
2026-02-23 20:41:09,100.0,100.0,18.2427219507421
2026-02-23 20:41:24,100.0,100.0,18.233090308415033
2026-02-23 20:41:39,100.0,100.0,18.223458666087964
2026-02-23 20:41:54,100.0,100.0,18.213827023760896
2026-02-23 20:42:09,100.0,100.0,18.204195381433824
2026-02-23 20:42:24,100.0,100.0,18.194563739106755
2026-02-23 20:42:39,100.0,100.0,18.184932096779686
2026-02-23 20:42:54,100.0,100.0,18.175300454452614
2026-02-23 20:43:09,100.0,100.0,18.165668812125546
2026-02-23 20:43:24,100.0,100.0,18.156037169798477
2026-02-23 20:43:39,100.0,100.0,18.146405527471405
2026-02-23 20:43:54,100.0,100.0,18.136773885144336
2026-02-23 20:44:09,100.0,100.0,18.127142242817268
2026-02-23 20:44:24,100.0,100.0,18.117510600490196
2026-02-23 20:44:39,100.0,100.0,18.107878958163127
2026-02-23 20:44:54,100.0,100.0,18.09824731583606
2026-02-23 20:45:09,100.0,100.0,18.088615673508986
2026-02-23 20:45:24,100.0,100.0,18.078984031181918
2026-02-23 20:45:39,100.0,100.0,18.06935238885485
2026-02-23 20:45:54,100.0,100.0,18.05972074652778
2026-02-23 20:46:09,100.0,100.0,18.05008910420071
2026-02-23 20:46:24,100.0,100.0,18.04045746187364
2026-02-23 20:46:39,100.0,100.0,18.03082581954657
2026-02-23 20:46:54,100.0,100.0,18.0211941772195
2026-02-23 20:47:09,100.0,100.0,18.01156253489243
2026-02-23 20:47:24,100.0,100.0,18.001930892565362
2026-02-23 20:47:39,100.0,100.0,17.99229925023829
2026-02-23 20:47:54,100.0,100.0,17.98266760791122
2026-02-23 20:48:09,100.0,100.0,17.973035965584153
2026-02-23 20:48:24,100.0,100.0,17.96340432325708
2026-02-23 20:48:39,100.0,100.0,17.95377268093001
2026-02-23 20:48:54,100.0,100.0,17.944141038602943
2026-02-23 20:49:09,100.0,100.0,17.93450939627587
2026-02-23 20:49:24,100.0,100.0,17.924877753948802
2026-02-23 20:49:39,100.0,100.0,17.915246111621734
2026-02-23 20:49:54,100.0,100.0,17.90561446929466
2026-02-23 20:50:09,100.0,100.0,17.895982826967593
2026-02-23 20:50:24,100.0,100.0,17.886351184640525
2026-02-23 20:50:39,100.0,100.0,17.876719542313452
2026-02-23 20:50:54,100.0,100.0,17.867087899986384
2026-02-23 20:51:09,100.0,100.0,17.857456257659315
2026-02-23 20:51:24,100.0,100.0,17.847824615332243
2026-02-23 20:51:39,100.0,100.0,17.838192973005174
2026-02-23 20:51:54,100.0,100.0,17.828561330678106
2026-02-23 20:52:09,100.0,100.0,17.818929688351034
2026-02-23 20:52:24,100.0,100.0,17.809298046023965
2026-02-23 20:52:39,100.0,100.0,17.799666403696897
2026-02-23 20:52:54,100.0,100.0,17.790034761369828
2026-02-23 20:53:09,100.0,100.0,17.780403119042756
2026-02-23 20:53:24,100.0,100.0,17.770771476715687
2026-02-23 20:53:39,100.0,100.0,17.76113983438862
2026-02-23 20:53:54,100.0,100.0,17.751508192061547
2026-02-23 20:54:09,100.0,100.0,17.741876549734478
2026-02-23 20:54:24,100.0,100.0,17.73224490740741
2026-02-23 20:54:39,100.0,100.0,17.722613265080337
2026-02-23 20:54:54,100.0,100.0,17.71298162275327
2026-02-23 20:55:09,100.0,100.0,17.7033499804262
2026-02-23 20:55:24,100.0,100.0,17.693718338099128
2026-02-23 20:55:39,100.0,100.0,17.68408669577206
2026-02-23 20:55:54,100.0,100.0,17.67445505344499
2026-02-23 20:56:09,100.0,100.0,17.664823411117922
2026-02-23 20:56:24,100.0,100.0,17.65519176879085
2026-02-23 20:56:39,100.0,100.0,17.64556012646378
2026-02-23 20:56:54,100.0,100.0,17.635928484136713
2026-02-23 20:57:09,100.0,100.0,17.62629684180964
2026-02-23 20:57:24,100.0,100.0,17.616665199482572
2026-02-23 20:57:39,100.0,100.0,17.607033557155503
2026-02-23 20:57:54,100.0,100.0,17.59740191482843
2026-02-23 20:58:09,100.0,100.0,17.587770272501363
2026-02-23 20:58:24,100.0,100.0,17.578138630174294
2026-02-23 20:58:39,100.0,100.0,17.568506987847222
2026-02-23 20:58:54,100.0,100.0,17.558875345520153
2026-02-23 20:59:09,100.0,100.0,17.549243703193085
2026-02-23 20:59:24,100.0,100.0,17.539612060866013
2026-02-23 20:59:39,100.0,100.0,17.529980418538944
2026-02-23 20:59:54,100.0,100.0,17.520348776211875
2026-02-23 21:00:09,100.0,100.0,17.510717133884803
2026-02-23 21:00:24,100.0,100.0,17.501085491557735
2026-02-23 21:00:39,100.0,100.0,17.491453849230666
2026-02-23 21:00:54,100.0,100.0,17.481822206903594
2026-02-23 21:01:09,100.0,100.0,17.472190564576525
2026-02-23 21:01:24,100.0,100.0,17.462558922249457
2026-02-23 21:01:39,100.0,100.0,17.452927279922385
2026-02-23 21:01:54,100.0,100.0,17.443295637595316
2026-02-23 21:02:09,100.0,100.0,17.433663995268248
2026-02-23 21:02:24,100.0,100.0,17.424032352941175
2026-02-23 21:02:39,100.0,100.0,17.414400710614107
2026-02-23 21:02:54,100.0,100.0,17.404769068287038
2026-02-23 21:03:09,100.0,100.0,17.395137425959966
2026-02-23 21:03:24,100.0,100.0,17.385505783632897
2026-02-23 21:03:39,100.0,100.0,17.37587414130583
2026-02-23 21:03:54,100.0,100.0,17.36624249897876
2026-02-23 21:04:09,100.0,100.0,17.356610856651688
2026-02-23 21:04:24,100.0,100.0,17.34697921432462
2026-02-23 21:04:39,100.0,100.0,17.33734757199755
2026-02-23 21:04:54,100.0,100.0,17.32771592967048
2026-02-23 21:05:09,100.0,100.0,17.31808428734341
2026-02-23 21:05:24,100.0,100.0,17.30845264501634
2026-02-23 21:05:39,100.0,100.0,17.29882100268927
2026-02-23 21:05:54,100.0,100.0,17.2891893603622
2026-02-23 21:06:09,100.0,100.0,17.279557718035132
2026-02-23 21:06:24,100.0,100.0,17.26992607570806
2026-02-23 21:06:39,100.0,100.0,17.26029443338099
2026-02-23 21:06:54,100.0,100.0,17.250662791053923
2026-02-23 21:07:09,100.0,100.0,17.241031148726854
2026-02-23 21:07:24,100.0,100.0,17.231399506399782
2026-02-23 21:07:39,100.0,100.0,17.221767864072714
2026-02-23 21:07:54,100.0,100.0,17.212136221745645
2026-02-23 21:08:09,87.5,100.0,17.202504579418573
2026-02-23 21:08:24,87.5,100.0,17.192872937091504
2026-02-23 21:08:39,87.5,100.0,17.183241294764436
2026-02-23 21:08:54,87.5,100.0,17.173609652437364
2026-02-23 21:09:09,87.5,100.0,17.163978010110295
2026-02-23 21:09:24,87.5,100.0,17.154346367783226
2026-02-23 21:09:39,87.5,100.0,17.144714725456154
2026-02-23 21:09:54,87.5,100.0,17.135083083129086
2026-02-23 21:10:09,87.5,100.0,17.125451440802017
2026-02-23 21:10:24,87.5,100.0,17.115819798474945
2026-02-23 21:10:39,87.5,100.0,17.106188156147876
2026-02-23 21:10:54,87.5,100.0,17.096556513820808
2026-02-23 21:11:09,87.5,100.0,17.086924871493736
2026-02-23 21:11:24,87.5,100.0,17.077293229166667
2026-02-23 21:11:39,87.5,100.0,17.0676615868396
2026-02-23 21:11:54,87.5,100.0,17.058029944512526
2026-02-23 21:12:09,87.5,100.0,17.048398302185458
2026-02-23 21:12:24,87.5,100.0,17.03876665985839
2026-02-23 21:12:39,87.5,100.0,17.029135017531317
2026-02-23 21:12:54,87.5,100.0,17.01950337520425
2026-02-23 21:13:09,87.5,100.0,17.00987173287718
2026-02-23 21:13:24,87.5,100.0,17.000240090550108
2026-02-23 21:13:39,87.5,100.0,16.99060844822304
2026-02-23 21:13:54,87.5,100.0,16.98097680589597
2026-02-23 21:14:09,87.5,100.0,16.971345163568902
2026-02-23 21:14:24,87.5,100.0,16.96171352124183
2026-02-23 21:14:39,87.5,100.0,16.95208187891476
2026-02-23 21:14:54,87.5,100.0,16.942450236587693
2026-02-23 21:15:09,87.5,100.0,16.93281859426062
2026-02-23 21:15:24,87.5,100.0,16.923186951933552
2026-02-23 21:15:39,87.5,100.0,16.913555309606483
2026-02-23 21:15:54,87.5,100.0,16.90392366727941
2026-02-23 21:16:09,87.5,100.0,16.894292024952343
2026-02-23 21:16:24,87.5,100.0,16.884660382625274
2026-02-23 21:16:39,87.5,100.0,16.8750287402982
2026-02-23 21:16:54,87.5,100.0,16.865397097971133
2026-02-23 21:17:09,87.5,100.0,16.855765455644065
2026-02-23 21:17:24,87.5,100.0,16.846133813316996
2026-02-23 21:17:39,87.5,100.0,16.836502170989924
2026-02-23 21:17:54,87.5,100.0,16.826870528662855
2026-02-23 21:18:09,87.5,100.0,16.817238886335787
2026-02-23 21:18:24,87.5,100.0,16.807607244008715
2026-02-23 21:18:39,87.5,100.0,16.797975601681646
2026-02-23 21:18:54,87.5,100.0,16.788343959354577
2026-02-23 21:19:09,87.5,100.0,16.778712317027505
2026-02-23 21:19:24,87.5,100.0,16.769080674700437
2026-02-23 21:19:39,87.5,100.0,16.759449032373368
2026-02-23 21:19:54,87.5,100.0,16.749817390046296
2026-02-23 21:20:09,87.5,100.0,16.740185747719227
2026-02-23 21:20:24,87.5,100.0,16.73055410539216
2026-02-23 21:20:39,87.5,100.0,16.720922463065087
2026-02-23 21:20:54,87.5,98.46153846153847,16.711290820738018
2026-02-23 21:21:09,87.5,98.46153846153847,16.70165917841095
2026-02-23 21:21:24,87.5,98.46153846153847,16.692027536083877
2026-02-23 21:21:39,87.5,98.46153846153847,16.68239589375681
2026-02-23 21:21:54,87.5,96.92307692307692,16.67276425142974
2026-02-23 21:22:09,87.5,96.92307692307692,16.663132609102668
2026-02-23 21:22:24,87.5,96.92307692307692,16.6535009667756
2026-02-23 21:22:39,87.5,96.92307692307692,16.64386932444853
2026-02-23 21:22:54,87.5,96.92307692307692,16.63423768212146
2026-02-23 21:23:09,87.5,96.92307692307692,16.62460603979439
2026-02-23 21:23:24,87.5,96.92307692307692,16.61497439746732
2026-02-23 21:23:39,87.5,96.92307692307692,16.60534275514025
2026-02-23 21:23:54,87.5,96.92307692307692,16.59571111281318
2026-02-23 21:24:09,87.5,96.92307692307692,16.586079470486112
2026-02-23 21:24:24,87.5,96.92307692307692,16.57644782815904
2026-02-23 21:24:39,87.5,96.92307692307692,16.56681618583197
2026-02-23 21:24:54,87.5,96.92307692307692,16.557184543504903
2026-02-23 21:25:09,87.5,96.92307692307692,16.547552901177834
2026-02-23 21:25:24,87.5,95.38461538461539,16.537921258850762
2026-02-23 21:25:39,87.5,95.38461538461539,16.528289616523693
2026-02-23 21:25:54,87.5,95.38461538461539,16.518657974196625
2026-02-23 21:26:09,100.0,95.38461538461539,16.509026331869553
2026-02-23 21:26:24,100.0,95.38461538461539,16.499394689542484
2026-02-23 21:26:39,100.0,95.38461538461539,16.489763047215416
2026-02-23 21:26:54,100.0,95.38461538461539,16.480131404888343
2026-02-23 21:27:09,100.0,95.38461538461539,16.470499762561275
2026-02-23 21:27:24,100.0,95.38461538461539,16.460868120234206
2026-02-23 21:27:39,100.0,95.38461538461539,16.451236477907134
2026-02-23 21:27:54,100.0,95.38461538461539,16.441604835580065
2026-02-23 21:28:09,100.0,95.38461538461539,16.431973193252997
2026-02-23 21:28:24,100.0,95.38461538461539,16.42234155092593
2026-02-23 21:28:39,100.0,95.38461538461539,16.412709908598856
2026-02-23 21:28:54,87.5,95.38461538461539,16.403078266271788
2026-02-23 21:29:09,100.0,95.38461538461539,16.39344662394472
2026-02-23 21:29:24,100.0,93.84615384615384,16.383814981617647
2026-02-23 21:29:39,100.0,93.84615384615384,16.37418333929058
2026-02-23 21:29:54,100.0,93.84615384615384,16.36455169696351
2026-02-23 21:30:09,100.0,93.84615384615384,16.354920054636437
2026-02-23 21:30:24,100.0,93.84615384615384,16.34528841230937
2026-02-23 21:30:39,100.0,93.84615384615384,16.3356567699823
2026-02-23 21:30:54,100.0,93.84615384615384,16.326025127655228
2026-02-23 21:31:09,100.0,93.84615384615384,16.31639348532816
2026-02-23 21:31:24,100.0,93.84615384615384,16.30676184300109
2026-02-23 21:31:39,100.0,93.84615384615384,16.29713020067402
2026-02-23 21:31:54,100.0,93.84615384615384,16.28749855834695
2026-02-23 21:32:09,100.0,93.84615384615384,16.27786691601988
2026-02-23 21:32:24,100.0,93.84615384615384,16.26823527369281
2026-02-23 21:32:39,100.0,93.84615384615384,16.25860363136574
2026-02-23 21:32:54,87.5,93.84615384615384,16.248971989038672
2026-02-23 21:33:09,100.0,93.84615384615384,16.2393403467116
2026-02-23 21:33:24,87.5,93.84615384615384,16.22970870438453
2026-02-23 21:33:39,87.5,93.84615384615384,16.220077062057463
2026-02-23 21:33:54,87.5,93.84615384615384,16.21044541973039
2026-02-23 21:34:09,100.0,93.84615384615384,16.200813777403322
2026-02-23 21:34:24,100.0,93.84615384615384,16.191182135076254
2026-02-23 21:34:39,100.0,93.84615384615384,16.18155049274918
2026-02-23 21:34:54,100.0,93.84615384615384,16.171918850422113
2026-02-23 21:35:09,100.0,93.84615384615384,16.162287208095044
2026-02-23 21:35:24,100.0,93.84615384615384,16.152655565767976
2026-02-23 21:35:39,87.5,93.84615384615384,16.143023923440904
2026-02-23 21:35:54,87.5,93.84615384615384,16.133392281113835
2026-02-23 21:36:09,87.5,93.84615384615384,16.123760638786766
2026-02-23 21:36:24,87.5,93.84615384615384,16.114128996459694
2026-02-23 21:36:39,87.5,93.84615384615384,16.104497354132626
2026-02-23 21:36:54,87.5,93.84615384615384,16.094865711805557
2026-02-23 21:37:09,87.5,95.38461538461539,16.085234069478485
2026-02-23 21:37:24,87.5,95.38461538461539,16.075602427151416
2026-02-23 21:37:39,87.5,95.38461538461539,16.065970784824348
2026-02-23 21:37:54,87.5,95.38461538461539,16.056339142497276
2026-02-23 21:38:09,87.5,96.92307692307692,16.046707500170207
2026-02-23 21:38:24,87.5,96.92307692307692,16.03707585784314
2026-02-23 21:38:39,87.5,96.92307692307692,16.027444215516066
2026-02-23 21:38:54,87.5,96.92307692307692,16.017812573188998
2026-02-23 21:39:09,87.5,96.92307692307692,16.00818093086193
2026-02-23 21:39:24,87.5,96.72131147540983,15.998549288534859
2026-02-23 21:39:39,87.5,96.72131147540983,15.988917646207788
2026-02-23 21:39:54,87.5,96.72131147540983,15.97928600388072
2026-02-23 21:40:09,87.5,96.72131147540983,15.96965436155365
2026-02-23 21:40:24,87.5,96.72131147540983,15.96002271922658
2026-02-23 21:40:39,87.5,96.72131147540983,15.95039107689951
2026-02-23 21:40:54,87.5,96.72131147540983,15.94075943457244
2026-02-23 21:41:09,87.5,98.36065573770492,15.93112779224537
2026-02-23 21:41:24,87.5,98.36065573770492,15.921496149918301
2026-02-23 21:41:39,87.5,98.36065573770492,15.91186450759123
2026-02-23 21:41:54,87.5,98.36065573770492,15.90223286526416
2026-02-23 21:42:09,87.5,98.36065573770492,15.892601222937092
2026-02-23 21:42:24,87.5,98.36065573770492,15.882969580610022
2026-02-23 21:42:39,87.5,98.36065573770492,15.873337938282953
2026-02-23 21:42:54,87.5,98.36065573770492,15.863706295955883
2026-02-23 21:43:09,87.5,98.36065573770492,15.854074653628814
2026-02-23 21:43:24,87.5,98.36065573770492,15.844443011301744
2026-02-23 21:43:39,87.5,98.36065573770492,15.834811368974673
2026-02-23 21:43:54,87.5,98.36065573770492,15.825179726647605
2026-02-23 21:44:09,87.5,98.36065573770492,15.815548084320534
2026-02-23 21:44:24,87.5,98.36065573770492,15.805916441993464
2026-02-23 21:44:39,87.5,98.36065573770492,15.796284799666395
2026-02-23 21:44:54,87.5,98.36065573770492,15.786653157339325
2026-02-23 21:45:09,87.5,100.0,15.777021515012255
2026-02-23 21:45:24,87.5,100.0,15.767389872685186
2026-02-23 21:45:39,87.5,100.0,15.757758230358116
2026-02-23 21:45:54,87.5,100.0,15.748126588031045
2026-02-23 21:46:09,87.5,100.0,15.738494945703977
2026-02-23 21:46:24,87.5,100.0,15.728863303376906
2026-02-23 21:46:39,87.5,100.0,15.719231661049836
2026-02-23 21:46:54,87.5,100.0,15.709600018722767
2026-02-23 21:47:09,87.5,100.0,15.699968376395699
2026-02-23 21:47:24,87.5,100.0,15.690336734068627
2026-02-23 21:47:39,87.5,100.0,15.680705091741558
2026-02-23 21:47:54,87.5,100.0,15.67107344941449
2026-02-23 21:48:09,87.5,100.0,15.661441807087417
2026-02-23 21:48:24,87.5,100.0,15.651810164760349
2026-02-23 21:48:39,87.5,100.0,15.64217852243328
2026-02-23 21:48:54,87.5,100.0,15.63254688010621
2026-02-23 21:49:09,87.5,100.0,15.62291523777914
2026-02-23 21:49:24,87.5,100.0,15.61328359545207
2026-02-23 21:49:39,87.5,100.0,15.603651953125
2026-02-23 21:49:54,87.5,100.0,15.59402031079793
2026-02-23 21:50:09,87.5,100.0,15.584388668470861
2026-02-23 21:50:24,87.5,100.0,15.574757026143791
2026-02-23 21:50:39,87.5,100.0,15.56512538381672
2026-02-23 21:50:54,87.5,100.0,15.555493741489652
2026-02-23 21:51:09,87.5,100.0,15.545862099162582
2026-02-23 21:51:24,87.5,100.0,15.536230456835511
2026-02-23 21:51:39,87.5,100.0,15.526598814508443
2026-02-23 21:51:54,87.5,100.0,15.516967172181372
2026-02-23 21:52:09,87.5,100.0,15.507335529854302
2026-02-23 21:52:24,87.5,100.0,15.497703887527233
2026-02-23 21:52:39,87.5,100.0,15.488072245200165
2026-02-23 21:52:54,87.5,100.0,15.478440602873093
2026-02-23 21:53:09,87.5,100.0,15.468808960546024
2026-02-23 21:53:24,87.5,100.0,15.459177318218956
2026-02-23 21:53:39,87.5,100.0,15.449545675891883
2026-02-23 21:53:54,87.5,100.0,15.439914033564815
2026-02-23 21:54:09,87.5,100.0,15.430282391237746
2026-02-23 21:54:24,87.5,100.0,15.420650748910676
2026-02-23 21:54:39,87.5,100.0,15.411019106583606
2026-02-23 21:54:54,87.5,100.0,15.401387464256537
2026-02-23 21:55:09,87.5,100.0,15.391755821929467
2026-02-23 21:55:24,87.5,100.0,15.382124179602396
2026-02-23 21:55:39,87.5,100.0,15.372492537275328
2026-02-23 21:55:54,87.5,100.0,15.362860894948257
2026-02-23 21:56:09,87.5,100.0,15.353229252621187
2026-02-23 21:56:24,87.5,100.0,15.343597610294118
2026-02-23 21:56:39,87.5,100.0,15.333965967967048
2026-02-23 21:56:54,87.5,100.0,15.324334325639978
2026-02-23 21:57:09,87.5,100.0,15.314702683312909
2026-02-23 21:57:24,87.5,100.0,15.305071040985839
2026-02-23 21:57:39,87.5,100.0,15.295439398658768
2026-02-23 21:57:54,87.5,100.0,15.2858077563317
2026-02-23 21:58:09,87.5,100.0,15.276176114004631
2026-02-23 21:58:24,87.5,100.0,15.266544471677559
2026-02-23 21:58:39,87.5,100.0,15.25691282935049
2026-02-23 21:58:54,87.5,100.0,15.247281187023422
2026-02-23 21:59:09,87.5,100.0,15.237649544696351
2026-02-23 21:59:24,87.5,100.0,15.228017902369281
2026-02-23 21:59:39,87.5,100.0,15.218386260042212
2026-02-23 21:59:54,87.5,100.0,15.208754617715142
2026-02-23 22:00:09,87.5,100.0,15.204674262152778
2026-02-23 22:00:24,87.5,100.0,15.204294764433552
2026-02-23 22:00:39,87.5,100.0,15.203915266714326
2026-02-23 22:00:54,87.5,100.0,15.203535768995097
2026-02-23 22:01:09,87.5,100.0,15.203156271275871
2026-02-23 22:01:24,87.5,100.0,15.202776773556645
2026-02-23 22:01:39,87.5,100.0,15.202397275837418
2026-02-23 22:01:54,87.5,100.0,15.202017778118192
2026-02-23 22:02:09,87.5,100.0,15.201638280398965
2026-02-23 22:02:24,87.5,100.0,15.201258782679739
2026-02-23 22:02:39,87.5,100.0,15.200879284960513
2026-02-23 22:02:54,87.5,100.0,15.200499787241286
2026-02-23 22:03:09,87.5,100.0,15.20012028952206
2026-02-23 22:03:24,87.5,100.0,15.199740791802832
2026-02-23 22:03:39,87.5,100.0,15.199361294083605
2026-02-23 22:03:54,87.5,100.0,15.198981796364379
2026-02-23 22:04:09,87.5,100.0,15.198602298645152
2026-02-23 22:04:24,87.5,100.0,15.198222800925926
2026-02-23 22:04:39,87.5,100.0,15.1978433032067
2026-02-23 22:04:54,100.0,100.0,15.197463805487473
2026-02-23 22:05:09,100.0,100.0,15.197084307768247
2026-02-23 22:05:24,100.0,100.0,15.19670481004902
2026-02-23 22:05:39,100.0,100.0,15.196325312329794
2026-02-23 22:05:54,100.0,100.0,15.195945814610567
2026-02-23 22:06:09,100.0,100.0,15.19556631689134
2026-02-23 22:06:24,100.0,100.0,15.195186819172113
2026-02-23 22:06:39,100.0,100.0,15.194807321452886
2026-02-23 22:06:54,100.0,100.0,15.19442782373366
2026-02-23 22:07:09,100.0,100.0,15.194048326014434
2026-02-23 22:07:24,100.0,100.0,15.193668828295207
2026-02-23 22:07:39,100.0,100.0,15.19328933057598
2026-02-23 22:07:54,100.0,100.0,15.192909832856754
2026-02-23 22:08:09,100.0,100.0,15.192530335137528
2026-02-23 22:08:24,100.0,100.0,15.192150837418302
2026-02-23 22:08:39,100.0,100.0,15.191771339699073
2026-02-23 22:08:54,100.0,100.0,15.191391841979847
2026-02-23 22:09:09,100.0,100.0,15.19101234426062
2026-02-23 22:09:24,100.0,100.0,15.190632846541394
2026-02-23 22:09:39,100.0,100.0,15.190253348822168
2026-02-23 22:09:54,100.0,100.0,15.189873851102941
2026-02-23 22:10:09,100.0,100.0,15.189494353383715
2026-02-23 22:10:24,100.0,100.0,15.189114855664489
2026-02-23 22:10:39,100.0,100.0,15.188735357945262
2026-02-23 22:10:54,100.0,100.0,15.188355860226036
2026-02-23 22:11:09,100.0,100.0,15.18797636250681
2026-02-23 22:11:24,100.0,100.0,15.187596864787581
2026-02-23 22:11:39,100.0,100.0,15.187217367068355
2026-02-23 22:11:54,100.0,100.0,15.186837869349128
2026-02-23 22:12:09,100.0,100.0,15.186458371629902
2026-02-23 22:12:24,100.0,100.0,15.186078873910676
2026-02-23 22:12:39,100.0,100.0,15.18569937619145
2026-02-23 22:12:54,100.0,100.0,15.185319878472223
2026-02-23 22:13:09,100.0,100.0,15.184940380752996
2026-02-23 22:13:24,100.0,100.0,15.18456088303377
2026-02-23 22:13:39,100.0,100.0,15.184181385314544
2026-02-23 22:13:54,100.0,100.0,15.183801887595315
2026-02-23 22:14:09,100.0,100.0,15.183422389876089
2026-02-23 22:14:24,100.0,100.0,15.183042892156863
2026-02-23 22:14:39,100.0,100.0,15.182663394437636
2026-02-23 22:14:54,100.0,100.0,15.18228389671841
2026-02-23 22:15:09,100.0,100.0,15.181904398999183
2026-02-23 22:15:24,100.0,100.0,15.181524901279957
2026-02-23 22:15:39,100.0,100.0,15.18114540356073
2026-02-23 22:15:54,100.0,100.0,15.180765905841504
2026-02-23 22:16:09,100.0,100.0,15.180386408122278
2026-02-23 22:16:24,100.0,100.0,15.180006910403051
2026-02-23 22:16:39,100.0,100.0,15.179627412683823
2026-02-23 22:16:54,100.0,100.0,15.179247914964597
2026-02-23 22:17:09,100.0,100.0,15.17886841724537
2026-02-23 22:17:24,100.0,100.0,15.178488919526144
2026-02-23 22:17:39,100.0,100.0,15.178109421806917
2026-02-23 22:17:54,100.0,100.0,15.177729924087691
2026-02-23 22:18:09,100.0,100.0,15.177350426368465
2026-02-23 22:18:24,100.0,100.0,15.176970928649238
2026-02-23 22:18:39,100.0,100.0,15.176591430930012
2026-02-23 22:18:54,100.0,100.0,15.176211933210785
2026-02-23 22:19:09,100.0,100.0,15.175832435491557
2026-02-23 22:19:24,100.0,100.0,15.17545293777233
2026-02-23 22:19:39,100.0,100.0,15.175073440053104
2026-02-23 22:19:54,100.0,100.0,15.174693942333878
2026-02-23 22:20:09,100.0,100.0,15.174314444614652
2026-02-23 22:20:24,100.0,100.0,15.173934946895425
2026-02-23 22:20:39,100.0,100.0,15.173555449176199
2026-02-23 22:20:54,100.0,100.0,15.173175951456972
2026-02-23 22:21:09,100.0,100.0,15.172796453737746
2026-02-23 22:21:24,100.0,100.0,15.17241695601852
2026-02-23 22:21:39,100.0,100.0,15.172037458299293
2026-02-23 22:21:54,100.0,100.0,15.171657960580065
2026-02-23 22:22:09,100.0,100.0,15.171278462860839
2026-02-23 22:22:24,100.0,100.0,15.170898965141612
2026-02-23 22:22:39,100.0,100.0,15.170519467422386
2026-02-23 22:22:54,100.0,100.0,15.17013996970316
2026-02-23 22:23:09,100.0,100.0,15.169760471983933
2026-02-23 22:23:24,100.0,100.0,15.169380974264707
2026-02-23 22:23:39,100.0,100.0,15.16900147654548
2026-02-23 22:23:54,100.0,100.0,15.168621978826254
2026-02-23 22:24:09,100.0,100.0,15.168242481107027
2026-02-23 22:24:24,100.0,100.0,15.1678629833878
2026-02-23 22:24:39,100.0,100.0,15.167483485668573
2026-02-23 22:24:54,100.0,100.0,15.167103987949346
2026-02-23 22:25:09,100.0,100.0,15.16672449023012
2026-02-23 22:25:24,100.0,100.0,15.166344992510894
2026-02-23 22:25:39,100.0,100.0,15.165965494791667
2026-02-23 22:25:54,100.0,100.0,15.16558599707244
2026-02-23 22:26:09,100.0,100.0,15.165206499353214
2026-02-23 22:26:24,100.0,100.0,15.164827001633988
2026-02-23 22:26:39,100.0,100.0,15.164447503914761
2026-02-23 22:26:54,100.0,100.0,15.164068006195533
2026-02-23 22:27:09,100.0,100.0,15.163688508476307
2026-02-23 22:27:24,100.0,100.0,15.16330901075708
2026-02-23 22:27:39,100.0,100.0,15.162929513037854
2026-02-23 22:27:54,100.0,100.0,15.162550015318628
2026-02-23 22:28:09,100.0,100.0,15.162170517599401
2026-02-23 22:28:24,100.0,100.0,15.161791019880175
2026-02-23 22:28:39,100.0,100.0,15.161411522160948
2026-02-23 22:28:54,100.0,100.0,15.161032024441722
2026-02-23 22:29:09,100.0,100.0,15.160652526722496
2026-02-23 22:29:24,100.0,100.0,15.16027302900327
2026-02-23 22:29:39,100.0,100.0,15.159893531284041
2026-02-23 22:29:54,100.0,100.0,15.159514033564815
2026-02-23 22:30:09,100.0,100.0,15.159134535845588
2026-02-23 22:30:24,100.0,100.0,15.158755038126362
2026-02-23 22:30:39,100.0,100.0,15.158375540407135
2026-02-23 22:30:54,100.0,100.0,15.157996042687909
2026-02-23 22:31:09,100.0,100.0,15.157616544968683
2026-02-23 22:31:24,100.0,100.0,15.157237047249456
2026-02-23 22:31:39,100.0,100.0,15.15685754953023
2026-02-23 22:31:54,100.0,100.0,15.156478051811003
2026-02-23 22:32:09,100.0,100.0,15.156098554091775
2026-02-23 22:32:24,100.0,100.0,15.155719056372549
2026-02-23 22:32:39,100.0,100.0,15.155339558653322
2026-02-23 22:32:54,100.0,100.0,15.154960060934096
2026-02-23 22:33:09,100.0,100.0,15.15458056321487
2026-02-23 22:33:24,100.0,100.0,15.154201065495643
2026-02-23 22:33:39,100.0,100.0,15.153821567776417
2026-02-23 22:33:54,100.0,100.0,15.15344207005719
2026-02-23 22:34:09,100.0,100.0,15.153062572337964
2026-02-23 22:34:24,100.0,100.0,15.152683074618738
2026-02-23 22:34:39,100.0,100.0,15.152303576899511
2026-02-23 22:34:54,100.0,100.0,15.151924079180283
2026-02-23 22:35:09,100.0,100.0,15.151544581461057
2026-02-23 22:35:24,100.0,100.0,15.15116508374183
2026-02-23 22:35:39,100.0,100.0,15.150785586022604
2026-02-23 22:35:54,100.0,100.0,15.150406088303377
2026-02-23 22:36:09,100.0,100.0,15.150026590584151
2026-02-23 22:36:24,100.0,100.0,15.149647092864925
2026-02-23 22:36:39,100.0,100.0,15.149267595145698
2026-02-23 22:36:54,100.0,100.0,15.148888097426472
2026-02-23 22:37:09,100.0,100.0,15.148508599707245
2026-02-23 22:37:24,100.0,100.0,15.148129101988017
2026-02-23 22:37:39,100.0,100.0,15.14774960426879
2026-02-23 22:37:54,100.0,100.0,15.147370106549564
2026-02-23 22:38:09,100.0,100.0,15.146990608830338
2026-02-23 22:38:24,100.0,100.0,15.146611111111111
2026-02-23 22:38:39,100.0,100.0,15.146231613391885
2026-02-23 22:38:54,100.0,100.0,15.145852115672659
2026-02-23 22:39:09,100.0,100.0,15.145472617953432
2026-02-23 22:39:24,100.0,100.0,15.145093120234206
2026-02-23 22:39:39,100.0,100.0,15.14471362251498
2026-02-23 22:39:54,100.0,100.0,15.144334124795753
2026-02-23 22:40:09,100.0,100.0,15.143954627076525
2026-02-23 22:40:24,100.0,100.0,15.143575129357298
2026-02-23 22:40:39,100.0,100.0,15.143195631638072
2026-02-23 22:40:54,100.0,100.0,15.142816133918846
2026-02-23 22:41:09,100.0,100.0,15.14243663619962
2026-02-23 22:41:24,100.0,100.0,15.142057138480393
2026-02-23 22:41:39,100.0,100.0,15.141677640761166
2026-02-23 22:41:54,100.0,100.0,15.14129814304194
2026-02-23 22:42:09,100.0,100.0,15.140918645322714
2026-02-23 22:42:24,100.0,100.0,15.140539147603487
2026-02-23 22:42:39,100.0,100.0,15.140159649884259
2026-02-23 22:42:54,100.0,100.0,15.139780152165033
2026-02-23 22:43:09,100.0,100.0,15.139400654445806
2026-02-23 22:43:24,100.0,100.0,15.13902115672658
2026-02-23 22:43:39,100.0,100.0,15.138641659007353
2026-02-23 22:43:54,100.0,100.0,15.138262161288127
2026-02-23 22:44:09,100.0,100.0,15.1378826635689
2026-02-23 22:44:24,100.0,100.0,15.137503165849674
2026-02-23 22:44:39,100.0,100.0,15.137123668130448
2026-02-23 22:44:54,100.0,100.0,15.136744170411221
2026-02-23 22:45:09,100.0,100.0,15.136364672691993
2026-02-23 22:45:24,100.0,100.0,15.135985174972767
2026-02-23 22:45:39,100.0,100.0,15.13560567725354
2026-02-23 22:45:54,100.0,100.0,15.135226179534314
2026-02-23 22:46:09,100.0,100.0,15.134846681815088
2026-02-23 22:46:24,100.0,100.0,15.134467184095861
2026-02-23 22:46:39,100.0,100.0,15.134087686376635
2026-02-23 22:46:54,100.0,100.0,15.133708188657408
2026-02-23 22:47:09,100.0,100.0,15.133328690938182
2026-02-23 22:47:24,100.0,100.0,15.132949193218955
2026-02-23 22:47:39,100.0,100.0,15.132569695499729
2026-02-23 22:47:54,100.0,100.0,15.132190197780501
2026-02-23 22:48:09,100.0,100.0,15.131810700061274
2026-02-23 22:48:24,100.0,100.0,15.131431202342048
2026-02-23 22:48:39,100.0,100.0,15.131051704622822
2026-02-23 22:48:54,100.0,100.0,15.130672206903595
2026-02-23 22:49:09,100.0,100.0,15.130292709184369
2026-02-23 22:49:24,100.0,100.0,15.129913211465142
2026-02-23 22:49:39,100.0,100.0,15.129533713745916
2026-02-23 22:49:54,100.0,100.0,15.12915421602669
2026-02-23 22:50:09,100.0,100.0,15.128774718307463
2026-02-23 22:50:24,100.0,100.0,15.128395220588235
2026-02-23 22:50:39,100.0,100.0,15.128015722869009
2026-02-23 22:50:54,100.0,100.0,15.127636225149782
2026-02-23 22:51:09,100.0,100.0,15.127256727430556
2026-02-23 22:51:24,100.0,100.0,15.12687722971133
2026-02-23 22:51:39,100.0,100.0,15.126497731992103
2026-02-23 22:51:54,100.0,100.0,15.126118234272877
2026-02-23 22:52:09,100.0,100.0,15.12573873655365
2026-02-23 22:52:24,100.0,100.0,15.125359238834424
2026-02-23 22:52:39,100.0,100.0,15.124979741115197
2026-02-23 22:52:54,100.0,100.0,15.124600243395971
2026-02-23 22:53:09,100.0,100.0,15.124220745676743
2026-02-23 22:53:24,100.0,100.0,15.123841247957516
2026-02-23 22:53:39,100.0,100.0,15.12346175023829
2026-02-23 22:53:54,100.0,100.0,15.123082252519064
2026-02-23 22:54:09,100.0,100.0,15.122702754799837
2026-02-23 22:54:24,100.0,100.0,15.12232325708061
2026-02-23 22:54:39,100.0,100.0,15.121943759361384
2026-02-23 22:54:54,100.0,100.0,15.121564261642158
2026-02-23 22:55:09,100.0,100.0,15.121184763922932
2026-02-23 22:55:24,100.0,100.0,15.120805266203705
2026-02-23 22:55:39,100.0,100.0,15.120425768484477
2026-02-23 22:55:54,100.0,100.0,15.12004627076525
2026-02-23 22:56:09,100.0,100.0,15.119666773046024
2026-02-23 22:56:24,100.0,100.0,15.119287275326798
2026-02-23 22:56:39,100.0,100.0,15.118907777607571
2026-02-23 22:56:54,100.0,100.0,15.118528279888345
2026-02-23 22:57:09,100.0,100.0,15.118148782169119
2026-02-23 22:57:24,100.0,100.0,15.117769284449892
2026-02-23 22:57:39,100.0,100.0,15.117389786730666
2026-02-23 22:57:54,100.0,100.0,15.11701028901144
2026-02-23 22:58:09,100.0,100.0,15.116630791292213
2026-02-23 22:58:24,100.0,100.0,15.116251293572985
2026-02-23 22:58:39,100.0,100.0,15.115871795853758
2026-02-23 22:58:54,100.0,100.0,15.115492298134532
2026-02-23 22:59:09,100.0,100.0,15.115112800415305
2026-02-23 22:59:24,100.0,100.0,15.114733302696079
2026-02-23 22:59:39,100.0,100.0,15.114353804976853
2026-02-23 22:59:54,100.0,100.0,15.113974307257626
2026-02-23 23:00:09,100.0,100.0,15.1135948095384
2026-02-23 23:00:24,100.0,100.0,15.113215311819173
2026-02-23 23:00:39,100.0,100.0,15.112835814099947
2026-02-23 23:00:54,100.0,100.0,15.112456316380719
2026-02-23 23:01:09,100.0,100.0,15.112076818661492
2026-02-23 23:01:24,100.0,100.0,15.111697320942266
2026-02-23 23:01:39,100.0,100.0,15.11131782322304
2026-02-23 23:01:54,100.0,100.0,15.110938325503813
2026-02-23 23:02:09,100.0,100.0,15.110558827784587
2026-02-23 23:02:24,100.0,100.0,15.11017933006536
2026-02-23 23:02:39,100.0,100.0,15.109799832346134
2026-02-23 23:02:54,100.0,100.0,15.109420334626908
2026-02-23 23:03:09,100.0,100.0,15.109040836907681
2026-02-23 23:03:24,100.0,100.0,15.108661339188453
2026-02-23 23:03:39,100.0,100.0,15.108281841469227
2026-02-23 23:03:54,100.0,100.0,15.10790234375
2026-02-23 23:04:09,100.0,100.0,15.107522846030774
2026-02-23 23:04:24,100.0,100.0,15.107143348311547
2026-02-23 23:04:39,100.0,100.0,15.106763850592321
2026-02-23 23:04:54,100.0,100.0,15.106384352873095
2026-02-23 23:05:09,100.0,100.0,15.106004855153868
2026-02-23 23:05:24,100.0,100.0,15.105625357434642
2026-02-23 23:05:39,100.0,100.0,15.105245859715415
2026-02-23 23:05:54,100.0,100.0,15.104866361996189
2026-02-23 23:06:09,100.0,100.0,15.10448686427696
2026-02-23 23:06:24,100.0,100.0,15.104107366557734
2026-02-23 23:06:39,100.0,100.0,15.103727868838508
2026-02-23 23:06:54,100.0,100.0,15.103348371119282
2026-02-23 23:07:09,100.0,100.0,15.102968873400055
2026-02-23 23:07:24,100.0,100.0,15.102589375680829
2026-02-23 23:07:39,100.0,100.0,15.102209877961602
2026-02-23 23:07:54,100.0,100.0,15.101830380242376
2026-02-23 23:08:09,100.0,100.0,15.10145088252315
2026-02-23 23:08:24,100.0,100.0,15.101071384803923
2026-02-23 23:08:39,100.0,100.0,15.100691887084695
2026-02-23 23:08:54,100.0,100.0,15.100312389365468
2026-02-23 23:09:09,100.0,100.0,15.099932891646242
2026-02-23 23:09:24,100.0,100.0,15.099553393927016
2026-02-23 23:09:39,100.0,100.0,15.09917389620779
2026-02-23 23:09:54,100.0,100.0,15.098794398488563
2026-02-23 23:10:09,100.0,100.0,15.098414900769336
2026-02-23 23:10:24,100.0,100.0,15.09803540305011
2026-02-23 23:10:39,100.0,100.0,15.097655905330884
2026-02-23 23:10:54,100.0,100.0,15.097276407611657
2026-02-23 23:11:09,100.0,100.0,15.09689690989243
2026-02-23 23:11:24,100.0,100.0,15.096517412173203
2026-02-23 23:11:39,100.0,100.0,15.096137914453976
2026-02-23 23:11:54,100.0,100.0,15.09575841673475
2026-02-23 23:12:09,100.0,100.0,15.095378919015523
2026-02-23 23:12:24,100.0,100.0,15.094999421296297
2026-02-23 23:12:39,100.0,100.0,15.09461992357707
2026-02-23 23:12:54,100.0,100.0,15.094240425857844
2026-02-23 23:13:09,100.0,100.0,15.093860928138618
2026-02-23 23:13:24,100.0,100.0,15.093481430419391
2026-02-23 23:13:39,100.0,100.0,15.093101932700165
2026-02-23 23:13:54,100.0,100.0,15.092722434980937
2026-02-23 23:14:09,100.0,100.0,15.09234293726171
2026-02-23 23:14:24,100.0,100.0,15.091963439542484
2026-02-23 23:14:39,100.0,100.0,15.091583941823258
2026-02-23 23:14:54,100.0,100.0,15.091204444104031
2026-02-23 23:15:09,100.0,100.0,15.090824946384805
2026-02-23 23:15:24,100.0,100.0,15.090445448665578
2026-02-23 23:15:39,100.0,100.0,15.090065950946352
2026-02-23 23:15:54,100.0,100.0,15.089686453227126
2026-02-23 23:16:09,100.0,100.0,15.0893069555079
2026-02-23 23:16:24,100.0,100.0,15.088927457788673
2026-02-23 23:16:39,100.0,100.0,15.088547960069445
2026-02-23 23:16:54,100.0,100.0,15.088168462350218
2026-02-23 23:17:09,100.0,100.0,15.087788964630992
2026-02-23 23:17:24,100.0,100.0,15.087409466911765
2026-02-23 23:17:39,100.0,100.0,15.087029969192539
2026-02-23 23:17:54,100.0,100.0,15.086650471473313
2026-02-23 23:18:09,100.0,100.0,15.086270973754086
2026-02-23 23:18:24,100.0,100.0,15.08589147603486
2026-02-23 23:18:39,100.0,100.0,15.085511978315633
2026-02-23 23:18:54,100.0,100.0,15.085132480596407
2026-02-23 23:19:09,100.0,100.0,15.084752982877179
2026-02-23 23:19:24,100.0,100.0,15.084373485157952
2026-02-23 23:19:39,100.0,100.0,15.083993987438726
2026-02-23 23:19:54,100.0,100.0,15.0836144897195
2026-02-23 23:20:09,100.0,100.0,15.083234992000273
2026-02-23 23:20:24,100.0,100.0,15.082855494281047
2026-02-23 23:20:39,100.0,100.0,15.08247599656182
2026-02-23 23:20:54,100.0,100.0,15.082096498842594
2026-02-23 23:21:09,100.0,100.0,15.081717001123367
2026-02-23 23:21:24,100.0,100.0,15.081337503404141
2026-02-23 23:21:39,100.0,100.0,15.080958005684913
2026-02-23 23:21:54,100.0,100.0,15.080578507965686
2026-02-23 23:22:09,100.0,100.0,15.08019901024646
2026-02-23 23:22:24,100.0,100.0,15.079819512527234
2026-02-23 23:22:39,100.0,100.0,15.079440014808007
2026-02-23 23:22:54,100.0,100.0,15.07906051708878
2026-02-23 23:23:09,100.0,100.0,15.078681019369554
2026-02-23 23:23:24,100.0,100.0,15.078301521650328
2026-02-23 23:23:39,100.0,100.0,15.077922023931102
2026-02-23 23:23:54,100.0,100.0,15.077542526211875
2026-02-23 23:24:09,100.0,100.0,15.077163028492649
2026-02-23 23:24:24,100.0,100.0,15.07678353077342
2026-02-23 23:24:39,100.0,100.0,15.076404033054194
2026-02-23 23:24:54,100.0,100.0,15.076024535334968
2026-02-23 23:25:09,100.0,100.0,15.075645037615741
2026-02-23 23:25:24,100.0,100.0,15.075265539896515
2026-02-23 23:25:39,100.0,100.0,15.074886042177289
2026-02-23 23:25:54,100.0,100.0,15.074506544458062
2026-02-23 23:26:09,100.0,100.0,15.074127046738836
2026-02-23 23:26:24,100.0,100.0,15.07374754901961
2026-02-23 23:26:39,100.0,100.0,15.073368051300383
2026-02-23 23:26:54,100.0,100.0,15.072988553581155
2026-02-23 23:27:09,100.0,100.0,15.072609055861928
2026-02-23 23:27:24,100.0,100.0,15.072229558142702
2026-02-23 23:27:39,100.0,100.0,15.071850060423476
2026-02-23 23:27:54,100.0,100.0,15.07147056270425
2026-02-23 23:28:09,100.0,100.0,15.071091064985023
2026-02-23 23:28:24,100.0,100.0,15.070711567265796
2026-02-23 23:28:39,100.0,100.0,15.07033206954657
2026-02-23 23:28:54,100.0,100.0,15.069952571827343
2026-02-23 23:29:09,100.0,100.0,15.069573074108117
2026-02-23 23:29:24,100.0,100.0,15.06919357638889
2026-02-23 23:29:39,100.0,100.0,15.068814078669662
2026-02-23 23:29:54,100.0,100.0,15.068434580950436
2026-02-23 23:30:09,100.0,100.0,15.06805508323121
2026-02-23 23:30:24,100.0,100.0,15.067675585511983
2026-02-23 23:30:39,100.0,100.0,15.067296087792757
2026-02-23 23:30:54,100.0,100.0,15.06691659007353
2026-02-23 23:31:09,100.0,100.0,15.066537092354304
2026-02-23 23:31:24,100.0,100.0,15.066157594635078
2026-02-23 23:31:39,100.0,100.0,15.065778096915851
2026-02-23 23:31:54,100.0,100.0,15.065398599196625
2026-02-23 23:32:09,100.0,100.0,15.065019101477397
2026-02-23 23:32:24,100.0,100.0,15.06463960375817
2026-02-23 23:32:39,100.0,100.0,15.064260106038944
2026-02-23 23:32:54,100.0,100.0,15.063880608319717
2026-02-23 23:33:09,100.0,100.0,15.063501110600491
2026-02-23 23:33:24,100.0,100.0,15.063121612881265
2026-02-23 23:33:39,100.0,100.0,15.062742115162038
2026-02-23 23:33:54,100.0,100.0,15.062362617442812
2026-02-23 23:34:09,100.0,100.0,15.061983119723585
2026-02-23 23:34:24,100.0,100.0,15.061603622004359
2026-02-23 23:34:39,100.0,100.0,15.061224124285133
2026-02-23 23:34:54,100.0,100.0,15.060844626565904
2026-02-23 23:35:09,100.0,100.0,15.060465128846678
2026-02-23 23:35:24,100.0,100.0,15.060085631127452
2026-02-23 23:35:39,100.0,100.0,15.059706133408225
2026-02-23 23:35:54,100.0,100.0,15.059326635688999
2026-02-23 23:36:09,100.0,100.0,15.058947137969772
2026-02-23 23:36:24,100.0,100.0,15.058567640250546
2026-02-23 23:36:39,100.0,100.0,15.05818814253132
2026-02-23 23:36:54,100.0,100.0,15.057808644812093
2026-02-23 23:37:09,100.0,100.0,15.057429147092867
2026-02-23 23:37:24,100.0,100.0,15.057049649373639
2026-02-23 23:37:39,100.0,100.0,15.056670151654412
2026-02-23 23:37:54,100.0,100.0,15.056290653935186
2026-02-23 23:38:09,100.0,100.0,15.05591115621596
2026-02-23 23:38:24,100.0,100.0,15.055531658496733
2026-02-23 23:38:39,100.0,100.0,15.055152160777507
2026-02-23 23:38:54,100.0,100.0,15.05477266305828
2026-02-23 23:39:09,100.0,100.0,15.054393165339054
2026-02-23 23:39:24,100.0,100.0,15.054013667619827
2026-02-23 23:39:39,100.0,100.0,15.0536341699006
2026-02-23 23:39:54,100.0,100.0,15.053254672181374
2026-02-23 23:40:09,100.0,100.0,15.052875174462146
2026-02-23 23:40:24,100.0,100.0,15.05249567674292
2026-02-23 23:40:39,100.0,100.0,15.052116179023693
2026-02-23 23:40:54,100.0,100.0,15.051736681304467
2026-02-23 23:41:09,100.0,100.0,15.05135718358524
2026-02-23 23:41:24,100.0,100.0,15.050977685866014
2026-02-23 23:41:39,100.0,100.0,15.050598188146788
2026-02-23 23:41:54,100.0,100.0,15.050218690427561
2026-02-23 23:42:09,100.0,100.0,15.049839192708335
2026-02-23 23:42:24,100.0,100.0,15.049459694989109
2026-02-23 23:42:39,100.0,100.0,15.04908019726988
2026-02-23 23:42:54,100.0,100.0,15.048700699550654
2026-02-23 23:43:09,100.0,100.0,15.048321201831428
2026-02-23 23:43:24,100.0,100.0,15.047941704112201
2026-02-23 23:43:39,100.0,100.0,15.047562206392975
2026-02-23 23:43:54,100.0,100.0,15.047182708673748
2026-02-23 23:44:09,100.0,100.0,15.046803210954522
2026-02-23 23:44:24,100.0,100.0,15.046423713235296
2026-02-23 23:44:39,100.0,100.0,15.04604421551607
2026-02-23 23:44:54,100.0,100.0,15.045664717796843
2026-02-23 23:45:09,100.0,100.0,15.045285220077615
2026-02-23 23:45:24,100.0,100.0,15.044905722358388
2026-02-23 23:45:39,100.0,100.0,15.044526224639162
2026-02-23 23:45:54,100.0,100.0,15.044146726919935
2026-02-23 23:46:09,100.0,100.0,15.043767229200709
2026-02-23 23:46:24,100.0,100.0,15.043387731481483
2026-02-23 23:46:39,100.0,100.0,15.043008233762256
2026-02-23 23:46:54,100.0,100.0,15.04262873604303
2026-02-23 23:47:09,100.0,100.0,15.042249238323803
2026-02-23 23:47:24,100.0,100.0,15.041869740604577
2026-02-23 23:47:39,100.0,100.0,15.04149024288535
2026-02-23 23:47:54,100.0,100.0,15.041110745166122
2026-02-23 23:48:09,100.0,100.0,15.040731247446896
2026-02-23 23:48:24,100.0,100.0,15.04035174972767
2026-02-23 23:48:39,100.0,100.0,15.039972252008443
2026-02-23 23:48:54,100.0,100.0,15.039592754289217
2026-02-23 23:49:09,100.0,100.0,15.03921325656999
2026-02-23 23:49:24,100.0,100.0,15.038833758850764
2026-02-23 23:49:39,100.0,100.0,15.038454261131537
2026-02-23 23:49:54,100.0,100.0,15.038074763412311
2026-02-23 23:50:09,100.0,100.0,15.037695265693085
2026-02-23 23:50:24,100.0,100.0,15.037315767973856
2026-02-23 23:50:39,100.0,100.0,15.03693627025463
2026-02-23 23:50:54,100.0,100.0,15.036556772535404
2026-02-23 23:51:09,100.0,100.0,15.036177274816177
2026-02-23 23:51:24,100.0,100.0,15.03579777709695
2026-02-23 23:51:39,100.0,100.0,15.035418279377724
2026-02-23 23:51:54,100.0,100.0,15.035038781658498
2026-02-23 23:52:09,100.0,100.0,15.034659283939272
2026-02-23 23:52:24,100.0,100.0,15.034279786220045
2026-02-23 23:52:39,100.0,100.0,15.033900288500819
2026-02-23 23:52:54,100.0,100.0,15.033520790781592
2026-02-23 23:53:09,100.0,100.0,15.033141293062364
2026-02-23 23:53:24,100.0,100.0,15.032761795343138
2026-02-23 23:53:39,100.0,100.0,15.032382297623911
2026-02-23 23:53:54,100.0,100.0,15.032002799904685
2026-02-23 23:54:09,100.0,100.0,15.031623302185459
2026-02-23 23:54:24,100.0,100.0,15.031243804466232
2026-02-23 23:54:39,100.0,100.0,15.030864306747006
2026-02-23 23:54:54,100.0,100.0,15.03048480902778
2026-02-23 23:55:09,100.0,100.0,15.030105311308553
2026-02-23 23:55:24,100.0,100.0,15.029725813589327
2026-02-23 23:55:39,100.0,100.0,15.029346315870098
2026-02-23 23:55:54,100.0,100.0,15.028966818150872
2026-02-23 23:56:09,100.0,100.0,15.028587320431646
2026-02-23 23:56:24,100.0,100.0,15.02820782271242
2026-02-23 23:56:39,100.0,100.0,15.027828324993193
2026-02-23 23:56:54,100.0,100.0,15.027448827273966
2026-02-23 23:57:09,100.0,100.0,15.02706932955474
2026-02-23 23:57:24,100.0,100.0,15.026689831835514
2026-02-23 23:57:39,100.0,100.0,15.026310334116287
2026-02-23 23:57:54,100.0,100.0,15.02593083639706
2026-02-23 23:58:09,100.0,100.0,15.025551338677833
2026-02-23 23:58:24,100.0,100.0,15.025171840958606
2026-02-23 23:58:39,100.0,100.0,15.02479234323938
2026-02-23 23:58:54,100.0,100.0,15.024412845520153
2026-02-23 23:59:09,100.0,100.0,15.024033347800927
2026-02-23 23:59:24,100.0,100.0,15.0236538500817
2026-02-23 23:59:39,100.0,100.0,15.023274352362474
2026-02-23 23:59:54,100.0,100.0,15.022894854643248
