time,tcc_auto,tcc_empi,int_time
2026-03-21 00:00:09,100.0,100.0,39.57019032699268
2026-03-21 00:00:24,100.0,100.0,39.557894879944406
2026-03-21 00:00:39,100.0,100.0,39.545599432896125
2026-03-21 00:00:54,100.0,100.0,39.533303985847844
2026-03-21 00:01:09,100.0,100.0,39.52100853879957
2026-03-21 00:01:24,100.0,100.0,39.50871309175129
2026-03-21 00:01:39,100.0,100.0,39.496417644703016
2026-03-21 00:01:54,100.0,100.0,39.484122197654735
2026-03-21 00:02:09,100.0,100.0,39.47182675060645
2026-03-21 00:02:24,100.0,100.0,39.45953130355818
2026-03-21 00:02:39,100.0,100.0,39.4472358565099
2026-03-21 00:02:54,100.0,100.0,39.434940409461625
2026-03-21 00:03:09,100.0,100.0,39.422644962413344
2026-03-21 00:03:24,100.0,100.0,39.41034951536507
2026-03-21 00:03:39,100.0,100.0,39.39805406831679
2026-03-21 00:03:54,100.0,100.0,39.38575862126851
2026-03-21 00:04:09,100.0,100.0,39.373463174220234
2026-03-21 00:04:24,100.0,100.0,39.36116772717195
2026-03-21 00:04:39,100.0,100.0,39.34887228012368
2026-03-21 00:04:54,100.0,100.0,39.3365768330754
2026-03-21 00:05:09,100.0,100.0,39.324281386027124
2026-03-21 00:05:24,100.0,100.0,39.31198593897884
2026-03-21 00:05:39,100.0,100.0,39.29969049193056
2026-03-21 00:05:54,100.0,100.0,39.28739504488229
2026-03-21 00:06:09,100.0,100.0,39.27509959783401
2026-03-21 00:06:24,100.0,100.0,39.26280415078573
2026-03-21 00:06:39,100.0,100.0,39.25050870373745
2026-03-21 00:06:54,100.0,100.0,39.23821325668918
2026-03-21 00:07:09,100.0,100.0,39.2259178096409
2026-03-21 00:07:24,100.0,100.0,39.213622362592616
2026-03-21 00:07:39,100.0,100.0,39.20132691554434
2026-03-21 00:07:54,100.0,100.0,39.18903146849606
2026-03-21 00:08:09,100.0,100.0,39.17673602144778
2026-03-21 00:08:24,100.0,100.0,39.16444057439951
2026-03-21 00:08:39,100.0,100.0,39.152145127351226
2026-03-21 00:08:54,100.0,100.0,39.13984968030295
2026-03-21 00:09:09,100.0,100.0,39.12755423325467
2026-03-21 00:09:24,100.0,100.0,39.1152587862064
2026-03-21 00:09:39,100.0,100.0,39.102963339158116
2026-03-21 00:09:54,100.0,100.0,39.090667892109835
2026-03-21 00:10:09,100.0,100.0,39.07837244506156
2026-03-21 00:10:24,100.0,100.0,39.06607699801328
2026-03-21 00:10:39,100.0,100.0,39.053781550965006
2026-03-21 00:10:54,100.0,100.0,39.041486103916725
2026-03-21 00:11:09,100.0,100.0,39.02919065686845
2026-03-21 00:11:24,100.0,100.0,39.01689520982017
2026-03-21 00:11:39,100.0,100.0,39.00459976277189
2026-03-21 00:11:54,100.0,100.0,38.992304315723615
2026-03-21 00:12:09,100.0,100.0,38.980008868675334
2026-03-21 00:12:24,100.0,100.0,38.96771342162706
2026-03-21 00:12:39,100.0,100.0,38.95541797457878
2026-03-21 00:12:54,100.0,100.0,38.943122527530505
2026-03-21 00:13:09,100.0,100.0,38.930827080482224
2026-03-21 00:13:24,100.0,99.23076923076923,38.91853163343394
2026-03-21 00:13:39,100.0,98.47328244274809,38.90623618638567
2026-03-21 00:13:54,100.0,97.72727272727273,38.89394073933739
2026-03-21 00:14:09,100.0,96.99248120300751,38.881645292289114
2026-03-21 00:14:24,100.0,96.26865671641791,38.86934984524083
2026-03-21 00:14:39,100.0,95.55555555555556,38.85705439819255
2026-03-21 00:14:54,100.0,95.58823529411765,38.84475895114428
2026-03-21 00:15:09,100.0,95.62043795620438,38.832463504096
2026-03-21 00:15:24,100.0,95.65217391304348,38.820168057047724
2026-03-21 00:15:39,100.0,95.68345323741008,38.80787260999944
2026-03-21 00:15:54,100.0,95.71428571428572,38.79557716295116
2026-03-21 00:16:09,100.0,95.74468085106383,38.78328171590289
2026-03-21 00:16:24,100.0,95.77464788732394,38.77098626885461
2026-03-21 00:16:39,100.0,95.8041958041958,38.75869082180633
2026-03-21 00:16:54,100.0,95.83333333333334,38.74639537475805
2026-03-21 00:17:09,100.0,95.86206896551724,38.73409992770978
2026-03-21 00:17:24,100.0,95.8904109589041,38.7218044806615
2026-03-21 00:17:39,100.0,95.91836734693877,38.709509033613216
2026-03-21 00:17:54,100.0,95.94594594594594,38.69721358656494
2026-03-21 00:18:09,100.0,95.9731543624161,38.68491813951666
2026-03-21 00:18:24,100.0,96.0,38.67262269246839
2026-03-21 00:18:39,100.0,96.02649006622516,38.660327245420106
2026-03-21 00:18:54,100.0,96.05263157894737,38.64803179837183
2026-03-21 00:19:09,100.0,96.07843137254902,38.63573635132355
2026-03-21 00:19:24,100.0,96.07843137254902,38.62344090427527
2026-03-21 00:19:39,100.0,96.07843137254902,38.611145457226996
2026-03-21 00:19:54,100.0,96.07843137254902,38.598850010178715
2026-03-21 00:20:09,100.0,96.07843137254902,38.58655456313044
2026-03-21 00:20:24,100.0,96.07843137254902,38.57425911608216
2026-03-21 00:20:39,100.0,96.07843137254902,38.56196366903388
2026-03-21 00:20:54,100.0,96.07843137254902,38.549668221985605
2026-03-21 00:21:09,100.0,96.07843137254902,38.537372774937324
2026-03-21 00:21:24,100.0,96.07843137254902,38.52507732788905
2026-03-21 00:21:39,100.0,96.07843137254902,38.51278188084077
2026-03-21 00:21:54,100.0,96.07843137254902,38.50048643379249
2026-03-21 00:22:09,100.0,96.07843137254902,38.488190986744215
2026-03-21 00:22:24,100.0,96.07843137254902,38.475895539695934
2026-03-21 00:22:39,100.0,96.07843137254902,38.46360009264766
2026-03-21 00:22:54,100.0,96.07843137254902,38.45130464559938
2026-03-21 00:23:09,100.0,96.07843137254902,38.439009198551105
2026-03-21 00:23:24,100.0,96.07843137254902,38.426713751502824
2026-03-21 00:23:39,100.0,96.07843137254902,38.41441830445454
2026-03-21 00:23:54,100.0,96.07843137254902,38.40212285740627
2026-03-21 00:24:09,100.0,96.07843137254902,38.38982741035799
2026-03-21 00:24:24,100.0,96.07843137254902,38.377531963309714
2026-03-21 00:24:39,100.0,96.07843137254902,38.36523651626143
2026-03-21 00:24:54,100.0,96.07843137254902,38.35294106921316
2026-03-21 00:25:09,100.0,96.07843137254902,38.34064562216488
2026-03-21 00:25:24,100.0,96.07843137254902,38.3283501751166
2026-03-21 00:25:39,100.0,96.07843137254902,38.31605472806832
2026-03-21 00:25:54,100.0,96.07843137254902,38.30375928102004
2026-03-21 00:26:09,100.0,96.07843137254902,38.29146383397177
2026-03-21 00:26:24,100.0,96.07843137254902,38.27916838692349
2026-03-21 00:26:39,100.0,96.07843137254902,38.26687293987521
2026-03-21 00:26:54,100.0,96.07843137254902,38.25457749282693
2026-03-21 00:27:09,100.0,96.07843137254902,38.24228204577865
2026-03-21 00:27:24,100.0,96.07843137254902,38.22998659873038
2026-03-21 00:27:39,100.0,96.07843137254902,38.2176911516821
2026-03-21 00:27:54,100.0,96.07843137254902,38.205395704633816
2026-03-21 00:28:09,100.0,96.07843137254902,38.19310025758554
2026-03-21 00:28:24,100.0,96.07843137254902,38.18080481053726
2026-03-21 00:28:39,100.0,96.07843137254902,38.16850936348899
2026-03-21 00:28:54,100.0,96.07843137254902,38.156213916440706
2026-03-21 00:29:09,100.0,96.07843137254902,38.14391846939243
2026-03-21 00:29:24,100.0,96.07843137254902,38.13162302234415
2026-03-21 00:29:39,100.0,96.07843137254902,38.11932757529587
2026-03-21 00:29:54,100.0,96.07843137254902,38.107032128247596
2026-03-21 00:30:09,100.0,96.07843137254902,38.094736681199315
2026-03-21 00:30:24,100.0,96.07843137254902,38.08244123415104
2026-03-21 00:30:39,100.0,96.07843137254902,38.07014578710276
2026-03-21 00:30:54,100.0,96.07843137254902,38.057850340054486
2026-03-21 00:31:09,100.0,96.07843137254902,38.045554893006205
2026-03-21 00:31:24,100.0,96.07843137254902,38.033259445957924
2026-03-21 00:31:39,100.0,96.07843137254902,38.02096399890965
2026-03-21 00:31:54,100.0,96.07843137254902,38.00866855186137
2026-03-21 00:32:09,100.0,95.9731543624161,37.996373104813095
2026-03-21 00:32:24,100.0,95.9731543624161,37.984077657764814
2026-03-21 00:32:39,100.0,95.9731543624161,37.97178221071654
2026-03-21 00:32:54,100.0,95.9731543624161,37.95948676366826
2026-03-21 00:33:09,100.0,95.9731543624161,37.94719131661998
2026-03-21 00:33:24,100.0,95.9731543624161,37.934895869571704
2026-03-21 00:33:39,100.0,95.9731543624161,37.92260042252342
2026-03-21 00:33:54,100.0,95.9731543624161,37.91030497547515
2026-03-21 00:34:09,100.0,95.9731543624161,37.89800952842687
2026-03-21 00:34:24,100.0,95.9731543624161,37.88571408137859
2026-03-21 00:34:39,100.0,95.9731543624161,37.873418634330314
2026-03-21 00:34:54,100.0,95.9731543624161,37.86112318728203
2026-03-21 00:35:09,100.0,95.9731543624161,37.84882774023376
2026-03-21 00:35:24,100.0,95.9731543624161,37.83653229318548
2026-03-21 00:35:39,100.0,95.9731543624161,37.8242368461372
2026-03-21 00:35:54,100.0,95.9731543624161,37.81194139908892
2026-03-21 00:36:09,100.0,95.9731543624161,37.79964595204064
2026-03-21 00:36:24,100.0,95.9731543624161,37.78735050499237
2026-03-21 00:36:39,100.0,95.9731543624161,37.77505505794409
2026-03-21 00:36:54,100.0,95.9731543624161,37.76275961089581
2026-03-21 00:37:09,100.0,95.9731543624161,37.75046416384753
2026-03-21 00:37:24,100.0,95.9731543624161,37.73816871679925
2026-03-21 00:37:39,100.0,95.9731543624161,37.72587326975098
2026-03-21 00:37:54,100.0,95.9731543624161,37.713577822702696
2026-03-21 00:38:09,100.0,95.9731543624161,37.70128237565442
2026-03-21 00:38:24,100.0,95.9731543624161,37.68898692860614
2026-03-21 00:38:39,100.0,95.9731543624161,37.67669148155787
2026-03-21 00:38:54,100.0,95.9731543624161,37.664396034509586
2026-03-21 00:39:09,100.0,95.9731543624161,37.652100587461305
2026-03-21 00:39:24,100.0,95.9731543624161,37.63980514041303
2026-03-21 00:39:39,100.0,95.9731543624161,37.62750969336475
2026-03-21 00:39:54,100.0,95.9731543624161,37.61521424631648
2026-03-21 00:40:09,100.0,95.9731543624161,37.602918799268195
2026-03-21 00:40:24,100.0,95.9731543624161,37.590623352219914
2026-03-21 00:40:39,100.0,95.9731543624161,37.57832790517164
2026-03-21 00:40:54,100.0,95.9731543624161,37.56603245812336
2026-03-21 00:41:09,100.0,95.9731543624161,37.553737011075086
2026-03-21 00:41:24,100.0,95.9731543624161,37.541441564026805
2026-03-21 00:41:39,100.0,95.9731543624161,37.529146116978524
2026-03-21 00:41:54,100.0,95.9731543624161,37.51685066993025
2026-03-21 00:42:09,100.0,95.9731543624161,37.50455522288197
2026-03-21 00:42:24,100.0,95.30201342281879,37.492259775833695
2026-03-21 00:42:39,100.0,95.30201342281879,37.479964328785414
2026-03-21 00:42:54,100.0,95.30201342281879,37.46766888173714
2026-03-21 00:43:09,100.0,95.30201342281879,37.45537343468886
2026-03-21 00:43:24,100.0,95.30201342281879,37.44307798764058
2026-03-21 00:43:39,100.0,95.30201342281879,37.430782540592304
2026-03-21 00:43:54,100.0,95.30201342281879,37.41848709354402
2026-03-21 00:44:09,100.0,95.30201342281879,37.40619164649575
2026-03-21 00:44:24,100.0,95.30201342281879,37.39389619944747
2026-03-21 00:44:39,100.0,95.30201342281879,37.381600752399194
2026-03-21 00:44:54,100.0,94.63087248322147,37.36930530535091
2026-03-21 00:45:09,100.0,93.95973154362416,37.35700985830263
2026-03-21 00:45:24,100.0,93.95973154362416,37.34471441125436
2026-03-21 00:45:39,100.0,93.95973154362416,37.33241896420608
2026-03-21 00:45:54,100.0,93.95973154362416,37.3201235171578
2026-03-21 00:46:09,100.0,93.28859060402685,37.30782807010952
2026-03-21 00:46:24,100.0,92.61744966442953,37.29553262306124
2026-03-21 00:46:39,100.0,92.61744966442953,37.28323717601297
2026-03-21 00:46:54,100.0,91.94630872483222,37.27094172896469
2026-03-21 00:47:09,100.0,91.2751677852349,37.25864628191641
2026-03-21 00:47:24,100.0,90.60402684563759,37.24635083486813
2026-03-21 00:47:39,100.0,89.93288590604027,37.23405538781986
2026-03-21 00:47:54,100.0,89.93288590604027,37.22175994077158
2026-03-21 00:48:09,100.0,89.93288590604027,37.209464493723296
2026-03-21 00:48:24,100.0,89.93288590604027,37.19716904667502
2026-03-21 00:48:39,100.0,89.93288590604027,37.18487359962674
2026-03-21 00:48:54,100.0,89.93288590604027,37.17257815257847
2026-03-21 00:49:09,100.0,89.93288590604027,37.160282705530186
2026-03-21 00:49:24,100.0,89.93288590604027,37.147987258481905
2026-03-21 00:49:39,100.0,89.93288590604027,37.13569181143363
2026-03-21 00:49:54,100.0,89.93288590604027,37.12339636438535
2026-03-21 00:50:09,100.0,89.93288590604027,37.111100917337076
2026-03-21 00:50:24,100.0,89.26174496644296,37.098805470288795
2026-03-21 00:50:39,100.0,88.59060402684564,37.08651002324052
2026-03-21 00:50:54,100.0,87.91946308724832,37.07421457619224
2026-03-21 00:51:09,100.0,87.91946308724832,37.06191912914396
2026-03-21 00:51:24,100.0,88.59060402684564,37.049623682095685
2026-03-21 00:51:39,100.0,89.26174496644296,37.037328235047404
2026-03-21 00:51:54,100.0,89.26174496644296,37.02503278799913
2026-03-21 00:52:09,100.0,89.26174496644296,37.01273734095085
2026-03-21 00:52:24,100.0,89.26174496644296,37.00044189390257
2026-03-21 00:52:39,100.0,89.65517241379311,36.988146446854294
2026-03-21 00:52:54,100.0,88.96551724137932,36.97585099980601
2026-03-21 00:53:09,100.0,88.27586206896552,36.96355555275774
2026-03-21 00:53:24,100.0,87.58620689655172,36.95126010570946
2026-03-21 00:53:39,100.0,86.89655172413792,36.938964658661185
2026-03-21 00:53:54,100.0,86.20689655172413,36.926669211612904
2026-03-21 00:54:09,100.0,85.51724137931035,36.91437376456462
2026-03-21 00:54:24,100.0,84.82758620689656,36.90207831751635
2026-03-21 00:54:39,100.0,84.13793103448276,36.88978287046807
2026-03-21 00:54:54,100.0,83.44827586206897,36.877487423419794
2026-03-21 00:55:09,100.0,82.75862068965517,36.86519197637151
2026-03-21 00:55:24,100.0,82.06896551724138,36.85289652932323
2026-03-21 00:55:39,100.0,81.37931034482759,36.84060108227496
2026-03-21 00:55:54,100.0,80.6896551724138,36.82830563522668
2026-03-21 00:56:09,100.0,80.0,36.8160101881784
2026-03-21 00:56:24,100.0,79.3103448275862,36.80371474113012
2026-03-21 00:56:39,100.0,78.62068965517241,36.79141929408185
2026-03-21 00:56:54,100.0,77.93103448275862,36.77912384703357
2026-03-21 00:57:09,100.0,77.24137931034483,36.766828399985286
2026-03-21 00:57:24,100.0,76.55172413793103,36.75453295293701
2026-03-21 00:57:39,100.0,76.55172413793103,36.74223750588873
2026-03-21 00:57:54,100.0,76.55172413793103,36.72994205884046
2026-03-21 00:58:09,100.0,76.55172413793103,36.717646611792176
2026-03-21 00:58:24,100.0,76.55172413793103,36.7053511647439
2026-03-21 00:58:39,100.0,76.55172413793103,36.69305571769562
2026-03-21 00:58:54,100.0,76.55172413793103,36.68076027064734
2026-03-21 00:59:09,100.0,76.55172413793103,36.66846482359907
2026-03-21 00:59:24,100.0,76.55172413793103,36.656169376550785
2026-03-21 00:59:39,100.0,76.55172413793103,36.64387392950251
2026-03-21 00:59:54,100.0,76.55172413793103,36.63157848245423
2026-03-21 01:00:09,100.0,76.55172413793103,36.61928303540595
2026-03-21 01:00:24,100.0,76.55172413793103,36.606987588357676
2026-03-21 01:00:39,100.0,76.55172413793103,36.594692141309395
2026-03-21 01:00:54,100.0,76.55172413793103,36.58239669426112
2026-03-21 01:01:09,100.0,76.55172413793103,36.57010124721284
2026-03-21 01:01:24,100.0,76.55172413793103,36.55780580016456
2026-03-21 01:01:39,100.0,76.55172413793103,36.545510353116285
2026-03-21 01:01:54,100.0,76.55172413793103,36.533214906068004
2026-03-21 01:02:09,100.0,76.55172413793103,36.52091945901973
2026-03-21 01:02:24,100.0,76.55172413793103,36.50862401197145
2026-03-21 01:02:39,100.0,76.55172413793103,36.496328564923175
2026-03-21 01:02:54,100.0,76.55172413793103,36.484033117874894
2026-03-21 01:03:09,100.0,76.55172413793103,36.47173767082661
2026-03-21 01:03:24,100.0,76.55172413793103,36.45944222377834
2026-03-21 01:03:39,100.0,76.55172413793103,36.44714677673006
2026-03-21 01:03:54,100.0,76.55172413793103,36.434851329681784
2026-03-21 01:04:09,100.0,76.55172413793103,36.4225558826335
2026-03-21 01:04:24,100.0,76.55172413793103,36.41026043558523
2026-03-21 01:04:39,100.0,76.55172413793103,36.39796498853695
2026-03-21 01:04:54,100.0,76.55172413793103,36.38566954148867
2026-03-21 01:05:09,100.0,76.55172413793103,36.37337409444039
2026-03-21 01:05:24,100.0,76.55172413793103,36.36107864739211
2026-03-21 01:05:38,100.0,76.55172413793103,36.34960289681372
2026-03-21 01:05:54,87.5,76.55172413793103,36.33648775329556
2026-03-21 01:06:09,87.5,76.55172413793103,36.32419230624728
2026-03-21 01:06:24,87.5,76.55172413793103,36.311896859199
2026-03-21 01:06:38,87.5,76.38888888888889,36.30042110862061
2026-03-21 01:06:54,87.5,76.55172413793103,36.28730596510245
2026-03-21 01:07:09,87.5,76.55172413793103,36.27501051805417
2026-03-21 01:07:23,87.5,76.55172413793103,36.263534767475775
2026-03-21 01:07:39,87.5,75.86206896551724,36.25041962395761
2026-03-21 01:07:54,87.5,75.17241379310344,36.23812417690933
2026-03-21 01:08:09,87.5,74.48275862068967,36.22582872986106
2026-03-21 01:08:24,87.5,73.79310344827587,36.213533282812776
2026-03-21 01:08:38,87.5,73.10344827586206,36.202057532234384
2026-03-21 01:08:53,87.5,72.41379310344827,36.1897620851861
2026-03-21 01:09:08,87.5,71.72413793103448,36.17746663813783
2026-03-21 01:09:23,87.5,71.03448275862068,36.16517119108955
2026-03-21 01:09:38,87.5,70.34482758620689,36.152875744041275
2026-03-21 01:09:53,87.5,69.6551724137931,36.140580296992994
2026-03-21 01:10:08,87.5,68.96551724137932,36.12828484994472
2026-03-21 01:10:24,87.5,68.96551724137932,36.115169706426556
2026-03-21 01:10:39,87.5,68.96551724137932,36.102874259378275
2026-03-21 01:10:53,87.5,68.27586206896552,36.091398508799884
2026-03-21 01:11:08,87.5,67.58620689655173,36.0791030617516
2026-03-21 01:11:23,87.5,66.89655172413794,36.06680761470333
2026-03-21 01:11:38,87.5,66.20689655172414,36.05451216765505
2026-03-21 01:11:53,87.5,65.51724137931035,36.04221672060677
2026-03-21 01:12:08,87.5,64.82758620689654,36.02992127355849
2026-03-21 01:12:23,87.5,64.13793103448275,36.01762582651021
2026-03-21 01:12:39,87.5,63.44827586206897,36.00451068299205
2026-03-21 01:12:53,87.5,63.12056737588653,35.99303493241366
2026-03-21 01:13:08,87.5,62.4113475177305,35.980739485365376
2026-03-21 01:13:23,87.5,61.702127659574465,35.9684440383171
2026-03-21 01:13:38,87.5,60.99290780141844,35.95614859126882
2026-03-21 01:13:53,87.5,60.28368794326241,35.94385314422055
2026-03-21 01:14:08,87.5,59.57446808510638,35.931557697172266
2026-03-21 01:14:24,75.0,58.86524822695035,35.9184425536541
2026-03-21 01:14:39,75.0,58.156028368794324,35.90614710660583
2026-03-21 01:14:54,75.0,57.446808510638306,35.89385165955755
2026-03-21 01:15:08,75.0,56.73758865248227,35.88237590897916
2026-03-21 01:15:23,75.0,56.02836879432624,35.870080461930876
2026-03-21 01:15:39,75.0,55.319148936170215,35.85696531841271
2026-03-21 01:15:54,75.0,54.60992907801418,35.84466987136444
2026-03-21 01:16:09,75.0,53.90070921985816,35.83237442431616
2026-03-21 01:16:23,75.0,53.191489361702125,35.820898673737766
2026-03-21 01:16:38,75.0,52.4822695035461,35.808603226689485
2026-03-21 01:16:53,75.0,51.77304964539007,35.79630777964121
2026-03-21 01:17:08,75.0,51.06382978723404,35.78401233259293
2026-03-21 01:17:24,75.0,50.35460992907801,35.770897189074766
2026-03-21 01:17:39,75.0,49.645390070921984,35.75860174202649
2026-03-21 01:17:54,75.0,48.93617021276596,35.74630629497821
2026-03-21 01:18:08,75.0,48.226950354609926,35.73483054439982
2026-03-21 01:18:24,75.0,47.5177304964539,35.721715400881656
2026-03-21 01:18:39,75.0,47.5177304964539,35.709419953833375
2026-03-21 01:18:54,75.0,46.808510638297875,35.6971245067851
2026-03-21 01:19:08,75.0,46.09929078014184,35.6856487562067
2026-03-21 01:19:23,75.0,45.39007092198582,35.67335330915843
2026-03-21 01:19:38,75.0,44.680851063829785,35.66105786211015
2026-03-21 01:19:53,87.5,43.97163120567376,35.648762415061874
2026-03-21 01:20:09,87.5,43.262411347517734,35.63564727154371
2026-03-21 01:20:24,87.5,42.5531914893617,35.62335182449543
2026-03-21 01:20:39,87.5,41.843971631205676,35.611056377447156
2026-03-21 01:20:53,87.5,41.13475177304964,35.59958062686876
2026-03-21 01:21:08,87.5,41.13475177304964,35.58728517982048
2026-03-21 01:21:23,87.5,41.13475177304964,35.5749897327722
2026-03-21 01:21:38,87.5,40.42553191489361,35.56269428572393
2026-03-21 01:21:53,87.5,39.71631205673759,35.55039883867565
2026-03-21 01:22:09,87.5,39.00709219858156,35.537283695157484
2026-03-21 01:22:23,87.5,39.00709219858156,35.52580794457909
2026-03-21 01:22:38,87.5,39.00709219858156,35.51351249753081
2026-03-21 01:22:53,87.5,38.297872340425535,35.50121705048254
2026-03-21 01:23:08,87.5,38.297872340425535,35.48892160343426
2026-03-21 01:23:23,87.5,38.297872340425535,35.47662615638598
2026-03-21 01:23:38,87.5,38.297872340425535,35.4643307093377
2026-03-21 01:23:53,87.5,38.297872340425535,35.45203526228942
2026-03-21 01:24:09,87.5,37.142857142857146,35.438920118771264
2026-03-21 01:24:24,87.5,36.87943262411347,35.42662467172298
2026-03-21 01:24:39,87.5,36.17021276595745,35.4143292246747
2026-03-21 01:24:53,87.5,35.46099290780142,35.40285347409631
2026-03-21 01:25:08,87.5,34.751773049645394,35.39055802704804
2026-03-21 01:25:23,87.5,34.04255319148936,35.378262579999756
2026-03-21 01:25:38,87.5,33.33333333333333,35.365967132951475
2026-03-21 01:25:53,87.5,32.62411347517731,35.3536716859032
2026-03-21 01:26:08,87.5,31.914893617021278,35.34137623885492
2026-03-21 01:26:23,87.5,31.20567375886525,35.329080791806646
2026-03-21 01:26:38,87.5,31.20567375886525,35.316785344758365
2026-03-21 01:26:53,87.5,31.20567375886525,35.304489897710084
2026-03-21 01:27:08,75.0,31.20567375886525,35.29219445066181
2026-03-21 01:27:23,75.0,31.20567375886525,35.27989900361353
2026-03-21 01:27:38,75.0,30.49645390070922,35.267603556565255
2026-03-21 01:27:53,75.0,29.78723404255319,35.255308109516974
2026-03-21 01:28:08,75.0,29.78723404255319,35.2430126624687
2026-03-21 01:28:23,75.0,29.78723404255319,35.23071721542042
2026-03-21 01:28:38,75.0,29.78723404255319,35.21842176837214
2026-03-21 01:28:53,75.0,29.78723404255319,35.206126321323865
2026-03-21 01:29:08,75.0,29.78723404255319,35.193830874275584
2026-03-21 01:29:23,75.0,29.78723404255319,35.18153542722731
2026-03-21 01:29:38,75.0,29.78723404255319,35.16923998017903
2026-03-21 01:29:53,75.0,29.78723404255319,35.156944533130755
2026-03-21 01:30:08,75.0,29.78723404255319,35.144649086082474
2026-03-21 01:30:23,75.0,29.78723404255319,35.13235363903419
2026-03-21 01:30:38,75.0,29.78723404255319,35.12005819198592
2026-03-21 01:30:53,75.0,29.78723404255319,35.10776274493764
2026-03-21 01:31:08,75.0,29.78723404255319,35.095467297889364
2026-03-21 01:31:23,75.0,29.78723404255319,35.08317185084108
2026-03-21 01:31:38,75.0,29.78723404255319,35.0708764037928
2026-03-21 01:31:53,75.0,29.78723404255319,35.05858095674453
2026-03-21 01:32:08,75.0,29.78723404255319,35.04628550969625
2026-03-21 01:32:23,75.0,29.78723404255319,35.03399006264797
2026-03-21 01:32:38,75.0,29.78723404255319,35.02169461559969
2026-03-21 01:32:53,75.0,29.78723404255319,35.00939916855141
2026-03-21 01:33:08,75.0,29.1970802919708,34.99710372150314
2026-03-21 01:33:23,75.0,28.467153284671532,34.984808274454856
2026-03-21 01:33:38,75.0,27.73722627737226,34.97251282740658
2026-03-21 01:33:53,75.0,27.00729927007299,34.9602173803583
2026-03-21 01:34:08,62.5,26.277372262773724,34.94792193331003
2026-03-21 01:34:23,62.5,25.547445255474454,34.93562648626175
2026-03-21 01:34:38,62.5,24.817518248175183,34.923331039213465
2026-03-21 01:34:53,62.5,24.087591240875913,34.91103559216519
2026-03-21 01:35:08,62.5,23.357664233576642,34.89874014511691
2026-03-21 01:35:23,62.5,22.62773722627737,34.88644469806864
2026-03-21 01:35:38,62.5,21.897810218978105,34.874149251020356
2026-03-21 01:35:53,62.5,21.16788321167883,34.86185380397208
2026-03-21 01:36:08,62.5,21.16788321167883,34.8495583569238
2026-03-21 01:36:23,62.5,21.16788321167883,34.83726290987552
2026-03-21 01:36:38,62.5,21.16788321167883,34.824967462827246
2026-03-21 01:36:53,62.5,21.16788321167883,34.812672015778965
2026-03-21 01:37:08,62.5,21.16788321167883,34.80037656873069
2026-03-21 01:37:23,62.5,21.16788321167883,34.78808112168241
2026-03-21 01:37:38,62.5,21.16788321167883,34.77578567463413
2026-03-21 01:37:53,62.5,21.16788321167883,34.763490227585855
2026-03-21 01:38:08,62.5,21.16788321167883,34.751194780537574
2026-03-21 01:38:23,62.5,21.16788321167883,34.7388993334893
2026-03-21 01:38:38,62.5,21.16788321167883,34.72660388644102
2026-03-21 01:38:53,50.0,21.16788321167883,34.714308439392745
2026-03-21 01:39:08,50.0,21.16788321167883,34.702012992344464
2026-03-21 01:39:23,50.0,21.16788321167883,34.68971754529618
2026-03-21 01:39:38,50.0,21.16788321167883,34.67742209824791
2026-03-21 01:39:53,50.0,21.16788321167883,34.66512665119963
2026-03-21 01:40:08,50.0,21.16788321167883,34.652831204151354
2026-03-21 01:40:23,50.0,21.16788321167883,34.64053575710307
2026-03-21 01:40:38,50.0,21.16788321167883,34.62824031005479
2026-03-21 01:40:53,50.0,21.16788321167883,34.61594486300652
2026-03-21 01:41:08,50.0,21.16788321167883,34.60364941595824
2026-03-21 01:41:23,50.0,21.16788321167883,34.591353968909964
2026-03-21 01:41:38,50.0,21.16788321167883,34.57905852186168
2026-03-21 01:41:53,50.0,21.16788321167883,34.56676307481341
2026-03-21 01:42:08,50.0,21.16788321167883,34.55446762776513
2026-03-21 01:42:23,50.0,21.16788321167883,34.54217218071685
2026-03-21 01:42:38,50.0,21.16788321167883,34.52987673366857
2026-03-21 01:42:53,50.0,21.897810218978105,34.51758128662029
2026-03-21 01:43:08,50.0,22.62773722627737,34.50528583957202
2026-03-21 01:43:23,50.0,23.357664233576642,34.49299039252374
2026-03-21 01:43:38,50.0,24.087591240875913,34.480694945475456
2026-03-21 01:43:53,50.0,24.817518248175183,34.46839949842718
2026-03-21 01:44:08,50.0,25.547445255474454,34.4561040513789
2026-03-21 01:44:23,50.0,26.277372262773724,34.44380860433063
2026-03-21 01:44:38,37.5,27.00729927007299,34.431513157282346
2026-03-21 01:44:53,37.5,27.73722627737226,34.41921771023407
2026-03-21 01:45:08,37.5,28.467153284671532,34.40692226318579
2026-03-21 01:45:23,37.5,29.1970802919708,34.39462681613751
2026-03-21 01:45:38,37.5,29.1970802919708,34.382331369089236
2026-03-21 01:45:53,37.5,29.1970802919708,34.370035922040955
2026-03-21 01:46:08,37.5,29.927007299270077,34.35774047499268
2026-03-21 01:46:23,37.5,30.656934306569344,34.3454450279444
2026-03-21 01:46:38,37.5,31.386861313868614,34.33314958089612
2026-03-21 01:46:53,37.5,32.11678832116788,34.320854133847845
2026-03-21 01:47:08,37.5,32.846715328467155,34.308558686799564
2026-03-21 01:47:23,37.5,33.57664233576642,34.29626323975129
2026-03-21 01:47:38,37.5,34.306569343065696,34.28396779270301
2026-03-21 01:47:53,37.5,35.03649635036496,34.271672345654736
2026-03-21 01:48:08,37.5,35.76642335766424,34.259376898606455
2026-03-21 01:48:23,37.5,36.496350364963504,34.247081451558174
2026-03-21 01:48:38,37.5,37.22627737226277,34.2347860045099
2026-03-21 01:48:53,37.5,37.95620437956204,34.22249055746162
2026-03-21 01:49:08,37.5,38.68613138686132,34.210195110413345
2026-03-21 01:49:23,37.5,39.416058394160586,34.197899663365064
2026-03-21 01:49:38,37.5,40.14598540145985,34.18560421631678
2026-03-21 01:49:53,37.5,40.87591240875913,34.17330876926851
2026-03-21 01:50:08,37.5,41.605839416058394,34.16101332222023
2026-03-21 01:50:23,37.5,42.33576642335766,34.148717875171954
2026-03-21 01:50:38,37.5,43.06569343065693,34.13642242812367
2026-03-21 01:50:53,37.5,43.79562043795621,34.1241269810754
2026-03-21 01:51:08,37.5,44.52554744525548,34.11183153402712
2026-03-21 01:51:23,25.0,45.25547445255474,34.09953608697884
2026-03-21 01:51:38,25.0,45.98540145985402,34.08724063993056
2026-03-21 01:51:53,25.0,46.715328467153284,34.07494519288228
2026-03-21 01:52:08,25.0,47.44525547445255,34.06264974583401
2026-03-21 01:52:23,25.0,48.175182481751825,34.05035429878573
2026-03-21 01:52:38,25.0,48.9051094890511,34.038058851737446
2026-03-21 01:52:53,25.0,49.63503649635037,34.02576340468917
2026-03-21 01:53:08,25.0,50.36496350364964,34.01346795764089
2026-03-21 01:53:23,25.0,51.09489051094891,34.00117251059262
2026-03-21 01:53:38,37.5,51.8796992481203,33.98887706354434
2026-03-21 01:53:53,37.5,52.63157894736842,33.97658161649606
2026-03-21 01:54:08,37.5,53.383458646616546,33.96428616944778
2026-03-21 01:54:23,37.5,54.13533834586466,33.9519907223995
2026-03-21 01:54:38,37.5,54.88721804511278,33.93969527535123
2026-03-21 01:54:53,37.5,55.639097744360896,33.927399828302946
2026-03-21 01:55:08,37.5,56.390977443609025,33.91510438125467
2026-03-21 01:55:23,37.5,57.14285714285714,33.90280893420639
2026-03-21 01:55:38,37.5,57.89473684210527,33.89051348715812
2026-03-21 01:55:53,37.5,58.64661654135338,33.878218040109836
2026-03-21 01:56:08,37.5,59.3984962406015,33.865922593061555
2026-03-21 01:56:23,37.5,60.150375939849624,33.85362714601328
2026-03-21 01:56:38,50.0,60.902255639097746,33.841331698965
2026-03-21 01:56:53,50.0,61.65413533834586,33.829036251916726
2026-03-21 01:57:08,50.0,62.40601503759399,33.816740804868445
2026-03-21 01:57:23,50.0,63.1578947368421,33.804445357820164
2026-03-21 01:57:38,50.0,63.90977443609023,33.79214991077189
2026-03-21 01:57:53,50.0,64.66165413533834,33.77985446372361
2026-03-21 01:58:08,50.0,65.41353383458647,33.767559016675335
2026-03-21 01:58:23,50.0,66.16541353383458,33.755263569627054
2026-03-21 01:58:38,50.0,66.9172932330827,33.74296812257878
2026-03-21 01:58:53,50.0,67.66917293233082,33.7306726755305
2026-03-21 01:59:08,50.0,68.42105263157895,33.71837722848222
2026-03-21 01:59:23,50.0,69.17293233082707,33.706081781433944
2026-03-21 01:59:38,50.0,69.92481203007519,33.69378633438566
2026-03-21 01:59:53,50.0,70.67669172932331,33.68149088733739
2026-03-21 02:00:08,62.5,71.42857142857143,33.66919544028911
2026-03-21 02:00:23,62.5,72.18045112781954,33.65689999324083
2026-03-21 02:00:38,62.5,72.93233082706767,33.644604546192554
2026-03-21 02:00:53,62.5,73.68421052631578,33.63230909914427
2026-03-21 02:01:08,62.5,74.43609022556392,33.620013652096
2026-03-21 02:01:23,62.5,75.18796992481202,33.60771820504772
2026-03-21 02:01:38,62.5,75.93984962406014,33.595422757999444
2026-03-21 02:01:53,62.5,76.69172932330827,33.58312731095116
2026-03-21 02:02:08,62.5,77.44360902255639,33.57083186390288
2026-03-21 02:02:23,62.5,78.19548872180451,33.55853641685461
2026-03-21 02:02:38,62.5,78.94736842105263,33.54624096980633
2026-03-21 02:02:53,62.5,79.69924812030075,33.53394552275805
2026-03-21 02:03:08,62.5,80.45112781954887,33.52165007570977
2026-03-21 02:03:23,62.5,81.203007518797,33.50935462866149
2026-03-21 02:03:38,62.5,81.95488721804512,33.49705918161322
2026-03-21 02:03:53,62.5,82.70676691729322,33.484763734564936
2026-03-21 02:04:08,75.0,83.45864661654136,33.47246828751666
2026-03-21 02:04:23,75.0,84.21052631578947,33.46017284046838
2026-03-21 02:04:38,75.0,84.9624060150376,33.44787739342011
2026-03-21 02:04:53,75.0,85.71428571428571,33.435581946371826
2026-03-21 02:05:08,75.0,86.46616541353383,33.423286499323545
2026-03-21 02:05:23,75.0,87.21804511278195,33.41099105227527
2026-03-21 02:05:38,75.0,87.96992481203007,33.39869560522699
2026-03-21 02:05:53,75.0,88.7218045112782,33.386400158178716
2026-03-21 02:06:08,75.0,89.47368421052632,33.374104711130435
2026-03-21 02:06:23,75.0,90.22556390977444,33.361809264082154
2026-03-21 02:06:38,75.0,90.97744360902256,33.34951381703388
2026-03-21 02:06:53,75.0,91.72932330827066,33.3372183699856
2026-03-21 02:07:08,75.0,92.4812030075188,33.324922922937326
2026-03-21 02:07:23,75.0,93.23308270676691,33.312627475889045
2026-03-21 02:07:38,75.0,93.98496240601504,33.30033202884077
2026-03-21 02:07:53,75.0,94.73684210526315,33.28803658179249
2026-03-21 02:08:08,75.0,95.48872180451127,33.27574113474421
2026-03-21 02:08:23,75.0,96.2406015037594,33.263445687695935
2026-03-21 02:08:38,75.0,96.99248120300751,33.251150240647654
2026-03-21 02:08:53,75.0,97.74436090225564,33.23885479359938
2026-03-21 02:09:08,75.0,98.49624060150376,33.2265593465511
2026-03-21 02:09:23,75.0,99.24812030075188,33.21426389950282
2026-03-21 02:09:38,75.0,100.0,33.201968452454544
2026-03-21 02:09:53,75.0,100.0,33.18967300540626
2026-03-21 02:10:08,75.0,100.0,33.17737755835799
2026-03-21 02:10:23,75.0,100.0,33.16508211130971
2026-03-21 02:10:38,75.0,100.0,33.152786664261434
2026-03-21 02:10:53,75.0,100.0,33.14049121721315
2026-03-21 02:11:08,75.0,100.0,33.12819577016487
2026-03-21 02:11:23,75.0,100.0,33.1159003231166
2026-03-21 02:11:38,75.0,100.0,33.10360487606832
2026-03-21 02:11:53,75.0,100.0,33.09130942902004
2026-03-21 02:12:08,75.0,100.0,33.07901398197176
2026-03-21 02:12:23,87.5,100.0,33.06671853492348
2026-03-21 02:12:38,87.5,100.0,33.05442308787521
2026-03-21 02:12:53,87.5,100.0,33.042127640826926
2026-03-21 02:13:08,87.5,100.0,33.02983219377865
2026-03-21 02:13:23,87.5,100.0,33.01753674673037
2026-03-21 02:13:38,87.5,100.0,33.0052412996821
2026-03-21 02:13:53,87.5,100.0,32.99294585263382
2026-03-21 02:14:08,87.5,100.0,32.980650405585536
2026-03-21 02:14:23,87.5,100.0,32.96835495853726
2026-03-21 02:14:38,87.5,100.0,32.95605951148898
2026-03-21 02:14:53,87.5,100.0,32.94376406444071
2026-03-21 02:15:08,87.5,100.0,32.931468617392426
2026-03-21 02:15:23,87.5,100.0,32.91917317034415
2026-03-21 02:15:38,87.5,100.0,32.90687772329587
2026-03-21 02:15:53,87.5,100.0,32.89458227624759
2026-03-21 02:16:08,87.5,100.0,32.882286829199316
2026-03-21 02:16:23,87.5,100.0,32.869991382151035
2026-03-21 02:16:38,87.5,100.0,32.85769593510276
2026-03-21 02:16:53,87.5,100.0,32.84540048805448
2026-03-21 02:17:08,87.5,100.0,32.8331050410062
2026-03-21 02:17:23,87.5,100.0,32.820809593957925
2026-03-21 02:17:38,87.5,100.0,32.808514146909644
2026-03-21 02:17:53,87.5,100.0,32.79621869986137
2026-03-21 02:18:08,87.5,100.0,32.78392325281309
2026-03-21 02:18:23,87.5,100.0,32.771627805764815
2026-03-21 02:18:38,87.5,100.0,32.759332358716534
2026-03-21 02:18:53,87.5,100.0,32.74703691166825
2026-03-21 02:19:08,87.5,100.0,32.73474146461998
2026-03-21 02:19:23,87.5,100.0,32.7224460175717
2026-03-21 02:19:38,87.5,100.0,32.710150570523425
2026-03-21 02:19:53,87.5,100.0,32.697855123475144
2026-03-21 02:20:08,87.5,100.0,32.68555967642686
2026-03-21 02:20:23,87.5,100.0,32.67326422937859
2026-03-21 02:20:38,87.5,100.0,32.66096878233031
2026-03-21 02:20:53,87.5,100.0,32.648673335282034
2026-03-21 02:21:08,87.5,100.0,32.63637788823375
2026-03-21 02:21:23,87.5,100.0,32.62408244118548
2026-03-21 02:21:38,87.5,100.0,32.6117869941372
2026-03-21 02:21:53,87.5,100.0,32.59949154708892
2026-03-21 02:22:08,87.5,100.0,32.58719610004064
2026-03-21 02:22:23,87.5,100.0,32.57490065299236
2026-03-21 02:22:38,87.5,100.0,32.56260520594409
2026-03-21 02:22:53,87.5,100.0,32.55030975889581
2026-03-21 02:23:08,87.5,100.0,32.538014311847526
2026-03-21 02:23:23,87.5,100.0,32.52571886479925
2026-03-21 02:23:38,87.5,100.0,32.51342341775097
2026-03-21 02:23:53,87.5,100.0,32.5011279707027
2026-03-21 02:24:08,87.5,100.0,32.488832523654416
2026-03-21 02:24:23,87.5,100.0,32.47653707660614
2026-03-21 02:24:38,87.5,100.0,32.46424162955786
2026-03-21 02:24:53,87.5,100.0,32.45194618250958
2026-03-21 02:25:08,87.5,100.0,32.439650735461306
2026-03-21 02:25:23,87.5,100.0,32.427355288413025
2026-03-21 02:25:38,87.5,100.0,32.41505984136475
2026-03-21 02:25:53,87.5,100.0,32.40276439431647
2026-03-21 02:26:08,87.5,100.0,32.39046894726819
2026-03-21 02:26:23,87.5,100.0,32.378173500219916
2026-03-21 02:26:38,87.5,100.0,32.365878053171635
2026-03-21 02:26:53,87.5,100.0,32.35358260612336
2026-03-21 02:27:08,87.5,100.0,32.34128715907508
2026-03-21 02:27:23,87.5,100.0,32.328991712026806
2026-03-21 02:27:38,87.5,100.0,32.316696264978525
2026-03-21 02:27:53,87.5,100.0,32.304400817930244
2026-03-21 02:28:08,87.5,100.0,32.29210537088197
2026-03-21 02:28:23,87.5,100.0,32.27980992383369
2026-03-21 02:28:38,87.5,100.0,32.267514476785415
2026-03-21 02:28:53,87.5,100.0,32.255219029737134
2026-03-21 02:29:08,87.5,100.0,32.24292358268885
2026-03-21 02:29:23,87.5,100.0,32.23062813564058
2026-03-21 02:29:38,87.5,100.0,32.2183326885923
2026-03-21 02:29:53,87.5,100.0,32.206037241544024
2026-03-21 02:30:08,87.5,100.0,32.19374179449574
2026-03-21 02:30:23,87.5,100.0,32.18144634744747
2026-03-21 02:30:38,87.5,100.0,32.16915090039919
2026-03-21 02:30:53,87.5,100.0,32.15685545335091
2026-03-21 02:31:08,87.5,100.0,32.14456000630263
2026-03-21 02:31:23,87.5,100.0,32.13226455925435
2026-03-21 02:31:38,87.5,100.0,32.11996911220608
2026-03-21 02:31:53,87.5,100.0,32.1076736651578
2026-03-21 02:32:08,87.5,100.0,32.095378218109516
2026-03-21 02:32:23,100.0,100.0,32.08308277106124
2026-03-21 02:32:38,100.0,100.0,32.07078732401296
2026-03-21 02:32:53,100.0,100.0,32.05849187696469
2026-03-21 02:33:08,100.0,100.0,32.04619642991641
2026-03-21 02:33:23,100.0,100.0,32.03390098286813
2026-03-21 02:33:38,100.0,100.0,32.02160553581985
2026-03-21 02:33:53,100.0,100.0,32.00931008877157
2026-03-21 02:34:08,100.0,100.0,31.997014641723297
2026-03-21 02:34:23,100.0,100.0,31.984719194675016
2026-03-21 02:34:38,100.0,100.0,31.97242374762674
2026-03-21 02:34:53,100.0,100.0,31.96012830057846
2026-03-21 02:35:08,100.0,100.0,31.947832853530183
2026-03-21 02:35:23,100.0,100.0,31.935537406481906
2026-03-21 02:35:38,100.0,100.0,31.92324195943363
2026-03-21 02:35:53,100.0,100.0,31.91094651238535
2026-03-21 02:36:08,100.0,100.0,31.89865106533707
2026-03-21 02:36:23,100.0,100.0,31.886355618288793
2026-03-21 02:36:38,100.0,100.0,31.874060171240515
2026-03-21 02:36:53,100.0,100.0,31.861764724192238
2026-03-21 02:37:08,100.0,100.0,31.84946927714396
2026-03-21 02:37:23,100.0,100.0,31.83717383009568
2026-03-21 02:37:38,100.0,100.0,31.824878383047402
2026-03-21 02:37:53,100.0,100.0,31.812582935999124
2026-03-21 02:38:08,100.0,100.0,31.800287488950847
2026-03-21 02:38:23,100.0,100.0,31.78799204190257
2026-03-21 02:38:38,100.0,100.0,31.775696594854292
2026-03-21 02:38:53,100.0,100.0,31.763401147806015
2026-03-21 02:39:08,100.0,100.0,31.751105700757734
2026-03-21 02:39:23,100.0,100.0,31.738810253709456
2026-03-21 02:39:38,100.0,100.0,31.72651480666118
2026-03-21 02:39:53,100.0,100.0,31.7142193596129
2026-03-21 02:40:08,100.0,100.0,31.701923912564624
2026-03-21 02:40:23,100.0,100.0,31.689628465516343
2026-03-21 02:40:38,100.0,100.0,31.677333018468065
2026-03-21 02:40:53,100.0,100.0,31.665037571419788
2026-03-21 02:41:08,100.0,100.0,31.65274212437151
2026-03-21 02:41:23,100.0,100.0,31.640446677323233
2026-03-21 02:41:38,100.0,100.0,31.628151230274955
2026-03-21 02:41:53,100.0,100.0,31.615855783226678
2026-03-21 02:42:08,100.0,100.0,31.603560336178397
2026-03-21 02:42:23,100.0,100.0,31.59126488913012
2026-03-21 02:42:38,100.0,99.2,31.578969442081842
2026-03-21 02:42:53,100.0,99.2,31.566673995033565
2026-03-21 02:43:08,100.0,99.2,31.554378547985287
2026-03-21 02:43:23,100.0,98.4,31.542083100937006
2026-03-21 02:43:38,100.0,97.6,31.52978765388873
2026-03-21 02:43:53,100.0,96.8,31.51749220684045
2026-03-21 02:44:08,100.0,96.8,31.505196759792174
2026-03-21 02:44:23,100.0,96.0,31.492901312743896
2026-03-21 02:44:38,100.0,96.0,31.48060586569562
2026-03-21 02:44:53,100.0,96.0,31.46831041864734
2026-03-21 02:45:08,100.0,95.19999999999999,31.45601497159906
2026-03-21 02:45:23,100.0,94.39999999999999,31.443719524550783
2026-03-21 02:45:38,100.0,93.60000000000001,31.431424077502506
2026-03-21 02:45:53,100.0,92.80000000000001,31.419128630454228
2026-03-21 02:46:08,100.0,92.80000000000001,31.40683318340595
2026-03-21 02:46:23,100.0,92.80000000000001,31.394537736357673
2026-03-21 02:46:38,100.0,92.80000000000001,31.382242289309392
2026-03-21 02:46:53,100.0,92.80000000000001,31.369946842261115
2026-03-21 02:47:08,100.0,92.80000000000001,31.357651395212837
2026-03-21 02:47:23,100.0,92.80000000000001,31.34535594816456
2026-03-21 02:47:38,100.0,92.80000000000001,31.333060501116282
2026-03-21 02:47:53,100.0,92.80000000000001,31.320765054068005
2026-03-21 02:48:08,100.0,92.80000000000001,31.308469607019724
2026-03-21 02:48:23,100.0,92.80000000000001,31.296174159971446
2026-03-21 02:48:38,100.0,92.80000000000001,31.28387871292317
2026-03-21 02:48:53,100.0,92.80000000000001,31.27158326587489
2026-03-21 02:49:08,100.0,92.80000000000001,31.259287818826614
2026-03-21 02:49:23,100.0,92.80000000000001,31.246992371778337
2026-03-21 02:49:38,100.0,92.80000000000001,31.234696924730056
2026-03-21 02:49:53,100.0,92.80000000000001,31.222401477681778
2026-03-21 02:50:08,100.0,92.80000000000001,31.2101060306335
2026-03-21 02:50:23,100.0,92.80000000000001,31.197810583585223
2026-03-21 02:50:38,100.0,92.80000000000001,31.185515136536946
2026-03-21 02:50:53,100.0,92.80000000000001,31.17321968948867
2026-03-21 02:51:08,100.0,92.80000000000001,31.160924242440387
2026-03-21 02:51:23,100.0,92.80000000000001,31.14862879539211
2026-03-21 02:51:38,100.0,92.80000000000001,31.136333348343832
2026-03-21 02:51:53,100.0,92.80000000000001,31.124037901295555
2026-03-21 02:52:08,100.0,92.80000000000001,31.111742454247278
2026-03-21 02:52:23,100.0,92.80000000000001,31.099447007199
2026-03-21 02:52:38,100.0,92.80000000000001,31.087151560150723
2026-03-21 02:52:53,100.0,92.80000000000001,31.07485611310244
2026-03-21 02:53:08,100.0,92.80000000000001,31.062560666054164
2026-03-21 02:53:23,100.0,92.80000000000001,31.050265219005887
2026-03-21 02:53:38,100.0,92.80000000000001,31.03796977195761
2026-03-21 02:53:53,100.0,92.80000000000001,31.025674324909332
2026-03-21 02:54:08,100.0,92.80000000000001,31.01337887786105
2026-03-21 02:54:23,100.0,92.80000000000001,31.001083430812773
2026-03-21 02:54:38,100.0,92.56198347107438,30.988787983764496
2026-03-21 02:54:53,100.0,92.56198347107438,30.97649253671622
2026-03-21 02:55:08,100.0,92.56198347107438,30.96419708966794
2026-03-21 02:55:23,100.0,92.56198347107438,30.951901642619664
2026-03-21 02:55:38,100.0,92.56198347107438,30.939606195571386
2026-03-21 02:55:53,100.0,92.56198347107438,30.927310748523105
2026-03-21 02:56:08,100.0,92.56198347107438,30.915015301474828
2026-03-21 02:56:23,100.0,91.73553719008265,30.90271985442655
2026-03-21 02:56:38,87.5,90.9090909090909,30.890424407378273
2026-03-21 02:56:53,87.5,90.08264462809917,30.878128960329995
2026-03-21 02:57:08,87.5,90.08264462809917,30.865833513281714
2026-03-21 02:57:23,87.5,90.08264462809917,30.853538066233437
2026-03-21 02:57:38,87.5,90.08264462809917,30.84124261918516
2026-03-21 02:57:53,87.5,90.08264462809917,30.828947172136882
2026-03-21 02:58:08,87.5,89.25619834710744,30.816651725088605
2026-03-21 02:58:23,100.0,88.42975206611571,30.804356278040327
2026-03-21 02:58:38,100.0,87.60330578512396,30.79206083099205
2026-03-21 02:58:53,100.0,86.77685950413223,30.77976538394377
2026-03-21 02:59:08,100.0,85.9504132231405,30.76746993689549
2026-03-21 02:59:23,87.5,85.12396694214877,30.755174489847214
2026-03-21 02:59:38,87.5,84.29752066115702,30.742879042798936
2026-03-21 02:59:53,87.5,83.47107438016529,30.73058359575066
2026-03-21 03:00:08,87.5,83.47107438016529,30.718288148702378
2026-03-21 03:00:23,87.5,83.47107438016529,30.7059927016541
2026-03-21 03:00:38,87.5,83.47107438016529,30.693697254605823
2026-03-21 03:00:53,87.5,83.47107438016529,30.681401807557545
2026-03-21 03:01:08,87.5,83.47107438016529,30.669106360509268
2026-03-21 03:01:23,87.5,83.47107438016529,30.65681091346099
2026-03-21 03:01:38,87.5,83.47107438016529,30.644515466412713
2026-03-21 03:01:53,87.5,83.47107438016529,30.632220019364432
2026-03-21 03:02:08,87.5,83.47107438016529,30.619924572316155
2026-03-21 03:02:23,87.5,83.47107438016529,30.607629125267877
2026-03-21 03:02:38,87.5,83.47107438016529,30.5953336782196
2026-03-21 03:02:53,87.5,83.47107438016529,30.583038231171322
2026-03-21 03:03:08,87.5,83.47107438016529,30.57074278412304
2026-03-21 03:03:23,87.5,83.47107438016529,30.558447337074764
2026-03-21 03:03:38,87.5,83.47107438016529,30.546151890026486
2026-03-21 03:03:53,87.5,82.64462809917356,30.53385644297821
2026-03-21 03:04:08,87.5,81.81818181818183,30.52156099592993
2026-03-21 03:04:23,87.5,80.99173553719008,30.509265548881654
2026-03-21 03:04:38,87.5,80.16528925619835,30.496970101833377
2026-03-21 03:04:53,87.5,79.33884297520662,30.484674654785096
2026-03-21 03:05:08,87.5,78.51239669421489,30.472379207736818
2026-03-21 03:05:23,87.5,77.68595041322314,30.46008376068854
2026-03-21 03:05:38,87.5,76.85950413223141,30.447788313640263
2026-03-21 03:05:53,87.5,76.03305785123968,30.435492866591986
2026-03-21 03:06:08,87.5,75.20661157024794,30.42319741954371
2026-03-21 03:06:23,87.5,74.3801652892562,30.410901972495427
2026-03-21 03:06:38,87.5,73.55371900826447,30.39860652544715
2026-03-21 03:06:53,87.5,72.72727272727273,30.386311078398872
2026-03-21 03:07:08,87.5,71.900826446281,30.374015631350595
2026-03-21 03:07:23,87.5,71.07438016528926,30.361720184302317
2026-03-21 03:07:38,87.5,70.24793388429752,30.34942473725404
2026-03-21 03:07:53,87.5,69.42148760330579,30.33712929020576
2026-03-21 03:08:08,87.5,68.59504132231406,30.32483384315748
2026-03-21 03:08:23,87.5,67.76859504132231,30.312538396109204
2026-03-21 03:08:38,87.5,66.94214876033058,30.300242949060927
2026-03-21 03:08:53,87.5,66.11570247933885,30.28794750201265
2026-03-21 03:09:08,87.5,65.28925619834712,30.27565205496437
2026-03-21 03:09:23,87.5,64.46280991735537,30.26335660791609
2026-03-21 03:09:38,87.5,63.63636363636363,30.251061160867813
2026-03-21 03:09:53,87.5,62.8099173553719,30.238765713819536
2026-03-21 03:10:08,87.5,61.98347107438017,30.22647026677126
2026-03-21 03:10:23,87.5,61.15702479338842,30.21417481972298
2026-03-21 03:10:38,87.5,60.33057851239669,30.201879372674703
2026-03-21 03:10:53,87.5,59.50413223140496,30.189583925626422
2026-03-21 03:11:08,87.5,58.67768595041323,30.177288478578145
2026-03-21 03:11:23,87.5,57.85123966942148,30.164993031529868
2026-03-21 03:11:38,87.5,57.02479338842975,30.15269758448159
2026-03-21 03:11:53,87.5,56.19834710743802,30.140402137433313
2026-03-21 03:12:08,87.5,55.371900826446286,30.128106690385035
2026-03-21 03:12:23,87.5,54.54545454545454,30.115811243336758
2026-03-21 03:12:38,87.5,53.71900826446281,30.103515796288477
2026-03-21 03:12:53,87.5,52.892561983471076,30.0912203492402
2026-03-21 03:13:08,87.5,52.066115702479344,30.078924902191922
2026-03-21 03:13:23,87.5,52.066115702479344,30.066629455143644
2026-03-21 03:13:38,87.5,51.2396694214876,30.054334008095367
2026-03-21 03:13:53,87.5,50.413223140495866,30.042038561047086
2026-03-21 03:14:08,87.5,50.413223140495866,30.02974311399881
2026-03-21 03:14:23,75.0,50.413223140495866,30.01744766695053
2026-03-21 03:14:38,75.0,50.413223140495866,30.005152219902254
2026-03-21 03:14:53,75.0,50.427350427350426,29.992856772853976
2026-03-21 03:15:08,75.0,49.572649572649574,29.9805613258057
2026-03-21 03:15:23,75.0,49.572649572649574,29.96826587875742
2026-03-21 03:15:38,75.0,49.572649572649574,29.95597043170914
2026-03-21 03:15:53,75.0,49.572649572649574,29.943674984660863
2026-03-21 03:16:08,75.0,49.572649572649574,29.931379537612585
2026-03-21 03:16:23,75.0,48.717948717948715,29.919084090564308
2026-03-21 03:16:38,75.0,47.863247863247864,29.90678864351603
2026-03-21 03:16:53,75.0,47.008547008547005,29.89449319646775
2026-03-21 03:17:08,75.0,46.15384615384615,29.882197749419472
2026-03-21 03:17:23,75.0,45.2991452991453,29.869902302371194
2026-03-21 03:17:38,75.0,44.44444444444444,29.857606855322917
2026-03-21 03:17:53,75.0,43.58974358974359,29.84531140827464
2026-03-21 03:18:08,75.0,42.73504273504273,29.833015961226362
2026-03-21 03:18:23,75.0,41.88034188034188,29.820720514178085
2026-03-21 03:18:38,75.0,41.02564102564102,29.808425067129804
2026-03-21 03:18:53,75.0,40.17094017094017,29.796129620081526
2026-03-21 03:19:08,75.0,39.31623931623932,29.78383417303325
2026-03-21 03:19:23,75.0,38.46153846153847,29.77153872598497
2026-03-21 03:19:38,75.0,37.60683760683761,29.759243278936694
2026-03-21 03:19:53,75.0,36.75213675213676,29.746947831888413
2026-03-21 03:20:08,75.0,35.8974358974359,29.734652384840135
2026-03-21 03:20:23,75.0,35.04273504273504,29.722356937791858
2026-03-21 03:20:38,75.0,34.18803418803419,29.71006149074358
2026-03-21 03:20:53,75.0,33.33333333333333,29.697766043695303
2026-03-21 03:21:08,75.0,32.47863247863248,29.685470596647026
2026-03-21 03:21:23,75.0,31.62393162393162,29.673175149598748
2026-03-21 03:21:38,75.0,30.76923076923077,29.660879702550467
2026-03-21 03:21:53,75.0,30.76923076923077,29.64858425550219
2026-03-21 03:22:08,75.0,30.76923076923077,29.636288808453912
2026-03-21 03:22:23,75.0,30.76923076923077,29.623993361405635
2026-03-21 03:22:38,75.0,30.76923076923077,29.611697914357357
2026-03-21 03:22:53,75.0,29.914529914529915,29.599402467309076
2026-03-21 03:23:08,75.0,29.914529914529915,29.5871070202608
2026-03-21 03:23:23,75.0,29.059829059829063,29.57481157321252
2026-03-21 03:23:38,75.0,28.205128205128204,29.562516126164244
2026-03-21 03:23:53,75.0,27.350427350427353,29.550220679115967
2026-03-21 03:24:08,62.5,26.495726495726498,29.53792523206769
2026-03-21 03:24:23,62.5,25.64102564102564,29.52562978501941
2026-03-21 03:24:38,62.5,24.786324786324787,29.51333433797113
2026-03-21 03:24:53,62.5,23.931623931623932,29.501038890922853
2026-03-21 03:25:08,62.5,23.076923076923077,29.488743443874576
2026-03-21 03:25:23,62.5,22.22222222222222,29.4764479968263
2026-03-21 03:25:38,62.5,21.367521367521366,29.46415254977802
2026-03-21 03:25:53,62.5,20.51282051282051,29.45185710272974
2026-03-21 03:26:08,62.5,20.51282051282051,29.439561655681466
2026-03-21 03:26:23,62.5,20.51282051282051,29.427266208633185
2026-03-21 03:26:38,62.5,20.51282051282051,29.414970761584907
2026-03-21 03:26:53,62.5,19.65811965811966,29.40267531453663
2026-03-21 03:27:08,62.5,18.803418803418804,29.390379867488353
2026-03-21 03:27:23,62.5,17.94871794871795,29.378084420440075
2026-03-21 03:27:38,62.5,17.094017094017094,29.365788973391794
2026-03-21 03:27:53,62.5,17.094017094017094,29.353493526343517
2026-03-21 03:28:08,62.5,17.094017094017094,29.34119807929524
2026-03-21 03:28:23,62.5,17.094017094017094,29.32890263224696
2026-03-21 03:28:38,62.5,17.094017094017094,29.316607185198684
2026-03-21 03:28:53,50.0,17.094017094017094,29.304311738150403
2026-03-21 03:29:08,50.0,17.94871794871795,29.29201629110213
2026-03-21 03:29:23,50.0,18.803418803418804,29.27972084405385
2026-03-21 03:29:38,50.0,19.65811965811966,29.26742539700557
2026-03-21 03:29:53,50.0,18.803418803418804,29.255129949957293
2026-03-21 03:30:08,50.0,17.94871794871795,29.242834502909016
2026-03-21 03:30:23,50.0,17.94871794871795,29.23053905586074
2026-03-21 03:30:38,50.0,17.94871794871795,29.218243608812458
2026-03-21 03:30:53,50.0,17.094017094017094,29.20594816176418
2026-03-21 03:31:08,50.0,16.23931623931624,29.193652714715903
2026-03-21 03:31:23,50.0,16.23931623931624,29.181357267667625
2026-03-21 03:31:38,50.0,16.23931623931624,29.169061820619348
2026-03-21 03:31:53,50.0,16.23931623931624,29.156766373571067
2026-03-21 03:32:08,50.0,15.384615384615385,29.144470926522793
2026-03-21 03:32:23,50.0,14.529914529914532,29.132175479474512
2026-03-21 03:32:38,50.0,13.675213675213676,29.119880032426234
2026-03-21 03:32:53,50.0,12.82051282051282,29.107584585377957
2026-03-21 03:33:08,50.0,11.965811965811966,29.09528913832968
2026-03-21 03:33:23,50.0,11.11111111111111,29.082993691281402
2026-03-21 03:33:38,50.0,11.11111111111111,29.07069824423312
2026-03-21 03:33:53,37.5,11.11111111111111,29.058402797184844
2026-03-21 03:34:08,37.5,11.11111111111111,29.046107350136566
2026-03-21 03:34:23,37.5,11.11111111111111,29.03381190308829
2026-03-21 03:34:38,37.5,11.11111111111111,29.02151645604001
2026-03-21 03:34:53,37.5,11.11111111111111,29.00922100899173
2026-03-21 03:35:08,37.5,11.504424778761061,28.996925561943456
2026-03-21 03:35:23,37.5,11.504424778761061,28.984630114895175
2026-03-21 03:35:38,37.5,11.504424778761061,28.972334667846898
2026-03-21 03:35:53,37.5,11.504424778761061,28.96003922079862
2026-03-21 03:36:08,37.5,11.504424778761061,28.947743773750343
2026-03-21 03:36:23,37.5,11.504424778761061,28.935448326702065
2026-03-21 03:36:38,37.5,11.504424778761061,28.923152879653784
2026-03-21 03:36:53,37.5,11.504424778761061,28.910857432605507
2026-03-21 03:37:08,37.5,11.504424778761061,28.89856198555723
2026-03-21 03:37:23,37.5,11.504424778761061,28.886266538508952
2026-03-21 03:37:38,37.5,11.504424778761061,28.873971091460675
2026-03-21 03:37:53,37.5,11.504424778761061,28.861675644412397
2026-03-21 03:38:08,37.5,11.504424778761061,28.84938019736412
2026-03-21 03:38:23,37.5,11.504424778761061,28.83708475031584
2026-03-21 03:38:38,37.5,12.389380530973451,28.82478930326756
2026-03-21 03:38:53,37.5,13.274336283185843,28.812493856219284
2026-03-21 03:39:08,37.5,13.274336283185843,28.800198409171006
2026-03-21 03:39:23,37.5,13.274336283185843,28.78790296212273
2026-03-21 03:39:38,37.5,13.274336283185843,28.775607515074448
2026-03-21 03:39:53,37.5,14.15929203539823,28.76331206802617
2026-03-21 03:40:08,37.5,14.15929203539823,28.751016620977893
2026-03-21 03:40:23,37.5,15.04424778761062,28.738721173929616
2026-03-21 03:40:38,37.5,15.929203539823009,28.726425726881338
2026-03-21 03:40:53,37.5,16.8141592920354,28.71413027983306
2026-03-21 03:41:08,37.5,16.8141592920354,28.701834832784783
2026-03-21 03:41:23,37.5,16.8141592920354,28.689539385736502
2026-03-21 03:41:38,37.5,16.8141592920354,28.677243938688225
2026-03-21 03:41:53,37.5,16.8141592920354,28.664948491639947
2026-03-21 03:42:08,37.5,16.8141592920354,28.65265304459167
2026-03-21 03:42:23,37.5,16.8141592920354,28.640357597543392
2026-03-21 03:42:38,25.0,16.8141592920354,28.62806215049511
2026-03-21 03:42:53,25.0,16.8141592920354,28.615766703446834
2026-03-21 03:43:08,25.0,16.8141592920354,28.603471256398556
2026-03-21 03:43:23,25.0,16.8141592920354,28.59117580935028
2026-03-21 03:43:38,25.0,16.8141592920354,28.578880362302
2026-03-21 03:43:53,37.5,16.8141592920354,28.566584915253724
2026-03-21 03:44:08,37.5,16.8141592920354,28.554289468205447
2026-03-21 03:44:23,25.0,16.8141592920354,28.541994021157166
2026-03-21 03:44:38,25.0,16.8141592920354,28.529698574108888
2026-03-21 03:44:53,37.5,16.8141592920354,28.51740312706061
2026-03-21 03:45:08,37.5,16.8141592920354,28.505107680012333
2026-03-21 03:45:23,37.5,16.8141592920354,28.492812232964056
2026-03-21 03:45:38,37.5,16.8141592920354,28.480516785915775
2026-03-21 03:45:53,37.5,16.8141592920354,28.468221338867497
2026-03-21 03:46:08,37.5,16.8141592920354,28.45592589181922
2026-03-21 03:46:23,37.5,16.8141592920354,28.443630444770942
2026-03-21 03:46:38,37.5,16.8141592920354,28.431334997722665
2026-03-21 03:46:53,37.5,16.8141592920354,28.419039550674388
2026-03-21 03:47:08,37.5,16.8141592920354,28.40674410362611
2026-03-21 03:47:23,37.5,16.8141592920354,28.39444865657783
2026-03-21 03:47:38,37.5,16.8141592920354,28.38215320952955
2026-03-21 03:47:53,37.5,16.8141592920354,28.369857762481274
2026-03-21 03:48:08,37.5,16.8141592920354,28.357562315432997
2026-03-21 03:48:23,37.5,16.8141592920354,28.34526686838472
2026-03-21 03:48:38,25.0,16.8141592920354,28.33297142133644
2026-03-21 03:48:53,25.0,16.8141592920354,28.320675974288164
2026-03-21 03:49:08,25.0,16.8141592920354,28.308380527239883
2026-03-21 03:49:23,25.0,16.8141592920354,28.296085080191606
2026-03-21 03:49:38,25.0,16.8141592920354,28.28378963314333
2026-03-21 03:49:53,25.0,16.8141592920354,28.27149418609505
2026-03-21 03:50:08,25.0,16.8141592920354,28.259198739046774
2026-03-21 03:50:23,25.0,16.8141592920354,28.246903291998493
2026-03-21 03:50:38,25.0,15.929203539823009,28.234607844950215
2026-03-21 03:50:53,25.0,15.04424778761062,28.222312397901938
2026-03-21 03:51:08,25.0,14.15929203539823,28.21001695085366
2026-03-21 03:51:23,25.0,13.274336283185843,28.197721503805383
2026-03-21 03:51:38,25.0,13.274336283185843,28.1854260567571
2026-03-21 03:51:53,25.0,12.389380530973451,28.173130609708828
2026-03-21 03:52:08,25.0,12.389380530973451,28.160835162660547
2026-03-21 03:52:23,25.0,12.389380530973451,28.14853971561227
2026-03-21 03:52:38,25.0,12.389380530973451,28.136244268563992
2026-03-21 03:52:53,25.0,12.389380530973451,28.123948821515715
2026-03-21 03:53:08,25.0,12.389380530973451,28.111653374467437
2026-03-21 03:53:23,25.0,12.389380530973451,28.099357927419156
2026-03-21 03:53:38,25.0,12.389380530973451,28.08706248037088
2026-03-21 03:53:53,25.0,12.389380530973451,28.0747670333226
2026-03-21 03:54:08,25.0,12.389380530973451,28.062471586274324
2026-03-21 03:54:23,25.0,12.389380530973451,28.050176139226046
2026-03-21 03:54:38,25.0,12.389380530973451,28.037880692177765
2026-03-21 03:54:53,25.0,12.389380530973451,28.02558524512949
2026-03-21 03:55:08,25.0,12.389380530973451,28.01328979808121
2026-03-21 03:55:23,25.0,12.389380530973451,28.000994351032933
2026-03-21 03:55:38,25.0,12.844036697247708,27.988698903984655
2026-03-21 03:55:53,25.0,12.844036697247708,27.976403456936378
2026-03-21 03:56:08,25.0,12.844036697247708,27.9641080098881
2026-03-21 03:56:23,25.0,12.844036697247708,27.95181256283982
2026-03-21 03:56:38,25.0,12.844036697247708,27.939517115791542
2026-03-21 03:56:53,25.0,12.844036697247708,27.927221668743265
2026-03-21 03:57:08,25.0,12.844036697247708,27.914926221694987
2026-03-21 03:57:23,25.0,11.926605504587156,27.90263077464671
2026-03-21 03:57:38,25.0,11.009174311926607,27.890335327598432
2026-03-21 03:57:53,25.0,10.091743119266056,27.878039880550155
2026-03-21 03:58:08,25.0,10.091743119266056,27.865744433501874
2026-03-21 03:58:23,25.0,10.091743119266056,27.853448986453596
2026-03-21 03:58:38,25.0,9.174311926605505,27.84115353940532
2026-03-21 03:58:53,25.0,8.256880733944955,27.82885809235704
2026-03-21 03:59:08,25.0,8.256880733944955,27.816562645308764
2026-03-21 03:59:23,25.0,8.256880733944955,27.804267198260483
2026-03-21 03:59:38,25.0,7.339449541284404,27.791971751212206
2026-03-21 03:59:53,25.0,6.422018348623854,27.779676304163928
2026-03-21 04:00:08,25.0,5.5045871559633035,27.741895578080968
2026-03-21 04:00:23,25.0,5.5045871559633035,27.68181523284266
2026-03-21 04:00:38,25.0,5.5045871559633035,27.62173488760435
2026-03-21 04:00:53,25.0,5.5045871559633035,27.561654542366043
2026-03-21 04:01:08,25.0,5.5045871559633035,27.501574197127734
2026-03-21 04:01:23,25.0,5.5045871559633035,27.441493851889426
2026-03-21 04:01:38,25.0,5.5045871559633035,27.381413506651118
2026-03-21 04:01:53,25.0,5.5045871559633035,27.32133316141281
2026-03-21 04:02:08,25.0,5.5045871559633035,27.2612528161745
2026-03-21 04:02:23,25.0,5.5045871559633035,27.201172470936193
2026-03-21 04:02:38,25.0,5.5045871559633035,27.14109212569788
2026-03-21 04:02:53,25.0,5.5045871559633035,27.081011780459573
2026-03-21 04:03:08,25.0,5.5045871559633035,27.020931435221264
2026-03-21 04:03:23,25.0,5.714285714285714,26.960851089982956
2026-03-21 04:03:38,25.0,5.714285714285714,26.900770744744648
2026-03-21 04:03:53,25.0,5.714285714285714,26.84069039950634
2026-03-21 04:04:08,25.0,5.714285714285714,26.78061005426803
2026-03-21 04:04:23,25.0,5.714285714285714,26.720529709029723
2026-03-21 04:04:38,25.0,5.714285714285714,26.660449363791415
2026-03-21 04:04:53,25.0,5.714285714285714,26.600369018553106
2026-03-21 04:05:08,25.0,5.714285714285714,26.540288673314798
2026-03-21 04:05:23,25.0,5.714285714285714,26.48020832807649
2026-03-21 04:05:38,25.0,5.714285714285714,26.42012798283818
2026-03-21 04:05:53,25.0,4.761904761904762,26.360047637599873
2026-03-21 04:06:08,25.0,3.8095238095238098,26.299967292361565
2026-03-21 04:06:23,25.0,3.8095238095238098,26.239886947123253
2026-03-21 04:06:38,25.0,3.8095238095238098,26.179806601884945
2026-03-21 04:06:53,25.0,3.8095238095238098,26.119726256646636
2026-03-21 04:07:08,25.0,2.857142857142857,26.059645911408328
2026-03-21 04:07:23,25.0,0.9900990099009901,25.99956556617002
2026-03-21 04:07:38,25.0,0.0,25.93948522093171
2026-03-21 04:07:53,25.0,0.0,25.879404875693403
2026-03-21 04:08:08,25.0,0.0,25.819324530455095
2026-03-21 04:08:23,25.0,0.0,25.759244185216787
2026-03-21 04:08:38,25.0,0.0,25.69916383997848
2026-03-21 04:08:53,25.0,0.0,25.63908349474017
2026-03-21 04:09:08,25.0,0.0,25.57900314950186
2026-03-21 04:09:23,25.0,0.0,25.518922804263553
2026-03-21 04:09:38,25.0,0.0,25.458842459025245
2026-03-21 04:09:53,25.0,0.0,25.398762113786937
2026-03-21 04:10:08,25.0,0.0,25.338681768548625
2026-03-21 04:10:23,25.0,0.0,25.278601423310317
2026-03-21 04:10:38,25.0,0.0,25.21852107807201
2026-03-21 04:10:53,12.5,0.0,25.1584407328337
2026-03-21 04:11:08,12.5,0.0,25.098360387595392
2026-03-21 04:11:23,12.5,0.0,25.038280042357083
2026-03-21 04:11:38,12.5,0.0,24.978199697118775
2026-03-21 04:11:53,12.5,0.0,24.918119351880467
2026-03-21 04:12:08,12.5,0.0,24.85803900664216
2026-03-21 04:12:23,12.5,0.0,24.79795866140385
2026-03-21 04:12:38,12.5,0.0,24.737878316165542
2026-03-21 04:12:53,12.5,0.0,24.677797970927234
2026-03-21 04:13:08,12.5,0.0,24.617717625688925
2026-03-21 04:13:23,12.5,0.0,24.557637280450617
2026-03-21 04:13:38,12.5,0.0,24.49755693521231
2026-03-21 04:13:53,12.5,0.0,24.437476589973997
2026-03-21 04:14:08,12.5,0.0,24.377396244735692
2026-03-21 04:14:23,12.5,0.0,24.31731589949738
2026-03-21 04:14:38,12.5,0.0,24.257235554259072
2026-03-21 04:14:53,12.5,0.0,24.197155209020764
2026-03-21 04:15:08,12.5,0.0,24.137074863782455
2026-03-21 04:15:23,12.5,0.0,24.076994518544147
2026-03-21 04:15:38,12.5,0.0,24.01691417330584
2026-03-21 04:15:53,12.5,0.0,23.95683382806753
2026-03-21 04:16:08,12.5,0.0,23.896753482829222
2026-03-21 04:16:23,12.5,0.0,23.836673137590914
2026-03-21 04:16:38,12.5,0.0,23.776592792352606
2026-03-21 04:16:53,12.5,0.0,23.716512447114297
2026-03-21 04:17:08,12.5,0.0,23.65643210187599
2026-03-21 04:17:23,12.5,0.0,23.59635175663768
2026-03-21 04:17:38,12.5,0.0,23.53627141139937
2026-03-21 04:17:53,12.5,0.0,23.476191066161064
2026-03-21 04:18:08,12.5,0.0,23.416110720922752
2026-03-21 04:18:23,12.5,0.0,23.356030375684444
2026-03-21 04:18:38,12.5,0.0,23.295950030446136
2026-03-21 04:18:53,12.5,0.0,23.235869685207827
2026-03-21 04:19:08,12.5,0.0,23.17578933996952
2026-03-21 04:19:23,12.5,0.0,23.11570899473121
2026-03-21 04:19:38,12.5,0.0,23.055628649492903
2026-03-21 04:19:53,12.5,0.0,22.995548304254594
2026-03-21 04:20:08,12.5,0.0,22.935467959016286
2026-03-21 04:20:23,12.5,0.0,22.875387613777978
2026-03-21 04:20:38,12.5,0.0,22.81530726853967
2026-03-21 04:20:53,12.5,0.0,22.75522692330136
2026-03-21 04:21:08,12.5,0.0,22.695146578063053
2026-03-21 04:21:23,12.5,0.0,22.63506623282474
2026-03-21 04:21:38,12.5,0.0,22.574985887586436
2026-03-21 04:21:53,12.5,0.0,22.514905542348124
2026-03-21 04:22:08,12.5,0.0,22.454825197109816
2026-03-21 04:22:23,12.5,0.0,22.394744851871508
2026-03-21 04:22:38,12.5,0.0,22.3346645066332
2026-03-21 04:22:53,12.5,0.0,22.27458416139489
2026-03-21 04:23:08,12.5,0.0,22.214503816156583
2026-03-21 04:23:23,12.5,0.0,22.154423470918275
2026-03-21 04:23:38,12.5,0.0,22.094343125679966
2026-03-21 04:23:53,12.5,0.0,22.034262780441658
2026-03-21 04:24:08,12.5,0.0,21.97418243520335
2026-03-21 04:24:23,12.5,0.0,21.91410208996504
2026-03-21 04:24:38,12.5,0.0,21.854021744726733
2026-03-21 04:24:53,12.5,0.0,21.793941399488425
2026-03-21 04:25:08,12.5,0.0,21.733861054250113
2026-03-21 04:25:23,12.5,0.0,21.673780709011808
2026-03-21 04:25:38,12.5,0.0,21.613700363773496
2026-03-21 04:25:53,12.5,0.0,21.553620018535188
2026-03-21 04:26:08,12.5,0.0,21.49353967329688
2026-03-21 04:26:23,12.5,0.0,21.43345932805857
2026-03-21 04:26:38,12.5,0.0,21.373378982820263
2026-03-21 04:26:53,12.5,0.0,21.313298637581955
2026-03-21 04:27:08,12.5,0.0,21.253218292343647
2026-03-21 04:27:23,12.5,0.0,21.19313794710534
2026-03-21 04:27:38,12.5,0.0,21.13305760186703
2026-03-21 04:27:53,12.5,0.0,21.07297725662872
2026-03-21 04:28:08,12.5,0.0,21.012896911390413
2026-03-21 04:28:23,12.5,0.0,20.952816566152105
2026-03-21 04:28:38,12.5,0.0,20.892736220913797
2026-03-21 04:28:53,12.5,0.0,20.832655875675485
2026-03-21 04:29:08,12.5,0.0,20.77257553043718
2026-03-21 04:29:23,12.5,0.0,20.71249518519887
2026-03-21 04:29:38,12.5,0.0,20.652414839960564
2026-03-21 04:29:53,12.5,0.0,20.59233449472225
2026-03-21 04:30:08,12.5,0.0,20.532254149483943
2026-03-21 04:30:23,12.5,0.0,20.472173804245635
2026-03-21 04:30:38,12.5,0.0,20.412093459007327
2026-03-21 04:30:53,12.5,0.0,20.35201311376902
2026-03-21 04:31:08,12.5,0.0,20.29193276853071
2026-03-21 04:31:23,12.5,0.0,20.231852423292402
2026-03-21 04:31:38,12.5,0.0,20.171772078054094
2026-03-21 04:31:53,12.5,0.0,20.111691732815785
2026-03-21 04:32:08,12.5,0.0,20.051611387577477
2026-03-21 04:32:23,12.5,0.0,19.99153104233917
2026-03-21 04:32:38,12.5,0.0,19.931450697100857
2026-03-21 04:32:53,12.5,0.0,19.871370351862552
2026-03-21 04:33:08,12.5,0.0,19.81129000662424
2026-03-21 04:33:23,12.5,0.0,19.751209661385936
2026-03-21 04:33:38,12.5,0.0,19.691129316147624
2026-03-21 04:33:53,12.5,0.0,19.63104897090932
2026-03-21 04:34:08,12.5,0.0,19.570968625671007
2026-03-21 04:34:23,12.5,0.0,19.5108882804327
2026-03-21 04:34:38,12.5,0.0,19.45080793519439
2026-03-21 04:34:53,12.5,0.0,19.390727589956082
2026-03-21 04:35:08,12.5,0.0,19.330647244717774
2026-03-21 04:35:23,12.5,0.0,19.270566899479466
2026-03-21 04:35:38,12.5,0.0,19.210486554241157
2026-03-21 04:35:53,12.5,0.0,19.15040620900285
2026-03-21 04:36:08,12.5,0.0,19.09032586376454
2026-03-21 04:36:23,12.5,0.0,19.03024551852623
2026-03-21 04:36:38,12.5,0.0,18.970165173287924
2026-03-21 04:36:53,12.5,0.0,18.910084828049612
2026-03-21 04:37:08,12.5,0.0,18.850004482811308
2026-03-21 04:37:23,12.5,0.0,18.789924137572996
2026-03-21 04:37:38,12.5,0.0,18.72984379233469
2026-03-21 04:37:53,12.5,0.0,18.66976344709638
2026-03-21 04:38:08,12.5,0.0,18.60968310185807
2026-03-21 04:38:23,12.5,0.0,18.549602756619763
2026-03-21 04:38:38,12.5,0.0,18.489522411381454
2026-03-21 04:38:53,12.5,0.0,18.429442066143146
2026-03-21 04:39:08,12.5,0.0,18.369361720904838
2026-03-21 04:39:23,12.5,0.0,18.30928137566653
2026-03-21 04:39:38,12.5,0.0,18.24920103042822
2026-03-21 04:39:53,12.5,0.0,18.189120685189913
2026-03-21 04:40:08,12.5,0.0,18.1290403399516
2026-03-21 04:40:23,12.5,0.0,18.068959994713296
2026-03-21 04:40:38,12.5,0.0,18.008879649474984
2026-03-21 04:40:53,12.5,0.0,17.94879930423668
2026-03-21 04:41:08,12.5,0.0,17.888718958998368
2026-03-21 04:41:23,12.5,0.0,17.828638613760063
2026-03-21 04:41:38,12.5,0.0,17.76855826852175
2026-03-21 04:41:53,12.5,0.0,17.708477923283443
2026-03-21 04:42:08,12.5,0.0,17.648397578045135
2026-03-21 04:42:23,12.5,0.0,17.588317232806826
2026-03-21 04:42:38,12.5,0.0,17.528236887568518
2026-03-21 04:42:53,12.5,0.0,17.46815654233021
2026-03-21 04:43:08,12.5,0.0,17.4080761970919
2026-03-21 04:43:23,12.5,0.0,17.347995851853593
2026-03-21 04:43:38,12.5,0.0,17.287915506615285
2026-03-21 04:43:53,12.5,0.0,17.227835161376973
2026-03-21 04:44:08,12.5,0.0,17.167754816138668
2026-03-21 04:44:23,12.5,0.0,17.107674470900356
2026-03-21 04:44:38,12.5,0.0,17.04759412566205
2026-03-21 04:44:53,12.5,0.0,16.98751378042374
2026-03-21 04:45:08,12.5,0.0,16.927433435185435
2026-03-21 04:45:23,12.5,0.0,16.867353089947123
2026-03-21 04:45:38,12.5,0.0,16.807272744708815
2026-03-21 04:45:53,12.5,0.0,16.747192399470507
2026-03-21 04:46:08,12.5,0.0,16.6871120542322
2026-03-21 04:46:23,12.5,0.0,16.62703170899389
2026-03-21 04:46:38,12.5,0.0,16.56695136375558
2026-03-21 04:46:53,12.5,0.0,16.506871018517273
2026-03-21 04:47:08,12.5,0.0,16.446790673278965
2026-03-21 04:47:23,12.5,1.5384615384615385,16.386710328040657
2026-03-21 04:47:38,12.5,3.076923076923077,16.326629982802345
2026-03-21 04:47:53,12.5,4.615384615384616,16.26654963756404
2026-03-21 04:48:08,12.5,4.615384615384616,16.20646929232573
2026-03-21 04:48:23,12.5,4.615384615384616,16.146388947087424
2026-03-21 04:48:38,12.5,4.615384615384616,16.08630860184911
2026-03-21 04:48:53,12.5,4.615384615384616,16.026228256610807
2026-03-21 04:49:08,12.5,4.918032786885246,15.966147911372497
2026-03-21 04:49:23,12.5,4.918032786885246,15.906067566134187
2026-03-21 04:49:38,12.5,4.918032786885246,15.845987220895879
2026-03-21 04:49:53,12.5,4.918032786885246,15.78590687565757
2026-03-21 04:50:08,12.5,4.918032786885246,15.725826530419262
2026-03-21 04:50:23,12.5,4.918032786885246,15.665746185180954
2026-03-21 04:50:38,12.5,4.918032786885246,15.605665839942645
2026-03-21 04:50:53,12.5,4.918032786885246,15.545585494704337
2026-03-21 04:51:08,12.5,4.918032786885246,15.485505149466029
2026-03-21 04:51:23,12.5,4.918032786885246,15.425424804227719
2026-03-21 04:51:38,12.5,6.557377049180328,15.36534445898941
2026-03-21 04:51:53,12.5,6.557377049180328,15.305264113751102
2026-03-21 04:52:08,12.5,6.557377049180328,15.245183768512794
2026-03-21 04:52:23,12.5,6.557377049180328,15.185103423274485
2026-03-21 04:52:38,12.5,6.557377049180328,15.125023078036177
2026-03-21 04:52:53,12.5,8.19672131147541,15.064942732797869
2026-03-21 04:53:08,12.5,8.19672131147541,15.00486238755956
2026-03-21 04:53:23,12.5,8.771929824561402,14.94478204232125
2026-03-21 04:53:38,12.5,8.771929824561402,14.884701697082942
2026-03-21 04:53:53,12.5,10.526315789473683,14.824621351844634
2026-03-21 04:54:08,12.5,12.280701754385964,14.764541006606326
2026-03-21 04:54:23,12.5,12.280701754385964,14.704460661368017
2026-03-21 04:54:38,12.5,12.280701754385964,14.644380316129709
2026-03-21 04:54:53,12.5,12.280701754385964,14.5842999708914
2026-03-21 04:55:08,12.5,14.035087719298245,14.52421962565309
2026-03-21 04:55:23,12.5,14.035087719298245,14.464139280414782
2026-03-21 04:55:38,12.5,15.789473684210526,14.404058935176474
2026-03-21 04:55:53,12.5,17.543859649122805,14.343978589938166
2026-03-21 04:56:08,12.5,19.298245614035086,14.283898244699857
2026-03-21 04:56:23,12.5,21.052631578947366,14.22381789946155
2026-03-21 04:56:38,12.5,22.807017543859647,14.16373755422324
2026-03-21 04:56:53,12.5,24.561403508771928,14.103657208984933
2026-03-21 04:57:08,12.5,26.31578947368421,14.043576863746623
2026-03-21 04:57:23,12.5,26.41509433962264,13.983496518508314
2026-03-21 04:57:38,12.5,28.30188679245283,13.923416173270006
2026-03-21 04:57:53,12.5,30.18867924528302,13.863335828031698
2026-03-21 04:58:08,12.5,32.075471698113205,13.80325548279339
2026-03-21 04:58:23,12.5,32.075471698113205,13.743175137555081
2026-03-21 04:58:38,12.5,33.9622641509434,13.683094792316773
2026-03-21 04:58:53,12.5,35.84905660377358,13.623014447078464
2026-03-21 04:59:08,12.5,37.735849056603776,13.562934101840154
2026-03-21 04:59:23,12.5,39.62264150943396,13.502853756601846
2026-03-21 04:59:38,12.5,41.509433962264154,13.442773411363538
2026-03-21 04:59:53,12.5,43.39622641509434,13.38269306612523
2026-03-21 05:00:08,12.5,45.28301886792453,13.322612720886921
2026-03-21 05:00:23,12.5,47.16981132075472,13.262532375648613
2026-03-21 05:00:38,12.5,49.056603773584904,13.202452030410305
2026-03-21 05:00:53,12.5,50.943396226415096,13.142371685171994
2026-03-21 05:01:08,25.0,52.83018867924528,13.082291339933686
2026-03-21 05:01:23,25.0,54.71698113207547,13.022210994695378
2026-03-21 05:01:38,25.0,55.10204081632652,12.96213064945707
2026-03-21 05:01:53,25.0,55.10204081632652,12.902050304218761
2026-03-21 05:02:08,25.0,55.10204081632652,12.841969958980453
2026-03-21 05:02:23,25.0,57.14285714285714,12.781889613742145
2026-03-21 05:02:38,25.0,59.183673469387756,12.721809268503836
2026-03-21 05:02:53,25.0,61.224489795918366,12.661728923265526
2026-03-21 05:03:08,25.0,63.26530612244898,12.601648578027218
2026-03-21 05:03:23,37.5,65.3061224489796,12.54156823278891
2026-03-21 05:03:38,37.5,67.3469387755102,12.481487887550601
2026-03-21 05:03:53,37.5,69.38775510204081,12.421407542312293
2026-03-21 05:04:08,50.0,71.42857142857143,12.361327197073985
2026-03-21 05:04:23,50.0,73.46938775510205,12.301246851835677
2026-03-21 05:04:38,50.0,75.51020408163265,12.241166506597368
2026-03-21 05:04:53,50.0,77.55102040816327,12.181086161359058
2026-03-21 05:05:08,50.0,79.59183673469387,12.12100581612075
2026-03-21 05:05:23,50.0,79.59183673469387,12.060925470882442
2026-03-21 05:05:38,62.5,81.63265306122449,12.000845125644133
2026-03-21 05:05:53,62.5,86.66666666666667,11.940764780405825
2026-03-21 05:06:08,62.5,86.66666666666667,11.880684435167517
2026-03-21 05:06:23,62.5,88.88888888888889,11.820604089929208
2026-03-21 05:06:38,62.5,88.88888888888889,11.7605237446909
2026-03-21 05:06:53,75.0,88.88888888888889,11.700443399452592
2026-03-21 05:07:08,75.0,91.11111111111111,11.640363054214284
2026-03-21 05:07:23,75.0,93.33333333333333,11.580282708975975
2026-03-21 05:07:38,75.0,95.55555555555556,11.520202363737663
2026-03-21 05:07:53,75.0,95.55555555555556,11.460122018499355
2026-03-21 05:08:08,75.0,97.77777777777777,11.400041673261047
2026-03-21 05:08:23,75.0,97.77777777777777,11.339961328022738
2026-03-21 05:08:38,75.0,97.77777777777777,11.27988098278443
2026-03-21 05:08:53,75.0,97.77777777777777,11.219800637546122
2026-03-21 05:09:08,75.0,97.77777777777777,11.159720292307814
2026-03-21 05:09:23,87.5,97.77777777777777,11.099639947069505
2026-03-21 05:09:38,87.5,97.77777777777777,11.039559601831197
2026-03-21 05:09:53,87.5,97.5609756097561,10.979479256592889
2026-03-21 05:10:08,87.5,100.0,10.91939891135458
2026-03-21 05:10:23,87.5,100.0,10.859318566116272
2026-03-21 05:10:38,87.5,100.0,10.799238220877964
2026-03-21 05:10:53,87.5,100.0,10.739157875639656
2026-03-21 05:11:08,87.5,100.0,10.679077530401347
2026-03-21 05:11:23,87.5,100.0,10.618997185163035
2026-03-21 05:11:38,87.5,100.0,10.558916839924727
2026-03-21 05:11:53,87.5,100.0,10.498836494686419
2026-03-21 05:12:08,87.5,100.0,10.43875614944811
2026-03-21 05:12:23,87.5,100.0,10.378675804209802
2026-03-21 05:12:38,87.5,100.0,10.318595458971494
2026-03-21 05:12:53,87.5,100.0,10.258515113733186
2026-03-21 05:13:08,87.5,100.0,10.198434768494877
2026-03-21 05:13:23,87.5,100.0,10.138354423256569
2026-03-21 05:13:38,87.5,100.0,10.07827407801826
2026-03-21 05:13:53,87.5,100.0,10.018193732779952
2026-03-21 05:14:08,87.5,100.0,9.958113387541644
2026-03-21 05:14:23,87.5,100.0,9.898033042303336
2026-03-21 05:14:38,87.5,100.0,9.837952697065028
2026-03-21 05:14:53,87.5,100.0,9.77787235182672
2026-03-21 05:15:08,87.5,100.0,9.717792006588411
2026-03-21 05:15:23,87.5,100.0,9.657711661350099
2026-03-21 05:15:38,100.0,100.0,9.59763131611179
2026-03-21 05:15:53,100.0,100.0,9.537550970873482
2026-03-21 05:16:08,100.0,100.0,9.477470625635174
2026-03-21 05:16:23,100.0,100.0,9.417390280396866
2026-03-21 05:16:38,100.0,100.0,9.357309935158558
2026-03-21 05:16:53,100.0,100.0,9.29722958992025
2026-03-21 05:17:08,100.0,100.0,9.237149244681941
2026-03-21 05:17:23,100.0,100.0,9.177068899443633
2026-03-21 05:17:38,100.0,100.0,9.116988554205324
2026-03-21 05:17:53,100.0,100.0,9.056908208967016
2026-03-21 05:18:08,100.0,100.0,8.996827863728708
2026-03-21 05:18:23,100.0,100.0,8.9367475184904
2026-03-21 05:18:38,100.0,100.0,8.876667173252091
2026-03-21 05:18:53,100.0,100.0,8.816586828013783
2026-03-21 05:19:08,100.0,100.0,8.756506482775471
2026-03-21 05:19:23,100.0,100.0,8.696426137537163
2026-03-21 05:19:38,100.0,100.0,8.636345792298854
2026-03-21 05:19:53,100.0,100.0,8.576265447060546
2026-03-21 05:20:08,100.0,100.0,8.516185101822238
2026-03-21 05:20:23,100.0,100.0,8.45610475658393
2026-03-21 05:20:38,100.0,100.0,8.396024411345621
2026-03-21 05:20:53,100.0,100.0,8.335944066107313
2026-03-21 05:21:08,100.0,100.0,8.275863720869005
2026-03-21 05:21:23,100.0,100.0,8.215783375630696
2026-03-21 05:21:38,100.0,100.0,8.155703030392388
2026-03-21 05:21:53,100.0,100.0,8.09562268515408
2026-03-21 05:22:08,100.0,100.0,8.035542339915771
2026-03-21 05:22:23,100.0,100.0,7.975461994677463
2026-03-21 05:22:38,100.0,100.0,7.915381649439155
2026-03-21 05:22:53,100.0,100.0,7.855301304200843
2026-03-21 05:23:08,100.0,100.0,7.795220958962535
2026-03-21 05:23:23,100.0,100.0,7.7351406137242265
2026-03-21 05:23:38,100.0,100.0,7.675060268485918
2026-03-21 05:23:53,100.0,100.0,7.61497992324761
2026-03-21 05:24:08,100.0,100.0,7.554899578009302
2026-03-21 05:24:23,100.0,100.0,7.494819232770993
2026-03-21 05:24:38,100.0,100.0,7.434738887532685
2026-03-21 05:24:53,100.0,100.0,7.374658542294377
2026-03-21 05:25:08,100.0,100.0,7.314578197056068
2026-03-21 05:25:23,100.0,100.0,7.25449785181776
2026-03-21 05:25:38,100.0,100.0,7.194417506579452
2026-03-21 05:25:53,100.0,100.0,7.1343371613411435
2026-03-21 05:26:08,100.0,100.0,7.074256816102835
2026-03-21 05:26:23,100.0,100.0,7.014176470864527
2026-03-21 05:26:38,100.0,100.0,6.954096125626219
2026-03-21 05:26:53,100.0,100.0,6.894015780387907
2026-03-21 05:27:08,100.0,100.0,6.8339354351495984
2026-03-21 05:27:23,100.0,100.0,6.77385508991129
2026-03-21 05:27:38,100.0,100.0,6.713774744672982
2026-03-21 05:27:53,100.0,100.0,6.653694399434674
2026-03-21 05:28:08,100.0,100.0,6.593614054196365
2026-03-21 05:28:23,100.0,100.0,6.533533708958057
2026-03-21 05:28:38,100.0,100.0,6.473453363719749
2026-03-21 05:28:53,100.0,100.0,6.41337301848144
2026-03-21 05:29:08,100.0,100.0,6.353292673243132
2026-03-21 05:29:23,100.0,100.0,6.293212328004824
2026-03-21 05:29:38,100.0,100.0,6.2331319827665155
2026-03-21 05:29:53,100.0,100.0,6.173051637528207
2026-03-21 05:30:08,100.0,100.0,6.112971292289899
2026-03-21 05:30:23,100.0,100.0,6.052890947051591
2026-03-21 05:30:38,100.0,100.0,5.992810601813279
2026-03-21 05:30:53,100.0,100.0,5.93273025657497
2026-03-21 05:31:08,100.0,100.0,5.872649911336662
2026-03-21 05:31:23,100.0,100.0,5.812569566098354
2026-03-21 05:31:38,100.0,100.0,5.7524892208600455
2026-03-21 05:31:53,100.0,100.0,5.692408875621737
2026-03-21 05:32:08,100.0,100.0,5.632328530383429
2026-03-21 05:32:23,100.0,100.0,5.572248185145121
2026-03-21 05:32:38,100.0,100.0,5.512167839906812
2026-03-21 05:32:53,100.0,100.0,5.452087494668504
2026-03-21 05:33:08,100.0,100.0,5.392007149430196
2026-03-21 05:33:23,100.0,100.0,5.3319268041918875
2026-03-21 05:33:38,100.0,100.0,5.271846458953579
2026-03-21 05:33:53,100.0,100.0,5.211766113715271
2026-03-21 05:34:08,100.0,100.0,5.151685768476963
2026-03-21 05:34:23,100.0,100.0,5.091605423238651
2026-03-21 05:34:38,100.0,100.0,5.031525078000342
2026-03-21 05:34:53,100.0,100.0,4.971444732762034
2026-03-21 05:35:08,100.0,100.0,4.911364387523726
2026-03-21 05:35:23,100.0,100.0,4.8512840422854175
2026-03-21 05:35:38,100.0,100.0,4.791203697047109
2026-03-21 05:35:53,100.0,100.0,4.731123351808801
2026-03-21 05:36:08,100.0,100.0,4.671043006570493
2026-03-21 05:36:23,100.0,100.0,4.610962661332184
2026-03-21 05:36:38,100.0,100.0,4.550882316093876
2026-03-21 05:36:53,100.0,100.0,4.490801970855568
2026-03-21 05:37:08,100.0,100.0,4.4307216256172595
2026-03-21 05:37:23,100.0,100.0,4.370641280378951
2026-03-21 05:37:38,112.5,100.0,4.310560935140643
2026-03-21 05:37:53,100.0,100.0,4.250480589902335
2026-03-21 05:38:08,100.0,100.0,4.190400244664026
2026-03-21 05:38:23,112.5,100.0,4.130319899425714
2026-03-21 05:38:38,100.0,100.0,4.070239554187406
2026-03-21 05:38:53,100.0,100.0,4.010159208949098
2026-03-21 05:39:08,100.0,100.0,3.9500788637107895
2026-03-21 05:39:23,100.0,100.0,3.8899985184724812
2026-03-21 05:39:38,100.0,100.0,3.829918173234173
2026-03-21 05:39:53,100.0,100.0,3.7698378279958646
2026-03-21 05:40:08,112.5,100.0,3.7097574827575563
2026-03-21 05:40:23,100.0,100.0,3.649677137519248
2026-03-21 05:40:38,112.5,100.0,3.5895967922809398
2026-03-21 05:40:53,112.5,100.0,3.5295164470426315
2026-03-21 05:41:08,112.5,100.0,3.469436101804323
2026-03-21 05:41:23,112.5,100.0,3.409355756566015
2026-03-21 05:41:38,112.5,100.0,3.3492754113277066
2026-03-21 05:41:53,100.0,100.0,3.2891950660893983
2026-03-21 05:42:08,100.0,100.0,3.2291147208510864
2026-03-21 05:42:23,112.5,100.0,3.169034375612778
2026-03-21 05:42:38,100.0,100.0,3.10895403037447
2026-03-21 05:42:53,100.0,100.0,3.0488736851361615
2026-03-21 05:43:08,100.0,100.0,2.9887933398978532
2026-03-21 05:43:23,100.0,100.0,2.928712994659545
2026-03-21 05:43:38,100.0,100.0,2.8686326494212366
2026-03-21 05:43:53,112.5,100.0,2.8085523041829283
2026-03-21 05:44:08,112.5,100.0,2.74847195894462
2026-03-21 05:44:23,112.5,100.0,2.6883916137063117
2026-03-21 05:44:38,112.5,100.0,2.6283112684680034
2026-03-21 05:44:53,112.5,100.0,2.568230923229695
2026-03-21 05:45:08,112.5,100.0,2.508150577991387
2026-03-21 05:45:23,112.5,100.0,2.4480702327530786
2026-03-21 05:45:38,112.5,100.0,2.3879898875147703
2026-03-21 05:45:53,112.5,100.0,2.3279095422764584
2026-03-21 05:46:08,112.5,100.0,2.26782919703815
2026-03-21 05:46:23,112.5,100.0,2.207748851799842
2026-03-21 05:46:38,112.5,100.0,2.1476685065615335
2026-03-21 05:46:53,112.5,100.0,2.0875881613232252
2026-03-21 05:47:08,112.5,100.0,2.027507816084917
2026-03-21 05:47:23,112.5,100.0,1.9674274708466086
2026-03-21 05:47:38,112.5,100.0,1.9073471256083003
2026-03-21 05:47:53,112.5,100.0,1.847266780369992
2026-03-21 05:48:08,100.0,100.0,1.7871864351316837
2026-03-21 05:48:23,112.5,100.0,1.7271060898933754
2026-03-21 05:48:38,112.5,100.0,1.6670257446550671
2026-03-21 05:48:53,112.5,100.0,1.6069453994167588
2026-03-21 05:49:08,100.0,100.0,1.5468650541784505
2026-03-21 05:49:23,100.0,100.0,1.4867847089401423
2026-03-21 05:49:38,100.0,100.0,1.426704363701834
2026-03-21 05:49:53,100.0,100.0,1.366624018463522
2026-03-21 05:50:08,100.0,100.0,1.3065436732252138
2026-03-21 05:50:23,100.0,100.0,1.2464633279869055
2026-03-21 05:50:38,112.5,100.0,1.1863829827485972
2026-03-21 05:50:53,112.5,100.0,1.126302637510289
2026-03-21 05:51:08,112.5,100.0,1.0662222922719806
2026-03-21 05:51:23,112.5,100.0,1.0061419470336723
2026-03-21 05:51:38,112.5,100.0,5.0
2026-03-21 05:51:53,100.0,100.0,5.0
2026-03-21 05:52:08,100.0,100.0,5.0
2026-03-21 05:52:23,112.5,100.0,5.0
2026-03-21 05:52:38,112.5,100.0,5.0
2026-03-21 05:52:53,112.5,100.0,5.0
2026-03-21 05:53:08,112.5,100.0,5.0
2026-03-21 05:53:23,112.5,100.0,5.0
2026-03-21 05:53:38,112.5,100.0,5.0
2026-03-21 05:53:53,112.5,100.0,5.0
2026-03-21 05:54:08,112.5,100.0,5.0
2026-03-21 05:54:23,112.5,100.0,5.0
2026-03-21 05:54:38,112.5,100.0,5.0
2026-03-21 05:54:53,112.5,100.0,5.0
2026-03-21 05:55:08,112.5,100.0,5.0
2026-03-21 05:55:23,112.5,100.0,5.0
2026-03-21 05:55:38,112.5,100.0,5.0
2026-03-21 05:55:53,112.5,100.0,5.0
2026-03-21 05:56:08,112.5,100.0,5.0
2026-03-21 05:56:23,112.5,100.0,5.0
2026-03-21 05:56:38,112.5,100.0,5.0
2026-03-21 05:56:53,112.5,100.0,5.0
2026-03-21 05:57:08,112.5,100.0,5.0
2026-03-21 05:57:23,112.5,100.0,5.0
2026-03-21 05:57:38,112.5,100.0,5.0
2026-03-21 05:57:53,112.5,100.0,5.0
2026-03-21 05:58:08,112.5,100.0,5.0
2026-03-21 05:58:23,112.5,100.0,5.0
2026-03-21 05:58:38,112.5,100.0,5.0
2026-03-21 05:58:53,112.5,100.0,5.0
2026-03-21 05:59:08,112.5,100.0,5.0
2026-03-21 05:59:23,112.5,100.0,5.0
2026-03-21 05:59:38,112.5,100.0,5.0
2026-03-21 05:59:53,112.5,100.0,5.0
2026-03-21 06:00:08,112.5,100.0,5.0
2026-03-21 06:00:23,112.5,100.0,5.0
2026-03-21 06:00:38,112.5,100.0,5.0
2026-03-21 06:00:53,112.5,100.0,5.0
2026-03-21 06:01:08,112.5,100.0,5.0
2026-03-21 06:01:23,112.5,100.0,5.0
2026-03-21 06:01:38,112.5,100.0,5.0
2026-03-21 06:01:53,112.5,100.0,5.0
2026-03-21 06:02:08,112.5,100.0,5.0
2026-03-21 06:02:23,112.5,100.0,5.0
2026-03-21 06:02:38,112.5,100.0,5.0
2026-03-21 06:02:53,112.5,100.0,5.0
2026-03-21 06:03:08,112.5,100.0,5.0
2026-03-21 06:03:23,112.5,100.0,5.0
2026-03-21 06:03:38,112.5,100.0,5.0
2026-03-21 06:03:53,112.5,100.0,5.0
2026-03-21 06:04:08,112.5,100.0,5.0
2026-03-21 06:04:23,112.5,100.0,5.0
2026-03-21 06:04:38,112.5,100.0,5.0
2026-03-21 06:04:53,112.5,100.0,5.0
2026-03-21 06:05:08,100.0,100.0,5.0
2026-03-21 06:05:23,100.0,100.0,5.0
2026-03-21 06:05:38,100.0,100.0,5.0
2026-03-21 06:05:53,100.0,100.0,5.0
2026-03-21 06:06:08,100.0,100.0,5.0
2026-03-21 06:06:23,100.0,100.0,5.0
2026-03-21 06:06:38,100.0,100.0,5.0
2026-03-21 06:06:53,100.0,100.0,5.0
2026-03-21 06:07:08,100.0,100.0,5.0
2026-03-21 06:07:23,100.0,100.0,5.0
2026-03-21 06:07:38,100.0,100.0,5.0
2026-03-21 06:07:53,100.0,100.0,5.0
2026-03-21 06:08:08,100.0,100.0,5.0
2026-03-21 06:08:23,112.5,100.0,5.0
2026-03-21 06:08:38,112.5,100.0,5.0
2026-03-21 06:08:53,112.5,100.0,5.0
2026-03-21 06:09:08,112.5,100.0,5.0
2026-03-21 06:09:23,112.5,100.0,5.0
2026-03-21 06:09:38,112.5,100.0,5.0
2026-03-21 06:09:53,112.5,100.0,5.0
2026-03-21 06:10:08,112.5,100.0,5.0
2026-03-21 06:10:23,112.5,100.0,5.0
2026-03-21 06:10:38,112.5,100.0,5.0
2026-03-21 06:10:53,112.5,100.0,5.0
2026-03-21 06:11:08,112.5,100.0,5.0
2026-03-21 06:11:23,112.5,100.0,5.0
2026-03-21 06:11:38,100.0,100.0,5.0
2026-03-21 06:11:53,100.0,100.0,5.0
2026-03-21 06:12:08,112.5,100.0,5.0
2026-03-21 06:12:23,112.5,100.0,5.0
2026-03-21 06:12:38,100.0,100.0,5.0
2026-03-21 06:12:53,100.0,100.0,5.0
2026-03-21 06:13:08,112.5,100.0,5.0
2026-03-21 06:13:23,112.5,100.0,5.0
2026-03-21 06:13:38,112.5,100.0,5.0
2026-03-21 06:13:53,112.5,100.0,5.0
2026-03-21 06:14:08,112.5,100.0,5.0
2026-03-21 06:14:23,112.5,100.0,5.0
2026-03-21 06:14:38,112.5,100.0,5.0
2026-03-21 06:14:53,112.5,100.0,5.0
2026-03-21 06:15:08,100.0,100.0,5.0
2026-03-21 06:15:23,100.0,100.0,5.0
2026-03-21 06:15:38,100.0,100.0,5.0
2026-03-21 06:15:53,100.0,100.0,5.0
2026-03-21 06:16:08,112.5,100.0,5.0
2026-03-21 06:16:23,112.5,100.0,5.0
2026-03-21 06:16:38,112.5,100.0,5.0
2026-03-21 06:16:53,112.5,100.0,5.0
2026-03-21 06:17:08,112.5,100.0,5.0
2026-03-21 06:17:23,112.5,100.0,5.0
2026-03-21 06:17:38,112.5,100.0,5.0
2026-03-21 06:17:53,112.5,100.0,5.0
2026-03-21 06:18:08,112.5,100.0,5.0
2026-03-21 06:18:23,112.5,100.0,5.0
2026-03-21 06:18:38,112.5,100.0,5.0
2026-03-21 06:18:53,112.5,100.0,5.0
2026-03-21 06:19:08,112.5,100.0,5.0
2026-03-21 06:19:23,112.5,100.0,5.0
2026-03-21 06:19:38,112.5,100.0,5.0
2026-03-21 06:19:53,112.5,100.0,5.0
2026-03-21 06:20:08,100.0,100.0,5.0
2026-03-21 06:20:23,100.0,100.0,5.0
2026-03-21 06:20:38,112.5,100.0,5.0
2026-03-21 06:20:53,112.5,100.0,5.0
2026-03-21 06:21:08,100.0,100.0,5.0
2026-03-21 06:21:23,100.0,100.0,5.0
2026-03-21 06:21:38,112.5,100.0,5.0
2026-03-21 06:21:53,112.5,100.0,5.0
2026-03-21 06:22:08,100.0,100.0,5.0
2026-03-21 06:22:23,112.5,100.0,5.0
2026-03-21 06:22:38,100.0,100.0,5.0
2026-03-21 06:22:53,100.0,100.0,5.0
2026-03-21 06:23:08,112.5,100.0,5.0
2026-03-21 06:23:23,112.5,100.0,5.0
2026-03-21 06:23:38,112.5,100.0,5.0
2026-03-21 06:23:53,112.5,100.0,5.0
2026-03-21 06:24:08,100.0,100.0,5.0
2026-03-21 06:24:23,100.0,100.0,5.0
2026-03-21 06:24:38,112.5,100.0,5.0
2026-03-21 06:24:53,112.5,100.0,5.0
2026-03-21 06:25:08,112.5,100.0,5.0
2026-03-21 06:25:23,112.5,100.0,5.0
2026-03-21 06:25:38,112.5,100.0,5.0
2026-03-21 06:25:53,112.5,100.0,5.0
2026-03-21 06:26:08,112.5,100.0,5.0
2026-03-21 06:26:23,112.5,100.0,5.0
2026-03-21 06:26:38,112.5,100.0,5.0
2026-03-21 06:26:53,112.5,100.0,5.0
2026-03-21 06:27:08,112.5,100.0,5.0
2026-03-21 06:27:23,112.5,100.0,5.0
2026-03-21 06:27:38,112.5,100.0,5.0
2026-03-21 06:27:53,112.5,100.0,5.0
2026-03-21 06:28:08,112.5,100.0,5.0
2026-03-21 06:28:23,112.5,100.0,5.0
2026-03-21 06:28:38,112.5,100.0,5.0
2026-03-21 06:28:53,112.5,100.0,5.0
2026-03-21 06:29:08,112.5,100.0,5.0
2026-03-21 06:29:23,112.5,100.0,5.0
2026-03-21 06:29:38,112.5,100.0,5.0
2026-03-21 06:29:53,112.5,100.0,5.0
2026-03-21 06:30:08,112.5,100.0,5.0
2026-03-21 06:30:23,112.5,100.0,5.0
2026-03-21 06:30:38,112.5,100.0,5.0
2026-03-21 06:30:53,112.5,100.0,5.0
2026-03-21 06:31:08,112.5,100.0,5.0
2026-03-21 06:31:23,112.5,100.0,5.0
2026-03-21 06:31:38,112.5,100.0,5.0
2026-03-21 06:31:53,112.5,100.0,5.0
2026-03-21 06:32:08,112.5,100.0,5.0
2026-03-21 06:32:23,112.5,100.0,5.0
2026-03-21 06:32:38,112.5,100.0,5.0
2026-03-21 06:32:53,112.5,100.0,5.0
2026-03-21 06:33:08,112.5,100.0,5.0
2026-03-21 06:33:23,112.5,100.0,5.0
2026-03-21 06:33:38,112.5,100.0,5.0
2026-03-21 06:33:53,112.5,100.0,5.0
2026-03-21 06:34:08,112.5,100.0,5.0
2026-03-21 06:34:23,112.5,100.0,5.0
2026-03-21 06:34:38,112.5,100.0,5.0
2026-03-21 06:34:53,112.5,100.0,5.0
2026-03-21 06:35:08,112.5,100.0,5.0
2026-03-21 06:35:23,100.0,100.0,5.0
2026-03-21 06:35:38,100.0,100.0,5.0
2026-03-21 06:35:53,100.0,100.0,5.0
2026-03-21 06:36:08,100.0,100.0,5.0
2026-03-21 06:36:23,100.0,100.0,5.0
2026-03-21 06:36:38,100.0,100.0,5.0
2026-03-21 06:36:53,100.0,100.0,5.0
2026-03-21 06:37:08,112.5,100.0,5.0
2026-03-21 06:37:23,112.5,100.0,5.0
2026-03-21 06:37:38,112.5,100.0,5.0
2026-03-21 06:37:53,112.5,100.0,5.0
2026-03-21 06:38:08,112.5,100.0,5.0
2026-03-21 06:38:23,112.5,100.0,5.0
2026-03-21 06:38:38,112.5,100.0,5.0
2026-03-21 06:38:53,112.5,100.0,5.0
2026-03-21 06:39:08,112.5,100.0,5.0
2026-03-21 06:39:23,112.5,100.0,5.0
2026-03-21 06:39:38,112.5,100.0,5.0
2026-03-21 06:39:53,112.5,100.0,5.0
2026-03-21 06:40:08,112.5,100.0,5.0
2026-03-21 06:40:23,100.0,100.0,5.0
2026-03-21 06:40:38,112.5,100.0,5.0
2026-03-21 06:40:53,112.5,100.0,5.0
2026-03-21 06:41:08,112.5,100.0,5.0
2026-03-21 06:41:23,112.5,100.0,5.0
2026-03-21 06:41:38,112.5,100.0,5.0
2026-03-21 06:41:53,112.5,100.0,5.0
2026-03-21 06:42:08,100.0,100.0,5.0
2026-03-21 06:42:23,112.5,100.0,5.0
2026-03-21 06:42:38,112.5,100.0,5.0
2026-03-21 06:42:53,112.5,100.0,5.0
2026-03-21 06:43:08,112.5,100.0,5.0
2026-03-21 06:43:23,112.5,100.0,5.0
2026-03-21 06:43:38,112.5,100.0,5.0
2026-03-21 06:43:53,112.5,100.0,5.0
2026-03-21 06:44:08,112.5,100.0,5.0
2026-03-21 06:44:23,112.5,100.0,5.0
2026-03-21 06:44:38,112.5,100.0,5.0
2026-03-21 06:44:53,112.5,100.0,5.0
2026-03-21 06:45:08,112.5,100.0,5.0
2026-03-21 06:45:23,112.5,100.0,5.0
2026-03-21 06:45:38,112.5,100.0,5.0
2026-03-21 06:45:53,112.5,100.0,5.0
2026-03-21 06:46:08,112.5,100.0,5.0
2026-03-21 06:46:23,112.5,100.0,5.0
2026-03-21 06:46:38,100.0,100.0,5.0
2026-03-21 06:46:53,112.5,100.0,5.0
2026-03-21 06:47:08,112.5,100.0,5.0
2026-03-21 06:47:23,100.0,100.0,5.0
2026-03-21 06:47:38,100.0,100.0,5.0
2026-03-21 06:47:53,100.0,100.0,5.0
2026-03-21 06:48:08,100.0,100.0,5.0
2026-03-21 06:48:23,100.0,100.0,5.0
2026-03-21 06:48:38,112.5,100.0,5.0
2026-03-21 06:48:53,112.5,100.0,5.0
2026-03-21 06:49:08,112.5,100.0,5.0
2026-03-21 06:49:23,112.5,100.0,5.0
2026-03-21 06:49:38,112.5,100.0,5.0
2026-03-21 06:49:53,112.5,100.0,5.0
2026-03-21 06:50:08,112.5,100.0,5.0
2026-03-21 06:50:23,112.5,100.0,5.0
2026-03-21 06:50:38,112.5,100.0,5.0
2026-03-21 06:50:53,112.5,100.0,5.0
2026-03-21 06:51:08,112.5,100.0,5.0
2026-03-21 06:51:23,112.5,100.0,5.0
2026-03-21 06:51:38,112.5,100.0,5.0
2026-03-21 06:51:53,112.5,100.0,5.0
2026-03-21 06:52:08,112.5,100.0,5.0
2026-03-21 06:52:23,112.5,100.0,5.0
2026-03-21 06:52:38,112.5,100.0,5.0
2026-03-21 06:52:53,112.5,100.0,5.0
2026-03-21 06:53:08,112.5,100.0,5.0
2026-03-21 06:53:23,112.5,100.0,5.0
2026-03-21 06:53:38,112.5,100.0,5.0
2026-03-21 06:53:53,112.5,100.0,5.0
2026-03-21 06:54:08,112.5,100.0,5.0
2026-03-21 06:54:23,112.5,100.0,5.0
2026-03-21 06:54:38,112.5,100.0,5.0
2026-03-21 06:54:53,112.5,100.0,5.0
2026-03-21 06:55:08,112.5,100.0,5.0
2026-03-21 06:55:23,112.5,100.0,5.0
2026-03-21 06:55:38,112.5,100.0,5.0
2026-03-21 06:55:53,112.5,100.0,5.0
2026-03-21 06:56:08,112.5,100.0,5.0
2026-03-21 06:56:23,112.5,100.0,5.0
2026-03-21 06:56:38,112.5,100.0,5.0
2026-03-21 06:56:53,112.5,100.0,5.0
2026-03-21 06:57:08,112.5,100.0,5.0
2026-03-21 06:57:23,112.5,100.0,5.0
2026-03-21 06:57:38,112.5,100.0,5.0
2026-03-21 06:57:53,112.5,100.0,5.0
2026-03-21 06:58:08,112.5,100.0,5.0
2026-03-21 06:58:23,112.5,100.0,5.0
2026-03-21 06:58:38,112.5,100.0,5.0
2026-03-21 06:58:53,112.5,100.0,5.0
2026-03-21 06:59:08,112.5,100.0,5.0
2026-03-21 06:59:23,112.5,100.0,5.0
2026-03-21 06:59:38,112.5,100.0,5.0
2026-03-21 06:59:53,112.5,100.0,5.0
2026-03-21 07:00:08,112.5,100.0,5.0
2026-03-21 07:00:23,112.5,100.0,5.0
2026-03-21 07:00:38,112.5,100.0,5.0
2026-03-21 07:00:53,112.5,100.0,5.0
2026-03-21 07:01:08,112.5,100.0,5.0
2026-03-21 07:01:23,112.5,100.0,5.0
2026-03-21 07:01:38,112.5,100.0,5.0
2026-03-21 07:01:53,100.0,100.0,5.0
2026-03-21 07:02:08,112.5,100.0,5.0
2026-03-21 07:02:23,112.5,100.0,5.0
2026-03-21 07:02:38,100.0,100.0,5.0
2026-03-21 07:02:53,100.0,100.0,5.0
2026-03-21 07:03:08,112.5,100.0,5.0
2026-03-21 07:03:23,112.5,100.0,5.0
2026-03-21 07:03:38,100.0,100.0,5.0
2026-03-21 07:03:53,100.0,100.0,5.0
2026-03-21 07:04:08,112.5,100.0,5.0
2026-03-21 07:04:23,112.5,100.0,5.0
2026-03-21 07:04:38,112.5,100.0,5.0
2026-03-21 07:04:53,112.5,100.0,5.0
2026-03-21 07:05:08,112.5,100.0,5.0
2026-03-21 07:05:23,112.5,100.0,5.0
2026-03-21 07:05:38,112.5,100.0,5.0
2026-03-21 07:05:53,112.5,100.0,5.0
2026-03-21 07:06:08,112.5,100.0,5.0
2026-03-21 07:06:23,100.0,100.0,5.0
2026-03-21 07:06:38,100.0,100.0,5.0
2026-03-21 07:06:53,100.0,100.0,5.0
2026-03-21 07:07:08,100.0,100.0,5.0
2026-03-21 07:07:23,100.0,100.0,5.0
2026-03-21 07:07:38,100.0,100.0,5.0
2026-03-21 07:07:53,100.0,100.0,5.0
2026-03-21 07:08:08,100.0,100.0,5.0
2026-03-21 07:08:23,100.0,100.0,5.0
2026-03-21 07:08:38,112.5,100.0,5.0
2026-03-21 07:08:53,100.0,100.0,5.0
2026-03-21 07:09:08,112.5,100.0,5.0
2026-03-21 07:09:23,100.0,100.0,5.0
2026-03-21 07:09:38,100.0,100.0,5.0
2026-03-21 07:09:53,112.5,100.0,5.0
2026-03-21 07:10:08,112.5,100.0,5.0
2026-03-21 07:10:23,100.0,100.0,5.0
2026-03-21 07:10:38,100.0,100.0,5.0
2026-03-21 07:10:53,100.0,100.0,5.0
2026-03-21 07:11:08,100.0,100.0,5.0
2026-03-21 07:11:23,100.0,100.0,5.0
2026-03-21 07:11:38,100.0,100.0,5.0
2026-03-21 07:11:53,112.5,100.0,5.0
2026-03-21 07:12:08,112.5,100.0,5.0
2026-03-21 07:12:23,112.5,100.0,5.0
2026-03-21 07:12:38,112.5,100.0,5.0
2026-03-21 07:12:53,100.0,100.0,5.0
2026-03-21 07:13:08,100.0,100.0,5.0
2026-03-21 07:13:23,100.0,100.0,5.0
2026-03-21 07:13:38,100.0,100.0,5.0
2026-03-21 07:13:53,100.0,100.0,5.0
2026-03-21 07:14:08,100.0,100.0,5.0
2026-03-21 07:14:23,100.0,100.0,5.0
2026-03-21 07:14:38,100.0,100.0,5.0
2026-03-21 07:14:53,100.0,100.0,5.0
2026-03-21 07:15:08,100.0,100.0,5.0
2026-03-21 07:15:23,100.0,100.0,5.0
2026-03-21 07:15:38,100.0,100.0,5.0
2026-03-21 07:15:53,100.0,100.0,5.0
2026-03-21 07:16:08,100.0,100.0,5.0
2026-03-21 07:16:23,100.0,100.0,5.0
2026-03-21 07:16:38,100.0,100.0,5.0
2026-03-21 07:16:53,100.0,100.0,5.0
2026-03-21 07:17:08,100.0,100.0,5.0
2026-03-21 07:17:23,100.0,100.0,5.0
2026-03-21 07:17:38,100.0,100.0,5.0
2026-03-21 07:17:53,100.0,100.0,5.0
2026-03-21 07:18:08,100.0,100.0,5.0
2026-03-21 07:18:23,100.0,100.0,5.0
2026-03-21 07:18:38,100.0,100.0,5.0
2026-03-21 07:18:53,100.0,100.0,5.0
2026-03-21 07:19:08,112.5,100.0,5.0
2026-03-21 07:19:23,112.5,100.0,5.0
2026-03-21 07:19:38,100.0,100.0,5.0
2026-03-21 07:19:53,100.0,100.0,5.0
2026-03-21 07:20:08,100.0,100.0,5.0
2026-03-21 07:20:23,112.5,100.0,5.0
2026-03-21 07:20:38,100.0,100.0,5.0
2026-03-21 07:20:53,100.0,100.0,5.0
2026-03-21 07:21:08,100.0,100.0,5.0
2026-03-21 07:21:23,100.0,100.0,5.0
2026-03-21 07:21:38,100.0,100.0,5.0
2026-03-21 07:21:53,100.0,100.0,5.0
2026-03-21 07:22:08,100.0,100.0,5.0
2026-03-21 07:22:23,100.0,100.0,5.0
2026-03-21 07:22:38,100.0,100.0,5.0
2026-03-21 07:22:53,100.0,100.0,5.0
2026-03-21 07:23:08,100.0,100.0,5.0
2026-03-21 07:23:23,100.0,100.0,5.0
2026-03-21 07:23:38,100.0,100.0,5.0
2026-03-21 07:23:53,100.0,100.0,5.0
2026-03-21 07:24:08,100.0,100.0,5.0
2026-03-21 07:24:23,100.0,100.0,5.0
2026-03-21 07:24:38,112.5,100.0,5.0
2026-03-21 07:24:53,112.5,100.0,5.0
2026-03-21 07:25:08,100.0,100.0,5.0
2026-03-21 07:25:23,100.0,100.0,5.0
2026-03-21 07:25:38,100.0,100.0,5.0
2026-03-21 07:25:53,100.0,100.0,5.0
2026-03-21 07:26:08,100.0,100.0,5.0
2026-03-21 07:26:23,100.0,100.0,5.0
2026-03-21 07:26:38,100.0,100.0,5.0
2026-03-21 07:26:53,100.0,100.0,5.0
2026-03-21 07:27:08,100.0,100.0,5.0
2026-03-21 07:27:23,100.0,100.0,5.0
2026-03-21 07:27:38,100.0,100.0,5.0
2026-03-21 07:27:53,100.0,100.0,5.0
2026-03-21 07:28:08,100.0,100.0,5.0
2026-03-21 07:28:23,100.0,100.0,5.0
2026-03-21 07:28:38,100.0,100.0,5.0
2026-03-21 07:28:53,100.0,100.0,5.0
2026-03-21 07:29:08,100.0,100.0,5.0
2026-03-21 07:29:23,100.0,100.0,5.0
2026-03-21 07:29:38,100.0,100.0,5.0
2026-03-21 07:29:53,100.0,100.0,5.0
2026-03-21 07:30:08,100.0,100.0,5.0
2026-03-21 07:30:23,100.0,100.0,5.0
2026-03-21 07:30:38,100.0,100.0,5.0
2026-03-21 07:30:53,100.0,100.0,5.0
2026-03-21 07:31:08,100.0,100.0,5.0
2026-03-21 07:31:23,100.0,100.0,5.0
2026-03-21 07:31:38,100.0,100.0,5.0
2026-03-21 07:31:53,100.0,100.0,5.0
2026-03-21 07:32:08,100.0,100.0,5.0
2026-03-21 07:32:23,100.0,100.0,5.0
2026-03-21 07:32:38,100.0,100.0,5.0
2026-03-21 07:32:53,100.0,100.0,5.0
2026-03-21 07:33:08,100.0,100.0,5.0
2026-03-21 07:33:23,100.0,100.0,5.0
2026-03-21 07:33:38,100.0,100.0,5.0
2026-03-21 07:33:53,100.0,100.0,5.0
2026-03-21 07:34:08,100.0,100.0,5.0
2026-03-21 07:34:23,100.0,100.0,5.0
2026-03-21 07:34:38,100.0,100.0,5.0
2026-03-21 07:34:53,100.0,100.0,5.0
2026-03-21 07:35:08,100.0,100.0,5.0
2026-03-21 07:35:23,100.0,100.0,5.0
2026-03-21 07:35:38,100.0,100.0,5.0
2026-03-21 07:35:53,100.0,100.0,5.0
2026-03-21 07:36:08,100.0,100.0,5.0
2026-03-21 07:36:23,100.0,100.0,5.0
2026-03-21 07:36:38,100.0,100.0,5.0
2026-03-21 07:36:53,100.0,100.0,5.0
2026-03-21 07:37:08,100.0,100.0,5.0
2026-03-21 07:37:23,100.0,100.0,5.0
2026-03-21 07:37:38,100.0,100.0,5.0
2026-03-21 07:37:53,100.0,100.0,5.0
2026-03-21 07:38:08,100.0,100.0,5.0
2026-03-21 07:38:23,100.0,100.0,5.0
2026-03-21 07:38:38,100.0,100.0,5.0
2026-03-21 07:38:53,100.0,100.0,5.0
2026-03-21 07:39:08,100.0,100.0,5.0
2026-03-21 07:39:23,100.0,100.0,5.0
2026-03-21 07:39:38,100.0,100.0,5.0
2026-03-21 07:39:53,100.0,100.0,5.0
2026-03-21 07:40:08,100.0,100.0,5.0
2026-03-21 07:40:23,100.0,100.0,5.0
2026-03-21 07:40:38,100.0,100.0,5.0
2026-03-21 07:40:53,100.0,100.0,5.0
2026-03-21 07:41:08,100.0,100.0,5.0
2026-03-21 07:41:23,100.0,100.0,5.0
2026-03-21 07:41:38,100.0,100.0,5.0
2026-03-21 07:41:53,100.0,100.0,5.0
2026-03-21 07:42:08,100.0,100.0,5.0
2026-03-21 07:42:23,100.0,100.0,5.0
2026-03-21 07:42:38,100.0,100.0,5.0
2026-03-21 07:42:53,100.0,100.0,5.0
2026-03-21 07:43:08,100.0,100.0,5.0
2026-03-21 07:43:23,100.0,100.0,5.0
2026-03-21 07:43:38,100.0,100.0,5.0
2026-03-21 07:43:53,100.0,100.0,5.0
2026-03-21 07:44:08,100.0,100.0,5.0
2026-03-21 07:44:23,100.0,100.0,5.0
2026-03-21 07:44:38,100.0,100.0,5.0
2026-03-21 07:44:53,100.0,100.0,5.0
2026-03-21 07:45:08,100.0,100.0,5.0
2026-03-21 07:45:23,100.0,100.0,5.0
2026-03-21 07:45:38,100.0,100.0,5.0
2026-03-21 07:45:53,100.0,100.0,5.0
2026-03-21 07:46:08,100.0,100.0,5.0
2026-03-21 07:46:23,100.0,100.0,5.0
2026-03-21 07:46:38,100.0,100.0,5.0
2026-03-21 07:46:53,100.0,100.0,5.0
2026-03-21 07:47:08,100.0,100.0,5.0
2026-03-21 07:47:23,100.0,100.0,5.0
2026-03-21 07:47:38,100.0,100.0,5.0
2026-03-21 07:47:53,100.0,100.0,5.0
2026-03-21 07:48:08,100.0,100.0,5.0
2026-03-21 07:48:23,100.0,100.0,5.0
2026-03-21 07:48:38,100.0,100.0,5.0
2026-03-21 07:48:53,100.0,100.0,5.0
2026-03-21 07:49:08,100.0,100.0,5.0
2026-03-21 07:49:23,100.0,100.0,5.0
2026-03-21 07:49:38,100.0,100.0,5.0
2026-03-21 07:49:53,100.0,100.0,5.0
2026-03-21 07:50:08,100.0,100.0,5.0
2026-03-21 07:50:23,100.0,100.0,5.0
2026-03-21 07:50:38,100.0,100.0,5.0
2026-03-21 07:50:53,100.0,100.0,5.0
2026-03-21 07:51:08,100.0,100.0,5.0
2026-03-21 07:51:23,100.0,100.0,5.0
2026-03-21 07:51:38,100.0,100.0,5.0
2026-03-21 07:51:53,100.0,100.0,5.0
2026-03-21 07:52:08,100.0,100.0,5.0
2026-03-21 07:52:23,100.0,100.0,5.0
2026-03-21 07:52:38,100.0,100.0,5.0
2026-03-21 07:52:53,100.0,100.0,5.0
2026-03-21 07:53:08,100.0,100.0,5.0
2026-03-21 07:53:23,100.0,100.0,5.0
2026-03-21 07:53:38,100.0,100.0,5.0
2026-03-21 07:53:53,100.0,100.0,5.0
2026-03-21 07:54:08,100.0,100.0,5.0
2026-03-21 07:54:23,100.0,100.0,5.0
2026-03-21 07:54:38,100.0,100.0,5.0
2026-03-21 07:54:53,100.0,100.0,5.0
2026-03-21 07:55:08,100.0,100.0,5.0
2026-03-21 07:55:23,100.0,100.0,5.0
2026-03-21 07:55:38,100.0,100.0,5.0
2026-03-21 07:55:53,100.0,100.0,5.0
2026-03-21 07:56:08,100.0,100.0,5.0
2026-03-21 07:56:23,100.0,100.0,5.0
2026-03-21 07:56:38,100.0,100.0,5.0
2026-03-21 07:56:53,100.0,100.0,5.0
2026-03-21 07:57:08,100.0,100.0,5.0
2026-03-21 07:57:23,100.0,100.0,5.0
2026-03-21 07:57:38,100.0,100.0,5.0
2026-03-21 07:57:53,100.0,100.0,5.0
2026-03-21 07:58:08,100.0,100.0,5.0
2026-03-21 07:58:23,100.0,100.0,5.0
2026-03-21 07:58:38,100.0,100.0,5.0
2026-03-21 07:58:53,100.0,100.0,5.0
2026-03-21 07:59:08,100.0,100.0,5.0
2026-03-21 07:59:23,100.0,100.0,5.0
2026-03-21 07:59:38,100.0,100.0,5.0
2026-03-21 07:59:53,100.0,100.0,5.0
2026-03-21 08:00:08,100.0,100.0,5.0
2026-03-21 08:00:23,100.0,100.0,5.0
2026-03-21 08:00:38,100.0,100.0,5.0
2026-03-21 08:00:53,100.0,100.0,5.0
2026-03-21 08:01:08,100.0,100.0,5.0
2026-03-21 08:01:23,100.0,100.0,5.0
2026-03-21 08:01:38,100.0,100.0,5.0
2026-03-21 08:01:53,100.0,100.0,5.0
2026-03-21 08:02:08,100.0,100.0,5.0
2026-03-21 08:02:23,100.0,100.0,5.0
2026-03-21 08:02:38,100.0,100.0,5.0
2026-03-21 08:02:53,100.0,100.0,5.0
2026-03-21 08:03:08,100.0,100.0,5.0
2026-03-21 08:03:23,100.0,100.0,5.0
2026-03-21 08:03:38,100.0,100.0,5.0
2026-03-21 08:03:53,100.0,100.0,5.0
2026-03-21 08:04:08,100.0,100.0,5.0
2026-03-21 08:04:23,100.0,100.0,5.0
2026-03-21 08:04:38,100.0,100.0,5.0
2026-03-21 08:04:53,100.0,100.0,5.0
2026-03-21 08:05:08,100.0,100.0,5.0
2026-03-21 08:05:23,100.0,100.0,5.0
2026-03-21 08:05:38,100.0,100.0,5.0
2026-03-21 08:05:53,100.0,100.0,5.0
2026-03-21 08:06:08,100.0,100.0,5.0
2026-03-21 08:06:23,100.0,100.0,5.0
2026-03-21 08:06:38,100.0,100.0,5.0
2026-03-21 08:06:53,100.0,100.0,5.0
2026-03-21 08:07:08,100.0,100.0,5.0
2026-03-21 08:07:23,100.0,100.0,5.0
2026-03-21 08:07:38,100.0,100.0,5.0
2026-03-21 08:07:53,100.0,100.0,5.0
2026-03-21 08:08:08,100.0,100.0,5.0
2026-03-21 08:08:23,100.0,100.0,5.0
2026-03-21 08:08:38,100.0,100.0,5.0
2026-03-21 08:08:53,100.0,100.0,5.0
2026-03-21 08:09:08,100.0,100.0,5.0
2026-03-21 08:09:23,100.0,100.0,5.0
2026-03-21 08:09:38,100.0,100.0,5.0
2026-03-21 08:09:53,100.0,100.0,5.0
2026-03-21 08:10:08,100.0,100.0,5.0
2026-03-21 08:10:23,100.0,100.0,5.0
2026-03-21 08:10:38,100.0,100.0,5.0
2026-03-21 08:10:53,100.0,100.0,5.0
2026-03-21 08:11:08,100.0,100.0,5.0
2026-03-21 08:11:23,100.0,100.0,5.0
2026-03-21 08:11:38,100.0,100.0,5.0
2026-03-21 08:11:53,100.0,100.0,5.0
2026-03-21 08:12:08,100.0,100.0,5.0
2026-03-21 08:12:23,100.0,100.0,5.0
2026-03-21 08:12:38,100.0,100.0,5.0
2026-03-21 08:12:53,100.0,100.0,5.0
2026-03-21 08:13:08,100.0,100.0,5.0
2026-03-21 08:13:23,100.0,100.0,5.0
2026-03-21 08:13:38,100.0,100.0,5.0
2026-03-21 08:13:53,100.0,100.0,5.0
2026-03-21 08:14:08,100.0,100.0,5.0
2026-03-21 08:14:23,100.0,100.0,5.0
2026-03-21 08:14:38,100.0,100.0,5.0
2026-03-21 08:14:53,100.0,100.0,5.0
2026-03-21 08:15:08,100.0,100.0,5.0
2026-03-21 08:15:23,100.0,100.0,5.0
2026-03-21 08:15:38,100.0,100.0,5.0
2026-03-21 08:15:53,100.0,100.0,5.0
2026-03-21 08:16:08,100.0,100.0,5.0
2026-03-21 08:16:23,100.0,100.0,5.0
2026-03-21 08:16:38,100.0,100.0,5.0
2026-03-21 08:16:53,100.0,100.0,5.0
2026-03-21 08:17:08,100.0,100.0,5.0
2026-03-21 08:17:23,100.0,100.0,5.0
2026-03-21 08:17:38,100.0,100.0,5.0
2026-03-21 08:17:53,100.0,100.0,5.0
2026-03-21 08:18:08,100.0,100.0,5.0
2026-03-21 08:18:23,100.0,100.0,5.0
2026-03-21 08:18:38,100.0,100.0,5.0
2026-03-21 08:18:53,100.0,100.0,5.0
2026-03-21 08:19:08,100.0,95.23809523809523,5.0
2026-03-21 08:19:23,100.0,90.47619047619048,5.0
2026-03-21 08:19:38,100.0,85.71428571428571,5.0
2026-03-21 08:19:53,100.0,80.95238095238095,5.0
2026-03-21 08:20:08,100.0,76.19047619047619,5.0
2026-03-21 08:20:23,100.0,71.42857142857143,5.0
2026-03-21 08:20:38,100.0,66.66666666666666,5.0
2026-03-21 08:20:53,100.0,61.904761904761905,5.0
2026-03-21 08:21:08,100.0,57.14285714285714,5.0
2026-03-21 08:21:23,100.0,52.38095238095239,5.0
2026-03-21 08:21:38,100.0,47.61904761904761,5.0
2026-03-21 08:21:53,87.5,42.857142857142854,5.0
2026-03-21 08:22:08,87.5,38.095238095238095,5.0
2026-03-21 08:22:23,87.5,33.33333333333333,5.0
2026-03-21 08:22:38,87.5,28.57142857142857,5.0
2026-03-21 08:22:53,87.5,23.809523809523807,5.0
2026-03-21 08:23:08,87.5,19.047619047619047,5.0
2026-03-21 08:23:23,75.0,14.285714285714285,5.0
2026-03-21 08:23:38,75.0,14.285714285714285,5.0
2026-03-21 08:23:53,75.0,14.285714285714285,5.0
2026-03-21 08:24:08,75.0,14.285714285714285,5.0
2026-03-21 08:24:23,75.0,19.047619047619047,5.0
2026-03-21 08:24:38,75.0,23.809523809523807,5.0
2026-03-21 08:24:53,62.5,28.57142857142857,5.0
2026-03-21 08:25:08,62.5,33.33333333333333,5.0
2026-03-21 08:25:23,62.5,38.095238095238095,5.0
2026-03-21 08:25:38,62.5,42.857142857142854,5.0
2026-03-21 08:25:53,50.0,47.61904761904761,5.0
2026-03-21 08:26:08,62.5,52.38095238095239,5.0
2026-03-21 08:26:23,62.5,57.14285714285714,5.0
2026-03-21 08:26:38,62.5,61.904761904761905,5.0
2026-03-21 08:26:53,62.5,66.66666666666666,5.0
2026-03-21 08:27:08,62.5,71.42857142857143,5.0
2026-03-21 08:27:23,62.5,76.19047619047619,5.0
2026-03-21 08:27:38,62.5,80.95238095238095,5.0
2026-03-21 08:27:53,62.5,85.71428571428571,5.0
2026-03-21 08:28:08,62.5,90.47619047619048,5.0
2026-03-21 08:28:23,75.0,95.23809523809523,5.0
2026-03-21 08:28:38,75.0,100.0,5.0
2026-03-21 08:28:53,75.0,100.0,5.0
2026-03-21 08:29:08,75.0,100.0,5.0
2026-03-21 08:29:23,75.0,100.0,5.0
2026-03-21 08:29:38,75.0,100.0,5.0
2026-03-21 08:29:53,75.0,100.0,5.0
2026-03-21 08:30:08,75.0,100.0,5.0
2026-03-21 08:30:23,75.0,100.0,5.0
2026-03-21 08:30:38,75.0,100.0,5.0
2026-03-21 08:30:53,75.0,100.0,5.0
2026-03-21 08:31:08,75.0,100.0,5.0
2026-03-21 08:31:23,75.0,100.0,5.0
2026-03-21 08:31:38,75.0,100.0,5.0
2026-03-21 08:31:53,75.0,100.0,5.0
2026-03-21 08:32:08,87.5,100.0,5.0
2026-03-21 08:32:23,87.5,100.0,5.0
2026-03-21 08:32:38,87.5,100.0,5.0
2026-03-21 08:32:53,87.5,100.0,5.0
2026-03-21 08:33:08,87.5,95.23809523809523,5.0
2026-03-21 08:33:23,87.5,95.23809523809523,5.0
2026-03-21 08:33:38,87.5,95.23809523809523,5.0
2026-03-21 08:33:53,87.5,95.23809523809523,5.0
2026-03-21 08:34:08,87.5,95.23809523809523,5.0
2026-03-21 08:34:23,87.5,95.23809523809523,5.0
2026-03-21 08:34:38,87.5,95.23809523809523,5.0
2026-03-21 08:34:53,87.5,95.23809523809523,5.0
2026-03-21 08:35:08,87.5,90.47619047619048,5.0
2026-03-21 08:35:23,87.5,85.71428571428571,5.0
2026-03-21 08:35:38,87.5,80.95238095238095,5.0
2026-03-21 08:35:53,87.5,76.19047619047619,5.0
2026-03-21 08:36:08,87.5,71.42857142857143,5.0
2026-03-21 08:36:23,87.5,66.66666666666666,5.0
2026-03-21 08:36:38,87.5,61.904761904761905,5.0
2026-03-21 08:36:53,87.5,57.14285714285714,5.0
2026-03-21 08:37:08,87.5,52.38095238095239,5.0
2026-03-21 08:37:23,87.5,52.38095238095239,5.0
2026-03-21 08:37:38,87.5,52.38095238095239,5.0
2026-03-21 08:37:53,87.5,47.61904761904761,5.0
2026-03-21 08:38:08,87.5,42.857142857142854,5.0
2026-03-21 08:38:23,75.0,47.61904761904761,5.0
2026-03-21 08:38:38,75.0,47.61904761904761,5.0
2026-03-21 08:38:53,75.0,47.61904761904761,5.0
2026-03-21 08:39:08,75.0,47.61904761904761,5.0
2026-03-21 08:39:23,75.0,47.61904761904761,5.0
2026-03-21 08:39:38,75.0,47.61904761904761,5.0
2026-03-21 08:39:53,75.0,47.61904761904761,5.0
2026-03-21 08:40:08,75.0,47.61904761904761,5.0
2026-03-21 08:40:23,75.0,47.61904761904761,5.0
2026-03-21 08:40:38,62.5,52.38095238095239,5.0
2026-03-21 08:40:53,75.0,57.14285714285714,5.0
2026-03-21 08:41:08,75.0,61.904761904761905,5.0
2026-03-21 08:41:23,75.0,66.66666666666666,5.0
2026-03-21 08:41:38,75.0,71.42857142857143,5.0
2026-03-21 08:41:53,75.0,76.19047619047619,5.0
2026-03-21 08:42:08,75.0,80.95238095238095,5.0
2026-03-21 08:42:23,75.0,85.71428571428571,5.0
2026-03-21 08:42:38,75.0,85.71428571428571,5.0
2026-03-21 08:42:53,75.0,85.71428571428571,5.0
2026-03-21 08:43:08,75.0,90.47619047619048,5.0
2026-03-21 08:43:23,75.0,95.23809523809523,5.0
2026-03-21 08:43:38,75.0,95.23809523809523,5.0
2026-03-21 08:43:53,75.0,95.23809523809523,5.0
2026-03-21 08:44:08,75.0,95.23809523809523,5.0
2026-03-21 08:44:23,75.0,95.23809523809523,5.0
2026-03-21 08:44:38,87.5,95.23809523809523,5.0
2026-03-21 08:44:53,87.5,95.23809523809523,5.0
2026-03-21 08:45:08,87.5,95.23809523809523,5.0
2026-03-21 08:45:23,87.5,95.23809523809523,5.0
2026-03-21 08:45:38,87.5,100.0,5.0
2026-03-21 08:45:53,87.5,100.0,5.0
2026-03-21 08:46:08,87.5,95.23809523809523,5.0
2026-03-21 08:46:23,87.5,90.47619047619048,5.0
2026-03-21 08:46:38,87.5,85.71428571428571,5.0
2026-03-21 08:46:53,87.5,80.95238095238095,5.0
2026-03-21 08:47:08,87.5,76.19047619047619,5.0
2026-03-21 08:47:23,87.5,71.42857142857143,5.0
2026-03-21 08:47:38,87.5,66.66666666666666,5.0
2026-03-21 08:47:53,87.5,61.904761904761905,5.0
2026-03-21 08:48:08,87.5,57.14285714285714,5.0
2026-03-21 08:48:23,87.5,52.38095238095239,5.0
2026-03-21 08:48:38,87.5,47.61904761904761,5.0
2026-03-21 08:48:53,87.5,42.857142857142854,5.0
2026-03-21 08:49:08,87.5,38.095238095238095,5.0
2026-03-21 08:49:23,87.5,33.33333333333333,5.0
2026-03-21 08:49:38,87.5,28.57142857142857,5.0
2026-03-21 08:49:53,75.0,23.809523809523807,5.0
2026-03-21 08:50:08,75.0,19.047619047619047,5.0
2026-03-21 08:50:23,75.0,14.285714285714285,5.0
2026-03-21 08:50:38,75.0,9.523809523809524,5.0
2026-03-21 08:50:53,75.0,4.761904761904762,5.0
2026-03-21 08:51:08,75.0,0.0,5.0
2026-03-21 08:51:23,75.0,0.0,5.0
2026-03-21 08:51:38,62.5,0.0,5.0
2026-03-21 08:51:53,62.5,4.761904761904762,5.0
2026-03-21 08:52:08,62.5,9.523809523809524,5.0
2026-03-21 08:52:23,62.5,14.285714285714285,5.0
2026-03-21 08:52:38,62.5,14.285714285714285,5.0
2026-03-21 08:52:53,50.0,14.285714285714285,5.0
2026-03-21 08:53:08,50.0,14.285714285714285,5.0
2026-03-21 08:53:23,50.0,14.285714285714285,5.0
2026-03-21 08:53:38,50.0,14.285714285714285,5.0
2026-03-21 08:53:53,50.0,14.285714285714285,5.0
2026-03-21 08:54:08,50.0,14.285714285714285,5.0
2026-03-21 08:54:23,50.0,14.285714285714285,5.0
2026-03-21 08:54:38,50.0,14.285714285714285,5.0
2026-03-21 08:54:53,50.0,14.285714285714285,5.0
2026-03-21 08:55:08,50.0,14.285714285714285,5.0
2026-03-21 08:55:23,50.0,14.285714285714285,5.0
2026-03-21 08:55:38,50.0,14.285714285714285,5.0
2026-03-21 08:55:53,37.5,14.285714285714285,5.0
2026-03-21 08:56:08,37.5,14.285714285714285,5.0
2026-03-21 08:56:23,37.5,14.285714285714285,5.0
2026-03-21 08:56:38,37.5,14.285714285714285,5.0
2026-03-21 08:56:53,37.5,14.285714285714285,5.0
2026-03-21 08:57:08,37.5,9.523809523809524,5.0
2026-03-21 08:57:23,37.5,4.761904761904762,5.0
2026-03-21 08:57:38,37.5,0.0,5.0
2026-03-21 08:57:53,37.5,0.0,5.0
2026-03-21 08:58:08,37.5,0.0,5.0
2026-03-21 08:58:23,25.0,0.0,5.0
2026-03-21 08:58:38,25.0,0.0,5.0
2026-03-21 08:58:53,25.0,0.0,5.0
2026-03-21 08:59:08,25.0,0.0,5.0
2026-03-21 08:59:23,25.0,4.761904761904762,5.0
2026-03-21 08:59:38,25.0,9.523809523809524,5.0
2026-03-21 08:59:53,25.0,14.285714285714285,5.0
2026-03-21 09:00:08,25.0,14.285714285714285,5.0
2026-03-21 09:00:23,25.0,19.047619047619047,5.0
2026-03-21 09:00:38,25.0,23.809523809523807,5.0
2026-03-21 09:00:53,25.0,28.57142857142857,5.0
2026-03-21 09:01:08,25.0,33.33333333333333,5.0
2026-03-21 09:01:23,25.0,38.095238095238095,5.0
2026-03-21 09:01:38,25.0,42.857142857142854,5.0
2026-03-21 09:01:53,25.0,42.857142857142854,5.0
2026-03-21 09:02:08,25.0,42.857142857142854,5.0
2026-03-21 09:02:23,25.0,47.61904761904761,5.0
2026-03-21 09:02:38,25.0,52.38095238095239,5.0
2026-03-21 09:02:53,25.0,57.14285714285714,5.0
2026-03-21 09:03:08,25.0,61.904761904761905,5.0
2026-03-21 09:03:23,25.0,66.66666666666666,5.0
2026-03-21 09:03:38,37.5,71.42857142857143,5.0
2026-03-21 09:03:53,37.5,76.19047619047619,5.0
2026-03-21 09:04:08,37.5,80.95238095238095,5.0
2026-03-21 09:04:23,37.5,85.71428571428571,5.0
2026-03-21 09:04:38,37.5,85.71428571428571,5.0
2026-03-21 09:04:53,37.5,85.71428571428571,5.0
2026-03-21 09:05:08,37.5,85.71428571428571,5.0
2026-03-21 09:05:23,37.5,90.47619047619048,5.0
2026-03-21 09:05:38,50.0,90.47619047619048,5.0
2026-03-21 09:05:53,50.0,90.47619047619048,5.0
2026-03-21 09:06:08,50.0,90.47619047619048,5.0
2026-03-21 09:06:23,50.0,90.47619047619048,5.0
2026-03-21 09:06:38,50.0,90.47619047619048,5.0
2026-03-21 09:06:53,50.0,90.47619047619048,5.0
2026-03-21 09:07:08,62.5,95.23809523809523,5.0
2026-03-21 09:07:23,62.5,100.0,5.0
2026-03-21 09:07:38,62.5,100.0,5.0
2026-03-21 09:07:53,62.5,100.0,5.0
2026-03-21 09:08:08,62.5,100.0,5.0
2026-03-21 09:08:23,62.5,100.0,5.0
2026-03-21 09:08:38,75.0,100.0,5.0
2026-03-21 09:08:53,75.0,100.0,5.0
2026-03-21 09:09:08,75.0,100.0,5.0
2026-03-21 09:09:23,75.0,100.0,5.0
2026-03-21 09:09:38,75.0,100.0,5.0
2026-03-21 09:09:53,75.0,100.0,5.0
2026-03-21 09:10:08,75.0,100.0,5.0
2026-03-21 09:10:23,75.0,100.0,5.0
2026-03-21 09:10:38,75.0,100.0,5.0
2026-03-21 09:10:53,75.0,100.0,5.0
2026-03-21 09:11:08,75.0,100.0,5.0
2026-03-21 09:11:23,75.0,100.0,5.0
2026-03-21 09:11:38,75.0,100.0,5.0
2026-03-21 09:11:53,75.0,100.0,5.0
2026-03-21 09:12:08,75.0,100.0,5.0
2026-03-21 09:12:23,75.0,100.0,5.0
2026-03-21 09:12:38,87.5,100.0,5.0
2026-03-21 09:12:53,87.5,100.0,5.0
2026-03-21 09:13:08,87.5,100.0,5.0
2026-03-21 09:13:23,87.5,100.0,5.0
2026-03-21 09:13:38,87.5,100.0,5.0
2026-03-21 09:13:53,87.5,100.0,5.0
2026-03-21 09:14:08,87.5,100.0,5.0
2026-03-21 09:14:23,87.5,100.0,5.0
2026-03-21 09:14:38,87.5,95.23809523809523,5.0
2026-03-21 09:14:53,87.5,95.23809523809523,5.0
2026-03-21 09:15:08,87.5,95.23809523809523,5.0
2026-03-21 09:15:23,87.5,95.23809523809523,5.0
2026-03-21 09:15:38,87.5,95.23809523809523,5.0
2026-03-21 09:15:53,87.5,95.23809523809523,5.0
2026-03-21 09:16:08,87.5,95.23809523809523,5.0
2026-03-21 09:16:23,87.5,95.23809523809523,5.0
2026-03-21 09:16:38,87.5,95.23809523809523,5.0
2026-03-21 09:16:53,87.5,95.23809523809523,5.0
2026-03-21 09:17:08,87.5,90.47619047619048,5.0
2026-03-21 09:17:23,87.5,85.71428571428571,5.0
2026-03-21 09:17:38,87.5,80.95238095238095,5.0
2026-03-21 09:17:53,87.5,76.19047619047619,5.0
2026-03-21 09:18:08,87.5,71.42857142857143,5.0
2026-03-21 09:18:23,87.5,66.66666666666666,5.0
2026-03-21 09:18:38,87.5,61.904761904761905,5.0
2026-03-21 09:18:53,87.5,57.14285714285714,5.0
2026-03-21 09:19:08,87.5,52.38095238095239,5.0
2026-03-21 09:19:23,87.5,47.61904761904761,5.0
2026-03-21 09:19:38,87.5,47.61904761904761,5.0
2026-03-21 09:19:53,87.5,52.38095238095239,5.0
2026-03-21 09:20:08,87.5,52.38095238095239,5.0
2026-03-21 09:20:23,87.5,52.38095238095239,5.0
2026-03-21 09:20:38,87.5,52.38095238095239,5.0
2026-03-21 09:20:53,75.0,52.38095238095239,5.0
2026-03-21 09:21:08,75.0,52.38095238095239,5.0
2026-03-21 09:21:23,75.0,52.38095238095239,5.0
2026-03-21 09:21:38,75.0,52.38095238095239,5.0
2026-03-21 09:21:53,75.0,52.38095238095239,5.0
2026-03-21 09:22:08,75.0,52.38095238095239,5.0
2026-03-21 09:22:23,75.0,57.14285714285714,5.0
2026-03-21 09:22:38,75.0,61.904761904761905,5.0
2026-03-21 09:22:53,75.0,66.66666666666666,5.0
2026-03-21 09:23:08,75.0,71.42857142857143,5.0
2026-03-21 09:23:23,75.0,76.19047619047619,5.0
2026-03-21 09:23:38,75.0,80.95238095238095,5.0
2026-03-21 09:23:53,75.0,85.71428571428571,5.0
2026-03-21 09:24:08,75.0,90.47619047619048,5.0
2026-03-21 09:24:23,75.0,95.23809523809523,5.0
2026-03-21 09:24:38,75.0,100.0,5.0
2026-03-21 09:24:53,75.0,100.0,5.0
2026-03-21 09:25:08,87.5,100.0,5.0
2026-03-21 09:25:23,87.5,100.0,5.0
2026-03-21 09:25:38,87.5,100.0,5.0
2026-03-21 09:25:53,87.5,100.0,5.0
2026-03-21 09:26:08,87.5,100.0,5.0
2026-03-21 09:26:23,87.5,100.0,5.0
2026-03-21 09:26:38,87.5,100.0,5.0
2026-03-21 09:26:53,87.5,100.0,5.0
2026-03-21 09:27:08,87.5,100.0,5.0
2026-03-21 09:27:23,87.5,100.0,5.0
2026-03-21 09:27:38,87.5,100.0,5.0
2026-03-21 09:27:53,87.5,100.0,5.0
2026-03-21 09:28:08,87.5,100.0,5.0
2026-03-21 09:28:23,87.5,100.0,5.0
2026-03-21 09:28:38,87.5,95.23809523809523,5.0
2026-03-21 09:28:53,87.5,95.23809523809523,5.0
2026-03-21 09:29:08,87.5,95.23809523809523,5.0
2026-03-21 09:29:23,87.5,95.23809523809523,5.0
2026-03-21 09:29:38,87.5,95.23809523809523,5.0
2026-03-21 09:29:53,87.5,95.23809523809523,5.0
2026-03-21 09:30:08,87.5,95.23809523809523,5.0
2026-03-21 09:30:23,87.5,95.23809523809523,5.0
2026-03-21 09:30:38,87.5,95.23809523809523,5.0
2026-03-21 09:30:53,87.5,95.23809523809523,5.0
2026-03-21 09:31:08,87.5,95.23809523809523,5.0
2026-03-21 09:31:23,87.5,95.23809523809523,5.0
2026-03-21 09:31:38,87.5,95.23809523809523,5.0
2026-03-21 09:31:53,87.5,95.23809523809523,5.0
2026-03-21 09:32:08,87.5,95.23809523809523,5.0
2026-03-21 09:32:23,87.5,95.23809523809523,5.0
2026-03-21 09:32:38,87.5,90.47619047619048,5.0
2026-03-21 09:32:53,87.5,85.71428571428571,5.0
2026-03-21 09:33:08,87.5,80.95238095238095,5.0
2026-03-21 09:33:23,100.0,76.19047619047619,5.0
2026-03-21 09:33:38,100.0,76.19047619047619,5.0
2026-03-21 09:33:53,100.0,80.95238095238095,5.0
2026-03-21 09:34:08,100.0,80.95238095238095,5.0
2026-03-21 09:34:23,100.0,80.95238095238095,5.0
2026-03-21 09:34:38,100.0,80.95238095238095,5.0
2026-03-21 09:34:53,100.0,80.95238095238095,5.0
2026-03-21 09:35:08,87.5,80.95238095238095,5.0
2026-03-21 09:35:23,87.5,80.95238095238095,5.0
2026-03-21 09:35:38,87.5,80.95238095238095,5.0
2026-03-21 09:35:53,87.5,80.95238095238095,5.0
2026-03-21 09:36:08,87.5,80.95238095238095,5.0
2026-03-21 09:36:23,87.5,80.95238095238095,5.0
2026-03-21 09:36:38,87.5,80.95238095238095,5.0
2026-03-21 09:36:53,87.5,80.95238095238095,5.0
2026-03-21 09:37:08,87.5,80.95238095238095,5.0
2026-03-21 09:37:23,87.5,80.95238095238095,5.0
2026-03-21 09:37:38,87.5,80.95238095238095,5.0
2026-03-21 09:37:53,87.5,85.71428571428571,5.0
2026-03-21 09:38:08,87.5,90.47619047619048,5.0
2026-03-21 09:38:23,87.5,95.23809523809523,5.0
2026-03-21 09:38:38,87.5,100.0,5.0
2026-03-21 09:38:53,87.5,100.0,5.0
2026-03-21 09:39:08,87.5,100.0,5.0
2026-03-21 09:39:23,87.5,100.0,5.0
2026-03-21 09:39:38,87.5,100.0,1.0022285397376545
2026-03-21 09:39:53,87.5,100.0,1.0083045669367288
2026-03-21 09:40:08,87.5,100.0,1.0143805941358026
2026-03-21 09:40:23,87.5,100.0,1.020456621334877
2026-03-21 09:40:38,87.5,100.0,1.0265326485339508
2026-03-21 09:40:53,87.5,100.0,1.032608675733025
2026-03-21 09:41:08,100.0,100.0,1.038684702932099
2026-03-21 09:41:23,100.0,100.0,1.0447607301311732
2026-03-21 09:41:38,100.0,100.0,1.050836757330247
2026-03-21 09:41:53,100.0,100.0,1.0569127845293214
2026-03-21 09:42:08,100.0,100.0,1.0629888117283952
2026-03-21 09:42:23,100.0,100.0,1.0690648389274695
2026-03-21 09:42:38,100.0,100.0,1.0751408661265434
2026-03-21 09:42:53,100.0,100.0,1.0812168933256177
2026-03-21 09:43:08,100.0,100.0,1.0872929205246915
2026-03-21 09:43:23,100.0,100.0,1.0933689477237658
2026-03-21 09:43:38,100.0,100.0,1.0994449749228397
2026-03-21 09:43:53,100.0,100.0,1.105521002121914
2026-03-21 09:44:08,100.0,100.0,1.1115970293209878
2026-03-21 09:44:23,100.0,100.0,1.117673056520062
2026-03-21 09:44:38,100.0,100.0,1.123749083719136
2026-03-21 09:44:53,100.0,100.0,1.1298251109182103
2026-03-21 09:45:08,100.0,100.0,1.135901138117284
2026-03-21 09:45:23,100.0,100.0,1.1419771653163584
2026-03-21 09:45:38,100.0,100.0,1.1480531925154323
2026-03-21 09:45:53,100.0,100.0,1.1541292197145065
2026-03-21 09:46:08,100.0,100.0,1.1602052469135804
2026-03-21 09:46:23,100.0,100.0,1.1662812741126547
2026-03-21 09:46:38,100.0,100.0,1.1723573013117286
2026-03-21 09:46:53,100.0,100.0,1.1784333285108028
2026-03-21 09:47:08,100.0,80.0,1.1845093557098767
2026-03-21 09:47:23,100.0,80.0,1.190585382908951
2026-03-21 09:47:38,100.0,80.0,1.1966614101080248
2026-03-21 09:47:53,100.0,80.0,1.2027374373070991
2026-03-21 09:48:08,100.0,80.0,1.208813464506173
2026-03-21 09:48:23,100.0,100.0,1.2148894917052473
2026-03-21 09:48:38,100.0,100.0,1.2209655189043211
2026-03-21 09:48:53,100.0,100.0,1.2270415461033954
2026-03-21 09:49:08,100.0,100.0,1.2331175733024693
2026-03-21 09:49:23,100.0,100.0,1.2391936005015436
2026-03-21 09:49:38,100.0,100.0,1.2452696277006174
2026-03-21 09:49:53,100.0,100.0,1.2513456548996917
2026-03-21 09:50:08,100.0,100.0,1.2574216820987656
2026-03-21 09:50:23,100.0,100.0,1.2634977092978399
2026-03-21 09:50:38,100.0,100.0,1.2695737364969137
2026-03-21 09:50:53,100.0,100.0,1.275649763695988
2026-03-21 09:51:08,100.0,100.0,1.281725790895062
2026-03-21 09:51:23,100.0,100.0,1.2878018180941362
2026-03-21 09:51:38,100.0,100.0,1.29387784529321
2026-03-21 09:51:53,100.0,100.0,1.2999538724922843
2026-03-21 09:52:08,100.0,100.0,1.3060298996913582
2026-03-21 09:52:23,100.0,100.0,1.3121059268904325
2026-03-21 09:52:38,100.0,100.0,1.3181819540895063
2026-03-21 09:52:53,100.0,100.0,1.3242579812885806
2026-03-21 09:53:08,100.0,100.0,1.3303340084876545
2026-03-21 09:53:23,100.0,100.0,1.3364100356867288
2026-03-21 09:53:38,100.0,100.0,1.3424860628858026
2026-03-21 09:53:53,100.0,100.0,1.348562090084877
2026-03-21 09:54:08,100.0,100.0,1.3546381172839508
2026-03-21 09:54:23,100.0,100.0,1.360714144483025
2026-03-21 09:54:38,100.0,100.0,1.366790171682099
2026-03-21 09:54:53,100.0,100.0,1.3728661988811732
2026-03-21 09:55:08,100.0,100.0,1.378942226080247
2026-03-21 09:55:23,100.0,100.0,1.3850182532793214
2026-03-21 09:55:38,100.0,100.0,1.3910942804783952
2026-03-21 09:55:53,100.0,100.0,1.3971703076774695
2026-03-21 09:56:08,100.0,100.0,1.4032463348765434
2026-03-21 09:56:23,100.0,100.0,1.4093223620756177
2026-03-21 09:56:38,100.0,100.0,1.4153983892746915
2026-03-21 09:56:53,100.0,100.0,1.4214744164737658
2026-03-21 09:57:08,100.0,100.0,1.4275504436728397
2026-03-21 09:57:23,100.0,100.0,1.433626470871914
2026-03-21 09:57:38,100.0,100.0,1.4397024980709878
2026-03-21 09:57:53,100.0,100.0,1.4457785252700621
2026-03-21 09:58:08,100.0,100.0,1.451854552469136
2026-03-21 09:58:23,100.0,100.0,1.4579305796682103
2026-03-21 09:58:38,100.0,100.0,1.4640066068672841
2026-03-21 09:58:53,100.0,100.0,1.4700826340663584
2026-03-21 09:59:08,100.0,100.0,1.4761586612654323
2026-03-21 09:59:23,100.0,80.0,1.4822346884645066
2026-03-21 09:59:38,100.0,80.0,1.4883107156635804
2026-03-21 09:59:53,100.0,80.0,1.4943867428626547
2026-03-21 10:00:08,100.0,80.0,1.5098398211136308
2026-03-21 10:00:23,100.0,80.0,1.5334978190350217
2026-03-21 10:00:38,100.0,100.0,1.5571558169564124
2026-03-21 10:00:53,100.0,100.0,1.5808138148778033
2026-03-21 10:01:08,100.0,100.0,1.604471812799194
2026-03-21 10:01:23,100.0,100.0,1.6281298107205848
2026-03-21 10:01:38,100.0,100.0,1.6517878086419755
2026-03-21 10:01:53,100.0,100.0,1.6754458065633664
2026-03-21 10:02:08,100.0,100.0,1.699103804484757
2026-03-21 10:02:23,100.0,100.0,1.722761802406148
2026-03-21 10:02:38,100.0,100.0,1.7464198003275386
2026-03-21 10:02:53,100.0,100.0,1.7700777982489293
2026-03-21 10:03:08,100.0,100.0,1.7937357961703202
2026-03-21 10:03:23,100.0,100.0,1.817393794091711
2026-03-21 10:03:38,100.0,100.0,1.8410517920131018
2026-03-21 10:03:53,100.0,100.0,1.8647097899344924
2026-03-21 10:04:08,100.0,100.0,1.8883677878558833
2026-03-21 10:04:23,100.0,100.0,1.9120257857772742
2026-03-21 10:04:38,100.0,100.0,1.935683783698665
2026-03-21 10:04:53,100.0,100.0,1.9593417816200556
2026-03-21 10:05:08,100.0,100.0,1.9829997795414465
2026-03-21 10:05:23,100.0,100.0,2.0066577774628374
2026-03-21 10:05:38,100.0,100.0,2.030315775384228
2026-03-21 10:05:53,100.0,100.0,2.0539737733056187
2026-03-21 10:06:08,100.0,100.0,2.0776317712270096
2026-03-21 10:06:23,100.0,100.0,2.1012897691484005
2026-03-21 10:06:38,100.0,100.0,2.1249477670697914
2026-03-21 10:06:53,100.0,100.0,2.148605764991182
2026-03-21 10:07:08,100.0,100.0,2.1722637629125727
2026-03-21 10:07:23,100.0,100.0,2.195921760833963
2026-03-21 10:07:38,100.0,100.0,2.219579758755354
2026-03-21 10:07:53,100.0,100.0,2.243237756676745
2026-03-21 10:08:08,100.0,100.0,2.266895754598136
2026-03-21 10:08:23,100.0,100.0,2.2905537525195268
2026-03-21 10:08:38,100.0,100.0,2.314211750440917
2026-03-21 10:08:53,100.0,100.0,2.337869748362308
2026-03-21 10:09:08,100.0,100.0,2.361527746283699
2026-03-21 10:09:23,100.0,100.0,2.3851857442050894
2026-03-21 10:09:38,100.0,100.0,2.4088437421264803
2026-03-21 10:09:53,100.0,100.0,2.4325017400478712
2026-03-21 10:10:08,100.0,100.0,2.456159737969262
2026-03-21 10:10:23,100.0,100.0,2.479817735890653
2026-03-21 10:10:38,100.0,100.0,2.5034757338120435
2026-03-21 10:10:53,100.0,100.0,2.5271337317334344
2026-03-21 10:11:08,100.0,100.0,2.550791729654825
2026-03-21 10:11:23,100.0,100.0,2.5744497275762157
2026-03-21 10:11:38,100.0,100.0,2.5981077254976066
2026-03-21 10:11:53,100.0,100.0,2.6217657234189975
2026-03-21 10:12:08,100.0,100.0,2.6454237213403884
2026-03-21 10:12:23,100.0,100.0,2.6690817192617793
2026-03-21 10:12:38,100.0,100.0,2.6927397171831697
2026-03-21 10:12:53,100.0,100.0,2.7163977151045606
2026-03-21 10:13:08,100.0,100.0,2.740055713025951
2026-03-21 10:13:23,100.0,100.0,2.763713710947342
2026-03-21 10:13:38,100.0,100.0,2.787371708868733
2026-03-21 10:13:53,100.0,100.0,2.8110297067901238
2026-03-21 10:14:08,100.0,100.0,2.8346877047115147
2026-03-21 10:14:23,100.0,100.0,2.8583457026329055
2026-03-21 10:14:38,100.0,100.0,2.882003700554296
2026-03-21 10:14:53,100.0,100.0,2.905661698475687
2026-03-21 10:15:08,100.0,100.0,2.9293196963970773
2026-03-21 10:15:23,100.0,100.0,2.9529776943184682
2026-03-21 10:15:38,100.0,100.0,2.976635692239859
2026-03-21 10:15:53,100.0,100.0,3.00029369016125
2026-03-21 10:16:08,100.0,100.0,3.023951688082641
2026-03-21 10:16:23,100.0,100.0,3.0476096860040314
2026-03-21 10:16:38,100.0,100.0,3.0712676839254223
2026-03-21 10:16:53,100.0,100.0,3.0949256818468127
2026-03-21 10:17:08,100.0,100.0,3.1185836797682036
2026-03-21 10:17:23,100.0,100.0,3.1422416776895945
2026-03-21 10:17:38,100.0,100.0,3.1658996756109854
2026-03-21 10:17:53,100.0,100.0,3.1895576735323763
2026-03-21 10:18:08,100.0,100.0,3.213215671453767
2026-03-21 10:18:23,100.0,100.0,3.2368736693751576
2026-03-21 10:18:38,100.0,100.0,3.2605316672965485
2026-03-21 10:18:53,100.0,100.0,3.284189665217939
2026-03-21 10:19:08,100.0,100.0,3.30784766313933
2026-03-21 10:19:23,100.0,100.0,3.3315056610607208
2026-03-21 10:19:38,100.0,100.0,3.3551636589821117
2026-03-21 10:19:53,100.0,100.0,3.3788216569035026
2026-03-21 10:20:08,100.0,100.0,3.4024796548248935
2026-03-21 10:20:23,100.0,100.0,3.426137652746284
2026-03-21 10:20:38,100.0,100.0,3.449795650667675
2026-03-21 10:20:53,100.0,100.0,3.4734536485890652
2026-03-21 10:21:08,100.0,100.0,3.497111646510456
2026-03-21 10:21:23,100.0,100.0,3.520769644431847
2026-03-21 10:21:38,100.0,100.0,3.544427642353238
2026-03-21 10:21:53,100.0,100.0,3.568085640274629
2026-03-21 10:22:08,100.0,100.0,3.5917436381960197
2026-03-21 10:22:23,100.0,100.0,3.6154016361174097
2026-03-21 10:22:38,100.0,100.0,3.6390596340388006
2026-03-21 10:22:53,100.0,100.0,3.6627176319601915
2026-03-21 10:23:08,100.0,100.0,3.6863756298815824
2026-03-21 10:23:23,100.0,100.0,3.7100336278029733
2026-03-21 10:23:38,100.0,100.0,3.733691625724364
2026-03-21 10:23:53,100.0,100.0,3.757349623645755
2026-03-21 10:24:08,100.0,100.0,3.781007621567146
2026-03-21 10:24:23,100.0,100.0,3.804665619488536
2026-03-21 10:24:38,100.0,92.3076923076923,3.828323617409927
2026-03-21 10:24:53,100.0,84.61538461538461,3.8519816153313178
2026-03-21 10:25:08,100.0,84.61538461538461,3.8756396132527087
2026-03-21 10:25:23,100.0,84.61538461538461,3.8992976111740996
2026-03-21 10:25:38,100.0,84.61538461538461,3.9229556090954905
2026-03-21 10:25:53,100.0,84.61538461538461,3.9466136070168814
2026-03-21 10:26:08,100.0,84.61538461538461,3.9702716049382722
2026-03-21 10:26:23,87.5,84.61538461538461,3.9939296028596623
2026-03-21 10:26:38,87.5,88.23529411764706,4.017587600781053
2026-03-21 10:26:53,87.5,88.23529411764706,4.041245598702444
2026-03-21 10:27:08,87.5,88.23529411764706,4.064903596623835
2026-03-21 10:27:23,87.5,88.23529411764706,4.088561594545226
2026-03-21 10:27:38,87.5,88.23529411764706,4.112219592466617
2026-03-21 10:27:53,87.5,88.23529411764706,4.135877590388008
2026-03-21 10:28:08,87.5,88.23529411764706,4.159535588309398
2026-03-21 10:28:23,87.5,94.11764705882352,4.1831935862307885
2026-03-21 10:28:38,100.0,100.0,4.206851584152179
2026-03-21 10:28:53,100.0,100.0,4.23050958207357
2026-03-21 10:29:08,100.0,100.0,4.254167579994961
2026-03-21 10:29:23,100.0,100.0,4.277825577916352
2026-03-21 10:29:38,87.5,100.0,4.301483575837743
2026-03-21 10:29:53,87.5,100.0,4.325141573759134
2026-03-21 10:30:08,87.5,100.0,4.348799571680524
2026-03-21 10:30:23,87.5,100.0,4.372457569601915
2026-03-21 10:30:38,87.5,100.0,4.396115567523306
2026-03-21 10:30:53,87.5,100.0,4.419773565444697
2026-03-21 10:31:08,87.5,100.0,4.4434315633660875
2026-03-21 10:31:23,87.5,100.0,4.467089561287478
2026-03-21 10:31:38,87.5,100.0,4.490747559208869
2026-03-21 10:31:53,87.5,100.0,4.51440555713026
2026-03-21 10:32:08,87.5,100.0,4.53806355505165
2026-03-21 10:32:23,87.5,100.0,4.561721552973041
2026-03-21 10:32:38,87.5,100.0,4.585379550894432
2026-03-21 10:32:53,87.5,100.0,4.609037548815823
2026-03-21 10:33:08,87.5,100.0,4.632695546737214
2026-03-21 10:33:23,87.5,100.0,4.656353544658605
2026-03-21 10:33:38,87.5,100.0,4.6800115425799955
2026-03-21 10:33:53,87.5,100.0,4.7036695405013855
2026-03-21 10:34:08,87.5,100.0,4.727327538422776
2026-03-21 10:34:23,87.5,100.0,4.750985536344167
2026-03-21 10:34:38,87.5,100.0,4.774643534265558
2026-03-21 10:34:53,87.5,100.0,4.798301532186949
2026-03-21 10:35:08,87.5,100.0,4.82195953010834
2026-03-21 10:35:23,87.5,100.0,4.845617528029731
2026-03-21 10:35:38,87.5,100.0,4.869275525951122
2026-03-21 10:35:53,87.5,100.0,4.892933523872512
2026-03-21 10:36:08,87.5,100.0,4.916591521793903
2026-03-21 10:36:23,87.5,100.0,4.940249519715294
2026-03-21 10:36:38,87.5,100.0,4.9639075176366845
2026-03-21 10:36:53,87.5,100.0,4.987565515558075
2026-03-21 10:37:08,87.5,100.0,5.011223513479466
2026-03-21 10:37:23,87.5,100.0,5.034881511400857
2026-03-21 10:37:38,87.5,100.0,5.058539509322248
2026-03-21 10:37:53,87.5,100.0,5.082197507243638
2026-03-21 10:38:08,87.5,100.0,5.105855505165029
2026-03-21 10:38:23,87.5,100.0,5.12951350308642
2026-03-21 10:38:38,87.5,100.0,5.153171501007811
2026-03-21 10:38:53,87.5,100.0,5.176829498929202
2026-03-21 10:39:08,87.5,100.0,5.2004874968505925
2026-03-21 10:39:23,87.5,100.0,5.224145494771983
2026-03-21 10:39:38,87.5,100.0,5.247803492693373
2026-03-21 10:39:53,87.5,100.0,5.271461490614764
2026-03-21 10:40:08,87.5,100.0,5.295119488536155
2026-03-21 10:40:23,87.5,100.0,5.318777486457546
2026-03-21 10:40:38,87.5,100.0,5.342435484378937
2026-03-21 10:40:53,87.5,100.0,5.366093482300328
2026-03-21 10:41:08,87.5,100.0,5.389751480221719
2026-03-21 10:41:23,87.5,100.0,5.41340947814311
2026-03-21 10:41:38,87.5,100.0,5.4370674760645
2026-03-21 10:41:53,87.5,100.0,5.460725473985891
2026-03-21 10:42:08,87.5,100.0,5.4843834719072815
2026-03-21 10:42:23,87.5,100.0,5.508041469828672
2026-03-21 10:42:38,87.5,100.0,5.531699467750063
2026-03-21 10:42:53,87.5,100.0,5.555357465671454
2026-03-21 10:43:08,87.5,100.0,5.579015463592845
2026-03-21 10:43:23,87.5,100.0,5.602673461514236
2026-03-21 10:43:38,100.0,100.0,5.626331459435627
2026-03-21 10:43:53,100.0,100.0,5.649989457357018
2026-03-21 10:44:08,100.0,100.0,5.673647455278408
2026-03-21 10:44:23,100.0,100.0,5.697305453199799
2026-03-21 10:44:38,100.0,100.0,5.7209634511211895
2026-03-21 10:44:53,100.0,100.0,5.74462144904258
2026-03-21 10:45:08,100.0,100.0,5.768279446963971
2026-03-21 10:45:23,100.0,100.0,5.791937444885362
2026-03-21 10:45:38,100.0,100.0,5.815595442806753
2026-03-21 10:45:53,100.0,100.0,5.839253440728143
2026-03-21 10:46:08,100.0,100.0,5.862911438649534
2026-03-21 10:46:23,100.0,100.0,5.886569436570925
2026-03-21 10:46:38,100.0,100.0,5.910227434492316
2026-03-21 10:46:53,100.0,100.0,5.933885432413707
2026-03-21 10:47:08,100.0,100.0,5.957543430335098
2026-03-21 10:47:23,100.0,100.0,5.9812014282564885
2026-03-21 10:47:38,100.0,100.0,6.004859426177879
2026-03-21 10:47:53,100.0,100.0,6.028517424099269
2026-03-21 10:48:08,100.0,100.0,6.05217542202066
2026-03-21 10:48:23,100.0,100.0,6.075833419942051
2026-03-21 10:48:38,100.0,100.0,6.099491417863442
2026-03-21 10:48:53,100.0,100.0,6.123149415784833
2026-03-21 10:49:08,100.0,100.0,6.146807413706224
2026-03-21 10:49:23,100.0,100.0,6.170465411627615
2026-03-21 10:49:38,100.0,100.0,6.194123409549005
2026-03-21 10:49:53,100.0,100.0,6.217781407470396
2026-03-21 10:50:08,100.0,100.0,6.2414394053917865
2026-03-21 10:50:23,100.0,100.0,6.265097403313177
2026-03-21 10:50:38,100.0,100.0,6.288755401234568
2026-03-21 10:50:53,100.0,100.0,6.312413399155959
2026-03-21 10:51:08,100.0,100.0,6.33607139707735
2026-03-21 10:51:23,100.0,100.0,6.359729394998741
2026-03-21 10:51:38,100.0,100.0,6.383387392920131
2026-03-21 10:51:53,100.0,100.0,6.407045390841522
2026-03-21 10:52:08,100.0,100.0,6.430703388762913
2026-03-21 10:52:23,100.0,100.0,6.454361386684304
2026-03-21 10:52:38,100.0,96.0,6.478019384605695
2026-03-21 10:52:53,100.0,96.0,6.5016773825270855
2026-03-21 10:53:08,100.0,96.0,6.525335380448476
2026-03-21 10:53:23,100.0,96.0,6.548993378369867
2026-03-21 10:53:38,100.0,96.0,6.572651376291257
2026-03-21 10:53:53,100.0,96.0,6.596309374212648
2026-03-21 10:54:08,100.0,96.0,6.619967372134039
2026-03-21 10:54:23,100.0,96.0,6.64362537005543
2026-03-21 10:54:38,100.0,96.0,6.667283367976821
2026-03-21 10:54:53,100.0,96.0,6.690941365898212
2026-03-21 10:55:08,87.5,96.0,6.714599363819603
2026-03-21 10:55:23,100.0,96.0,6.738257361740993
2026-03-21 10:55:38,100.0,96.0,6.7619153596623836
2026-03-21 10:55:53,87.5,96.0,6.7855733575837744
2026-03-21 10:56:08,87.5,96.0,6.809231355505165
2026-03-21 10:56:23,87.5,96.0,6.832889353426556
2026-03-21 10:56:38,87.5,96.0,6.856547351347947
2026-03-21 10:56:53,87.5,96.0,6.880205349269338
2026-03-21 10:57:08,100.0,96.0,6.903863347190729
2026-03-21 10:57:23,100.0,96.0,6.927521345112119
2026-03-21 10:57:38,100.0,96.0,6.95117934303351
2026-03-21 10:57:53,100.0,96.0,6.974837340954901
2026-03-21 10:58:08,100.0,96.0,6.998495338876292
2026-03-21 10:58:23,100.0,96.55172413793103,7.0221533367976825
2026-03-21 10:58:38,100.0,96.55172413793103,7.045811334719073
2026-03-21 10:58:53,100.0,96.55172413793103,7.069469332640464
2026-03-21 10:59:08,100.0,96.55172413793103,7.093127330561855
2026-03-21 10:59:23,100.0,100.0,7.116785328483245
2026-03-21 10:59:38,100.0,100.0,7.140443326404636
2026-03-21 10:59:53,100.0,96.55172413793103,7.164101324326027
2026-03-21 11:00:08,100.0,96.55172413793103,7.187759322247418
2026-03-21 11:00:23,100.0,96.55172413793103,7.211417320168809
2026-03-21 11:00:38,100.0,96.55172413793103,7.2350753180902
2026-03-21 11:00:53,100.0,96.55172413793103,7.2587333160115906
2026-03-21 11:01:08,100.0,96.55172413793103,7.282391313932981
2026-03-21 11:01:23,100.0,96.55172413793103,7.3060493118543715
2026-03-21 11:01:38,100.0,96.55172413793103,7.329707309775762
2026-03-21 11:01:53,100.0,96.55172413793103,7.353365307697153
2026-03-21 11:02:08,100.0,96.55172413793103,7.377023305618544
2026-03-21 11:02:23,100.0,96.55172413793103,7.400681303539935
2026-03-21 11:02:38,100.0,96.55172413793103,7.424339301461326
2026-03-21 11:02:53,100.0,96.55172413793103,7.447997299382717
2026-03-21 11:03:08,100.0,96.55172413793103,7.471655297304107
2026-03-21 11:03:23,100.0,96.55172413793103,7.495313295225498
2026-03-21 11:03:38,100.0,96.55172413793103,7.518971293146889
2026-03-21 11:03:53,100.0,96.55172413793103,7.5426292910682795
2026-03-21 11:04:08,100.0,96.55172413793103,7.56628728898967
2026-03-21 11:04:23,100.0,96.55172413793103,7.589945286911061
2026-03-21 11:04:38,100.0,96.55172413793103,7.613603284832452
2026-03-21 11:04:53,100.0,96.55172413793103,7.637261282753843
2026-03-21 11:05:08,100.0,96.55172413793103,7.660919280675233
2026-03-21 11:05:23,100.0,96.55172413793103,7.684577278596624
2026-03-21 11:05:38,100.0,96.55172413793103,7.708235276518015
2026-03-21 11:05:53,100.0,96.55172413793103,7.731893274439406
2026-03-21 11:06:08,100.0,96.55172413793103,7.755551272360797
2026-03-21 11:06:23,100.0,96.55172413793103,7.779209270282188
2026-03-21 11:06:38,100.0,96.55172413793103,7.8028672682035785
2026-03-21 11:06:53,100.0,96.55172413793103,7.8265252661249685
2026-03-21 11:07:08,100.0,100.0,7.850183264046359
2026-03-21 11:07:23,87.5,100.0,7.87384126196775
2026-03-21 11:07:38,100.0,100.0,7.897499259889141
2026-03-21 11:07:53,100.0,100.0,7.921157257810532
2026-03-21 11:08:08,100.0,100.0,7.944815255731923
2026-03-21 11:08:23,100.0,100.0,7.968473253653314
2026-03-21 11:08:38,100.0,100.0,7.992131251574705
2026-03-21 11:08:53,100.0,100.0,8.015789249496095
2026-03-21 11:09:08,100.0,100.0,8.039447247417485
2026-03-21 11:09:23,100.0,100.0,8.063105245338877
2026-03-21 11:09:38,100.0,100.0,8.086763243260267
2026-03-21 11:09:53,100.0,100.0,8.110421241181658
2026-03-21 11:10:08,100.0,100.0,8.134079239103048
2026-03-21 11:10:23,100.0,100.0,8.15773723702444
2026-03-21 11:10:38,100.0,100.0,8.18139523494583
2026-03-21 11:10:53,100.0,100.0,8.20505323286722
2026-03-21 11:11:08,100.0,100.0,8.228711230788612
2026-03-21 11:11:23,100.0,100.0,8.252369228710002
2026-03-21 11:11:38,100.0,100.0,8.276027226631394
2026-03-21 11:11:53,100.0,100.0,8.299685224552784
2026-03-21 11:12:08,100.0,100.0,8.323343222474175
2026-03-21 11:12:23,100.0,100.0,8.347001220395565
2026-03-21 11:12:38,100.0,100.0,8.370659218316955
2026-03-21 11:12:53,100.0,100.0,8.394317216238347
2026-03-21 11:13:08,100.0,100.0,8.417975214159737
2026-03-21 11:13:23,100.0,100.0,8.441633212081129
2026-03-21 11:13:38,100.0,100.0,8.465291210002519
2026-03-21 11:13:53,100.0,100.0,8.48894920792391
2026-03-21 11:14:08,100.0,100.0,8.5126072058453
2026-03-21 11:14:23,100.0,100.0,8.536265203766693
2026-03-21 11:14:38,100.0,100.0,8.559923201688083
2026-03-21 11:14:53,100.0,100.0,8.583581199609473
2026-03-21 11:15:08,100.0,100.0,8.607239197530864
2026-03-21 11:15:23,100.0,100.0,8.630897195452254
2026-03-21 11:15:38,100.0,100.0,8.654555193373646
2026-03-21 11:15:53,100.0,100.0,8.678213191295036
2026-03-21 11:16:08,100.0,100.0,8.701871189216428
2026-03-21 11:16:23,100.0,100.0,8.725529187137818
2026-03-21 11:16:38,100.0,100.0,8.749187185059208
2026-03-21 11:16:53,100.0,100.0,8.7728451829806
2026-03-21 11:17:08,100.0,100.0,8.79650318090199
2026-03-21 11:17:23,100.0,100.0,8.820161178823382
2026-03-21 11:17:38,100.0,100.0,8.843819176744772
2026-03-21 11:17:53,100.0,100.0,8.867477174666163
2026-03-21 11:18:08,100.0,100.0,8.891135172587553
2026-03-21 11:18:23,100.0,100.0,8.914793170508943
2026-03-21 11:18:38,100.0,100.0,8.938451168430335
2026-03-21 11:18:53,100.0,100.0,8.962109166351725
2026-03-21 11:19:08,100.0,100.0,8.985767164273117
2026-03-21 11:19:23,100.0,100.0,9.009425162194507
2026-03-21 11:19:38,100.0,100.0,9.033083160115899
2026-03-21 11:19:53,100.0,100.0,9.056741158037289
2026-03-21 11:20:08,100.0,100.0,9.08039915595868
2026-03-21 11:20:23,100.0,97.2972972972973,9.10405715388007
2026-03-21 11:20:38,100.0,97.2972972972973,9.12771515180146
2026-03-21 11:20:53,100.0,94.5945945945946,9.151373149722852
2026-03-21 11:21:08,100.0,91.8918918918919,9.175031147644242
2026-03-21 11:21:23,100.0,89.1891891891892,9.198689145565634
2026-03-21 11:21:38,100.0,86.48648648648648,9.222347143487024
2026-03-21 11:21:53,100.0,86.48648648648648,9.246005141408416
2026-03-21 11:22:08,100.0,86.48648648648648,9.269663139329806
2026-03-21 11:22:23,100.0,86.48648648648648,9.293321137251196
2026-03-21 11:22:38,100.0,86.48648648648648,9.316979135172588
2026-03-21 11:22:53,100.0,86.48648648648648,9.340637133093978
2026-03-21 11:23:08,100.0,86.48648648648648,9.36429513101537
2026-03-21 11:23:23,100.0,86.48648648648648,9.38795312893676
2026-03-21 11:23:38,100.0,86.48648648648648,9.411611126858151
2026-03-21 11:23:53,100.0,86.48648648648648,9.435269124779541
2026-03-21 11:24:08,100.0,86.48648648648648,9.458927122700931
2026-03-21 11:24:23,100.0,86.48648648648648,9.482585120622323
2026-03-21 11:24:38,100.0,86.48648648648648,9.506243118543713
2026-03-21 11:24:53,100.0,86.48648648648648,9.529901116465105
2026-03-21 11:25:08,100.0,86.48648648648648,9.553559114386495
2026-03-21 11:25:23,100.0,86.48648648648648,9.577217112307885
2026-03-21 11:25:38,100.0,86.48648648648648,9.600875110229277
2026-03-21 11:25:53,100.0,86.48648648648648,9.624533108150667
2026-03-21 11:26:08,87.5,86.48648648648648,9.648191106072058
2026-03-21 11:26:23,87.5,86.48648648648648,9.671849103993448
2026-03-21 11:26:38,87.5,86.48648648648648,9.69550710191484
2026-03-21 11:26:53,87.5,86.48648648648648,9.71916509983623
2026-03-21 11:27:08,87.5,86.48648648648648,9.74282309775762
2026-03-21 11:27:23,87.5,86.48648648648648,9.766481095679012
2026-03-21 11:27:38,87.5,86.48648648648648,9.790139093600402
2026-03-21 11:27:53,100.0,86.48648648648648,9.813797091521794
2026-03-21 11:28:08,100.0,86.48648648648648,9.837455089443184
2026-03-21 11:28:23,87.5,86.48648648648648,9.861113087364576
2026-03-21 11:28:38,100.0,86.48648648648648,9.884771085285966
2026-03-21 11:28:53,100.0,86.48648648648648,9.908429083207357
2026-03-21 11:29:08,100.0,86.48648648648648,9.932087081128747
2026-03-21 11:29:23,100.0,86.48648648648648,9.955745079050137
2026-03-21 11:29:38,100.0,89.1891891891892,9.97940307697153
2026-03-21 11:29:53,100.0,87.8048780487805,10.00306107489292
2026-03-21 11:30:08,100.0,90.2439024390244,10.026719072814311
2026-03-21 11:30:23,100.0,90.2439024390244,10.050377070735701
2026-03-21 11:30:38,100.0,92.6829268292683,10.074035068657093
2026-03-21 11:30:53,100.0,95.1219512195122,10.097693066578483
2026-03-21 11:31:08,100.0,97.5609756097561,10.121351064499873
2026-03-21 11:31:23,100.0,100.0,10.145009062421265
2026-03-21 11:31:38,100.0,100.0,10.168667060342655
2026-03-21 11:31:53,100.0,100.0,10.192325058264046
2026-03-21 11:32:08,100.0,100.0,10.215983056185436
2026-03-21 11:32:23,100.0,100.0,10.239641054106828
2026-03-21 11:32:38,100.0,100.0,10.263299052028218
2026-03-21 11:32:53,100.0,100.0,10.286957049949608
2026-03-21 11:33:08,100.0,100.0,10.310615047871
2026-03-21 11:33:23,100.0,100.0,10.33427304579239
2026-03-21 11:33:38,100.0,100.0,10.357931043713782
2026-03-21 11:33:53,100.0,100.0,10.381589041635172
2026-03-21 11:34:08,100.0,97.5609756097561,10.405247039556563
2026-03-21 11:34:23,100.0,95.1219512195122,10.428905037477953
2026-03-21 11:34:38,100.0,92.6829268292683,10.452563035399345
2026-03-21 11:34:53,100.0,90.2439024390244,10.476221033320735
2026-03-21 11:35:08,100.0,87.8048780487805,10.499879031242125
2026-03-21 11:35:23,100.0,85.36585365853658,10.523537029163517
2026-03-21 11:35:38,100.0,82.92682926829268,10.547195027084907
2026-03-21 11:35:53,100.0,80.48780487804879,10.570853025006299
2026-03-21 11:36:08,100.0,78.04878048780488,10.594511022927689
2026-03-21 11:36:23,100.0,75.60975609756098,10.61816902084908
2026-03-21 11:36:38,100.0,75.60975609756098,10.64182701877047
2026-03-21 11:36:53,100.0,73.17073170731707,10.66548501669186
2026-03-21 11:37:08,100.0,70.73170731707317,10.689143014613252
2026-03-21 11:37:23,100.0,68.29268292682927,10.712801012534642
2026-03-21 11:37:38,100.0,65.85365853658537,10.736459010456034
2026-03-21 11:37:53,100.0,63.41463414634146,10.760117008377424
2026-03-21 11:38:08,100.0,60.97560975609756,10.783775006298816
2026-03-21 11:38:23,100.0,58.536585365853654,10.807433004220206
2026-03-21 11:38:38,100.0,56.09756097560976,10.831091002141596
2026-03-21 11:38:53,100.0,53.65853658536586,10.854749000062988
2026-03-21 11:39:08,100.0,51.21951219512195,10.878406997984378
2026-03-21 11:39:23,100.0,48.78048780487805,10.90206499590577
2026-03-21 11:39:38,100.0,46.34146341463415,10.92572299382716
2026-03-21 11:39:53,100.0,43.90243902439025,10.949380991748551
2026-03-21 11:40:08,100.0,41.46341463414634,10.973038989669941
2026-03-21 11:40:23,87.5,39.02439024390244,10.996696987591333
2026-03-21 11:40:38,87.5,44.44444444444444,11.020354985512723
2026-03-21 11:40:53,87.5,44.44444444444444,11.044012983434113
2026-03-21 11:41:08,87.5,44.44444444444444,11.067670981355505
2026-03-21 11:41:23,87.5,44.44444444444444,11.091328979276895
2026-03-21 11:41:38,87.5,44.44444444444444,11.114986977198287
2026-03-21 11:41:53,87.5,44.44444444444444,11.138644975119677
2026-03-21 11:42:08,87.5,44.44444444444444,11.162302973041069
2026-03-21 11:42:23,87.5,44.44444444444444,11.185960970962459
2026-03-21 11:42:38,87.5,42.22222222222222,11.209618968883849
2026-03-21 11:42:53,87.5,42.22222222222222,11.23327696680524
2026-03-21 11:43:08,87.5,42.22222222222222,11.25693496472663
2026-03-21 11:43:23,87.5,42.22222222222222,11.280592962648022
2026-03-21 11:43:38,87.5,42.22222222222222,11.304250960569412
2026-03-21 11:43:53,87.5,42.22222222222222,11.327908958490804
2026-03-21 11:44:08,87.5,42.22222222222222,11.351566956412194
2026-03-21 11:44:23,87.5,40.0,11.375224954333584
2026-03-21 11:44:38,75.0,37.77777777777778,11.398882952254976
2026-03-21 11:44:53,75.0,37.77777777777778,11.422540950176366
2026-03-21 11:45:08,75.0,40.0,11.446198948097758
2026-03-21 11:45:23,75.0,42.22222222222222,11.469856946019148
2026-03-21 11:45:38,75.0,44.44444444444444,11.49351494394054
2026-03-21 11:45:53,75.0,46.666666666666664,11.51717294186193
2026-03-21 11:46:08,75.0,48.888888888888886,11.540830939783321
2026-03-21 11:46:23,75.0,48.888888888888886,11.564488937704711
2026-03-21 11:46:38,75.0,51.11111111111111,11.588146935626101
2026-03-21 11:46:53,75.0,53.333333333333336,11.611804933547493
2026-03-21 11:47:08,75.0,55.55555555555556,11.635462931468883
2026-03-21 11:47:23,75.0,55.55555555555556,11.659120929390275
2026-03-21 11:47:38,75.0,57.77777777777777,11.682778927311665
2026-03-21 11:47:53,75.0,60.0,11.706436925233056
2026-03-21 11:48:08,75.0,62.22222222222222,11.730094923154446
2026-03-21 11:48:23,75.0,64.44444444444444,11.753752921075836
2026-03-21 11:48:38,75.0,66.66666666666666,11.777410918997228
2026-03-21 11:48:53,75.0,68.88888888888889,11.801068916918618
2026-03-21 11:49:08,75.0,71.11111111111111,11.82472691484001
2026-03-21 11:49:23,75.0,73.33333333333333,11.8483849127614
2026-03-21 11:49:38,75.0,75.55555555555556,11.872042910682792
2026-03-21 11:49:53,75.0,77.77777777777779,11.895700908604182
2026-03-21 11:50:08,75.0,80.0,11.919358906525572
2026-03-21 11:50:23,75.0,82.22222222222221,11.943016904446964
2026-03-21 11:50:38,75.0,84.44444444444444,11.966674902368354
2026-03-21 11:50:53,75.0,86.66666666666667,11.990332900289745
2026-03-21 11:51:08,75.0,85.71428571428571,12.013990898211135
2026-03-21 11:51:23,87.5,87.75510204081633,12.037648896132527
2026-03-21 11:51:38,87.5,89.79591836734694,12.061306894053917
2026-03-21 11:51:53,87.5,89.79591836734694,12.084964891975309
2026-03-21 11:52:08,87.5,89.79591836734694,12.108622889896699
2026-03-21 11:52:23,87.5,89.79591836734694,12.132280887818089
2026-03-21 11:52:38,87.5,89.79591836734694,12.15593888573948
2026-03-21 11:52:53,87.5,89.79591836734694,12.17959688366087
2026-03-21 11:53:08,87.5,89.79591836734694,12.203254881582263
2026-03-21 11:53:23,87.5,89.79591836734694,12.226912879503653
2026-03-21 11:53:38,87.5,89.79591836734694,12.250570877425044
2026-03-21 11:53:53,87.5,89.79591836734694,12.274228875346434
2026-03-21 11:54:08,87.5,89.79591836734694,12.297886873267824
2026-03-21 11:54:23,87.5,91.83673469387756,12.321544871189216
2026-03-21 11:54:38,87.5,91.83673469387756,12.345202869110606
2026-03-21 11:54:53,87.5,91.83673469387756,12.368860867031998
2026-03-21 11:55:08,87.5,91.83673469387756,12.392518864953388
2026-03-21 11:55:23,87.5,91.83673469387756,12.41617686287478
2026-03-21 11:55:38,87.5,91.83673469387756,12.43983486079617
2026-03-21 11:55:53,87.5,91.83673469387756,12.46349285871756
2026-03-21 11:56:08,87.5,93.87755102040816,12.487150856638952
2026-03-21 11:56:23,87.5,95.91836734693877,12.510808854560342
2026-03-21 11:56:38,87.5,97.95918367346938,12.534466852481733
2026-03-21 11:56:53,87.5,97.95918367346938,12.558124850403123
2026-03-21 11:57:08,87.5,97.95918367346938,12.581782848324515
2026-03-21 11:57:23,87.5,97.95918367346938,12.605440846245905
2026-03-21 11:57:38,87.5,97.95918367346938,12.629098844167297
2026-03-21 11:57:53,87.5,97.95918367346938,12.652756842088687
2026-03-21 11:58:08,87.5,100.0,12.676414840010077
2026-03-21 11:58:23,87.5,100.0,12.700072837931469
2026-03-21 11:58:38,87.5,100.0,12.723730835852859
2026-03-21 11:58:53,87.5,100.0,12.74738883377425
2026-03-21 11:59:08,87.5,100.0,12.77104683169564
2026-03-21 11:59:23,87.5,100.0,12.794704829617032
2026-03-21 11:59:38,87.5,100.0,12.818362827538422
2026-03-21 11:59:53,87.5,100.0,12.842020825459812
2026-03-21 12:00:08,87.5,100.0,12.855197981264915
2026-03-21 12:00:23,87.5,100.0,12.859204400218264
2026-03-21 12:00:38,87.5,100.0,12.863210819171615
2026-03-21 12:00:53,87.5,100.0,12.867217238124963
2026-03-21 12:01:08,87.5,100.0,12.871223657078312
2026-03-21 12:01:23,87.5,100.0,12.875230076031661
2026-03-21 12:01:38,87.5,100.0,12.87923649498501
2026-03-21 12:01:53,87.5,100.0,12.883242913938359
2026-03-21 12:02:08,87.5,100.0,12.887249332891708
2026-03-21 12:02:23,87.5,100.0,12.891255751845058
2026-03-21 12:02:38,87.5,100.0,12.895262170798407
2026-03-21 12:02:53,87.5,100.0,12.899268589751756
2026-03-21 12:03:08,87.5,100.0,12.903275008705105
2026-03-21 12:03:23,87.5,100.0,12.907281427658454
2026-03-21 12:03:38,87.5,100.0,12.911287846611803
2026-03-21 12:03:53,87.5,100.0,12.915294265565153
2026-03-21 12:04:08,87.5,100.0,12.919300684518502
2026-03-21 12:04:23,87.5,100.0,12.923307103471851
2026-03-21 12:04:38,87.5,100.0,12.9273135224252
2026-03-21 12:04:53,87.5,100.0,12.931319941378549
2026-03-21 12:05:08,100.0,100.0,12.935326360331898
2026-03-21 12:05:23,100.0,100.0,12.939332779285246
2026-03-21 12:05:38,100.0,100.0,12.943339198238597
2026-03-21 12:05:53,100.0,100.0,12.947345617191946
2026-03-21 12:06:08,100.0,100.0,12.951352036145295
2026-03-21 12:06:23,100.0,100.0,12.955358455098644
2026-03-21 12:06:38,100.0,100.0,12.959364874051992
2026-03-21 12:06:53,100.0,100.0,12.963371293005341
2026-03-21 12:07:08,100.0,100.0,12.967377711958692
2026-03-21 12:07:23,100.0,100.0,12.97138413091204
2026-03-21 12:07:38,100.0,100.0,12.97539054986539
2026-03-21 12:07:53,100.0,100.0,12.979396968818739
2026-03-21 12:08:08,100.0,100.0,12.983403387772087
2026-03-21 12:08:23,100.0,100.0,12.987409806725436
2026-03-21 12:08:38,100.0,100.0,12.991416225678785
2026-03-21 12:08:53,100.0,100.0,12.995422644632136
2026-03-21 12:09:08,100.0,100.0,12.999429063585485
2026-03-21 12:09:23,100.0,100.0,13.003435482538833
2026-03-21 12:09:38,100.0,100.0,13.007441901492182
2026-03-21 12:09:53,100.0,100.0,13.011448320445531
2026-03-21 12:10:08,100.0,100.0,13.01545473939888
2026-03-21 12:10:23,100.0,100.0,13.01946115835223
2026-03-21 12:10:38,100.0,100.0,13.02346757730558
2026-03-21 12:10:53,100.0,100.0,13.027473996258928
2026-03-21 12:11:08,100.0,100.0,13.031480415212277
2026-03-21 12:11:23,100.0,100.0,13.035486834165626
2026-03-21 12:11:38,100.0,100.0,13.039493253118975
2026-03-21 12:11:53,100.0,100.0,13.043499672072324
2026-03-21 12:12:08,100.0,100.0,13.047506091025674
2026-03-21 12:12:23,100.0,100.0,13.051512509979023
2026-03-21 12:12:38,100.0,100.0,13.055518928932372
2026-03-21 12:12:53,100.0,100.0,13.059525347885721
2026-03-21 12:13:08,100.0,100.0,13.06353176683907
2026-03-21 12:13:23,100.0,100.0,13.067538185792419
2026-03-21 12:13:38,100.0,100.0,13.07154460474577
2026-03-21 12:13:53,100.0,100.0,13.075551023699118
2026-03-21 12:14:08,100.0,100.0,13.079557442652467
2026-03-21 12:14:23,100.0,100.0,13.083563861605816
2026-03-21 12:14:38,100.0,100.0,13.087570280559165
2026-03-21 12:14:53,100.0,100.0,13.091576699512514
2026-03-21 12:15:08,100.0,100.0,13.095583118465862
2026-03-21 12:15:23,100.0,100.0,13.099589537419213
2026-03-21 12:15:38,100.0,100.0,13.103595956372562
2026-03-21 12:15:53,100.0,100.0,13.10760237532591
2026-03-21 12:16:08,100.0,100.0,13.11160879427926
2026-03-21 12:16:23,100.0,100.0,13.115615213232608
2026-03-21 12:16:38,100.0,100.0,13.119621632185957
2026-03-21 12:16:53,100.0,100.0,13.123628051139308
2026-03-21 12:17:08,100.0,100.0,13.127634470092657
2026-03-21 12:17:23,100.0,100.0,13.131640889046006
2026-03-21 12:17:38,100.0,100.0,13.135647307999355
2026-03-21 12:17:53,100.0,100.0,13.139653726952703
2026-03-21 12:18:08,100.0,100.0,13.143660145906052
2026-03-21 12:18:23,100.0,100.0,13.147666564859401
2026-03-21 12:18:38,100.0,100.0,13.151672983812752
2026-03-21 12:18:53,100.0,100.0,13.1556794027661
2026-03-21 12:19:08,100.0,100.0,13.15968582171945
2026-03-21 12:19:23,100.0,100.0,13.163692240672798
2026-03-21 12:19:38,100.0,100.0,13.167698659626147
2026-03-21 12:19:53,100.0,100.0,13.171705078579496
2026-03-21 12:20:08,100.0,100.0,13.175711497532847
2026-03-21 12:20:23,100.0,100.0,13.179717916486196
2026-03-21 12:20:38,100.0,100.0,13.183724335439544
2026-03-21 12:20:53,100.0,100.0,13.187730754392893
2026-03-21 12:21:08,100.0,100.0,13.191737173346242
2026-03-21 12:21:23,100.0,100.0,13.195743592299591
2026-03-21 12:21:38,100.0,100.0,13.19975001125294
2026-03-21 12:21:53,100.0,100.0,13.20375643020629
2026-03-21 12:22:08,100.0,100.0,13.20776284915964
2026-03-21 12:22:23,100.0,100.0,13.211769268112988
2026-03-21 12:22:38,100.0,100.0,13.215775687066337
2026-03-21 12:22:53,100.0,100.0,13.219782106019686
2026-03-21 12:23:08,100.0,100.0,13.223788524973035
2026-03-21 12:23:23,100.0,100.0,13.227794943926385
2026-03-21 12:23:38,100.0,100.0,13.231801362879734
2026-03-21 12:23:53,100.0,100.0,13.235807781833083
2026-03-21 12:24:08,100.0,100.0,13.239814200786432
2026-03-21 12:24:23,100.0,100.0,13.24382061973978
2026-03-21 12:24:38,100.0,100.0,13.24782703869313
2026-03-21 12:24:53,100.0,100.0,13.251833457646478
2026-03-21 12:25:08,100.0,100.0,13.255839876599829
2026-03-21 12:25:23,100.0,100.0,13.259846295553178
2026-03-21 12:25:38,100.0,100.0,13.263852714506527
2026-03-21 12:25:53,100.0,100.0,13.267859133459876
2026-03-21 12:26:08,100.0,100.0,13.271865552413225
2026-03-21 12:26:23,100.0,100.0,13.275871971366573
2026-03-21 12:26:38,100.0,100.0,13.279878390319924
2026-03-21 12:26:53,100.0,100.0,13.283884809273273
2026-03-21 12:27:08,100.0,100.0,13.287891228226622
2026-03-21 12:27:23,100.0,100.0,13.29189764717997
2026-03-21 12:27:38,100.0,100.0,13.29590406613332
2026-03-21 12:27:53,100.0,100.0,13.299910485086668
2026-03-21 12:28:08,100.0,100.0,13.303916904040017
2026-03-21 12:28:23,100.0,100.0,13.307923322993368
2026-03-21 12:28:38,100.0,100.0,13.311929741946717
2026-03-21 12:28:53,100.0,100.0,13.315936160900065
2026-03-21 12:29:08,100.0,100.0,13.319942579853414
2026-03-21 12:29:23,100.0,100.0,13.323948998806763
2026-03-21 12:29:38,100.0,100.0,13.327955417760112
2026-03-21 12:29:53,100.0,100.0,13.331961836713463
2026-03-21 12:30:08,100.0,100.0,13.335968255666812
2026-03-21 12:30:23,100.0,100.0,13.33997467462016
2026-03-21 12:30:38,100.0,100.0,13.34398109357351
2026-03-21 12:30:53,100.0,100.0,13.347987512526858
2026-03-21 12:31:08,100.0,100.0,13.351993931480207
2026-03-21 12:31:23,100.0,100.0,13.356000350433556
2026-03-21 12:31:38,100.0,100.0,13.360006769386906
2026-03-21 12:31:53,100.0,100.0,13.364013188340255
2026-03-21 12:32:08,100.0,100.0,13.368019607293604
2026-03-21 12:32:23,100.0,100.0,13.372026026246953
2026-03-21 12:32:38,100.0,100.0,13.376032445200302
2026-03-21 12:32:53,100.0,100.0,13.38003886415365
2026-03-21 12:33:08,100.0,100.0,13.384045283107001
2026-03-21 12:33:23,100.0,100.0,13.38805170206035
2026-03-21 12:33:38,100.0,100.0,13.392058121013699
2026-03-21 12:33:53,100.0,100.0,13.396064539967048
2026-03-21 12:34:08,100.0,100.0,13.400070958920397
2026-03-21 12:34:23,100.0,100.0,13.404077377873746
2026-03-21 12:34:38,100.0,100.0,13.408083796827095
2026-03-21 12:34:53,100.0,100.0,13.412090215780445
2026-03-21 12:35:08,100.0,100.0,13.416096634733794
2026-03-21 12:35:23,100.0,100.0,13.420103053687143
2026-03-21 12:35:38,100.0,100.0,13.424109472640492
2026-03-21 12:35:53,100.0,100.0,13.42811589159384
2026-03-21 12:36:08,100.0,100.0,13.43212231054719
2026-03-21 12:36:23,100.0,100.0,13.43612872950054
2026-03-21 12:36:38,87.5,100.0,13.440135148453889
2026-03-21 12:36:53,87.5,100.0,13.444141567407238
2026-03-21 12:37:08,87.5,100.0,13.448147986360587
2026-03-21 12:37:23,87.5,100.0,13.452154405313935
2026-03-21 12:37:38,87.5,100.0,13.456160824267284
2026-03-21 12:37:53,100.0,100.0,13.460167243220635
2026-03-21 12:38:08,100.0,100.0,13.464173662173984
2026-03-21 12:38:23,100.0,100.0,13.468180081127333
2026-03-21 12:38:38,100.0,100.0,13.472186500080682
2026-03-21 12:38:53,87.5,100.0,13.47619291903403
2026-03-21 12:39:08,87.5,100.0,13.48019933798738
2026-03-21 12:39:23,87.5,100.0,13.484205756940728
2026-03-21 12:39:38,100.0,100.0,13.488212175894079
2026-03-21 12:39:53,100.0,100.0,13.492218594847428
2026-03-21 12:40:08,100.0,100.0,13.496225013800776
2026-03-21 12:40:23,100.0,100.0,13.500231432754125
2026-03-21 12:40:38,100.0,100.0,13.504237851707474
2026-03-21 12:40:53,100.0,100.0,13.508244270660823
2026-03-21 12:41:08,100.0,100.0,13.512250689614174
2026-03-21 12:41:23,100.0,100.0,13.516257108567522
2026-03-21 12:41:38,100.0,100.0,13.520263527520871
2026-03-21 12:41:53,100.0,100.0,13.52426994647422
2026-03-21 12:42:08,100.0,100.0,13.528276365427569
2026-03-21 12:42:23,100.0,100.0,13.532282784380918
2026-03-21 12:42:38,100.0,100.0,13.536289203334267
2026-03-21 12:42:53,100.0,100.0,13.540295622287617
2026-03-21 12:43:08,100.0,100.0,13.544302041240966
2026-03-21 12:43:23,100.0,100.0,13.548308460194315
2026-03-21 12:43:38,100.0,100.0,13.552314879147664
2026-03-21 12:43:53,100.0,100.0,13.556321298101013
2026-03-21 12:44:08,100.0,100.0,13.560327717054362
2026-03-21 12:44:23,100.0,100.0,13.564334136007712
2026-03-21 12:44:38,100.0,100.0,13.568340554961061
2026-03-21 12:44:53,100.0,100.0,13.57234697391441
2026-03-21 12:45:08,100.0,100.0,13.576353392867759
2026-03-21 12:45:23,100.0,100.0,13.580359811821108
2026-03-21 12:45:38,100.0,100.0,13.584366230774457
2026-03-21 12:45:53,100.0,100.0,13.588372649727805
2026-03-21 12:46:08,100.0,100.0,13.592379068681156
2026-03-21 12:46:23,100.0,100.0,13.596385487634505
2026-03-21 12:46:38,100.0,100.0,13.600391906587854
2026-03-21 12:46:53,100.0,100.0,13.604398325541203
2026-03-21 12:47:08,100.0,100.0,13.608404744494552
2026-03-21 12:47:23,100.0,100.0,13.6124111634479
2026-03-21 12:47:38,100.0,100.0,13.616417582401251
2026-03-21 12:47:53,100.0,100.0,13.6204240013546
2026-03-21 12:48:08,100.0,100.0,13.624430420307949
2026-03-21 12:48:23,100.0,100.0,13.628436839261298
2026-03-21 12:48:38,100.0,100.0,13.632443258214646
2026-03-21 12:48:53,100.0,100.0,13.636449677167995
2026-03-21 12:49:08,87.5,100.0,13.640456096121344
2026-03-21 12:49:23,87.5,100.0,13.644462515074695
2026-03-21 12:49:38,87.5,100.0,13.648468934028044
2026-03-21 12:49:53,87.5,100.0,13.652475352981392
2026-03-21 12:50:08,87.5,100.0,13.656481771934741
2026-03-21 12:50:23,87.5,100.0,13.66048819088809
2026-03-21 12:50:38,100.0,100.0,13.664494609841439
2026-03-21 12:50:53,100.0,100.0,13.66850102879479
2026-03-21 12:51:08,100.0,100.0,13.672507447748139
2026-03-21 12:51:23,100.0,100.0,13.676513866701487
2026-03-21 12:51:38,87.5,100.0,13.680520285654836
2026-03-21 12:51:53,87.5,100.0,13.684526704608185
2026-03-21 12:52:08,100.0,100.0,13.688533123561534
2026-03-21 12:52:23,100.0,100.0,13.692539542514883
2026-03-21 12:52:38,100.0,100.0,13.696545961468233
2026-03-21 12:52:53,100.0,100.0,13.700552380421582
2026-03-21 12:53:08,100.0,100.0,13.704558799374931
2026-03-21 12:53:23,87.5,100.0,13.70856521832828
2026-03-21 12:53:38,87.5,100.0,13.712571637281629
2026-03-21 12:53:53,87.5,100.0,13.716578056234978
2026-03-21 12:54:08,87.5,100.0,13.720584475188328
2026-03-21 12:54:23,87.5,100.0,13.724590894141677
2026-03-21 12:54:38,87.5,100.0,13.728597313095026
2026-03-21 12:54:53,87.5,100.0,13.732603732048375
2026-03-21 12:55:08,87.5,100.0,13.736610151001724
2026-03-21 12:55:23,87.5,100.0,13.740616569955073
2026-03-21 12:55:38,100.0,100.0,13.744622988908421
2026-03-21 12:55:53,100.0,100.0,13.748629407861772
2026-03-21 12:56:08,100.0,100.0,13.752635826815121
2026-03-21 12:56:23,100.0,100.0,13.75664224576847
2026-03-21 12:56:38,100.0,100.0,13.760648664721819
2026-03-21 12:56:53,100.0,100.0,13.764655083675168
2026-03-21 12:57:08,100.0,100.0,13.768661502628516
2026-03-21 12:57:23,100.0,100.0,13.772667921581867
2026-03-21 12:57:38,100.0,100.0,13.776674340535216
2026-03-21 12:57:53,100.0,100.0,13.780680759488565
2026-03-21 12:58:08,100.0,100.0,13.784687178441914
2026-03-21 12:58:23,100.0,100.0,13.788693597395262
2026-03-21 12:58:38,100.0,100.0,13.792700016348611
2026-03-21 12:58:53,100.0,100.0,13.79670643530196
2026-03-21 12:59:08,87.5,100.0,13.80071285425531
2026-03-21 12:59:23,87.5,100.0,13.80471927320866
2026-03-21 12:59:38,87.5,100.0,13.808725692162009
2026-03-21 12:59:53,87.5,100.0,13.812732111115357
2026-03-21 13:00:08,87.5,100.0,13.816738530068706
2026-03-21 13:00:23,87.5,100.0,13.820744949022055
2026-03-21 13:00:38,87.5,100.0,13.824751367975406
2026-03-21 13:00:53,100.0,100.0,13.828757786928755
2026-03-21 13:01:08,100.0,100.0,13.832764205882103
2026-03-21 13:01:23,100.0,100.0,13.836770624835452
2026-03-21 13:01:38,100.0,100.0,13.840777043788801
2026-03-21 13:01:53,100.0,100.0,13.84478346274215
2026-03-21 13:02:08,100.0,100.0,13.848789881695499
2026-03-21 13:02:23,100.0,100.0,13.85279630064885
2026-03-21 13:02:38,100.0,100.0,13.856802719602198
2026-03-21 13:02:53,100.0,100.0,13.860809138555547
2026-03-21 13:03:08,100.0,100.0,13.864815557508896
2026-03-21 13:03:23,100.0,100.0,13.868821976462245
2026-03-21 13:03:38,100.0,100.0,13.872828395415594
2026-03-21 13:03:53,100.0,100.0,13.876834814368944
2026-03-21 13:04:08,100.0,100.0,13.880841233322293
2026-03-21 13:04:23,100.0,100.0,13.884847652275642
2026-03-21 13:04:38,100.0,100.0,13.888854071228991
2026-03-21 13:04:53,100.0,100.0,13.89286049018234
2026-03-21 13:05:08,100.0,100.0,13.896866909135689
2026-03-21 13:05:23,100.0,100.0,13.900873328089038
2026-03-21 13:05:38,100.0,100.0,13.904879747042388
2026-03-21 13:05:53,100.0,100.0,13.908886165995737
2026-03-21 13:06:08,100.0,100.0,13.912892584949086
2026-03-21 13:06:23,100.0,100.0,13.916899003902435
2026-03-21 13:06:38,100.0,100.0,13.920905422855784
2026-03-21 13:06:53,100.0,100.0,13.924911841809132
2026-03-21 13:07:08,100.0,100.0,13.928918260762483
2026-03-21 13:07:23,100.0,100.0,13.932924679715832
2026-03-21 13:07:38,100.0,100.0,13.93693109866918
2026-03-21 13:07:53,100.0,100.0,13.94093751762253
2026-03-21 13:08:08,100.0,100.0,13.944943936575878
2026-03-21 13:08:23,100.0,100.0,13.948950355529227
2026-03-21 13:08:38,100.0,100.0,13.952956774482576
2026-03-21 13:08:53,100.0,100.0,13.956963193435927
2026-03-21 13:09:08,100.0,100.0,13.960969612389276
2026-03-21 13:09:23,100.0,100.0,13.964976031342625
2026-03-21 13:09:38,100.0,100.0,13.968982450295973
2026-03-21 13:09:53,87.5,100.0,13.972988869249322
2026-03-21 13:10:08,87.5,100.0,13.976995288202671
2026-03-21 13:10:23,87.5,100.0,13.981001707156022
2026-03-21 13:10:38,87.5,100.0,13.98500812610937
2026-03-21 13:10:53,87.5,100.0,13.98901454506272
2026-03-21 13:11:08,87.5,100.0,13.993020964016068
2026-03-21 13:11:23,87.5,100.0,13.997027382969417
2026-03-21 13:11:38,100.0,100.0,14.001033801922766
2026-03-21 13:11:53,100.0,100.0,14.005040220876115
2026-03-21 13:12:08,100.0,100.0,14.009046639829466
2026-03-21 13:12:23,100.0,100.0,14.013053058782814
2026-03-21 13:12:38,100.0,100.0,14.017059477736163
2026-03-21 13:12:53,100.0,100.0,14.021065896689512
2026-03-21 13:13:08,100.0,100.0,14.025072315642861
2026-03-21 13:13:23,100.0,100.0,14.02907873459621
2026-03-21 13:13:38,100.0,100.0,14.03308515354956
2026-03-21 13:13:53,100.0,100.0,14.03709157250291
2026-03-21 13:14:08,100.0,100.0,14.041097991456258
2026-03-21 13:14:23,100.0,100.0,14.045104410409607
2026-03-21 13:14:38,100.0,100.0,14.049110829362956
2026-03-21 13:14:53,100.0,100.0,14.053117248316305
2026-03-21 13:15:08,100.0,100.0,14.057123667269654
2026-03-21 13:15:23,100.0,100.0,14.061130086223004
2026-03-21 13:15:38,100.0,100.0,14.065136505176353
2026-03-21 13:15:53,100.0,100.0,14.069142924129702
2026-03-21 13:16:08,100.0,100.0,14.07314934308305
2026-03-21 13:16:23,100.0,100.0,14.0771557620364
2026-03-21 13:16:38,100.0,100.0,14.081162180989748
2026-03-21 13:16:53,100.0,100.0,14.085168599943099
2026-03-21 13:17:08,100.0,100.0,14.089175018896448
2026-03-21 13:17:23,100.0,100.0,14.093181437849797
2026-03-21 13:17:38,100.0,100.0,14.097187856803146
2026-03-21 13:17:53,100.0,100.0,14.101194275756495
2026-03-21 13:18:08,100.0,100.0,14.105200694709843
2026-03-21 13:18:23,100.0,100.0,14.109207113663192
2026-03-21 13:18:38,100.0,100.0,14.113213532616543
2026-03-21 13:18:53,100.0,100.0,14.117219951569892
2026-03-21 13:19:08,100.0,100.0,14.12122637052324
2026-03-21 13:19:23,100.0,100.0,14.12523278947659
2026-03-21 13:19:38,100.0,100.0,14.129239208429938
2026-03-21 13:19:53,100.0,100.0,14.133245627383287
2026-03-21 13:20:08,100.0,100.0,14.137252046336638
2026-03-21 13:20:23,100.0,100.0,14.141258465289987
2026-03-21 13:20:38,100.0,100.0,14.145264884243336
2026-03-21 13:20:53,100.0,100.0,14.149271303196684
2026-03-21 13:21:08,100.0,100.0,14.153277722150033
2026-03-21 13:21:23,100.0,100.0,14.157284141103382
2026-03-21 13:21:38,100.0,100.0,14.161290560056731
2026-03-21 13:21:53,100.0,100.0,14.165296979010082
2026-03-21 13:22:08,100.0,100.0,14.16930339796343
2026-03-21 13:22:23,100.0,100.0,14.17330981691678
2026-03-21 13:22:38,100.0,100.0,14.177316235870128
2026-03-21 13:22:53,100.0,100.0,14.181322654823477
2026-03-21 13:23:08,100.0,100.0,14.185329073776826
2026-03-21 13:23:23,100.0,100.0,14.189335492730176
2026-03-21 13:23:38,100.0,100.0,14.193341911683525
2026-03-21 13:23:53,100.0,100.0,14.197348330636874
2026-03-21 13:24:08,100.0,100.0,14.201354749590223
2026-03-21 13:24:23,100.0,100.0,14.205361168543572
2026-03-21 13:24:38,100.0,100.0,14.20936758749692
2026-03-21 13:24:53,100.0,100.0,14.21337400645027
2026-03-21 13:25:08,100.0,100.0,14.21738042540362
2026-03-21 13:25:23,100.0,100.0,14.221386844356969
2026-03-21 13:25:38,100.0,100.0,14.225393263310318
2026-03-21 13:25:53,100.0,100.0,14.229399682263667
2026-03-21 13:26:08,100.0,100.0,14.233406101217016
2026-03-21 13:26:23,100.0,100.0,14.237412520170365
2026-03-21 13:26:38,100.0,100.0,14.241418939123715
2026-03-21 13:26:53,100.0,100.0,14.245425358077064
2026-03-21 13:27:08,100.0,100.0,14.249431777030413
2026-03-21 13:27:23,100.0,100.0,14.253438195983762
2026-03-21 13:27:38,100.0,100.0,14.25744461493711
2026-03-21 13:27:53,100.0,100.0,14.26145103389046
2026-03-21 13:28:08,100.0,98.24561403508771,14.265457452843808
2026-03-21 13:28:23,100.0,96.49122807017544,14.269463871797159
2026-03-21 13:28:38,100.0,94.73684210526315,14.273470290750508
2026-03-21 13:28:53,100.0,92.98245614035088,14.277476709703857
2026-03-21 13:29:08,100.0,91.22807017543859,14.281483128657205
2026-03-21 13:29:23,100.0,89.47368421052632,14.285489547610554
2026-03-21 13:29:38,100.0,87.71929824561403,14.289495966563903
2026-03-21 13:29:53,100.0,85.96491228070175,14.293502385517254
2026-03-21 13:30:08,87.5,85.96491228070175,14.297508804470603
2026-03-21 13:30:23,100.0,85.96491228070175,14.301515223423952
2026-03-21 13:30:38,87.5,85.96491228070175,14.3055216423773
2026-03-21 13:30:53,87.5,85.96491228070175,14.30952806133065
2026-03-21 13:31:08,87.5,85.96491228070175,14.313534480283998
2026-03-21 13:31:23,87.5,85.96491228070175,14.317540899237347
2026-03-21 13:31:38,87.5,85.96491228070175,14.321547318190698
2026-03-21 13:31:53,87.5,85.96491228070175,14.325553737144046
2026-03-21 13:32:08,87.5,85.96491228070175,14.329560156097395
2026-03-21 13:32:23,87.5,85.96491228070175,14.333566575050744
2026-03-21 13:32:38,87.5,85.96491228070175,14.337572994004093
2026-03-21 13:32:53,87.5,85.96491228070175,14.341579412957442
2026-03-21 13:33:08,87.5,85.96491228070175,14.345585831910793
2026-03-21 13:33:23,87.5,85.96491228070175,14.349592250864141
2026-03-21 13:33:38,87.5,85.96491228070175,14.35359866981749
2026-03-21 13:33:53,87.5,85.96491228070175,14.357605088770839
2026-03-21 13:34:08,87.5,85.96491228070175,14.361611507724188
2026-03-21 13:34:23,87.5,85.96491228070175,14.365617926677537
2026-03-21 13:34:38,87.5,85.96491228070175,14.369624345630886
2026-03-21 13:34:53,87.5,85.96491228070175,14.373630764584236
2026-03-21 13:35:08,87.5,85.96491228070175,14.377637183537585
2026-03-21 13:35:23,87.5,85.96491228070175,14.381643602490934
2026-03-21 13:35:38,87.5,85.96491228070175,14.385650021444283
2026-03-21 13:35:53,87.5,85.96491228070175,14.389656440397632
2026-03-21 13:36:08,87.5,85.96491228070175,14.39366285935098
2026-03-21 13:36:23,87.5,85.96491228070175,14.397669278304331
2026-03-21 13:36:38,87.5,85.96491228070175,14.40167569725768
2026-03-21 13:36:53,87.5,85.96491228070175,14.405682116211029
2026-03-21 13:37:08,100.0,85.96491228070175,14.409688535164378
2026-03-21 13:37:23,100.0,85.96491228070175,14.413694954117727
2026-03-21 13:37:38,100.0,85.96491228070175,14.417701373071075
2026-03-21 13:37:53,100.0,85.96491228070175,14.421707792024424
2026-03-21 13:38:08,87.5,85.96491228070175,14.425714210977775
2026-03-21 13:38:23,87.5,85.96491228070175,14.429720629931124
2026-03-21 13:38:38,100.0,84.21052631578947,14.433727048884473
2026-03-21 13:38:53,100.0,82.45614035087719,14.437733467837822
2026-03-21 13:39:08,100.0,82.45614035087719,14.44173988679117
2026-03-21 13:39:23,100.0,82.45614035087719,14.44574630574452
2026-03-21 13:39:38,100.0,82.45614035087719,14.44975272469787
2026-03-21 13:39:53,100.0,82.45614035087719,14.453759143651219
2026-03-21 13:40:08,100.0,82.45614035087719,14.457765562604568
2026-03-21 13:40:23,100.0,82.45614035087719,14.461771981557916
2026-03-21 13:40:38,100.0,82.45614035087719,14.465778400511265
2026-03-21 13:40:53,100.0,82.45614035087719,14.469784819464614
2026-03-21 13:41:08,100.0,82.45614035087719,14.473791238417963
2026-03-21 13:41:23,100.0,82.45614035087719,14.477797657371314
2026-03-21 13:41:38,100.0,82.45614035087719,14.481804076324662
2026-03-21 13:41:53,100.0,82.45614035087719,14.485810495278011
2026-03-21 13:42:08,100.0,80.7017543859649,14.48981691423136
2026-03-21 13:42:23,100.0,82.45614035087719,14.493823333184709
2026-03-21 13:42:38,100.0,84.21052631578947,14.497829752138058
2026-03-21 13:42:53,100.0,85.96491228070175,14.501836171091409
2026-03-21 13:43:08,100.0,85.96491228070175,14.505842590044757
2026-03-21 13:43:23,100.0,85.96491228070175,14.509849008998106
2026-03-21 13:43:38,100.0,85.96491228070175,14.513855427951455
2026-03-21 13:43:53,100.0,85.96491228070175,14.517861846904804
2026-03-21 13:44:08,100.0,85.96491228070175,14.521868265858153
2026-03-21 13:44:23,100.0,84.21052631578947,14.525874684811502
2026-03-21 13:44:38,100.0,82.45614035087719,14.529881103764852
2026-03-21 13:44:53,100.0,80.7017543859649,14.533887522718201
2026-03-21 13:45:08,100.0,78.94736842105263,14.53789394167155
2026-03-21 13:45:23,100.0,77.19298245614034,14.541900360624899
2026-03-21 13:45:38,87.5,75.43859649122807,14.545906779578248
2026-03-21 13:45:53,87.5,73.68421052631578,14.549913198531597
2026-03-21 13:46:08,87.5,71.9298245614035,14.553919617484947
2026-03-21 13:46:23,87.5,70.17543859649122,14.557926036438296
2026-03-21 13:46:38,100.0,68.42105263157895,14.561932455391645
2026-03-21 13:46:53,100.0,66.66666666666666,14.565938874344994
2026-03-21 13:47:08,100.0,64.91228070175438,14.569945293298343
2026-03-21 13:47:23,100.0,63.1578947368421,14.573951712251692
2026-03-21 13:47:38,100.0,61.40350877192983,14.57795813120504
2026-03-21 13:47:53,100.0,59.64912280701754,14.581964550158391
2026-03-21 13:48:08,100.0,59.64912280701754,14.58597096911174
2026-03-21 13:48:23,100.0,59.64912280701754,14.589977388065089
2026-03-21 13:48:38,100.0,59.64912280701754,14.593983807018438
2026-03-21 13:48:53,100.0,59.64912280701754,14.597990225971786
2026-03-21 13:49:08,100.0,59.64912280701754,14.601996644925135
2026-03-21 13:49:23,100.0,59.64912280701754,14.606003063878486
2026-03-21 13:49:38,100.0,59.64912280701754,14.610009482831835
2026-03-21 13:49:53,100.0,59.64912280701754,14.614015901785184
2026-03-21 13:50:08,100.0,59.64912280701754,14.618022320738532
2026-03-21 13:50:23,100.0,59.64912280701754,14.622028739691881
2026-03-21 13:50:38,100.0,59.64912280701754,14.62603515864523
2026-03-21 13:50:53,87.5,59.64912280701754,14.630041577598579
2026-03-21 13:51:08,87.5,57.89473684210527,14.63404799655193
2026-03-21 13:51:23,87.5,56.14035087719298,14.638054415505279
2026-03-21 13:51:38,87.5,56.14035087719298,14.642060834458627
2026-03-21 13:51:53,87.5,56.14035087719298,14.646067253411976
2026-03-21 13:52:08,87.5,56.14035087719298,14.650073672365325
2026-03-21 13:52:23,87.5,54.385964912280706,14.654080091318674
2026-03-21 13:52:38,87.5,52.63157894736842,14.658086510272025
2026-03-21 13:52:53,75.0,54.385964912280706,14.662092929225373
2026-03-21 13:53:08,75.0,56.14035087719298,14.666099348178722
2026-03-21 13:53:23,75.0,56.14035087719298,14.670105767132071
2026-03-21 13:53:38,75.0,56.14035087719298,14.67411218608542
2026-03-21 13:53:53,75.0,56.14035087719298,14.678118605038769
2026-03-21 13:54:08,75.0,56.14035087719298,14.682125023992118
2026-03-21 13:54:23,75.0,54.385964912280706,14.686131442945468
2026-03-21 13:54:38,75.0,54.385964912280706,14.690137861898817
2026-03-21 13:54:53,75.0,54.385964912280706,14.694144280852166
2026-03-21 13:55:08,75.0,54.385964912280706,14.698150699805515
2026-03-21 13:55:23,75.0,54.385964912280706,14.702157118758864
2026-03-21 13:55:38,75.0,54.385964912280706,14.706163537712213
2026-03-21 13:55:53,75.0,54.385964912280706,14.710169956665563
2026-03-21 13:56:08,75.0,54.385964912280706,14.714176375618912
2026-03-21 13:56:23,75.0,56.14035087719298,14.718182794572261
2026-03-21 13:56:38,75.0,56.14035087719298,14.72218921352561
2026-03-21 13:56:53,75.0,56.14035087719298,14.726195632478959
2026-03-21 13:57:08,75.0,54.385964912280706,14.730202051432308
2026-03-21 13:57:23,75.0,54.385964912280706,14.734208470385656
2026-03-21 13:57:38,75.0,54.385964912280706,14.738214889339007
2026-03-21 13:57:53,75.0,54.385964912280706,14.742221308292356
2026-03-21 13:58:08,75.0,54.385964912280706,14.746227727245705
2026-03-21 13:58:23,75.0,56.14035087719298,14.750234146199054
2026-03-21 13:58:38,75.0,57.89473684210527,14.754240565152402
2026-03-21 13:58:53,75.0,59.64912280701754,14.758246984105751
2026-03-21 13:59:08,75.0,61.40350877192983,14.762253403059102
2026-03-21 13:59:23,75.0,63.1578947368421,14.76625982201245
2026-03-21 13:59:38,75.0,64.91228070175438,14.7702662409658
2026-03-21 13:59:53,75.0,66.66666666666666,14.774272659919149
2026-03-21 14:00:08,87.5,68.42105263157895,14.769649123974824
2026-03-21 14:00:23,87.5,70.17543859649122,14.757474377495038
2026-03-21 14:00:38,87.5,71.9298245614035,14.74529963101525
2026-03-21 14:00:53,87.5,73.68421052631578,14.733124884535462
2026-03-21 14:01:08,87.5,75.43859649122807,14.720950138055676
2026-03-21 14:01:23,87.5,77.19298245614034,14.708775391575887
2026-03-21 14:01:38,87.5,78.94736842105263,14.696600645096101
2026-03-21 14:01:53,87.5,80.7017543859649,14.684425898616313
2026-03-21 14:02:08,87.5,82.45614035087719,14.672251152136525
2026-03-21 14:02:23,87.5,82.45614035087719,14.660076405656739
2026-03-21 14:02:38,87.5,82.45614035087719,14.64790165917695
2026-03-21 14:02:53,87.5,82.45614035087719,14.635726912697162
2026-03-21 14:03:08,87.5,82.45614035087719,14.623552166217376
2026-03-21 14:03:23,87.5,82.45614035087719,14.611377419737588
2026-03-21 14:03:38,87.5,82.45614035087719,14.599202673257802
2026-03-21 14:03:53,87.5,82.45614035087719,14.587027926778013
2026-03-21 14:04:08,87.5,82.45614035087719,14.574853180298225
2026-03-21 14:04:23,87.5,82.45614035087719,14.562678433818439
2026-03-21 14:04:38,87.5,82.45614035087719,14.55050368733865
2026-03-21 14:04:53,87.5,82.45614035087719,14.538328940858865
2026-03-21 14:05:08,87.5,82.45614035087719,14.526154194379076
2026-03-21 14:05:23,87.5,84.21052631578947,14.513979447899288
2026-03-21 14:05:38,87.5,85.96491228070175,14.501804701419502
2026-03-21 14:05:53,87.5,85.96491228070175,14.489629954939714
2026-03-21 14:06:08,87.5,84.21052631578947,14.477455208459926
2026-03-21 14:06:23,87.5,84.21052631578947,14.46528046198014
2026-03-21 14:06:38,87.5,85.96491228070175,14.453105715500351
2026-03-21 14:06:53,87.5,87.71929824561403,14.440930969020565
2026-03-21 14:07:08,87.5,87.71929824561403,14.428756222540777
2026-03-21 14:07:23,87.5,87.71929824561403,14.416581476060989
2026-03-21 14:07:38,87.5,87.71929824561403,14.404406729581202
2026-03-21 14:07:53,87.5,85.96491228070175,14.392231983101414
2026-03-21 14:08:08,87.5,84.21052631578947,14.380057236621628
2026-03-21 14:08:23,87.5,84.21052631578947,14.36788249014184
2026-03-21 14:08:38,87.5,85.96491228070175,14.355707743662052
2026-03-21 14:08:53,87.5,85.96491228070175,14.343532997182265
2026-03-21 14:09:08,87.5,85.96491228070175,14.331358250702477
2026-03-21 14:09:23,87.5,84.21052631578947,14.31918350422269
2026-03-21 14:09:38,87.5,82.45614035087719,14.307008757742903
2026-03-21 14:09:53,87.5,82.45614035087719,14.294834011263115
2026-03-21 14:10:08,87.5,82.45614035087719,14.282659264783328
2026-03-21 14:10:23,87.5,82.45614035087719,14.27048451830354
2026-03-21 14:10:38,87.5,82.45614035087719,14.258309771823752
2026-03-21 14:10:53,87.5,82.45614035087719,14.246135025343966
2026-03-21 14:11:08,87.5,82.45614035087719,14.233960278864178
2026-03-21 14:11:23,87.5,84.21052631578947,14.221785532384391
2026-03-21 14:11:38,87.5,85.96491228070175,14.209610785904603
2026-03-21 14:11:53,100.0,87.71929824561403,14.197436039424815
2026-03-21 14:12:08,100.0,89.47368421052632,14.185261292945029
2026-03-21 14:12:23,100.0,91.22807017543859,14.17308654646524
2026-03-21 14:12:38,100.0,91.22807017543859,14.160911799985453
2026-03-21 14:12:53,100.0,91.22807017543859,14.148737053505666
2026-03-21 14:13:08,87.5,91.22807017543859,14.136562307025878
2026-03-21 14:13:23,100.0,91.22807017543859,14.124387560546092
2026-03-21 14:13:38,100.0,91.22807017543859,14.112212814066304
2026-03-21 14:13:53,100.0,91.22807017543859,14.100038067586516
2026-03-21 14:14:08,100.0,91.22807017543859,14.08786332110673
2026-03-21 14:14:23,100.0,91.22807017543859,14.075688574626941
2026-03-21 14:14:38,100.0,91.22807017543859,14.063513828147155
2026-03-21 14:14:53,100.0,91.22807017543859,14.051339081667367
2026-03-21 14:15:08,100.0,91.22807017543859,14.039164335187579
2026-03-21 14:15:23,100.0,91.22807017543859,14.026989588707792
2026-03-21 14:15:38,100.0,91.22807017543859,14.014814842228004
2026-03-21 14:15:53,100.0,91.22807017543859,14.002640095748216
2026-03-21 14:16:08,100.0,90.56603773584906,13.99046534926843
2026-03-21 14:16:23,100.0,90.56603773584906,13.978290602788642
2026-03-21 14:16:38,100.0,90.56603773584906,13.966115856308855
2026-03-21 14:16:53,100.0,90.56603773584906,13.953941109829067
2026-03-21 14:17:08,100.0,90.56603773584906,13.941766363349279
2026-03-21 14:17:23,100.0,90.56603773584906,13.929591616869493
2026-03-21 14:17:38,100.0,90.56603773584906,13.917416870389705
2026-03-21 14:17:53,100.0,90.56603773584906,13.905242123909916
2026-03-21 14:18:08,100.0,90.56603773584906,13.89306737743013
2026-03-21 14:18:23,100.0,90.56603773584906,13.880892630950342
2026-03-21 14:18:38,100.0,90.56603773584906,13.868717884470556
2026-03-21 14:18:53,100.0,90.56603773584906,13.856543137990768
2026-03-21 14:19:08,100.0,90.56603773584906,13.84436839151098
2026-03-21 14:19:23,100.0,90.56603773584906,13.832193645031193
2026-03-21 14:19:38,100.0,90.56603773584906,13.820018898551405
2026-03-21 14:19:53,100.0,92.45283018867924,13.807844152071617
2026-03-21 14:20:08,100.0,92.45283018867924,13.79566940559183
2026-03-21 14:20:23,100.0,90.56603773584906,13.783494659112042
2026-03-21 14:20:38,100.0,88.67924528301887,13.771319912632256
2026-03-21 14:20:53,100.0,86.79245283018868,13.759145166152468
2026-03-21 14:21:08,100.0,84.90566037735849,13.74697041967268
2026-03-21 14:21:23,100.0,84.90566037735849,13.734795673192894
2026-03-21 14:21:38,100.0,86.79245283018868,13.722620926713105
2026-03-21 14:21:53,100.0,88.67924528301887,13.710446180233319
2026-03-21 14:22:08,100.0,88.67924528301887,13.698271433753531
2026-03-21 14:22:23,100.0,88.67924528301887,13.686096687273743
2026-03-21 14:22:38,100.0,88.67924528301887,13.673921940793957
2026-03-21 14:22:53,100.0,88.67924528301887,13.661747194314168
2026-03-21 14:23:08,100.0,90.56603773584906,13.64957244783438
2026-03-21 14:23:23,100.0,92.45283018867924,13.637397701354594
2026-03-21 14:23:38,100.0,92.45283018867924,13.625222954874806
2026-03-21 14:23:53,100.0,92.45283018867924,13.61304820839502
2026-03-21 14:24:08,100.0,92.45283018867924,13.600873461915231
2026-03-21 14:24:23,100.0,92.45283018867924,13.588698715435443
2026-03-21 14:24:38,100.0,92.45283018867924,13.576523968955657
2026-03-21 14:24:53,100.0,92.45283018867924,13.564349222475869
2026-03-21 14:25:08,100.0,92.45283018867924,13.552174475996082
2026-03-21 14:25:23,100.0,92.45283018867924,13.539999729516294
2026-03-21 14:25:38,100.0,92.45283018867924,13.527824983036506
2026-03-21 14:25:53,100.0,92.45283018867924,13.51565023655672
2026-03-21 14:26:08,100.0,92.45283018867924,13.503475490076932
2026-03-21 14:26:23,100.0,92.45283018867924,13.491300743597144
2026-03-21 14:26:38,100.0,92.45283018867924,13.479125997117357
2026-03-21 14:26:53,87.5,92.45283018867924,13.46695125063757
2026-03-21 14:27:08,87.5,92.45283018867924,13.454776504157783
2026-03-21 14:27:23,87.5,92.45283018867924,13.442601757677995
2026-03-21 14:27:38,87.5,92.45283018867924,13.430427011198207
2026-03-21 14:27:53,87.5,92.45283018867924,13.41825226471842
2026-03-21 14:28:08,87.5,92.45283018867924,13.406077518238632
2026-03-21 14:28:23,87.5,92.45283018867924,13.393902771758846
2026-03-21 14:28:38,100.0,92.45283018867924,13.381728025279058
2026-03-21 14:28:53,100.0,92.45283018867924,13.36955327879927
2026-03-21 14:29:08,100.0,92.45283018867924,13.357378532319483
2026-03-21 14:29:23,100.0,92.45283018867924,13.345203785839695
2026-03-21 14:29:38,87.5,92.45283018867924,13.333029039359907
2026-03-21 14:29:53,87.5,92.45283018867924,13.32085429288012
2026-03-21 14:30:08,87.5,92.45283018867924,13.308679546400333
2026-03-21 14:30:23,87.5,92.45283018867924,13.296504799920546
2026-03-21 14:30:38,87.5,92.45283018867924,13.284330053440758
2026-03-21 14:30:53,87.5,92.45283018867924,13.27215530696097
2026-03-21 14:31:08,87.5,92.45283018867924,13.259980560481184
2026-03-21 14:31:23,87.5,92.45283018867924,13.247805814001396
2026-03-21 14:31:38,87.5,92.45283018867924,13.23563106752161
2026-03-21 14:31:53,87.5,92.45283018867924,13.223456321041821
2026-03-21 14:32:08,87.5,92.45283018867924,13.211281574562033
2026-03-21 14:32:23,87.5,92.45283018867924,13.199106828082247
2026-03-21 14:32:38,87.5,92.45283018867924,13.186932081602459
2026-03-21 14:32:53,87.5,92.45283018867924,13.17475733512267
2026-03-21 14:33:08,87.5,92.45283018867924,13.162582588642884
2026-03-21 14:33:23,87.5,92.45283018867924,13.150407842163096
2026-03-21 14:33:38,87.5,94.33962264150944,13.13823309568331
2026-03-21 14:33:53,87.5,96.22641509433963,13.126058349203522
2026-03-21 14:34:08,87.5,98.11320754716981,13.113883602723734
2026-03-21 14:34:23,87.5,100.0,13.101708856243947
2026-03-21 14:34:38,87.5,100.0,13.089534109764159
2026-03-21 14:34:53,87.5,100.0,13.077359363284373
2026-03-21 14:35:08,87.5,100.0,13.065184616804585
2026-03-21 14:35:23,100.0,100.0,13.053009870324797
2026-03-21 14:35:38,100.0,100.0,13.04083512384501
2026-03-21 14:35:53,100.0,100.0,13.028660377365222
2026-03-21 14:36:08,100.0,100.0,13.016485630885434
2026-03-21 14:36:23,100.0,100.0,13.004310884405648
2026-03-21 14:36:38,100.0,100.0,12.99213613792586
2026-03-21 14:36:53,100.0,100.0,12.979961391446071
2026-03-21 14:37:08,100.0,100.0,12.967786644966285
2026-03-21 14:37:23,100.0,100.0,12.955611898486497
2026-03-21 14:37:38,100.0,100.0,12.94343715200671
2026-03-21 14:37:53,100.0,100.0,12.931262405526923
2026-03-21 14:38:08,100.0,100.0,12.919087659047136
2026-03-21 14:38:23,87.5,100.0,12.906912912567348
2026-03-21 14:38:38,100.0,100.0,12.89473816608756
2026-03-21 14:38:53,100.0,100.0,12.882563419607774
2026-03-21 14:39:08,100.0,100.0,12.870388673127986
2026-03-21 14:39:23,100.0,100.0,12.858213926648197
2026-03-21 14:39:38,100.0,100.0,12.846039180168411
2026-03-21 14:39:53,100.0,100.0,12.833864433688623
2026-03-21 14:40:08,100.0,100.0,12.821689687208835
2026-03-21 14:40:23,100.0,100.0,12.809514940729049
2026-03-21 14:40:38,100.0,100.0,12.79734019424926
2026-03-21 14:40:53,100.0,100.0,12.785165447769474
2026-03-21 14:41:08,100.0,100.0,12.772990701289686
2026-03-21 14:41:23,100.0,100.0,12.7608159548099
2026-03-21 14:41:38,100.0,100.0,12.748641208330111
2026-03-21 14:41:53,100.0,100.0,12.736466461850323
2026-03-21 14:42:08,100.0,100.0,12.724291715370537
2026-03-21 14:42:23,100.0,100.0,12.712116968890749
2026-03-21 14:42:38,100.0,100.0,12.69994222241096
2026-03-21 14:42:53,100.0,100.0,12.687767475931174
2026-03-21 14:43:08,100.0,100.0,12.675592729451386
2026-03-21 14:43:23,100.0,100.0,12.663417982971598
2026-03-21 14:43:38,100.0,100.0,12.651243236491812
2026-03-21 14:43:53,100.0,100.0,12.639068490012024
2026-03-21 14:44:08,100.0,100.0,12.626893743532237
2026-03-21 14:44:23,100.0,100.0,12.61471899705245
2026-03-21 14:44:38,100.0,100.0,12.602544250572663
2026-03-21 14:44:53,100.0,100.0,12.590369504092875
2026-03-21 14:45:08,100.0,100.0,12.578194757613087
2026-03-21 14:45:23,100.0,100.0,12.5660200111333
2026-03-21 14:45:38,100.0,100.0,12.553845264653512
2026-03-21 14:45:53,100.0,100.0,12.541670518173724
2026-03-21 14:46:08,100.0,100.0,12.529495771693938
2026-03-21 14:46:23,100.0,100.0,12.51732102521415
2026-03-21 14:46:38,100.0,100.0,12.505146278734362
2026-03-21 14:46:53,100.0,100.0,12.492971532254575
2026-03-21 14:47:08,100.0,100.0,12.480796785774787
2026-03-21 14:47:23,100.0,100.0,12.468622039295001
2026-03-21 14:47:38,100.0,100.0,12.456447292815213
2026-03-21 14:47:53,100.0,100.0,12.444272546335426
2026-03-21 14:48:08,100.0,100.0,12.432097799855638
2026-03-21 14:48:23,100.0,100.0,12.41992305337585
2026-03-21 14:48:38,100.0,100.0,12.407748306896064
2026-03-21 14:48:53,100.0,100.0,12.395573560416276
2026-03-21 14:49:08,100.0,97.95918367346938,12.383398813936488
2026-03-21 14:49:23,100.0,97.95918367346938,12.371224067456701
2026-03-21 14:49:38,100.0,97.95918367346938,12.359049320976913
2026-03-21 14:49:53,100.0,95.91836734693877,12.346874574497125
2026-03-21 14:50:08,100.0,93.87755102040816,12.334699828017339
2026-03-21 14:50:23,100.0,91.83673469387756,12.32252508153755
2026-03-21 14:50:38,100.0,89.79591836734694,12.310350335057763
2026-03-21 14:50:53,100.0,87.75510204081633,12.298175588577976
2026-03-21 14:51:08,100.0,85.71428571428571,12.28600084209819
2026-03-21 14:51:23,100.0,83.6734693877551,12.273826095618402
2026-03-21 14:51:38,100.0,83.6734693877551,12.261651349138614
2026-03-21 14:51:53,100.0,83.6734693877551,12.249476602658827
2026-03-21 14:52:08,100.0,83.6734693877551,12.23730185617904
2026-03-21 14:52:23,100.0,83.6734693877551,12.225127109699251
2026-03-21 14:52:38,100.0,83.6734693877551,12.212952363219465
2026-03-21 14:52:53,100.0,83.6734693877551,12.200777616739677
2026-03-21 14:53:08,100.0,83.6734693877551,12.188602870259889
2026-03-21 14:53:23,100.0,83.6734693877551,12.176428123780102
2026-03-21 14:53:38,100.0,83.6734693877551,12.164253377300314
2026-03-21 14:53:53,100.0,83.6734693877551,12.152078630820526
2026-03-21 14:54:08,100.0,83.6734693877551,12.13990388434074
2026-03-21 14:54:23,100.0,83.6734693877551,12.127729137860952
2026-03-21 14:54:38,100.0,83.6734693877551,12.115554391381165
2026-03-21 14:54:53,100.0,83.6734693877551,12.103379644901377
2026-03-21 14:55:08,100.0,83.6734693877551,12.09120489842159
2026-03-21 14:55:23,100.0,83.6734693877551,12.079030151941803
2026-03-21 14:55:38,100.0,83.6734693877551,12.066855405462015
2026-03-21 14:55:53,100.0,83.6734693877551,12.054680658982228
2026-03-21 14:56:08,100.0,83.6734693877551,12.04250591250244
2026-03-21 14:56:23,87.5,81.63265306122449,12.030331166022652
2026-03-21 14:56:38,87.5,79.59183673469387,12.018156419542866
2026-03-21 14:56:53,87.5,77.55102040816327,12.005981673063078
2026-03-21 14:57:08,87.5,77.77777777777779,11.99380692658329
2026-03-21 14:57:23,87.5,75.55555555555556,11.981632180103503
2026-03-21 14:57:38,87.5,73.33333333333333,11.969457433623715
2026-03-21 14:57:53,87.5,73.33333333333333,11.957282687143929
2026-03-21 14:58:08,87.5,73.33333333333333,11.94510794066414
2026-03-21 14:58:23,87.5,71.11111111111111,11.932933194184354
2026-03-21 14:58:38,87.5,71.11111111111111,11.920758447704566
2026-03-21 14:58:53,87.5,71.11111111111111,11.908583701224778
2026-03-21 14:59:08,87.5,71.11111111111111,11.896408954744992
2026-03-21 14:59:23,87.5,71.11111111111111,11.884234208265203
2026-03-21 14:59:38,87.5,71.11111111111111,11.872059461785415
2026-03-21 14:59:53,87.5,71.11111111111111,11.859884715305629
2026-03-21 15:00:08,87.5,71.11111111111111,11.847709968825841
2026-03-21 15:00:23,87.5,71.11111111111111,11.835535222346053
2026-03-21 15:00:38,87.5,71.11111111111111,11.823360475866266
2026-03-21 15:00:53,87.5,73.33333333333333,11.811185729386478
2026-03-21 15:01:08,87.5,73.33333333333333,11.799010982906692
2026-03-21 15:01:23,100.0,73.33333333333333,11.786836236426904
2026-03-21 15:01:38,87.5,75.55555555555556,11.774661489947118
2026-03-21 15:01:53,100.0,77.77777777777779,11.76248674346733
2026-03-21 15:02:08,100.0,80.0,11.750311996987541
2026-03-21 15:02:23,100.0,82.22222222222221,11.738137250507755
2026-03-21 15:02:38,87.5,84.44444444444444,11.725962504027967
2026-03-21 15:02:53,87.5,86.66666666666667,11.713787757548179
2026-03-21 15:03:08,87.5,88.88888888888889,11.701613011068392
2026-03-21 15:03:23,87.5,88.88888888888889,11.689438264588604
2026-03-21 15:03:38,87.5,88.88888888888889,11.677263518108816
2026-03-21 15:03:53,87.5,88.88888888888889,11.66508877162903
2026-03-21 15:04:08,87.5,88.88888888888889,11.652914025149242
2026-03-21 15:04:23,87.5,88.88888888888889,11.640739278669455
2026-03-21 15:04:38,87.5,88.88888888888889,11.628564532189667
2026-03-21 15:04:53,87.5,88.88888888888889,11.616389785709881
2026-03-21 15:05:08,87.5,88.88888888888889,11.604215039230093
2026-03-21 15:05:23,87.5,88.88888888888889,11.592040292750305
2026-03-21 15:05:38,87.5,88.88888888888889,11.579865546270518
2026-03-21 15:05:53,87.5,88.88888888888889,11.56769079979073
2026-03-21 15:06:08,87.5,88.88888888888889,11.555516053310942
2026-03-21 15:06:23,87.5,88.88888888888889,11.543341306831156
2026-03-21 15:06:38,87.5,88.88888888888889,11.531166560351368
2026-03-21 15:06:53,87.5,88.88888888888889,11.51899181387158
2026-03-21 15:07:08,87.5,88.88888888888889,11.506817067391793
2026-03-21 15:07:23,87.5,88.88888888888889,11.494642320912005
2026-03-21 15:07:38,100.0,88.88888888888889,11.482467574432219
2026-03-21 15:07:53,100.0,88.88888888888889,11.47029282795243
2026-03-21 15:08:08,100.0,91.11111111111111,11.458118081472644
2026-03-21 15:08:23,100.0,93.33333333333333,11.445943334992856
2026-03-21 15:08:38,100.0,95.55555555555556,11.433768588513068
2026-03-21 15:08:53,100.0,97.77777777777777,11.421593842033282
2026-03-21 15:09:08,100.0,97.77777777777777,11.409419095553494
2026-03-21 15:09:23,100.0,97.77777777777777,11.397244349073706
2026-03-21 15:09:38,100.0,100.0,11.38506960259392
2026-03-21 15:09:53,100.0,100.0,11.372894856114131
2026-03-21 15:10:08,100.0,100.0,11.360720109634343
2026-03-21 15:10:23,100.0,100.0,11.348545363154557
2026-03-21 15:10:38,100.0,100.0,11.336370616674769
2026-03-21 15:10:53,100.0,100.0,11.324195870194982
2026-03-21 15:11:08,100.0,100.0,11.312021123715194
2026-03-21 15:11:23,100.0,100.0,11.299846377235408
2026-03-21 15:11:38,100.0,100.0,11.28767163075562
2026-03-21 15:11:53,100.0,100.0,11.275496884275832
2026-03-21 15:12:08,100.0,100.0,11.263322137796045
2026-03-21 15:12:23,100.0,100.0,11.251147391316257
2026-03-21 15:12:38,100.0,100.0,11.238972644836469
2026-03-21 15:12:53,100.0,100.0,11.226797898356683
2026-03-21 15:13:08,100.0,100.0,11.214623151876895
2026-03-21 15:13:23,100.0,100.0,11.202448405397107
2026-03-21 15:13:38,100.0,100.0,11.19027365891732
2026-03-21 15:13:53,100.0,100.0,11.178098912437532
2026-03-21 15:14:08,100.0,100.0,11.165924165957744
2026-03-21 15:14:23,100.0,100.0,11.153749419477958
2026-03-21 15:14:38,100.0,100.0,11.141574672998171
2026-03-21 15:14:53,100.0,100.0,11.129399926518383
2026-03-21 15:15:08,100.0,100.0,11.117225180038595
2026-03-21 15:15:23,100.0,100.0,11.105050433558809
2026-03-21 15:15:38,100.0,100.0,11.09287568707902
2026-03-21 15:15:53,100.0,100.0,11.080700940599232
2026-03-21 15:16:08,100.0,100.0,11.068526194119446
2026-03-21 15:16:23,100.0,100.0,11.056351447639658
2026-03-21 15:16:38,100.0,100.0,11.04417670115987
2026-03-21 15:16:53,100.0,100.0,11.032001954680084
2026-03-21 15:17:08,100.0,100.0,11.019827208200295
2026-03-21 15:17:23,100.0,100.0,11.007652461720507
2026-03-21 15:17:38,100.0,100.0,10.995477715240721
2026-03-21 15:17:53,87.5,100.0,10.983302968760933
2026-03-21 15:18:08,87.5,100.0,10.971128222281147
2026-03-21 15:18:23,87.5,100.0,10.958953475801358
2026-03-21 15:18:38,87.5,100.0,10.946778729321572
2026-03-21 15:18:53,87.5,100.0,10.934603982841784
2026-03-21 15:19:08,87.5,100.0,10.922429236361996
2026-03-21 15:19:23,87.5,100.0,10.91025448988221
2026-03-21 15:19:38,87.5,100.0,10.898079743402421
2026-03-21 15:19:53,87.5,100.0,10.885904996922633
2026-03-21 15:20:08,87.5,100.0,10.873730250442847
2026-03-21 15:20:23,87.5,100.0,10.861555503963059
2026-03-21 15:20:38,100.0,100.0,10.84938075748327
2026-03-21 15:20:53,100.0,100.0,10.837206011003484
2026-03-21 15:21:08,100.0,100.0,10.825031264523696
2026-03-21 15:21:23,100.0,100.0,10.81285651804391
2026-03-21 15:21:38,100.0,100.0,10.800681771564122
2026-03-21 15:21:53,100.0,100.0,10.788507025084336
2026-03-21 15:22:08,100.0,100.0,10.776332278604547
2026-03-21 15:22:23,100.0,100.0,10.76415753212476
2026-03-21 15:22:38,87.5,100.0,10.751982785644973
2026-03-21 15:22:53,87.5,100.0,10.739808039165185
2026-03-21 15:23:08,87.5,100.0,10.727633292685397
2026-03-21 15:23:23,87.5,100.0,10.71545854620561
2026-03-21 15:23:38,87.5,100.0,10.703283799725822
2026-03-21 15:23:53,87.5,100.0,10.691109053246034
2026-03-21 15:24:08,87.5,100.0,10.678934306766248
2026-03-21 15:24:23,87.5,100.0,10.666759560286462
2026-03-21 15:24:38,87.5,100.0,10.654584813806672
2026-03-21 15:24:53,87.5,100.0,10.642410067326885
2026-03-21 15:25:08,87.5,100.0,10.630235320847099
2026-03-21 15:25:23,87.5,100.0,10.61806057436731
2026-03-21 15:25:38,87.5,100.0,10.605885827887523
2026-03-21 15:25:53,87.5,100.0,10.593711081407736
2026-03-21 15:26:08,87.5,100.0,10.581536334927948
2026-03-21 15:26:23,87.5,100.0,10.56936158844816
2026-03-21 15:26:38,87.5,100.0,10.557186841968374
2026-03-21 15:26:53,87.5,100.0,10.545012095488586
2026-03-21 15:27:08,87.5,100.0,10.532837349008798
2026-03-21 15:27:23,87.5,100.0,10.520662602529011
2026-03-21 15:27:38,100.0,100.0,10.508487856049225
2026-03-21 15:27:53,100.0,100.0,10.496313109569435
2026-03-21 15:28:08,100.0,100.0,10.484138363089649
2026-03-21 15:28:23,100.0,100.0,10.471963616609862
2026-03-21 15:28:38,100.0,100.0,10.459788870130074
2026-03-21 15:28:53,100.0,100.0,10.447614123650286
2026-03-21 15:29:08,100.0,100.0,10.4354393771705
2026-03-21 15:29:23,100.0,100.0,10.423264630690712
2026-03-21 15:29:38,100.0,100.0,10.411089884210924
2026-03-21 15:29:53,100.0,100.0,10.398915137731137
2026-03-21 15:30:08,100.0,100.0,10.38674039125135
2026-03-21 15:30:23,100.0,100.0,10.374565644771561
2026-03-21 15:30:38,100.0,100.0,10.362390898291775
2026-03-21 15:30:53,100.0,100.0,10.350216151811988
2026-03-21 15:31:08,100.0,100.0,10.338041405332199
2026-03-21 15:31:23,100.0,100.0,10.325866658852412
2026-03-21 15:31:38,100.0,100.0,10.313691912372626
2026-03-21 15:31:53,100.0,100.0,10.301517165892838
2026-03-21 15:32:08,100.0,100.0,10.28934241941305
2026-03-21 15:32:23,100.0,100.0,10.277167672933263
2026-03-21 15:32:38,100.0,100.0,10.264992926453475
2026-03-21 15:32:53,100.0,100.0,10.252818179973687
2026-03-21 15:33:08,100.0,100.0,10.2406434334939
2026-03-21 15:33:23,100.0,100.0,10.228468687014113
2026-03-21 15:33:38,100.0,100.0,10.216293940534324
2026-03-21 15:33:53,100.0,100.0,10.204119194054538
2026-03-21 15:34:08,100.0,100.0,10.191944447574752
2026-03-21 15:34:23,100.0,100.0,10.179769701094962
2026-03-21 15:34:38,100.0,100.0,10.167594954615176
2026-03-21 15:34:53,100.0,100.0,10.15542020813539
2026-03-21 15:35:08,100.0,100.0,10.143245461655601
2026-03-21 15:35:23,100.0,100.0,10.131070715175813
2026-03-21 15:35:38,100.0,100.0,10.118895968696027
2026-03-21 15:35:53,100.0,100.0,10.106721222216239
2026-03-21 15:36:08,100.0,100.0,10.09454647573645
2026-03-21 15:36:23,100.0,100.0,10.082371729256664
2026-03-21 15:36:38,100.0,100.0,10.070196982776876
2026-03-21 15:36:53,100.0,100.0,10.058022236297088
2026-03-21 15:37:08,100.0,100.0,10.045847489817302
2026-03-21 15:37:23,100.0,100.0,10.033672743337513
2026-03-21 15:37:38,100.0,100.0,10.021497996857725
2026-03-21 15:37:53,100.0,100.0,10.009323250377939
2026-03-21 15:38:08,100.0,100.0,9.997148503898153
2026-03-21 15:38:23,100.0,100.0,9.984973757418365
2026-03-21 15:38:38,100.0,100.0,9.972799010938576
2026-03-21 15:38:53,100.0,100.0,9.96062426445879
2026-03-21 15:39:08,100.0,100.0,9.948449517979002
2026-03-21 15:39:23,100.0,100.0,9.936274771499214
2026-03-21 15:39:38,100.0,100.0,9.924100025019428
2026-03-21 15:39:53,100.0,100.0,9.91192527853964
2026-03-21 15:40:08,100.0,100.0,9.899750532059851
2026-03-21 15:40:23,100.0,100.0,9.887575785580065
2026-03-21 15:40:38,87.5,100.0,9.875401039100277
2026-03-21 15:40:53,87.5,100.0,9.863226292620489
2026-03-21 15:41:08,87.5,100.0,9.851051546140702
2026-03-21 15:41:23,87.5,100.0,9.838876799660916
2026-03-21 15:41:38,87.5,100.0,9.826702053181126
2026-03-21 15:41:53,87.5,100.0,9.81452730670134
2026-03-21 15:42:08,87.5,100.0,9.802352560221554
2026-03-21 15:42:23,87.5,100.0,9.790177813741765
2026-03-21 15:42:38,100.0,100.0,9.778003067261977
2026-03-21 15:42:53,100.0,100.0,9.765828320782191
2026-03-21 15:43:08,100.0,100.0,9.753653574302403
2026-03-21 15:43:23,100.0,100.0,9.741478827822615
2026-03-21 15:43:38,100.0,100.0,9.729304081342828
2026-03-21 15:43:53,100.0,100.0,9.71712933486304
2026-03-21 15:44:08,100.0,100.0,9.704954588383252
2026-03-21 15:44:23,100.0,100.0,9.692779841903466
2026-03-21 15:44:38,100.0,100.0,9.68060509542368
2026-03-21 15:44:53,100.0,100.0,9.66843034894389
2026-03-21 15:45:08,100.0,100.0,9.656255602464103
2026-03-21 15:45:23,100.0,100.0,9.644080855984317
2026-03-21 15:45:38,100.0,100.0,9.631906109504529
2026-03-21 15:45:53,100.0,100.0,9.61973136302474
2026-03-21 15:46:08,100.0,100.0,9.607556616544954
2026-03-21 15:46:23,100.0,100.0,9.595381870065166
2026-03-21 15:46:38,100.0,100.0,9.583207123585378
2026-03-21 15:46:53,100.0,100.0,9.571032377105592
2026-03-21 15:47:08,100.0,100.0,9.558857630625804
2026-03-21 15:47:23,100.0,100.0,9.546682884146016
2026-03-21 15:47:38,100.0,100.0,9.53450813766623
2026-03-21 15:47:53,100.0,100.0,9.522333391186443
2026-03-21 15:48:08,100.0,100.0,9.510158644706653
2026-03-21 15:48:23,100.0,100.0,9.497983898226867
2026-03-21 15:48:38,100.0,100.0,9.48580915174708
2026-03-21 15:48:53,100.0,100.0,9.473634405267292
2026-03-21 15:49:08,100.0,100.0,9.461459658787504
2026-03-21 15:49:23,100.0,100.0,9.449284912307718
2026-03-21 15:49:38,100.0,100.0,9.43711016582793
2026-03-21 15:49:53,100.0,100.0,9.424935419348142
2026-03-21 15:50:08,100.0,100.0,9.412760672868355
2026-03-21 15:50:23,100.0,100.0,9.400585926388567
2026-03-21 15:50:38,100.0,100.0,9.388411179908779
2026-03-21 15:50:53,100.0,100.0,9.376236433428993
2026-03-21 15:51:08,100.0,100.0,9.364061686949206
2026-03-21 15:51:23,100.0,100.0,9.351886940469416
2026-03-21 15:51:38,100.0,100.0,9.33971219398963
2026-03-21 15:51:53,100.0,100.0,9.327537447509844
2026-03-21 15:52:08,100.0,100.0,9.315362701030056
2026-03-21 15:52:23,100.0,100.0,9.303187954550268
2026-03-21 15:52:38,100.0,100.0,9.291013208070481
2026-03-21 15:52:53,100.0,100.0,9.278838461590693
2026-03-21 15:53:08,100.0,100.0,9.266663715110905
2026-03-21 15:53:23,100.0,100.0,9.254488968631119
2026-03-21 15:53:38,100.0,100.0,9.24231422215133
2026-03-21 15:53:53,100.0,100.0,9.230139475671542
2026-03-21 15:54:08,100.0,100.0,9.217964729191756
2026-03-21 15:54:23,100.0,100.0,9.20578998271197
2026-03-21 15:54:38,100.0,100.0,9.19361523623218
2026-03-21 15:54:53,100.0,100.0,9.181440489752394
2026-03-21 15:55:08,100.0,100.0,9.169265743272607
2026-03-21 15:55:23,100.0,100.0,9.15709099679282
2026-03-21 15:55:38,100.0,100.0,9.144916250313031
2026-03-21 15:55:53,100.0,100.0,9.132741503833245
2026-03-21 15:56:08,100.0,100.0,9.120566757353457
2026-03-21 15:56:23,100.0,100.0,9.108392010873668
2026-03-21 15:56:38,100.0,100.0,9.096217264393882
2026-03-21 15:56:53,100.0,100.0,9.084042517914094
2026-03-21 15:57:08,100.0,100.0,9.071867771434306
2026-03-21 15:57:23,100.0,100.0,9.05969302495452
2026-03-21 15:57:38,100.0,100.0,9.047518278474731
2026-03-21 15:57:53,100.0,100.0,9.035343531994943
2026-03-21 15:58:08,100.0,100.0,9.023168785515157
2026-03-21 15:58:23,100.0,100.0,9.01099403903537
2026-03-21 15:58:38,100.0,100.0,8.998819292555583
2026-03-21 15:58:53,100.0,100.0,8.986644546075794
2026-03-21 15:59:08,100.0,100.0,8.974469799596008
2026-03-21 15:59:23,100.0,100.0,8.96229505311622
2026-03-21 15:59:38,100.0,100.0,8.950120306636432
2026-03-21 15:59:53,100.0,100.0,8.937945560156646
2026-03-21 16:00:08,100.0,100.0,8.93960839681554
2026-03-21 16:00:23,100.0,100.0,8.953379118720783
2026-03-21 16:00:38,100.0,100.0,8.967149840626025
2026-03-21 16:00:53,100.0,100.0,8.980920562531267
2026-03-21 16:01:08,100.0,100.0,8.99469128443651
2026-03-21 16:01:23,100.0,100.0,9.008462006341754
2026-03-21 16:01:38,100.0,100.0,9.022232728246996
2026-03-21 16:01:53,100.0,100.0,9.036003450152238
2026-03-21 16:02:08,100.0,100.0,9.04977417205748
2026-03-21 16:02:23,100.0,100.0,9.063544893962723
2026-03-21 16:02:38,100.0,100.0,9.077315615867965
2026-03-21 16:02:53,100.0,100.0,9.091086337773207
2026-03-21 16:03:08,100.0,100.0,9.10485705967845
2026-03-21 16:03:23,100.0,100.0,9.118627781583692
2026-03-21 16:03:38,100.0,100.0,9.132398503488934
2026-03-21 16:03:53,100.0,100.0,9.146169225394177
2026-03-21 16:04:08,100.0,100.0,9.159939947299419
2026-03-21 16:04:23,100.0,100.0,9.173710669204663
2026-03-21 16:04:38,100.0,100.0,9.187481391109905
2026-03-21 16:04:53,100.0,100.0,9.201252113015148
2026-03-21 16:05:08,100.0,100.0,9.21502283492039
2026-03-21 16:05:23,100.0,100.0,9.228793556825632
2026-03-21 16:05:38,100.0,100.0,9.242564278730875
2026-03-21 16:05:53,100.0,100.0,9.256335000636117
2026-03-21 16:06:08,100.0,100.0,9.27010572254136
2026-03-21 16:06:23,100.0,100.0,9.283876444446602
2026-03-21 16:06:38,100.0,100.0,9.297647166351844
2026-03-21 16:06:53,100.0,100.0,9.311417888257086
2026-03-21 16:07:08,100.0,100.0,9.325188610162328
2026-03-21 16:07:23,100.0,100.0,9.33895933206757
2026-03-21 16:07:38,100.0,100.0,9.352730053972815
2026-03-21 16:07:53,100.0,100.0,9.366500775878057
2026-03-21 16:08:08,100.0,100.0,9.3802714977833
2026-03-21 16:08:23,100.0,100.0,9.394042219688542
2026-03-21 16:08:38,100.0,100.0,9.407812941593784
2026-03-21 16:08:53,100.0,100.0,9.421583663499026
2026-03-21 16:09:08,100.0,100.0,9.435354385404269
2026-03-21 16:09:23,100.0,100.0,9.449125107309511
2026-03-21 16:09:38,100.0,100.0,9.462895829214753
2026-03-21 16:09:53,100.0,100.0,9.476666551119996
2026-03-21 16:10:08,100.0,100.0,9.490437273025238
2026-03-21 16:10:23,100.0,100.0,9.50420799493048
2026-03-21 16:10:38,100.0,100.0,9.517978716835724
2026-03-21 16:10:53,100.0,100.0,9.531749438740967
2026-03-21 16:11:08,100.0,100.0,9.545520160646209
2026-03-21 16:11:23,100.0,100.0,9.559290882551451
2026-03-21 16:11:38,100.0,100.0,9.573061604456694
2026-03-21 16:11:53,100.0,100.0,9.586832326361936
2026-03-21 16:12:08,100.0,100.0,9.600603048267178
2026-03-21 16:12:23,100.0,100.0,9.61437377017242
2026-03-21 16:12:38,100.0,100.0,9.628144492077663
2026-03-21 16:12:53,100.0,100.0,9.641915213982905
2026-03-21 16:13:08,100.0,100.0,9.655685935888147
2026-03-21 16:13:23,100.0,100.0,9.66945665779339
2026-03-21 16:13:38,100.0,100.0,9.683227379698632
2026-03-21 16:13:53,100.0,100.0,9.696998101603876
2026-03-21 16:14:08,100.0,100.0,9.710768823509119
2026-03-21 16:14:23,100.0,100.0,9.72453954541436
2026-03-21 16:14:38,100.0,100.0,9.738310267319603
2026-03-21 16:14:53,100.0,100.0,9.752080989224845
2026-03-21 16:15:08,100.0,100.0,9.765851711130088
2026-03-21 16:15:23,100.0,100.0,9.77962243303533
2026-03-21 16:15:38,100.0,100.0,9.793393154940572
2026-03-21 16:15:53,100.0,100.0,9.807163876845815
2026-03-21 16:16:08,100.0,100.0,9.820934598751057
2026-03-21 16:16:23,100.0,100.0,9.8347053206563
2026-03-21 16:16:38,100.0,100.0,9.848476042561542
2026-03-21 16:16:53,87.5,100.0,9.862246764466786
2026-03-21 16:17:08,87.5,100.0,9.876017486372028
2026-03-21 16:17:23,87.5,100.0,9.88978820827727
2026-03-21 16:17:38,87.5,100.0,9.903558930182513
2026-03-21 16:17:53,87.5,100.0,9.917329652087755
2026-03-21 16:18:08,87.5,100.0,9.931100373992997
2026-03-21 16:18:23,87.5,100.0,9.94487109589824
2026-03-21 16:18:38,87.5,100.0,9.958641817803482
2026-03-21 16:18:53,87.5,100.0,9.972412539708724
2026-03-21 16:19:08,87.5,100.0,9.986183261613967
2026-03-21 16:19:23,87.5,100.0,9.999953983519209
2026-03-21 16:19:38,87.5,100.0,10.013724705424451
2026-03-21 16:19:53,87.5,100.0,10.027495427329693
2026-03-21 16:20:08,87.5,100.0,10.041266149234936
2026-03-21 16:20:23,87.5,100.0,10.05503687114018
2026-03-21 16:20:38,75.0,100.0,10.068807593045422
2026-03-21 16:20:53,75.0,100.0,10.082578314950664
2026-03-21 16:21:08,75.0,100.0,10.096349036855907
2026-03-21 16:21:23,75.0,100.0,10.110119758761149
2026-03-21 16:21:38,75.0,100.0,10.123890480666391
2026-03-21 16:21:53,75.0,100.0,10.137661202571634
2026-03-21 16:22:08,75.0,100.0,10.151431924476876
2026-03-21 16:22:23,75.0,100.0,10.165202646382118
2026-03-21 16:22:38,75.0,100.0,10.17897336828736
2026-03-21 16:22:53,75.0,100.0,10.192744090192603
2026-03-21 16:23:08,75.0,100.0,10.206514812097847
2026-03-21 16:23:23,75.0,100.0,10.22028553400309
2026-03-21 16:23:38,75.0,100.0,10.234056255908332
2026-03-21 16:23:53,75.0,100.0,10.247826977813574
2026-03-21 16:24:08,75.0,100.0,10.261597699718816
2026-03-21 16:24:23,75.0,100.0,10.275368421624059
2026-03-21 16:24:38,75.0,100.0,10.289139143529301
2026-03-21 16:24:53,75.0,100.0,10.302909865434543
2026-03-21 16:25:08,75.0,100.0,10.316680587339786
2026-03-21 16:25:23,75.0,100.0,10.330451309245028
2026-03-21 16:25:38,75.0,100.0,10.34422203115027
2026-03-21 16:25:53,75.0,100.0,10.357992753055512
2026-03-21 16:26:08,75.0,100.0,10.371763474960755
2026-03-21 16:26:23,75.0,100.0,10.385534196865997
2026-03-21 16:26:38,75.0,100.0,10.399304918771241
2026-03-21 16:26:53,75.0,100.0,10.413075640676484
2026-03-21 16:27:08,75.0,100.0,10.426846362581726
2026-03-21 16:27:23,75.0,100.0,10.440617084486968
2026-03-21 16:27:38,75.0,100.0,10.45438780639221
2026-03-21 16:27:53,75.0,100.0,10.468158528297453
2026-03-21 16:28:08,75.0,100.0,10.481929250202695
2026-03-21 16:28:23,75.0,100.0,10.495699972107937
2026-03-21 16:28:38,75.0,100.0,10.50947069401318
2026-03-21 16:28:53,75.0,100.0,10.523241415918422
2026-03-21 16:29:08,75.0,100.0,10.537012137823664
2026-03-21 16:29:23,75.0,100.0,10.550782859728908
2026-03-21 16:29:38,75.0,100.0,10.56455358163415
2026-03-21 16:29:53,75.0,100.0,10.578324303539393
2026-03-21 16:30:08,75.0,100.0,10.592095025444635
2026-03-21 16:30:23,75.0,100.0,10.605865747349878
2026-03-21 16:30:38,75.0,100.0,10.61963646925512
2026-03-21 16:30:53,75.0,100.0,10.633407191160362
2026-03-21 16:31:08,75.0,100.0,10.647177913065605
2026-03-21 16:31:23,75.0,100.0,10.660948634970847
2026-03-21 16:31:38,75.0,100.0,10.67471935687609
2026-03-21 16:31:53,75.0,100.0,10.688490078781332
2026-03-21 16:32:08,75.0,100.0,10.702260800686574
2026-03-21 16:32:23,75.0,100.0,10.716031522591816
2026-03-21 16:32:38,75.0,100.0,10.729802244497058
2026-03-21 16:32:53,87.5,100.0,10.743572966402303
2026-03-21 16:33:08,87.5,100.0,10.757343688307545
2026-03-21 16:33:23,87.5,100.0,10.771114410212787
2026-03-21 16:33:38,87.5,100.0,10.78488513211803
2026-03-21 16:33:53,87.5,100.0,10.798655854023272
2026-03-21 16:34:08,87.5,100.0,10.812426575928514
2026-03-21 16:34:23,87.5,100.0,10.826197297833756
2026-03-21 16:34:38,87.5,100.0,10.839968019738999
2026-03-21 16:34:53,87.5,100.0,10.853738741644241
2026-03-21 16:35:08,87.5,100.0,10.867509463549483
2026-03-21 16:35:23,87.5,100.0,10.881280185454726
2026-03-21 16:35:38,87.5,100.0,10.89505090735997
2026-03-21 16:35:53,87.5,100.0,10.908821629265212
2026-03-21 16:36:08,87.5,100.0,10.922592351170454
2026-03-21 16:36:23,87.5,100.0,10.936363073075697
2026-03-21 16:36:38,87.5,100.0,10.950133794980939
2026-03-21 16:36:53,87.5,100.0,10.963904516886181
2026-03-21 16:37:08,87.5,100.0,10.977675238791424
2026-03-21 16:37:23,87.5,100.0,10.991445960696666
2026-03-21 16:37:38,87.5,100.0,11.005216682601908
2026-03-21 16:37:53,87.5,100.0,11.01898740450715
2026-03-21 16:38:08,87.5,100.0,11.032758126412393
2026-03-21 16:38:23,87.5,97.77777777777777,11.046528848317635
2026-03-21 16:38:38,87.5,97.77777777777777,11.060299570222877
2026-03-21 16:38:53,87.5,97.77777777777777,11.07407029212812
2026-03-21 16:39:08,87.5,97.77777777777777,11.087841014033362
2026-03-21 16:39:23,87.5,97.77777777777777,11.101611735938606
2026-03-21 16:39:38,87.5,97.77777777777777,11.115382457843848
2026-03-21 16:39:53,87.5,97.77777777777777,11.12915317974909
2026-03-21 16:40:08,87.5,97.77777777777777,11.142923901654333
2026-03-21 16:40:23,87.5,97.77777777777777,11.156694623559575
2026-03-21 16:40:38,87.5,97.77777777777777,11.170465345464818
2026-03-21 16:40:53,87.5,97.77777777777777,11.18423606737006
2026-03-21 16:41:08,87.5,97.77777777777777,11.198006789275302
2026-03-21 16:41:23,87.5,97.77777777777777,11.211777511180545
2026-03-21 16:41:38,87.5,97.77777777777777,11.225548233085789
2026-03-21 16:41:53,87.5,97.77777777777777,11.239318954991031
2026-03-21 16:42:08,87.5,97.77777777777777,11.253089676896273
2026-03-21 16:42:23,87.5,97.77777777777777,11.266860398801516
2026-03-21 16:42:38,87.5,97.77777777777777,11.280631120706758
2026-03-21 16:42:53,87.5,97.77777777777777,11.294401842612
2026-03-21 16:43:08,87.5,97.77777777777777,11.308172564517243
2026-03-21 16:43:23,87.5,97.77777777777777,11.321943286422485
2026-03-21 16:43:38,87.5,97.77777777777777,11.335714008327727
2026-03-21 16:43:53,87.5,97.77777777777777,11.34948473023297
2026-03-21 16:44:08,87.5,97.77777777777777,11.363255452138212
2026-03-21 16:44:23,87.5,97.77777777777777,11.377026174043454
2026-03-21 16:44:38,87.5,97.77777777777777,11.390796895948696
2026-03-21 16:44:53,87.5,97.77777777777777,11.404567617853939
2026-03-21 16:45:08,87.5,97.77777777777777,11.418338339759181
2026-03-21 16:45:23,87.5,97.77777777777777,11.432109061664423
2026-03-21 16:45:38,87.5,97.77777777777777,11.445879783569668
2026-03-21 16:45:53,87.5,97.77777777777777,11.45965050547491
2026-03-21 16:46:08,87.5,97.77777777777777,11.473421227380152
2026-03-21 16:46:23,87.5,97.77777777777777,11.487191949285394
2026-03-21 16:46:38,87.5,97.77777777777777,11.500962671190637
2026-03-21 16:46:53,87.5,97.77777777777777,11.514733393095879
2026-03-21 16:47:08,87.5,97.77777777777777,11.528504115001121
2026-03-21 16:47:23,87.5,97.77777777777777,11.542274836906364
2026-03-21 16:47:38,87.5,97.77777777777777,11.556045558811606
2026-03-21 16:47:53,87.5,97.77777777777777,11.56981628071685
2026-03-21 16:48:08,87.5,97.77777777777777,11.583587002622092
2026-03-21 16:48:23,87.5,97.77777777777777,11.597357724527335
2026-03-21 16:48:38,87.5,97.77777777777777,11.611128446432577
2026-03-21 16:48:53,87.5,97.77777777777777,11.62489916833782
2026-03-21 16:49:08,87.5,97.77777777777777,11.638669890243062
2026-03-21 16:49:23,87.5,97.77777777777777,11.652440612148304
2026-03-21 16:49:38,87.5,100.0,11.666211334053546
2026-03-21 16:49:53,87.5,100.0,11.679982055958789
2026-03-21 16:50:08,87.5,100.0,11.693752777864031
2026-03-21 16:50:23,87.5,100.0,11.707523499769273
2026-03-21 16:50:38,87.5,100.0,11.721294221674516
2026-03-21 16:50:53,87.5,100.0,11.735064943579758
2026-03-21 16:51:08,87.5,100.0,11.748835665485
2026-03-21 16:51:23,87.5,100.0,11.762606387390242
2026-03-21 16:51:38,87.5,100.0,11.776377109295485
2026-03-21 16:51:53,87.5,100.0,11.790147831200729
2026-03-21 16:52:08,87.5,100.0,11.803918553105971
2026-03-21 16:52:23,87.5,100.0,11.817689275011213
2026-03-21 16:52:38,87.5,100.0,11.831459996916456
2026-03-21 16:52:53,87.5,100.0,11.845230718821698
2026-03-21 16:53:08,87.5,100.0,11.85900144072694
2026-03-21 16:53:23,87.5,100.0,11.872772162632183
2026-03-21 16:53:38,87.5,100.0,11.886542884537425
2026-03-21 16:53:53,87.5,100.0,11.900313606442667
2026-03-21 16:54:08,100.0,100.0,11.914084328347911
2026-03-21 16:54:23,100.0,100.0,11.927855050253154
2026-03-21 16:54:38,100.0,100.0,11.941625772158396
2026-03-21 16:54:53,100.0,100.0,11.955396494063638
2026-03-21 16:55:08,100.0,100.0,11.96916721596888
2026-03-21 16:55:23,100.0,100.0,11.982937937874123
2026-03-21 16:55:38,100.0,100.0,11.996708659779365
2026-03-21 16:55:53,100.0,100.0,12.010479381684608
2026-03-21 16:56:08,100.0,100.0,12.02425010358985
2026-03-21 16:56:23,100.0,100.0,12.038020825495092
2026-03-21 16:56:38,100.0,100.0,12.051791547400335
2026-03-21 16:56:53,100.0,100.0,12.065562269305577
2026-03-21 16:57:08,100.0,100.0,12.07933299121082
2026-03-21 16:57:23,100.0,100.0,12.093103713116061
2026-03-21 16:57:38,100.0,100.0,12.106874435021304
2026-03-21 16:57:53,100.0,100.0,12.120645156926546
2026-03-21 16:58:08,100.0,100.0,12.13441587883179
2026-03-21 16:58:23,100.0,100.0,12.148186600737032
2026-03-21 16:58:38,100.0,100.0,12.161957322642275
2026-03-21 16:58:53,100.0,100.0,12.175728044547517
2026-03-21 16:59:08,100.0,100.0,12.18949876645276
2026-03-21 16:59:23,100.0,100.0,12.203269488358002
2026-03-21 16:59:38,100.0,100.0,12.217040210263244
2026-03-21 16:59:53,100.0,100.0,12.230810932168486
2026-03-21 17:00:08,100.0,100.0,12.244581654073729
2026-03-21 17:00:23,100.0,100.0,12.258352375978971
2026-03-21 17:00:38,100.0,100.0,12.272123097884215
2026-03-21 17:00:53,100.0,100.0,12.285893819789457
2026-03-21 17:01:08,100.0,100.0,12.2996645416947
2026-03-21 17:01:23,100.0,100.0,12.313435263599942
2026-03-21 17:01:38,100.0,100.0,12.327205985505184
2026-03-21 17:01:53,100.0,100.0,12.340976707410427
2026-03-21 17:02:08,100.0,100.0,12.354747429315669
2026-03-21 17:02:23,100.0,100.0,12.368518151220911
2026-03-21 17:02:38,100.0,100.0,12.382288873126154
2026-03-21 17:02:53,100.0,100.0,12.396059595031396
2026-03-21 17:03:08,100.0,100.0,12.409830316936638
2026-03-21 17:03:23,100.0,100.0,12.42360103884188
2026-03-21 17:03:38,100.0,100.0,12.437371760747123
2026-03-21 17:03:53,100.0,100.0,12.451142482652365
2026-03-21 17:04:08,100.0,100.0,12.464913204557607
2026-03-21 17:04:23,100.0,100.0,12.478683926462852
2026-03-21 17:04:38,100.0,100.0,12.492454648368094
2026-03-21 17:04:53,100.0,100.0,12.506225370273336
2026-03-21 17:05:08,100.0,100.0,12.519996092178578
2026-03-21 17:05:23,100.0,100.0,12.53376681408382
2026-03-21 17:05:38,100.0,100.0,12.547537535989063
2026-03-21 17:05:53,100.0,100.0,12.561308257894305
2026-03-21 17:06:08,100.0,100.0,12.575078979799548
2026-03-21 17:06:23,100.0,100.0,12.58884970170479
2026-03-21 17:06:38,100.0,100.0,12.602620423610032
2026-03-21 17:06:53,100.0,100.0,12.616391145515276
2026-03-21 17:07:08,100.0,100.0,12.630161867420519
2026-03-21 17:07:23,100.0,100.0,12.643932589325761
2026-03-21 17:07:38,100.0,100.0,12.657703311231003
2026-03-21 17:07:53,100.0,100.0,12.671474033136246
2026-03-21 17:08:08,100.0,100.0,12.685244755041488
2026-03-21 17:08:23,100.0,100.0,12.69901547694673
2026-03-21 17:08:38,100.0,100.0,12.712786198851973
2026-03-21 17:08:53,100.0,100.0,12.726556920757215
2026-03-21 17:09:08,100.0,100.0,12.740327642662457
2026-03-21 17:09:23,100.0,100.0,12.7540983645677
2026-03-21 17:09:38,100.0,100.0,12.767869086472942
2026-03-21 17:09:53,100.0,100.0,12.781639808378184
2026-03-21 17:10:08,100.0,100.0,12.795410530283426
2026-03-21 17:10:23,100.0,100.0,12.809181252188669
2026-03-21 17:10:38,100.0,100.0,12.822951974093913
2026-03-21 17:10:53,100.0,100.0,12.836722695999155
2026-03-21 17:11:08,100.0,100.0,12.850493417904397
2026-03-21 17:11:23,100.0,100.0,12.86426413980964
2026-03-21 17:11:38,100.0,100.0,12.878034861714882
2026-03-21 17:11:53,100.0,100.0,12.891805583620124
2026-03-21 17:12:08,100.0,100.0,12.905576305525367
2026-03-21 17:12:23,100.0,100.0,12.919347027430609
2026-03-21 17:12:38,100.0,100.0,12.933117749335853
2026-03-21 17:12:53,100.0,100.0,12.946888471241095
2026-03-21 17:13:08,100.0,100.0,12.960659193146338
2026-03-21 17:13:23,100.0,100.0,12.97442991505158
2026-03-21 17:13:38,100.0,100.0,12.988200636956822
2026-03-21 17:13:53,100.0,100.0,13.001971358862065
2026-03-21 17:14:08,100.0,100.0,13.015742080767307
2026-03-21 17:14:23,100.0,100.0,13.02951280267255
2026-03-21 17:14:38,100.0,100.0,13.043283524577792
2026-03-21 17:14:53,100.0,100.0,13.057054246483034
2026-03-21 17:15:08,100.0,100.0,13.070824968388276
2026-03-21 17:15:23,112.5,100.0,13.084595690293519
2026-03-21 17:15:38,112.5,100.0,13.09836641219876
2026-03-21 17:15:53,112.5,100.0,13.112137134104003
2026-03-21 17:16:08,112.5,100.0,13.125907856009245
2026-03-21 17:16:23,112.5,100.0,13.139678577914488
2026-03-21 17:16:38,112.5,100.0,13.15344929981973
2026-03-21 17:16:53,112.5,100.0,13.167220021724972
2026-03-21 17:17:08,100.0,100.0,13.180990743630215
2026-03-21 17:17:23,100.0,100.0,13.194761465535459
2026-03-21 17:17:38,100.0,100.0,13.208532187440701
2026-03-21 17:17:53,100.0,100.0,13.222302909345943
2026-03-21 17:18:08,100.0,100.0,13.236073631251186
2026-03-21 17:18:23,100.0,100.0,13.249844353156428
2026-03-21 17:18:38,100.0,100.0,13.26361507506167
2026-03-21 17:18:53,100.0,100.0,13.277385796966914
2026-03-21 17:19:08,100.0,100.0,13.291156518872157
2026-03-21 17:19:23,100.0,100.0,13.304927240777399
2026-03-21 17:19:38,100.0,100.0,13.318697962682641
2026-03-21 17:19:53,100.0,100.0,13.332468684587884
2026-03-21 17:20:08,100.0,100.0,13.346239406493126
2026-03-21 17:20:23,100.0,100.0,13.360010128398368
2026-03-21 17:20:38,100.0,100.0,13.37378085030361
2026-03-21 17:20:53,100.0,100.0,13.387551572208853
2026-03-21 17:21:08,100.0,100.0,13.401322294114095
2026-03-21 17:21:23,100.0,100.0,13.415093016019338
2026-03-21 17:21:38,100.0,100.0,13.42886373792458
2026-03-21 17:21:53,100.0,100.0,13.442634459829822
2026-03-21 17:22:08,100.0,100.0,13.456405181735065
2026-03-21 17:22:23,100.0,100.0,13.470175903640307
2026-03-21 17:22:38,100.0,100.0,13.48394662554555
2026-03-21 17:22:53,100.0,100.0,13.497717347450791
2026-03-21 17:23:08,100.0,100.0,13.511488069356034
2026-03-21 17:23:23,100.0,100.0,13.525258791261276
2026-03-21 17:23:38,100.0,100.0,13.53902951316652
2026-03-21 17:23:53,100.0,100.0,13.552800235071762
2026-03-21 17:24:08,100.0,100.0,13.566570956977005
2026-03-21 17:24:23,100.0,100.0,13.580341678882247
2026-03-21 17:24:38,100.0,100.0,13.59411240078749
2026-03-21 17:24:53,100.0,100.0,13.607883122692732
2026-03-21 17:25:08,100.0,100.0,13.621653844597976
2026-03-21 17:25:23,100.0,100.0,13.635424566503218
2026-03-21 17:25:38,100.0,100.0,13.64919528840846
2026-03-21 17:25:53,100.0,100.0,13.662966010313703
2026-03-21 17:26:08,100.0,100.0,13.676736732218945
2026-03-21 17:26:23,100.0,100.0,13.690507454124187
2026-03-21 17:26:38,100.0,100.0,13.70427817602943
2026-03-21 17:26:53,100.0,100.0,13.718048897934672
2026-03-21 17:27:08,100.0,100.0,13.731819619839914
2026-03-21 17:27:23,100.0,100.0,13.745590341745157
2026-03-21 17:27:38,100.0,100.0,13.759361063650399
2026-03-21 17:27:53,100.0,100.0,13.773131785555641
2026-03-21 17:28:08,100.0,100.0,13.786902507460884
2026-03-21 17:28:23,100.0,100.0,13.800673229366126
2026-03-21 17:28:38,100.0,100.0,13.814443951271368
2026-03-21 17:28:53,100.0,100.0,13.82821467317661
2026-03-21 17:29:08,100.0,100.0,13.841985395081853
2026-03-21 17:29:23,100.0,100.0,13.855756116987095
2026-03-21 17:29:38,100.0,100.0,13.869526838892337
2026-03-21 17:29:53,100.0,100.0,13.883297560797581
2026-03-21 17:30:08,100.0,100.0,13.897068282702824
2026-03-21 17:30:23,100.0,100.0,13.910839004608066
2026-03-21 17:30:38,100.0,100.0,13.924609726513308
2026-03-21 17:30:53,100.0,100.0,13.93838044841855
2026-03-21 17:31:08,100.0,100.0,13.952151170323793
2026-03-21 17:31:23,100.0,100.0,13.965921892229037
2026-03-21 17:31:38,100.0,100.0,13.97969261413428
2026-03-21 17:31:53,100.0,100.0,13.993463336039522
2026-03-21 17:32:08,100.0,100.0,14.007234057944764
2026-03-21 17:32:23,100.0,100.0,14.021004779850006
2026-03-21 17:32:38,100.0,100.0,14.034775501755249
2026-03-21 17:32:53,100.0,100.0,14.048546223660491
2026-03-21 17:33:08,100.0,100.0,14.062316945565733
2026-03-21 17:33:23,100.0,100.0,14.076087667470976
2026-03-21 17:33:38,100.0,100.0,14.089858389376218
2026-03-21 17:33:53,100.0,100.0,14.10362911128146
2026-03-21 17:34:08,100.0,100.0,14.117399833186703
2026-03-21 17:34:23,100.0,100.0,14.131170555091945
2026-03-21 17:34:38,100.0,100.0,14.144941276997187
2026-03-21 17:34:53,100.0,100.0,14.15871199890243
2026-03-21 17:35:08,100.0,100.0,14.172482720807672
2026-03-21 17:35:23,100.0,100.0,14.186253442712914
2026-03-21 17:35:38,100.0,100.0,14.200024164618156
2026-03-21 17:35:53,100.0,100.0,14.213794886523399
2026-03-21 17:36:08,100.0,100.0,14.227565608428643
2026-03-21 17:36:23,100.0,100.0,14.241336330333885
2026-03-21 17:36:38,100.0,100.0,14.255107052239127
2026-03-21 17:36:53,100.0,100.0,14.26887777414437
2026-03-21 17:37:08,100.0,100.0,14.282648496049612
2026-03-21 17:37:23,100.0,100.0,14.296419217954854
2026-03-21 17:37:38,100.0,100.0,14.310189939860097
2026-03-21 17:37:53,100.0,100.0,14.32396066176534
2026-03-21 17:38:08,100.0,100.0,14.337731383670583
2026-03-21 17:38:23,100.0,100.0,14.351502105575825
2026-03-21 17:38:38,100.0,98.24561403508771,14.365272827481068
2026-03-21 17:38:53,100.0,96.49122807017544,14.37904354938631
2026-03-21 17:39:08,100.0,96.49122807017544,14.392814271291552
2026-03-21 17:39:23,100.0,94.73684210526315,14.406584993196795
2026-03-21 17:39:38,100.0,94.73684210526315,14.420355715102037
2026-03-21 17:39:53,100.0,94.73684210526315,14.43412643700728
2026-03-21 17:40:08,100.0,94.73684210526315,14.447897158912522
2026-03-21 17:40:23,100.0,94.73684210526315,14.461667880817764
2026-03-21 17:40:38,100.0,94.73684210526315,14.475438602723006
2026-03-21 17:40:53,100.0,94.73684210526315,14.489209324628249
2026-03-21 17:41:08,100.0,94.73684210526315,14.50298004653349
2026-03-21 17:41:23,100.0,94.73684210526315,14.516750768438733
2026-03-21 17:41:38,100.0,94.73684210526315,14.530521490343975
2026-03-21 17:41:53,100.0,94.73684210526315,14.544292212249218
2026-03-21 17:42:08,100.0,94.73684210526315,14.55806293415446
2026-03-21 17:42:23,100.0,94.73684210526315,14.571833656059704
2026-03-21 17:42:38,100.0,94.73684210526315,14.585604377964946
2026-03-21 17:42:53,100.0,94.73684210526315,14.599375099870189
2026-03-21 17:43:08,100.0,94.73684210526315,14.613145821775431
2026-03-21 17:43:23,100.0,94.73684210526315,14.626916543680673
2026-03-21 17:43:38,100.0,94.73684210526315,14.640687265585916
2026-03-21 17:43:53,100.0,94.73684210526315,14.654457987491158
2026-03-21 17:44:08,100.0,94.73684210526315,14.668228709396402
2026-03-21 17:44:23,100.0,94.73684210526315,14.681999431301644
2026-03-21 17:44:38,100.0,94.73684210526315,14.695770153206887
2026-03-21 17:44:53,100.0,94.73684210526315,14.709540875112129
2026-03-21 17:45:08,87.5,94.73684210526315,14.723311597017371
2026-03-21 17:45:23,87.5,94.73684210526315,14.737082318922614
2026-03-21 17:45:38,100.0,94.73684210526315,14.750853040827856
2026-03-21 17:45:53,100.0,94.73684210526315,14.764623762733098
2026-03-21 17:46:08,87.5,94.73684210526315,14.77839448463834
2026-03-21 17:46:23,87.5,94.73684210526315,14.792165206543583
2026-03-21 17:46:38,87.5,94.73684210526315,14.805935928448825
2026-03-21 17:46:53,87.5,94.73684210526315,14.819706650354068
2026-03-21 17:47:08,87.5,94.73684210526315,14.83347737225931
2026-03-21 17:47:23,87.5,94.73684210526315,14.847248094164552
2026-03-21 17:47:38,87.5,94.73684210526315,14.861018816069794
2026-03-21 17:47:53,87.5,94.73684210526315,14.874789537975037
2026-03-21 17:48:08,87.5,94.73684210526315,14.888560259880279
2026-03-21 17:48:23,87.5,94.73684210526315,14.902330981785521
2026-03-21 17:48:38,87.5,94.73684210526315,14.916101703690764
2026-03-21 17:48:53,87.5,94.73684210526315,14.929872425596008
2026-03-21 17:49:08,87.5,94.73684210526315,14.94364314750125
2026-03-21 17:49:23,87.5,94.73684210526315,14.957413869406492
2026-03-21 17:49:38,87.5,94.73684210526315,14.971184591311735
2026-03-21 17:49:53,87.5,94.73684210526315,14.984955313216977
2026-03-21 17:50:08,87.5,94.73684210526315,14.99872603512222
2026-03-21 17:50:23,87.5,95.08196721311475,15.012496757027463
2026-03-21 17:50:38,87.5,95.08196721311475,15.026267478932706
2026-03-21 17:50:53,87.5,95.08196721311475,15.040038200837948
2026-03-21 17:51:08,87.5,95.08196721311475,15.05380892274319
2026-03-21 17:51:23,87.5,93.44262295081968,15.067579644648433
2026-03-21 17:51:38,87.5,93.44262295081968,15.081350366553675
2026-03-21 17:51:53,87.5,93.44262295081968,15.095121088458917
2026-03-21 17:52:08,87.5,93.44262295081968,15.10889181036416
2026-03-21 17:52:23,87.5,93.44262295081968,15.122662532269402
2026-03-21 17:52:38,87.5,91.80327868852459,15.136433254174644
2026-03-21 17:52:53,87.5,91.80327868852459,15.150203976079887
2026-03-21 17:53:08,87.5,91.80327868852459,15.163974697985129
2026-03-21 17:53:23,87.5,93.44262295081968,15.177745419890371
2026-03-21 17:53:38,87.5,93.44262295081968,15.191516141795613
2026-03-21 17:53:53,87.5,91.80327868852459,15.205286863700856
2026-03-21 17:54:08,87.5,91.80327868852459,15.219057585606098
2026-03-21 17:54:23,87.5,90.1639344262295,15.23282830751134
2026-03-21 17:54:38,87.5,88.52459016393442,15.246599029416583
2026-03-21 17:54:53,100.0,86.88524590163934,15.260369751321825
2026-03-21 17:55:08,100.0,86.88524590163934,15.27414047322707
2026-03-21 17:55:23,100.0,86.88524590163934,15.287911195132311
2026-03-21 17:55:38,100.0,86.88524590163934,15.301681917037554
2026-03-21 17:55:53,100.0,86.88524590163934,15.315452638942796
2026-03-21 17:56:08,100.0,86.88524590163934,15.329223360848038
2026-03-21 17:56:23,100.0,86.88524590163934,15.34299408275328
2026-03-21 17:56:38,100.0,86.88524590163934,15.356764804658525
2026-03-21 17:56:53,100.0,86.88524590163934,15.370535526563767
2026-03-21 17:57:08,100.0,86.88524590163934,15.38430624846901
2026-03-21 17:57:23,100.0,85.24590163934425,15.398076970374252
2026-03-21 17:57:38,100.0,83.60655737704919,15.411847692279494
2026-03-21 17:57:53,100.0,81.9672131147541,15.425618414184736
2026-03-21 17:58:08,100.0,80.32786885245902,15.439389136089979
2026-03-21 17:58:23,100.0,78.68852459016394,15.453159857995221
2026-03-21 17:58:38,100.0,77.04918032786885,15.466930579900463
2026-03-21 17:58:53,100.0,77.04918032786885,15.480701301805706
2026-03-21 17:59:08,100.0,75.40983606557377,15.494472023710948
2026-03-21 17:59:23,100.0,75.40983606557377,15.50824274561619
2026-03-21 17:59:38,100.0,75.40983606557377,15.522013467521433
2026-03-21 17:59:53,100.0,75.40983606557377,15.535784189426675
2026-03-21 18:00:08,87.5,75.40983606557377,15.567550883032347
2026-03-21 18:00:23,100.0,75.40983606557377,15.615064051875896
2026-03-21 18:00:38,87.5,75.40983606557377,15.662577220719443
2026-03-21 18:00:53,87.5,75.40983606557377,15.71009038956299
2026-03-21 18:01:08,87.5,75.40983606557377,15.757603558406538
2026-03-21 18:01:23,87.5,75.40983606557377,15.805116727250088
2026-03-21 18:01:38,87.5,75.40983606557377,15.852629896093635
2026-03-21 18:01:53,87.5,75.40983606557377,15.900143064937183
2026-03-21 18:02:08,87.5,75.40983606557377,15.94765623378073
2026-03-21 18:02:23,87.5,75.40983606557377,15.995169402624278
2026-03-21 18:02:38,87.5,76.92307692307693,16.042682571467825
2026-03-21 18:02:53,87.5,76.92307692307693,16.090195740311373
2026-03-21 18:03:08,87.5,76.92307692307693,16.137708909154924
2026-03-21 18:03:23,87.5,76.92307692307693,16.18522207799847
2026-03-21 18:03:38,87.5,76.92307692307693,16.23273524684202
2026-03-21 18:03:53,87.5,76.92307692307693,16.280248415685566
2026-03-21 18:04:08,87.5,76.92307692307693,16.327761584529114
2026-03-21 18:04:23,87.5,76.92307692307693,16.37527475337266
2026-03-21 18:04:38,87.5,76.92307692307693,16.42278792221621
2026-03-21 18:04:53,87.5,76.92307692307693,16.470301091059756
2026-03-21 18:05:08,87.5,75.38461538461539,16.517814259903307
2026-03-21 18:05:23,87.5,75.38461538461539,16.565327428746855
2026-03-21 18:05:38,87.5,75.38461538461539,16.612840597590402
2026-03-21 18:05:53,87.5,75.38461538461539,16.66035376643395
2026-03-21 18:06:08,87.5,75.38461538461539,16.707866935277497
2026-03-21 18:06:23,87.5,75.38461538461539,16.755380104121045
2026-03-21 18:06:38,87.5,75.38461538461539,16.802893272964592
2026-03-21 18:06:53,87.5,75.38461538461539,16.85040644180814
2026-03-21 18:07:08,87.5,76.92307692307693,16.89791961065169
2026-03-21 18:07:23,87.5,76.92307692307693,16.94543277949524
2026-03-21 18:07:38,87.5,76.92307692307693,16.992945948338786
2026-03-21 18:07:53,87.5,78.26086956521739,17.040459117182333
2026-03-21 18:08:08,87.5,78.26086956521739,17.08797228602588
2026-03-21 18:08:23,87.5,78.26086956521739,17.13548545486943
2026-03-21 18:08:38,87.5,78.26086956521739,17.182998623712976
2026-03-21 18:08:53,100.0,79.71014492753623,17.230511792556523
2026-03-21 18:09:08,100.0,79.71014492753623,17.278024961400074
2026-03-21 18:09:23,100.0,79.71014492753623,17.325538130243622
2026-03-21 18:09:38,100.0,79.71014492753623,17.37305129908717
2026-03-21 18:09:53,100.0,81.15942028985508,17.420564467930717
2026-03-21 18:10:08,100.0,82.6086956521739,17.468077636774265
2026-03-21 18:10:23,100.0,84.05797101449275,17.515590805617812
2026-03-21 18:10:38,100.0,85.5072463768116,17.56310397446136
2026-03-21 18:10:53,100.0,86.95652173913044,17.610617143304907
2026-03-21 18:11:08,100.0,88.40579710144928,17.658130312148458
2026-03-21 18:11:23,100.0,88.40579710144928,17.705643480992006
2026-03-21 18:11:38,100.0,88.40579710144928,17.753156649835553
2026-03-21 18:11:53,100.0,88.40579710144928,17.8006698186791
2026-03-21 18:12:08,100.0,88.40579710144928,17.848182987522648
2026-03-21 18:12:23,100.0,88.40579710144928,17.895696156366196
2026-03-21 18:12:38,100.0,88.40579710144928,17.943209325209743
2026-03-21 18:12:53,100.0,88.40579710144928,17.99072249405329
2026-03-21 18:13:08,100.0,89.04109589041096,18.038235662896838
2026-03-21 18:13:23,100.0,87.67123287671232,18.08574883174039
2026-03-21 18:13:38,100.0,87.67123287671232,18.133262000583937
2026-03-21 18:13:53,100.0,86.3013698630137,18.180775169427484
2026-03-21 18:14:08,100.0,86.3013698630137,18.22828833827103
2026-03-21 18:14:23,100.0,86.3013698630137,18.27580150711458
2026-03-21 18:14:38,100.0,86.3013698630137,18.323314675958127
2026-03-21 18:14:53,100.0,86.3013698630137,18.370827844801674
2026-03-21 18:15:08,100.0,86.3013698630137,18.418341013645225
2026-03-21 18:15:23,100.0,86.3013698630137,18.465854182488773
2026-03-21 18:15:38,100.0,84.93150684931507,18.51336735133232
2026-03-21 18:15:53,100.0,84.93150684931507,18.560880520175868
2026-03-21 18:16:08,100.0,83.56164383561644,18.608393689019415
2026-03-21 18:16:23,100.0,82.1917808219178,18.655906857862963
2026-03-21 18:16:38,100.0,80.82191780821918,18.70342002670651
2026-03-21 18:16:53,100.0,79.45205479452055,18.750933195550058
2026-03-21 18:17:08,100.0,78.08219178082192,18.798446364393605
2026-03-21 18:17:23,87.5,76.71232876712328,18.845959533237156
2026-03-21 18:17:38,87.5,75.34246575342466,18.893472702080704
2026-03-21 18:17:53,100.0,73.97260273972603,18.94098587092425
2026-03-21 18:18:08,100.0,72.6027397260274,18.9884990397678
2026-03-21 18:18:23,100.0,70.12987012987013,19.036012208611346
2026-03-21 18:18:38,100.0,68.83116883116884,19.083525377454894
2026-03-21 18:18:53,100.0,67.53246753246754,19.13103854629844
2026-03-21 18:19:08,100.0,66.23376623376623,19.178551715141992
2026-03-21 18:19:23,100.0,64.93506493506493,19.22606488398554
2026-03-21 18:19:38,100.0,63.63636363636363,19.273578052829087
2026-03-21 18:19:53,100.0,62.33766233766234,19.321091221672635
2026-03-21 18:20:08,100.0,61.038961038961034,19.368604390516182
2026-03-21 18:20:23,100.0,59.74025974025974,19.41611755935973
2026-03-21 18:20:38,100.0,58.44155844155844,19.463630728203277
2026-03-21 18:20:53,100.0,57.14285714285714,19.511143897046825
2026-03-21 18:21:08,100.0,55.84415584415584,19.558657065890372
2026-03-21 18:21:23,100.0,54.54545454545454,19.606170234733924
2026-03-21 18:21:38,100.0,53.246753246753244,19.65368340357747
2026-03-21 18:21:53,100.0,51.94805194805194,19.70119657242102
2026-03-21 18:22:08,100.0,51.94805194805194,19.748709741264566
2026-03-21 18:22:23,100.0,50.649350649350644,19.796222910108114
2026-03-21 18:22:38,100.0,49.35064935064935,19.84373607895166
2026-03-21 18:22:53,100.0,49.35064935064935,19.89124924779521
2026-03-21 18:23:08,100.0,48.05194805194805,19.93876241663876
2026-03-21 18:23:23,100.0,46.75324675324675,19.986275585482304
2026-03-21 18:23:38,87.5,48.148148148148145,20.033788754325855
2026-03-21 18:23:53,87.5,48.148148148148145,20.081301923169402
2026-03-21 18:24:08,87.5,48.148148148148145,20.12881509201295
2026-03-21 18:24:23,87.5,48.148148148148145,20.176328260856497
2026-03-21 18:24:38,87.5,48.148148148148145,20.223841429700045
2026-03-21 18:24:53,87.5,48.148148148148145,20.271354598543592
2026-03-21 18:25:08,87.5,48.148148148148145,20.31886776738714
2026-03-21 18:25:23,87.5,48.148148148148145,20.36638093623069
2026-03-21 18:25:38,87.5,48.148148148148145,20.413894105074238
2026-03-21 18:25:53,87.5,48.148148148148145,20.461407273917786
2026-03-21 18:26:08,87.5,48.148148148148145,20.508920442761333
2026-03-21 18:26:23,87.5,48.148148148148145,20.55643361160488
2026-03-21 18:26:38,87.5,48.148148148148145,20.603946780448428
2026-03-21 18:26:53,87.5,48.148148148148145,20.651459949291976
2026-03-21 18:27:08,87.5,48.148148148148145,20.698973118135523
2026-03-21 18:27:23,87.5,48.148148148148145,20.74648628697907
2026-03-21 18:27:38,87.5,48.148148148148145,20.79399945582262
2026-03-21 18:27:53,87.5,48.148148148148145,20.84151262466617
2026-03-21 18:28:08,87.5,48.148148148148145,20.889025793509717
2026-03-21 18:28:23,87.5,48.148148148148145,20.936538962353264
2026-03-21 18:28:38,75.0,48.148148148148145,20.984052131196812
2026-03-21 18:28:53,75.0,50.588235294117645,21.03156530004036
2026-03-21 18:29:08,75.0,50.588235294117645,21.079078468883907
2026-03-21 18:29:23,75.0,50.588235294117645,21.126591637727458
2026-03-21 18:29:38,75.0,50.588235294117645,21.174104806571002
2026-03-21 18:29:53,75.0,50.588235294117645,21.221617975414553
2026-03-21 18:30:08,75.0,50.588235294117645,21.2691311442581
2026-03-21 18:30:23,75.0,50.588235294117645,21.316644313101648
2026-03-21 18:30:38,75.0,50.588235294117645,21.364157481945195
2026-03-21 18:30:53,75.0,50.588235294117645,21.411670650788743
2026-03-21 18:31:08,75.0,50.588235294117645,21.45918381963229
2026-03-21 18:31:23,75.0,50.588235294117645,21.506696988475838
2026-03-21 18:31:38,75.0,50.588235294117645,21.55421015731939
2026-03-21 18:31:53,75.0,50.588235294117645,21.601723326162936
2026-03-21 18:32:08,75.0,50.588235294117645,21.649236495006484
2026-03-21 18:32:23,75.0,50.588235294117645,21.69674966385003
2026-03-21 18:32:38,75.0,50.588235294117645,21.74426283269358
2026-03-21 18:32:53,75.0,50.588235294117645,21.791776001537126
2026-03-21 18:33:08,75.0,51.76470588235295,21.839289170380674
2026-03-21 18:33:23,75.0,51.76470588235295,21.886802339224225
2026-03-21 18:33:38,75.0,52.94117647058824,21.93431550806777
2026-03-21 18:33:53,62.5,54.11764705882353,21.98182867691132
2026-03-21 18:34:08,62.5,55.0561797752809,22.029341845754868
2026-03-21 18:34:23,62.5,56.17977528089888,22.076855014598415
2026-03-21 18:34:38,62.5,57.30337078651685,22.124368183441963
2026-03-21 18:34:53,62.5,58.42696629213483,22.17188135228551
2026-03-21 18:35:08,62.5,59.55056179775281,22.219394521129058
2026-03-21 18:35:23,62.5,60.67415730337079,22.266907689972605
2026-03-21 18:35:38,62.5,61.79775280898876,22.314420858816156
2026-03-21 18:35:53,75.0,62.92134831460674,22.361934027659704
2026-03-21 18:36:08,75.0,64.04494382022472,22.40944719650325
2026-03-21 18:36:23,75.0,65.1685393258427,22.4569603653468
2026-03-21 18:36:38,75.0,66.29213483146067,22.504473534190346
2026-03-21 18:36:53,75.0,66.29213483146067,22.551986703033894
2026-03-21 18:37:08,75.0,67.41573033707866,22.59949987187744
2026-03-21 18:37:23,75.0,68.53932584269663,22.647013040720992
2026-03-21 18:37:38,75.0,69.66292134831461,22.694526209564536
2026-03-21 18:37:53,75.0,70.78651685393258,22.742039378408087
2026-03-21 18:38:08,75.0,71.91011235955057,22.789552547251635
2026-03-21 18:38:23,75.0,73.03370786516854,22.837065716095182
2026-03-21 18:38:38,75.0,74.15730337078652,22.88457888493873
2026-03-21 18:38:53,75.0,75.28089887640449,22.932092053782277
2026-03-21 18:39:08,75.0,76.40449438202246,22.979605222625825
2026-03-21 18:39:23,75.0,75.26881720430107,23.027118391469372
2026-03-21 18:39:38,75.0,76.34408602150538,23.074631560312923
2026-03-21 18:39:53,75.0,77.41935483870968,23.122144729156467
2026-03-21 18:40:08,75.0,77.41935483870968,23.16965789800002
2026-03-21 18:40:23,75.0,77.41935483870968,23.217171066843566
2026-03-21 18:40:38,75.0,77.41935483870968,23.264684235687113
2026-03-21 18:40:53,75.0,77.41935483870968,23.31219740453066
2026-03-21 18:41:08,75.0,77.41935483870968,23.35971057337421
2026-03-21 18:41:23,75.0,77.41935483870968,23.407223742217756
2026-03-21 18:41:38,75.0,77.41935483870968,23.454736911061303
2026-03-21 18:41:53,75.0,77.41935483870968,23.502250079904854
2026-03-21 18:42:08,75.0,77.41935483870968,23.5497632487484
2026-03-21 18:42:23,75.0,77.41935483870968,23.59727641759195
2026-03-21 18:42:38,75.0,78.49462365591397,23.644789586435497
2026-03-21 18:42:53,75.0,79.56989247311827,23.692302755279044
2026-03-21 18:43:08,75.0,80.64516129032258,23.739815924122592
2026-03-21 18:43:23,75.0,80.64516129032258,23.78732909296614
2026-03-21 18:43:38,75.0,81.72043010752688,23.83484226180969
2026-03-21 18:43:53,75.0,82.79569892473118,23.882355430653234
2026-03-21 18:44:08,75.0,83.87096774193549,23.929868599496785
2026-03-21 18:44:23,75.0,84.94623655913979,23.977381768340333
2026-03-21 18:44:38,75.0,84.5360824742268,24.02489493718388
2026-03-21 18:44:53,75.0,85.56701030927834,24.072408106027428
2026-03-21 18:45:08,75.0,86.5979381443299,24.119921274870975
2026-03-21 18:45:23,75.0,87.62886597938144,24.167434443714527
2026-03-21 18:45:38,75.0,87.62886597938144,24.21494761255807
2026-03-21 18:45:53,75.0,87.62886597938144,24.26246078140162
2026-03-21 18:46:08,75.0,87.62886597938144,24.309973950245165
2026-03-21 18:46:23,75.0,86.5979381443299,24.357487119088717
2026-03-21 18:46:38,75.0,85.56701030927834,24.405000287932264
2026-03-21 18:46:53,75.0,84.5360824742268,24.45251345677581
2026-03-21 18:47:08,75.0,83.50515463917526,24.50002662561936
2026-03-21 18:47:23,75.0,83.50515463917526,24.547539794462907
2026-03-21 18:47:38,75.0,83.50515463917526,24.595052963306458
2026-03-21 18:47:53,75.0,82.4742268041237,24.64256613215
2026-03-21 18:48:08,75.0,81.44329896907216,24.690079300993553
2026-03-21 18:48:23,75.0,80.41237113402062,24.7375924698371
2026-03-21 18:48:38,75.0,79.38144329896907,24.785105638680648
2026-03-21 18:48:53,75.0,78.35051546391753,24.832618807524195
2026-03-21 18:49:08,75.0,77.31958762886599,24.880131976367743
2026-03-21 18:49:23,75.0,76.28865979381443,24.927645145211294
2026-03-21 18:49:38,75.0,75.25773195876289,24.975158314054838
2026-03-21 18:49:53,75.0,73.26732673267327,25.02267148289839
2026-03-21 18:50:08,75.0,72.27722772277228,25.070184651741933
2026-03-21 18:50:23,75.0,71.28712871287128,25.117697820585484
2026-03-21 18:50:38,75.0,70.29702970297029,25.16521098942903
2026-03-21 18:50:53,75.0,69.3069306930693,25.21272415827258
2026-03-21 18:51:08,75.0,68.31683168316832,25.260237327116126
2026-03-21 18:51:23,75.0,67.32673267326733,25.307750495959674
2026-03-21 18:51:38,75.0,66.33663366336634,25.355263664803225
2026-03-21 18:51:53,75.0,65.34653465346535,25.40277683364677
2026-03-21 18:52:08,75.0,64.35643564356435,25.45029000249032
2026-03-21 18:52:23,75.0,63.366336633663366,25.497803171333867
2026-03-21 18:52:38,75.0,62.37623762376238,25.545316340177415
2026-03-21 18:52:53,75.0,61.386138613861384,25.592829509020962
2026-03-21 18:53:08,75.0,60.396039603960396,25.64034267786451
2026-03-21 18:53:23,75.0,59.4059405940594,25.687855846708057
2026-03-21 18:53:38,75.0,58.415841584158414,25.735369015551605
2026-03-21 18:53:53,75.0,57.42574257425742,25.782882184395156
2026-03-21 18:54:08,75.0,56.43564356435643,25.8303953532387
2026-03-21 18:54:23,75.0,55.44554455445545,25.87790852208225
2026-03-21 18:54:38,75.0,54.45544554455446,25.9254216909258
2026-03-21 18:54:53,75.0,53.46534653465347,25.972934859769346
2026-03-21 18:55:08,75.0,52.38095238095239,26.020448028612893
2026-03-21 18:55:23,75.0,51.42857142857142,26.06796119745644
2026-03-21 18:55:38,75.0,50.476190476190474,26.115474366299992
2026-03-21 18:55:53,75.0,49.523809523809526,26.162987535143536
2026-03-21 18:56:08,75.0,48.57142857142857,26.210500703987087
2026-03-21 18:56:23,75.0,47.61904761904761,26.25801387283063
2026-03-21 18:56:38,75.0,46.666666666666664,26.305527041674182
2026-03-21 18:56:53,75.0,45.714285714285715,26.35304021051773
2026-03-21 18:57:08,75.0,44.761904761904766,26.400553379361277
2026-03-21 18:57:23,75.0,43.80952380952381,26.448066548204824
2026-03-21 18:57:38,75.0,42.857142857142854,26.495579717048372
2026-03-21 18:57:53,75.0,41.904761904761905,26.543092885891923
2026-03-21 18:58:08,75.0,40.95238095238095,26.590606054735467
2026-03-21 18:58:23,75.0,40.0,26.638119223579018
2026-03-21 18:58:38,75.0,39.04761904761905,26.685632392422566
2026-03-21 18:58:53,75.0,38.095238095238095,26.733145561266113
2026-03-21 18:59:08,75.0,37.142857142857146,26.78065873010966
2026-03-21 18:59:23,75.0,36.19047619047619,26.828171898953208
2026-03-21 18:59:38,75.0,35.23809523809524,26.87568506779676
2026-03-21 18:59:53,75.0,34.285714285714285,26.923198236640303
2026-03-21 19:00:08,75.0,33.33333333333333,26.970711405483854
2026-03-21 19:00:23,75.0,35.77981651376147,27.018224574327398
2026-03-21 19:00:38,75.0,35.77981651376147,27.06573774317095
2026-03-21 19:00:53,75.0,35.77981651376147,27.113250912014497
2026-03-21 19:01:08,75.0,35.77981651376147,27.160764080858044
2026-03-21 19:01:23,75.0,35.77981651376147,27.20827724970159
2026-03-21 19:01:38,75.0,36.69724770642202,27.25579041854514
2026-03-21 19:01:53,75.0,36.69724770642202,27.30330358738869
2026-03-21 19:02:08,75.0,36.69724770642202,27.350816756232234
2026-03-21 19:02:23,75.0,36.69724770642202,27.398329925075785
2026-03-21 19:02:38,75.0,36.69724770642202,27.445843093919333
2026-03-21 19:02:53,75.0,36.69724770642202,27.49335626276288
2026-03-21 19:03:08,75.0,36.69724770642202,27.540869431606428
2026-03-21 19:03:23,75.0,36.69724770642202,27.588382600449975
2026-03-21 19:03:38,75.0,36.69724770642202,27.635895769293526
2026-03-21 19:03:53,75.0,36.69724770642202,27.68340893813707
2026-03-21 19:04:08,75.0,36.69724770642202,27.73092210698062
2026-03-21 19:04:23,75.0,36.69724770642202,27.778435275824165
2026-03-21 19:04:38,75.0,37.61467889908257,27.825948444667716
2026-03-21 19:04:53,75.0,37.61467889908257,27.873461613511264
2026-03-21 19:05:08,75.0,37.61467889908257,27.92097478235481
2026-03-21 19:05:23,75.0,38.53211009174312,27.96848795119836
2026-03-21 19:05:38,75.0,39.823008849557525,28.016001120041906
2026-03-21 19:05:53,62.5,40.707964601769916,28.063514288885457
2026-03-21 19:06:08,62.5,41.5929203539823,28.111027457729
2026-03-21 19:06:23,62.5,42.47787610619469,28.158540626572552
2026-03-21 19:06:38,62.5,43.36283185840708,28.206053795416096
2026-03-21 19:06:53,62.5,44.24778761061947,28.253566964259647
2026-03-21 19:07:08,62.5,44.24778761061947,28.301080133103195
2026-03-21 19:07:23,62.5,44.24778761061947,28.348593301946742
2026-03-21 19:07:38,62.5,44.24778761061947,28.39610647079029
2026-03-21 19:07:53,62.5,44.24778761061947,28.443619639633837
2026-03-21 19:08:08,62.5,45.13274336283185,28.49113280847739
2026-03-21 19:08:23,62.5,45.13274336283185,28.538645977320932
2026-03-21 19:08:38,62.5,45.13274336283185,28.586159146164484
2026-03-21 19:08:53,62.5,45.13274336283185,28.63367231500803
2026-03-21 19:09:08,62.5,45.13274336283185,28.68118548385158
2026-03-21 19:09:23,62.5,44.24778761061947,28.728698652695126
2026-03-21 19:09:38,62.5,44.24778761061947,28.776211821538674
2026-03-21 19:09:53,62.5,44.24778761061947,28.823724990382225
2026-03-21 19:10:08,62.5,44.24778761061947,28.87123815922577
2026-03-21 19:10:23,62.5,44.24778761061947,28.91875132806932
2026-03-21 19:10:38,62.5,44.24778761061947,28.966264496912864
2026-03-21 19:10:53,50.0,46.15384615384615,29.013777665756415
2026-03-21 19:11:08,50.0,46.15384615384615,29.061290834599962
2026-03-21 19:11:23,50.0,46.15384615384615,29.10880400344351
2026-03-21 19:11:38,50.0,46.15384615384615,29.156317172287057
2026-03-21 19:11:53,50.0,46.15384615384615,29.203830341130605
2026-03-21 19:12:08,50.0,46.15384615384615,29.251343509974156
2026-03-21 19:12:23,50.0,46.15384615384615,29.2988566788177
2026-03-21 19:12:38,50.0,46.15384615384615,29.34636984766125
2026-03-21 19:12:53,50.0,46.15384615384615,29.393883016504798
2026-03-21 19:13:08,50.0,47.008547008547005,29.441396185348346
2026-03-21 19:13:23,50.0,47.863247863247864,29.488909354191893
2026-03-21 19:13:38,50.0,48.717948717948715,29.53642252303544
2026-03-21 19:13:53,50.0,49.572649572649574,29.58393569187899
2026-03-21 19:14:08,50.0,49.572649572649574,29.631448860722536
2026-03-21 19:14:23,50.0,49.572649572649574,29.678962029566087
2026-03-21 19:14:38,50.0,50.427350427350426,29.72647519840963
2026-03-21 19:14:53,50.0,50.427350427350426,29.77398836725318
2026-03-21 19:15:08,50.0,50.427350427350426,29.82150153609673
2026-03-21 19:15:23,50.0,50.427350427350426,29.869014704940277
2026-03-21 19:15:38,50.0,50.427350427350426,29.916527873783824
2026-03-21 19:15:53,50.0,50.427350427350426,29.964041042627372
2026-03-21 19:16:08,50.0,50.413223140495866,30.011554211470923
2026-03-21 19:16:23,50.0,50.413223140495866,30.059067380314467
2026-03-21 19:16:38,50.0,50.413223140495866,30.106580549158018
2026-03-21 19:16:53,50.0,50.413223140495866,30.154093718001565
2026-03-21 19:17:08,50.0,50.413223140495866,30.201606886845113
2026-03-21 19:17:23,50.0,50.413223140495866,30.24912005568866
2026-03-21 19:17:38,62.5,50.413223140495866,30.296633224532208
2026-03-21 19:17:53,62.5,50.413223140495866,30.34414639337576
2026-03-21 19:18:08,62.5,50.413223140495866,30.391659562219303
2026-03-21 19:18:23,62.5,50.413223140495866,30.439172731062854
2026-03-21 19:18:38,62.5,50.413223140495866,30.486685899906398
2026-03-21 19:18:53,62.5,50.413223140495866,30.53419906874995
2026-03-21 19:19:08,62.5,50.413223140495866,30.581712237593496
2026-03-21 19:19:23,62.5,50.413223140495866,30.629225406437044
2026-03-21 19:19:38,62.5,50.413223140495866,30.67673857528059
2026-03-21 19:19:53,62.5,50.413223140495866,30.72425174412414
2026-03-21 19:20:08,62.5,50.413223140495866,30.77176491296769
2026-03-21 19:20:23,62.5,50.413223140495866,30.819278081811234
2026-03-21 19:20:38,62.5,50.413223140495866,30.866791250654785
2026-03-21 19:20:53,62.5,50.413223140495866,30.91430441949833
2026-03-21 19:21:08,62.5,50.413223140495866,30.96181758834188
2026-03-21 19:21:23,62.5,48.8,31.009330757185428
2026-03-21 19:21:38,62.5,48.8,31.056843926028975
2026-03-21 19:21:53,62.5,48.8,31.104357094872523
2026-03-21 19:22:08,62.5,48.8,31.15187026371607
2026-03-21 19:22:23,62.5,48.8,31.19938343255962
2026-03-21 19:22:38,62.5,48.8,31.246896601403165
2026-03-21 19:22:53,62.5,48.8,31.294409770246716
2026-03-21 19:23:08,62.5,48.8,31.341922939090264
2026-03-21 19:23:23,62.5,48.8,31.38943610793381
2026-03-21 19:23:38,62.5,48.8,31.43694927677736
2026-03-21 19:23:53,62.5,48.8,31.484462445620906
2026-03-21 19:24:08,62.5,48.8,31.531975614464457
2026-03-21 19:24:23,62.5,48.8,31.579488783308
2026-03-21 19:24:38,62.5,48.8,31.627001952151552
2026-03-21 19:24:53,62.5,48.8,31.6745151209951
2026-03-21 19:25:08,62.5,48.8,31.722028289838647
2026-03-21 19:25:23,62.5,48.8,31.769541458682195
2026-03-21 19:25:38,62.5,48.8,31.817054627525742
2026-03-21 19:25:53,62.5,48.8,31.86456779636929
2026-03-21 19:26:08,62.5,48.8,31.912080965212837
2026-03-21 19:26:23,62.5,48.8,31.959594134056385
2026-03-21 19:26:38,62.5,47.286821705426355,32.00710730289994
2026-03-21 19:26:53,62.5,47.286821705426355,32.05462047174348
2026-03-21 19:27:08,62.5,47.286821705426355,32.10213364058703
2026-03-21 19:27:23,62.5,47.286821705426355,32.14964680943058
2026-03-21 19:27:38,62.5,47.286821705426355,32.19715997827413
2026-03-21 19:27:53,62.5,47.286821705426355,32.24467314711767
2026-03-21 19:28:08,62.5,47.286821705426355,32.29218631596122
2026-03-21 19:28:23,75.0,47.286821705426355,32.33969948480477
2026-03-21 19:28:38,75.0,47.286821705426355,32.38721265364832
2026-03-21 19:28:53,75.0,47.286821705426355,32.43472582249187
2026-03-21 19:29:08,75.0,47.286821705426355,32.482238991335414
2026-03-21 19:29:23,75.0,47.286821705426355,32.52975216017896
2026-03-21 19:29:38,75.0,46.51162790697674,32.57726532902251
2026-03-21 19:29:53,62.5,45.73643410852713,32.62477849786606
2026-03-21 19:30:08,62.5,44.96124031007752,32.672291666709604
2026-03-21 19:30:23,62.5,44.18604651162791,32.71980483555315
2026-03-21 19:30:38,62.5,43.41085271317829,32.7673180043967
2026-03-21 19:30:53,62.5,42.63565891472868,32.81483117324025
2026-03-21 19:31:08,62.5,41.86046511627907,32.8623443420838
2026-03-21 19:31:23,62.5,41.08527131782946,32.909857510927345
2026-03-21 19:31:38,62.5,40.310077519379846,32.95737067977089
2026-03-21 19:31:53,62.5,39.849624060150376,33.00488384861444
2026-03-21 19:32:08,62.5,39.097744360902254,33.05239701745799
2026-03-21 19:32:23,62.5,38.34586466165413,33.099910186301535
2026-03-21 19:32:38,62.5,37.59398496240601,33.14742335514508
2026-03-21 19:32:53,62.5,36.84210526315789,33.19493652398863
2026-03-21 19:33:08,62.5,36.09022556390977,33.24244969283218
2026-03-21 19:33:23,62.5,35.338345864661655,33.28996286167573
2026-03-21 19:33:38,62.5,34.58646616541353,33.33747603051928
2026-03-21 19:33:53,62.5,33.83458646616541,33.38498919936282
2026-03-21 19:34:08,62.5,33.08270676691729,33.43250236820637
2026-03-21 19:34:23,62.5,32.33082706766917,33.48001553704992
2026-03-21 19:34:38,62.5,31.57894736842105,33.52752870589347
2026-03-21 19:34:53,62.5,30.82706766917293,33.57504187473702
2026-03-21 19:35:08,62.5,30.075187969924812,33.62255504358056
2026-03-21 19:35:23,62.5,29.32330827067669,33.67006821242411
2026-03-21 19:35:38,62.5,28.57142857142857,33.717581381267664
2026-03-21 19:35:53,62.5,27.819548872180448,33.76509455011121
2026-03-21 19:36:08,62.5,27.06766917293233,33.81260771895475
2026-03-21 19:36:23,62.5,26.31578947368421,33.8601208877983
2026-03-21 19:36:38,50.0,25.563909774436087,33.907634056641854
2026-03-21 19:36:53,50.0,24.81203007518797,33.955147225485405
2026-03-21 19:37:08,50.0,24.817518248175183,34.00266039432895
2026-03-21 19:37:23,50.0,24.087591240875913,34.05017356317249
2026-03-21 19:37:38,50.0,23.357664233576642,34.097686732016044
2026-03-21 19:37:53,50.0,22.62773722627737,34.145199900859595
2026-03-21 19:38:08,50.0,21.897810218978105,34.19271306970314
2026-03-21 19:38:23,50.0,21.897810218978105,34.24022623854668
2026-03-21 19:38:38,50.0,21.897810218978105,34.287739407390234
2026-03-21 19:38:53,50.0,21.897810218978105,34.335252576233785
2026-03-21 19:39:08,50.0,21.897810218978105,34.382765745077336
2026-03-21 19:39:23,50.0,21.16788321167883,34.43027891392088
2026-03-21 19:39:38,50.0,20.437956204379564,34.477792082764424
2026-03-21 19:39:53,50.0,19.708029197080293,34.525305251607975
2026-03-21 19:40:08,50.0,18.97810218978102,34.572818420451526
2026-03-21 19:40:23,37.5,18.248175182481752,34.62033158929507
2026-03-21 19:40:38,50.0,18.248175182481752,34.667844758138614
2026-03-21 19:40:53,37.5,17.51824817518248,34.715357926982165
2026-03-21 19:41:08,37.5,16.78832116788321,34.762871095825716
2026-03-21 19:41:23,37.5,16.05839416058394,34.81038426466927
2026-03-21 19:41:38,37.5,15.328467153284672,34.85789743351281
2026-03-21 19:41:53,37.5,14.5985401459854,34.905410602356355
2026-03-21 19:42:08,37.5,13.86861313868613,34.952923771199906
2026-03-21 19:42:23,37.5,14.184397163120568,35.00043694004346
2026-03-21 19:42:38,37.5,13.47517730496454,35.047950108887
2026-03-21 19:42:53,37.5,12.76595744680851,35.09546327773055
2026-03-21 19:43:08,37.5,12.056737588652481,35.142976446574096
2026-03-21 19:43:23,37.5,11.347517730496454,35.19048961541765
2026-03-21 19:43:38,37.5,10.638297872340425,35.2380027842612
2026-03-21 19:43:53,37.5,9.929078014184398,35.28551595310474
2026-03-21 19:44:08,37.5,9.219858156028367,35.333029121948286
2026-03-21 19:44:23,37.5,8.51063829787234,35.38054229079184
2026-03-21 19:44:38,37.5,7.801418439716312,35.42805545963539
2026-03-21 19:44:53,37.5,7.092198581560284,35.47556862847893
2026-03-21 19:45:08,37.5,6.382978723404255,35.52308179732248
2026-03-21 19:45:23,37.5,5.673758865248227,35.57059496616603
2026-03-21 19:45:38,37.5,4.964539007092199,35.61810813500958
2026-03-21 19:45:53,37.5,4.25531914893617,35.66562130385313
2026-03-21 19:46:08,37.5,3.546099290780142,35.71313447269667
2026-03-21 19:46:23,37.5,2.8368794326241136,35.76064764154022
2026-03-21 19:46:38,37.5,2.127659574468085,35.80816081038377
2026-03-21 19:46:53,37.5,1.4184397163120568,35.85567397922732
2026-03-21 19:47:08,37.5,1.4184397163120568,35.90318714807087
2026-03-21 19:47:23,37.5,1.4184397163120568,35.950700316914414
2026-03-21 19:47:38,37.5,1.4184397163120568,35.99821348575796
2026-03-21 19:47:53,37.5,1.3793103448275863,36.04572665460151
2026-03-21 19:48:08,37.5,1.3793103448275863,36.09323982344506
2026-03-21 19:48:23,37.5,1.3793103448275863,36.140752992288604
2026-03-21 19:48:38,37.5,1.3793103448275863,36.18826616113215
2026-03-21 19:48:53,37.5,0.6896551724137931,36.2357793299757
2026-03-21 19:49:08,37.5,0.0,36.28329249881925
2026-03-21 19:49:23,37.5,0.0,36.3308056676628
2026-03-21 19:49:38,37.5,0.0,36.378318836506345
2026-03-21 19:49:53,37.5,0.0,36.42583200534989
2026-03-21 19:50:08,25.0,0.0,36.47334517419344
2026-03-21 19:50:23,37.5,0.0,36.52085834303699
2026-03-21 19:50:38,25.0,0.0,36.568371511880535
2026-03-21 19:50:53,25.0,0.0,36.61588468072408
2026-03-21 19:51:08,25.0,0.0,36.66339784956763
2026-03-21 19:51:23,25.0,0.0,36.71091101841118
2026-03-21 19:51:38,25.0,0.0,36.75842418725473
2026-03-21 19:51:53,25.0,0.0,36.805937356098276
2026-03-21 19:52:08,25.0,0.0,36.85345052494182
2026-03-21 19:52:23,25.0,0.0,36.90096369378537
2026-03-21 19:52:38,25.0,0.0,36.94847686262892
2026-03-21 19:52:53,25.0,0.0,36.995990031472466
2026-03-21 19:53:08,25.0,0.0,37.04350320031602
2026-03-21 19:53:23,25.0,0.0,37.09101636915956
2026-03-21 19:53:38,25.0,0.0,37.13852953800311
2026-03-21 19:53:53,25.0,0.0,37.18604270684666
2026-03-21 19:54:08,25.0,0.0,37.23355587569021
2026-03-21 19:54:23,25.0,0.0,37.28106904453375
2026-03-21 19:54:38,25.0,0.0,37.3285822133773
2026-03-21 19:54:53,25.0,0.0,37.37609538222085
2026-03-21 19:55:08,25.0,0.0,37.423608551064405
2026-03-21 19:55:23,25.0,0.0,37.47112171990795
2026-03-21 19:55:38,25.0,0.0,37.51863488875149
2026-03-21 19:55:53,25.0,0.0,37.56614805759504
2026-03-21 19:56:08,25.0,0.0,37.613661226438595
2026-03-21 19:56:23,25.0,0.0,37.66117439528214
2026-03-21 19:56:38,25.0,0.0,37.70868756412568
2026-03-21 19:56:53,25.0,0.0,37.75620073296923
2026-03-21 19:57:08,25.0,0.0,37.803713901812785
2026-03-21 19:57:23,25.0,0.0,37.851227070656336
2026-03-21 19:57:38,25.0,0.0,37.89874023949988
2026-03-21 19:57:53,25.0,0.0,37.94625340834342
2026-03-21 19:58:08,25.0,0.0,37.993766577186975
2026-03-21 19:58:23,25.0,0.0,38.041279746030526
2026-03-21 19:58:38,25.0,0.0,38.08879291487407
2026-03-21 19:58:53,25.0,0.0,38.13630608371761
2026-03-21 19:59:08,25.0,0.0,38.183819252561165
2026-03-21 19:59:23,25.0,0.0,38.231332421404716
2026-03-21 19:59:38,25.0,0.0,38.27884559024827
2026-03-21 19:59:53,25.0,0.0,38.32635875909181
2026-03-21 20:00:08,25.0,0.0,38.311477647250776
2026-03-21 20:00:23,25.0,0.0,38.24200153981074
2026-03-21 20:00:38,25.0,0.0,38.1725254323707
2026-03-21 20:00:53,25.0,0.0,38.10304932493066
2026-03-21 20:01:08,25.0,0.0,38.03357321749062
2026-03-21 20:01:23,25.0,0.0,37.96409711005058
2026-03-21 20:01:38,25.0,0.0,37.89462100261054
2026-03-21 20:01:53,25.0,0.0,37.8251448951705
2026-03-21 20:02:08,25.0,0.0,37.755668787730464
2026-03-21 20:02:23,25.0,0.0,37.686192680290425
2026-03-21 20:02:38,25.0,0.0,37.616716572850386
2026-03-21 20:02:53,25.0,0.0,37.54724046541035
2026-03-21 20:03:08,25.0,0.0,37.47776435797031
2026-03-21 20:03:23,25.0,0.0,37.40828825053027
2026-03-21 20:03:38,25.0,0.0,37.33881214309023
2026-03-21 20:03:53,25.0,0.0,37.26933603565019
2026-03-21 20:04:08,25.0,0.0,37.19985992821015
2026-03-21 20:04:23,25.0,0.0,37.13038382077011
2026-03-21 20:04:38,25.0,0.0,37.060907713330074
2026-03-21 20:04:53,25.0,0.0,36.991431605890035
2026-03-21 20:05:08,25.0,0.0,36.92195549845
2026-03-21 20:05:23,25.0,0.0,36.85247939100996
2026-03-21 20:05:38,25.0,0.0,36.78300328356992
2026-03-21 20:05:53,25.0,0.0,36.71352717612988
2026-03-21 20:06:08,25.0,0.0,36.64405106868984
2026-03-21 20:06:23,25.0,0.0,36.5745749612498
2026-03-21 20:06:38,25.0,0.0,36.50509885380976
2026-03-21 20:06:53,25.0,0.0,36.435622746369724
2026-03-21 20:07:08,25.0,0.0,36.366146638929685
2026-03-21 20:07:23,25.0,0.0,36.296670531489646
2026-03-21 20:07:38,25.0,0.0,36.22719442404961
2026-03-21 20:07:53,25.0,0.0,36.15771831660957
2026-03-21 20:08:08,25.0,0.0,36.08824220916952
2026-03-21 20:08:23,25.0,0.0,36.01876610172948
2026-03-21 20:08:38,25.0,0.0,35.949289994289444
2026-03-21 20:08:53,25.0,0.0,35.879813886849405
2026-03-21 20:09:08,25.0,0.0,35.810337779409366
2026-03-21 20:09:23,25.0,0.0,35.74086167196933
2026-03-21 20:09:38,25.0,0.0,35.67138556452929
2026-03-21 20:09:53,25.0,0.0,35.60190945708925
2026-03-21 20:10:08,25.0,0.0,35.53243334964921
2026-03-21 20:10:23,25.0,0.0,35.46295724220917
2026-03-21 20:10:38,25.0,0.0,35.39348113476913
2026-03-21 20:10:53,25.0,0.0,35.32400502732909
2026-03-21 20:11:08,25.0,0.0,35.254528919889054
2026-03-21 20:11:23,12.5,0.0,35.185052812449015
2026-03-21 20:11:38,12.5,0.0,35.115576705008976
2026-03-21 20:11:53,12.5,0.0,35.04610059756894
2026-03-21 20:12:08,12.5,0.0,34.9766244901289
2026-03-21 20:12:23,12.5,0.0,34.90714838268886
2026-03-21 20:12:38,12.5,0.0,34.83767227524882
2026-03-21 20:12:53,12.5,0.0,34.76819616780878
2026-03-21 20:13:08,12.5,0.0,34.69872006036874
2026-03-21 20:13:23,12.5,0.0,34.629243952928704
2026-03-21 20:13:38,12.5,0.0,34.559767845488665
2026-03-21 20:13:53,12.5,0.0,34.490291738048626
2026-03-21 20:14:08,12.5,0.0,34.42081563060859
2026-03-21 20:14:23,12.5,0.0,34.35133952316855
2026-03-21 20:14:38,12.5,0.0,34.28186341572851
2026-03-21 20:14:53,12.5,0.0,34.21238730828847
2026-03-21 20:15:08,12.5,0.0,34.14291120084843
2026-03-21 20:15:23,12.5,0.0,34.07343509340839
2026-03-21 20:15:38,12.5,0.0,34.00395898596835
2026-03-21 20:15:53,12.5,0.0,33.934482878528314
2026-03-21 20:16:08,12.5,0.0,33.865006771088275
2026-03-21 20:16:23,12.5,0.0,33.795530663648236
2026-03-21 20:16:38,12.5,0.0,33.7260545562082
2026-03-21 20:16:53,12.5,0.0,33.65657844876816
2026-03-21 20:17:08,12.5,0.0,33.58710234132812
2026-03-21 20:17:23,12.5,0.0,33.51762623388808
2026-03-21 20:17:38,12.5,0.0,33.448150126448034
2026-03-21 20:17:53,12.5,0.0,33.378674019007995
2026-03-21 20:18:08,12.5,0.0,33.309197911567956
2026-03-21 20:18:23,12.5,0.0,33.23972180412792
2026-03-21 20:18:38,12.5,0.0,33.17024569668788
2026-03-21 20:18:53,12.5,0.0,33.10076958924784
2026-03-21 20:19:08,12.5,0.0,33.0312934818078
2026-03-21 20:19:23,12.5,0.0,32.96181737436776
2026-03-21 20:19:38,12.5,0.0,32.89234126692772
2026-03-21 20:19:53,12.5,0.0,32.822865159487684
2026-03-21 20:20:08,12.5,0.0,32.753389052047645
2026-03-21 20:20:23,12.5,0.0,32.683912944607606
2026-03-21 20:20:38,12.5,0.0,32.61443683716757
2026-03-21 20:20:53,12.5,0.0,32.54496072972753
2026-03-21 20:21:08,12.5,0.0,32.47548462228749
2026-03-21 20:21:23,12.5,0.0,32.40600851484745
2026-03-21 20:21:38,12.5,0.0,32.33653240740741
2026-03-21 20:21:53,12.5,0.0,32.26705629996737
2026-03-21 20:22:08,12.5,0.0,32.19758019252733
2026-03-21 20:22:23,12.5,0.0,32.128104085087294
2026-03-21 20:22:38,12.5,0.0,32.058627977647255
2026-03-21 20:22:53,12.5,0.0,31.989151870207216
2026-03-21 20:23:08,12.5,0.0,31.919675762767177
2026-03-21 20:23:23,12.5,0.0,31.85019965532714
2026-03-21 20:23:38,12.5,0.0,31.7807235478871
2026-03-21 20:23:53,12.5,0.0,31.71124744044706
2026-03-21 20:24:08,12.5,0.0,31.641771333007018
2026-03-21 20:24:23,12.5,0.0,31.57229522556698
2026-03-21 20:24:38,12.5,0.0,31.50281911812694
2026-03-21 20:24:53,12.5,0.0,31.4333430106869
2026-03-21 20:25:08,12.5,0.0,31.363866903246862
2026-03-21 20:25:23,12.5,0.0,31.294390795806823
2026-03-21 20:25:38,12.5,0.0,31.224914688366784
2026-03-21 20:25:53,12.5,0.0,31.155438580926745
2026-03-21 20:26:08,12.5,0.0,31.085962473486706
2026-03-21 20:26:23,12.5,0.0,31.016486366046667
2026-03-21 20:26:38,12.5,0.0,30.94701025860663
2026-03-21 20:26:53,12.5,0.0,30.87753415116659
2026-03-21 20:27:08,12.5,0.0,30.80805804372655
2026-03-21 20:27:23,12.5,0.0,30.738581936286508
2026-03-21 20:27:38,12.5,0.0,30.66910582884647
2026-03-21 20:27:53,12.5,0.0,30.59962972140643
2026-03-21 20:28:08,12.5,0.0,30.53015361396639
2026-03-21 20:28:23,12.5,0.0,30.460677506526352
2026-03-21 20:28:38,12.5,0.0,30.391201399086313
2026-03-21 20:28:53,12.5,0.0,30.321725291646274
2026-03-21 20:29:08,12.5,0.0,30.252249184206235
2026-03-21 20:29:23,12.5,0.0,30.182773076766196
2026-03-21 20:29:38,12.5,0.0,30.113296969326157
2026-03-21 20:29:53,12.5,0.0,30.043820861886118
2026-03-21 20:30:08,12.5,0.0,29.97434475444608
2026-03-21 20:30:23,12.5,0.0,29.90486864700604
2026-03-21 20:30:38,12.5,0.0,29.835392539566
2026-03-21 20:30:53,12.5,0.0,29.765916432125962
2026-03-21 20:31:08,12.5,0.0,29.696440324685923
2026-03-21 20:31:23,12.5,0.0,29.626964217245884
2026-03-21 20:31:38,12.5,0.0,29.557488109805846
2026-03-21 20:31:53,12.5,0.0,29.488012002365807
2026-03-21 20:32:08,12.5,0.0,29.418535894925768
2026-03-21 20:32:23,12.5,0.0,29.34905978748573
2026-03-21 20:32:38,12.5,0.0,29.27958368004569
2026-03-21 20:32:53,12.5,0.0,29.21010757260565
2026-03-21 20:33:08,12.5,0.0,29.140631465165608
2026-03-21 20:33:23,12.5,0.0,29.07115535772557
2026-03-21 20:33:38,12.5,0.0,29.00167925028553
2026-03-21 20:33:53,12.5,0.0,28.93220314284549
2026-03-21 20:34:08,12.5,0.0,28.862727035405452
2026-03-21 20:34:23,12.5,0.0,28.793250927965413
2026-03-21 20:34:38,12.5,0.0,28.723774820525374
2026-03-21 20:34:53,12.5,0.0,28.654298713085335
2026-03-21 20:35:08,12.5,0.0,28.584822605645297
2026-03-21 20:35:23,12.5,0.0,28.515346498205254
2026-03-21 20:35:38,12.5,0.0,28.445870390765215
2026-03-21 20:35:53,12.5,0.0,28.376394283325176
2026-03-21 20:36:08,12.5,0.0,28.306918175885137
2026-03-21 20:36:23,12.5,0.0,28.237442068445098
2026-03-21 20:36:38,12.5,0.0,28.16796596100506
2026-03-21 20:36:53,12.5,0.0,28.09848985356502
2026-03-21 20:37:08,12.5,0.0,28.02901374612498
2026-03-21 20:37:23,12.5,0.0,27.959537638684942
2026-03-21 20:37:38,12.5,0.0,27.890061531244903
2026-03-21 20:37:53,12.5,0.0,27.820585423804864
2026-03-21 20:38:08,12.5,0.0,27.751109316364825
2026-03-21 20:38:23,12.5,0.0,27.681633208924787
2026-03-21 20:38:38,12.5,0.0,27.612157101484748
2026-03-21 20:38:53,12.5,0.0,27.54268099404471
2026-03-21 20:39:08,12.5,0.0,27.47320488660467
2026-03-21 20:39:23,12.5,0.0,27.40372877916463
2026-03-21 20:39:38,12.5,0.0,27.33425267172459
2026-03-21 20:39:53,12.5,0.0,27.264776564284553
2026-03-21 20:40:08,12.5,0.0,27.195300456844514
2026-03-21 20:40:23,12.5,0.0,27.125824349404475
2026-03-21 20:40:38,12.5,0.0,27.056348241964436
2026-03-21 20:40:53,12.5,0.0,26.986872134524397
2026-03-21 20:41:08,12.5,0.0,26.917396027084358
2026-03-21 20:41:23,12.5,0.0,26.84791991964432
2026-03-21 20:41:38,12.5,0.0,26.77844381220428
2026-03-21 20:41:53,12.5,0.0,26.708967704764238
2026-03-21 20:42:08,12.5,0.0,26.6394915973242
2026-03-21 20:42:23,12.5,0.0,26.57001548988416
2026-03-21 20:42:38,12.5,0.0,26.50053938244412
2026-03-21 20:42:53,12.5,0.0,26.43106327500408
2026-03-21 20:43:08,12.5,0.0,26.361587167564043
2026-03-21 20:43:23,12.5,0.0,26.292111060124004
2026-03-21 20:43:38,12.5,0.0,26.222634952683965
2026-03-21 20:43:53,12.5,0.0,26.153158845243922
2026-03-21 20:44:08,12.5,0.0,26.083682737803883
2026-03-21 20:44:23,12.5,0.0,26.014206630363844
2026-03-21 20:44:38,12.5,0.0,25.944730522923805
2026-03-21 20:44:53,12.5,0.0,25.875254415483766
2026-03-21 20:45:08,12.5,0.0,25.805778308043728
2026-03-21 20:45:23,12.5,0.0,25.73630220060369
2026-03-21 20:45:38,12.5,0.0,25.66682609316365
2026-03-21 20:45:53,12.5,0.0,25.59734998572361
2026-03-21 20:46:08,12.5,0.0,25.52787387828357
2026-03-21 20:46:23,12.5,0.0,25.458397770843533
2026-03-21 20:46:38,12.5,0.0,25.388921663403494
2026-03-21 20:46:53,12.5,0.0,25.319445555963455
2026-03-21 20:47:08,12.5,0.0,25.249969448523416
2026-03-21 20:47:23,12.5,0.0,25.180493341083377
2026-03-21 20:47:38,12.5,0.0,25.111017233643338
2026-03-21 20:47:53,12.5,0.0,25.0415411262033
2026-03-21 20:48:08,12.5,0.0,24.97206501876326
2026-03-21 20:48:23,12.5,0.0,24.90258891132322
2026-03-21 20:48:38,12.5,0.0,24.833112803883182
2026-03-21 20:48:53,12.5,0.0,24.763636696443143
2026-03-21 20:49:08,12.5,0.0,24.694160589003104
2026-03-21 20:49:23,12.5,0.0,24.624684481563065
2026-03-21 20:49:38,12.5,0.0,24.555208374123026
2026-03-21 20:49:53,12.5,0.0,24.485732266682987
2026-03-21 20:50:08,12.5,0.0,24.41625615924295
2026-03-21 20:50:23,12.5,0.0,24.346780051802906
2026-03-21 20:50:38,12.5,0.0,24.277303944362867
2026-03-21 20:50:53,12.5,0.0,24.207827836922828
2026-03-21 20:51:08,12.5,0.0,24.13835172948279
2026-03-21 20:51:23,12.5,0.0,24.06887562204275
2026-03-21 20:51:38,12.5,0.0,23.99939951460271
2026-03-21 20:51:53,12.5,0.0,23.929923407162672
2026-03-21 20:52:08,12.5,0.0,23.860447299722633
2026-03-21 20:52:23,12.5,0.0,23.790971192282594
2026-03-21 20:52:38,12.5,0.0,23.72149508484255
2026-03-21 20:52:53,12.5,0.0,23.652018977402513
2026-03-21 20:53:08,12.5,0.0,23.582542869962474
2026-03-21 20:53:23,12.5,0.0,23.513066762522435
2026-03-21 20:53:38,12.5,0.0,23.443590655082396
2026-03-21 20:53:53,12.5,0.0,23.374114547642357
2026-03-21 20:54:08,12.5,0.0,23.304638440202318
2026-03-21 20:54:23,12.5,0.0,23.23516233276228
2026-03-21 20:54:38,12.5,0.0,23.16568622532224
2026-03-21 20:54:53,12.5,0.0,23.0962101178822
2026-03-21 20:55:08,12.5,0.0,23.026734010442162
2026-03-21 20:55:23,12.5,0.0,22.957257903002123
2026-03-21 20:55:38,12.5,0.0,22.887781795562084
2026-03-21 20:55:53,12.5,0.0,22.818305688122045
2026-03-21 20:56:08,12.5,0.0,22.748829580682006
2026-03-21 20:56:23,12.5,0.0,22.679353473241967
2026-03-21 20:56:38,12.5,0.0,22.60987736580193
2026-03-21 20:56:53,12.5,0.0,22.54040125836189
2026-03-21 20:57:08,12.5,0.0,22.47092515092185
2026-03-21 20:57:23,12.5,0.0,22.40144904348181
2026-03-21 20:57:38,12.5,0.0,22.331972936041772
2026-03-21 20:57:53,12.5,0.0,22.26249682860173
2026-03-21 20:58:08,12.5,0.0,22.19302072116169
2026-03-21 20:58:23,12.5,0.0,22.123544613721652
2026-03-21 20:58:38,12.5,0.0,22.054068506281613
2026-03-21 20:58:53,12.5,0.0,21.984592398841574
2026-03-21 20:59:08,12.5,0.0,21.915116291401535
2026-03-21 20:59:23,12.5,0.0,21.845640183961496
2026-03-21 20:59:38,12.5,0.0,21.776164076521457
2026-03-21 20:59:53,12.5,0.0,21.70668796908142
2026-03-21 21:00:08,12.5,0.0,21.63721186164138
2026-03-21 21:00:23,12.5,0.0,21.56773575420134
2026-03-21 21:00:38,12.5,0.0,21.4982596467613
2026-03-21 21:00:53,12.5,0.0,21.428783539321262
2026-03-21 21:01:08,12.5,0.0,21.359307431881223
2026-03-21 21:01:23,12.5,0.0,21.289831324441185
2026-03-21 21:01:38,12.5,0.0,21.220355217001146
2026-03-21 21:01:53,12.5,0.0,21.150879109561107
2026-03-21 21:02:08,12.5,0.0,21.081403002121064
2026-03-21 21:02:23,12.5,0.0,21.011926894681025
2026-03-21 21:02:38,12.5,0.0,20.942450787240986
2026-03-21 21:02:53,12.5,0.0,20.872974679800947
2026-03-21 21:03:08,12.5,0.0,20.80349857236091
2026-03-21 21:03:23,12.5,0.0,20.73402246492087
2026-03-21 21:03:38,12.5,0.0,20.66454635748083
2026-03-21 21:03:53,12.5,0.0,20.59507025004079
2026-03-21 21:04:08,12.5,0.0,20.525594142600752
2026-03-21 21:04:23,12.5,0.0,20.456118035160713
2026-03-21 21:04:38,12.5,0.0,20.386641927720675
2026-03-21 21:04:53,12.5,0.0,20.317165820280636
2026-03-21 21:05:08,12.5,0.0,20.247689712840597
2026-03-21 21:05:23,12.5,0.0,20.178213605400558
2026-03-21 21:05:38,12.5,0.0,20.10873749796052
2026-03-21 21:05:53,12.5,0.0,20.03926139052048
2026-03-21 21:06:08,12.5,0.0,19.96978528308044
2026-03-21 21:06:23,12.5,0.0,19.900309175640402
2026-03-21 21:06:38,12.5,0.0,19.83083306820036
2026-03-21 21:06:53,12.5,0.0,19.76135696076032
2026-03-21 21:07:08,12.5,0.0,19.69188085332028
2026-03-21 21:07:23,12.5,0.0,19.622404745880242
2026-03-21 21:07:38,12.5,0.0,19.552928638440203
2026-03-21 21:07:53,12.5,0.0,19.483452531000164
2026-03-21 21:08:08,12.5,0.0,19.413976423560126
2026-03-21 21:08:23,12.5,0.0,19.344500316120087
2026-03-21 21:08:38,12.5,0.0,19.275024208680048
2026-03-21 21:08:53,12.5,0.0,19.20554810124001
2026-03-21 21:09:08,12.5,0.0,19.13607199379997
2026-03-21 21:09:23,12.5,0.0,19.06659588635993
2026-03-21 21:09:38,12.5,0.0,18.997119778919892
2026-03-21 21:09:53,12.5,0.0,18.927643671479853
2026-03-21 21:10:08,12.5,0.0,18.858167564039814
2026-03-21 21:10:23,12.5,0.0,18.788691456599775
2026-03-21 21:10:38,12.5,0.0,18.719215349159736
2026-03-21 21:10:53,12.5,0.0,18.649739241719693
2026-03-21 21:11:08,12.5,0.0,18.580263134279654
2026-03-21 21:11:23,12.5,0.0,18.510787026839616
2026-03-21 21:11:38,12.5,0.0,18.441310919399577
2026-03-21 21:11:53,12.5,0.0,18.371834811959538
2026-03-21 21:12:08,12.5,0.0,18.3023587045195
2026-03-21 21:12:23,12.5,0.0,18.23288259707946
2026-03-21 21:12:38,12.5,0.0,18.16340648963942
2026-03-21 21:12:53,12.5,0.0,18.09393038219938
2026-03-21 21:13:08,12.5,0.0,18.024454274759343
2026-03-21 21:13:23,12.5,0.0,17.954978167319304
2026-03-21 21:13:38,12.5,0.0,17.885502059879265
2026-03-21 21:13:53,12.5,0.0,17.816025952439226
2026-03-21 21:14:08,12.5,0.0,17.746549844999187
2026-03-21 21:14:23,12.5,0.0,17.677073737559148
2026-03-21 21:14:38,12.5,0.0,17.60759763011911
2026-03-21 21:14:53,12.5,0.0,17.53812152267907
2026-03-21 21:15:08,12.5,0.0,17.468645415239028
2026-03-21 21:15:23,12.5,0.0,17.39916930779899
2026-03-21 21:15:38,12.5,0.0,17.32969320035895
2026-03-21 21:15:53,12.5,0.0,17.26021709291891
2026-03-21 21:16:08,12.5,0.0,17.19074098547887
2026-03-21 21:16:23,12.5,0.0,17.121264878038833
2026-03-21 21:16:38,12.5,0.0,17.051788770598794
2026-03-21 21:16:53,12.5,0.0,16.982312663158755
2026-03-21 21:17:08,0.0,0.0,16.912836555718716
2026-03-21 21:17:23,0.0,0.0,16.843360448278677
2026-03-21 21:17:38,0.0,0.0,16.773884340838638
2026-03-21 21:17:53,0.0,0.0,16.7044082333986
2026-03-21 21:18:08,0.0,0.0,16.63493212595856
2026-03-21 21:18:23,0.0,0.0,16.56545601851852
2026-03-21 21:18:38,0.0,0.0,16.495979911078482
2026-03-21 21:18:53,0.0,0.0,16.426503803638443
2026-03-21 21:19:08,0.0,0.0,16.357027696198404
2026-03-21 21:19:23,0.0,0.0,16.28755158875836
2026-03-21 21:19:38,0.0,0.0,16.218075481318323
2026-03-21 21:19:53,0.0,0.0,16.148599373878284
2026-03-21 21:20:08,0.0,0.0,16.079123266438245
2026-03-21 21:20:23,0.0,0.0,16.009647158998206
2026-03-21 21:20:38,0.0,0.0,15.940171051558167
2026-03-21 21:20:53,0.0,0.0,15.870694944118128
2026-03-21 21:21:08,0.0,0.0,15.801218836678089
2026-03-21 21:21:23,0.0,0.0,15.73174272923805
2026-03-21 21:21:38,0.0,0.0,15.662266621798011
2026-03-21 21:21:53,0.0,0.0,15.592790514357972
2026-03-21 21:22:08,0.0,0.0,15.523314406917933
2026-03-21 21:22:23,0.0,0.0,15.453838299477894
2026-03-21 21:22:38,0.0,0.0,15.384362192037855
2026-03-21 21:22:53,0.0,0.0,15.314886084597816
2026-03-21 21:23:08,0.0,0.0,15.245409977157777
2026-03-21 21:23:23,0.0,0.0,15.175933869717738
2026-03-21 21:23:38,0.0,0.0,15.1064577622777
2026-03-21 21:23:53,0.0,0.0,15.036981654837657
2026-03-21 21:24:08,0.0,0.0,14.967505547397618
2026-03-21 21:24:23,0.0,0.0,14.898029439957579
2026-03-21 21:24:38,0.0,0.0,14.82855333251754
2026-03-21 21:24:53,0.0,0.0,14.759077225077501
2026-03-21 21:25:08,0.0,0.0,14.689601117637462
2026-03-21 21:25:23,0.0,0.0,14.620125010197423
2026-03-21 21:25:38,0.0,0.0,14.550648902757384
2026-03-21 21:25:53,0.0,0.0,14.481172795317345
2026-03-21 21:26:08,0.0,0.0,14.411696687877306
2026-03-21 21:26:23,0.0,0.0,14.342220580437267
2026-03-21 21:26:38,0.0,0.0,14.272744472997228
2026-03-21 21:26:53,0.0,0.0,14.20326836555719
2026-03-21 21:27:08,0.0,0.0,14.13379225811715
2026-03-21 21:27:23,0.0,0.0,14.064316150677111
2026-03-21 21:27:38,0.0,0.0,13.994840043237073
2026-03-21 21:27:53,0.0,0.0,13.925363935797034
2026-03-21 21:28:08,0.0,0.0,13.855887828356991
2026-03-21 21:28:23,0.0,0.0,13.786411720916952
2026-03-21 21:28:38,0.0,0.0,13.716935613476913
2026-03-21 21:28:53,0.0,0.0,13.647459506036874
2026-03-21 21:29:08,0.0,0.0,13.577983398596835
2026-03-21 21:29:23,0.0,0.0,13.508507291156796
2026-03-21 21:29:38,0.0,0.0,13.439031183716757
2026-03-21 21:29:53,0.0,0.0,13.369555076276718
2026-03-21 21:30:08,0.0,0.0,13.30007896883668
2026-03-21 21:30:23,0.0,0.0,13.23060286139664
2026-03-21 21:30:38,0.0,0.0,13.161126753956601
2026-03-21 21:30:53,0.0,0.0,13.091650646516563
2026-03-21 21:31:08,0.0,0.0,13.022174539076524
2026-03-21 21:31:23,0.0,0.0,12.952698431636485
2026-03-21 21:31:38,0.0,0.0,12.883222324196446
2026-03-21 21:31:53,0.0,0.0,12.813746216756407
2026-03-21 21:32:08,0.0,0.0,12.744270109316368
2026-03-21 21:32:23,0.0,0.0,12.674794001876325
2026-03-21 21:32:38,0.0,0.0,12.605317894436286
2026-03-21 21:32:53,0.0,0.0,12.535841786996247
2026-03-21 21:33:08,0.0,0.0,12.466365679556208
2026-03-21 21:33:23,0.0,0.0,12.39688957211617
2026-03-21 21:33:38,0.0,0.0,12.32741346467613
2026-03-21 21:33:53,0.0,0.0,12.257937357236091
2026-03-21 21:34:08,0.0,0.0,12.188461249796052
2026-03-21 21:34:23,0.0,0.0,12.118985142356014
2026-03-21 21:34:38,0.0,0.0,12.049509034915975
2026-03-21 21:34:53,0.0,0.0,11.980032927475936
2026-03-21 21:35:08,0.0,0.0,11.910556820035897
2026-03-21 21:35:23,0.0,0.0,11.841080712595858
2026-03-21 21:35:38,0.0,0.0,11.771604605155819
2026-03-21 21:35:53,0.0,0.0,11.70212849771578
2026-03-21 21:36:08,0.0,0.0,11.63265239027574
2026-03-21 21:36:23,0.0,0.0,11.563176282835702
2026-03-21 21:36:38,0.0,0.0,11.49370017539566
2026-03-21 21:36:53,0.0,0.0,11.42422406795562
2026-03-21 21:37:08,0.0,0.0,11.354747960515581
2026-03-21 21:37:23,0.0,0.0,11.285271853075542
2026-03-21 21:37:38,0.0,0.0,11.215795745635504
2026-03-21 21:37:53,0.0,0.0,11.146319638195465
2026-03-21 21:38:08,0.0,0.0,11.076843530755426
2026-03-21 21:38:23,0.0,0.0,11.007367423315387
2026-03-21 21:38:38,0.0,0.0,10.937891315875348
2026-03-21 21:38:53,0.0,0.0,10.868415208435309
2026-03-21 21:39:08,0.0,0.0,10.79893910099527
2026-03-21 21:39:23,0.0,0.0,10.72946299355523
2026-03-21 21:39:38,0.0,0.0,10.659986886115192
2026-03-21 21:39:53,0.0,0.0,10.590510778675153
2026-03-21 21:40:08,0.0,0.0,10.521034671235114
2026-03-21 21:40:23,0.0,0.0,10.451558563795075
2026-03-21 21:40:38,0.0,0.0,10.382082456355036
2026-03-21 21:40:53,0.0,0.0,10.312606348914994
2026-03-21 21:41:08,0.0,0.0,10.243130241474955
2026-03-21 21:41:23,0.0,0.0,10.173654134034916
2026-03-21 21:41:38,0.0,0.0,10.104178026594877
2026-03-21 21:41:53,0.0,0.0,10.034701919154838
2026-03-21 21:42:08,0.0,0.0,9.965225811714799
2026-03-21 21:42:23,0.0,0.0,9.89574970427476
2026-03-21 21:42:38,0.0,0.0,9.82627359683472
2026-03-21 21:42:53,0.0,0.0,9.756797489394682
2026-03-21 21:43:08,0.0,0.0,9.687321381954643
2026-03-21 21:43:23,0.0,0.0,9.617845274514604
2026-03-21 21:43:38,0.0,0.0,9.548369167074565
2026-03-21 21:43:53,0.0,0.0,9.478893059634526
2026-03-21 21:44:08,0.0,0.0,9.409416952194487
2026-03-21 21:44:23,0.0,0.0,9.339940844754448
2026-03-21 21:44:38,0.0,0.0,9.27046473731441
2026-03-21 21:44:53,0.0,0.0,9.20098862987437
2026-03-21 21:45:08,0.0,0.0,9.131512522434331
2026-03-21 21:45:23,0.0,0.0,9.062036414994289
2026-03-21 21:45:38,0.0,0.0,8.99256030755425
2026-03-21 21:45:53,0.0,0.0,8.92308420011421
2026-03-21 21:46:08,0.0,0.0,8.853608092674172
2026-03-21 21:46:23,0.0,0.0,8.784131985234133
2026-03-21 21:46:38,0.0,0.0,8.714655877794094
2026-03-21 21:46:53,0.0,0.0,8.645179770354055
2026-03-21 21:47:08,0.0,0.0,8.575703662914016
2026-03-21 21:47:23,0.0,0.0,8.506227555473977
2026-03-21 21:47:38,0.0,0.0,8.436751448033938
2026-03-21 21:47:53,0.0,0.0,8.367275340593899
2026-03-21 21:48:08,0.0,0.0,8.29779923315386
2026-03-21 21:48:23,0.0,0.0,8.228323125713821
2026-03-21 21:48:38,0.0,0.0,8.158847018273782
2026-03-21 21:48:53,0.0,0.0,8.089370910833743
2026-03-21 21:49:08,0.0,0.0,8.019894803393704
2026-03-21 21:49:23,0.0,0.0,7.950418695953665
2026-03-21 21:49:38,0.0,0.0,7.880942588513623
2026-03-21 21:49:53,0.0,0.0,7.811466481073584
2026-03-21 21:50:08,0.0,0.0,7.741990373633545
2026-03-21 21:50:23,0.0,0.0,7.672514266193506
2026-03-21 21:50:38,0.0,0.0,7.603038158753467
2026-03-21 21:50:53,0.0,0.0,7.533562051313428
2026-03-21 21:51:08,0.0,0.0,7.464085943873389
2026-03-21 21:51:23,0.0,0.0,7.39460983643335
2026-03-21 21:51:38,0.0,0.0,7.325133728993311
2026-03-21 21:51:53,0.0,0.0,7.255657621553272
2026-03-21 21:52:08,0.0,0.0,7.186181514113233
2026-03-21 21:52:23,0.0,0.0,7.116705406673194
2026-03-21 21:52:38,0.0,0.0,7.047229299233155
2026-03-21 21:52:53,0.0,0.0,6.977753191793116
2026-03-21 21:53:08,0.0,0.0,6.908277084353077
2026-03-21 21:53:23,0.0,0.0,6.8388009769130385
2026-03-21 21:53:38,0.0,0.0,6.7693248694729995
2026-03-21 21:53:53,0.0,0.0,6.699848762032957
2026-03-21 21:54:08,0.0,0.0,6.630372654592918
2026-03-21 21:54:23,0.0,0.0,6.560896547152879
2026-03-21 21:54:38,0.0,0.0,6.49142043971284
2026-03-21 21:54:53,0.0,0.0,6.421944332272801
2026-03-21 21:55:08,0.0,0.0,6.352468224832762
2026-03-21 21:55:23,0.0,0.0,6.282992117392723
2026-03-21 21:55:38,0.0,0.0,6.213516009952684
2026-03-21 21:55:53,0.0,0.0,6.144039902512645
2026-03-21 21:56:08,0.0,0.0,6.074563795072606
2026-03-21 21:56:23,0.0,0.0,6.005087687632567
2026-03-21 21:56:38,0.0,0.0,5.935611580192528
2026-03-21 21:56:53,0.0,0.0,5.8661354727524895
2026-03-21 21:57:08,0.0,0.0,5.7966593653124505
2026-03-21 21:57:23,0.0,0.0,5.727183257872412
2026-03-21 21:57:38,0.0,0.0,5.657707150432373
2026-03-21 21:57:53,0.0,0.0,5.588231042992334
2026-03-21 21:58:08,0.0,0.0,5.518754935552295
2026-03-21 21:58:23,0.0,0.0,5.449278828112256
2026-03-21 21:58:38,0.0,0.0,5.379802720672217
2026-03-21 21:58:53,0.0,0.0,5.310326613232178
2026-03-21 21:59:08,0.0,0.0,5.240850505792139
2026-03-21 21:59:23,0.0,0.0,5.1713743983521
2026-03-21 21:59:38,0.0,0.0,5.101898290912061
2026-03-21 21:59:53,0.0,0.0,5.032422183472022
2026-03-21 22:00:08,0.0,0.0,5.0
2026-03-21 22:00:23,0.0,0.0,5.0
2026-03-21 22:00:38,0.0,0.0,5.0
2026-03-21 22:00:53,0.0,0.0,5.0
2026-03-21 22:01:08,0.0,0.0,5.0
2026-03-21 22:01:23,0.0,0.0,5.0
2026-03-21 22:01:38,0.0,0.0,5.0
2026-03-21 22:01:53,0.0,0.0,5.0
2026-03-21 22:02:08,0.0,0.0,5.0
2026-03-21 22:02:23,0.0,0.0,5.0
2026-03-21 22:02:38,0.0,0.0,5.0
2026-03-21 22:02:53,0.0,0.0,5.0
2026-03-21 22:03:08,0.0,0.0,5.0
2026-03-21 22:03:23,0.0,0.0,5.0
2026-03-21 22:03:38,0.0,0.0,5.0
2026-03-21 22:03:53,0.0,0.0,5.0
2026-03-21 22:04:08,0.0,0.0,5.0
2026-03-21 22:04:23,0.0,0.0,5.0
2026-03-21 22:04:38,0.0,0.0,5.0
2026-03-21 22:04:53,0.0,0.0,5.0
2026-03-21 22:05:08,0.0,0.0,5.0
2026-03-21 22:05:23,0.0,0.0,5.0
2026-03-21 22:05:38,0.0,0.0,5.0
2026-03-21 22:05:53,0.0,0.0,5.0
2026-03-21 22:06:08,0.0,0.0,5.0
2026-03-21 22:06:23,0.0,0.0,5.0
2026-03-21 22:06:38,0.0,0.0,5.0
2026-03-21 22:06:53,0.0,0.0,5.0
2026-03-21 22:07:08,0.0,0.0,5.0
2026-03-21 22:07:23,0.0,0.0,5.0
2026-03-21 22:07:38,0.0,0.0,5.0
2026-03-21 22:07:53,0.0,0.0,5.0
2026-03-21 22:08:08,0.0,0.0,5.0
2026-03-21 22:08:23,0.0,0.0,5.0
2026-03-21 22:08:38,0.0,0.0,5.0
2026-03-21 22:08:53,0.0,0.0,5.0
2026-03-21 22:09:08,0.0,0.0,5.0
2026-03-21 22:09:23,0.0,0.0,5.0
2026-03-21 22:09:38,0.0,0.0,5.0
2026-03-21 22:09:53,0.0,0.0,5.0
2026-03-21 22:10:08,0.0,0.0,5.0
2026-03-21 22:10:23,0.0,0.0,5.0
2026-03-21 22:10:38,0.0,0.0,5.0
2026-03-21 22:10:53,0.0,0.0,5.0
2026-03-21 22:11:08,0.0,0.0,5.0
2026-03-21 22:11:23,0.0,0.0,5.0
2026-03-21 22:11:38,0.0,0.0,5.0
2026-03-21 22:11:53,0.0,0.0,5.0
2026-03-21 22:12:08,0.0,0.0,5.0
2026-03-21 22:12:23,0.0,0.0,5.0
2026-03-21 22:12:38,0.0,0.0,5.0
2026-03-21 22:12:53,0.0,0.0,5.0
2026-03-21 22:13:08,0.0,0.0,5.0
2026-03-21 22:13:23,0.0,0.0,5.0
2026-03-21 22:13:38,0.0,0.0,5.0
2026-03-21 22:13:53,0.0,0.0,5.0
2026-03-21 22:14:08,0.0,0.0,5.0
2026-03-21 22:14:23,0.0,0.0,5.0
2026-03-21 22:14:38,0.0,0.0,5.0
2026-03-21 22:14:53,0.0,0.0,5.0
2026-03-21 22:15:08,0.0,0.0,5.0
2026-03-21 22:15:23,0.0,0.0,5.0
2026-03-21 22:15:38,0.0,0.0,5.0
2026-03-21 22:15:53,0.0,0.0,5.0
2026-03-21 22:16:08,0.0,0.0,5.0
2026-03-21 22:16:23,0.0,0.0,5.0
2026-03-21 22:16:38,0.0,0.0,5.0
2026-03-21 22:16:53,0.0,0.0,5.0
2026-03-21 22:17:08,0.0,0.0,5.0
2026-03-21 22:17:23,0.0,0.0,5.0
2026-03-21 22:17:38,0.0,0.0,5.0
2026-03-21 22:17:53,0.0,0.0,5.0
2026-03-21 22:18:08,0.0,0.0,5.0
2026-03-21 22:18:23,0.0,0.0,5.0
2026-03-21 22:18:38,0.0,0.0,5.0
2026-03-21 22:18:53,0.0,0.0,5.0
2026-03-21 22:19:08,0.0,0.0,5.0
2026-03-21 22:19:23,0.0,0.0,5.0
2026-03-21 22:19:38,0.0,0.0,5.0
2026-03-21 22:19:53,0.0,0.0,5.0
2026-03-21 22:20:08,0.0,0.0,5.0
2026-03-21 22:20:23,0.0,0.0,5.0
2026-03-21 22:20:38,0.0,0.0,5.0
2026-03-21 22:20:53,0.0,0.0,5.0
2026-03-21 22:21:08,0.0,0.0,5.0
2026-03-21 22:21:23,0.0,0.0,5.0
2026-03-21 22:21:38,0.0,0.0,5.0
2026-03-21 22:21:53,0.0,0.0,5.0
2026-03-21 22:22:08,0.0,0.0,5.0
2026-03-21 22:22:23,0.0,0.0,5.0
2026-03-21 22:22:38,0.0,0.0,5.0
2026-03-21 22:22:53,0.0,0.0,5.0
2026-03-21 22:23:08,0.0,0.0,5.0
2026-03-21 22:23:23,0.0,0.0,5.0
2026-03-21 22:23:38,0.0,0.0,5.0
2026-03-21 22:23:53,0.0,0.0,5.0
2026-03-21 22:24:08,0.0,0.0,5.0
2026-03-21 22:24:23,0.0,0.0,5.0
2026-03-21 22:24:38,0.0,0.0,5.0
2026-03-21 22:24:53,0.0,0.0,5.0
2026-03-21 22:25:08,0.0,0.0,5.0
2026-03-21 22:25:23,0.0,0.0,5.0
2026-03-21 22:25:38,0.0,0.0,5.0
2026-03-21 22:25:53,0.0,0.0,5.0
2026-03-21 22:26:08,0.0,0.0,5.0
2026-03-21 22:26:23,0.0,0.0,5.0
2026-03-21 22:26:38,0.0,0.0,5.0
2026-03-21 22:26:53,0.0,0.0,5.0
2026-03-21 22:27:08,0.0,0.0,5.0
2026-03-21 22:27:23,0.0,0.0,5.0
2026-03-21 22:27:38,0.0,0.0,5.0
2026-03-21 22:27:53,0.0,0.0,5.0
2026-03-21 22:28:08,0.0,0.0,5.0
2026-03-21 22:28:23,0.0,0.0,5.0
2026-03-21 22:28:38,0.0,0.0,5.0
2026-03-21 22:28:53,0.0,0.0,5.0
2026-03-21 22:29:08,0.0,0.0,5.0
2026-03-21 22:29:23,0.0,0.0,5.0
2026-03-21 22:29:38,0.0,0.0,5.0
2026-03-21 22:29:53,0.0,0.0,5.0
2026-03-21 22:30:08,0.0,0.0,5.0
2026-03-21 22:30:23,0.0,0.0,5.0
2026-03-21 22:30:38,0.0,0.0,5.0
2026-03-21 22:30:53,0.0,0.0,5.0
2026-03-21 22:31:08,0.0,0.0,5.0
2026-03-21 22:31:23,0.0,0.0,5.0
2026-03-21 22:31:38,0.0,0.0,5.0
2026-03-21 22:31:53,0.0,0.0,5.0
2026-03-21 22:32:08,0.0,0.0,5.0
2026-03-21 22:32:23,0.0,0.0,5.0
2026-03-21 22:32:38,0.0,0.0,5.0
2026-03-21 22:32:53,0.0,0.0,5.0
2026-03-21 22:33:08,0.0,0.0,5.0
2026-03-21 22:33:23,0.0,0.0,5.0
2026-03-21 22:33:38,0.0,0.0,5.0
2026-03-21 22:33:53,0.0,0.0,5.0
2026-03-21 22:34:08,0.0,0.0,5.0
2026-03-21 22:34:23,0.0,0.0,5.0
2026-03-21 22:34:38,0.0,0.0,5.0
2026-03-21 22:34:53,0.0,0.0,5.0
2026-03-21 22:35:08,0.0,0.0,5.0
2026-03-21 22:35:23,0.0,0.0,5.0
2026-03-21 22:35:38,0.0,0.0,5.0
2026-03-21 22:35:53,0.0,0.0,5.0
2026-03-21 22:36:08,0.0,0.0,5.0
2026-03-21 22:36:23,0.0,0.0,5.0
2026-03-21 22:36:38,0.0,0.0,5.0
2026-03-21 22:36:53,0.0,0.0,5.0
2026-03-21 22:37:08,0.0,0.0,5.0
2026-03-21 22:37:23,0.0,0.0,5.0
2026-03-21 22:37:38,0.0,0.0,5.0
2026-03-21 22:37:53,0.0,0.0,5.0
2026-03-21 22:38:08,0.0,0.0,5.0
2026-03-21 22:38:23,0.0,0.0,5.0
2026-03-21 22:38:38,0.0,0.0,5.0
2026-03-21 22:38:53,0.0,0.0,5.0
2026-03-21 22:39:08,0.0,0.0,5.0
2026-03-21 22:39:23,0.0,0.0,5.0
2026-03-21 22:39:38,0.0,0.0,5.0
2026-03-21 22:39:53,0.0,0.0,5.0
2026-03-21 22:40:08,0.0,0.0,5.0
2026-03-21 22:40:23,0.0,0.0,5.0
2026-03-21 22:40:38,0.0,0.0,5.0
2026-03-21 22:40:53,0.0,0.0,5.0
2026-03-21 22:41:08,0.0,0.0,5.0
2026-03-21 22:41:23,0.0,0.0,5.0
2026-03-21 22:41:38,0.0,0.0,5.0
2026-03-21 22:41:53,0.0,0.0,5.0
2026-03-21 22:42:08,0.0,0.0,5.0
2026-03-21 22:42:23,0.0,0.0,5.0
2026-03-21 22:42:38,0.0,0.0,5.0
2026-03-21 22:42:53,0.0,0.0,5.0
2026-03-21 22:43:08,0.0,0.0,5.0
2026-03-21 22:43:23,0.0,0.0,5.0
2026-03-21 22:43:38,0.0,0.0,5.0
2026-03-21 22:43:53,0.0,0.0,5.0
2026-03-21 22:44:08,0.0,0.0,5.0
2026-03-21 22:44:23,0.0,0.0,5.0
2026-03-21 22:44:38,0.0,0.0,5.0
2026-03-21 22:44:53,0.0,0.0,5.0
2026-03-21 22:45:08,0.0,0.0,5.0
2026-03-21 22:45:23,0.0,0.0,5.0
2026-03-21 22:45:38,0.0,0.0,5.0
2026-03-21 22:45:53,0.0,0.0,5.0
2026-03-21 22:46:08,0.0,0.0,5.0
2026-03-21 22:46:23,0.0,0.0,5.0
2026-03-21 22:46:38,0.0,0.0,5.0
2026-03-21 22:46:53,0.0,0.0,5.0
2026-03-21 22:47:08,0.0,0.0,5.0
2026-03-21 22:47:23,0.0,0.0,5.0
2026-03-21 22:47:38,0.0,0.0,5.0
2026-03-21 22:47:53,0.0,0.0,5.0
2026-03-21 22:48:08,0.0,0.0,5.0
2026-03-21 22:48:23,0.0,0.0,5.0
2026-03-21 22:48:38,0.0,0.0,5.0
2026-03-21 22:48:53,0.0,0.0,5.0
2026-03-21 22:49:08,0.0,0.0,5.0
2026-03-21 22:49:23,0.0,0.0,5.0
2026-03-21 22:49:38,0.0,0.0,5.0
2026-03-21 22:49:53,0.0,0.0,5.0
2026-03-21 22:50:08,0.0,0.0,5.0
2026-03-21 22:50:23,0.0,0.0,5.0
2026-03-21 22:50:38,0.0,0.0,5.0
2026-03-21 22:50:53,0.0,0.0,5.0
2026-03-21 22:51:08,0.0,0.0,5.0
2026-03-21 22:51:23,0.0,0.0,5.0
2026-03-21 22:51:38,0.0,0.0,5.0
2026-03-21 22:51:53,0.0,0.0,5.0
2026-03-21 22:52:08,0.0,0.0,5.0
2026-03-21 22:52:23,0.0,0.0,5.0
2026-03-21 22:52:38,0.0,0.0,5.0
2026-03-21 22:52:53,0.0,0.0,5.0
2026-03-21 22:53:08,0.0,0.0,5.0
2026-03-21 22:53:23,0.0,0.0,5.0
2026-03-21 22:53:38,0.0,0.0,5.0
2026-03-21 22:53:53,0.0,0.0,5.0
2026-03-21 22:54:08,0.0,0.0,5.0
2026-03-21 22:54:23,0.0,0.0,5.0
2026-03-21 22:54:38,0.0,0.0,5.0
2026-03-21 22:54:53,0.0,0.0,5.0
2026-03-21 22:55:08,0.0,0.0,5.0
2026-03-21 22:55:23,0.0,0.0,5.0
2026-03-21 22:55:38,0.0,0.0,5.0
2026-03-21 22:55:53,0.0,0.0,5.0
2026-03-21 22:56:08,0.0,0.0,5.0
2026-03-21 22:56:23,0.0,0.0,5.0
2026-03-21 22:56:38,0.0,0.0,5.0
2026-03-21 22:56:53,0.0,0.0,5.0
2026-03-21 22:57:08,0.0,0.0,5.0
2026-03-21 22:57:23,0.0,0.0,5.0
2026-03-21 22:57:38,0.0,0.0,5.0
2026-03-21 22:57:53,0.0,0.0,5.0
