time,tcc_auto,tcc_empi,int_time
2026-01-24 00:00:10,87.5,100.0,6.473194347993827
2026-01-24 00:00:25,87.5,100.0,6.473246286651235
2026-01-24 00:00:40,87.5,100.0,6.473298225308642
2026-01-24 00:00:55,87.5,100.0,6.47335016396605
2026-01-24 00:01:10,87.5,100.0,6.4734021026234565
2026-01-24 00:01:25,87.5,100.0,6.473454041280864
2026-01-24 00:01:40,87.5,100.0,6.473505979938272
2026-01-24 00:01:55,87.5,100.0,6.473557918595679
2026-01-24 00:02:10,87.5,100.0,6.473609857253087
2026-01-24 00:02:25,87.5,100.0,6.473661795910494
2026-01-24 00:02:40,87.5,100.0,6.473713734567902
2026-01-24 00:02:55,87.5,100.0,6.473765673225309
2026-01-24 00:03:10,87.5,100.0,6.473817611882716
2026-01-24 00:03:25,87.5,100.0,6.473869550540123
2026-01-24 00:03:40,87.5,100.0,6.473921489197531
2026-01-24 00:03:55,87.5,100.0,6.473973427854938
2026-01-24 00:04:10,87.5,100.0,6.474025366512346
2026-01-24 00:04:25,87.5,100.0,6.474077305169753
2026-01-24 00:04:40,100.0,100.0,6.474129243827161
2026-01-24 00:04:55,100.0,100.0,6.474181182484568
2026-01-24 00:05:10,100.0,100.0,6.4742331211419755
2026-01-24 00:05:25,100.0,100.0,6.474285059799383
2026-01-24 00:05:40,100.0,100.0,6.47433699845679
2026-01-24 00:05:55,100.0,100.0,6.474388937114198
2026-01-24 00:06:10,100.0,100.0,6.474440875771605
2026-01-24 00:06:25,100.0,100.0,6.474492814429013
2026-01-24 00:06:40,100.0,100.0,6.47454475308642
2026-01-24 00:06:55,100.0,100.0,6.474596691743828
2026-01-24 00:07:10,100.0,100.0,6.4746486304012345
2026-01-24 00:07:25,100.0,100.0,6.474700569058642
2026-01-24 00:07:40,100.0,100.0,6.474752507716049
2026-01-24 00:07:55,100.0,100.0,6.474804446373457
2026-01-24 00:08:10,100.0,100.0,6.474856385030864
2026-01-24 00:08:25,100.0,100.0,6.474908323688272
2026-01-24 00:08:40,100.0,100.0,6.474960262345679
2026-01-24 00:08:55,100.0,100.0,6.475012201003087
2026-01-24 00:09:10,100.0,100.0,6.4750641396604935
2026-01-24 00:09:25,100.0,100.0,6.475116078317901
2026-01-24 00:09:40,100.0,100.0,6.475168016975309
2026-01-24 00:09:55,100.0,100.0,6.475219955632716
2026-01-24 00:10:10,100.0,100.0,6.475271894290124
2026-01-24 00:10:25,100.0,100.0,6.475323832947531
2026-01-24 00:10:40,100.0,100.0,6.475375771604939
2026-01-24 00:10:55,100.0,100.0,6.475427710262346
2026-01-24 00:11:10,100.0,100.0,6.4754796489197535
2026-01-24 00:11:25,100.0,100.0,6.47553158757716
2026-01-24 00:11:40,100.0,100.0,6.475583526234568
2026-01-24 00:11:55,100.0,100.0,6.475635464891975
2026-01-24 00:12:10,100.0,100.0,6.475687403549383
2026-01-24 00:12:25,100.0,100.0,6.47573934220679
2026-01-24 00:12:40,100.0,100.0,6.475791280864198
2026-01-24 00:12:55,100.0,100.0,6.475843219521605
2026-01-24 00:13:10,100.0,100.0,6.4758951581790125
2026-01-24 00:13:25,100.0,100.0,6.47594709683642
2026-01-24 00:13:40,100.0,100.0,6.475999035493827
2026-01-24 00:13:55,100.0,100.0,6.476050974151235
2026-01-24 00:14:10,100.0,100.0,6.476102912808642
2026-01-24 00:14:25,100.0,100.0,6.47615485146605
2026-01-24 00:14:40,100.0,100.0,6.476206790123457
2026-01-24 00:14:55,100.0,100.0,6.476258728780865
2026-01-24 00:15:10,100.0,100.0,6.4763106674382716
2026-01-24 00:15:25,100.0,100.0,6.476362606095679
2026-01-24 00:15:40,100.0,100.0,6.476414544753086
2026-01-24 00:15:55,100.0,100.0,6.476466483410494
2026-01-24 00:16:10,100.0,100.0,6.476518422067901
2026-01-24 00:16:25,100.0,100.0,6.476570360725309
2026-01-24 00:16:40,100.0,100.0,6.476622299382716
2026-01-24 00:16:55,100.0,100.0,6.476674238040124
2026-01-24 00:17:10,100.0,100.0,6.476726176697531
2026-01-24 00:17:25,100.0,100.0,6.476778115354938
2026-01-24 00:17:40,100.0,100.0,6.476830054012346
2026-01-24 00:17:55,100.0,100.0,6.476881992669753
2026-01-24 00:18:10,100.0,100.0,6.476933931327161
2026-01-24 00:18:25,100.0,100.0,6.476985869984568
2026-01-24 00:18:40,100.0,100.0,6.477037808641976
2026-01-24 00:18:55,100.0,100.0,6.477089747299383
2026-01-24 00:19:10,100.0,100.0,6.4771416859567905
2026-01-24 00:19:25,100.0,100.0,6.4771936246141975
2026-01-24 00:19:40,100.0,100.0,6.477245563271605
2026-01-24 00:19:55,100.0,100.0,6.477297501929012
2026-01-24 00:20:10,100.0,100.0,6.47734944058642
2026-01-24 00:20:25,100.0,100.0,6.477401379243827
2026-01-24 00:20:40,100.0,100.0,6.477453317901235
2026-01-24 00:20:55,100.0,100.0,6.477505256558642
2026-01-24 00:21:10,100.0,100.0,6.47755719521605
2026-01-24 00:21:25,100.0,100.0,6.477609133873457
2026-01-24 00:21:40,100.0,100.0,6.477661072530864
2026-01-24 00:21:55,100.0,100.0,6.477713011188272
2026-01-24 00:22:10,100.0,100.0,6.477764949845679
2026-01-24 00:22:25,100.0,100.0,6.477816888503087
2026-01-24 00:22:40,100.0,100.0,6.477868827160494
2026-01-24 00:22:55,100.0,100.0,6.477920765817902
2026-01-24 00:23:10,100.0,100.0,6.477972704475309
2026-01-24 00:23:25,100.0,100.0,6.478024643132716
2026-01-24 00:23:40,100.0,100.0,6.478076581790123
2026-01-24 00:23:55,100.0,100.0,6.478128520447531
2026-01-24 00:24:10,100.0,100.0,6.478180459104938
2026-01-24 00:24:25,100.0,100.0,6.478232397762346
2026-01-24 00:24:40,100.0,100.0,6.478284336419753
2026-01-24 00:24:55,100.0,100.0,6.478336275077161
2026-01-24 00:25:10,100.0,100.0,6.478388213734568
2026-01-24 00:25:25,100.0,100.0,6.4784401523919755
2026-01-24 00:25:40,100.0,100.0,6.478492091049383
2026-01-24 00:25:55,100.0,100.0,6.47854402970679
2026-01-24 00:26:10,100.0,100.0,6.478595968364198
2026-01-24 00:26:25,100.0,100.0,6.478647907021605
2026-01-24 00:26:40,100.0,100.0,6.478699845679013
2026-01-24 00:26:55,100.0,100.0,6.47875178433642
2026-01-24 00:27:10,100.0,100.0,6.478803722993828
2026-01-24 00:27:25,100.0,100.0,6.4788556616512345
2026-01-24 00:27:40,100.0,100.0,6.478907600308642
2026-01-24 00:27:55,100.0,100.0,6.478959538966049
2026-01-24 00:28:10,100.0,100.0,6.479011477623457
2026-01-24 00:28:25,100.0,100.0,6.479063416280864
2026-01-24 00:28:40,100.0,100.0,6.479115354938272
2026-01-24 00:28:55,100.0,100.0,6.479167293595679
2026-01-24 00:29:10,100.0,100.0,6.479219232253087
2026-01-24 00:29:25,100.0,100.0,6.479271170910494
2026-01-24 00:29:40,100.0,100.0,6.479323109567901
2026-01-24 00:29:55,100.0,100.0,6.479375048225309
2026-01-24 00:30:10,100.0,100.0,6.479426986882716
2026-01-24 00:30:25,100.0,100.0,6.479478925540124
2026-01-24 00:30:40,100.0,100.0,6.479530864197531
2026-01-24 00:30:55,100.0,100.0,6.479582802854939
2026-01-24 00:31:10,100.0,100.0,6.479634741512346
2026-01-24 00:31:25,100.0,100.0,6.4796866801697535
2026-01-24 00:31:40,100.0,100.0,6.47973861882716
2026-01-24 00:31:55,100.0,100.0,6.479790557484568
2026-01-24 00:32:10,100.0,100.0,6.479842496141975
2026-01-24 00:32:25,100.0,100.0,6.479894434799383
2026-01-24 00:32:40,100.0,100.0,6.47994637345679
2026-01-24 00:32:55,100.0,100.0,6.479998312114198
2026-01-24 00:33:10,100.0,100.0,6.480050250771605
2026-01-24 00:33:25,100.0,100.0,6.4801021894290125
2026-01-24 00:33:40,100.0,100.0,6.48015412808642
2026-01-24 00:33:55,100.0,100.0,6.480206066743827
2026-01-24 00:34:10,100.0,100.0,6.480258005401235
2026-01-24 00:34:25,100.0,100.0,6.480309944058642
2026-01-24 00:34:40,100.0,100.0,6.48036188271605
2026-01-24 00:34:55,100.0,100.0,6.480413821373457
2026-01-24 00:35:10,100.0,100.0,6.480465760030865
2026-01-24 00:35:25,100.0,100.0,6.4805176986882715
2026-01-24 00:35:40,100.0,100.0,6.480569637345679
2026-01-24 00:35:55,100.0,100.0,6.480621576003086
2026-01-24 00:36:10,100.0,100.0,6.480673514660494
2026-01-24 00:36:25,100.0,100.0,6.480725453317901
2026-01-24 00:36:40,100.0,100.0,6.480777391975309
2026-01-24 00:36:55,100.0,100.0,6.480829330632716
2026-01-24 00:37:10,100.0,100.0,6.480881269290124
2026-01-24 00:37:25,100.0,100.0,6.4809332079475315
2026-01-24 00:37:40,100.0,100.0,6.480985146604938
2026-01-24 00:37:55,100.0,100.0,6.481037085262346
2026-01-24 00:38:10,100.0,100.0,6.481089023919753
2026-01-24 00:38:25,100.0,100.0,6.481140962577161
2026-01-24 00:38:40,100.0,100.0,6.481192901234568
2026-01-24 00:38:55,100.0,100.0,6.481244839891976
2026-01-24 00:39:10,100.0,100.0,6.481296778549383
2026-01-24 00:39:25,100.0,100.0,6.4813487172067905
2026-01-24 00:39:40,100.0,100.0,6.4814006558641974
2026-01-24 00:39:55,100.0,100.0,6.481452594521605
2026-01-24 00:40:10,100.0,100.0,6.481504533179012
2026-01-24 00:40:25,100.0,100.0,6.48155647183642
2026-01-24 00:40:40,100.0,100.0,6.481608410493827
2026-01-24 00:40:55,100.0,100.0,6.481660349151235
2026-01-24 00:41:10,100.0,100.0,6.481712287808642
2026-01-24 00:41:25,100.0,100.0,6.4817642264660495
2026-01-24 00:41:40,100.0,100.0,6.481816165123457
2026-01-24 00:41:55,100.0,100.0,6.481868103780864
2026-01-24 00:42:10,100.0,100.0,6.481920042438272
2026-01-24 00:42:25,100.0,100.0,6.481971981095679
2026-01-24 00:42:40,100.0,100.0,6.482023919753087
2026-01-24 00:42:55,100.0,100.0,6.482075858410494
2026-01-24 00:43:10,100.0,100.0,6.482127797067902
2026-01-24 00:43:25,100.0,100.0,6.482179735725309
2026-01-24 00:43:40,100.0,100.0,6.482231674382716
2026-01-24 00:43:55,100.0,100.0,6.482283613040123
2026-01-24 00:44:10,100.0,100.0,6.482335551697531
2026-01-24 00:44:25,100.0,100.0,6.482387490354938
2026-01-24 00:44:40,100.0,100.0,6.482439429012346
2026-01-24 00:44:55,100.0,100.0,6.482491367669753
2026-01-24 00:45:10,100.0,100.0,6.482543306327161
2026-01-24 00:45:25,100.0,100.0,6.4825952449845685
2026-01-24 00:45:40,100.0,100.0,6.4826471836419755
2026-01-24 00:45:55,100.0,100.0,6.482699122299383
2026-01-24 00:46:10,100.0,100.0,6.48275106095679
2026-01-24 00:46:25,100.0,100.0,6.482802999614198
2026-01-24 00:46:40,100.0,100.0,6.482854938271605
2026-01-24 00:46:55,100.0,100.0,6.482906876929013
2026-01-24 00:47:10,100.0,100.0,6.48295881558642
2026-01-24 00:47:25,100.0,100.0,6.4830107542438276
2026-01-24 00:47:40,100.0,100.0,6.4830626929012345
2026-01-24 00:47:55,100.0,100.0,6.483114631558642
2026-01-24 00:48:10,100.0,100.0,6.483166570216049
2026-01-24 00:48:25,100.0,100.0,6.483218508873457
2026-01-24 00:48:40,100.0,100.0,6.483270447530864
2026-01-24 00:48:55,100.0,100.0,6.483322386188272
2026-01-24 00:49:10,100.0,100.0,6.483374324845679
2026-01-24 00:49:25,100.0,100.0,6.483426263503087
2026-01-24 00:49:40,100.0,100.0,6.483478202160494
2026-01-24 00:49:55,100.0,100.0,6.483530140817901
2026-01-24 00:50:10,100.0,100.0,6.483582079475309
2026-01-24 00:50:25,100.0,100.0,6.483634018132716
2026-01-24 00:50:40,100.0,100.0,6.483685956790124
2026-01-24 00:50:55,100.0,100.0,6.483737895447531
2026-01-24 00:51:10,100.0,100.0,6.483789834104939
2026-01-24 00:51:25,100.0,100.0,6.483841772762346
2026-01-24 00:51:40,100.0,100.0,6.4838937114197535
2026-01-24 00:51:55,100.0,100.0,6.48394565007716
2026-01-24 00:52:10,100.0,100.0,6.483997588734568
2026-01-24 00:52:25,100.0,100.0,6.484049527391975
2026-01-24 00:52:40,100.0,100.0,6.484101466049383
2026-01-24 00:52:55,100.0,100.0,6.48415340470679
2026-01-24 00:53:10,100.0,100.0,6.484205343364198
2026-01-24 00:53:25,100.0,100.0,6.484257282021606
2026-01-24 00:53:40,100.0,100.0,6.4843092206790125
2026-01-24 00:53:55,100.0,100.0,6.48436115933642
2026-01-24 00:54:10,100.0,100.0,6.484413097993827
2026-01-24 00:54:25,100.0,100.0,6.484465036651235
2026-01-24 00:54:40,100.0,100.0,6.484516975308642
2026-01-24 00:54:55,100.0,100.0,6.48456891396605
2026-01-24 00:55:10,100.0,100.0,6.484620852623457
2026-01-24 00:55:25,100.0,100.0,6.484672791280865
2026-01-24 00:55:40,100.0,100.0,6.4847247299382715
2026-01-24 00:55:55,100.0,100.0,6.484776668595679
2026-01-24 00:56:10,100.0,100.0,6.484828607253086
2026-01-24 00:56:25,100.0,100.0,6.484880545910494
2026-01-24 00:56:40,100.0,100.0,6.484932484567901
2026-01-24 00:56:55,100.0,100.0,6.484984423225309
2026-01-24 00:57:10,100.0,100.0,6.485036361882716
2026-01-24 00:57:25,100.0,100.0,6.485088300540124
2026-01-24 00:57:40,100.0,100.0,6.4851402391975315
2026-01-24 00:57:55,100.0,100.0,6.485192177854938
2026-01-24 00:58:10,100.0,100.0,6.485244116512346
2026-01-24 00:58:25,100.0,100.0,6.485296055169753
2026-01-24 00:58:40,100.0,100.0,6.485347993827161
2026-01-24 00:58:55,100.0,100.0,6.485399932484568
2026-01-24 00:59:10,100.0,100.0,6.485451871141976
2026-01-24 00:59:25,100.0,100.0,6.485503809799383
2026-01-24 00:59:40,100.0,100.0,6.4855557484567905
2026-01-24 00:59:55,100.0,100.0,6.485607687114197
2026-01-24 01:00:10,100.0,100.0,6.485659625771605
2026-01-24 01:00:25,100.0,100.0,6.485711564429012
2026-01-24 01:00:40,100.0,100.0,6.48576350308642
2026-01-24 01:00:55,100.0,100.0,6.485815441743827
2026-01-24 01:01:10,100.0,100.0,6.485867380401235
2026-01-24 01:01:25,100.0,100.0,6.485919319058643
2026-01-24 01:01:40,100.0,100.0,6.4859712577160495
2026-01-24 01:01:55,100.0,100.0,6.486023196373457
2026-01-24 01:02:10,100.0,100.0,6.486075135030864
2026-01-24 01:02:25,100.0,100.0,6.486127073688272
2026-01-24 01:02:40,100.0,100.0,6.486179012345679
2026-01-24 01:02:55,100.0,100.0,6.486230951003087
2026-01-24 01:03:10,100.0,100.0,6.486282889660494
2026-01-24 01:03:25,100.0,100.0,6.486334828317902
2026-01-24 01:03:40,100.0,100.0,6.486386766975309
2026-01-24 01:03:55,100.0,100.0,6.486438705632716
2026-01-24 01:04:10,100.0,100.0,6.486490644290123
2026-01-24 01:04:25,100.0,100.0,6.486542582947531
2026-01-24 01:04:40,100.0,100.0,6.486594521604938
2026-01-24 01:04:55,100.0,100.0,6.486646460262346
2026-01-24 01:05:10,100.0,100.0,6.486698398919753
2026-01-24 01:05:25,100.0,100.0,6.486750337577161
2026-01-24 01:05:40,100.0,100.0,6.4868022762345685
2026-01-24 01:05:55,100.0,100.0,6.4868542148919754
2026-01-24 01:06:10,100.0,100.0,6.486906153549383
2026-01-24 01:06:25,100.0,100.0,6.48695809220679
2026-01-24 01:06:40,100.0,100.0,6.487010030864198
2026-01-24 01:06:55,100.0,100.0,6.487061969521605
2026-01-24 01:07:10,100.0,100.0,6.487113908179013
2026-01-24 01:07:25,100.0,100.0,6.48716584683642
2026-01-24 01:07:40,100.0,100.0,6.4872177854938275
2026-01-24 01:07:55,100.0,100.0,6.4872697241512345
2026-01-24 01:08:10,100.0,100.0,6.487321662808642
2026-01-24 01:08:25,100.0,100.0,6.487373601466049
2026-01-24 01:08:40,100.0,100.0,6.487425540123457
2026-01-24 01:08:55,100.0,100.0,6.487477478780864
2026-01-24 01:09:10,100.0,100.0,6.487529417438272
2026-01-24 01:09:25,100.0,100.0,6.48758135609568
2026-01-24 01:09:40,100.0,100.0,6.487633294753087
2026-01-24 01:09:55,100.0,100.0,6.487685233410494
2026-01-24 01:10:10,100.0,100.0,6.487737172067901
2026-01-24 01:10:25,100.0,100.0,6.487789110725309
2026-01-24 01:10:40,100.0,100.0,6.487841049382716
2026-01-24 01:10:55,100.0,100.0,6.487892988040124
2026-01-24 01:11:10,100.0,100.0,6.487944926697531
2026-01-24 01:11:25,100.0,100.0,6.487996865354939
2026-01-24 01:11:40,100.0,100.0,6.488048804012346
2026-01-24 01:11:55,100.0,100.0,6.4881007426697535
2026-01-24 01:12:10,100.0,100.0,6.48815268132716
2026-01-24 01:12:25,100.0,100.0,6.488204619984568
2026-01-24 01:12:40,100.0,100.0,6.488256558641975
2026-01-24 01:12:55,100.0,100.0,6.488308497299383
2026-01-24 01:13:10,100.0,100.0,6.48836043595679
2026-01-24 01:13:25,100.0,100.0,6.488412374614198
2026-01-24 01:13:40,100.0,100.0,6.4884643132716056
2026-01-24 01:13:55,100.0,100.0,6.4885162519290125
2026-01-24 01:14:10,100.0,100.0,6.48856819058642
2026-01-24 01:14:25,100.0,100.0,6.488620129243827
2026-01-24 01:14:40,100.0,100.0,6.488672067901235
2026-01-24 01:14:55,100.0,100.0,6.488724006558642
2026-01-24 01:15:10,100.0,100.0,6.48877594521605
2026-01-24 01:15:25,100.0,100.0,6.488827883873457
2026-01-24 01:15:40,100.0,100.0,6.488879822530865
2026-01-24 01:15:55,100.0,100.0,6.4889317611882715
2026-01-24 01:16:10,100.0,100.0,6.488983699845679
2026-01-24 01:16:25,100.0,100.0,6.489035638503086
2026-01-24 01:16:40,100.0,100.0,6.489087577160494
2026-01-24 01:16:55,100.0,100.0,6.489139515817901
2026-01-24 01:17:10,100.0,100.0,6.489191454475309
2026-01-24 01:17:25,100.0,100.0,6.489243393132717
2026-01-24 01:17:40,100.0,100.0,6.489295331790124
2026-01-24 01:17:55,100.0,100.0,6.4893472704475315
2026-01-24 01:18:10,100.0,100.0,6.489399209104938
2026-01-24 01:18:25,100.0,100.0,6.489451147762346
2026-01-24 01:18:40,100.0,100.0,6.489503086419753
2026-01-24 01:18:55,100.0,100.0,6.489555025077161
2026-01-24 01:19:10,100.0,100.0,6.489606963734568
2026-01-24 01:19:25,100.0,100.0,6.489658902391976
2026-01-24 01:19:40,100.0,100.0,6.489710841049383
2026-01-24 01:19:55,100.0,100.0,6.4897627797067905
2026-01-24 01:20:10,100.0,100.0,6.489814718364197
2026-01-24 01:20:25,100.0,100.0,6.489866657021605
2026-01-24 01:20:40,100.0,100.0,6.489918595679012
2026-01-24 01:20:55,100.0,100.0,6.48997053433642
2026-01-24 01:21:10,100.0,100.0,6.490022472993827
2026-01-24 01:21:25,100.0,100.0,6.490074411651235
2026-01-24 01:21:40,100.0,100.0,6.490126350308643
2026-01-24 01:21:55,100.0,100.0,6.4901782889660495
2026-01-24 01:22:10,100.0,100.0,6.490230227623457
2026-01-24 01:22:25,100.0,100.0,6.490282166280864
2026-01-24 01:22:40,100.0,100.0,6.490334104938272
2026-01-24 01:22:55,100.0,100.0,6.490386043595679
2026-01-24 01:23:10,100.0,100.0,6.490437982253087
2026-01-24 01:23:25,100.0,100.0,6.490489920910494
2026-01-24 01:23:40,100.0,100.0,6.490541859567902
2026-01-24 01:23:55,100.0,100.0,6.490593798225309
2026-01-24 01:24:10,100.0,100.0,6.490645736882716
2026-01-24 01:24:25,100.0,100.0,6.490697675540123
2026-01-24 01:24:40,100.0,100.0,6.490749614197531
2026-01-24 01:24:55,100.0,100.0,6.490801552854938
2026-01-24 01:25:10,100.0,100.0,6.490853491512346
2026-01-24 01:25:25,100.0,100.0,6.490905430169754
2026-01-24 01:25:40,100.0,100.0,6.490957368827161
2026-01-24 01:25:55,100.0,100.0,6.4910093074845685
2026-01-24 01:26:10,100.0,100.0,6.491061246141975
2026-01-24 01:26:25,100.0,100.0,6.491113184799383
2026-01-24 01:26:40,100.0,100.0,6.49116512345679
2026-01-24 01:26:55,100.0,100.0,6.491217062114198
2026-01-24 01:27:10,100.0,100.0,6.491269000771605
2026-01-24 01:27:25,100.0,100.0,6.491320939429013
2026-01-24 01:27:40,100.0,100.0,6.49137287808642
2026-01-24 01:27:55,100.0,100.0,6.4914248167438275
2026-01-24 01:28:10,100.0,100.0,6.4914767554012345
2026-01-24 01:28:25,100.0,100.0,6.491528694058642
2026-01-24 01:28:40,100.0,100.0,6.491580632716049
2026-01-24 01:28:55,100.0,100.0,6.491632571373457
2026-01-24 01:29:10,100.0,100.0,6.491684510030864
2026-01-24 01:29:25,100.0,100.0,6.491736448688272
2026-01-24 01:29:40,100.0,100.0,6.49178838734568
2026-01-24 01:29:55,100.0,100.0,6.491840326003087
2026-01-24 01:30:10,100.0,100.0,6.491892264660494
2026-01-24 01:30:25,100.0,100.0,6.491944203317901
2026-01-24 01:30:40,100.0,100.0,6.491996141975309
2026-01-24 01:30:55,100.0,100.0,6.492048080632716
2026-01-24 01:31:10,100.0,100.0,6.492100019290124
2026-01-24 01:31:25,100.0,100.0,6.492151957947531
2026-01-24 01:31:40,100.0,100.0,6.492203896604939
2026-01-24 01:31:55,100.0,100.0,6.492255835262346
2026-01-24 01:32:10,100.0,100.0,6.4923077739197534
2026-01-24 01:32:25,100.0,100.0,6.49235971257716
2026-01-24 01:32:40,100.0,100.0,6.492411651234568
2026-01-24 01:32:55,100.0,100.0,6.492463589891975
2026-01-24 01:33:10,100.0,100.0,6.492515528549383
2026-01-24 01:33:25,100.0,100.0,6.492567467206791
2026-01-24 01:33:40,100.0,100.0,6.492619405864198
2026-01-24 01:33:55,100.0,100.0,6.4926713445216055
2026-01-24 01:34:10,100.0,100.0,6.4927232831790125
2026-01-24 01:34:25,100.0,100.0,6.49277522183642
2026-01-24 01:34:40,100.0,100.0,6.492827160493827
2026-01-24 01:34:55,100.0,100.0,6.492879099151235
2026-01-24 01:35:10,100.0,100.0,6.492931037808642
2026-01-24 01:35:25,100.0,100.0,6.49298297646605
2026-01-24 01:35:40,100.0,100.0,6.493034915123457
2026-01-24 01:35:55,100.0,100.0,6.493086853780865
2026-01-24 01:36:10,100.0,100.0,6.4931387924382715
2026-01-24 01:36:25,100.0,100.0,6.493190731095679
2026-01-24 01:36:40,100.0,100.0,6.493242669753086
2026-01-24 01:36:55,100.0,100.0,6.493294608410494
2026-01-24 01:37:10,100.0,100.0,6.493346547067901
2026-01-24 01:37:25,100.0,100.0,6.493398485725309
2026-01-24 01:37:40,100.0,100.0,6.493450424382717
2026-01-24 01:37:55,100.0,100.0,6.493502363040124
2026-01-24 01:38:10,100.0,100.0,6.4935543016975315
2026-01-24 01:38:25,100.0,100.0,6.493606240354938
2026-01-24 01:38:40,100.0,100.0,6.493658179012346
2026-01-24 01:38:55,100.0,100.0,6.493710117669753
2026-01-24 01:39:10,100.0,100.0,6.493762056327161
2026-01-24 01:39:25,100.0,100.0,6.493813994984568
2026-01-24 01:39:40,100.0,100.0,6.493865933641976
2026-01-24 01:39:55,100.0,100.0,6.493917872299383
2026-01-24 01:40:10,100.0,100.0,6.4939698109567905
2026-01-24 01:40:25,100.0,100.0,6.494021749614197
2026-01-24 01:40:40,100.0,100.0,6.494073688271605
2026-01-24 01:40:55,100.0,100.0,6.494125626929012
2026-01-24 01:41:10,100.0,100.0,6.49417756558642
2026-01-24 01:41:25,100.0,100.0,6.494229504243828
2026-01-24 01:41:40,100.0,100.0,6.494281442901235
2026-01-24 01:41:55,100.0,100.0,6.494333381558643
2026-01-24 01:42:10,100.0,100.0,6.4943853202160495
2026-01-24 01:42:25,100.0,100.0,6.494437258873457
2026-01-24 01:42:40,100.0,100.0,6.494489197530864
2026-01-24 01:42:55,100.0,100.0,6.494541136188272
2026-01-24 01:43:10,100.0,100.0,6.494593074845679
2026-01-24 01:43:25,100.0,100.0,6.494645013503087
2026-01-24 01:43:40,100.0,100.0,6.494696952160494
2026-01-24 01:43:55,100.0,100.0,6.494748890817902
2026-01-24 01:44:10,100.0,100.0,6.494800829475309
2026-01-24 01:44:25,100.0,100.0,6.494852768132716
2026-01-24 01:44:40,100.0,100.0,6.494904706790123
2026-01-24 01:44:55,100.0,100.0,6.494956645447531
2026-01-24 01:45:10,100.0,100.0,6.495008584104938
2026-01-24 01:45:25,100.0,100.0,6.495060522762346
2026-01-24 01:45:40,100.0,100.0,6.495112461419754
2026-01-24 01:45:55,100.0,100.0,6.495164400077161
2026-01-24 01:46:10,100.0,100.0,6.4952163387345685
2026-01-24 01:46:25,100.0,100.0,6.495268277391975
2026-01-24 01:46:40,100.0,100.0,6.495320216049383
2026-01-24 01:46:55,100.0,100.0,6.49537215470679
2026-01-24 01:47:10,100.0,100.0,6.495424093364198
2026-01-24 01:47:25,100.0,100.0,6.495476032021605
2026-01-24 01:47:40,100.0,100.0,6.495527970679013
2026-01-24 01:47:55,100.0,100.0,6.49557990933642
2026-01-24 01:48:10,100.0,100.0,6.4956318479938275
2026-01-24 01:48:25,100.0,100.0,6.4956837866512345
2026-01-24 01:48:40,100.0,100.0,6.495735725308642
2026-01-24 01:48:55,100.0,100.0,6.495787663966049
2026-01-24 01:49:10,100.0,100.0,6.495839602623457
2026-01-24 01:49:25,100.0,100.0,6.495891541280865
2026-01-24 01:49:40,100.0,100.0,6.495943479938272
2026-01-24 01:49:55,100.0,100.0,6.49599541859568
2026-01-24 01:50:10,100.0,100.0,6.496047357253087
2026-01-24 01:50:25,100.0,100.0,6.496099295910494
2026-01-24 01:50:40,100.0,100.0,6.496151234567901
2026-01-24 01:50:55,100.0,100.0,6.496203173225309
2026-01-24 01:51:10,100.0,100.0,6.496255111882716
2026-01-24 01:51:25,100.0,100.0,6.496307050540124
2026-01-24 01:51:40,100.0,100.0,6.496358989197531
2026-01-24 01:51:55,100.0,100.0,6.496410927854939
2026-01-24 01:52:10,100.0,100.0,6.496462866512346
2026-01-24 01:52:25,100.0,100.0,6.496514805169753
2026-01-24 01:52:40,100.0,100.0,6.49656674382716
2026-01-24 01:52:55,100.0,100.0,6.496618682484568
2026-01-24 01:53:10,100.0,100.0,6.496670621141975
2026-01-24 01:53:25,100.0,100.0,6.496722559799383
2026-01-24 01:53:40,100.0,100.0,6.496774498456791
2026-01-24 01:53:55,100.0,100.0,6.496826437114198
2026-01-24 01:54:10,100.0,100.0,6.4968783757716055
2026-01-24 01:54:25,100.0,100.0,6.4969303144290125
2026-01-24 01:54:40,100.0,100.0,6.49698225308642
2026-01-24 01:54:55,100.0,100.0,6.497034191743827
2026-01-24 01:55:10,100.0,100.0,6.497086130401235
2026-01-24 01:55:25,100.0,100.0,6.497138069058642
2026-01-24 01:55:40,100.0,100.0,6.49719000771605
2026-01-24 01:55:55,100.0,100.0,6.497241946373457
2026-01-24 01:56:10,100.0,100.0,6.497293885030865
2026-01-24 01:56:25,100.0,100.0,6.4973458236882715
2026-01-24 01:56:40,100.0,100.0,6.497397762345679
2026-01-24 01:56:55,100.0,100.0,6.497449701003086
2026-01-24 01:57:10,100.0,100.0,6.497501639660494
2026-01-24 01:57:25,100.0,100.0,6.497553578317902
2026-01-24 01:57:40,100.0,100.0,6.497605516975309
2026-01-24 01:57:55,100.0,100.0,6.497657455632717
2026-01-24 01:58:10,100.0,100.0,6.497709394290124
2026-01-24 01:58:25,100.0,100.0,6.497761332947531
2026-01-24 01:58:40,100.0,100.0,6.497813271604938
2026-01-24 01:58:55,100.0,100.0,6.497865210262346
2026-01-24 01:59:10,100.0,100.0,6.497917148919753
2026-01-24 01:59:25,100.0,100.0,6.497969087577161
2026-01-24 01:59:40,100.0,100.0,6.498021026234568
2026-01-24 01:59:55,100.0,100.0,6.498072964891976
2026-01-24 02:00:10,100.0,100.0,6.498124903549383
2026-01-24 02:00:25,100.0,100.0,6.4981768422067905
2026-01-24 02:00:40,100.0,100.0,6.498228780864197
2026-01-24 02:00:55,100.0,100.0,6.498280719521605
2026-01-24 02:01:10,100.0,100.0,6.498332658179012
2026-01-24 02:01:25,100.0,100.0,6.49838459683642
2026-01-24 02:01:40,100.0,100.0,6.498436535493828
2026-01-24 02:01:55,100.0,100.0,6.498488474151235
2026-01-24 02:02:10,100.0,100.0,6.498540412808643
2026-01-24 02:02:25,100.0,100.0,6.4985923514660495
2026-01-24 02:02:40,100.0,100.0,6.498644290123457
2026-01-24 02:02:55,100.0,100.0,6.498696228780864
2026-01-24 02:03:10,100.0,100.0,6.498748167438272
2026-01-24 02:03:25,100.0,100.0,6.498800106095679
2026-01-24 02:03:40,100.0,100.0,6.498852044753087
2026-01-24 02:03:55,100.0,100.0,6.498903983410494
2026-01-24 02:04:10,100.0,100.0,6.498955922067902
2026-01-24 02:04:25,100.0,100.0,6.499007860725309
2026-01-24 02:04:40,100.0,100.0,6.499059799382716
2026-01-24 02:04:55,100.0,100.0,6.499111738040123
2026-01-24 02:05:10,100.0,100.0,6.499163676697531
2026-01-24 02:05:25,100.0,100.0,6.499215615354939
2026-01-24 02:05:40,100.0,100.0,6.499267554012346
2026-01-24 02:05:55,100.0,100.0,6.499319492669754
2026-01-24 02:06:10,100.0,100.0,6.499371431327161
2026-01-24 02:06:25,100.0,100.0,6.4994233699845685
2026-01-24 02:06:40,100.0,100.0,6.499475308641975
2026-01-24 02:06:55,100.0,100.0,6.499527247299383
2026-01-24 02:07:10,100.0,100.0,6.49957918595679
2026-01-24 02:07:25,100.0,100.0,6.499631124614198
2026-01-24 02:07:40,100.0,100.0,6.499683063271605
2026-01-24 02:07:55,100.0,100.0,6.499735001929013
2026-01-24 02:08:10,100.0,100.0,6.49978694058642
2026-01-24 02:08:25,100.0,100.0,6.4998388792438275
2026-01-24 02:08:40,100.0,100.0,6.4998908179012345
2026-01-24 02:08:55,100.0,100.0,6.499942756558642
2026-01-24 02:09:10,100.0,100.0,6.499994695216049
2026-01-24 02:09:25,100.0,100.0,6.500046633873457
2026-01-24 02:09:40,100.0,100.0,6.500098572530865
2026-01-24 02:09:55,100.0,100.0,6.500150511188272
2026-01-24 02:10:10,100.0,100.0,6.50020244984568
2026-01-24 02:10:25,100.0,100.0,6.500254388503087
2026-01-24 02:10:40,100.0,100.0,6.500306327160494
2026-01-24 02:10:55,100.0,100.0,6.500358265817901
2026-01-24 02:11:10,100.0,100.0,6.500410204475309
2026-01-24 02:11:25,100.0,100.0,6.500462143132716
2026-01-24 02:11:40,100.0,100.0,6.500514081790124
2026-01-24 02:11:55,100.0,100.0,6.500566020447531
2026-01-24 02:12:10,100.0,100.0,6.500617959104939
2026-01-24 02:12:25,100.0,100.0,6.500669897762346
2026-01-24 02:12:40,100.0,100.0,6.500721836419753
2026-01-24 02:12:55,100.0,100.0,6.50077377507716
2026-01-24 02:13:10,100.0,100.0,6.500825713734568
2026-01-24 02:13:25,100.0,100.0,6.500877652391976
2026-01-24 02:13:40,100.0,100.0,6.500929591049383
2026-01-24 02:13:55,100.0,100.0,6.500981529706791
2026-01-24 02:14:10,100.0,100.0,6.501033468364198
2026-01-24 02:14:25,100.0,100.0,6.5010854070216055
2026-01-24 02:14:40,100.0,100.0,6.5011373456790125
2026-01-24 02:14:55,100.0,100.0,6.50118928433642
2026-01-24 02:15:10,100.0,100.0,6.501241222993827
2026-01-24 02:15:25,100.0,100.0,6.501293161651235
2026-01-24 02:15:40,100.0,100.0,6.501345100308642
2026-01-24 02:15:55,100.0,100.0,6.50139703896605
2026-01-24 02:16:10,100.0,100.0,6.501448977623457
2026-01-24 02:16:25,100.0,100.0,6.501500916280865
2026-01-24 02:16:40,100.0,100.0,6.5015528549382715
2026-01-24 02:16:55,100.0,100.0,6.501604793595679
2026-01-24 02:17:10,100.0,100.0,6.501656732253086
2026-01-24 02:17:25,100.0,100.0,6.501708670910494
2026-01-24 02:17:40,100.0,100.0,6.501760609567902
2026-01-24 02:17:55,100.0,100.0,6.501812548225309
2026-01-24 02:18:10,100.0,100.0,6.501864486882717
2026-01-24 02:18:25,100.0,100.0,6.501916425540124
2026-01-24 02:18:40,100.0,100.0,6.501968364197531
2026-01-24 02:18:55,100.0,100.0,6.502020302854938
2026-01-24 02:19:10,100.0,100.0,6.502072241512346
2026-01-24 02:19:25,100.0,100.0,6.502124180169753
2026-01-24 02:19:40,100.0,100.0,6.502176118827161
2026-01-24 02:19:55,100.0,100.0,6.502228057484568
2026-01-24 02:20:10,100.0,100.0,6.502279996141976
2026-01-24 02:20:25,100.0,100.0,6.502331934799383
2026-01-24 02:20:40,100.0,100.0,6.5023838734567905
2026-01-24 02:20:55,100.0,100.0,6.502435812114197
2026-01-24 02:21:10,100.0,100.0,6.502487750771605
2026-01-24 02:21:25,100.0,100.0,6.502539689429013
2026-01-24 02:21:40,100.0,100.0,6.50259162808642
2026-01-24 02:21:55,100.0,100.0,6.502643566743828
2026-01-24 02:22:10,100.0,100.0,6.502695505401235
2026-01-24 02:22:25,100.0,100.0,6.502747444058643
2026-01-24 02:22:40,100.0,100.0,6.5027993827160495
2026-01-24 02:22:55,100.0,100.0,6.502851321373457
2026-01-24 02:23:10,100.0,100.0,6.502903260030864
2026-01-24 02:23:25,100.0,100.0,6.502955198688272
2026-01-24 02:23:40,100.0,100.0,6.503007137345679
2026-01-24 02:23:55,100.0,100.0,6.503059076003087
2026-01-24 02:24:10,100.0,100.0,6.503111014660494
2026-01-24 02:24:25,100.0,100.0,6.503162953317902
2026-01-24 02:24:40,100.0,100.0,6.5032148919753086
2026-01-24 02:24:55,100.0,100.0,6.503266830632716
2026-01-24 02:25:10,100.0,100.0,6.503318769290123
2026-01-24 02:25:25,100.0,100.0,6.503370707947531
2026-01-24 02:25:40,100.0,100.0,6.503422646604939
2026-01-24 02:25:55,100.0,100.0,6.503474585262346
2026-01-24 02:26:10,100.0,100.0,6.503526523919754
2026-01-24 02:26:25,100.0,100.0,6.503578462577161
2026-01-24 02:26:40,100.0,100.0,6.5036304012345685
2026-01-24 02:26:55,100.0,100.0,6.503682339891975
2026-01-24 02:27:10,100.0,100.0,6.503734278549383
2026-01-24 02:27:25,100.0,100.0,6.50378621720679
2026-01-24 02:27:40,100.0,100.0,6.503838155864198
2026-01-24 02:27:55,100.0,100.0,6.503890094521605
2026-01-24 02:28:10,100.0,100.0,6.503942033179013
2026-01-24 02:28:25,100.0,100.0,6.50399397183642
2026-01-24 02:28:40,100.0,100.0,6.5040459104938275
2026-01-24 02:28:55,100.0,100.0,6.5040978491512345
2026-01-24 02:29:10,100.0,100.0,6.504149787808642
2026-01-24 02:29:25,100.0,100.0,6.50420172646605
2026-01-24 02:29:40,100.0,100.0,6.504253665123457
2026-01-24 02:29:55,100.0,100.0,6.504305603780865
2026-01-24 02:30:10,100.0,100.0,6.504357542438272
2026-01-24 02:30:25,100.0,100.0,6.50440948109568
2026-01-24 02:30:40,100.0,100.0,6.504461419753087
2026-01-24 02:30:55,100.0,100.0,6.504513358410494
2026-01-24 02:31:10,100.0,100.0,6.504565297067901
2026-01-24 02:31:25,100.0,100.0,6.504617235725309
2026-01-24 02:31:40,100.0,100.0,6.504669174382716
2026-01-24 02:31:55,100.0,100.0,6.504721113040124
2026-01-24 02:32:10,100.0,100.0,6.504773051697531
2026-01-24 02:32:25,100.0,100.0,6.504824990354939
2026-01-24 02:32:40,100.0,100.0,6.504876929012346
2026-01-24 02:32:55,100.0,100.0,6.504928867669753
2026-01-24 02:33:10,100.0,100.0,6.50498080632716
2026-01-24 02:33:25,100.0,100.0,6.505032744984568
2026-01-24 02:33:40,100.0,100.0,6.505084683641976
2026-01-24 02:33:55,100.0,100.0,6.505136622299383
2026-01-24 02:34:10,100.0,100.0,6.505188560956791
2026-01-24 02:34:25,100.0,100.0,6.505240499614198
2026-01-24 02:34:40,100.0,100.0,6.5052924382716055
2026-01-24 02:34:55,100.0,100.0,6.5053443769290125
2026-01-24 02:35:10,100.0,100.0,6.50539631558642
2026-01-24 02:35:25,100.0,100.0,6.505448254243827
2026-01-24 02:35:40,100.0,100.0,6.505500192901235
2026-01-24 02:35:55,100.0,100.0,6.505552131558642
2026-01-24 02:36:10,100.0,100.0,6.50560407021605
2026-01-24 02:36:25,100.0,100.0,6.505656008873457
2026-01-24 02:36:40,100.0,100.0,6.505707947530865
2026-01-24 02:36:55,100.0,100.0,6.5057598861882715
2026-01-24 02:37:10,100.0,100.0,6.505811824845679
2026-01-24 02:37:25,100.0,100.0,6.505863763503087
2026-01-24 02:37:40,100.0,100.0,6.505915702160494
2026-01-24 02:37:55,100.0,100.0,6.505967640817902
2026-01-24 02:38:10,100.0,100.0,6.506019579475309
2026-01-24 02:38:25,100.0,100.0,6.506071518132717
2026-01-24 02:38:40,100.0,100.0,6.506123456790124
2026-01-24 02:38:55,100.0,100.0,6.506175395447531
2026-01-24 02:39:10,100.0,100.0,6.506227334104938
2026-01-24 02:39:25,100.0,100.0,6.506279272762346
2026-01-24 02:39:40,100.0,100.0,6.506331211419753
2026-01-24 02:39:55,100.0,100.0,6.506383150077161
2026-01-24 02:40:10,100.0,100.0,6.506435088734568
2026-01-24 02:40:25,100.0,100.0,6.506487027391976
2026-01-24 02:40:40,100.0,100.0,6.506538966049383
2026-01-24 02:40:55,100.0,100.0,6.5065909047067905
2026-01-24 02:41:10,100.0,100.0,6.506642843364197
2026-01-24 02:41:25,100.0,100.0,6.506694782021605
2026-01-24 02:41:40,100.0,100.0,6.506746720679013
2026-01-24 02:41:55,100.0,100.0,6.50679865933642
2026-01-24 02:42:10,100.0,100.0,6.506850597993828
2026-01-24 02:42:25,100.0,100.0,6.506902536651235
2026-01-24 02:42:40,100.0,100.0,6.506954475308643
2026-01-24 02:42:55,100.0,100.0,6.5070064139660495
2026-01-24 02:43:10,100.0,100.0,6.507058352623457
2026-01-24 02:43:25,100.0,100.0,6.507110291280864
2026-01-24 02:43:40,100.0,100.0,6.507162229938272
2026-01-24 02:43:55,100.0,100.0,6.507214168595679
2026-01-24 02:44:10,100.0,100.0,6.507266107253087
2026-01-24 02:44:25,100.0,100.0,6.507318045910494
2026-01-24 02:44:40,100.0,100.0,6.507369984567902
2026-01-24 02:44:55,100.0,100.0,6.5074219232253085
2026-01-24 02:45:10,100.0,100.0,6.507473861882716
2026-01-24 02:45:25,100.0,100.0,6.507525800540124
2026-01-24 02:45:40,100.0,100.0,6.507577739197531
2026-01-24 02:45:55,100.0,100.0,6.507629677854939
2026-01-24 02:46:10,100.0,100.0,6.507681616512346
2026-01-24 02:46:25,100.0,100.0,6.507733555169754
2026-01-24 02:46:40,100.0,100.0,6.507785493827161
2026-01-24 02:46:55,100.0,100.0,6.5078374324845685
2026-01-24 02:47:10,100.0,100.0,6.507889371141975
2026-01-24 02:47:25,100.0,100.0,6.507941309799383
2026-01-24 02:47:40,100.0,100.0,6.50799324845679
2026-01-24 02:47:55,100.0,100.0,6.508045187114198
2026-01-24 02:48:10,100.0,100.0,6.508097125771605
2026-01-24 02:48:25,100.0,100.0,6.508149064429013
2026-01-24 02:48:40,100.0,100.0,6.50820100308642
2026-01-24 02:48:55,100.0,100.0,6.5082529417438275
2026-01-24 02:49:10,100.0,100.0,6.5083048804012344
2026-01-24 02:49:25,100.0,100.0,6.508356819058642
2026-01-24 02:49:40,100.0,100.0,6.50840875771605
2026-01-24 02:49:55,100.0,100.0,6.508460696373457
2026-01-24 02:50:10,100.0,100.0,6.508512635030865
2026-01-24 02:50:25,100.0,100.0,6.508564573688272
2026-01-24 02:50:40,100.0,100.0,6.50861651234568
2026-01-24 02:50:55,100.0,100.0,6.5086684510030866
2026-01-24 02:51:10,100.0,100.0,6.508720389660494
2026-01-24 02:51:25,100.0,100.0,6.508772328317901
2026-01-24 02:51:40,100.0,100.0,6.508824266975309
2026-01-24 02:51:55,100.0,100.0,6.508876205632716
2026-01-24 02:52:10,100.0,100.0,6.508928144290124
2026-01-24 02:52:25,100.0,100.0,6.508980082947531
2026-01-24 02:52:40,100.0,100.0,6.509032021604939
2026-01-24 02:52:55,100.0,100.0,6.509083960262346
2026-01-24 02:53:10,100.0,100.0,6.509135898919753
2026-01-24 02:53:25,100.0,100.0,6.509187837577161
2026-01-24 02:53:40,100.0,100.0,6.509239776234568
2026-01-24 02:53:55,100.0,100.0,6.509291714891976
2026-01-24 02:54:10,100.0,100.0,6.509343653549383
2026-01-24 02:54:25,100.0,100.0,6.509395592206791
2026-01-24 02:54:40,100.0,100.0,6.509447530864198
2026-01-24 02:54:55,100.0,100.0,6.5094994695216055
2026-01-24 02:55:10,100.0,100.0,6.5095514081790125
2026-01-24 02:55:25,100.0,100.0,6.50960334683642
2026-01-24 02:55:40,100.0,100.0,6.509655285493827
2026-01-24 02:55:55,100.0,100.0,6.509707224151235
2026-01-24 02:56:10,100.0,100.0,6.509759162808642
2026-01-24 02:56:25,100.0,100.0,6.50981110146605
2026-01-24 02:56:40,100.0,100.0,6.509863040123457
2026-01-24 02:56:55,100.0,100.0,6.509914978780865
2026-01-24 02:57:10,100.0,100.0,6.5099669174382715
2026-01-24 02:57:25,100.0,100.0,6.510018856095679
2026-01-24 02:57:40,100.0,100.0,6.510070794753087
2026-01-24 02:57:55,100.0,100.0,6.510122733410494
2026-01-24 02:58:10,100.0,100.0,6.510174672067902
2026-01-24 02:58:25,100.0,100.0,6.510226610725309
2026-01-24 02:58:40,100.0,100.0,6.510278549382717
2026-01-24 02:58:55,100.0,100.0,6.510330488040124
2026-01-24 02:59:10,100.0,100.0,6.510382426697531
2026-01-24 02:59:25,100.0,100.0,6.510434365354938
2026-01-24 02:59:40,100.0,100.0,6.510486304012346
2026-01-24 02:59:55,100.0,100.0,6.510538242669753
2026-01-24 03:00:10,100.0,100.0,6.510590181327161
2026-01-24 03:00:25,100.0,100.0,6.510642119984568
2026-01-24 03:00:40,100.0,100.0,6.510694058641976
2026-01-24 03:00:55,100.0,100.0,6.510745997299383
2026-01-24 03:01:10,100.0,100.0,6.5107979359567905
2026-01-24 03:01:25,100.0,100.0,6.510849874614198
2026-01-24 03:01:40,100.0,100.0,6.510901813271605
2026-01-24 03:01:55,100.0,100.0,6.510953751929013
2026-01-24 03:02:10,100.0,100.0,6.51100569058642
2026-01-24 03:02:25,100.0,100.0,6.511057629243828
2026-01-24 03:02:40,100.0,100.0,6.511109567901235
2026-01-24 03:02:55,100.0,100.0,6.511161506558643
2026-01-24 03:03:10,100.0,100.0,6.5112134452160495
2026-01-24 03:03:25,100.0,100.0,6.511265383873457
2026-01-24 03:03:40,100.0,100.0,6.511317322530864
2026-01-24 03:03:55,100.0,100.0,6.511369261188272
2026-01-24 03:04:10,100.0,100.0,6.511421199845679
2026-01-24 03:04:25,100.0,100.0,6.511473138503087
2026-01-24 03:04:40,100.0,100.0,6.511525077160494
2026-01-24 03:04:55,100.0,100.0,6.511577015817902
2026-01-24 03:05:10,100.0,100.0,6.5116289544753085
2026-01-24 03:05:25,100.0,100.0,6.511680893132716
2026-01-24 03:05:40,100.0,100.0,6.511732831790124
2026-01-24 03:05:55,100.0,100.0,6.511784770447531
2026-01-24 03:06:10,100.0,100.0,6.511836709104939
2026-01-24 03:06:25,100.0,100.0,6.511888647762346
2026-01-24 03:06:40,100.0,100.0,6.511940586419754
2026-01-24 03:06:55,100.0,100.0,6.511992525077161
2026-01-24 03:07:10,100.0,100.0,6.5120444637345685
2026-01-24 03:07:25,100.0,100.0,6.512096402391975
2026-01-24 03:07:40,100.0,100.0,6.512148341049383
2026-01-24 03:07:55,100.0,100.0,6.51220027970679
2026-01-24 03:08:10,100.0,100.0,6.512252218364198
2026-01-24 03:08:25,100.0,100.0,6.512304157021605
2026-01-24 03:08:40,100.0,100.0,6.512356095679013
2026-01-24 03:08:55,100.0,100.0,6.51240803433642
2026-01-24 03:09:10,100.0,100.0,6.5124599729938275
2026-01-24 03:09:25,100.0,100.0,6.512511911651235
2026-01-24 03:09:40,100.0,100.0,6.512563850308642
2026-01-24 03:09:55,100.0,100.0,6.51261578896605
2026-01-24 03:10:10,100.0,100.0,6.512667727623457
2026-01-24 03:10:25,100.0,100.0,6.512719666280865
2026-01-24 03:10:40,100.0,100.0,6.512771604938272
2026-01-24 03:10:55,100.0,100.0,6.51282354359568
2026-01-24 03:11:10,100.0,100.0,6.5128754822530865
2026-01-24 03:11:25,100.0,100.0,6.512927420910494
2026-01-24 03:11:40,100.0,100.0,6.512979359567901
2026-01-24 03:11:55,100.0,100.0,6.513031298225309
2026-01-24 03:12:10,100.0,100.0,6.513083236882716
2026-01-24 03:12:25,100.0,100.0,6.513135175540124
2026-01-24 03:12:40,100.0,100.0,6.513187114197531
2026-01-24 03:12:55,100.0,100.0,6.513239052854939
2026-01-24 03:13:10,100.0,100.0,6.513290991512346
2026-01-24 03:13:25,100.0,100.0,6.513342930169753
2026-01-24 03:13:40,100.0,100.0,6.513394868827161
2026-01-24 03:13:55,100.0,100.0,6.513446807484568
2026-01-24 03:14:10,100.0,100.0,6.513498746141976
2026-01-24 03:14:25,100.0,100.0,6.513550684799383
2026-01-24 03:14:40,100.0,100.0,6.513602623456791
2026-01-24 03:14:55,100.0,100.0,6.513654562114198
2026-01-24 03:15:10,100.0,100.0,6.5137065007716055
2026-01-24 03:15:25,100.0,100.0,6.5137584394290124
2026-01-24 03:15:40,100.0,100.0,6.51381037808642
2026-01-24 03:15:55,100.0,100.0,6.513862316743827
2026-01-24 03:16:10,100.0,100.0,6.513914255401235
2026-01-24 03:16:25,100.0,100.0,6.513966194058642
2026-01-24 03:16:40,100.0,100.0,6.51401813271605
2026-01-24 03:16:55,100.0,100.0,6.514070071373457
2026-01-24 03:17:10,100.0,100.0,6.5141220100308646
2026-01-24 03:17:25,100.0,100.0,6.514173948688272
2026-01-24 03:17:40,100.0,100.0,6.514225887345679
2026-01-24 03:17:55,100.0,100.0,6.514277826003087
2026-01-24 03:18:10,100.0,100.0,6.514329764660494
2026-01-24 03:18:25,100.0,100.0,6.514381703317902
2026-01-24 03:18:40,100.0,100.0,6.514433641975309
2026-01-24 03:18:55,100.0,100.0,6.514485580632717
2026-01-24 03:19:10,100.0,100.0,6.514537519290124
2026-01-24 03:19:25,100.0,100.0,6.514589457947531
2026-01-24 03:19:40,100.0,100.0,6.514641396604938
2026-01-24 03:19:55,100.0,100.0,6.514693335262346
2026-01-24 03:20:10,100.0,100.0,6.514745273919753
2026-01-24 03:20:25,100.0,100.0,6.514797212577161
2026-01-24 03:20:40,100.0,100.0,6.514849151234568
2026-01-24 03:20:55,100.0,100.0,6.514901089891976
2026-01-24 03:21:10,100.0,100.0,6.514953028549383
2026-01-24 03:21:25,100.0,100.0,6.5150049672067905
2026-01-24 03:21:40,100.0,100.0,6.515056905864198
2026-01-24 03:21:55,100.0,100.0,6.515108844521605
2026-01-24 03:22:10,100.0,100.0,6.515160783179013
2026-01-24 03:22:25,100.0,100.0,6.51521272183642
2026-01-24 03:22:40,100.0,100.0,6.515264660493828
2026-01-24 03:22:55,100.0,100.0,6.515316599151235
2026-01-24 03:23:10,100.0,100.0,6.515368537808643
2026-01-24 03:23:25,100.0,100.0,6.5154204764660495
2026-01-24 03:23:40,100.0,100.0,6.515472415123457
2026-01-24 03:23:55,100.0,100.0,6.515524353780864
2026-01-24 03:24:10,100.0,100.0,6.515576292438272
2026-01-24 03:24:25,100.0,100.0,6.515628231095679
2026-01-24 03:24:40,100.0,100.0,6.515680169753087
2026-01-24 03:24:55,100.0,100.0,6.515732108410494
2026-01-24 03:25:10,100.0,100.0,6.515784047067902
2026-01-24 03:25:25,100.0,100.0,6.515835985725309
2026-01-24 03:25:40,100.0,100.0,6.515887924382716
2026-01-24 03:25:55,100.0,100.0,6.515939863040124
2026-01-24 03:26:10,100.0,100.0,6.515991801697531
2026-01-24 03:26:25,100.0,100.0,6.516043740354939
2026-01-24 03:26:40,100.0,100.0,6.516095679012346
2026-01-24 03:26:55,100.0,100.0,6.516147617669754
2026-01-24 03:27:10,100.0,100.0,6.516199556327161
2026-01-24 03:27:25,100.0,100.0,6.5162514949845685
2026-01-24 03:27:40,100.0,100.0,6.516303433641975
2026-01-24 03:27:55,100.0,100.0,6.516355372299383
2026-01-24 03:28:10,100.0,100.0,6.51640731095679
2026-01-24 03:28:25,100.0,100.0,6.516459249614198
2026-01-24 03:28:40,100.0,100.0,6.516511188271605
2026-01-24 03:28:55,100.0,100.0,6.516563126929013
2026-01-24 03:29:10,100.0,100.0,6.51661506558642
2026-01-24 03:29:25,100.0,100.0,6.5166670042438275
2026-01-24 03:29:40,100.0,100.0,6.516718942901235
2026-01-24 03:29:55,100.0,100.0,6.516770881558642
2026-01-24 03:30:10,100.0,100.0,6.51682282021605
2026-01-24 03:30:25,100.0,100.0,6.516874758873457
2026-01-24 03:30:40,100.0,100.0,6.516926697530865
2026-01-24 03:30:55,100.0,100.0,6.516978636188272
2026-01-24 03:31:10,100.0,100.0,6.51703057484568
2026-01-24 03:31:25,100.0,100.0,6.5170825135030865
2026-01-24 03:31:40,100.0,100.0,6.517134452160494
2026-01-24 03:31:55,100.0,100.0,6.517186390817901
2026-01-24 03:32:10,100.0,100.0,6.517238329475309
2026-01-24 03:32:25,100.0,100.0,6.517290268132716
2026-01-24 03:32:40,100.0,100.0,6.517342206790124
2026-01-24 03:32:55,100.0,100.0,6.517394145447531
2026-01-24 03:33:10,100.0,100.0,6.517446084104939
2026-01-24 03:33:25,100.0,100.0,6.5174980227623465
2026-01-24 03:33:40,100.0,100.0,6.517549961419753
2026-01-24 03:33:55,100.0,100.0,6.517601900077161
2026-01-24 03:34:10,100.0,100.0,6.517653838734568
2026-01-24 03:34:25,100.0,100.0,6.517705777391976
2026-01-24 03:34:40,100.0,100.0,6.517757716049383
2026-01-24 03:34:55,100.0,100.0,6.517809654706791
2026-01-24 03:35:10,100.0,100.0,6.517861593364198
2026-01-24 03:35:25,100.0,100.0,6.5179135320216055
2026-01-24 03:35:40,100.0,100.0,6.517965470679012
2026-01-24 03:35:55,100.0,100.0,6.51801740933642
2026-01-24 03:36:10,100.0,100.0,6.518069347993827
2026-01-24 03:36:25,100.0,100.0,6.518121286651235
2026-01-24 03:36:40,100.0,100.0,6.518173225308642
2026-01-24 03:36:55,100.0,100.0,6.51822516396605
2026-01-24 03:37:10,100.0,100.0,6.518277102623457
2026-01-24 03:37:25,100.0,100.0,6.5183290412808645
2026-01-24 03:37:40,100.0,100.0,6.518380979938272
2026-01-24 03:37:55,100.0,100.0,6.518432918595679
2026-01-24 03:38:10,100.0,100.0,6.518484857253087
2026-01-24 03:38:25,100.0,100.0,6.518536795910494
2026-01-24 03:38:40,100.0,100.0,6.518588734567902
2026-01-24 03:38:55,100.0,100.0,6.518640673225309
2026-01-24 03:39:10,100.0,100.0,6.518692611882717
2026-01-24 03:39:25,100.0,100.0,6.518744550540124
2026-01-24 03:39:40,100.0,100.0,6.518796489197531
2026-01-24 03:39:55,100.0,100.0,6.518848427854938
2026-01-24 03:40:10,100.0,100.0,6.518900366512346
2026-01-24 03:40:25,100.0,100.0,6.518952305169753
2026-01-24 03:40:40,100.0,100.0,6.519004243827161
2026-01-24 03:40:55,100.0,100.0,6.519056182484568
2026-01-24 03:41:10,100.0,100.0,6.519108121141976
2026-01-24 03:41:25,100.0,100.0,6.5191600597993835
2026-01-24 03:41:40,100.0,100.0,6.5192119984567904
2026-01-24 03:41:55,100.0,100.0,6.519263937114198
2026-01-24 03:42:10,100.0,100.0,6.519315875771605
2026-01-24 03:42:25,100.0,100.0,6.519367814429013
2026-01-24 03:42:40,100.0,100.0,6.51941975308642
2026-01-24 03:42:55,100.0,100.0,6.519471691743828
2026-01-24 03:43:10,100.0,100.0,6.519523630401235
2026-01-24 03:43:25,100.0,100.0,6.5195755690586426
2026-01-24 03:43:40,100.0,100.0,6.5196275077160495
2026-01-24 03:43:55,100.0,100.0,6.519679446373457
2026-01-24 03:44:10,100.0,100.0,6.519731385030864
2026-01-24 03:44:25,100.0,100.0,6.519783323688272
2026-01-24 03:44:40,100.0,100.0,6.519835262345679
2026-01-24 03:44:55,100.0,100.0,6.519887201003087
2026-01-24 03:45:10,100.0,100.0,6.519939139660494
2026-01-24 03:45:25,100.0,100.0,6.519991078317902
2026-01-24 03:45:40,100.0,100.0,6.520043016975309
2026-01-24 03:45:55,100.0,100.0,6.520094955632716
2026-01-24 03:46:10,100.0,100.0,6.520146894290124
2026-01-24 03:46:25,100.0,100.0,6.520198832947531
2026-01-24 03:46:40,100.0,100.0,6.520250771604939
2026-01-24 03:46:55,100.0,100.0,6.520302710262346
2026-01-24 03:47:10,100.0,100.0,6.520354648919754
2026-01-24 03:47:25,100.0,100.0,6.520406587577161
2026-01-24 03:47:40,100.0,100.0,6.5204585262345685
2026-01-24 03:47:55,100.0,100.0,6.520510464891975
2026-01-24 03:48:10,100.0,100.0,6.520562403549383
2026-01-24 03:48:25,100.0,100.0,6.52061434220679
2026-01-24 03:48:40,100.0,100.0,6.520666280864198
2026-01-24 03:48:55,100.0,100.0,6.520718219521605
2026-01-24 03:49:10,100.0,100.0,6.520770158179013
2026-01-24 03:49:25,100.0,100.0,6.520822096836421
2026-01-24 03:49:40,100.0,100.0,6.5208740354938275
2026-01-24 03:49:55,100.0,100.0,6.520925974151235
2026-01-24 03:50:10,100.0,100.0,6.520977912808642
2026-01-24 03:50:25,100.0,100.0,6.52102985146605
2026-01-24 03:50:40,100.0,100.0,6.521081790123457
2026-01-24 03:50:55,100.0,100.0,6.521133728780865
2026-01-24 03:51:10,100.0,100.0,6.521185667438272
2026-01-24 03:51:25,100.0,100.0,6.52123760609568
2026-01-24 03:51:40,100.0,100.0,6.5212895447530865
2026-01-24 03:51:55,100.0,100.0,6.521341483410494
2026-01-24 03:52:10,100.0,100.0,6.521393422067901
2026-01-24 03:52:25,100.0,100.0,6.521445360725309
2026-01-24 03:52:40,100.0,100.0,6.521497299382716
2026-01-24 03:52:55,100.0,100.0,6.521549238040124
2026-01-24 03:53:10,100.0,100.0,6.521601176697531
2026-01-24 03:53:25,100.0,100.0,6.521653115354939
2026-01-24 03:53:40,100.0,100.0,6.5217050540123465
2026-01-24 03:53:55,100.0,100.0,6.521756992669753
2026-01-24 03:54:10,100.0,100.0,6.521808931327161
2026-01-24 03:54:25,100.0,100.0,6.521860869984568
2026-01-24 03:54:40,100.0,100.0,6.521912808641976
2026-01-24 03:54:55,100.0,100.0,6.521964747299383
2026-01-24 03:55:10,100.0,100.0,6.522016685956791
2026-01-24 03:55:25,100.0,100.0,6.522068624614198
2026-01-24 03:55:40,100.0,100.0,6.5221205632716055
2026-01-24 03:55:55,100.0,100.0,6.522172501929012
2026-01-24 03:56:10,100.0,100.0,6.52222444058642
2026-01-24 03:56:25,100.0,100.0,6.522276379243827
2026-01-24 03:56:40,100.0,100.0,6.522328317901235
2026-01-24 03:56:55,100.0,100.0,6.522380256558642
2026-01-24 03:57:10,100.0,100.0,6.52243219521605
2026-01-24 03:57:25,100.0,100.0,6.522484133873458
2026-01-24 03:57:40,100.0,100.0,6.5225360725308645
2026-01-24 03:57:55,100.0,100.0,6.522588011188272
2026-01-24 03:58:10,100.0,100.0,6.522639949845679
2026-01-24 03:58:25,100.0,100.0,6.522691888503087
2026-01-24 03:58:40,100.0,100.0,6.522743827160494
2026-01-24 03:58:55,100.0,100.0,6.522795765817902
2026-01-24 03:59:10,100.0,100.0,6.522847704475309
2026-01-24 03:59:25,100.0,100.0,6.522899643132717
2026-01-24 03:59:40,100.0,100.0,6.522951581790124
2026-01-24 03:59:55,100.0,100.0,6.523003520447531
2026-01-24 04:00:10,100.0,100.0,6.521905237268519
2026-01-24 04:00:25,100.0,100.0,6.520231843171297
2026-01-24 04:00:40,100.0,100.0,6.5185584490740744
2026-01-24 04:00:55,100.0,100.0,6.516885054976853
2026-01-24 04:01:10,100.0,100.0,6.51521166087963
2026-01-24 04:01:25,100.0,100.0,6.513538266782408
2026-01-24 04:01:40,100.0,100.0,6.5118648726851855
2026-01-24 04:01:55,100.0,100.0,6.510191478587964
2026-01-24 04:02:10,100.0,100.0,6.508518084490741
2026-01-24 04:02:25,100.0,100.0,6.506844690393519
2026-01-24 04:02:40,100.0,100.0,6.505171296296297
2026-01-24 04:02:55,100.0,100.0,6.503497902199075
2026-01-24 04:03:10,100.0,100.0,6.501824508101852
2026-01-24 04:03:25,100.0,100.0,6.50015111400463
2026-01-24 04:03:40,100.0,100.0,6.498477719907408
2026-01-24 04:03:55,100.0,100.0,6.496804325810186
2026-01-24 04:04:10,100.0,100.0,6.495130931712963
2026-01-24 04:04:25,100.0,100.0,6.4934575376157415
2026-01-24 04:04:40,100.0,100.0,6.491784143518519
2026-01-24 04:04:55,100.0,100.0,6.490110749421297
2026-01-24 04:05:10,100.0,100.0,6.488437355324074
2026-01-24 04:05:25,100.0,100.0,6.486763961226853
2026-01-24 04:05:40,100.0,100.0,6.48509056712963
2026-01-24 04:05:55,100.0,100.0,6.483417173032408
2026-01-24 04:06:10,100.0,100.0,6.4817437789351855
2026-01-24 04:06:25,100.0,100.0,6.480070384837964
2026-01-24 04:06:40,100.0,100.0,6.478396990740741
2026-01-24 04:06:55,100.0,100.0,6.476723596643519
2026-01-24 04:07:10,100.0,100.0,6.475050202546297
2026-01-24 04:07:25,100.0,100.0,6.473376808449075
2026-01-24 04:07:40,100.0,100.0,6.471703414351852
2026-01-24 04:07:55,100.0,100.0,6.47003002025463
2026-01-24 04:08:10,100.0,100.0,6.468356626157408
2026-01-24 04:08:25,100.0,100.0,6.466683232060186
2026-01-24 04:08:40,100.0,100.0,6.465009837962963
2026-01-24 04:08:55,100.0,100.0,6.4633364438657415
2026-01-24 04:09:10,100.0,100.0,6.461663049768519
2026-01-24 04:09:25,100.0,100.0,6.459989655671297
2026-01-24 04:09:40,100.0,100.0,6.458316261574074
2026-01-24 04:09:55,100.0,100.0,6.456642867476853
2026-01-24 04:10:10,100.0,100.0,6.45496947337963
2026-01-24 04:10:25,100.0,100.0,6.453296079282408
2026-01-24 04:10:40,100.0,100.0,6.4516226851851854
2026-01-24 04:10:55,100.0,100.0,6.449949291087964
2026-01-24 04:11:10,100.0,100.0,6.448275896990741
2026-01-24 04:11:25,100.0,100.0,6.446602502893519
2026-01-24 04:11:40,100.0,100.0,6.4449291087962965
2026-01-24 04:11:55,100.0,100.0,6.443255714699075
2026-01-24 04:12:10,100.0,100.0,6.441582320601852
2026-01-24 04:12:25,100.0,100.0,6.43990892650463
2026-01-24 04:12:40,100.0,100.0,6.438235532407408
2026-01-24 04:12:55,100.0,100.0,6.436562138310186
2026-01-24 04:13:10,100.0,100.0,6.434888744212963
2026-01-24 04:13:25,100.0,100.0,6.433215350115741
2026-01-24 04:13:40,100.0,100.0,6.431541956018519
2026-01-24 04:13:55,100.0,100.0,6.429868561921297
2026-01-24 04:14:10,100.0,100.0,6.428195167824074
2026-01-24 04:14:25,100.0,100.0,6.4265217737268525
2026-01-24 04:14:40,100.0,100.0,6.42484837962963
2026-01-24 04:14:55,100.0,100.0,6.423174985532408
2026-01-24 04:15:10,100.0,100.0,6.421501591435185
2026-01-24 04:15:25,100.0,100.0,6.419828197337964
2026-01-24 04:15:40,100.0,100.0,6.418154803240741
2026-01-24 04:15:55,100.0,100.0,6.416481409143519
2026-01-24 04:16:10,100.0,100.0,6.4148080150462965
2026-01-24 04:16:25,100.0,100.0,6.413134620949075
2026-01-24 04:16:40,100.0,100.0,6.411461226851852
2026-01-24 04:16:55,100.0,100.0,6.40978783275463
2026-01-24 04:17:10,100.0,100.0,6.408114438657408
2026-01-24 04:17:25,100.0,100.0,6.406441044560186
2026-01-24 04:17:40,100.0,100.0,6.404767650462963
2026-01-24 04:17:55,100.0,100.0,6.403094256365741
2026-01-24 04:18:10,100.0,100.0,6.401420862268519
2026-01-24 04:18:25,100.0,100.0,6.399747468171297
2026-01-24 04:18:40,100.0,100.0,6.398074074074074
2026-01-24 04:18:55,100.0,100.0,6.3964006799768525
2026-01-24 04:19:10,100.0,100.0,6.39472728587963
2026-01-24 04:19:25,100.0,100.0,6.393053891782408
2026-01-24 04:19:40,100.0,100.0,6.391380497685185
2026-01-24 04:19:55,100.0,100.0,6.389707103587964
2026-01-24 04:20:10,100.0,100.0,6.388033709490741
2026-01-24 04:20:25,100.0,100.0,6.386360315393519
2026-01-24 04:20:40,100.0,100.0,6.3846869212962964
2026-01-24 04:20:55,100.0,100.0,6.383013527199075
2026-01-24 04:21:10,100.0,100.0,6.381340133101852
2026-01-24 04:21:25,100.0,100.0,6.37966673900463
2026-01-24 04:21:40,100.0,100.0,6.3779933449074075
2026-01-24 04:21:55,100.0,100.0,6.376319950810186
2026-01-24 04:22:10,100.0,100.0,6.374646556712963
2026-01-24 04:22:25,100.0,100.0,6.372973162615741
2026-01-24 04:22:40,100.0,100.0,6.371299768518519
2026-01-24 04:22:55,100.0,100.0,6.369626374421297
2026-01-24 04:23:10,100.0,100.0,6.367952980324074
2026-01-24 04:23:25,100.0,100.0,6.366279586226852
2026-01-24 04:23:40,100.0,100.0,6.36460619212963
2026-01-24 04:23:55,100.0,100.0,6.362932798032408
2026-01-24 04:24:10,100.0,100.0,6.361259403935185
2026-01-24 04:24:25,100.0,100.0,6.3595860098379635
2026-01-24 04:24:40,100.0,100.0,6.357912615740741
2026-01-24 04:24:55,100.0,100.0,6.356239221643519
2026-01-24 04:25:10,100.0,100.0,6.354565827546296
2026-01-24 04:25:25,100.0,100.0,6.352892433449075
2026-01-24 04:25:40,100.0,100.0,6.351219039351852
2026-01-24 04:25:55,100.0,100.0,6.34954564525463
2026-01-24 04:26:10,100.0,100.0,6.3478722511574075
2026-01-24 04:26:25,100.0,100.0,6.346198857060186
2026-01-24 04:26:40,100.0,100.0,6.344525462962963
2026-01-24 04:26:55,100.0,100.0,6.342852068865741
2026-01-24 04:27:10,100.0,100.0,6.341178674768519
2026-01-24 04:27:25,100.0,100.0,6.339505280671297
2026-01-24 04:27:40,100.0,100.0,6.337831886574074
2026-01-24 04:27:55,100.0,100.0,6.336158492476852
2026-01-24 04:28:10,100.0,100.0,6.33448509837963
2026-01-24 04:28:25,100.0,100.0,6.332811704282408
2026-01-24 04:28:40,100.0,100.0,6.331138310185185
2026-01-24 04:28:55,100.0,100.0,6.3294649160879635
2026-01-24 04:29:10,100.0,100.0,6.327791521990741
2026-01-24 04:29:25,100.0,100.0,6.326118127893519
2026-01-24 04:29:40,100.0,100.0,6.324444733796296
2026-01-24 04:29:55,100.0,100.0,6.322771339699075
2026-01-24 04:30:10,100.0,100.0,6.321097945601852
2026-01-24 04:30:25,100.0,100.0,6.31942455150463
2026-01-24 04:30:40,100.0,100.0,6.3177511574074074
2026-01-24 04:30:55,100.0,100.0,6.316077763310186
2026-01-24 04:31:10,100.0,100.0,6.314404369212963
2026-01-24 04:31:25,100.0,100.0,6.312730975115741
2026-01-24 04:31:40,100.0,100.0,6.3110575810185185
2026-01-24 04:31:55,100.0,100.0,6.309384186921297
2026-01-24 04:32:10,100.0,100.0,6.307710792824074
2026-01-24 04:32:25,100.0,100.0,6.306037398726852
2026-01-24 04:32:40,100.0,100.0,6.30436400462963
2026-01-24 04:32:55,100.0,100.0,6.302690610532408
2026-01-24 04:33:10,100.0,100.0,6.301017216435185
2026-01-24 04:33:25,100.0,100.0,6.299343822337963
2026-01-24 04:33:40,100.0,100.0,6.297670428240741
2026-01-24 04:33:55,100.0,100.0,6.295997034143519
2026-01-24 04:34:10,100.0,100.0,6.294323640046296
2026-01-24 04:34:25,100.0,100.0,6.2926502459490745
2026-01-24 04:34:40,100.0,100.0,6.290976851851852
2026-01-24 04:34:55,100.0,100.0,6.28930345775463
2026-01-24 04:35:10,100.0,100.0,6.287630063657407
2026-01-24 04:35:25,100.0,100.0,6.285956669560186
2026-01-24 04:35:40,100.0,100.0,6.284283275462963
2026-01-24 04:35:55,100.0,100.0,6.282609881365741
2026-01-24 04:36:10,100.0,100.0,6.2809364872685185
2026-01-24 04:36:25,100.0,100.0,6.279263093171297
2026-01-24 04:36:40,100.0,100.0,6.277589699074074
2026-01-24 04:36:55,100.0,100.0,6.275916304976852
2026-01-24 04:37:10,100.0,100.0,6.27424291087963
2026-01-24 04:37:25,100.0,100.0,6.272569516782408
2026-01-24 04:37:40,100.0,100.0,6.270896122685185
2026-01-24 04:37:55,100.0,100.0,6.269222728587963
2026-01-24 04:38:10,100.0,100.0,6.267549334490741
2026-01-24 04:38:25,100.0,100.0,6.265875940393519
2026-01-24 04:38:40,100.0,100.0,6.264202546296296
2026-01-24 04:38:55,100.0,100.0,6.2625291521990745
2026-01-24 04:39:10,100.0,100.0,6.260855758101852
2026-01-24 04:39:25,100.0,100.0,6.25918236400463
2026-01-24 04:39:40,100.0,100.0,6.257508969907407
2026-01-24 04:39:55,100.0,100.0,6.255835575810186
2026-01-24 04:40:10,100.0,100.0,6.254162181712963
2026-01-24 04:40:25,100.0,100.0,6.252488787615741
2026-01-24 04:40:40,100.0,100.0,6.2508153935185184
2026-01-24 04:40:55,100.0,100.0,6.249141999421297
2026-01-24 04:41:10,100.0,100.0,6.247468605324074
2026-01-24 04:41:25,100.0,100.0,6.245795211226852
2026-01-24 04:41:40,100.0,100.0,6.2441218171296295
2026-01-24 04:41:55,100.0,100.0,6.242448423032408
2026-01-24 04:42:10,100.0,100.0,6.240775028935185
2026-01-24 04:42:25,100.0,100.0,6.239101634837963
2026-01-24 04:42:40,100.0,100.0,6.237428240740741
2026-01-24 04:42:55,100.0,100.0,6.235754846643519
2026-01-24 04:43:10,100.0,100.0,6.234081452546296
2026-01-24 04:43:25,100.0,100.0,6.232408058449074
2026-01-24 04:43:40,100.0,100.0,6.230734664351852
2026-01-24 04:43:55,100.0,100.0,6.22906127025463
2026-01-24 04:44:10,100.0,100.0,6.227387876157407
2026-01-24 04:44:25,100.0,100.0,6.2257144820601855
2026-01-24 04:44:40,100.0,100.0,6.224041087962963
2026-01-24 04:44:55,100.0,100.0,6.222367693865741
2026-01-24 04:45:10,100.0,100.0,6.220694299768518
2026-01-24 04:45:25,100.0,100.0,6.219020905671297
2026-01-24 04:45:40,100.0,100.0,6.217347511574074
2026-01-24 04:45:55,100.0,100.0,6.215674117476852
2026-01-24 04:46:10,100.0,100.0,6.2140007233796295
2026-01-24 04:46:25,100.0,100.0,6.212327329282408
2026-01-24 04:46:40,100.0,100.0,6.210653935185185
2026-01-24 04:46:55,100.0,100.0,6.208980541087963
2026-01-24 04:47:10,100.0,100.0,6.207307146990741
2026-01-24 04:47:25,100.0,100.0,6.205633752893519
2026-01-24 04:47:40,100.0,100.0,6.203960358796296
2026-01-24 04:47:55,100.0,100.0,6.202286964699074
2026-01-24 04:48:10,100.0,100.0,6.200613570601852
2026-01-24 04:48:25,100.0,100.0,6.19894017650463
2026-01-24 04:48:40,100.0,100.0,6.197266782407407
2026-01-24 04:48:55,100.0,100.0,6.1955933883101855
2026-01-24 04:49:10,100.0,100.0,6.193919994212963
2026-01-24 04:49:25,100.0,100.0,6.192246600115741
2026-01-24 04:49:40,100.0,100.0,6.190573206018518
2026-01-24 04:49:55,100.0,100.0,6.188899811921297
2026-01-24 04:50:10,100.0,100.0,6.187226417824074
2026-01-24 04:50:25,100.0,100.0,6.185553023726852
2026-01-24 04:50:40,100.0,100.0,6.1838796296296294
2026-01-24 04:50:55,100.0,100.0,6.182206235532408
2026-01-24 04:51:10,100.0,100.0,6.180532841435185
2026-01-24 04:51:25,100.0,100.0,6.178859447337963
2026-01-24 04:51:40,100.0,100.0,6.1771860532407405
2026-01-24 04:51:55,100.0,100.0,6.175512659143519
2026-01-24 04:52:10,100.0,100.0,6.173839265046296
2026-01-24 04:52:25,100.0,100.0,6.172165870949074
2026-01-24 04:52:40,100.0,100.0,6.170492476851852
2026-01-24 04:52:55,100.0,100.0,6.16881908275463
2026-01-24 04:53:10,100.0,100.0,6.167145688657407
2026-01-24 04:53:25,100.0,100.0,6.165472294560185
2026-01-24 04:53:40,100.0,100.0,6.163798900462963
2026-01-24 04:53:55,100.0,100.0,6.162125506365741
2026-01-24 04:54:10,100.0,100.0,6.160452112268518
2026-01-24 04:54:25,100.0,100.0,6.1587787181712965
2026-01-24 04:54:40,100.0,100.0,6.157105324074074
2026-01-24 04:54:55,100.0,100.0,6.155431929976852
2026-01-24 04:55:10,100.0,100.0,6.153758535879629
2026-01-24 04:55:25,100.0,100.0,6.152085141782408
2026-01-24 04:55:40,100.0,100.0,6.150411747685185
2026-01-24 04:55:55,100.0,100.0,6.148738353587963
2026-01-24 04:56:10,100.0,100.0,6.1470649594907405
2026-01-24 04:56:25,100.0,100.0,6.145391565393519
2026-01-24 04:56:40,100.0,100.0,6.143718171296296
2026-01-24 04:56:55,100.0,100.0,6.142044777199074
2026-01-24 04:57:10,100.0,100.0,6.140371383101852
2026-01-24 04:57:25,100.0,100.0,6.13869798900463
2026-01-24 04:57:40,100.0,100.0,6.137024594907407
2026-01-24 04:57:55,100.0,100.0,6.135351200810185
2026-01-24 04:58:10,100.0,100.0,6.133677806712964
2026-01-24 04:58:25,100.0,100.0,6.132004412615741
2026-01-24 04:58:40,100.0,100.0,6.130331018518518
2026-01-24 04:58:55,100.0,100.0,6.1286576244212965
2026-01-24 04:59:10,100.0,100.0,6.126984230324075
2026-01-24 04:59:25,100.0,100.0,6.125310836226852
2026-01-24 04:59:40,100.0,100.0,6.123637442129629
2026-01-24 04:59:55,100.0,100.0,6.121964048032408
2026-01-24 05:00:10,100.0,100.0,6.120290653935186
2026-01-24 05:00:25,100.0,100.0,6.118617259837963
2026-01-24 05:00:40,100.0,100.0,6.1169438657407404
2026-01-24 05:00:55,100.0,100.0,6.115270471643519
2026-01-24 05:01:10,100.0,100.0,6.113597077546297
2026-01-24 05:01:25,100.0,100.0,6.111923683449074
2026-01-24 05:01:40,100.0,100.0,6.1102502893518515
2026-01-24 05:01:55,100.0,100.0,6.10857689525463
2026-01-24 05:02:10,100.0,100.0,6.106903501157408
2026-01-24 05:02:25,100.0,100.0,6.105230107060185
2026-01-24 05:02:40,100.0,100.0,6.103556712962963
2026-01-24 05:02:55,100.0,100.0,6.101883318865741
2026-01-24 05:03:10,100.0,100.0,6.100209924768519
2026-01-24 05:03:25,100.0,100.0,6.098536530671296
2026-01-24 05:03:40,100.0,100.0,6.096863136574074
2026-01-24 05:03:55,100.0,100.0,6.095189742476852
2026-01-24 05:04:10,100.0,100.0,6.09351634837963
2026-01-24 05:04:25,100.0,100.0,6.0918429542824075
2026-01-24 05:04:40,100.0,100.0,6.090169560185185
2026-01-24 05:04:55,100.0,100.0,6.088496166087963
2026-01-24 05:05:10,100.0,100.0,6.086822771990741
2026-01-24 05:05:25,100.0,100.0,6.085149377893519
2026-01-24 05:05:40,100.0,100.0,6.083475983796297
2026-01-24 05:05:55,100.0,100.0,6.081802589699074
2026-01-24 05:06:10,100.0,100.0,6.080129195601852
2026-01-24 05:06:25,100.0,100.0,6.07845580150463
2026-01-24 05:06:40,100.0,100.0,6.076782407407408
2026-01-24 05:06:55,100.0,100.0,6.075109013310185
2026-01-24 05:07:10,100.0,100.0,6.0734356192129635
2026-01-24 05:07:25,100.0,100.0,6.071762225115741
2026-01-24 05:07:40,100.0,100.0,6.070088831018519
2026-01-24 05:07:55,100.0,100.0,6.068415436921296
2026-01-24 05:08:10,100.0,100.0,6.066742042824075
2026-01-24 05:08:25,100.0,100.0,6.065068648726852
2026-01-24 05:08:40,100.0,100.0,6.06339525462963
2026-01-24 05:08:55,100.0,100.0,6.0617218605324075
2026-01-24 05:09:10,100.0,100.0,6.060048466435186
2026-01-24 05:09:25,100.0,100.0,6.058375072337963
2026-01-24 05:09:40,100.0,100.0,6.056701678240741
2026-01-24 05:09:55,100.0,100.0,6.055028284143519
2026-01-24 05:10:10,100.0,100.0,6.053354890046297
2026-01-24 05:10:25,100.0,100.0,6.051681495949074
2026-01-24 05:10:40,100.0,100.0,6.050008101851852
2026-01-24 05:10:55,100.0,100.0,6.04833470775463
2026-01-24 05:11:10,100.0,100.0,6.046661313657408
2026-01-24 05:11:25,100.0,100.0,6.044987919560185
2026-01-24 05:11:40,100.0,100.0,6.043314525462963
2026-01-24 05:11:55,100.0,100.0,6.041641131365741
2026-01-24 05:12:10,100.0,100.0,6.039967737268519
2026-01-24 05:12:25,100.0,100.0,6.038294343171296
2026-01-24 05:12:40,100.0,100.0,6.0366209490740745
2026-01-24 05:12:55,100.0,100.0,6.034947554976852
2026-01-24 05:13:10,100.0,100.0,6.03327416087963
2026-01-24 05:13:25,100.0,100.0,6.031600766782407
2026-01-24 05:13:40,100.0,100.0,6.029927372685186
2026-01-24 05:13:55,100.0,100.0,6.028253978587963
2026-01-24 05:14:10,100.0,100.0,6.026580584490741
2026-01-24 05:14:25,100.0,100.0,6.0249071903935185
2026-01-24 05:14:40,100.0,100.0,6.023233796296297
2026-01-24 05:14:55,100.0,100.0,6.021560402199074
2026-01-24 05:15:10,100.0,100.0,6.019887008101852
2026-01-24 05:15:25,100.0,100.0,6.01821361400463
2026-01-24 05:15:40,100.0,100.0,6.016540219907408
2026-01-24 05:15:55,100.0,100.0,6.014866825810185
2026-01-24 05:16:10,100.0,100.0,6.013193431712963
2026-01-24 05:16:25,100.0,100.0,6.011520037615741
2026-01-24 05:16:40,100.0,100.0,6.009846643518519
2026-01-24 05:16:55,100.0,100.0,6.008173249421296
2026-01-24 05:17:10,100.0,100.0,6.0064998553240745
2026-01-24 05:17:25,100.0,100.0,6.004826461226852
2026-01-24 05:17:40,100.0,100.0,6.00315306712963
2026-01-24 05:17:55,100.0,100.0,6.001479673032407
2026-01-24 05:18:10,100.0,100.0,5.999806278935186
2026-01-24 05:18:25,100.0,100.0,5.998132884837963
2026-01-24 05:18:40,100.0,100.0,5.996459490740741
2026-01-24 05:18:55,100.0,100.0,5.9947860966435185
2026-01-24 05:19:10,100.0,100.0,5.993112702546297
2026-01-24 05:19:25,100.0,100.0,5.991439308449074
2026-01-24 05:19:40,100.0,100.0,5.989765914351852
2026-01-24 05:19:55,100.0,100.0,5.98809252025463
2026-01-24 05:20:10,100.0,100.0,5.986419126157408
2026-01-24 05:20:25,100.0,100.0,5.984745732060185
2026-01-24 05:20:40,100.0,100.0,5.983072337962963
2026-01-24 05:20:55,100.0,100.0,5.981398943865741
2026-01-24 05:21:10,100.0,100.0,5.979725549768519
2026-01-24 05:21:25,100.0,100.0,5.978052155671296
2026-01-24 05:21:40,100.0,100.0,5.976378761574074
2026-01-24 05:21:55,100.0,100.0,5.974705367476852
2026-01-24 05:22:10,100.0,100.0,5.97303197337963
2026-01-24 05:22:25,100.0,100.0,5.971358579282407
2026-01-24 05:22:40,100.0,100.0,5.9696851851851855
2026-01-24 05:22:55,100.0,100.0,5.968011791087963
2026-01-24 05:23:10,100.0,100.0,5.966338396990741
2026-01-24 05:23:25,100.0,100.0,5.964665002893518
2026-01-24 05:23:40,100.0,100.0,5.962991608796297
2026-01-24 05:23:55,100.0,100.0,5.961318214699074
2026-01-24 05:24:10,100.0,100.0,5.959644820601852
2026-01-24 05:24:25,100.0,100.0,5.9579714265046295
2026-01-24 05:24:40,100.0,100.0,5.956298032407408
2026-01-24 05:24:55,100.0,100.0,5.954624638310185
2026-01-24 05:25:10,100.0,100.0,5.952951244212963
2026-01-24 05:25:25,100.0,100.0,5.951277850115741
2026-01-24 05:25:40,100.0,100.0,5.949604456018519
2026-01-24 05:25:55,100.0,100.0,5.947931061921296
2026-01-24 05:26:10,100.0,100.0,5.946257667824074
2026-01-24 05:26:25,100.0,100.0,5.944584273726852
2026-01-24 05:26:40,100.0,100.0,5.94291087962963
2026-01-24 05:26:55,100.0,100.0,5.941237485532407
2026-01-24 05:27:10,100.0,100.0,5.9395640914351855
2026-01-24 05:27:25,100.0,100.0,5.937890697337963
2026-01-24 05:27:40,100.0,100.0,5.936217303240741
2026-01-24 05:27:55,100.0,100.0,5.934543909143518
2026-01-24 05:28:10,100.0,100.0,5.932870515046297
2026-01-24 05:28:25,100.0,100.0,5.931197120949074
2026-01-24 05:28:40,100.0,100.0,5.929523726851852
2026-01-24 05:28:55,100.0,100.0,5.9278503327546295
2026-01-24 05:29:10,100.0,100.0,5.926176938657408
2026-01-24 05:29:25,100.0,100.0,5.924503544560185
2026-01-24 05:29:40,100.0,100.0,5.922830150462963
2026-01-24 05:29:55,100.0,100.0,5.921156756365741
2026-01-24 05:30:10,100.0,100.0,5.919483362268519
2026-01-24 05:30:25,100.0,100.0,5.917809968171296
2026-01-24 05:30:40,100.0,100.0,5.916136574074074
2026-01-24 05:30:55,100.0,100.0,5.914463179976852
2026-01-24 05:31:10,100.0,100.0,5.91278978587963
2026-01-24 05:31:25,100.0,100.0,5.911116391782407
2026-01-24 05:31:40,100.0,100.0,5.909442997685185
2026-01-24 05:31:55,100.0,100.0,5.907769603587963
2026-01-24 05:32:10,100.0,100.0,5.906096209490741
2026-01-24 05:32:25,100.0,100.0,5.904422815393518
2026-01-24 05:32:40,100.0,100.0,5.9027494212962965
2026-01-24 05:32:55,100.0,100.0,5.901076027199074
2026-01-24 05:33:10,100.0,100.0,5.899402633101852
2026-01-24 05:33:25,100.0,100.0,5.897729239004629
2026-01-24 05:33:40,100.0,100.0,5.896055844907408
2026-01-24 05:33:55,100.0,100.0,5.894382450810185
2026-01-24 05:34:10,100.0,100.0,5.892709056712963
2026-01-24 05:34:25,100.0,100.0,5.8910356626157405
2026-01-24 05:34:40,100.0,100.0,5.889362268518519
2026-01-24 05:34:55,100.0,100.0,5.887688874421296
2026-01-24 05:35:10,100.0,100.0,5.886015480324074
2026-01-24 05:35:25,100.0,100.0,5.884342086226852
2026-01-24 05:35:40,100.0,100.0,5.88266869212963
2026-01-24 05:35:55,100.0,100.0,5.880995298032407
2026-01-24 05:36:10,100.0,100.0,5.879321903935185
2026-01-24 05:36:25,100.0,100.0,5.877648509837963
2026-01-24 05:36:40,100.0,100.0,5.875975115740741
2026-01-24 05:36:55,100.0,100.0,5.874301721643518
2026-01-24 05:37:10,100.0,100.0,5.8726283275462965
2026-01-24 05:37:25,100.0,100.0,5.870954933449074
2026-01-24 05:37:40,100.0,100.0,5.869281539351852
2026-01-24 05:37:55,100.0,100.0,5.867608145254629
2026-01-24 05:38:10,100.0,100.0,5.865934751157408
2026-01-24 05:38:25,100.0,100.0,5.864261357060185
2026-01-24 05:38:40,100.0,100.0,5.862587962962963
2026-01-24 05:38:55,100.0,100.0,5.8609145688657405
2026-01-24 05:39:10,100.0,100.0,5.859241174768519
2026-01-24 05:39:25,100.0,100.0,5.857567780671296
2026-01-24 05:39:40,100.0,100.0,5.855894386574074
2026-01-24 05:39:55,100.0,100.0,5.854220992476852
2026-01-24 05:40:10,100.0,100.0,5.85254759837963
2026-01-24 05:40:25,100.0,100.0,5.850874204282407
2026-01-24 05:40:40,100.0,100.0,5.849200810185185
2026-01-24 05:40:55,100.0,100.0,5.847527416087963
2026-01-24 05:41:10,100.0,100.0,5.845854021990741
2026-01-24 05:41:25,100.0,100.0,5.844180627893518
2026-01-24 05:41:40,100.0,100.0,5.842507233796296
2026-01-24 05:41:55,100.0,100.0,5.840833839699074
2026-01-24 05:42:10,100.0,100.0,5.839160445601852
2026-01-24 05:42:25,100.0,100.0,5.837487051504629
2026-01-24 05:42:40,100.0,100.0,5.8358136574074075
2026-01-24 05:42:55,100.0,100.0,5.834140263310185
2026-01-24 05:43:10,100.0,100.0,5.832466869212963
2026-01-24 05:43:25,100.0,100.0,5.83079347511574
2026-01-24 05:43:40,100.0,100.0,5.829120081018519
2026-01-24 05:43:55,100.0,100.0,5.827446686921296
2026-01-24 05:44:10,100.0,100.0,5.825773292824074
2026-01-24 05:44:25,100.0,100.0,5.8240998987268515
2026-01-24 05:44:40,100.0,100.0,5.82242650462963
2026-01-24 05:44:55,100.0,100.0,5.820753110532407
2026-01-24 05:45:10,100.0,100.0,5.819079716435185
2026-01-24 05:45:25,100.0,100.0,5.817406322337963
2026-01-24 05:45:40,100.0,100.0,5.815732928240741
2026-01-24 05:45:55,100.0,100.0,5.814059534143518
2026-01-24 05:46:10,100.0,100.0,5.812386140046296
2026-01-24 05:46:25,100.0,100.0,5.810712745949074
2026-01-24 05:46:40,100.0,100.0,5.809039351851852
2026-01-24 05:46:55,100.0,100.0,5.807365957754629
2026-01-24 05:47:10,100.0,100.0,5.8056925636574075
2026-01-24 05:47:25,100.0,100.0,5.804019169560185
2026-01-24 05:47:40,100.0,100.0,5.802345775462963
2026-01-24 05:47:55,100.0,100.0,5.80067238136574
2026-01-24 05:48:10,100.0,100.0,5.798998987268519
2026-01-24 05:48:25,100.0,100.0,5.797325593171296
2026-01-24 05:48:40,100.0,100.0,5.795652199074074
2026-01-24 05:48:55,100.0,100.0,5.7939788049768515
2026-01-24 05:49:10,100.0,100.0,5.79230541087963
2026-01-24 05:49:25,100.0,100.0,5.790632016782407
2026-01-24 05:49:40,100.0,100.0,5.788958622685185
2026-01-24 05:49:55,100.0,100.0,5.787285228587963
2026-01-24 05:50:10,100.0,100.0,5.785611834490741
2026-01-24 05:50:25,100.0,100.0,5.783938440393518
2026-01-24 05:50:40,100.0,100.0,5.782265046296296
2026-01-24 05:50:55,100.0,100.0,5.780591652199074
2026-01-24 05:51:10,100.0,100.0,5.778918258101852
2026-01-24 05:51:25,100.0,100.0,5.777244864004629
2026-01-24 05:51:40,100.0,100.0,5.775571469907407
2026-01-24 05:51:55,100.0,100.0,5.773898075810185
2026-01-24 05:52:10,100.0,100.0,5.772224681712963
2026-01-24 05:52:25,100.0,100.0,5.77055128761574
2026-01-24 05:52:40,100.0,100.0,5.7688778935185185
2026-01-24 05:52:55,100.0,100.0,5.767204499421296
2026-01-24 05:53:10,100.0,100.0,5.765531105324074
2026-01-24 05:53:25,100.0,100.0,5.763857711226851
2026-01-24 05:53:40,100.0,100.0,5.76218431712963
2026-01-24 05:53:55,100.0,100.0,5.760510923032407
2026-01-24 05:54:10,100.0,100.0,5.758837528935185
2026-01-24 05:54:25,100.0,100.0,5.7571641348379625
2026-01-24 05:54:40,100.0,100.0,5.755490740740741
2026-01-24 05:54:55,100.0,100.0,5.753817346643518
2026-01-24 05:55:10,100.0,100.0,5.752143952546296
2026-01-24 05:55:25,100.0,100.0,5.750470558449074
2026-01-24 05:55:40,100.0,100.0,5.748797164351852
2026-01-24 05:55:55,100.0,100.0,5.74712377025463
2026-01-24 05:56:10,100.0,100.0,5.745450376157407
2026-01-24 05:56:25,100.0,100.0,5.743776982060185
2026-01-24 05:56:40,100.0,100.0,5.742103587962963
2026-01-24 05:56:55,100.0,100.0,5.740430193865741
2026-01-24 05:57:10,100.0,100.0,5.7387567997685185
2026-01-24 05:57:25,100.0,100.0,5.737083405671296
2026-01-24 05:57:40,100.0,100.0,5.735410011574074
2026-01-24 05:57:55,100.0,100.0,5.733736617476852
2026-01-24 05:58:10,100.0,100.0,5.73206322337963
2026-01-24 05:58:25,100.0,100.0,5.730389829282407
2026-01-24 05:58:40,100.0,100.0,5.728716435185185
2026-01-24 05:58:55,100.0,100.0,5.727043041087963
2026-01-24 05:59:10,100.0,100.0,5.725369646990741
2026-01-24 05:59:25,100.0,100.0,5.723696252893518
2026-01-24 05:59:40,100.0,100.0,5.722022858796296
2026-01-24 05:59:55,100.0,100.0,5.7203494646990745
2026-01-24 06:00:10,100.0,100.0,5.7182776813271605
2026-01-24 06:00:25,100.0,100.0,5.716006703317901
2026-01-24 06:00:40,100.0,100.0,5.713735725308642
2026-01-24 06:00:55,100.0,100.0,5.711464747299383
2026-01-24 06:01:10,100.0,100.0,5.709193769290123
2026-01-24 06:01:25,100.0,100.0,5.706922791280864
2026-01-24 06:01:40,100.0,100.0,5.704651813271605
2026-01-24 06:01:55,100.0,100.0,5.702380835262345
2026-01-24 06:02:10,100.0,100.0,5.700109857253087
2026-01-24 06:02:25,100.0,100.0,5.697838879243827
2026-01-24 06:02:40,100.0,100.0,5.6955679012345675
2026-01-24 06:02:55,100.0,100.0,5.693296923225309
2026-01-24 06:03:10,100.0,100.0,5.691025945216049
2026-01-24 06:03:25,100.0,100.0,5.6887549672067905
2026-01-24 06:03:40,100.0,100.0,5.686483989197531
2026-01-24 06:03:55,100.0,100.0,5.684213011188271
2026-01-24 06:04:10,100.0,100.0,5.681942033179013
2026-01-24 06:04:25,100.0,100.0,5.679671055169753
2026-01-24 06:04:40,100.0,100.0,5.6774000771604936
2026-01-24 06:04:55,100.0,100.0,5.675129099151235
2026-01-24 06:05:10,100.0,100.0,5.672858121141975
2026-01-24 06:05:25,100.0,100.0,5.670587143132716
2026-01-24 06:05:40,100.0,100.0,5.668316165123457
2026-01-24 06:05:55,100.0,100.0,5.6660451871141975
2026-01-24 06:06:10,100.0,100.0,5.663774209104938
2026-01-24 06:06:25,100.0,100.0,5.661503231095679
2026-01-24 06:06:40,100.0,100.0,5.65923225308642
2026-01-24 06:06:55,100.0,100.0,5.65696127507716
2026-01-24 06:07:10,100.0,100.0,5.654690297067901
2026-01-24 06:07:25,100.0,100.0,5.652419319058642
2026-01-24 06:07:40,100.0,100.0,5.650148341049383
2026-01-24 06:07:55,100.0,100.0,5.6478773630401236
2026-01-24 06:08:10,100.0,100.0,5.645606385030864
2026-01-24 06:08:25,100.0,100.0,5.643335407021605
2026-01-24 06:08:40,100.0,100.0,5.641064429012346
2026-01-24 06:08:55,100.0,100.0,5.638793451003086
2026-01-24 06:09:10,100.0,100.0,5.6365224729938275
2026-01-24 06:09:25,100.0,100.0,5.634251494984568
2026-01-24 06:09:40,100.0,100.0,5.631980516975308
2026-01-24 06:09:55,100.0,100.0,5.62970953896605
2026-01-24 06:10:10,100.0,100.0,5.62743856095679
2026-01-24 06:10:25,100.0,100.0,5.6251675829475305
2026-01-24 06:10:40,100.0,100.0,5.622896604938272
2026-01-24 06:10:55,100.0,100.0,5.620625626929012
2026-01-24 06:11:10,100.0,100.0,5.618354648919753
2026-01-24 06:11:25,100.0,100.0,5.616083670910494
2026-01-24 06:11:40,100.0,100.0,5.613812692901234
2026-01-24 06:11:55,100.0,100.0,5.611541714891976
2026-01-24 06:12:10,100.0,100.0,5.609270736882716
2026-01-24 06:12:25,100.0,100.0,5.606999758873457
2026-01-24 06:12:40,100.0,100.0,5.604728780864198
2026-01-24 06:12:55,100.0,100.0,5.602457802854938
2026-01-24 06:13:10,100.0,100.0,5.600186824845679
2026-01-24 06:13:25,100.0,100.0,5.59791584683642
2026-01-24 06:13:40,100.0,100.0,5.5956448688271605
2026-01-24 06:13:55,100.0,100.0,5.593373890817901
2026-01-24 06:14:10,100.0,100.0,5.591102912808642
2026-01-24 06:14:25,100.0,100.0,5.588831934799383
2026-01-24 06:14:40,100.0,100.0,5.586560956790123
2026-01-24 06:14:55,100.0,100.0,5.584289978780864
2026-01-24 06:15:10,100.0,100.0,5.582019000771605
2026-01-24 06:15:25,100.0,100.0,5.579748022762345
2026-01-24 06:15:40,100.0,100.0,5.577477044753087
2026-01-24 06:15:55,100.0,100.0,5.575206066743827
2026-01-24 06:16:10,100.0,100.0,5.572935088734568
2026-01-24 06:16:25,100.0,100.0,5.570664110725309
2026-01-24 06:16:40,100.0,100.0,5.568393132716049
2026-01-24 06:16:55,100.0,100.0,5.5661221547067905
2026-01-24 06:17:10,100.0,100.0,5.563851176697531
2026-01-24 06:17:25,100.0,100.0,5.561580198688271
2026-01-24 06:17:40,100.0,100.0,5.559309220679013
2026-01-24 06:17:55,100.0,100.0,5.557038242669753
2026-01-24 06:18:10,100.0,100.0,5.5547672646604935
2026-01-24 06:18:25,100.0,100.0,5.552496286651235
2026-01-24 06:18:40,100.0,100.0,5.550225308641975
2026-01-24 06:18:55,100.0,100.0,5.547954330632716
2026-01-24 06:19:10,100.0,100.0,5.545683352623457
2026-01-24 06:19:25,100.0,100.0,5.5434123746141974
2026-01-24 06:19:40,100.0,100.0,5.541141396604939
2026-01-24 06:19:55,100.0,100.0,5.538870418595679
2026-01-24 06:20:10,100.0,100.0,5.53659944058642
2026-01-24 06:20:25,100.0,100.0,5.534328462577161
2026-01-24 06:20:40,100.0,100.0,5.532057484567901
2026-01-24 06:20:55,100.0,100.0,5.529786506558642
2026-01-24 06:21:10,100.0,100.0,5.527515528549383
2026-01-24 06:21:25,100.0,100.0,5.5252445505401235
2026-01-24 06:21:40,100.0,100.0,5.522973572530864
2026-01-24 06:21:55,100.0,100.0,5.520702594521605
2026-01-24 06:22:10,100.0,100.0,5.518431616512346
2026-01-24 06:22:25,100.0,100.0,5.516160638503086
2026-01-24 06:22:40,100.0,100.0,5.5138896604938274
2026-01-24 06:22:55,100.0,100.0,5.511618682484568
2026-01-24 06:23:10,100.0,100.0,5.509347704475308
2026-01-24 06:23:25,100.0,100.0,5.50707672646605
2026-01-24 06:23:40,100.0,100.0,5.50480574845679
2026-01-24 06:23:55,100.0,100.0,5.502534770447531
2026-01-24 06:24:10,100.0,100.0,5.500263792438272
2026-01-24 06:24:25,100.0,100.0,5.497992814429012
2026-01-24 06:24:40,100.0,100.0,5.4957218364197535
2026-01-24 06:24:55,100.0,100.0,5.493450858410494
2026-01-24 06:25:10,100.0,100.0,5.491179880401234
2026-01-24 06:25:25,100.0,100.0,5.488908902391976
2026-01-24 06:25:40,100.0,100.0,5.486637924382716
2026-01-24 06:25:55,100.0,100.0,5.484366946373457
2026-01-24 06:26:10,100.0,100.0,5.482095968364198
2026-01-24 06:26:25,100.0,100.0,5.479824990354938
2026-01-24 06:26:40,100.0,100.0,5.477554012345679
2026-01-24 06:26:55,100.0,100.0,5.47528303433642
2026-01-24 06:27:10,100.0,100.0,5.4730120563271605
2026-01-24 06:27:25,100.0,100.0,5.470741078317902
2026-01-24 06:27:40,100.0,100.0,5.468470100308642
2026-01-24 06:27:55,100.0,100.0,5.466199122299383
2026-01-24 06:28:10,100.0,100.0,5.463928144290124
2026-01-24 06:28:25,100.0,100.0,5.461657166280864
2026-01-24 06:28:40,100.0,100.0,5.459386188271605
2026-01-24 06:28:55,100.0,100.0,5.457115210262346
2026-01-24 06:29:10,100.0,100.0,5.454844232253087
2026-01-24 06:29:25,100.0,100.0,5.452573254243827
2026-01-24 06:29:40,100.0,100.0,5.450302276234568
2026-01-24 06:29:55,100.0,100.0,5.448031298225309
2026-01-24 06:30:10,100.0,100.0,5.445760320216049
2026-01-24 06:30:25,100.0,100.0,5.4434893422067905
2026-01-24 06:30:40,100.0,100.0,5.441218364197531
2026-01-24 06:30:55,100.0,100.0,5.438947386188271
2026-01-24 06:31:10,100.0,100.0,5.436676408179013
2026-01-24 06:31:25,100.0,100.0,5.434405430169753
2026-01-24 06:31:40,100.0,100.0,5.432134452160494
2026-01-24 06:31:55,100.0,100.0,5.429863474151235
2026-01-24 06:32:10,100.0,100.0,5.427592496141975
2026-01-24 06:32:25,100.0,100.0,5.425321518132717
2026-01-24 06:32:40,100.0,100.0,5.423050540123457
2026-01-24 06:32:55,100.0,100.0,5.420779562114197
2026-01-24 06:33:10,100.0,100.0,5.418508584104939
2026-01-24 06:33:25,100.0,100.0,5.416237606095679
2026-01-24 06:33:40,100.0,100.0,5.41396662808642
2026-01-24 06:33:55,100.0,100.0,5.411695650077161
2026-01-24 06:34:10,100.0,100.0,5.409424672067901
2026-01-24 06:34:25,100.0,100.0,5.407153694058642
2026-01-24 06:34:40,100.0,100.0,5.404882716049383
2026-01-24 06:34:55,100.0,100.0,5.4026117380401235
2026-01-24 06:35:10,100.0,100.0,5.400340760030865
2026-01-24 06:35:25,100.0,100.0,5.398069782021605
2026-01-24 06:35:40,100.0,100.0,5.395798804012346
2026-01-24 06:35:55,100.0,100.0,5.393527826003087
2026-01-24 06:36:10,100.0,100.0,5.391256847993827
2026-01-24 06:36:25,100.0,100.0,5.388985869984568
2026-01-24 06:36:40,100.0,100.0,5.386714891975309
2026-01-24 06:36:55,100.0,100.0,5.38444391396605
2026-01-24 06:37:10,100.0,100.0,5.38217293595679
2026-01-24 06:37:25,100.0,100.0,5.379901957947531
2026-01-24 06:37:40,100.0,100.0,5.377630979938272
2026-01-24 06:37:55,100.0,100.0,5.375360001929012
2026-01-24 06:38:10,100.0,100.0,5.3730890239197535
2026-01-24 06:38:25,100.0,100.0,5.370818045910494
2026-01-24 06:38:40,100.0,100.0,5.368547067901234
2026-01-24 06:38:55,100.0,100.0,5.366276089891976
2026-01-24 06:39:10,100.0,100.0,5.364005111882716
2026-01-24 06:39:25,100.0,100.0,5.3617341338734565
2026-01-24 06:39:40,100.0,100.0,5.359463155864198
2026-01-24 06:39:55,100.0,100.0,5.357192177854938
2026-01-24 06:40:10,100.0,100.0,5.35492119984568
2026-01-24 06:40:25,100.0,100.0,5.35265022183642
2026-01-24 06:40:40,100.0,100.0,5.3503792438271605
2026-01-24 06:40:55,100.0,100.0,5.348108265817902
2026-01-24 06:41:10,100.0,100.0,5.345837287808642
2026-01-24 06:41:25,100.0,100.0,5.343566309799383
2026-01-24 06:41:40,100.0,100.0,5.341295331790124
2026-01-24 06:41:55,100.0,100.0,5.339024353780864
2026-01-24 06:42:10,100.0,100.0,5.336753375771605
2026-01-24 06:42:25,100.0,100.0,5.334482397762346
2026-01-24 06:42:40,100.0,100.0,5.3322114197530865
2026-01-24 06:42:55,100.0,100.0,5.329940441743828
2026-01-24 06:43:10,100.0,100.0,5.327669463734568
2026-01-24 06:43:25,100.0,100.0,5.325398485725309
2026-01-24 06:43:40,100.0,100.0,5.32312750771605
2026-01-24 06:43:55,100.0,100.0,5.3208565297067905
2026-01-24 06:44:10,100.0,100.0,5.318585551697531
2026-01-24 06:44:25,100.0,100.0,5.316314573688272
2026-01-24 06:44:40,100.0,100.0,5.314043595679013
2026-01-24 06:44:55,100.0,100.0,5.311772617669753
2026-01-24 06:45:10,100.0,100.0,5.309501639660494
2026-01-24 06:45:25,100.0,100.0,5.307230661651235
2026-01-24 06:45:40,100.0,100.0,5.304959683641975
2026-01-24 06:45:55,100.0,100.0,5.3026887056327165
2026-01-24 06:46:10,100.0,100.0,5.300417727623457
2026-01-24 06:46:25,100.0,100.0,5.298146749614197
2026-01-24 06:46:40,100.0,100.0,5.295875771604939
2026-01-24 06:46:55,100.0,100.0,5.293604793595679
2026-01-24 06:47:10,100.0,100.0,5.29133381558642
2026-01-24 06:47:25,100.0,100.0,5.289062837577161
2026-01-24 06:47:40,100.0,100.0,5.286791859567901
2026-01-24 06:47:55,100.0,100.0,5.284520881558643
2026-01-24 06:48:10,100.0,100.0,5.282249903549383
2026-01-24 06:48:25,100.0,100.0,5.2799789255401235
2026-01-24 06:48:40,100.0,100.0,5.277707947530865
2026-01-24 06:48:55,100.0,100.0,5.275436969521605
2026-01-24 06:49:10,100.0,100.0,5.273165991512346
2026-01-24 06:49:25,100.0,100.0,5.270895013503087
2026-01-24 06:49:40,100.0,100.0,5.268624035493827
2026-01-24 06:49:55,100.0,100.0,5.266353057484568
2026-01-24 06:50:10,100.0,100.0,5.264082079475309
2026-01-24 06:50:25,100.0,100.0,5.26181110146605
2026-01-24 06:50:40,100.0,100.0,5.25954012345679
2026-01-24 06:50:55,100.0,100.0,5.257269145447531
2026-01-24 06:51:10,100.0,100.0,5.254998167438272
2026-01-24 06:51:25,100.0,100.0,5.252727189429013
2026-01-24 06:51:40,100.0,100.0,5.2504562114197535
2026-01-24 06:51:55,100.0,100.0,5.248185233410494
2026-01-24 06:52:10,100.0,100.0,5.245914255401235
2026-01-24 06:52:25,100.0,100.0,5.243643277391976
2026-01-24 06:52:40,100.0,100.0,5.241372299382716
2026-01-24 06:52:55,100.0,100.0,5.239101321373457
2026-01-24 06:53:10,100.0,100.0,5.236830343364198
2026-01-24 06:53:25,100.0,100.0,5.234559365354938
2026-01-24 06:53:40,100.0,100.0,5.23228838734568
2026-01-24 06:53:55,100.0,100.0,5.23001740933642
2026-01-24 06:54:10,100.0,100.0,5.22774643132716
2026-01-24 06:54:25,100.0,100.0,5.225475453317902
2026-01-24 06:54:40,100.0,100.0,5.223204475308642
2026-01-24 06:54:55,100.0,100.0,5.220933497299383
2026-01-24 06:55:10,100.0,100.0,5.218662519290124
2026-01-24 06:55:25,100.0,100.0,5.216391541280864
2026-01-24 06:55:40,100.0,100.0,5.214120563271605
2026-01-24 06:55:55,100.0,100.0,5.211849585262346
2026-01-24 06:56:10,100.0,100.0,5.2095786072530865
2026-01-24 06:56:25,100.0,100.0,5.207307629243828
2026-01-24 06:56:40,100.0,100.0,5.205036651234568
2026-01-24 06:56:55,100.0,100.0,5.202765673225309
2026-01-24 06:57:10,100.0,100.0,5.20049469521605
2026-01-24 06:57:25,100.0,100.0,5.19822371720679
2026-01-24 06:57:40,100.0,100.0,5.195952739197531
2026-01-24 06:57:55,100.0,100.0,5.193681761188272
2026-01-24 06:58:10,100.0,100.0,5.191410783179013
2026-01-24 06:58:25,100.0,100.0,5.189139805169753
2026-01-24 06:58:40,100.0,100.0,5.186868827160494
2026-01-24 06:58:55,100.0,100.0,5.184597849151235
2026-01-24 06:59:10,100.0,100.0,5.182326871141976
2026-01-24 06:59:25,100.0,100.0,5.1800558931327165
2026-01-24 06:59:40,100.0,100.0,5.177784915123457
2026-01-24 06:59:55,100.0,100.0,5.175513937114198
2026-01-24 07:00:10,100.0,100.0,5.173242959104939
2026-01-24 07:00:25,100.0,100.0,5.170971981095679
2026-01-24 07:00:40,100.0,100.0,5.16870100308642
2026-01-24 07:00:55,100.0,100.0,5.166430025077161
2026-01-24 07:01:10,100.0,100.0,5.164159047067901
2026-01-24 07:01:25,100.0,100.0,5.161888069058643
2026-01-24 07:01:40,100.0,100.0,5.159617091049383
2026-01-24 07:01:55,100.0,100.0,5.1573461130401235
2026-01-24 07:02:10,100.0,100.0,5.155075135030865
2026-01-24 07:02:25,100.0,100.0,5.152804157021605
2026-01-24 07:02:40,100.0,100.0,5.150533179012346
2026-01-24 07:02:55,100.0,100.0,5.148262201003087
2026-01-24 07:03:10,100.0,100.0,5.145991222993827
2026-01-24 07:03:25,100.0,100.0,5.143720244984568
2026-01-24 07:03:40,100.0,100.0,5.141449266975309
2026-01-24 07:03:55,100.0,100.0,5.13917828896605
2026-01-24 07:04:10,100.0,100.0,5.136907310956791
2026-01-24 07:04:25,100.0,100.0,5.134636332947531
2026-01-24 07:04:40,100.0,100.0,5.132365354938272
2026-01-24 07:04:55,100.0,100.0,5.130094376929013
2026-01-24 07:05:10,100.0,100.0,5.1278233989197535
2026-01-24 07:05:25,100.0,100.0,5.125552420910494
2026-01-24 07:05:40,100.0,100.0,5.123281442901235
2026-01-24 07:05:55,100.0,100.0,5.121010464891976
2026-01-24 07:06:10,100.0,100.0,5.118739486882716
2026-01-24 07:06:25,100.0,100.0,5.116468508873457
2026-01-24 07:06:40,100.0,100.0,5.114197530864198
2026-01-24 07:06:55,100.0,100.0,5.111926552854939
2026-01-24 07:07:10,100.0,100.0,5.10965557484568
2026-01-24 07:07:25,100.0,100.0,5.10738459683642
2026-01-24 07:07:40,100.0,100.0,5.105113618827161
2026-01-24 07:07:55,100.0,100.0,5.102842640817902
2026-01-24 07:08:10,100.0,100.0,5.100571662808642
2026-01-24 07:08:25,100.0,100.0,5.0983006847993835
2026-01-24 07:08:40,100.0,100.0,5.096029706790124
2026-01-24 07:08:55,100.0,100.0,5.093758728780864
2026-01-24 07:09:10,100.0,100.0,5.091487750771606
2026-01-24 07:09:25,100.0,100.0,5.089216772762346
2026-01-24 07:09:40,100.0,100.0,5.0869457947530865
2026-01-24 07:09:55,100.0,100.0,5.084674816743828
2026-01-24 07:10:10,100.0,100.0,5.082403838734568
2026-01-24 07:10:25,100.0,100.0,5.080132860725309
2026-01-24 07:10:40,100.0,100.0,5.07786188271605
2026-01-24 07:10:55,100.0,100.0,5.07559090470679
2026-01-24 07:11:10,100.0,100.0,5.073319926697531
2026-01-24 07:11:25,100.0,100.0,5.071048948688272
2026-01-24 07:11:40,100.0,100.0,5.068777970679013
2026-01-24 07:11:55,100.0,100.0,5.066506992669753
2026-01-24 07:12:10,100.0,100.0,5.064236014660494
2026-01-24 07:12:25,100.0,100.0,5.061965036651235
2026-01-24 07:12:40,100.0,100.0,5.059694058641976
2026-01-24 07:12:55,100.0,100.0,5.0574230806327165
2026-01-24 07:13:10,100.0,100.0,5.055152102623457
2026-01-24 07:13:25,100.0,100.0,5.052881124614198
2026-01-24 07:13:40,100.0,100.0,5.050610146604939
2026-01-24 07:13:55,100.0,100.0,5.048339168595679
2026-01-24 07:14:10,100.0,100.0,5.04606819058642
2026-01-24 07:14:25,100.0,100.0,5.043797212577161
2026-01-24 07:14:40,100.0,100.0,5.041526234567902
2026-01-24 07:14:55,100.0,100.0,5.039255256558643
2026-01-24 07:15:10,100.0,100.0,5.036984278549383
2026-01-24 07:15:25,100.0,100.0,5.034713300540124
2026-01-24 07:15:40,100.0,100.0,5.032442322530865
2026-01-24 07:15:55,100.0,100.0,5.030171344521605
2026-01-24 07:16:10,100.0,100.0,5.0279003665123465
2026-01-24 07:16:25,100.0,100.0,5.025629388503087
2026-01-24 07:16:40,100.0,100.0,5.023358410493827
2026-01-24 07:16:55,100.0,100.0,5.021087432484569
2026-01-24 07:17:10,100.0,100.0,5.018816454475309
2026-01-24 07:17:25,100.0,100.0,5.0165454764660495
2026-01-24 07:17:40,100.0,100.0,5.014274498456791
2026-01-24 07:17:55,100.0,100.0,5.012003520447531
2026-01-24 07:18:10,100.0,100.0,5.009732542438272
2026-01-24 07:18:25,100.0,100.0,5.007461564429013
2026-01-24 07:18:40,100.0,100.0,5.0051905864197535
2026-01-24 07:18:55,100.0,100.0,5.002919608410494
2026-01-24 07:19:10,100.0,100.0,5.000648630401235
2026-01-24 07:19:25,100.0,100.0,4.998377652391976
2026-01-24 07:19:40,100.0,100.0,4.996106674382716
2026-01-24 07:19:55,100.0,100.0,4.993835696373457
2026-01-24 07:20:10,100.0,100.0,4.991564718364198
2026-01-24 07:20:25,100.0,100.0,4.989293740354939
2026-01-24 07:20:40,100.0,100.0,4.9870227623456795
2026-01-24 07:20:55,100.0,100.0,4.98475178433642
2026-01-24 07:21:10,100.0,100.0,4.982480806327161
2026-01-24 07:21:25,100.0,100.0,4.980209828317902
2026-01-24 07:21:40,100.0,100.0,4.977938850308642
2026-01-24 07:21:55,100.0,100.0,4.9756678722993835
2026-01-24 07:22:10,100.0,100.0,4.973396894290124
2026-01-24 07:22:25,100.0,100.0,4.971125916280864
2026-01-24 07:22:40,100.0,100.0,4.968854938271606
2026-01-24 07:22:55,100.0,100.0,4.966583960262346
2026-01-24 07:23:10,100.0,100.0,4.964312982253087
2026-01-24 07:23:25,100.0,100.0,4.962042004243828
2026-01-24 07:23:40,100.0,100.0,4.959771026234568
2026-01-24 07:23:55,100.0,100.0,4.9575000482253095
2026-01-24 07:24:10,100.0,100.0,4.95522907021605
2026-01-24 07:24:25,100.0,100.0,4.95295809220679
2026-01-24 07:24:40,100.0,100.0,4.950687114197532
2026-01-24 07:24:55,100.0,100.0,4.948416136188272
2026-01-24 07:25:10,100.0,100.0,4.946145158179013
2026-01-24 07:25:25,100.0,100.0,4.943874180169754
2026-01-24 07:25:40,100.0,100.0,4.941603202160494
2026-01-24 07:25:55,100.0,100.0,4.939332224151235
2026-01-24 07:26:10,100.0,100.0,4.937061246141976
2026-01-24 07:26:25,100.0,100.0,4.9347902681327165
2026-01-24 07:26:40,100.0,100.0,4.932519290123457
2026-01-24 07:26:55,100.0,100.0,4.930248312114198
2026-01-24 07:27:10,100.0,100.0,4.927977334104939
2026-01-24 07:27:25,100.0,100.0,4.925706356095679
2026-01-24 07:27:40,100.0,100.0,4.92343537808642
2026-01-24 07:27:55,100.0,100.0,4.921164400077161
2026-01-24 07:28:10,100.0,100.0,4.918893422067902
2026-01-24 07:28:25,100.0,100.0,4.916622444058643
2026-01-24 07:28:40,100.0,100.0,4.914351466049383
2026-01-24 07:28:55,100.0,100.0,4.912080488040124
2026-01-24 07:29:10,100.0,100.0,4.909809510030865
2026-01-24 07:29:25,100.0,100.0,4.907538532021605
2026-01-24 07:29:40,87.5,100.0,4.9052675540123465
2026-01-24 07:29:55,87.5,100.0,4.902996576003087
2026-01-24 07:30:10,87.5,100.0,4.900725597993827
2026-01-24 07:30:25,87.5,100.0,4.898454619984569
2026-01-24 07:30:40,87.5,100.0,4.896183641975309
2026-01-24 07:30:55,87.5,100.0,4.89391266396605
2026-01-24 07:31:10,87.5,100.0,4.891641685956791
2026-01-24 07:31:25,87.5,100.0,4.889370707947531
2026-01-24 07:31:40,87.5,100.0,4.887099729938273
2026-01-24 07:31:55,87.5,100.0,4.884828751929013
2026-01-24 07:32:10,87.5,100.0,4.882557773919753
2026-01-24 07:32:25,87.5,100.0,4.880286795910495
2026-01-24 07:32:40,100.0,100.0,4.878015817901235
2026-01-24 07:32:55,100.0,100.0,4.875744839891976
2026-01-24 07:33:10,100.0,100.0,4.873473861882717
2026-01-24 07:33:25,100.0,100.0,4.871202883873457
2026-01-24 07:33:40,100.0,100.0,4.868931905864198
2026-01-24 07:33:55,100.0,100.0,4.866660927854939
2026-01-24 07:34:10,100.0,100.0,4.8643899498456795
2026-01-24 07:34:25,100.0,100.0,4.86211897183642
2026-01-24 07:34:40,100.0,100.0,4.859847993827161
2026-01-24 07:34:55,100.0,100.0,4.857577015817902
2026-01-24 07:35:10,100.0,100.0,4.855306037808642
2026-01-24 07:35:25,100.0,100.0,4.853035059799383
2026-01-24 07:35:40,100.0,100.0,4.850764081790124
2026-01-24 07:35:55,100.0,100.0,4.848493103780865
2026-01-24 07:36:10,100.0,100.0,4.846222125771606
2026-01-24 07:36:25,100.0,100.0,4.843951147762346
2026-01-24 07:36:40,100.0,100.0,4.841680169753087
2026-01-24 07:36:55,100.0,100.0,4.839409191743828
2026-01-24 07:37:10,100.0,100.0,4.837138213734568
2026-01-24 07:37:25,87.5,100.0,4.8348672357253095
2026-01-24 07:37:40,100.0,100.0,4.83259625771605
2026-01-24 07:37:55,100.0,100.0,4.83032527970679
2026-01-24 07:38:10,100.0,100.0,4.828054301697532
2026-01-24 07:38:25,100.0,100.0,4.825783323688272
2026-01-24 07:38:40,100.0,100.0,4.823512345679013
2026-01-24 07:38:55,100.0,100.0,4.821241367669754
2026-01-24 07:39:10,100.0,100.0,4.818970389660494
2026-01-24 07:39:25,100.0,100.0,4.816699411651236
2026-01-24 07:39:40,100.0,100.0,4.814428433641976
2026-01-24 07:39:55,100.0,100.0,4.8121574556327165
2026-01-24 07:40:10,100.0,100.0,4.809886477623458
2026-01-24 07:40:25,100.0,100.0,4.807615499614198
2026-01-24 07:40:40,100.0,100.0,4.805344521604939
2026-01-24 07:40:55,100.0,100.0,4.80307354359568
2026-01-24 07:41:10,100.0,100.0,4.80080256558642
2026-01-24 07:41:25,100.0,100.0,4.798531587577161
2026-01-24 07:41:40,100.0,100.0,4.796260609567902
2026-01-24 07:41:55,100.0,100.0,4.7939896315586426
2026-01-24 07:42:10,100.0,100.0,4.791718653549383
2026-01-24 07:42:25,100.0,100.0,4.789447675540124
2026-01-24 07:42:40,100.0,100.0,4.787176697530865
2026-01-24 07:42:55,100.0,100.0,4.784905719521605
2026-01-24 07:43:10,100.0,100.0,4.7826347415123465
2026-01-24 07:43:25,100.0,100.0,4.780363763503087
2026-01-24 07:43:40,100.0,100.0,4.778092785493827
2026-01-24 07:43:55,100.0,100.0,4.775821807484569
2026-01-24 07:44:10,100.0,100.0,4.773550829475309
2026-01-24 07:44:25,100.0,100.0,4.77127985146605
2026-01-24 07:44:40,100.0,100.0,4.769008873456791
2026-01-24 07:44:55,100.0,100.0,4.766737895447531
2026-01-24 07:45:10,100.0,100.0,4.7644669174382726
2026-01-24 07:45:25,100.0,100.0,4.762195939429013
2026-01-24 07:45:40,100.0,100.0,4.759924961419753
2026-01-24 07:45:55,100.0,100.0,4.757653983410495
2026-01-24 07:46:10,100.0,100.0,4.755383005401235
2026-01-24 07:46:25,100.0,100.0,4.7531120273919765
2026-01-24 07:46:40,100.0,100.0,4.750841049382717
2026-01-24 07:46:55,100.0,100.0,4.748570071373457
2026-01-24 07:47:10,100.0,100.0,4.746299093364199
2026-01-24 07:47:25,100.0,100.0,4.744028115354939
2026-01-24 07:47:40,100.0,100.0,4.7417571373456795
2026-01-24 07:47:55,100.0,100.0,4.739486159336421
2026-01-24 07:48:10,100.0,100.0,4.737215181327161
2026-01-24 07:48:25,100.0,100.0,4.734944203317902
2026-01-24 07:48:40,100.0,100.0,4.732673225308643
2026-01-24 07:48:55,100.0,100.0,4.730402247299383
2026-01-24 07:49:10,100.0,100.0,4.728131269290124
2026-01-24 07:49:25,100.0,100.0,4.725860291280865
2026-01-24 07:49:40,100.0,100.0,4.723589313271606
2026-01-24 07:49:55,100.0,100.0,4.721318335262346
2026-01-24 07:50:10,100.0,100.0,4.719047357253087
2026-01-24 07:50:25,100.0,100.0,4.716776379243828
2026-01-24 07:50:40,100.0,100.0,4.714505401234568
2026-01-24 07:50:55,100.0,100.0,4.7122344232253095
2026-01-24 07:51:10,100.0,100.0,4.70996344521605
2026-01-24 07:51:25,100.0,100.0,4.70769246720679
2026-01-24 07:51:40,100.0,100.0,4.705421489197532
2026-01-24 07:51:55,100.0,100.0,4.703150511188272
2026-01-24 07:52:10,100.0,100.0,4.7008795331790125
2026-01-24 07:52:25,100.0,100.0,4.698608555169754
2026-01-24 07:52:40,100.0,100.0,4.696337577160494
2026-01-24 07:52:55,100.0,100.0,4.694066599151236
2026-01-24 07:53:10,100.0,100.0,4.691795621141976
2026-01-24 07:53:25,100.0,100.0,4.689524643132716
2026-01-24 07:53:40,100.0,100.0,4.687253665123458
2026-01-24 07:53:55,100.0,100.0,4.684982687114198
2026-01-24 07:54:10,100.0,100.0,4.6827117091049395
2026-01-24 07:54:25,100.0,100.0,4.68044073109568
2026-01-24 07:54:40,100.0,100.0,4.67816975308642
2026-01-24 07:54:55,100.0,100.0,4.675898775077162
2026-01-24 07:55:10,100.0,100.0,4.673627797067902
2026-01-24 07:55:25,100.0,100.0,4.6713568190586425
2026-01-24 07:55:40,100.0,100.0,4.669085841049384
2026-01-24 07:55:55,100.0,100.0,4.666814863040124
2026-01-24 07:56:10,100.0,100.0,4.664543885030865
2026-01-24 07:56:25,100.0,100.0,4.662272907021606
2026-01-24 07:56:40,100.0,100.0,4.6600019290123464
2026-01-24 07:56:55,100.0,100.0,4.657730951003087
2026-01-24 07:57:10,100.0,100.0,4.655459972993828
2026-01-24 07:57:25,100.0,100.0,4.653188994984569
2026-01-24 07:57:40,100.0,100.0,4.650918016975309
2026-01-24 07:57:55,100.0,100.0,4.64864703896605
2026-01-24 07:58:10,100.0,100.0,4.646376060956791
2026-01-24 07:58:25,100.0,100.0,4.644105082947531
2026-01-24 07:58:40,100.0,100.0,4.6418341049382725
2026-01-24 07:58:55,100.0,100.0,4.639563126929013
2026-01-24 07:59:10,100.0,100.0,4.637292148919753
2026-01-24 07:59:25,100.0,100.0,4.635021170910495
2026-01-24 07:59:40,100.0,100.0,4.632750192901235
2026-01-24 07:59:55,100.0,100.0,4.630479214891976
2026-01-24 08:00:10,100.0,100.0,4.632213589891976
2026-01-24 08:00:25,100.0,100.0,4.635950641396605
2026-01-24 08:00:40,100.0,100.0,4.639687692901235
2026-01-24 08:00:55,100.0,100.0,4.6434247444058645
2026-01-24 08:01:10,100.0,100.0,4.6471617959104945
2026-01-24 08:01:25,100.0,100.0,4.6508988474151245
2026-01-24 08:01:40,100.0,100.0,4.654635898919754
2026-01-24 08:01:55,100.0,100.0,4.658372950424384
2026-01-24 08:02:10,100.0,100.0,4.662110001929013
2026-01-24 08:02:25,100.0,100.0,4.665847053433643
2026-01-24 08:02:40,100.0,100.0,4.669584104938273
2026-01-24 08:02:55,100.0,100.0,4.673321156442902
2026-01-24 08:03:10,100.0,100.0,4.677058207947532
2026-01-24 08:03:25,100.0,100.0,4.680795259452161
2026-01-24 08:03:40,100.0,100.0,4.684532310956791
2026-01-24 08:03:55,100.0,100.0,4.688269362461421
2026-01-24 08:04:10,100.0,100.0,4.69200641396605
2026-01-24 08:04:25,100.0,100.0,4.69574346547068
2026-01-24 08:04:40,100.0,100.0,4.699480516975309
2026-01-24 08:04:55,100.0,100.0,4.703217568479939
2026-01-24 08:05:10,100.0,100.0,4.706954619984568
2026-01-24 08:05:25,100.0,100.0,4.710691671489198
2026-01-24 08:05:40,100.0,100.0,4.714428722993828
2026-01-24 08:05:55,100.0,100.0,4.718165774498457
2026-01-24 08:06:10,100.0,100.0,4.721902826003087
2026-01-24 08:06:25,100.0,100.0,4.725639877507716
2026-01-24 08:06:40,100.0,100.0,4.729376929012346
2026-01-24 08:06:55,100.0,100.0,4.733113980516976
2026-01-24 08:07:10,100.0,100.0,4.7368510320216055
2026-01-24 08:07:25,100.0,100.0,4.7405880835262355
2026-01-24 08:07:40,100.0,100.0,4.744325135030865
2026-01-24 08:07:55,100.0,100.0,4.748062186535495
2026-01-24 08:08:10,100.0,100.0,4.751799238040124
2026-01-24 08:08:25,100.0,100.0,4.755536289544754
2026-01-24 08:08:40,100.0,100.0,4.759273341049384
2026-01-24 08:08:55,100.0,100.0,4.763010392554013
2026-01-24 08:09:10,100.0,100.0,4.766747444058643
2026-01-24 08:09:25,100.0,100.0,4.770484495563272
2026-01-24 08:09:40,100.0,100.0,4.774221547067902
2026-01-24 08:09:55,100.0,100.0,4.777958598572532
2026-01-24 08:10:10,100.0,100.0,4.781695650077161
2026-01-24 08:10:25,100.0,100.0,4.785432701581791
2026-01-24 08:10:40,100.0,100.0,4.78916975308642
2026-01-24 08:10:55,100.0,100.0,4.79290680459105
2026-01-24 08:11:10,100.0,100.0,4.796643856095679
2026-01-24 08:11:25,100.0,100.0,4.800380907600309
2026-01-24 08:11:40,100.0,100.0,4.804117959104939
2026-01-24 08:11:55,100.0,100.0,4.807855010609568
2026-01-24 08:12:10,100.0,100.0,4.811592062114198
2026-01-24 08:12:25,100.0,100.0,4.815329113618827
2026-01-24 08:12:40,100.0,100.0,4.819066165123457
2026-01-24 08:12:55,100.0,100.0,4.822803216628087
2026-01-24 08:13:10,100.0,100.0,4.8265402681327165
2026-01-24 08:13:25,100.0,100.0,4.8302773196373465
2026-01-24 08:13:40,100.0,100.0,4.834014371141976
2026-01-24 08:13:55,100.0,100.0,4.837751422646606
2026-01-24 08:14:10,100.0,100.0,4.841488474151236
2026-01-24 08:14:25,100.0,100.0,4.845225525655865
2026-01-24 08:14:40,100.0,100.0,4.848962577160495
2026-01-24 08:14:55,100.0,100.0,4.852699628665124
2026-01-24 08:15:10,100.0,100.0,4.856436680169754
2026-01-24 08:15:25,100.0,100.0,4.860173731674383
2026-01-24 08:15:40,100.0,100.0,4.863910783179013
2026-01-24 08:15:55,100.0,100.0,4.867647834683643
2026-01-24 08:16:10,100.0,100.0,4.871384886188272
2026-01-24 08:16:25,100.0,100.0,4.875121937692902
2026-01-24 08:16:40,100.0,100.0,4.878858989197531
2026-01-24 08:16:55,100.0,100.0,4.882596040702161
2026-01-24 08:17:10,100.0,100.0,4.886333092206791
2026-01-24 08:17:25,100.0,100.0,4.89007014371142
2026-01-24 08:17:40,100.0,100.0,4.89380719521605
2026-01-24 08:17:55,100.0,100.0,4.897544246720679
2026-01-24 08:18:10,100.0,100.0,4.901281298225309
2026-01-24 08:18:25,100.0,100.0,4.905018349729939
2026-01-24 08:18:40,100.0,100.0,4.908755401234568
2026-01-24 08:18:55,100.0,100.0,4.912492452739198
2026-01-24 08:19:10,100.0,100.0,4.9162295042438275
2026-01-24 08:19:25,100.0,100.0,4.9199665557484575
2026-01-24 08:19:40,100.0,100.0,4.923703607253087
2026-01-24 08:19:55,100.0,100.0,4.927440658757717
2026-01-24 08:20:10,100.0,100.0,4.931177710262347
2026-01-24 08:20:25,100.0,100.0,4.934914761766976
2026-01-24 08:20:40,100.0,100.0,4.938651813271606
2026-01-24 08:20:55,100.0,100.0,4.942388864776235
2026-01-24 08:21:10,100.0,100.0,4.946125916280865
2026-01-24 08:21:25,100.0,100.0,4.949862967785494
2026-01-24 08:21:40,100.0,100.0,4.953600019290124
2026-01-24 08:21:55,100.0,100.0,4.957337070794754
2026-01-24 08:22:10,100.0,100.0,4.961074122299383
2026-01-24 08:22:25,100.0,100.0,4.964811173804013
2026-01-24 08:22:40,100.0,100.0,4.968548225308642
2026-01-24 08:22:55,100.0,100.0,4.972285276813272
2026-01-24 08:23:10,100.0,100.0,4.976022328317902
2026-01-24 08:23:25,100.0,100.0,4.979759379822531
2026-01-24 08:23:40,100.0,100.0,4.983496431327161
2026-01-24 08:23:55,100.0,100.0,4.98723348283179
2026-01-24 08:24:10,100.0,100.0,4.99097053433642
2026-01-24 08:24:25,100.0,100.0,4.99470758584105
2026-01-24 08:24:40,100.0,100.0,4.9984446373456795
2026-01-24 08:24:55,100.0,100.0,5.0021816888503094
2026-01-24 08:25:10,100.0,100.0,5.005918740354939
2026-01-24 08:25:25,100.0,100.0,5.0096557918595686
2026-01-24 08:25:40,100.0,100.0,5.013392843364198
2026-01-24 08:25:55,100.0,100.0,5.017129894868828
2026-01-24 08:26:10,100.0,100.0,5.020866946373458
2026-01-24 08:26:25,100.0,100.0,5.024603997878087
2026-01-24 08:26:40,100.0,100.0,5.028341049382717
2026-01-24 08:26:55,100.0,100.0,5.032078100887346
2026-01-24 08:27:10,100.0,100.0,5.035815152391976
2026-01-24 08:27:25,100.0,100.0,5.039552203896606
2026-01-24 08:27:40,100.0,100.0,5.043289255401235
2026-01-24 08:27:55,100.0,100.0,5.047026306905865
2026-01-24 08:28:10,100.0,100.0,5.050763358410494
2026-01-24 08:28:25,100.0,100.0,5.054500409915124
2026-01-24 08:28:40,100.0,100.0,5.058237461419754
2026-01-24 08:28:55,100.0,100.0,5.061974512924383
2026-01-24 08:29:10,100.0,100.0,5.065711564429013
2026-01-24 08:29:25,100.0,100.0,5.069448615933642
2026-01-24 08:29:40,100.0,100.0,5.073185667438272
2026-01-24 08:29:55,100.0,100.0,5.076922718942901
2026-01-24 08:30:10,100.0,100.0,5.080659770447531
2026-01-24 08:30:25,100.0,100.0,5.084396821952161
2026-01-24 08:30:40,100.0,100.0,5.0881338734567905
2026-01-24 08:30:55,100.0,100.0,5.0918709249614205
2026-01-24 08:31:10,100.0,100.0,5.09560797646605
2026-01-24 08:31:25,100.0,100.0,5.09934502797068
2026-01-24 08:31:40,100.0,100.0,5.10308207947531
2026-01-24 08:31:55,100.0,100.0,5.106819130979939
2026-01-24 08:32:10,100.0,100.0,5.110556182484569
2026-01-24 08:32:25,100.0,100.0,5.114293233989198
2026-01-24 08:32:40,100.0,100.0,5.118030285493828
2026-01-24 08:32:55,100.0,100.0,5.121767336998457
2026-01-24 08:33:10,100.0,100.0,5.125504388503087
2026-01-24 08:33:25,100.0,100.0,5.129241440007717
2026-01-24 08:33:40,100.0,100.0,5.132978491512346
2026-01-24 08:33:55,100.0,100.0,5.136715543016976
2026-01-24 08:34:10,100.0,100.0,5.140452594521605
2026-01-24 08:34:25,100.0,100.0,5.144189646026235
2026-01-24 08:34:40,100.0,100.0,5.147926697530865
2026-01-24 08:34:55,100.0,100.0,5.151663749035494
2026-01-24 08:35:10,100.0,100.0,5.155400800540124
2026-01-24 08:35:25,100.0,100.0,5.159137852044753
2026-01-24 08:35:40,100.0,100.0,5.162874903549383
2026-01-24 08:35:55,100.0,100.0,5.166611955054012
2026-01-24 08:36:10,100.0,100.0,5.170349006558642
2026-01-24 08:36:25,100.0,100.0,5.174086058063272
2026-01-24 08:36:40,100.0,100.0,5.1778231095679015
2026-01-24 08:36:55,100.0,100.0,5.1815601610725315
2026-01-24 08:37:10,100.0,100.0,5.185297212577161
2026-01-24 08:37:25,100.0,100.0,5.189034264081791
2026-01-24 08:37:40,100.0,100.0,5.192771315586421
2026-01-24 08:37:55,100.0,100.0,5.19650836709105
2026-01-24 08:38:10,100.0,100.0,5.20024541859568
2026-01-24 08:38:25,100.0,100.0,5.203982470100309
2026-01-24 08:38:40,100.0,100.0,5.207719521604939
2026-01-24 08:38:55,100.0,100.0,5.211456573109569
2026-01-24 08:39:10,100.0,100.0,5.215193624614198
2026-01-24 08:39:25,100.0,100.0,5.218930676118828
2026-01-24 08:39:40,100.0,100.0,5.222667727623457
2026-01-24 08:39:55,100.0,100.0,5.226404779128087
2026-01-24 08:40:10,100.0,100.0,5.230141830632716
2026-01-24 08:40:25,100.0,100.0,5.233878882137346
2026-01-24 08:40:40,100.0,100.0,5.237615933641976
2026-01-24 08:40:55,100.0,100.0,5.241352985146605
2026-01-24 08:41:10,100.0,100.0,5.245090036651235
2026-01-24 08:41:25,100.0,100.0,5.248827088155864
2026-01-24 08:41:40,100.0,100.0,5.252564139660494
2026-01-24 08:41:55,100.0,100.0,5.256301191165123
2026-01-24 08:42:10,100.0,100.0,5.260038242669753
2026-01-24 08:42:25,100.0,100.0,5.263775294174383
2026-01-24 08:42:40,100.0,100.0,5.2675123456790125
2026-01-24 08:42:55,100.0,100.0,5.2712493971836425
2026-01-24 08:43:10,100.0,100.0,5.2749864486882725
2026-01-24 08:43:25,100.0,100.0,5.278723500192902
2026-01-24 08:43:40,100.0,100.0,5.282460551697532
2026-01-24 08:43:55,100.0,100.0,5.286197603202161
2026-01-24 08:44:10,100.0,100.0,5.289934654706791
2026-01-24 08:44:25,100.0,100.0,5.29367170621142
2026-01-24 08:44:40,100.0,100.0,5.29740875771605
2026-01-24 08:44:55,100.0,100.0,5.30114580922068
2026-01-24 08:45:10,100.0,100.0,5.304882860725309
2026-01-24 08:45:25,100.0,100.0,5.308619912229939
2026-01-24 08:45:40,100.0,100.0,5.312356963734568
2026-01-24 08:45:55,100.0,100.0,5.316094015239198
2026-01-24 08:46:10,100.0,100.0,5.319831066743827
2026-01-24 08:46:25,100.0,100.0,5.323568118248457
2026-01-24 08:46:40,100.0,100.0,5.327305169753087
2026-01-24 08:46:55,100.0,100.0,5.331042221257716
2026-01-24 08:47:10,100.0,100.0,5.334779272762346
2026-01-24 08:47:25,100.0,100.0,5.338516324266976
2026-01-24 08:47:40,100.0,100.0,5.342253375771605
2026-01-24 08:47:55,100.0,100.0,5.345990427276235
2026-01-24 08:48:10,100.0,100.0,5.349727478780864
2026-01-24 08:48:25,100.0,100.0,5.353464530285494
2026-01-24 08:48:40,100.0,100.0,5.3572015817901235
2026-01-24 08:48:55,100.0,100.0,5.3609386332947535
2026-01-24 08:49:10,100.0,100.0,5.3646756847993835
2026-01-24 08:49:25,100.0,100.0,5.368412736304013
2026-01-24 08:49:40,100.0,100.0,5.372149787808643
2026-01-24 08:49:55,100.0,100.0,5.375886839313272
2026-01-24 08:50:10,100.0,100.0,5.379623890817902
2026-01-24 08:50:25,100.0,100.0,5.383360942322531
2026-01-24 08:50:40,100.0,100.0,5.387097993827161
2026-01-24 08:50:55,100.0,100.0,5.390835045331791
2026-01-24 08:51:10,100.0,100.0,5.39457209683642
2026-01-24 08:51:25,100.0,100.0,5.39830914834105
2026-01-24 08:51:40,100.0,100.0,5.402046199845679
2026-01-24 08:51:55,100.0,100.0,5.405783251350309
2026-01-24 08:52:10,100.0,100.0,5.409520302854939
2026-01-24 08:52:25,100.0,100.0,5.413257354359568
2026-01-24 08:52:40,100.0,100.0,5.416994405864198
2026-01-24 08:52:55,100.0,100.0,5.420731457368827
2026-01-24 08:53:10,100.0,100.0,5.424468508873457
2026-01-24 08:53:25,100.0,100.0,5.428205560378087
2026-01-24 08:53:40,100.0,100.0,5.431942611882716
2026-01-24 08:53:55,100.0,100.0,5.435679663387346
2026-01-24 08:54:10,100.0,100.0,5.439416714891975
2026-01-24 08:54:25,100.0,100.0,5.443153766396605
2026-01-24 08:54:40,100.0,100.0,5.4468908179012345
2026-01-24 08:54:55,100.0,100.0,5.4506278694058645
2026-01-24 08:55:10,100.0,100.0,5.4543649209104945
2026-01-24 08:55:25,100.0,100.0,5.458101972415124
2026-01-24 08:55:40,100.0,100.0,5.461839023919754
2026-01-24 08:55:55,100.0,100.0,5.465576075424383
2026-01-24 08:56:10,100.0,100.0,5.469313126929013
2026-01-24 08:56:25,100.0,100.0,5.473050178433642
2026-01-24 08:56:40,100.0,100.0,5.476787229938272
2026-01-24 08:56:55,100.0,100.0,5.480524281442902
2026-01-24 08:57:10,100.0,100.0,5.484261332947531
2026-01-24 08:57:25,100.0,100.0,5.487998384452161
2026-01-24 08:57:40,100.0,100.0,5.491735435956791
2026-01-24 08:57:55,100.0,100.0,5.49547248746142
2026-01-24 08:58:10,100.0,100.0,5.49920953896605
2026-01-24 08:58:25,100.0,100.0,5.502946590470679
2026-01-24 08:58:40,100.0,100.0,5.506683641975309
2026-01-24 08:58:55,100.0,100.0,5.510420693479938
2026-01-24 08:59:10,100.0,100.0,5.514157744984568
2026-01-24 08:59:25,100.0,100.0,5.517894796489198
2026-01-24 08:59:40,100.0,100.0,5.521631847993827
2026-01-24 08:59:55,100.0,100.0,5.525368899498457
2026-01-24 09:00:10,100.0,100.0,5.529105951003086
2026-01-24 09:00:25,100.0,100.0,5.532843002507716
2026-01-24 09:00:40,100.0,100.0,5.5365800540123455
2026-01-24 09:00:55,100.0,100.0,5.5403171055169755
2026-01-24 09:01:10,100.0,100.0,5.5440541570216055
2026-01-24 09:01:25,100.0,100.0,5.547791208526235
2026-01-24 09:01:40,100.0,100.0,5.551528260030865
2026-01-24 09:01:55,100.0,100.0,5.555265311535494
2026-01-24 09:02:10,100.0,100.0,5.559002363040124
2026-01-24 09:02:25,100.0,100.0,5.562739414544754
2026-01-24 09:02:40,100.0,100.0,5.566476466049383
2026-01-24 09:02:55,100.0,100.0,5.570213517554013
2026-01-24 09:03:10,100.0,100.0,5.573950569058642
2026-01-24 09:03:25,100.0,100.0,5.577687620563272
2026-01-24 09:03:40,100.0,100.0,5.581424672067902
2026-01-24 09:03:55,100.0,100.0,5.585161723572531
2026-01-24 09:04:10,100.0,100.0,5.588898775077161
2026-01-24 09:04:25,100.0,100.0,5.59263582658179
2026-01-24 09:04:40,100.0,100.0,5.59637287808642
2026-01-24 09:04:55,100.0,100.0,5.600109929591049
2026-01-24 09:05:10,100.0,100.0,5.603846981095679
2026-01-24 09:05:25,100.0,100.0,5.607584032600309
2026-01-24 09:05:40,100.0,100.0,5.611321084104938
2026-01-24 09:05:55,100.0,100.0,5.615058135609568
2026-01-24 09:06:10,100.0,100.0,5.6187951871141975
2026-01-24 09:06:25,100.0,100.0,5.6225322386188274
2026-01-24 09:06:40,100.0,100.0,5.626269290123457
2026-01-24 09:06:55,100.0,100.0,5.6300063416280866
2026-01-24 09:07:10,100.0,100.0,5.6337433931327165
2026-01-24 09:07:25,100.0,100.0,5.637480444637346
2026-01-24 09:07:40,100.0,100.0,5.641217496141976
2026-01-24 09:07:55,100.0,100.0,5.644954547646606
2026-01-24 09:08:10,100.0,100.0,5.648691599151235
2026-01-24 09:08:25,100.0,100.0,5.652428650655865
2026-01-24 09:08:40,100.0,100.0,5.656165702160494
2026-01-24 09:08:55,100.0,100.0,5.659902753665124
2026-01-24 09:09:10,100.0,100.0,5.663639805169753
2026-01-24 09:09:25,100.0,100.0,5.667376856674383
2026-01-24 09:09:40,100.0,100.0,5.671113908179013
2026-01-24 09:09:55,100.0,100.0,5.674850959683642
2026-01-24 09:10:10,100.0,100.0,5.678588011188272
2026-01-24 09:10:25,100.0,100.0,5.682325062692901
2026-01-24 09:10:40,100.0,100.0,5.686062114197531
2026-01-24 09:10:55,100.0,100.0,5.68979916570216
2026-01-24 09:11:10,100.0,100.0,5.69353621720679
2026-01-24 09:11:25,100.0,100.0,5.69727326871142
2026-01-24 09:11:40,100.0,100.0,5.701010320216049
2026-01-24 09:11:55,100.0,100.0,5.704747371720679
2026-01-24 09:12:10,100.0,100.0,5.708484423225309
2026-01-24 09:12:25,100.0,100.0,5.7122214747299385
2026-01-24 09:12:40,100.0,100.0,5.715958526234568
2026-01-24 09:12:55,100.0,100.0,5.719695577739198
2026-01-24 09:13:10,100.0,100.0,5.723432629243828
2026-01-24 09:13:25,100.0,100.0,5.727169680748457
2026-01-24 09:13:40,100.0,100.0,5.730906732253087
2026-01-24 09:13:55,100.0,100.0,5.734643783757717
2026-01-24 09:14:10,100.0,100.0,5.738380835262346
2026-01-24 09:14:25,100.0,100.0,5.742117886766976
2026-01-24 09:14:40,100.0,100.0,5.745854938271605
2026-01-24 09:14:55,100.0,100.0,5.749591989776235
2026-01-24 09:15:10,100.0,100.0,5.753329041280864
2026-01-24 09:15:25,100.0,100.0,5.757066092785494
2026-01-24 09:15:40,100.0,100.0,5.760803144290124
2026-01-24 09:15:55,100.0,100.0,5.764540195794753
2026-01-24 09:16:10,100.0,100.0,5.768277247299383
2026-01-24 09:16:25,100.0,100.0,5.772014298804013
2026-01-24 09:16:40,100.0,100.0,5.775751350308642
2026-01-24 09:16:55,100.0,100.0,5.779488401813271
2026-01-24 09:17:10,100.0,100.0,5.783225453317901
2026-01-24 09:17:25,100.0,100.0,5.786962504822531
2026-01-24 09:17:40,100.0,100.0,5.79069955632716
2026-01-24 09:17:55,100.0,100.0,5.79443660783179
2026-01-24 09:18:10,100.0,100.0,5.79817365933642
2026-01-24 09:18:25,100.0,100.0,5.8019107108410495
2026-01-24 09:18:40,100.0,100.0,5.8056477623456795
2026-01-24 09:18:55,100.0,100.0,5.809384813850309
2026-01-24 09:19:10,100.0,100.0,5.813121865354939
2026-01-24 09:19:25,100.0,100.0,5.816858916859568
2026-01-24 09:19:40,100.0,100.0,5.820595968364198
2026-01-24 09:19:55,100.0,100.0,5.824333019868828
2026-01-24 09:20:10,100.0,100.0,5.828070071373457
2026-01-24 09:20:25,100.0,100.0,5.831807122878087
2026-01-24 09:20:40,100.0,100.0,5.835544174382716
2026-01-24 09:20:55,100.0,100.0,5.839281225887346
2026-01-24 09:21:10,100.0,100.0,5.843018277391975
2026-01-24 09:21:25,100.0,100.0,5.846755328896605
2026-01-24 09:21:40,100.0,100.0,5.850492380401235
2026-01-24 09:21:55,100.0,100.0,5.854229431905864
2026-01-24 09:22:10,100.0,100.0,5.857966483410494
2026-01-24 09:22:25,100.0,100.0,5.861703534915124
2026-01-24 09:22:40,100.0,100.0,5.865440586419753
2026-01-24 09:22:55,100.0,100.0,5.869177637924383
2026-01-24 09:23:10,100.0,100.0,5.872914689429012
2026-01-24 09:23:25,100.0,100.0,5.876651740933642
2026-01-24 09:23:40,100.0,100.0,5.880388792438271
2026-01-24 09:23:55,100.0,100.0,5.884125843942901
2026-01-24 09:24:10,100.0,100.0,5.887862895447531
2026-01-24 09:24:25,100.0,100.0,5.8915999469521605
2026-01-24 09:24:40,100.0,100.0,5.8953369984567905
2026-01-24 09:24:55,100.0,100.0,5.89907404996142
2026-01-24 09:25:10,100.0,100.0,5.90281110146605
2026-01-24 09:25:25,100.0,100.0,5.906548152970679
2026-01-24 09:25:40,100.0,100.0,5.910285204475309
2026-01-24 09:25:55,100.0,100.0,5.914022255979939
2026-01-24 09:26:10,100.0,100.0,5.917759307484568
2026-01-24 09:26:25,100.0,100.0,5.921496358989198
2026-01-24 09:26:40,100.0,100.0,5.925233410493828
2026-01-24 09:26:55,100.0,100.0,5.928970461998457
2026-01-24 09:27:10,100.0,100.0,5.932707513503086
2026-01-24 09:27:25,100.0,100.0,5.936444565007716
2026-01-24 09:27:40,100.0,100.0,5.940181616512346
2026-01-24 09:27:55,100.0,100.0,5.943918668016975
2026-01-24 09:28:10,100.0,100.0,5.947655719521605
2026-01-24 09:28:25,100.0,100.0,5.951392771026235
2026-01-24 09:28:40,100.0,100.0,5.955129822530864
2026-01-24 09:28:55,100.0,100.0,5.958866874035494
2026-01-24 09:29:10,100.0,100.0,5.962603925540123
2026-01-24 09:29:25,100.0,100.0,5.966340977044753
2026-01-24 09:29:40,100.0,100.0,5.970078028549382
2026-01-24 09:29:55,100.0,100.0,5.973815080054012
2026-01-24 09:30:10,100.0,100.0,5.977552131558642
2026-01-24 09:30:25,100.0,100.0,5.9812891830632715
2026-01-24 09:30:40,100.0,100.0,5.9850262345679015
2026-01-24 09:30:55,100.0,100.0,5.9887632860725315
2026-01-24 09:31:10,100.0,100.0,5.992500337577161
2026-01-24 09:31:25,100.0,100.0,5.99623738908179
2026-01-24 09:31:40,100.0,100.0,5.99997444058642
2026-01-24 09:31:55,100.0,100.0,6.00371149209105
2026-01-24 09:32:10,100.0,100.0,6.007448543595679
2026-01-24 09:32:25,100.0,100.0,6.011185595100309
2026-01-24 09:32:40,100.0,100.0,6.014922646604939
2026-01-24 09:32:55,100.0,100.0,6.018659698109568
2026-01-24 09:33:10,100.0,100.0,6.022396749614198
2026-01-24 09:33:25,100.0,100.0,6.026133801118827
2026-01-24 09:33:40,100.0,100.0,6.029870852623457
2026-01-24 09:33:55,100.0,100.0,6.033607904128086
2026-01-24 09:34:10,100.0,100.0,6.037344955632716
2026-01-24 09:34:25,100.0,100.0,6.041082007137346
2026-01-24 09:34:40,100.0,100.0,6.044819058641975
2026-01-24 09:34:55,100.0,100.0,6.048556110146605
2026-01-24 09:35:10,100.0,100.0,6.052293161651234
2026-01-24 09:35:25,100.0,100.0,6.056030213155864
2026-01-24 09:35:40,100.0,100.0,6.059767264660493
2026-01-24 09:35:55,100.0,100.0,6.063504316165123
2026-01-24 09:36:10,100.0,100.0,6.067241367669753
2026-01-24 09:36:25,100.0,100.0,6.0709784191743825
2026-01-24 09:36:40,100.0,100.0,6.0747154706790125
2026-01-24 09:36:55,100.0,100.0,6.0784525221836425
2026-01-24 09:37:10,100.0,100.0,6.082189573688272
2026-01-24 09:37:25,100.0,100.0,6.085926625192901
2026-01-24 09:37:40,100.0,100.0,6.089663676697531
2026-01-24 09:37:55,100.0,100.0,6.093400728202161
2026-01-24 09:38:10,100.0,100.0,6.09713777970679
2026-01-24 09:38:25,100.0,100.0,6.10087483121142
2026-01-24 09:38:40,100.0,100.0,6.10461188271605
2026-01-24 09:38:55,100.0,100.0,6.108348934220679
2026-01-24 09:39:10,100.0,100.0,6.112085985725309
2026-01-24 09:39:25,100.0,100.0,6.115823037229938
2026-01-24 09:39:40,100.0,100.0,6.119560088734568
2026-01-24 09:39:55,100.0,100.0,6.123297140239197
2026-01-24 09:40:10,100.0,100.0,6.127034191743827
2026-01-24 09:40:25,100.0,100.0,6.130771243248457
2026-01-24 09:40:40,100.0,100.0,6.134508294753086
2026-01-24 09:40:55,100.0,100.0,6.138245346257716
2026-01-24 09:41:10,100.0,100.0,6.141982397762346
2026-01-24 09:41:25,100.0,100.0,6.145719449266975
2026-01-24 09:41:40,100.0,100.0,6.149456500771604
2026-01-24 09:41:55,100.0,100.0,6.153193552276234
2026-01-24 09:42:10,100.0,100.0,6.156930603780864
2026-01-24 09:42:25,100.0,100.0,6.1606676552854935
2026-01-24 09:42:40,100.0,100.0,6.1644047067901235
2026-01-24 09:42:55,100.0,100.0,6.1681417582947535
2026-01-24 09:43:10,100.0,100.0,6.171878809799383
2026-01-24 09:43:25,100.0,100.0,6.175615861304013
2026-01-24 09:43:40,100.0,100.0,6.179352912808642
2026-01-24 09:43:55,100.0,100.0,6.183089964313272
2026-01-24 09:44:10,100.0,100.0,6.186827015817901
2026-01-24 09:44:25,100.0,100.0,6.190564067322531
2026-01-24 09:44:40,100.0,100.0,6.194301118827161
2026-01-24 09:44:55,100.0,100.0,6.19803817033179
2026-01-24 09:45:10,100.0,100.0,6.20177522183642
2026-01-24 09:45:25,100.0,100.0,6.205512273341049
2026-01-24 09:45:40,100.0,100.0,6.209249324845679
2026-01-24 09:45:55,100.0,100.0,6.212986376350308
2026-01-24 09:46:10,100.0,100.0,6.216723427854938
2026-01-24 09:46:25,100.0,100.0,6.220460479359568
2026-01-24 09:46:40,100.0,100.0,6.224197530864197
2026-01-24 09:46:55,100.0,100.0,6.227934582368827
2026-01-24 09:47:10,100.0,100.0,6.231671633873457
2026-01-24 09:47:25,100.0,100.0,6.235408685378086
2026-01-24 09:47:40,100.0,100.0,6.239145736882716
2026-01-24 09:47:55,100.0,100.0,6.2428827883873454
2026-01-24 09:48:10,100.0,100.0,6.2466198398919754
2026-01-24 09:48:25,100.0,100.0,6.2503568913966046
2026-01-24 09:48:40,100.0,100.0,6.2540939429012345
2026-01-24 09:48:55,100.0,100.0,6.2578309944058645
2026-01-24 09:49:10,100.0,100.0,6.261568045910494
2026-01-24 09:49:25,100.0,100.0,6.265305097415124
2026-01-24 09:49:40,100.0,100.0,6.269042148919753
2026-01-24 09:49:55,100.0,100.0,6.272779200424383
2026-01-24 09:50:10,100.0,100.0,6.276516251929012
2026-01-24 09:50:25,100.0,100.0,6.280253303433642
2026-01-24 09:50:40,100.0,100.0,6.283990354938272
2026-01-24 09:50:55,100.0,100.0,6.287727406442901
2026-01-24 09:51:10,100.0,100.0,6.291464457947531
2026-01-24 09:51:25,100.0,100.0,6.295201509452161
2026-01-24 09:51:40,100.0,100.0,6.29893856095679
2026-01-24 09:51:55,100.0,100.0,6.302675612461419
2026-01-24 09:52:10,100.0,100.0,6.306412663966049
2026-01-24 09:52:25,100.0,100.0,6.310149715470679
2026-01-24 09:52:40,100.0,100.0,6.313886766975308
2026-01-24 09:52:55,100.0,100.0,6.317623818479938
2026-01-24 09:53:10,100.0,100.0,6.321360869984568
2026-01-24 09:53:25,100.0,100.0,6.325097921489197
2026-01-24 09:53:40,100.0,100.0,6.328834972993827
2026-01-24 09:53:55,100.0,100.0,6.3325720244984565
2026-01-24 09:54:10,100.0,100.0,6.3363090760030865
2026-01-24 09:54:25,100.0,100.0,6.340046127507716
2026-01-24 09:54:40,100.0,100.0,6.343783179012346
2026-01-24 09:54:55,100.0,100.0,6.347520230516976
2026-01-24 09:55:10,100.0,100.0,6.351257282021605
2026-01-24 09:55:25,100.0,100.0,6.354994333526235
2026-01-24 09:55:40,100.0,100.0,6.358731385030864
2026-01-24 09:55:55,100.0,100.0,6.362468436535494
2026-01-24 09:56:10,100.0,100.0,6.366205488040123
2026-01-24 09:56:25,100.0,100.0,6.369942539544753
2026-01-24 09:56:40,100.0,100.0,6.373679591049383
2026-01-24 09:56:55,100.0,100.0,6.377416642554012
2026-01-24 09:57:10,100.0,100.0,6.381153694058642
2026-01-24 09:57:25,100.0,100.0,6.384890745563272
2026-01-24 09:57:40,100.0,100.0,6.388627797067901
2026-01-24 09:57:55,100.0,100.0,6.392364848572531
2026-01-24 09:58:10,100.0,100.0,6.39610190007716
2026-01-24 09:58:25,100.0,100.0,6.39983895158179
2026-01-24 09:58:40,100.0,100.0,6.403576003086419
2026-01-24 09:58:55,100.0,100.0,6.407313054591049
2026-01-24 09:59:10,100.0,100.0,6.411050106095679
2026-01-24 09:59:25,100.0,100.0,6.414787157600308
2026-01-24 09:59:40,100.0,100.0,6.418524209104938
2026-01-24 09:59:55,100.0,100.0,6.4222612606095675
2026-01-24 10:00:10,100.0,100.0,6.422619212962963
2026-01-24 10:00:25,100.0,100.0,6.421287615740741
2026-01-24 10:00:40,100.0,100.0,6.419956018518518
2026-01-24 10:00:55,100.0,100.0,6.418624421296296
2026-01-24 10:01:10,100.0,100.0,6.417292824074074
2026-01-24 10:01:25,100.0,100.0,6.415961226851851
2026-01-24 10:01:40,100.0,100.0,6.414629629629629
2026-01-24 10:01:55,100.0,100.0,6.413298032407407
2026-01-24 10:02:10,100.0,100.0,6.411966435185185
2026-01-24 10:02:25,100.0,100.0,6.410634837962963
2026-01-24 10:02:40,100.0,100.0,6.409303240740741
2026-01-24 10:02:55,100.0,100.0,6.407971643518518
2026-01-24 10:03:10,100.0,100.0,6.406640046296296
2026-01-24 10:03:25,100.0,100.0,6.405308449074074
2026-01-24 10:03:40,100.0,100.0,6.403976851851851
2026-01-24 10:03:55,100.0,100.0,6.402645254629629
2026-01-24 10:04:10,100.0,100.0,6.401313657407407
2026-01-24 10:04:25,100.0,100.0,6.3999820601851845
2026-01-24 10:04:40,100.0,100.0,6.398650462962963
2026-01-24 10:04:55,100.0,100.0,6.397318865740741
2026-01-24 10:05:10,100.0,100.0,6.395987268518518
2026-01-24 10:05:25,100.0,100.0,6.394655671296296
2026-01-24 10:05:40,100.0,100.0,6.393324074074074
2026-01-24 10:05:55,100.0,100.0,6.3919924768518515
2026-01-24 10:06:10,100.0,100.0,6.390660879629629
2026-01-24 10:06:25,100.0,100.0,6.389329282407407
2026-01-24 10:06:40,100.0,100.0,6.3879976851851845
2026-01-24 10:06:55,100.0,100.0,6.386666087962962
2026-01-24 10:07:10,100.0,100.0,6.385334490740741
2026-01-24 10:07:25,100.0,100.0,6.3840028935185185
2026-01-24 10:07:40,100.0,100.0,6.382671296296296
2026-01-24 10:07:55,100.0,100.0,6.381339699074074
2026-01-24 10:08:10,100.0,100.0,6.3800081018518515
2026-01-24 10:08:25,100.0,100.0,6.378676504629629
2026-01-24 10:08:40,100.0,100.0,6.377344907407407
2026-01-24 10:08:55,100.0,100.0,6.376013310185185
2026-01-24 10:09:10,100.0,100.0,6.374681712962962
2026-01-24 10:09:25,100.0,100.0,6.373350115740741
2026-01-24 10:09:40,100.0,100.0,6.3720185185185185
2026-01-24 10:09:55,100.0,100.0,6.370686921296296
2026-01-24 10:10:10,100.0,100.0,6.369355324074074
2026-01-24 10:10:25,100.0,100.0,6.368023726851852
2026-01-24 10:10:40,100.0,100.0,6.366692129629629
2026-01-24 10:10:55,100.0,100.0,6.365360532407407
2026-01-24 10:11:10,100.0,100.0,6.364028935185185
2026-01-24 10:11:25,100.0,100.0,6.362697337962962
2026-01-24 10:11:40,100.0,100.0,6.36136574074074
2026-01-24 10:11:55,100.0,100.0,6.360034143518519
2026-01-24 10:12:10,100.0,100.0,6.358702546296296
2026-01-24 10:12:25,100.0,100.0,6.357370949074074
2026-01-24 10:12:40,100.0,100.0,6.356039351851852
2026-01-24 10:12:55,100.0,100.0,6.354707754629629
2026-01-24 10:13:10,100.0,100.0,6.353376157407407
2026-01-24 10:13:25,100.0,100.0,6.352044560185185
2026-01-24 10:13:40,100.0,100.0,6.350712962962962
2026-01-24 10:13:55,100.0,100.0,6.34938136574074
2026-01-24 10:14:10,100.0,100.0,6.348049768518518
2026-01-24 10:14:25,100.0,100.0,6.346718171296296
2026-01-24 10:14:40,100.0,100.0,6.345386574074074
2026-01-24 10:14:55,100.0,100.0,6.344054976851852
2026-01-24 10:15:09,100.0,100.0,6.342812152777777
2026-01-24 10:15:25,100.0,100.0,6.341391782407407
2026-01-24 10:15:40,100.0,100.0,6.340060185185185
2026-01-24 10:15:55,100.0,100.0,6.3387285879629625
2026-01-24 10:16:10,100.0,100.0,6.33739699074074
2026-01-24 10:16:25,100.0,100.0,6.336065393518518
2026-01-24 10:16:40,100.0,100.0,6.3347337962962955
2026-01-24 10:16:55,100.0,100.0,6.333402199074074
2026-01-24 10:17:10,100.0,100.0,6.332070601851852
2026-01-24 10:17:24,100.0,100.0,6.3308277777777775
2026-01-24 10:17:40,100.0,100.0,6.329407407407407
2026-01-24 10:17:54,100.0,100.0,6.328164583333333
2026-01-24 10:18:10,100.0,100.0,6.3267442129629625
2026-01-24 10:18:24,100.0,100.0,6.325501388888888
2026-01-24 10:18:40,100.0,100.0,6.324081018518518
2026-01-24 10:18:55,100.0,100.0,6.322749421296296
2026-01-24 10:19:09,100.0,100.0,6.321506597222222
2026-01-24 10:19:25,100.0,100.0,6.320086226851852
2026-01-24 10:19:40,100.0,100.0,6.3187546296296295
2026-01-24 10:19:55,100.0,100.0,6.317423032407407
2026-01-24 10:20:09,100.0,100.0,6.316180208333333
2026-01-24 10:20:24,100.0,100.0,6.314848611111111
2026-01-24 10:20:39,100.0,100.0,6.313517013888888
2026-01-24 10:20:55,100.0,100.0,6.312096643518518
2026-01-24 10:21:10,100.0,100.0,6.310765046296296
2026-01-24 10:21:25,100.0,100.0,6.309433449074073
2026-01-24 10:21:40,100.0,100.0,6.308101851851852
2026-01-24 10:21:55,100.0,100.0,6.30677025462963
2026-01-24 10:22:10,100.0,100.0,6.305438657407407
2026-01-24 10:22:25,100.0,100.0,6.304107060185185
2026-01-24 10:22:40,100.0,100.0,6.302775462962963
2026-01-24 10:22:55,100.0,100.0,6.30144386574074
2026-01-24 10:23:10,100.0,100.0,6.300112268518518
2026-01-24 10:23:24,100.0,100.0,6.298869444444444
2026-01-24 10:23:40,100.0,100.0,6.297449074074073
2026-01-24 10:23:54,100.0,100.0,6.29620625
2026-01-24 10:24:10,100.0,100.0,6.29478587962963
2026-01-24 10:24:25,100.0,100.0,6.293454282407407
2026-01-24 10:24:40,100.0,100.0,6.292122685185185
2026-01-24 10:24:54,100.0,100.0,6.290879861111111
2026-01-24 10:25:09,100.0,100.0,6.289548263888888
2026-01-24 10:25:24,100.0,100.0,6.288216666666666
2026-01-24 10:25:39,100.0,100.0,6.286885069444444
2026-01-24 10:25:55,100.0,100.0,6.2854646990740735
2026-01-24 10:26:10,100.0,100.0,6.284133101851851
2026-01-24 10:26:25,100.0,100.0,6.282801504629629
2026-01-24 10:26:40,100.0,100.0,6.281469907407407
2026-01-24 10:26:54,100.0,100.0,6.280227083333333
2026-01-24 10:27:10,100.0,100.0,6.278806712962963
2026-01-24 10:27:24,100.0,100.0,6.2775638888888885
2026-01-24 10:27:40,100.0,100.0,6.276143518518518
2026-01-24 10:27:55,100.0,100.0,6.274811921296296
2026-01-24 10:28:09,100.0,100.0,6.273569097222222
2026-01-24 10:28:24,100.0,100.0,6.272237499999999
2026-01-24 10:28:39,100.0,100.0,6.270905902777777
2026-01-24 10:28:55,100.0,100.0,6.269485532407407
2026-01-24 10:29:10,100.0,100.0,6.268153935185185
2026-01-24 10:29:24,100.0,100.0,6.266911111111111
2026-01-24 10:29:39,100.0,100.0,6.265579513888889
2026-01-24 10:29:54,100.0,100.0,6.264247916666666
2026-01-24 10:30:10,100.0,100.0,6.262827546296296
2026-01-24 10:30:24,100.0,100.0,6.261584722222222
2026-01-24 10:30:40,100.0,100.0,6.260164351851851
2026-01-24 10:30:54,100.0,100.0,6.258921527777777
2026-01-24 10:31:10,100.0,100.0,6.257501157407407
2026-01-24 10:31:24,100.0,100.0,6.256258333333333
2026-01-24 10:31:39,100.0,100.0,6.254926736111111
2026-01-24 10:31:54,100.0,100.0,6.253595138888889
2026-01-24 10:32:09,100.0,100.0,6.252263541666666
2026-01-24 10:32:24,100.0,100.0,6.250931944444444
2026-01-24 10:32:39,100.0,100.0,6.249600347222222
2026-01-24 10:32:55,100.0,100.0,6.248179976851851
2026-01-24 10:33:09,100.0,100.0,6.246937152777777
2026-01-24 10:33:24,100.0,100.0,6.245605555555555
2026-01-24 10:33:40,100.0,100.0,6.244185185185184
2026-01-24 10:33:55,100.0,100.0,6.242853587962962
2026-01-24 10:34:09,100.0,100.0,6.241610763888889
2026-01-24 10:34:25,100.0,100.0,6.240190393518518
2026-01-24 10:34:40,100.0,100.0,6.238858796296296
2026-01-24 10:34:54,100.0,100.0,6.237615972222222
2026-01-24 10:35:09,100.0,100.0,6.236284374999999
2026-01-24 10:35:24,100.0,100.0,6.234952777777777
2026-01-24 10:35:39,100.0,100.0,6.233621180555555
2026-01-24 10:35:54,100.0,100.0,6.2322895833333325
2026-01-24 10:36:09,100.0,100.0,6.230957986111111
2026-01-24 10:36:25,100.0,100.0,6.229537615740741
2026-01-24 10:36:40,100.0,100.0,6.228206018518518
2026-01-24 10:36:54,100.0,100.0,6.226963194444444
2026-01-24 10:37:09,100.0,100.0,6.225631597222222
2026-01-24 10:37:25,100.0,100.0,6.2242112268518515
2026-01-24 10:37:39,100.0,100.0,6.222968402777777
2026-01-24 10:37:54,100.0,100.0,6.221636805555555
2026-01-24 10:38:09,100.0,100.0,6.220305208333333
2026-01-24 10:38:25,100.0,100.0,6.218884837962962
2026-01-24 10:38:39,100.0,100.0,6.217642013888889
2026-01-24 10:38:54,100.0,100.0,6.2163104166666665
2026-01-24 10:39:09,100.0,100.0,6.214978819444444
2026-01-24 10:39:24,100.0,100.0,6.213647222222222
2026-01-24 10:39:39,100.0,100.0,6.212315625
2026-01-24 10:39:54,100.0,100.0,6.210984027777777
2026-01-24 10:40:09,100.0,100.0,6.209652430555555
2026-01-24 10:40:24,100.0,100.0,6.208320833333333
2026-01-24 10:40:39,100.0,100.0,6.20698923611111
2026-01-24 10:40:54,100.0,100.0,6.205657638888889
2026-01-24 10:41:09,100.0,100.0,6.204326041666667
2026-01-24 10:41:24,100.0,100.0,6.202994444444444
2026-01-24 10:41:39,100.0,100.0,6.201662847222222
2026-01-24 10:41:54,100.0,100.0,6.20033125
2026-01-24 10:42:09,100.0,100.0,6.198999652777777
2026-01-24 10:42:24,100.0,100.0,6.197668055555555
2026-01-24 10:42:39,100.0,100.0,6.196336458333333
2026-01-24 10:42:54,100.0,100.0,6.19500486111111
2026-01-24 10:43:09,100.0,100.0,6.193673263888888
2026-01-24 10:43:24,100.0,100.0,6.192341666666666
2026-01-24 10:43:39,100.0,100.0,6.191010069444444
2026-01-24 10:43:54,100.0,100.0,6.189678472222222
2026-01-24 10:44:09,100.0,100.0,6.188346875
2026-01-24 10:44:24,100.0,100.0,6.187015277777777
2026-01-24 10:44:39,100.0,100.0,6.185683680555555
2026-01-24 10:44:54,100.0,100.0,6.184352083333333
2026-01-24 10:45:09,100.0,100.0,6.18302048611111
2026-01-24 10:45:24,100.0,100.0,6.181688888888888
2026-01-24 10:45:39,100.0,100.0,6.180357291666666
2026-01-24 10:45:54,100.0,100.0,6.179025694444444
2026-01-24 10:46:09,100.0,100.0,6.177694097222222
2026-01-24 10:46:24,100.0,100.0,6.1763625
2026-01-24 10:46:39,100.0,100.0,6.175030902777777
2026-01-24 10:46:54,100.0,100.0,6.173699305555555
2026-01-24 10:47:09,100.0,100.0,6.172367708333333
2026-01-24 10:47:24,100.0,100.0,6.1710361111111105
2026-01-24 10:47:39,100.0,100.0,6.169704513888888
2026-01-24 10:47:54,100.0,100.0,6.168372916666666
2026-01-24 10:48:09,100.0,100.0,6.167041319444444
2026-01-24 10:48:24,100.0,100.0,6.165709722222222
2026-01-24 10:48:39,100.0,100.0,6.164378125
2026-01-24 10:48:54,100.0,100.0,6.1630465277777775
2026-01-24 10:49:09,100.0,100.0,6.161714930555555
2026-01-24 10:49:24,100.0,100.0,6.160383333333333
2026-01-24 10:49:39,100.0,100.0,6.159051736111111
2026-01-24 10:49:54,100.0,100.0,6.157720138888888
2026-01-24 10:50:09,100.0,100.0,6.156388541666666
2026-01-24 10:50:24,100.0,100.0,6.155056944444444
2026-01-24 10:50:39,100.0,100.0,6.153725347222221
2026-01-24 10:50:54,100.0,100.0,6.15239375
2026-01-24 10:51:09,100.0,100.0,6.151062152777778
2026-01-24 10:51:24,100.0,100.0,6.149730555555555
2026-01-24 10:51:39,100.0,100.0,6.148398958333333
2026-01-24 10:51:54,100.0,100.0,6.147067361111111
2026-01-24 10:52:09,100.0,100.0,6.145735763888888
2026-01-24 10:52:24,100.0,100.0,6.144404166666666
2026-01-24 10:52:39,100.0,100.0,6.143072569444444
2026-01-24 10:52:54,100.0,100.0,6.141740972222221
2026-01-24 10:53:09,100.0,100.0,6.140409374999999
2026-01-24 10:53:24,100.0,100.0,6.139077777777778
2026-01-24 10:53:39,100.0,100.0,6.137746180555555
2026-01-24 10:53:54,100.0,100.0,6.136414583333333
2026-01-24 10:54:09,100.0,100.0,6.135082986111111
2026-01-24 10:54:24,100.0,100.0,6.133751388888888
2026-01-24 10:54:39,100.0,100.0,6.132419791666666
2026-01-24 10:54:54,100.0,100.0,6.131088194444444
2026-01-24 10:55:09,100.0,100.0,6.129756597222221
2026-01-24 10:55:24,100.0,100.0,6.128424999999999
2026-01-24 10:55:39,100.0,100.0,6.127093402777778
2026-01-24 10:55:54,100.0,100.0,6.125761805555555
2026-01-24 10:56:09,100.0,100.0,6.124430208333333
2026-01-24 10:56:24,100.0,100.0,6.123098611111111
2026-01-24 10:56:39,100.0,100.0,6.121767013888888
2026-01-24 10:56:54,100.0,100.0,6.120435416666666
2026-01-24 10:57:09,100.0,100.0,6.119103819444444
2026-01-24 10:57:24,100.0,100.0,6.1177722222222215
2026-01-24 10:57:39,100.0,100.0,6.116440624999999
2026-01-24 10:57:54,100.0,100.0,6.115109027777777
2026-01-24 10:58:09,100.0,100.0,6.113777430555555
2026-01-24 10:58:24,100.0,100.0,6.112445833333333
2026-01-24 10:58:39,100.0,100.0,6.111114236111111
2026-01-24 10:58:54,100.0,100.0,6.1097826388888885
2026-01-24 10:59:09,100.0,100.0,6.108451041666666
2026-01-24 10:59:24,100.0,100.0,6.107119444444444
2026-01-24 10:59:39,100.0,100.0,6.105787847222222
2026-01-24 10:59:54,100.0,100.0,6.104456249999999
2026-01-24 11:00:09,100.0,100.0,6.103124652777777
2026-01-24 11:00:24,100.0,100.0,6.101793055555555
2026-01-24 11:00:39,100.0,100.0,6.100461458333333
2026-01-24 11:00:54,100.0,100.0,6.099129861111111
2026-01-24 11:01:09,100.0,100.0,6.097798263888889
2026-01-24 11:01:24,100.0,100.0,6.096466666666666
2026-01-24 11:01:39,100.0,100.0,6.095135069444444
2026-01-24 11:01:54,100.0,100.0,6.093803472222222
2026-01-24 11:02:09,100.0,100.0,6.092471874999999
2026-01-24 11:02:24,100.0,100.0,6.091140277777777
2026-01-24 11:02:39,100.0,100.0,6.089808680555555
2026-01-24 11:02:54,100.0,100.0,6.088477083333332
2026-01-24 11:03:09,100.0,100.0,6.087145486111111
2026-01-24 11:03:24,100.0,100.0,6.085813888888889
2026-01-24 11:03:39,100.0,100.0,6.084482291666666
2026-01-24 11:03:54,100.0,100.0,6.083150694444444
2026-01-24 11:04:09,100.0,100.0,6.081819097222222
2026-01-24 11:04:24,100.0,100.0,6.080487499999999
2026-01-24 11:04:39,100.0,100.0,6.079155902777777
2026-01-24 11:04:54,100.0,100.0,6.077824305555555
2026-01-24 11:05:09,100.0,100.0,6.076492708333332
2026-01-24 11:05:24,100.0,100.0,6.075161111111111
2026-01-24 11:05:39,100.0,100.0,6.073829513888889
2026-01-24 11:05:54,100.0,100.0,6.072497916666666
2026-01-24 11:06:09,100.0,100.0,6.071166319444444
2026-01-24 11:06:24,100.0,100.0,6.069834722222222
2026-01-24 11:06:39,100.0,100.0,6.068503124999999
2026-01-24 11:06:54,100.0,100.0,6.067171527777777
2026-01-24 11:07:09,100.0,100.0,6.065839930555555
2026-01-24 11:07:24,100.0,100.0,6.0645083333333325
2026-01-24 11:07:39,100.0,100.0,6.06317673611111
2026-01-24 11:07:54,100.0,100.0,6.061845138888888
2026-01-24 11:08:09,100.0,100.0,6.0605135416666664
2026-01-24 11:08:24,100.0,100.0,6.059181944444444
2026-01-24 11:08:39,100.0,100.0,6.057850347222222
2026-01-24 11:08:54,100.0,100.0,6.0565187499999995
2026-01-24 11:09:09,100.0,100.0,6.055187152777777
2026-01-24 11:09:24,100.0,100.0,6.053855555555555
2026-01-24 11:09:39,100.0,100.0,6.052523958333333
2026-01-24 11:09:54,100.0,100.0,6.05119236111111
2026-01-24 11:10:09,100.0,100.0,6.049860763888888
2026-01-24 11:10:24,100.0,100.0,6.0485291666666665
2026-01-24 11:10:39,100.0,100.0,6.047197569444444
2026-01-24 11:10:54,100.0,100.0,6.045865972222222
2026-01-24 11:11:09,100.0,100.0,6.044534375
2026-01-24 11:11:24,100.0,100.0,6.043202777777777
2026-01-24 11:11:39,100.0,100.0,6.041871180555555
2026-01-24 11:11:54,100.0,100.0,6.040539583333333
2026-01-24 11:12:09,100.0,100.0,6.03920798611111
2026-01-24 11:12:24,100.0,100.0,6.037876388888888
2026-01-24 11:12:39,100.0,100.0,6.036544791666666
2026-01-24 11:12:54,100.0,100.0,6.035213194444444
2026-01-24 11:13:09,100.0,100.0,6.033881597222222
2026-01-24 11:13:24,100.0,100.0,6.03255
2026-01-24 11:13:39,100.0,100.0,6.031218402777777
2026-01-24 11:13:54,100.0,100.0,6.029886805555555
2026-01-24 11:14:09,100.0,100.0,6.028555208333333
2026-01-24 11:14:24,100.0,100.0,6.02722361111111
2026-01-24 11:14:39,100.0,100.0,6.025892013888888
2026-01-24 11:14:54,100.0,100.0,6.024560416666666
2026-01-24 11:15:09,100.0,100.0,6.023228819444443
2026-01-24 11:15:24,100.0,100.0,6.021897222222222
2026-01-24 11:15:39,100.0,100.0,6.020565625
2026-01-24 11:15:54,100.0,100.0,6.019234027777777
2026-01-24 11:16:09,100.0,100.0,6.017902430555555
2026-01-24 11:16:24,100.0,100.0,6.016570833333333
2026-01-24 11:16:39,100.0,100.0,6.01523923611111
2026-01-24 11:16:54,100.0,100.0,6.013907638888888
2026-01-24 11:17:09,100.0,100.0,6.012576041666666
2026-01-24 11:17:24,100.0,100.0,6.0112444444444435
2026-01-24 11:17:39,100.0,100.0,6.009912847222221
2026-01-24 11:17:54,100.0,100.0,6.00858125
2026-01-24 11:18:09,100.0,100.0,6.0072496527777774
2026-01-24 11:18:24,100.0,100.0,6.005918055555555
2026-01-24 11:18:39,100.0,100.0,6.004586458333333
2026-01-24 11:18:54,100.0,100.0,6.0032548611111105
2026-01-24 11:19:09,100.0,100.0,6.001923263888888
2026-01-24 11:19:24,100.0,100.0,6.000591666666666
2026-01-24 11:19:39,100.0,100.0,5.999260069444444
2026-01-24 11:19:54,100.0,100.0,5.997928472222221
2026-01-24 11:20:09,100.0,100.0,5.996596875
2026-01-24 11:20:24,100.0,100.0,5.9952652777777775
2026-01-24 11:20:39,100.0,100.0,5.993933680555555
2026-01-24 11:20:54,100.0,100.0,5.992602083333333
2026-01-24 11:21:09,100.0,100.0,5.991270486111111
2026-01-24 11:21:24,100.0,100.0,5.989938888888888
2026-01-24 11:21:39,100.0,100.0,5.988607291666666
2026-01-24 11:21:54,100.0,100.0,5.987275694444444
2026-01-24 11:22:09,100.0,100.0,5.985944097222221
2026-01-24 11:22:24,100.0,100.0,5.984612499999999
2026-01-24 11:22:39,100.0,100.0,5.983280902777777
2026-01-24 11:22:54,100.0,100.0,5.981949305555555
2026-01-24 11:23:09,100.0,100.0,5.980617708333333
2026-01-24 11:23:24,100.0,100.0,5.979286111111111
2026-01-24 11:23:39,100.0,100.0,5.977954513888888
2026-01-24 11:23:54,100.0,100.0,5.976622916666666
2026-01-24 11:24:09,100.0,100.0,5.975291319444444
2026-01-24 11:24:24,100.0,100.0,5.973959722222221
2026-01-24 11:24:39,100.0,100.0,5.972628124999999
2026-01-24 11:24:54,100.0,100.0,5.971296527777777
2026-01-24 11:25:09,100.0,100.0,5.969964930555555
2026-01-24 11:25:24,100.0,100.0,5.968633333333333
2026-01-24 11:25:39,100.0,100.0,5.967301736111111
2026-01-24 11:25:54,100.0,100.0,5.965970138888888
2026-01-24 11:26:09,100.0,100.0,5.964638541666666
2026-01-24 11:26:24,100.0,100.0,5.963306944444444
2026-01-24 11:26:39,100.0,100.0,5.9619753472222214
2026-01-24 11:26:54,100.0,100.0,5.960643749999999
2026-01-24 11:27:09,100.0,100.0,5.959312152777777
2026-01-24 11:27:24,100.0,100.0,5.9579805555555545
2026-01-24 11:27:39,100.0,100.0,5.956648958333333
2026-01-24 11:27:54,100.0,100.0,5.955317361111111
2026-01-24 11:28:09,100.0,100.0,5.9539857638888884
2026-01-24 11:28:24,100.0,100.0,5.952654166666666
2026-01-24 11:28:39,100.0,100.0,5.951322569444444
2026-01-24 11:28:54,100.0,100.0,5.9499909722222215
2026-01-24 11:29:09,100.0,100.0,5.948659374999999
2026-01-24 11:29:24,100.0,100.0,5.947327777777777
2026-01-24 11:29:39,100.0,100.0,5.945996180555555
2026-01-24 11:29:54,100.0,100.0,5.944664583333333
2026-01-24 11:30:09,100.0,100.0,5.943332986111111
2026-01-24 11:30:24,100.0,100.0,5.9420013888888885
2026-01-24 11:30:39,100.0,100.0,5.940669791666666
2026-01-24 11:30:54,100.0,100.0,5.939338194444444
2026-01-24 11:31:09,100.0,100.0,5.938006597222222
2026-01-24 11:31:24,100.0,100.0,5.936674999999999
2026-01-24 11:31:39,100.0,100.0,5.935343402777777
2026-01-24 11:31:54,100.0,100.0,5.934011805555555
2026-01-24 11:32:09,100.0,100.0,5.932680208333332
2026-01-24 11:32:24,100.0,100.0,5.93134861111111
2026-01-24 11:32:39,100.0,100.0,5.930017013888889
2026-01-24 11:32:54,100.0,100.0,5.928685416666666
2026-01-24 11:33:09,100.0,100.0,5.927353819444444
2026-01-24 11:33:24,100.0,100.0,5.926022222222222
2026-01-24 11:33:39,100.0,100.0,5.924690624999999
2026-01-24 11:33:54,100.0,100.0,5.923359027777777
2026-01-24 11:34:09,100.0,100.0,5.922027430555555
2026-01-24 11:34:24,100.0,100.0,5.920695833333332
2026-01-24 11:34:39,100.0,100.0,5.91936423611111
2026-01-24 11:34:54,100.0,100.0,5.918032638888889
2026-01-24 11:35:09,100.0,100.0,5.916701041666666
2026-01-24 11:35:24,100.0,100.0,5.915369444444444
2026-01-24 11:35:39,100.0,100.0,5.914037847222222
2026-01-24 11:35:54,100.0,100.0,5.912706249999999
2026-01-24 11:36:09,100.0,100.0,5.911374652777777
2026-01-24 11:36:24,100.0,100.0,5.910043055555555
2026-01-24 11:36:39,100.0,100.0,5.9087114583333324
2026-01-24 11:36:54,100.0,100.0,5.90737986111111
2026-01-24 11:37:09,100.0,100.0,5.906048263888888
2026-01-24 11:37:24,100.0,100.0,5.9047166666666655
2026-01-24 11:37:39,100.0,100.0,5.903385069444444
2026-01-24 11:37:54,100.0,100.0,5.902053472222222
2026-01-24 11:38:09,100.0,100.0,5.9007218749999995
2026-01-24 11:38:24,100.0,100.0,5.899390277777777
2026-01-24 11:38:39,100.0,100.0,5.898058680555555
2026-01-24 11:38:54,100.0,100.0,5.8967270833333325
2026-01-24 11:39:09,100.0,100.0,5.89539548611111
2026-01-24 11:39:24,100.0,100.0,5.894063888888888
2026-01-24 11:39:39,100.0,100.0,5.8927322916666665
2026-01-24 11:39:54,100.0,100.0,5.891400694444444
2026-01-24 11:40:09,100.0,100.0,5.890069097222222
2026-01-24 11:40:24,100.0,100.0,5.8887374999999995
2026-01-24 11:40:39,100.0,100.0,5.887405902777777
2026-01-24 11:40:54,100.0,100.0,5.886074305555555
2026-01-24 11:41:09,100.0,100.0,5.884742708333333
2026-01-24 11:41:24,100.0,100.0,5.88341111111111
2026-01-24 11:41:39,100.0,100.0,5.882079513888888
2026-01-24 11:41:54,100.0,100.0,5.880747916666666
2026-01-24 11:42:09,100.0,100.0,5.879416319444443
2026-01-24 11:42:24,100.0,100.0,5.878084722222222
2026-01-24 11:42:39,100.0,100.0,5.876753125
2026-01-24 11:42:54,100.0,100.0,5.875421527777777
2026-01-24 11:43:09,100.0,100.0,5.874089930555555
2026-01-24 11:43:24,100.0,100.0,5.872758333333333
2026-01-24 11:43:39,100.0,100.0,5.87142673611111
2026-01-24 11:43:54,100.0,100.0,5.870095138888888
2026-01-24 11:44:09,100.0,100.0,5.868763541666666
2026-01-24 11:44:24,100.0,100.0,5.867431944444443
2026-01-24 11:44:39,100.0,100.0,5.866100347222222
2026-01-24 11:44:54,100.0,100.0,5.86476875
2026-01-24 11:45:09,100.0,100.0,5.863437152777777
2026-01-24 11:45:24,100.0,100.0,5.862105555555555
2026-01-24 11:45:39,100.0,100.0,5.860773958333333
2026-01-24 11:45:54,100.0,100.0,5.85944236111111
2026-01-24 11:46:09,100.0,100.0,5.858110763888888
2026-01-24 11:46:24,100.0,100.0,5.856779166666666
2026-01-24 11:46:39,100.0,100.0,5.8554475694444434
2026-01-24 11:46:54,100.0,100.0,5.854115972222221
2026-01-24 11:47:09,100.0,100.0,5.852784374999999
2026-01-24 11:47:24,100.0,100.0,5.851452777777777
2026-01-24 11:47:39,100.0,100.0,5.850121180555555
2026-01-24 11:47:54,100.0,100.0,5.848789583333333
2026-01-24 11:48:09,100.0,100.0,5.8474579861111105
2026-01-24 11:48:24,100.0,100.0,5.846126388888888
2026-01-24 11:48:39,100.0,100.0,5.844794791666666
2026-01-24 11:48:54,100.0,100.0,5.8434631944444435
2026-01-24 11:49:09,100.0,100.0,5.842131597222221
2026-01-24 11:49:24,100.0,100.0,5.840799999999999
2026-01-24 11:49:39,100.0,100.0,5.8394684027777775
2026-01-24 11:49:54,100.0,100.0,5.838136805555555
2026-01-24 11:50:09,100.0,100.0,5.836805208333333
2026-01-24 11:50:24,100.0,100.0,5.8354736111111105
2026-01-24 11:50:39,100.0,100.0,5.834142013888888
2026-01-24 11:50:54,100.0,100.0,5.832810416666666
2026-01-24 11:51:09,100.0,100.0,5.831478819444444
2026-01-24 11:51:24,100.0,100.0,5.830147222222221
2026-01-24 11:51:39,100.0,100.0,5.828815624999999
2026-01-24 11:51:54,100.0,100.0,5.827484027777777
2026-01-24 11:52:09,100.0,100.0,5.826152430555554
2026-01-24 11:52:24,100.0,100.0,5.824820833333333
2026-01-24 11:52:39,100.0,100.0,5.823489236111111
2026-01-24 11:52:54,100.0,100.0,5.822157638888888
2026-01-24 11:53:09,100.0,100.0,5.820826041666666
2026-01-24 11:53:24,100.0,100.0,5.819494444444444
2026-01-24 11:53:39,100.0,100.0,5.818162847222221
2026-01-24 11:53:54,100.0,100.0,5.816831249999999
2026-01-24 11:54:09,100.0,100.0,5.815499652777777
2026-01-24 11:54:24,100.0,100.0,5.814168055555555
2026-01-24 11:54:39,100.0,100.0,5.812836458333333
2026-01-24 11:54:54,100.0,100.0,5.811504861111111
2026-01-24 11:55:09,100.0,100.0,5.810173263888888
2026-01-24 11:55:24,100.0,100.0,5.808841666666666
2026-01-24 11:55:39,100.0,100.0,5.807510069444444
2026-01-24 11:55:54,100.0,100.0,5.806178472222221
2026-01-24 11:56:09,100.0,100.0,5.804846874999999
2026-01-24 11:56:24,100.0,100.0,5.803515277777777
2026-01-24 11:56:39,100.0,100.0,5.8021836805555544
2026-01-24 11:56:54,100.0,100.0,5.800852083333332
2026-01-24 11:57:09,100.0,100.0,5.799520486111111
2026-01-24 11:57:24,100.0,100.0,5.798188888888888
2026-01-24 11:57:39,100.0,100.0,5.796857291666666
2026-01-24 11:57:54,100.0,100.0,5.795525694444444
2026-01-24 11:58:09,100.0,100.0,5.7941940972222215
2026-01-24 11:58:24,100.0,100.0,5.792862499999999
2026-01-24 11:58:39,100.0,100.0,5.791530902777777
2026-01-24 11:58:54,100.0,100.0,5.7901993055555545
2026-01-24 11:59:09,100.0,100.0,5.788867708333332
2026-01-24 11:59:24,100.0,100.0,5.787536111111111
2026-01-24 11:59:39,100.0,100.0,5.7862045138888885
2026-01-24 11:59:54,100.0,100.0,5.784872916666666
2026-01-24 12:00:09,100.0,100.0,5.785212196180555
2026-01-24 12:00:24,100.0,100.0,5.7866653935185175
2026-01-24 12:00:39,100.0,100.0,5.788118590856481
2026-01-24 12:00:54,100.0,100.0,5.7895717881944435
2026-01-24 12:01:09,100.0,100.0,5.791024985532407
2026-01-24 12:01:24,100.0,100.0,5.7924781828703695
2026-01-24 12:01:39,100.0,100.0,5.793931380208333
2026-01-24 12:01:54,100.0,100.0,5.7953845775462955
2026-01-24 12:02:09,100.0,100.0,5.796837774884258
2026-01-24 12:02:24,100.0,100.0,5.798290972222222
2026-01-24 12:02:39,100.0,100.0,5.799744169560184
2026-01-24 12:02:54,100.0,100.0,5.801197366898148
2026-01-24 12:03:09,100.0,100.0,5.80265056423611
2026-01-24 12:03:24,100.0,100.0,5.804103761574074
2026-01-24 12:03:39,100.0,100.0,5.805556958912036
2026-01-24 12:03:54,100.0,100.0,5.80701015625
2026-01-24 12:04:09,100.0,100.0,5.808463353587962
2026-01-24 12:04:24,100.0,100.0,5.809916550925926
2026-01-24 12:04:39,100.0,100.0,5.811369748263888
2026-01-24 12:04:54,100.0,100.0,5.812822945601851
2026-01-24 12:05:09,100.0,100.0,5.814276142939814
2026-01-24 12:05:24,100.0,100.0,5.815729340277777
2026-01-24 12:05:39,100.0,100.0,5.81718253761574
2026-01-24 12:05:54,100.0,100.0,5.818635734953703
2026-01-24 12:06:09,100.0,100.0,5.820088932291666
2026-01-24 12:06:24,100.0,100.0,5.821542129629629
2026-01-24 12:06:39,100.0,100.0,5.822995326967592
2026-01-24 12:06:54,100.0,100.0,5.824448524305555
2026-01-24 12:07:09,100.0,100.0,5.825901721643518
2026-01-24 12:07:24,100.0,100.0,5.827354918981481
2026-01-24 12:07:39,100.0,100.0,5.828808116319443
2026-01-24 12:07:54,100.0,100.0,5.830261313657407
2026-01-24 12:08:09,100.0,100.0,5.831714510995369
2026-01-24 12:08:24,100.0,100.0,5.833167708333333
2026-01-24 12:08:39,100.0,100.0,5.834620905671295
2026-01-24 12:08:54,100.0,100.0,5.836074103009259
2026-01-24 12:09:09,100.0,100.0,5.8375273003472214
2026-01-24 12:09:24,100.0,100.0,5.838980497685185
2026-01-24 12:09:39,100.0,100.0,5.8404336950231475
2026-01-24 12:09:54,100.0,100.0,5.84188689236111
2026-01-24 12:10:09,100.0,100.0,5.8433400896990735
2026-01-24 12:10:24,100.0,100.0,5.844793287037036
2026-01-24 12:10:39,100.0,100.0,5.8462464843749995
2026-01-24 12:10:54,100.0,100.0,5.847699681712962
2026-01-24 12:11:09,100.0,100.0,5.8491528790509255
2026-01-24 12:11:24,100.0,100.0,5.850606076388888
2026-01-24 12:11:39,100.0,100.0,5.8520592737268515
2026-01-24 12:11:54,100.0,100.0,5.853512471064814
2026-01-24 12:12:09,100.0,100.0,5.8549656684027775
2026-01-24 12:12:24,100.0,100.0,5.85641886574074
2026-01-24 12:12:39,100.0,100.0,5.857872063078703
2026-01-24 12:12:54,100.0,100.0,5.859325260416666
2026-01-24 12:13:09,100.0,100.0,5.860778457754629
2026-01-24 12:13:24,100.0,100.0,5.862231655092592
2026-01-24 12:13:39,100.0,100.0,5.863684852430555
2026-01-24 12:13:54,100.0,100.0,5.865138049768518
2026-01-24 12:14:09,100.0,100.0,5.866591247106481
2026-01-24 12:14:24,100.0,100.0,5.868044444444444
2026-01-24 12:14:39,100.0,100.0,5.869497641782407
2026-01-24 12:14:54,100.0,100.0,5.87095083912037
2026-01-24 12:15:09,100.0,100.0,5.872404036458333
2026-01-24 12:15:24,100.0,100.0,5.873857233796295
2026-01-24 12:15:39,100.0,100.0,5.875310431134259
2026-01-24 12:15:54,100.0,100.0,5.876763628472221
2026-01-24 12:16:09,100.0,100.0,5.878216825810185
2026-01-24 12:16:24,100.0,100.0,5.879670023148147
2026-01-24 12:16:39,100.0,100.0,5.881123220486111
2026-01-24 12:16:54,100.0,100.0,5.882576417824073
2026-01-24 12:17:09,100.0,100.0,5.884029615162037
2026-01-24 12:17:24,100.0,100.0,5.885482812499999
2026-01-24 12:17:39,100.0,100.0,5.886936009837963
2026-01-24 12:17:54,100.0,100.0,5.888389207175925
2026-01-24 12:18:09,100.0,100.0,5.889842404513888
2026-01-24 12:18:24,100.0,100.0,5.891295601851851
2026-01-24 12:18:39,100.0,100.0,5.892748799189814
2026-01-24 12:18:54,100.0,100.0,5.894201996527777
2026-01-24 12:19:09,100.0,100.0,5.89565519386574
2026-01-24 12:19:24,100.0,100.0,5.8971083912037034
2026-01-24 12:19:39,100.0,100.0,5.898561588541666
2026-01-24 12:19:54,100.0,100.0,5.9000147858796295
2026-01-24 12:20:09,100.0,100.0,5.901467983217592
2026-01-24 12:20:24,100.0,100.0,5.902921180555555
2026-01-24 12:20:39,100.0,100.0,5.904374377893518
2026-01-24 12:20:54,100.0,100.0,5.905827575231481
2026-01-24 12:21:09,100.0,100.0,5.907280772569444
2026-01-24 12:21:24,100.0,100.0,5.908733969907407
2026-01-24 12:21:39,100.0,100.0,5.91018716724537
2026-01-24 12:21:54,100.0,100.0,5.911640364583333
2026-01-24 12:22:09,100.0,100.0,5.913093561921296
2026-01-24 12:22:24,100.0,100.0,5.914546759259259
2026-01-24 12:22:39,100.0,100.0,5.915999956597222
2026-01-24 12:22:54,100.0,100.0,5.917453153935185
2026-01-24 12:23:09,100.0,100.0,5.918906351273147
2026-01-24 12:23:24,100.0,100.0,5.920359548611111
2026-01-24 12:23:39,100.0,100.0,5.921812745949073
2026-01-24 12:23:54,100.0,100.0,5.923265943287037
2026-01-24 12:24:09,100.0,100.0,5.924719140624999
2026-01-24 12:24:24,100.0,100.0,5.926172337962963
2026-01-24 12:24:39,100.0,100.0,5.927625535300925
2026-01-24 12:24:54,100.0,100.0,5.929078732638889
2026-01-24 12:25:09,100.0,100.0,5.930531929976851
2026-01-24 12:25:24,100.0,100.0,5.931985127314815
2026-01-24 12:25:39,100.0,100.0,5.933438324652777
2026-01-24 12:25:54,100.0,100.0,5.93489152199074
2026-01-24 12:26:09,100.0,100.0,5.936344719328703
2026-01-24 12:26:24,100.0,100.0,5.937797916666666
2026-01-24 12:26:39,100.0,100.0,5.939251114004629
2026-01-24 12:26:54,100.0,100.0,5.940704311342592
2026-01-24 12:27:09,100.0,100.0,5.942157508680555
2026-01-24 12:27:24,100.0,100.0,5.943610706018518
2026-01-24 12:27:39,100.0,100.0,5.945063903356481
2026-01-24 12:27:54,100.0,100.0,5.946517100694444
2026-01-24 12:28:09,100.0,100.0,5.947970298032407
2026-01-24 12:28:24,100.0,100.0,5.94942349537037
2026-01-24 12:28:39,100.0,100.0,5.9508766927083325
2026-01-24 12:28:54,100.0,100.0,5.952329890046296
2026-01-24 12:29:09,100.0,100.0,5.9537830873842585
2026-01-24 12:29:24,100.0,100.0,5.955236284722222
2026-01-24 12:29:39,100.0,100.0,5.956689482060185
2026-01-24 12:29:54,100.0,100.0,5.958142679398148
2026-01-24 12:30:09,100.0,100.0,5.959595876736111
2026-01-24 12:30:24,100.0,100.0,5.961049074074074
2026-01-24 12:30:39,100.0,100.0,5.962502271412037
2026-01-24 12:30:54,100.0,100.0,5.963955468749999
2026-01-24 12:31:09,100.0,100.0,5.965408666087963
2026-01-24 12:31:24,100.0,100.0,5.966861863425925
2026-01-24 12:31:39,100.0,100.0,5.968315060763889
2026-01-24 12:31:54,100.0,100.0,5.969768258101851
2026-01-24 12:32:09,100.0,100.0,5.971221455439815
2026-01-24 12:32:24,100.0,100.0,5.972674652777777
2026-01-24 12:32:39,100.0,100.0,5.974127850115741
2026-01-24 12:32:54,100.0,100.0,5.975581047453703
2026-01-24 12:33:09,100.0,100.0,5.977034244791667
2026-01-24 12:33:24,100.0,100.0,5.978487442129629
2026-01-24 12:33:39,100.0,100.0,5.979940639467592
2026-01-24 12:33:54,100.0,100.0,5.981393836805555
2026-01-24 12:34:09,100.0,100.0,5.982847034143518
2026-01-24 12:34:24,100.0,100.0,5.984300231481481
2026-01-24 12:34:39,100.0,100.0,5.985753428819444
2026-01-24 12:34:54,100.0,100.0,5.987206626157407
2026-01-24 12:35:09,100.0,100.0,5.98865982349537
2026-01-24 12:35:24,100.0,100.0,5.990113020833333
2026-01-24 12:35:39,100.0,100.0,5.991566218171296
2026-01-24 12:35:54,100.0,100.0,5.993019415509259
2026-01-24 12:36:09,100.0,100.0,5.994472612847222
2026-01-24 12:36:24,100.0,100.0,5.9959258101851844
2026-01-24 12:36:39,100.0,100.0,5.997379007523148
2026-01-24 12:36:54,100.0,100.0,5.9988322048611105
2026-01-24 12:37:09,100.0,100.0,6.000285402199074
2026-01-24 12:37:24,100.0,100.0,6.0017385995370365
2026-01-24 12:37:39,100.0,100.0,6.003191796875
2026-01-24 12:37:54,100.0,100.0,6.0046449942129625
2026-01-24 12:38:09,100.0,100.0,6.006098191550926
2026-01-24 12:38:24,100.0,100.0,6.0075513888888885
2026-01-24 12:38:39,100.0,100.0,6.009004586226851
2026-01-24 12:38:54,100.0,100.0,6.0104577835648145
2026-01-24 12:39:09,100.0,100.0,6.011910980902777
2026-01-24 12:39:24,100.0,100.0,6.0133641782407405
2026-01-24 12:39:39,100.0,100.0,6.014817375578703
2026-01-24 12:39:54,100.0,100.0,6.016270572916667
2026-01-24 12:40:09,100.0,100.0,6.017723770254629
2026-01-24 12:40:24,100.0,100.0,6.019176967592593
2026-01-24 12:40:39,100.0,100.0,6.020630164930555
2026-01-24 12:40:54,100.0,100.0,6.022083362268519
2026-01-24 12:41:09,100.0,100.0,6.023536559606481
2026-01-24 12:41:24,100.0,100.0,6.024989756944444
2026-01-24 12:41:39,100.0,100.0,6.026442954282407
2026-01-24 12:41:54,100.0,100.0,6.02789615162037
2026-01-24 12:42:09,100.0,100.0,6.029349348958333
2026-01-24 12:42:24,100.0,100.0,6.030802546296296
2026-01-24 12:42:39,100.0,100.0,6.032255743634259
2026-01-24 12:42:54,100.0,100.0,6.033708940972222
2026-01-24 12:43:09,100.0,100.0,6.035162138310185
2026-01-24 12:43:24,100.0,100.0,6.036615335648148
2026-01-24 12:43:39,100.0,100.0,6.038068532986111
2026-01-24 12:43:54,100.0,100.0,6.039521730324074
2026-01-24 12:44:09,100.0,100.0,6.040974927662036
2026-01-24 12:44:24,100.0,100.0,6.042428125
2026-01-24 12:44:39,100.0,100.0,6.043881322337962
2026-01-24 12:44:54,100.0,100.0,6.045334519675926
2026-01-24 12:45:09,100.0,100.0,6.046787717013888
2026-01-24 12:45:24,100.0,100.0,6.048240914351852
2026-01-24 12:45:39,100.0,100.0,6.049694111689814
2026-01-24 12:45:54,100.0,100.0,6.051147309027778
2026-01-24 12:46:09,100.0,100.0,6.05260050636574
2026-01-24 12:46:24,100.0,100.0,6.054053703703703
2026-01-24 12:46:39,100.0,100.0,6.0555069010416664
2026-01-24 12:46:54,100.0,100.0,6.056960098379629
2026-01-24 12:47:09,100.0,100.0,6.0584132957175925
2026-01-24 12:47:24,100.0,100.0,6.059866493055555
2026-01-24 12:47:39,100.0,100.0,6.0613196903935185
2026-01-24 12:47:54,100.0,100.0,6.062772887731481
2026-01-24 12:48:09,100.0,100.0,6.0642260850694445
2026-01-24 12:48:24,100.0,100.0,6.065679282407407
2026-01-24 12:48:39,100.0,100.0,6.0671324797453705
2026-01-24 12:48:54,100.0,100.0,6.068585677083333
2026-01-24 12:49:09,100.0,100.0,6.0700388744212965
2026-01-24 12:49:24,100.0,100.0,6.071492071759259
2026-01-24 12:49:39,100.0,100.0,6.072945269097222
2026-01-24 12:49:54,100.0,100.0,6.074398466435185
2026-01-24 12:50:09,100.0,100.0,6.075851663773148
2026-01-24 12:50:24,100.0,100.0,6.077304861111111
2026-01-24 12:50:39,100.0,100.0,6.078758058449074
2026-01-24 12:50:54,100.0,100.0,6.080211255787037
2026-01-24 12:51:09,100.0,100.0,6.081664453125
2026-01-24 12:51:24,100.0,100.0,6.083117650462963
2026-01-24 12:51:39,100.0,100.0,6.084570847800926
2026-01-24 12:51:54,100.0,100.0,6.086024045138888
2026-01-24 12:52:09,100.0,100.0,6.087477242476852
2026-01-24 12:52:24,100.0,100.0,6.088930439814814
2026-01-24 12:52:39,100.0,100.0,6.090383637152778
2026-01-24 12:52:54,100.0,100.0,6.09183683449074
2026-01-24 12:53:09,100.0,100.0,6.093290031828704
2026-01-24 12:53:24,100.0,100.0,6.094743229166666
2026-01-24 12:53:39,100.0,100.0,6.09619642650463
2026-01-24 12:53:54,100.0,100.0,6.097649623842592
2026-01-24 12:54:09,100.0,100.0,6.099102821180555
2026-01-24 12:54:24,100.0,100.0,6.100556018518518
2026-01-24 12:54:39,100.0,100.0,6.102009215856481
2026-01-24 12:54:54,100.0,100.0,6.103462413194444
2026-01-24 12:55:09,100.0,100.0,6.104915610532407
2026-01-24 12:55:24,100.0,100.0,6.10636880787037
2026-01-24 12:55:39,100.0,100.0,6.107822005208333
2026-01-24 12:55:54,100.0,100.0,6.109275202546296
2026-01-24 12:56:09,100.0,100.0,6.110728399884259
2026-01-24 12:56:24,100.0,100.0,6.112181597222222
2026-01-24 12:56:39,100.0,100.0,6.113634794560185
2026-01-24 12:56:54,100.0,100.0,6.1150879918981484
2026-01-24 12:57:09,100.0,100.0,6.116541189236111
2026-01-24 12:57:24,100.0,100.0,6.117994386574074
2026-01-24 12:57:39,100.0,100.0,6.119447583912037
2026-01-24 12:57:54,100.0,100.0,6.12090078125
2026-01-24 12:58:09,100.0,100.0,6.122353978587963
2026-01-24 12:58:24,100.0,100.0,6.123807175925926
2026-01-24 12:58:39,100.0,100.0,6.125260373263889
2026-01-24 12:58:54,100.0,100.0,6.126713570601852
2026-01-24 12:59:09,100.0,100.0,6.128166767939815
2026-01-24 12:59:24,100.0,100.0,6.129619965277778
2026-01-24 12:59:39,100.0,100.0,6.13107316261574
2026-01-24 12:59:54,100.0,100.0,6.132526359953704
2026-01-24 13:00:09,100.0,100.0,6.133979557291666
2026-01-24 13:00:24,100.0,100.0,6.13543275462963
2026-01-24 13:00:39,100.0,100.0,6.136885951967592
2026-01-24 13:00:54,100.0,100.0,6.138339149305556
2026-01-24 13:01:09,100.0,100.0,6.139792346643518
2026-01-24 13:01:24,100.0,100.0,6.141245543981482
2026-01-24 13:01:39,100.0,100.0,6.142698741319444
2026-01-24 13:01:54,100.0,100.0,6.144151938657408
2026-01-24 13:02:09,100.0,100.0,6.14560513599537
2026-01-24 13:02:24,100.0,100.0,6.147058333333333
2026-01-24 13:02:39,100.0,100.0,6.148511530671296
2026-01-24 13:02:54,100.0,100.0,6.149964728009259
2026-01-24 13:03:09,100.0,100.0,6.151417925347222
2026-01-24 13:03:24,100.0,100.0,6.152871122685185
2026-01-24 13:03:39,100.0,100.0,6.154324320023148
2026-01-24 13:03:54,100.0,100.0,6.155777517361111
2026-01-24 13:04:09,100.0,100.0,6.157230714699074
2026-01-24 13:04:24,100.0,100.0,6.158683912037037
2026-01-24 13:04:39,100.0,100.0,6.160137109375
2026-01-24 13:04:54,100.0,100.0,6.161590306712963
2026-01-24 13:05:09,100.0,100.0,6.1630435040509255
2026-01-24 13:05:24,100.0,100.0,6.164496701388889
2026-01-24 13:05:39,100.0,100.0,6.1659498987268515
2026-01-24 13:05:54,100.0,100.0,6.167403096064815
2026-01-24 13:06:09,100.0,100.0,6.1688562934027775
2026-01-24 13:06:24,100.0,100.0,6.170309490740741
2026-01-24 13:06:39,100.0,100.0,6.1717626880787035
2026-01-24 13:06:54,100.0,100.0,6.173215885416667
2026-01-24 13:07:09,100.0,100.0,6.17466908275463
2026-01-24 13:07:24,100.0,100.0,6.176122280092592
2026-01-24 13:07:39,100.0,100.0,6.177575477430556
2026-01-24 13:07:54,100.0,100.0,6.179028674768518
2026-01-24 13:08:09,100.0,100.0,6.180481872106482
2026-01-24 13:08:24,100.0,100.0,6.181935069444444
2026-01-24 13:08:39,100.0,100.0,6.183388266782408
2026-01-24 13:08:54,100.0,100.0,6.18484146412037
2026-01-24 13:09:09,100.0,100.0,6.186294661458334
2026-01-24 13:09:24,100.0,100.0,6.187747858796296
2026-01-24 13:09:39,100.0,100.0,6.18920105613426
2026-01-24 13:09:54,100.0,100.0,6.190654253472222
2026-01-24 13:10:09,100.0,100.0,6.192107450810185
2026-01-24 13:10:24,100.0,100.0,6.193560648148148
2026-01-24 13:10:39,100.0,100.0,6.195013845486111
2026-01-24 13:10:54,100.0,100.0,6.196467042824074
2026-01-24 13:11:09,100.0,100.0,6.197920240162037
2026-01-24 13:11:24,100.0,100.0,6.1993734375
2026-01-24 13:11:39,100.0,100.0,6.200826634837963
2026-01-24 13:11:54,100.0,100.0,6.202279832175926
2026-01-24 13:12:09,100.0,100.0,6.203733029513889
2026-01-24 13:12:24,100.0,100.0,6.205186226851852
2026-01-24 13:12:39,100.0,100.0,6.206639424189815
2026-01-24 13:12:54,100.0,100.0,6.208092621527777
2026-01-24 13:13:09,100.0,100.0,6.209545818865741
2026-01-24 13:13:24,100.0,100.0,6.210999016203703
2026-01-24 13:13:39,100.0,100.0,6.212452213541667
2026-01-24 13:13:54,100.0,100.0,6.213905410879629
2026-01-24 13:14:09,100.0,100.0,6.215358608217593
2026-01-24 13:14:24,100.0,100.0,6.2168118055555555
2026-01-24 13:14:39,100.0,100.0,6.218265002893519
2026-01-24 13:14:54,100.0,100.0,6.2197182002314815
2026-01-24 13:15:09,100.0,100.0,6.221171397569444
2026-01-24 13:15:24,100.0,100.0,6.2226245949074075
2026-01-24 13:15:39,100.0,100.0,6.22407779224537
2026-01-24 13:15:54,100.0,100.0,6.2255309895833335
2026-01-24 13:16:09,100.0,100.0,6.226984186921296
2026-01-24 13:16:24,100.0,100.0,6.2284373842592595
2026-01-24 13:16:39,100.0,100.0,6.229890581597222
2026-01-24 13:16:54,100.0,100.0,6.2313437789351855
2026-01-24 13:17:09,100.0,100.0,6.232796976273148
2026-01-24 13:17:24,100.0,100.0,6.234250173611112
2026-01-24 13:17:39,100.0,100.0,6.235703370949074
2026-01-24 13:17:54,100.0,100.0,6.237156568287038
2026-01-24 13:18:09,100.0,100.0,6.238609765625
2026-01-24 13:18:24,100.0,100.0,6.240062962962963
2026-01-24 13:18:39,100.0,100.0,6.241516160300926
2026-01-24 13:18:54,100.0,100.0,6.242969357638889
2026-01-24 13:19:09,100.0,100.0,6.244422554976852
2026-01-24 13:19:24,100.0,100.0,6.245875752314815
2026-01-24 13:19:39,100.0,100.0,6.247328949652778
2026-01-24 13:19:54,100.0,100.0,6.248782146990741
2026-01-24 13:20:09,100.0,100.0,6.250235344328704
2026-01-24 13:20:24,100.0,100.0,6.251688541666667
2026-01-24 13:20:39,100.0,100.0,6.253141739004629
2026-01-24 13:20:54,100.0,100.0,6.254594936342593
2026-01-24 13:21:09,100.0,100.0,6.256048133680555
2026-01-24 13:21:24,100.0,100.0,6.257501331018519
2026-01-24 13:21:39,100.0,100.0,6.258954528356481
2026-01-24 13:21:54,100.0,100.0,6.260407725694445
2026-01-24 13:22:09,100.0,100.0,6.261860923032407
2026-01-24 13:22:24,100.0,100.0,6.263314120370371
2026-01-24 13:22:39,100.0,100.0,6.264767317708333
2026-01-24 13:22:54,100.0,100.0,6.266220515046296
2026-01-24 13:23:09,100.0,100.0,6.267673712384259
2026-01-24 13:23:24,100.0,100.0,6.269126909722222
2026-01-24 13:23:39,100.0,100.0,6.270580107060185
2026-01-24 13:23:54,100.0,100.0,6.272033304398148
2026-01-24 13:24:09,100.0,100.0,6.273486501736111
2026-01-24 13:24:24,100.0,100.0,6.274939699074074
2026-01-24 13:24:39,100.0,100.0,6.2763928964120375
2026-01-24 13:24:54,100.0,100.0,6.27784609375
2026-01-24 13:25:09,100.0,100.0,6.2792992910879635
2026-01-24 13:25:24,100.0,100.0,6.280752488425926
2026-01-24 13:25:39,100.0,100.0,6.2822056857638895
2026-01-24 13:25:54,100.0,100.0,6.283658883101852
2026-01-24 13:26:09,100.0,100.0,6.285112080439815
2026-01-24 13:26:24,100.0,100.0,6.286565277777778
2026-01-24 13:26:39,100.0,100.0,6.288018475115741
2026-01-24 13:26:54,100.0,100.0,6.289471672453704
2026-01-24 13:27:09,100.0,100.0,6.290924869791667
2026-01-24 13:27:24,100.0,100.0,6.29237806712963
2026-01-24 13:27:39,100.0,100.0,6.293831264467593
2026-01-24 13:27:54,100.0,100.0,6.295284461805556
2026-01-24 13:28:09,100.0,100.0,6.296737659143519
2026-01-24 13:28:24,100.0,100.0,6.298190856481481
2026-01-24 13:28:39,100.0,100.0,6.299644053819445
2026-01-24 13:28:54,100.0,100.0,6.301097251157407
2026-01-24 13:29:09,100.0,100.0,6.302550448495371
2026-01-24 13:29:24,100.0,100.0,6.304003645833333
2026-01-24 13:29:39,100.0,100.0,6.305456843171297
2026-01-24 13:29:54,100.0,100.0,6.306910040509259
2026-01-24 13:30:09,100.0,100.0,6.308363237847223
2026-01-24 13:30:24,100.0,100.0,6.309816435185185
2026-01-24 13:30:39,100.0,100.0,6.311269632523148
2026-01-24 13:30:54,100.0,100.0,6.312722829861111
2026-01-24 13:31:09,100.0,100.0,6.314176027199074
2026-01-24 13:31:24,100.0,100.0,6.315629224537037
2026-01-24 13:31:39,100.0,100.0,6.317082421875
2026-01-24 13:31:54,100.0,100.0,6.318535619212963
2026-01-24 13:32:09,100.0,100.0,6.319988816550926
2026-01-24 13:32:24,100.0,100.0,6.321442013888889
2026-01-24 13:32:39,100.0,100.0,6.322895211226852
2026-01-24 13:32:54,100.0,100.0,6.324348408564815
2026-01-24 13:33:09,100.0,100.0,6.325801605902778
2026-01-24 13:33:24,100.0,100.0,6.327254803240741
2026-01-24 13:33:39,100.0,100.0,6.328708000578704
2026-01-24 13:33:54,100.0,100.0,6.3301611979166665
2026-01-24 13:34:09,100.0,100.0,6.33161439525463
2026-01-24 13:34:24,100.0,100.0,6.3330675925925926
2026-01-24 13:34:39,100.0,100.0,6.334520789930556
2026-01-24 13:34:54,100.0,100.0,6.335973987268519
2026-01-24 13:35:09,100.0,100.0,6.337427184606482
2026-01-24 13:35:24,100.0,100.0,6.338880381944445
2026-01-24 13:35:39,100.0,100.0,6.340333579282408
2026-01-24 13:35:54,100.0,100.0,6.341786776620371
2026-01-24 13:36:09,100.0,100.0,6.343239973958333
2026-01-24 13:36:24,100.0,100.0,6.344693171296297
2026-01-24 13:36:39,100.0,100.0,6.346146368634259
2026-01-24 13:36:54,100.0,100.0,6.347599565972223
2026-01-24 13:37:09,100.0,100.0,6.349052763310185
2026-01-24 13:37:24,100.0,100.0,6.350505960648149
2026-01-24 13:37:39,100.0,100.0,6.351959157986111
2026-01-24 13:37:54,100.0,100.0,6.353412355324075
2026-01-24 13:38:09,100.0,100.0,6.354865552662037
2026-01-24 13:38:24,100.0,100.0,6.35631875
2026-01-24 13:38:39,100.0,100.0,6.357771947337963
2026-01-24 13:38:54,100.0,100.0,6.359225144675927
2026-01-24 13:39:09,100.0,100.0,6.360678342013889
2026-01-24 13:39:24,100.0,100.0,6.362131539351852
2026-01-24 13:39:39,100.0,100.0,6.363584736689815
2026-01-24 13:39:54,100.0,100.0,6.365037934027778
2026-01-24 13:40:09,100.0,100.0,6.366491131365741
2026-01-24 13:40:24,100.0,100.0,6.367944328703704
2026-01-24 13:40:39,100.0,100.0,6.369397526041667
2026-01-24 13:40:54,100.0,100.0,6.37085072337963
2026-01-24 13:41:09,100.0,100.0,6.372303920717593
2026-01-24 13:41:24,100.0,100.0,6.373757118055556
2026-01-24 13:41:39,100.0,100.0,6.3752103153935185
2026-01-24 13:41:54,100.0,100.0,6.376663512731482
2026-01-24 13:42:09,100.0,100.0,6.3781167100694445
2026-01-24 13:42:24,100.0,100.0,6.379569907407408
2026-01-24 13:42:39,100.0,100.0,6.3810231047453705
2026-01-24 13:42:54,100.0,100.0,6.382476302083334
2026-01-24 13:43:09,100.0,100.0,6.3839294994212965
2026-01-24 13:43:24,100.0,100.0,6.38538269675926
2026-01-24 13:43:39,100.0,100.0,6.3868358940972225
2026-01-24 13:43:54,100.0,100.0,6.388289091435185
2026-01-24 13:44:09,100.0,100.0,6.3897422887731485
2026-01-24 13:44:24,100.0,100.0,6.391195486111111
2026-01-24 13:44:39,100.0,100.0,6.3926486834490746
2026-01-24 13:44:54,100.0,100.0,6.394101880787037
2026-01-24 13:45:09,100.0,100.0,6.395555078125001
2026-01-24 13:45:24,100.0,100.0,6.397008275462963
2026-01-24 13:45:39,100.0,100.0,6.398461472800927
2026-01-24 13:45:54,100.0,100.0,6.399914670138889
2026-01-24 13:46:09,100.0,100.0,6.401367867476852
2026-01-24 13:46:24,100.0,100.0,6.402821064814815
2026-01-24 13:46:39,100.0,100.0,6.404274262152779
2026-01-24 13:46:54,100.0,100.0,6.405727459490741
2026-01-24 13:47:09,100.0,100.0,6.407180656828704
2026-01-24 13:47:24,100.0,100.0,6.408633854166667
2026-01-24 13:47:39,100.0,100.0,6.41008705150463
2026-01-24 13:47:54,100.0,100.0,6.411540248842593
2026-01-24 13:48:09,100.0,100.0,6.412993446180556
2026-01-24 13:48:24,100.0,100.0,6.414446643518519
2026-01-24 13:48:39,100.0,100.0,6.415899840856482
2026-01-24 13:48:54,100.0,100.0,6.417353038194445
2026-01-24 13:49:09,100.0,100.0,6.418806235532408
2026-01-24 13:49:24,100.0,100.0,6.42025943287037
2026-01-24 13:49:39,100.0,100.0,6.421712630208334
2026-01-24 13:49:54,100.0,100.0,6.423165827546296
2026-01-24 13:50:09,100.0,100.0,6.42461902488426
2026-01-24 13:50:24,100.0,100.0,6.426072222222222
2026-01-24 13:50:39,100.0,100.0,6.427525419560186
2026-01-24 13:50:54,100.0,100.0,6.428978616898148
2026-01-24 13:51:09,100.0,100.0,6.430431814236112
2026-01-24 13:51:24,100.0,100.0,6.431885011574074
2026-01-24 13:51:39,100.0,100.0,6.433338208912037
2026-01-24 13:51:54,100.0,100.0,6.4347914062500005
2026-01-24 13:52:09,100.0,100.0,6.436244603587963
2026-01-24 13:52:24,100.0,100.0,6.4376978009259265
2026-01-24 13:52:39,100.0,100.0,6.439150998263889
2026-01-24 13:52:54,100.0,100.0,6.4406041956018525
2026-01-24 13:53:09,100.0,100.0,6.442057392939815
2026-01-24 13:53:24,100.0,100.0,6.4435105902777785
2026-01-24 13:53:39,100.0,100.0,6.444963787615741
2026-01-24 13:53:54,100.0,100.0,6.4464169849537045
2026-01-24 13:54:09,100.0,100.0,6.447870182291667
2026-01-24 13:54:24,100.0,100.0,6.4493233796296305
2026-01-24 13:54:39,100.0,100.0,6.450776576967593
2026-01-24 13:54:54,100.0,100.0,6.452229774305556
2026-01-24 13:55:09,100.0,100.0,6.453682971643519
2026-01-24 13:55:24,100.0,100.0,6.455136168981482
2026-01-24 13:55:39,100.0,100.0,6.456589366319445
2026-01-24 13:55:54,100.0,100.0,6.458042563657408
2026-01-24 13:56:09,100.0,100.0,6.459495760995371
2026-01-24 13:56:24,100.0,100.0,6.460948958333334
2026-01-24 13:56:39,100.0,100.0,6.462402155671297
2026-01-24 13:56:54,100.0,100.0,6.46385535300926
2026-01-24 13:57:09,100.0,100.0,6.465308550347222
2026-01-24 13:57:24,100.0,100.0,6.466761747685186
2026-01-24 13:57:39,100.0,100.0,6.468214945023148
2026-01-24 13:57:54,100.0,100.0,6.469668142361112
2026-01-24 13:58:09,100.0,100.0,6.471121339699074
2026-01-24 13:58:24,100.0,100.0,6.472574537037038
2026-01-24 13:58:39,100.0,100.0,6.474027734375
2026-01-24 13:58:54,100.0,100.0,6.475480931712964
2026-01-24 13:59:09,100.0,100.0,6.476934129050926
2026-01-24 13:59:24,100.0,100.0,6.478387326388889
2026-01-24 13:59:39,100.0,100.0,6.479840523726852
2026-01-24 13:59:54,100.0,100.0,6.481293721064815
2026-01-24 14:00:09,100.0,100.0,6.480171006944445
2026-01-24 14:00:24,100.0,100.0,6.477331018518519
2026-01-24 14:00:39,100.0,100.0,6.474491030092593
2026-01-24 14:00:54,100.0,100.0,6.471651041666667
2026-01-24 14:01:09,100.0,100.0,6.468811053240741
2026-01-24 14:01:24,100.0,100.0,6.465971064814815
2026-01-24 14:01:39,100.0,100.0,6.46313107638889
2026-01-24 14:01:54,100.0,100.0,6.460291087962964
2026-01-24 14:02:09,100.0,100.0,6.457451099537037
2026-01-24 14:02:24,100.0,100.0,6.454611111111111
2026-01-24 14:02:39,100.0,100.0,6.4517711226851855
2026-01-24 14:02:54,100.0,100.0,6.44893113425926
2026-01-24 14:03:09,100.0,100.0,6.446091145833334
2026-01-24 14:03:24,100.0,100.0,6.443251157407408
2026-01-24 14:03:39,100.0,100.0,6.440411168981482
2026-01-24 14:03:54,100.0,100.0,6.437571180555556
2026-01-24 14:04:09,100.0,100.0,6.43473119212963
2026-01-24 14:04:24,100.0,100.0,6.431891203703704
2026-01-24 14:04:39,100.0,100.0,6.429051215277778
2026-01-24 14:04:54,100.0,100.0,6.426211226851852
2026-01-24 14:05:09,100.0,100.0,6.4233712384259265
2026-01-24 14:05:24,100.0,100.0,6.420531250000001
2026-01-24 14:05:39,100.0,100.0,6.417691261574075
2026-01-24 14:05:54,100.0,100.0,6.414851273148148
2026-01-24 14:06:09,100.0,100.0,6.412011284722222
2026-01-24 14:06:24,100.0,100.0,6.409171296296297
2026-01-24 14:06:39,100.0,100.0,6.406331307870371
2026-01-24 14:06:54,100.0,100.0,6.403491319444445
2026-01-24 14:07:09,100.0,100.0,6.400651331018519
2026-01-24 14:07:24,100.0,100.0,6.397811342592593
2026-01-24 14:07:39,100.0,100.0,6.3949713541666675
2026-01-24 14:07:54,100.0,100.0,6.392131365740741
2026-01-24 14:08:09,100.0,100.0,6.389291377314815
2026-01-24 14:08:24,100.0,100.0,6.386451388888889
2026-01-24 14:08:39,100.0,100.0,6.383611400462963
2026-01-24 14:08:54,100.0,100.0,6.380771412037038
2026-01-24 14:09:09,100.0,100.0,6.377931423611112
2026-01-24 14:09:24,100.0,100.0,6.375091435185186
2026-01-24 14:09:39,100.0,100.0,6.37225144675926
2026-01-24 14:09:54,100.0,100.0,6.369411458333333
2026-01-24 14:10:09,100.0,100.0,6.366571469907408
2026-01-24 14:10:24,100.0,100.0,6.363731481481482
2026-01-24 14:10:39,100.0,100.0,6.360891493055556
2026-01-24 14:10:54,100.0,100.0,6.35805150462963
2026-01-24 14:11:09,100.0,100.0,6.355211516203704
2026-01-24 14:11:24,100.0,100.0,6.352371527777779
2026-01-24 14:11:39,100.0,100.0,6.349531539351853
2026-01-24 14:11:54,100.0,100.0,6.346691550925926
2026-01-24 14:12:09,100.0,100.0,6.3438515625
2026-01-24 14:12:24,100.0,100.0,6.3410115740740745
2026-01-24 14:12:39,100.0,100.0,6.338171585648149
2026-01-24 14:12:54,100.0,100.0,6.335331597222223
2026-01-24 14:13:09,100.0,100.0,6.332491608796297
2026-01-24 14:13:24,100.0,100.0,6.329651620370371
2026-01-24 14:13:39,100.0,100.0,6.3268116319444445
2026-01-24 14:13:54,100.0,100.0,6.323971643518519
2026-01-24 14:14:09,100.0,100.0,6.321131655092593
2026-01-24 14:14:24,100.0,100.0,6.318291666666667
2026-01-24 14:14:39,100.0,100.0,6.315451678240741
2026-01-24 14:14:54,100.0,100.0,6.3126116898148155
2026-01-24 14:15:09,100.0,100.0,6.30977170138889
2026-01-24 14:15:24,100.0,100.0,6.306931712962964
2026-01-24 14:15:39,100.0,100.0,6.304091724537037
2026-01-24 14:15:54,100.0,100.0,6.301251736111111
2026-01-24 14:16:09,100.0,100.0,6.2984117476851855
2026-01-24 14:16:24,100.0,100.0,6.29557175925926
2026-01-24 14:16:39,100.0,100.0,6.292731770833334
2026-01-24 14:16:54,100.0,100.0,6.289891782407408
2026-01-24 14:17:09,100.0,100.0,6.287051793981482
2026-01-24 14:17:24,100.0,100.0,6.284211805555556
2026-01-24 14:17:39,100.0,100.0,6.28137181712963
2026-01-24 14:17:54,100.0,100.0,6.278531828703704
2026-01-24 14:18:09,100.0,100.0,6.275691840277778
2026-01-24 14:18:24,100.0,100.0,6.272851851851852
2026-01-24 14:18:39,100.0,100.0,6.2700118634259265
2026-01-24 14:18:54,100.0,100.0,6.267171875000001
2026-01-24 14:19:09,100.0,100.0,6.264331886574075
2026-01-24 14:19:24,100.0,100.0,6.261491898148148
2026-01-24 14:19:39,100.0,100.0,6.258651909722222
2026-01-24 14:19:54,100.0,100.0,6.255811921296297
2026-01-24 14:20:09,100.0,100.0,6.252971932870371
2026-01-24 14:20:24,100.0,100.0,6.250131944444445
2026-01-24 14:20:39,100.0,100.0,6.247291956018519
2026-01-24 14:20:54,100.0,100.0,6.244451967592593
2026-01-24 14:21:09,100.0,100.0,6.241611979166667
2026-01-24 14:21:24,100.0,100.0,6.238771990740741
2026-01-24 14:21:39,100.0,100.0,6.235932002314815
2026-01-24 14:21:54,100.0,100.0,6.233092013888889
2026-01-24 14:22:09,100.0,100.0,6.230252025462963
2026-01-24 14:22:24,100.0,100.0,6.227412037037038
2026-01-24 14:22:39,100.0,100.0,6.224572048611112
2026-01-24 14:22:54,100.0,100.0,6.221732060185186
2026-01-24 14:23:09,100.0,100.0,6.218892071759259
2026-01-24 14:23:24,100.0,100.0,6.2160520833333335
2026-01-24 14:23:39,100.0,100.0,6.213212094907408
2026-01-24 14:23:54,100.0,100.0,6.210372106481482
2026-01-24 14:24:09,100.0,100.0,6.207532118055556
2026-01-24 14:24:24,100.0,100.0,6.20469212962963
2026-01-24 14:24:39,100.0,100.0,6.201852141203704
2026-01-24 14:24:54,100.0,100.0,6.199012152777779
2026-01-24 14:25:09,100.0,100.0,6.196172164351852
2026-01-24 14:25:24,100.0,100.0,6.193332175925926
2026-01-24 14:25:39,100.0,100.0,6.1904921875
2026-01-24 14:25:54,100.0,100.0,6.1876521990740745
2026-01-24 14:26:09,100.0,100.0,6.184812210648149
2026-01-24 14:26:24,100.0,100.0,6.181972222222223
2026-01-24 14:26:39,100.0,100.0,6.179132233796297
2026-01-24 14:26:54,100.0,100.0,6.176292245370371
2026-01-24 14:27:09,100.0,100.0,6.1734522569444445
2026-01-24 14:27:24,100.0,100.0,6.170612268518519
2026-01-24 14:27:39,100.0,100.0,6.167772280092593
2026-01-24 14:27:54,100.0,100.0,6.164932291666667
2026-01-24 14:28:09,100.0,100.0,6.162092303240741
2026-01-24 14:28:24,100.0,100.0,6.1592523148148155
2026-01-24 14:28:39,100.0,100.0,6.15641232638889
2026-01-24 14:28:54,100.0,100.0,6.153572337962963
2026-01-24 14:29:09,100.0,100.0,6.150732349537037
2026-01-24 14:29:24,100.0,100.0,6.147892361111111
2026-01-24 14:29:39,100.0,100.0,6.145052372685186
2026-01-24 14:29:54,100.0,100.0,6.14221238425926
2026-01-24 14:30:09,100.0,100.0,6.139372395833334
2026-01-24 14:30:24,100.0,100.0,6.136532407407408
2026-01-24 14:30:39,100.0,100.0,6.133692418981482
2026-01-24 14:30:54,100.0,100.0,6.130852430555556
2026-01-24 14:31:09,100.0,100.0,6.12801244212963
2026-01-24 14:31:24,100.0,100.0,6.125172453703704
2026-01-24 14:31:39,100.0,100.0,6.122332465277778
2026-01-24 14:31:54,100.0,100.0,6.119492476851852
2026-01-24 14:32:09,100.0,100.0,6.116652488425927
2026-01-24 14:32:24,100.0,100.0,6.113812500000001
2026-01-24 14:32:39,100.0,100.0,6.110972511574074
2026-01-24 14:32:54,100.0,100.0,6.108132523148148
2026-01-24 14:33:09,100.0,100.0,6.105292534722222
2026-01-24 14:33:24,100.0,100.0,6.102452546296297
2026-01-24 14:33:39,100.0,100.0,6.099612557870371
2026-01-24 14:33:54,100.0,100.0,6.096772569444445
2026-01-24 14:34:09,100.0,100.0,6.093932581018519
2026-01-24 14:34:24,100.0,100.0,6.091092592592593
2026-01-24 14:34:39,100.0,100.0,6.088252604166667
2026-01-24 14:34:54,100.0,100.0,6.085412615740741
2026-01-24 14:35:09,100.0,100.0,6.082572627314815
2026-01-24 14:35:24,100.0,100.0,6.079732638888889
2026-01-24 14:35:39,100.0,100.0,6.0768926504629635
2026-01-24 14:35:54,100.0,100.0,6.074052662037038
2026-01-24 14:36:09,100.0,100.0,6.071212673611112
2026-01-24 14:36:24,100.0,100.0,6.068372685185185
2026-01-24 14:36:39,100.0,100.0,6.065532696759259
2026-01-24 14:36:54,100.0,100.0,6.0626927083333335
2026-01-24 14:37:09,100.0,100.0,6.059852719907408
2026-01-24 14:37:24,100.0,100.0,6.057012731481482
2026-01-24 14:37:39,100.0,100.0,6.054172743055556
2026-01-24 14:37:54,100.0,100.0,6.05133275462963
2026-01-24 14:38:09,100.0,100.0,6.0484927662037045
2026-01-24 14:38:24,100.0,100.0,6.045652777777778
2026-01-24 14:38:39,100.0,100.0,6.042812789351852
2026-01-24 14:38:54,100.0,100.0,6.039972800925926
2026-01-24 14:39:09,100.0,100.0,6.0371328125
2026-01-24 14:39:24,100.0,100.0,6.0342928240740745
2026-01-24 14:39:39,100.0,100.0,6.031452835648149
2026-01-24 14:39:54,100.0,100.0,6.028612847222223
2026-01-24 14:40:09,100.0,100.0,6.025772858796297
2026-01-24 14:40:24,100.0,100.0,6.02293287037037
2026-01-24 14:40:39,100.0,100.0,6.020092881944445
2026-01-24 14:40:54,100.0,100.0,6.017252893518519
2026-01-24 14:41:09,100.0,100.0,6.014412905092593
2026-01-24 14:41:24,100.0,100.0,6.011572916666667
2026-01-24 14:41:39,100.0,100.0,6.008732928240741
2026-01-24 14:41:54,100.0,100.0,6.0058929398148155
2026-01-24 14:42:09,100.0,100.0,6.00305295138889
2026-01-24 14:42:24,100.0,100.0,6.000212962962963
2026-01-24 14:42:39,100.0,100.0,5.997372974537037
2026-01-24 14:42:54,100.0,100.0,5.994532986111111
2026-01-24 14:43:09,100.0,100.0,5.991692997685186
2026-01-24 14:43:24,100.0,100.0,5.98885300925926
2026-01-24 14:43:39,100.0,100.0,5.986013020833334
2026-01-24 14:43:54,100.0,100.0,5.983173032407408
2026-01-24 14:44:09,100.0,100.0,5.9803330439814815
2026-01-24 14:44:24,100.0,100.0,5.977493055555556
2026-01-24 14:44:39,100.0,100.0,5.97465306712963
2026-01-24 14:44:54,100.0,100.0,5.971813078703704
2026-01-24 14:45:09,100.0,100.0,5.968973090277778
2026-01-24 14:45:24,100.0,100.0,5.966133101851852
2026-01-24 14:45:39,100.0,100.0,5.963293113425927
2026-01-24 14:45:54,100.0,100.0,5.960453125000001
2026-01-24 14:46:09,100.0,100.0,5.957613136574074
2026-01-24 14:46:24,100.0,100.0,5.954773148148148
2026-01-24 14:46:39,100.0,100.0,5.9519331597222225
2026-01-24 14:46:54,100.0,100.0,5.949093171296297
2026-01-24 14:47:09,100.0,100.0,5.946253182870371
2026-01-24 14:47:24,100.0,100.0,5.943413194444445
2026-01-24 14:47:39,100.0,100.0,5.940573206018519
2026-01-24 14:47:54,100.0,100.0,5.9377332175925925
2026-01-24 14:48:09,100.0,100.0,5.934893229166667
2026-01-24 14:48:24,100.0,100.0,5.932053240740741
2026-01-24 14:48:39,100.0,100.0,5.929213252314815
2026-01-24 14:48:54,100.0,100.0,5.926373263888889
2026-01-24 14:49:09,100.0,100.0,5.9235332754629635
2026-01-24 14:49:24,100.0,100.0,5.920693287037038
2026-01-24 14:49:39,100.0,100.0,5.917853298611112
2026-01-24 14:49:54,100.0,100.0,5.915013310185185
2026-01-24 14:50:09,100.0,100.0,5.912173321759259
2026-01-24 14:50:24,100.0,100.0,5.9093333333333335
2026-01-24 14:50:39,100.0,100.0,5.906493344907408
2026-01-24 14:50:54,100.0,100.0,5.903653356481482
2026-01-24 14:51:09,100.0,100.0,5.900813368055556
2026-01-24 14:51:24,100.0,100.0,5.89797337962963
2026-01-24 14:51:39,100.0,100.0,5.895133391203704
2026-01-24 14:51:54,100.0,100.0,5.892293402777778
2026-01-24 14:52:09,100.0,100.0,5.889453414351852
2026-01-24 14:52:24,100.0,100.0,5.886613425925926
2026-01-24 14:52:39,100.0,100.0,5.8837734375
2026-01-24 14:52:54,100.0,100.0,5.880933449074075
2026-01-24 14:53:09,100.0,100.0,5.878093460648149
2026-01-24 14:53:24,100.0,100.0,5.875253472222223
2026-01-24 14:53:39,100.0,100.0,5.872413483796297
2026-01-24 14:53:54,100.0,100.0,5.86957349537037
2026-01-24 14:54:09,100.0,100.0,5.866733506944445
2026-01-24 14:54:24,100.0,100.0,5.863893518518519
2026-01-24 14:54:39,100.0,100.0,5.861053530092593
2026-01-24 14:54:54,100.0,100.0,5.858213541666667
2026-01-24 14:55:09,100.0,100.0,5.855373553240741
2026-01-24 14:55:24,100.0,100.0,5.852533564814815
2026-01-24 14:55:39,100.0,100.0,5.849693576388889
2026-01-24 14:55:54,100.0,100.0,5.846853587962963
2026-01-24 14:56:09,100.0,100.0,5.844013599537037
2026-01-24 14:56:24,100.0,100.0,5.841173611111111
2026-01-24 14:56:39,100.0,100.0,5.838333622685186
2026-01-24 14:56:54,100.0,100.0,5.83549363425926
2026-01-24 14:57:09,100.0,100.0,5.832653645833334
2026-01-24 14:57:24,100.0,100.0,5.829813657407408
2026-01-24 14:57:39,100.0,100.0,5.8269736689814815
2026-01-24 14:57:54,100.0,100.0,5.824133680555556
2026-01-24 14:58:09,100.0,100.0,5.82129369212963
2026-01-24 14:58:24,100.0,100.0,5.818453703703704
2026-01-24 14:58:39,100.0,100.0,5.815613715277778
2026-01-24 14:58:54,100.0,100.0,5.8127737268518525
2026-01-24 14:59:09,100.0,100.0,5.809933738425927
2026-01-24 14:59:24,100.0,100.0,5.80709375
2026-01-24 14:59:39,100.0,100.0,5.804253761574074
2026-01-24 14:59:54,100.0,100.0,5.801413773148148
2026-01-24 15:00:09,100.0,100.0,5.7985737847222225
2026-01-24 15:00:24,100.0,100.0,5.795733796296297
2026-01-24 15:00:39,100.0,100.0,5.792893807870371
2026-01-24 15:00:54,100.0,100.0,5.790053819444445
2026-01-24 15:01:09,100.0,100.0,5.787213831018519
2026-01-24 15:01:24,100.0,100.0,5.784373842592593
2026-01-24 15:01:39,100.0,100.0,5.781533854166667
2026-01-24 15:01:54,100.0,100.0,5.778693865740741
2026-01-24 15:02:09,100.0,100.0,5.775853877314815
2026-01-24 15:02:24,100.0,100.0,5.773013888888889
2026-01-24 15:02:39,100.0,100.0,5.7701739004629635
2026-01-24 15:02:54,100.0,100.0,5.767333912037038
2026-01-24 15:03:09,100.0,100.0,5.764493923611111
2026-01-24 15:03:24,100.0,100.0,5.761653935185185
2026-01-24 15:03:39,100.0,100.0,5.758813946759259
2026-01-24 15:03:54,100.0,100.0,5.755973958333334
2026-01-24 15:04:09,100.0,100.0,5.753133969907408
2026-01-24 15:04:24,100.0,100.0,5.750293981481482
2026-01-24 15:04:39,100.0,100.0,5.747453993055556
2026-01-24 15:04:54,100.0,100.0,5.74461400462963
2026-01-24 15:05:09,100.0,100.0,5.741774016203704
2026-01-24 15:05:24,100.0,100.0,5.738934027777778
2026-01-24 15:05:39,100.0,100.0,5.736094039351852
2026-01-24 15:05:54,100.0,100.0,5.733254050925926
2026-01-24 15:06:09,100.0,100.0,5.7304140625
2026-01-24 15:06:24,100.0,100.0,5.727574074074075
2026-01-24 15:06:39,100.0,100.0,5.724734085648149
2026-01-24 15:06:54,100.0,100.0,5.721894097222222
2026-01-24 15:07:09,100.0,100.0,5.719054108796296
2026-01-24 15:07:24,100.0,100.0,5.7162141203703705
2026-01-24 15:07:39,100.0,100.0,5.713374131944445
2026-01-24 15:07:54,100.0,100.0,5.710534143518519
2026-01-24 15:08:09,100.0,100.0,5.707694155092593
2026-01-24 15:08:24,100.0,100.0,5.704854166666667
2026-01-24 15:08:39,100.0,100.0,5.702014178240741
2026-01-24 15:08:54,100.0,100.0,5.699174189814816
2026-01-24 15:09:09,100.0,100.0,5.696334201388889
2026-01-24 15:09:24,100.0,100.0,5.693494212962963
2026-01-24 15:09:39,100.0,100.0,5.690654224537037
2026-01-24 15:09:54,100.0,100.0,5.6878142361111115
2026-01-24 15:10:09,100.0,100.0,5.684974247685186
2026-01-24 15:10:24,100.0,100.0,5.68213425925926
2026-01-24 15:10:39,100.0,100.0,5.679294270833333
2026-01-24 15:10:54,100.0,100.0,5.676454282407407
2026-01-24 15:11:09,100.0,100.0,5.6736142939814815
2026-01-24 15:11:24,100.0,100.0,5.670774305555556
2026-01-24 15:11:39,100.0,100.0,5.66793431712963
2026-01-24 15:11:54,100.0,100.0,5.665094328703704
2026-01-24 15:12:09,100.0,100.0,5.662254340277778
2026-01-24 15:12:24,100.0,100.0,5.6594143518518525
2026-01-24 15:12:39,100.0,100.0,5.656574363425927
2026-01-24 15:12:54,100.0,100.0,5.653734375
2026-01-24 15:13:09,100.0,100.0,5.650894386574074
2026-01-24 15:13:24,100.0,100.0,5.648054398148148
2026-01-24 15:13:39,100.0,100.0,5.6452144097222225
2026-01-24 15:13:54,100.0,100.0,5.642374421296297
2026-01-24 15:14:09,100.0,100.0,5.639534432870371
2026-01-24 15:14:24,100.0,100.0,5.636694444444445
2026-01-24 15:14:39,100.0,100.0,5.633854456018518
2026-01-24 15:14:54,100.0,100.0,5.631014467592593
2026-01-24 15:15:09,100.0,100.0,5.628174479166667
2026-01-24 15:15:24,100.0,100.0,5.625334490740741
2026-01-24 15:15:39,100.0,100.0,5.622494502314815
2026-01-24 15:15:54,100.0,100.0,5.619654513888889
2026-01-24 15:16:09,100.0,100.0,5.616814525462964
2026-01-24 15:16:24,100.0,100.0,5.613974537037038
2026-01-24 15:16:39,100.0,100.0,5.611134548611111
2026-01-24 15:16:54,100.0,100.0,5.608294560185185
2026-01-24 15:17:09,100.0,100.0,5.605454571759259
2026-01-24 15:17:24,100.0,100.0,5.602614583333334
2026-01-24 15:17:39,100.0,100.0,5.599774594907408
2026-01-24 15:17:54,100.0,100.0,5.596934606481482
2026-01-24 15:18:09,100.0,100.0,5.594094618055556
2026-01-24 15:18:24,100.0,100.0,5.5912546296296295
2026-01-24 15:18:39,100.0,100.0,5.588414641203704
2026-01-24 15:18:54,100.0,100.0,5.585574652777778
2026-01-24 15:19:09,100.0,100.0,5.582734664351852
2026-01-24 15:19:24,100.0,100.0,5.579894675925926
2026-01-24 15:19:39,100.0,100.0,5.5770546875
2026-01-24 15:19:54,100.0,100.0,5.574214699074075
2026-01-24 15:20:09,100.0,100.0,5.571374710648149
2026-01-24 15:20:24,100.0,100.0,5.568534722222222
2026-01-24 15:20:39,100.0,100.0,5.565694733796296
2026-01-24 15:20:54,100.0,100.0,5.5628547453703705
2026-01-24 15:21:09,100.0,100.0,5.560014756944445
2026-01-24 15:21:24,100.0,100.0,5.557174768518519
2026-01-24 15:21:39,100.0,100.0,5.554334780092593
2026-01-24 15:21:54,100.0,100.0,5.551494791666667
2026-01-24 15:22:09,100.0,100.0,5.548654803240741
2026-01-24 15:22:24,100.0,100.0,5.545814814814815
2026-01-24 15:22:39,100.0,100.0,5.542974826388889
2026-01-24 15:22:54,100.0,100.0,5.540134837962963
2026-01-24 15:23:09,100.0,100.0,5.537294849537037
2026-01-24 15:23:24,100.0,100.0,5.5344548611111115
2026-01-24 15:23:39,100.0,100.0,5.531614872685186
2026-01-24 15:23:54,100.0,100.0,5.52877488425926
2026-01-24 15:24:09,100.0,100.0,5.525934895833334
2026-01-24 15:24:24,100.0,100.0,5.523094907407407
2026-01-24 15:24:39,100.0,100.0,5.520254918981482
2026-01-24 15:24:54,100.0,100.0,5.517414930555556
2026-01-24 15:25:09,100.0,100.0,5.51457494212963
2026-01-24 15:25:24,100.0,100.0,5.511734953703704
2026-01-24 15:25:39,100.0,100.0,5.508894965277778
2026-01-24 15:25:54,100.0,100.0,5.506054976851852
2026-01-24 15:26:09,100.0,100.0,5.503214988425926
2026-01-24 15:26:24,100.0,100.0,5.500375
2026-01-24 15:26:39,100.0,100.0,5.497535011574074
2026-01-24 15:26:54,100.0,100.0,5.494695023148148
2026-01-24 15:27:09,100.0,100.0,5.491855034722223
2026-01-24 15:27:24,100.0,100.0,5.489015046296297
2026-01-24 15:27:39,100.0,100.0,5.486175057870371
2026-01-24 15:27:54,100.0,100.0,5.483335069444445
2026-01-24 15:28:09,100.0,100.0,5.4804950810185185
2026-01-24 15:28:24,100.0,100.0,5.477655092592593
2026-01-24 15:28:39,100.0,100.0,5.474815104166667
2026-01-24 15:28:54,100.0,100.0,5.471975115740741
2026-01-24 15:29:09,100.0,100.0,5.469135127314815
2026-01-24 15:29:24,100.0,100.0,5.466295138888889
2026-01-24 15:29:39,100.0,100.0,5.463455150462963
2026-01-24 15:29:54,100.0,100.0,5.460615162037037
2026-01-24 15:30:09,100.0,100.0,5.457775173611111
2026-01-24 15:30:24,100.0,100.0,5.454935185185185
2026-01-24 15:30:39,100.0,100.0,5.4520951967592595
2026-01-24 15:30:54,100.0,100.0,5.449255208333334
2026-01-24 15:31:09,100.0,100.0,5.446415219907408
2026-01-24 15:31:24,100.0,100.0,5.443575231481482
2026-01-24 15:31:39,100.0,100.0,5.440735243055556
2026-01-24 15:31:54,100.0,100.0,5.43789525462963
2026-01-24 15:32:09,100.0,100.0,5.435055266203704
2026-01-24 15:32:24,100.0,100.0,5.432215277777778
2026-01-24 15:32:39,100.0,100.0,5.429375289351852
2026-01-24 15:32:54,100.0,100.0,5.426535300925926
2026-01-24 15:33:09,100.0,100.0,5.4236953125000005
2026-01-24 15:33:24,100.0,100.0,5.420855324074074
2026-01-24 15:33:39,100.0,100.0,5.418015335648148
2026-01-24 15:33:54,100.0,100.0,5.415175347222222
2026-01-24 15:34:09,100.0,100.0,5.412335358796296
2026-01-24 15:34:24,100.0,100.0,5.4094953703703705
2026-01-24 15:34:39,100.0,100.0,5.406655381944445
2026-01-24 15:34:54,100.0,100.0,5.403815393518519
2026-01-24 15:35:09,100.0,100.0,5.400975405092593
2026-01-24 15:35:24,100.0,100.0,5.398135416666667
2026-01-24 15:35:39,100.0,100.0,5.3952954282407415
2026-01-24 15:35:54,100.0,100.0,5.392455439814815
2026-01-24 15:36:09,100.0,100.0,5.389615451388889
2026-01-24 15:36:24,100.0,100.0,5.386775462962963
2026-01-24 15:36:39,100.0,100.0,5.383935474537037
2026-01-24 15:36:54,100.0,100.0,5.3810954861111115
2026-01-24 15:37:09,100.0,100.0,5.378255497685186
2026-01-24 15:37:24,100.0,100.0,5.375415509259259
2026-01-24 15:37:39,100.0,100.0,5.372575520833333
2026-01-24 15:37:54,100.0,100.0,5.369735532407407
2026-01-24 15:38:09,100.0,100.0,5.366895543981482
2026-01-24 15:38:24,100.0,100.0,5.364055555555556
2026-01-24 15:38:39,100.0,100.0,5.36121556712963
2026-01-24 15:38:54,100.0,100.0,5.358375578703704
2026-01-24 15:39:09,100.0,100.0,5.355535590277778
2026-01-24 15:39:24,100.0,100.0,5.352695601851853
2026-01-24 15:39:39,100.0,100.0,5.349855613425926
2026-01-24 15:39:54,100.0,100.0,5.347015625
2026-01-24 15:40:09,100.0,100.0,5.344175636574074
2026-01-24 15:40:24,100.0,100.0,5.341335648148148
2026-01-24 15:40:39,100.0,100.0,5.338495659722223
2026-01-24 15:40:54,100.0,100.0,5.335655671296297
2026-01-24 15:41:09,100.0,100.0,5.33281568287037
2026-01-24 15:41:24,100.0,100.0,5.329975694444444
2026-01-24 15:41:39,100.0,100.0,5.3271357060185185
2026-01-24 15:41:54,100.0,100.0,5.324295717592593
2026-01-24 15:42:09,100.0,100.0,5.321455729166667
2026-01-24 15:42:24,100.0,100.0,5.318615740740741
2026-01-24 15:42:39,100.0,100.0,5.315775752314815
2026-01-24 15:42:54,100.0,100.0,5.312935763888889
2026-01-24 15:43:09,100.0,100.0,5.310095775462964
2026-01-24 15:43:24,100.0,100.0,5.307255787037037
2026-01-24 15:43:39,100.0,100.0,5.304415798611111
2026-01-24 15:43:54,100.0,100.0,5.301575810185185
2026-01-24 15:44:09,100.0,100.0,5.2987358217592595
2026-01-24 15:44:24,100.0,100.0,5.295895833333334
2026-01-24 15:44:39,100.0,100.0,5.293055844907408
2026-01-24 15:44:54,100.0,100.0,5.290215856481481
2026-01-24 15:45:09,100.0,100.0,5.287375868055555
2026-01-24 15:45:24,100.0,100.0,5.28453587962963
2026-01-24 15:45:39,100.0,100.0,5.281695891203704
2026-01-24 15:45:54,100.0,100.0,5.278855902777778
2026-01-24 15:46:09,100.0,100.0,5.276015914351852
2026-01-24 15:46:24,100.0,100.0,5.273175925925926
2026-01-24 15:46:39,100.0,100.0,5.2703359375000005
2026-01-24 15:46:54,100.0,100.0,5.267495949074075
2026-01-24 15:47:09,100.0,100.0,5.264655960648149
2026-01-24 15:47:24,100.0,100.0,5.261815972222222
2026-01-24 15:47:39,100.0,100.0,5.258975983796296
2026-01-24 15:47:54,100.0,100.0,5.256135995370371
2026-01-24 15:48:09,100.0,100.0,5.253296006944445
2026-01-24 15:48:24,100.0,100.0,5.250456018518519
2026-01-24 15:48:39,100.0,100.0,5.247616030092592
2026-01-24 15:48:54,100.0,100.0,5.244776041666666
2026-01-24 15:49:09,100.0,100.0,5.241936053240741
2026-01-24 15:49:24,100.0,100.0,5.239096064814815
2026-01-24 15:49:39,100.0,100.0,5.236256076388889
2026-01-24 15:49:54,100.0,100.0,5.233416087962963
2026-01-24 15:50:09,100.0,100.0,5.230576099537037
2026-01-24 15:50:24,100.0,100.0,5.227736111111112
2026-01-24 15:50:39,100.0,100.0,5.224896122685186
2026-01-24 15:50:54,100.0,100.0,5.22205613425926
2026-01-24 15:51:09,100.0,100.0,5.219216145833333
2026-01-24 15:51:24,100.0,100.0,5.2163761574074075
2026-01-24 15:51:39,100.0,100.0,5.213536168981482
2026-01-24 15:51:54,100.0,100.0,5.210696180555556
2026-01-24 15:52:09,100.0,100.0,5.20785619212963
2026-01-24 15:52:24,100.0,100.0,5.205016203703704
2026-01-24 15:52:39,100.0,100.0,5.2021762152777775
2026-01-24 15:52:54,100.0,100.0,5.199336226851852
2026-01-24 15:53:09,100.0,100.0,5.196496238425926
2026-01-24 15:53:24,100.0,100.0,5.19365625
2026-01-24 15:53:39,100.0,100.0,5.190816261574074
2026-01-24 15:53:54,100.0,100.0,5.1879762731481485
2026-01-24 15:54:09,100.0,100.0,5.185136284722223
2026-01-24 15:54:24,100.0,100.0,5.182296296296297
2026-01-24 15:54:39,100.0,100.0,5.179456307870371
2026-01-24 15:54:54,100.0,100.0,5.176616319444444
2026-01-24 15:55:09,100.0,100.0,5.1737763310185185
2026-01-24 15:55:24,100.0,100.0,5.170936342592593
2026-01-24 15:55:39,100.0,100.0,5.168096354166667
2026-01-24 15:55:54,100.0,100.0,5.165256365740741
2026-01-24 15:56:09,100.0,100.0,5.162416377314815
2026-01-24 15:56:24,100.0,100.0,5.159576388888889
2026-01-24 15:56:39,100.0,100.0,5.156736400462963
2026-01-24 15:56:54,100.0,100.0,5.153896412037037
2026-01-24 15:57:09,100.0,100.0,5.151056423611111
2026-01-24 15:57:24,100.0,100.0,5.148216435185185
2026-01-24 15:57:39,100.0,100.0,5.1453764467592595
2026-01-24 15:57:54,100.0,100.0,5.142536458333334
2026-01-24 15:58:09,100.0,100.0,5.139696469907408
2026-01-24 15:58:24,100.0,100.0,5.136856481481482
2026-01-24 15:58:39,100.0,100.0,5.134016493055555
2026-01-24 15:58:54,100.0,100.0,5.13117650462963
2026-01-24 15:59:09,100.0,100.0,5.128336516203704
2026-01-24 15:59:24,100.0,100.0,5.125496527777778
2026-01-24 15:59:39,100.0,100.0,5.122656539351852
2026-01-24 15:59:54,100.0,100.0,5.119816550925926
2026-01-24 16:00:09,100.0,100.0,5.17601215440878
2026-01-24 16:00:24,100.0,100.0,5.271564819164154
2026-01-24 16:00:39,100.0,100.0,5.367117483919528
2026-01-24 16:00:54,100.0,100.0,5.462670148674902
2026-01-24 16:01:09,100.0,100.0,5.558222813430276
2026-01-24 16:01:24,100.0,100.0,5.653775478185649
2026-01-24 16:01:39,100.0,100.0,5.749328142941023
2026-01-24 16:01:54,100.0,100.0,5.844880807696397
2026-01-24 16:02:09,100.0,100.0,5.940433472451771
2026-01-24 16:02:24,100.0,100.0,6.035986137207145
2026-01-24 16:02:39,100.0,100.0,6.1315388019625185
2026-01-24 16:02:54,100.0,100.0,6.2270914667178925
2026-01-24 16:03:09,100.0,100.0,6.322644131473266
2026-01-24 16:03:24,100.0,100.0,6.41819679622864
2026-01-24 16:03:39,100.0,100.0,6.513749460984014
2026-01-24 16:03:54,100.0,100.0,6.609302125739388
2026-01-24 16:04:09,100.0,100.0,6.704854790494762
2026-01-24 16:04:24,100.0,100.0,6.800407455250135
2026-01-24 16:04:39,100.0,100.0,6.895960120005509
2026-01-24 16:04:54,100.0,100.0,6.991512784760883
2026-01-24 16:05:09,100.0,100.0,7.087065449516257
2026-01-24 16:05:24,100.0,100.0,7.182618114271631
2026-01-24 16:05:39,100.0,100.0,7.278170779027005
2026-01-24 16:05:54,100.0,100.0,7.373723443782378
2026-01-24 16:06:09,100.0,100.0,7.469276108537752
2026-01-24 16:06:24,100.0,100.0,7.564828773293126
2026-01-24 16:06:39,100.0,100.0,7.6603814380485
2026-01-24 16:06:54,100.0,100.0,7.755934102803874
2026-01-24 16:07:09,100.0,100.0,7.851486767559248
2026-01-24 16:07:24,100.0,100.0,7.947039432314622
2026-01-24 16:07:39,100.0,100.0,8.042592097069996
2026-01-24 16:07:54,100.0,100.0,8.13814476182537
2026-01-24 16:08:09,100.0,100.0,8.233697426580743
2026-01-24 16:08:24,100.0,100.0,8.329250091336117
2026-01-24 16:08:39,100.0,100.0,8.424802756091491
2026-01-24 16:08:54,100.0,100.0,8.520355420846865
2026-01-24 16:09:09,100.0,100.0,8.61590808560224
2026-01-24 16:09:24,100.0,100.0,8.711460750357613
2026-01-24 16:09:39,100.0,100.0,8.807013415112987
2026-01-24 16:09:54,100.0,100.0,8.902566079868361
2026-01-24 16:10:09,100.0,100.0,8.998118744623735
2026-01-24 16:10:24,100.0,100.0,9.093671409379109
2026-01-24 16:10:39,100.0,100.0,9.189224074134483
2026-01-24 16:10:54,100.0,100.0,9.284776738889857
2026-01-24 16:11:09,100.0,100.0,9.38032940364523
2026-01-24 16:11:24,100.0,100.0,9.475882068400605
2026-01-24 16:11:39,100.0,100.0,9.571434733155979
2026-01-24 16:11:54,100.0,100.0,9.66698739791135
2026-01-24 16:12:09,100.0,100.0,9.762540062666725
2026-01-24 16:12:24,100.0,100.0,9.858092727422099
2026-01-24 16:12:39,100.0,100.0,9.953645392177473
2026-01-24 16:12:54,100.0,100.0,10.049198056932847
2026-01-24 16:13:09,100.0,100.0,10.14475072168822
2026-01-24 16:13:24,100.0,100.0,10.240303386443594
2026-01-24 16:13:39,100.0,100.0,10.335856051198968
2026-01-24 16:13:54,100.0,100.0,10.431408715954342
2026-01-24 16:14:09,100.0,100.0,10.526961380709716
2026-01-24 16:14:24,100.0,100.0,10.622514045465088
2026-01-24 16:14:39,100.0,100.0,10.718066710220462
2026-01-24 16:14:54,100.0,100.0,10.813619374975836
2026-01-24 16:15:09,100.0,100.0,10.90917203973121
2026-01-24 16:15:24,100.0,100.0,11.004724704486584
2026-01-24 16:15:39,100.0,100.0,11.100277369241958
2026-01-24 16:15:54,100.0,100.0,11.195830033997332
2026-01-24 16:16:09,100.0,100.0,11.291382698752706
2026-01-24 16:16:24,100.0,100.0,11.38693536350808
2026-01-24 16:16:39,100.0,100.0,11.482488028263454
2026-01-24 16:16:54,100.0,100.0,11.578040693018828
2026-01-24 16:17:09,100.0,100.0,11.673593357774202
2026-01-24 16:17:24,100.0,100.0,11.769146022529576
2026-01-24 16:17:39,100.0,100.0,11.86469868728495
2026-01-24 16:17:54,87.5,100.0,11.960251352040324
2026-01-24 16:18:09,87.5,100.0,12.055804016795697
2026-01-24 16:18:24,87.5,100.0,12.151356681551071
2026-01-24 16:18:39,87.5,100.0,12.246909346306445
2026-01-24 16:18:54,87.5,100.0,12.34246201106182
2026-01-24 16:19:09,87.5,100.0,12.438014675817193
2026-01-24 16:19:24,87.5,100.0,12.533567340572567
2026-01-24 16:19:39,87.5,100.0,12.629120005327941
2026-01-24 16:19:54,75.0,100.0,12.724672670083315
2026-01-24 16:20:09,75.0,100.0,12.820225334838689
2026-01-24 16:20:24,75.0,100.0,12.915777999594063
2026-01-24 16:20:39,75.0,100.0,13.011330664349437
2026-01-24 16:20:54,75.0,100.0,13.10688332910481
2026-01-24 16:21:09,75.0,100.0,13.202435993860185
2026-01-24 16:21:24,75.0,100.0,13.297988658615559
2026-01-24 16:21:39,75.0,100.0,13.393541323370933
2026-01-24 16:21:54,75.0,100.0,13.489093988126307
2026-01-24 16:22:09,75.0,100.0,13.58464665288168
2026-01-24 16:22:24,75.0,100.0,13.680199317637054
2026-01-24 16:22:39,75.0,100.0,13.775751982392428
2026-01-24 16:22:54,75.0,100.0,13.871304647147802
2026-01-24 16:23:09,75.0,100.0,13.966857311903176
2026-01-24 16:23:24,75.0,100.0,14.062409976658547
2026-01-24 16:23:39,75.0,100.0,14.15796264141392
2026-01-24 16:23:54,62.5,100.0,14.253515306169295
2026-01-24 16:24:09,62.5,100.0,14.349067970924668
2026-01-24 16:24:24,62.5,100.0,14.444620635680042
2026-01-24 16:24:39,62.5,100.0,14.540173300435416
2026-01-24 16:24:54,62.5,100.0,14.63572596519079
2026-01-24 16:25:09,62.5,100.0,14.731278629946164
2026-01-24 16:25:24,62.5,100.0,14.826831294701538
2026-01-24 16:25:39,62.5,100.0,14.922383959456912
2026-01-24 16:25:54,62.5,100.0,15.017936624212286
2026-01-24 16:26:09,62.5,100.0,15.11348928896766
2026-01-24 16:26:24,62.5,100.0,15.209041953723034
2026-01-24 16:26:39,62.5,100.0,15.304594618478408
2026-01-24 16:26:54,62.5,100.0,15.400147283233782
2026-01-24 16:27:09,62.5,100.0,15.495699947989156
2026-01-24 16:27:24,62.5,100.0,15.59125261274453
2026-01-24 16:27:39,62.5,100.0,15.686805277499904
2026-01-24 16:27:54,50.0,100.0,15.782357942255278
2026-01-24 16:28:09,50.0,100.0,15.877910607010651
2026-01-24 16:28:24,50.0,100.0,15.973463271766025
2026-01-24 16:28:39,50.0,100.0,16.0690159365214
2026-01-24 16:28:54,50.0,100.0,16.164568601276773
2026-01-24 16:29:09,50.0,100.0,16.260121266032147
2026-01-24 16:29:24,50.0,100.0,16.35567393078752
2026-01-24 16:29:39,62.5,100.0,16.451226595542895
2026-01-24 16:29:54,50.0,100.0,16.54677926029827
2026-01-24 16:30:09,50.0,100.0,16.642331925053643
2026-01-24 16:30:24,50.0,100.0,16.737884589809017
2026-01-24 16:30:39,50.0,100.0,16.83343725456439
2026-01-24 16:30:54,50.0,100.0,16.928989919319765
2026-01-24 16:31:09,50.0,100.0,17.02454258407514
2026-01-24 16:31:24,50.0,100.0,17.120095248830513
2026-01-24 16:31:39,50.0,100.0,17.215647913585887
2026-01-24 16:31:54,50.0,100.0,17.31120057834126
2026-01-24 16:32:09,50.0,100.0,17.406753243096635
2026-01-24 16:32:24,50.0,100.0,17.50230590785201
2026-01-24 16:32:39,50.0,100.0,17.597858572607382
2026-01-24 16:32:54,50.0,100.0,17.693411237362756
2026-01-24 16:33:09,50.0,100.0,17.78896390211813
2026-01-24 16:33:24,50.0,100.0,17.884516566873504
2026-01-24 16:33:39,50.0,100.0,17.980069231628878
2026-01-24 16:33:54,50.0,100.0,18.07562189638425
2026-01-24 16:34:09,50.0,100.0,18.171174561139622
2026-01-24 16:34:24,50.0,100.0,18.266727225894996
2026-01-24 16:34:39,50.0,100.0,18.36227989065037
2026-01-24 16:34:54,50.0,100.0,18.457832555405744
2026-01-24 16:35:09,50.0,100.0,18.55338522016112
2026-01-24 16:35:24,50.0,100.0,18.648937884916492
2026-01-24 16:35:39,50.0,100.0,18.744490549671866
2026-01-24 16:35:54,50.0,100.0,18.84004321442724
2026-01-24 16:36:09,50.0,100.0,18.935595879182614
2026-01-24 16:36:24,50.0,100.0,19.031148543937988
2026-01-24 16:36:39,50.0,100.0,19.126701208693362
2026-01-24 16:36:54,50.0,100.0,19.222253873448736
2026-01-24 16:37:09,50.0,100.0,19.31780653820411
2026-01-24 16:37:24,50.0,100.0,19.413359202959484
2026-01-24 16:37:39,50.0,100.0,19.508911867714858
2026-01-24 16:37:54,50.0,100.0,19.60446453247023
2026-01-24 16:38:09,50.0,100.0,19.700017197225606
2026-01-24 16:38:24,50.0,100.0,19.79556986198098
2026-01-24 16:38:39,50.0,100.0,19.891122526736353
2026-01-24 16:38:54,50.0,100.0,19.986675191491727
2026-01-24 16:39:09,50.0,100.0,20.0822278562471
2026-01-24 16:39:24,50.0,100.0,20.177780521002475
2026-01-24 16:39:39,50.0,100.0,20.27333318575785
2026-01-24 16:39:54,50.0,100.0,20.368885850513223
2026-01-24 16:40:09,50.0,100.0,20.464438515268597
2026-01-24 16:40:24,50.0,100.0,20.55999118002397
2026-01-24 16:40:39,50.0,100.0,20.655543844779345
2026-01-24 16:40:54,50.0,100.0,20.75109650953472
2026-01-24 16:41:09,50.0,100.0,20.846649174290093
2026-01-24 16:41:24,50.0,100.0,20.942201839045467
2026-01-24 16:41:39,50.0,100.0,21.03775450380084
2026-01-24 16:41:54,50.0,100.0,21.133307168556215
2026-01-24 16:42:09,50.0,100.0,21.22885983331159
2026-01-24 16:42:24,50.0,100.0,21.324412498066962
2026-01-24 16:42:39,50.0,100.0,21.419965162822336
2026-01-24 16:42:54,50.0,100.0,21.51551782757771
2026-01-24 16:43:09,50.0,100.0,21.611070492333084
2026-01-24 16:43:24,50.0,100.0,21.70662315708846
2026-01-24 16:43:39,50.0,100.0,21.802175821843832
2026-01-24 16:43:54,50.0,100.0,21.897728486599206
2026-01-24 16:44:09,50.0,100.0,21.99328115135458
2026-01-24 16:44:24,50.0,100.0,22.088833816109954
2026-01-24 16:44:39,50.0,100.0,22.184386480865328
2026-01-24 16:44:54,50.0,100.0,22.279939145620702
2026-01-24 16:45:09,50.0,100.0,22.375491810376076
2026-01-24 16:45:24,50.0,100.0,22.47104447513145
2026-01-24 16:45:39,50.0,100.0,22.566597139886824
2026-01-24 16:45:54,50.0,100.0,22.662149804642198
2026-01-24 16:46:09,50.0,100.0,22.75770246939757
2026-01-24 16:46:24,50.0,100.0,22.853255134152946
2026-01-24 16:46:39,50.0,100.0,22.94880779890832
2026-01-24 16:46:54,50.0,100.0,23.04436046366369
2026-01-24 16:47:09,50.0,100.0,23.139913128419064
2026-01-24 16:47:24,50.0,100.0,23.235465793174438
2026-01-24 16:47:39,50.0,100.0,23.33101845792981
2026-01-24 16:47:54,62.5,100.0,23.426571122685186
2026-01-24 16:48:09,62.5,100.0,23.52212378744056
2026-01-24 16:48:24,62.5,100.0,23.617676452195933
2026-01-24 16:48:39,62.5,100.0,23.713229116951307
2026-01-24 16:48:54,62.5,100.0,23.80878178170668
2026-01-24 16:49:09,62.5,100.0,23.904334446462055
2026-01-24 16:49:24,62.5,100.0,23.99988711121743
2026-01-24 16:49:39,62.5,100.0,24.095439775972803
2026-01-24 16:49:54,62.5,100.0,24.190992440728177
2026-01-24 16:50:09,62.5,100.0,24.28654510548355
2026-01-24 16:50:24,62.5,100.0,24.382097770238925
2026-01-24 16:50:39,62.5,100.0,24.4776504349943
2026-01-24 16:50:54,62.5,100.0,24.573203099749673
2026-01-24 16:51:09,62.5,100.0,24.668755764505047
2026-01-24 16:51:24,62.5,100.0,24.76430842926042
2026-01-24 16:51:39,62.5,100.0,24.859861094015795
2026-01-24 16:51:54,62.5,100.0,24.95541375877117
2026-01-24 16:52:09,62.5,100.0,25.050966423526543
2026-01-24 16:52:24,62.5,100.0,25.146519088281917
2026-01-24 16:52:39,62.5,100.0,25.24207175303729
2026-01-24 16:52:54,62.5,100.0,25.337624417792664
2026-01-24 16:53:09,62.5,100.0,25.43317708254804
2026-01-24 16:53:24,62.5,100.0,25.528729747303412
2026-01-24 16:53:39,62.5,100.0,25.624282412058786
2026-01-24 16:53:54,62.5,100.0,25.71983507681416
2026-01-24 16:54:09,62.5,100.0,25.815387741569534
2026-01-24 16:54:24,62.5,100.0,25.910940406324908
2026-01-24 16:54:39,62.5,100.0,26.006493071080282
2026-01-24 16:54:54,62.5,100.0,26.102045735835656
2026-01-24 16:55:09,62.5,100.0,26.19759840059103
2026-01-24 16:55:24,62.5,100.0,26.293151065346404
2026-01-24 16:55:39,62.5,100.0,26.388703730101778
2026-01-24 16:55:54,62.5,100.0,26.48425639485715
2026-01-24 16:56:09,62.5,100.0,26.579809059612526
2026-01-24 16:56:24,62.5,100.0,26.6753617243679
2026-01-24 16:56:39,62.5,100.0,26.770914389123273
2026-01-24 16:56:54,62.5,100.0,26.866467053878647
2026-01-24 16:57:09,62.5,100.0,26.96201971863402
2026-01-24 16:57:24,62.5,100.0,27.05757238338939
2026-01-24 16:57:39,62.5,100.0,27.153125048144766
2026-01-24 16:57:54,62.5,100.0,27.24867771290014
2026-01-24 16:58:09,62.5,100.0,27.344230377655514
2026-01-24 16:58:24,62.5,100.0,27.439783042410888
2026-01-24 16:58:39,62.5,100.0,27.53533570716626
2026-01-24 16:58:54,62.5,100.0,27.630888371921635
2026-01-24 16:59:09,62.5,100.0,27.72644103667701
2026-01-24 16:59:24,62.5,100.0,27.821993701432383
2026-01-24 16:59:39,62.5,100.0,27.917546366187757
2026-01-24 16:59:54,62.5,100.0,28.01309903094313
2026-01-24 17:00:09,62.5,100.0,28.108651695698505
2026-01-24 17:00:24,62.5,100.0,28.20420436045388
2026-01-24 17:00:39,62.5,100.0,28.299757025209253
2026-01-24 17:00:54,75.0,100.0,28.395309689964627
2026-01-24 17:01:09,75.0,100.0,28.49086235472
2026-01-24 17:01:24,75.0,100.0,28.586415019475375
2026-01-24 17:01:39,75.0,100.0,28.68196768423075
2026-01-24 17:01:54,75.0,100.0,28.777520348986123
2026-01-24 17:02:09,75.0,100.0,28.873073013741497
2026-01-24 17:02:24,75.0,100.0,28.96862567849687
2026-01-24 17:02:39,75.0,100.0,29.064178343252244
2026-01-24 17:02:54,75.0,100.0,29.15973100800762
2026-01-24 17:03:09,75.0,100.0,29.255283672762992
2026-01-24 17:03:24,75.0,100.0,29.350836337518366
2026-01-24 17:03:39,75.0,100.0,29.44638900227374
2026-01-24 17:03:54,75.0,100.0,29.541941667029114
2026-01-24 17:04:09,75.0,100.0,29.637494331784488
2026-01-24 17:04:24,75.0,100.0,29.733046996539862
2026-01-24 17:04:39,75.0,100.0,29.828599661295236
2026-01-24 17:04:54,75.0,100.0,29.92415232605061
2026-01-24 17:05:09,75.0,100.0,30.019704990805984
2026-01-24 17:05:24,75.0,100.0,30.115257655561358
2026-01-24 17:05:39,75.0,100.0,30.21081032031673
2026-01-24 17:05:54,75.0,100.0,30.306362985072106
2026-01-24 17:06:09,75.0,100.0,30.40191564982748
2026-01-24 17:06:24,75.0,100.0,30.497468314582854
2026-01-24 17:06:39,75.0,100.0,30.593020979338228
2026-01-24 17:06:54,75.0,100.0,30.6885736440936
2026-01-24 17:07:09,75.0,100.0,30.784126308848975
2026-01-24 17:07:24,75.0,100.0,30.87967897360435
2026-01-24 17:07:39,75.0,100.0,30.97523163835972
2026-01-24 17:07:54,75.0,100.0,31.070784303115094
2026-01-24 17:08:09,75.0,100.0,31.166336967870468
2026-01-24 17:08:24,75.0,100.0,31.26188963262584
2026-01-24 17:08:39,75.0,100.0,31.357442297381215
2026-01-24 17:08:54,75.0,100.0,31.45299496213659
2026-01-24 17:09:09,75.0,100.0,31.548547626891963
2026-01-24 17:09:24,75.0,100.0,31.644100291647337
2026-01-24 17:09:39,75.0,100.0,31.73965295640271
2026-01-24 17:09:54,75.0,100.0,31.835205621158085
2026-01-24 17:10:09,75.0,100.0,31.93075828591346
2026-01-24 17:10:24,75.0,100.0,32.02631095066883
2026-01-24 17:10:39,75.0,100.0,32.1218636154242
2026-01-24 17:10:54,75.0,100.0,32.21741628017958
2026-01-24 17:11:09,75.0,100.0,32.31296894493495
2026-01-24 17:11:24,75.0,100.0,32.408521609690325
2026-01-24 17:11:39,75.0,100.0,32.5040742744457
2026-01-24 17:11:54,75.0,100.0,32.59962693920107
2026-01-24 17:12:09,75.0,100.0,32.69517960395645
2026-01-24 17:12:24,75.0,100.0,32.79073226871182
2026-01-24 17:12:39,75.0,100.0,32.886284933467195
2026-01-24 17:12:54,75.0,100.0,32.98183759822257
2026-01-24 17:13:09,75.0,100.0,33.07739026297794
2026-01-24 17:13:24,75.0,100.0,33.17294292773332
2026-01-24 17:13:39,75.0,100.0,33.26849559248869
2026-01-24 17:13:54,75.0,100.0,33.364048257244065
2026-01-24 17:14:09,75.0,100.0,33.45960092199944
2026-01-24 17:14:24,75.0,100.0,33.55515358675481
2026-01-24 17:14:39,75.0,100.0,33.65070625151019
2026-01-24 17:14:54,75.0,100.0,33.74625891626556
2026-01-24 17:15:09,75.0,100.0,33.841811581020934
2026-01-24 17:15:24,75.0,100.0,33.93736424577631
2026-01-24 17:15:39,75.0,100.0,34.03291691053168
2026-01-24 17:15:54,75.0,100.0,34.128469575287056
2026-01-24 17:16:09,75.0,100.0,34.22402224004243
2026-01-24 17:16:24,75.0,100.0,34.319574904797804
2026-01-24 17:16:39,75.0,100.0,34.41512756955318
2026-01-24 17:16:54,75.0,100.0,34.51068023430855
2026-01-24 17:17:09,75.0,100.0,34.606232899063926
2026-01-24 17:17:24,75.0,100.0,34.7017855638193
2026-01-24 17:17:39,75.0,100.0,34.797338228574674
2026-01-24 17:17:54,75.0,100.0,34.89289089333005
2026-01-24 17:18:09,75.0,100.0,34.98844355808542
2026-01-24 17:18:24,75.0,100.0,35.083996222840796
2026-01-24 17:18:39,75.0,100.0,35.17954888759617
2026-01-24 17:18:54,75.0,100.0,35.27510155235154
2026-01-24 17:19:09,75.0,100.0,35.37065421710692
2026-01-24 17:19:24,75.0,100.0,35.46620688186229
2026-01-24 17:19:39,75.0,100.0,35.561759546617665
2026-01-24 17:19:54,75.0,100.0,35.65731221137304
2026-01-24 17:20:09,75.0,100.0,35.75286487612841
2026-01-24 17:20:24,75.0,100.0,35.84841754088379
2026-01-24 17:20:39,75.0,100.0,35.94397020563916
2026-01-24 17:20:54,75.0,100.0,36.039522870394535
2026-01-24 17:21:09,75.0,100.0,36.13507553514991
2026-01-24 17:21:24,75.0,100.0,36.23062819990528
2026-01-24 17:21:39,75.0,100.0,36.32618086466066
2026-01-24 17:21:54,75.0,100.0,36.42173352941603
2026-01-24 17:22:09,75.0,100.0,36.517286194171405
2026-01-24 17:22:24,75.0,100.0,36.61283885892678
2026-01-24 17:22:39,75.0,100.0,36.70839152368215
2026-01-24 17:22:54,75.0,100.0,36.80394418843753
2026-01-24 17:23:09,75.0,100.0,36.8994968531929
2026-01-24 17:23:24,75.0,100.0,36.995049517948274
2026-01-24 17:23:39,87.5,100.0,37.09060218270365
2026-01-24 17:23:54,87.5,100.0,37.18615484745902
2026-01-24 17:24:09,87.5,100.0,37.281707512214396
2026-01-24 17:24:24,87.5,100.0,37.37726017696977
2026-01-24 17:24:39,87.5,100.0,37.472812841725144
2026-01-24 17:24:54,87.5,100.0,37.56836550648052
2026-01-24 17:25:09,87.5,99.32885906040269,37.66391817123589
2026-01-24 17:25:24,87.5,99.32885906040269,37.759470835991266
2026-01-24 17:25:39,87.5,99.32885906040269,37.85502350074664
2026-01-24 17:25:54,87.5,99.32885906040269,37.950576165502014
2026-01-24 17:26:09,87.5,99.34640522875817,38.04612883025739
2026-01-24 17:26:24,87.5,99.34640522875817,38.14168149501276
2026-01-24 17:26:39,87.5,99.34640522875817,38.237234159768136
2026-01-24 17:26:54,87.5,99.34640522875817,38.33278682452351
2026-01-24 17:27:09,87.5,99.34640522875817,38.42833948927888
2026-01-24 17:27:24,87.5,99.34640522875817,38.52389215403426
2026-01-24 17:27:39,87.5,99.34640522875817,38.61944481878963
2026-01-24 17:27:54,87.5,99.34640522875817,38.714997483545005
2026-01-24 17:28:09,87.5,99.34640522875817,38.81055014830038
2026-01-24 17:28:24,87.5,99.34640522875817,38.90610281305575
2026-01-24 17:28:39,87.5,99.36305732484077,39.00165547781113
2026-01-24 17:28:54,87.5,99.36305732484077,39.0972081425665
2026-01-24 17:29:09,87.5,99.36305732484077,39.192760807321875
2026-01-24 17:29:24,87.5,99.36305732484077,39.28831347207725
2026-01-24 17:29:39,87.5,99.36305732484077,39.38386613683262
2026-01-24 17:29:54,87.5,99.36305732484077,39.479418801588
2026-01-24 17:30:09,87.5,99.36305732484077,39.57497146634337
2026-01-24 17:30:24,87.5,99.36305732484077,39.670524131098745
2026-01-24 17:30:39,87.5,99.36305732484077,39.76607679585412
2026-01-24 17:30:54,87.5,99.36305732484077,39.86162946060949
2026-01-24 17:31:09,87.5,99.36305732484077,39.95718212536487
2026-01-24 17:31:24,87.5,99.37888198757764,40.05273479012024
2026-01-24 17:31:39,87.5,99.37888198757764,40.148287454875614
2026-01-24 17:31:54,87.5,99.37888198757764,40.24384011963099
2026-01-24 17:32:09,87.5,99.37888198757764,40.33939278438636
2026-01-24 17:32:24,87.5,99.37888198757764,40.434945449141736
2026-01-24 17:32:39,87.5,99.37888198757764,40.53049811389711
2026-01-24 17:32:54,87.5,99.37888198757764,40.626050778652484
2026-01-24 17:33:09,87.5,99.37888198757764,40.72160344340786
2026-01-24 17:33:24,87.5,99.37888198757764,40.81715610816323
2026-01-24 17:33:39,87.5,99.37888198757764,40.9127087729186
2026-01-24 17:33:54,87.5,99.39393939393939,41.00826143767397
2026-01-24 17:34:09,87.5,99.39393939393939,41.10381410242935
2026-01-24 17:34:24,87.5,99.39393939393939,41.19936676718472
2026-01-24 17:34:39,87.5,99.39393939393939,41.294919431940095
2026-01-24 17:34:54,87.5,99.39393939393939,41.39047209669547
2026-01-24 17:35:09,87.5,99.39393939393939,41.48602476145084
2026-01-24 17:35:24,87.5,99.39393939393939,41.581577426206216
2026-01-24 17:35:39,87.5,99.39393939393939,41.67713009096159
2026-01-24 17:35:54,87.5,99.39393939393939,41.772682755716964
2026-01-24 17:36:09,87.5,99.39393939393939,41.86823542047234
2026-01-24 17:36:24,87.5,99.39393939393939,41.96378808522771
2026-01-24 17:36:39,87.5,99.40828402366864,42.059340749983086
2026-01-24 17:36:54,87.5,99.40828402366864,42.15489341473846
2026-01-24 17:37:09,87.5,99.40828402366864,42.250446079493834
2026-01-24 17:37:24,87.5,99.40828402366864,42.34599874424921
2026-01-24 17:37:39,87.5,99.40828402366864,42.44155140900458
2026-01-24 17:37:54,87.5,99.40828402366864,42.537104073759956
2026-01-24 17:38:09,87.5,99.40828402366864,42.63265673851533
2026-01-24 17:38:24,87.5,99.40828402366864,42.728209403270704
2026-01-24 17:38:39,87.5,99.40828402366864,42.82376206802608
2026-01-24 17:38:54,87.5,99.40828402366864,42.91931473278145
2026-01-24 17:39:09,87.5,99.42196531791907,43.014867397536825
2026-01-24 17:39:24,87.5,99.42196531791907,43.1104200622922
2026-01-24 17:39:39,87.5,99.42196531791907,43.20597272704757
2026-01-24 17:39:54,87.5,99.42196531791907,43.30152539180295
2026-01-24 17:40:09,87.5,99.42196531791907,43.39707805655832
2026-01-24 17:40:24,87.5,99.42196531791907,43.492630721313695
2026-01-24 17:40:39,87.5,99.42196531791907,43.58818338606907
2026-01-24 17:40:54,87.5,99.42196531791907,43.68373605082444
2026-01-24 17:41:09,87.5,99.42196531791907,43.77928871557982
2026-01-24 17:41:24,87.5,99.42196531791907,43.87484138033519
2026-01-24 17:41:39,87.5,99.42196531791907,43.970394045090565
2026-01-24 17:41:54,87.5,99.43502824858757,44.06594670984594
2026-01-24 17:42:09,87.5,99.43502824858757,44.16149937460131
2026-01-24 17:42:24,87.5,99.43502824858757,44.25705203935669
2026-01-24 17:42:39,87.5,99.43502824858757,44.35260470411206
2026-01-24 17:42:54,87.5,99.43502824858757,44.448157368867435
2026-01-24 17:43:09,87.5,99.43502824858757,44.54371003362281
2026-01-24 17:43:24,87.5,99.43502824858757,44.63926269837818
2026-01-24 17:43:39,87.5,99.43502824858757,44.734815363133556
2026-01-24 17:43:54,87.5,99.43502824858757,44.83036802788893
2026-01-24 17:44:09,87.5,99.43502824858757,44.925920692644304
2026-01-24 17:44:24,87.5,99.4475138121547,45.02147335739968
2026-01-24 17:44:39,87.5,99.4475138121547,45.11702602215505
2026-01-24 17:44:54,87.5,99.4475138121547,45.212578686910426
2026-01-24 17:45:09,87.5,99.4475138121547,45.3081313516658
2026-01-24 17:45:24,75.0,99.4475138121547,45.403684016421174
2026-01-24 17:45:39,75.0,99.4475138121547,45.49923668117655
2026-01-24 17:45:54,75.0,99.4475138121547,45.59478934593192
2026-01-24 17:46:09,75.0,99.4475138121547,45.690342010687296
2026-01-24 17:46:24,75.0,99.4475138121547,45.78589467544267
2026-01-24 17:46:39,75.0,99.4475138121547,45.881447340198044
2026-01-24 17:46:54,75.0,99.4475138121547,45.97700000495342
2026-01-24 17:47:09,75.0,99.45945945945947,46.07255266970879
2026-01-24 17:47:24,75.0,99.45945945945947,46.168105334464165
2026-01-24 17:47:39,75.0,99.45945945945947,46.26365799921954
2026-01-24 17:47:54,75.0,99.45945945945947,46.35921066397491
2026-01-24 17:48:09,75.0,99.45945945945947,46.45476332873029
2026-01-24 17:48:24,75.0,99.45945945945947,46.55031599348566
2026-01-24 17:48:39,75.0,99.45945945945947,46.645868658241035
2026-01-24 17:48:54,75.0,99.45945945945947,46.74142132299641
2026-01-24 17:49:09,75.0,99.45945945945947,46.83697398775178
2026-01-24 17:49:24,75.0,99.45945945945947,46.93252665250716
2026-01-24 17:49:39,75.0,99.47089947089947,47.02807931726253
2026-01-24 17:49:54,75.0,99.47089947089947,47.123631982017905
2026-01-24 17:50:09,75.0,99.47089947089947,47.21918464677328
2026-01-24 17:50:24,75.0,99.47089947089947,47.31473731152865
2026-01-24 17:50:39,75.0,99.47089947089947,47.41028997628403
2026-01-24 17:50:54,75.0,99.47089947089947,47.5058426410394
2026-01-24 17:51:09,75.0,99.47089947089947,47.601395305794775
2026-01-24 17:51:24,75.0,99.47089947089947,47.69694797055015
2026-01-24 17:51:39,75.0,99.47089947089947,47.79250063530552
2026-01-24 17:51:54,75.0,99.47089947089947,47.888053300060896
2026-01-24 17:52:09,75.0,99.47089947089947,47.98360596481627
2026-01-24 17:52:24,75.0,99.48186528497409,48.079158629571644
2026-01-24 17:52:39,75.0,99.48186528497409,48.17471129432702
2026-01-24 17:52:54,75.0,99.48186528497409,48.27026395908239
2026-01-24 17:53:09,75.0,99.48186528497409,48.365816623837766
2026-01-24 17:53:24,87.5,99.48186528497409,48.46136928859314
2026-01-24 17:53:39,87.5,99.48186528497409,48.556921953348514
2026-01-24 17:53:54,87.5,99.48186528497409,48.65247461810389
2026-01-24 17:54:09,87.5,99.48186528497409,48.74802728285926
2026-01-24 17:54:24,87.5,99.48186528497409,48.84357994761463
2026-01-24 17:54:39,87.5,99.48186528497409,48.93913261237
2026-01-24 17:54:54,87.5,99.49238578680203,49.03468527712538
2026-01-24 17:55:09,87.5,99.49238578680203,49.13023794188075
2026-01-24 17:55:24,87.5,99.49238578680203,49.225790606636124
2026-01-24 17:55:39,87.5,99.49238578680203,49.3213432713915
2026-01-24 17:55:54,87.5,99.49238578680203,49.41689593614687
2026-01-24 17:56:09,87.5,99.49238578680203,49.512448600902246
2026-01-24 17:56:24,87.5,99.49238578680203,49.60800126565762
2026-01-24 17:56:39,87.5,99.49238578680203,49.703553930412994
2026-01-24 17:56:54,87.5,99.49238578680203,49.79910659516837
2026-01-24 17:57:09,87.5,99.49238578680203,49.89465925992374
2026-01-24 17:57:24,87.5,99.49238578680203,49.990211924679116
2026-01-24 17:57:39,87.5,99.50248756218906,50.08576458943449
2026-01-24 17:57:54,87.5,99.50248756218906,50.181317254189864
2026-01-24 17:58:09,87.5,99.50248756218906,50.27686991894524
2026-01-24 17:58:24,87.5,99.50248756218906,50.37242258370061
2026-01-24 17:58:39,87.5,99.50248756218906,50.467975248455986
2026-01-24 17:58:54,87.5,99.50248756218906,50.56352791321136
2026-01-24 17:59:09,87.5,99.50248756218906,50.65908057796673
2026-01-24 17:59:24,87.5,99.50248756218906,50.75463324272211
2026-01-24 17:59:39,87.5,99.50248756218906,50.85018590747748
2026-01-24 17:59:54,87.5,99.50248756218906,50.945738572232855
2026-01-24 18:00:09,87.5,99.50248756218906,50.942466190323444
2026-01-24 18:00:24,87.5,99.50248756218906,50.87331044397085
2026-01-24 18:00:39,87.5,99.50248756218906,50.80415469761825
2026-01-24 18:00:54,87.5,99.50248756218906,50.73499895126566
2026-01-24 18:01:09,87.5,99.50248756218906,50.66584320491306
2026-01-24 18:01:24,87.5,99.50248756218906,50.59668745856047
2026-01-24 18:01:39,87.5,99.50248756218906,50.52753171220787
2026-01-24 18:01:54,87.5,99.50248756218906,50.458375965855275
2026-01-24 18:02:09,87.5,99.50248756218906,50.389220219502675
2026-01-24 18:02:24,87.5,99.50248756218906,50.32006447315008
2026-01-24 18:02:39,87.5,99.50248756218906,50.25090872679748
2026-01-24 18:02:54,87.5,99.50248756218906,50.18175298044489
2026-01-24 18:03:09,87.5,99.50248756218906,50.11259723409229
2026-01-24 18:03:24,87.5,99.50248756218906,50.0434414877397
2026-01-24 18:03:39,87.5,99.49238578680203,49.9742857413871
2026-01-24 18:03:54,87.5,99.49238578680203,49.90512999503451
2026-01-24 18:04:09,87.5,99.49238578680203,49.83597424868191
2026-01-24 18:04:24,87.5,99.49238578680203,49.766818502329315
2026-01-24 18:04:39,87.5,99.49238578680203,49.697662755976715
2026-01-24 18:04:54,87.5,99.49238578680203,49.62850700962412
2026-01-24 18:05:09,87.5,99.49238578680203,49.55935126327152
2026-01-24 18:05:24,87.5,99.49238578680203,49.49019551691893
2026-01-24 18:05:39,87.5,99.49238578680203,49.42103977056633
2026-01-24 18:05:54,87.5,99.49238578680203,49.35188402421374
2026-01-24 18:06:09,87.5,99.49238578680203,49.28272827786114
2026-01-24 18:06:24,87.5,99.49238578680203,49.21357253150855
2026-01-24 18:06:39,87.5,99.49238578680203,49.14441678515595
2026-01-24 18:06:54,87.5,99.49238578680203,49.075261038803355
2026-01-24 18:07:09,87.5,99.49238578680203,49.006105292450755
2026-01-24 18:07:24,87.5,99.48186528497409,48.93694954609816
2026-01-24 18:07:39,87.5,99.48186528497409,48.86779379974556
2026-01-24 18:07:54,87.5,100.0,48.79863805339297
2026-01-24 18:08:09,87.5,100.0,48.72948230704037
2026-01-24 18:08:24,87.5,100.0,48.66032656068778
2026-01-24 18:08:39,87.5,100.0,48.59117081433518
2026-01-24 18:08:54,87.5,100.0,48.522015067982586
2026-01-24 18:09:09,87.5,100.0,48.45285932162999
2026-01-24 18:09:24,87.5,100.0,48.383703575277394
2026-01-24 18:09:39,87.5,100.0,48.314547828924795
2026-01-24 18:09:54,87.5,100.0,48.2453920825722
2026-01-24 18:10:09,87.5,100.0,48.1762363362196
2026-01-24 18:10:24,87.5,100.0,48.10708058986701
2026-01-24 18:10:39,87.5,100.0,48.03792484351441
2026-01-24 18:10:54,87.5,100.0,47.96876909716182
2026-01-24 18:11:09,87.5,100.0,47.89961335080922
2026-01-24 18:11:24,87.5,100.0,47.830457604456626
2026-01-24 18:11:39,87.5,100.0,47.76130185810403
2026-01-24 18:11:54,87.5,100.0,47.692146111751434
2026-01-24 18:12:09,87.5,100.0,47.622990365398834
2026-01-24 18:12:24,87.5,100.0,47.55383461904624
2026-01-24 18:12:39,87.5,100.0,47.48467887269364
2026-01-24 18:12:54,87.5,100.0,47.41552312634105
2026-01-24 18:13:09,87.5,100.0,47.34636737998845
2026-01-24 18:13:24,87.5,100.0,47.27721163363586
2026-01-24 18:13:39,87.5,100.0,47.20805588728326
2026-01-24 18:13:54,87.5,100.0,47.138900140930666
2026-01-24 18:14:09,87.5,100.0,47.069744394578066
2026-01-24 18:14:24,87.5,100.0,47.000588648225474
2026-01-24 18:14:39,100.0,100.0,46.931432901872874
2026-01-24 18:14:54,100.0,100.0,46.86227715552028
2026-01-24 18:15:09,100.0,100.0,46.79312140916768
2026-01-24 18:15:24,100.0,100.0,46.72396566281509
2026-01-24 18:15:39,100.0,100.0,46.65480991646249
2026-01-24 18:15:54,100.0,100.0,46.5856541701099
2026-01-24 18:16:09,100.0,100.0,46.5164984237573
2026-01-24 18:16:24,100.0,100.0,46.447342677404706
2026-01-24 18:16:39,100.0,100.0,46.378186931052106
2026-01-24 18:16:54,100.0,100.0,46.309031184699506
2026-01-24 18:17:09,100.0,100.0,46.239875438346914
2026-01-24 18:17:24,100.0,100.0,46.17071969199432
2026-01-24 18:17:39,100.0,100.0,46.10156394564172
2026-01-24 18:17:54,100.0,100.0,46.03240819928912
2026-01-24 18:18:09,100.0,100.0,45.96325245293653
2026-01-24 18:18:24,100.0,100.0,45.89409670658394
2026-01-24 18:18:39,100.0,100.0,45.82494096023134
2026-01-24 18:18:54,100.0,100.0,45.75578521387874
2026-01-24 18:19:09,100.0,100.0,45.686629467526146
2026-01-24 18:19:24,100.0,100.0,45.61747372117355
2026-01-24 18:19:39,100.0,100.0,45.548317974820954
2026-01-24 18:19:54,100.0,100.0,45.479162228468354
2026-01-24 18:20:09,100.0,100.0,45.41000648211576
2026-01-24 18:20:24,100.0,100.0,45.34085073576317
2026-01-24 18:20:39,100.0,100.0,45.27169498941057
2026-01-24 18:20:54,100.0,100.0,45.20253924305797
2026-01-24 18:21:09,100.0,100.0,45.13338349670538
2026-01-24 18:21:24,100.0,100.0,45.064227750352785
2026-01-24 18:21:39,100.0,100.0,44.995072004000185
2026-01-24 18:21:54,100.0,100.0,44.925916257647586
2026-01-24 18:22:09,100.0,100.0,44.85676051129499
2026-01-24 18:22:24,100.0,100.0,44.787604764942394
2026-01-24 18:22:39,100.0,100.0,44.7184490185898
2026-01-24 18:22:54,100.0,100.0,44.6492932722372
2026-01-24 18:23:09,100.0,100.0,44.58013752588461
2026-01-24 18:23:24,100.0,100.0,44.51098177953201
2026-01-24 18:23:39,100.0,100.0,44.44182603317942
2026-01-24 18:23:54,100.0,100.0,44.37267028682682
2026-01-24 18:24:09,100.0,100.0,44.303514540474225
2026-01-24 18:24:24,100.0,100.0,44.234358794121626
2026-01-24 18:24:39,100.0,100.0,44.16520304776903
2026-01-24 18:24:54,100.0,100.0,44.096047301416434
2026-01-24 18:25:09,100.0,100.0,44.02689155506384
2026-01-24 18:25:24,100.0,100.0,43.95773580871124
2026-01-24 18:25:39,100.0,100.0,43.88858006235865
2026-01-24 18:25:54,100.0,100.0,43.81942431600605
2026-01-24 18:26:09,100.0,100.0,43.75026856965346
2026-01-24 18:26:24,100.0,100.0,43.68111282330086
2026-01-24 18:26:39,100.0,100.0,43.611957076948265
2026-01-24 18:26:54,100.0,100.0,43.542801330595665
2026-01-24 18:27:09,100.0,100.0,43.47364558424307
2026-01-24 18:27:24,100.0,100.0,43.40448983789047
2026-01-24 18:27:39,100.0,100.0,43.33533409153788
2026-01-24 18:27:54,100.0,100.0,43.26617834518528
2026-01-24 18:28:09,100.0,100.0,43.19702259883269
2026-01-24 18:28:24,100.0,100.0,43.12786685248009
2026-01-24 18:28:39,100.0,100.0,43.0587111061275
2026-01-24 18:28:54,100.0,100.0,42.9895553597749
2026-01-24 18:29:09,100.0,100.0,42.920399613422305
2026-01-24 18:29:24,100.0,100.0,42.851243867069705
2026-01-24 18:29:39,100.0,100.0,42.78208812071711
2026-01-24 18:29:54,100.0,100.0,42.71293237436451
2026-01-24 18:30:09,100.0,100.0,42.64377662801192
2026-01-24 18:30:24,100.0,100.0,42.57462088165932
2026-01-24 18:30:39,100.0,100.0,42.50546513530673
2026-01-24 18:30:54,100.0,100.0,42.43630938895413
2026-01-24 18:31:09,100.0,100.0,42.36715364260154
2026-01-24 18:31:24,100.0,100.0,42.29799789624894
2026-01-24 18:31:39,100.0,100.0,42.228842149896344
2026-01-24 18:31:54,100.0,100.0,42.159686403543745
2026-01-24 18:32:09,100.0,100.0,42.09053065719115
2026-01-24 18:32:24,100.0,100.0,42.02137491083855
2026-01-24 18:32:39,100.0,100.0,41.95221916448596
2026-01-24 18:32:54,100.0,100.0,41.88306341813336
2026-01-24 18:33:09,100.0,100.0,41.81390767178077
2026-01-24 18:33:24,100.0,100.0,41.74475192542817
2026-01-24 18:33:39,100.0,100.0,41.675596179075576
2026-01-24 18:33:54,100.0,100.0,41.60644043272298
2026-01-24 18:34:09,100.0,100.0,41.537284686370384
2026-01-24 18:34:24,100.0,100.0,41.468128940017785
2026-01-24 18:34:39,100.0,100.0,41.398973193665185
2026-01-24 18:34:54,100.0,100.0,41.32981744731259
2026-01-24 18:35:09,100.0,100.0,41.26066170096
2026-01-24 18:35:24,100.0,100.0,41.1915059546074
2026-01-24 18:35:39,100.0,100.0,41.1223502082548
2026-01-24 18:35:54,100.0,100.0,41.05319446190221
2026-01-24 18:36:09,100.0,100.0,40.984038715549616
2026-01-24 18:36:24,100.0,100.0,40.914882969197016
2026-01-24 18:36:39,100.0,100.0,40.84572722284442
2026-01-24 18:36:54,100.0,100.0,40.776571476491824
2026-01-24 18:37:09,100.0,100.0,40.70741573013923
2026-01-24 18:37:24,100.0,100.0,40.63825998378663
2026-01-24 18:37:39,100.0,100.0,40.56910423743403
2026-01-24 18:37:54,100.0,100.0,40.49994849108144
2026-01-24 18:38:09,100.0,100.0,40.43079274472885
2026-01-24 18:38:24,100.0,100.0,40.36163699837625
2026-01-24 18:38:39,100.0,100.0,40.29248125202365
2026-01-24 18:38:54,100.0,100.0,40.223325505671056
2026-01-24 18:39:09,100.0,100.0,40.154169759318464
2026-01-24 18:39:24,100.0,100.0,40.085014012965864
2026-01-24 18:39:39,100.0,100.0,40.015858266613265
2026-01-24 18:39:54,100.0,100.0,39.94670252026067
2026-01-24 18:40:09,100.0,100.0,39.87754677390808
2026-01-24 18:40:24,100.0,100.0,39.80839102755548
2026-01-24 18:40:39,100.0,100.0,39.73923528120288
2026-01-24 18:40:54,100.0,100.0,39.67007953485029
2026-01-24 18:41:09,100.0,100.0,39.600923788497695
2026-01-24 18:41:24,100.0,100.0,39.531768042145096
2026-01-24 18:41:39,100.0,100.0,39.462612295792496
2026-01-24 18:41:54,100.0,100.0,39.393456549439904
2026-01-24 18:42:09,100.0,100.0,39.32430080308731
2026-01-24 18:42:24,100.0,100.0,39.25514505673471
2026-01-24 18:42:39,100.0,100.0,39.18598931038211
2026-01-24 18:42:54,100.0,100.0,39.11683356402952
2026-01-24 18:43:09,100.0,100.0,39.04767781767693
2026-01-24 18:43:24,100.0,100.0,38.97852207132433
2026-01-24 18:43:39,100.0,100.0,38.90936632497173
2026-01-24 18:43:54,100.0,100.0,38.840210578619136
2026-01-24 18:44:09,100.0,100.0,38.771054832266536
2026-01-24 18:44:24,100.0,100.0,38.701899085913944
2026-01-24 18:44:39,100.0,100.0,38.632743339561344
2026-01-24 18:44:54,100.0,100.0,38.56358759320875
2026-01-24 18:45:09,100.0,100.0,38.49443184685615
2026-01-24 18:45:24,100.0,100.0,38.42527610050356
2026-01-24 18:45:39,100.0,100.0,38.35612035415096
2026-01-24 18:45:54,100.0,100.0,38.28696460779837
2026-01-24 18:46:09,100.0,100.0,38.21780886144577
2026-01-24 18:46:24,100.0,100.0,38.148653115093175
2026-01-24 18:46:39,100.0,100.0,38.079497368740576
2026-01-24 18:46:54,100.0,100.0,38.01034162238798
2026-01-24 18:47:09,100.0,100.0,37.941185876035384
2026-01-24 18:47:24,100.0,100.0,37.87203012968279
2026-01-24 18:47:39,100.0,100.0,37.80287438333019
2026-01-24 18:47:54,100.0,100.0,37.7337186369776
2026-01-24 18:48:09,100.0,100.0,37.664562890625
2026-01-24 18:48:24,100.0,100.0,37.59540714427241
2026-01-24 18:48:39,100.0,100.0,37.52625139791981
2026-01-24 18:48:54,100.0,100.0,37.457095651567215
2026-01-24 18:49:09,100.0,100.0,37.387939905214616
2026-01-24 18:49:24,100.0,100.0,37.31878415886202
2026-01-24 18:49:39,100.0,100.0,37.24962841250942
2026-01-24 18:49:54,100.0,100.0,37.18047266615683
2026-01-24 18:50:09,100.0,100.0,37.11131691980423
2026-01-24 18:50:24,100.0,100.0,37.04216117345164
2026-01-24 18:50:39,100.0,100.0,36.97300542709904
2026-01-24 18:50:54,100.0,100.0,36.90384968074645
2026-01-24 18:51:09,100.0,100.0,36.83469393439385
2026-01-24 18:51:24,100.0,100.0,36.765538188041255
2026-01-24 18:51:39,100.0,100.0,36.696382441688655
2026-01-24 18:51:54,100.0,100.0,36.62722669533606
2026-01-24 18:52:09,100.0,100.0,36.55807094898346
2026-01-24 18:52:24,100.0,100.0,36.48891520263087
2026-01-24 18:52:39,100.0,100.0,36.41975945627827
2026-01-24 18:52:54,100.0,100.0,36.35060370992568
2026-01-24 18:53:09,100.0,100.0,36.28144796357308
2026-01-24 18:53:24,100.0,100.0,36.21229221722048
2026-01-24 18:53:39,100.0,100.0,36.14313647086789
2026-01-24 18:53:54,100.0,100.0,36.073980724515295
2026-01-24 18:54:09,100.0,100.0,36.004824978162695
2026-01-24 18:54:24,100.0,100.0,35.935669231810095
2026-01-24 18:54:39,100.0,100.0,35.8665134854575
2026-01-24 18:54:54,100.0,100.0,35.79735773910491
2026-01-24 18:55:09,100.0,100.0,35.72820199275231
2026-01-24 18:55:24,100.0,100.0,35.65904624639971
2026-01-24 18:55:39,100.0,100.0,35.58989050004712
2026-01-24 18:55:54,100.0,100.0,35.520734753694526
2026-01-24 18:56:09,100.0,100.0,35.45157900734193
2026-01-24 18:56:24,100.0,100.0,35.38242326098933
2026-01-24 18:56:39,100.0,100.0,35.313267514636735
2026-01-24 18:56:54,100.0,100.0,35.24411176828414
2026-01-24 18:57:09,100.0,100.0,35.17495602193154
2026-01-24 18:57:24,100.0,100.0,35.10580027557894
2026-01-24 18:57:39,100.0,100.0,35.03664452922635
2026-01-24 18:57:54,100.0,100.0,34.96748878287376
2026-01-24 18:58:09,100.0,100.0,34.89833303652116
2026-01-24 18:58:24,100.0,100.0,34.82917729016856
2026-01-24 18:58:39,100.0,100.0,34.76002154381597
2026-01-24 18:58:54,100.0,100.0,34.690865797463374
2026-01-24 18:59:09,100.0,100.0,34.621710051110774
2026-01-24 18:59:24,100.0,100.0,34.552554304758175
2026-01-24 18:59:39,100.0,100.0,34.48339855840558
2026-01-24 18:59:54,100.0,100.0,34.41424281205299
2026-01-24 19:00:09,100.0,100.0,34.34508706570039
2026-01-24 19:00:24,100.0,100.0,34.27593131934779
2026-01-24 19:00:39,100.0,100.0,34.2067755729952
2026-01-24 19:00:54,100.0,100.0,34.137619826642606
2026-01-24 19:01:09,100.0,100.0,34.068464080290006
2026-01-24 19:01:24,100.0,100.0,33.99930833393741
2026-01-24 19:01:39,100.0,100.0,33.930152587584814
2026-01-24 19:01:54,100.0,100.0,33.86099684123222
2026-01-24 19:02:09,100.0,100.0,33.79184109487962
2026-01-24 19:02:24,100.0,100.0,33.72268534852702
2026-01-24 19:02:39,100.0,100.0,33.65352960217443
2026-01-24 19:02:54,100.0,100.0,33.58437385582184
2026-01-24 19:03:09,100.0,100.0,33.51521810946924
2026-01-24 19:03:24,100.0,100.0,33.44606236311664
2026-01-24 19:03:39,100.0,100.0,33.376906616764046
2026-01-24 19:03:54,100.0,100.0,33.30775087041145
2026-01-24 19:04:09,100.0,100.0,33.238595124058854
2026-01-24 19:04:24,100.0,100.0,33.169439377706254
2026-01-24 19:04:39,100.0,100.0,33.10028363135366
2026-01-24 19:04:54,100.0,100.0,33.03112788500107
2026-01-24 19:05:09,100.0,100.0,32.96197213864847
2026-01-24 19:05:24,100.0,100.0,32.89281639229587
2026-01-24 19:05:39,100.0,100.0,32.82366064594328
2026-01-24 19:05:54,100.0,100.0,32.754504899590685
2026-01-24 19:06:09,100.0,100.0,32.685349153238086
2026-01-24 19:06:24,100.0,100.0,32.616193406885486
2026-01-24 19:06:39,100.0,100.0,32.547037660532894
2026-01-24 19:06:54,100.0,100.0,32.4778819141803
2026-01-24 19:07:09,100.0,100.0,32.4087261678277
2026-01-24 19:07:24,100.0,100.0,32.3395704214751
2026-01-24 19:07:39,100.0,100.0,32.27041467512251
2026-01-24 19:07:54,100.0,100.0,32.20125892876991
2026-01-24 19:08:09,100.0,100.0,32.13210318241731
2026-01-24 19:08:24,100.0,100.0,32.06294743606472
2026-01-24 19:08:39,100.0,100.0,31.993791689712122
2026-01-24 19:08:54,100.0,100.0,31.924635943359526
2026-01-24 19:09:09,100.0,100.0,31.85548019700693
2026-01-24 19:09:24,100.0,100.0,31.786324450654334
2026-01-24 19:09:39,100.0,100.0,31.717168704301738
2026-01-24 19:09:54,100.0,100.0,31.648012957949142
2026-01-24 19:10:09,100.0,100.0,31.578857211596546
2026-01-24 19:10:24,100.0,100.0,31.50970146524395
2026-01-24 19:10:39,100.0,100.0,31.440545718891354
2026-01-24 19:10:54,100.0,100.0,31.371389972538758
2026-01-24 19:11:09,100.0,100.0,31.30223422618616
2026-01-24 19:11:24,100.0,100.0,31.233078479833566
2026-01-24 19:11:39,100.0,100.0,31.16392273348097
2026-01-24 19:11:54,100.0,100.0,31.094766987128374
2026-01-24 19:12:09,100.0,100.0,31.025611240775778
2026-01-24 19:12:24,100.0,100.0,30.95645549442318
2026-01-24 19:12:39,100.0,100.0,30.887299748070586
2026-01-24 19:12:54,100.0,100.0,30.81814400171799
2026-01-24 19:13:09,100.0,100.0,30.748988255365393
2026-01-24 19:13:24,100.0,100.0,30.679832509012797
2026-01-24 19:13:39,100.0,100.0,30.6106767626602
2026-01-24 19:13:54,100.0,100.0,30.541521016307605
2026-01-24 19:14:09,100.0,100.0,30.47236526995501
2026-01-24 19:14:24,100.0,100.0,30.403209523602413
2026-01-24 19:14:39,100.0,100.0,30.334053777249817
2026-01-24 19:14:54,100.0,100.0,30.26489803089722
2026-01-24 19:15:09,100.0,100.0,30.195742284544625
2026-01-24 19:15:24,100.0,100.0,30.12658653819203
2026-01-24 19:15:39,100.0,100.0,30.057430791839433
2026-01-24 19:15:54,100.0,100.0,29.988275045486837
2026-01-24 19:16:09,100.0,100.0,29.91911929913424
2026-01-24 19:16:24,100.0,100.0,29.849963552781645
2026-01-24 19:16:39,100.0,100.0,29.78080780642905
2026-01-24 19:16:54,100.0,100.0,29.711652060076453
2026-01-24 19:17:09,100.0,100.0,29.642496313723857
2026-01-24 19:17:24,100.0,100.0,29.57334056737126
2026-01-24 19:17:39,100.0,100.0,29.504184821018665
2026-01-24 19:17:54,100.0,100.0,29.43502907466607
2026-01-24 19:18:09,100.0,100.0,29.365873328313473
2026-01-24 19:18:24,100.0,100.0,29.296717581960877
2026-01-24 19:18:39,100.0,100.0,29.22756183560828
2026-01-24 19:18:54,100.0,100.0,29.158406089255685
2026-01-24 19:19:09,100.0,100.0,29.08925034290309
2026-01-24 19:19:24,100.0,100.0,29.020094596550493
2026-01-24 19:19:39,100.0,100.0,28.950938850197897
2026-01-24 19:19:54,100.0,100.0,28.8817831038453
2026-01-24 19:20:09,100.0,100.0,28.812627357492705
2026-01-24 19:20:24,100.0,100.0,28.74347161114011
2026-01-24 19:20:39,100.0,100.0,28.674315864787513
2026-01-24 19:20:54,100.0,100.0,28.605160118434917
2026-01-24 19:21:09,100.0,100.0,28.53600437208232
2026-01-24 19:21:24,100.0,100.0,28.466848625729725
2026-01-24 19:21:39,100.0,100.0,28.39769287937713
2026-01-24 19:21:54,100.0,100.0,28.328537133024533
2026-01-24 19:22:09,100.0,100.0,28.259381386671937
2026-01-24 19:22:24,100.0,100.0,28.19022564031934
2026-01-24 19:22:39,100.0,100.0,28.121069893966745
2026-01-24 19:22:54,100.0,100.0,28.05191414761415
2026-01-24 19:23:09,100.0,100.0,27.982758401261552
2026-01-24 19:23:24,100.0,100.0,27.913602654908956
2026-01-24 19:23:39,100.0,100.0,27.84444690855636
2026-01-24 19:23:54,100.0,100.0,27.775291162203764
2026-01-24 19:24:09,100.0,100.0,27.70613541585117
2026-01-24 19:24:24,100.0,100.0,27.636979669498572
2026-01-24 19:24:39,100.0,100.0,27.567823923145976
2026-01-24 19:24:54,100.0,100.0,27.49866817679338
2026-01-24 19:25:09,100.0,100.0,27.429512430440784
2026-01-24 19:25:24,100.0,100.0,27.360356684088188
2026-01-24 19:25:39,100.0,100.0,27.291200937735592
2026-01-24 19:25:54,100.0,100.0,27.222045191382996
2026-01-24 19:26:09,100.0,100.0,27.1528894450304
2026-01-24 19:26:24,100.0,100.0,27.083733698677804
2026-01-24 19:26:39,100.0,100.0,27.014577952325208
2026-01-24 19:26:54,100.0,100.0,26.94542220597261
2026-01-24 19:27:09,100.0,100.0,26.876266459620012
2026-01-24 19:27:24,100.0,100.0,26.807110713267416
2026-01-24 19:27:39,100.0,100.0,26.73795496691482
2026-01-24 19:27:54,100.0,100.0,26.668799220562224
2026-01-24 19:28:09,100.0,100.0,26.59964347420963
2026-01-24 19:28:24,100.0,100.0,26.530487727857032
2026-01-24 19:28:39,100.0,100.0,26.461331981504436
2026-01-24 19:28:54,100.0,100.0,26.39217623515184
2026-01-24 19:29:09,100.0,100.0,26.323020488799244
2026-01-24 19:29:24,100.0,100.0,26.25386474244665
2026-01-24 19:29:39,100.0,100.0,26.184708996094052
2026-01-24 19:29:54,100.0,100.0,26.115553249741456
2026-01-24 19:30:09,100.0,100.0,26.04639750338886
2026-01-24 19:30:24,100.0,100.0,25.977241757036264
2026-01-24 19:30:39,100.0,100.0,25.908086010683668
2026-01-24 19:30:54,100.0,100.0,25.838930264331072
2026-01-24 19:31:09,100.0,100.0,25.769774517978476
2026-01-24 19:31:24,100.0,100.0,25.70061877162588
2026-01-24 19:31:39,100.0,100.0,25.631463025273284
2026-01-24 19:31:54,100.0,100.0,25.562307278920688
2026-01-24 19:32:09,100.0,100.0,25.493151532568092
2026-01-24 19:32:24,100.0,100.0,25.423995786215496
2026-01-24 19:32:39,100.0,100.0,25.3548400398629
2026-01-24 19:32:54,100.0,100.0,25.285684293510304
2026-01-24 19:33:09,100.0,100.0,25.216528547157708
2026-01-24 19:33:24,100.0,100.0,25.147372800805112
2026-01-24 19:33:39,100.0,100.0,25.078217054452516
2026-01-24 19:33:54,100.0,100.0,25.00906130809992
2026-01-24 19:34:09,100.0,100.0,24.939905561747324
2026-01-24 19:34:24,100.0,100.0,24.870749815394728
2026-01-24 19:34:39,100.0,100.0,24.80159406904213
2026-01-24 19:34:54,100.0,100.0,24.732438322689536
2026-01-24 19:35:09,100.0,100.0,24.66328257633694
2026-01-24 19:35:24,100.0,100.0,24.594126829984344
2026-01-24 19:35:39,100.0,100.0,24.524971083631748
2026-01-24 19:35:54,100.0,100.0,24.45581533727915
2026-01-24 19:36:09,100.0,100.0,24.386659590926556
2026-01-24 19:36:24,100.0,100.0,24.31750384457396
2026-01-24 19:36:39,100.0,100.0,24.248348098221364
2026-01-24 19:36:54,100.0,100.0,24.179192351868767
2026-01-24 19:37:09,100.0,100.0,24.11003660551617
2026-01-24 19:37:24,100.0,100.0,24.040880859163575
2026-01-24 19:37:39,100.0,100.0,23.97172511281098
2026-01-24 19:37:54,100.0,100.0,23.902569366458383
2026-01-24 19:38:09,100.0,100.0,23.833413620105787
2026-01-24 19:38:24,100.0,100.0,23.76425787375319
2026-01-24 19:38:39,100.0,100.0,23.695102127400595
2026-01-24 19:38:54,100.0,100.0,23.625946381048
2026-01-24 19:39:09,100.0,100.0,23.556790634695403
2026-01-24 19:39:24,100.0,100.0,23.487634888342807
2026-01-24 19:39:39,100.0,100.0,23.41847914199021
2026-01-24 19:39:54,100.0,100.0,23.349323395637615
2026-01-24 19:40:09,100.0,100.0,23.28016764928502
2026-01-24 19:40:24,100.0,100.0,23.211011902932423
2026-01-24 19:40:39,100.0,100.0,23.141856156579827
2026-01-24 19:40:54,100.0,100.0,23.07270041022723
2026-01-24 19:41:09,100.0,100.0,23.003544663874635
2026-01-24 19:41:24,100.0,100.0,22.93438891752204
2026-01-24 19:41:39,100.0,100.0,22.865233171169443
2026-01-24 19:41:54,100.0,100.0,22.796077424816847
2026-01-24 19:42:09,100.0,100.0,22.72692167846425
2026-01-24 19:42:24,100.0,100.0,22.657765932111655
2026-01-24 19:42:39,100.0,100.0,22.58861018575906
2026-01-24 19:42:54,100.0,100.0,22.519454439406463
2026-01-24 19:43:09,100.0,100.0,22.450298693053867
2026-01-24 19:43:24,100.0,100.0,22.38114294670127
2026-01-24 19:43:39,100.0,100.0,22.311987200348675
2026-01-24 19:43:54,100.0,100.0,22.24283145399608
2026-01-24 19:44:09,100.0,100.0,22.173675707643483
2026-01-24 19:44:24,100.0,100.0,22.104519961290887
2026-01-24 19:44:39,100.0,100.0,22.03536421493829
2026-01-24 19:44:54,100.0,100.0,21.966208468585695
2026-01-24 19:45:09,100.0,100.0,21.8970527222331
2026-01-24 19:45:24,100.0,100.0,21.827896975880503
2026-01-24 19:45:39,100.0,100.0,21.758741229527907
2026-01-24 19:45:54,100.0,100.0,21.68958548317531
2026-01-24 19:46:09,100.0,100.0,21.62042973682271
2026-01-24 19:46:24,100.0,100.0,21.551273990470115
2026-01-24 19:46:39,100.0,100.0,21.48211824411752
2026-01-24 19:46:54,100.0,100.0,21.412962497764923
2026-01-24 19:47:09,100.0,100.0,21.343806751412327
2026-01-24 19:47:24,100.0,100.0,21.27465100505973
2026-01-24 19:47:39,100.0,100.0,21.205495258707135
2026-01-24 19:47:54,100.0,100.0,21.13633951235454
2026-01-24 19:48:09,100.0,100.0,21.067183766001943
2026-01-24 19:48:24,100.0,100.0,20.998028019649347
2026-01-24 19:48:39,100.0,100.0,20.92887227329675
2026-01-24 19:48:54,100.0,100.0,20.859716526944155
2026-01-24 19:49:09,100.0,100.0,20.79056078059156
2026-01-24 19:49:24,100.0,100.0,20.721405034238963
2026-01-24 19:49:39,100.0,100.0,20.652249287886367
2026-01-24 19:49:54,100.0,100.0,20.58309354153377
2026-01-24 19:50:09,100.0,100.0,20.513937795181175
2026-01-24 19:50:24,100.0,100.0,20.44478204882858
2026-01-24 19:50:39,100.0,100.0,20.375626302475982
2026-01-24 19:50:54,100.0,100.0,20.306470556123386
2026-01-24 19:51:09,100.0,100.0,20.23731480977079
2026-01-24 19:51:24,100.0,100.0,20.168159063418194
2026-01-24 19:51:39,100.0,100.0,20.0990033170656
2026-01-24 19:51:54,100.0,100.0,20.029847570713002
2026-01-24 19:52:09,100.0,100.0,19.960691824360406
2026-01-24 19:52:24,100.0,100.0,19.89153607800781
2026-01-24 19:52:39,100.0,100.0,19.822380331655214
2026-01-24 19:52:54,100.0,100.0,19.75322458530262
2026-01-24 19:53:09,100.0,100.0,19.684068838950022
2026-01-24 19:53:24,100.0,100.0,19.614913092597426
2026-01-24 19:53:39,100.0,100.0,19.54575734624483
2026-01-24 19:53:54,100.0,100.0,19.476601599892234
2026-01-24 19:54:09,100.0,100.0,19.407445853539638
2026-01-24 19:54:24,100.0,100.0,19.338290107187042
2026-01-24 19:54:39,100.0,100.0,19.269134360834446
2026-01-24 19:54:54,100.0,100.0,19.19997861448185
2026-01-24 19:55:09,100.0,100.0,19.130822868129254
2026-01-24 19:55:24,100.0,100.0,19.061667121776658
2026-01-24 19:55:39,100.0,100.0,18.992511375424062
2026-01-24 19:55:54,100.0,100.0,18.923355629071466
2026-01-24 19:56:09,100.0,100.0,18.854199882718866
2026-01-24 19:56:24,100.0,100.0,18.785044136366274
2026-01-24 19:56:39,100.0,100.0,18.715888390013674
2026-01-24 19:56:54,100.0,100.0,18.646732643661082
2026-01-24 19:57:09,100.0,100.0,18.577576897308482
2026-01-24 19:57:24,100.0,100.0,18.50842115095589
2026-01-24 19:57:39,100.0,100.0,18.43926540460329
2026-01-24 19:57:54,100.0,100.0,18.370109658250698
2026-01-24 19:58:09,100.0,100.0,18.300953911898098
2026-01-24 19:58:24,100.0,100.0,18.231798165545506
2026-01-24 19:58:39,100.0,100.0,18.162642419192906
2026-01-24 19:58:54,100.0,100.0,18.093486672840314
2026-01-24 19:59:09,100.0,100.0,18.024330926487714
2026-01-24 19:59:24,100.0,100.0,17.95517518013512
2026-01-24 19:59:39,100.0,100.0,17.886019433782522
2026-01-24 19:59:54,100.0,100.0,17.81686368742993
2026-01-24 20:00:09,100.0,100.0,17.774281423611114
2026-01-24 20:00:24,100.0,100.0,17.749414814814816
2026-01-24 20:00:39,100.0,100.0,17.72454820601852
2026-01-24 20:00:54,100.0,100.0,17.699681597222224
2026-01-24 20:01:09,100.0,100.0,17.67481498842593
2026-01-24 20:01:24,100.0,100.0,17.64994837962963
2026-01-24 20:01:39,100.0,100.0,17.625081770833336
2026-01-24 20:01:54,100.0,100.0,17.60021516203704
2026-01-24 20:02:09,100.0,100.0,17.575348553240744
2026-01-24 20:02:24,100.0,100.0,17.550481944444446
2026-01-24 20:02:39,100.0,100.0,17.52561533564815
2026-01-24 20:02:54,100.0,100.0,17.500748726851853
2026-01-24 20:03:09,100.0,100.0,17.47588211805556
2026-01-24 20:03:24,100.0,100.0,17.45101550925926
2026-01-24 20:03:39,100.0,100.0,17.426148900462966
2026-01-24 20:03:54,100.0,100.0,17.401282291666668
2026-01-24 20:04:09,100.0,100.0,17.376415682870373
2026-01-24 20:04:24,100.0,100.0,17.351549074074075
2026-01-24 20:04:39,100.0,100.0,17.32668246527778
2026-01-24 20:04:54,100.0,100.0,17.301815856481483
2026-01-24 20:05:09,100.0,100.0,17.276949247685188
2026-01-24 20:05:24,100.0,100.0,17.25208263888889
2026-01-24 20:05:39,100.0,100.0,17.227216030092595
2026-01-24 20:05:54,100.0,100.0,17.202349421296297
2026-01-24 20:06:09,100.0,100.0,17.177482812500003
2026-01-24 20:06:24,100.0,100.0,17.152616203703705
2026-01-24 20:06:39,100.0,100.0,17.12774959490741
2026-01-24 20:06:54,100.0,100.0,17.102882986111112
2026-01-24 20:07:09,100.0,100.0,17.078016377314817
2026-01-24 20:07:24,100.0,100.0,17.05314976851852
2026-01-24 20:07:39,100.0,100.0,17.028283159722225
2026-01-24 20:07:54,100.0,100.0,17.003416550925927
2026-01-24 20:08:09,100.0,100.0,16.978549942129632
2026-01-24 20:08:24,100.0,100.0,16.953683333333334
2026-01-24 20:08:39,100.0,100.0,16.92881672453704
2026-01-24 20:08:54,100.0,100.0,16.90395011574074
2026-01-24 20:09:09,100.0,100.0,16.879083506944447
2026-01-24 20:09:24,100.0,100.0,16.85421689814815
2026-01-24 20:09:39,100.0,100.0,16.829350289351854
2026-01-24 20:09:54,100.0,100.0,16.804483680555556
2026-01-24 20:10:09,100.0,100.0,16.77961707175926
2026-01-24 20:10:24,100.0,100.0,16.754750462962964
2026-01-24 20:10:39,100.0,100.0,16.72988385416667
2026-01-24 20:10:54,100.0,100.0,16.70501724537037
2026-01-24 20:11:09,100.0,100.0,16.680150636574076
2026-01-24 20:11:24,100.0,100.0,16.65528402777778
2026-01-24 20:11:39,100.0,100.0,16.630417418981484
2026-01-24 20:11:54,100.0,100.0,16.605550810185186
2026-01-24 20:12:09,100.0,100.0,16.58068420138889
2026-01-24 20:12:24,100.0,100.0,16.555817592592593
2026-01-24 20:12:39,100.0,100.0,16.5309509837963
2026-01-24 20:12:54,100.0,100.0,16.506084375
2026-01-24 20:13:09,100.0,100.0,16.481217766203706
2026-01-24 20:13:24,100.0,100.0,16.45635115740741
2026-01-24 20:13:39,100.0,100.0,16.431484548611113
2026-01-24 20:13:54,100.0,100.0,16.406617939814815
2026-01-24 20:14:09,100.0,100.0,16.38175133101852
2026-01-24 20:14:24,100.0,100.0,16.356884722222226
2026-01-24 20:14:39,100.0,100.0,16.332018113425928
2026-01-24 20:14:54,100.0,100.0,16.30715150462963
2026-01-24 20:15:09,100.0,100.0,16.282284895833335
2026-01-24 20:15:24,100.0,100.0,16.25741828703704
2026-01-24 20:15:39,100.0,100.0,16.232551678240743
2026-01-24 20:15:54,100.0,100.0,16.207685069444445
2026-01-24 20:16:09,100.0,100.0,16.18281846064815
2026-01-24 20:16:24,100.0,100.0,16.157951851851855
2026-01-24 20:16:39,100.0,100.0,16.133085243055557
2026-01-24 20:16:54,100.0,100.0,16.108218634259263
2026-01-24 20:17:09,100.0,100.0,16.083352025462965
2026-01-24 20:17:24,100.0,100.0,16.05848541666667
2026-01-24 20:17:39,100.0,100.0,16.033618807870372
2026-01-24 20:17:54,100.0,100.0,16.008752199074078
2026-01-24 20:18:09,100.0,100.0,15.98388559027778
2026-01-24 20:18:24,100.0,100.0,15.959018981481483
2026-01-24 20:18:39,100.0,100.0,15.934152372685187
2026-01-24 20:18:54,100.0,100.0,15.90928576388889
2026-01-24 20:19:09,100.0,100.0,15.884419155092594
2026-01-24 20:19:24,100.0,100.0,15.859552546296298
2026-01-24 20:19:39,100.0,100.0,15.834685937500002
2026-01-24 20:19:54,100.0,100.0,15.809819328703705
2026-01-24 20:20:09,100.0,100.0,15.784952719907409
2026-01-24 20:20:24,100.0,100.0,15.760086111111113
2026-01-24 20:20:39,100.0,100.0,15.735219502314816
2026-01-24 20:20:54,100.0,100.0,15.71035289351852
2026-01-24 20:21:09,100.0,100.0,15.685486284722224
2026-01-24 20:21:24,100.0,100.0,15.660619675925927
2026-01-24 20:21:39,100.0,100.0,15.635753067129631
2026-01-24 20:21:54,100.0,100.0,15.610886458333335
2026-01-24 20:22:09,100.0,100.0,15.586019849537038
2026-01-24 20:22:24,100.0,100.0,15.561153240740742
2026-01-24 20:22:39,100.0,100.0,15.536286631944446
2026-01-24 20:22:54,100.0,100.0,15.51142002314815
2026-01-24 20:23:09,100.0,100.0,15.486553414351853
2026-01-24 20:23:24,100.0,100.0,15.461686805555557
2026-01-24 20:23:39,100.0,100.0,15.43682019675926
2026-01-24 20:23:54,100.0,100.0,15.411953587962966
2026-01-24 20:24:09,100.0,100.0,15.387086979166668
2026-01-24 20:24:24,100.0,100.0,15.362220370370373
2026-01-24 20:24:39,100.0,100.0,15.337353761574075
2026-01-24 20:24:54,100.0,100.0,15.31248715277778
2026-01-24 20:25:09,100.0,100.0,15.287620543981483
2026-01-24 20:25:24,100.0,100.0,15.262753935185188
2026-01-24 20:25:39,100.0,100.0,15.23788732638889
2026-01-24 20:25:54,100.0,100.0,15.213020717592595
2026-01-24 20:26:09,100.0,100.0,15.188154108796297
2026-01-24 20:26:24,100.0,100.0,15.163287500000003
2026-01-24 20:26:39,100.0,100.0,15.138420891203705
2026-01-24 20:26:54,100.0,100.0,15.11355428240741
2026-01-24 20:27:09,100.0,100.0,15.088687673611112
2026-01-24 20:27:24,100.0,100.0,15.063821064814817
2026-01-24 20:27:39,100.0,100.0,15.03895445601852
2026-01-24 20:27:54,100.0,100.0,15.014087847222225
2026-01-24 20:28:09,100.0,100.0,14.989221238425927
2026-01-24 20:28:24,100.0,100.0,14.964354629629632
2026-01-24 20:28:39,100.0,100.0,14.939488020833334
2026-01-24 20:28:54,100.0,100.0,14.91462141203704
2026-01-24 20:29:09,100.0,100.0,14.889754803240741
2026-01-24 20:29:24,100.0,100.0,14.864888194444447
2026-01-24 20:29:39,100.0,100.0,14.84002158564815
2026-01-24 20:29:54,100.0,100.0,14.815154976851854
2026-01-24 20:30:09,100.0,100.0,14.790288368055558
2026-01-24 20:30:24,100.0,100.0,14.765421759259262
2026-01-24 20:30:39,100.0,100.0,14.740555150462965
2026-01-24 20:30:54,100.0,100.0,14.715688541666669
2026-01-24 20:31:09,100.0,100.0,14.690821932870373
2026-01-24 20:31:24,100.0,100.0,14.665955324074076
2026-01-24 20:31:39,100.0,100.0,14.64108871527778
2026-01-24 20:31:54,100.0,100.0,14.616222106481484
2026-01-24 20:32:09,100.0,100.0,14.591355497685187
2026-01-24 20:32:24,100.0,100.0,14.566488888888891
2026-01-24 20:32:39,100.0,100.0,14.541622280092595
2026-01-24 20:32:54,100.0,100.0,14.516755671296298
2026-01-24 20:33:09,100.0,100.0,14.491889062500002
2026-01-24 20:33:24,100.0,100.0,14.467022453703706
2026-01-24 20:33:39,100.0,100.0,14.44215584490741
2026-01-24 20:33:54,100.0,100.0,14.417289236111113
2026-01-24 20:34:09,100.0,100.0,14.392422627314817
2026-01-24 20:34:24,100.0,100.0,14.36755601851852
2026-01-24 20:34:39,100.0,100.0,14.342689409722224
2026-01-24 20:34:54,100.0,100.0,14.317822800925928
2026-01-24 20:35:09,100.0,100.0,14.292956192129632
2026-01-24 20:35:24,100.0,100.0,14.268089583333335
2026-01-24 20:35:39,100.0,100.0,14.243222974537039
2026-01-24 20:35:54,100.0,100.0,14.218356365740743
2026-01-24 20:36:09,100.0,100.0,14.193489756944446
2026-01-24 20:36:24,100.0,100.0,14.16862314814815
2026-01-24 20:36:39,100.0,100.0,14.143756539351854
2026-01-24 20:36:54,100.0,100.0,14.118889930555557
2026-01-24 20:37:09,100.0,100.0,14.094023321759261
2026-01-24 20:37:24,100.0,100.0,14.069156712962965
2026-01-24 20:37:39,100.0,100.0,14.044290104166668
2026-01-24 20:37:54,100.0,100.0,14.019423495370372
2026-01-24 20:38:09,100.0,100.0,13.994556886574076
2026-01-24 20:38:24,100.0,100.0,13.96969027777778
2026-01-24 20:38:39,100.0,100.0,13.944823668981483
2026-01-24 20:38:54,100.0,100.0,13.919957060185187
2026-01-24 20:39:09,100.0,100.0,13.89509045138889
2026-01-24 20:39:24,100.0,100.0,13.870223842592594
2026-01-24 20:39:39,100.0,100.0,13.845357233796298
2026-01-24 20:39:54,100.0,100.0,13.820490625000001
2026-01-24 20:40:09,100.0,100.0,13.795624016203705
2026-01-24 20:40:24,100.0,100.0,13.770757407407409
2026-01-24 20:40:39,100.0,100.0,13.745890798611113
2026-01-24 20:40:54,100.0,100.0,13.721024189814816
2026-01-24 20:41:09,100.0,100.0,13.69615758101852
2026-01-24 20:41:24,100.0,100.0,13.671290972222224
2026-01-24 20:41:39,100.0,100.0,13.646424363425927
2026-01-24 20:41:54,100.0,100.0,13.621557754629631
2026-01-24 20:42:09,100.0,100.0,13.596691145833335
2026-01-24 20:42:24,100.0,100.0,13.571824537037038
2026-01-24 20:42:39,100.0,100.0,13.546957928240742
2026-01-24 20:42:54,100.0,100.0,13.522091319444446
2026-01-24 20:43:09,100.0,100.0,13.49722471064815
2026-01-24 20:43:24,100.0,100.0,13.472358101851853
2026-01-24 20:43:39,100.0,100.0,13.447491493055557
2026-01-24 20:43:54,100.0,100.0,13.42262488425926
2026-01-24 20:44:09,100.0,100.0,13.397758275462964
2026-01-24 20:44:24,100.0,100.0,13.372891666666668
2026-01-24 20:44:39,100.0,100.0,13.348025057870371
2026-01-24 20:44:54,100.0,100.0,13.323158449074075
2026-01-24 20:45:09,100.0,100.0,13.29829184027778
2026-01-24 20:45:24,100.0,100.0,13.273425231481482
2026-01-24 20:45:39,100.0,100.0,13.248558622685188
2026-01-24 20:45:54,100.0,100.0,13.22369201388889
2026-01-24 20:46:09,100.0,100.0,13.198825405092595
2026-01-24 20:46:24,100.0,100.0,13.173958796296297
2026-01-24 20:46:39,100.0,100.0,13.149092187500003
2026-01-24 20:46:54,100.0,100.0,13.124225578703705
2026-01-24 20:47:09,100.0,100.0,13.09935896990741
2026-01-24 20:47:24,100.0,100.0,13.074492361111112
2026-01-24 20:47:39,100.0,100.0,13.049625752314817
2026-01-24 20:47:54,100.0,100.0,13.02475914351852
2026-01-24 20:48:09,100.0,100.0,12.999892534722225
2026-01-24 20:48:24,100.0,100.0,12.975025925925927
2026-01-24 20:48:39,100.0,100.0,12.950159317129632
2026-01-24 20:48:54,100.0,100.0,12.925292708333334
2026-01-24 20:49:09,100.0,100.0,12.90042609953704
2026-01-24 20:49:24,100.0,100.0,12.875559490740741
2026-01-24 20:49:39,100.0,100.0,12.850692881944447
2026-01-24 20:49:54,100.0,100.0,12.825826273148149
2026-01-24 20:50:09,100.0,100.0,12.800959664351854
2026-01-24 20:50:24,100.0,100.0,12.776093055555556
2026-01-24 20:50:39,100.0,100.0,12.751226446759262
2026-01-24 20:50:54,100.0,100.0,12.726359837962963
2026-01-24 20:51:09,100.0,100.0,12.701493229166669
2026-01-24 20:51:24,100.0,100.0,12.67662662037037
2026-01-24 20:51:39,100.0,100.0,12.651760011574076
2026-01-24 20:51:54,100.0,100.0,12.626893402777778
2026-01-24 20:52:09,100.0,100.0,12.602026793981484
2026-01-24 20:52:24,100.0,100.0,12.577160185185186
2026-01-24 20:52:39,100.0,100.0,12.552293576388891
2026-01-24 20:52:54,100.0,100.0,12.527426967592593
2026-01-24 20:53:09,100.0,100.0,12.502560358796298
2026-01-24 20:53:24,100.0,100.0,12.47769375
2026-01-24 20:53:39,100.0,100.0,12.452827141203706
2026-01-24 20:53:54,100.0,100.0,12.427960532407408
2026-01-24 20:54:09,100.0,100.0,12.403093923611113
2026-01-24 20:54:24,100.0,100.0,12.378227314814815
2026-01-24 20:54:39,100.0,100.0,12.35336070601852
2026-01-24 20:54:54,100.0,100.0,12.328494097222222
2026-01-24 20:55:09,100.0,100.0,12.303627488425928
2026-01-24 20:55:24,100.0,100.0,12.27876087962963
2026-01-24 20:55:39,100.0,100.0,12.253894270833335
2026-01-24 20:55:54,100.0,100.0,12.229027662037037
2026-01-24 20:56:09,100.0,100.0,12.204161053240743
2026-01-24 20:56:24,100.0,100.0,12.179294444444444
2026-01-24 20:56:39,100.0,100.0,12.15442783564815
2026-01-24 20:56:54,100.0,100.0,12.129561226851854
2026-01-24 20:57:09,100.0,100.0,12.104694618055557
2026-01-24 20:57:24,100.0,100.0,12.079828009259261
2026-01-24 20:57:39,100.0,100.0,12.054961400462965
2026-01-24 20:57:54,100.0,100.0,12.030094791666668
2026-01-24 20:58:09,100.0,100.0,12.005228182870372
2026-01-24 20:58:24,100.0,100.0,11.980361574074076
2026-01-24 20:58:39,100.0,100.0,11.95549496527778
2026-01-24 20:58:54,100.0,100.0,11.930628356481483
2026-01-24 20:59:09,100.0,100.0,11.905761747685187
2026-01-24 20:59:24,100.0,100.0,11.88089513888889
2026-01-24 20:59:39,100.0,100.0,11.856028530092594
2026-01-24 20:59:54,100.0,100.0,11.831161921296298
2026-01-24 21:00:09,100.0,100.0,11.806295312500001
2026-01-24 21:00:24,100.0,100.0,11.781428703703705
2026-01-24 21:00:39,100.0,100.0,11.756562094907409
2026-01-24 21:00:54,100.0,100.0,11.731695486111112
2026-01-24 21:01:09,100.0,100.0,11.706828877314816
2026-01-24 21:01:24,100.0,100.0,11.68196226851852
2026-01-24 21:01:39,100.0,100.0,11.657095659722224
2026-01-24 21:01:54,100.0,100.0,11.632229050925927
2026-01-24 21:02:09,100.0,100.0,11.60736244212963
2026-01-24 21:02:24,100.0,100.0,11.582495833333335
2026-01-24 21:02:39,100.0,100.0,11.557629224537038
2026-01-24 21:02:54,100.0,100.0,11.532762615740742
2026-01-24 21:03:09,100.0,100.0,11.507896006944446
2026-01-24 21:03:24,100.0,100.0,11.48302939814815
2026-01-24 21:03:39,100.0,100.0,11.458162789351853
2026-01-24 21:03:54,100.0,100.0,11.433296180555557
2026-01-24 21:04:09,100.0,100.0,11.40842957175926
2026-01-24 21:04:24,100.0,100.0,11.383562962962964
2026-01-24 21:04:39,100.0,100.0,11.358696354166668
2026-01-24 21:04:54,100.0,100.0,11.333829745370371
2026-01-24 21:05:09,100.0,100.0,11.308963136574075
2026-01-24 21:05:24,100.0,100.0,11.284096527777779
2026-01-24 21:05:39,100.0,100.0,11.259229918981482
2026-01-24 21:05:54,100.0,100.0,11.234363310185186
2026-01-24 21:06:09,100.0,100.0,11.20949670138889
2026-01-24 21:06:24,100.0,100.0,11.184630092592593
2026-01-24 21:06:39,100.0,100.0,11.159763483796297
2026-01-24 21:06:54,100.0,100.0,11.134896875
2026-01-24 21:07:09,100.0,100.0,11.110030266203704
2026-01-24 21:07:24,100.0,100.0,11.085163657407408
2026-01-24 21:07:39,100.0,100.0,11.060297048611112
2026-01-24 21:07:54,100.0,100.0,11.035430439814816
2026-01-24 21:08:09,100.0,100.0,11.01056383101852
2026-01-24 21:08:24,100.0,100.0,10.985697222222223
2026-01-24 21:08:39,100.0,100.0,10.960830613425927
2026-01-24 21:08:54,100.0,100.0,10.935964004629632
2026-01-24 21:09:09,100.0,100.0,10.911097395833334
2026-01-24 21:09:24,100.0,100.0,10.88623078703704
2026-01-24 21:09:39,100.0,100.0,10.861364178240741
2026-01-24 21:09:54,100.0,100.0,10.836497569444447
2026-01-24 21:10:09,100.0,100.0,10.811630960648149
2026-01-24 21:10:24,100.0,100.0,10.786764351851854
2026-01-24 21:10:39,100.0,100.0,10.761897743055556
2026-01-24 21:10:54,100.0,100.0,10.737031134259261
2026-01-24 21:11:09,100.0,100.0,10.712164525462963
2026-01-24 21:11:24,100.0,100.0,10.687297916666669
2026-01-24 21:11:39,100.0,100.0,10.66243130787037
2026-01-24 21:11:54,100.0,100.0,10.637564699074076
2026-01-24 21:12:09,100.0,100.0,10.612698090277778
2026-01-24 21:12:24,100.0,100.0,10.587831481481484
2026-01-24 21:12:39,100.0,100.0,10.562964872685185
2026-01-24 21:12:54,100.0,100.0,10.538098263888891
2026-01-24 21:13:09,100.0,100.0,10.513231655092593
2026-01-24 21:13:24,100.0,100.0,10.488365046296298
2026-01-24 21:13:39,100.0,100.0,10.4634984375
2026-01-24 21:13:54,100.0,100.0,10.438631828703706
2026-01-24 21:14:09,100.0,100.0,10.413765219907408
2026-01-24 21:14:24,100.0,100.0,10.388898611111113
2026-01-24 21:14:39,100.0,100.0,10.364032002314815
2026-01-24 21:14:54,100.0,100.0,10.33916539351852
2026-01-24 21:15:09,100.0,100.0,10.314298784722222
2026-01-24 21:15:24,100.0,100.0,10.289432175925928
2026-01-24 21:15:39,100.0,100.0,10.26456556712963
2026-01-24 21:15:54,100.0,100.0,10.239698958333335
2026-01-24 21:16:09,100.0,100.0,10.214832349537037
2026-01-24 21:16:24,100.0,100.0,10.189965740740742
2026-01-24 21:16:39,100.0,100.0,10.165099131944444
2026-01-24 21:16:54,100.0,100.0,10.14023252314815
2026-01-24 21:17:09,100.0,100.0,10.115365914351852
2026-01-24 21:17:24,100.0,100.0,10.090499305555557
2026-01-24 21:17:39,100.0,100.0,10.065632696759259
2026-01-24 21:17:54,100.0,100.0,10.040766087962965
2026-01-24 21:18:09,100.0,100.0,10.015899479166666
2026-01-24 21:18:24,100.0,100.0,9.991032870370372
2026-01-24 21:18:39,100.0,100.0,9.966166261574074
2026-01-24 21:18:54,100.0,100.0,9.94129965277778
2026-01-24 21:19:09,100.0,100.0,9.916433043981481
2026-01-24 21:19:24,100.0,100.0,9.891566435185187
2026-01-24 21:19:39,100.0,100.0,9.866699826388889
2026-01-24 21:19:54,100.0,100.0,9.841833217592594
2026-01-24 21:20:09,100.0,100.0,9.816966608796296
2026-01-24 21:20:24,100.0,100.0,9.792100000000001
2026-01-24 21:20:39,100.0,100.0,9.767233391203705
2026-01-24 21:20:54,100.0,100.0,9.742366782407409
2026-01-24 21:21:09,100.0,100.0,9.717500173611112
2026-01-24 21:21:24,100.0,100.0,9.692633564814816
2026-01-24 21:21:39,100.0,100.0,9.66776695601852
2026-01-24 21:21:54,100.0,100.0,9.642900347222223
2026-01-24 21:22:09,100.0,100.0,9.618033738425927
2026-01-24 21:22:24,100.0,100.0,9.59316712962963
2026-01-24 21:22:39,100.0,100.0,9.568300520833334
2026-01-24 21:22:54,100.0,100.0,9.543433912037038
2026-01-24 21:23:09,100.0,100.0,9.518567303240742
2026-01-24 21:23:24,100.0,100.0,9.493700694444446
2026-01-24 21:23:39,100.0,100.0,9.46883408564815
2026-01-24 21:23:54,100.0,100.0,9.443967476851853
2026-01-24 21:24:09,100.0,100.0,9.419100868055557
2026-01-24 21:24:24,100.0,100.0,9.39423425925926
2026-01-24 21:24:39,100.0,100.0,9.369367650462964
2026-01-24 21:24:54,100.0,100.0,9.344501041666668
2026-01-24 21:25:09,100.0,100.0,9.319634432870371
2026-01-24 21:25:24,100.0,100.0,9.294767824074075
2026-01-24 21:25:39,100.0,100.0,9.269901215277779
2026-01-24 21:25:54,100.0,100.0,9.245034606481482
2026-01-24 21:26:09,100.0,100.0,9.220167997685186
2026-01-24 21:26:24,100.0,100.0,9.19530138888889
2026-01-24 21:26:39,100.0,100.0,9.170434780092593
2026-01-24 21:26:54,100.0,100.0,9.145568171296297
2026-01-24 21:27:09,100.0,100.0,9.1207015625
2026-01-24 21:27:24,100.0,100.0,9.095834953703704
2026-01-24 21:27:39,100.0,100.0,9.070968344907408
2026-01-24 21:27:54,100.0,100.0,9.046101736111112
2026-01-24 21:28:09,100.0,100.0,9.021235127314815
2026-01-24 21:28:24,100.0,100.0,8.99636851851852
2026-01-24 21:28:39,100.0,100.0,8.971501909722223
2026-01-24 21:28:54,100.0,100.0,8.946635300925927
2026-01-24 21:29:09,100.0,100.0,8.92176869212963
2026-01-24 21:29:24,100.0,100.0,8.896902083333334
2026-01-24 21:29:39,100.0,100.0,8.872035474537038
2026-01-24 21:29:54,100.0,100.0,8.847168865740741
2026-01-24 21:30:09,100.0,100.0,8.822302256944445
2026-01-24 21:30:24,100.0,100.0,8.797435648148149
2026-01-24 21:30:39,100.0,100.0,8.772569039351852
2026-01-24 21:30:54,100.0,100.0,8.747702430555556
2026-01-24 21:31:09,100.0,100.0,8.72283582175926
2026-01-24 21:31:24,100.0,100.0,8.697969212962963
2026-01-24 21:31:39,100.0,100.0,8.673102604166667
2026-01-24 21:31:54,100.0,100.0,8.64823599537037
2026-01-24 21:32:09,100.0,100.0,8.623369386574074
2026-01-24 21:32:24,100.0,100.0,8.598502777777778
2026-01-24 21:32:39,100.0,100.0,8.573636168981482
2026-01-24 21:32:54,100.0,100.0,8.548769560185185
2026-01-24 21:33:09,100.0,100.0,8.523902951388889
2026-01-24 21:33:24,100.0,100.0,8.499036342592593
2026-01-24 21:33:39,100.0,100.0,8.474169733796296
2026-01-24 21:33:54,100.0,100.0,8.449303125
2026-01-24 21:34:09,100.0,100.0,8.424436516203704
2026-01-24 21:34:24,100.0,100.0,8.399569907407407
2026-01-24 21:34:39,100.0,100.0,8.374703298611111
2026-01-24 21:34:54,100.0,100.0,8.349836689814815
2026-01-24 21:35:09,100.0,100.0,8.324970081018519
2026-01-24 21:35:24,100.0,100.0,8.300103472222222
2026-01-24 21:35:39,100.0,100.0,8.275236863425926
2026-01-24 21:35:54,100.0,100.0,8.25037025462963
2026-01-24 21:36:09,100.0,100.0,8.225503645833333
2026-01-24 21:36:24,100.0,100.0,8.200637037037037
2026-01-24 21:36:39,100.0,100.0,8.17577042824074
2026-01-24 21:36:54,100.0,100.0,8.150903819444444
2026-01-24 21:37:09,100.0,100.0,8.126037210648148
2026-01-24 21:37:24,100.0,100.0,8.101170601851852
2026-01-24 21:37:39,100.0,100.0,8.076303993055555
2026-01-24 21:37:54,100.0,100.0,8.051437384259259
2026-01-24 21:38:09,100.0,100.0,8.026570775462963
2026-01-24 21:38:24,100.0,100.0,8.001704166666666
2026-01-24 21:38:39,100.0,100.0,7.97683755787037
2026-01-24 21:38:54,100.0,100.0,7.951970949074074
2026-01-24 21:39:09,100.0,100.0,7.927104340277779
2026-01-24 21:39:24,100.0,100.0,7.902237731481483
2026-01-24 21:39:39,100.0,100.0,7.877371122685187
2026-01-24 21:39:54,100.0,100.0,7.85250451388889
2026-01-24 21:40:09,100.0,100.0,7.827637905092594
2026-01-24 21:40:24,100.0,100.0,7.802771296296298
2026-01-24 21:40:39,100.0,100.0,7.777904687500001
2026-01-24 21:40:54,100.0,100.0,7.753038078703705
2026-01-24 21:41:09,100.0,100.0,7.728171469907409
2026-01-24 21:41:24,100.0,100.0,7.703304861111112
2026-01-24 21:41:39,100.0,100.0,7.678438252314816
2026-01-24 21:41:54,100.0,100.0,7.65357164351852
2026-01-24 21:42:09,100.0,100.0,7.628705034722223
2026-01-24 21:42:24,100.0,100.0,7.603838425925927
2026-01-24 21:42:39,100.0,100.0,7.578971817129631
2026-01-24 21:42:54,100.0,100.0,7.554105208333334
2026-01-24 21:43:09,100.0,100.0,7.529238599537038
2026-01-24 21:43:24,100.0,100.0,7.504371990740742
2026-01-24 21:43:39,100.0,100.0,7.4795053819444455
2026-01-24 21:43:54,100.0,100.0,7.454638773148149
2026-01-24 21:44:09,100.0,100.0,7.429772164351853
2026-01-24 21:44:24,100.0,100.0,7.4049055555555565
2026-01-24 21:44:39,100.0,100.0,7.38003894675926
2026-01-24 21:44:54,100.0,100.0,7.355172337962964
2026-01-24 21:45:09,100.0,100.0,7.330305729166668
2026-01-24 21:45:24,100.0,100.0,7.305439120370371
2026-01-24 21:45:39,100.0,100.0,7.280572511574075
2026-01-24 21:45:54,100.0,100.0,7.255705902777779
2026-01-24 21:46:09,100.0,100.0,7.230839293981482
2026-01-24 21:46:24,100.0,100.0,7.205972685185186
2026-01-24 21:46:39,100.0,100.0,7.18110607638889
2026-01-24 21:46:54,100.0,100.0,7.156239467592593
2026-01-24 21:47:09,100.0,100.0,7.131372858796297
2026-01-24 21:47:24,100.0,100.0,7.106506250000001
2026-01-24 21:47:39,100.0,100.0,7.081639641203704
2026-01-24 21:47:54,100.0,100.0,7.056773032407408
2026-01-24 21:48:09,100.0,100.0,7.031906423611112
2026-01-24 21:48:24,100.0,100.0,7.007039814814815
2026-01-24 21:48:39,100.0,100.0,6.982173206018519
2026-01-24 21:48:54,100.0,100.0,6.957306597222223
2026-01-24 21:49:09,100.0,100.0,6.9324399884259265
2026-01-24 21:49:24,100.0,100.0,6.90757337962963
2026-01-24 21:49:39,100.0,100.0,6.882706770833334
2026-01-24 21:49:54,100.0,100.0,6.8578401620370375
2026-01-24 21:50:09,100.0,100.0,6.832973553240741
2026-01-24 21:50:24,100.0,100.0,6.808106944444445
2026-01-24 21:50:39,100.0,100.0,6.7832403356481485
2026-01-24 21:50:54,100.0,100.0,6.758373726851852
2026-01-24 21:51:09,100.0,100.0,6.733507118055556
2026-01-24 21:51:24,100.0,100.0,6.70864050925926
2026-01-24 21:51:39,100.0,100.0,6.683773900462963
2026-01-24 21:51:54,100.0,100.0,6.658907291666667
2026-01-24 21:52:09,100.0,100.0,6.634040682870371
2026-01-24 21:52:24,100.0,100.0,6.609174074074074
2026-01-24 21:52:39,100.0,100.0,6.584307465277778
2026-01-24 21:52:54,100.0,100.0,6.559440856481482
2026-01-24 21:53:09,100.0,100.0,6.534574247685185
2026-01-24 21:53:24,100.0,100.0,6.509707638888889
2026-01-24 21:53:39,100.0,100.0,6.484841030092593
2026-01-24 21:53:54,100.0,100.0,6.459974421296296
2026-01-24 21:54:09,100.0,100.0,6.4351078125
2026-01-24 21:54:24,100.0,100.0,6.410241203703704
2026-01-24 21:54:39,100.0,100.0,6.385374594907407
2026-01-24 21:54:54,100.0,100.0,6.360507986111111
2026-01-24 21:55:09,100.0,100.0,6.335641377314815
2026-01-24 21:55:24,100.0,100.0,6.3107747685185185
2026-01-24 21:55:39,100.0,100.0,6.285908159722222
2026-01-24 21:55:54,100.0,100.0,6.261041550925926
2026-01-24 21:56:09,100.0,100.0,6.2361749421296295
2026-01-24 21:56:24,100.0,100.0,6.211308333333333
2026-01-24 21:56:39,100.0,100.0,6.186441724537037
2026-01-24 21:56:54,100.0,100.0,6.161575115740741
2026-01-24 21:57:09,100.0,100.0,6.136708506944444
2026-01-24 21:57:24,100.0,100.0,6.111841898148148
2026-01-24 21:57:39,100.0,100.0,6.086975289351852
2026-01-24 21:57:54,100.0,100.0,6.062108680555555
2026-01-24 21:58:09,100.0,100.0,6.037242071759259
2026-01-24 21:58:24,100.0,100.0,6.012375462962963
2026-01-24 21:58:39,100.0,100.0,5.987508854166666
2026-01-24 21:58:54,100.0,100.0,5.96264224537037
2026-01-24 21:59:09,100.0,100.0,5.937775636574074
2026-01-24 21:59:24,100.0,100.0,5.912909027777777
2026-01-24 21:59:39,100.0,100.0,5.888042418981481
2026-01-24 21:59:54,100.0,100.0,5.863175810185185
2026-01-24 22:00:09,100.0,100.0,5.854019730087996
2026-01-24 22:00:24,100.0,100.0,5.855337335790213
2026-01-24 22:00:39,100.0,100.0,5.856654941492429
2026-01-24 22:00:54,100.0,100.0,5.857972547194645
2026-01-24 22:01:09,100.0,100.0,5.859290152896861
2026-01-24 22:01:24,100.0,100.0,5.860607758599078
2026-01-24 22:01:39,100.0,100.0,5.861925364301294
2026-01-24 22:01:54,100.0,100.0,5.86324297000351
2026-01-24 22:02:09,100.0,100.0,5.864560575705727
2026-01-24 22:02:24,100.0,100.0,5.865878181407942
2026-01-24 22:02:39,100.0,100.0,5.867195787110159
2026-01-24 22:02:54,100.0,100.0,5.868513392812375
2026-01-24 22:03:09,100.0,100.0,5.869830998514591
2026-01-24 22:03:24,100.0,100.0,5.871148604216807
2026-01-24 22:03:39,100.0,100.0,5.872466209919024
2026-01-24 22:03:54,100.0,100.0,5.873783815621239
2026-01-24 22:04:09,100.0,100.0,5.875101421323456
2026-01-24 22:04:24,100.0,100.0,5.876419027025672
2026-01-24 22:04:39,100.0,100.0,5.877736632727888
2026-01-24 22:04:54,100.0,100.0,5.879054238430104
2026-01-24 22:05:09,100.0,100.0,5.880371844132321
2026-01-24 22:05:24,100.0,100.0,5.881689449834537
2026-01-24 22:05:39,100.0,100.0,5.883007055536753
2026-01-24 22:05:54,100.0,100.0,5.88432466123897
2026-01-24 22:06:09,100.0,100.0,5.885642266941185
2026-01-24 22:06:24,100.0,100.0,5.886959872643402
2026-01-24 22:06:39,100.0,100.0,5.888277478345618
2026-01-24 22:06:54,100.0,100.0,5.889595084047834
2026-01-24 22:07:09,100.0,100.0,5.89091268975005
2026-01-24 22:07:24,100.0,100.0,5.892230295452267
2026-01-24 22:07:39,100.0,100.0,5.8935479011544825
2026-01-24 22:07:54,100.0,100.0,5.894865506856699
2026-01-24 22:08:09,100.0,100.0,5.896183112558915
2026-01-24 22:08:24,100.0,100.0,5.897500718261131
2026-01-24 22:08:39,100.0,100.0,5.898818323963348
2026-01-24 22:08:54,100.0,100.0,5.900135929665564
2026-01-24 22:09:09,100.0,100.0,5.90145353536778
2026-01-24 22:09:24,100.0,100.0,5.902771141069996
2026-01-24 22:09:39,100.0,100.0,5.904088746772213
2026-01-24 22:09:54,100.0,100.0,5.9054063524744285
2026-01-24 22:10:09,100.0,100.0,5.906723958176645
2026-01-24 22:10:24,100.0,100.0,5.908041563878861
2026-01-24 22:10:39,100.0,100.0,5.909359169581077
2026-01-24 22:10:54,100.0,100.0,5.910676775283293
2026-01-24 22:11:09,100.0,100.0,5.91199438098551
2026-01-24 22:11:24,100.0,100.0,5.9133119866877255
2026-01-24 22:11:39,100.0,100.0,5.914629592389942
2026-01-24 22:11:54,100.0,100.0,5.915947198092158
2026-01-24 22:12:09,100.0,100.0,5.9172648037943745
2026-01-24 22:12:24,100.0,100.0,5.918582409496591
2026-01-24 22:12:39,100.0,100.0,5.919900015198807
2026-01-24 22:12:54,100.0,100.0,5.921217620901023
2026-01-24 22:13:09,100.0,100.0,5.922535226603239
2026-01-24 22:13:24,100.0,100.0,5.923852832305456
2026-01-24 22:13:39,100.0,100.0,5.9251704380076715
2026-01-24 22:13:54,100.0,100.0,5.926488043709888
2026-01-24 22:14:09,100.0,100.0,5.927805649412104
2026-01-24 22:14:24,100.0,100.0,5.9291232551143205
2026-01-24 22:14:39,100.0,100.0,5.930440860816536
2026-01-24 22:14:54,100.0,100.0,5.931758466518753
2026-01-24 22:15:09,100.0,100.0,5.9330760722209686
2026-01-24 22:15:24,100.0,100.0,5.934393677923185
2026-01-24 22:15:39,100.0,100.0,5.935711283625402
2026-01-24 22:15:54,100.0,100.0,5.9370288893276175
2026-01-24 22:16:09,100.0,100.0,5.938346495029834
2026-01-24 22:16:24,100.0,100.0,5.93966410073205
2026-01-24 22:16:39,100.0,100.0,5.9409817064342665
2026-01-24 22:16:54,100.0,100.0,5.942299312136482
2026-01-24 22:17:09,100.0,100.0,5.943616917838699
2026-01-24 22:17:24,100.0,100.0,5.944934523540915
2026-01-24 22:17:39,100.0,100.0,5.946252129243131
2026-01-24 22:17:54,100.0,100.0,5.947569734945347
2026-01-24 22:18:09,100.0,100.0,5.9488873406475635
2026-01-24 22:18:24,100.0,100.0,5.950204946349779
2026-01-24 22:18:39,100.0,100.0,5.951522552051996
2026-01-24 22:18:54,100.0,100.0,5.952840157754212
2026-01-24 22:19:09,100.0,100.0,5.954157763456428
2026-01-24 22:19:24,100.0,100.0,5.955475369158645
2026-01-24 22:19:39,100.0,100.0,5.956792974860861
2026-01-24 22:19:54,100.0,100.0,5.958110580563077
2026-01-24 22:20:09,100.0,100.0,5.959428186265293
2026-01-24 22:20:24,100.0,100.0,5.9607457919675095
2026-01-24 22:20:39,100.0,100.0,5.962063397669725
2026-01-24 22:20:54,100.0,100.0,5.963381003371942
2026-01-24 22:21:09,100.0,100.0,5.964698609074158
2026-01-24 22:21:24,100.0,100.0,5.966016214776374
2026-01-24 22:21:39,100.0,100.0,5.96733382047859
2026-01-24 22:21:54,100.0,100.0,5.968651426180807
2026-01-24 22:22:09,100.0,100.0,5.969969031883022
2026-01-24 22:22:24,100.0,100.0,5.971286637585239
2026-01-24 22:22:39,100.0,100.0,5.972604243287455
2026-01-24 22:22:54,100.0,100.0,5.973921848989671
2026-01-24 22:23:09,100.0,100.0,5.975239454691888
2026-01-24 22:23:24,100.0,100.0,5.976557060394104
2026-01-24 22:23:39,100.0,100.0,5.97787466609632
2026-01-24 22:23:54,100.0,100.0,5.979192271798536
2026-01-24 22:24:09,100.0,100.0,5.980509877500753
2026-01-24 22:24:24,100.0,100.0,5.981827483202968
2026-01-24 22:24:39,100.0,100.0,5.983145088905185
2026-01-24 22:24:54,100.0,100.0,5.984462694607401
2026-01-24 22:25:09,100.0,100.0,5.985780300309617
2026-01-24 22:25:24,100.0,100.0,5.987097906011833
2026-01-24 22:25:39,100.0,100.0,5.98841551171405
2026-01-24 22:25:54,100.0,100.0,5.989733117416265
2026-01-24 22:26:09,100.0,100.0,5.991050723118482
2026-01-24 22:26:24,100.0,100.0,5.992368328820699
2026-01-24 22:26:39,100.0,100.0,5.993685934522914
2026-01-24 22:26:54,100.0,100.0,5.995003540225131
2026-01-24 22:27:09,100.0,100.0,5.996321145927347
2026-01-24 22:27:24,100.0,100.0,5.997638751629563
2026-01-24 22:27:39,100.0,100.0,5.998956357331779
2026-01-24 22:27:54,100.0,100.0,6.000273963033996
2026-01-24 22:28:09,100.0,100.0,6.001591568736211
2026-01-24 22:28:24,100.0,100.0,6.002909174438428
2026-01-24 22:28:39,100.0,100.0,6.004226780140644
2026-01-24 22:28:54,100.0,100.0,6.00554438584286
2026-01-24 22:29:09,100.0,100.0,6.006861991545076
2026-01-24 22:29:24,100.0,100.0,6.008179597247293
2026-01-24 22:29:39,100.0,100.0,6.009497202949509
2026-01-24 22:29:54,100.0,100.0,6.010814808651725
2026-01-24 22:30:09,100.0,96.0,6.012132414353942
2026-01-24 22:30:24,100.0,92.0,6.013450020056157
2026-01-24 22:30:39,100.0,88.0,6.014767625758374
2026-01-24 22:30:54,100.0,84.0,6.01608523146059
2026-01-24 22:31:09,100.0,84.0,6.017402837162806
2026-01-24 22:31:24,100.0,80.0,6.018720442865022
2026-01-24 22:31:39,100.0,76.0,6.020038048567239
2026-01-24 22:31:54,100.0,76.0,6.021355654269454
2026-01-24 22:32:09,100.0,76.0,6.022673259971671
2026-01-24 22:32:24,100.0,76.0,6.023990865673887
2026-01-24 22:32:39,100.0,72.0,6.025308471376103
2026-01-24 22:32:54,100.0,72.0,6.026626077078319
2026-01-24 22:33:09,100.0,68.0,6.027943682780536
2026-01-24 22:33:24,100.0,68.0,6.029261288482752
2026-01-24 22:33:39,87.5,68.0,6.030578894184968
2026-01-24 22:33:54,87.5,64.0,6.031896499887185
2026-01-24 22:34:09,87.5,60.0,6.0332141055894
2026-01-24 22:34:24,87.5,56.00000000000001,6.034531711291617
2026-01-24 22:34:39,87.5,52.0,6.035849316993833
2026-01-24 22:34:54,87.5,48.0,6.037166922696049
2026-01-24 22:35:09,87.5,44.0,6.038484528398265
2026-01-24 22:35:24,87.5,40.0,6.039802134100482
2026-01-24 22:35:39,87.5,36.0,6.0411197398026975
2026-01-24 22:35:54,87.5,32.0,6.042437345504914
2026-01-24 22:36:09,87.5,32.0,6.04375495120713
2026-01-24 22:36:24,87.5,36.0,6.045072556909346
2026-01-24 22:36:39,87.5,40.0,6.046390162611562
2026-01-24 22:36:54,87.5,44.0,6.047707768313779
2026-01-24 22:37:09,87.5,48.0,6.049025374015995
2026-01-24 22:37:24,87.5,48.0,6.050342979718211
2026-01-24 22:37:39,87.5,52.0,6.051660585420428
2026-01-24 22:37:54,75.0,56.00000000000001,6.0529781911226435
2026-01-24 22:38:09,75.0,56.00000000000001,6.05429579682486
2026-01-24 22:38:24,75.0,56.00000000000001,6.055613402527076
2026-01-24 22:38:39,75.0,56.00000000000001,6.056931008229292
2026-01-24 22:38:54,75.0,60.0,6.058248613931508
2026-01-24 22:39:09,75.0,60.0,6.059566219633725
2026-01-24 22:39:24,75.0,64.0,6.0608838253359405
2026-01-24 22:39:39,75.0,64.0,6.062201431038157
2026-01-24 22:39:54,75.0,64.0,6.063519036740373
2026-01-24 22:40:09,75.0,68.0,6.0648366424425895
2026-01-24 22:40:24,75.0,72.0,6.066154248144805
2026-01-24 22:40:39,75.0,76.0,6.067471853847022
2026-01-24 22:40:54,75.0,80.0,6.068789459549238
2026-01-24 22:41:09,75.0,84.0,6.070107065251454
2026-01-24 22:41:24,75.0,88.0,6.071424670953671
2026-01-24 22:41:39,75.0,92.0,6.0727422766558865
2026-01-24 22:41:54,75.0,96.0,6.074059882358103
2026-01-24 22:42:09,75.0,100.0,6.075377488060319
2026-01-24 22:42:24,87.5,100.0,6.0766950937625355
2026-01-24 22:42:39,87.5,100.0,6.078012699464751
2026-01-24 22:42:54,87.5,100.0,6.079330305166968
2026-01-24 22:43:09,87.5,100.0,6.0806479108691835
2026-01-24 22:43:24,87.5,100.0,6.0819655165714
2026-01-24 22:43:39,87.5,100.0,6.083283122273616
2026-01-24 22:43:54,87.5,100.0,6.0846007279758325
2026-01-24 22:44:09,75.0,100.0,6.085918333678049
2026-01-24 22:44:24,75.0,100.0,6.087235939380265
2026-01-24 22:44:39,75.0,100.0,6.0885535450824815
2026-01-24 22:44:54,75.0,100.0,6.089871150784697
2026-01-24 22:45:09,87.5,100.0,6.091188756486914
2026-01-24 22:45:24,87.5,100.0,6.0925063621891296
2026-01-24 22:45:39,87.5,100.0,6.093823967891346
2026-01-24 22:45:54,87.5,100.0,6.095141573593562
2026-01-24 22:46:09,87.5,100.0,6.0964591792957785
2026-01-24 22:46:24,87.5,100.0,6.097776784997994
2026-01-24 22:46:39,87.5,100.0,6.099094390700211
2026-01-24 22:46:54,87.5,100.0,6.100411996402427
2026-01-24 22:47:09,87.5,100.0,6.101729602104643
2026-01-24 22:47:24,87.5,100.0,6.10304720780686
2026-01-24 22:47:39,87.5,100.0,6.104364813509076
2026-01-24 22:47:54,87.5,100.0,6.105682419211292
2026-01-24 22:48:09,87.5,96.0,6.107000024913508
2026-01-24 22:48:24,87.5,92.0,6.1083176306157245
2026-01-24 22:48:39,87.5,92.0,6.10963523631794
2026-01-24 22:48:54,87.5,88.0,6.110952842020157
2026-01-24 22:49:09,87.5,88.0,6.112270447722373
2026-01-24 22:49:24,87.5,84.0,6.113588053424589
2026-01-24 22:49:39,87.5,80.0,6.114905659126805
2026-01-24 22:49:54,87.5,76.0,6.116223264829022
2026-01-24 22:50:09,87.5,72.0,6.117540870531237
2026-01-24 22:50:24,87.5,68.0,6.118858476233454
2026-01-24 22:50:39,87.5,64.0,6.12017608193567
2026-01-24 22:50:54,87.5,60.0,6.121493687637886
2026-01-24 22:51:09,87.5,56.00000000000001,6.122811293340103
2026-01-24 22:51:24,87.5,52.0,6.124128899042319
2026-01-24 22:51:39,87.5,48.0,6.125446504744535
2026-01-24 22:51:54,87.5,44.0,6.126764110446751
2026-01-24 22:52:09,87.5,40.0,6.128081716148968
2026-01-24 22:52:24,87.5,36.0,6.129399321851183
2026-01-24 22:52:39,87.5,32.0,6.1307169275534
2026-01-24 22:52:54,87.5,28.000000000000004,6.132034533255616
2026-01-24 22:53:09,87.5,24.0,6.133352138957832
2026-01-24 22:53:24,87.5,20.0,6.134669744660048
2026-01-24 22:53:39,87.5,16.0,6.135987350362265
2026-01-24 22:53:54,87.5,12.0,6.13730495606448
2026-01-24 22:54:09,75.0,8.0,6.138622561766697
2026-01-24 22:54:24,75.0,8.0,6.139940167468913
2026-01-24 22:54:39,75.0,8.0,6.141257773171129
2026-01-24 22:54:54,75.0,4.0,6.142575378873346
2026-01-24 22:55:09,75.0,4.0,6.143892984575562
2026-01-24 22:55:24,75.0,0.0,6.145210590277778
2026-01-24 22:55:39,75.0,0.0,6.146528195979994
2026-01-24 22:55:54,75.0,0.0,6.147845801682211
2026-01-24 22:56:09,75.0,0.0,6.149163407384426
2026-01-24 22:56:24,75.0,0.0,6.150481013086643
2026-01-24 22:56:39,75.0,0.0,6.151798618788859
2026-01-24 22:56:54,62.5,0.0,6.153116224491075
2026-01-24 22:57:09,62.5,0.0,6.154433830193291
2026-01-24 22:57:24,62.5,0.0,6.155751435895508
2026-01-24 22:57:39,62.5,0.0,6.157069041597723
2026-01-24 22:57:54,62.5,0.0,6.15838664729994
2026-01-24 22:58:09,62.5,0.0,6.159704253002156
2026-01-24 22:58:24,62.5,0.0,6.161021858704372
2026-01-24 22:58:39,50.0,4.0,6.162339464406589
2026-01-24 22:58:54,50.0,8.0,6.163657070108805
2026-01-24 22:59:09,50.0,12.0,6.164974675811021
2026-01-24 22:59:24,50.0,16.0,6.166292281513237
2026-01-24 22:59:39,50.0,16.0,6.167609887215454
2026-01-24 22:59:54,50.0,16.0,6.168927492917669
2026-01-24 23:00:09,50.0,16.0,6.170245098619886
2026-01-24 23:00:24,50.0,16.0,6.171562704322102
2026-01-24 23:00:39,50.0,16.0,6.172880310024318
2026-01-24 23:00:54,50.0,20.0,6.174197915726534
2026-01-24 23:01:09,37.5,24.0,6.175515521428751
2026-01-24 23:01:24,37.5,24.0,6.176833127130967
2026-01-24 23:01:39,37.5,24.0,6.178150732833183
2026-01-24 23:01:54,50.0,24.0,6.1794683385354
2026-01-24 23:02:09,50.0,24.0,6.180785944237615
2026-01-24 23:02:24,50.0,24.0,6.182103549939832
2026-01-24 23:02:39,50.0,24.0,6.183421155642048
2026-01-24 23:02:54,50.0,24.0,6.184738761344264
2026-01-24 23:03:09,50.0,24.0,6.18605636704648
2026-01-24 23:03:24,37.5,24.0,6.187373972748697
2026-01-24 23:03:39,37.5,28.000000000000004,6.1886915784509124
2026-01-24 23:03:54,50.0,32.0,6.190009184153129
2026-01-24 23:04:09,50.0,32.0,6.191326789855345
2026-01-24 23:04:24,50.0,32.0,6.192644395557561
2026-01-24 23:04:39,37.5,32.0,6.193962001259777
2026-01-24 23:04:54,37.5,28.000000000000004,6.195279606961994
2026-01-24 23:05:09,37.5,28.000000000000004,6.19659721266421
2026-01-24 23:05:24,37.5,28.000000000000004,6.197914818366426
2026-01-24 23:05:39,37.5,28.000000000000004,6.199232424068643
2026-01-24 23:05:54,37.5,32.0,6.2005500297708585
2026-01-24 23:06:09,37.5,36.0,6.201867635473075
2026-01-24 23:06:24,37.5,40.0,6.203185241175291
2026-01-24 23:06:39,37.5,44.0,6.204502846877507
2026-01-24 23:06:54,37.5,48.0,6.205820452579723
2026-01-24 23:07:09,37.5,48.0,6.20713805828194
2026-01-24 23:07:24,37.5,48.0,6.2084556639841555
2026-01-24 23:07:39,37.5,52.0,6.209773269686372
2026-01-24 23:07:54,37.5,56.00000000000001,6.211090875388588
2026-01-24 23:08:09,37.5,56.00000000000001,6.2124084810908045
2026-01-24 23:08:24,37.5,56.00000000000001,6.21372608679302
2026-01-24 23:08:39,37.5,60.0,6.215043692495237
2026-01-24 23:08:54,37.5,64.0,6.216361298197453
2026-01-24 23:09:09,37.5,68.0,6.217678903899669
2026-01-24 23:09:24,50.0,68.0,6.218996509601886
2026-01-24 23:09:39,50.0,68.0,6.2203141153041015
2026-01-24 23:09:54,50.0,64.0,6.221631721006318
2026-01-24 23:10:09,50.0,60.0,6.222949326708534
2026-01-24 23:10:24,50.0,60.0,6.2242669324107505
2026-01-24 23:10:39,50.0,60.0,6.225584538112966
2026-01-24 23:10:54,50.0,60.0,6.226902143815183
2026-01-24 23:11:09,50.0,60.0,6.2282197495173985
2026-01-24 23:11:24,50.0,56.00000000000001,6.229537355219615
2026-01-24 23:11:39,50.0,52.0,6.230854960921831
2026-01-24 23:11:54,50.0,48.0,6.2321725666240475
2026-01-24 23:12:09,62.5,44.0,6.233490172326263
2026-01-24 23:12:24,62.5,40.0,6.23480777802848
2026-01-24 23:12:39,50.0,36.0,6.2361253837306965
2026-01-24 23:12:54,50.0,32.0,6.237442989432912
2026-01-24 23:13:09,50.0,28.000000000000004,6.238760595135129
2026-01-24 23:13:24,50.0,24.0,6.2400782008373445
2026-01-24 23:13:39,50.0,20.0,6.241395806539561
2026-01-24 23:13:54,50.0,16.0,6.242713412241777
2026-01-24 23:14:09,50.0,12.0,6.2440310179439935
2026-01-24 23:14:24,50.0,12.0,6.245348623646209
2026-01-24 23:14:39,50.0,12.0,6.246666229348426
2026-01-24 23:14:54,50.0,8.0,6.247983835050642
2026-01-24 23:15:09,50.0,8.0,6.249301440752858
2026-01-24 23:15:24,50.0,8.0,6.250619046455074
2026-01-24 23:15:39,50.0,8.0,6.2519366521572906
2026-01-24 23:15:54,37.5,12.0,6.253254257859507
2026-01-24 23:16:09,37.5,16.0,6.254571863561723
2026-01-24 23:16:24,37.5,20.0,6.2558894692639395
2026-01-24 23:16:39,37.5,24.0,6.257207074966155
2026-01-24 23:16:54,37.5,28.000000000000004,6.258524680668372
2026-01-24 23:17:09,37.5,32.0,6.259842286370588
2026-01-24 23:17:24,37.5,36.0,6.261159892072804
2026-01-24 23:17:39,37.5,36.0,6.26247749777502
2026-01-24 23:17:54,37.5,36.0,6.263795103477237
2026-01-24 23:18:09,37.5,36.0,6.265112709179452
2026-01-24 23:18:24,37.5,36.0,6.266430314881669
2026-01-24 23:18:39,37.5,36.0,6.267747920583885
2026-01-24 23:18:54,37.5,36.0,6.269065526286101
2026-01-24 23:19:09,37.5,36.0,6.270383131988318
2026-01-24 23:19:24,37.5,36.0,6.271700737690534
2026-01-24 23:19:39,37.5,36.0,6.27301834339275
2026-01-24 23:19:54,50.0,36.0,6.274335949094966
2026-01-24 23:20:09,50.0,36.0,6.275653554797183
2026-01-24 23:20:24,50.0,40.0,6.276971160499398
2026-01-24 23:20:39,50.0,40.0,6.278288766201615
2026-01-24 23:20:54,50.0,40.0,6.279606371903831
2026-01-24 23:21:09,50.0,44.0,6.280923977606047
2026-01-24 23:21:24,50.0,40.0,6.282241583308263
2026-01-24 23:21:39,37.5,36.0,6.28355918901048
2026-01-24 23:21:54,37.5,36.0,6.284876794712695
2026-01-24 23:22:09,37.5,32.0,6.286194400414912
2026-01-24 23:22:24,37.5,28.000000000000004,6.287512006117128
2026-01-24 23:22:39,37.5,24.0,6.288829611819344
2026-01-24 23:22:54,37.5,20.0,6.290147217521561
2026-01-24 23:23:09,37.5,16.0,6.291464823223777
2026-01-24 23:23:24,37.5,12.0,6.292782428925993
2026-01-24 23:23:39,37.5,8.0,6.294100034628209
2026-01-24 23:23:54,37.5,8.0,6.295417640330426
2026-01-24 23:24:09,37.5,8.0,6.296735246032641
2026-01-24 23:24:24,37.5,8.0,6.298052851734858
2026-01-24 23:24:39,37.5,8.0,6.299370457437074
2026-01-24 23:24:54,37.5,8.0,6.30068806313929
2026-01-24 23:25:09,25.0,8.0,6.302005668841506
2026-01-24 23:25:24,25.0,8.0,6.303323274543723
2026-01-24 23:25:39,25.0,8.0,6.304640880245938
2026-01-24 23:25:54,25.0,8.0,6.305958485948155
2026-01-24 23:26:09,25.0,8.0,6.307276091650371
2026-01-24 23:26:24,25.0,8.0,6.308593697352587
2026-01-24 23:26:39,25.0,4.0,6.309911303054804
2026-01-24 23:26:54,25.0,4.0,6.31122890875702
2026-01-24 23:27:09,25.0,4.0,6.312546514459236
2026-01-24 23:27:24,25.0,0.0,6.313864120161452
2026-01-24 23:27:39,25.0,0.0,6.315181725863669
2026-01-24 23:27:54,25.0,0.0,6.316499331565884
2026-01-24 23:28:09,25.0,0.0,6.317816937268101
2026-01-24 23:28:24,25.0,0.0,6.319134542970317
2026-01-24 23:28:39,25.0,0.0,6.320452148672533
2026-01-24 23:28:54,25.0,0.0,6.321769754374749
2026-01-24 23:29:09,25.0,0.0,6.323087360076966
2026-01-24 23:29:24,25.0,0.0,6.324404965779181
2026-01-24 23:29:39,25.0,0.0,6.325722571481398
2026-01-24 23:29:54,25.0,0.0,6.327040177183614
2026-01-24 23:30:09,25.0,0.0,6.32835778288583
2026-01-24 23:30:24,25.0,0.0,6.329675388588047
2026-01-24 23:30:39,25.0,0.0,6.330992994290263
2026-01-24 23:30:54,25.0,0.0,6.332310599992479
2026-01-24 23:31:09,25.0,0.0,6.333628205694695
2026-01-24 23:31:24,25.0,0.0,6.334945811396912
2026-01-24 23:31:39,25.0,0.0,6.336263417099127
2026-01-24 23:31:54,12.5,0.0,6.337581022801344
2026-01-24 23:32:09,12.5,0.0,6.33889862850356
2026-01-24 23:32:24,12.5,0.0,6.340216234205776
2026-01-24 23:32:39,12.5,0.0,6.341533839907992
2026-01-24 23:32:54,12.5,0.0,6.342851445610209
2026-01-24 23:33:09,12.5,0.0,6.344169051312425
2026-01-24 23:33:24,12.5,0.0,6.345486657014641
2026-01-24 23:33:39,12.5,0.0,6.346804262716858
2026-01-24 23:33:54,12.5,0.0,6.348121868419073
2026-01-24 23:34:09,12.5,0.0,6.34943947412129
2026-01-24 23:34:24,12.5,0.0,6.350757079823506
2026-01-24 23:34:39,12.5,0.0,6.352074685525722
2026-01-24 23:34:54,12.5,0.0,6.353392291227938
2026-01-24 23:35:09,12.5,0.0,6.354709896930155
2026-01-24 23:35:24,12.5,0.0,6.3560275026323705
2026-01-24 23:35:39,12.5,0.0,6.357345108334587
2026-01-24 23:35:54,12.5,0.0,6.358662714036803
2026-01-24 23:36:09,12.5,0.0,6.3599803197390194
2026-01-24 23:36:24,12.5,0.0,6.361297925441235
2026-01-24 23:36:39,12.5,0.0,6.362615531143452
2026-01-24 23:36:54,12.5,0.0,6.363933136845668
2026-01-24 23:37:09,12.5,0.0,6.365250742547884
2026-01-24 23:37:24,12.5,0.0,6.366568348250101
2026-01-24 23:37:39,12.5,0.0,6.3678859539523165
2026-01-24 23:37:54,12.5,0.0,6.369203559654533
2026-01-24 23:38:09,12.5,0.0,6.370521165356749
2026-01-24 23:38:24,12.5,0.0,6.3718387710589655
2026-01-24 23:38:39,12.5,0.0,6.373156376761181
2026-01-24 23:38:54,12.5,0.0,6.374473982463398
2026-01-24 23:39:09,12.5,0.0,6.3757915881656135
2026-01-24 23:39:24,12.5,0.0,6.37710919386783
2026-01-24 23:39:39,12.5,0.0,6.378426799570046
2026-01-24 23:39:54,12.5,0.0,6.3797444052722625
2026-01-24 23:40:09,12.5,0.0,6.381062010974478
2026-01-24 23:40:24,12.5,0.0,6.382379616676695
2026-01-24 23:40:39,12.5,0.0,6.3836972223789115
2026-01-24 23:40:54,12.5,0.0,6.385014828081127
2026-01-24 23:41:09,12.5,0.0,6.386332433783344
2026-01-24 23:41:24,12.5,0.0,6.3876500394855595
2026-01-24 23:41:39,12.5,0.0,6.388967645187776
2026-01-24 23:41:54,12.5,4.0,6.390285250889992
2026-01-24 23:42:09,12.5,4.0,6.3916028565922085
2026-01-24 23:42:24,12.5,8.0,6.392920462294424
2026-01-24 23:42:39,12.5,8.0,6.394238067996641
2026-01-24 23:42:54,12.5,8.0,6.395555673698857
2026-01-24 23:43:09,12.5,8.0,6.396873279401073
2026-01-24 23:43:24,12.5,12.0,6.398190885103289
2026-01-24 23:43:39,12.5,16.0,6.3995084908055055
2026-01-24 23:43:54,12.5,20.0,6.400826096507721
2026-01-24 23:44:09,12.5,20.0,6.402143702209938
2026-01-24 23:44:24,12.5,20.0,6.4034613079121545
2026-01-24 23:44:39,12.5,24.0,6.40477891361437
2026-01-24 23:44:54,12.5,28.000000000000004,6.406096519316587
2026-01-24 23:45:09,12.5,32.0,6.407414125018803
2026-01-24 23:45:24,12.5,36.0,6.408731730721019
2026-01-24 23:45:39,12.5,40.0,6.410049336423235
2026-01-24 23:45:54,12.5,44.0,6.4113669421254516
2026-01-24 23:46:09,12.5,48.0,6.412684547827667
2026-01-24 23:46:24,12.5,52.0,6.414002153529884
2026-01-24 23:46:39,12.5,56.00000000000001,6.4153197592321
2026-01-24 23:46:54,12.5,60.0,6.416637364934316
2026-01-24 23:47:09,12.5,64.0,6.417954970636533
2026-01-24 23:47:24,12.5,68.0,6.419272576338749
2026-01-24 23:47:39,12.5,72.0,6.420590182040964
2026-01-24 23:47:54,25.0,76.0,6.421907787743181
2026-01-24 23:48:09,25.0,76.0,6.423225393445398
2026-01-24 23:48:24,25.0,80.0,6.424542999147613
2026-01-24 23:48:39,25.0,80.0,6.42586060484983
2026-01-24 23:48:54,25.0,84.0,6.427178210552046
2026-01-24 23:49:09,25.0,88.0,6.428495816254262
2026-01-24 23:49:24,25.0,92.0,6.429813421956478
2026-01-24 23:49:39,25.0,92.0,6.431131027658695
2026-01-24 23:49:54,37.5,92.0,6.43244863336091
2026-01-24 23:50:09,37.5,92.0,6.433766239063127
2026-01-24 23:50:24,37.5,96.0,6.435083844765343
2026-01-24 23:50:39,37.5,100.0,6.436401450467559
2026-01-24 23:50:54,37.5,100.0,6.437719056169776
2026-01-24 23:51:09,37.5,100.0,6.439036661871992
2026-01-24 23:51:24,50.0,100.0,6.440354267574207
2026-01-24 23:51:39,50.0,100.0,6.441671873276424
2026-01-24 23:51:54,50.0,100.0,6.442989478978641
2026-01-24 23:52:09,50.0,100.0,6.444307084680856
2026-01-24 23:52:24,50.0,100.0,6.445624690383073
2026-01-24 23:52:39,50.0,100.0,6.446942296085289
2026-01-24 23:52:54,50.0,100.0,6.448259901787505
2026-01-24 23:53:09,50.0,100.0,6.449577507489721
2026-01-24 23:53:24,62.5,100.0,6.450895113191938
2026-01-24 23:53:39,62.5,100.0,6.452212718894153
2026-01-24 23:53:54,62.5,100.0,6.45353032459637
2026-01-24 23:54:09,62.5,100.0,6.454847930298586
2026-01-24 23:54:24,62.5,100.0,6.456165536000802
2026-01-24 23:54:39,62.5,100.0,6.457483141703019
2026-01-24 23:54:54,62.5,100.0,6.458800747405235
2026-01-24 23:55:09,62.5,100.0,6.460118353107451
2026-01-24 23:55:24,62.5,100.0,6.461435958809667
2026-01-24 23:55:39,75.0,100.0,6.462753564511884
2026-01-24 23:55:54,75.0,100.0,6.464071170214099
2026-01-24 23:56:09,75.0,100.0,6.465388775916316
2026-01-24 23:56:24,75.0,100.0,6.466706381618532
2026-01-24 23:56:39,75.0,100.0,6.468023987320748
2026-01-24 23:56:54,75.0,100.0,6.469341593022964
2026-01-24 23:57:09,75.0,100.0,6.470659198725181
2026-01-24 23:57:24,75.0,100.0,6.471976804427396
2026-01-24 23:57:39,75.0,100.0,6.473294410129613
2026-01-24 23:57:54,75.0,100.0,6.474612015831829
2026-01-24 23:58:09,75.0,100.0,6.475929621534045
2026-01-24 23:58:24,75.0,100.0,6.477247227236262
2026-01-24 23:58:39,75.0,100.0,6.478564832938478
2026-01-24 23:58:54,75.0,100.0,6.479882438640694
2026-01-24 23:59:09,75.0,100.0,6.48120004434291
2026-01-24 23:59:24,75.0,100.0,6.482517650045127
2026-01-24 23:59:39,75.0,100.0,6.483835255747342
