time,tcc_auto,tcc_empi,int_time
2026-04-04 00:00:08,100.0,100.0,5.0
2026-04-04 00:00:23,100.0,100.0,5.0
2026-04-04 00:00:38,100.0,100.0,5.0
2026-04-04 00:00:53,100.0,100.0,5.0
2026-04-04 00:01:08,100.0,100.0,5.0
2026-04-04 00:01:23,100.0,100.0,5.0
2026-04-04 00:01:38,100.0,100.0,5.0
2026-04-04 00:01:53,100.0,100.0,5.0
2026-04-04 00:02:08,100.0,100.0,5.0
2026-04-04 00:02:23,100.0,100.0,5.0
2026-04-04 00:02:38,100.0,100.0,5.0
2026-04-04 00:02:53,100.0,100.0,5.0
2026-04-04 00:03:08,100.0,100.0,5.0
2026-04-04 00:03:23,100.0,100.0,5.0
2026-04-04 00:03:38,100.0,100.0,5.0
2026-04-04 00:03:53,100.0,100.0,5.0
2026-04-04 00:04:08,100.0,100.0,5.0
2026-04-04 00:04:23,100.0,100.0,5.0
2026-04-04 00:04:38,100.0,100.0,5.0
2026-04-04 00:04:53,100.0,100.0,5.0
2026-04-04 00:05:08,100.0,100.0,5.0
2026-04-04 00:05:23,100.0,100.0,5.0
2026-04-04 00:05:38,100.0,100.0,5.0
2026-04-04 00:05:53,100.0,100.0,5.0
2026-04-04 00:06:08,100.0,100.0,5.0
2026-04-04 00:06:23,100.0,100.0,5.0
2026-04-04 00:06:38,100.0,100.0,5.0
2026-04-04 00:06:53,100.0,100.0,5.0
2026-04-04 00:07:08,100.0,100.0,5.0
2026-04-04 00:07:23,100.0,100.0,5.0
2026-04-04 00:07:38,100.0,100.0,5.0
2026-04-04 00:07:53,100.0,100.0,5.0
2026-04-04 00:08:08,100.0,100.0,5.0
2026-04-04 00:08:23,100.0,100.0,5.0
2026-04-04 00:08:38,100.0,100.0,5.0
2026-04-04 00:08:53,100.0,100.0,5.0
2026-04-04 00:09:08,100.0,100.0,5.0
2026-04-04 00:09:23,100.0,100.0,5.0
2026-04-04 00:09:38,100.0,100.0,5.0
2026-04-04 00:09:53,100.0,100.0,5.0
2026-04-04 00:10:08,100.0,100.0,5.0
2026-04-04 00:10:23,100.0,100.0,5.0
2026-04-04 00:10:38,100.0,100.0,5.0
2026-04-04 00:10:53,100.0,100.0,5.0
2026-04-04 00:11:08,100.0,100.0,5.0
2026-04-04 00:11:23,100.0,100.0,5.0
2026-04-04 00:11:38,100.0,100.0,5.0
2026-04-04 00:11:53,100.0,100.0,5.0
2026-04-04 00:12:08,100.0,100.0,5.0
2026-04-04 00:12:23,100.0,100.0,5.0
2026-04-04 00:12:38,100.0,100.0,5.0
2026-04-04 00:12:53,100.0,100.0,5.0
2026-04-04 00:13:08,100.0,100.0,5.0
2026-04-04 00:13:23,100.0,100.0,5.0
2026-04-04 00:13:38,100.0,100.0,5.0
2026-04-04 00:13:53,100.0,100.0,5.0
2026-04-04 00:14:08,100.0,100.0,5.0
2026-04-04 00:14:23,100.0,100.0,5.0
2026-04-04 00:14:38,100.0,100.0,5.0
2026-04-04 00:14:53,100.0,100.0,5.0
2026-04-04 00:15:08,100.0,100.0,5.0
2026-04-04 00:15:23,100.0,100.0,5.0
2026-04-04 00:15:38,100.0,100.0,5.0
2026-04-04 00:15:53,100.0,100.0,5.0
2026-04-04 00:16:08,100.0,100.0,5.0
2026-04-04 00:16:23,100.0,100.0,5.0
2026-04-04 00:16:38,100.0,100.0,5.0
2026-04-04 00:16:53,100.0,100.0,5.0
2026-04-04 00:17:08,100.0,100.0,5.0
2026-04-04 00:17:23,100.0,100.0,5.0
2026-04-04 00:17:38,100.0,100.0,5.0
2026-04-04 00:17:53,100.0,100.0,5.0
2026-04-04 00:18:08,100.0,100.0,5.0
2026-04-04 00:18:23,100.0,100.0,5.0
2026-04-04 00:18:38,100.0,100.0,5.0
2026-04-04 00:18:53,100.0,100.0,5.0
2026-04-04 00:19:08,100.0,100.0,5.0
2026-04-04 00:19:23,100.0,100.0,5.0
2026-04-04 00:19:38,100.0,100.0,5.0
2026-04-04 00:19:53,100.0,100.0,5.0
2026-04-04 00:20:08,100.0,100.0,5.0
2026-04-04 00:20:23,100.0,100.0,5.0
2026-04-04 00:20:38,100.0,100.0,5.0
2026-04-04 00:20:53,100.0,100.0,5.0
2026-04-04 00:21:08,100.0,100.0,5.0
2026-04-04 00:21:23,100.0,100.0,5.0
2026-04-04 00:21:38,100.0,100.0,5.0
2026-04-04 00:21:53,100.0,100.0,5.0
2026-04-04 00:22:08,100.0,100.0,5.0
2026-04-04 00:22:23,100.0,100.0,5.0
2026-04-04 00:22:38,100.0,100.0,5.0
2026-04-04 00:22:53,100.0,100.0,5.0
2026-04-04 00:23:08,100.0,100.0,5.0
2026-04-04 00:23:23,100.0,100.0,5.0
2026-04-04 00:23:38,100.0,100.0,5.0
2026-04-04 00:23:53,100.0,100.0,5.0
2026-04-04 00:24:08,100.0,100.0,5.0
2026-04-04 00:24:23,100.0,100.0,5.0
2026-04-04 00:24:38,100.0,100.0,5.0
2026-04-04 00:24:53,100.0,100.0,5.0
2026-04-04 00:25:08,100.0,100.0,5.0
2026-04-04 00:25:23,100.0,100.0,5.0
2026-04-04 00:25:38,100.0,100.0,5.0
2026-04-04 00:25:53,100.0,100.0,5.0
2026-04-04 00:26:08,100.0,100.0,5.0
2026-04-04 00:26:23,100.0,100.0,5.0
2026-04-04 00:26:38,100.0,100.0,5.0
2026-04-04 00:26:53,100.0,100.0,5.0
2026-04-04 00:27:08,100.0,100.0,5.0
2026-04-04 00:27:23,100.0,100.0,5.0
2026-04-04 00:27:38,100.0,100.0,5.0
2026-04-04 00:27:53,100.0,100.0,5.0
2026-04-04 00:28:08,100.0,100.0,5.0
2026-04-04 00:28:23,100.0,100.0,5.0
2026-04-04 00:28:38,100.0,100.0,5.0
2026-04-04 00:28:53,100.0,100.0,5.0
2026-04-04 00:29:08,100.0,100.0,5.0
2026-04-04 00:29:23,100.0,100.0,5.0
2026-04-04 00:29:38,100.0,100.0,5.0
2026-04-04 00:29:53,100.0,100.0,5.0
2026-04-04 00:30:08,100.0,100.0,5.0
2026-04-04 00:30:23,100.0,100.0,5.0
2026-04-04 00:30:38,100.0,100.0,5.0
2026-04-04 00:30:53,100.0,100.0,5.0
2026-04-04 00:31:08,100.0,100.0,5.0
2026-04-04 00:31:23,100.0,100.0,5.0
2026-04-04 00:31:38,100.0,100.0,5.0
2026-04-04 00:31:53,100.0,100.0,1.0008358059627014
2026-04-04 00:32:08,100.0,100.0,1.055538666830973
2026-04-04 00:32:23,100.0,100.0,1.110241527699248
2026-04-04 00:32:38,100.0,100.0,1.1649443885675197
2026-04-04 00:32:53,100.0,100.0,1.2196472494357913
2026-04-04 00:33:08,100.0,100.0,1.2743501103040664
2026-04-04 00:33:23,100.0,100.0,1.329052971172338
2026-04-04 00:33:38,100.0,100.0,1.3837558320406131
2026-04-04 00:33:53,100.0,100.0,1.4384586929088847
2026-04-04 00:34:08,100.0,100.0,1.4931615537771563
2026-04-04 00:34:23,100.0,100.0,1.5478644146454315
2026-04-04 00:34:38,100.0,100.0,1.602567275513703
2026-04-04 00:34:53,100.0,100.0,1.6572701363819782
2026-04-04 00:35:08,100.0,100.0,1.7119729972502498
2026-04-04 00:35:23,100.0,100.0,1.7666758581185213
2026-04-04 00:35:38,100.0,100.0,1.8213787189867965
2026-04-04 00:35:53,100.0,100.0,1.876081579855068
2026-04-04 00:36:08,100.0,100.0,1.9307844407233432
2026-04-04 00:36:23,100.0,100.0,1.9854873015916148
2026-04-04 00:36:38,100.0,100.0,2.0401901624598864
2026-04-04 00:36:53,100.0,100.0,2.0948930233281615
2026-04-04 00:37:08,100.0,100.0,2.149595884196433
2026-04-04 00:37:23,100.0,100.0,2.2042987450647082
2026-04-04 00:37:38,100.0,100.0,2.25900160593298
2026-04-04 00:37:53,100.0,100.0,2.313704466801255
2026-04-04 00:38:08,100.0,100.0,2.3684073276695266
2026-04-04 00:38:23,100.0,100.0,2.423110188537798
2026-04-04 00:38:38,100.0,100.0,2.4778130494060733
2026-04-04 00:38:53,100.0,100.0,2.532515910274345
2026-04-04 00:39:08,100.0,100.0,2.58721877114262
2026-04-04 00:39:23,100.0,100.0,2.6419216320108916
2026-04-04 00:39:38,100.0,100.0,2.696624492879163
2026-04-04 00:39:53,100.0,100.0,2.7513273537474383
2026-04-04 00:40:08,100.0,100.0,2.80603021461571
2026-04-04 00:40:23,100.0,100.0,2.860733075483985
2026-04-04 00:40:38,100.0,100.0,2.9154359363522566
2026-04-04 00:40:53,100.0,100.0,2.970138797220528
2026-04-04 00:41:08,100.0,100.0,3.0248416580888033
2026-04-04 00:41:23,100.0,100.0,3.079544518957075
2026-04-04 00:41:38,100.0,100.0,3.13424737982535
2026-04-04 00:41:53,100.0,100.0,3.1889502406936217
2026-04-04 00:42:08,100.0,100.0,3.2436531015618932
2026-04-04 00:42:23,100.0,100.0,3.2983559624301684
2026-04-04 00:42:38,100.0,100.0,3.35305882329844
2026-04-04 00:42:53,100.0,100.0,3.407761684166715
2026-04-04 00:43:08,100.0,100.0,3.4624645450349867
2026-04-04 00:43:23,100.0,100.0,3.5171674059032583
2026-04-04 00:43:38,100.0,100.0,3.5718702667715334
2026-04-04 00:43:53,100.0,100.0,3.626573127639805
2026-04-04 00:44:08,100.0,100.0,3.68127598850808
2026-04-04 00:44:23,100.0,100.0,3.7359788493763517
2026-04-04 00:44:38,100.0,100.0,3.7906817102446233
2026-04-04 00:44:53,100.0,100.0,3.8453845711128984
2026-04-04 00:45:08,100.0,100.0,3.90008743198117
2026-04-04 00:45:23,100.0,100.0,3.954790292849445
2026-04-04 00:45:38,100.0,100.0,4.009493153717717
2026-04-04 00:45:53,100.0,100.0,4.064196014585988
2026-04-04 00:46:08,100.0,100.0,4.1188988754542635
2026-04-04 00:46:23,100.0,100.0,4.173601736322535
2026-04-04 00:46:38,100.0,100.0,4.22830459719081
2026-04-04 00:46:53,100.0,100.0,4.283007458059082
2026-04-04 00:47:08,100.0,100.0,4.337710318927355
2026-04-04 00:47:23,100.0,100.0,4.3924131797956285
2026-04-04 00:47:38,100.0,100.0,4.447116040663902
2026-04-04 00:47:53,100.0,100.0,4.5018189015321735
2026-04-04 00:48:08,100.0,100.0,4.556521762400447
2026-04-04 00:48:23,100.0,100.0,4.61122462326872
2026-04-04 00:48:38,100.0,100.0,4.6659274841369935
2026-04-04 00:48:53,100.0,100.0,4.720630345005267
2026-04-04 00:49:08,100.0,100.0,4.7753332058735385
2026-04-04 00:49:23,100.0,100.0,4.830036066741812
2026-04-04 00:49:38,100.0,100.0,4.884738927610085
2026-04-04 00:49:53,100.0,100.0,4.939441788478359
2026-04-04 00:50:08,100.0,100.0,4.994144649346632
2026-04-04 00:50:23,100.0,100.0,5.048847510214905
2026-04-04 00:50:38,100.0,100.0,5.103550371083177
2026-04-04 00:50:53,100.0,100.0,5.15825323195145
2026-04-04 00:51:08,100.0,100.0,5.212956092819724
2026-04-04 00:51:23,100.0,100.0,5.267658953687997
2026-04-04 00:51:38,100.0,100.0,5.32236181455627
2026-04-04 00:51:53,100.0,100.0,5.377064675424542
2026-04-04 00:52:08,100.0,100.0,5.431767536292815
2026-04-04 00:52:23,100.0,100.0,5.486470397161089
2026-04-04 00:52:38,100.0,100.0,5.541173258029362
2026-04-04 00:52:53,100.0,100.0,5.595876118897635
2026-04-04 00:53:08,100.0,100.0,5.650578979765907
2026-04-04 00:53:23,100.0,100.0,5.70528184063418
2026-04-04 00:53:38,100.0,100.0,5.759984701502454
2026-04-04 00:53:53,100.0,100.0,5.814687562370727
2026-04-04 00:54:08,100.0,100.0,5.869390423239
2026-04-04 00:54:23,100.0,100.0,5.924093284107274
2026-04-04 00:54:38,100.0,100.0,5.978796144975545
2026-04-04 00:54:53,100.0,100.0,6.033499005843819
2026-04-04 00:55:08,100.0,100.0,6.088201866712092
2026-04-04 00:55:23,100.0,100.0,6.142904727580365
2026-04-04 00:55:38,100.0,100.0,6.197607588448639
2026-04-04 00:55:53,100.0,100.0,6.25231044931691
2026-04-04 00:56:08,100.0,100.0,6.307013310185184
2026-04-04 00:56:23,100.0,100.0,6.361716171053457
2026-04-04 00:56:38,100.0,100.0,6.4164190319217305
2026-04-04 00:56:53,100.0,100.0,6.471121892790004
2026-04-04 00:57:08,100.0,100.0,6.525824753658275
2026-04-04 00:57:23,100.0,100.0,6.580527614526549
2026-04-04 00:57:38,100.0,100.0,6.635230475394822
2026-04-04 00:57:53,100.0,100.0,6.6899333362630955
2026-04-04 00:58:08,100.0,100.0,6.744636197131369
2026-04-04 00:58:23,100.0,100.0,6.7993390579996404
2026-04-04 00:58:38,100.0,100.0,6.854041918867914
2026-04-04 00:58:53,100.0,100.0,6.908744779736187
2026-04-04 00:59:08,100.0,100.0,6.9634476406044605
2026-04-04 00:59:23,100.0,100.0,7.018150501472734
2026-04-04 00:59:38,100.0,100.0,7.072853362341007
2026-04-04 00:59:53,100.0,100.0,7.127556223209279
2026-04-04 01:00:08,100.0,100.0,7.182259084077552
2026-04-04 01:00:23,100.0,100.0,7.236961944945826
2026-04-04 01:00:38,100.0,100.0,7.291664805814099
2026-04-04 01:00:53,100.0,100.0,7.346367666682372
2026-04-04 01:01:08,100.0,100.0,7.401070527550644
2026-04-04 01:01:23,100.0,100.0,7.455773388418917
2026-04-04 01:01:38,100.0,100.0,7.510476249287191
2026-04-04 01:01:53,100.0,100.0,7.565179110155464
2026-04-04 01:02:08,100.0,100.0,7.619881971023737
2026-04-04 01:02:23,100.0,100.0,7.674584831892009
2026-04-04 01:02:38,100.0,100.0,7.729287692760282
2026-04-04 01:02:53,100.0,100.0,7.783990553628556
2026-04-04 01:03:08,100.0,100.0,7.838693414496829
2026-04-04 01:03:23,100.0,100.0,7.893396275365102
2026-04-04 01:03:38,100.0,100.0,7.948099136233374
2026-04-04 01:03:53,100.0,100.0,8.002801997101647
2026-04-04 01:04:08,100.0,100.0,8.05750485796992
2026-04-04 01:04:23,100.0,100.0,8.112207718838194
2026-04-04 01:04:38,100.0,100.0,8.166910579706467
2026-04-04 01:04:53,100.0,100.0,8.22161344057474
2026-04-04 01:05:08,100.0,100.0,8.276316301443012
2026-04-04 01:05:23,100.0,100.0,8.331019162311286
2026-04-04 01:05:38,100.0,100.0,8.385722023179559
2026-04-04 01:05:53,100.0,100.0,8.440424884047832
2026-04-04 01:06:08,100.0,100.0,8.495127744916106
2026-04-04 01:06:23,100.0,100.0,8.549830605784377
2026-04-04 01:06:38,100.0,100.0,8.60453346665265
2026-04-04 01:06:53,100.0,100.0,8.659236327520924
2026-04-04 01:07:08,100.0,100.0,8.713939188389197
2026-04-04 01:07:23,100.0,100.0,8.76864204925747
2026-04-04 01:07:38,100.0,100.0,8.823344910125742
2026-04-04 01:07:53,100.0,100.0,8.878047770994016
2026-04-04 01:08:08,100.0,100.0,8.93275063186229
2026-04-04 01:08:23,100.0,100.0,8.987453492730562
2026-04-04 01:08:38,100.0,100.0,9.042156353598836
2026-04-04 01:08:53,100.0,100.0,9.09685921446711
2026-04-04 01:09:08,100.0,100.0,9.15156207533538
2026-04-04 01:09:23,100.0,100.0,9.206264936203654
2026-04-04 01:09:38,100.0,100.0,9.260967797071928
2026-04-04 01:09:53,100.0,100.0,9.3156706579402
2026-04-04 01:10:08,100.0,100.0,9.370373518808474
2026-04-04 01:10:23,100.0,100.0,9.425076379676746
2026-04-04 01:10:38,100.0,100.0,9.47977924054502
2026-04-04 01:10:53,100.0,100.0,9.534482101413293
2026-04-04 01:11:08,100.0,100.0,9.589184962281566
2026-04-04 01:11:23,100.0,100.0,9.64388782314984
2026-04-04 01:11:38,100.0,100.0,9.69859068401811
2026-04-04 01:11:53,100.0,100.0,9.753293544886384
2026-04-04 01:12:08,100.0,100.0,9.807996405754658
2026-04-04 01:12:23,100.0,100.0,9.862699266622931
2026-04-04 01:12:38,100.0,100.0,9.917402127491204
2026-04-04 01:12:53,100.0,100.0,9.972104988359476
2026-04-04 01:13:08,100.0,100.0,10.02680784922775
2026-04-04 01:13:23,100.0,100.0,10.081510710096023
2026-04-04 01:13:38,100.0,100.0,10.136213570964296
2026-04-04 01:13:53,100.0,100.0,10.19091643183257
2026-04-04 01:14:08,100.0,100.0,10.245619292700843
2026-04-04 01:14:23,100.0,100.0,10.300322153569114
2026-04-04 01:14:38,100.0,100.0,10.355025014437388
2026-04-04 01:14:53,100.0,100.0,10.409727875305661
2026-04-04 01:15:08,100.0,100.0,10.464430736173934
2026-04-04 01:15:23,100.0,100.0,10.519133597042208
2026-04-04 01:15:38,100.0,100.0,10.57383645791048
2026-04-04 01:15:53,100.0,100.0,10.628539318778753
2026-04-04 01:16:08,100.0,100.0,10.683242179647026
2026-04-04 01:16:23,100.0,100.0,10.7379450405153
2026-04-04 01:16:38,100.0,100.0,10.792647901383573
2026-04-04 01:16:53,100.0,100.0,10.847350762251844
2026-04-04 01:17:08,100.0,100.0,10.902053623120118
2026-04-04 01:17:23,100.0,100.0,10.956756483988391
2026-04-04 01:17:38,100.0,100.0,11.011459344856664
2026-04-04 01:17:53,100.0,100.0,11.066162205724938
2026-04-04 01:18:08,100.0,100.0,11.12086506659321
2026-04-04 01:18:23,100.0,100.0,11.175567927461483
2026-04-04 01:18:38,100.0,100.0,11.230270788329756
2026-04-04 01:18:53,100.0,100.0,11.28497364919803
2026-04-04 01:19:08,100.0,100.0,11.339676510066303
2026-04-04 01:19:23,100.0,100.0,11.394379370934576
2026-04-04 01:19:38,100.0,100.0,11.449082231802848
2026-04-04 01:19:53,100.0,100.0,11.503785092671121
2026-04-04 01:20:08,100.0,100.0,11.558487953539395
2026-04-04 01:20:23,100.0,100.0,11.613190814407668
2026-04-04 01:20:38,100.0,100.0,11.667893675275941
2026-04-04 01:20:53,100.0,100.0,11.722596536144213
2026-04-04 01:21:08,100.0,100.0,11.777299397012486
2026-04-04 01:21:23,100.0,100.0,11.83200225788076
2026-04-04 01:21:38,100.0,100.0,11.886705118749033
2026-04-04 01:21:53,100.0,100.0,11.941407979617306
2026-04-04 01:22:08,100.0,100.0,11.996110840485578
2026-04-04 01:22:23,100.0,100.0,12.050813701353851
2026-04-04 01:22:38,100.0,100.0,12.105516562222125
2026-04-04 01:22:53,100.0,100.0,12.160219423090398
2026-04-04 01:23:08,100.0,100.0,12.214922283958671
2026-04-04 01:23:23,100.0,100.0,12.269625144826945
2026-04-04 01:23:38,100.0,100.0,12.324328005695218
2026-04-04 01:23:53,100.0,100.0,12.37903086656349
2026-04-04 01:24:08,100.0,100.0,12.433733727431763
2026-04-04 01:24:23,100.0,100.0,12.488436588300036
2026-04-04 01:24:38,100.0,100.0,12.543139449168308
2026-04-04 01:24:53,100.0,100.0,12.597842310036583
2026-04-04 01:25:08,100.0,100.0,12.652545170904855
2026-04-04 01:25:23,100.0,100.0,12.707248031773128
2026-04-04 01:25:38,100.0,100.0,12.761950892641401
2026-04-04 01:25:53,100.0,100.0,12.816653753509673
2026-04-04 01:26:08,100.0,100.0,12.871356614377948
2026-04-04 01:26:23,100.0,100.0,12.92605947524622
2026-04-04 01:26:38,100.0,100.0,12.980762336114493
2026-04-04 01:26:53,100.0,100.0,13.035465196982766
2026-04-04 01:27:08,100.0,100.0,13.090168057851038
2026-04-04 01:27:23,100.0,100.0,13.144870918719313
2026-04-04 01:27:38,100.0,100.0,13.199573779587585
2026-04-04 01:27:53,100.0,100.0,13.254276640455858
2026-04-04 01:28:08,100.0,100.0,13.308979501324131
2026-04-04 01:28:23,100.0,100.0,13.363682362192403
2026-04-04 01:28:38,100.0,100.0,13.418385223060678
2026-04-04 01:28:53,100.0,100.0,13.47308808392895
2026-04-04 01:29:08,100.0,100.0,13.527790944797223
2026-04-04 01:29:23,100.0,100.0,13.582493805665496
2026-04-04 01:29:38,100.0,100.0,13.63719666653377
2026-04-04 01:29:53,100.0,100.0,13.691899527402043
2026-04-04 01:30:08,100.0,100.0,13.746602388270315
2026-04-04 01:30:23,100.0,100.0,13.801305249138588
2026-04-04 01:30:38,100.0,100.0,13.856008110006862
2026-04-04 01:30:53,100.0,100.0,13.910710970875135
2026-04-04 01:31:08,100.0,100.0,13.965413831743408
2026-04-04 01:31:23,100.0,100.0,14.02011669261168
2026-04-04 01:31:38,100.0,100.0,14.074819553479953
2026-04-04 01:31:53,100.0,100.0,14.129522414348227
2026-04-04 01:32:08,100.0,100.0,14.1842252752165
2026-04-04 01:32:23,100.0,100.0,14.238928136084773
2026-04-04 01:32:38,100.0,100.0,14.293630996953045
2026-04-04 01:32:53,100.0,100.0,14.34833385782132
2026-04-04 01:33:08,100.0,100.0,14.403036718689592
2026-04-04 01:33:23,100.0,100.0,14.457739579557865
2026-04-04 01:33:38,100.0,100.0,14.512442440426138
2026-04-04 01:33:53,100.0,100.0,14.56714530129441
2026-04-04 01:34:08,100.0,100.0,14.621848162162685
2026-04-04 01:34:23,100.0,100.0,14.676551023030957
2026-04-04 01:34:38,100.0,100.0,14.73125388389923
2026-04-04 01:34:53,100.0,100.0,14.785956744767503
2026-04-04 01:35:08,100.0,100.0,14.840659605635775
2026-04-04 01:35:23,100.0,100.0,14.89536246650405
2026-04-04 01:35:38,100.0,100.0,14.950065327372322
2026-04-04 01:35:53,100.0,100.0,15.004768188240595
2026-04-04 01:36:08,100.0,100.0,15.059471049108868
2026-04-04 01:36:23,100.0,100.0,15.11417390997714
2026-04-04 01:36:38,100.0,100.0,15.168876770845415
2026-04-04 01:36:53,100.0,100.0,15.223579631713687
2026-04-04 01:37:08,100.0,100.0,15.27828249258196
2026-04-04 01:37:23,100.0,100.0,15.332985353450233
2026-04-04 01:37:38,100.0,100.0,15.387688214318505
2026-04-04 01:37:53,100.0,100.0,15.44239107518678
2026-04-04 01:38:08,100.0,100.0,15.497093936055052
2026-04-04 01:38:23,100.0,100.0,15.551796796923325
2026-04-04 01:38:38,100.0,100.0,15.606499657791598
2026-04-04 01:38:53,100.0,100.0,15.661202518659872
2026-04-04 01:39:08,100.0,100.0,15.715905379528145
2026-04-04 01:39:23,100.0,100.0,15.770608240396417
2026-04-04 01:39:38,100.0,100.0,15.82531110126469
2026-04-04 01:39:53,100.0,100.0,15.880013962132963
2026-04-04 01:40:08,100.0,100.0,15.934716823001237
2026-04-04 01:40:23,100.0,100.0,15.98941968386951
2026-04-04 01:40:38,100.0,100.0,16.04412254473778
2026-04-04 01:40:53,100.0,100.0,16.098825405606057
2026-04-04 01:41:08,100.0,100.0,16.15352826647433
2026-04-04 01:41:23,100.0,100.0,16.2082311273426
2026-04-04 01:41:38,100.0,100.0,16.262933988210875
2026-04-04 01:41:53,100.0,100.0,16.317636849079147
2026-04-04 01:42:08,100.0,100.0,16.372339709947422
2026-04-04 01:42:23,100.0,100.0,16.427042570815694
2026-04-04 01:42:38,100.0,100.0,16.48174543168397
2026-04-04 01:42:53,100.0,100.0,16.53644829255224
2026-04-04 01:43:08,100.0,100.0,16.591151153420512
2026-04-04 01:43:23,100.0,100.0,16.645854014288787
2026-04-04 01:43:38,100.0,100.0,16.70055687515706
2026-04-04 01:43:53,100.0,100.0,16.75525973602533
2026-04-04 01:44:08,100.0,100.0,16.809962596893605
2026-04-04 01:44:23,100.0,100.0,16.864665457761877
2026-04-04 01:44:38,100.0,100.0,16.919368318630152
2026-04-04 01:44:53,100.0,100.0,16.974071179498424
2026-04-04 01:45:08,100.0,100.0,17.0287740403667
2026-04-04 01:45:23,100.0,100.0,17.08347690123497
2026-04-04 01:45:38,100.0,100.0,17.138179762103242
2026-04-04 01:45:53,100.0,100.0,17.192882622971517
2026-04-04 01:46:08,100.0,100.0,17.24758548383979
2026-04-04 01:46:23,100.0,100.0,17.30228834470806
2026-04-04 01:46:38,100.0,100.0,17.356991205576335
2026-04-04 01:46:53,100.0,100.0,17.411694066444607
2026-04-04 01:47:08,100.0,100.0,17.466396927312882
2026-04-04 01:47:23,100.0,100.0,17.521099788181154
2026-04-04 01:47:38,100.0,100.0,17.57580264904943
2026-04-04 01:47:53,100.0,100.0,17.6305055099177
2026-04-04 01:48:08,100.0,100.0,17.685208370785972
2026-04-04 01:48:23,100.0,100.0,17.739911231654247
2026-04-04 01:48:38,100.0,100.0,17.79461409252252
2026-04-04 01:48:53,100.0,100.0,17.849316953390794
2026-04-04 01:49:08,100.0,100.0,17.904019814259065
2026-04-04 01:49:23,100.0,100.0,17.958722675127337
2026-04-04 01:49:38,100.0,100.0,18.013425535995612
2026-04-04 01:49:53,100.0,100.0,18.068128396863884
2026-04-04 01:50:08,100.0,100.0,18.12283125773216
2026-04-04 01:50:23,100.0,100.0,18.17753411860043
2026-04-04 01:50:38,100.0,100.0,18.232236979468702
2026-04-04 01:50:53,100.0,100.0,18.286939840336977
2026-04-04 01:51:08,100.0,100.0,18.34164270120525
2026-04-04 01:51:23,100.0,100.0,18.396345562073524
2026-04-04 01:51:38,100.0,100.0,18.451048422941795
2026-04-04 01:51:53,100.0,100.0,18.505751283810067
2026-04-04 01:52:08,100.0,100.0,18.560454144678342
2026-04-04 01:52:23,100.0,100.0,18.615157005546614
2026-04-04 01:52:38,100.0,100.0,18.66985986641489
2026-04-04 01:52:53,100.0,100.0,18.72456272728316
2026-04-04 01:53:08,100.0,100.0,18.779265588151432
2026-04-04 01:53:23,100.0,100.0,18.833968449019707
2026-04-04 01:53:38,100.0,100.0,18.88867130988798
2026-04-04 01:53:53,100.0,100.0,18.943374170756254
2026-04-04 01:54:08,100.0,100.0,18.998077031624526
2026-04-04 01:54:23,100.0,100.0,19.0527798924928
2026-04-04 01:54:38,100.0,100.0,19.107482753361072
2026-04-04 01:54:53,100.0,100.0,19.162185614229344
2026-04-04 01:55:08,100.0,100.0,19.21688847509762
2026-04-04 01:55:23,100.0,100.0,19.27159133596589
2026-04-04 01:55:38,100.0,100.0,19.326294196834166
2026-04-04 01:55:53,100.0,100.0,19.380997057702437
2026-04-04 01:56:08,100.0,100.0,19.43569991857071
2026-04-04 01:56:23,100.0,100.0,19.490402779438984
2026-04-04 01:56:38,100.0,100.0,19.545105640307256
2026-04-04 01:56:53,100.0,100.0,19.59980850117553
2026-04-04 01:57:08,100.0,100.0,19.654511362043802
2026-04-04 01:57:23,100.0,100.0,19.709214222912074
2026-04-04 01:57:38,100.0,100.0,19.76391708378035
2026-04-04 01:57:53,100.0,100.0,19.81861994464862
2026-04-04 01:58:08,100.0,100.0,19.873322805516896
2026-04-04 01:58:23,100.0,100.0,19.928025666385167
2026-04-04 01:58:38,100.0,100.0,19.98272852725344
2026-04-04 01:58:53,100.0,100.0,20.037431388121714
2026-04-04 01:59:08,100.0,100.0,20.092134248989986
2026-04-04 01:59:23,100.0,100.0,20.14683710985826
2026-04-04 01:59:38,100.0,100.0,20.201539970726532
2026-04-04 01:59:53,100.0,100.0,20.256242831594804
2026-04-04 02:00:08,100.0,100.0,20.31094569246308
2026-04-04 02:00:23,100.0,100.0,20.36564855333135
2026-04-04 02:00:38,100.0,100.0,20.420351414199626
2026-04-04 02:00:53,100.0,100.0,20.475054275067897
2026-04-04 02:01:08,100.0,100.0,20.52975713593617
2026-04-04 02:01:23,100.0,100.0,20.584459996804444
2026-04-04 02:01:38,100.0,100.0,20.639162857672716
2026-04-04 02:01:53,100.0,100.0,20.69386571854099
2026-04-04 02:02:08,100.0,100.0,20.748568579409262
2026-04-04 02:02:23,100.0,100.0,20.803271440277534
2026-04-04 02:02:38,100.0,100.0,20.85797430114581
2026-04-04 02:02:53,100.0,100.0,20.91267716201408
2026-04-04 02:03:08,100.0,100.0,20.967380022882356
2026-04-04 02:03:23,100.0,100.0,21.022082883750628
2026-04-04 02:03:38,100.0,100.0,21.076785744618903
2026-04-04 02:03:53,100.0,100.0,21.131488605487174
2026-04-04 02:04:08,100.0,100.0,21.186191466355446
2026-04-04 02:04:23,100.0,100.0,21.24089432722372
2026-04-04 02:04:38,100.0,100.0,21.295597188091993
2026-04-04 02:04:53,100.0,100.0,21.350300048960264
2026-04-04 02:05:08,100.0,100.0,21.40500290982854
2026-04-04 02:05:23,100.0,100.0,21.45970577069681
2026-04-04 02:05:38,100.0,100.0,21.514408631565086
2026-04-04 02:05:53,100.0,100.0,21.569111492433358
2026-04-04 02:06:08,100.0,100.0,21.623814353301633
2026-04-04 02:06:23,100.0,100.0,21.678517214169904
2026-04-04 02:06:38,100.0,100.0,21.733220075038176
2026-04-04 02:06:53,100.0,100.0,21.78792293590645
2026-04-04 02:07:08,100.0,100.0,21.842625796774723
2026-04-04 02:07:23,100.0,100.0,21.897328657642998
2026-04-04 02:07:38,100.0,100.0,21.95203151851127
2026-04-04 02:07:53,100.0,100.0,22.00673437937954
2026-04-04 02:08:08,100.0,100.0,22.061437240247816
2026-04-04 02:08:23,100.0,100.0,22.116140101116088
2026-04-04 02:08:38,100.0,100.0,22.170842961984363
2026-04-04 02:08:53,100.0,100.0,22.225545822852634
2026-04-04 02:09:08,100.0,100.0,22.280248683720906
2026-04-04 02:09:23,100.0,100.0,22.33495154458918
2026-04-04 02:09:38,100.0,100.0,22.389654405457453
2026-04-04 02:09:53,100.0,100.0,22.444357266325728
2026-04-04 02:10:08,100.0,100.0,22.499060127194
2026-04-04 02:10:23,100.0,100.0,22.55376298806227
2026-04-04 02:10:38,100.0,100.0,22.608465848930546
2026-04-04 02:10:53,100.0,100.0,22.663168709798818
2026-04-04 02:11:08,100.0,100.0,22.717871570667093
2026-04-04 02:11:23,100.0,100.0,22.772574431535364
2026-04-04 02:11:38,100.0,100.0,22.827277292403636
2026-04-04 02:11:53,100.0,100.0,22.88198015327191
2026-04-04 02:12:08,100.0,100.0,22.936683014140183
2026-04-04 02:12:23,100.0,100.0,22.991385875008458
2026-04-04 02:12:38,100.0,100.0,23.04608873587673
2026-04-04 02:12:53,100.0,100.0,23.100791596745005
2026-04-04 02:13:08,100.0,100.0,23.155494457613276
2026-04-04 02:13:23,100.0,100.0,23.210197318481548
2026-04-04 02:13:38,100.0,100.0,23.264900179349823
2026-04-04 02:13:53,100.0,100.0,23.319603040218094
2026-04-04 02:14:08,100.0,100.0,23.374305901086366
2026-04-04 02:14:23,100.0,100.0,23.42900876195464
2026-04-04 02:14:38,100.0,100.0,23.483711622822913
2026-04-04 02:14:53,100.0,100.0,23.538414483691188
2026-04-04 02:15:08,100.0,100.0,23.59311734455946
2026-04-04 02:15:23,100.0,100.0,23.647820205427735
2026-04-04 02:15:38,100.0,100.0,23.702523066296006
2026-04-04 02:15:53,100.0,100.0,23.757225927164278
2026-04-04 02:16:08,100.0,100.0,23.811928788032553
2026-04-04 02:16:23,100.0,100.0,23.866631648900825
2026-04-04 02:16:38,100.0,100.0,23.921334509769096
2026-04-04 02:16:53,100.0,100.0,23.97603737063737
2026-04-04 02:17:08,100.0,100.0,24.030740231505643
2026-04-04 02:17:23,100.0,100.0,24.085443092373918
2026-04-04 02:17:38,100.0,100.0,24.14014595324219
2026-04-04 02:17:53,100.0,100.0,24.194848814110465
2026-04-04 02:18:08,100.0,100.0,24.249551674978736
2026-04-04 02:18:23,100.0,100.0,24.304254535847008
2026-04-04 02:18:38,100.0,100.0,24.358957396715283
2026-04-04 02:18:53,100.0,100.0,24.413660257583555
2026-04-04 02:19:08,100.0,100.0,24.468363118451826
2026-04-04 02:19:23,100.0,100.0,24.5230659793201
2026-04-04 02:19:38,100.0,100.0,24.577768840188376
2026-04-04 02:19:53,100.0,100.0,24.632471701056648
2026-04-04 02:20:08,100.0,100.0,24.68717456192492
2026-04-04 02:20:23,100.0,100.0,24.741877422793195
2026-04-04 02:20:38,100.0,100.0,24.796580283661466
2026-04-04 02:20:53,100.0,100.0,24.851283144529738
2026-04-04 02:21:08,100.0,100.0,24.905986005398013
2026-04-04 02:21:23,100.0,100.0,24.960688866266285
2026-04-04 02:21:38,100.0,100.0,25.01539172713456
2026-04-04 02:21:53,100.0,100.0,25.07009458800283
2026-04-04 02:22:08,100.0,100.0,25.124797448871107
2026-04-04 02:22:23,100.0,100.0,25.179500309739378
2026-04-04 02:22:38,100.0,100.0,25.23420317060765
2026-04-04 02:22:53,100.0,100.0,25.288906031475925
2026-04-04 02:23:08,100.0,100.0,25.343608892344196
2026-04-04 02:23:23,100.0,100.0,25.398311753212468
2026-04-04 02:23:38,100.0,100.0,25.453014614080743
2026-04-04 02:23:53,100.0,100.0,25.507717474949015
2026-04-04 02:24:08,100.0,100.0,25.56242033581729
2026-04-04 02:24:23,100.0,100.0,25.61712319668556
2026-04-04 02:24:38,100.0,100.0,25.671826057553837
2026-04-04 02:24:53,100.0,100.0,25.726528918422108
2026-04-04 02:25:08,100.0,100.0,25.78123177929038
2026-04-04 02:25:23,100.0,100.0,25.835934640158655
2026-04-04 02:25:38,100.0,100.0,25.890637501026927
2026-04-04 02:25:53,100.0,100.0,25.945340361895198
2026-04-04 02:26:08,100.0,100.0,26.000043222763473
2026-04-04 02:26:23,100.0,100.0,26.054746083631745
2026-04-04 02:26:38,100.0,100.0,26.10944894450002
2026-04-04 02:26:53,100.0,100.0,26.16415180536829
2026-04-04 02:27:08,100.0,100.0,26.218854666236567
2026-04-04 02:27:23,100.0,100.0,26.27355752710484
2026-04-04 02:27:38,100.0,100.0,26.32826038797311
2026-04-04 02:27:53,100.0,100.0,26.382963248841385
2026-04-04 02:28:08,100.0,100.0,26.437666109709657
2026-04-04 02:28:23,100.0,100.0,26.492368970577928
2026-04-04 02:28:38,100.0,100.0,26.547071831446203
2026-04-04 02:28:53,100.0,100.0,26.60177469231448
2026-04-04 02:29:08,100.0,100.0,26.65647755318275
2026-04-04 02:29:23,100.0,100.0,26.71118041405102
2026-04-04 02:29:38,100.0,100.0,26.765883274919297
2026-04-04 02:29:53,100.0,100.0,26.82058613578757
2026-04-04 02:30:08,100.0,100.0,26.87528899665584
2026-04-04 02:30:23,100.0,100.0,26.929991857524115
2026-04-04 02:30:38,100.0,100.0,26.984694718392387
2026-04-04 02:30:53,100.0,100.0,27.039397579260662
2026-04-04 02:31:08,100.0,100.0,27.094100440128933
2026-04-04 02:31:23,100.0,100.0,27.14880330099721
2026-04-04 02:31:38,100.0,100.0,27.20350616186548
2026-04-04 02:31:53,100.0,100.0,27.25820902273375
2026-04-04 02:32:08,100.0,100.0,27.312911883602027
2026-04-04 02:32:23,100.0,100.0,27.3676147444703
2026-04-04 02:32:38,100.0,100.0,27.42231760533857
2026-04-04 02:32:53,100.0,100.0,27.477020466206845
2026-04-04 02:33:08,100.0,100.0,27.531723327075117
2026-04-04 02:33:23,100.0,100.0,27.586426187943392
2026-04-04 02:33:38,100.0,100.0,27.641129048811663
2026-04-04 02:33:53,100.0,100.0,27.69583190967994
2026-04-04 02:34:08,100.0,100.0,27.75053477054821
2026-04-04 02:34:23,100.0,100.0,27.80523763141648
2026-04-04 02:34:38,100.0,100.0,27.859940492284757
2026-04-04 02:34:53,100.0,100.0,27.91464335315303
2026-04-04 02:35:08,100.0,100.0,27.9693462140213
2026-04-04 02:35:23,100.0,100.0,28.024049074889575
2026-04-04 02:35:38,100.0,100.0,28.078751935757847
2026-04-04 02:35:53,100.0,100.0,28.133454796626122
2026-04-04 02:36:08,100.0,100.0,28.188157657494394
2026-04-04 02:36:23,100.0,100.0,28.24286051836267
2026-04-04 02:36:38,100.0,100.0,28.29756337923094
2026-04-04 02:36:53,100.0,100.0,28.352266240099212
2026-04-04 02:37:08,100.0,100.0,28.406969100967487
2026-04-04 02:37:23,100.0,100.0,28.46167196183576
2026-04-04 02:37:38,100.0,100.0,28.51637482270403
2026-04-04 02:37:53,100.0,100.0,28.571077683572305
2026-04-04 02:38:08,100.0,100.0,28.62578054444058
2026-04-04 02:38:23,100.0,100.0,28.680483405308852
2026-04-04 02:38:38,100.0,100.0,28.735186266177124
2026-04-04 02:38:53,100.0,100.0,28.7898891270454
2026-04-04 02:39:08,100.0,100.0,28.84459198791367
2026-04-04 02:39:23,100.0,100.0,28.899294848781942
2026-04-04 02:39:38,100.0,100.0,28.953997709650217
2026-04-04 02:39:53,100.0,100.0,29.00870057051849
2026-04-04 02:40:08,100.0,100.0,29.06340343138676
2026-04-04 02:40:23,100.0,100.0,29.118106292255035
2026-04-04 02:40:38,100.0,100.0,29.17280915312331
2026-04-04 02:40:53,100.0,100.0,29.227512013991582
2026-04-04 02:41:08,100.0,100.0,29.282214874859854
2026-04-04 02:41:23,100.0,100.0,29.33691773572813
2026-04-04 02:41:38,100.0,100.0,29.3916205965964
2026-04-04 02:41:53,100.0,100.0,29.446323457464672
2026-04-04 02:42:08,100.0,100.0,29.501026318332947
2026-04-04 02:42:23,100.0,100.0,29.555729179201222
2026-04-04 02:42:38,100.0,100.0,29.61043204006949
2026-04-04 02:42:53,100.0,100.0,29.665134900937765
2026-04-04 02:43:08,100.0,100.0,29.71983776180604
2026-04-04 02:43:23,100.0,100.0,29.774540622674312
2026-04-04 02:43:38,100.0,100.0,29.829243483542584
2026-04-04 02:43:53,100.0,100.0,29.88394634441086
2026-04-04 02:44:08,100.0,100.0,29.93864920527913
2026-04-04 02:44:23,100.0,100.0,29.993352066147402
2026-04-04 02:44:38,100.0,100.0,30.048054927015677
2026-04-04 02:44:53,100.0,100.0,30.102757787883952
2026-04-04 02:45:08,100.0,100.0,30.157460648752224
2026-04-04 02:45:23,100.0,100.0,30.212163509620495
2026-04-04 02:45:38,100.0,100.0,30.26686637048877
2026-04-04 02:45:53,100.0,100.0,30.321569231357042
2026-04-04 02:46:08,100.0,100.0,30.376272092225314
2026-04-04 02:46:23,100.0,100.0,30.43097495309359
2026-04-04 02:46:38,87.5,100.0,30.48567781396186
2026-04-04 02:46:53,87.5,100.0,30.540380674830132
2026-04-04 02:47:08,87.5,100.0,30.595083535698407
2026-04-04 02:47:23,87.5,100.0,30.649786396566682
2026-04-04 02:47:38,87.5,100.0,30.704489257434954
2026-04-04 02:47:53,87.5,100.0,30.759192118303226
2026-04-04 02:48:08,87.5,100.0,30.8138949791715
2026-04-04 02:48:23,87.5,100.0,30.868597840039772
2026-04-04 02:48:38,87.5,100.0,30.923300700908044
2026-04-04 02:48:53,87.5,100.0,30.97800356177632
2026-04-04 02:49:08,87.5,100.0,31.03270642264459
2026-04-04 02:49:23,87.5,100.0,31.087409283512862
2026-04-04 02:49:38,87.5,100.0,31.142112144381137
2026-04-04 02:49:53,87.5,100.0,31.196815005249412
2026-04-04 02:50:08,87.5,100.0,31.251517866117684
2026-04-04 02:50:23,87.5,100.0,31.306220726985956
2026-04-04 02:50:38,87.5,100.0,31.36092358785423
2026-04-04 02:50:53,87.5,100.0,31.415626448722502
2026-04-04 02:51:08,87.5,100.0,31.470329309590774
2026-04-04 02:51:23,87.5,100.0,31.52503217045905
2026-04-04 02:51:38,87.5,100.0,31.579735031327324
2026-04-04 02:51:53,87.5,100.0,31.634437892195592
2026-04-04 02:52:08,87.5,100.0,31.689140753063867
2026-04-04 02:52:23,87.5,100.0,31.743843613932142
2026-04-04 02:52:38,87.5,100.0,31.798546474800414
2026-04-04 02:52:53,87.5,100.0,31.853249335668686
2026-04-04 02:53:08,87.5,100.0,31.90795219653696
2026-04-04 02:53:23,87.5,100.0,31.962655057405232
2026-04-04 02:53:38,87.5,100.0,32.017357918273504
2026-04-04 02:53:53,87.5,100.0,32.07206077914178
2026-04-04 02:54:08,87.5,100.0,32.126763640010054
2026-04-04 02:54:23,87.5,100.0,32.18146650087832
2026-04-04 02:54:38,87.5,100.0,32.2361693617466
2026-04-04 02:54:53,87.5,100.0,32.29087222261487
2026-04-04 02:55:08,87.5,100.0,32.34557508348314
2026-04-04 02:55:23,87.5,100.0,32.400277944351416
2026-04-04 02:55:38,87.5,100.0,32.45498080521969
2026-04-04 02:55:53,87.5,100.0,32.509683666087966
2026-04-04 02:56:08,87.5,100.0,32.564386526956234
2026-04-04 02:56:23,87.5,100.0,32.61908938782451
2026-04-04 02:56:38,87.5,100.0,32.673792248692784
2026-04-04 02:56:53,87.5,100.0,32.72849510956105
2026-04-04 02:57:08,87.5,100.0,32.78319797042933
2026-04-04 02:57:23,87.5,100.0,32.8379008312976
2026-04-04 02:57:38,87.5,100.0,32.89260369216588
2026-04-04 02:57:53,87.5,100.0,32.947306553034146
2026-04-04 02:58:08,87.5,100.0,33.00200941390242
2026-04-04 02:58:23,87.5,100.0,33.05671227477069
2026-04-04 02:58:38,87.5,100.0,33.111415135638964
2026-04-04 02:58:53,87.5,100.0,33.16611799650724
2026-04-04 02:59:08,87.5,100.0,33.220820857375514
2026-04-04 02:59:23,87.5,100.0,33.27552371824379
2026-04-04 02:59:38,87.5,100.0,33.33022657911206
2026-04-04 02:59:53,87.5,100.0,33.38492943998033
2026-04-04 03:00:08,87.5,100.0,33.4396323008486
2026-04-04 03:00:23,87.5,100.0,33.494335161716876
2026-04-04 03:00:38,87.5,100.0,33.54903802258515
2026-04-04 03:00:53,87.5,100.0,33.603740883453426
2026-04-04 03:01:08,87.5,100.0,33.658443744321694
2026-04-04 03:01:23,87.5,100.0,33.71314660518997
2026-04-04 03:01:38,87.5,100.0,33.767849466058244
2026-04-04 03:01:53,87.5,100.0,33.82255232692651
2026-04-04 03:02:08,87.5,100.0,33.87725518779479
2026-04-04 03:02:23,87.5,100.0,33.93195804866306
2026-04-04 03:02:38,87.5,100.0,33.98666090953134
2026-04-04 03:02:53,87.5,100.0,34.041363770399606
2026-04-04 03:03:08,87.5,100.0,34.09606663126788
2026-04-04 03:03:23,87.5,100.0,34.150769492136156
2026-04-04 03:03:38,87.5,100.0,34.205472353004424
2026-04-04 03:03:53,87.5,100.0,34.2601752138727
2026-04-04 03:04:08,87.5,100.0,34.314878074740975
2026-04-04 03:04:23,87.5,100.0,34.36958093560925
2026-04-04 03:04:38,87.5,100.0,34.42428379647752
2026-04-04 03:04:53,87.5,100.0,34.47898665734579
2026-04-04 03:05:08,87.5,100.0,34.53368951821406
2026-04-04 03:05:23,87.5,100.0,34.588392379082336
2026-04-04 03:05:38,87.5,100.0,34.64309523995061
2026-04-04 03:05:53,87.5,100.0,34.697798100818886
2026-04-04 03:06:08,87.5,100.0,34.75250096168716
2026-04-04 03:06:23,87.5,100.0,34.80720382255543
2026-04-04 03:06:38,87.5,100.0,34.861906683423705
2026-04-04 03:06:53,87.5,100.0,34.91660954429197
2026-04-04 03:07:08,87.5,100.0,34.97131240516025
2026-04-04 03:07:23,87.5,100.0,35.02601526602852
2026-04-04 03:07:38,87.5,100.0,35.0807181268968
2026-04-04 03:07:53,87.5,100.0,35.135420987765066
2026-04-04 03:08:08,87.5,100.0,35.19012384863334
2026-04-04 03:08:23,87.5,99.29078014184397,35.244826709501616
2026-04-04 03:08:38,87.5,99.29078014184397,35.299529570369884
2026-04-04 03:08:53,87.5,99.29078014184397,35.35423243123816
2026-04-04 03:09:08,87.5,99.29078014184397,35.408935292106435
2026-04-04 03:09:23,87.5,99.29078014184397,35.46363815297471
2026-04-04 03:09:38,87.5,99.29078014184397,35.51834101384298
2026-04-04 03:09:53,87.5,99.29078014184397,35.57304387471125
2026-04-04 03:10:08,87.5,99.29078014184397,35.62774673557953
2026-04-04 03:10:23,87.5,99.29078014184397,35.682449596447796
2026-04-04 03:10:38,87.5,99.29078014184397,35.73715245731607
2026-04-04 03:10:53,87.5,99.29078014184397,35.791855318184346
2026-04-04 03:11:08,87.5,99.29078014184397,35.84655817905262
2026-04-04 03:11:23,87.5,99.29078014184397,35.90126103992089
2026-04-04 03:11:38,87.5,99.29078014184397,35.955963900789165
2026-04-04 03:11:53,87.5,99.3103448275862,36.01066676165743
2026-04-04 03:12:08,87.5,99.3103448275862,36.06536962252571
2026-04-04 03:12:23,87.5,99.3103448275862,36.12007248339398
2026-04-04 03:12:38,87.5,99.3103448275862,36.17477534426226
2026-04-04 03:12:53,87.5,99.3103448275862,36.229478205130526
2026-04-04 03:13:08,87.5,99.3103448275862,36.2841810659988
2026-04-04 03:13:23,87.5,99.3103448275862,36.33888392686708
2026-04-04 03:13:38,87.5,99.3103448275862,36.393586787735345
2026-04-04 03:13:53,87.5,99.3103448275862,36.44828964860362
2026-04-04 03:14:08,87.5,99.3103448275862,36.502992509471895
2026-04-04 03:14:23,87.5,99.3103448275862,36.55769537034017
2026-04-04 03:14:38,87.5,99.3103448275862,36.612398231208445
2026-04-04 03:14:53,87.5,99.3103448275862,36.66710109207671
2026-04-04 03:15:08,87.5,99.3103448275862,36.72180395294498
2026-04-04 03:15:23,87.5,99.3103448275862,36.776506813813256
2026-04-04 03:15:38,87.5,99.3103448275862,36.83120967468153
2026-04-04 03:15:53,87.5,99.3103448275862,36.88591253554981
2026-04-04 03:16:08,87.5,99.3103448275862,36.94061539641808
2026-04-04 03:16:23,87.5,99.3103448275862,36.99531825728635
2026-04-04 03:16:38,87.5,99.32885906040269,37.050021118154625
2026-04-04 03:16:53,87.5,99.32885906040269,37.10472397902289
2026-04-04 03:17:08,87.5,99.32885906040269,37.15942683989117
2026-04-04 03:17:23,87.5,99.32885906040269,37.21412970075944
2026-04-04 03:17:38,87.5,99.32885906040269,37.26883256162772
2026-04-04 03:17:53,87.5,99.32885906040269,37.32353542249599
2026-04-04 03:18:08,87.5,99.32885906040269,37.37823828336426
2026-04-04 03:18:23,87.5,99.32885906040269,37.43294114423254
2026-04-04 03:18:38,87.5,99.32885906040269,37.487644005100805
2026-04-04 03:18:53,87.5,99.32885906040269,37.54234686596908
2026-04-04 03:19:08,87.5,99.32885906040269,37.597049726837355
2026-04-04 03:19:23,87.5,99.32885906040269,37.65175258770563
2026-04-04 03:19:38,87.5,99.32885906040269,37.706455448573905
2026-04-04 03:19:53,87.5,99.32885906040269,37.76115830944217
2026-04-04 03:20:08,87.5,99.32885906040269,37.81586117031044
2026-04-04 03:20:23,87.5,99.32885906040269,37.870564031178716
2026-04-04 03:20:38,87.5,99.32885906040269,37.92526689204699
2026-04-04 03:20:53,87.5,99.32885906040269,37.97996975291527
2026-04-04 03:21:08,87.5,99.34640522875817,38.03467261378354
2026-04-04 03:21:23,87.5,99.34640522875817,38.08937547465182
2026-04-04 03:21:38,87.5,99.34640522875817,38.144078335520085
2026-04-04 03:21:53,87.5,99.34640522875817,38.19878119638835
2026-04-04 03:22:08,87.5,99.34640522875817,38.25348405725663
2026-04-04 03:22:23,87.5,99.34640522875817,38.3081869181249
2026-04-04 03:22:38,87.5,99.34640522875817,38.36288977899318
2026-04-04 03:22:53,87.5,99.34640522875817,38.417592639861454
2026-04-04 03:23:08,87.5,99.34640522875817,38.47229550072972
2026-04-04 03:23:23,87.5,99.34640522875817,38.526998361598
2026-04-04 03:23:38,87.5,99.34640522875817,38.581701222466265
2026-04-04 03:23:53,87.5,99.34640522875817,38.63640408333454
2026-04-04 03:24:08,87.5,99.34640522875817,38.691106944202815
2026-04-04 03:24:23,87.5,99.34640522875817,38.74580980507109
2026-04-04 03:24:38,87.5,99.34640522875817,38.800512665939365
2026-04-04 03:24:53,87.5,99.34640522875817,38.85521552680763
2026-04-04 03:25:08,87.5,99.34640522875817,38.90991838767591
2026-04-04 03:25:23,87.5,99.34640522875817,38.96462124854418
2026-04-04 03:25:38,87.5,99.36305732484077,39.01932410941245
2026-04-04 03:25:53,87.5,99.36305732484077,39.07402697028073
2026-04-04 03:26:08,87.5,99.36305732484077,39.128729831149
2026-04-04 03:26:23,87.5,99.36305732484077,39.18343269201728
2026-04-04 03:26:38,87.5,99.36305732484077,39.238135552885545
2026-04-04 03:26:53,87.5,99.36305732484077,39.29283841375381
2026-04-04 03:27:08,87.5,99.36305732484077,39.34754127462209
2026-04-04 03:27:23,87.5,99.36305732484077,39.40224413549036
2026-04-04 03:27:38,87.5,99.36305732484077,39.45694699635864
2026-04-04 03:27:53,87.5,99.36305732484077,39.511649857226914
2026-04-04 03:28:08,87.5,99.36305732484077,39.56635271809518
2026-04-04 03:28:23,87.5,99.36305732484077,39.62105557896346
2026-04-04 03:28:38,87.5,99.36305732484077,39.675758439831725
2026-04-04 03:28:53,87.5,99.36305732484077,39.7304613007
2026-04-04 03:29:08,87.5,99.36305732484077,39.785164161568275
2026-04-04 03:29:23,87.5,99.36305732484077,39.83986702243655
2026-04-04 03:29:38,87.5,99.36305732484077,39.894569883304825
2026-04-04 03:29:53,87.5,99.36305732484077,39.94927274417309
2026-04-04 03:30:08,87.5,99.37888198757764,40.00397560504137
2026-04-04 03:30:23,87.5,99.37888198757764,40.05867846590964
2026-04-04 03:30:38,87.5,99.37888198757764,40.11338132677791
2026-04-04 03:30:53,87.5,99.37888198757764,40.16808418764619
2026-04-04 03:31:08,87.5,99.37888198757764,40.22278704851446
2026-04-04 03:31:23,87.5,99.37888198757764,40.27748990938274
2026-04-04 03:31:38,87.5,99.37888198757764,40.332192770251005
2026-04-04 03:31:53,87.5,99.37888198757764,40.38689563111928
2026-04-04 03:32:08,87.5,99.37888198757764,40.44159849198755
2026-04-04 03:32:23,87.5,99.37888198757764,40.49630135285582
2026-04-04 03:32:38,87.5,99.37888198757764,40.5510042137241
2026-04-04 03:32:53,87.5,99.37888198757764,40.605707074592374
2026-04-04 03:33:08,87.5,99.37888198757764,40.66040993546065
2026-04-04 03:33:23,87.5,99.37888198757764,40.71511279632892
2026-04-04 03:33:38,87.5,99.37888198757764,40.769815657197185
2026-04-04 03:33:53,87.5,99.37888198757764,40.82451851806546
2026-04-04 03:34:08,87.5,99.37888198757764,40.879221378933735
2026-04-04 03:34:23,87.5,99.37888198757764,40.93392423980201
2026-04-04 03:34:38,87.5,99.37888198757764,40.988627100670286
2026-04-04 03:34:53,87.5,99.39393939393939,41.043329961538554
2026-04-04 03:35:08,87.5,99.39393939393939,41.09803282240683
2026-04-04 03:35:23,87.5,99.39393939393939,41.1527356832751
2026-04-04 03:35:38,87.5,99.39393939393939,41.20743854414337
2026-04-04 03:35:53,87.5,99.39393939393939,41.26214140501165
2026-04-04 03:36:08,87.5,99.39393939393939,41.31684426587992
2026-04-04 03:36:23,87.5,99.39393939393939,41.3715471267482
2026-04-04 03:36:38,87.5,99.39393939393939,41.426249987616465
2026-04-04 03:36:53,87.5,99.39393939393939,41.48095284848474
2026-04-04 03:37:08,87.5,99.39393939393939,41.53565570935301
2026-04-04 03:37:23,87.5,99.39393939393939,41.590358570221284
2026-04-04 03:37:38,87.5,99.39393939393939,41.64506143108956
2026-04-04 03:37:53,87.5,99.39393939393939,41.699764291957834
2026-04-04 03:38:08,87.5,99.39393939393939,41.75446715282611
2026-04-04 03:38:23,87.5,99.39393939393939,41.80917001369438
2026-04-04 03:38:38,87.5,99.39393939393939,41.863872874562645
2026-04-04 03:38:53,87.5,99.39393939393939,41.91857573543092
2026-04-04 03:39:08,87.5,99.39393939393939,41.973278596299195
2026-04-04 03:39:23,87.5,99.40828402366864,42.02798145716747
2026-04-04 03:39:38,87.5,99.40828402366864,42.082684318035746
2026-04-04 03:39:53,87.5,99.40828402366864,42.137387178904014
2026-04-04 03:40:08,87.5,99.40828402366864,42.19209003977229
2026-04-04 03:40:23,87.5,99.40828402366864,42.24679290064056
2026-04-04 03:40:38,87.5,99.40828402366864,42.30149576150883
2026-04-04 03:40:53,87.5,99.40828402366864,42.35619862237711
2026-04-04 03:41:08,87.5,99.40828402366864,42.41090148324538
2026-04-04 03:41:23,87.5,99.40828402366864,42.46560434411366
2026-04-04 03:41:38,87.5,99.40828402366864,42.520307204981926
2026-04-04 03:41:53,87.5,99.40828402366864,42.5750100658502
2026-04-04 03:42:08,87.5,99.40828402366864,42.62971292671847
2026-04-04 03:42:23,87.5,99.40828402366864,42.684415787586744
2026-04-04 03:42:38,87.5,99.40828402366864,42.73911864845502
2026-04-04 03:42:53,87.5,99.40828402366864,42.793821509323294
2026-04-04 03:43:08,87.5,99.40828402366864,42.84852437019157
2026-04-04 03:43:23,87.5,99.40828402366864,42.90322723105984
2026-04-04 03:43:38,87.5,99.40828402366864,42.95793009192811
2026-04-04 03:43:53,87.5,99.42196531791907,43.01263295279638
2026-04-04 03:44:08,87.5,99.42196531791907,43.067335813664656
2026-04-04 03:44:23,87.5,99.42196531791907,43.12203867453293
2026-04-04 03:44:38,87.5,99.42196531791907,43.176741535401206
2026-04-04 03:44:53,87.5,99.42196531791907,43.23144439626948
2026-04-04 03:45:08,87.5,99.42196531791907,43.28614725713775
2026-04-04 03:45:23,87.5,99.42196531791907,43.34085011800602
2026-04-04 03:45:38,87.5,99.42196531791907,43.39555297887429
2026-04-04 03:45:53,87.5,99.42196531791907,43.45025583974257
2026-04-04 03:46:08,87.5,99.42196531791907,43.50495870061084
2026-04-04 03:46:23,87.5,99.42196531791907,43.55966156147912
2026-04-04 03:46:38,87.5,99.42196531791907,43.614364422347386
2026-04-04 03:46:53,87.5,99.42196531791907,43.66906728321566
2026-04-04 03:47:08,87.5,99.42196531791907,43.72377014408393
2026-04-04 03:47:23,87.5,99.42196531791907,43.778473004952204
2026-04-04 03:47:38,87.5,100.0,43.83317586582048
2026-04-04 03:47:53,87.5,100.0,43.887878726688754
2026-04-04 03:48:08,87.5,100.0,43.94258158755703
2026-04-04 03:48:23,87.5,100.0,43.9972844484253
2026-04-04 03:48:38,87.5,100.0,44.05198730929357
2026-04-04 03:48:53,87.5,100.0,44.10669017016184
2026-04-04 03:49:08,87.5,100.0,44.161393031030116
2026-04-04 03:49:23,87.5,100.0,44.21609589189839
2026-04-04 03:49:38,87.5,100.0,44.270798752766666
2026-04-04 03:49:53,87.5,100.0,44.32550161363494
2026-04-04 03:50:08,87.5,100.0,44.38020447450321
2026-04-04 03:50:23,87.5,100.0,44.434907335371484
2026-04-04 03:50:38,87.5,100.0,44.48961019623975
2026-04-04 03:50:53,87.5,100.0,44.54431305710803
2026-04-04 03:51:08,87.5,100.0,44.5990159179763
2026-04-04 03:51:23,87.5,100.0,44.65371877884458
2026-04-04 03:51:38,87.5,100.0,44.70842163971285
2026-04-04 03:51:53,87.5,100.0,44.76312450058112
2026-04-04 03:52:08,87.5,100.0,44.81782736144939
2026-04-04 03:52:23,87.5,100.0,44.872530222317664
2026-04-04 03:52:38,87.5,100.0,44.92723308318594
2026-04-04 03:52:53,87.5,100.0,44.981935944054214
2026-04-04 03:53:08,87.5,100.0,45.03663880492249
2026-04-04 03:53:23,87.5,100.0,45.09134166579076
2026-04-04 03:53:38,87.5,100.0,45.14604452665903
2026-04-04 03:53:53,87.5,100.0,45.2007473875273
2026-04-04 03:54:08,87.5,100.0,45.255450248395576
2026-04-04 03:54:23,87.5,100.0,45.31015310926385
2026-04-04 03:54:38,87.5,100.0,45.364855970132126
2026-04-04 03:54:53,87.5,100.0,45.4195588310004
2026-04-04 03:55:08,87.5,100.0,45.47426169186867
2026-04-04 03:55:23,87.5,100.0,45.528964552736944
2026-04-04 03:55:38,87.5,100.0,45.58366741360521
2026-04-04 03:55:53,87.5,100.0,45.63837027447349
2026-04-04 03:56:08,87.5,100.0,45.69307313534176
2026-04-04 03:56:23,87.5,100.0,45.74777599621004
2026-04-04 03:56:38,87.5,100.0,45.80247885707831
2026-04-04 03:56:53,100.0,100.0,45.85718171794658
2026-04-04 03:57:08,100.0,100.0,45.91188457881485
2026-04-04 03:57:23,100.0,100.0,45.966587439683124
2026-04-04 03:57:38,100.0,100.0,46.0212903005514
2026-04-04 03:57:53,100.0,100.0,46.075993161419674
2026-04-04 03:58:08,100.0,100.0,46.13069602228795
2026-04-04 03:58:23,100.0,100.0,46.18539888315622
2026-04-04 03:58:38,100.0,100.0,46.24010174402449
2026-04-04 03:58:53,100.0,100.0,46.29480460489276
2026-04-04 03:59:08,100.0,100.0,46.349507465761036
2026-04-04 03:59:23,100.0,100.0,46.40421032662931
2026-04-04 03:59:38,100.0,100.0,46.458913187497586
2026-04-04 03:59:53,100.0,100.0,46.51361604836586
2026-04-04 04:00:08,100.0,100.0,46.51367806599438
2026-04-04 04:00:23,100.0,100.0,46.465929345788126
2026-04-04 04:00:38,100.0,100.0,46.41818062558187
2026-04-04 04:00:53,100.0,100.0,46.37043190537561
2026-04-04 04:01:08,100.0,100.0,46.32268318516936
2026-04-04 04:01:23,100.0,100.0,46.2749344649631
2026-04-04 04:01:38,100.0,100.0,46.227185744756845
2026-04-04 04:01:53,100.0,100.0,46.17943702455059
2026-04-04 04:02:08,100.0,100.0,46.13168830434434
2026-04-04 04:02:23,100.0,100.0,46.08393958413808
2026-04-04 04:02:38,100.0,100.0,46.03619086393182
2026-04-04 04:02:53,100.0,100.0,45.988442143725564
2026-04-04 04:03:08,100.0,100.0,45.94069342351931
2026-04-04 04:03:23,100.0,100.0,45.892944703313056
2026-04-04 04:03:38,100.0,100.0,45.8451959831068
2026-04-04 04:03:53,100.0,100.0,45.79744726290055
2026-04-04 04:04:08,100.0,100.0,45.74969854269429
2026-04-04 04:04:23,100.0,100.0,45.70194982248803
2026-04-04 04:04:38,100.0,100.0,45.654201102281775
2026-04-04 04:04:53,100.0,100.0,45.606452382075524
2026-04-04 04:05:08,100.0,100.0,45.55870366186927
2026-04-04 04:05:23,100.0,100.0,45.51095494166301
2026-04-04 04:05:38,100.0,100.0,45.46320622145675
2026-04-04 04:05:53,100.0,100.0,45.4154575012505
2026-04-04 04:06:08,100.0,100.0,45.36770878104424
2026-04-04 04:06:23,100.0,100.0,45.319960060837985
2026-04-04 04:06:38,100.0,100.0,45.27221134063173
2026-04-04 04:06:53,100.0,100.0,45.22446262042548
2026-04-04 04:07:08,100.0,100.0,45.17671390021922
2026-04-04 04:07:23,100.0,100.0,45.12896518001296
2026-04-04 04:07:38,100.0,100.0,45.08121645980671
2026-04-04 04:07:53,100.0,100.0,45.033467739600454
2026-04-04 04:08:08,100.0,100.0,44.985719019394196
2026-04-04 04:08:23,100.0,100.0,44.93797029918794
2026-04-04 04:08:38,100.0,100.0,44.89022157898169
2026-04-04 04:08:53,100.0,100.0,44.84247285877543
2026-04-04 04:09:08,100.0,100.0,44.79472413856917
2026-04-04 04:09:23,100.0,100.0,44.746975418362915
2026-04-04 04:09:38,100.0,100.0,44.699226698156664
2026-04-04 04:09:53,100.0,100.0,44.65147797795041
2026-04-04 04:10:08,100.0,100.0,44.60372925774415
2026-04-04 04:10:23,100.0,100.0,44.5559805375379
2026-04-04 04:10:38,100.0,100.0,44.50823181733164
2026-04-04 04:10:53,100.0,100.0,44.46048309712538
2026-04-04 04:11:08,100.0,100.0,44.412734376919126
2026-04-04 04:11:23,100.0,100.0,44.364985656712875
2026-04-04 04:11:38,100.0,100.0,44.31723693650662
2026-04-04 04:11:53,100.0,100.0,44.26948821630036
2026-04-04 04:12:08,100.0,100.0,44.2217394960941
2026-04-04 04:12:23,100.0,100.0,44.17399077588785
2026-04-04 04:12:38,100.0,100.0,44.126242055681594
2026-04-04 04:12:53,100.0,100.0,44.078493335475336
2026-04-04 04:13:08,100.0,100.0,44.030744615269086
2026-04-04 04:13:23,100.0,100.0,43.98299589506283
2026-04-04 04:13:38,100.0,100.0,43.93524717485657
2026-04-04 04:13:53,100.0,100.0,43.88749845465031
2026-04-04 04:14:08,100.0,100.0,43.83974973444406
2026-04-04 04:14:23,100.0,100.0,43.792001014237805
2026-04-04 04:14:38,100.0,100.0,43.74425229403155
2026-04-04 04:14:53,100.0,100.0,43.69650357382529
2026-04-04 04:15:08,100.0,100.0,43.64875485361904
2026-04-04 04:15:23,100.0,100.0,43.60100613341278
2026-04-04 04:15:38,100.0,100.0,43.55325741320652
2026-04-04 04:15:53,100.0,100.0,43.505508693000266
2026-04-04 04:16:08,100.0,100.0,43.457759972794015
2026-04-04 04:16:23,100.0,100.0,43.41001125258776
2026-04-04 04:16:38,100.0,100.0,43.3622625323815
2026-04-04 04:16:53,100.0,100.0,43.31451381217525
2026-04-04 04:17:08,100.0,100.0,43.26676509196899
2026-04-04 04:17:23,100.0,100.0,43.219016371762734
2026-04-04 04:17:38,100.0,100.0,43.17126765155648
2026-04-04 04:17:53,100.0,100.0,43.123518931350226
2026-04-04 04:18:08,100.0,100.0,43.07577021114397
2026-04-04 04:18:23,100.0,100.0,43.02802149093771
2026-04-04 04:18:38,100.0,100.0,42.98027277073145
2026-04-04 04:18:53,100.0,100.0,42.9325240505252
2026-04-04 04:19:08,100.0,100.0,42.884775330318945
2026-04-04 04:19:23,100.0,100.0,42.83702661011269
2026-04-04 04:19:38,100.0,100.0,42.78927788990643
2026-04-04 04:19:53,100.0,100.0,42.74152916970018
2026-04-04 04:20:08,100.0,100.0,42.69378044949392
2026-04-04 04:20:23,100.0,100.0,42.646031729287664
2026-04-04 04:20:38,100.0,100.0,42.59828300908141
2026-04-04 04:20:53,100.0,100.0,42.550534288875156
2026-04-04 04:21:08,100.0,100.0,42.5027855686689
2026-04-04 04:21:23,100.0,100.0,42.45503684846264
2026-04-04 04:21:38,100.0,100.0,42.40728812825639
2026-04-04 04:21:53,100.0,100.0,42.35953940805013
2026-04-04 04:22:08,100.0,100.0,42.311790687843875
2026-04-04 04:22:23,100.0,100.0,42.264041967637624
2026-04-04 04:22:38,100.0,100.0,42.216293247431366
2026-04-04 04:22:53,100.0,100.0,42.16854452722511
2026-04-04 04:23:08,100.0,100.0,42.12079580701885
2026-04-04 04:23:23,100.0,100.0,42.07304708681259
2026-04-04 04:23:38,100.0,100.0,42.02529836660634
2026-04-04 04:23:53,100.0,100.0,41.977549646400085
2026-04-04 04:24:08,100.0,100.0,41.92980092619383
2026-04-04 04:24:23,100.0,100.0,41.88205220598758
2026-04-04 04:24:38,100.0,100.0,41.83430348578132
2026-04-04 04:24:53,100.0,100.0,41.78655476557506
2026-04-04 04:25:08,100.0,100.0,41.738806045368804
2026-04-04 04:25:23,100.0,100.0,41.691057325162554
2026-04-04 04:25:38,100.0,100.0,41.643308604956296
2026-04-04 04:25:53,100.0,100.0,41.59555988475004
2026-04-04 04:26:08,100.0,100.0,41.54781116454379
2026-04-04 04:26:23,100.0,100.0,41.50006244433753
2026-04-04 04:26:38,100.0,100.0,41.45231372413127
2026-04-04 04:26:53,100.0,100.0,41.404565003925015
2026-04-04 04:27:08,100.0,100.0,41.356816283718764
2026-04-04 04:27:23,100.0,100.0,41.30906756351251
2026-04-04 04:27:38,100.0,100.0,41.26131884330625
2026-04-04 04:27:53,100.0,100.0,41.21357012309999
2026-04-04 04:28:08,100.0,100.0,41.16582140289374
2026-04-04 04:28:23,100.0,100.0,41.11807268268748
2026-04-04 04:28:38,100.0,100.0,41.070323962481226
2026-04-04 04:28:53,100.0,100.0,41.02257524227497
2026-04-04 04:29:08,100.0,100.0,40.97482652206872
2026-04-04 04:29:23,100.0,100.0,40.92707780186246
2026-04-04 04:29:38,100.0,100.0,40.8793290816562
2026-04-04 04:29:53,100.0,100.0,40.83158036144995
2026-04-04 04:30:08,100.0,100.0,40.783831641243694
2026-04-04 04:30:23,100.0,100.0,40.736082921037436
2026-04-04 04:30:38,100.0,100.0,40.68833420083118
2026-04-04 04:30:53,100.0,100.0,40.64058548062493
2026-04-04 04:31:08,100.0,100.0,40.59283676041867
2026-04-04 04:31:23,100.0,100.0,40.54508804021241
2026-04-04 04:31:38,100.0,100.0,40.49733932000616
2026-04-04 04:31:53,100.0,100.0,40.449590599799905
2026-04-04 04:32:08,100.0,100.0,40.40184187959365
2026-04-04 04:32:23,100.0,100.0,40.35409315938739
2026-04-04 04:32:38,100.0,100.0,40.30634443918113
2026-04-04 04:32:53,100.0,100.0,40.25859571897488
2026-04-04 04:33:08,100.0,100.0,40.21084699876862
2026-04-04 04:33:23,100.0,100.0,40.163098278562366
2026-04-04 04:33:38,100.0,100.0,40.115349558356115
2026-04-04 04:33:53,100.0,100.0,40.06760083814986
2026-04-04 04:34:08,100.0,100.0,40.0198521179436
2026-04-04 04:34:23,100.0,100.0,39.97210339773734
2026-04-04 04:34:38,100.0,100.0,39.92435467753109
2026-04-04 04:34:53,100.0,100.0,39.876605957324834
2026-04-04 04:35:08,100.0,100.0,39.82885723711858
2026-04-04 04:35:23,100.0,100.0,39.781108516912326
2026-04-04 04:35:38,100.0,100.0,39.73335979670607
2026-04-04 04:35:53,100.0,100.0,39.68561107649981
2026-04-04 04:36:08,100.0,100.0,39.63786235629355
2026-04-04 04:36:23,100.0,100.0,39.5901136360873
2026-04-04 04:36:38,100.0,100.0,39.542364915881045
2026-04-04 04:36:53,100.0,100.0,39.49461619567479
2026-04-04 04:37:08,100.0,100.0,39.44686747546853
2026-04-04 04:37:23,100.0,100.0,39.39911875526228
2026-04-04 04:37:38,100.0,100.0,39.35137003505602
2026-04-04 04:37:53,100.0,100.0,39.303621314849764
2026-04-04 04:38:08,100.0,100.0,39.255872594643506
2026-04-04 04:38:23,100.0,100.0,39.208123874437256
2026-04-04 04:38:38,100.0,100.0,39.160375154231
2026-04-04 04:38:53,100.0,100.0,39.11262643402474
2026-04-04 04:39:08,100.0,100.0,39.06487771381849
2026-04-04 04:39:23,100.0,100.0,39.01712899361223
2026-04-04 04:39:38,100.0,100.0,38.969380273405974
2026-04-04 04:39:53,100.0,100.0,38.92163155319972
2026-04-04 04:40:08,100.0,100.0,38.873882832993466
2026-04-04 04:40:23,100.0,100.0,38.82613411278721
2026-04-04 04:40:38,100.0,100.0,38.77838539258095
2026-04-04 04:40:53,100.0,100.0,38.73063667237469
2026-04-04 04:41:08,100.0,100.0,38.68288795216844
2026-04-04 04:41:23,100.0,100.0,38.635139231962185
2026-04-04 04:41:38,100.0,100.0,38.58739051175593
2026-04-04 04:41:53,100.0,100.0,38.53964179154967
2026-04-04 04:42:08,100.0,100.0,38.49189307134342
2026-04-04 04:42:23,100.0,100.0,38.44414435113716
2026-04-04 04:42:38,100.0,100.0,38.396395630930904
2026-04-04 04:42:53,100.0,100.0,38.34864691072465
2026-04-04 04:43:08,100.0,100.0,38.300898190518396
2026-04-04 04:43:23,100.0,100.0,38.25314947031214
2026-04-04 04:43:38,100.0,100.0,38.20540075010588
2026-04-04 04:43:53,100.0,100.0,38.15765202989963
2026-04-04 04:44:08,100.0,100.0,38.10990330969337
2026-04-04 04:44:23,100.0,100.0,38.062154589487115
2026-04-04 04:44:38,100.0,100.0,38.014405869280864
2026-04-04 04:44:53,100.0,100.0,37.96665714907461
2026-04-04 04:45:08,100.0,100.0,37.91890842886835
2026-04-04 04:45:23,100.0,100.0,37.87115970866209
2026-04-04 04:45:38,100.0,100.0,37.823410988455834
2026-04-04 04:45:53,100.0,100.0,37.77566226824958
2026-04-04 04:46:08,100.0,100.0,37.727913548043325
2026-04-04 04:46:23,100.0,100.0,37.68016482783707
2026-04-04 04:46:38,100.0,100.0,37.63241610763082
2026-04-04 04:46:53,100.0,100.0,37.58466738742456
2026-04-04 04:47:08,100.0,100.0,37.5369186672183
2026-04-04 04:47:23,100.0,100.0,37.489169947012044
2026-04-04 04:47:38,100.0,100.0,37.441421226805794
2026-04-04 04:47:53,100.0,100.0,37.393672506599536
2026-04-04 04:48:08,100.0,100.0,37.34592378639328
2026-04-04 04:48:23,100.0,100.0,37.29817506618703
2026-04-04 04:48:38,100.0,100.0,37.25042634598077
2026-04-04 04:48:53,100.0,100.0,37.20267762577451
2026-04-04 04:49:08,100.0,100.0,37.154928905568255
2026-04-04 04:49:23,100.0,100.0,37.107180185362
2026-04-04 04:49:38,100.0,100.0,37.05943146515575
2026-04-04 04:49:53,100.0,100.0,37.01168274494949
2026-04-04 04:50:08,100.0,100.0,36.96393402474324
2026-04-04 04:50:23,100.0,100.0,36.91618530453698
2026-04-04 04:50:38,100.0,100.0,36.86843658433072
2026-04-04 04:50:53,100.0,100.0,36.820687864124466
2026-04-04 04:51:08,100.0,100.0,36.77293914391821
2026-04-04 04:51:23,100.0,100.0,36.72519042371196
2026-04-04 04:51:38,100.0,100.0,36.6774417035057
2026-04-04 04:51:53,100.0,100.0,36.62969298329944
2026-04-04 04:52:08,100.0,100.0,36.58194426309319
2026-04-04 04:52:23,100.0,100.0,36.534195542886934
2026-04-04 04:52:38,100.0,100.0,36.486446822680676
2026-04-04 04:52:53,100.0,100.0,36.43869810247442
2026-04-04 04:53:08,100.0,100.0,36.39094938226817
2026-04-04 04:53:23,100.0,100.0,36.34320066206191
2026-04-04 04:53:38,100.0,100.0,36.29545194185565
2026-04-04 04:53:53,100.0,100.0,36.2477032216494
2026-04-04 04:54:08,100.0,100.0,36.199954501443145
2026-04-04 04:54:23,100.0,100.0,36.15220578123689
2026-04-04 04:54:38,100.0,100.0,36.10445706103063
2026-04-04 04:54:53,100.0,100.0,36.05670834082437
2026-04-04 04:55:08,100.0,100.0,36.00895962061812
2026-04-04 04:55:23,100.0,100.0,35.961210900411864
2026-04-04 04:55:38,100.0,100.0,35.913462180205606
2026-04-04 04:55:53,100.0,100.0,35.865713459999355
2026-04-04 04:56:08,100.0,100.0,35.8179647397931
2026-04-04 04:56:23,100.0,100.0,35.77021601958684
2026-04-04 04:56:38,100.0,100.0,35.72246729938058
2026-04-04 04:56:53,100.0,100.0,35.67471857917433
2026-04-04 04:57:08,100.0,100.0,35.626969858968074
2026-04-04 04:57:23,100.0,100.0,35.57922113876182
2026-04-04 04:57:38,100.0,100.0,35.531472418555566
2026-04-04 04:57:53,100.0,100.0,35.48372369834931
2026-04-04 04:58:08,100.0,100.0,35.43597497814305
2026-04-04 04:58:23,100.0,100.0,35.38822625793679
2026-04-04 04:58:38,100.0,100.0,35.340477537730536
2026-04-04 04:58:53,100.0,100.0,35.292728817524285
2026-04-04 04:59:08,100.0,100.0,35.24498009731803
2026-04-04 04:59:23,100.0,100.0,35.19723137711178
2026-04-04 04:59:38,100.0,100.0,35.14948265690552
2026-04-04 04:59:53,100.0,100.0,35.10173393669926
2026-04-04 05:00:08,100.0,100.0,35.053985216493004
2026-04-04 05:00:23,100.0,100.0,35.006236496286746
2026-04-04 05:00:38,100.0,100.0,34.958487776080496
2026-04-04 05:00:53,100.0,100.0,34.91073905587424
2026-04-04 05:01:08,100.0,100.0,34.86299033566798
2026-04-04 05:01:23,100.0,100.0,34.81524161546173
2026-04-04 05:01:38,100.0,100.0,34.76749289525547
2026-04-04 05:01:53,100.0,100.0,34.719744175049215
2026-04-04 05:02:08,100.0,100.0,34.67199545484296
2026-04-04 05:02:23,100.0,100.0,34.6242467346367
2026-04-04 05:02:38,100.0,100.0,34.57649801443045
2026-04-04 05:02:53,100.0,100.0,34.52874929422419
2026-04-04 05:03:08,100.0,100.0,34.48100057401794
2026-04-04 05:03:23,100.0,100.0,34.43325185381168
2026-04-04 05:03:38,100.0,100.0,34.385503133605425
2026-04-04 05:03:53,100.0,100.0,34.33775441339917
2026-04-04 05:04:08,100.0,100.0,34.29000569319291
2026-04-04 05:04:23,100.0,100.0,34.24225697298666
2026-04-04 05:04:38,100.0,100.0,34.1945082527804
2026-04-04 05:04:53,100.0,100.0,34.146759532574144
2026-04-04 05:05:08,100.0,100.0,34.099010812367894
2026-04-04 05:05:23,100.0,100.0,34.051262092161636
2026-04-04 05:05:38,100.0,100.0,34.00351337195538
2026-04-04 05:05:53,100.0,100.0,33.95576465174912
2026-04-04 05:06:08,100.0,100.0,33.90801593154287
2026-04-04 05:06:23,100.0,100.0,33.86026721133661
2026-04-04 05:06:38,100.0,100.0,33.812518491130355
2026-04-04 05:06:53,100.0,100.0,33.764769770924104
2026-04-04 05:07:08,100.0,99.24812030075188,33.71702105071785
2026-04-04 05:07:23,100.0,99.24812030075188,33.66927233051159
2026-04-04 05:07:38,100.0,99.24812030075188,33.62152361030533
2026-04-04 05:07:53,100.0,99.24812030075188,33.573774890099074
2026-04-04 05:08:08,100.0,99.24812030075188,33.52602616989282
2026-04-04 05:08:23,100.0,99.24812030075188,33.478277449686566
2026-04-04 05:08:38,100.0,99.24812030075188,33.43052872948031
2026-04-04 05:08:53,100.0,99.24812030075188,33.38278000927406
2026-04-04 05:09:08,100.0,99.24812030075188,33.3350312890678
2026-04-04 05:09:23,100.0,99.24812030075188,33.28728256886154
2026-04-04 05:09:38,100.0,99.24812030075188,33.239533848655284
2026-04-04 05:09:53,100.0,99.24812030075188,33.191785128449034
2026-04-04 05:10:08,100.0,99.24812030075188,33.144036408242776
2026-04-04 05:10:23,100.0,99.24812030075188,33.09628768803652
2026-04-04 05:10:38,100.0,99.24812030075188,33.04853896783027
2026-04-04 05:10:53,100.0,99.24812030075188,33.00079024762401
2026-04-04 05:11:08,100.0,99.2248062015504,32.95304152741775
2026-04-04 05:11:23,100.0,99.2248062015504,32.905292807211495
2026-04-04 05:11:38,100.0,99.2248062015504,32.85754408700524
2026-04-04 05:11:53,100.0,99.2248062015504,32.80979536679899
2026-04-04 05:12:08,100.0,99.2248062015504,32.76204664659273
2026-04-04 05:12:23,100.0,99.2248062015504,32.71429792638648
2026-04-04 05:12:38,100.0,99.2248062015504,32.66654920618022
2026-04-04 05:12:53,100.0,99.2248062015504,32.61880048597396
2026-04-04 05:13:08,100.0,99.2248062015504,32.571051765767706
2026-04-04 05:13:23,100.0,99.2248062015504,32.52330304556145
2026-04-04 05:13:38,100.0,99.2248062015504,32.4755543253552
2026-04-04 05:13:53,100.0,98.44961240310077,32.42780560514894
2026-04-04 05:14:08,100.0,97.67441860465115,32.38005688494268
2026-04-04 05:14:23,100.0,96.89922480620154,32.33230816473643
2026-04-04 05:14:38,100.0,96.12403100775194,32.284559444530174
2026-04-04 05:14:53,100.0,95.34883720930233,32.23681072432392
2026-04-04 05:15:08,100.0,94.57364341085271,32.18906200411766
2026-04-04 05:15:23,100.0,93.7984496124031,32.14131328391141
2026-04-04 05:15:38,100.0,93.02325581395348,32.09356456370515
2026-04-04 05:15:53,100.0,92.24806201550388,32.04581584349889
2026-04-04 05:16:08,100.0,92.80000000000001,31.99806712329264
2026-04-04 05:16:23,100.0,92.0,31.950318403086385
2026-04-04 05:16:38,100.0,91.2,31.902569682880127
2026-04-04 05:16:53,100.0,91.2,31.85482096267387
2026-04-04 05:17:08,100.0,91.2,31.807072242467616
2026-04-04 05:17:23,100.0,91.2,31.75932352226136
2026-04-04 05:17:38,100.0,91.2,31.711574802055104
2026-04-04 05:17:53,100.0,91.2,31.663826081848846
2026-04-04 05:18:08,100.0,91.2,31.616077361642592
2026-04-04 05:18:23,100.0,91.2,31.568328641436338
2026-04-04 05:18:38,100.0,91.2,31.52057992123008
2026-04-04 05:18:53,100.0,91.2,31.472831201023826
2026-04-04 05:19:08,100.0,91.2,31.425082480817572
2026-04-04 05:19:23,100.0,91.2,31.377333760611315
2026-04-04 05:19:38,100.0,91.2,31.329585040405057
2026-04-04 05:19:53,100.0,91.2,31.281836320198803
2026-04-04 05:20:08,100.0,91.2,31.23408759999255
2026-04-04 05:20:23,100.0,91.2,31.18633887978629
2026-04-04 05:20:38,100.0,91.2,31.138590159580033
2026-04-04 05:20:53,100.0,91.2,31.09084143937378
2026-04-04 05:21:08,100.0,91.2,31.043092719167525
2026-04-04 05:21:23,100.0,90.9090909090909,30.995343998961268
2026-04-04 05:21:38,100.0,90.9090909090909,30.947595278755013
2026-04-04 05:21:53,100.0,90.9090909090909,30.89984655854876
2026-04-04 05:22:08,100.0,90.9090909090909,30.8520978383425
2026-04-04 05:22:23,100.0,90.9090909090909,30.804349118136244
2026-04-04 05:22:38,100.0,90.9090909090909,30.75660039792999
2026-04-04 05:22:53,100.0,90.9090909090909,30.708851677723736
2026-04-04 05:23:08,100.0,90.9090909090909,30.66110295751748
2026-04-04 05:23:23,100.0,90.9090909090909,30.61335423731122
2026-04-04 05:23:38,100.0,90.9090909090909,30.565605517104967
2026-04-04 05:23:53,100.0,90.9090909090909,30.517856796898712
2026-04-04 05:24:08,100.0,90.9090909090909,30.470108076692455
2026-04-04 05:24:23,100.0,90.9090909090909,30.4223593564862
2026-04-04 05:24:38,100.0,90.9090909090909,30.374610636279943
2026-04-04 05:24:53,100.0,90.9090909090909,30.32686191607369
2026-04-04 05:25:08,100.0,90.9090909090909,30.27911319586743
2026-04-04 05:25:23,100.0,90.9090909090909,30.231364475661177
2026-04-04 05:25:38,100.0,90.9090909090909,30.18361575545492
2026-04-04 05:25:53,100.0,90.9090909090909,30.135867035248666
2026-04-04 05:26:08,100.0,90.9090909090909,30.088118315042408
2026-04-04 05:26:23,100.0,90.9090909090909,30.040369594836154
2026-04-04 05:26:38,100.0,90.5982905982906,29.9926208746299
2026-04-04 05:26:53,100.0,90.5982905982906,29.944872154423642
2026-04-04 05:27:08,100.0,90.5982905982906,29.897123434217388
2026-04-04 05:27:23,100.0,90.5982905982906,29.84937471401113
2026-04-04 05:27:38,100.0,90.5982905982906,29.801625993804876
2026-04-04 05:27:53,100.0,90.5982905982906,29.75387727359862
2026-04-04 05:28:08,100.0,90.5982905982906,29.706128553392364
2026-04-04 05:28:23,100.0,90.5982905982906,29.658379833186107
2026-04-04 05:28:38,100.0,90.5982905982906,29.610631112979853
2026-04-04 05:28:53,100.0,90.5982905982906,29.562882392773595
2026-04-04 05:29:08,100.0,90.5982905982906,29.51513367256734
2026-04-04 05:29:23,100.0,90.5982905982906,29.467384952361083
2026-04-04 05:29:38,100.0,90.5982905982906,29.41963623215483
2026-04-04 05:29:53,100.0,90.5982905982906,29.371887511948575
2026-04-04 05:30:08,100.0,90.5982905982906,29.324138791742318
2026-04-04 05:30:23,100.0,90.5982905982906,29.276390071536063
2026-04-04 05:30:38,87.5,90.5982905982906,29.228641351329806
2026-04-04 05:30:53,87.5,90.5982905982906,29.18089263112355
2026-04-04 05:31:08,87.5,90.5982905982906,29.133143910917294
2026-04-04 05:31:23,87.5,90.5982905982906,29.08539519071104
2026-04-04 05:31:38,87.5,90.5982905982906,29.037646470504782
2026-04-04 05:31:53,87.5,90.2654867256637,28.989897750298528
2026-04-04 05:32:08,87.5,90.2654867256637,28.94214903009227
2026-04-04 05:32:23,87.5,90.2654867256637,28.894400309886016
2026-04-04 05:32:38,87.5,90.2654867256637,28.84665158967976
2026-04-04 05:32:53,87.5,90.2654867256637,28.798902869473505
2026-04-04 05:33:08,87.5,90.2654867256637,28.75115414926725
2026-04-04 05:33:23,87.5,90.2654867256637,28.703405429060993
2026-04-04 05:33:38,87.5,90.2654867256637,28.65565670885474
2026-04-04 05:33:53,87.5,90.2654867256637,28.60790798864848
2026-04-04 05:34:08,87.5,90.2654867256637,28.560159268442227
2026-04-04 05:34:23,87.5,90.2654867256637,28.51241054823597
2026-04-04 05:34:38,75.0,90.2654867256637,28.464661828029715
2026-04-04 05:34:53,75.0,90.2654867256637,28.416913107823458
2026-04-04 05:35:08,75.0,90.2654867256637,28.369164387617204
2026-04-04 05:35:23,75.0,90.2654867256637,28.321415667410946
2026-04-04 05:35:38,75.0,90.2654867256637,28.273666947204692
2026-04-04 05:35:53,75.0,90.2654867256637,28.225918226998434
2026-04-04 05:36:08,75.0,90.2654867256637,28.17816950679218
2026-04-04 05:36:23,75.0,90.2654867256637,28.130420786585926
2026-04-04 05:36:38,75.0,90.2654867256637,28.08267206637967
2026-04-04 05:36:53,75.0,90.2654867256637,28.034923346173414
2026-04-04 05:37:08,75.0,89.90825688073394,27.987174625967157
2026-04-04 05:37:23,75.0,90.82568807339449,27.939425905760903
2026-04-04 05:37:38,75.0,90.82568807339449,27.891677185554645
2026-04-04 05:37:53,75.0,90.82568807339449,27.84392846534839
2026-04-04 05:38:08,75.0,90.82568807339449,27.796179745142133
2026-04-04 05:38:23,75.0,90.82568807339449,27.74843102493588
2026-04-04 05:38:38,75.0,90.82568807339449,27.70068230472962
2026-04-04 05:38:53,75.0,90.82568807339449,27.652933584523367
2026-04-04 05:39:08,75.0,90.82568807339449,27.605184864317113
2026-04-04 05:39:23,75.0,90.82568807339449,27.557436144110856
2026-04-04 05:39:38,75.0,90.82568807339449,27.5096874239046
2026-04-04 05:39:53,75.0,90.82568807339449,27.461938703698344
2026-04-04 05:40:08,75.0,90.82568807339449,27.41418998349209
2026-04-04 05:40:23,62.5,90.82568807339449,27.366441263285832
2026-04-04 05:40:38,62.5,90.82568807339449,27.318692543079578
2026-04-04 05:40:53,62.5,90.82568807339449,27.27094382287332
2026-04-04 05:41:08,62.5,90.82568807339449,27.223195102667066
2026-04-04 05:41:23,62.5,90.82568807339449,27.17544638246081
2026-04-04 05:41:38,62.5,90.82568807339449,27.127697662254555
2026-04-04 05:41:53,62.5,90.82568807339449,27.079948942048297
2026-04-04 05:42:08,62.5,90.82568807339449,27.032200221842043
2026-04-04 05:42:23,62.5,90.47619047619048,26.98445150163579
2026-04-04 05:42:38,62.5,90.47619047619048,26.93670278142953
2026-04-04 05:42:53,62.5,90.47619047619048,26.888954061223277
2026-04-04 05:43:08,62.5,91.42857142857143,26.84120534101702
2026-04-04 05:43:23,62.5,92.38095238095238,26.793456620810765
2026-04-04 05:43:38,75.0,93.33333333333333,26.745707900604508
2026-04-04 05:43:53,75.0,94.28571428571428,26.697959180398254
2026-04-04 05:44:08,75.0,95.23809523809523,26.650210460191996
2026-04-04 05:44:23,75.0,96.19047619047619,26.602461739985742
2026-04-04 05:44:38,75.0,97.14285714285714,26.554713019779484
2026-04-04 05:44:53,75.0,98.09523809523809,26.50696429957323
2026-04-04 05:45:08,75.0,99.04761904761905,26.459215579366973
2026-04-04 05:45:23,75.0,100.0,26.41146685916072
2026-04-04 05:45:38,75.0,100.0,26.363718138954464
2026-04-04 05:45:53,75.0,100.0,26.315969418748207
2026-04-04 05:46:08,75.0,100.0,26.268220698541953
2026-04-04 05:46:23,75.0,100.0,26.220471978335695
2026-04-04 05:46:38,75.0,100.0,26.17272325812944
2026-04-04 05:46:53,75.0,100.0,26.124974537923183
2026-04-04 05:47:08,75.0,100.0,26.07722581771693
2026-04-04 05:47:23,75.0,100.0,26.02947709751067
2026-04-04 05:47:38,75.0,100.0,25.981728377304417
2026-04-04 05:47:53,75.0,100.0,25.93397965709816
2026-04-04 05:48:08,75.0,100.0,25.886230936891906
2026-04-04 05:48:23,75.0,100.0,25.838482216685648
2026-04-04 05:48:38,75.0,100.0,25.790733496479394
2026-04-04 05:48:53,75.0,100.0,25.74298477627314
2026-04-04 05:49:08,75.0,100.0,25.695236056066882
2026-04-04 05:49:23,75.0,100.0,25.647487335860628
2026-04-04 05:49:38,75.0,100.0,25.59973861565437
2026-04-04 05:49:53,75.0,100.0,25.551989895448116
2026-04-04 05:50:08,75.0,100.0,25.50424117524186
2026-04-04 05:50:23,75.0,100.0,25.456492455035605
2026-04-04 05:50:38,75.0,100.0,25.408743734829347
2026-04-04 05:50:53,75.0,100.0,25.360995014623093
2026-04-04 05:51:08,75.0,100.0,25.313246294416835
2026-04-04 05:51:23,75.0,100.0,25.26549757421058
2026-04-04 05:51:38,75.0,100.0,25.217748854004324
2026-04-04 05:51:53,75.0,100.0,25.17000013379807
2026-04-04 05:52:08,75.0,100.0,25.122251413591815
2026-04-04 05:52:23,75.0,100.0,25.074502693385558
2026-04-04 05:52:38,75.0,100.0,25.026753973179304
2026-04-04 05:52:53,75.0,100.0,24.979005252973046
2026-04-04 05:53:08,75.0,100.0,24.931256532766792
2026-04-04 05:53:23,75.0,100.0,24.883507812560534
2026-04-04 05:53:38,75.0,100.0,24.83575909235428
2026-04-04 05:53:53,75.0,100.0,24.788010372148022
2026-04-04 05:54:08,75.0,100.0,24.74026165194177
2026-04-04 05:54:23,75.0,100.0,24.69251293173551
2026-04-04 05:54:38,75.0,100.0,24.644764211529257
2026-04-04 05:54:53,75.0,100.0,24.597015491323
2026-04-04 05:55:08,75.0,100.0,24.549266771116745
2026-04-04 05:55:23,75.0,100.0,24.50151805091049
2026-04-04 05:55:38,75.0,100.0,24.453769330704233
2026-04-04 05:55:53,75.0,100.0,24.40602061049798
2026-04-04 05:56:08,75.0,100.0,24.35827189029172
2026-04-04 05:56:23,75.0,100.0,24.310523170085467
2026-04-04 05:56:38,75.0,100.0,24.26277444987921
2026-04-04 05:56:53,75.0,100.0,24.215025729672956
2026-04-04 05:57:08,75.0,100.0,24.167277009466698
2026-04-04 05:57:23,75.0,100.0,24.119528289260444
2026-04-04 05:57:38,75.0,100.0,24.071779569054186
2026-04-04 05:57:53,75.0,100.0,24.024030848847932
2026-04-04 05:58:08,75.0,100.0,23.976282128641675
2026-04-04 05:58:23,75.0,100.0,23.92853340843542
2026-04-04 05:58:38,75.0,100.0,23.880784688229166
2026-04-04 05:58:53,75.0,100.0,23.83303596802291
2026-04-04 05:59:08,75.0,100.0,23.785287247816655
2026-04-04 05:59:23,75.0,100.0,23.737538527610397
2026-04-04 05:59:38,75.0,100.0,23.689789807404143
2026-04-04 05:59:53,75.0,100.0,23.642041087197885
2026-04-04 06:00:08,75.0,100.0,23.610322045526335
2026-04-04 06:00:23,87.5,100.0,23.59262897257265
2026-04-04 06:00:38,87.5,100.0,23.574935899618968
2026-04-04 06:00:53,87.5,100.0,23.557242826665284
2026-04-04 06:01:08,87.5,100.0,23.5395497537116
2026-04-04 06:01:23,87.5,100.0,23.521856680757917
2026-04-04 06:01:38,87.5,100.0,23.504163607804234
2026-04-04 06:01:53,87.5,100.0,23.486470534850547
2026-04-04 06:02:08,87.5,100.0,23.468777461896863
2026-04-04 06:02:23,87.5,100.0,23.45108438894318
2026-04-04 06:02:38,87.5,100.0,23.433391315989496
2026-04-04 06:02:53,87.5,100.0,23.415698243035813
2026-04-04 06:03:08,87.5,100.0,23.39800517008213
2026-04-04 06:03:23,87.5,100.0,23.380312097128446
2026-04-04 06:03:38,87.5,100.0,23.362619024174762
2026-04-04 06:03:53,87.5,100.0,23.344925951221075
2026-04-04 06:04:08,87.5,100.0,23.32723287826739
2026-04-04 06:04:23,87.5,100.0,23.309539805313708
2026-04-04 06:04:38,87.5,100.0,23.291846732360025
2026-04-04 06:04:53,87.5,100.0,23.27415365940634
2026-04-04 06:05:08,87.5,100.0,23.256460586452658
2026-04-04 06:05:23,87.5,100.0,23.238767513498974
2026-04-04 06:05:38,87.5,100.0,23.221074440545287
2026-04-04 06:05:53,87.5,100.0,23.203381367591604
2026-04-04 06:06:08,87.5,100.0,23.18568829463792
2026-04-04 06:06:23,87.5,100.0,23.167995221684237
2026-04-04 06:06:38,87.5,100.0,23.150302148730553
2026-04-04 06:06:53,87.5,100.0,23.13260907577687
2026-04-04 06:07:08,87.5,100.0,23.114916002823186
2026-04-04 06:07:23,87.5,100.0,23.097222929869503
2026-04-04 06:07:38,87.5,100.0,23.079529856915816
2026-04-04 06:07:53,87.5,100.0,23.061836783962132
2026-04-04 06:08:08,87.5,100.0,23.04414371100845
2026-04-04 06:08:23,87.5,100.0,23.026450638054765
2026-04-04 06:08:38,87.5,100.0,23.00875756510108
2026-04-04 06:08:53,87.5,100.0,22.991064492147398
2026-04-04 06:09:08,87.5,100.0,22.973371419193715
2026-04-04 06:09:23,87.5,100.0,22.955678346240028
2026-04-04 06:09:38,87.5,100.0,22.937985273286344
2026-04-04 06:09:53,87.5,100.0,22.92029220033266
2026-04-04 06:10:08,87.5,100.0,22.902599127378977
2026-04-04 06:10:23,87.5,100.0,22.884906054425294
2026-04-04 06:10:38,87.5,100.0,22.86721298147161
2026-04-04 06:10:53,87.5,100.0,22.849519908517927
2026-04-04 06:11:08,87.5,100.0,22.831826835564243
2026-04-04 06:11:23,87.5,100.0,22.814133762610556
2026-04-04 06:11:38,87.5,100.0,22.796440689656873
2026-04-04 06:11:53,87.5,100.0,22.77874761670319
2026-04-04 06:12:08,87.5,100.0,22.761054543749506
2026-04-04 06:12:23,87.5,100.0,22.743361470795822
2026-04-04 06:12:38,87.5,100.0,22.72566839784214
2026-04-04 06:12:53,87.5,100.0,22.707975324888455
2026-04-04 06:13:08,87.5,100.0,22.69028225193477
2026-04-04 06:13:23,87.5,100.0,22.672589178981085
2026-04-04 06:13:38,87.5,100.0,22.6548961060274
2026-04-04 06:13:53,87.5,100.0,22.637203033073718
2026-04-04 06:14:08,87.5,100.0,22.619509960120034
2026-04-04 06:14:23,87.5,100.0,22.60181688716635
2026-04-04 06:14:38,87.5,100.0,22.584123814212667
2026-04-04 06:14:53,87.5,100.0,22.566430741258984
2026-04-04 06:15:08,87.5,100.0,22.5487376683053
2026-04-04 06:15:23,87.5,100.0,22.531044595351613
2026-04-04 06:15:38,87.5,100.0,22.51335152239793
2026-04-04 06:15:53,87.5,100.0,22.495658449444246
2026-04-04 06:16:08,87.5,100.0,22.477965376490562
2026-04-04 06:16:23,87.5,100.0,22.46027230353688
2026-04-04 06:16:38,87.5,100.0,22.442579230583195
2026-04-04 06:16:53,87.5,100.0,22.424886157629512
2026-04-04 06:17:08,87.5,100.0,22.407193084675825
2026-04-04 06:17:23,87.5,100.0,22.38950001172214
2026-04-04 06:17:38,87.5,100.0,22.371806938768458
2026-04-04 06:17:53,87.5,100.0,22.354113865814774
2026-04-04 06:18:08,87.5,100.0,22.33642079286109
2026-04-04 06:18:23,87.5,100.0,22.318727719907407
2026-04-04 06:18:38,87.5,100.0,22.301034646953724
2026-04-04 06:18:53,87.5,100.0,22.28334157400004
2026-04-04 06:19:08,87.5,100.0,22.265648501046353
2026-04-04 06:19:23,87.5,100.0,22.24795542809267
2026-04-04 06:19:38,87.5,100.0,22.230262355138986
2026-04-04 06:19:53,87.5,100.0,22.212569282185303
2026-04-04 06:20:08,87.5,100.0,22.19487620923162
2026-04-04 06:20:23,87.5,100.0,22.177183136277936
2026-04-04 06:20:38,87.5,100.0,22.159490063324252
2026-04-04 06:20:53,87.5,100.0,22.141796990370565
2026-04-04 06:21:08,87.5,100.0,22.124103917416882
2026-04-04 06:21:23,87.5,100.0,22.1064108444632
2026-04-04 06:21:38,100.0,100.0,22.088717771509515
2026-04-04 06:21:53,100.0,100.0,22.07102469855583
2026-04-04 06:22:08,100.0,100.0,22.053331625602148
2026-04-04 06:22:23,100.0,100.0,22.035638552648464
2026-04-04 06:22:38,100.0,100.0,22.01794547969478
2026-04-04 06:22:53,100.0,100.0,22.000252406741097
2026-04-04 06:23:08,100.0,100.0,21.98255933378741
2026-04-04 06:23:23,100.0,100.0,21.964866260833727
2026-04-04 06:23:38,100.0,100.0,21.947173187880043
2026-04-04 06:23:53,100.0,100.0,21.92948011492636
2026-04-04 06:24:08,100.0,100.0,21.911787041972676
2026-04-04 06:24:23,100.0,100.0,21.894093969018993
2026-04-04 06:24:38,100.0,100.0,21.87640089606531
2026-04-04 06:24:53,100.0,100.0,21.858707823111622
2026-04-04 06:25:08,100.0,100.0,21.84101475015794
2026-04-04 06:25:23,100.0,100.0,21.823321677204255
2026-04-04 06:25:38,100.0,100.0,21.805628604250572
2026-04-04 06:25:53,100.0,100.0,21.78793553129689
2026-04-04 06:26:08,100.0,100.0,21.770242458343205
2026-04-04 06:26:23,100.0,100.0,21.75254938538952
2026-04-04 06:26:38,100.0,100.0,21.734856312435838
2026-04-04 06:26:53,100.0,100.0,21.71716323948215
2026-04-04 06:27:08,100.0,100.0,21.699470166528467
2026-04-04 06:27:23,100.0,100.0,21.681777093574784
2026-04-04 06:27:38,100.0,100.0,21.6640840206211
2026-04-04 06:27:53,100.0,100.0,21.646390947667417
2026-04-04 06:28:08,100.0,100.0,21.628697874713733
2026-04-04 06:28:23,100.0,100.0,21.61100480176005
2026-04-04 06:28:38,100.0,100.0,21.593311728806363
2026-04-04 06:28:53,100.0,100.0,21.57561865585268
2026-04-04 06:29:08,100.0,100.0,21.557925582898996
2026-04-04 06:29:23,100.0,100.0,21.540232509945312
2026-04-04 06:29:38,100.0,100.0,21.52253943699163
2026-04-04 06:29:53,100.0,100.0,21.504846364037945
2026-04-04 06:30:08,100.0,100.0,21.48715329108426
2026-04-04 06:30:23,100.0,100.0,21.46946021813058
2026-04-04 06:30:38,100.0,100.0,21.45176714517689
2026-04-04 06:30:53,100.0,100.0,21.434074072223208
2026-04-04 06:31:08,100.0,100.0,21.416380999269524
2026-04-04 06:31:23,100.0,100.0,21.39868792631584
2026-04-04 06:31:38,100.0,100.0,21.380994853362157
2026-04-04 06:31:53,100.0,100.0,21.363301780408474
2026-04-04 06:32:08,100.0,100.0,21.34560870745479
2026-04-04 06:32:23,100.0,100.0,21.327915634501103
2026-04-04 06:32:38,100.0,100.0,21.31022256154742
2026-04-04 06:32:53,100.0,100.0,21.292529488593736
2026-04-04 06:33:08,100.0,100.0,21.274836415640053
2026-04-04 06:33:23,100.0,100.0,21.25714334268637
2026-04-04 06:33:38,100.0,100.0,21.239450269732686
2026-04-04 06:33:53,100.0,100.0,21.221757196779002
2026-04-04 06:34:08,100.0,100.0,21.20406412382532
2026-04-04 06:34:23,100.0,100.0,21.186371050871635
2026-04-04 06:34:38,100.0,100.0,21.168677977917948
2026-04-04 06:34:53,100.0,100.0,21.150984904964265
2026-04-04 06:35:08,100.0,100.0,21.13329183201058
2026-04-04 06:35:23,100.0,100.0,21.115598759056898
2026-04-04 06:35:38,100.0,100.0,21.097905686103214
2026-04-04 06:35:53,100.0,100.0,21.08021261314953
2026-04-04 06:36:08,100.0,100.0,21.062519540195844
2026-04-04 06:36:23,100.0,100.0,21.04482646724216
2026-04-04 06:36:38,100.0,100.0,21.027133394288477
2026-04-04 06:36:53,100.0,100.0,21.009440321334793
2026-04-04 06:37:08,100.0,100.0,20.99174724838111
2026-04-04 06:37:23,100.0,100.0,20.974054175427426
2026-04-04 06:37:38,100.0,100.0,20.956361102473743
2026-04-04 06:37:53,100.0,100.0,20.93866802952006
2026-04-04 06:38:08,100.0,100.0,20.920974956566376
2026-04-04 06:38:23,87.5,100.0,20.90328188361269
2026-04-04 06:38:38,87.5,100.0,20.885588810659005
2026-04-04 06:38:53,100.0,100.0,20.86789573770532
2026-04-04 06:39:08,100.0,100.0,20.850202664751638
2026-04-04 06:39:23,100.0,100.0,20.832509591797955
2026-04-04 06:39:38,100.0,100.0,20.81481651884427
2026-04-04 06:39:53,100.0,100.0,20.797123445890588
2026-04-04 06:40:08,100.0,100.0,20.7794303729369
2026-04-04 06:40:23,87.5,100.0,20.761737299983217
2026-04-04 06:40:38,87.5,100.0,20.744044227029534
2026-04-04 06:40:53,87.5,100.0,20.72635115407585
2026-04-04 06:41:08,87.5,100.0,20.708658081122167
2026-04-04 06:41:23,87.5,100.0,20.690965008168483
2026-04-04 06:41:38,87.5,100.0,20.6732719352148
2026-04-04 06:41:53,87.5,100.0,20.655578862261116
2026-04-04 06:42:08,87.5,100.0,20.63788578930743
2026-04-04 06:42:23,87.5,100.0,20.620192716353746
2026-04-04 06:42:38,87.5,100.0,20.602499643400062
2026-04-04 06:42:53,87.5,100.0,20.58480657044638
2026-04-04 06:43:08,87.5,100.0,20.567113497492695
2026-04-04 06:43:23,87.5,100.0,20.54942042453901
2026-04-04 06:43:38,87.5,100.0,20.531727351585328
2026-04-04 06:43:53,87.5,100.0,20.51403427863164
2026-04-04 06:44:08,87.5,100.0,20.496341205677957
2026-04-04 06:44:23,87.5,100.0,20.478648132724274
2026-04-04 06:44:38,100.0,100.0,20.46095505977059
2026-04-04 06:44:53,100.0,100.0,20.443261986816907
2026-04-04 06:45:08,100.0,100.0,20.425568913863223
2026-04-04 06:45:23,100.0,100.0,20.40787584090954
2026-04-04 06:45:38,100.0,100.0,20.390182767955856
2026-04-04 06:45:53,100.0,100.0,20.372489695002173
2026-04-04 06:46:08,100.0,100.0,20.354796622048486
2026-04-04 06:46:23,100.0,100.0,20.337103549094802
2026-04-04 06:46:38,100.0,100.0,20.31941047614112
2026-04-04 06:46:53,100.0,100.0,20.301717403187435
2026-04-04 06:47:08,87.5,100.0,20.284024330233752
2026-04-04 06:47:23,87.5,100.0,20.26633125728007
2026-04-04 06:47:38,87.5,100.0,20.248638184326385
2026-04-04 06:47:53,87.5,100.0,20.230945111372698
2026-04-04 06:48:08,87.5,100.0,20.213252038419014
2026-04-04 06:48:23,87.5,100.0,20.19555896546533
2026-04-04 06:48:38,87.5,100.0,20.177865892511647
2026-04-04 06:48:53,87.5,100.0,20.160172819557964
2026-04-04 06:49:08,87.5,100.0,20.14247974660428
2026-04-04 06:49:23,87.5,100.0,20.124786673650597
2026-04-04 06:49:38,87.5,100.0,20.107093600696913
2026-04-04 06:49:53,87.5,100.0,20.089400527743226
2026-04-04 06:50:08,100.0,100.0,20.071707454789543
2026-04-04 06:50:23,100.0,100.0,20.05401438183586
2026-04-04 06:50:38,100.0,100.0,20.036321308882176
2026-04-04 06:50:53,100.0,100.0,20.018628235928492
2026-04-04 06:51:08,100.0,100.0,20.00093516297481
2026-04-04 06:51:23,100.0,100.0,19.983242090021125
2026-04-04 06:51:38,100.0,100.0,19.96554901706744
2026-04-04 06:51:53,100.0,100.0,19.947855944113755
2026-04-04 06:52:08,100.0,100.0,19.93016287116007
2026-04-04 06:52:23,100.0,100.0,19.912469798206388
2026-04-04 06:52:38,100.0,100.0,19.894776725252704
2026-04-04 06:52:53,100.0,100.0,19.87708365229902
2026-04-04 06:53:08,100.0,100.0,19.859390579345337
2026-04-04 06:53:23,100.0,100.0,19.841697506391654
2026-04-04 06:53:38,100.0,100.0,19.82400443343797
2026-04-04 06:53:53,100.0,100.0,19.806311360484283
2026-04-04 06:54:08,100.0,100.0,19.7886182875306
2026-04-04 06:54:23,100.0,100.0,19.770925214576916
2026-04-04 06:54:38,100.0,100.0,19.753232141623233
2026-04-04 06:54:53,100.0,100.0,19.73553906866955
2026-04-04 06:55:08,100.0,100.0,19.717845995715866
2026-04-04 06:55:23,100.0,100.0,19.70015292276218
2026-04-04 06:55:38,100.0,100.0,19.682459849808495
2026-04-04 06:55:53,100.0,100.0,19.664766776854812
2026-04-04 06:56:08,100.0,100.0,19.64707370390113
2026-04-04 06:56:23,100.0,100.0,19.629380630947445
2026-04-04 06:56:38,100.0,100.0,19.61168755799376
2026-04-04 06:56:53,100.0,100.0,19.593994485040078
2026-04-04 06:57:08,100.0,100.0,19.576301412086394
2026-04-04 06:57:23,100.0,100.0,19.55860833913271
2026-04-04 06:57:38,100.0,100.0,19.540915266179024
2026-04-04 06:57:53,100.0,100.0,19.52322219322534
2026-04-04 06:58:08,100.0,100.0,19.505529120271657
2026-04-04 06:58:23,100.0,100.0,19.487836047317973
2026-04-04 06:58:38,100.0,100.0,19.47014297436429
2026-04-04 06:58:53,100.0,100.0,19.452449901410606
2026-04-04 06:59:08,100.0,100.0,19.43475682845692
2026-04-04 06:59:23,100.0,100.0,19.417063755503236
2026-04-04 06:59:38,100.0,100.0,19.399370682549552
2026-04-04 06:59:53,100.0,100.0,19.38167760959587
2026-04-04 07:00:08,100.0,100.0,19.363984536642185
2026-04-04 07:00:23,100.0,100.0,19.3462914636885
2026-04-04 07:00:38,100.0,100.0,19.32859839073482
2026-04-04 07:00:53,100.0,100.0,19.310905317781135
2026-04-04 07:01:08,100.0,100.0,19.29321224482745
2026-04-04 07:01:23,100.0,100.0,19.275519171873768
2026-04-04 07:01:38,100.0,100.0,19.25782609892008
2026-04-04 07:01:53,100.0,100.0,19.240133025966397
2026-04-04 07:02:08,100.0,100.0,19.222439953012714
2026-04-04 07:02:23,100.0,100.0,19.20474688005903
2026-04-04 07:02:38,100.0,100.0,19.187053807105347
2026-04-04 07:02:53,100.0,100.0,19.16936073415166
2026-04-04 07:03:08,100.0,100.0,19.151667661197976
2026-04-04 07:03:23,100.0,100.0,19.133974588244293
2026-04-04 07:03:38,100.0,100.0,19.11628151529061
2026-04-04 07:03:53,100.0,100.0,19.098588442336926
2026-04-04 07:04:08,100.0,100.0,19.080895369383242
2026-04-04 07:04:23,100.0,100.0,19.06320229642956
2026-04-04 07:04:38,100.0,100.0,19.045509223475875
2026-04-04 07:04:53,100.0,100.0,19.02781615052219
2026-04-04 07:05:08,100.0,100.0,19.010123077568508
2026-04-04 07:05:23,100.0,100.0,18.99243000461482
2026-04-04 07:05:38,100.0,100.0,18.974736931661138
2026-04-04 07:05:53,100.0,100.0,18.957043858707454
2026-04-04 07:06:08,100.0,100.0,18.93935078575377
2026-04-04 07:06:23,100.0,100.0,18.921657712800087
2026-04-04 07:06:38,100.0,100.0,18.903964639846404
2026-04-04 07:06:53,100.0,100.0,18.886271566892717
2026-04-04 07:07:08,100.0,100.0,18.868578493939033
2026-04-04 07:07:23,100.0,100.0,18.85088542098535
2026-04-04 07:07:38,100.0,100.0,18.833192348031666
2026-04-04 07:07:53,100.0,100.0,18.815499275077983
2026-04-04 07:08:08,100.0,100.0,18.7978062021243
2026-04-04 07:08:23,100.0,100.0,18.780113129170616
2026-04-04 07:08:38,100.0,100.0,18.762420056216932
2026-04-04 07:08:53,100.0,100.0,18.74472698326325
2026-04-04 07:09:08,100.0,100.0,18.72703391030956
2026-04-04 07:09:23,100.0,100.0,18.709340837355878
2026-04-04 07:09:38,100.0,100.0,18.691647764402195
2026-04-04 07:09:53,100.0,100.0,18.67395469144851
2026-04-04 07:10:08,100.0,100.0,18.656261618494828
2026-04-04 07:10:23,100.0,100.0,18.638568545541144
2026-04-04 07:10:38,100.0,100.0,18.620875472587457
2026-04-04 07:10:53,100.0,100.0,18.603182399633774
2026-04-04 07:11:08,100.0,100.0,18.58548932668009
2026-04-04 07:11:23,100.0,100.0,18.567796253726407
2026-04-04 07:11:38,100.0,100.0,18.550103180772723
2026-04-04 07:11:53,100.0,100.0,18.53241010781904
2026-04-04 07:12:08,100.0,100.0,18.514717034865356
2026-04-04 07:12:23,100.0,100.0,18.497023961911673
2026-04-04 07:12:38,100.0,100.0,18.47933088895799
2026-04-04 07:12:53,100.0,100.0,18.461637816004306
2026-04-04 07:13:08,100.0,100.0,18.44394474305062
2026-04-04 07:13:23,100.0,100.0,18.426251670096935
2026-04-04 07:13:38,100.0,100.0,18.40855859714325
2026-04-04 07:13:53,100.0,100.0,18.390865524189568
2026-04-04 07:14:08,100.0,100.0,18.373172451235884
2026-04-04 07:14:23,100.0,100.0,18.355479378282197
2026-04-04 07:14:38,100.0,100.0,18.337786305328514
2026-04-04 07:14:53,100.0,100.0,18.32009323237483
2026-04-04 07:15:08,100.0,100.0,18.302400159421147
2026-04-04 07:15:23,100.0,100.0,18.284707086467463
2026-04-04 07:15:38,100.0,100.0,18.26701401351378
2026-04-04 07:15:53,100.0,100.0,18.249320940560096
2026-04-04 07:16:08,100.0,100.0,18.231627867606413
2026-04-04 07:16:23,100.0,100.0,18.21393479465273
2026-04-04 07:16:38,100.0,100.0,18.196241721699046
2026-04-04 07:16:53,100.0,100.0,18.17854864874536
2026-04-04 07:17:08,100.0,100.0,18.160855575791675
2026-04-04 07:17:23,100.0,100.0,18.143162502837992
2026-04-04 07:17:38,100.0,100.0,18.12546942988431
2026-04-04 07:17:53,100.0,100.0,18.107776356930625
2026-04-04 07:18:08,100.0,100.0,18.09008328397694
2026-04-04 07:18:23,100.0,100.0,18.072390211023254
2026-04-04 07:18:38,100.0,100.0,18.05469713806957
2026-04-04 07:18:53,100.0,100.0,18.037004065115887
2026-04-04 07:19:08,100.0,100.0,18.019310992162204
2026-04-04 07:19:23,100.0,100.0,18.00161791920852
2026-04-04 07:19:38,100.0,100.0,17.983924846254837
2026-04-04 07:19:53,100.0,100.0,17.966231773301153
2026-04-04 07:20:08,100.0,100.0,17.94853870034747
2026-04-04 07:20:23,100.0,100.0,17.930845627393786
2026-04-04 07:20:38,100.0,100.0,17.9131525544401
2026-04-04 07:20:53,100.0,100.0,17.895459481486416
2026-04-04 07:21:08,100.0,100.0,17.877766408532732
2026-04-04 07:21:23,100.0,100.0,17.86007333557905
2026-04-04 07:21:38,100.0,100.0,17.842380262625365
2026-04-04 07:21:53,100.0,100.0,17.824687189671682
2026-04-04 07:22:08,100.0,100.0,17.806994116717995
2026-04-04 07:22:23,100.0,100.0,17.78930104376431
2026-04-04 07:22:38,100.0,100.0,17.771607970810628
2026-04-04 07:22:53,100.0,100.0,17.753914897856944
2026-04-04 07:23:08,100.0,100.0,17.73622182490326
2026-04-04 07:23:23,100.0,100.0,17.718528751949577
2026-04-04 07:23:38,100.0,100.0,17.700835678995894
2026-04-04 07:23:53,100.0,100.0,17.68314260604221
2026-04-04 07:24:08,100.0,100.0,17.665449533088527
2026-04-04 07:24:23,100.0,100.0,17.647756460134843
2026-04-04 07:24:38,100.0,100.0,17.630063387181156
2026-04-04 07:24:53,100.0,100.0,17.612370314227473
2026-04-04 07:25:08,100.0,100.0,17.59467724127379
2026-04-04 07:25:23,100.0,100.0,17.576984168320106
2026-04-04 07:25:38,100.0,100.0,17.559291095366422
2026-04-04 07:25:53,100.0,100.0,17.541598022412735
2026-04-04 07:26:08,100.0,100.0,17.52390494945905
2026-04-04 07:26:23,100.0,100.0,17.50621187650537
2026-04-04 07:26:38,100.0,100.0,17.488518803551685
2026-04-04 07:26:53,100.0,100.0,17.470825730598
2026-04-04 07:27:08,100.0,100.0,17.453132657644318
2026-04-04 07:27:23,100.0,100.0,17.435439584690634
2026-04-04 07:27:38,100.0,100.0,17.41774651173695
2026-04-04 07:27:53,100.0,100.0,17.400053438783267
2026-04-04 07:28:08,100.0,100.0,17.382360365829584
2026-04-04 07:28:23,100.0,100.0,17.364667292875897
2026-04-04 07:28:38,100.0,100.0,17.346974219922213
2026-04-04 07:28:53,100.0,100.0,17.32928114696853
2026-04-04 07:29:08,100.0,100.0,17.311588074014846
2026-04-04 07:29:23,100.0,100.0,17.293895001061163
2026-04-04 07:29:38,100.0,100.0,17.27620192810748
2026-04-04 07:29:53,100.0,100.0,17.258508855153792
2026-04-04 07:30:08,100.0,100.0,17.24081578220011
2026-04-04 07:30:23,100.0,100.0,17.223122709246425
2026-04-04 07:30:38,100.0,100.0,17.20542963629274
2026-04-04 07:30:53,100.0,100.0,17.187736563339058
2026-04-04 07:31:08,100.0,100.0,17.170043490385375
2026-04-04 07:31:23,100.0,100.0,17.15235041743169
2026-04-04 07:31:38,100.0,100.0,17.134657344478008
2026-04-04 07:31:53,100.0,100.0,17.116964271524324
2026-04-04 07:32:08,100.0,100.0,17.099271198570637
2026-04-04 07:32:23,100.0,100.0,17.081578125616954
2026-04-04 07:32:38,100.0,100.0,17.06388505266327
2026-04-04 07:32:53,100.0,100.0,17.046191979709587
2026-04-04 07:33:08,100.0,100.0,17.028498906755903
2026-04-04 07:33:23,100.0,100.0,17.01080583380222
2026-04-04 07:33:38,100.0,100.0,16.993112760848533
2026-04-04 07:33:53,100.0,100.0,16.97541968789485
2026-04-04 07:34:08,100.0,100.0,16.957726614941166
2026-04-04 07:34:23,100.0,100.0,16.940033541987482
2026-04-04 07:34:38,100.0,100.0,16.9223404690338
2026-04-04 07:34:53,100.0,100.0,16.904647396080115
2026-04-04 07:35:08,100.0,100.0,16.88695432312643
2026-04-04 07:35:23,100.0,100.0,16.869261250172748
2026-04-04 07:35:38,100.0,100.0,16.851568177219065
2026-04-04 07:35:53,100.0,100.0,16.83387510426538
2026-04-04 07:36:08,100.0,100.0,16.816182031311694
2026-04-04 07:36:23,100.0,100.0,16.79848895835801
2026-04-04 07:36:38,100.0,100.0,16.780795885404327
2026-04-04 07:36:53,100.0,100.0,16.763102812450644
2026-04-04 07:37:08,100.0,100.0,16.74540973949696
2026-04-04 07:37:23,100.0,100.0,16.727716666543277
2026-04-04 07:37:38,100.0,100.0,16.71002359358959
2026-04-04 07:37:53,100.0,100.0,16.692330520635906
2026-04-04 07:38:08,100.0,100.0,16.674637447682223
2026-04-04 07:38:23,100.0,100.0,16.65694437472854
2026-04-04 07:38:38,100.0,100.0,16.639251301774856
2026-04-04 07:38:53,100.0,100.0,16.621558228821172
2026-04-04 07:39:08,100.0,100.0,16.60386515586749
2026-04-04 07:39:23,100.0,100.0,16.586172082913805
2026-04-04 07:39:38,100.0,100.0,16.56847900996012
2026-04-04 07:39:53,100.0,100.0,16.550785937006435
2026-04-04 07:40:08,100.0,100.0,16.53309286405275
2026-04-04 07:40:23,100.0,100.0,16.515399791099068
2026-04-04 07:40:38,100.0,100.0,16.497706718145384
2026-04-04 07:40:53,100.0,100.0,16.4800136451917
2026-04-04 07:41:08,100.0,100.0,16.462320572238017
2026-04-04 07:41:23,100.0,100.0,16.44462749928433
2026-04-04 07:41:38,100.0,100.0,16.426934426330646
2026-04-04 07:41:53,100.0,100.0,16.409241353376963
2026-04-04 07:42:08,100.0,100.0,16.39154828042328
2026-04-04 07:42:23,100.0,100.0,16.373855207469596
2026-04-04 07:42:38,100.0,100.0,16.356162134515912
2026-04-04 07:42:53,100.0,100.0,16.33846906156223
2026-04-04 07:43:08,100.0,100.0,16.320775988608546
2026-04-04 07:43:23,100.0,100.0,16.303082915654862
2026-04-04 07:43:38,100.0,100.0,16.285389842701175
2026-04-04 07:43:53,100.0,100.0,16.26769676974749
2026-04-04 07:44:08,100.0,100.0,16.250003696793808
2026-04-04 07:44:23,100.0,100.0,16.232310623840124
2026-04-04 07:44:38,100.0,100.0,16.21461755088644
2026-04-04 07:44:53,100.0,100.0,16.196924477932757
2026-04-04 07:45:08,100.0,100.0,16.17923140497907
2026-04-04 07:45:23,100.0,100.0,16.161538332025387
2026-04-04 07:45:38,100.0,100.0,16.143845259071703
2026-04-04 07:45:53,100.0,100.0,16.12615218611802
2026-04-04 07:46:08,100.0,100.0,16.108459113164336
2026-04-04 07:46:23,100.0,100.0,16.090766040210653
2026-04-04 07:46:38,100.0,100.0,16.07307296725697
2026-04-04 07:46:53,100.0,100.0,16.055379894303286
2026-04-04 07:47:08,100.0,100.0,16.037686821349602
2026-04-04 07:47:23,100.0,100.0,16.01999374839592
2026-04-04 07:47:38,100.0,100.0,16.002300675442232
2026-04-04 07:47:53,100.0,100.0,15.984607602488548
2026-04-04 07:48:08,100.0,100.0,15.966914529534865
2026-04-04 07:48:23,100.0,100.0,15.949221456581181
2026-04-04 07:48:38,100.0,100.0,15.931528383627498
2026-04-04 07:48:53,100.0,100.0,15.913835310673814
2026-04-04 07:49:08,100.0,100.0,15.89614223772013
2026-04-04 07:49:23,100.0,100.0,15.878449164766444
2026-04-04 07:49:38,100.0,100.0,15.86075609181276
2026-04-04 07:49:53,100.0,100.0,15.843063018859077
2026-04-04 07:50:08,100.0,100.0,15.825369945905393
2026-04-04 07:50:23,100.0,100.0,15.80767687295171
2026-04-04 07:50:38,100.0,100.0,15.789983799998026
2026-04-04 07:50:53,100.0,100.0,15.772290727044341
2026-04-04 07:51:08,100.0,100.0,15.754597654090658
2026-04-04 07:51:23,100.0,100.0,15.736904581136972
2026-04-04 07:51:38,100.0,100.0,15.719211508183289
2026-04-04 07:51:53,100.0,100.0,15.701518435229605
2026-04-04 07:52:08,100.0,100.0,15.683825362275922
2026-04-04 07:52:23,100.0,100.0,15.666132289322238
2026-04-04 07:52:38,100.0,100.0,15.648439216368555
2026-04-04 07:52:53,100.0,100.0,15.63074614341487
2026-04-04 07:53:08,100.0,100.0,15.613053070461186
2026-04-04 07:53:23,100.0,100.0,15.595359997507503
2026-04-04 07:53:38,100.0,100.0,15.577666924553817
2026-04-04 07:53:53,100.0,100.0,15.559973851600134
2026-04-04 07:54:08,100.0,100.0,15.54228077864645
2026-04-04 07:54:23,100.0,100.0,15.524587705692767
2026-04-04 07:54:38,100.0,100.0,15.506894632739082
2026-04-04 07:54:53,100.0,100.0,15.489201559785398
2026-04-04 07:55:08,100.0,100.0,15.471508486831715
2026-04-04 07:55:23,100.0,100.0,15.45381541387803
2026-04-04 07:55:38,100.0,100.0,15.436122340924346
2026-04-04 07:55:53,100.0,100.0,15.418429267970662
2026-04-04 07:56:08,100.0,100.0,15.400736195016979
2026-04-04 07:56:23,100.0,100.0,15.383043122063293
2026-04-04 07:56:38,100.0,100.0,15.36535004910961
2026-04-04 07:56:53,100.0,100.0,15.347656976155927
2026-04-04 07:57:08,100.0,100.0,15.329963903202243
2026-04-04 07:57:23,100.0,100.0,15.312270830248558
2026-04-04 07:57:38,100.0,100.0,15.294577757294874
2026-04-04 07:57:53,100.0,100.0,15.27688468434119
2026-04-04 07:58:08,100.0,100.0,15.259191611387507
2026-04-04 07:58:23,100.0,100.0,15.241498538433822
2026-04-04 07:58:38,100.0,100.0,15.223805465480138
2026-04-04 07:58:53,100.0,100.0,15.206112392526455
2026-04-04 07:59:08,100.0,100.0,15.188419319572771
2026-04-04 07:59:23,100.0,100.0,15.170726246619086
2026-04-04 07:59:38,100.0,100.0,15.153033173665403
2026-04-04 07:59:53,100.0,100.0,15.13534010071172
2026-04-04 08:00:08,100.0,100.0,15.131118325617283
2026-04-04 08:00:23,100.0,100.0,15.138683936149691
2026-04-04 08:00:38,100.0,100.0,15.146249546682098
2026-04-04 08:00:53,100.0,100.0,15.153815157214506
2026-04-04 08:01:08,100.0,100.0,15.161380767746914
2026-04-04 08:01:23,100.0,100.0,15.16894637827932
2026-04-04 08:01:38,100.0,100.0,15.176511988811729
2026-04-04 08:01:53,100.0,100.0,15.184077599344135
2026-04-04 08:02:08,100.0,100.0,15.191643209876544
2026-04-04 08:02:23,100.0,100.0,15.19920882040895
2026-04-04 08:02:38,100.0,100.0,15.206774430941358
2026-04-04 08:02:53,100.0,100.0,15.214340041473765
2026-04-04 08:03:08,100.0,100.0,15.221905652006173
2026-04-04 08:03:23,100.0,100.0,15.22947126253858
2026-04-04 08:03:38,100.0,100.0,15.237036873070988
2026-04-04 08:03:53,100.0,100.0,15.244602483603394
2026-04-04 08:04:08,100.0,100.0,15.252168094135802
2026-04-04 08:04:23,100.0,100.0,15.25973370466821
2026-04-04 08:04:38,100.0,100.0,15.267299315200617
2026-04-04 08:04:53,100.0,100.0,15.274864925733025
2026-04-04 08:05:08,100.0,100.0,15.282430536265432
2026-04-04 08:05:23,100.0,100.0,15.28999614679784
2026-04-04 08:05:38,100.0,100.0,15.297561757330246
2026-04-04 08:05:53,100.0,100.0,15.305127367862655
2026-04-04 08:06:08,100.0,100.0,15.312692978395061
2026-04-04 08:06:23,100.0,100.0,15.32025858892747
2026-04-04 08:06:38,100.0,100.0,15.327824199459876
2026-04-04 08:06:53,100.0,100.0,15.335389809992284
2026-04-04 08:07:08,100.0,100.0,15.34295542052469
2026-04-04 08:07:23,100.0,100.0,15.350521031057099
2026-04-04 08:07:38,100.0,100.0,15.358086641589507
2026-04-04 08:07:53,100.0,100.0,15.365652252121913
2026-04-04 08:08:08,100.0,100.0,15.373217862654322
2026-04-04 08:08:23,100.0,100.0,15.380783473186728
2026-04-04 08:08:38,100.0,100.0,15.388349083719136
2026-04-04 08:08:53,100.0,100.0,15.395914694251543
2026-04-04 08:09:08,100.0,100.0,15.403480304783951
2026-04-04 08:09:23,100.0,100.0,15.411045915316357
2026-04-04 08:09:38,100.0,100.0,15.418611525848766
2026-04-04 08:09:53,100.0,100.0,15.426177136381172
2026-04-04 08:10:08,100.0,100.0,15.43374274691358
2026-04-04 08:10:23,100.0,100.0,15.441308357445987
2026-04-04 08:10:38,100.0,100.0,15.448873967978395
2026-04-04 08:10:53,100.0,100.0,15.456439578510803
2026-04-04 08:11:08,100.0,100.0,15.46400518904321
2026-04-04 08:11:23,100.0,100.0,15.471570799575618
2026-04-04 08:11:38,100.0,100.0,15.479136410108024
2026-04-04 08:11:53,100.0,100.0,15.486702020640433
2026-04-04 08:12:08,100.0,100.0,15.49426763117284
2026-04-04 08:12:23,100.0,100.0,15.501833241705247
2026-04-04 08:12:38,100.0,100.0,15.509398852237654
2026-04-04 08:12:53,100.0,100.0,15.516964462770062
2026-04-04 08:13:08,100.0,100.0,15.524530073302468
2026-04-04 08:13:23,100.0,100.0,15.532095683834877
2026-04-04 08:13:38,100.0,100.0,15.539661294367285
2026-04-04 08:13:53,100.0,100.0,15.547226904899691
2026-04-04 08:14:08,100.0,100.0,15.5547925154321
2026-04-04 08:14:23,100.0,100.0,15.562358125964506
2026-04-04 08:14:38,100.0,100.0,15.569923736496914
2026-04-04 08:14:53,100.0,100.0,15.57748934702932
2026-04-04 08:15:08,100.0,100.0,15.585054957561729
2026-04-04 08:15:23,100.0,100.0,15.592620568094135
2026-04-04 08:15:38,100.0,100.0,15.600186178626544
2026-04-04 08:15:53,100.0,100.0,15.60775178915895
2026-04-04 08:16:08,100.0,100.0,15.615317399691358
2026-04-04 08:16:23,100.0,100.0,15.622883010223765
2026-04-04 08:16:38,100.0,100.0,15.630448620756173
2026-04-04 08:16:53,100.0,100.0,15.63801423128858
2026-04-04 08:17:08,100.0,100.0,15.645579841820988
2026-04-04 08:17:23,100.0,100.0,15.653145452353396
2026-04-04 08:17:38,100.0,100.0,15.660711062885802
2026-04-04 08:17:53,100.0,100.0,15.66827667341821
2026-04-04 08:18:08,100.0,100.0,15.675842283950617
2026-04-04 08:18:23,100.0,100.0,15.683407894483025
2026-04-04 08:18:38,100.0,100.0,15.690973505015432
2026-04-04 08:18:53,100.0,100.0,15.69853911554784
2026-04-04 08:19:08,100.0,100.0,15.706104726080246
2026-04-04 08:19:23,100.0,100.0,15.713670336612655
2026-04-04 08:19:38,100.0,100.0,15.721235947145061
2026-04-04 08:19:53,100.0,100.0,15.72880155767747
2026-04-04 08:20:08,100.0,100.0,15.736367168209878
2026-04-04 08:20:23,100.0,100.0,15.743932778742284
2026-04-04 08:20:38,100.0,100.0,15.751498389274692
2026-04-04 08:20:53,100.0,100.0,15.759063999807099
2026-04-04 08:21:08,100.0,100.0,15.766629610339507
2026-04-04 08:21:23,100.0,100.0,15.774195220871913
2026-04-04 08:21:38,100.0,100.0,15.781760831404322
2026-04-04 08:21:53,100.0,100.0,15.789326441936728
2026-04-04 08:22:08,100.0,100.0,15.796892052469136
2026-04-04 08:22:23,100.0,100.0,15.804457663001543
2026-04-04 08:22:38,100.0,100.0,15.812023273533951
2026-04-04 08:22:53,100.0,100.0,15.819588884066357
2026-04-04 08:23:08,100.0,100.0,15.827154494598766
2026-04-04 08:23:23,100.0,100.0,15.834720105131174
2026-04-04 08:23:38,100.0,100.0,15.84228571566358
2026-04-04 08:23:53,100.0,100.0,15.849851326195989
2026-04-04 08:24:08,100.0,100.0,15.857416936728395
2026-04-04 08:24:23,100.0,100.0,15.864982547260803
2026-04-04 08:24:38,100.0,100.0,15.87254815779321
2026-04-04 08:24:53,100.0,100.0,15.880113768325618
2026-04-04 08:25:08,100.0,100.0,15.887679378858024
2026-04-04 08:25:23,100.0,100.0,15.895244989390433
2026-04-04 08:25:38,100.0,100.0,15.902810599922839
2026-04-04 08:25:53,100.0,100.0,15.910376210455247
2026-04-04 08:26:08,100.0,100.0,15.917941820987654
2026-04-04 08:26:23,100.0,100.0,15.925507431520062
2026-04-04 08:26:38,100.0,100.0,15.93307304205247
2026-04-04 08:26:53,100.0,100.0,15.940638652584877
2026-04-04 08:27:08,100.0,100.0,15.948204263117285
2026-04-04 08:27:23,100.0,100.0,15.955769873649691
2026-04-04 08:27:38,100.0,100.0,15.9633354841821
2026-04-04 08:27:53,100.0,100.0,15.970901094714506
2026-04-04 08:28:08,100.0,100.0,15.978466705246914
2026-04-04 08:28:23,100.0,100.0,15.98603231577932
2026-04-04 08:28:38,100.0,100.0,15.993597926311729
2026-04-04 08:28:53,100.0,100.0,16.001163536844135
2026-04-04 08:29:08,100.0,100.0,16.008729147376542
2026-04-04 08:29:23,100.0,100.0,16.016294757908952
2026-04-04 08:29:38,100.0,100.0,16.02386036844136
2026-04-04 08:29:53,100.0,100.0,16.031425978973765
2026-04-04 08:30:08,100.0,100.0,16.038991589506175
2026-04-04 08:30:23,100.0,100.0,16.04655720003858
2026-04-04 08:30:38,100.0,100.0,16.054122810570988
2026-04-04 08:30:53,100.0,100.0,16.061688421103394
2026-04-04 08:31:08,100.0,100.0,16.069254031635804
2026-04-04 08:31:23,100.0,100.0,16.07681964216821
2026-04-04 08:31:38,100.0,100.0,16.084385252700617
2026-04-04 08:31:53,100.0,100.0,16.091950863233023
2026-04-04 08:32:08,100.0,100.0,16.099516473765433
2026-04-04 08:32:23,100.0,100.0,16.10708208429784
2026-04-04 08:32:38,100.0,100.0,16.114647694830246
2026-04-04 08:32:53,100.0,100.0,16.122213305362656
2026-04-04 08:33:08,100.0,100.0,16.129778915895063
2026-04-04 08:33:23,100.0,100.0,16.13734452642747
2026-04-04 08:33:38,87.5,100.0,16.144910136959876
2026-04-04 08:33:53,87.5,100.0,16.152475747492286
2026-04-04 08:34:08,87.5,100.0,16.160041358024692
2026-04-04 08:34:23,87.5,100.0,16.1676069685571
2026-04-04 08:34:38,87.5,100.0,16.175172579089505
2026-04-04 08:34:53,87.5,100.0,16.182738189621915
2026-04-04 08:35:08,87.5,100.0,16.19030380015432
2026-04-04 08:35:23,87.5,100.0,16.197869410686728
2026-04-04 08:35:38,87.5,100.0,16.205435021219138
2026-04-04 08:35:53,87.5,100.0,16.213000631751544
2026-04-04 08:36:08,87.5,100.0,16.22056624228395
2026-04-04 08:36:23,87.5,100.0,16.228131852816357
2026-04-04 08:36:38,87.5,100.0,16.235697463348767
2026-04-04 08:36:53,87.5,100.0,16.243263073881174
2026-04-04 08:37:08,87.5,100.0,16.25082868441358
2026-04-04 08:37:23,87.5,100.0,16.258394294945987
2026-04-04 08:37:38,87.5,100.0,16.265959905478397
2026-04-04 08:37:53,87.5,100.0,16.273525516010803
2026-04-04 08:38:08,87.5,100.0,16.28109112654321
2026-04-04 08:38:23,87.5,100.0,16.288656737075616
2026-04-04 08:38:38,87.5,100.0,16.296222347608026
2026-04-04 08:38:53,87.5,100.0,16.303787958140433
2026-04-04 08:39:08,87.5,100.0,16.31135356867284
2026-04-04 08:39:23,87.5,100.0,16.31891917920525
2026-04-04 08:39:38,87.5,100.0,16.326484789737655
2026-04-04 08:39:53,87.5,100.0,16.334050400270062
2026-04-04 08:40:08,87.5,100.0,16.34161601080247
2026-04-04 08:40:23,87.5,100.0,16.34918162133488
2026-04-04 08:40:38,87.5,100.0,16.356747231867285
2026-04-04 08:40:53,87.5,100.0,16.36431284239969
2026-04-04 08:41:08,87.5,100.0,16.371878452932098
2026-04-04 08:41:23,87.5,100.0,16.379444063464508
2026-04-04 08:41:38,87.5,100.0,16.387009673996914
2026-04-04 08:41:53,87.5,100.0,16.39457528452932
2026-04-04 08:42:08,87.5,100.0,16.402140895061727
2026-04-04 08:42:23,87.5,100.0,16.409706505594137
2026-04-04 08:42:38,87.5,100.0,16.417272116126544
2026-04-04 08:42:53,87.5,100.0,16.42483772665895
2026-04-04 08:43:08,87.5,100.0,16.43240333719136
2026-04-04 08:43:23,87.5,100.0,16.439968947723766
2026-04-04 08:43:38,87.5,100.0,16.447534558256173
2026-04-04 08:43:53,87.5,100.0,16.45510016878858
2026-04-04 08:44:08,87.5,100.0,16.46266577932099
2026-04-04 08:44:23,87.5,100.0,16.470231389853396
2026-04-04 08:44:38,87.5,100.0,16.477797000385802
2026-04-04 08:44:53,87.5,100.0,16.48536261091821
2026-04-04 08:45:08,87.5,100.0,16.49292822145062
2026-04-04 08:45:23,87.5,100.0,16.500493831983025
2026-04-04 08:45:38,87.5,100.0,16.50805944251543
2026-04-04 08:45:53,87.5,100.0,16.51562505304784
2026-04-04 08:46:08,87.5,100.0,16.523190663580248
2026-04-04 08:46:23,87.5,100.0,16.530756274112655
2026-04-04 08:46:38,87.5,100.0,16.53832188464506
2026-04-04 08:46:53,87.5,100.0,16.54588749517747
2026-04-04 08:47:08,87.5,100.0,16.553453105709877
2026-04-04 08:47:23,87.5,100.0,16.561018716242284
2026-04-04 08:47:38,87.5,100.0,16.56858432677469
2026-04-04 08:47:53,87.5,100.0,16.5761499373071
2026-04-04 08:48:08,87.5,100.0,16.583715547839507
2026-04-04 08:48:23,87.5,100.0,16.591281158371913
2026-04-04 08:48:38,87.5,100.0,16.598846768904323
2026-04-04 08:48:53,87.5,100.0,16.60641237943673
2026-04-04 08:49:08,87.5,100.0,16.613977989969136
2026-04-04 08:49:23,87.5,100.0,16.621543600501543
2026-04-04 08:49:38,87.5,100.0,16.629109211033953
2026-04-04 08:49:53,87.5,100.0,16.63667482156636
2026-04-04 08:50:08,87.5,100.0,16.644240432098766
2026-04-04 08:50:23,87.5,100.0,16.651806042631172
2026-04-04 08:50:38,87.5,100.0,16.659371653163582
2026-04-04 08:50:53,87.5,100.0,16.66693726369599
2026-04-04 08:51:08,87.5,100.0,16.674502874228395
2026-04-04 08:51:23,87.5,100.0,16.682068484760805
2026-04-04 08:51:38,87.5,100.0,16.68963409529321
2026-04-04 08:51:53,87.5,100.0,16.697199705825618
2026-04-04 08:52:08,87.5,100.0,16.704765316358024
2026-04-04 08:52:23,87.5,100.0,16.712330926890434
2026-04-04 08:52:38,87.5,100.0,16.71989653742284
2026-04-04 08:52:53,87.5,100.0,16.727462147955247
2026-04-04 08:53:08,87.5,100.0,16.735027758487654
2026-04-04 08:53:23,87.5,100.0,16.742593369020064
2026-04-04 08:53:38,87.5,100.0,16.75015897955247
2026-04-04 08:53:53,87.5,100.0,16.757724590084877
2026-04-04 08:54:08,87.5,100.0,16.765290200617283
2026-04-04 08:54:23,87.5,100.0,16.772855811149693
2026-04-04 08:54:38,87.5,100.0,16.7804214216821
2026-04-04 08:54:53,87.5,100.0,16.787987032214506
2026-04-04 08:55:08,87.5,100.0,16.795552642746916
2026-04-04 08:55:23,87.5,100.0,16.803118253279322
2026-04-04 08:55:38,87.5,100.0,16.81068386381173
2026-04-04 08:55:53,87.5,100.0,16.818249474344135
2026-04-04 08:56:08,87.5,100.0,16.825815084876545
2026-04-04 08:56:23,87.5,100.0,16.83338069540895
2026-04-04 08:56:38,87.5,100.0,16.840946305941358
2026-04-04 08:56:53,87.5,100.0,16.848511916473765
2026-04-04 08:57:08,87.5,100.0,16.856077527006175
2026-04-04 08:57:23,87.5,100.0,16.86364313753858
2026-04-04 08:57:38,87.5,100.0,16.871208748070988
2026-04-04 08:57:53,87.5,100.0,16.878774358603394
2026-04-04 08:58:08,87.5,100.0,16.886339969135804
2026-04-04 08:58:23,87.5,100.0,16.89390557966821
2026-04-04 08:58:38,87.5,100.0,16.901471190200617
2026-04-04 08:58:53,87.5,100.0,16.909036800733027
2026-04-04 08:59:08,87.5,100.0,16.916602411265433
2026-04-04 08:59:23,87.5,100.0,16.92416802179784
2026-04-04 08:59:38,87.5,100.0,16.931733632330246
2026-04-04 08:59:53,87.5,100.0,16.939299242862656
2026-04-04 09:00:08,87.5,100.0,16.946864853395063
2026-04-04 09:00:23,87.5,100.0,16.95443046392747
2026-04-04 09:00:38,87.5,100.0,16.961996074459876
2026-04-04 09:00:53,87.5,100.0,16.969561684992286
2026-04-04 09:01:08,87.5,100.0,16.977127295524692
2026-04-04 09:01:23,87.5,100.0,16.9846929060571
2026-04-04 09:01:38,87.5,100.0,16.99225851658951
2026-04-04 09:01:53,87.5,100.0,16.999824127121915
2026-04-04 09:02:08,87.5,100.0,17.00738973765432
2026-04-04 09:02:23,87.5,100.0,17.014955348186728
2026-04-04 09:02:38,87.5,100.0,17.022520958719138
2026-04-04 09:02:53,87.5,100.0,17.030086569251544
2026-04-04 09:03:08,87.5,100.0,17.03765217978395
2026-04-04 09:03:23,87.5,100.0,17.045217790316357
2026-04-04 09:03:38,87.5,100.0,17.052783400848767
2026-04-04 09:03:53,87.5,100.0,17.060349011381174
2026-04-04 09:04:08,87.5,100.0,17.06791462191358
2026-04-04 09:04:23,87.5,100.0,17.07548023244599
2026-04-04 09:04:38,87.5,100.0,17.083045842978397
2026-04-04 09:04:53,87.5,100.0,17.090611453510803
2026-04-04 09:05:08,87.5,100.0,17.09817706404321
2026-04-04 09:05:23,87.5,100.0,17.10574267457562
2026-04-04 09:05:38,87.5,100.0,17.113308285108026
2026-04-04 09:05:53,87.5,100.0,17.120873895640432
2026-04-04 09:06:08,87.5,100.0,17.12843950617284
2026-04-04 09:06:23,87.5,100.0,17.13600511670525
2026-04-04 09:06:38,87.5,100.0,17.143570727237655
2026-04-04 09:06:53,87.5,100.0,17.151136337770062
2026-04-04 09:07:08,87.5,100.0,17.158701948302472
2026-04-04 09:07:23,87.5,100.0,17.16626755883488
2026-04-04 09:07:38,100.0,100.0,17.173833169367285
2026-04-04 09:07:53,100.0,100.0,17.18139877989969
2026-04-04 09:08:08,100.0,100.0,17.1889643904321
2026-04-04 09:08:23,100.0,100.0,17.196530000964508
2026-04-04 09:08:38,100.0,100.0,17.204095611496914
2026-04-04 09:08:53,100.0,100.0,17.21166122202932
2026-04-04 09:09:08,100.0,100.0,17.21922683256173
2026-04-04 09:09:23,100.0,100.0,17.226792443094137
2026-04-04 09:09:38,100.0,100.0,17.234358053626543
2026-04-04 09:09:53,100.0,100.0,17.241923664158953
2026-04-04 09:10:08,100.0,100.0,17.24948927469136
2026-04-04 09:10:23,100.0,100.0,17.257054885223766
2026-04-04 09:10:38,100.0,100.0,17.264620495756173
2026-04-04 09:10:53,100.0,100.0,17.27218610628858
2026-04-04 09:11:08,100.0,100.0,17.27975171682099
2026-04-04 09:11:23,100.0,100.0,17.287317327353396
2026-04-04 09:11:38,100.0,100.0,17.294882937885802
2026-04-04 09:11:53,100.0,100.0,17.302448548418212
2026-04-04 09:12:08,100.0,100.0,17.31001415895062
2026-04-04 09:12:23,87.5,100.0,17.317579769483025
2026-04-04 09:12:38,87.5,100.0,17.32514538001543
2026-04-04 09:12:53,87.5,100.0,17.33271099054784
2026-04-04 09:13:08,87.5,100.0,17.340276601080248
2026-04-04 09:13:23,87.5,100.0,17.347842211612654
2026-04-04 09:13:38,87.5,100.0,17.35540782214506
2026-04-04 09:13:53,87.5,100.0,17.36297343267747
2026-04-04 09:14:08,87.5,100.0,17.370539043209877
2026-04-04 09:14:23,87.5,100.0,17.378104653742284
2026-04-04 09:14:38,87.5,100.0,17.385670264274694
2026-04-04 09:14:53,87.5,100.0,17.3932358748071
2026-04-04 09:15:08,87.5,100.0,17.400801485339507
2026-04-04 09:15:23,87.5,100.0,17.408367095871913
2026-04-04 09:15:38,87.5,100.0,17.415932706404323
2026-04-04 09:15:53,87.5,100.0,17.42349831693673
2026-04-04 09:16:08,87.5,100.0,17.431063927469136
2026-04-04 09:16:23,87.5,100.0,17.438629538001543
2026-04-04 09:16:38,87.5,100.0,17.446195148533953
2026-04-04 09:16:53,87.5,100.0,17.45376075906636
2026-04-04 09:17:08,100.0,100.0,17.461326369598765
2026-04-04 09:17:23,100.0,100.0,17.468891980131176
2026-04-04 09:17:38,100.0,100.0,17.476457590663582
2026-04-04 09:17:53,100.0,100.0,17.48402320119599
2026-04-04 09:18:08,100.0,100.0,17.491588811728395
2026-04-04 09:18:23,100.0,100.0,17.499154422260805
2026-04-04 09:18:38,100.0,100.0,17.50672003279321
2026-04-04 09:18:53,100.0,100.0,17.514285643325618
2026-04-04 09:19:08,100.0,100.0,17.521851253858024
2026-04-04 09:19:23,100.0,100.0,17.529416864390434
2026-04-04 09:19:38,100.0,100.0,17.53698247492284
2026-04-04 09:19:53,100.0,100.0,17.544548085455247
2026-04-04 09:20:08,100.0,100.0,17.552113695987657
2026-04-04 09:20:23,100.0,100.0,17.559679306520064
2026-04-04 09:20:38,100.0,100.0,17.56724491705247
2026-04-04 09:20:53,100.0,100.0,17.574810527584876
2026-04-04 09:21:08,100.0,100.0,17.582376138117287
2026-04-04 09:21:23,100.0,100.0,17.589941748649693
2026-04-04 09:21:38,100.0,100.0,17.5975073591821
2026-04-04 09:21:53,100.0,100.0,17.605072969714506
2026-04-04 09:22:08,100.0,100.0,17.612638580246916
2026-04-04 09:22:23,100.0,100.0,17.620204190779322
2026-04-04 09:22:38,100.0,100.0,17.62776980131173
2026-04-04 09:22:53,100.0,100.0,17.63533541184414
2026-04-04 09:23:08,100.0,100.0,17.642901022376545
2026-04-04 09:23:23,100.0,100.0,17.65046663290895
2026-04-04 09:23:38,100.0,100.0,17.658032243441358
2026-04-04 09:23:53,100.0,100.0,17.665597853973768
2026-04-04 09:24:08,100.0,100.0,17.673163464506175
2026-04-04 09:24:23,100.0,100.0,17.68072907503858
2026-04-04 09:24:38,100.0,100.0,17.688294685570987
2026-04-04 09:24:53,100.0,100.0,17.695860296103398
2026-04-04 09:25:08,100.0,100.0,17.703425906635804
2026-04-04 09:25:23,100.0,100.0,17.71099151716821
2026-04-04 09:25:38,100.0,100.0,17.71855712770062
2026-04-04 09:25:53,100.0,100.0,17.726122738233027
2026-04-04 09:26:08,100.0,100.0,17.733688348765433
2026-04-04 09:26:23,100.0,100.0,17.74125395929784
2026-04-04 09:26:38,100.0,100.0,17.748819569830246
2026-04-04 09:26:53,100.0,100.0,17.756385180362656
2026-04-04 09:27:08,100.0,100.0,17.763950790895063
2026-04-04 09:27:23,100.0,100.0,17.77151640142747
2026-04-04 09:27:38,100.0,100.0,17.77908201195988
2026-04-04 09:27:53,100.0,100.0,17.786647622492286
2026-04-04 09:28:08,100.0,100.0,17.794213233024692
2026-04-04 09:28:23,100.0,100.0,17.8017788435571
2026-04-04 09:28:38,100.0,100.0,17.80934445408951
2026-04-04 09:28:53,100.0,100.0,17.816910064621915
2026-04-04 09:29:08,100.0,100.0,17.82447567515432
2026-04-04 09:29:23,100.0,100.0,17.832041285686728
2026-04-04 09:29:38,100.0,100.0,17.839606896219138
2026-04-04 09:29:53,100.0,100.0,17.847172506751544
2026-04-04 09:30:08,100.0,100.0,17.85473811728395
2026-04-04 09:30:23,100.0,100.0,17.86230372781636
2026-04-04 09:30:38,100.0,100.0,17.869869338348767
2026-04-04 09:30:53,100.0,100.0,17.877434948881174
2026-04-04 09:31:08,100.0,100.0,17.88500055941358
2026-04-04 09:31:23,100.0,100.0,17.89256616994599
2026-04-04 09:31:38,100.0,100.0,17.900131780478397
2026-04-04 09:31:53,100.0,100.0,17.907697391010803
2026-04-04 09:32:08,100.0,100.0,17.91526300154321
2026-04-04 09:32:23,100.0,100.0,17.92282861207562
2026-04-04 09:32:38,100.0,100.0,17.930394222608026
2026-04-04 09:32:53,100.0,100.0,17.937959833140432
2026-04-04 09:33:08,100.0,100.0,17.945525443672842
2026-04-04 09:33:23,100.0,100.0,17.95309105420525
2026-04-04 09:33:38,100.0,100.0,17.960656664737655
2026-04-04 09:33:53,100.0,100.0,17.96822227527006
2026-04-04 09:34:08,100.0,100.0,17.975787885802472
2026-04-04 09:34:23,100.0,100.0,17.98335349633488
2026-04-04 09:34:38,100.0,100.0,17.990919106867285
2026-04-04 09:34:53,100.0,100.0,17.99848471739969
2026-04-04 09:35:08,100.0,100.0,18.0060503279321
2026-04-04 09:35:23,100.0,100.0,18.013615938464508
2026-04-04 09:35:38,100.0,100.0,18.021181548996914
2026-04-04 09:35:53,100.0,100.0,18.028747159529324
2026-04-04 09:36:08,100.0,100.0,18.03631277006173
2026-04-04 09:36:23,100.0,100.0,18.043878380594137
2026-04-04 09:36:38,100.0,100.0,18.051443991126543
2026-04-04 09:36:53,100.0,100.0,18.059009601658953
2026-04-04 09:37:08,100.0,100.0,18.06657521219136
2026-04-04 09:37:23,100.0,100.0,18.074140822723766
2026-04-04 09:37:38,100.0,100.0,18.081706433256173
2026-04-04 09:37:53,100.0,100.0,18.089272043788583
2026-04-04 09:38:08,100.0,100.0,18.09683765432099
2026-04-04 09:38:23,100.0,100.0,18.104403264853396
2026-04-04 09:38:38,100.0,100.0,18.111968875385806
2026-04-04 09:38:53,100.0,100.0,18.119534485918212
2026-04-04 09:39:08,100.0,100.0,18.12710009645062
2026-04-04 09:39:23,87.5,100.0,18.134665706983025
2026-04-04 09:39:38,87.5,100.0,18.142231317515435
2026-04-04 09:39:53,87.5,100.0,18.14979692804784
2026-04-04 09:40:08,87.5,100.0,18.157362538580248
2026-04-04 09:40:23,87.5,100.0,18.164928149112654
2026-04-04 09:40:38,87.5,100.0,18.172493759645064
2026-04-04 09:40:53,87.5,100.0,18.18005937017747
2026-04-04 09:41:08,87.5,100.0,18.187624980709877
2026-04-04 09:41:23,100.0,100.0,18.195190591242287
2026-04-04 09:41:38,87.5,100.0,18.202756201774694
2026-04-04 09:41:53,87.5,100.0,18.2103218123071
2026-04-04 09:42:08,87.5,100.0,18.217887422839507
2026-04-04 09:42:23,87.5,100.0,18.225453033371913
2026-04-04 09:42:38,87.5,100.0,18.233018643904323
2026-04-04 09:42:53,87.5,100.0,18.24058425443673
2026-04-04 09:43:08,100.0,100.0,18.248149864969136
2026-04-04 09:43:23,100.0,100.0,18.255715475501546
2026-04-04 09:43:38,100.0,100.0,18.263281086033953
2026-04-04 09:43:53,100.0,100.0,18.27084669656636
2026-04-04 09:44:08,100.0,100.0,18.278412307098765
2026-04-04 09:44:23,100.0,100.0,18.285977917631175
2026-04-04 09:44:38,100.0,100.0,18.293543528163582
2026-04-04 09:44:53,100.0,100.0,18.30110913869599
2026-04-04 09:45:08,100.0,100.0,18.308674749228395
2026-04-04 09:45:23,100.0,100.0,18.316240359760805
2026-04-04 09:45:38,100.0,100.0,18.32380597029321
2026-04-04 09:45:53,100.0,100.0,18.331371580825618
2026-04-04 09:46:08,100.0,100.0,18.338937191358028
2026-04-04 09:46:23,100.0,100.0,18.346502801890434
2026-04-04 09:46:38,100.0,100.0,18.35406841242284
2026-04-04 09:46:53,100.0,100.0,18.361634022955247
2026-04-04 09:47:08,100.0,100.0,18.369199633487657
2026-04-04 09:47:23,100.0,100.0,18.376765244020064
2026-04-04 09:47:38,100.0,100.0,18.38433085455247
2026-04-04 09:47:53,100.0,100.0,18.391896465084876
2026-04-04 09:48:08,100.0,100.0,18.399462075617286
2026-04-04 09:48:23,100.0,100.0,18.407027686149693
2026-04-04 09:48:38,100.0,100.0,18.4145932966821
2026-04-04 09:48:53,100.0,100.0,18.42215890721451
2026-04-04 09:49:08,100.0,100.0,18.429724517746916
2026-04-04 09:49:23,100.0,100.0,18.437290128279322
2026-04-04 09:49:38,100.0,100.0,18.44485573881173
2026-04-04 09:49:53,100.0,100.0,18.45242134934414
2026-04-04 09:50:08,100.0,100.0,18.459986959876545
2026-04-04 09:50:23,100.0,100.0,18.46755257040895
2026-04-04 09:50:38,100.0,100.0,18.475118180941358
2026-04-04 09:50:53,100.0,100.0,18.482683791473768
2026-04-04 09:51:08,100.0,100.0,18.490249402006175
2026-04-04 09:51:23,100.0,100.0,18.49781501253858
2026-04-04 09:51:38,100.0,100.0,18.50538062307099
2026-04-04 09:51:53,100.0,100.0,18.512946233603397
2026-04-04 09:52:08,100.0,100.0,18.520511844135804
2026-04-04 09:52:23,100.0,100.0,18.52807745466821
2026-04-04 09:52:38,100.0,100.0,18.53564306520062
2026-04-04 09:52:53,100.0,100.0,18.543208675733027
2026-04-04 09:53:08,100.0,100.0,18.550774286265433
2026-04-04 09:53:23,100.0,100.0,18.55833989679784
2026-04-04 09:53:38,100.0,100.0,18.56590550733025
2026-04-04 09:53:53,100.0,100.0,18.573471117862656
2026-04-04 09:54:08,100.0,100.0,18.581036728395063
2026-04-04 09:54:23,100.0,100.0,18.588602338927473
2026-04-04 09:54:38,100.0,100.0,18.59616794945988
2026-04-04 09:54:53,100.0,100.0,18.603733559992286
2026-04-04 09:55:08,100.0,100.0,18.611299170524692
2026-04-04 09:55:23,100.0,100.0,18.618864781057102
2026-04-04 09:55:38,100.0,100.0,18.62643039158951
2026-04-04 09:55:53,100.0,100.0,18.633996002121915
2026-04-04 09:56:08,100.0,100.0,18.64156161265432
2026-04-04 09:56:23,100.0,100.0,18.64912722318673
2026-04-04 09:56:38,100.0,100.0,18.656692833719138
2026-04-04 09:56:53,100.0,100.0,18.664258444251544
2026-04-04 09:57:08,100.0,100.0,18.671824054783954
2026-04-04 09:57:23,100.0,100.0,18.67938966531636
2026-04-04 09:57:38,100.0,100.0,18.686955275848767
2026-04-04 09:57:53,100.0,100.0,18.694520886381174
2026-04-04 09:58:08,100.0,100.0,18.70208649691358
2026-04-04 09:58:23,100.0,100.0,18.70965210744599
2026-04-04 09:58:38,100.0,100.0,18.717217717978397
2026-04-04 09:58:53,100.0,100.0,18.724783328510803
2026-04-04 09:59:08,100.0,100.0,18.732348939043213
2026-04-04 09:59:23,100.0,100.0,18.73991454957562
2026-04-04 09:59:38,100.0,100.0,18.747480160108026
2026-04-04 09:59:53,100.0,100.0,18.755045770640432
2026-04-04 10:00:08,100.0,100.0,18.755892206790126
2026-04-04 10:00:23,100.0,100.0,18.75085936535494
2026-04-04 10:00:38,100.0,100.0,18.745826523919753
2026-04-04 10:00:53,100.0,100.0,18.74079368248457
2026-04-04 10:01:08,100.0,100.0,18.735760841049384
2026-04-04 10:01:23,100.0,100.0,18.7307279996142
2026-04-04 10:01:38,100.0,100.0,18.725695158179015
2026-04-04 10:01:53,100.0,100.0,18.72066231674383
2026-04-04 10:02:08,100.0,100.0,18.715629475308642
2026-04-04 10:02:23,100.0,100.0,18.710596633873458
2026-04-04 10:02:38,100.0,100.0,18.705563792438273
2026-04-04 10:02:53,100.0,100.0,18.70053095100309
2026-04-04 10:03:08,100.0,100.0,18.695498109567904
2026-04-04 10:03:23,100.0,100.0,18.69046526813272
2026-04-04 10:03:38,100.0,100.0,18.68543242669753
2026-04-04 10:03:53,100.0,100.0,18.680399585262347
2026-04-04 10:04:08,100.0,100.0,18.675366743827162
2026-04-04 10:04:23,100.0,100.0,18.670333902391977
2026-04-04 10:04:38,100.0,100.0,18.665301060956793
2026-04-04 10:04:53,100.0,100.0,18.660268219521605
2026-04-04 10:05:08,100.0,100.0,18.65523537808642
2026-04-04 10:05:23,100.0,100.0,18.650202536651236
2026-04-04 10:05:38,100.0,100.0,18.64516969521605
2026-04-04 10:05:53,100.0,100.0,18.640136853780866
2026-04-04 10:06:08,100.0,100.0,18.635104012345682
2026-04-04 10:06:23,100.0,100.0,18.630071170910494
2026-04-04 10:06:38,100.0,100.0,18.62503832947531
2026-04-04 10:06:53,100.0,100.0,18.620005488040125
2026-04-04 10:07:08,100.0,100.0,18.61497264660494
2026-04-04 10:07:23,100.0,100.0,18.609939805169756
2026-04-04 10:07:38,100.0,100.0,18.60490696373457
2026-04-04 10:07:53,100.0,100.0,18.599874122299383
2026-04-04 10:08:08,100.0,100.0,18.5948412808642
2026-04-04 10:08:23,100.0,100.0,18.589808439429014
2026-04-04 10:08:38,100.0,100.0,18.58477559799383
2026-04-04 10:08:53,100.0,100.0,18.579742756558645
2026-04-04 10:09:08,100.0,100.0,18.574709915123456
2026-04-04 10:09:23,100.0,100.0,18.569677073688272
2026-04-04 10:09:38,100.0,100.0,18.564644232253087
2026-04-04 10:09:53,100.0,100.0,18.559611390817903
2026-04-04 10:10:08,100.0,100.0,18.554578549382718
2026-04-04 10:10:23,100.0,100.0,18.549545707947534
2026-04-04 10:10:38,100.0,100.0,18.544512866512346
2026-04-04 10:10:53,100.0,100.0,18.53948002507716
2026-04-04 10:11:08,100.0,100.0,18.534447183641976
2026-04-04 10:11:23,100.0,100.0,18.529414342206792
2026-04-04 10:11:38,100.0,100.0,18.524381500771607
2026-04-04 10:11:53,100.0,100.0,18.519348659336423
2026-04-04 10:12:08,100.0,100.0,18.514315817901235
2026-04-04 10:12:23,100.0,100.0,18.50928297646605
2026-04-04 10:12:38,100.0,100.0,18.504250135030865
2026-04-04 10:12:53,100.0,100.0,18.49921729359568
2026-04-04 10:13:08,100.0,100.0,18.494184452160496
2026-04-04 10:13:23,100.0,100.0,18.489151610725308
2026-04-04 10:13:38,100.0,100.0,18.484118769290124
2026-04-04 10:13:53,100.0,100.0,18.47908592785494
2026-04-04 10:14:08,100.0,100.0,18.474053086419755
2026-04-04 10:14:23,100.0,100.0,18.46902024498457
2026-04-04 10:14:38,100.0,100.0,18.463987403549385
2026-04-04 10:14:53,100.0,100.0,18.458954562114197
2026-04-04 10:15:08,100.0,100.0,18.453921720679013
2026-04-04 10:15:23,100.0,100.0,18.448888879243828
2026-04-04 10:15:38,100.0,100.0,18.443856037808644
2026-04-04 10:15:53,100.0,100.0,18.43882319637346
2026-04-04 10:16:08,100.0,100.0,18.433790354938274
2026-04-04 10:16:23,100.0,100.0,18.428757513503086
2026-04-04 10:16:38,100.0,100.0,18.4237246720679
2026-04-04 10:16:53,100.0,100.0,18.418691830632717
2026-04-04 10:17:08,100.0,100.0,18.413658989197533
2026-04-04 10:17:23,100.0,100.0,18.408626147762348
2026-04-04 10:17:38,100.0,100.0,18.40359330632716
2026-04-04 10:17:53,100.0,100.0,18.398560464891975
2026-04-04 10:18:08,100.0,100.0,18.39352762345679
2026-04-04 10:18:23,100.0,100.0,18.388494782021606
2026-04-04 10:18:38,100.0,100.0,18.38346194058642
2026-04-04 10:18:53,100.0,100.0,18.378429099151237
2026-04-04 10:19:08,100.0,100.0,18.37339625771605
2026-04-04 10:19:23,100.0,100.0,18.368363416280864
2026-04-04 10:19:38,100.0,100.0,18.36333057484568
2026-04-04 10:19:53,100.0,100.0,18.358297733410495
2026-04-04 10:20:08,100.0,100.0,18.35326489197531
2026-04-04 10:20:23,100.0,100.0,18.348232050540126
2026-04-04 10:20:38,100.0,100.0,18.343199209104938
2026-04-04 10:20:53,100.0,100.0,18.338166367669753
2026-04-04 10:21:08,100.0,100.0,18.33313352623457
2026-04-04 10:21:23,100.0,100.0,18.328100684799384
2026-04-04 10:21:38,100.0,100.0,18.3230678433642
2026-04-04 10:21:53,100.0,100.0,18.31803500192901
2026-04-04 10:22:08,100.0,100.0,18.313002160493827
2026-04-04 10:22:23,100.0,100.0,18.307969319058643
2026-04-04 10:22:38,100.0,100.0,18.302936477623458
2026-04-04 10:22:53,100.0,100.0,18.297903636188273
2026-04-04 10:23:08,100.0,100.0,18.29287079475309
2026-04-04 10:23:23,100.0,100.0,18.2878379533179
2026-04-04 10:23:38,100.0,100.0,18.282805111882716
2026-04-04 10:23:53,100.0,100.0,18.27777227044753
2026-04-04 10:24:08,100.0,100.0,18.272739429012347
2026-04-04 10:24:23,100.0,100.0,18.267706587577162
2026-04-04 10:24:38,100.0,100.0,18.262673746141974
2026-04-04 10:24:53,100.0,100.0,18.25764090470679
2026-04-04 10:25:08,100.0,100.0,18.252608063271605
2026-04-04 10:25:23,100.0,100.0,18.24757522183642
2026-04-04 10:25:38,100.0,100.0,18.242542380401236
2026-04-04 10:25:53,100.0,100.0,18.23750953896605
2026-04-04 10:26:08,100.0,100.0,18.232476697530863
2026-04-04 10:26:23,100.0,100.0,18.22744385609568
2026-04-04 10:26:38,100.0,100.0,18.222411014660494
2026-04-04 10:26:53,100.0,100.0,18.21737817322531
2026-04-04 10:27:08,100.0,100.0,18.212345331790125
2026-04-04 10:27:23,100.0,100.0,18.20731249035494
2026-04-04 10:27:38,100.0,100.0,18.202279648919752
2026-04-04 10:27:53,100.0,100.0,18.197246807484568
2026-04-04 10:28:08,100.0,100.0,18.192213966049383
2026-04-04 10:28:23,100.0,100.0,18.1871811246142
2026-04-04 10:28:38,100.0,100.0,18.182148283179014
2026-04-04 10:28:53,100.0,100.0,18.177115441743826
2026-04-04 10:29:08,100.0,100.0,18.17208260030864
2026-04-04 10:29:23,100.0,100.0,18.167049758873457
2026-04-04 10:29:38,100.0,100.0,18.162016917438272
2026-04-04 10:29:53,100.0,100.0,18.156984076003088
2026-04-04 10:30:08,100.0,100.0,18.151951234567903
2026-04-04 10:30:23,100.0,100.0,18.146918393132715
2026-04-04 10:30:38,100.0,100.0,18.14188555169753
2026-04-04 10:30:53,100.0,100.0,18.136852710262346
2026-04-04 10:31:08,100.0,100.0,18.13181986882716
2026-04-04 10:31:23,100.0,100.0,18.126787027391977
2026-04-04 10:31:38,100.0,100.0,18.121754185956792
2026-04-04 10:31:53,100.0,100.0,18.116721344521604
2026-04-04 10:32:08,100.0,100.0,18.11168850308642
2026-04-04 10:32:23,100.0,100.0,18.106655661651235
2026-04-04 10:32:38,100.0,100.0,18.10162282021605
2026-04-04 10:32:53,100.0,100.0,18.096589978780866
2026-04-04 10:33:08,100.0,100.0,18.091557137345678
2026-04-04 10:33:23,100.0,100.0,18.086524295910493
2026-04-04 10:33:38,100.0,100.0,18.08149145447531
2026-04-04 10:33:53,100.0,100.0,18.076458613040124
2026-04-04 10:34:08,100.0,100.0,18.07142577160494
2026-04-04 10:34:23,100.0,100.0,18.066392930169755
2026-04-04 10:34:38,100.0,100.0,18.061360088734567
2026-04-04 10:34:53,100.0,100.0,18.056327247299382
2026-04-04 10:35:08,100.0,100.0,18.051294405864198
2026-04-04 10:35:23,100.0,100.0,18.046261564429013
2026-04-04 10:35:38,100.0,100.0,18.04122872299383
2026-04-04 10:35:53,100.0,100.0,18.036195881558644
2026-04-04 10:36:08,100.0,100.0,18.031163040123456
2026-04-04 10:36:23,100.0,100.0,18.02613019868827
2026-04-04 10:36:38,100.0,100.0,18.021097357253087
2026-04-04 10:36:53,100.0,100.0,18.016064515817902
2026-04-04 10:37:08,100.0,100.0,18.011031674382718
2026-04-04 10:37:23,100.0,100.0,18.00599883294753
2026-04-04 10:37:38,100.0,100.0,18.000965991512345
2026-04-04 10:37:53,100.0,100.0,17.99593315007716
2026-04-04 10:38:08,100.0,100.0,17.990900308641976
2026-04-04 10:38:23,100.0,100.0,17.98586746720679
2026-04-04 10:38:38,100.0,100.0,17.980834625771607
2026-04-04 10:38:53,100.0,100.0,17.97580178433642
2026-04-04 10:39:08,100.0,100.0,17.970768942901234
2026-04-04 10:39:23,100.0,100.0,17.96573610146605
2026-04-04 10:39:38,100.0,100.0,17.960703260030865
2026-04-04 10:39:53,100.0,100.0,17.95567041859568
2026-04-04 10:40:08,100.0,100.0,17.950637577160492
2026-04-04 10:40:23,100.0,100.0,17.945604735725308
2026-04-04 10:40:38,100.0,100.0,17.940571894290123
2026-04-04 10:40:53,100.0,100.0,17.93553905285494
2026-04-04 10:41:08,100.0,100.0,17.930506211419754
2026-04-04 10:41:23,100.0,100.0,17.92547336998457
2026-04-04 10:41:38,100.0,100.0,17.92044052854938
2026-04-04 10:41:53,100.0,100.0,17.915407687114197
2026-04-04 10:42:08,100.0,100.0,17.910374845679012
2026-04-04 10:42:23,100.0,100.0,17.905342004243828
2026-04-04 10:42:38,100.0,100.0,17.900309162808643
2026-04-04 10:42:53,100.0,100.0,17.89527632137346
2026-04-04 10:43:08,100.0,100.0,17.89024347993827
2026-04-04 10:43:23,100.0,100.0,17.885210638503086
2026-04-04 10:43:38,100.0,100.0,17.8801777970679
2026-04-04 10:43:53,100.0,100.0,17.875144955632717
2026-04-04 10:44:08,100.0,100.0,17.870112114197532
2026-04-04 10:44:23,100.0,100.0,17.865079272762344
2026-04-04 10:44:38,100.0,100.0,17.86004643132716
2026-04-04 10:44:53,100.0,100.0,17.855013589891975
2026-04-04 10:45:08,100.0,100.0,17.84998074845679
2026-04-04 10:45:23,100.0,100.0,17.844947907021606
2026-04-04 10:45:38,100.0,100.0,17.83991506558642
2026-04-04 10:45:53,100.0,100.0,17.834882224151233
2026-04-04 10:46:08,100.0,100.0,17.82984938271605
2026-04-04 10:46:23,100.0,100.0,17.824816541280864
2026-04-04 10:46:38,100.0,100.0,17.81978369984568
2026-04-04 10:46:53,100.0,100.0,17.814750858410495
2026-04-04 10:47:08,100.0,100.0,17.80971801697531
2026-04-04 10:47:23,100.0,100.0,17.804685175540122
2026-04-04 10:47:38,100.0,100.0,17.799652334104938
2026-04-04 10:47:53,100.0,100.0,17.794619492669753
2026-04-04 10:48:08,100.0,100.0,17.78958665123457
2026-04-04 10:48:23,100.0,100.0,17.784553809799384
2026-04-04 10:48:38,100.0,100.0,17.779520968364196
2026-04-04 10:48:53,100.0,100.0,17.77448812692901
2026-04-04 10:49:08,100.0,100.0,17.769455285493827
2026-04-04 10:49:23,100.0,100.0,17.764422444058642
2026-04-04 10:49:38,100.0,100.0,17.759389602623457
2026-04-04 10:49:53,100.0,100.0,17.754356761188273
2026-04-04 10:50:08,100.0,100.0,17.749323919753085
2026-04-04 10:50:23,100.0,100.0,17.7442910783179
2026-04-04 10:50:38,100.0,100.0,17.739258236882716
2026-04-04 10:50:53,100.0,100.0,17.73422539544753
2026-04-04 10:51:08,100.0,100.0,17.729192554012347
2026-04-04 10:51:23,100.0,100.0,17.724159712577162
2026-04-04 10:51:38,100.0,100.0,17.719126871141974
2026-04-04 10:51:53,100.0,100.0,17.71409402970679
2026-04-04 10:52:08,100.0,100.0,17.709061188271605
2026-04-04 10:52:23,100.0,100.0,17.70402834683642
2026-04-04 10:52:38,100.0,100.0,17.698995505401236
2026-04-04 10:52:53,100.0,100.0,17.693962663966047
2026-04-04 10:53:08,100.0,100.0,17.688929822530863
2026-04-04 10:53:23,100.0,100.0,17.68389698109568
2026-04-04 10:53:38,100.0,100.0,17.678864139660494
2026-04-04 10:53:53,100.0,100.0,17.67383129822531
2026-04-04 10:54:08,100.0,100.0,17.668798456790125
2026-04-04 10:54:23,100.0,100.0,17.663765615354937
2026-04-04 10:54:38,100.0,100.0,17.658732773919752
2026-04-04 10:54:53,100.0,100.0,17.653699932484567
2026-04-04 10:55:08,100.0,100.0,17.648667091049383
2026-04-04 10:55:23,100.0,100.0,17.6436342496142
2026-04-04 10:55:38,100.0,100.0,17.638601408179014
2026-04-04 10:55:53,100.0,100.0,17.633568566743826
2026-04-04 10:56:08,100.0,100.0,17.62853572530864
2026-04-04 10:56:23,100.0,100.0,17.623502883873456
2026-04-04 10:56:38,100.0,100.0,17.618470042438272
2026-04-04 10:56:53,100.0,100.0,17.613437201003087
2026-04-04 10:57:08,100.0,100.0,17.6084043595679
2026-04-04 10:57:23,100.0,100.0,17.603371518132715
2026-04-04 10:57:38,100.0,100.0,17.59833867669753
2026-04-04 10:57:53,100.0,100.0,17.593305835262345
2026-04-04 10:58:08,100.0,100.0,17.58827299382716
2026-04-04 10:58:23,100.0,100.0,17.583240152391976
2026-04-04 10:58:38,100.0,100.0,17.57820731095679
2026-04-04 10:58:53,100.0,100.0,17.573174469521604
2026-04-04 10:59:08,100.0,100.0,17.56814162808642
2026-04-04 10:59:23,100.0,100.0,17.563108786651235
2026-04-04 10:59:38,100.0,100.0,17.55807594521605
2026-04-04 10:59:53,100.0,100.0,17.553043103780865
2026-04-04 11:00:08,100.0,100.0,17.548010262345677
2026-04-04 11:00:23,100.0,100.0,17.542977420910493
2026-04-04 11:00:38,100.0,100.0,17.537944579475308
2026-04-04 11:00:53,100.0,100.0,17.532911738040124
2026-04-04 11:01:08,100.0,100.0,17.52787889660494
2026-04-04 11:01:23,100.0,100.0,17.52284605516975
2026-04-04 11:01:38,87.5,100.0,17.517813213734566
2026-04-04 11:01:53,87.5,100.0,17.512780372299382
2026-04-04 11:02:08,87.5,100.0,17.507747530864197
2026-04-04 11:02:23,87.5,100.0,17.502714689429013
2026-04-04 11:02:38,87.5,100.0,17.497681847993828
2026-04-04 11:02:53,87.5,100.0,17.49264900655864
2026-04-04 11:03:08,87.5,100.0,17.487616165123455
2026-04-04 11:03:23,87.5,100.0,17.48258332368827
2026-04-04 11:03:38,100.0,100.0,17.477550482253086
2026-04-04 11:03:53,87.5,100.0,17.4725176408179
2026-04-04 11:04:08,87.5,100.0,17.467484799382717
2026-04-04 11:04:23,87.5,100.0,17.46245195794753
2026-04-04 11:04:38,87.5,100.0,17.457419116512344
2026-04-04 11:04:53,87.5,100.0,17.45238627507716
2026-04-04 11:05:08,87.5,100.0,17.447353433641975
2026-04-04 11:05:23,87.5,100.0,17.44232059220679
2026-04-04 11:05:38,87.5,100.0,17.437287750771603
2026-04-04 11:05:53,87.5,100.0,17.432254909336418
2026-04-04 11:06:08,87.5,100.0,17.427222067901234
2026-04-04 11:06:23,87.5,100.0,17.42218922646605
2026-04-04 11:06:38,87.5,100.0,17.417156385030864
2026-04-04 11:06:53,87.5,100.0,17.41212354359568
2026-04-04 11:07:08,87.5,100.0,17.40709070216049
2026-04-04 11:07:23,87.5,100.0,17.402057860725307
2026-04-04 11:07:38,87.5,100.0,17.397025019290123
2026-04-04 11:07:53,87.5,100.0,17.391992177854938
2026-04-04 11:08:08,87.5,100.0,17.386959336419753
2026-04-04 11:08:23,87.5,100.0,17.38192649498457
2026-04-04 11:08:38,87.5,100.0,17.37689365354938
2026-04-04 11:08:53,87.5,100.0,17.371860812114196
2026-04-04 11:09:08,87.5,100.0,17.36682797067901
2026-04-04 11:09:23,87.5,100.0,17.361795129243827
2026-04-04 11:09:38,87.5,100.0,17.356762287808642
2026-04-04 11:09:53,87.5,100.0,17.351729446373454
2026-04-04 11:10:08,87.5,100.0,17.34669660493827
2026-04-04 11:10:23,87.5,100.0,17.341663763503085
2026-04-04 11:10:38,87.5,100.0,17.3366309220679
2026-04-04 11:10:53,87.5,100.0,17.331598080632716
2026-04-04 11:11:08,87.5,100.0,17.32656523919753
2026-04-04 11:11:23,87.5,100.0,17.321532397762343
2026-04-04 11:11:38,87.5,100.0,17.31649955632716
2026-04-04 11:11:53,87.5,100.0,17.311466714891974
2026-04-04 11:12:08,87.5,100.0,17.30643387345679
2026-04-04 11:12:23,87.5,100.0,17.301401032021605
2026-04-04 11:12:38,87.5,100.0,17.29636819058642
2026-04-04 11:12:53,87.5,100.0,17.291335349151232
2026-04-04 11:13:08,87.5,100.0,17.286302507716048
2026-04-04 11:13:23,87.5,100.0,17.281269666280863
2026-04-04 11:13:38,87.5,100.0,17.27623682484568
2026-04-04 11:13:53,87.5,100.0,17.271203983410494
2026-04-04 11:14:08,87.5,100.0,17.266171141975306
2026-04-04 11:14:23,87.5,100.0,17.26113830054012
2026-04-04 11:14:38,87.5,100.0,17.256105459104937
2026-04-04 11:14:53,87.5,100.0,17.251072617669752
2026-04-04 11:15:08,87.5,100.0,17.246039776234568
2026-04-04 11:15:23,87.5,100.0,17.241006934799383
2026-04-04 11:15:38,87.5,100.0,17.235974093364195
2026-04-04 11:15:53,87.5,100.0,17.23094125192901
2026-04-04 11:16:08,87.5,100.0,17.225908410493826
2026-04-04 11:16:23,87.5,100.0,17.22087556905864
2026-04-04 11:16:38,87.5,100.0,17.215842727623457
2026-04-04 11:16:53,87.5,100.0,17.210809886188272
2026-04-04 11:17:08,87.5,100.0,17.205777044753084
2026-04-04 11:17:23,87.5,100.0,17.2007442033179
2026-04-04 11:17:38,87.5,100.0,17.195711361882715
2026-04-04 11:17:53,87.5,100.0,17.19067852044753
2026-04-04 11:18:08,87.5,100.0,17.185645679012346
2026-04-04 11:18:23,87.5,100.0,17.180612837577158
2026-04-04 11:18:38,87.5,100.0,17.175579996141973
2026-04-04 11:18:53,87.5,100.0,17.17054715470679
2026-04-04 11:19:08,87.5,100.0,17.165514313271604
2026-04-04 11:19:23,87.5,100.0,17.16048147183642
2026-04-04 11:19:38,87.5,100.0,17.15544863040123
2026-04-04 11:19:53,87.5,100.0,17.150415788966047
2026-04-04 11:20:08,87.5,100.0,17.145382947530862
2026-04-04 11:20:23,87.5,100.0,17.140350106095678
2026-04-04 11:20:38,87.5,100.0,17.135317264660493
2026-04-04 11:20:53,87.5,100.0,17.13028442322531
2026-04-04 11:21:08,87.5,100.0,17.12525158179012
2026-04-04 11:21:23,87.5,100.0,17.120218740354936
2026-04-04 11:21:38,87.5,100.0,17.11518589891975
2026-04-04 11:21:53,87.5,100.0,17.110153057484567
2026-04-04 11:22:08,87.5,100.0,17.105120216049382
2026-04-04 11:22:23,87.5,100.0,17.100087374614198
2026-04-04 11:22:38,87.5,100.0,17.09505453317901
2026-04-04 11:22:53,87.5,100.0,17.090021691743825
2026-04-04 11:23:08,87.5,100.0,17.08498885030864
2026-04-04 11:23:23,87.5,100.0,17.079956008873456
2026-04-04 11:23:38,87.5,100.0,17.07492316743827
2026-04-04 11:23:53,87.5,100.0,17.069890326003083
2026-04-04 11:24:08,100.0,100.0,17.0648574845679
2026-04-04 11:24:23,100.0,100.0,17.059824643132714
2026-04-04 11:24:38,100.0,100.0,17.05479180169753
2026-04-04 11:24:53,100.0,100.0,17.049758960262345
2026-04-04 11:25:08,100.0,100.0,17.04472611882716
2026-04-04 11:25:23,100.0,100.0,17.039693277391972
2026-04-04 11:25:38,100.0,100.0,17.034660435956788
2026-04-04 11:25:53,100.0,100.0,17.029627594521603
2026-04-04 11:26:08,100.0,100.0,17.02459475308642
2026-04-04 11:26:23,100.0,100.0,17.019561911651234
2026-04-04 11:26:38,100.0,100.0,17.01452907021605
2026-04-04 11:26:53,100.0,100.0,17.00949622878086
2026-04-04 11:27:08,100.0,100.0,17.004463387345677
2026-04-04 11:27:23,100.0,100.0,16.999430545910492
2026-04-04 11:27:38,100.0,100.0,16.994397704475308
2026-04-04 11:27:53,100.0,100.0,16.989364863040123
2026-04-04 11:28:08,100.0,100.0,16.984332021604935
2026-04-04 11:28:23,100.0,100.0,16.97929918016975
2026-04-04 11:28:38,100.0,100.0,16.974266338734566
2026-04-04 11:28:53,100.0,100.0,16.96923349729938
2026-04-04 11:29:08,100.0,100.0,16.964200655864197
2026-04-04 11:29:23,100.0,100.0,16.959167814429012
2026-04-04 11:29:38,100.0,100.0,16.954134972993824
2026-04-04 11:29:53,100.0,100.0,16.94910213155864
2026-04-04 11:30:08,100.0,100.0,16.944069290123455
2026-04-04 11:30:23,100.0,100.0,16.93903644868827
2026-04-04 11:30:38,100.0,100.0,16.934003607253086
2026-04-04 11:30:53,100.0,100.0,16.9289707658179
2026-04-04 11:31:08,100.0,100.0,16.923937924382713
2026-04-04 11:31:23,100.0,100.0,16.91890508294753
2026-04-04 11:31:38,100.0,100.0,16.913872241512344
2026-04-04 11:31:53,100.0,100.0,16.90883940007716
2026-04-04 11:32:08,100.0,100.0,16.903806558641975
2026-04-04 11:32:23,100.0,100.0,16.898773717206787
2026-04-04 11:32:38,100.0,100.0,16.893740875771602
2026-04-04 11:32:53,100.0,100.0,16.888708034336418
2026-04-04 11:33:08,100.0,100.0,16.883675192901233
2026-04-04 11:33:23,100.0,100.0,16.87864235146605
2026-04-04 11:33:38,100.0,100.0,16.873609510030864
2026-04-04 11:33:53,100.0,100.0,16.868576668595676
2026-04-04 11:34:08,100.0,100.0,16.86354382716049
2026-04-04 11:34:23,100.0,100.0,16.858510985725307
2026-04-04 11:34:38,100.0,100.0,16.853478144290122
2026-04-04 11:34:53,100.0,100.0,16.848445302854937
2026-04-04 11:35:08,100.0,100.0,16.843412461419753
2026-04-04 11:35:23,100.0,100.0,16.838379619984565
2026-04-04 11:35:38,100.0,100.0,16.83334677854938
2026-04-04 11:35:53,100.0,100.0,16.828313937114196
2026-04-04 11:36:08,100.0,100.0,16.82328109567901
2026-04-04 11:36:23,100.0,100.0,16.818248254243827
2026-04-04 11:36:38,100.0,100.0,16.81321541280864
2026-04-04 11:36:53,100.0,100.0,16.808182571373454
2026-04-04 11:37:08,100.0,100.0,16.80314972993827
2026-04-04 11:37:23,100.0,100.0,16.798116888503085
2026-04-04 11:37:38,100.0,100.0,16.7930840470679
2026-04-04 11:37:53,100.0,100.0,16.788051205632716
2026-04-04 11:38:08,100.0,100.0,16.783018364197527
2026-04-04 11:38:23,100.0,100.0,16.777985522762343
2026-04-04 11:38:38,100.0,100.0,16.77295268132716
2026-04-04 11:38:53,100.0,100.0,16.767919839891974
2026-04-04 11:39:08,100.0,100.0,16.76288699845679
2026-04-04 11:39:23,100.0,100.0,16.757854157021605
2026-04-04 11:39:38,100.0,100.0,16.752821315586417
2026-04-04 11:39:53,100.0,100.0,16.747788474151232
2026-04-04 11:40:08,100.0,100.0,16.742755632716047
2026-04-04 11:40:23,100.0,100.0,16.737722791280863
2026-04-04 11:40:38,100.0,100.0,16.73268994984568
2026-04-04 11:40:53,100.0,100.0,16.72765710841049
2026-04-04 11:41:08,100.0,100.0,16.722624266975306
2026-04-04 11:41:23,100.0,100.0,16.71759142554012
2026-04-04 11:41:38,100.0,100.0,16.712558584104936
2026-04-04 11:41:53,100.0,100.0,16.707525742669752
2026-04-04 11:42:08,100.0,100.0,16.702492901234567
2026-04-04 11:42:23,100.0,100.0,16.69746005979938
2026-04-04 11:42:38,100.0,100.0,16.692427218364195
2026-04-04 11:42:53,100.0,100.0,16.68739437692901
2026-04-04 11:43:08,100.0,100.0,16.682361535493825
2026-04-04 11:43:23,100.0,100.0,16.67732869405864
2026-04-04 11:43:38,100.0,100.0,16.672295852623456
2026-04-04 11:43:53,100.0,100.0,16.66726301118827
2026-04-04 11:44:08,100.0,100.0,16.662230169753084
2026-04-04 11:44:23,100.0,100.0,16.6571973283179
2026-04-04 11:44:38,100.0,100.0,16.652164486882715
2026-04-04 11:44:53,100.0,100.0,16.64713164544753
2026-04-04 11:45:08,100.0,100.0,16.642098804012342
2026-04-04 11:45:23,100.0,100.0,16.637065962577157
2026-04-04 11:45:38,100.0,100.0,16.632033121141973
2026-04-04 11:45:53,100.0,100.0,16.627000279706788
2026-04-04 11:46:08,100.0,100.0,16.621967438271604
2026-04-04 11:46:23,100.0,100.0,16.61693459683642
2026-04-04 11:46:38,100.0,100.0,16.61190175540123
2026-04-04 11:46:53,100.0,100.0,16.606868913966046
2026-04-04 11:47:08,100.0,100.0,16.601836072530862
2026-04-04 11:47:23,87.5,100.0,16.596803231095677
2026-04-04 11:47:38,87.5,100.0,16.591770389660493
2026-04-04 11:47:53,100.0,100.0,16.586737548225308
2026-04-04 11:48:08,87.5,100.0,16.58170470679012
2026-04-04 11:48:23,100.0,100.0,16.576671865354935
2026-04-04 11:48:38,100.0,100.0,16.57163902391975
2026-04-04 11:48:53,100.0,100.0,16.566606182484566
2026-04-04 11:49:08,100.0,100.0,16.56157334104938
2026-04-04 11:49:23,100.0,100.0,16.556540499614194
2026-04-04 11:49:38,100.0,100.0,16.55150765817901
2026-04-04 11:49:53,100.0,100.0,16.546474816743824
2026-04-04 11:50:08,100.0,100.0,16.54144197530864
2026-04-04 11:50:23,100.0,100.0,16.536409133873455
2026-04-04 11:50:38,87.5,100.0,16.53137629243827
2026-04-04 11:50:53,87.5,100.0,16.526343451003083
2026-04-04 11:51:08,87.5,100.0,16.521310609567898
2026-04-04 11:51:23,87.5,100.0,16.516277768132714
2026-04-04 11:51:38,87.5,100.0,16.51124492669753
2026-04-04 11:51:53,87.5,100.0,16.506212085262344
2026-04-04 11:52:08,87.5,100.0,16.50117924382716
2026-04-04 11:52:23,87.5,100.0,16.49614640239197
2026-04-04 11:52:38,87.5,100.0,16.491113560956787
2026-04-04 11:52:53,87.5,100.0,16.486080719521603
2026-04-04 11:53:08,87.5,100.0,16.481047878086418
2026-04-04 11:53:23,87.5,100.0,16.476015036651233
2026-04-04 11:53:38,87.5,100.0,16.470982195216045
2026-04-04 11:53:53,87.5,100.0,16.46594935378086
2026-04-04 11:54:08,87.5,100.0,16.460916512345676
2026-04-04 11:54:23,87.5,100.0,16.45588367091049
2026-04-04 11:54:38,87.5,100.0,16.450850829475307
2026-04-04 11:54:53,87.5,100.0,16.44581798804012
2026-04-04 11:55:08,87.5,100.0,16.440785146604934
2026-04-04 11:55:23,87.5,100.0,16.43575230516975
2026-04-04 11:55:38,87.5,100.0,16.430719463734565
2026-04-04 11:55:53,87.5,100.0,16.42568662229938
2026-04-04 11:56:08,87.5,100.0,16.420653780864196
2026-04-04 11:56:23,87.5,100.0,16.41562093942901
2026-04-04 11:56:38,87.5,100.0,16.410588097993823
2026-04-04 11:56:53,87.5,100.0,16.40555525655864
2026-04-04 11:57:08,87.5,100.0,16.400522415123454
2026-04-04 11:57:23,87.5,100.0,16.39548957368827
2026-04-04 11:57:38,87.5,100.0,16.390456732253085
2026-04-04 11:57:53,87.5,100.0,16.385423890817897
2026-04-04 11:58:08,87.5,100.0,16.380391049382713
2026-04-04 11:58:23,87.5,100.0,16.375358207947528
2026-04-04 11:58:38,87.5,100.0,16.370325366512343
2026-04-04 11:58:53,87.5,100.0,16.36529252507716
2026-04-04 11:59:08,87.5,100.0,16.36025968364197
2026-04-04 11:59:23,87.5,100.0,16.355226842206786
2026-04-04 11:59:38,100.0,100.0,16.3501940007716
2026-04-04 11:59:53,100.0,100.0,16.345161159336417
2026-04-04 12:00:08,100.0,100.0,16.349533750538328
2026-04-04 12:00:23,100.0,100.0,16.362136095297693
2026-04-04 12:00:38,100.0,100.0,16.37473844005706
2026-04-04 12:00:53,100.0,100.0,16.387340784816427
2026-04-04 12:01:08,100.0,100.0,16.399943129575796
2026-04-04 12:01:23,100.0,100.0,16.41254547433516
2026-04-04 12:01:38,100.0,100.0,16.425147819094526
2026-04-04 12:01:53,100.0,100.0,16.437750163853895
2026-04-04 12:02:08,100.0,100.0,16.45035250861326
2026-04-04 12:02:23,100.0,100.0,16.46295485337263
2026-04-04 12:02:38,100.0,100.0,16.475557198131995
2026-04-04 12:02:53,100.0,100.0,16.488159542891363
2026-04-04 12:03:08,100.0,100.0,16.50076188765073
2026-04-04 12:03:23,100.0,100.0,16.513364232410098
2026-04-04 12:03:38,100.0,100.0,16.525966577169463
2026-04-04 12:03:53,100.0,100.0,16.53856892192883
2026-04-04 12:04:08,100.0,100.0,16.551171266688197
2026-04-04 12:04:23,100.0,100.0,16.563773611447566
2026-04-04 12:04:38,100.0,100.0,16.57637595620693
2026-04-04 12:04:53,100.0,100.0,16.588978300966296
2026-04-04 12:05:08,100.0,100.0,16.601580645725665
2026-04-04 12:05:23,100.0,100.0,16.61418299048503
2026-04-04 12:05:38,100.0,100.0,16.6267853352444
2026-04-04 12:05:53,100.0,100.0,16.639387680003765
2026-04-04 12:06:08,87.5,100.0,16.651990024763133
2026-04-04 12:06:23,87.5,100.0,16.6645923695225
2026-04-04 12:06:38,100.0,100.0,16.677194714281868
2026-04-04 12:06:53,100.0,100.0,16.689797059041233
2026-04-04 12:07:08,100.0,100.0,16.7023994038006
2026-04-04 12:07:23,100.0,100.0,16.715001748559967
2026-04-04 12:07:38,100.0,100.0,16.727604093319336
2026-04-04 12:07:53,100.0,100.0,16.7402064380787
2026-04-04 12:08:08,100.0,100.0,16.75280878283807
2026-04-04 12:08:23,100.0,100.0,16.765411127597435
2026-04-04 12:08:38,100.0,100.0,16.7780134723568
2026-04-04 12:08:53,100.0,100.0,16.79061581711617
2026-04-04 12:09:08,100.0,100.0,16.803218161875535
2026-04-04 12:09:23,100.0,100.0,16.815820506634903
2026-04-04 12:09:38,100.0,100.0,16.82842285139427
2026-04-04 12:09:53,100.0,100.0,16.841025196153637
2026-04-04 12:10:08,100.0,100.0,16.853627540913003
2026-04-04 12:10:23,100.0,100.0,16.86622988567237
2026-04-04 12:10:38,100.0,100.0,16.878832230431737
2026-04-04 12:10:53,100.0,100.0,16.891434575191106
2026-04-04 12:11:08,100.0,100.0,16.90403691995047
2026-04-04 12:11:23,100.0,100.0,16.91663926470984
2026-04-04 12:11:38,100.0,100.0,16.929241609469205
2026-04-04 12:11:53,100.0,100.0,16.941843954228574
2026-04-04 12:12:08,100.0,100.0,16.95444629898794
2026-04-04 12:12:23,100.0,100.0,16.967048643747304
2026-04-04 12:12:38,100.0,100.0,16.979650988506673
2026-04-04 12:12:53,100.0,100.0,16.99225333326604
2026-04-04 12:13:08,100.0,100.0,17.004855678025407
2026-04-04 12:13:23,100.0,100.0,17.017458022784773
2026-04-04 12:13:38,100.0,100.0,17.03006036754414
2026-04-04 12:13:53,100.0,100.0,17.042662712303507
2026-04-04 12:14:08,100.0,100.0,17.055265057062876
2026-04-04 12:14:23,100.0,100.0,17.06786740182224
2026-04-04 12:14:38,100.0,100.0,17.08046974658161
2026-04-04 12:14:53,100.0,100.0,17.093072091340975
2026-04-04 12:15:08,100.0,100.0,17.105674436100344
2026-04-04 12:15:23,100.0,100.0,17.11827678085971
2026-04-04 12:15:38,100.0,100.0,17.130879125619074
2026-04-04 12:15:53,100.0,100.0,17.143481470378443
2026-04-04 12:16:08,100.0,100.0,17.15608381513781
2026-04-04 12:16:23,100.0,100.0,17.168686159897177
2026-04-04 12:16:38,100.0,100.0,17.181288504656543
2026-04-04 12:16:53,100.0,100.0,17.19389084941591
2026-04-04 12:17:08,100.0,100.0,17.206493194175277
2026-04-04 12:17:23,100.0,100.0,17.219095538934646
2026-04-04 12:17:38,100.0,100.0,17.23169788369401
2026-04-04 12:17:53,100.0,100.0,17.24430022845338
2026-04-04 12:18:08,100.0,100.0,17.256902573212745
2026-04-04 12:18:23,100.0,100.0,17.269504917972114
2026-04-04 12:18:38,100.0,100.0,17.28210726273148
2026-04-04 12:18:53,100.0,100.0,17.294709607490844
2026-04-04 12:19:08,100.0,100.0,17.307311952250213
2026-04-04 12:19:23,100.0,100.0,17.31991429700958
2026-04-04 12:19:38,100.0,100.0,17.332516641768947
2026-04-04 12:19:53,100.0,100.0,17.345118986528313
2026-04-04 12:20:08,100.0,100.0,17.35772133128768
2026-04-04 12:20:23,100.0,100.0,17.370323676047047
2026-04-04 12:20:38,100.0,100.0,17.382926020806416
2026-04-04 12:20:53,100.0,100.0,17.39552836556578
2026-04-04 12:21:08,100.0,100.0,17.40813071032515
2026-04-04 12:21:23,100.0,100.0,17.420733055084515
2026-04-04 12:21:38,100.0,100.0,17.433335399843884
2026-04-04 12:21:53,100.0,100.0,17.44593774460325
2026-04-04 12:22:08,100.0,100.0,17.458540089362618
2026-04-04 12:22:23,100.0,100.0,17.471142434121983
2026-04-04 12:22:38,100.0,100.0,17.483744778881352
2026-04-04 12:22:53,100.0,100.0,17.496347123640717
2026-04-04 12:23:08,100.0,100.0,17.508949468400083
2026-04-04 12:23:23,100.0,100.0,17.52155181315945
2026-04-04 12:23:38,100.0,100.0,17.534154157918817
2026-04-04 12:23:53,100.0,100.0,17.546756502678186
2026-04-04 12:24:08,100.0,100.0,17.55935884743755
2026-04-04 12:24:23,100.0,100.0,17.57196119219692
2026-04-04 12:24:38,100.0,100.0,17.584563536956285
2026-04-04 12:24:53,100.0,100.0,17.597165881715654
2026-04-04 12:25:08,100.0,100.0,17.60976822647502
2026-04-04 12:25:23,100.0,100.0,17.622370571234388
2026-04-04 12:25:38,100.0,100.0,17.634972915993753
2026-04-04 12:25:53,100.0,100.0,17.647575260753122
2026-04-04 12:26:08,100.0,100.0,17.660177605512487
2026-04-04 12:26:23,100.0,100.0,17.672779950271853
2026-04-04 12:26:38,100.0,100.0,17.68538229503122
2026-04-04 12:26:53,100.0,100.0,17.697984639790587
2026-04-04 12:27:08,100.0,100.0,17.710586984549956
2026-04-04 12:27:23,100.0,100.0,17.72318932930932
2026-04-04 12:27:38,100.0,100.0,17.73579167406869
2026-04-04 12:27:53,100.0,100.0,17.748394018828055
2026-04-04 12:28:08,100.0,100.0,17.760996363587424
2026-04-04 12:28:23,100.0,100.0,17.77359870834679
2026-04-04 12:28:38,100.0,100.0,17.786201053106158
2026-04-04 12:28:53,100.0,100.0,17.798803397865523
2026-04-04 12:29:08,100.0,100.0,17.811405742624892
2026-04-04 12:29:23,100.0,100.0,17.824008087384257
2026-04-04 12:29:38,100.0,100.0,17.836610432143623
2026-04-04 12:29:53,100.0,100.0,17.84921277690299
2026-04-04 12:30:08,100.0,100.0,17.861815121662357
2026-04-04 12:30:23,100.0,100.0,17.874417466421725
2026-04-04 12:30:38,100.0,100.0,17.88701981118109
2026-04-04 12:30:53,100.0,100.0,17.89962215594046
2026-04-04 12:31:08,100.0,100.0,17.912224500699825
2026-04-04 12:31:23,100.0,100.0,17.924826845459194
2026-04-04 12:31:38,100.0,100.0,17.93742919021856
2026-04-04 12:31:53,100.0,100.0,17.950031534977928
2026-04-04 12:32:08,100.0,100.0,17.962633879737293
2026-04-04 12:32:23,100.0,100.0,17.975236224496662
2026-04-04 12:32:38,100.0,100.0,17.987838569256027
2026-04-04 12:32:53,100.0,100.0,18.000440914015396
2026-04-04 12:33:08,100.0,100.0,18.01304325877476
2026-04-04 12:33:23,100.0,100.0,18.025645603534127
2026-04-04 12:33:37,100.0,100.0,18.037407791976204
2026-04-04 12:33:53,100.0,100.0,18.05085029305286
2026-04-04 12:34:07,100.0,100.0,18.062612481494938
2026-04-04 12:34:23,100.0,100.0,18.076054982571595
2026-04-04 12:34:38,100.0,100.0,18.088657327330964
2026-04-04 12:34:52,100.0,100.0,18.100419515773037
2026-04-04 12:35:08,100.0,100.0,18.113862016849698
2026-04-04 12:35:23,100.0,100.0,18.126464361609063
2026-04-04 12:35:38,100.0,100.0,18.139066706368432
2026-04-04 12:35:53,100.0,100.0,18.151669051127797
2026-04-04 12:36:07,100.0,100.0,18.163431239569874
2026-04-04 12:36:22,100.0,100.0,18.17603358432924
2026-04-04 12:36:37,100.0,100.0,18.18863592908861
2026-04-04 12:36:52,100.0,100.0,18.201238273847974
2026-04-04 12:37:08,100.0,100.0,18.21468077492463
2026-04-04 12:37:23,100.0,100.0,18.227283119684
2026-04-04 12:37:37,100.0,100.0,18.239045308126077
2026-04-04 12:37:53,100.0,100.0,18.252487809202734
2026-04-04 12:38:08,100.0,100.0,18.2650901539621
2026-04-04 12:38:23,100.0,100.0,18.277692498721468
2026-04-04 12:38:38,100.0,100.0,18.290294843480833
2026-04-04 12:38:53,100.0,100.0,18.302897188240202
2026-04-04 12:39:08,100.0,100.0,18.315499532999567
2026-04-04 12:39:23,100.0,100.0,18.328101877758936
2026-04-04 12:39:38,100.0,100.0,18.3407042225183
2026-04-04 12:39:53,100.0,100.0,18.35330656727767
2026-04-04 12:40:08,100.0,100.0,18.365908912037035
2026-04-04 12:40:22,100.0,100.0,18.377671100479112
2026-04-04 12:40:38,100.0,100.0,18.39111360155577
2026-04-04 12:40:52,100.0,100.0,18.402875789997847
2026-04-04 12:41:07,100.0,100.0,18.415478134757212
2026-04-04 12:41:22,100.0,100.0,18.42808047951658
2026-04-04 12:41:37,100.0,100.0,18.440682824275946
2026-04-04 12:41:52,100.0,100.0,18.45328516903531
2026-04-04 12:42:08,100.0,100.0,18.466727670111972
2026-04-04 12:42:22,100.0,100.0,18.478489858554045
2026-04-04 12:42:38,100.0,100.0,18.491932359630706
2026-04-04 12:42:53,100.0,100.0,18.50453470439007
2026-04-04 12:43:08,100.0,100.0,18.51713704914944
2026-04-04 12:43:23,100.0,100.0,18.529739393908805
2026-04-04 12:43:37,100.0,100.0,18.541501582350882
2026-04-04 12:43:52,100.0,100.0,18.554103927110248
2026-04-04 12:44:07,100.0,100.0,18.566706271869617
2026-04-04 12:44:22,100.0,100.0,18.579308616628982
2026-04-04 12:44:37,100.0,100.0,18.59191096138835
2026-04-04 12:44:52,100.0,100.0,18.604513306147716
2026-04-04 12:45:08,100.0,100.0,18.617955807224373
2026-04-04 12:45:22,100.0,100.0,18.62971799566645
2026-04-04 12:45:38,100.0,100.0,18.643160496743107
2026-04-04 12:45:52,100.0,100.0,18.654922685185184
2026-04-04 12:46:07,100.0,100.0,18.66752502994455
2026-04-04 12:46:22,100.0,100.0,18.68012737470392
2026-04-04 12:46:37,100.0,100.0,18.692729719463284
2026-04-04 12:46:52,100.0,100.0,18.705332064222652
2026-04-04 12:47:07,100.0,100.0,18.717934408982018
2026-04-04 12:47:22,100.0,100.0,18.730536753741386
2026-04-04 12:47:38,100.0,100.0,18.743979254818044
2026-04-04 12:47:53,100.0,100.0,18.75658159957741
2026-04-04 12:48:07,100.0,100.0,18.768343788019486
2026-04-04 12:48:22,100.0,100.0,18.78094613277885
2026-04-04 12:48:37,100.0,100.0,18.79354847753822
2026-04-04 12:48:52,100.0,100.0,18.80615082229759
2026-04-04 12:49:07,100.0,100.0,18.818753167056954
2026-04-04 12:49:22,100.0,100.0,18.83135551181632
2026-04-04 12:49:38,100.0,100.0,18.84479801289298
2026-04-04 12:49:52,100.0,100.0,18.856560201335054
2026-04-04 12:50:07,100.0,100.0,18.869162546094422
2026-04-04 12:50:22,100.0,100.0,18.881764890853788
2026-04-04 12:50:37,100.0,100.0,18.894367235613156
2026-04-04 12:50:52,100.0,100.0,18.90696958037252
2026-04-04 12:51:07,100.0,100.0,18.91957192513189
2026-04-04 12:51:22,100.0,100.0,18.932174269891256
2026-04-04 12:51:37,100.0,100.0,18.944776614650625
2026-04-04 12:51:52,100.0,100.0,18.95737895940999
2026-04-04 12:52:07,100.0,100.0,18.96998130416936
2026-04-04 12:52:22,100.0,100.0,18.982583648928724
2026-04-04 12:52:37,100.0,100.0,18.99518599368809
2026-04-04 12:52:52,100.0,100.0,19.007788338447458
2026-04-04 12:53:07,100.0,100.0,19.020390683206823
2026-04-04 12:53:22,100.0,100.0,19.032993027966192
2026-04-04 12:53:38,100.0,100.0,19.04643552904285
2026-04-04 12:53:52,100.0,100.0,19.058197717484926
2026-04-04 12:54:07,100.0,100.0,19.07080006224429
2026-04-04 12:54:22,100.0,100.0,19.08340240700366
2026-04-04 12:54:37,100.0,100.0,19.096004751763026
2026-04-04 12:54:52,100.0,100.0,19.108607096522395
2026-04-04 12:55:07,100.0,100.0,19.12120944128176
2026-04-04 12:55:22,100.0,100.0,19.13381178604113
2026-04-04 12:55:37,100.0,100.0,19.146414130800494
2026-04-04 12:55:52,100.0,100.0,19.15901647555986
2026-04-04 12:56:07,100.0,100.0,19.171618820319228
2026-04-04 12:56:22,100.0,100.0,19.184221165078593
2026-04-04 12:56:37,100.0,100.0,19.196823509837962
2026-04-04 12:56:52,100.0,100.0,19.209425854597328
2026-04-04 12:57:07,100.0,100.0,19.222028199356696
2026-04-04 12:57:22,100.0,100.0,19.23463054411606
2026-04-04 12:57:37,100.0,100.0,19.24723288887543
2026-04-04 12:57:52,100.0,100.0,19.259835233634796
2026-04-04 12:58:07,100.0,100.0,19.272437578394165
2026-04-04 12:58:22,100.0,100.0,19.28503992315353
2026-04-04 12:58:37,100.0,100.0,19.2976422679129
2026-04-04 12:58:52,100.0,100.0,19.310244612672264
2026-04-04 12:59:07,100.0,100.0,19.32284695743163
2026-04-04 12:59:22,100.0,100.0,19.335449302190998
2026-04-04 12:59:37,100.0,100.0,19.348051646950363
2026-04-04 12:59:52,100.0,100.0,19.360653991709732
2026-04-04 13:00:07,100.0,100.0,19.373256336469098
2026-04-04 13:00:22,100.0,100.0,19.385858681228466
2026-04-04 13:00:37,100.0,100.0,19.39846102598783
2026-04-04 13:00:52,100.0,100.0,19.4110633707472
2026-04-04 13:01:07,100.0,100.0,19.423665715506566
2026-04-04 13:01:22,100.0,100.0,19.436268060265935
2026-04-04 13:01:37,100.0,100.0,19.4488704050253
2026-04-04 13:01:52,100.0,100.0,19.46147274978467
2026-04-04 13:02:07,100.0,100.0,19.474075094544034
2026-04-04 13:02:22,100.0,100.0,19.4866774393034
2026-04-04 13:02:37,100.0,100.0,19.499279784062768
2026-04-04 13:02:52,100.0,100.0,19.511882128822137
2026-04-04 13:03:07,100.0,100.0,19.524484473581502
2026-04-04 13:03:22,100.0,100.0,19.537086818340867
2026-04-04 13:03:37,100.0,100.0,19.549689163100236
2026-04-04 13:03:52,100.0,100.0,19.5622915078596
2026-04-04 13:04:07,100.0,100.0,19.57489385261897
2026-04-04 13:04:22,100.0,100.0,19.587496197378336
2026-04-04 13:04:37,100.0,100.0,19.600098542137705
2026-04-04 13:04:52,100.0,100.0,19.61270088689707
2026-04-04 13:05:07,100.0,100.0,19.62530323165644
2026-04-04 13:05:22,100.0,100.0,19.637905576415804
2026-04-04 13:05:37,100.0,100.0,19.650507921175173
2026-04-04 13:05:52,100.0,100.0,19.663110265934538
2026-04-04 13:06:07,100.0,100.0,19.675712610693907
2026-04-04 13:06:22,100.0,100.0,19.688314955453272
2026-04-04 13:06:37,100.0,100.0,19.700917300212637
2026-04-04 13:06:52,100.0,100.0,19.713519644972006
2026-04-04 13:07:07,100.0,100.0,19.72612198973137
2026-04-04 13:07:22,100.0,100.0,19.73872433449074
2026-04-04 13:07:37,100.0,100.0,19.751326679250106
2026-04-04 13:07:52,100.0,100.0,19.763929024009474
2026-04-04 13:08:07,100.0,100.0,19.77653136876884
2026-04-04 13:08:22,100.0,100.0,19.78913371352821
2026-04-04 13:08:37,100.0,100.0,19.801736058287574
2026-04-04 13:08:52,100.0,100.0,19.814338403046943
2026-04-04 13:09:07,100.0,100.0,19.826940747806308
2026-04-04 13:09:22,100.0,100.0,19.839543092565677
2026-04-04 13:09:37,100.0,100.0,19.852145437325042
2026-04-04 13:09:52,100.0,100.0,19.864747782084407
2026-04-04 13:10:07,100.0,100.0,19.877350126843776
2026-04-04 13:10:22,100.0,100.0,19.88995247160314
2026-04-04 13:10:37,100.0,100.0,19.90255481636251
2026-04-04 13:10:52,100.0,100.0,19.915157161121876
2026-04-04 13:11:07,100.0,100.0,19.927759505881244
2026-04-04 13:11:22,100.0,100.0,19.94036185064061
2026-04-04 13:11:37,100.0,100.0,19.95296419539998
2026-04-04 13:11:52,100.0,100.0,19.965566540159344
2026-04-04 13:12:07,100.0,100.0,19.978168884918713
2026-04-04 13:12:22,100.0,100.0,19.990771229678078
2026-04-04 13:12:37,100.0,100.0,20.003373574437447
2026-04-04 13:12:52,100.0,100.0,20.015975919196812
2026-04-04 13:13:07,100.0,100.0,20.028578263956177
2026-04-04 13:13:22,100.0,100.0,20.041180608715546
2026-04-04 13:13:37,100.0,100.0,20.053782953474915
2026-04-04 13:13:52,100.0,100.0,20.06638529823428
2026-04-04 13:14:07,100.0,100.0,20.078987642993646
2026-04-04 13:14:22,100.0,100.0,20.091589987753014
2026-04-04 13:14:37,100.0,100.0,20.10419233251238
2026-04-04 13:14:52,100.0,100.0,20.11679467727175
2026-04-04 13:15:07,100.0,100.0,20.129397022031114
2026-04-04 13:15:22,100.0,100.0,20.141999366790483
2026-04-04 13:15:37,100.0,100.0,20.154601711549848
2026-04-04 13:15:52,100.0,100.0,20.167204056309217
2026-04-04 13:16:07,100.0,100.0,20.179806401068582
2026-04-04 13:16:22,100.0,100.0,20.19240874582795
2026-04-04 13:16:37,100.0,100.0,20.205011090587316
2026-04-04 13:16:52,100.0,100.0,20.217613435346685
2026-04-04 13:17:07,100.0,100.0,20.23021578010605
2026-04-04 13:17:22,100.0,100.0,20.242818124865416
2026-04-04 13:17:37,100.0,100.0,20.255420469624784
2026-04-04 13:17:52,100.0,100.0,20.26802281438415
2026-04-04 13:18:07,100.0,100.0,20.28062515914352
2026-04-04 13:18:22,100.0,100.0,20.293227503902884
2026-04-04 13:18:37,100.0,100.0,20.305829848662253
2026-04-04 13:18:52,100.0,100.0,20.318432193421618
2026-04-04 13:19:07,100.0,100.0,20.331034538180987
2026-04-04 13:19:22,100.0,100.0,20.343636882940352
2026-04-04 13:19:37,100.0,100.0,20.356239227699717
2026-04-04 13:19:52,100.0,100.0,20.368841572459086
2026-04-04 13:20:07,100.0,100.0,20.381443917218455
2026-04-04 13:20:22,100.0,100.0,20.39404626197782
2026-04-04 13:20:37,100.0,100.0,20.406648606737186
2026-04-04 13:20:52,100.0,100.0,20.419250951496554
2026-04-04 13:21:07,100.0,100.0,20.431853296255923
2026-04-04 13:21:22,100.0,100.0,20.44445564101529
2026-04-04 13:21:37,100.0,100.0,20.457057985774654
2026-04-04 13:21:52,100.0,100.0,20.469660330534023
2026-04-04 13:22:07,100.0,100.0,20.482262675293388
2026-04-04 13:22:22,87.5,100.0,20.494865020052757
2026-04-04 13:22:37,100.0,100.0,20.507467364812122
2026-04-04 13:22:52,87.5,100.0,20.52006970957149
2026-04-04 13:23:07,87.5,100.0,20.532672054330856
2026-04-04 13:23:22,87.5,100.0,20.545274399090225
2026-04-04 13:23:37,87.5,100.0,20.55787674384959
2026-04-04 13:23:52,87.5,100.0,20.570479088608955
2026-04-04 13:24:07,87.5,100.0,20.583081433368324
2026-04-04 13:24:22,87.5,100.0,20.595683778127693
2026-04-04 13:24:37,87.5,100.0,20.60828612288706
2026-04-04 13:24:52,87.5,100.0,20.620888467646424
2026-04-04 13:25:07,87.5,100.0,20.633490812405793
2026-04-04 13:25:22,87.5,100.0,20.646093157165158
2026-04-04 13:25:37,87.5,100.0,20.658695501924527
2026-04-04 13:25:52,87.5,100.0,20.671297846683892
2026-04-04 13:26:07,87.5,100.0,20.68390019144326
2026-04-04 13:26:22,87.5,100.0,20.696502536202626
2026-04-04 13:26:37,87.5,98.76543209876543,20.709104880961995
2026-04-04 13:26:52,87.5,98.76543209876543,20.72170722572136
2026-04-04 13:27:07,87.5,97.53086419753086,20.734309570480725
2026-04-04 13:27:22,87.5,96.29629629629629,20.746911915240094
2026-04-04 13:27:37,100.0,95.06172839506173,20.759514259999463
2026-04-04 13:27:52,100.0,93.82716049382715,20.77211660475883
2026-04-04 13:28:07,100.0,92.5925925925926,20.784718949518194
2026-04-04 13:28:22,100.0,91.35802469135803,20.797321294277562
2026-04-04 13:28:37,100.0,90.12345679012346,20.809923639036928
2026-04-04 13:28:52,100.0,88.88888888888889,20.822525983796297
2026-04-04 13:29:07,100.0,87.65432098765432,20.835128328555662
2026-04-04 13:29:22,100.0,86.41975308641975,20.84773067331503
2026-04-04 13:29:37,100.0,85.18518518518519,20.860333018074396
2026-04-04 13:29:52,100.0,83.9506172839506,20.872935362833765
2026-04-04 13:30:07,100.0,82.71604938271605,20.88553770759313
2026-04-04 13:30:22,100.0,81.48148148148148,20.898140052352495
2026-04-04 13:30:37,87.5,80.24691358024691,20.910742397111864
2026-04-04 13:30:52,87.5,79.01234567901234,20.923344741871233
2026-04-04 13:31:07,87.5,77.77777777777779,20.9359470866306
2026-04-04 13:31:22,87.5,76.5432098765432,20.948549431389964
2026-04-04 13:31:37,87.5,75.30864197530865,20.961151776149332
2026-04-04 13:31:52,87.5,74.07407407407408,20.9737541209087
2026-04-04 13:32:07,87.5,72.8395061728395,20.986356465668067
2026-04-04 13:32:22,87.5,71.60493827160494,20.998958810427432
2026-04-04 13:32:37,87.5,69.41176470588235,21.0115611551868
2026-04-04 13:32:52,87.5,68.23529411764706,21.024163499946166
2026-04-04 13:33:07,87.5,67.05882352941175,21.036765844705535
2026-04-04 13:33:22,87.5,65.88235294117646,21.0493681894649
2026-04-04 13:33:37,87.5,64.70588235294117,21.06197053422427
2026-04-04 13:33:52,87.5,63.52941176470588,21.074572878983634
2026-04-04 13:34:07,87.5,62.35294117647059,21.087175223743003
2026-04-04 13:34:22,87.5,61.1764705882353,21.09977756850237
2026-04-04 13:34:37,87.5,60.0,21.112379913261734
2026-04-04 13:34:52,87.5,58.82352941176471,21.124982258021102
2026-04-04 13:35:07,87.5,58.82352941176471,21.13758460278047
2026-04-04 13:35:22,87.5,58.82352941176471,21.150186947539837
2026-04-04 13:35:37,87.5,58.82352941176471,21.162789292299202
2026-04-04 13:35:52,87.5,57.647058823529406,21.17539163705857
2026-04-04 13:36:07,87.5,56.470588235294116,21.187993981817936
2026-04-04 13:36:22,87.5,55.294117647058826,21.200596326577305
2026-04-04 13:36:37,87.5,54.11764705882353,21.21319867133667
2026-04-04 13:36:52,87.5,52.94117647058824,21.22580101609604
2026-04-04 13:37:07,87.5,52.94117647058824,21.238403360855404
2026-04-04 13:37:22,87.5,52.94117647058824,21.251005705614773
2026-04-04 13:37:37,87.5,52.94117647058824,21.26360805037414
2026-04-04 13:37:52,87.5,52.94117647058824,21.276210395133504
2026-04-04 13:38:07,87.5,52.94117647058824,21.288812739892872
2026-04-04 13:38:22,87.5,52.94117647058824,21.30141508465224
2026-04-04 13:38:37,87.5,52.94117647058824,21.314017429411606
2026-04-04 13:38:52,87.5,52.94117647058824,21.32661977417097
2026-04-04 13:39:07,87.5,52.94117647058824,21.33922211893034
2026-04-04 13:39:22,87.5,52.94117647058824,21.351824463689706
2026-04-04 13:39:37,87.5,52.94117647058824,21.364426808449075
2026-04-04 13:39:52,75.0,52.94117647058824,21.37702915320844
2026-04-04 13:40:07,75.0,52.94117647058824,21.38963149796781
2026-04-04 13:40:22,75.0,52.94117647058824,21.402233842727174
2026-04-04 13:40:37,75.0,52.94117647058824,21.414836187486543
2026-04-04 13:40:52,75.0,52.94117647058824,21.427438532245908
2026-04-04 13:41:07,75.0,52.94117647058824,21.440040877005274
2026-04-04 13:41:22,75.0,52.94117647058824,21.452643221764642
2026-04-04 13:41:37,75.0,52.94117647058824,21.46524556652401
2026-04-04 13:41:52,75.0,52.94117647058824,21.477847911283376
2026-04-04 13:42:07,75.0,52.94117647058824,21.49045025604274
2026-04-04 13:42:22,75.0,51.76470588235295,21.50305260080211
2026-04-04 13:42:37,75.0,50.588235294117645,21.51565494556148
2026-04-04 13:42:52,75.0,49.411764705882355,21.528257290320845
2026-04-04 13:43:07,75.0,48.23529411764706,21.54085963508021
2026-04-04 13:43:22,75.0,47.05882352941176,21.55346197983958
2026-04-04 13:43:37,75.0,47.05882352941176,21.566064324598944
2026-04-04 13:43:52,75.0,47.05882352941176,21.578666669358313
2026-04-04 13:44:07,75.0,45.88235294117647,21.591269014117678
2026-04-04 13:44:22,75.0,45.88235294117647,21.603871358877047
2026-04-04 13:44:37,75.0,45.88235294117647,21.616473703636412
2026-04-04 13:44:52,75.0,45.88235294117647,21.62907604839578
2026-04-04 13:45:07,75.0,45.88235294117647,21.641678393155146
2026-04-04 13:45:22,75.0,45.88235294117647,21.65428073791451
2026-04-04 13:45:37,75.0,45.88235294117647,21.66688308267388
2026-04-04 13:45:52,75.0,45.88235294117647,21.67948542743325
2026-04-04 13:46:07,75.0,45.88235294117647,21.692087772192615
2026-04-04 13:46:22,75.0,45.88235294117647,21.70469011695198
2026-04-04 13:46:37,75.0,45.88235294117647,21.71729246171135
2026-04-04 13:46:52,75.0,45.88235294117647,21.729894806470714
2026-04-04 13:47:07,75.0,44.70588235294118,21.742497151230083
2026-04-04 13:47:22,75.0,44.70588235294118,21.755099495989448
2026-04-04 13:47:37,75.0,43.529411764705884,21.767701840748817
2026-04-04 13:47:52,75.0,43.529411764705884,21.780304185508182
2026-04-04 13:48:07,75.0,44.70588235294118,21.79290653026755
2026-04-04 13:48:22,75.0,45.88235294117647,21.805508875026916
2026-04-04 13:48:37,75.0,47.05882352941176,21.81811121978628
2026-04-04 13:48:52,75.0,48.23529411764706,21.83071356454565
2026-04-04 13:49:07,75.0,49.411764705882355,21.84331590930502
2026-04-04 13:49:22,75.0,50.588235294117645,21.855918254064385
2026-04-04 13:49:37,75.0,51.76470588235295,21.86852059882375
2026-04-04 13:49:52,75.0,52.94117647058824,21.88112294358312
2026-04-04 13:50:07,75.0,54.11764705882353,21.893725288342484
2026-04-04 13:50:22,75.0,55.294117647058826,21.906327633101853
2026-04-04 13:50:37,75.0,56.470588235294116,21.918929977861218
2026-04-04 13:50:52,75.0,57.647058823529406,21.931532322620587
2026-04-04 13:51:07,75.0,58.82352941176471,21.944134667379952
2026-04-04 13:51:22,75.0,58.82352941176471,21.95673701213932
2026-04-04 13:51:37,75.0,60.0,21.969339356898686
2026-04-04 13:51:52,75.0,61.1764705882353,21.98194170165805
2026-04-04 13:52:07,75.0,62.35294117647059,21.99454404641742
2026-04-04 13:52:22,75.0,62.92134831460674,22.00714639117679
2026-04-04 13:52:37,75.0,64.04494382022472,22.019748735936155
2026-04-04 13:52:52,75.0,64.04494382022472,22.03235108069552
2026-04-04 13:53:07,75.0,64.04494382022472,22.04495342545489
2026-04-04 13:53:22,75.0,64.04494382022472,22.057555770214254
2026-04-04 13:53:37,75.0,64.04494382022472,22.070158114973623
2026-04-04 13:53:52,75.0,64.04494382022472,22.082760459732988
2026-04-04 13:54:07,75.0,64.04494382022472,22.095362804492357
2026-04-04 13:54:22,75.0,65.1685393258427,22.107965149251722
2026-04-04 13:54:37,75.0,66.29213483146067,22.12056749401109
2026-04-04 13:54:52,75.0,67.41573033707866,22.133169838770456
2026-04-04 13:55:07,75.0,68.53932584269663,22.14577218352982
2026-04-04 13:55:22,75.0,69.66292134831461,22.15837452828919
2026-04-04 13:55:37,75.0,70.78651685393258,22.17097687304856
2026-04-04 13:55:52,75.0,71.91011235955057,22.183579217807925
2026-04-04 13:56:07,75.0,73.03370786516854,22.19618156256729
2026-04-04 13:56:22,75.0,74.15730337078652,22.20878390732666
2026-04-04 13:56:37,75.0,75.28089887640449,22.221386252086027
2026-04-04 13:56:52,75.0,74.15730337078652,22.233988596845393
2026-04-04 13:57:07,75.0,74.15730337078652,22.246590941604758
2026-04-04 13:57:22,75.0,73.03370786516854,22.259193286364127
2026-04-04 13:57:37,75.0,73.03370786516854,22.271795631123492
2026-04-04 13:57:52,75.0,73.03370786516854,22.28439797588286
2026-04-04 13:58:07,75.0,73.03370786516854,22.297000320642226
2026-04-04 13:58:22,75.0,73.03370786516854,22.309602665401595
2026-04-04 13:58:37,75.0,73.03370786516854,22.32220501016096
2026-04-04 13:58:52,75.0,71.91011235955057,22.33480735492033
2026-04-04 13:59:07,75.0,70.78651685393258,22.347409699679694
2026-04-04 13:59:22,75.0,69.66292134831461,22.36001204443906
2026-04-04 13:59:37,75.0,68.53932584269663,22.37261438919843
2026-04-04 13:59:52,75.0,67.41573033707866,22.385216733957797
2026-04-04 14:00:07,75.0,66.29213483146067,22.44487826979893
2026-04-04 14:00:22,75.0,65.1685393258427,22.558321738304947
2026-04-04 14:00:37,75.0,64.04494382022472,22.671765206810964
2026-04-04 14:00:52,75.0,62.92134831460674,22.785208675316976
2026-04-04 14:01:07,75.0,61.79775280898876,22.898652143822993
2026-04-04 14:01:22,75.0,60.215053763440864,23.01209561232901
2026-04-04 14:01:37,75.0,59.13978494623656,23.125539080835026
2026-04-04 14:01:52,75.0,58.06451612903226,23.23898254934104
2026-04-04 14:02:07,75.0,56.98924731182796,23.352426017847055
2026-04-04 14:02:22,75.0,55.91397849462365,23.46586948635307
2026-04-04 14:02:37,75.0,54.83870967741935,23.579312954859084
2026-04-04 14:02:52,75.0,54.83870967741935,23.6927564233651
2026-04-04 14:03:07,75.0,54.83870967741935,23.806199891871117
2026-04-04 14:03:22,75.0,54.83870967741935,23.919643360377133
2026-04-04 14:03:37,75.0,56.70103092783505,24.033086828883146
2026-04-04 14:03:52,75.0,56.70103092783505,24.146530297389162
2026-04-04 14:04:07,75.0,56.70103092783505,24.25997376589518
2026-04-04 14:04:22,75.0,56.70103092783505,24.373417234401195
2026-04-04 14:04:37,75.0,56.70103092783505,24.486860702907208
2026-04-04 14:04:52,75.0,56.70103092783505,24.600304171413224
2026-04-04 14:05:07,75.0,57.73195876288659,24.71374763991924
2026-04-04 14:05:22,75.0,58.76288659793815,24.827191108425254
2026-04-04 14:05:37,75.0,59.79381443298969,24.94063457693127
2026-04-04 14:05:52,75.0,60.396039603960396,25.054078045437286
2026-04-04 14:06:07,75.0,61.386138613861384,25.1675215139433
2026-04-04 14:06:22,75.0,62.37623762376238,25.280964982449316
2026-04-04 14:06:37,75.0,63.366336633663366,25.394408450955332
2026-04-04 14:06:52,75.0,63.366336633663366,25.50785191946135
2026-04-04 14:07:07,75.0,63.366336633663366,25.621295387967365
2026-04-04 14:07:22,75.0,63.366336633663366,25.734738856473378
2026-04-04 14:07:37,75.0,63.366336633663366,25.848182324979394
2026-04-04 14:07:52,75.0,63.366336633663366,25.96162579348541
2026-04-04 14:08:07,75.0,63.8095238095238,26.075069261991423
2026-04-04 14:08:22,75.0,62.857142857142854,26.18851273049744
2026-04-04 14:08:37,75.0,61.904761904761905,26.301956199003456
2026-04-04 14:08:52,75.0,60.952380952380956,26.41539966750947
2026-04-04 14:09:07,75.0,60.0,26.528843136015485
2026-04-04 14:09:22,75.0,59.04761904761905,26.6422866045215
2026-04-04 14:09:37,75.0,58.0952380952381,26.755730073027518
2026-04-04 14:09:52,75.0,57.14285714285714,26.869173541533534
2026-04-04 14:10:07,75.0,56.19047619047619,26.982617010039547
2026-04-04 14:10:22,75.0,55.04587155963303,27.096060478545564
2026-04-04 14:10:37,75.0,54.12844036697248,27.20950394705158
2026-04-04 14:10:52,75.0,53.21100917431193,27.322947415557593
2026-04-04 14:11:07,75.0,52.293577981651374,27.43639088406361
2026-04-04 14:11:22,75.0,52.293577981651374,27.549834352569626
2026-04-04 14:11:37,75.0,52.293577981651374,27.66327782107564
2026-04-04 14:11:52,75.0,52.293577981651374,27.776721289581655
2026-04-04 14:12:07,75.0,52.293577981651374,27.89016475808767
2026-04-04 14:12:22,75.0,50.442477876106196,28.003608226593688
2026-04-04 14:12:37,75.0,51.32743362831859,28.117051695099704
2026-04-04 14:12:52,75.0,50.442477876106196,28.230495163605717
2026-04-04 14:13:07,75.0,49.557522123893804,28.343938632111733
2026-04-04 14:13:22,75.0,48.67256637168141,28.45738210061775
2026-04-04 14:13:37,75.0,47.78761061946903,28.570825569123762
2026-04-04 14:13:52,75.0,46.902654867256636,28.68426903762978
2026-04-04 14:14:07,75.0,46.017699115044245,28.797712506135795
2026-04-04 14:14:22,75.0,46.017699115044245,28.911155974641808
2026-04-04 14:14:37,75.0,47.863247863247864,29.024599443147824
2026-04-04 14:14:52,75.0,47.863247863247864,29.13804291165384
2026-04-04 14:15:07,75.0,47.863247863247864,29.251486380159857
2026-04-04 14:15:22,75.0,47.863247863247864,29.364929848665874
2026-04-04 14:15:37,75.0,47.863247863247864,29.478373317171886
2026-04-04 14:15:52,75.0,47.863247863247864,29.591816785677903
2026-04-04 14:16:07,75.0,47.863247863247864,29.70526025418392
2026-04-04 14:16:22,75.0,47.863247863247864,29.818703722689932
2026-04-04 14:16:37,75.0,48.717948717948715,29.93214719119595
2026-04-04 14:16:52,75.0,49.586776859504134,30.045590659701965
2026-04-04 14:17:07,75.0,50.413223140495866,30.159034128207978
2026-04-04 14:17:22,75.0,50.413223140495866,30.272477596713994
2026-04-04 14:17:37,75.0,49.586776859504134,30.38592106522001
2026-04-04 14:17:52,75.0,49.586776859504134,30.499364533726023
2026-04-04 14:18:07,75.0,48.760330578512395,30.612808002232043
2026-04-04 14:18:22,75.0,47.93388429752066,30.726251470738056
2026-04-04 14:18:37,75.0,47.107438016528924,30.839694939244072
2026-04-04 14:18:52,75.0,46.28099173553719,30.95313840775009
2026-04-04 14:19:07,75.0,45.6,31.0665818762561
2026-04-04 14:19:22,75.0,44.800000000000004,31.180025344762118
2026-04-04 14:19:37,75.0,44.800000000000004,31.293468813268134
2026-04-04 14:19:52,75.0,44.800000000000004,31.406912281774147
2026-04-04 14:20:07,75.0,44.800000000000004,31.520355750280164
2026-04-04 14:20:22,75.0,44.800000000000004,31.63379921878618
2026-04-04 14:20:37,75.0,44.800000000000004,31.747242687292193
2026-04-04 14:20:52,75.0,44.800000000000004,31.860686155798213
2026-04-04 14:21:07,75.0,44.0,31.974129624304226
2026-04-04 14:21:22,75.0,43.41085271317829,32.087573092810246
2026-04-04 14:21:37,75.0,43.41085271317829,32.20101656131626
2026-04-04 14:21:52,75.0,43.41085271317829,32.31446002982227
2026-04-04 14:22:07,75.0,42.63565891472868,32.42790349832829
2026-04-04 14:22:22,75.0,41.86046511627907,32.541346966834304
2026-04-04 14:22:37,75.0,41.08527131782946,32.65479043534032
2026-04-04 14:22:52,75.0,40.310077519379846,32.76823390384634
2026-04-04 14:23:07,75.0,39.53488372093023,32.88167737235235
2026-04-04 14:23:22,75.0,38.759689922480625,32.99512084085836
2026-04-04 14:23:37,75.0,38.34586466165413,33.10856430936438
2026-04-04 14:23:52,75.0,37.59398496240601,33.222007777870395
2026-04-04 14:24:07,75.0,36.84210526315789,33.33545124637641
2026-04-04 14:24:22,75.0,36.09022556390977,33.44889471488243
2026-04-04 14:24:37,75.0,36.09022556390977,33.56233818338844
2026-04-04 14:24:52,75.0,35.338345864661655,33.675781651894454
2026-04-04 14:25:07,75.0,35.338345864661655,33.789225120400474
2026-04-04 14:25:22,75.0,35.338345864661655,33.90266858890649
2026-04-04 14:25:37,62.5,34.306569343065696,34.0161120574125
2026-04-04 14:25:52,62.5,34.306569343065696,34.12955552591852
2026-04-04 14:26:07,62.5,34.306569343065696,34.24299899442453
2026-04-04 14:26:22,62.5,34.306569343065696,34.35644246293055
2026-04-04 14:26:37,62.5,34.306569343065696,34.469885931436565
2026-04-04 14:26:52,62.5,34.306569343065696,34.583329399942585
2026-04-04 14:27:07,62.5,34.306569343065696,34.6967728684486
2026-04-04 14:27:22,62.5,34.306569343065696,34.81021633695461
2026-04-04 14:27:37,62.5,34.306569343065696,34.92365980546063
2026-04-04 14:27:52,62.5,33.33333333333333,35.03710327396664
2026-04-04 14:28:07,62.5,33.33333333333333,35.150546742472656
2026-04-04 14:28:22,62.5,33.33333333333333,35.263990210978676
2026-04-04 14:28:37,62.5,33.33333333333333,35.37743367948469
2026-04-04 14:28:52,62.5,33.33333333333333,35.4908771479907
2026-04-04 14:29:07,62.5,33.33333333333333,35.60432061649672
2026-04-04 14:29:22,62.5,33.33333333333333,35.717764085002734
2026-04-04 14:29:37,62.5,33.33333333333333,35.83120755350875
2026-04-04 14:29:52,62.5,34.04255319148936,35.94465102201477
2026-04-04 14:30:07,62.5,35.172413793103445,36.05809449052078
2026-04-04 14:30:22,62.5,35.86206896551724,36.17153795902679
2026-04-04 14:30:37,75.0,36.55172413793103,36.28498142753281
2026-04-04 14:30:52,75.0,37.24137931034483,36.398424896038826
2026-04-04 14:31:07,75.0,37.93103448275862,36.51186836454484
2026-04-04 14:31:22,75.0,38.62068965517241,36.62531183305086
2026-04-04 14:31:37,75.0,39.310344827586206,36.73875530155687
2026-04-04 14:31:52,75.0,40.0,36.85219877006289
2026-04-04 14:32:07,75.0,40.689655172413794,36.965642238568904
2026-04-04 14:32:22,75.0,41.61073825503356,37.079085707074924
2026-04-04 14:32:37,75.0,41.61073825503356,37.19252917558094
2026-04-04 14:32:52,75.0,41.61073825503356,37.30597264408695
2026-04-04 14:33:07,75.0,40.939597315436245,37.41941611259297
2026-04-04 14:33:22,75.0,40.939597315436245,37.53285958109898
2026-04-04 14:33:37,75.0,40.939597315436245,37.646303049604995
2026-04-04 14:33:52,75.0,40.26845637583892,37.759746518111015
2026-04-04 14:34:07,75.0,39.59731543624161,37.87318998661703
2026-04-04 14:34:22,75.0,39.59731543624161,37.98663345512304
2026-04-04 14:34:37,75.0,41.17647058823529,38.10007692362906
2026-04-04 14:34:52,62.5,41.17647058823529,38.213520392135074
2026-04-04 14:35:07,62.5,41.17647058823529,38.32696386064109
2026-04-04 14:35:22,62.5,41.17647058823529,38.44040732914711
2026-04-04 14:35:37,62.5,41.17647058823529,38.55385079765312
2026-04-04 14:35:52,62.5,41.17647058823529,38.66729426615913
2026-04-04 14:36:07,62.5,41.17647058823529,38.78073773466515
2026-04-04 14:36:22,62.5,41.17647058823529,38.894181203171165
2026-04-04 14:36:37,62.5,42.675159235668794,39.00762467167718
2026-04-04 14:36:52,62.5,42.675159235668794,39.1210681401832
2026-04-04 14:37:07,62.5,42.675159235668794,39.23451160868922
2026-04-04 14:37:22,62.5,42.675159235668794,39.34795507719522
2026-04-04 14:37:37,62.5,42.675159235668794,39.46139854570124
2026-04-04 14:37:52,62.5,42.038216560509554,39.57484201420726
2026-04-04 14:38:07,62.5,41.40127388535032,39.68828548271327
2026-04-04 14:38:22,62.5,40.76433121019109,39.80172895121929
2026-04-04 14:38:37,62.5,40.12738853503185,39.91517241972531
2026-04-04 14:38:52,62.5,39.75155279503105,40.02861588823132
2026-04-04 14:39:07,62.5,39.130434782608695,40.142059356737334
2026-04-04 14:39:22,62.5,38.50931677018634,40.255502825243354
2026-04-04 14:39:37,62.5,37.88819875776397,40.36894629374937
2026-04-04 14:39:52,62.5,37.267080745341616,40.48238976225538
2026-04-04 14:40:07,62.5,37.267080745341616,40.5958332307614
2026-04-04 14:40:22,50.0,36.64596273291926,40.70927669926741
2026-04-04 14:40:37,50.0,36.024844720496894,40.822720167773426
2026-04-04 14:40:52,50.0,35.40372670807454,40.936163636279446
2026-04-04 14:41:07,50.0,35.15151515151515,41.04960710478546
2026-04-04 14:41:22,50.0,34.54545454545455,41.16305057329147
2026-04-04 14:41:37,50.0,33.939393939393945,41.27649404179749
2026-04-04 14:41:52,50.0,33.939393939393945,41.389937510303504
2026-04-04 14:42:07,50.0,33.939393939393945,41.50338097880952
2026-04-04 14:42:22,50.0,33.939393939393945,41.61682444731554
2026-04-04 14:42:37,50.0,33.939393939393945,41.73026791582156
2026-04-04 14:42:52,50.0,33.939393939393945,41.84371138432756
2026-04-04 14:43:07,50.0,33.939393939393945,41.95715485283358
2026-04-04 14:43:22,50.0,33.13609467455622,42.0705983213396
2026-04-04 14:43:37,50.0,33.13609467455622,42.18404178984561
2026-04-04 14:43:52,50.0,33.13609467455622,42.29748525835163
2026-04-04 14:44:07,50.0,33.13609467455622,42.41092872685765
2026-04-04 14:44:22,50.0,33.13609467455622,42.52437219536366
2026-04-04 14:44:37,50.0,33.13609467455622,42.637815663869674
2026-04-04 14:44:52,50.0,33.13609467455622,42.751259132375694
2026-04-04 14:45:07,50.0,33.13609467455622,42.86470260088171
2026-04-04 14:45:22,50.0,33.13609467455622,42.97814606938772
2026-04-04 14:45:37,50.0,32.369942196531795,43.09158953789374
2026-04-04 14:45:52,50.0,32.369942196531795,43.20503300639975
2026-04-04 14:46:07,37.5,32.369942196531795,43.318476474905765
2026-04-04 14:46:22,37.5,32.369942196531795,43.431919943411785
2026-04-04 14:46:37,37.5,32.369942196531795,43.5453634119178
2026-04-04 14:46:52,37.5,32.947976878612714,43.65880688042381
2026-04-04 14:47:07,37.5,33.52601156069364,43.77225034892983
2026-04-04 14:47:22,37.5,34.104046242774565,43.88569381743584
2026-04-04 14:47:37,37.5,34.68208092485549,43.999137285941856
2026-04-04 14:47:52,50.0,35.59322033898305,44.112580754447876
2026-04-04 14:48:07,50.0,36.15819209039548,44.22602422295389
2026-04-04 14:48:22,50.0,36.72316384180791,44.3394676914599
2026-04-04 14:48:37,50.0,37.28813559322034,44.45291115996592
2026-04-04 14:48:52,50.0,37.28813559322034,44.56635462847194
2026-04-04 14:49:07,50.0,37.85310734463277,44.67979809697795
2026-04-04 14:49:22,50.0,38.4180790960452,44.79324156548397
2026-04-04 14:49:37,50.0,38.983050847457626,44.90668503398999
2026-04-04 14:49:52,50.0,39.77900552486188,45.020128502496
2026-04-04 14:50:07,50.0,40.331491712707184,45.13357197100201
2026-04-04 14:50:22,50.0,40.88397790055249,45.24701543950803
2026-04-04 14:50:37,50.0,41.43646408839779,45.360458908014046
2026-04-04 14:50:52,50.0,41.988950276243095,45.47390237652006
2026-04-04 14:51:07,50.0,41.43646408839779,45.58734584502608
2026-04-04 14:51:22,50.0,40.88397790055249,45.70078931353209
2026-04-04 14:51:37,50.0,40.331491712707184,45.814232782038104
2026-04-04 14:51:52,50.0,39.77900552486188,45.927676250544124
2026-04-04 14:52:07,50.0,39.45945945945946,46.04111971905014
2026-04-04 14:52:22,50.0,38.91891891891892,46.15456318755615
2026-04-04 14:52:37,50.0,38.37837837837838,46.26800665606217
2026-04-04 14:52:52,50.0,37.83783783783784,46.38145012456818
2026-04-04 14:53:07,50.0,37.2972972972973,46.494893593074195
2026-04-04 14:53:22,50.0,36.75675675675676,46.608337061580215
2026-04-04 14:53:37,50.0,36.21621621621622,46.72178053008623
2026-04-04 14:53:52,50.0,35.67567567567568,46.83522399859224
2026-04-04 14:54:07,50.0,35.13513513513514,46.94866746709826
2026-04-04 14:54:22,50.0,34.92063492063492,47.06211093560428
2026-04-04 14:54:37,50.0,34.39153439153439,47.17555440411029
2026-04-04 14:54:52,50.0,33.86243386243386,47.28899787261631
2026-04-04 14:55:07,50.0,33.33333333333333,47.402441341122326
2026-04-04 14:55:22,50.0,32.804232804232804,47.51588480962834
2026-04-04 14:55:37,50.0,32.27513227513227,47.62932827813435
2026-04-04 14:55:52,50.0,31.746031746031743,47.74277174664037
2026-04-04 14:56:07,50.0,31.746031746031743,47.856215215146385
2026-04-04 14:56:22,50.0,32.27513227513227,47.9696586836524
2026-04-04 14:56:37,50.0,31.606217616580313,48.08310215215842
2026-04-04 14:56:52,50.0,31.606217616580313,48.19654562066443
2026-04-04 14:57:07,50.0,31.088082901554404,48.30998908917044
2026-04-04 14:57:22,50.0,31.088082901554404,48.42343255767646
2026-04-04 14:57:37,50.0,31.088082901554404,48.536876026182476
2026-04-04 14:57:52,50.0,31.088082901554404,48.65031949468849
2026-04-04 14:58:07,50.0,31.088082901554404,48.76376296319451
2026-04-04 14:58:22,50.0,31.088082901554404,48.87720643170052
2026-04-04 14:58:37,50.0,31.088082901554404,48.990649900206535
2026-04-04 14:58:52,50.0,30.456852791878177,49.104093368712554
2026-04-04 14:59:07,50.0,30.456852791878177,49.21753683721857
2026-04-04 14:59:22,50.0,30.456852791878177,49.33098030572458
2026-04-04 14:59:37,50.0,30.456852791878177,49.4444237742306
2026-04-04 14:59:52,50.0,30.456852791878177,49.55786724273662
2026-04-04 15:00:07,50.0,30.456852791878177,49.671310711242626
2026-04-04 15:00:22,50.0,30.456852791878177,49.784754179748646
2026-04-04 15:00:37,50.0,30.456852791878177,49.898197648254666
2026-04-04 15:00:52,50.0,29.850746268656714,50.01164111676067
2026-04-04 15:01:07,37.5,29.850746268656714,50.12508458526669
2026-04-04 15:01:22,37.5,29.850746268656714,50.23852805377271
2026-04-04 15:01:37,37.5,29.850746268656714,50.351971522278724
2026-04-04 15:01:52,37.5,29.850746268656714,50.46541499078474
2026-04-04 15:02:07,37.5,29.850746268656714,50.57885845929076
2026-04-04 15:02:22,37.5,29.850746268656714,50.69230192779677
2026-04-04 15:02:37,37.5,29.850746268656714,50.80574539630278
2026-04-04 15:02:52,37.5,29.35323383084577,50.9191888648088
2026-04-04 15:03:07,37.5,29.268292682926827,51.032632333314815
2026-04-04 15:03:22,37.5,28.780487804878046,51.14607580182083
2026-04-04 15:03:37,37.5,28.292682926829265,51.25951927032685
2026-04-04 15:03:52,37.5,28.292682926829265,51.37296273883286
2026-04-04 15:04:07,37.5,28.292682926829265,51.486406207338874
2026-04-04 15:04:22,37.5,28.292682926829265,51.599849675844894
2026-04-04 15:04:37,37.5,28.292682926829265,51.71329314435091
2026-04-04 15:04:52,37.5,28.292682926829265,51.82673661285692
2026-04-04 15:05:07,37.5,28.292682926829265,51.94018008136294
2026-04-04 15:05:22,37.5,27.751196172248804,52.05362354986896
2026-04-04 15:05:37,37.5,27.751196172248804,52.167067018374965
2026-04-04 15:05:52,37.5,27.751196172248804,52.280510486880985
2026-04-04 15:06:07,37.5,27.751196172248804,52.393953955387005
2026-04-04 15:06:22,37.5,27.751196172248804,52.50739742389301
2026-04-04 15:06:37,37.5,27.751196172248804,52.62084089239903
2026-04-04 15:06:52,37.5,27.751196172248804,52.73428436090505
2026-04-04 15:07:07,37.5,27.751196172248804,52.84772782941106
2026-04-04 15:07:22,37.5,27.751196172248804,52.961171297917076
2026-04-04 15:07:37,37.5,27.230046948356808,53.074614766423096
2026-04-04 15:07:52,37.5,27.230046948356808,53.18805823492911
2026-04-04 15:08:07,25.0,27.230046948356808,53.30150170343512
2026-04-04 15:08:22,25.0,27.230046948356808,53.41494517194114
2026-04-04 15:08:37,25.0,27.230046948356808,53.528388640447155
2026-04-04 15:08:52,25.0,27.230046948356808,53.64183210895317
2026-04-04 15:09:07,25.0,27.230046948356808,53.75527557745919
2026-04-04 15:09:22,25.0,27.230046948356808,53.8687190459652
2026-04-04 15:09:37,25.0,27.230046948356808,53.98216251447121
2026-04-04 15:09:52,25.0,26.72811059907834,54.09560598297723
2026-04-04 15:10:07,37.5,26.72811059907834,54.209049451483246
2026-04-04 15:10:22,37.5,26.72811059907834,54.32249291998926
2026-04-04 15:10:37,25.0,26.72811059907834,54.43593638849528
2026-04-04 15:10:52,37.5,26.72811059907834,54.54937985700129
2026-04-04 15:11:07,37.5,26.72811059907834,54.66282332550731
2026-04-04 15:11:22,37.5,26.72811059907834,54.776266794013324
2026-04-04 15:11:37,25.0,27.188940092165897,54.88971026251934
2026-04-04 15:11:52,25.0,28.054298642533936,55.00315373102536
2026-04-04 15:12:07,25.0,28.50678733031674,55.11659719953137
2026-04-04 15:12:22,37.5,28.95927601809955,55.23004066803738
2026-04-04 15:12:37,37.5,29.411764705882355,55.3434841365434
2026-04-04 15:12:52,37.5,29.86425339366516,55.456927605049415
2026-04-04 15:13:07,37.5,30.316742081447963,55.570371073555435
2026-04-04 15:13:22,37.5,30.76923076923077,55.68381454206145
2026-04-04 15:13:37,37.5,31.221719457013574,55.79725801056746
2026-04-04 15:13:52,25.0,31.674208144796378,55.91070147907348
2026-04-04 15:14:07,25.0,32.44444444444444,56.024144947579494
2026-04-04 15:14:22,25.0,32.88888888888889,56.13758841608551
2026-04-04 15:14:37,25.0,33.33333333333333,56.25103188459153
2026-04-04 15:14:52,25.0,33.77777777777778,56.36447535309754
2026-04-04 15:15:07,25.0,34.22222222222222,56.47791882160355
2026-04-04 15:15:22,25.0,34.66666666666667,56.59136229010957
2026-04-04 15:15:37,25.0,34.66666666666667,56.704805758615585
2026-04-04 15:15:52,25.0,34.66666666666667,56.818249227121605
2026-04-04 15:16:07,25.0,34.66666666666667,56.93169269562762
2026-04-04 15:16:22,25.0,35.80786026200873,57.04513616413363
2026-04-04 15:16:37,25.0,35.80786026200873,57.15857963263965
2026-04-04 15:16:52,25.0,35.80786026200873,57.27202310114566
2026-04-04 15:17:07,25.0,35.80786026200873,57.385466569651676
2026-04-04 15:17:22,25.0,35.80786026200873,57.498910038157696
2026-04-04 15:17:37,25.0,35.80786026200873,57.61235350666371
2026-04-04 15:17:52,25.0,35.80786026200873,57.72579697516972
2026-04-04 15:18:07,25.0,35.80786026200873,57.83924044367574
2026-04-04 15:18:22,25.0,35.37117903930131,57.952683912181755
2026-04-04 15:18:37,25.0,35.1931330472103,58.066127380687774
2026-04-04 15:18:52,25.0,34.763948497854074,58.17957084919379
2026-04-04 15:19:07,25.0,34.33476394849785,58.2930143176998
2026-04-04 15:19:22,25.0,33.90557939914164,58.40645778620582
2026-04-04 15:19:37,25.0,33.47639484978541,58.51990125471183
2026-04-04 15:19:52,25.0,33.047210300429185,58.633344723217846
2026-04-04 15:20:07,25.0,32.61802575107296,58.746788191723866
2026-04-04 15:20:22,25.0,32.61802575107296,58.86023166022988
2026-04-04 15:20:37,25.0,32.61802575107296,58.97367512873589
2026-04-04 15:20:52,25.0,32.06751054852321,59.08711859724191
2026-04-04 15:21:07,25.0,32.06751054852321,59.200562065747924
2026-04-04 15:21:22,25.0,32.06751054852321,59.31400553425394
2026-04-04 15:21:37,25.0,31.645569620253166,59.42744900275996
2026-04-04 15:21:52,25.0,31.223628691983123,59.54089247126597
2026-04-04 15:22:07,25.0,31.223628691983123,59.65433593977199
2026-04-04 15:22:22,25.0,31.223628691983123,59.767779408278
2026-04-04 15:22:37,25.0,30.801687763713083,59.881222876784015
2026-04-04 15:22:52,25.0,30.37974683544304,59.994666345290035
2026-04-04 15:23:07,25.0,30.29045643153527,60.10810981379605
2026-04-04 15:23:22,25.0,29.87551867219917,60.22155328230206
2026-04-04 15:23:37,25.0,29.460580912863072,60.33499675080808
2026-04-04 15:23:52,25.0,29.045643153526974,60.448440219314094
2026-04-04 15:24:07,25.0,28.63070539419087,60.56188368782011
2026-04-04 15:24:22,25.0,28.63070539419087,60.67532715632613
2026-04-04 15:24:37,25.0,28.63070539419087,60.78877062483214
2026-04-04 15:24:52,25.0,28.63070539419087,60.90221409333816
2026-04-04 15:25:07,25.0,29.795918367346943,61.01565756184417
2026-04-04 15:25:22,25.0,29.795918367346943,61.129101030350185
2026-04-04 15:25:37,25.0,29.795918367346943,61.242544498856205
2026-04-04 15:25:52,25.0,29.795918367346943,61.35598796736222
2026-04-04 15:26:07,25.0,29.795918367346943,61.46943143586823
2026-04-04 15:26:22,25.0,29.795918367346943,61.58287490437425
2026-04-04 15:26:37,25.0,29.795918367346943,61.69631837288026
2026-04-04 15:26:52,25.0,29.795918367346943,61.809761841386276
2026-04-04 15:27:07,25.0,29.795918367346943,61.923205309892296
2026-04-04 15:27:22,25.0,30.923694779116467,62.03664877839831
2026-04-04 15:27:37,25.0,30.923694779116467,62.15009224690433
2026-04-04 15:27:52,25.0,30.923694779116467,62.26353571541034
2026-04-04 15:28:07,25.0,30.923694779116467,62.376979183916355
2026-04-04 15:28:22,25.0,30.923694779116467,62.490422652422374
2026-04-04 15:28:37,25.0,31.32530120481928,62.60386612092839
2026-04-04 15:28:52,25.0,31.72690763052209,62.7173095894344
2026-04-04 15:29:07,25.0,32.1285140562249,62.83075305794042
2026-04-04 15:29:22,25.0,32.53012048192771,62.94419652644643
2026-04-04 15:29:37,25.0,32.015810276679844,63.057639994952446
2026-04-04 15:29:52,25.0,32.015810276679844,63.171083463458466
2026-04-04 15:30:07,25.0,32.015810276679844,63.28452693196448
2026-04-04 15:30:22,25.0,32.015810276679844,63.3979704004705
2026-04-04 15:30:37,25.0,32.015810276679844,63.51141386897651
2026-04-04 15:30:52,25.0,32.015810276679844,63.624857337482524
2026-04-04 15:31:07,25.0,32.015810276679844,63.738300805988544
2026-04-04 15:31:22,25.0,32.015810276679844,63.85174427449456
2026-04-04 15:31:37,25.0,32.015810276679844,63.96518774300057
2026-04-04 15:31:52,25.0,31.906614785992215,64.07863121150659
2026-04-04 15:32:07,25.0,32.295719844357976,64.19207468001261
2026-04-04 15:32:22,12.5,32.68482490272373,64.30551814851862
2026-04-04 15:32:37,12.5,33.07392996108949,64.41896161702464
2026-04-04 15:32:52,12.5,33.46303501945525,64.53240508553066
2026-04-04 15:33:07,12.5,33.85214007782101,64.64584855403666
2026-04-04 15:33:22,12.5,34.24124513618677,64.75929202254268
2026-04-04 15:33:37,12.5,34.63035019455253,64.8727354910487
2026-04-04 15:33:52,25.0,35.019455252918284,64.9861789595547
2026-04-04 15:34:07,25.0,35.63218390804598,65.09962242806073
2026-04-04 15:34:22,25.0,36.015325670498086,65.21306589656675
2026-04-04 15:34:37,25.0,36.39846743295019,65.32650936507275
2026-04-04 15:34:52,25.0,36.7816091954023,65.43995283357877
2026-04-04 15:35:07,25.0,37.16475095785441,65.55339630208479
2026-04-04 15:35:22,25.0,37.547892720306514,65.6668397705908
2026-04-04 15:35:37,25.0,37.93103448275862,65.78028323909682
2026-04-04 15:35:52,25.0,38.31417624521073,65.89372670760284
2026-04-04 15:36:07,12.5,38.86792452830189,66.00717017610884
2026-04-04 15:36:22,12.5,39.24528301886793,66.12061364461486
2026-04-04 15:36:37,12.5,39.62264150943396,66.23405711312088
2026-04-04 15:36:52,12.5,40.0,66.34750058162689
2026-04-04 15:37:07,12.5,40.37735849056604,66.46094405013291
2026-04-04 15:37:22,12.5,40.75471698113208,66.57438751863893
2026-04-04 15:37:37,12.5,41.132075471698116,66.68783098714493
2026-04-04 15:37:52,12.5,41.509433962264154,66.80127445565095
2026-04-04 15:38:07,12.5,41.88679245283019,66.91471792415697
2026-04-04 15:38:22,12.5,42.37918215613383,67.02816139266298
2026-04-04 15:38:37,12.5,42.75092936802974,67.14160486116901
2026-04-04 15:38:52,12.5,43.12267657992565,67.25504832967502
2026-04-04 15:39:07,12.5,43.49442379182156,67.36849179818103
2026-04-04 15:39:22,12.5,43.866171003717476,67.48193526668706
2026-04-04 15:39:37,12.5,44.237918215613384,67.59537873519307
2026-04-04 15:39:52,12.5,44.60966542750929,67.70882220369907
2026-04-04 15:40:07,12.5,44.98141263940521,67.8222656722051
2026-04-04 15:40:22,12.5,45.353159851301115,67.93570914071111
2026-04-04 15:40:37,25.0,45.78754578754579,68.04915260921712
2026-04-04 15:40:52,25.0,46.15384615384615,68.16259607772315
2026-04-04 15:41:07,25.0,46.52014652014652,68.27603954622916
2026-04-04 15:41:22,25.0,46.88644688644688,68.38948301473518
2026-04-04 15:41:37,25.0,47.25274725274725,68.5029264832412
2026-04-04 15:41:52,25.0,47.61904761904761,68.6163699517472
2026-04-04 15:42:07,25.0,47.985347985347985,68.72981342025322
2026-04-04 15:42:22,25.0,48.35164835164835,68.84325688875924
2026-04-04 15:42:37,25.0,48.35164835164835,68.95670035726525
2026-04-04 15:42:52,25.0,49.09747292418773,69.07014382577127
2026-04-04 15:43:07,25.0,49.09747292418773,69.18358729427729
2026-04-04 15:43:22,25.0,49.09747292418773,69.2970307627833
2026-04-04 15:43:37,25.0,49.09747292418773,69.41047423128931
2026-04-04 15:43:52,25.0,49.09747292418773,69.52391769979533
2026-04-04 15:44:07,25.0,49.09747292418773,69.63736116830134
2026-04-04 15:44:22,25.0,49.09747292418773,69.75080463680736
2026-04-04 15:44:37,25.0,49.09747292418773,69.86424810531338
2026-04-04 15:44:52,25.0,49.09747292418773,69.97769157381938
2026-04-04 15:45:07,25.0,49.8220640569395,70.0911350423254
2026-04-04 15:45:22,25.0,49.8220640569395,70.20457851083142
2026-04-04 15:45:37,25.0,49.8220640569395,70.31802197933743
2026-04-04 15:45:52,25.0,49.8220640569395,70.43146544784345
2026-04-04 15:46:07,25.0,49.8220640569395,70.54490891634947
2026-04-04 15:46:22,25.0,49.8220640569395,70.65835238485548
2026-04-04 15:46:37,25.0,49.8220640569395,70.7717958533615
2026-04-04 15:46:52,25.0,49.8220640569395,70.88523932186752
2026-04-04 15:47:07,25.0,49.8220640569395,70.99868279037352
2026-04-04 15:47:22,25.0,50.526315789473685,71.11212625887954
2026-04-04 15:47:37,25.0,50.526315789473685,71.22556972738556
2026-04-04 15:47:52,25.0,50.526315789473685,71.33901319589157
2026-04-04 15:48:07,25.0,50.526315789473685,71.45245666439759
2026-04-04 15:48:22,25.0,50.526315789473685,71.56590013290361
2026-04-04 15:48:37,25.0,50.526315789473685,71.67934360140961
2026-04-04 15:48:52,25.0,50.526315789473685,71.79278706991563
2026-04-04 15:49:07,25.0,50.526315789473685,71.90623053842165
2026-04-04 15:49:22,25.0,51.21107266435986,72.01967400692766
2026-04-04 15:49:37,25.0,51.21107266435986,72.13311747543368
2026-04-04 15:49:52,25.0,51.55709342560554,72.2465609439397
2026-04-04 15:50:07,25.0,51.903114186851205,72.3600044124457
2026-04-04 15:50:22,25.0,52.24913494809689,72.47344788095174
2026-04-04 15:50:37,25.0,52.595155709342556,72.58689134945774
2026-04-04 15:50:52,25.0,52.94117647058824,72.70033481796375
2026-04-04 15:51:07,25.0,53.28719723183391,72.81377828646978
2026-04-04 15:51:22,25.0,53.63321799307958,72.92722175497579
2026-04-04 15:51:37,25.0,53.92491467576792,73.0406652234818
2026-04-04 15:51:52,25.0,54.26621160409556,73.15410869198783
2026-04-04 15:52:07,25.0,54.60750853242321,73.26755216049384
2026-04-04 15:52:22,25.0,54.94880546075085,73.38099562899984
2026-04-04 15:52:37,25.0,55.2901023890785,73.49443909750588
2026-04-04 15:52:52,25.0,55.631399317406135,73.60788256601188
2026-04-04 15:53:07,25.0,55.972696245733786,73.7213260345179
2026-04-04 15:53:22,25.0,56.31399317406144,73.83476950302392
2026-04-04 15:53:37,25.0,56.655290102389074,73.94821297152993
2026-04-04 15:53:52,25.0,56.22895622895623,74.06165644003595
2026-04-04 15:54:07,25.0,56.56565656565656,74.17509990854197
2026-04-04 15:54:22,25.0,56.9023569023569,74.28854337704797
2026-04-04 15:54:37,25.0,57.23905723905723,74.40198684555399
2026-04-04 15:54:52,25.0,57.57575757575758,74.51543031406001
2026-04-04 15:55:07,25.0,57.91245791245792,74.62887378256602
2026-04-04 15:55:22,25.0,58.24915824915825,74.74231725107204
2026-04-04 15:55:37,25.0,58.58585858585859,74.85576071957806
2026-04-04 15:55:52,25.0,58.92255892255892,74.96920418808406
2026-04-04 15:56:07,25.0,59.136212624584715,75.08264765659008
2026-04-04 15:56:22,25.0,59.46843853820598,75.1960911250961
2026-04-04 15:56:37,25.0,59.800664451827245,75.30953459360211
2026-04-04 15:56:52,25.0,60.13289036544851,75.42297806210813
2026-04-04 15:57:07,25.0,60.46511627906976,75.53642153061415
2026-04-04 15:57:22,25.0,60.46511627906976,75.64986499912015
2026-04-04 15:57:37,25.0,60.46511627906976,75.76330846762617
2026-04-04 15:57:52,25.0,60.797342192691026,75.8767519361322
2026-04-04 15:58:07,25.0,61.12956810631229,75.9901954046382
2026-04-04 15:58:22,25.0,61.31147540983607,76.10363887314422
2026-04-04 15:58:37,25.0,61.63934426229508,76.21708234165024
2026-04-04 15:58:52,25.0,61.967213114754095,76.33052581015625
2026-04-04 15:59:07,25.0,62.295081967213115,76.44396927866227
2026-04-04 15:59:22,25.0,62.62295081967213,76.55741274716829
2026-04-04 15:59:37,25.0,62.95081967213115,76.67085621567429
2026-04-04 15:59:52,25.0,63.278688524590166,76.78429968418031
2026-04-04 16:00:07,25.0,63.60655737704918,76.82278750497811
2026-04-04 16:00:22,25.0,63.934426229508205,76.77561172839508
2026-04-04 16:00:37,25.0,64.26229508196721,76.72843595181203
2026-04-04 16:00:52,25.0,64.59016393442623,76.681260175229
2026-04-04 16:01:07,25.0,64.91803278688525,76.63408439864597
2026-04-04 16:01:22,25.0,65.24590163934427,76.58690862206294
2026-04-04 16:01:37,25.0,65.57377049180327,76.5397328454799
2026-04-04 16:01:52,25.0,65.90163934426229,76.49255706889686
2026-04-04 16:02:07,25.0,66.22950819672131,76.44538129231383
2026-04-04 16:02:22,25.0,66.55737704918033,76.3982055157308
2026-04-04 16:02:37,25.0,66.88524590163935,76.35102973914776
2026-04-04 16:02:52,25.0,67.21311475409836,76.30385396256473
2026-04-04 16:03:07,25.0,67.54098360655738,76.25667818598168
2026-04-04 16:03:22,25.0,67.8688524590164,76.20950240939865
2026-04-04 16:03:37,25.0,68.1967213114754,76.16232663281562
2026-04-04 16:03:52,25.0,68.52459016393443,76.11515085623259
2026-04-04 16:04:07,25.0,68.85245901639344,76.06797507964956
2026-04-04 16:04:22,25.0,69.18032786885246,76.02079930306651
2026-04-04 16:04:37,25.0,69.76744186046511,75.97362352648348
2026-04-04 16:04:52,25.0,70.09966777408638,75.92644774990045
2026-04-04 16:05:07,25.0,70.43189368770764,75.87927197331742
2026-04-04 16:05:22,25.0,70.7641196013289,75.83209619673438
2026-04-04 16:05:37,25.0,71.09634551495017,75.78492042015134
2026-04-04 16:05:52,25.0,71.42857142857143,75.7377446435683
2026-04-04 16:06:07,25.0,71.76079734219269,75.69056886698527
2026-04-04 16:06:22,25.0,72.09302325581395,75.64339309040224
2026-04-04 16:06:37,25.0,72.42524916943522,75.59621731381921
2026-04-04 16:06:52,25.0,72.75747508305648,75.54904153723616
2026-04-04 16:07:07,25.0,73.08970099667775,75.50186576065313
2026-04-04 16:07:22,25.0,73.421926910299,75.4546899840701
2026-04-04 16:07:37,25.0,73.75415282392026,75.40751420748707
2026-04-04 16:07:52,25.0,74.08637873754152,75.36033843090404
2026-04-04 16:08:07,25.0,74.4186046511628,75.31316265432099
2026-04-04 16:08:22,25.0,74.75083056478405,75.26598687773796
2026-04-04 16:08:37,25.0,75.08305647840533,75.21881110115493
2026-04-04 16:08:52,25.0,75.41528239202658,75.1716353245719
2026-04-04 16:09:07,25.0,75.74750830564784,75.12445954798886
2026-04-04 16:09:22,25.0,76.0797342192691,75.07728377140582
2026-04-04 16:09:37,25.0,76.41196013289037,75.03010799482279
2026-04-04 16:09:52,25.0,77.10437710437711,74.98293221823975
2026-04-04 16:10:07,25.0,77.44107744107744,74.93575644165672
2026-04-04 16:10:22,25.0,77.77777777777779,74.88858066507369
2026-04-04 16:10:37,25.0,78.11447811447812,74.84140488849064
2026-04-04 16:10:52,25.0,78.45117845117845,74.79422911190761
2026-04-04 16:11:07,25.0,78.78787878787878,74.74705333532458
2026-04-04 16:11:22,25.0,79.12457912457911,74.69987755874155
2026-04-04 16:11:37,25.0,79.46127946127946,74.65270178215852
2026-04-04 16:11:52,25.0,79.7979797979798,74.60552600557547
2026-04-04 16:12:07,25.0,80.13468013468014,74.55835022899244
2026-04-04 16:12:22,25.0,80.47138047138047,74.5111744524094
2026-04-04 16:12:37,25.0,80.8080808080808,74.46399867582637
2026-04-04 16:12:52,25.0,81.14478114478115,74.41682289924334
2026-04-04 16:13:07,25.0,81.48148148148148,74.3696471226603
2026-04-04 16:13:22,25.0,81.81818181818183,74.32247134607726
2026-04-04 16:13:37,25.0,82.15488215488216,74.27529556949423
2026-04-04 16:13:52,25.0,82.49158249158249,74.2281197929112
2026-04-04 16:14:07,25.0,82.82828282828282,74.18094401632817
2026-04-04 16:14:22,25.0,83.16498316498317,74.13376823974512
2026-04-04 16:14:37,25.0,83.5016835016835,74.08659246316209
2026-04-04 16:14:52,25.0,83.83838383838383,74.03941668657906
2026-04-04 16:15:07,25.0,84.64163822525597,73.99224090999603
2026-04-04 16:15:22,25.0,84.64163822525597,73.945065133413
2026-04-04 16:15:37,37.5,84.64163822525597,73.89788935682995
2026-04-04 16:15:52,37.5,84.64163822525597,73.85071358024692
2026-04-04 16:16:07,37.5,84.64163822525597,73.80353780366389
2026-04-04 16:16:22,37.5,84.64163822525597,73.75636202708085
2026-04-04 16:16:37,37.5,84.64163822525597,73.70918625049782
2026-04-04 16:16:52,37.5,84.64163822525597,73.66201047391478
2026-04-04 16:17:07,37.5,84.64163822525597,73.61483469733174
2026-04-04 16:17:22,37.5,84.64163822525597,73.56765892074871
2026-04-04 16:17:37,37.5,84.64163822525597,73.52048314416568
2026-04-04 16:17:52,37.5,84.64163822525597,73.47330736758265
2026-04-04 16:18:07,37.5,84.64163822525597,73.4261315909996
2026-04-04 16:18:22,37.5,84.64163822525597,73.37895581441657
2026-04-04 16:18:37,37.5,84.64163822525597,73.33178003783354
2026-04-04 16:18:52,37.5,84.64163822525597,73.28460426125051
2026-04-04 16:19:07,37.5,84.64163822525597,73.23742848466748
2026-04-04 16:19:22,37.5,84.64163822525597,73.19025270808443
2026-04-04 16:19:37,37.5,84.64163822525597,73.1430769315014
2026-04-04 16:19:52,37.5,84.64163822525597,73.09590115491837
2026-04-04 16:20:07,37.5,84.64163822525597,73.04872537833533
2026-04-04 16:20:22,37.5,84.64163822525597,73.0015496017523
2026-04-04 16:20:37,37.5,84.42906574394463,72.95437382516926
2026-04-04 16:20:52,37.5,84.42906574394463,72.90719804858622
2026-04-04 16:21:07,37.5,84.42906574394463,72.86002227200319
2026-04-04 16:21:22,37.5,84.42906574394463,72.81284649542016
2026-04-04 16:21:37,37.5,84.42906574394463,72.76567071883713
2026-04-04 16:21:52,37.5,84.42906574394463,72.7184949422541
2026-04-04 16:22:07,37.5,84.42906574394463,72.67131916567105
2026-04-04 16:22:22,37.5,84.42906574394463,72.62414338908802
2026-04-04 16:22:37,37.5,84.42906574394463,72.57696761250499
2026-04-04 16:22:52,37.5,84.42906574394463,72.52979183592196
2026-04-04 16:23:07,37.5,84.77508650519032,72.48261605933891
2026-04-04 16:23:22,37.5,85.12110726643598,72.43544028275588
2026-04-04 16:23:37,37.5,85.46712802768167,72.38826450617285
2026-04-04 16:23:52,37.5,85.81314878892734,72.34108872958981
2026-04-04 16:24:07,37.5,86.159169550173,72.29391295300678
2026-04-04 16:24:22,37.5,86.50519031141869,72.24673717642375
2026-04-04 16:24:37,37.5,86.85121107266436,72.1995613998407
2026-04-04 16:24:52,37.5,87.19723183391004,72.15238562325767
2026-04-04 16:25:07,37.5,87.5432525951557,72.10520984667464
2026-04-04 16:25:22,37.5,87.88927335640139,72.05803407009161
2026-04-04 16:25:37,50.0,88.23529411764706,72.01085829350856
2026-04-04 16:25:52,50.0,89.12280701754386,71.96368251692553
2026-04-04 16:26:07,50.0,89.47368421052632,71.9165067403425
2026-04-04 16:26:22,50.0,89.82456140350877,71.86933096375947
2026-04-04 16:26:37,50.0,90.17543859649123,71.82215518717643
2026-04-04 16:26:52,50.0,90.52631578947368,71.7749794105934
2026-04-04 16:27:07,50.0,90.87719298245615,71.72780363401036
2026-04-04 16:27:22,50.0,91.22807017543859,71.68062785742733
2026-04-04 16:27:37,50.0,91.57894736842105,71.6334520808443
2026-04-04 16:27:52,50.0,91.9298245614035,71.58627630426126
2026-04-04 16:28:07,50.0,92.28070175438596,71.53910052767822
2026-04-04 16:28:22,50.0,92.63157894736842,71.49192475109518
2026-04-04 16:28:37,50.0,92.98245614035088,71.44474897451215
2026-04-04 16:28:52,50.0,93.33333333333333,71.39757319792912
2026-04-04 16:29:07,50.0,93.6842105263158,71.35039742134609
2026-04-04 16:29:22,50.0,94.03508771929825,71.30322164476306
2026-04-04 16:29:37,50.0,94.38596491228071,71.25604586818001
2026-04-04 16:29:52,50.0,94.73684210526315,71.20887009159698
2026-04-04 16:30:07,50.0,94.73684210526315,71.16169431501395
2026-04-04 16:30:22,50.0,94.73684210526315,71.11451853843091
2026-04-04 16:30:37,50.0,94.73684210526315,71.06734276184788
2026-04-04 16:30:52,50.0,94.73684210526315,71.02016698526484
2026-04-04 16:31:07,50.0,94.66192170818505,70.9729912086818
2026-04-04 16:31:22,50.0,94.66192170818505,70.92581543209877
2026-04-04 16:31:37,50.0,94.66192170818505,70.87863965551574
2026-04-04 16:31:52,37.5,94.66192170818505,70.83146387893271
2026-04-04 16:32:07,37.5,94.66192170818505,70.78428810234966
2026-04-04 16:32:22,37.5,94.66192170818505,70.73711232576663
2026-04-04 16:32:37,37.5,94.66192170818505,70.6899365491836
2026-04-04 16:32:52,37.5,94.66192170818505,70.64276077260057
2026-04-04 16:33:07,37.5,94.66192170818505,70.59558499601754
2026-04-04 16:33:22,37.5,94.66192170818505,70.54840921943449
2026-04-04 16:33:37,37.5,94.66192170818505,70.50123344285146
2026-04-04 16:33:52,37.5,94.66192170818505,70.45405766626843
2026-04-04 16:34:07,50.0,94.66192170818505,70.4068818896854
2026-04-04 16:34:22,50.0,94.66192170818505,70.35970611310236
2026-04-04 16:34:37,50.0,94.66192170818505,70.31253033651932
2026-04-04 16:34:52,50.0,94.66192170818505,70.26535455993628
2026-04-04 16:35:07,50.0,94.66192170818505,70.21817878335325
2026-04-04 16:35:22,50.0,94.66192170818505,70.17100300677022
2026-04-04 16:35:37,50.0,94.66192170818505,70.12382723018719
2026-04-04 16:35:52,50.0,95.01779359430606,70.07665145360414
2026-04-04 16:36:07,50.0,95.37366548042705,70.02947567702111
2026-04-04 16:36:22,50.0,96.38989169675091,69.98229990043808
2026-04-04 16:36:37,50.0,96.75090252707581,69.93512412385505
2026-04-04 16:36:52,50.0,97.11191335740072,69.88794834727202
2026-04-04 16:37:07,50.0,97.47292418772562,69.84077257068897
2026-04-04 16:37:22,50.0,97.83393501805054,69.79359679410594
2026-04-04 16:37:37,50.0,98.19494584837545,69.7464210175229
2026-04-04 16:37:52,50.0,98.55595667870037,69.69924524093987
2026-04-04 16:38:07,50.0,98.91696750902527,69.65206946435684
2026-04-04 16:38:22,50.0,99.27797833935018,69.6048936877738
2026-04-04 16:38:37,50.0,99.27797833935018,69.55771791119076
2026-04-04 16:38:52,50.0,99.27797833935018,69.51054213460773
2026-04-04 16:39:07,50.0,99.27797833935018,69.4633663580247
2026-04-04 16:39:22,50.0,99.27797833935018,69.41619058144167
2026-04-04 16:39:37,50.0,99.27797833935018,69.36901480485862
2026-04-04 16:39:52,50.0,99.27797833935018,69.32183902827559
2026-04-04 16:40:07,50.0,99.27797833935018,69.27466325169256
2026-04-04 16:40:22,50.0,99.27797833935018,69.22748747510953
2026-04-04 16:40:37,50.0,99.27797833935018,69.1803116985265
2026-04-04 16:40:52,50.0,99.27797833935018,69.13313592194345
2026-04-04 16:41:07,62.5,99.27797833935018,69.08596014536042
2026-04-04 16:41:22,62.5,99.27797833935018,69.03878436877739
2026-04-04 16:41:37,62.5,99.26739926739927,68.99160859219435
2026-04-04 16:41:52,62.5,99.26739926739927,68.94443281561132
2026-04-04 16:42:07,62.5,99.26739926739927,68.89725703902828
2026-04-04 16:42:22,62.5,99.26739926739927,68.85008126244524
2026-04-04 16:42:37,62.5,99.26739926739927,68.80290548586221
2026-04-04 16:42:52,62.5,99.26739926739927,68.75572970927918
2026-04-04 16:43:07,62.5,99.26739926739927,68.70855393269615
2026-04-04 16:43:22,62.5,99.26739926739927,68.6613781561131
2026-04-04 16:43:37,62.5,99.26739926739927,68.61420237953007
2026-04-04 16:43:52,62.5,99.26739926739927,68.56702660294704
2026-04-04 16:44:07,62.5,99.26739926739927,68.519850826364
2026-04-04 16:44:22,62.5,99.26739926739927,68.47267504978097
2026-04-04 16:44:37,62.5,99.26739926739927,68.42549927319794
2026-04-04 16:44:52,62.5,99.26739926739927,68.3783234966149
2026-04-04 16:45:07,62.5,99.26739926739927,68.33114772003186
2026-04-04 16:45:22,62.5,99.26739926739927,68.28397194344883
2026-04-04 16:45:37,62.5,99.26739926739927,68.2367961668658
2026-04-04 16:45:52,62.5,99.26739926739927,68.18962039028276
2026-04-04 16:46:07,62.5,99.26739926739927,68.14244461369972
2026-04-04 16:46:22,62.5,99.26739926739927,68.09526883711669
2026-04-04 16:46:37,62.5,99.26739926739927,68.04809306053366
2026-04-04 16:46:52,62.5,99.26739926739927,68.00091728395063
2026-04-04 16:47:07,62.5,99.25650557620817,67.9537415073676
2026-04-04 16:47:22,62.5,99.25650557620817,67.90656573078455
2026-04-04 16:47:37,62.5,99.25650557620817,67.85938995420152
2026-04-04 16:47:52,62.5,99.25650557620817,67.81221417761849
2026-04-04 16:48:07,62.5,99.25650557620817,67.76503840103545
2026-04-04 16:48:22,62.5,99.25650557620817,67.71786262445241
2026-04-04 16:48:37,62.5,99.25650557620817,67.67068684786938
2026-04-04 16:48:52,62.5,99.25650557620817,67.62351107128634
2026-04-04 16:49:07,62.5,99.25650557620817,67.57633529470331
2026-04-04 16:49:22,62.5,99.25650557620817,67.52915951812028
2026-04-04 16:49:37,62.5,99.25650557620817,67.48198374153725
2026-04-04 16:49:52,62.5,99.25650557620817,67.4348079649542
2026-04-04 16:50:07,62.5,99.25650557620817,67.38763218837117
2026-04-04 16:50:22,62.5,99.25650557620817,67.34045641178814
2026-04-04 16:50:37,62.5,99.25650557620817,67.29328063520511
2026-04-04 16:50:52,62.5,99.25650557620817,67.24610485862206
2026-04-04 16:51:07,62.5,99.25650557620817,67.19892908203903
2026-04-04 16:51:22,62.5,99.25650557620817,67.151753305456
2026-04-04 16:51:37,62.5,99.25650557620817,67.10457752887297
2026-04-04 16:51:52,75.0,99.25650557620817,67.05740175228993
2026-04-04 16:52:07,75.0,99.25650557620817,67.0102259757069
2026-04-04 16:52:22,75.0,99.24528301886792,66.96305019912386
2026-04-04 16:52:37,75.0,99.24528301886792,66.91587442254082
2026-04-04 16:52:52,75.0,99.24528301886792,66.86869864595779
2026-04-04 16:53:07,75.0,99.24528301886792,66.82152286937476
2026-04-04 16:53:22,75.0,99.24528301886792,66.77434709279171
2026-04-04 16:53:37,75.0,99.24528301886792,66.72717131620868
2026-04-04 16:53:52,75.0,99.24528301886792,66.67999553962565
2026-04-04 16:54:07,75.0,99.24528301886792,66.63281976304262
2026-04-04 16:54:22,75.0,99.24528301886792,66.58564398645959
2026-04-04 16:54:37,75.0,99.24528301886792,66.53846820987656
2026-04-04 16:54:52,75.0,99.24528301886792,66.49129243329351
2026-04-04 16:55:07,75.0,99.24528301886792,66.44411665671048
2026-04-04 16:55:22,75.0,99.24528301886792,66.39694088012745
2026-04-04 16:55:37,75.0,99.24528301886792,66.34976510354441
2026-04-04 16:55:52,75.0,99.24528301886792,66.30258932696137
2026-04-04 16:56:07,75.0,99.24528301886792,66.25541355037834
2026-04-04 16:56:22,75.0,99.24528301886792,66.2082377737953
2026-04-04 16:56:37,75.0,99.24528301886792,66.16106199721227
2026-04-04 16:56:52,75.0,99.24528301886792,66.11388622062924
2026-04-04 16:57:07,75.0,99.24528301886792,66.06671044404621
2026-04-04 16:57:22,75.0,99.24528301886792,66.01953466746316
2026-04-04 16:57:37,75.0,99.23371647509579,65.97235889088013
2026-04-04 16:57:52,75.0,99.23371647509579,65.9251831142971
2026-04-04 16:58:07,75.0,99.23371647509579,65.87800733771407
2026-04-04 16:58:22,75.0,99.23371647509579,65.83083156113102
2026-04-04 16:58:37,75.0,99.23371647509579,65.78365578454799
2026-04-04 16:58:52,75.0,99.23371647509579,65.73648000796496
2026-04-04 16:59:07,75.0,99.23371647509579,65.68930423138193
2026-04-04 16:59:22,75.0,99.23371647509579,65.6421284547989
2026-04-04 16:59:37,75.0,99.23371647509579,65.59495267821586
2026-04-04 16:59:52,75.0,99.23371647509579,65.54777690163282
2026-04-04 17:00:07,75.0,99.23371647509579,65.50060112504978
2026-04-04 17:00:22,75.0,99.23371647509579,65.45342534846675
2026-04-04 17:00:37,75.0,99.23371647509579,65.40624957188372
2026-04-04 17:00:52,75.0,99.23371647509579,65.35907379530069
2026-04-04 17:01:07,75.0,99.23371647509579,65.31189801871764
2026-04-04 17:01:22,75.0,99.23371647509579,65.26472224213461
2026-04-04 17:01:37,75.0,99.23371647509579,65.21754646555158
2026-04-04 17:01:52,75.0,99.23371647509579,65.17037068896855
2026-04-04 17:02:07,75.0,99.23371647509579,65.12319491238551
2026-04-04 17:02:22,75.0,99.23371647509579,65.07601913580247
2026-04-04 17:02:37,75.0,99.23371647509579,65.02884335921944
2026-04-04 17:02:52,75.0,100.0,64.9816675826364
2026-04-04 17:03:07,75.0,100.0,64.93449180605337
2026-04-04 17:03:22,75.0,100.0,64.88731602947034
2026-04-04 17:03:37,75.0,100.0,64.8401402528873
2026-04-04 17:03:52,75.0,100.0,64.79296447630426
2026-04-04 17:04:07,75.0,100.0,64.74578869972123
2026-04-04 17:04:22,75.0,100.0,64.6986129231382
2026-04-04 17:04:37,75.0,100.0,64.65143714655517
2026-04-04 17:04:52,75.0,100.0,64.60426136997212
2026-04-04 17:05:07,75.0,100.0,64.55708559338909
2026-04-04 17:05:22,75.0,100.0,64.50990981680606
2026-04-04 17:05:37,75.0,100.0,64.46273404022303
2026-04-04 17:05:52,75.0,100.0,64.41555826364
2026-04-04 17:06:07,75.0,100.0,64.36838248705695
2026-04-04 17:06:22,75.0,100.0,64.32120671047392
2026-04-04 17:06:37,75.0,100.0,64.27403093389088
2026-04-04 17:06:52,75.0,100.0,64.22685515730785
2026-04-04 17:07:07,75.0,100.0,64.17967938072482
2026-04-04 17:07:22,75.0,100.0,64.13250360414177
2026-04-04 17:07:37,75.0,100.0,64.08532782755874
2026-04-04 17:07:52,75.0,100.0,64.03815205097571
2026-04-04 17:08:07,75.0,100.0,63.99097627439268
2026-04-04 17:08:22,75.0,100.0,63.94380049780964
2026-04-04 17:08:37,75.0,100.0,63.89662472122661
2026-04-04 17:08:52,75.0,100.0,63.84944894464357
2026-04-04 17:09:07,75.0,100.0,63.80227316806054
2026-04-04 17:09:22,75.0,100.0,63.755097391477506
2026-04-04 17:09:37,75.0,100.0,63.70792161489447
2026-04-04 17:09:52,75.0,100.0,63.660745838311435
2026-04-04 17:10:07,75.0,100.0,63.613570061728396
2026-04-04 17:10:22,75.0,100.0,63.566394285145364
2026-04-04 17:10:37,75.0,100.0,63.51921850856233
2026-04-04 17:10:52,75.0,100.0,63.47204273197929
2026-04-04 17:11:07,75.0,100.0,63.42486695539626
2026-04-04 17:11:22,87.5,100.0,63.37769117881322
2026-04-04 17:11:37,87.5,100.0,63.33051540223019
2026-04-04 17:11:52,87.5,100.0,63.28333962564716
2026-04-04 17:12:07,87.5,100.0,63.23616384906412
2026-04-04 17:12:22,87.5,100.0,63.18898807248109
2026-04-04 17:12:37,87.5,100.0,63.14181229589805
2026-04-04 17:12:52,87.5,100.0,63.09463651931502
2026-04-04 17:13:07,87.5,100.0,63.047460742731985
2026-04-04 17:13:22,87.5,100.0,63.000284966148946
2026-04-04 17:13:37,87.5,100.0,62.953109189565915
2026-04-04 17:13:52,87.5,100.0,62.905933412982876
2026-04-04 17:14:07,87.5,100.0,62.858757636399844
2026-04-04 17:14:22,87.5,100.0,62.81158185981681
2026-04-04 17:14:37,87.5,100.0,62.76440608323377
2026-04-04 17:14:52,87.5,100.0,62.71723030665074
2026-04-04 17:15:07,87.5,100.0,62.6700545300677
2026-04-04 17:15:22,87.5,100.0,62.62287875348467
2026-04-04 17:15:37,87.5,100.0,62.57570297690164
2026-04-04 17:15:52,87.5,100.0,62.52852720031861
2026-04-04 17:16:07,87.5,100.0,62.48135142373557
2026-04-04 17:16:22,87.5,100.0,62.43417564715253
2026-04-04 17:16:37,87.5,100.0,62.3869998705695
2026-04-04 17:16:52,87.5,100.0,62.339824093986465
2026-04-04 17:17:07,87.5,100.0,62.29264831740343
2026-04-04 17:17:22,87.5,100.0,62.245472540820394
2026-04-04 17:17:37,87.5,100.0,62.198296764237355
2026-04-04 17:17:52,87.5,100.0,62.15112098765432
2026-04-04 17:18:07,87.5,100.0,62.10394521107129
2026-04-04 17:18:22,87.5,100.0,62.05676943448826
2026-04-04 17:18:37,87.5,100.0,62.00959365790522
2026-04-04 17:18:52,87.5,100.0,61.96241788132219
2026-04-04 17:19:07,87.5,100.0,61.91524210473915
2026-04-04 17:19:22,87.5,100.0,61.86806632815612
2026-04-04 17:19:37,87.5,100.0,61.820890551573086
2026-04-04 17:19:52,87.5,100.0,61.77371477499005
2026-04-04 17:20:07,87.5,100.0,61.726538998407015
2026-04-04 17:20:22,87.5,100.0,61.67936322182398
2026-04-04 17:20:37,87.5,100.0,61.632187445240945
2026-04-04 17:20:52,87.5,100.0,61.58501166865791
2026-04-04 17:21:07,87.5,100.0,61.537835892074874
2026-04-04 17:21:22,87.5,100.0,61.49066011549184
2026-04-04 17:21:37,87.5,100.0,61.4434843389088
2026-04-04 17:21:52,87.5,100.0,61.39630856232577
2026-04-04 17:22:07,87.5,100.0,61.34913278574274
2026-04-04 17:22:22,87.5,100.0,61.3019570091597
2026-04-04 17:22:37,87.5,100.0,61.25478123257667
2026-04-04 17:22:52,87.5,100.0,61.20760545599363
2026-04-04 17:23:07,87.5,100.0,61.1604296794106
2026-04-04 17:23:22,87.5,100.0,61.113253902827566
2026-04-04 17:23:37,87.5,100.0,61.06607812624453
2026-04-04 17:23:52,87.5,100.0,61.018902349661495
2026-04-04 17:24:07,87.5,100.0,60.971726573078456
2026-04-04 17:24:22,87.5,100.0,60.924550796495424
2026-04-04 17:24:37,87.5,100.0,60.87737501991239
2026-04-04 17:24:52,87.5,100.0,60.83019924332935
2026-04-04 17:25:07,87.5,100.0,60.783023466746315
2026-04-04 17:25:22,87.5,100.0,60.73584769016328
2026-04-04 17:25:37,87.5,100.0,60.68867191358025
2026-04-04 17:25:52,87.5,100.0,60.64149613699722
2026-04-04 17:26:07,87.5,100.0,60.59432036041418
2026-04-04 17:26:22,87.5,100.0,60.54714458383115
2026-04-04 17:26:37,87.5,100.0,60.49996880724811
2026-04-04 17:26:52,87.5,100.0,60.45279303066508
2026-04-04 17:27:07,87.5,100.0,60.405617254082046
2026-04-04 17:27:22,87.5,100.0,60.35844147749901
2026-04-04 17:27:37,87.5,100.0,60.311265700915975
2026-04-04 17:27:52,87.5,100.0,60.264089924332936
2026-04-04 17:28:07,87.5,100.0,60.216914147749904
2026-04-04 17:28:22,87.5,100.0,60.16973837116687
2026-04-04 17:28:37,87.5,100.0,60.12256259458383
2026-04-04 17:28:52,87.5,100.0,60.0753868180008
2026-04-04 17:29:07,87.5,100.0,60.02821104141776
2026-04-04 17:29:22,87.5,100.0,59.98103526483473
2026-04-04 17:29:37,87.5,100.0,59.9338594882517
2026-04-04 17:29:52,87.5,100.0,59.88668371166866
2026-04-04 17:30:07,87.5,100.0,59.83950793508563
2026-04-04 17:30:22,87.5,100.0,59.79233215850259
2026-04-04 17:30:37,87.5,100.0,59.74515638191956
2026-04-04 17:30:52,87.5,100.0,59.697980605336525
2026-04-04 17:31:07,87.5,100.0,59.650804828753486
2026-04-04 17:31:22,87.5,100.0,59.603629052170454
2026-04-04 17:31:37,87.5,100.0,59.556453275587415
2026-04-04 17:31:52,87.5,100.0,59.509277499004384
2026-04-04 17:32:07,87.5,100.0,59.46210172242135
2026-04-04 17:32:22,87.5,100.0,59.41492594583832
2026-04-04 17:32:37,87.5,100.0,59.36775016925528
2026-04-04 17:32:52,87.5,100.0,59.32057439267224
2026-04-04 17:33:07,87.5,100.0,59.27339861608921
2026-04-04 17:33:22,87.5,100.0,59.22622283950618
2026-04-04 17:33:37,87.5,100.0,59.179047062923146
2026-04-04 17:33:52,87.5,100.0,59.13187128634011
2026-04-04 17:34:07,87.5,100.0,59.08469550975707
2026-04-04 17:34:22,87.5,100.0,59.03751973317404
2026-04-04 17:34:37,87.5,100.0,58.990343956591005
2026-04-04 17:34:52,87.5,100.0,58.94316818000797
2026-04-04 17:35:07,87.5,100.0,58.895992403424934
2026-04-04 17:35:22,87.5,100.0,58.848816626841895
2026-04-04 17:35:37,87.5,100.0,58.80164085025886
2026-04-04 17:35:52,87.5,100.0,58.75446507367583
2026-04-04 17:36:07,87.5,100.0,58.7072892970928
2026-04-04 17:36:22,87.5,100.0,58.66011352050976
2026-04-04 17:36:37,87.5,100.0,58.61293774392672
2026-04-04 17:36:52,87.5,100.0,58.56576196734369
2026-04-04 17:37:07,87.5,100.0,58.51858619076066
2026-04-04 17:37:22,87.5,100.0,58.471410414177626
2026-04-04 17:37:37,87.5,100.0,58.42423463759459
2026-04-04 17:37:52,87.5,100.0,58.37705886101155
2026-04-04 17:38:07,100.0,100.0,58.329883084428516
2026-04-04 17:38:22,100.0,100.0,58.282707307845484
2026-04-04 17:38:37,100.0,100.0,58.23553153126245
2026-04-04 17:38:52,100.0,100.0,58.188355754679414
2026-04-04 17:39:07,100.0,100.0,58.141179978096375
2026-04-04 17:39:22,100.0,100.0,58.09400420151334
2026-04-04 17:39:37,100.0,100.0,58.04682842493031
2026-04-04 17:39:52,100.0,100.0,57.99965264834728
2026-04-04 17:40:07,100.0,100.0,57.95247687176424
2026-04-04 17:40:22,100.0,100.0,57.9053010951812
2026-04-04 17:40:37,100.0,100.0,57.85812531859817
2026-04-04 17:40:52,100.0,100.0,57.81094954201514
2026-04-04 17:41:07,100.0,100.0,57.763773765432106
2026-04-04 17:41:22,100.0,100.0,57.71659798884907
2026-04-04 17:41:37,100.0,100.0,57.66942221226603
2026-04-04 17:41:52,100.0,100.0,57.622246435682996
2026-04-04 17:42:07,100.0,100.0,57.575070659099964
2026-04-04 17:42:22,100.0,100.0,57.52789488251693
2026-04-04 17:42:37,100.0,100.0,57.48071910593389
2026-04-04 17:42:52,100.0,100.0,57.433543329350854
2026-04-04 17:43:07,100.0,100.0,57.38636755276782
2026-04-04 17:43:22,100.0,100.0,57.33919177618479
2026-04-04 17:43:37,100.0,100.0,57.29201599960176
2026-04-04 17:43:52,100.0,100.0,57.24484022301872
2026-04-04 17:44:07,100.0,100.0,57.19766444643568
2026-04-04 17:44:22,100.0,100.0,57.15048866985265
2026-04-04 17:44:37,100.0,100.0,57.10331289326962
2026-04-04 17:44:52,100.0,100.0,57.056137116686585
2026-04-04 17:45:07,100.0,100.0,57.008961340103546
2026-04-04 17:45:22,100.0,100.0,56.96178556352051
2026-04-04 17:45:37,100.0,100.0,56.914609786937476
2026-04-04 17:45:52,100.0,100.0,56.867434010354444
2026-04-04 17:46:07,100.0,100.0,56.82025823377141
2026-04-04 17:46:22,100.0,100.0,56.77308245718837
2026-04-04 17:46:37,100.0,100.0,56.725906680605334
2026-04-04 17:46:52,100.0,100.0,56.6787309040223
2026-04-04 17:47:07,100.0,100.0,56.63155512743927
2026-04-04 17:47:22,100.0,100.0,56.58437935085624
2026-04-04 17:47:37,100.0,100.0,56.5372035742732
2026-04-04 17:47:52,100.0,100.0,56.49002779769016
2026-04-04 17:48:07,100.0,100.0,56.44285202110713
2026-04-04 17:48:22,100.0,100.0,56.3956762445241
2026-04-04 17:48:37,100.0,100.0,56.348500467941065
2026-04-04 17:48:52,100.0,100.0,56.301324691358026
2026-04-04 17:49:07,100.0,100.0,56.25414891477499
2026-04-04 17:49:22,100.0,100.0,56.206973138191955
2026-04-04 17:49:37,100.0,100.0,56.15979736160892
2026-04-04 17:49:52,100.0,100.0,56.11262158502589
2026-04-04 17:50:07,100.0,100.0,56.06544580844285
2026-04-04 17:50:22,100.0,100.0,56.018270031859814
2026-04-04 17:50:37,100.0,100.0,55.97109425527678
2026-04-04 17:50:52,100.0,100.0,55.92391847869375
2026-04-04 17:51:07,100.0,100.0,55.87674270211072
2026-04-04 17:51:22,100.0,100.0,55.82956692552768
2026-04-04 17:51:37,100.0,100.0,55.78239114894464
2026-04-04 17:51:52,100.0,100.0,55.73521537236161
2026-04-04 17:52:07,100.0,100.0,55.68803959577858
2026-04-04 17:52:22,100.0,100.0,55.640863819195545
2026-04-04 17:52:37,100.0,100.0,55.593688042612506
2026-04-04 17:52:52,100.0,100.0,55.546512266029474
2026-04-04 17:53:07,100.0,100.0,55.499336489446435
2026-04-04 17:53:22,100.0,100.0,55.4521607128634
2026-04-04 17:53:37,100.0,100.0,55.40498493628037
2026-04-04 17:53:52,100.0,100.0,55.35780915969733
2026-04-04 17:54:07,100.0,100.0,55.3106333831143
2026-04-04 17:54:22,100.0,100.0,55.26345760653126
2026-04-04 17:54:37,100.0,100.0,55.21628182994823
2026-04-04 17:54:52,100.0,100.0,55.1691060533652
2026-04-04 17:55:07,100.0,100.0,55.12193027678216
2026-04-04 17:55:22,100.0,100.0,55.07475450019913
2026-04-04 17:55:37,100.0,100.0,55.02757872361609
2026-04-04 17:55:52,100.0,100.0,54.980402947033056
2026-04-04 17:56:07,100.0,100.0,54.933227170450024
2026-04-04 17:56:22,100.0,100.0,54.886051393866985
2026-04-04 17:56:37,100.0,100.0,54.83887561728395
2026-04-04 17:56:52,100.0,100.0,54.791699840700915
2026-04-04 17:57:07,100.0,100.0,54.74452406411788
2026-04-04 17:57:22,100.0,100.0,54.69734828753485
2026-04-04 17:57:37,100.0,100.0,54.65017251095181
2026-04-04 17:57:52,100.0,100.0,54.60299673436878
2026-04-04 17:58:07,100.0,100.0,54.55582095778574
2026-04-04 17:58:22,100.0,100.0,54.50864518120271
2026-04-04 17:58:37,100.0,100.0,54.46146940461968
2026-04-04 17:58:52,100.0,100.0,54.414293628036646
2026-04-04 17:59:07,100.0,100.0,54.36711785145361
2026-04-04 17:59:22,100.0,100.0,54.31994207487057
2026-04-04 17:59:37,100.0,100.0,54.272766298287536
2026-04-04 17:59:52,100.0,100.0,54.225590521704504
2026-04-04 18:00:07,100.0,100.0,54.173978763440864
2026-04-04 18:00:22,100.0,100.0,54.11729731182796
2026-04-04 18:00:37,100.0,100.0,54.06061586021506
2026-04-04 18:00:52,100.0,100.0,54.003934408602156
2026-04-04 18:01:07,100.0,100.0,53.94725295698925
2026-04-04 18:01:22,100.0,100.0,53.89057150537634
2026-04-04 18:01:37,100.0,100.0,53.83389005376344
2026-04-04 18:01:52,100.0,100.0,53.77720860215054
2026-04-04 18:02:07,100.0,100.0,53.720527150537634
2026-04-04 18:02:22,100.0,100.0,53.66384569892473
2026-04-04 18:02:37,100.0,100.0,53.60716424731183
2026-04-04 18:02:52,100.0,100.0,53.550482795698926
2026-04-04 18:03:07,100.0,100.0,53.49380134408602
2026-04-04 18:03:22,100.0,100.0,53.43711989247312
2026-04-04 18:03:37,100.0,100.0,53.38043844086022
2026-04-04 18:03:52,100.0,100.0,53.323756989247315
2026-04-04 18:04:07,100.0,100.0,53.26707553763441
2026-04-04 18:04:22,100.0,100.0,53.21039408602151
2026-04-04 18:04:37,100.0,100.0,53.153712634408606
2026-04-04 18:04:52,100.0,100.0,53.0970311827957
2026-04-04 18:05:07,100.0,100.0,53.0403497311828
2026-04-04 18:05:22,100.0,100.0,52.9836682795699
2026-04-04 18:05:37,100.0,100.0,52.926986827956995
2026-04-04 18:05:52,100.0,100.0,52.870305376344085
2026-04-04 18:06:07,100.0,100.0,52.81362392473118
2026-04-04 18:06:22,100.0,100.0,52.75694247311828
2026-04-04 18:06:37,100.0,100.0,52.700261021505376
2026-04-04 18:06:52,100.0,100.0,52.643579569892474
2026-04-04 18:07:07,100.0,100.0,52.58689811827957
2026-04-04 18:07:22,100.0,100.0,52.53021666666667
2026-04-04 18:07:37,100.0,100.0,52.473535215053765
2026-04-04 18:07:52,100.0,100.0,52.41685376344086
2026-04-04 18:08:07,100.0,100.0,52.36017231182796
2026-04-04 18:08:22,100.0,100.0,52.30349086021506
2026-04-04 18:08:37,100.0,100.0,52.246809408602154
2026-04-04 18:08:52,100.0,100.0,52.19012795698925
2026-04-04 18:09:07,100.0,100.0,52.13344650537635
2026-04-04 18:09:22,100.0,100.0,52.076765053763445
2026-04-04 18:09:37,100.0,100.0,52.02008360215054
2026-04-04 18:09:52,100.0,100.0,51.96340215053764
2026-04-04 18:10:07,100.0,100.0,51.90672069892473
2026-04-04 18:10:22,100.0,100.0,51.85003924731183
2026-04-04 18:10:37,100.0,100.0,51.793357795698924
2026-04-04 18:10:52,100.0,100.0,51.73667634408602
2026-04-04 18:11:07,100.0,100.0,51.67999489247312
2026-04-04 18:11:22,100.0,100.0,51.623313440860215
2026-04-04 18:11:37,100.0,100.0,51.56663198924731
2026-04-04 18:11:52,100.0,100.0,51.50995053763441
2026-04-04 18:12:07,100.0,100.0,51.45326908602151
2026-04-04 18:12:22,100.0,100.0,51.396587634408604
2026-04-04 18:12:37,100.0,100.0,51.3399061827957
2026-04-04 18:12:52,100.0,100.0,51.2832247311828
2026-04-04 18:13:07,100.0,100.0,51.226543279569896
2026-04-04 18:13:22,100.0,100.0,51.16986182795699
2026-04-04 18:13:37,100.0,100.0,51.11318037634409
2026-04-04 18:13:52,100.0,100.0,51.05649892473119
2026-04-04 18:14:07,100.0,100.0,50.999817473118284
2026-04-04 18:14:22,100.0,100.0,50.94313602150538
2026-04-04 18:14:37,100.0,100.0,50.88645456989248
2026-04-04 18:14:52,100.0,100.0,50.82977311827957
2026-04-04 18:15:07,100.0,100.0,50.773091666666666
2026-04-04 18:15:22,100.0,100.0,50.71641021505376
2026-04-04 18:15:37,100.0,100.0,50.65972876344086
2026-04-04 18:15:52,100.0,100.0,50.60304731182796
2026-04-04 18:16:07,100.0,100.0,50.546365860215055
2026-04-04 18:16:22,100.0,100.0,50.48968440860215
2026-04-04 18:16:37,100.0,100.0,50.43300295698925
2026-04-04 18:16:52,100.0,100.0,50.376321505376346
2026-04-04 18:17:07,100.0,100.0,50.31964005376344
2026-04-04 18:17:22,100.0,100.0,50.26295860215054
2026-04-04 18:17:37,100.0,100.0,50.20627715053764
2026-04-04 18:17:52,100.0,100.0,50.149595698924735
2026-04-04 18:18:07,100.0,100.0,50.09291424731183
2026-04-04 18:18:22,100.0,100.0,50.03623279569893
2026-04-04 18:18:37,100.0,100.0,49.979551344086026
2026-04-04 18:18:52,100.0,100.0,49.922869892473116
2026-04-04 18:19:07,100.0,100.0,49.86618844086021
2026-04-04 18:19:22,100.0,100.0,49.80950698924731
2026-04-04 18:19:37,100.0,100.0,49.75282553763441
2026-04-04 18:19:52,100.0,100.0,49.696144086021505
2026-04-04 18:20:07,100.0,100.0,49.6394626344086
2026-04-04 18:20:22,100.0,100.0,49.5827811827957
2026-04-04 18:20:37,100.0,100.0,49.526099731182796
2026-04-04 18:20:52,100.0,100.0,49.469418279569894
2026-04-04 18:21:07,100.0,100.0,49.41273682795699
2026-04-04 18:21:22,100.0,100.0,49.35605537634409
2026-04-04 18:21:37,100.0,100.0,49.299373924731185
2026-04-04 18:21:52,100.0,100.0,49.24269247311828
2026-04-04 18:22:07,100.0,100.0,49.18601102150538
2026-04-04 18:22:22,100.0,100.0,49.12932956989248
2026-04-04 18:22:37,100.0,100.0,49.072648118279574
2026-04-04 18:22:52,100.0,100.0,49.01596666666667
2026-04-04 18:23:07,100.0,100.0,48.95928521505377
2026-04-04 18:23:22,100.0,100.0,48.902603763440865
2026-04-04 18:23:37,100.0,100.0,48.84592231182796
2026-04-04 18:23:52,100.0,100.0,48.78924086021505
2026-04-04 18:24:07,100.0,100.0,48.73255940860215
2026-04-04 18:24:22,100.0,100.0,48.67587795698925
2026-04-04 18:24:37,100.0,100.0,48.619196505376344
2026-04-04 18:24:52,100.0,100.0,48.56251505376344
2026-04-04 18:25:07,100.0,100.0,48.50583360215054
2026-04-04 18:25:22,100.0,100.0,48.449152150537635
2026-04-04 18:25:37,100.0,100.0,48.39247069892473
2026-04-04 18:25:52,100.0,100.0,48.33578924731183
2026-04-04 18:26:07,100.0,100.0,48.27910779569893
2026-04-04 18:26:22,100.0,100.0,48.222426344086024
2026-04-04 18:26:37,100.0,100.0,48.16574489247312
2026-04-04 18:26:52,100.0,100.0,48.10906344086022
2026-04-04 18:27:07,100.0,100.0,48.052381989247316
2026-04-04 18:27:22,100.0,100.0,47.99570053763441
2026-04-04 18:27:37,100.0,100.0,47.93901908602151
2026-04-04 18:27:52,100.0,100.0,47.8823376344086
2026-04-04 18:28:07,100.0,100.0,47.8256561827957
2026-04-04 18:28:22,100.0,100.0,47.768974731182794
2026-04-04 18:28:37,100.0,100.0,47.71229327956989
2026-04-04 18:28:52,100.0,100.0,47.65561182795699
2026-04-04 18:29:07,100.0,100.0,47.598930376344086
2026-04-04 18:29:22,100.0,100.0,47.54224892473118
2026-04-04 18:29:37,100.0,100.0,47.48556747311828
2026-04-04 18:29:52,100.0,100.0,47.42888602150538
2026-04-04 18:30:07,100.0,100.0,47.372204569892475
2026-04-04 18:30:22,100.0,100.0,47.31552311827957
2026-04-04 18:30:37,100.0,100.0,47.25884166666667
2026-04-04 18:30:52,100.0,100.0,47.202160215053766
2026-04-04 18:31:07,100.0,100.0,47.14547876344086
2026-04-04 18:31:22,100.0,100.0,47.08879731182796
2026-04-04 18:31:37,100.0,100.0,47.03211586021506
2026-04-04 18:31:52,100.0,100.0,46.975434408602155
2026-04-04 18:32:07,100.0,100.0,46.91875295698925
2026-04-04 18:32:22,100.0,100.0,46.86207150537635
2026-04-04 18:32:37,100.0,100.0,46.805390053763446
2026-04-04 18:32:52,100.0,100.0,46.748708602150536
2026-04-04 18:33:07,100.0,100.0,46.69202715053763
2026-04-04 18:33:22,100.0,100.0,46.63534569892473
2026-04-04 18:33:37,100.0,100.0,46.57866424731183
2026-04-04 18:33:52,100.0,100.0,46.521982795698925
2026-04-04 18:34:07,100.0,100.0,46.46530134408602
2026-04-04 18:34:22,100.0,100.0,46.40861989247312
2026-04-04 18:34:37,100.0,100.0,46.351938440860216
2026-04-04 18:34:52,100.0,100.0,46.295256989247314
2026-04-04 18:35:07,100.0,100.0,46.23857553763441
2026-04-04 18:35:22,100.0,100.0,46.18189408602151
2026-04-04 18:35:37,100.0,100.0,46.125212634408605
2026-04-04 18:35:52,100.0,100.0,46.0685311827957
2026-04-04 18:36:07,100.0,100.0,46.0118497311828
2026-04-04 18:36:22,100.0,100.0,45.95516827956989
2026-04-04 18:36:37,100.0,100.0,45.89848682795699
2026-04-04 18:36:52,100.0,100.0,45.841805376344084
2026-04-04 18:37:07,100.0,100.0,45.78512392473118
2026-04-04 18:37:22,100.0,100.0,45.72844247311828
2026-04-04 18:37:37,100.0,100.0,45.671761021505375
2026-04-04 18:37:52,100.0,100.0,45.61507956989247
2026-04-04 18:38:07,100.0,100.0,45.55839811827957
2026-04-04 18:38:22,100.0,100.0,45.50171666666667
2026-04-04 18:38:37,100.0,100.0,45.445035215053764
2026-04-04 18:38:52,100.0,100.0,45.38835376344086
2026-04-04 18:39:07,100.0,100.0,45.33167231182796
2026-04-04 18:39:22,100.0,100.0,45.274990860215055
2026-04-04 18:39:37,100.0,100.0,45.21830940860215
2026-04-04 18:39:52,100.0,100.0,45.16162795698925
2026-04-04 18:40:07,100.0,100.0,45.10494650537635
2026-04-04 18:40:22,100.0,100.0,45.048265053763444
2026-04-04 18:40:37,100.0,100.0,44.99158360215054
2026-04-04 18:40:52,100.0,100.0,44.93490215053764
2026-04-04 18:41:07,100.0,100.0,44.878220698924736
2026-04-04 18:41:22,100.0,100.0,44.82153924731183
2026-04-04 18:41:37,100.0,100.0,44.76485779569893
2026-04-04 18:41:52,100.0,100.0,44.70817634408602
2026-04-04 18:42:07,100.0,100.0,44.65149489247312
2026-04-04 18:42:22,100.0,100.0,44.594813440860214
2026-04-04 18:42:37,100.0,100.0,44.53813198924731
2026-04-04 18:42:52,100.0,100.0,44.48145053763441
2026-04-04 18:43:07,100.0,100.0,44.424769086021506
2026-04-04 18:43:22,100.0,100.0,44.3680876344086
2026-04-04 18:43:37,100.0,100.0,44.3114061827957
2026-04-04 18:43:52,100.0,100.0,44.2547247311828
2026-04-04 18:44:07,100.0,100.0,44.198043279569895
2026-04-04 18:44:22,100.0,100.0,44.14136182795699
2026-04-04 18:44:37,100.0,100.0,44.08468037634409
2026-04-04 18:44:52,100.0,100.0,44.027998924731186
2026-04-04 18:45:07,100.0,100.0,43.97131747311828
2026-04-04 18:45:22,100.0,100.0,43.91463602150537
2026-04-04 18:45:37,100.0,100.0,43.85795456989247
2026-04-04 18:45:52,100.0,100.0,43.80127311827957
2026-04-04 18:46:07,100.0,100.0,43.744591666666665
2026-04-04 18:46:22,100.0,100.0,43.68791021505376
2026-04-04 18:46:37,100.0,100.0,43.63122876344086
2026-04-04 18:46:52,100.0,100.0,43.574547311827956
2026-04-04 18:47:07,100.0,100.0,43.51786586021505
2026-04-04 18:47:22,100.0,100.0,43.46118440860215
2026-04-04 18:47:37,100.0,100.0,43.40450295698925
2026-04-04 18:47:52,100.0,100.0,43.347821505376345
2026-04-04 18:48:07,100.0,100.0,43.29114005376344
2026-04-04 18:48:22,100.0,100.0,43.23445860215054
2026-04-04 18:48:37,100.0,100.0,43.177777150537636
2026-04-04 18:48:52,100.0,100.0,43.121095698924734
2026-04-04 18:49:07,100.0,100.0,43.06441424731183
2026-04-04 18:49:22,100.0,100.0,43.00773279569893
2026-04-04 18:49:37,100.0,100.0,42.951051344086025
2026-04-04 18:49:52,100.0,100.0,42.89436989247312
2026-04-04 18:50:07,100.0,100.0,42.83768844086022
2026-04-04 18:50:22,100.0,100.0,42.78100698924732
2026-04-04 18:50:37,100.0,100.0,42.724325537634414
2026-04-04 18:50:52,100.0,100.0,42.667644086021504
2026-04-04 18:51:07,100.0,100.0,42.6109626344086
2026-04-04 18:51:22,100.0,100.0,42.5542811827957
2026-04-04 18:51:37,100.0,100.0,42.497599731182795
2026-04-04 18:51:52,100.0,100.0,42.44091827956989
2026-04-04 18:52:07,100.0,100.0,42.38423682795699
2026-04-04 18:52:22,100.0,100.0,42.32755537634409
2026-04-04 18:52:37,100.0,100.0,42.270873924731184
2026-04-04 18:52:52,100.0,100.0,42.21419247311828
2026-04-04 18:53:07,100.0,100.0,42.15751102150538
2026-04-04 18:53:22,100.0,100.0,42.100829569892475
2026-04-04 18:53:37,100.0,100.0,42.04414811827957
2026-04-04 18:53:52,100.0,100.0,41.98746666666667
2026-04-04 18:54:07,100.0,100.0,41.93078521505376
2026-04-04 18:54:22,100.0,100.0,41.87410376344086
2026-04-04 18:54:37,100.0,100.0,41.817422311827954
2026-04-04 18:54:52,100.0,100.0,41.76074086021505
2026-04-04 18:55:07,100.0,100.0,41.70405940860215
2026-04-04 18:55:22,100.0,100.0,41.647377956989246
2026-04-04 18:55:37,100.0,100.0,41.59069650537634
2026-04-04 18:55:52,100.0,100.0,41.53401505376344
2026-04-04 18:56:07,100.0,100.0,41.47733360215054
2026-04-04 18:56:22,100.0,100.0,41.420652150537634
2026-04-04 18:56:37,100.0,100.0,41.36397069892473
2026-04-04 18:56:52,100.0,100.0,41.30728924731183
2026-04-04 18:57:07,100.0,100.0,41.250607795698926
2026-04-04 18:57:22,100.0,100.0,41.19392634408602
2026-04-04 18:57:37,100.0,100.0,41.13724489247312
2026-04-04 18:57:52,100.0,100.0,41.08056344086022
2026-04-04 18:58:07,100.0,100.0,41.023881989247315
2026-04-04 18:58:22,100.0,100.0,40.96720053763441
2026-04-04 18:58:37,100.0,100.0,40.91051908602151
2026-04-04 18:58:52,100.0,100.0,40.853837634408606
2026-04-04 18:59:07,100.0,100.0,40.7971561827957
2026-04-04 18:59:22,100.0,100.0,40.7404747311828
2026-04-04 18:59:37,100.0,100.0,40.68379327956989
2026-04-04 18:59:52,100.0,100.0,40.62711182795699
2026-04-04 19:00:07,100.0,100.0,40.570430376344085
2026-04-04 19:00:22,100.0,100.0,40.51374892473118
2026-04-04 19:00:37,100.0,100.0,40.45706747311828
2026-04-04 19:00:52,100.0,100.0,40.400386021505376
2026-04-04 19:01:07,100.0,100.0,40.34370456989247
2026-04-04 19:01:22,100.0,100.0,40.28702311827957
2026-04-04 19:01:37,100.0,100.0,40.23034166666667
2026-04-04 19:01:52,100.0,100.0,40.173660215053765
2026-04-04 19:02:07,100.0,100.0,40.11697876344086
2026-04-04 19:02:22,100.0,100.0,40.06029731182796
2026-04-04 19:02:37,100.0,100.0,40.003615860215056
2026-04-04 19:02:52,100.0,100.0,39.946934408602154
2026-04-04 19:03:07,100.0,100.0,39.890252956989244
2026-04-04 19:03:22,100.0,100.0,39.83357150537634
2026-04-04 19:03:37,100.0,100.0,39.77689005376344
2026-04-04 19:03:52,100.0,100.0,39.720208602150535
2026-04-04 19:04:07,100.0,100.0,39.66352715053763
2026-04-04 19:04:22,100.0,100.0,39.60684569892473
2026-04-04 19:04:37,100.0,100.0,39.55016424731183
2026-04-04 19:04:52,100.0,100.0,39.493482795698924
2026-04-04 19:05:07,100.0,100.0,39.43680134408602
2026-04-04 19:05:22,100.0,100.0,39.38011989247312
2026-04-04 19:05:37,100.0,100.0,39.323438440860215
2026-04-04 19:05:52,100.0,100.0,39.26675698924731
2026-04-04 19:06:07,100.0,100.0,39.21007553763441
2026-04-04 19:06:22,100.0,100.0,39.15339408602151
2026-04-04 19:06:37,100.0,100.0,39.096712634408604
2026-04-04 19:06:52,100.0,100.0,39.0400311827957
2026-04-04 19:07:07,100.0,100.0,38.9833497311828
2026-04-04 19:07:22,100.0,100.0,38.926668279569896
2026-04-04 19:07:37,100.0,100.0,38.86998682795699
2026-04-04 19:07:52,100.0,100.0,38.81330537634409
2026-04-04 19:08:07,100.0,100.0,38.75662392473119
2026-04-04 19:08:22,100.0,100.0,38.699942473118284
2026-04-04 19:08:37,100.0,100.0,38.643261021505374
2026-04-04 19:08:52,100.0,100.0,38.58657956989247
2026-04-04 19:09:07,100.0,100.0,38.52989811827957
2026-04-04 19:09:22,100.0,100.0,38.473216666666666
2026-04-04 19:09:37,100.0,100.0,38.41653521505376
2026-04-04 19:09:52,100.0,100.0,38.35985376344086
2026-04-04 19:10:07,100.0,100.0,38.30317231182796
2026-04-04 19:10:22,100.0,100.0,38.246490860215054
2026-04-04 19:10:37,100.0,100.0,38.18980940860215
2026-04-04 19:10:52,100.0,100.0,38.13312795698925
2026-04-04 19:11:07,100.0,100.0,38.076446505376346
2026-04-04 19:11:22,100.0,100.0,38.019765053763436
2026-04-04 19:11:37,100.0,100.0,37.96308360215053
2026-04-04 19:11:52,100.0,100.0,37.90640215053763
2026-04-04 19:12:07,100.0,100.0,37.84972069892473
2026-04-04 19:12:22,100.0,100.0,37.793039247311825
2026-04-04 19:12:37,100.0,100.0,37.73635779569892
2026-04-04 19:12:52,100.0,100.0,37.67967634408602
2026-04-04 19:13:07,100.0,100.0,37.622994892473116
2026-04-04 19:13:22,100.0,100.0,37.56631344086021
2026-04-04 19:13:37,100.0,100.0,37.50963198924731
2026-04-04 19:13:52,100.0,100.0,37.45295053763441
2026-04-04 19:14:07,100.0,100.0,37.396269086021505
2026-04-04 19:14:22,100.0,100.0,37.3395876344086
2026-04-04 19:14:37,100.0,100.0,37.2829061827957
2026-04-04 19:14:52,100.0,100.0,37.226224731182796
2026-04-04 19:15:07,100.0,100.0,37.16954327956989
2026-04-04 19:15:22,100.0,100.0,37.11286182795699
2026-04-04 19:15:37,100.0,100.0,37.05618037634409
2026-04-04 19:15:52,100.0,100.0,36.999498924731185
2026-04-04 19:16:07,100.0,100.0,36.94281747311828
2026-04-04 19:16:22,100.0,100.0,36.88613602150538
2026-04-04 19:16:37,100.0,100.0,36.82945456989248
2026-04-04 19:16:52,100.0,100.0,36.772773118279574
2026-04-04 19:17:07,100.0,100.0,36.71609166666667
2026-04-04 19:17:22,100.0,100.0,36.65941021505377
2026-04-04 19:17:37,100.0,100.0,36.602728763440865
2026-04-04 19:17:52,100.0,100.0,36.54604731182796
2026-04-04 19:18:07,100.0,100.0,36.48936586021505
2026-04-04 19:18:22,100.0,100.0,36.43268440860215
2026-04-04 19:18:37,100.0,100.0,36.37600295698925
2026-04-04 19:18:52,100.0,100.0,36.319321505376344
2026-04-04 19:19:07,100.0,100.0,36.26264005376344
2026-04-04 19:19:22,100.0,100.0,36.20595860215054
2026-04-04 19:19:37,100.0,100.0,36.149277150537635
2026-04-04 19:19:52,100.0,100.0,36.09259569892473
2026-04-04 19:20:07,100.0,100.0,36.03591424731183
2026-04-04 19:20:22,100.0,100.0,35.97923279569892
2026-04-04 19:20:37,100.0,100.0,35.92255134408602
2026-04-04 19:20:52,100.0,100.0,35.865869892473114
2026-04-04 19:21:07,100.0,100.0,35.80918844086021
2026-04-04 19:21:22,100.0,100.0,35.75250698924731
2026-04-04 19:21:37,100.0,100.0,35.695825537634406
2026-04-04 19:21:52,100.0,100.0,35.6391440860215
2026-04-04 19:22:07,100.0,100.0,35.5824626344086
2026-04-04 19:22:22,100.0,100.0,35.5257811827957
2026-04-04 19:22:37,100.0,100.0,35.469099731182794
2026-04-04 19:22:52,100.0,100.0,35.41241827956989
2026-04-04 19:23:07,100.0,100.0,35.35573682795699
2026-04-04 19:23:22,100.0,100.0,35.299055376344086
2026-04-04 19:23:37,100.0,100.0,35.24237392473118
2026-04-04 19:23:52,100.0,100.0,35.18569247311828
2026-04-04 19:24:07,100.0,100.0,35.12901102150538
2026-04-04 19:24:22,100.0,100.0,35.072329569892474
2026-04-04 19:24:37,100.0,100.0,35.01564811827957
2026-04-04 19:24:52,100.0,100.0,34.95896666666667
2026-04-04 19:25:07,100.0,100.0,34.902285215053766
2026-04-04 19:25:22,100.0,100.0,34.84560376344086
2026-04-04 19:25:37,100.0,100.0,34.78892231182796
2026-04-04 19:25:52,100.0,100.0,34.73224086021506
2026-04-04 19:26:07,100.0,100.0,34.675559408602155
2026-04-04 19:26:22,100.0,100.0,34.61887795698925
2026-04-04 19:26:37,100.0,100.0,34.56219650537635
2026-04-04 19:26:52,100.0,100.0,34.50551505376344
2026-04-04 19:27:07,100.0,100.0,34.448833602150536
2026-04-04 19:27:22,100.0,100.0,34.39215215053763
2026-04-04 19:27:37,100.0,100.0,34.33547069892473
2026-04-04 19:27:52,100.0,100.0,34.27878924731183
2026-04-04 19:28:07,100.0,100.0,34.222107795698925
2026-04-04 19:28:22,100.0,100.0,34.16542634408602
2026-04-04 19:28:37,100.0,100.0,34.10874489247312
2026-04-04 19:28:52,100.0,100.0,34.052063440860216
2026-04-04 19:29:07,100.0,100.0,33.995381989247306
2026-04-04 19:29:22,100.0,100.0,33.9387005376344
2026-04-04 19:29:37,100.0,100.0,33.8820190860215
2026-04-04 19:29:52,100.0,100.0,33.8253376344086
2026-04-04 19:30:07,100.0,100.0,33.768656182795695
2026-04-04 19:30:22,100.0,100.0,33.71197473118279
2026-04-04 19:30:37,100.0,100.0,33.65529327956989
2026-04-04 19:30:52,100.0,100.0,33.59861182795699
2026-04-04 19:31:07,100.0,100.0,33.541930376344084
2026-04-04 19:31:22,100.0,100.0,33.48524892473118
2026-04-04 19:31:37,100.0,100.0,33.42856747311828
2026-04-04 19:31:52,100.0,100.0,33.371886021505375
2026-04-04 19:32:07,100.0,100.0,33.31520456989247
2026-04-04 19:32:22,100.0,100.0,33.25852311827957
2026-04-04 19:32:37,100.0,100.0,33.20184166666667
2026-04-04 19:32:52,100.0,100.0,33.145160215053764
2026-04-04 19:33:07,100.0,100.0,33.08847876344086
2026-04-04 19:33:22,100.0,100.0,33.03179731182796
2026-04-04 19:33:37,100.0,100.0,32.975115860215055
2026-04-04 19:33:52,100.0,100.0,32.91843440860215
2026-04-04 19:34:07,100.0,100.0,32.86175295698925
2026-04-04 19:34:22,100.0,100.0,32.80507150537635
2026-04-04 19:34:37,100.0,100.0,32.748390053763444
2026-04-04 19:34:52,100.0,100.0,32.69170860215054
2026-04-04 19:35:07,100.0,100.0,32.63502715053764
2026-04-04 19:35:22,100.0,100.0,32.578345698924736
2026-04-04 19:35:37,100.0,100.0,32.52166424731183
2026-04-04 19:35:52,100.0,100.0,32.46498279569892
2026-04-04 19:36:07,100.0,100.0,32.40830134408602
2026-04-04 19:36:22,100.0,100.0,32.35161989247312
2026-04-04 19:36:37,100.0,100.0,32.294938440860214
2026-04-04 19:36:52,100.0,100.0,32.23825698924731
2026-04-04 19:37:07,100.0,100.0,32.18157553763441
2026-04-04 19:37:22,100.0,100.0,32.124894086021506
2026-04-04 19:37:37,100.0,100.0,32.0682126344086
2026-04-04 19:37:52,100.0,100.0,32.0115311827957
2026-04-04 19:38:07,100.0,100.0,31.954849731182794
2026-04-04 19:38:22,100.0,100.0,31.89816827956989
2026-04-04 19:38:37,100.0,100.0,31.841486827956988
2026-04-04 19:38:52,100.0,100.0,31.784805376344085
2026-04-04 19:39:07,100.0,100.0,31.728123924731182
2026-04-04 19:39:22,100.0,100.0,31.67144247311828
2026-04-04 19:39:37,100.0,100.0,31.614761021505377
2026-04-04 19:39:52,100.0,100.0,31.558079569892474
2026-04-04 19:40:07,100.0,100.0,31.50139811827957
2026-04-04 19:40:22,100.0,100.0,31.444716666666665
2026-04-04 19:40:37,100.0,100.0,31.388035215053762
2026-04-04 19:40:52,100.0,100.0,31.33135376344086
2026-04-04 19:41:07,100.0,100.0,31.274672311827956
2026-04-04 19:41:22,100.0,100.0,31.217990860215053
2026-04-04 19:41:37,100.0,100.0,31.16130940860215
2026-04-04 19:41:52,100.0,100.0,31.104627956989248
2026-04-04 19:42:07,100.0,100.0,31.047946505376345
2026-04-04 19:42:22,100.0,100.0,30.99126505376344
2026-04-04 19:42:37,100.0,100.0,30.934583602150536
2026-04-04 19:42:52,100.0,100.0,30.877902150537633
2026-04-04 19:43:07,100.0,100.0,30.82122069892473
2026-04-04 19:43:22,100.0,100.0,30.764539247311827
2026-04-04 19:43:37,100.0,100.0,30.707857795698924
2026-04-04 19:43:52,100.0,100.0,30.65117634408602
2026-04-04 19:44:07,100.0,100.0,30.59449489247312
2026-04-04 19:44:22,100.0,100.0,30.537813440860216
2026-04-04 19:44:37,100.0,100.0,30.48113198924731
2026-04-04 19:44:52,100.0,100.0,30.424450537634407
2026-04-04 19:45:07,100.0,100.0,30.367769086021504
2026-04-04 19:45:22,100.0,100.0,30.3110876344086
2026-04-04 19:45:37,100.0,100.0,30.254406182795698
2026-04-04 19:45:52,100.0,100.0,30.197724731182795
2026-04-04 19:46:07,100.0,100.0,30.141043279569892
2026-04-04 19:46:22,100.0,100.0,30.08436182795699
2026-04-04 19:46:37,100.0,100.0,30.027680376344087
2026-04-04 19:46:52,100.0,100.0,29.97099892473118
2026-04-04 19:47:07,100.0,100.0,29.914317473118277
2026-04-04 19:47:22,100.0,100.0,29.857636021505375
2026-04-04 19:47:37,100.0,100.0,29.800954569892472
2026-04-04 19:47:52,100.0,100.0,29.74427311827957
2026-04-04 19:48:07,100.0,100.0,29.687591666666666
2026-04-04 19:48:22,100.0,100.0,29.630910215053763
2026-04-04 19:48:37,100.0,100.0,29.57422876344086
2026-04-04 19:48:52,100.0,100.0,29.517547311827958
2026-04-04 19:49:07,100.0,100.0,29.46086586021505
2026-04-04 19:49:22,100.0,100.0,29.40418440860215
2026-04-04 19:49:37,100.0,100.0,29.347502956989246
2026-04-04 19:49:52,100.0,100.0,29.290821505376343
2026-04-04 19:50:07,100.0,100.0,29.23414005376344
2026-04-04 19:50:22,100.0,100.0,29.177458602150537
2026-04-04 19:50:37,100.0,100.0,29.120777150537634
2026-04-04 19:50:52,100.0,100.0,29.06409569892473
2026-04-04 19:51:07,100.0,100.0,29.00741424731183
2026-04-04 19:51:22,100.0,100.0,28.950732795698922
2026-04-04 19:51:37,100.0,100.0,28.89405134408602
2026-04-04 19:51:52,100.0,100.0,28.837369892473117
2026-04-04 19:52:07,100.0,100.0,28.780688440860214
2026-04-04 19:52:22,100.0,100.0,28.72400698924731
2026-04-04 19:52:37,100.0,100.0,28.667325537634408
2026-04-04 19:52:52,100.0,100.0,28.610644086021505
2026-04-04 19:53:07,100.0,100.0,28.553962634408602
2026-04-04 19:53:22,100.0,100.0,28.4972811827957
2026-04-04 19:53:37,100.0,100.0,28.440599731182793
2026-04-04 19:53:52,100.0,100.0,28.38391827956989
2026-04-04 19:54:07,100.0,100.0,28.327236827956987
2026-04-04 19:54:22,100.0,100.0,28.270555376344085
2026-04-04 19:54:37,100.0,100.0,28.213873924731182
2026-04-04 19:54:52,100.0,100.0,28.15719247311828
2026-04-04 19:55:07,100.0,100.0,28.100511021505376
2026-04-04 19:55:22,100.0,100.0,28.043829569892473
2026-04-04 19:55:37,100.0,100.0,27.98714811827957
2026-04-04 19:55:52,100.0,100.0,27.930466666666664
2026-04-04 19:56:07,100.0,100.0,27.87378521505376
2026-04-04 19:56:22,100.0,100.0,27.81710376344086
2026-04-04 19:56:37,100.0,100.0,27.760422311827956
2026-04-04 19:56:52,100.0,100.0,27.703740860215053
2026-04-04 19:57:07,100.0,100.0,27.64705940860215
2026-04-04 19:57:22,100.0,100.0,27.590377956989247
2026-04-04 19:57:37,100.0,99.08256880733946,27.533696505376344
2026-04-04 19:57:52,100.0,99.08256880733946,27.47701505376344
2026-04-04 19:58:07,100.0,99.08256880733946,27.420333602150535
2026-04-04 19:58:22,100.0,99.08256880733946,27.363652150537632
2026-04-04 19:58:37,100.0,98.1651376146789,27.30697069892473
2026-04-04 19:58:52,100.0,97.24770642201835,27.250289247311827
2026-04-04 19:59:07,100.0,96.3302752293578,27.193607795698924
2026-04-04 19:59:22,100.0,95.41284403669725,27.13692634408602
2026-04-04 19:59:37,100.0,95.41284403669725,27.080244892473118
2026-04-04 19:59:52,100.0,95.41284403669725,27.023563440860215
2026-04-04 20:00:07,100.0,95.41284403669725,27.02697041019514
2026-04-04 20:00:22,100.0,95.41284403669725,27.0990498606133
2026-04-04 20:00:37,100.0,95.41284403669725,27.17112931103146
2026-04-04 20:00:52,100.0,95.41284403669725,27.24320876144962
2026-04-04 20:01:07,100.0,95.41284403669725,27.31528821186778
2026-04-04 20:01:22,100.0,95.41284403669725,27.38736766228594
2026-04-04 20:01:37,100.0,95.41284403669725,27.4594471127041
2026-04-04 20:01:52,100.0,95.41284403669725,27.53152656312226
2026-04-04 20:02:07,100.0,95.41284403669725,27.60360601354042
2026-04-04 20:02:22,100.0,95.41284403669725,27.67568546395858
2026-04-04 20:02:37,100.0,95.41284403669725,27.74776491437674
2026-04-04 20:02:52,100.0,95.41284403669725,27.8198443647949
2026-04-04 20:03:07,100.0,95.41284403669725,27.89192381521306
2026-04-04 20:03:22,100.0,95.41284403669725,27.96400326563122
2026-04-04 20:03:37,100.0,95.57522123893806,28.036082716049382
2026-04-04 20:03:52,100.0,95.57522123893806,28.10816216646754
2026-04-04 20:04:07,100.0,95.57522123893806,28.180241616885702
2026-04-04 20:04:22,100.0,95.57522123893806,28.25232106730386
2026-04-04 20:04:37,100.0,95.57522123893806,28.324400517722022
2026-04-04 20:04:52,100.0,95.57522123893806,28.39647996814018
2026-04-04 20:05:07,100.0,95.57522123893806,28.468559418558343
2026-04-04 20:05:22,100.0,95.57522123893806,28.5406388689765
2026-04-04 20:05:37,100.0,95.57522123893806,28.612718319394663
2026-04-04 20:05:52,100.0,95.57522123893806,28.68479776981282
2026-04-04 20:06:07,100.0,95.57522123893806,28.756877220230983
2026-04-04 20:06:22,100.0,95.57522123893806,28.82895667064914
2026-04-04 20:06:37,100.0,95.57522123893806,28.901036121067303
2026-04-04 20:06:52,100.0,95.57522123893806,28.97311557148546
2026-04-04 20:07:07,100.0,95.72649572649573,29.045195021903623
2026-04-04 20:07:22,100.0,95.72649572649573,29.117274472321782
2026-04-04 20:07:37,100.0,95.72649572649573,29.189353922739944
2026-04-04 20:07:52,100.0,95.72649572649573,29.261433373158102
2026-04-04 20:08:07,100.0,95.72649572649573,29.333512823576264
2026-04-04 20:08:22,100.0,95.72649572649573,29.405592273994422
2026-04-04 20:08:37,100.0,95.72649572649573,29.477671724412584
2026-04-04 20:08:52,100.0,95.72649572649573,29.549751174830742
2026-04-04 20:09:07,100.0,95.72649572649573,29.621830625248904
2026-04-04 20:09:22,100.0,95.72649572649573,29.693910075667063
2026-04-04 20:09:37,100.0,95.72649572649573,29.765989526085225
2026-04-04 20:09:52,100.0,95.72649572649573,29.838068976503383
2026-04-04 20:10:07,100.0,95.72649572649573,29.910148426921545
2026-04-04 20:10:22,100.0,95.72649572649573,29.982227877339703
2026-04-04 20:10:37,100.0,95.86776859504133,30.054307327757865
2026-04-04 20:10:52,100.0,95.86776859504133,30.126386778176023
2026-04-04 20:11:07,100.0,95.86776859504133,30.198466228594185
2026-04-04 20:11:22,100.0,95.86776859504133,30.270545679012343
2026-04-04 20:11:37,100.0,95.86776859504133,30.342625129430505
2026-04-04 20:11:52,100.0,95.86776859504133,30.414704579848664
2026-04-04 20:12:07,100.0,95.86776859504133,30.486784030266826
2026-04-04 20:12:22,100.0,95.86776859504133,30.558863480684984
2026-04-04 20:12:37,100.0,95.86776859504133,30.630942931103146
2026-04-04 20:12:52,100.0,95.86776859504133,30.703022381521304
2026-04-04 20:13:07,100.0,95.86776859504133,30.775101831939466
2026-04-04 20:13:22,100.0,95.86776859504133,30.847181282357624
2026-04-04 20:13:37,100.0,95.86776859504133,30.919260732775786
2026-04-04 20:13:52,100.0,95.86776859504133,30.991340183193945
2026-04-04 20:14:07,100.0,96.0,31.063419633612106
2026-04-04 20:14:22,100.0,96.0,31.135499084030265
2026-04-04 20:14:37,100.0,96.0,31.207578534448427
2026-04-04 20:14:52,100.0,96.0,31.279657984866585
2026-04-04 20:15:07,100.0,96.0,31.351737435284747
2026-04-04 20:15:22,100.0,96.0,31.423816885702905
2026-04-04 20:15:37,100.0,96.0,31.495896336121067
2026-04-04 20:15:52,100.0,96.0,31.567975786539225
2026-04-04 20:16:07,100.0,96.0,31.640055236957387
2026-04-04 20:16:22,87.5,96.0,31.712134687375546
2026-04-04 20:16:37,87.5,96.0,31.784214137793708
2026-04-04 20:16:52,100.0,96.0,31.856293588211866
2026-04-04 20:17:07,100.0,96.0,31.928373038630028
2026-04-04 20:17:22,100.0,96.12403100775194,32.000452489048186
2026-04-04 20:17:37,100.0,96.12403100775194,32.072531939466344
2026-04-04 20:17:52,100.0,96.12403100775194,32.14461138988451
2026-04-04 20:18:07,100.0,96.12403100775194,32.21669084030267
2026-04-04 20:18:22,100.0,96.12403100775194,32.28877029072083
2026-04-04 20:18:37,100.0,96.12403100775194,32.360849741138985
2026-04-04 20:18:52,100.0,96.12403100775194,32.43292919155715
2026-04-04 20:19:07,100.0,96.12403100775194,32.50500864197531
2026-04-04 20:19:22,100.0,96.12403100775194,32.57708809239347
2026-04-04 20:19:37,100.0,96.12403100775194,32.649167542811625
2026-04-04 20:19:52,100.0,96.12403100775194,32.72124699322979
2026-04-04 20:20:07,100.0,96.12403100775194,32.79332644364795
2026-04-04 20:20:22,100.0,96.12403100775194,32.86540589406611
2026-04-04 20:20:37,100.0,96.12403100775194,32.937485344484266
2026-04-04 20:20:52,100.0,96.2406015037594,33.00956479490243
2026-04-04 20:21:07,100.0,96.2406015037594,33.08164424532059
2026-04-04 20:21:22,100.0,96.2406015037594,33.15372369573875
2026-04-04 20:21:37,100.0,96.2406015037594,33.225803146156906
2026-04-04 20:21:52,100.0,96.2406015037594,33.297882596575064
2026-04-04 20:22:07,87.5,96.2406015037594,33.36996204699323
2026-04-04 20:22:22,87.5,96.2406015037594,33.44204149741139
2026-04-04 20:22:37,87.5,96.2406015037594,33.51412094782955
2026-04-04 20:22:52,87.5,96.2406015037594,33.58620039824771
2026-04-04 20:23:07,87.5,96.2406015037594,33.65827984866587
2026-04-04 20:23:22,87.5,96.2406015037594,33.73035929908403
2026-04-04 20:23:37,87.5,96.2406015037594,33.80243874950219
2026-04-04 20:23:52,87.5,96.2406015037594,33.874518199920345
2026-04-04 20:24:07,87.5,96.2406015037594,33.94659765033851
2026-04-04 20:24:22,87.5,96.35036496350365,34.01867710075667
2026-04-04 20:24:37,87.5,96.35036496350365,34.09075655117483
2026-04-04 20:24:52,87.5,96.35036496350365,34.16283600159299
2026-04-04 20:25:07,87.5,96.35036496350365,34.23491545201115
2026-04-04 20:25:22,87.5,96.35036496350365,34.30699490242931
2026-04-04 20:25:37,87.5,96.35036496350365,34.37907435284747
2026-04-04 20:25:52,87.5,96.35036496350365,34.451153803265626
2026-04-04 20:26:07,87.5,96.35036496350365,34.52323325368379
2026-04-04 20:26:22,87.5,96.35036496350365,34.59531270410195
2026-04-04 20:26:37,87.5,96.35036496350365,34.66739215452011
2026-04-04 20:26:52,87.5,96.35036496350365,34.739471604938274
2026-04-04 20:27:07,87.5,96.35036496350365,34.81155105535643
2026-04-04 20:27:22,87.5,96.35036496350365,34.88363050577459
2026-04-04 20:27:37,87.5,96.35036496350365,34.95570995619275
2026-04-04 20:27:52,87.5,96.45390070921985,35.02778940661091
2026-04-04 20:28:07,87.5,96.45390070921985,35.09986885702907
2026-04-04 20:28:22,87.5,96.45390070921985,35.17194830744723
2026-04-04 20:28:37,87.5,96.45390070921985,35.24402775786539
2026-04-04 20:28:52,87.5,97.16312056737588,35.316107208283555
2026-04-04 20:29:07,87.5,97.16312056737588,35.38818665870171
2026-04-04 20:29:22,87.5,97.16312056737588,35.46026610911987
2026-04-04 20:29:37,87.5,97.16312056737588,35.53234555953803
2026-04-04 20:29:52,87.5,97.87234042553192,35.60442500995619
2026-04-04 20:30:07,87.5,98.58156028368793,35.67650446037435
2026-04-04 20:30:22,87.5,99.29078014184397,35.74858391079251
2026-04-04 20:30:37,87.5,100.0,35.82066336121067
2026-04-04 20:30:52,87.5,100.0,35.892742811628835
2026-04-04 20:31:07,87.5,100.0,35.964822262046994
2026-04-04 20:31:22,87.5,100.0,36.03690171246515
2026-04-04 20:31:37,87.5,100.0,36.10898116288331
2026-04-04 20:31:52,87.5,100.0,36.18106061330147
2026-04-04 20:32:07,87.5,100.0,36.253140063719634
2026-04-04 20:32:22,87.5,100.0,36.32521951413779
2026-04-04 20:32:37,87.5,100.0,36.39729896455595
2026-04-04 20:32:52,87.5,100.0,36.469378414974116
2026-04-04 20:33:07,87.5,100.0,36.541457865392275
2026-04-04 20:33:22,87.5,100.0,36.61353731581043
2026-04-04 20:33:37,87.5,100.0,36.68561676622859
2026-04-04 20:33:52,87.5,100.0,36.75769621664675
2026-04-04 20:34:07,87.5,100.0,36.829775667064915
2026-04-04 20:34:22,87.5,100.0,36.90185511748307
2026-04-04 20:34:37,87.5,100.0,36.97393456790123
2026-04-04 20:34:52,87.5,100.0,37.0460140183194
2026-04-04 20:35:07,75.0,100.0,37.118093468737555
2026-04-04 20:35:22,75.0,100.0,37.190172919155714
2026-04-04 20:35:37,75.0,100.0,37.26225236957387
2026-04-04 20:35:52,75.0,100.0,37.33433181999203
2026-04-04 20:36:07,75.0,100.0,37.406411270410196
2026-04-04 20:36:22,75.0,100.0,37.478490720828354
2026-04-04 20:36:37,75.0,100.0,37.55057017124651
2026-04-04 20:36:52,75.0,100.0,37.62264962166468
2026-04-04 20:37:07,75.0,100.0,37.694729072082836
2026-04-04 20:37:22,75.0,100.0,37.766808522500995
2026-04-04 20:37:37,75.0,100.0,37.83888797291915
2026-04-04 20:37:52,75.0,100.0,37.91096742333731
2026-04-04 20:38:07,75.0,100.0,37.98304687375548
2026-04-04 20:38:22,75.0,100.0,38.055126324173635
2026-04-04 20:38:37,75.0,100.0,38.12720577459179
2026-04-04 20:38:52,75.0,100.0,38.19928522500996
2026-04-04 20:39:07,75.0,100.0,38.27136467542812
2026-04-04 20:39:22,75.0,100.0,38.343444125846275
2026-04-04 20:39:37,75.0,100.0,38.415523576264434
2026-04-04 20:39:52,75.0,100.0,38.48760302668259
2026-04-04 20:40:07,75.0,100.0,38.55968247710076
2026-04-04 20:40:22,75.0,100.0,38.631761927518916
2026-04-04 20:40:37,75.0,100.0,38.703841377937074
2026-04-04 20:40:52,75.0,100.0,38.77592082835524
2026-04-04 20:41:07,75.0,100.0,38.8480002787734
2026-04-04 20:41:22,75.0,100.0,38.920079729191556
2026-04-04 20:41:37,75.0,100.0,38.992159179609715
2026-04-04 20:41:52,75.0,100.0,39.06423863002787
2026-04-04 20:42:07,75.0,100.0,39.13631808044604
2026-04-04 20:42:22,75.0,100.0,39.2083975308642
2026-04-04 20:42:37,75.0,100.0,39.280476981282355
2026-04-04 20:42:52,75.0,100.0,39.35255643170052
2026-04-04 20:43:07,75.0,100.0,39.42463588211868
2026-04-04 20:43:22,75.0,100.0,39.49671533253684
2026-04-04 20:43:37,75.0,100.0,39.568794782954996
2026-04-04 20:43:52,75.0,100.0,39.640874233373154
2026-04-04 20:44:07,75.0,100.0,39.71295368379132
2026-04-04 20:44:22,75.0,100.0,39.78503313420948
2026-04-04 20:44:37,75.0,100.0,39.857112584627636
2026-04-04 20:44:52,75.0,100.0,39.9291920350458
2026-04-04 20:45:07,75.0,100.0,40.00127148546396
2026-04-04 20:45:22,75.0,100.0,40.07335093588212
2026-04-04 20:45:37,75.0,100.0,40.145430386300276
2026-04-04 20:45:52,75.0,100.0,40.217509836718435
2026-04-04 20:46:07,75.0,100.0,40.28958928713659
2026-04-04 20:46:22,75.0,100.0,40.36166873755476
2026-04-04 20:46:37,75.0,100.0,40.43374818797292
2026-04-04 20:46:52,75.0,100.0,40.505827638391075
2026-04-04 20:47:07,75.0,100.0,40.57790708880924
2026-04-04 20:47:22,75.0,100.0,40.6499865392274
2026-04-04 20:47:37,75.0,100.0,40.72206598964556
2026-04-04 20:47:52,75.0,100.0,40.794145440063716
2026-04-04 20:48:07,75.0,100.0,40.866224890481874
2026-04-04 20:48:22,75.0,100.0,40.93830434090004
2026-04-04 20:48:37,75.0,100.0,41.0103837913182
2026-04-04 20:48:52,75.0,100.0,41.082463241736356
2026-04-04 20:49:07,75.0,100.0,41.15454269215452
2026-04-04 20:49:22,75.0,100.0,41.22662214257268
2026-04-04 20:49:37,75.0,100.0,41.29870159299084
2026-04-04 20:49:52,75.0,100.0,41.370781043408996
2026-04-04 20:50:07,75.0,100.0,41.442860493827155
2026-04-04 20:50:22,75.0,100.0,41.51493994424532
2026-04-04 20:50:37,75.0,100.0,41.58701939466348
2026-04-04 20:50:52,75.0,100.0,41.65909884508164
2026-04-04 20:51:07,75.0,100.0,41.7311782954998
2026-04-04 20:51:22,75.0,100.0,41.80325774591796
2026-04-04 20:51:37,75.0,100.0,41.87533719633612
2026-04-04 20:51:52,75.0,100.0,41.94741664675428
2026-04-04 20:52:07,75.0,100.0,42.019496097172436
2026-04-04 20:52:22,75.0,100.0,42.0915755475906
2026-04-04 20:52:37,75.0,100.0,42.16365499800876
2026-04-04 20:52:52,75.0,100.0,42.23573444842692
2026-04-04 20:53:07,75.0,100.0,42.30781389884508
2026-04-04 20:53:22,75.0,100.0,42.37989334926324
2026-04-04 20:53:37,75.0,100.0,42.4519727996814
2026-04-04 20:53:52,75.0,100.0,42.52405225009956
2026-04-04 20:54:07,75.0,100.0,42.59613170051772
2026-04-04 20:54:22,75.0,100.0,42.66821115093588
2026-04-04 20:54:37,75.0,100.0,42.74029060135404
2026-04-04 20:54:52,75.0,100.0,42.8123700517722
2026-04-04 20:55:07,75.0,100.0,42.884449502190364
2026-04-04 20:55:22,75.0,100.0,42.95652895260852
2026-04-04 20:55:37,75.0,100.0,43.02860840302668
2026-04-04 20:55:52,75.0,100.0,43.10068785344484
2026-04-04 20:56:07,75.0,100.0,43.172767303863
2026-04-04 20:56:22,75.0,100.0,43.24484675428116
2026-04-04 20:56:37,75.0,100.0,43.31692620469932
2026-04-04 20:56:52,75.0,100.0,43.38900565511749
2026-04-04 20:57:07,75.0,100.0,43.461085105535645
2026-04-04 20:57:22,75.0,100.0,43.5331645559538
2026-04-04 20:57:37,75.0,100.0,43.60524400637196
2026-04-04 20:57:52,75.0,100.0,43.67732345679012
2026-04-04 20:58:07,75.0,100.0,43.74940290720828
2026-04-04 20:58:22,75.0,100.0,43.821482357626444
2026-04-04 20:58:37,75.0,100.0,43.8935618080446
2026-04-04 20:58:52,75.0,100.0,43.96564125846277
2026-04-04 20:59:07,75.0,100.0,44.037720708880926
2026-04-04 20:59:22,75.0,100.0,44.109800159299084
2026-04-04 20:59:37,75.0,100.0,44.18187960971724
2026-04-04 20:59:52,75.0,100.0,44.2539590601354
2026-04-04 21:00:07,75.0,100.0,44.32603851055356
2026-04-04 21:00:22,75.0,100.0,44.398117960971724
2026-04-04 21:00:37,75.0,100.0,44.47019741138988
2026-04-04 21:00:52,75.0,100.0,44.54227686180804
2026-04-04 21:01:07,75.0,100.0,44.61435631222621
2026-04-04 21:01:22,75.0,100.0,44.686435762644365
2026-04-04 21:01:37,75.0,100.0,44.75851521306252
2026-04-04 21:01:52,75.0,100.0,44.83059466348068
2026-04-04 21:02:07,75.0,100.0,44.90267411389884
2026-04-04 21:02:22,75.0,100.0,44.974753564317
2026-04-04 21:02:37,75.0,100.0,45.046833014735164
2026-04-04 21:02:52,75.0,100.0,45.11891246515332
2026-04-04 21:03:07,75.0,100.0,45.19099191557149
2026-04-04 21:03:22,75.0,100.0,45.263071365989646
2026-04-04 21:03:37,75.0,100.0,45.335150816407804
2026-04-04 21:03:52,75.0,100.0,45.40723026682596
2026-04-04 21:04:07,75.0,100.0,45.47930971724412
2026-04-04 21:04:22,75.0,100.0,45.55138916766228
2026-04-04 21:04:37,75.0,100.0,45.623468618080445
2026-04-04 21:04:52,75.0,100.0,45.6955480684986
2026-04-04 21:05:07,75.0,100.0,45.76762751891677
2026-04-04 21:05:22,75.0,100.0,45.83970696933493
2026-04-04 21:05:37,75.0,100.0,45.911786419753085
2026-04-04 21:05:52,75.0,100.0,45.98386587017124
2026-04-04 21:06:07,75.0,100.0,46.0559453205894
2026-04-04 21:06:22,75.0,100.0,46.12802477100756
2026-04-04 21:06:37,75.0,100.0,46.200104221425725
2026-04-04 21:06:52,75.0,100.0,46.272183671843884
2026-04-04 21:07:07,75.0,100.0,46.34426312226205
2026-04-04 21:07:22,75.0,100.0,46.41634257268021
2026-04-04 21:07:37,75.0,100.0,46.488422023098366
2026-04-04 21:07:52,75.0,100.0,46.560501473516524
2026-04-04 21:08:07,75.0,100.0,46.63258092393468
2026-04-04 21:08:22,75.0,100.0,46.70466037435284
2026-04-04 21:08:37,75.0,100.0,46.776739824771006
2026-04-04 21:08:52,75.0,100.0,46.848819275189165
2026-04-04 21:09:07,75.0,100.0,46.92089872560733
2026-04-04 21:09:22,75.0,100.0,46.99297817602549
2026-04-04 21:09:37,75.0,100.0,47.06505762644365
2026-04-04 21:09:52,75.0,100.0,47.137137076861805
2026-04-04 21:10:07,75.0,100.0,47.20921652727996
2026-04-04 21:10:22,75.0,100.0,47.28129597769812
2026-04-04 21:10:37,75.0,100.0,47.35337542811629
2026-04-04 21:10:52,75.0,100.0,47.425454878534445
2026-04-04 21:11:07,75.0,100.0,47.49753432895261
2026-04-04 21:11:22,75.0,100.0,47.56961377937077
2026-04-04 21:11:37,75.0,100.0,47.64169322978893
2026-04-04 21:11:52,75.0,100.0,47.713772680207086
2026-04-04 21:12:07,75.0,100.0,47.785852130625244
2026-04-04 21:12:22,75.0,100.0,47.8579315810434
2026-04-04 21:12:37,75.0,100.0,47.93001103146157
2026-04-04 21:12:52,75.0,100.0,48.002090481879726
2026-04-04 21:13:07,75.0,100.0,48.07416993229789
2026-04-04 21:13:22,75.0,100.0,48.14624938271605
2026-04-04 21:13:37,75.0,100.0,48.21832883313421
2026-04-04 21:13:52,75.0,100.0,48.29040828355237
2026-04-04 21:14:07,75.0,100.0,48.362487733970525
2026-04-04 21:14:22,75.0,100.0,48.43456718438868
2026-04-04 21:14:37,75.0,100.0,48.50664663480685
2026-04-04 21:14:52,75.0,100.0,48.57872608522501
2026-04-04 21:15:07,75.0,100.0,48.65080553564317
2026-04-04 21:15:22,75.0,100.0,48.72288498606133
2026-04-04 21:15:37,75.0,100.0,48.79496443647949
2026-04-04 21:15:52,75.0,100.0,48.86704388689765
2026-04-04 21:16:07,75.0,100.0,48.939123337315806
2026-04-04 21:16:22,75.0,100.0,49.011202787733964
2026-04-04 21:16:37,75.0,100.0,49.08328223815213
2026-04-04 21:16:52,75.0,100.0,49.15536168857029
2026-04-04 21:17:07,75.0,100.0,49.22744113898845
2026-04-04 21:17:22,75.0,100.0,49.29952058940661
2026-04-04 21:17:37,75.0,100.0,49.37160003982477
2026-04-04 21:17:52,75.0,100.0,49.44367949024293
2026-04-04 21:18:07,75.0,100.0,49.51575894066109
2026-04-04 21:18:22,75.0,100.0,49.587838391079245
2026-04-04 21:18:37,75.0,100.0,49.65991784149741
2026-04-04 21:18:52,75.0,100.0,49.73199729191557
2026-04-04 21:19:07,75.0,100.0,49.804076742333734
2026-04-04 21:19:22,75.0,100.0,49.87615619275189
2026-04-04 21:19:37,75.0,100.0,49.94823564317005
2026-04-04 21:19:52,75.0,100.0,50.02031509358821
2026-04-04 21:20:07,75.0,100.0,50.09239454400637
2026-04-04 21:20:22,75.0,100.0,50.164473994424526
2026-04-04 21:20:37,75.0,100.0,50.23655344484269
2026-04-04 21:20:52,75.0,100.0,50.30863289526085
2026-04-04 21:21:07,75.0,100.0,50.380712345679015
2026-04-04 21:21:22,75.0,100.0,50.45279179609717
2026-04-04 21:21:37,75.0,100.0,50.52487124651533
2026-04-04 21:21:52,75.0,100.0,50.59695069693349
2026-04-04 21:22:07,75.0,100.0,50.66903014735165
2026-04-04 21:22:22,75.0,100.0,50.74110959776981
2026-04-04 21:22:37,75.0,100.0,50.81318904818797
2026-04-04 21:22:52,75.0,100.0,50.88526849860613
2026-04-04 21:23:07,75.0,100.0,50.957347949024296
2026-04-04 21:23:22,75.0,100.0,51.029427399442454
2026-04-04 21:23:37,75.0,100.0,51.10150684986061
2026-04-04 21:23:52,75.0,100.0,51.17358630027877
2026-04-04 21:24:07,75.0,100.0,51.24566575069693
2026-04-04 21:24:22,75.0,100.0,51.31774520111509
2026-04-04 21:24:37,75.0,100.0,51.38982465153325
2026-04-04 21:24:52,75.0,100.0,51.46190410195141
2026-04-04 21:25:07,75.0,100.0,51.53398355236958
2026-04-04 21:25:22,75.0,100.0,51.606063002787735
2026-04-04 21:25:37,75.0,100.0,51.67814245320589
2026-04-04 21:25:52,75.0,100.0,51.75022190362405
2026-04-04 21:26:07,75.0,100.0,51.82230135404221
2026-04-04 21:26:22,75.0,100.0,51.89438080446037
2026-04-04 21:26:37,75.0,100.0,51.966460254878534
2026-04-04 21:26:52,75.0,100.0,52.03853970529669
2026-04-04 21:27:07,75.0,100.0,52.11061915571486
2026-04-04 21:27:22,75.0,100.0,52.182698606133016
2026-04-04 21:27:37,75.0,100.0,52.254778056551174
2026-04-04 21:27:52,75.0,100.0,52.32685750696933
2026-04-04 21:28:07,75.0,100.0,52.39893695738749
2026-04-04 21:28:22,75.0,100.0,52.47101640780565
2026-04-04 21:28:37,75.0,100.0,52.543095858223815
2026-04-04 21:28:52,75.0,100.0,52.61517530864197
2026-04-04 21:29:07,75.0,100.0,52.68725475906014
2026-04-04 21:29:22,75.0,100.0,52.7593342094783
2026-04-04 21:29:37,75.0,100.0,52.831413659896455
2026-04-04 21:29:52,75.0,100.0,52.90349311031461
2026-04-04 21:30:07,75.0,100.0,52.97557256073277
2026-04-04 21:30:22,75.0,100.0,53.04765201115093
2026-04-04 21:30:37,75.0,100.0,53.119731461569096
2026-04-04 21:30:52,75.0,100.0,53.191810911987254
2026-04-04 21:31:07,75.0,100.0,53.26389036240542
2026-04-04 21:31:22,75.0,100.0,53.33596981282358
2026-04-04 21:31:37,75.0,100.0,53.408049263241736
2026-04-04 21:31:52,75.0,100.0,53.480128713659894
2026-04-04 21:32:07,75.0,100.0,53.55220816407805
2026-04-04 21:32:22,75.0,100.0,53.62428761449621
2026-04-04 21:32:37,75.0,100.0,53.69636706491437
2026-04-04 21:32:52,75.0,100.0,53.768446515332535
2026-04-04 21:33:07,75.0,100.0,53.84052596575069
2026-04-04 21:33:22,75.0,100.0,53.91260541616886
2026-04-04 21:33:37,75.0,100.0,53.98468486658702
2026-04-04 21:33:52,75.0,100.0,54.056764317005175
2026-04-04 21:34:07,75.0,100.0,54.128843767423334
2026-04-04 21:34:22,75.0,100.0,54.20092321784149
2026-04-04 21:34:37,75.0,100.0,54.27300266825965
2026-04-04 21:34:52,75.0,100.0,54.345082118677816
2026-04-04 21:35:07,75.0,100.0,54.417161569095974
2026-04-04 21:35:22,75.0,100.0,54.48924101951414
2026-04-04 21:35:37,75.0,100.0,54.5613204699323
2026-04-04 21:35:52,75.0,100.0,54.633399920350456
2026-04-04 21:36:07,75.0,100.0,54.705479370768614
2026-04-04 21:36:22,75.0,100.0,54.77755882118677
2026-04-04 21:36:37,75.0,100.0,54.84963827160493
2026-04-04 21:36:52,75.0,100.0,54.9217177220231
2026-04-04 21:37:07,75.0,100.0,54.993797172441255
2026-04-04 21:37:22,75.0,100.0,55.06587662285942
2026-04-04 21:37:37,75.0,100.0,55.13795607327758
2026-04-04 21:37:52,75.0,100.0,55.21003552369574
2026-04-04 21:38:07,75.0,100.0,55.282114974113895
2026-04-04 21:38:22,75.0,100.0,55.354194424532054
2026-04-04 21:38:37,75.0,100.0,55.42627387495021
2026-04-04 21:38:52,75.0,100.0,55.49835332536838
2026-04-04 21:39:07,75.0,100.0,55.570432775786536
2026-04-04 21:39:22,75.0,100.0,55.6425122262047
2026-04-04 21:39:37,75.0,100.0,55.71459167662286
2026-04-04 21:39:52,75.0,100.0,55.78667112704102
2026-04-04 21:40:07,75.0,100.0,55.858750577459176
2026-04-04 21:40:22,75.0,100.0,55.930830027877334
2026-04-04 21:40:37,75.0,100.0,56.00290947829549
2026-04-04 21:40:52,75.0,100.0,56.07498892871366
2026-04-04 21:41:07,87.5,100.0,56.14706837913182
2026-04-04 21:41:22,87.5,100.0,56.21914782954998
2026-04-04 21:41:37,87.5,100.0,56.29122727996814
2026-04-04 21:41:52,87.5,100.0,56.3633067303863
2026-04-04 21:42:07,87.5,100.0,56.43538618080446
2026-04-04 21:42:22,87.5,100.0,56.507465631222615
2026-04-04 21:42:37,87.5,100.0,56.579545081640774
2026-04-04 21:42:52,87.5,100.0,56.65162453205894
2026-04-04 21:43:07,87.5,100.0,56.7237039824771
2026-04-04 21:43:22,87.5,100.0,56.79578343289526
2026-04-04 21:43:37,87.5,100.0,56.86786288331342
2026-04-04 21:43:52,87.5,100.0,56.93994233373158
2026-04-04 21:44:07,87.5,100.0,57.01202178414974
2026-04-04 21:44:22,87.5,100.0,57.084101234567896
2026-04-04 21:44:37,87.5,100.0,57.156180684986055
2026-04-04 21:44:52,87.5,100.0,57.22826013540422
2026-04-04 21:45:07,87.5,100.0,57.30033958582238
2026-04-04 21:45:22,87.5,100.0,57.372419036240544
2026-04-04 21:45:37,87.5,100.0,57.4444984866587
2026-04-04 21:45:52,87.5,100.0,57.51657793707686
2026-04-04 21:46:07,87.5,100.0,57.58865738749502
2026-04-04 21:46:22,87.5,100.0,57.66073683791318
2026-04-04 21:46:37,87.5,100.0,57.732816288331335
2026-04-04 21:46:52,87.5,100.0,57.8048957387495
2026-04-04 21:47:07,87.5,100.0,57.87697518916766
2026-04-04 21:47:22,87.5,100.0,57.949054639585825
2026-04-04 21:47:37,87.5,100.0,58.02113409000398
2026-04-04 21:47:52,87.5,100.0,58.09321354042214
2026-04-04 21:48:07,87.5,100.0,58.1652929908403
2026-04-04 21:48:22,87.5,100.0,58.23737244125846
2026-04-04 21:48:37,87.5,100.0,58.309451891676616
2026-04-04 21:48:52,87.5,100.0,58.38153134209478
2026-04-04 21:49:07,87.5,100.0,58.45361079251294
2026-04-04 21:49:22,87.5,100.0,58.525690242931105
2026-04-04 21:49:37,87.5,100.0,58.597769693349264
2026-04-04 21:49:52,87.5,100.0,58.66984914376742
2026-04-04 21:50:07,87.5,100.0,58.74192859418558
2026-04-04 21:50:22,87.5,100.0,58.81400804460374
2026-04-04 21:50:37,87.5,100.0,58.8860874950219
2026-04-04 21:50:52,87.5,100.0,58.95816694544006
2026-04-04 21:51:07,87.5,100.0,59.03024639585822
2026-04-04 21:51:22,87.5,100.0,59.10232584627638
2026-04-04 21:51:37,87.5,100.0,59.174405296694545
2026-04-04 21:51:52,87.5,100.0,59.2464847471127
2026-04-04 21:52:07,87.5,100.0,59.31856419753086
2026-04-04 21:52:22,87.5,100.0,59.39064364794902
2026-04-04 21:52:37,87.5,100.0,59.462723098367185
2026-04-04 21:52:52,87.5,100.0,59.53480254878534
2026-04-04 21:53:07,87.5,100.0,59.6068819992035
2026-04-04 21:53:22,87.5,100.0,59.67896144962166
2026-04-04 21:53:37,87.5,100.0,59.751040900039825
2026-04-04 21:53:52,87.5,100.0,59.823120350457984
2026-04-04 21:54:07,87.5,100.0,59.89519980087614
2026-04-04 21:54:22,87.5,100.0,59.9672792512943
2026-04-04 21:54:37,87.5,100.0,60.039358701712466
2026-04-04 21:54:52,87.5,100.0,60.111438152130624
2026-04-04 21:55:07,87.5,100.0,60.18351760254878
2026-04-04 21:55:22,87.5,100.0,60.25559705296694
2026-04-04 21:55:37,87.5,100.0,60.327676503385106
2026-04-04 21:55:52,87.5,100.0,60.399755953803265
2026-04-04 21:56:07,87.5,100.0,60.47183540422142
2026-04-04 21:56:22,87.5,100.0,60.54391485463958
2026-04-04 21:56:37,87.5,100.0,60.61599430505775
2026-04-04 21:56:52,87.5,100.0,60.688073755475905
2026-04-04 21:57:07,87.5,100.0,60.76015320589406
2026-04-04 21:57:22,87.5,100.0,60.83223265631222
