time,tcc_auto,tcc_empi
2026-03-31 00:00:13,100.0,100.0
2026-03-31 00:00:28,100.0,100.0
2026-03-31 00:00:43,100.0,100.0
2026-03-31 00:00:58,100.0,100.0
2026-03-31 00:01:13,100.0,100.0
2026-03-31 00:01:28,100.0,100.0
2026-03-31 00:01:43,100.0,100.0
2026-03-31 00:01:58,100.0,100.0
2026-03-31 00:02:13,100.0,100.0
2026-03-31 00:02:28,100.0,100.0
2026-03-31 00:02:43,100.0,100.0
2026-03-31 00:02:58,100.0,100.0
2026-03-31 00:03:13,100.0,100.0
2026-03-31 00:03:28,100.0,100.0
2026-03-31 00:03:43,100.0,100.0
2026-03-31 00:03:58,100.0,100.0
2026-03-31 00:04:13,100.0,100.0
2026-03-31 00:04:28,100.0,100.0
2026-03-31 00:04:43,100.0,100.0
2026-03-31 00:04:58,100.0,100.0
2026-03-31 00:05:13,100.0,100.0
2026-03-31 00:05:28,100.0,100.0
2026-03-31 00:05:43,100.0,100.0
2026-03-31 00:05:58,100.0,100.0
2026-03-31 00:06:13,100.0,100.0
2026-03-31 00:06:28,100.0,100.0
2026-03-31 00:06:43,100.0,100.0
2026-03-31 00:06:58,100.0,100.0
2026-03-31 00:07:13,100.0,100.0
2026-03-31 00:07:28,100.0,100.0
2026-03-31 00:07:43,100.0,100.0
2026-03-31 00:07:58,100.0,100.0
2026-03-31 00:08:13,100.0,100.0
2026-03-31 00:08:28,100.0,100.0
2026-03-31 00:08:43,100.0,100.0
2026-03-31 00:08:58,100.0,100.0
2026-03-31 00:09:13,100.0,100.0
2026-03-31 00:09:28,100.0,100.0
2026-03-31 00:09:43,100.0,100.0
2026-03-31 00:09:58,100.0,100.0
2026-03-31 00:10:13,100.0,100.0
2026-03-31 00:10:28,100.0,100.0
2026-03-31 00:10:43,100.0,100.0
2026-03-31 00:10:58,100.0,100.0
2026-03-31 00:11:13,100.0,100.0
2026-03-31 00:11:28,100.0,100.0
2026-03-31 00:11:43,100.0,100.0
2026-03-31 00:11:58,100.0,100.0
2026-03-31 00:12:13,100.0,100.0
2026-03-31 00:12:28,100.0,100.0
2026-03-31 00:12:43,100.0,100.0
2026-03-31 00:12:58,100.0,100.0
2026-03-31 00:13:13,100.0,100.0
2026-03-31 00:13:28,100.0,100.0
2026-03-31 00:13:43,100.0,100.0
2026-03-31 00:13:58,100.0,100.0
2026-03-31 00:14:13,100.0,100.0
2026-03-31 00:14:28,100.0,100.0
2026-03-31 00:14:43,100.0,100.0
2026-03-31 00:14:58,100.0,100.0
2026-03-31 00:15:13,100.0,100.0
2026-03-31 00:15:28,100.0,100.0
2026-03-31 00:15:43,100.0,100.0
2026-03-31 00:15:58,100.0,100.0
2026-03-31 00:16:13,100.0,100.0
2026-03-31 00:16:28,100.0,100.0
2026-03-31 00:16:43,100.0,100.0
2026-03-31 00:16:58,100.0,100.0
2026-03-31 00:17:13,100.0,100.0
2026-03-31 00:17:28,100.0,100.0
2026-03-31 00:17:43,100.0,100.0
2026-03-31 00:17:58,100.0,100.0
2026-03-31 00:18:13,100.0,100.0
2026-03-31 00:18:28,100.0,100.0
2026-03-31 00:18:43,100.0,100.0
2026-03-31 00:18:58,100.0,100.0
2026-03-31 00:19:13,100.0,100.0
2026-03-31 00:19:28,100.0,100.0
2026-03-31 00:19:43,100.0,100.0
2026-03-31 00:19:58,100.0,100.0
2026-03-31 00:20:13,100.0,100.0
2026-03-31 00:20:28,100.0,100.0
2026-03-31 00:20:43,100.0,100.0
2026-03-31 00:20:58,100.0,100.0
2026-03-31 00:21:13,100.0,100.0
2026-03-31 00:21:28,100.0,100.0
2026-03-31 00:21:43,100.0,100.0
2026-03-31 00:21:58,100.0,100.0
2026-03-31 00:22:13,100.0,100.0
2026-03-31 00:22:28,100.0,100.0
2026-03-31 00:22:43,100.0,100.0
2026-03-31 00:22:58,100.0,100.0
2026-03-31 00:23:13,100.0,100.0
2026-03-31 00:23:28,100.0,100.0
2026-03-31 00:23:43,100.0,100.0
2026-03-31 00:23:58,100.0,100.0
2026-03-31 00:24:13,100.0,100.0
2026-03-31 00:24:28,100.0,100.0
2026-03-31 00:24:43,100.0,100.0
2026-03-31 00:24:58,100.0,100.0
2026-03-31 00:25:13,100.0,100.0
2026-03-31 00:25:28,100.0,100.0
2026-03-31 00:25:43,100.0,100.0
2026-03-31 00:25:58,100.0,100.0
2026-03-31 00:26:13,100.0,100.0
2026-03-31 00:26:28,100.0,100.0
2026-03-31 00:26:43,100.0,100.0
2026-03-31 00:26:58,100.0,100.0
2026-03-31 00:27:13,100.0,100.0
2026-03-31 00:27:28,100.0,100.0
2026-03-31 00:27:43,100.0,100.0
2026-03-31 00:27:58,100.0,100.0
2026-03-31 00:28:13,100.0,100.0
2026-03-31 00:28:28,100.0,100.0
2026-03-31 00:28:43,100.0,100.0
2026-03-31 00:28:58,100.0,100.0
2026-03-31 00:29:13,100.0,100.0
2026-03-31 00:29:28,100.0,100.0
2026-03-31 00:29:43,100.0,100.0
2026-03-31 00:29:58,100.0,100.0
2026-03-31 00:30:13,100.0,100.0
2026-03-31 00:30:28,100.0,100.0
2026-03-31 00:30:43,100.0,100.0
2026-03-31 00:30:58,100.0,100.0
2026-03-31 00:31:13,100.0,100.0
2026-03-31 00:31:28,100.0,100.0
2026-03-31 00:31:43,100.0,100.0
2026-03-31 00:31:58,100.0,100.0
2026-03-31 00:32:13,100.0,100.0
2026-03-31 00:32:28,100.0,100.0
2026-03-31 00:32:43,100.0,100.0
2026-03-31 00:32:58,100.0,100.0
2026-03-31 00:33:13,100.0,100.0
2026-03-31 00:33:28,100.0,100.0
2026-03-31 00:33:43,100.0,100.0
2026-03-31 00:33:58,100.0,100.0
2026-03-31 00:34:13,100.0,100.0
2026-03-31 00:34:28,100.0,100.0
2026-03-31 00:34:43,100.0,100.0
2026-03-31 00:34:58,100.0,100.0
2026-03-31 00:35:13,100.0,100.0
2026-03-31 00:35:28,100.0,100.0
2026-03-31 00:35:43,100.0,100.0
2026-03-31 00:35:58,100.0,100.0
2026-03-31 00:36:13,100.0,100.0
2026-03-31 00:36:28,100.0,100.0
2026-03-31 00:36:43,100.0,100.0
2026-03-31 00:36:58,100.0,100.0
2026-03-31 00:37:13,100.0,100.0
2026-03-31 00:37:28,100.0,100.0
2026-03-31 00:37:43,100.0,100.0
2026-03-31 00:37:58,100.0,100.0
2026-03-31 00:38:13,100.0,100.0
2026-03-31 00:38:28,100.0,100.0
2026-03-31 00:38:43,100.0,100.0
2026-03-31 00:38:58,100.0,100.0
2026-03-31 00:39:13,100.0,100.0
2026-03-31 00:39:28,100.0,100.0
2026-03-31 00:39:43,100.0,100.0
2026-03-31 00:39:58,100.0,100.0
2026-03-31 00:40:13,100.0,100.0
2026-03-31 00:40:28,100.0,100.0
2026-03-31 00:40:43,100.0,100.0
2026-03-31 00:40:58,100.0,100.0
2026-03-31 00:41:13,100.0,100.0
2026-03-31 00:41:28,100.0,100.0
2026-03-31 00:41:43,100.0,100.0
2026-03-31 00:41:58,100.0,100.0
2026-03-31 00:42:13,100.0,100.0
2026-03-31 00:42:28,100.0,100.0
2026-03-31 00:42:43,100.0,100.0
2026-03-31 00:42:58,100.0,100.0
2026-03-31 00:43:13,100.0,100.0
2026-03-31 00:43:28,100.0,100.0
2026-03-31 00:43:43,100.0,100.0
2026-03-31 00:43:58,100.0,100.0
2026-03-31 00:44:13,100.0,100.0
2026-03-31 00:44:28,100.0,100.0
2026-03-31 00:44:43,100.0,100.0
2026-03-31 00:44:58,100.0,100.0
2026-03-31 00:45:13,100.0,100.0
2026-03-31 00:45:28,100.0,100.0
2026-03-31 00:45:43,100.0,100.0
2026-03-31 00:45:58,100.0,100.0
2026-03-31 00:46:13,100.0,100.0
2026-03-31 00:46:28,100.0,100.0
2026-03-31 00:46:43,100.0,100.0
2026-03-31 00:46:58,100.0,100.0
2026-03-31 00:47:13,100.0,100.0
2026-03-31 00:47:28,100.0,100.0
2026-03-31 00:47:43,100.0,100.0
2026-03-31 00:47:58,100.0,100.0
2026-03-31 00:48:13,100.0,100.0
2026-03-31 00:48:28,100.0,100.0
2026-03-31 00:48:43,100.0,100.0
2026-03-31 00:48:58,100.0,100.0
2026-03-31 00:49:13,100.0,100.0
2026-03-31 00:49:28,100.0,100.0
2026-03-31 00:49:43,100.0,100.0
2026-03-31 00:49:58,100.0,100.0
2026-03-31 00:50:13,100.0,100.0
2026-03-31 00:50:28,100.0,100.0
2026-03-31 00:50:43,100.0,100.0
2026-03-31 00:50:58,100.0,100.0
2026-03-31 00:51:13,100.0,100.0
2026-03-31 00:51:28,100.0,100.0
2026-03-31 00:51:43,100.0,100.0
2026-03-31 00:51:58,100.0,100.0
2026-03-31 00:52:13,100.0,100.0
2026-03-31 00:52:28,100.0,100.0
2026-03-31 00:52:43,100.0,100.0
2026-03-31 00:52:58,100.0,100.0
2026-03-31 00:53:13,100.0,100.0
2026-03-31 00:53:28,100.0,100.0
2026-03-31 00:53:43,100.0,100.0
2026-03-31 00:53:58,100.0,100.0
2026-03-31 00:54:13,100.0,100.0
2026-03-31 00:54:28,100.0,100.0
2026-03-31 00:54:43,100.0,100.0
2026-03-31 00:54:58,100.0,100.0
2026-03-31 00:55:13,100.0,100.0
2026-03-31 00:55:28,100.0,100.0
2026-03-31 00:55:43,100.0,100.0
2026-03-31 00:55:58,100.0,100.0
2026-03-31 00:56:13,100.0,100.0
2026-03-31 00:56:28,100.0,100.0
2026-03-31 00:56:43,100.0,100.0
2026-03-31 00:56:58,100.0,100.0
2026-03-31 00:57:13,100.0,100.0
2026-03-31 00:57:28,100.0,100.0
2026-03-31 00:57:43,100.0,100.0
2026-03-31 00:57:58,100.0,100.0
2026-03-31 00:58:13,100.0,100.0
2026-03-31 00:58:28,100.0,100.0
2026-03-31 00:58:43,100.0,100.0
2026-03-31 00:58:58,100.0,100.0
2026-03-31 00:59:13,100.0,100.0
2026-03-31 00:59:28,100.0,100.0
2026-03-31 00:59:43,100.0,100.0
2026-03-31 00:59:58,100.0,100.0
2026-03-31 01:00:13,100.0,100.0
2026-03-31 01:00:28,100.0,100.0
2026-03-31 01:00:43,100.0,100.0
2026-03-31 01:00:58,100.0,100.0
2026-03-31 01:01:13,100.0,100.0
2026-03-31 01:01:28,100.0,100.0
2026-03-31 01:01:43,100.0,100.0
2026-03-31 01:01:58,100.0,100.0
2026-03-31 01:02:13,100.0,100.0
2026-03-31 01:02:28,100.0,100.0
2026-03-31 01:02:43,100.0,100.0
2026-03-31 01:02:58,100.0,100.0
2026-03-31 01:03:13,100.0,100.0
2026-03-31 01:03:28,100.0,100.0
2026-03-31 01:03:43,100.0,100.0
2026-03-31 01:03:58,100.0,100.0
2026-03-31 01:04:13,100.0,100.0
2026-03-31 01:04:28,100.0,100.0
2026-03-31 01:04:43,100.0,100.0
2026-03-31 01:04:58,100.0,100.0
2026-03-31 01:05:13,100.0,100.0
2026-03-31 01:05:28,100.0,100.0
2026-03-31 01:05:43,100.0,100.0
2026-03-31 01:05:58,100.0,100.0
2026-03-31 01:06:13,100.0,100.0
2026-03-31 01:06:28,100.0,100.0
2026-03-31 01:06:43,100.0,100.0
2026-03-31 01:06:58,100.0,100.0
2026-03-31 01:07:13,100.0,100.0
2026-03-31 01:07:28,100.0,100.0
2026-03-31 01:07:43,100.0,100.0
2026-03-31 01:07:58,100.0,100.0
2026-03-31 01:08:13,100.0,100.0
2026-03-31 01:08:28,100.0,100.0
2026-03-31 01:08:43,100.0,100.0
2026-03-31 01:08:58,100.0,100.0
2026-03-31 01:09:13,100.0,100.0
2026-03-31 01:09:28,100.0,100.0
2026-03-31 01:09:43,100.0,100.0
2026-03-31 01:09:58,100.0,100.0
2026-03-31 01:10:13,100.0,100.0
2026-03-31 01:10:28,100.0,100.0
2026-03-31 01:10:43,100.0,100.0
2026-03-31 01:10:58,100.0,100.0
2026-03-31 01:11:13,100.0,100.0
2026-03-31 01:11:28,100.0,100.0
2026-03-31 01:11:43,100.0,100.0
2026-03-31 01:11:58,100.0,100.0
2026-03-31 01:12:13,100.0,100.0
2026-03-31 01:12:28,100.0,100.0
2026-03-31 01:12:43,100.0,100.0
2026-03-31 01:12:58,100.0,100.0
2026-03-31 01:13:13,100.0,100.0
2026-03-31 01:13:28,100.0,100.0
2026-03-31 01:13:43,100.0,100.0
2026-03-31 01:13:58,100.0,100.0
2026-03-31 01:14:13,100.0,100.0
2026-03-31 01:14:28,100.0,100.0
2026-03-31 01:14:43,100.0,100.0
2026-03-31 01:14:58,100.0,100.0
2026-03-31 01:15:13,100.0,100.0
2026-03-31 01:15:28,100.0,100.0
2026-03-31 01:15:43,100.0,100.0
2026-03-31 01:15:58,100.0,100.0
2026-03-31 01:16:13,100.0,100.0
2026-03-31 01:16:28,100.0,100.0
2026-03-31 01:16:43,100.0,100.0
2026-03-31 01:16:58,100.0,100.0
2026-03-31 01:17:13,100.0,100.0
2026-03-31 01:17:28,100.0,100.0
2026-03-31 01:17:43,100.0,100.0
2026-03-31 01:17:58,100.0,100.0
2026-03-31 01:18:13,100.0,100.0
2026-03-31 01:18:28,100.0,100.0
2026-03-31 01:18:43,100.0,100.0
2026-03-31 01:18:58,100.0,100.0
2026-03-31 01:19:13,100.0,100.0
2026-03-31 01:19:28,100.0,100.0
2026-03-31 01:19:43,100.0,100.0
2026-03-31 01:19:58,100.0,100.0
2026-03-31 01:20:13,100.0,100.0
2026-03-31 01:20:28,100.0,100.0
2026-03-31 01:20:43,100.0,100.0
2026-03-31 01:20:58,100.0,100.0
2026-03-31 01:21:13,100.0,100.0
2026-03-31 01:21:28,100.0,100.0
2026-03-31 01:21:43,100.0,100.0
2026-03-31 01:21:58,100.0,100.0
2026-03-31 01:22:13,100.0,100.0
2026-03-31 01:22:28,100.0,100.0
2026-03-31 01:22:43,100.0,100.0
2026-03-31 01:22:58,100.0,100.0
2026-03-31 01:23:13,100.0,100.0
2026-03-31 01:23:28,100.0,100.0
2026-03-31 01:23:43,100.0,100.0
2026-03-31 01:23:58,100.0,100.0
2026-03-31 01:24:13,100.0,100.0
2026-03-31 01:24:28,100.0,100.0
2026-03-31 01:24:43,100.0,100.0
2026-03-31 01:24:58,100.0,100.0
2026-03-31 01:25:13,100.0,100.0
2026-03-31 01:25:28,100.0,100.0
2026-03-31 01:25:43,100.0,100.0
2026-03-31 01:25:58,100.0,100.0
2026-03-31 01:26:13,100.0,100.0
2026-03-31 01:26:28,100.0,100.0
2026-03-31 01:26:43,100.0,100.0
2026-03-31 01:26:58,100.0,100.0
2026-03-31 01:27:13,100.0,100.0
2026-03-31 01:27:28,100.0,100.0
2026-03-31 01:27:43,100.0,100.0
2026-03-31 01:27:58,100.0,100.0
2026-03-31 01:28:13,100.0,100.0
2026-03-31 01:28:28,100.0,100.0
2026-03-31 01:28:43,100.0,100.0
2026-03-31 01:28:58,100.0,100.0
2026-03-31 01:29:13,100.0,100.0
2026-03-31 01:29:28,100.0,100.0
2026-03-31 01:29:43,100.0,100.0
2026-03-31 01:29:58,100.0,100.0
2026-03-31 01:30:13,100.0,100.0
2026-03-31 01:30:28,100.0,100.0
2026-03-31 01:30:43,100.0,100.0
2026-03-31 01:30:58,100.0,100.0
2026-03-31 01:31:13,100.0,100.0
2026-03-31 01:31:28,100.0,100.0
2026-03-31 01:31:43,100.0,100.0
2026-03-31 01:31:58,100.0,100.0
2026-03-31 01:32:13,100.0,100.0
2026-03-31 01:32:28,100.0,100.0
2026-03-31 01:32:43,100.0,100.0
2026-03-31 01:32:58,100.0,100.0
2026-03-31 01:33:13,100.0,100.0
2026-03-31 01:33:28,100.0,100.0
2026-03-31 01:33:43,100.0,100.0
2026-03-31 01:33:58,100.0,100.0
2026-03-31 01:34:13,100.0,100.0
2026-03-31 01:34:28,100.0,100.0
2026-03-31 01:34:43,100.0,100.0
2026-03-31 01:34:58,100.0,100.0
2026-03-31 01:35:13,100.0,100.0
2026-03-31 01:35:28,100.0,100.0
2026-03-31 01:35:43,100.0,100.0
2026-03-31 01:35:58,100.0,100.0
2026-03-31 01:36:13,100.0,100.0
2026-03-31 01:36:28,100.0,100.0
2026-03-31 01:36:43,100.0,100.0
2026-03-31 01:36:58,100.0,100.0
2026-03-31 01:37:13,100.0,100.0
2026-03-31 01:37:28,100.0,100.0
2026-03-31 01:37:43,100.0,100.0
2026-03-31 01:37:58,100.0,100.0
2026-03-31 01:38:13,100.0,100.0
2026-03-31 01:38:28,100.0,100.0
2026-03-31 01:38:43,100.0,100.0
2026-03-31 01:38:58,100.0,100.0
2026-03-31 01:39:13,100.0,100.0
2026-03-31 01:39:28,100.0,100.0
2026-03-31 01:39:43,100.0,100.0
2026-03-31 01:39:58,100.0,100.0
2026-03-31 01:40:13,100.0,100.0
2026-03-31 01:40:28,100.0,100.0
2026-03-31 01:40:43,100.0,100.0
2026-03-31 01:40:58,100.0,100.0
2026-03-31 01:41:13,100.0,100.0
2026-03-31 01:41:28,100.0,100.0
2026-03-31 01:41:43,100.0,100.0
2026-03-31 01:41:58,100.0,100.0
2026-03-31 01:42:13,100.0,100.0
2026-03-31 01:42:28,100.0,100.0
2026-03-31 01:42:43,100.0,100.0
2026-03-31 01:42:58,100.0,100.0
2026-03-31 01:43:13,100.0,100.0
2026-03-31 01:43:28,100.0,100.0
2026-03-31 01:43:43,100.0,100.0
2026-03-31 01:43:58,100.0,100.0
2026-03-31 01:44:13,100.0,100.0
2026-03-31 01:44:28,100.0,100.0
2026-03-31 01:44:43,100.0,100.0
2026-03-31 01:44:58,100.0,100.0
2026-03-31 01:45:13,100.0,100.0
2026-03-31 01:45:28,100.0,100.0
2026-03-31 01:45:43,100.0,100.0
2026-03-31 01:45:58,100.0,100.0
2026-03-31 01:46:13,100.0,100.0
2026-03-31 01:46:28,100.0,100.0
2026-03-31 01:46:43,100.0,100.0
2026-03-31 01:46:58,100.0,100.0
2026-03-31 01:47:13,100.0,100.0
2026-03-31 01:47:28,100.0,100.0
2026-03-31 01:47:43,100.0,100.0
2026-03-31 01:47:58,100.0,100.0
2026-03-31 01:48:13,100.0,100.0
2026-03-31 01:48:28,100.0,100.0
2026-03-31 01:48:43,100.0,100.0
2026-03-31 01:48:58,100.0,100.0
2026-03-31 01:49:13,100.0,100.0
2026-03-31 01:49:28,100.0,100.0
2026-03-31 01:49:43,100.0,100.0
2026-03-31 01:49:58,100.0,100.0
2026-03-31 01:50:13,100.0,100.0
2026-03-31 01:50:28,100.0,100.0
2026-03-31 01:50:43,100.0,100.0
2026-03-31 01:50:58,100.0,100.0
2026-03-31 01:51:13,100.0,100.0
2026-03-31 01:51:28,100.0,100.0
2026-03-31 01:51:43,100.0,100.0
2026-03-31 01:51:58,100.0,100.0
2026-03-31 01:52:13,100.0,100.0
2026-03-31 01:52:28,100.0,100.0
2026-03-31 01:52:43,100.0,100.0
2026-03-31 01:52:58,100.0,100.0
2026-03-31 01:53:13,100.0,100.0
2026-03-31 01:53:28,100.0,100.0
2026-03-31 01:53:43,100.0,100.0
2026-03-31 01:53:58,100.0,100.0
2026-03-31 01:54:13,100.0,100.0
2026-03-31 01:54:28,100.0,100.0
2026-03-31 01:54:43,100.0,100.0
2026-03-31 01:54:58,100.0,100.0
2026-03-31 01:55:13,100.0,100.0
2026-03-31 01:55:28,100.0,100.0
2026-03-31 01:55:43,100.0,100.0
2026-03-31 01:55:58,100.0,100.0
2026-03-31 01:56:13,100.0,100.0
2026-03-31 01:56:28,100.0,100.0
2026-03-31 01:56:43,100.0,100.0
2026-03-31 01:56:58,100.0,100.0
2026-03-31 01:57:13,100.0,100.0
2026-03-31 01:57:28,100.0,100.0
2026-03-31 01:57:43,100.0,100.0
2026-03-31 01:57:58,100.0,100.0
2026-03-31 01:58:13,100.0,100.0
2026-03-31 01:58:28,100.0,100.0
2026-03-31 01:58:43,100.0,100.0
2026-03-31 01:58:58,100.0,100.0
2026-03-31 01:59:13,100.0,100.0
2026-03-31 01:59:28,100.0,100.0
2026-03-31 01:59:43,100.0,100.0
2026-03-31 01:59:58,100.0,100.0
2026-03-31 02:00:13,100.0,100.0
2026-03-31 02:00:28,100.0,100.0
2026-03-31 02:00:43,100.0,100.0
2026-03-31 02:00:58,100.0,100.0
2026-03-31 02:01:13,100.0,100.0
2026-03-31 02:01:28,100.0,100.0
2026-03-31 02:01:43,100.0,100.0
2026-03-31 02:01:58,100.0,100.0
2026-03-31 02:02:13,100.0,100.0
2026-03-31 02:02:28,100.0,100.0
2026-03-31 02:02:43,100.0,100.0
2026-03-31 02:02:58,100.0,100.0
2026-03-31 02:03:13,100.0,100.0
2026-03-31 02:03:28,100.0,100.0
2026-03-31 02:03:43,100.0,100.0
2026-03-31 02:03:58,100.0,100.0
2026-03-31 02:04:13,100.0,100.0
2026-03-31 02:04:28,100.0,100.0
2026-03-31 02:04:43,100.0,100.0
2026-03-31 02:04:58,100.0,100.0
2026-03-31 02:05:13,100.0,100.0
2026-03-31 02:05:28,100.0,100.0
2026-03-31 02:05:43,100.0,100.0
2026-03-31 02:05:58,100.0,100.0
2026-03-31 02:06:13,100.0,100.0
2026-03-31 02:06:28,100.0,100.0
2026-03-31 02:06:43,100.0,100.0
2026-03-31 02:06:58,100.0,100.0
2026-03-31 02:07:13,100.0,100.0
2026-03-31 02:07:28,100.0,100.0
2026-03-31 02:07:43,100.0,100.0
2026-03-31 02:07:58,100.0,100.0
2026-03-31 02:08:13,100.0,100.0
2026-03-31 02:08:28,100.0,100.0
2026-03-31 02:08:43,100.0,100.0
2026-03-31 02:08:58,100.0,100.0
2026-03-31 02:09:13,100.0,100.0
2026-03-31 02:09:28,100.0,100.0
2026-03-31 02:09:43,100.0,100.0
2026-03-31 02:09:58,100.0,100.0
2026-03-31 02:10:13,100.0,100.0
2026-03-31 02:10:28,100.0,100.0
2026-03-31 02:10:43,100.0,100.0
2026-03-31 02:10:58,100.0,100.0
2026-03-31 02:11:13,100.0,100.0
2026-03-31 02:11:28,100.0,100.0
2026-03-31 02:11:43,100.0,100.0
2026-03-31 02:11:58,100.0,100.0
2026-03-31 02:12:13,100.0,100.0
2026-03-31 02:12:28,100.0,100.0
2026-03-31 02:12:43,100.0,100.0
2026-03-31 02:12:58,100.0,100.0
2026-03-31 02:13:13,100.0,100.0
2026-03-31 02:13:28,100.0,100.0
2026-03-31 02:13:43,100.0,100.0
2026-03-31 02:13:58,100.0,100.0
2026-03-31 02:14:13,100.0,100.0
2026-03-31 02:14:28,100.0,100.0
2026-03-31 02:14:43,100.0,100.0
2026-03-31 02:14:58,100.0,100.0
2026-03-31 02:15:13,100.0,100.0
2026-03-31 02:15:28,100.0,100.0
2026-03-31 02:15:43,100.0,100.0
2026-03-31 02:15:58,100.0,100.0
2026-03-31 02:16:13,100.0,100.0
2026-03-31 02:16:28,100.0,100.0
2026-03-31 02:16:43,100.0,100.0
2026-03-31 02:16:58,100.0,100.0
2026-03-31 02:17:13,100.0,100.0
2026-03-31 02:17:28,100.0,100.0
2026-03-31 02:17:43,100.0,100.0
2026-03-31 02:17:58,100.0,100.0
2026-03-31 02:18:13,100.0,100.0
2026-03-31 02:18:28,100.0,100.0
2026-03-31 02:18:43,100.0,100.0
2026-03-31 02:18:58,100.0,100.0
2026-03-31 02:19:13,100.0,100.0
2026-03-31 02:19:28,100.0,100.0
2026-03-31 02:19:43,100.0,100.0
2026-03-31 02:19:58,100.0,100.0
2026-03-31 02:20:13,100.0,100.0
2026-03-31 02:20:28,100.0,100.0
2026-03-31 02:20:43,100.0,100.0
2026-03-31 02:20:58,100.0,100.0
2026-03-31 02:21:13,100.0,100.0
2026-03-31 02:21:28,100.0,100.0
2026-03-31 02:21:43,100.0,100.0
2026-03-31 02:21:58,100.0,100.0
2026-03-31 02:22:13,100.0,100.0
2026-03-31 02:22:28,100.0,100.0
2026-03-31 02:22:43,100.0,100.0
2026-03-31 02:22:58,100.0,100.0
2026-03-31 02:23:13,100.0,100.0
2026-03-31 02:23:28,100.0,100.0
2026-03-31 02:23:43,100.0,100.0
2026-03-31 02:23:58,100.0,100.0
2026-03-31 02:24:13,100.0,100.0
2026-03-31 02:24:28,100.0,100.0
2026-03-31 02:24:43,100.0,100.0
2026-03-31 02:24:58,100.0,100.0
2026-03-31 02:25:13,100.0,100.0
2026-03-31 02:25:28,100.0,100.0
2026-03-31 02:25:43,100.0,100.0
2026-03-31 02:25:58,100.0,100.0
2026-03-31 02:26:13,100.0,100.0
2026-03-31 02:26:28,100.0,100.0
2026-03-31 02:26:43,100.0,100.0
2026-03-31 02:26:58,100.0,100.0
2026-03-31 02:27:13,100.0,100.0
2026-03-31 02:27:28,100.0,100.0
2026-03-31 02:27:43,100.0,100.0
2026-03-31 02:27:58,100.0,100.0
2026-03-31 02:28:13,100.0,100.0
2026-03-31 02:28:28,100.0,100.0
2026-03-31 02:28:43,100.0,100.0
2026-03-31 02:28:58,100.0,100.0
2026-03-31 02:29:13,100.0,100.0
2026-03-31 02:29:28,100.0,100.0
2026-03-31 02:29:43,100.0,100.0
2026-03-31 02:29:58,100.0,100.0
2026-03-31 02:30:13,100.0,100.0
2026-03-31 02:30:28,100.0,100.0
2026-03-31 02:30:43,100.0,100.0
2026-03-31 02:30:58,100.0,100.0
2026-03-31 02:31:13,100.0,100.0
2026-03-31 02:31:28,100.0,100.0
2026-03-31 02:31:43,100.0,100.0
2026-03-31 02:31:58,100.0,100.0
2026-03-31 02:32:13,100.0,100.0
2026-03-31 02:32:28,100.0,100.0
2026-03-31 02:32:43,100.0,100.0
2026-03-31 02:32:58,100.0,100.0
2026-03-31 02:33:13,100.0,100.0
2026-03-31 02:33:28,100.0,100.0
2026-03-31 02:33:43,100.0,100.0
2026-03-31 02:33:58,100.0,100.0
2026-03-31 02:34:13,100.0,100.0
2026-03-31 02:34:28,100.0,100.0
2026-03-31 02:34:43,100.0,100.0
2026-03-31 02:34:58,100.0,100.0
2026-03-31 02:35:13,100.0,100.0
2026-03-31 02:35:28,100.0,100.0
2026-03-31 02:35:43,100.0,100.0
2026-03-31 02:35:58,100.0,100.0
2026-03-31 02:36:13,100.0,100.0
2026-03-31 02:36:28,100.0,100.0
2026-03-31 02:36:43,100.0,100.0
2026-03-31 02:36:58,100.0,100.0
2026-03-31 02:37:13,100.0,100.0
2026-03-31 02:37:28,100.0,100.0
2026-03-31 02:37:43,100.0,100.0
2026-03-31 02:37:58,100.0,100.0
2026-03-31 02:38:13,100.0,100.0
2026-03-31 02:38:28,100.0,100.0
2026-03-31 02:38:43,100.0,100.0
2026-03-31 02:38:58,100.0,100.0
2026-03-31 02:39:13,100.0,100.0
2026-03-31 02:39:28,100.0,100.0
2026-03-31 02:39:43,100.0,100.0
2026-03-31 02:39:58,100.0,100.0
2026-03-31 02:40:13,100.0,100.0
2026-03-31 02:40:28,100.0,100.0
2026-03-31 02:40:43,100.0,100.0
2026-03-31 02:40:58,100.0,100.0
2026-03-31 02:41:13,100.0,100.0
2026-03-31 02:41:28,100.0,100.0
2026-03-31 02:41:43,100.0,100.0
2026-03-31 02:41:58,100.0,100.0
2026-03-31 02:42:13,100.0,100.0
2026-03-31 02:42:28,100.0,100.0
2026-03-31 02:42:43,100.0,100.0
2026-03-31 02:42:58,100.0,100.0
2026-03-31 02:43:13,100.0,100.0
2026-03-31 02:43:28,100.0,100.0
2026-03-31 02:43:43,100.0,100.0
2026-03-31 02:43:58,100.0,100.0
2026-03-31 02:44:13,100.0,100.0
2026-03-31 02:44:28,100.0,100.0
2026-03-31 02:44:43,100.0,100.0
2026-03-31 02:44:58,100.0,100.0
2026-03-31 02:45:13,100.0,100.0
2026-03-31 02:45:28,100.0,100.0
2026-03-31 02:45:43,100.0,100.0
2026-03-31 02:45:58,100.0,100.0
2026-03-31 02:46:13,100.0,100.0
2026-03-31 02:46:28,100.0,100.0
2026-03-31 02:46:43,100.0,100.0
2026-03-31 02:46:58,100.0,100.0
2026-03-31 02:47:13,100.0,100.0
2026-03-31 02:47:28,100.0,100.0
2026-03-31 02:47:43,100.0,100.0
2026-03-31 02:47:58,100.0,100.0
2026-03-31 02:48:13,100.0,100.0
2026-03-31 02:48:28,100.0,100.0
2026-03-31 02:48:43,100.0,100.0
2026-03-31 02:48:58,100.0,100.0
2026-03-31 02:49:13,100.0,100.0
2026-03-31 02:49:28,100.0,100.0
2026-03-31 02:49:43,100.0,100.0
2026-03-31 02:49:58,100.0,100.0
2026-03-31 02:50:13,100.0,100.0
2026-03-31 02:50:28,100.0,100.0
2026-03-31 02:50:43,100.0,100.0
2026-03-31 02:50:58,100.0,100.0
2026-03-31 02:51:13,100.0,100.0
2026-03-31 02:51:28,100.0,100.0
2026-03-31 02:51:43,100.0,100.0
2026-03-31 02:51:58,100.0,100.0
2026-03-31 02:52:13,100.0,100.0
2026-03-31 02:52:28,100.0,100.0
2026-03-31 02:52:43,100.0,100.0
2026-03-31 02:52:58,100.0,100.0
2026-03-31 02:53:13,100.0,100.0
2026-03-31 02:53:28,100.0,100.0
2026-03-31 02:53:43,100.0,100.0
2026-03-31 02:53:58,100.0,100.0
2026-03-31 02:54:13,100.0,100.0
2026-03-31 02:54:28,100.0,100.0
2026-03-31 02:54:43,100.0,100.0
2026-03-31 02:54:58,100.0,100.0
2026-03-31 02:55:13,100.0,100.0
2026-03-31 02:55:28,100.0,100.0
2026-03-31 02:55:43,100.0,100.0
2026-03-31 02:55:58,100.0,100.0
2026-03-31 02:56:13,100.0,100.0
2026-03-31 02:56:28,100.0,100.0
2026-03-31 02:56:43,100.0,100.0
2026-03-31 02:56:58,100.0,100.0
2026-03-31 02:57:13,100.0,100.0
2026-03-31 02:57:28,100.0,100.0
2026-03-31 02:57:43,100.0,100.0
2026-03-31 02:57:58,100.0,100.0
2026-03-31 02:58:13,100.0,100.0
2026-03-31 02:58:28,100.0,100.0
2026-03-31 02:58:43,100.0,100.0
2026-03-31 02:58:58,100.0,100.0
2026-03-31 02:59:13,100.0,100.0
2026-03-31 02:59:28,100.0,100.0
2026-03-31 02:59:43,100.0,100.0
2026-03-31 02:59:58,100.0,100.0
2026-03-31 03:00:13,100.0,100.0
2026-03-31 03:00:28,100.0,100.0
2026-03-31 03:00:43,100.0,100.0
2026-03-31 03:00:58,100.0,100.0
2026-03-31 03:01:13,100.0,100.0
2026-03-31 03:01:28,100.0,100.0
2026-03-31 03:01:43,100.0,100.0
2026-03-31 03:01:58,100.0,100.0
2026-03-31 03:02:13,100.0,100.0
2026-03-31 03:02:28,100.0,100.0
2026-03-31 03:02:43,100.0,100.0
2026-03-31 03:02:58,100.0,100.0
2026-03-31 03:03:13,100.0,100.0
2026-03-31 03:03:28,100.0,100.0
2026-03-31 03:03:43,100.0,100.0
2026-03-31 03:03:58,100.0,100.0
2026-03-31 03:04:13,100.0,100.0
2026-03-31 03:04:28,100.0,100.0
2026-03-31 03:04:43,100.0,100.0
2026-03-31 03:04:58,100.0,100.0
2026-03-31 03:05:13,100.0,100.0
2026-03-31 03:05:28,100.0,100.0
2026-03-31 03:05:43,100.0,100.0
2026-03-31 03:05:58,100.0,100.0
2026-03-31 03:06:13,100.0,100.0
2026-03-31 03:06:28,100.0,100.0
2026-03-31 03:06:43,100.0,100.0
2026-03-31 03:06:58,100.0,100.0
2026-03-31 03:07:13,100.0,100.0
2026-03-31 03:07:28,100.0,100.0
2026-03-31 03:07:43,100.0,100.0
2026-03-31 03:07:58,100.0,100.0
2026-03-31 03:08:13,100.0,100.0
2026-03-31 03:08:28,100.0,100.0
2026-03-31 03:08:43,100.0,100.0
2026-03-31 03:08:58,100.0,100.0
2026-03-31 03:09:13,100.0,100.0
2026-03-31 03:09:28,100.0,100.0
2026-03-31 03:09:43,100.0,100.0
2026-03-31 03:09:58,100.0,100.0
2026-03-31 03:10:13,100.0,100.0
2026-03-31 03:10:28,100.0,100.0
2026-03-31 03:10:43,100.0,100.0
2026-03-31 03:10:58,100.0,100.0
2026-03-31 03:11:13,100.0,100.0
2026-03-31 03:11:28,100.0,100.0
2026-03-31 03:11:43,100.0,100.0
2026-03-31 03:11:58,100.0,100.0
2026-03-31 03:12:13,100.0,100.0
2026-03-31 03:12:28,100.0,100.0
2026-03-31 03:12:42,100.0,100.0
2026-03-31 03:12:58,100.0,100.0
2026-03-31 03:13:13,100.0,100.0
2026-03-31 03:13:28,100.0,100.0
2026-03-31 03:13:43,100.0,100.0
2026-03-31 03:13:58,100.0,100.0
2026-03-31 03:14:13,100.0,100.0
2026-03-31 03:14:28,100.0,100.0
2026-03-31 03:14:42,100.0,100.0
2026-03-31 03:14:57,100.0,100.0
2026-03-31 03:15:12,100.0,100.0
2026-03-31 03:15:27,100.0,100.0
2026-03-31 03:15:43,100.0,100.0
2026-03-31 03:15:57,100.0,100.0
2026-03-31 03:16:12,100.0,100.0
2026-03-31 03:16:28,100.0,100.0
2026-03-31 03:16:43,100.0,100.0
2026-03-31 03:16:58,100.0,100.0
2026-03-31 03:17:13,100.0,100.0
2026-03-31 03:17:27,100.0,100.0
2026-03-31 03:17:43,100.0,100.0
2026-03-31 03:17:58,100.0,100.0
2026-03-31 03:18:13,100.0,100.0
2026-03-31 03:18:28,100.0,100.0
2026-03-31 03:18:42,100.0,100.0
2026-03-31 03:18:58,100.0,100.0
2026-03-31 03:19:13,100.0,100.0
2026-03-31 03:19:28,100.0,100.0
2026-03-31 03:19:43,100.0,100.0
2026-03-31 03:19:57,100.0,100.0
2026-03-31 03:20:13,100.0,100.0
2026-03-31 03:20:28,100.0,100.0
2026-03-31 03:20:43,100.0,100.0
2026-03-31 03:20:57,100.0,100.0
2026-03-31 03:21:12,100.0,100.0
2026-03-31 03:21:27,100.0,100.0
2026-03-31 03:21:43,100.0,100.0
2026-03-31 03:21:58,100.0,100.0
2026-03-31 03:22:13,100.0,100.0
2026-03-31 03:22:27,100.0,100.0
2026-03-31 03:22:42,100.0,100.0
2026-03-31 03:22:57,100.0,100.0
2026-03-31 03:23:12,100.0,100.0
2026-03-31 03:23:27,100.0,100.0
2026-03-31 03:23:42,100.0,100.0
2026-03-31 03:23:57,100.0,100.0
2026-03-31 03:24:12,100.0,100.0
2026-03-31 03:24:27,100.0,100.0
2026-03-31 03:24:42,100.0,100.0
2026-03-31 03:24:57,100.0,100.0
2026-03-31 03:25:12,100.0,100.0
2026-03-31 03:25:28,100.0,100.0
2026-03-31 03:25:43,100.0,100.0
2026-03-31 03:25:58,100.0,100.0
2026-03-31 03:26:12,100.0,100.0
2026-03-31 03:26:28,100.0,100.0
2026-03-31 03:26:42,100.0,100.0
2026-03-31 03:26:57,100.0,100.0
2026-03-31 03:27:12,100.0,100.0
2026-03-31 03:27:27,100.0,100.0
2026-03-31 03:27:42,100.0,100.0
2026-03-31 03:27:57,100.0,100.0
2026-03-31 03:28:12,100.0,100.0
2026-03-31 03:28:28,100.0,100.0
2026-03-31 03:28:43,100.0,100.0
2026-03-31 03:28:58,100.0,100.0
2026-03-31 03:29:12,100.0,100.0
2026-03-31 03:29:27,100.0,100.0
2026-03-31 03:29:42,100.0,100.0
2026-03-31 03:29:57,100.0,100.0
2026-03-31 03:30:12,100.0,100.0
2026-03-31 03:30:27,100.0,100.0
2026-03-31 03:30:43,100.0,100.0
2026-03-31 03:30:57,100.0,100.0
2026-03-31 03:31:12,100.0,100.0
2026-03-31 03:31:27,100.0,100.0
2026-03-31 03:31:42,100.0,100.0
2026-03-31 03:31:57,100.0,100.0
2026-03-31 03:32:12,100.0,100.0
2026-03-31 03:32:28,100.0,100.0
2026-03-31 03:32:42,100.0,100.0
2026-03-31 03:32:57,100.0,100.0
2026-03-31 03:33:12,100.0,100.0
2026-03-31 03:33:28,100.0,100.0
2026-03-31 03:33:42,100.0,100.0
2026-03-31 03:33:58,100.0,100.0
2026-03-31 03:34:12,100.0,100.0
2026-03-31 03:34:27,100.0,100.0
2026-03-31 03:34:42,100.0,100.0
2026-03-31 03:34:57,100.0,100.0
2026-03-31 03:35:12,100.0,100.0
2026-03-31 03:35:27,100.0,100.0
2026-03-31 03:35:42,100.0,100.0
2026-03-31 03:35:57,100.0,100.0
2026-03-31 03:36:12,100.0,100.0
2026-03-31 03:36:27,100.0,100.0
2026-03-31 03:36:42,100.0,100.0
2026-03-31 03:36:57,100.0,100.0
2026-03-31 03:37:12,100.0,100.0
2026-03-31 03:37:27,100.0,100.0
2026-03-31 03:37:42,100.0,100.0
2026-03-31 03:37:57,100.0,100.0
2026-03-31 03:38:12,100.0,100.0
2026-03-31 03:38:27,100.0,100.0
2026-03-31 03:38:42,100.0,100.0
2026-03-31 03:38:57,100.0,100.0
2026-03-31 03:39:12,100.0,100.0
2026-03-31 03:39:27,100.0,100.0
2026-03-31 03:39:42,100.0,100.0
2026-03-31 03:39:57,100.0,100.0
2026-03-31 03:40:12,100.0,100.0
2026-03-31 03:40:27,100.0,100.0
2026-03-31 03:40:42,100.0,100.0
2026-03-31 03:40:57,100.0,100.0
2026-03-31 03:41:12,100.0,100.0
2026-03-31 03:41:27,100.0,100.0
2026-03-31 03:41:42,100.0,100.0
2026-03-31 03:41:57,100.0,100.0
2026-03-31 03:42:12,100.0,100.0
2026-03-31 03:42:27,100.0,100.0
2026-03-31 03:42:42,100.0,100.0
2026-03-31 03:42:57,100.0,100.0
2026-03-31 03:43:12,100.0,100.0
2026-03-31 03:43:27,100.0,100.0
2026-03-31 03:43:42,100.0,100.0
2026-03-31 03:43:57,100.0,100.0
2026-03-31 03:44:12,100.0,100.0
2026-03-31 03:44:27,100.0,100.0
2026-03-31 03:44:42,100.0,100.0
2026-03-31 03:44:57,100.0,100.0
2026-03-31 03:45:12,100.0,100.0
2026-03-31 03:45:27,100.0,100.0
2026-03-31 03:45:42,100.0,100.0
2026-03-31 03:45:57,100.0,100.0
2026-03-31 03:46:12,100.0,100.0
2026-03-31 03:46:27,100.0,100.0
2026-03-31 03:46:42,100.0,100.0
2026-03-31 03:46:57,100.0,100.0
2026-03-31 03:47:12,100.0,100.0
2026-03-31 03:47:27,100.0,100.0
2026-03-31 03:47:42,100.0,100.0
2026-03-31 03:47:57,100.0,100.0
2026-03-31 03:48:12,100.0,100.0
2026-03-31 03:48:27,100.0,100.0
2026-03-31 03:48:42,100.0,100.0
2026-03-31 03:48:57,100.0,100.0
2026-03-31 03:49:12,100.0,100.0
2026-03-31 03:49:27,100.0,100.0
2026-03-31 03:49:42,100.0,100.0
2026-03-31 03:49:57,100.0,100.0
2026-03-31 03:50:12,100.0,100.0
2026-03-31 03:50:27,100.0,100.0
2026-03-31 03:50:42,100.0,100.0
2026-03-31 03:50:57,100.0,100.0
2026-03-31 03:51:12,100.0,100.0
2026-03-31 03:51:27,100.0,100.0
2026-03-31 03:51:42,100.0,100.0
2026-03-31 03:51:57,100.0,100.0
2026-03-31 03:52:12,100.0,100.0
2026-03-31 03:52:27,100.0,100.0
2026-03-31 03:52:42,100.0,100.0
2026-03-31 03:52:57,100.0,100.0
2026-03-31 03:53:12,100.0,100.0
2026-03-31 03:53:27,100.0,100.0
2026-03-31 03:53:42,100.0,100.0
2026-03-31 03:53:57,100.0,100.0
2026-03-31 03:54:12,100.0,100.0
2026-03-31 03:54:27,100.0,100.0
2026-03-31 03:54:42,100.0,100.0
2026-03-31 03:54:57,100.0,100.0
2026-03-31 03:55:12,100.0,100.0
2026-03-31 03:55:27,100.0,100.0
2026-03-31 03:55:42,100.0,100.0
2026-03-31 03:55:57,100.0,100.0
2026-03-31 03:56:12,100.0,100.0
2026-03-31 03:56:27,100.0,100.0
2026-03-31 03:56:42,100.0,100.0
2026-03-31 03:56:57,100.0,100.0
2026-03-31 03:57:12,100.0,100.0
2026-03-31 03:57:27,100.0,100.0
2026-03-31 03:57:42,100.0,100.0
2026-03-31 03:57:57,100.0,100.0
2026-03-31 03:58:12,100.0,100.0
2026-03-31 03:58:27,100.0,100.0
2026-03-31 03:58:42,100.0,100.0
2026-03-31 03:58:57,100.0,100.0
2026-03-31 03:59:12,100.0,100.0
2026-03-31 03:59:27,100.0,100.0
2026-03-31 03:59:42,100.0,100.0
2026-03-31 03:59:57,100.0,100.0
2026-03-31 04:00:12,100.0,100.0
2026-03-31 04:00:27,100.0,100.0
2026-03-31 04:00:42,100.0,100.0
2026-03-31 04:00:57,100.0,100.0
2026-03-31 04:01:12,100.0,100.0
2026-03-31 04:01:27,100.0,100.0
2026-03-31 04:01:42,100.0,100.0
2026-03-31 04:01:57,100.0,100.0
2026-03-31 04:02:12,100.0,100.0
2026-03-31 04:02:27,100.0,100.0
2026-03-31 04:02:42,100.0,100.0
2026-03-31 04:02:57,100.0,100.0
2026-03-31 04:03:12,100.0,100.0
2026-03-31 04:03:27,100.0,100.0
2026-03-31 04:03:42,100.0,100.0
2026-03-31 04:03:57,100.0,100.0
2026-03-31 04:04:12,100.0,100.0
2026-03-31 04:04:27,100.0,100.0
2026-03-31 04:04:42,100.0,100.0
2026-03-31 04:04:57,100.0,100.0
2026-03-31 04:05:12,100.0,100.0
2026-03-31 04:05:27,100.0,100.0
2026-03-31 04:05:42,100.0,100.0
2026-03-31 04:05:57,100.0,100.0
2026-03-31 04:06:12,100.0,100.0
2026-03-31 04:06:27,100.0,100.0
2026-03-31 04:06:42,100.0,100.0
2026-03-31 04:06:57,100.0,100.0
2026-03-31 04:07:12,100.0,100.0
2026-03-31 04:07:27,100.0,100.0
2026-03-31 04:07:42,100.0,100.0
2026-03-31 04:07:57,100.0,100.0
2026-03-31 04:08:12,100.0,100.0
2026-03-31 04:08:27,100.0,100.0
2026-03-31 04:08:42,100.0,100.0
2026-03-31 04:08:57,100.0,100.0
2026-03-31 04:09:12,100.0,100.0
2026-03-31 04:09:27,100.0,100.0
2026-03-31 04:09:42,100.0,100.0
2026-03-31 04:09:57,100.0,100.0
2026-03-31 04:10:12,100.0,100.0
2026-03-31 04:10:27,100.0,100.0
2026-03-31 04:10:42,100.0,100.0
2026-03-31 04:10:57,100.0,100.0
2026-03-31 04:11:12,100.0,100.0
2026-03-31 04:11:27,100.0,100.0
2026-03-31 04:11:42,100.0,100.0
2026-03-31 04:11:57,100.0,100.0
2026-03-31 04:12:12,100.0,100.0
2026-03-31 04:12:27,100.0,100.0
2026-03-31 04:12:42,100.0,100.0
2026-03-31 04:12:57,100.0,100.0
2026-03-31 04:13:12,100.0,100.0
2026-03-31 04:13:27,100.0,100.0
2026-03-31 04:13:42,100.0,100.0
2026-03-31 04:13:57,100.0,100.0
2026-03-31 04:14:12,100.0,100.0
2026-03-31 04:14:27,100.0,100.0
2026-03-31 04:14:42,100.0,100.0
2026-03-31 04:14:57,100.0,100.0
2026-03-31 04:15:12,100.0,100.0
2026-03-31 04:15:27,100.0,100.0
2026-03-31 04:15:42,100.0,100.0
2026-03-31 04:15:57,100.0,100.0
2026-03-31 04:16:12,100.0,100.0
2026-03-31 04:16:27,100.0,100.0
2026-03-31 04:16:42,100.0,100.0
2026-03-31 04:16:57,100.0,100.0
2026-03-31 04:17:12,100.0,100.0
2026-03-31 04:17:27,100.0,100.0
2026-03-31 04:17:42,100.0,100.0
2026-03-31 04:17:57,100.0,100.0
2026-03-31 04:18:12,100.0,100.0
2026-03-31 04:18:27,100.0,100.0
2026-03-31 04:18:42,100.0,100.0
2026-03-31 04:18:57,100.0,100.0
2026-03-31 04:19:12,100.0,100.0
2026-03-31 04:19:27,100.0,100.0
2026-03-31 04:19:42,100.0,100.0
2026-03-31 04:19:57,100.0,100.0
2026-03-31 04:20:12,100.0,100.0
2026-03-31 04:20:27,100.0,100.0
2026-03-31 04:20:42,100.0,100.0
2026-03-31 04:20:57,100.0,100.0
2026-03-31 04:21:12,100.0,100.0
2026-03-31 04:21:27,100.0,100.0
2026-03-31 04:21:42,100.0,100.0
2026-03-31 04:21:57,100.0,100.0
2026-03-31 04:22:12,100.0,100.0
2026-03-31 04:22:27,100.0,100.0
2026-03-31 04:22:42,100.0,100.0
2026-03-31 04:22:57,100.0,100.0
2026-03-31 04:23:12,100.0,100.0
2026-03-31 04:23:27,100.0,100.0
2026-03-31 04:23:42,100.0,100.0
2026-03-31 04:23:57,100.0,100.0
2026-03-31 04:24:12,100.0,100.0
2026-03-31 04:24:27,100.0,100.0
2026-03-31 04:24:42,100.0,100.0
2026-03-31 04:24:57,100.0,100.0
2026-03-31 04:25:12,100.0,100.0
2026-03-31 04:25:27,100.0,100.0
2026-03-31 04:25:42,100.0,100.0
2026-03-31 04:25:57,100.0,100.0
2026-03-31 04:26:12,100.0,100.0
2026-03-31 04:26:27,100.0,100.0
2026-03-31 04:26:42,100.0,100.0
2026-03-31 04:26:57,100.0,100.0
2026-03-31 04:27:12,100.0,100.0
2026-03-31 04:27:27,100.0,100.0
2026-03-31 04:27:42,100.0,100.0
2026-03-31 04:27:57,100.0,100.0
2026-03-31 04:28:12,100.0,100.0
2026-03-31 04:28:27,100.0,100.0
2026-03-31 04:28:42,100.0,100.0
2026-03-31 04:28:57,100.0,100.0
2026-03-31 04:29:12,100.0,100.0
2026-03-31 04:29:27,100.0,100.0
2026-03-31 04:29:42,100.0,100.0
2026-03-31 04:29:57,100.0,100.0
2026-03-31 04:30:12,100.0,100.0
2026-03-31 04:30:27,100.0,100.0
2026-03-31 04:30:42,100.0,100.0
2026-03-31 04:30:57,100.0,100.0
2026-03-31 04:31:12,100.0,100.0
2026-03-31 04:31:27,100.0,100.0
2026-03-31 04:31:42,100.0,100.0
2026-03-31 04:31:57,100.0,100.0
2026-03-31 04:32:12,100.0,100.0
2026-03-31 04:32:27,100.0,100.0
2026-03-31 04:32:42,100.0,100.0
2026-03-31 04:32:57,100.0,100.0
2026-03-31 04:33:12,100.0,100.0
2026-03-31 04:33:27,100.0,100.0
2026-03-31 04:33:42,100.0,100.0
2026-03-31 04:33:57,100.0,100.0
2026-03-31 04:34:12,100.0,100.0
2026-03-31 04:34:27,100.0,100.0
2026-03-31 04:34:42,100.0,100.0
2026-03-31 04:34:57,100.0,100.0
2026-03-31 04:35:12,100.0,100.0
2026-03-31 04:35:27,100.0,100.0
2026-03-31 04:35:42,100.0,100.0
2026-03-31 04:35:57,100.0,100.0
2026-03-31 04:36:12,100.0,100.0
2026-03-31 04:36:27,100.0,100.0
2026-03-31 04:36:42,100.0,100.0
2026-03-31 04:36:57,100.0,100.0
2026-03-31 04:37:12,100.0,100.0
2026-03-31 04:37:27,100.0,100.0
2026-03-31 04:37:42,100.0,100.0
2026-03-31 04:37:57,100.0,100.0
2026-03-31 04:38:12,100.0,100.0
2026-03-31 04:38:27,100.0,100.0
2026-03-31 04:38:42,100.0,100.0
2026-03-31 04:38:57,100.0,100.0
2026-03-31 04:39:12,100.0,100.0
2026-03-31 04:39:27,100.0,100.0
2026-03-31 04:39:42,100.0,100.0
2026-03-31 04:39:57,100.0,100.0
2026-03-31 04:40:12,100.0,100.0
2026-03-31 04:40:27,100.0,100.0
2026-03-31 04:40:42,100.0,100.0
2026-03-31 04:40:57,100.0,100.0
2026-03-31 04:41:12,100.0,100.0
2026-03-31 04:41:27,100.0,100.0
2026-03-31 04:41:42,100.0,100.0
2026-03-31 04:41:57,100.0,100.0
2026-03-31 04:42:12,100.0,100.0
2026-03-31 04:42:27,100.0,100.0
2026-03-31 04:42:42,100.0,100.0
2026-03-31 04:42:57,100.0,100.0
2026-03-31 04:43:12,100.0,100.0
2026-03-31 04:43:27,100.0,100.0
2026-03-31 04:43:42,100.0,100.0
2026-03-31 04:43:57,100.0,100.0
2026-03-31 04:44:12,100.0,100.0
2026-03-31 04:44:27,100.0,100.0
2026-03-31 04:44:42,100.0,100.0
2026-03-31 04:44:57,100.0,100.0
2026-03-31 04:45:12,100.0,100.0
2026-03-31 04:45:27,100.0,100.0
2026-03-31 04:45:42,100.0,100.0
2026-03-31 04:45:57,100.0,100.0
2026-03-31 04:46:12,100.0,100.0
2026-03-31 04:46:27,100.0,100.0
2026-03-31 04:46:42,100.0,100.0
2026-03-31 04:46:57,100.0,100.0
2026-03-31 04:47:12,100.0,100.0
2026-03-31 04:47:27,100.0,100.0
2026-03-31 04:47:42,100.0,100.0
2026-03-31 04:47:57,100.0,100.0
2026-03-31 04:48:12,100.0,100.0
2026-03-31 04:48:27,100.0,100.0
2026-03-31 04:48:42,100.0,100.0
2026-03-31 04:48:57,100.0,100.0
2026-03-31 04:49:12,100.0,100.0
2026-03-31 04:49:27,100.0,100.0
2026-03-31 04:49:42,100.0,100.0
2026-03-31 04:49:57,100.0,100.0
2026-03-31 04:50:12,100.0,100.0
2026-03-31 04:50:27,100.0,100.0
2026-03-31 04:50:42,100.0,100.0
2026-03-31 04:50:57,100.0,100.0
2026-03-31 04:51:12,100.0,100.0
2026-03-31 04:51:27,100.0,100.0
2026-03-31 04:51:42,100.0,100.0
2026-03-31 04:51:57,100.0,100.0
2026-03-31 04:52:12,100.0,100.0
2026-03-31 04:52:27,100.0,100.0
2026-03-31 04:52:42,100.0,100.0
2026-03-31 04:52:57,100.0,100.0
2026-03-31 04:53:12,100.0,100.0
2026-03-31 04:53:27,100.0,100.0
2026-03-31 04:53:42,100.0,100.0
2026-03-31 04:53:57,100.0,100.0
2026-03-31 04:54:12,100.0,100.0
2026-03-31 04:54:27,100.0,100.0
2026-03-31 04:54:42,100.0,100.0
2026-03-31 04:54:57,100.0,100.0
2026-03-31 04:55:12,100.0,100.0
2026-03-31 04:55:27,100.0,100.0
2026-03-31 04:55:42,100.0,100.0
2026-03-31 04:55:57,100.0,100.0
2026-03-31 04:56:12,100.0,100.0
2026-03-31 04:56:27,100.0,100.0
2026-03-31 04:56:42,100.0,100.0
2026-03-31 04:56:57,100.0,100.0
2026-03-31 04:57:12,100.0,100.0
2026-03-31 04:57:27,100.0,100.0
2026-03-31 04:57:42,100.0,100.0
2026-03-31 04:57:57,100.0,100.0
2026-03-31 04:58:12,100.0,100.0
2026-03-31 04:58:27,100.0,100.0
2026-03-31 04:58:42,100.0,100.0
2026-03-31 04:58:57,100.0,100.0
2026-03-31 04:59:12,100.0,100.0
2026-03-31 04:59:27,100.0,100.0
2026-03-31 04:59:42,100.0,100.0
2026-03-31 04:59:57,100.0,100.0
2026-03-31 05:00:12,100.0,100.0
2026-03-31 05:00:27,100.0,100.0
2026-03-31 05:00:42,100.0,100.0
2026-03-31 05:00:57,100.0,100.0
2026-03-31 05:01:12,100.0,100.0
2026-03-31 05:01:27,100.0,100.0
2026-03-31 05:01:42,100.0,100.0
2026-03-31 05:01:57,100.0,100.0
2026-03-31 05:02:12,100.0,100.0
2026-03-31 05:02:27,100.0,100.0
2026-03-31 05:02:42,100.0,100.0
2026-03-31 05:02:57,100.0,100.0
2026-03-31 05:03:12,100.0,100.0
2026-03-31 05:03:27,100.0,100.0
2026-03-31 05:03:42,100.0,100.0
2026-03-31 05:03:57,100.0,100.0
2026-03-31 05:04:12,100.0,100.0
2026-03-31 05:04:27,100.0,100.0
2026-03-31 05:04:42,100.0,100.0
2026-03-31 05:04:57,100.0,100.0
2026-03-31 05:05:12,100.0,100.0
2026-03-31 05:05:27,100.0,100.0
2026-03-31 05:05:42,100.0,100.0
2026-03-31 05:05:57,100.0,100.0
2026-03-31 05:06:12,100.0,100.0
2026-03-31 05:06:27,100.0,100.0
2026-03-31 05:06:42,100.0,100.0
2026-03-31 05:06:57,100.0,100.0
2026-03-31 05:07:12,100.0,100.0
2026-03-31 05:07:27,100.0,100.0
2026-03-31 05:07:42,100.0,100.0
2026-03-31 05:07:57,100.0,100.0
2026-03-31 05:08:12,100.0,100.0
2026-03-31 05:08:27,100.0,100.0
2026-03-31 05:08:42,100.0,100.0
2026-03-31 05:08:57,100.0,100.0
2026-03-31 05:09:12,100.0,100.0
2026-03-31 05:09:27,100.0,100.0
2026-03-31 05:09:42,100.0,100.0
2026-03-31 05:09:57,100.0,100.0
2026-03-31 05:10:12,100.0,100.0
2026-03-31 05:10:27,100.0,100.0
2026-03-31 05:10:42,100.0,100.0
2026-03-31 05:10:57,100.0,100.0
2026-03-31 05:11:12,100.0,100.0
2026-03-31 05:11:27,100.0,100.0
2026-03-31 05:11:42,100.0,100.0
2026-03-31 05:11:57,100.0,100.0
2026-03-31 05:12:12,100.0,100.0
2026-03-31 05:12:27,100.0,100.0
2026-03-31 05:12:42,100.0,100.0
2026-03-31 05:12:57,100.0,100.0
2026-03-31 05:13:12,100.0,100.0
2026-03-31 05:13:27,100.0,100.0
2026-03-31 05:13:42,100.0,100.0
2026-03-31 05:13:57,100.0,100.0
2026-03-31 05:14:12,100.0,100.0
2026-03-31 05:14:27,100.0,100.0
2026-03-31 05:14:42,100.0,100.0
2026-03-31 05:14:57,100.0,100.0
2026-03-31 05:15:12,100.0,100.0
2026-03-31 05:15:27,100.0,100.0
2026-03-31 05:15:42,100.0,100.0
2026-03-31 05:15:57,100.0,100.0
2026-03-31 05:16:12,100.0,100.0
2026-03-31 05:16:27,100.0,100.0
2026-03-31 05:16:42,100.0,100.0
2026-03-31 05:16:57,100.0,100.0
2026-03-31 05:17:12,100.0,100.0
2026-03-31 05:17:27,100.0,100.0
2026-03-31 05:17:42,100.0,100.0
2026-03-31 05:17:57,100.0,100.0
2026-03-31 05:18:12,100.0,100.0
2026-03-31 05:18:27,100.0,100.0
2026-03-31 05:18:42,100.0,100.0
2026-03-31 05:18:57,100.0,100.0
2026-03-31 05:19:12,100.0,100.0
2026-03-31 05:19:27,100.0,100.0
2026-03-31 05:19:42,100.0,100.0
2026-03-31 05:19:57,100.0,100.0
2026-03-31 05:20:12,100.0,100.0
2026-03-31 05:20:27,100.0,100.0
2026-03-31 05:20:42,100.0,100.0
2026-03-31 05:20:57,100.0,100.0
2026-03-31 05:21:12,100.0,100.0
2026-03-31 05:21:27,100.0,100.0
2026-03-31 05:21:42,100.0,100.0
2026-03-31 05:21:57,100.0,100.0
2026-03-31 05:22:12,100.0,100.0
2026-03-31 05:22:27,100.0,100.0
2026-03-31 05:22:42,100.0,100.0
2026-03-31 05:22:57,100.0,100.0
2026-03-31 05:23:12,100.0,100.0
2026-03-31 05:23:27,100.0,100.0
2026-03-31 05:23:42,100.0,100.0
2026-03-31 05:23:57,100.0,100.0
2026-03-31 05:24:12,100.0,100.0
2026-03-31 05:24:27,100.0,100.0
2026-03-31 05:24:42,100.0,100.0
2026-03-31 05:24:57,100.0,100.0
2026-03-31 05:25:12,100.0,100.0
2026-03-31 05:25:27,100.0,100.0
2026-03-31 05:25:42,100.0,100.0
2026-03-31 05:25:57,100.0,100.0
2026-03-31 05:26:12,100.0,100.0
2026-03-31 05:26:27,100.0,100.0
2026-03-31 05:26:42,100.0,100.0
2026-03-31 05:26:57,100.0,100.0
2026-03-31 05:27:12,100.0,100.0
2026-03-31 05:27:27,100.0,100.0
2026-03-31 05:27:42,100.0,100.0
2026-03-31 05:27:57,100.0,100.0
2026-03-31 05:28:12,100.0,100.0
2026-03-31 05:28:27,100.0,100.0
2026-03-31 05:28:42,100.0,100.0
2026-03-31 05:28:57,100.0,100.0
2026-03-31 05:29:12,100.0,100.0
2026-03-31 05:29:27,100.0,100.0
2026-03-31 05:29:42,100.0,100.0
2026-03-31 05:29:57,100.0,100.0
2026-03-31 05:30:12,100.0,100.0
2026-03-31 05:30:27,100.0,100.0
2026-03-31 05:30:42,100.0,100.0
2026-03-31 05:30:57,100.0,100.0
2026-03-31 05:31:12,100.0,100.0
2026-03-31 05:31:27,100.0,100.0
2026-03-31 05:31:42,100.0,100.0
2026-03-31 05:31:57,100.0,100.0
2026-03-31 05:32:12,100.0,100.0
2026-03-31 05:32:27,100.0,100.0
2026-03-31 05:32:42,100.0,100.0
2026-03-31 05:32:57,100.0,100.0
2026-03-31 05:33:12,100.0,100.0
2026-03-31 05:33:27,100.0,100.0
2026-03-31 05:33:42,100.0,100.0
2026-03-31 05:33:57,100.0,100.0
2026-03-31 05:34:12,100.0,100.0
2026-03-31 05:34:27,100.0,100.0
2026-03-31 05:34:42,100.0,100.0
2026-03-31 05:34:57,100.0,100.0
2026-03-31 05:35:12,100.0,100.0
2026-03-31 05:35:27,100.0,100.0
2026-03-31 05:35:42,100.0,100.0
2026-03-31 05:35:57,100.0,100.0
2026-03-31 05:36:12,100.0,100.0
2026-03-31 05:36:27,100.0,100.0
2026-03-31 05:36:42,100.0,100.0
2026-03-31 05:36:57,100.0,100.0
2026-03-31 05:37:12,100.0,100.0
2026-03-31 05:37:27,100.0,100.0
2026-03-31 05:37:42,100.0,100.0
2026-03-31 05:37:57,100.0,100.0
2026-03-31 05:38:12,100.0,100.0
2026-03-31 05:38:27,100.0,100.0
2026-03-31 05:38:42,100.0,100.0
2026-03-31 05:38:57,100.0,100.0
2026-03-31 05:39:12,100.0,100.0
2026-03-31 05:39:27,100.0,100.0
2026-03-31 05:39:42,100.0,100.0
2026-03-31 05:39:57,100.0,100.0
2026-03-31 05:40:12,100.0,100.0
2026-03-31 05:40:27,100.0,100.0
2026-03-31 05:40:42,100.0,100.0
2026-03-31 05:40:57,100.0,100.0
2026-03-31 05:41:12,100.0,100.0
2026-03-31 05:41:27,100.0,100.0
2026-03-31 05:41:42,100.0,100.0
2026-03-31 05:41:57,100.0,100.0
2026-03-31 05:42:12,100.0,100.0
2026-03-31 05:42:27,100.0,100.0
2026-03-31 05:42:42,100.0,100.0
2026-03-31 05:42:57,100.0,100.0
2026-03-31 05:43:12,100.0,100.0
2026-03-31 05:43:27,100.0,100.0
2026-03-31 05:43:42,100.0,100.0
2026-03-31 05:43:57,100.0,100.0
2026-03-31 05:44:12,100.0,100.0
2026-03-31 05:44:27,100.0,100.0
2026-03-31 05:44:42,100.0,100.0
2026-03-31 05:44:57,100.0,100.0
2026-03-31 05:45:12,100.0,100.0
2026-03-31 05:45:27,100.0,100.0
2026-03-31 05:45:42,100.0,100.0
2026-03-31 05:45:57,100.0,100.0
2026-03-31 05:46:12,100.0,100.0
2026-03-31 05:46:27,100.0,100.0
2026-03-31 05:46:42,100.0,100.0
2026-03-31 05:46:57,100.0,100.0
2026-03-31 05:47:12,100.0,100.0
2026-03-31 05:47:27,100.0,100.0
2026-03-31 05:47:42,100.0,100.0
2026-03-31 05:47:57,100.0,100.0
2026-03-31 05:48:12,100.0,100.0
2026-03-31 05:48:27,100.0,100.0
2026-03-31 05:48:42,100.0,100.0
2026-03-31 05:48:57,100.0,100.0
2026-03-31 05:49:12,100.0,100.0
2026-03-31 05:49:27,100.0,100.0
2026-03-31 05:49:42,100.0,100.0
2026-03-31 05:49:57,100.0,100.0
2026-03-31 05:50:12,100.0,100.0
2026-03-31 05:50:27,100.0,100.0
2026-03-31 05:50:42,100.0,100.0
2026-03-31 05:50:57,100.0,100.0
2026-03-31 05:51:12,100.0,100.0
2026-03-31 05:51:27,100.0,100.0
2026-03-31 05:51:42,100.0,100.0
2026-03-31 05:51:57,100.0,100.0
2026-03-31 05:52:12,100.0,100.0
2026-03-31 05:52:27,100.0,100.0
2026-03-31 05:52:42,100.0,100.0
2026-03-31 05:52:57,100.0,100.0
2026-03-31 05:53:12,100.0,100.0
2026-03-31 05:53:27,100.0,100.0
2026-03-31 05:53:42,100.0,100.0
2026-03-31 05:53:57,100.0,100.0
2026-03-31 05:54:12,100.0,100.0
2026-03-31 05:54:27,100.0,100.0
2026-03-31 05:54:42,100.0,100.0
2026-03-31 05:54:57,100.0,100.0
2026-03-31 05:55:12,100.0,100.0
2026-03-31 05:55:27,100.0,100.0
2026-03-31 05:55:42,100.0,100.0
2026-03-31 05:55:57,100.0,100.0
2026-03-31 05:56:12,100.0,100.0
2026-03-31 05:56:27,100.0,100.0
2026-03-31 05:56:42,100.0,100.0
2026-03-31 05:56:57,100.0,100.0
2026-03-31 05:57:12,100.0,100.0
2026-03-31 05:57:27,100.0,100.0
2026-03-31 05:57:42,100.0,100.0
2026-03-31 05:57:57,100.0,100.0
2026-03-31 05:58:12,100.0,100.0
2026-03-31 05:58:27,100.0,100.0
2026-03-31 05:58:42,100.0,100.0
2026-03-31 05:58:57,100.0,100.0
2026-03-31 05:59:12,100.0,100.0
2026-03-31 05:59:27,100.0,100.0
2026-03-31 05:59:42,100.0,100.0
2026-03-31 05:59:57,100.0,100.0
2026-03-31 06:00:12,100.0,100.0
2026-03-31 06:00:27,100.0,100.0
2026-03-31 06:00:42,100.0,100.0
2026-03-31 06:00:57,100.0,100.0
2026-03-31 06:01:12,100.0,100.0
2026-03-31 06:01:27,100.0,100.0
2026-03-31 06:01:42,100.0,100.0
2026-03-31 06:01:57,100.0,100.0
2026-03-31 06:02:12,100.0,100.0
2026-03-31 06:02:27,100.0,100.0
2026-03-31 06:02:42,100.0,100.0
2026-03-31 06:02:57,100.0,100.0
2026-03-31 06:03:12,100.0,100.0
2026-03-31 06:03:27,100.0,100.0
2026-03-31 06:03:42,100.0,100.0
2026-03-31 06:03:57,100.0,100.0
2026-03-31 06:04:12,100.0,100.0
2026-03-31 06:04:27,100.0,100.0
2026-03-31 06:04:42,100.0,100.0
2026-03-31 06:04:57,100.0,100.0
2026-03-31 06:05:12,100.0,100.0
2026-03-31 06:05:27,100.0,100.0
2026-03-31 06:05:42,100.0,100.0
2026-03-31 06:05:57,100.0,100.0
2026-03-31 06:06:12,100.0,100.0
2026-03-31 06:06:27,100.0,100.0
2026-03-31 06:06:42,100.0,100.0
2026-03-31 06:06:57,100.0,100.0
2026-03-31 06:07:12,100.0,100.0
2026-03-31 06:07:27,100.0,100.0
2026-03-31 06:07:42,100.0,100.0
2026-03-31 06:07:57,100.0,100.0
2026-03-31 06:08:12,100.0,100.0
2026-03-31 06:08:27,100.0,100.0
2026-03-31 06:08:42,100.0,100.0
2026-03-31 06:08:57,100.0,100.0
2026-03-31 06:09:12,100.0,100.0
2026-03-31 06:09:27,100.0,100.0
2026-03-31 06:09:42,100.0,100.0
2026-03-31 06:09:57,100.0,100.0
2026-03-31 06:10:12,100.0,100.0
2026-03-31 06:10:27,100.0,100.0
2026-03-31 06:10:42,100.0,100.0
2026-03-31 06:10:57,100.0,100.0
2026-03-31 06:11:12,100.0,100.0
2026-03-31 06:11:27,100.0,100.0
2026-03-31 06:11:42,100.0,100.0
2026-03-31 06:11:57,100.0,100.0
2026-03-31 06:12:12,100.0,100.0
2026-03-31 06:12:27,100.0,100.0
2026-03-31 06:12:42,100.0,100.0
2026-03-31 06:12:57,100.0,100.0
2026-03-31 06:13:12,100.0,100.0
2026-03-31 06:13:27,100.0,100.0
2026-03-31 06:13:42,100.0,100.0
2026-03-31 06:13:57,100.0,100.0
2026-03-31 06:14:12,100.0,100.0
2026-03-31 06:14:27,100.0,100.0
2026-03-31 06:14:42,100.0,100.0
2026-03-31 06:14:57,100.0,100.0
2026-03-31 06:15:12,100.0,100.0
2026-03-31 06:15:27,100.0,100.0
2026-03-31 06:15:42,100.0,100.0
2026-03-31 06:15:57,100.0,100.0
2026-03-31 06:16:12,100.0,100.0
2026-03-31 06:16:27,100.0,100.0
2026-03-31 06:16:42,100.0,100.0
2026-03-31 06:16:57,100.0,100.0
2026-03-31 06:17:12,100.0,100.0
2026-03-31 06:17:27,100.0,100.0
2026-03-31 06:17:42,100.0,100.0
2026-03-31 06:17:57,100.0,100.0
2026-03-31 06:18:12,100.0,100.0
2026-03-31 06:18:27,100.0,100.0
2026-03-31 06:18:42,100.0,100.0
2026-03-31 06:18:57,100.0,100.0
2026-03-31 06:19:12,100.0,100.0
2026-03-31 06:19:27,100.0,100.0
2026-03-31 06:19:42,87.5,100.0
2026-03-31 06:19:57,87.5,100.0
2026-03-31 06:20:12,87.5,100.0
2026-03-31 06:20:27,87.5,100.0
2026-03-31 06:20:42,87.5,100.0
2026-03-31 06:20:57,87.5,100.0
2026-03-31 06:21:12,87.5,100.0
2026-03-31 06:21:27,87.5,100.0
2026-03-31 06:21:42,87.5,100.0
2026-03-31 06:21:57,87.5,100.0
2026-03-31 06:22:12,87.5,100.0
2026-03-31 06:22:27,87.5,100.0
2026-03-31 06:22:42,87.5,100.0
2026-03-31 06:22:57,87.5,100.0
2026-03-31 06:23:12,87.5,100.0
2026-03-31 06:23:27,100.0,100.0
2026-03-31 06:23:42,100.0,100.0
2026-03-31 06:23:57,100.0,100.0
2026-03-31 06:24:12,100.0,100.0
2026-03-31 06:24:27,100.0,100.0
2026-03-31 06:24:42,100.0,100.0
2026-03-31 06:24:57,100.0,100.0
2026-03-31 06:25:12,100.0,100.0
2026-03-31 06:25:27,100.0,100.0
2026-03-31 06:25:42,100.0,100.0
2026-03-31 06:25:57,100.0,100.0
2026-03-31 06:26:12,100.0,100.0
2026-03-31 06:26:27,100.0,100.0
2026-03-31 06:26:42,100.0,100.0
2026-03-31 06:26:57,100.0,100.0
2026-03-31 06:27:12,100.0,100.0
2026-03-31 06:27:27,100.0,100.0
2026-03-31 06:27:42,100.0,100.0
2026-03-31 06:27:57,100.0,100.0
2026-03-31 06:28:12,100.0,100.0
2026-03-31 06:28:27,100.0,100.0
2026-03-31 06:28:42,100.0,100.0
2026-03-31 06:28:57,100.0,100.0
2026-03-31 06:29:12,100.0,100.0
2026-03-31 06:29:27,100.0,100.0
2026-03-31 06:29:42,100.0,100.0
2026-03-31 06:29:57,100.0,100.0
2026-03-31 06:30:12,100.0,100.0
2026-03-31 06:30:27,100.0,100.0
2026-03-31 06:30:42,100.0,100.0
2026-03-31 06:30:57,100.0,100.0
2026-03-31 06:31:12,100.0,100.0
2026-03-31 06:31:27,100.0,100.0
2026-03-31 06:31:42,100.0,100.0
2026-03-31 06:31:57,100.0,100.0
2026-03-31 06:32:12,100.0,100.0
2026-03-31 06:32:27,100.0,100.0
2026-03-31 06:32:42,100.0,100.0
2026-03-31 06:32:57,100.0,100.0
2026-03-31 06:33:12,100.0,100.0
2026-03-31 06:33:27,100.0,100.0
2026-03-31 06:33:42,100.0,100.0
2026-03-31 06:33:57,100.0,100.0
2026-03-31 06:34:12,100.0,100.0
2026-03-31 06:34:27,100.0,100.0
2026-03-31 06:34:42,100.0,100.0
2026-03-31 06:34:57,100.0,100.0
2026-03-31 06:35:12,100.0,100.0
2026-03-31 06:35:27,100.0,100.0
2026-03-31 06:35:42,100.0,100.0
2026-03-31 06:35:57,100.0,100.0
2026-03-31 06:36:12,100.0,100.0
2026-03-31 06:36:27,100.0,100.0
2026-03-31 06:36:42,100.0,100.0
2026-03-31 06:36:57,100.0,100.0
2026-03-31 06:37:12,100.0,100.0
2026-03-31 06:37:27,100.0,100.0
2026-03-31 06:37:42,100.0,100.0
2026-03-31 06:37:57,100.0,100.0
2026-03-31 06:38:12,100.0,100.0
2026-03-31 06:38:27,100.0,100.0
2026-03-31 06:38:42,100.0,100.0
2026-03-31 06:38:57,100.0,100.0
2026-03-31 06:39:12,100.0,100.0
2026-03-31 06:39:27,100.0,100.0
2026-03-31 06:39:42,100.0,100.0
2026-03-31 06:39:57,100.0,100.0
2026-03-31 06:40:12,100.0,100.0
2026-03-31 06:40:27,100.0,100.0
2026-03-31 06:40:42,100.0,100.0
2026-03-31 06:40:57,100.0,100.0
2026-03-31 06:41:12,100.0,100.0
2026-03-31 06:41:27,100.0,100.0
2026-03-31 06:41:42,100.0,100.0
2026-03-31 06:41:57,100.0,100.0
2026-03-31 06:42:12,100.0,100.0
2026-03-31 06:42:27,100.0,100.0
2026-03-31 06:42:42,100.0,100.0
2026-03-31 06:42:57,100.0,100.0
2026-03-31 06:43:12,100.0,100.0
2026-03-31 06:43:27,100.0,100.0
2026-03-31 06:43:42,100.0,100.0
2026-03-31 06:43:57,100.0,100.0
2026-03-31 06:44:12,100.0,100.0
2026-03-31 06:44:27,100.0,100.0
2026-03-31 06:44:42,100.0,100.0
2026-03-31 06:44:57,100.0,100.0
2026-03-31 06:45:12,100.0,100.0
2026-03-31 06:45:27,100.0,100.0
2026-03-31 06:45:42,100.0,100.0
2026-03-31 06:45:57,100.0,100.0
2026-03-31 06:46:12,100.0,100.0
2026-03-31 06:46:27,100.0,100.0
2026-03-31 06:46:42,100.0,100.0
2026-03-31 06:46:57,100.0,100.0
2026-03-31 06:47:12,100.0,100.0
2026-03-31 06:47:27,100.0,100.0
2026-03-31 06:47:42,100.0,100.0
2026-03-31 06:47:57,100.0,100.0
2026-03-31 06:48:12,100.0,100.0
2026-03-31 06:48:27,100.0,100.0
2026-03-31 06:48:42,100.0,100.0
2026-03-31 06:48:57,100.0,100.0
2026-03-31 06:49:12,100.0,100.0
2026-03-31 06:49:27,100.0,100.0
2026-03-31 06:49:42,100.0,100.0
2026-03-31 06:49:57,100.0,100.0
2026-03-31 06:50:12,100.0,100.0
2026-03-31 06:50:27,100.0,100.0
2026-03-31 06:50:42,100.0,100.0
2026-03-31 06:50:57,100.0,100.0
2026-03-31 06:51:12,100.0,100.0
2026-03-31 06:51:27,100.0,100.0
2026-03-31 06:51:42,100.0,100.0
2026-03-31 06:51:57,100.0,100.0
2026-03-31 06:52:12,100.0,100.0
2026-03-31 06:52:27,100.0,100.0
2026-03-31 06:52:42,100.0,100.0
2026-03-31 06:52:57,100.0,100.0
2026-03-31 06:53:12,100.0,100.0
2026-03-31 06:53:27,100.0,100.0
2026-03-31 06:53:42,100.0,100.0
2026-03-31 06:53:57,100.0,100.0
2026-03-31 06:54:12,100.0,100.0
2026-03-31 06:54:27,100.0,100.0
2026-03-31 06:54:42,100.0,100.0
2026-03-31 06:54:57,100.0,100.0
2026-03-31 06:55:12,100.0,100.0
2026-03-31 06:55:27,100.0,100.0
2026-03-31 06:55:42,100.0,100.0
2026-03-31 06:55:57,100.0,100.0
2026-03-31 06:56:12,100.0,100.0
2026-03-31 06:56:27,100.0,100.0
2026-03-31 06:56:42,100.0,100.0
2026-03-31 06:56:57,100.0,100.0
2026-03-31 06:57:12,100.0,100.0
2026-03-31 06:57:27,100.0,100.0
2026-03-31 06:57:42,100.0,100.0
2026-03-31 06:57:57,100.0,100.0
2026-03-31 06:58:12,100.0,100.0
2026-03-31 06:58:27,100.0,100.0
2026-03-31 06:58:42,100.0,100.0
2026-03-31 06:58:57,100.0,100.0
2026-03-31 06:59:12,100.0,100.0
2026-03-31 06:59:27,100.0,100.0
2026-03-31 06:59:42,100.0,100.0
2026-03-31 06:59:57,100.0,100.0
2026-03-31 07:00:12,100.0,100.0
2026-03-31 07:00:27,100.0,100.0
2026-03-31 07:00:42,100.0,100.0
2026-03-31 07:00:57,100.0,100.0
2026-03-31 07:01:12,100.0,100.0
2026-03-31 07:01:27,100.0,100.0
2026-03-31 07:01:42,100.0,100.0
2026-03-31 07:01:57,100.0,100.0
2026-03-31 07:02:12,100.0,100.0
2026-03-31 07:02:27,100.0,100.0
2026-03-31 07:02:42,100.0,100.0
2026-03-31 07:02:57,100.0,100.0
2026-03-31 07:03:12,100.0,100.0
2026-03-31 07:03:27,100.0,100.0
2026-03-31 07:03:42,100.0,100.0
2026-03-31 07:03:57,100.0,100.0
2026-03-31 07:04:12,100.0,100.0
2026-03-31 07:04:27,100.0,100.0
2026-03-31 07:04:42,100.0,100.0
2026-03-31 07:04:57,100.0,100.0
2026-03-31 07:05:12,100.0,100.0
2026-03-31 07:05:27,100.0,100.0
2026-03-31 07:05:42,100.0,100.0
2026-03-31 07:05:57,100.0,100.0
2026-03-31 07:06:12,100.0,100.0
2026-03-31 07:06:27,100.0,100.0
2026-03-31 07:06:42,100.0,100.0
2026-03-31 07:06:57,100.0,100.0
2026-03-31 07:07:12,100.0,100.0
2026-03-31 07:07:27,100.0,100.0
2026-03-31 07:07:42,100.0,100.0
2026-03-31 07:07:57,100.0,100.0
2026-03-31 07:08:12,100.0,100.0
2026-03-31 07:08:27,100.0,100.0
2026-03-31 07:08:42,100.0,100.0
2026-03-31 07:08:57,100.0,100.0
2026-03-31 07:09:12,100.0,100.0
2026-03-31 07:09:27,100.0,100.0
2026-03-31 07:09:42,100.0,100.0
2026-03-31 07:09:57,100.0,100.0
2026-03-31 07:10:12,100.0,100.0
2026-03-31 07:10:27,100.0,100.0
2026-03-31 07:10:42,100.0,100.0
2026-03-31 07:10:57,100.0,100.0
2026-03-31 07:11:12,100.0,100.0
2026-03-31 07:11:27,100.0,100.0
2026-03-31 07:11:42,100.0,100.0
2026-03-31 07:11:57,100.0,100.0
2026-03-31 07:12:12,100.0,100.0
2026-03-31 07:12:27,100.0,100.0
2026-03-31 07:12:42,100.0,100.0
2026-03-31 07:12:57,100.0,100.0
2026-03-31 07:13:12,100.0,100.0
2026-03-31 07:13:27,100.0,100.0
2026-03-31 07:13:42,100.0,100.0
2026-03-31 07:13:57,100.0,100.0
2026-03-31 07:14:12,100.0,100.0
2026-03-31 07:14:27,100.0,100.0
2026-03-31 07:14:42,100.0,100.0
2026-03-31 07:14:57,100.0,100.0
2026-03-31 07:15:12,100.0,100.0
2026-03-31 07:15:27,100.0,100.0
2026-03-31 07:15:42,100.0,100.0
2026-03-31 07:15:57,100.0,100.0
2026-03-31 07:16:12,100.0,100.0
2026-03-31 07:16:27,100.0,100.0
2026-03-31 07:16:42,100.0,100.0
2026-03-31 07:16:57,100.0,100.0
2026-03-31 07:17:12,100.0,100.0
2026-03-31 07:17:27,100.0,100.0
2026-03-31 07:17:42,100.0,100.0
2026-03-31 07:17:57,100.0,100.0
2026-03-31 07:18:12,100.0,100.0
2026-03-31 07:18:27,100.0,100.0
2026-03-31 07:18:42,100.0,100.0
2026-03-31 07:18:57,100.0,100.0
2026-03-31 07:19:12,100.0,100.0
2026-03-31 07:19:27,100.0,100.0
2026-03-31 07:19:42,100.0,100.0
2026-03-31 07:19:57,100.0,100.0
2026-03-31 07:20:12,100.0,100.0
2026-03-31 07:20:27,100.0,100.0
2026-03-31 07:20:42,100.0,100.0
2026-03-31 07:20:57,100.0,100.0
2026-03-31 07:21:12,100.0,100.0
2026-03-31 07:21:27,100.0,100.0
2026-03-31 07:21:42,100.0,100.0
2026-03-31 07:21:57,100.0,100.0
2026-03-31 07:22:12,100.0,100.0
2026-03-31 07:22:27,100.0,100.0
2026-03-31 07:22:42,100.0,100.0
2026-03-31 07:22:57,100.0,100.0
2026-03-31 07:23:12,100.0,100.0
2026-03-31 07:23:27,100.0,100.0
2026-03-31 07:23:42,100.0,100.0
2026-03-31 07:23:57,100.0,100.0
2026-03-31 07:24:12,100.0,100.0
2026-03-31 07:24:27,100.0,100.0
2026-03-31 07:24:42,100.0,100.0
2026-03-31 07:24:57,100.0,100.0
2026-03-31 07:25:12,100.0,100.0
2026-03-31 07:25:27,100.0,100.0
2026-03-31 07:25:42,100.0,100.0
2026-03-31 07:25:57,100.0,100.0
2026-03-31 07:26:12,100.0,100.0
2026-03-31 07:26:27,100.0,100.0
2026-03-31 07:26:42,100.0,100.0
2026-03-31 07:26:57,100.0,100.0
2026-03-31 07:27:12,100.0,100.0
2026-03-31 07:27:27,100.0,100.0
2026-03-31 07:27:42,100.0,100.0
2026-03-31 07:27:57,100.0,100.0
2026-03-31 07:28:12,100.0,100.0
2026-03-31 07:28:27,100.0,100.0
2026-03-31 07:28:42,100.0,100.0
2026-03-31 07:28:57,100.0,100.0
2026-03-31 07:29:12,100.0,100.0
2026-03-31 07:29:27,100.0,100.0
2026-03-31 07:29:42,100.0,100.0
2026-03-31 07:29:57,100.0,100.0
2026-03-31 07:30:12,100.0,100.0
2026-03-31 07:30:27,100.0,100.0
2026-03-31 07:30:42,100.0,100.0
2026-03-31 07:30:57,100.0,100.0
2026-03-31 07:31:12,100.0,100.0
2026-03-31 07:31:27,100.0,100.0
2026-03-31 07:31:42,100.0,100.0
2026-03-31 07:31:57,100.0,100.0
2026-03-31 07:32:12,100.0,100.0
2026-03-31 07:32:27,100.0,100.0
2026-03-31 07:32:42,100.0,100.0
2026-03-31 07:32:57,100.0,100.0
2026-03-31 07:33:12,100.0,100.0
2026-03-31 07:33:27,100.0,100.0
2026-03-31 07:33:42,100.0,100.0
2026-03-31 07:33:57,100.0,100.0
2026-03-31 07:34:12,100.0,100.0
2026-03-31 07:34:27,100.0,100.0
2026-03-31 07:34:42,100.0,100.0
2026-03-31 07:34:57,100.0,100.0
2026-03-31 07:35:12,100.0,100.0
2026-03-31 07:35:27,100.0,100.0
2026-03-31 07:35:42,100.0,100.0
2026-03-31 07:35:57,100.0,100.0
2026-03-31 07:36:12,100.0,100.0
2026-03-31 07:36:27,100.0,100.0
2026-03-31 07:36:42,100.0,100.0
2026-03-31 07:36:57,100.0,100.0
2026-03-31 07:37:12,100.0,100.0
2026-03-31 07:37:27,100.0,100.0
2026-03-31 07:37:42,100.0,100.0
2026-03-31 07:37:57,100.0,100.0
2026-03-31 07:38:12,100.0,100.0
2026-03-31 07:38:27,100.0,100.0
2026-03-31 07:38:42,100.0,100.0
2026-03-31 07:38:57,100.0,100.0
2026-03-31 07:39:12,100.0,100.0
2026-03-31 07:39:27,100.0,100.0
2026-03-31 07:39:42,100.0,100.0
2026-03-31 07:39:57,100.0,100.0
2026-03-31 07:40:12,100.0,100.0
2026-03-31 07:40:27,100.0,100.0
2026-03-31 07:40:42,100.0,100.0
2026-03-31 07:40:57,100.0,100.0
2026-03-31 07:41:12,100.0,100.0
2026-03-31 07:41:27,100.0,100.0
2026-03-31 07:41:42,100.0,100.0
2026-03-31 07:41:57,100.0,100.0
2026-03-31 07:42:12,100.0,100.0
2026-03-31 07:42:27,100.0,100.0
2026-03-31 07:42:42,100.0,100.0
2026-03-31 07:42:57,100.0,100.0
2026-03-31 07:43:12,100.0,100.0
2026-03-31 07:43:27,100.0,100.0
2026-03-31 07:43:42,100.0,100.0
2026-03-31 07:43:57,100.0,100.0
2026-03-31 07:44:12,100.0,100.0
2026-03-31 07:44:27,100.0,100.0
2026-03-31 07:44:42,100.0,100.0
2026-03-31 07:44:57,100.0,100.0
2026-03-31 07:45:12,100.0,100.0
2026-03-31 07:45:27,100.0,100.0
2026-03-31 07:45:42,100.0,100.0
2026-03-31 07:45:57,100.0,100.0
2026-03-31 07:46:12,100.0,100.0
2026-03-31 07:46:27,100.0,100.0
2026-03-31 07:46:42,100.0,100.0
2026-03-31 07:46:57,100.0,100.0
2026-03-31 07:47:12,100.0,100.0
2026-03-31 07:47:27,100.0,100.0
2026-03-31 07:47:42,100.0,100.0
2026-03-31 07:47:57,100.0,100.0
2026-03-31 07:48:12,100.0,100.0
2026-03-31 07:48:27,100.0,100.0
2026-03-31 07:48:42,100.0,100.0
2026-03-31 07:48:57,100.0,100.0
2026-03-31 07:49:12,100.0,100.0
2026-03-31 07:49:27,100.0,100.0
2026-03-31 07:49:42,100.0,100.0
2026-03-31 07:49:57,100.0,100.0
2026-03-31 07:50:12,100.0,100.0
2026-03-31 07:50:27,100.0,100.0
2026-03-31 07:50:42,100.0,100.0
2026-03-31 07:50:57,100.0,100.0
2026-03-31 07:51:12,100.0,100.0
2026-03-31 07:51:27,100.0,100.0
2026-03-31 07:51:42,100.0,100.0
2026-03-31 07:51:57,100.0,100.0
2026-03-31 07:52:12,100.0,100.0
2026-03-31 07:52:27,100.0,100.0
2026-03-31 07:52:42,100.0,100.0
2026-03-31 07:52:57,100.0,100.0
2026-03-31 07:53:12,100.0,100.0
2026-03-31 07:53:27,100.0,100.0
2026-03-31 07:53:42,100.0,100.0
2026-03-31 07:53:57,100.0,100.0
2026-03-31 07:54:12,100.0,100.0
2026-03-31 07:54:27,100.0,100.0
2026-03-31 07:54:42,100.0,100.0
2026-03-31 07:54:57,100.0,100.0
2026-03-31 07:55:12,100.0,100.0
2026-03-31 07:55:27,100.0,100.0
2026-03-31 07:55:42,100.0,100.0
2026-03-31 07:55:57,100.0,100.0
2026-03-31 07:56:12,100.0,100.0
2026-03-31 07:56:27,100.0,100.0
2026-03-31 07:56:42,100.0,100.0
2026-03-31 07:56:57,100.0,100.0
2026-03-31 07:57:12,100.0,100.0
2026-03-31 07:57:27,100.0,100.0
2026-03-31 07:57:42,100.0,100.0
2026-03-31 07:57:57,100.0,100.0
2026-03-31 07:58:12,100.0,100.0
2026-03-31 07:58:27,100.0,100.0
2026-03-31 07:58:42,100.0,100.0
2026-03-31 07:58:57,100.0,100.0
2026-03-31 07:59:12,100.0,100.0
2026-03-31 07:59:27,100.0,100.0
2026-03-31 07:59:42,100.0,100.0
2026-03-31 07:59:57,100.0,100.0
2026-03-31 08:00:12,100.0,100.0
2026-03-31 08:00:27,100.0,100.0
2026-03-31 08:00:42,100.0,100.0
2026-03-31 08:00:57,100.0,100.0
2026-03-31 08:01:12,100.0,100.0
2026-03-31 08:01:27,100.0,100.0
2026-03-31 08:01:42,100.0,100.0
2026-03-31 08:01:57,100.0,100.0
2026-03-31 08:02:12,100.0,100.0
2026-03-31 08:02:27,100.0,100.0
2026-03-31 08:02:42,100.0,100.0
2026-03-31 08:02:57,100.0,100.0
2026-03-31 08:03:12,100.0,100.0
2026-03-31 08:03:27,100.0,100.0
2026-03-31 08:03:42,100.0,100.0
2026-03-31 08:03:57,100.0,100.0
2026-03-31 08:04:12,100.0,100.0
2026-03-31 08:04:27,100.0,100.0
2026-03-31 08:04:42,100.0,100.0
2026-03-31 08:04:57,100.0,100.0
2026-03-31 08:05:12,100.0,100.0
2026-03-31 08:05:27,100.0,100.0
2026-03-31 08:05:42,100.0,100.0
2026-03-31 08:05:57,100.0,100.0
2026-03-31 08:06:12,100.0,100.0
2026-03-31 08:06:27,100.0,100.0
2026-03-31 08:06:42,100.0,100.0
2026-03-31 08:06:57,100.0,100.0
2026-03-31 08:07:12,100.0,100.0
2026-03-31 08:07:27,100.0,100.0
2026-03-31 08:07:42,100.0,100.0
2026-03-31 08:07:57,100.0,100.0
2026-03-31 08:08:12,100.0,100.0
2026-03-31 08:08:27,100.0,100.0
2026-03-31 08:08:42,100.0,100.0
2026-03-31 08:08:57,100.0,100.0
2026-03-31 08:09:12,100.0,100.0
2026-03-31 08:09:27,100.0,100.0
2026-03-31 08:09:42,100.0,100.0
2026-03-31 08:09:57,100.0,100.0
2026-03-31 08:10:12,100.0,100.0
2026-03-31 08:10:27,100.0,100.0
2026-03-31 08:10:42,100.0,100.0
2026-03-31 08:10:57,100.0,100.0
2026-03-31 08:11:12,100.0,100.0
2026-03-31 08:11:27,100.0,100.0
2026-03-31 08:11:42,100.0,100.0
2026-03-31 08:11:57,100.0,100.0
2026-03-31 08:12:12,100.0,100.0
2026-03-31 08:12:27,100.0,100.0
2026-03-31 08:12:42,100.0,100.0
2026-03-31 08:12:57,100.0,100.0
2026-03-31 08:13:12,100.0,100.0
2026-03-31 08:13:27,100.0,100.0
2026-03-31 08:13:42,100.0,100.0
2026-03-31 08:13:57,100.0,100.0
2026-03-31 08:14:12,100.0,100.0
2026-03-31 08:14:27,100.0,100.0
2026-03-31 08:14:42,100.0,100.0
2026-03-31 08:14:57,100.0,100.0
2026-03-31 08:15:12,100.0,100.0
2026-03-31 08:15:27,100.0,100.0
2026-03-31 08:15:42,100.0,100.0
2026-03-31 08:15:57,100.0,100.0
2026-03-31 08:16:12,100.0,100.0
2026-03-31 08:16:27,100.0,100.0
2026-03-31 08:16:42,100.0,100.0
2026-03-31 08:16:57,100.0,100.0
2026-03-31 08:17:12,100.0,100.0
2026-03-31 08:17:27,100.0,100.0
2026-03-31 08:17:42,100.0,100.0
2026-03-31 08:17:57,100.0,100.0
2026-03-31 08:18:12,100.0,100.0
2026-03-31 08:18:27,100.0,100.0
2026-03-31 08:18:42,100.0,100.0
2026-03-31 08:18:57,100.0,100.0
2026-03-31 08:19:12,100.0,100.0
2026-03-31 08:19:27,100.0,100.0
2026-03-31 08:19:42,100.0,100.0
2026-03-31 08:19:57,100.0,100.0
2026-03-31 08:20:12,100.0,100.0
2026-03-31 08:20:27,100.0,100.0
2026-03-31 08:20:42,100.0,100.0
2026-03-31 08:20:57,100.0,100.0
2026-03-31 08:21:12,100.0,100.0
2026-03-31 08:21:27,100.0,100.0
2026-03-31 08:21:42,100.0,100.0
2026-03-31 08:21:57,100.0,100.0
2026-03-31 08:22:12,100.0,100.0
2026-03-31 08:22:27,100.0,100.0
2026-03-31 08:22:42,100.0,100.0
2026-03-31 08:22:57,100.0,100.0
2026-03-31 08:23:12,100.0,100.0
2026-03-31 08:23:27,100.0,100.0
2026-03-31 08:23:42,100.0,100.0
2026-03-31 08:23:57,100.0,100.0
2026-03-31 08:24:12,100.0,100.0
2026-03-31 08:24:27,100.0,100.0
2026-03-31 08:24:42,100.0,100.0
2026-03-31 08:24:57,100.0,100.0
2026-03-31 08:25:12,100.0,100.0
2026-03-31 08:25:27,100.0,100.0
2026-03-31 08:25:42,100.0,100.0
2026-03-31 08:25:57,100.0,100.0
2026-03-31 08:26:12,100.0,100.0
2026-03-31 08:26:27,100.0,100.0
2026-03-31 08:26:42,100.0,100.0
2026-03-31 08:26:57,100.0,100.0
2026-03-31 08:27:12,100.0,100.0
2026-03-31 08:27:27,100.0,100.0
2026-03-31 08:27:42,100.0,100.0
2026-03-31 08:27:57,100.0,100.0
2026-03-31 08:28:12,100.0,100.0
2026-03-31 08:28:27,100.0,100.0
2026-03-31 08:28:42,100.0,100.0
2026-03-31 08:28:57,100.0,100.0
2026-03-31 08:29:12,100.0,100.0
2026-03-31 08:29:27,100.0,100.0
2026-03-31 08:29:42,100.0,100.0
2026-03-31 08:29:57,100.0,100.0
2026-03-31 08:30:12,100.0,100.0
2026-03-31 08:30:27,100.0,100.0
2026-03-31 08:30:42,100.0,100.0
2026-03-31 08:30:57,100.0,100.0
2026-03-31 08:31:12,100.0,100.0
2026-03-31 08:31:27,100.0,100.0
2026-03-31 08:31:42,100.0,100.0
2026-03-31 08:31:57,100.0,100.0
2026-03-31 08:32:12,100.0,100.0
2026-03-31 08:32:27,100.0,100.0
2026-03-31 08:32:42,100.0,100.0
2026-03-31 08:32:57,100.0,100.0
2026-03-31 08:33:12,100.0,100.0
2026-03-31 08:33:27,100.0,100.0
2026-03-31 08:33:42,100.0,100.0
2026-03-31 08:33:57,100.0,100.0
2026-03-31 08:34:12,100.0,100.0
2026-03-31 08:34:27,100.0,100.0
2026-03-31 08:34:42,100.0,100.0
2026-03-31 08:34:57,100.0,100.0
2026-03-31 08:35:12,100.0,100.0
2026-03-31 08:35:27,100.0,100.0
2026-03-31 08:35:42,100.0,100.0
2026-03-31 08:35:57,100.0,100.0
2026-03-31 08:36:12,100.0,100.0
2026-03-31 08:36:27,100.0,100.0
2026-03-31 08:36:42,100.0,100.0
2026-03-31 08:36:57,100.0,100.0
2026-03-31 08:37:12,100.0,100.0
2026-03-31 08:37:27,100.0,100.0
2026-03-31 08:37:42,100.0,100.0
2026-03-31 08:37:57,100.0,100.0
2026-03-31 08:38:12,100.0,100.0
2026-03-31 08:38:27,100.0,100.0
2026-03-31 08:38:42,100.0,100.0
2026-03-31 08:38:57,100.0,100.0
2026-03-31 08:39:12,100.0,100.0
2026-03-31 08:39:27,100.0,100.0
2026-03-31 08:39:42,100.0,100.0
2026-03-31 08:39:57,100.0,100.0
2026-03-31 08:40:12,100.0,100.0
2026-03-31 08:40:27,100.0,100.0
2026-03-31 08:40:42,100.0,100.0
2026-03-31 08:40:57,100.0,100.0
2026-03-31 08:41:12,100.0,100.0
2026-03-31 08:41:27,100.0,100.0
2026-03-31 08:41:42,100.0,100.0
2026-03-31 08:41:57,100.0,100.0
2026-03-31 08:42:12,100.0,100.0
2026-03-31 08:42:27,100.0,100.0
2026-03-31 08:42:42,100.0,100.0
2026-03-31 08:42:57,100.0,100.0
2026-03-31 08:43:12,100.0,100.0
2026-03-31 08:43:27,100.0,100.0
2026-03-31 08:43:42,100.0,100.0
2026-03-31 08:43:57,100.0,100.0
2026-03-31 08:44:12,100.0,100.0
2026-03-31 08:44:27,100.0,100.0
2026-03-31 08:44:42,100.0,100.0
2026-03-31 08:44:57,100.0,100.0
2026-03-31 08:45:12,100.0,100.0
2026-03-31 08:45:27,100.0,100.0
2026-03-31 08:45:42,100.0,100.0
2026-03-31 08:45:57,100.0,100.0
2026-03-31 08:46:12,100.0,100.0
2026-03-31 08:46:27,100.0,100.0
2026-03-31 08:46:42,100.0,100.0
2026-03-31 08:46:57,100.0,100.0
2026-03-31 08:47:12,100.0,100.0
2026-03-31 08:47:27,100.0,100.0
2026-03-31 08:47:42,100.0,100.0
2026-03-31 08:47:57,100.0,100.0
2026-03-31 08:48:12,100.0,100.0
2026-03-31 08:48:27,100.0,100.0
2026-03-31 08:48:42,100.0,100.0
2026-03-31 08:48:57,100.0,100.0
2026-03-31 08:49:12,100.0,100.0
2026-03-31 08:49:27,100.0,100.0
2026-03-31 08:49:42,100.0,100.0
2026-03-31 08:49:57,100.0,100.0
2026-03-31 08:50:12,100.0,100.0
2026-03-31 08:50:27,100.0,100.0
2026-03-31 08:50:42,100.0,100.0
2026-03-31 08:50:57,100.0,100.0
2026-03-31 08:51:12,100.0,100.0
2026-03-31 08:51:27,100.0,100.0
2026-03-31 08:51:42,100.0,100.0
2026-03-31 08:51:57,100.0,100.0
2026-03-31 08:52:12,100.0,100.0
2026-03-31 08:52:27,100.0,100.0
2026-03-31 08:52:42,100.0,100.0
2026-03-31 08:52:57,100.0,100.0
2026-03-31 08:53:12,100.0,100.0
2026-03-31 08:53:27,100.0,100.0
2026-03-31 08:53:42,100.0,100.0
2026-03-31 08:53:57,100.0,100.0
2026-03-31 08:54:12,100.0,100.0
2026-03-31 08:54:27,100.0,100.0
2026-03-31 08:54:42,100.0,100.0
2026-03-31 08:54:57,100.0,100.0
2026-03-31 08:55:12,100.0,100.0
2026-03-31 08:55:27,100.0,100.0
2026-03-31 08:55:42,100.0,100.0
2026-03-31 08:55:57,100.0,100.0
2026-03-31 08:56:12,100.0,100.0
2026-03-31 08:56:27,100.0,100.0
2026-03-31 08:56:42,100.0,100.0
2026-03-31 08:56:57,100.0,100.0
2026-03-31 08:57:12,100.0,100.0
2026-03-31 08:57:27,100.0,100.0
2026-03-31 08:57:42,100.0,100.0
2026-03-31 08:57:57,100.0,100.0
2026-03-31 08:58:12,100.0,100.0
2026-03-31 08:58:27,100.0,100.0
2026-03-31 08:58:42,100.0,100.0
2026-03-31 08:58:57,100.0,100.0
2026-03-31 08:59:12,100.0,100.0
2026-03-31 08:59:27,100.0,100.0
2026-03-31 08:59:42,100.0,100.0
2026-03-31 08:59:57,100.0,100.0
2026-03-31 09:00:12,100.0,100.0
2026-03-31 09:00:27,100.0,100.0
2026-03-31 09:00:42,100.0,100.0
2026-03-31 09:00:57,100.0,100.0
2026-03-31 09:01:12,100.0,100.0
2026-03-31 09:01:27,100.0,100.0
2026-03-31 09:01:42,100.0,100.0
2026-03-31 09:01:57,100.0,100.0
2026-03-31 09:02:12,100.0,100.0
2026-03-31 09:02:27,100.0,100.0
2026-03-31 09:02:42,100.0,100.0
2026-03-31 09:02:57,100.0,100.0
2026-03-31 09:03:12,100.0,100.0
2026-03-31 09:03:27,100.0,100.0
2026-03-31 09:03:42,100.0,100.0
2026-03-31 09:03:57,100.0,100.0
2026-03-31 09:04:12,100.0,100.0
2026-03-31 09:04:27,100.0,100.0
2026-03-31 09:04:42,100.0,100.0
2026-03-31 09:04:57,100.0,100.0
2026-03-31 09:05:12,100.0,100.0
2026-03-31 09:05:27,100.0,100.0
2026-03-31 09:05:42,100.0,100.0
2026-03-31 09:05:57,100.0,100.0
2026-03-31 09:06:12,100.0,100.0
2026-03-31 09:06:27,100.0,100.0
2026-03-31 09:06:42,100.0,100.0
2026-03-31 09:06:57,100.0,100.0
2026-03-31 09:07:12,100.0,100.0
2026-03-31 09:07:27,100.0,100.0
2026-03-31 09:07:42,100.0,100.0
2026-03-31 09:07:57,100.0,100.0
2026-03-31 09:08:12,100.0,100.0
2026-03-31 09:08:27,100.0,100.0
2026-03-31 09:08:42,100.0,100.0
2026-03-31 09:08:57,100.0,100.0
2026-03-31 09:09:12,100.0,100.0
2026-03-31 09:09:27,100.0,100.0
2026-03-31 09:09:42,100.0,100.0
2026-03-31 09:09:57,87.5,100.0
2026-03-31 09:10:12,87.5,100.0
2026-03-31 09:10:27,87.5,100.0
2026-03-31 09:10:42,87.5,100.0
2026-03-31 09:10:57,87.5,100.0
2026-03-31 09:11:12,100.0,100.0
2026-03-31 09:11:27,100.0,100.0
2026-03-31 09:11:42,100.0,100.0
2026-03-31 09:11:57,87.5,100.0
2026-03-31 09:12:12,87.5,100.0
2026-03-31 09:12:27,87.5,100.0
2026-03-31 09:12:42,87.5,100.0
2026-03-31 09:12:57,87.5,100.0
2026-03-31 09:13:12,87.5,100.0
2026-03-31 09:13:27,87.5,100.0
2026-03-31 09:13:42,87.5,100.0
2026-03-31 09:13:57,87.5,100.0
2026-03-31 09:14:12,87.5,100.0
2026-03-31 09:14:27,87.5,100.0
2026-03-31 09:14:42,87.5,100.0
2026-03-31 09:14:57,87.5,100.0
2026-03-31 09:15:12,87.5,100.0
2026-03-31 09:15:27,87.5,100.0
2026-03-31 09:15:42,87.5,100.0
2026-03-31 09:15:57,87.5,100.0
2026-03-31 09:16:12,87.5,100.0
2026-03-31 09:16:27,87.5,100.0
2026-03-31 09:16:42,87.5,100.0
2026-03-31 09:16:57,87.5,100.0
2026-03-31 09:17:12,87.5,100.0
2026-03-31 09:17:27,87.5,100.0
2026-03-31 09:17:42,87.5,100.0
2026-03-31 09:17:57,87.5,100.0
2026-03-31 09:18:12,87.5,100.0
2026-03-31 09:18:27,87.5,100.0
2026-03-31 09:18:42,87.5,100.0
2026-03-31 09:18:57,100.0,100.0
2026-03-31 09:19:12,100.0,100.0
2026-03-31 09:19:27,100.0,100.0
2026-03-31 09:19:42,100.0,100.0
2026-03-31 09:19:57,100.0,100.0
2026-03-31 09:20:12,100.0,100.0
2026-03-31 09:20:27,100.0,100.0
2026-03-31 09:20:42,100.0,100.0
2026-03-31 09:20:57,87.5,100.0
2026-03-31 09:21:12,87.5,100.0
2026-03-31 09:21:27,87.5,100.0
2026-03-31 09:21:42,87.5,100.0
2026-03-31 09:21:57,87.5,100.0
2026-03-31 09:22:12,87.5,100.0
2026-03-31 09:22:27,87.5,100.0
2026-03-31 09:22:42,87.5,100.0
2026-03-31 09:22:57,87.5,100.0
2026-03-31 09:23:12,87.5,100.0
2026-03-31 09:23:27,87.5,100.0
2026-03-31 09:23:42,87.5,100.0
2026-03-31 09:23:57,87.5,100.0
2026-03-31 09:24:12,87.5,100.0
2026-03-31 09:24:27,87.5,100.0
2026-03-31 09:24:42,87.5,100.0
2026-03-31 09:24:57,87.5,100.0
2026-03-31 09:25:12,87.5,100.0
2026-03-31 09:25:27,100.0,100.0
2026-03-31 09:25:42,100.0,100.0
2026-03-31 09:25:57,100.0,100.0
2026-03-31 09:26:12,100.0,100.0
2026-03-31 09:26:27,100.0,100.0
2026-03-31 09:26:42,100.0,100.0
2026-03-31 09:26:57,100.0,100.0
2026-03-31 09:27:12,100.0,100.0
2026-03-31 09:27:27,100.0,100.0
2026-03-31 09:27:42,100.0,100.0
2026-03-31 09:27:57,100.0,100.0
2026-03-31 09:28:12,100.0,100.0
2026-03-31 09:28:27,100.0,100.0
2026-03-31 09:28:42,100.0,100.0
2026-03-31 09:28:57,100.0,100.0
2026-03-31 09:29:12,100.0,100.0
2026-03-31 09:29:27,100.0,100.0
2026-03-31 09:29:42,100.0,100.0
2026-03-31 09:29:57,100.0,100.0
2026-03-31 09:30:12,100.0,100.0
2026-03-31 09:30:27,100.0,100.0
2026-03-31 09:30:42,100.0,100.0
2026-03-31 09:30:57,100.0,100.0
2026-03-31 09:31:12,100.0,100.0
2026-03-31 09:31:27,100.0,100.0
2026-03-31 09:31:42,100.0,100.0
2026-03-31 09:31:57,100.0,100.0
2026-03-31 09:32:12,100.0,100.0
2026-03-31 09:32:27,100.0,100.0
2026-03-31 09:32:42,100.0,100.0
2026-03-31 09:32:57,100.0,100.0
2026-03-31 09:33:12,100.0,100.0
2026-03-31 09:33:27,100.0,100.0
2026-03-31 09:33:42,100.0,100.0
2026-03-31 09:33:57,100.0,100.0
2026-03-31 09:34:12,100.0,100.0
2026-03-31 09:34:27,100.0,100.0
2026-03-31 09:34:42,100.0,100.0
2026-03-31 09:34:57,100.0,100.0
2026-03-31 09:35:12,100.0,100.0
2026-03-31 09:35:27,100.0,100.0
2026-03-31 09:35:42,100.0,100.0
2026-03-31 09:35:57,100.0,100.0
2026-03-31 09:36:12,100.0,100.0
2026-03-31 09:36:27,100.0,100.0
2026-03-31 09:36:42,100.0,100.0
2026-03-31 09:36:57,100.0,100.0
2026-03-31 09:37:12,100.0,100.0
2026-03-31 09:37:27,100.0,100.0
2026-03-31 09:37:42,100.0,100.0
2026-03-31 09:37:57,100.0,100.0
2026-03-31 09:38:12,87.5,100.0
2026-03-31 09:38:27,87.5,100.0
2026-03-31 09:38:42,87.5,100.0
2026-03-31 09:38:57,87.5,100.0
2026-03-31 09:39:12,87.5,100.0
2026-03-31 09:39:27,100.0,100.0
2026-03-31 09:39:42,100.0,100.0
2026-03-31 09:39:57,100.0,100.0
2026-03-31 09:40:12,100.0,100.0
2026-03-31 09:40:27,100.0,100.0
2026-03-31 09:40:42,87.5,100.0
2026-03-31 09:40:57,87.5,100.0
2026-03-31 09:41:12,87.5,100.0
2026-03-31 09:41:27,87.5,100.0
2026-03-31 09:41:42,87.5,100.0
2026-03-31 09:41:57,100.0,100.0
2026-03-31 09:42:12,100.0,100.0
2026-03-31 09:42:27,100.0,100.0
2026-03-31 09:42:42,100.0,100.0
2026-03-31 09:42:57,100.0,100.0
2026-03-31 09:43:12,100.0,100.0
2026-03-31 09:43:27,100.0,100.0
2026-03-31 09:43:42,100.0,100.0
2026-03-31 09:43:57,100.0,100.0
2026-03-31 09:44:12,100.0,100.0
2026-03-31 09:44:27,100.0,100.0
2026-03-31 09:44:42,100.0,100.0
2026-03-31 09:44:57,100.0,100.0
2026-03-31 09:45:12,100.0,100.0
2026-03-31 09:45:27,100.0,100.0
2026-03-31 09:45:42,100.0,100.0
2026-03-31 09:45:57,100.0,100.0
2026-03-31 09:46:12,100.0,100.0
2026-03-31 09:46:27,100.0,100.0
2026-03-31 09:46:42,100.0,100.0
2026-03-31 09:46:57,100.0,100.0
2026-03-31 09:47:12,100.0,100.0
2026-03-31 09:47:27,100.0,100.0
2026-03-31 09:47:42,100.0,100.0
2026-03-31 09:47:57,100.0,100.0
2026-03-31 09:48:12,100.0,100.0
2026-03-31 09:48:27,100.0,100.0
2026-03-31 09:48:42,100.0,100.0
2026-03-31 09:48:57,100.0,100.0
2026-03-31 09:49:12,100.0,100.0
2026-03-31 09:49:27,100.0,100.0
2026-03-31 09:49:42,100.0,100.0
2026-03-31 09:49:57,100.0,100.0
2026-03-31 09:50:12,100.0,100.0
2026-03-31 09:50:27,100.0,100.0
2026-03-31 09:50:42,100.0,100.0
2026-03-31 09:50:57,100.0,100.0
2026-03-31 09:51:12,100.0,100.0
2026-03-31 09:51:27,100.0,100.0
2026-03-31 09:51:42,100.0,100.0
2026-03-31 09:51:57,100.0,100.0
2026-03-31 09:52:12,100.0,100.0
2026-03-31 09:52:27,100.0,100.0
2026-03-31 09:52:42,100.0,100.0
2026-03-31 09:52:57,100.0,100.0
2026-03-31 09:53:12,100.0,100.0
2026-03-31 09:53:27,100.0,100.0
2026-03-31 09:53:42,100.0,100.0
2026-03-31 09:53:57,100.0,100.0
2026-03-31 09:54:12,100.0,100.0
2026-03-31 09:54:27,100.0,100.0
2026-03-31 09:54:42,100.0,100.0
2026-03-31 09:54:57,100.0,100.0
2026-03-31 09:55:12,100.0,100.0
2026-03-31 09:55:27,100.0,100.0
2026-03-31 09:55:42,100.0,100.0
2026-03-31 09:55:57,100.0,100.0
2026-03-31 09:56:12,100.0,100.0
2026-03-31 09:56:27,100.0,100.0
2026-03-31 09:56:42,100.0,100.0
2026-03-31 09:56:57,87.5,100.0
2026-03-31 09:57:12,87.5,100.0
2026-03-31 09:57:27,87.5,100.0
2026-03-31 09:57:42,87.5,100.0
2026-03-31 09:57:57,87.5,100.0
2026-03-31 09:58:12,87.5,100.0
2026-03-31 09:58:27,87.5,100.0
2026-03-31 09:58:42,87.5,100.0
2026-03-31 09:58:57,87.5,100.0
2026-03-31 09:59:12,87.5,100.0
2026-03-31 09:59:27,87.5,100.0
2026-03-31 09:59:42,87.5,100.0
2026-03-31 09:59:57,87.5,100.0
2026-03-31 10:00:12,87.5,100.0
2026-03-31 10:00:27,87.5,100.0
2026-03-31 10:00:42,87.5,100.0
2026-03-31 10:00:57,87.5,100.0
2026-03-31 10:01:12,87.5,100.0
2026-03-31 10:01:27,87.5,100.0
2026-03-31 10:01:42,87.5,100.0
2026-03-31 10:01:57,87.5,100.0
2026-03-31 10:02:12,87.5,100.0
2026-03-31 10:02:27,87.5,100.0
2026-03-31 10:02:42,87.5,100.0
2026-03-31 10:02:57,87.5,100.0
2026-03-31 10:03:12,100.0,100.0
2026-03-31 10:03:27,100.0,100.0
2026-03-31 10:03:42,100.0,100.0
2026-03-31 10:03:57,100.0,100.0
2026-03-31 10:04:12,100.0,100.0
2026-03-31 10:04:27,100.0,100.0
2026-03-31 10:04:42,87.5,100.0
2026-03-31 10:04:57,87.5,100.0
2026-03-31 10:05:12,87.5,100.0
2026-03-31 10:05:27,87.5,100.0
2026-03-31 10:05:42,87.5,100.0
2026-03-31 10:05:57,87.5,100.0
2026-03-31 10:06:12,87.5,100.0
2026-03-31 10:06:27,87.5,100.0
2026-03-31 10:06:42,87.5,100.0
2026-03-31 10:06:57,87.5,100.0
2026-03-31 10:07:12,87.5,100.0
2026-03-31 10:07:27,87.5,100.0
2026-03-31 10:07:42,87.5,100.0
2026-03-31 10:07:57,87.5,100.0
2026-03-31 10:08:12,87.5,100.0
2026-03-31 10:08:27,87.5,100.0
2026-03-31 10:08:42,87.5,100.0
2026-03-31 10:08:57,100.0,100.0
2026-03-31 10:09:12,100.0,100.0
2026-03-31 10:09:27,100.0,100.0
2026-03-31 10:09:42,100.0,100.0
2026-03-31 10:09:57,100.0,100.0
2026-03-31 10:10:12,100.0,100.0
2026-03-31 10:10:27,100.0,100.0
2026-03-31 10:10:42,100.0,100.0
2026-03-31 10:10:57,100.0,100.0
2026-03-31 10:11:12,100.0,100.0
2026-03-31 10:11:27,100.0,100.0
2026-03-31 10:11:42,100.0,100.0
2026-03-31 10:11:57,100.0,100.0
2026-03-31 10:12:12,100.0,100.0
2026-03-31 10:12:27,100.0,100.0
2026-03-31 10:12:42,100.0,100.0
2026-03-31 10:12:57,100.0,100.0
2026-03-31 10:13:12,100.0,100.0
2026-03-31 10:13:27,100.0,100.0
2026-03-31 10:13:42,100.0,100.0
2026-03-31 10:13:57,100.0,100.0
2026-03-31 10:14:12,100.0,100.0
2026-03-31 10:14:27,100.0,100.0
2026-03-31 10:14:42,100.0,100.0
2026-03-31 10:14:57,100.0,100.0
2026-03-31 10:15:12,100.0,99.00990099009901
2026-03-31 10:15:27,100.0,99.00990099009901
2026-03-31 10:15:42,100.0,99.00990099009901
2026-03-31 10:15:57,100.0,99.00990099009901
2026-03-31 10:16:12,100.0,99.00990099009901
2026-03-31 10:16:27,87.5,99.00990099009901
2026-03-31 10:16:42,100.0,99.00990099009901
2026-03-31 10:16:57,100.0,99.00990099009901
2026-03-31 10:17:12,100.0,99.04761904761905
2026-03-31 10:17:27,100.0,99.04761904761905
2026-03-31 10:17:42,100.0,99.04761904761905
2026-03-31 10:17:57,100.0,99.04761904761905
2026-03-31 10:18:12,100.0,99.04761904761905
2026-03-31 10:18:27,100.0,99.04761904761905
2026-03-31 10:18:42,100.0,99.04761904761905
2026-03-31 10:18:57,100.0,99.04761904761905
2026-03-31 10:19:12,100.0,99.04761904761905
2026-03-31 10:19:27,100.0,99.04761904761905
2026-03-31 10:19:42,100.0,99.04761904761905
2026-03-31 10:19:57,100.0,99.04761904761905
2026-03-31 10:20:12,100.0,99.04761904761905
2026-03-31 10:20:27,100.0,99.04761904761905
2026-03-31 10:20:42,100.0,99.04761904761905
2026-03-31 10:20:57,100.0,99.04761904761905
2026-03-31 10:21:12,100.0,99.04761904761905
2026-03-31 10:21:27,100.0,99.04761904761905
2026-03-31 10:21:42,100.0,99.04761904761905
2026-03-31 10:21:57,100.0,99.08256880733946
2026-03-31 10:22:12,100.0,99.08256880733946
2026-03-31 10:22:27,100.0,99.08256880733946
2026-03-31 10:22:42,100.0,99.08256880733946
2026-03-31 10:22:57,100.0,99.08256880733946
2026-03-31 10:23:12,100.0,99.08256880733946
2026-03-31 10:23:27,100.0,99.08256880733946
2026-03-31 10:23:42,100.0,99.08256880733946
2026-03-31 10:23:57,100.0,99.08256880733946
2026-03-31 10:24:12,100.0,99.08256880733946
2026-03-31 10:24:27,100.0,99.08256880733946
2026-03-31 10:24:42,100.0,99.08256880733946
2026-03-31 10:24:57,100.0,99.08256880733946
2026-03-31 10:25:12,100.0,99.08256880733946
2026-03-31 10:25:27,87.5,99.08256880733946
2026-03-31 10:25:42,100.0,99.08256880733946
2026-03-31 10:25:57,100.0,99.08256880733946
2026-03-31 10:26:12,100.0,99.08256880733946
2026-03-31 10:26:27,100.0,99.11504424778761
2026-03-31 10:26:42,100.0,99.11504424778761
2026-03-31 10:26:57,100.0,99.11504424778761
2026-03-31 10:27:12,87.5,99.11504424778761
2026-03-31 10:27:27,87.5,99.11504424778761
2026-03-31 10:27:42,100.0,99.11504424778761
2026-03-31 10:27:57,100.0,99.11504424778761
2026-03-31 10:28:12,100.0,99.11504424778761
2026-03-31 10:28:27,100.0,99.11504424778761
2026-03-31 10:28:42,100.0,98.23008849557522
2026-03-31 10:28:57,87.5,97.34513274336283
2026-03-31 10:29:12,100.0,97.34513274336283
2026-03-31 10:29:27,100.0,97.34513274336283
2026-03-31 10:29:42,100.0,97.34513274336283
2026-03-31 10:29:57,100.0,97.34513274336283
2026-03-31 10:30:12,100.0,97.34513274336283
2026-03-31 10:30:27,100.0,97.34513274336283
2026-03-31 10:30:42,100.0,97.34513274336283
2026-03-31 10:30:57,100.0,97.34513274336283
2026-03-31 10:31:12,100.0,97.43589743589743
2026-03-31 10:31:27,100.0,97.43589743589743
2026-03-31 10:31:42,100.0,97.43589743589743
2026-03-31 10:31:57,100.0,97.43589743589743
2026-03-31 10:32:12,100.0,97.43589743589743
2026-03-31 10:32:27,100.0,97.43589743589743
2026-03-31 10:32:42,100.0,97.43589743589743
2026-03-31 10:32:57,100.0,97.43589743589743
2026-03-31 10:33:12,100.0,97.43589743589743
2026-03-31 10:33:27,100.0,97.43589743589743
2026-03-31 10:33:42,100.0,97.43589743589743
2026-03-31 10:33:57,100.0,97.43589743589743
2026-03-31 10:34:12,100.0,97.43589743589743
2026-03-31 10:34:27,100.0,97.43589743589743
2026-03-31 10:34:42,100.0,96.58119658119658
2026-03-31 10:34:57,100.0,95.72649572649573
2026-03-31 10:35:12,87.5,95.72649572649573
2026-03-31 10:35:27,87.5,95.72649572649573
2026-03-31 10:35:42,87.5,95.86776859504133
2026-03-31 10:35:57,87.5,95.86776859504133
2026-03-31 10:36:12,87.5,95.86776859504133
2026-03-31 10:36:27,87.5,95.86776859504133
2026-03-31 10:36:42,87.5,95.86776859504133
2026-03-31 10:36:57,87.5,95.86776859504133
2026-03-31 10:37:12,87.5,95.86776859504133
2026-03-31 10:37:27,87.5,95.86776859504133
2026-03-31 10:37:42,87.5,95.86776859504133
2026-03-31 10:37:57,87.5,95.86776859504133
2026-03-31 10:38:12,100.0,95.86776859504133
2026-03-31 10:38:27,100.0,95.86776859504133
2026-03-31 10:38:42,100.0,95.86776859504133
2026-03-31 10:38:57,100.0,95.86776859504133
2026-03-31 10:39:12,100.0,95.86776859504133
2026-03-31 10:39:27,100.0,95.86776859504133
2026-03-31 10:39:42,100.0,95.86776859504133
2026-03-31 10:39:57,100.0,95.86776859504133
2026-03-31 10:40:12,100.0,95.86776859504133
2026-03-31 10:40:27,100.0,96.0
2026-03-31 10:40:42,100.0,96.0
2026-03-31 10:40:57,100.0,96.0
2026-03-31 10:41:12,100.0,96.0
2026-03-31 10:41:27,100.0,96.0
2026-03-31 10:41:42,100.0,96.0
2026-03-31 10:41:57,100.0,96.0
2026-03-31 10:42:12,100.0,96.0
2026-03-31 10:42:27,100.0,96.0
2026-03-31 10:42:42,100.0,96.0
2026-03-31 10:42:57,100.0,96.0
2026-03-31 10:43:12,100.0,96.0
2026-03-31 10:43:27,100.0,96.0
2026-03-31 10:43:42,100.0,96.0
2026-03-31 10:43:57,100.0,96.0
2026-03-31 10:44:12,100.0,96.0
2026-03-31 10:44:27,100.0,96.0
2026-03-31 10:44:42,100.0,96.0
2026-03-31 10:44:57,100.0,96.12403100775194
2026-03-31 10:45:12,100.0,96.12403100775194
2026-03-31 10:45:27,100.0,96.12403100775194
2026-03-31 10:45:42,100.0,96.12403100775194
2026-03-31 10:45:57,100.0,96.12403100775194
2026-03-31 10:46:12,100.0,96.12403100775194
2026-03-31 10:46:27,100.0,96.12403100775194
2026-03-31 10:46:42,100.0,96.12403100775194
2026-03-31 10:46:57,100.0,96.12403100775194
2026-03-31 10:47:12,100.0,96.12403100775194
2026-03-31 10:47:27,100.0,96.89922480620154
2026-03-31 10:47:42,100.0,96.89922480620154
2026-03-31 10:47:57,100.0,96.89922480620154
2026-03-31 10:48:12,100.0,96.89922480620154
2026-03-31 10:48:27,100.0,96.89922480620154
2026-03-31 10:48:42,100.0,96.89922480620154
2026-03-31 10:48:57,100.0,96.89922480620154
2026-03-31 10:49:12,100.0,96.89922480620154
2026-03-31 10:49:27,100.0,96.89922480620154
2026-03-31 10:49:42,100.0,96.99248120300751
2026-03-31 10:49:57,100.0,96.99248120300751
2026-03-31 10:50:12,100.0,96.99248120300751
2026-03-31 10:50:27,100.0,96.99248120300751
2026-03-31 10:50:42,100.0,96.99248120300751
2026-03-31 10:50:57,100.0,96.99248120300751
2026-03-31 10:51:12,100.0,96.99248120300751
2026-03-31 10:51:27,100.0,96.99248120300751
2026-03-31 10:51:42,100.0,96.99248120300751
2026-03-31 10:51:57,100.0,96.99248120300751
2026-03-31 10:52:12,100.0,96.99248120300751
2026-03-31 10:52:27,100.0,96.99248120300751
2026-03-31 10:52:42,100.0,96.99248120300751
2026-03-31 10:52:57,100.0,96.99248120300751
2026-03-31 10:53:12,100.0,96.99248120300751
2026-03-31 10:53:27,100.0,96.99248120300751
2026-03-31 10:53:42,100.0,96.99248120300751
2026-03-31 10:53:57,100.0,96.99248120300751
2026-03-31 10:54:12,100.0,96.99248120300751
2026-03-31 10:54:27,100.0,97.08029197080292
2026-03-31 10:54:42,100.0,97.08029197080292
2026-03-31 10:54:57,100.0,97.08029197080292
2026-03-31 10:55:12,100.0,97.08029197080292
2026-03-31 10:55:27,100.0,97.08029197080292
2026-03-31 10:55:42,100.0,97.08029197080292
2026-03-31 10:55:57,100.0,97.08029197080292
2026-03-31 10:56:12,100.0,97.08029197080292
2026-03-31 10:56:27,100.0,97.08029197080292
2026-03-31 10:56:42,100.0,97.08029197080292
2026-03-31 10:56:57,100.0,97.08029197080292
2026-03-31 10:57:12,100.0,97.08029197080292
2026-03-31 10:57:27,100.0,97.08029197080292
2026-03-31 10:57:42,100.0,97.08029197080292
2026-03-31 10:57:57,100.0,97.08029197080292
2026-03-31 10:58:12,100.0,97.08029197080292
2026-03-31 10:58:27,100.0,97.08029197080292
2026-03-31 10:58:42,100.0,97.08029197080292
2026-03-31 10:58:57,100.0,97.16312056737588
2026-03-31 10:59:12,100.0,97.16312056737588
2026-03-31 10:59:27,100.0,97.16312056737588
2026-03-31 10:59:42,100.0,97.16312056737588
2026-03-31 10:59:57,100.0,97.16312056737588
2026-03-31 11:00:12,100.0,97.16312056737588
2026-03-31 11:00:27,100.0,97.16312056737588
2026-03-31 11:00:42,100.0,97.16312056737588
2026-03-31 11:00:57,100.0,97.16312056737588
2026-03-31 11:01:12,100.0,97.16312056737588
2026-03-31 11:01:27,100.0,97.16312056737588
2026-03-31 11:01:42,100.0,97.16312056737588
2026-03-31 11:01:57,100.0,97.16312056737588
2026-03-31 11:02:12,100.0,97.16312056737588
2026-03-31 11:02:27,100.0,97.16312056737588
2026-03-31 11:02:42,100.0,97.16312056737588
2026-03-31 11:02:57,100.0,97.16312056737588
2026-03-31 11:03:12,100.0,97.16312056737588
2026-03-31 11:03:27,100.0,97.16312056737588
2026-03-31 11:03:42,100.0,97.24137931034483
2026-03-31 11:03:57,100.0,97.24137931034483
2026-03-31 11:04:12,100.0,97.24137931034483
2026-03-31 11:04:27,100.0,97.24137931034483
2026-03-31 11:04:42,100.0,97.24137931034483
2026-03-31 11:04:57,100.0,97.93103448275862
2026-03-31 11:05:12,100.0,98.62068965517241
2026-03-31 11:05:27,100.0,98.62068965517241
2026-03-31 11:05:42,100.0,98.62068965517241
2026-03-31 11:05:57,100.0,98.62068965517241
2026-03-31 11:06:12,100.0,98.62068965517241
2026-03-31 11:06:27,100.0,98.62068965517241
2026-03-31 11:06:42,100.0,98.62068965517241
2026-03-31 11:06:57,100.0,98.62068965517241
2026-03-31 11:07:12,100.0,98.62068965517241
2026-03-31 11:07:27,100.0,98.62068965517241
2026-03-31 11:07:42,100.0,98.62068965517241
2026-03-31 11:07:57,100.0,98.62068965517241
2026-03-31 11:08:12,100.0,98.65771812080537
2026-03-31 11:08:27,100.0,98.65771812080537
2026-03-31 11:08:42,100.0,98.65771812080537
2026-03-31 11:08:57,100.0,98.65771812080537
2026-03-31 11:09:12,100.0,98.65771812080537
2026-03-31 11:09:27,100.0,98.65771812080537
2026-03-31 11:09:42,100.0,98.65771812080537
2026-03-31 11:09:57,100.0,98.65771812080537
2026-03-31 11:10:12,100.0,98.65771812080537
2026-03-31 11:10:27,100.0,98.65771812080537
2026-03-31 11:10:42,100.0,98.65771812080537
2026-03-31 11:10:57,100.0,98.65771812080537
2026-03-31 11:11:12,100.0,98.65771812080537
2026-03-31 11:11:27,100.0,98.65771812080537
2026-03-31 11:11:42,100.0,98.65771812080537
2026-03-31 11:11:57,100.0,99.32885906040269
2026-03-31 11:12:12,100.0,100.0
2026-03-31 11:12:27,100.0,100.0
2026-03-31 11:12:42,100.0,100.0
2026-03-31 11:12:57,100.0,99.34640522875817
2026-03-31 11:13:12,100.0,100.0
2026-03-31 11:13:27,100.0,100.0
2026-03-31 11:13:42,100.0,100.0
2026-03-31 11:13:57,100.0,100.0
2026-03-31 11:14:12,100.0,100.0
2026-03-31 11:14:27,100.0,100.0
2026-03-31 11:14:42,100.0,100.0
2026-03-31 11:14:57,100.0,100.0
2026-03-31 11:15:12,100.0,100.0
2026-03-31 11:15:27,100.0,100.0
2026-03-31 11:15:42,100.0,100.0
2026-03-31 11:15:57,100.0,100.0
2026-03-31 11:16:12,100.0,99.34640522875817
2026-03-31 11:16:27,100.0,98.69281045751634
2026-03-31 11:16:42,100.0,98.0392156862745
2026-03-31 11:16:57,100.0,97.38562091503267
2026-03-31 11:17:12,100.0,96.73202614379085
2026-03-31 11:17:27,100.0,96.81528662420382
2026-03-31 11:17:42,100.0,96.17834394904459
2026-03-31 11:17:57,100.0,96.17834394904459
2026-03-31 11:18:12,87.5,96.17834394904459
2026-03-31 11:18:27,87.5,95.54140127388536
2026-03-31 11:18:42,87.5,94.90445859872611
2026-03-31 11:18:57,87.5,94.26751592356688
2026-03-31 11:19:12,87.5,93.63057324840764
2026-03-31 11:19:27,87.5,92.99363057324841
2026-03-31 11:19:42,87.5,92.35668789808918
2026-03-31 11:19:57,87.5,91.71974522292994
2026-03-31 11:20:12,87.5,91.0828025477707
2026-03-31 11:20:27,87.5,90.44585987261146
2026-03-31 11:20:42,87.5,89.80891719745223
2026-03-31 11:20:57,87.5,89.80891719745223
2026-03-31 11:21:12,87.5,89.80891719745223
2026-03-31 11:21:27,87.5,89.80891719745223
2026-03-31 11:21:42,87.5,89.80891719745223
2026-03-31 11:21:57,87.5,89.80891719745223
2026-03-31 11:22:12,87.5,90.06211180124224
2026-03-31 11:22:27,87.5,90.06211180124224
2026-03-31 11:22:42,87.5,90.06211180124224
2026-03-31 11:22:57,87.5,90.06211180124224
2026-03-31 11:23:12,87.5,90.06211180124224
2026-03-31 11:23:27,87.5,90.06211180124224
2026-03-31 11:23:42,87.5,90.06211180124224
2026-03-31 11:23:57,87.5,90.06211180124224
2026-03-31 11:24:12,87.5,90.06211180124224
2026-03-31 11:24:27,87.5,90.06211180124224
2026-03-31 11:24:42,87.5,90.06211180124224
2026-03-31 11:24:57,87.5,90.06211180124224
2026-03-31 11:25:12,87.5,90.06211180124224
2026-03-31 11:25:27,87.5,90.06211180124224
2026-03-31 11:25:42,87.5,90.06211180124224
2026-03-31 11:25:57,87.5,90.06211180124224
2026-03-31 11:26:12,87.5,90.06211180124224
2026-03-31 11:26:27,87.5,90.06211180124224
2026-03-31 11:26:42,87.5,90.30303030303031
2026-03-31 11:26:57,87.5,90.30303030303031
2026-03-31 11:27:12,87.5,90.30303030303031
2026-03-31 11:27:27,87.5,90.30303030303031
2026-03-31 11:27:42,87.5,90.30303030303031
2026-03-31 11:27:57,87.5,90.30303030303031
2026-03-31 11:28:12,87.5,90.30303030303031
2026-03-31 11:28:27,87.5,90.30303030303031
2026-03-31 11:28:42,87.5,90.30303030303031
2026-03-31 11:28:57,87.5,90.30303030303031
2026-03-31 11:29:12,87.5,90.30303030303031
2026-03-31 11:29:27,87.5,90.30303030303031
2026-03-31 11:29:42,87.5,90.30303030303031
2026-03-31 11:29:57,87.5,90.30303030303031
2026-03-31 11:30:12,87.5,90.30303030303031
2026-03-31 11:30:27,87.5,90.30303030303031
2026-03-31 11:30:42,87.5,90.30303030303031
2026-03-31 11:30:57,87.5,90.30303030303031
2026-03-31 11:31:12,87.5,90.30303030303031
2026-03-31 11:31:27,87.5,90.53254437869822
2026-03-31 11:31:42,87.5,90.53254437869822
2026-03-31 11:31:57,87.5,90.53254437869822
2026-03-31 11:32:12,87.5,90.53254437869822
2026-03-31 11:32:27,87.5,90.53254437869822
2026-03-31 11:32:42,87.5,90.53254437869822
2026-03-31 11:32:57,87.5,90.53254437869822
2026-03-31 11:33:12,87.5,90.53254437869822
2026-03-31 11:33:27,87.5,90.53254437869822
2026-03-31 11:33:42,87.5,90.53254437869822
2026-03-31 11:33:57,87.5,90.53254437869822
2026-03-31 11:34:12,87.5,90.53254437869822
2026-03-31 11:34:27,87.5,90.53254437869822
2026-03-31 11:34:42,87.5,90.53254437869822
2026-03-31 11:34:57,87.5,90.53254437869822
2026-03-31 11:35:12,87.5,90.53254437869822
2026-03-31 11:35:27,87.5,90.53254437869822
2026-03-31 11:35:42,87.5,90.53254437869822
2026-03-31 11:35:57,87.5,90.53254437869822
2026-03-31 11:36:12,87.5,90.7514450867052
2026-03-31 11:36:27,87.5,90.7514450867052
2026-03-31 11:36:42,87.5,90.7514450867052
2026-03-31 11:36:57,87.5,90.7514450867052
2026-03-31 11:37:12,87.5,90.7514450867052
2026-03-31 11:37:27,87.5,90.7514450867052
2026-03-31 11:37:42,87.5,90.7514450867052
2026-03-31 11:37:57,87.5,90.7514450867052
2026-03-31 11:38:12,87.5,90.7514450867052
2026-03-31 11:38:27,87.5,90.7514450867052
2026-03-31 11:38:42,87.5,90.17341040462428
2026-03-31 11:38:57,87.5,89.59537572254335
2026-03-31 11:39:12,87.5,89.01734104046243
2026-03-31 11:39:27,87.5,88.4393063583815
2026-03-31 11:39:42,87.5,87.86127167630057
2026-03-31 11:39:57,87.5,87.28323699421965
2026-03-31 11:40:12,87.5,87.28323699421965
2026-03-31 11:40:27,87.5,87.28323699421965
2026-03-31 11:40:42,87.5,87.57062146892656
2026-03-31 11:40:57,87.5,87.57062146892656
2026-03-31 11:41:12,87.5,87.00564971751412
2026-03-31 11:41:27,87.5,86.4406779661017
2026-03-31 11:41:42,87.5,85.87570621468926
2026-03-31 11:41:57,87.5,85.31073446327684
2026-03-31 11:42:12,87.5,84.7457627118644
2026-03-31 11:42:27,87.5,84.18079096045197
2026-03-31 11:42:42,87.5,84.18079096045197
2026-03-31 11:42:57,87.5,84.18079096045197
2026-03-31 11:43:12,87.5,83.61581920903954
2026-03-31 11:43:27,75.0,83.05084745762711
2026-03-31 11:43:42,75.0,82.48587570621469
2026-03-31 11:43:57,75.0,82.48587570621469
2026-03-31 11:44:12,75.0,82.48587570621469
2026-03-31 11:44:27,75.0,81.92090395480226
2026-03-31 11:44:42,75.0,81.92090395480226
2026-03-31 11:44:57,75.0,81.35593220338984
2026-03-31 11:45:12,75.0,80.7909604519774
2026-03-31 11:45:27,75.0,80.66298342541437
2026-03-31 11:45:42,75.0,80.11049723756905
2026-03-31 11:45:57,75.0,79.55801104972376
2026-03-31 11:46:12,75.0,79.00552486187846
2026-03-31 11:46:27,75.0,78.45303867403315
2026-03-31 11:46:42,75.0,77.90055248618785
2026-03-31 11:46:57,75.0,77.34806629834254
2026-03-31 11:47:12,75.0,76.79558011049724
2026-03-31 11:47:27,75.0,76.24309392265194
2026-03-31 11:47:42,75.0,75.69060773480662
2026-03-31 11:47:57,75.0,75.13812154696133
2026-03-31 11:48:12,75.0,74.58563535911603
2026-03-31 11:48:27,75.0,74.03314917127072
2026-03-31 11:48:42,75.0,73.48066298342542
2026-03-31 11:48:57,75.0,72.92817679558011
2026-03-31 11:49:12,75.0,72.37569060773481
2026-03-31 11:49:27,75.0,71.8232044198895
2026-03-31 11:49:42,62.5,71.27071823204419
2026-03-31 11:49:57,62.5,71.35135135135135
2026-03-31 11:50:12,62.5,70.8108108108108
2026-03-31 11:50:27,62.5,70.27027027027027
2026-03-31 11:50:42,62.5,69.72972972972973
2026-03-31 11:50:57,62.5,69.1891891891892
2026-03-31 11:51:12,62.5,68.64864864864865
2026-03-31 11:51:27,62.5,68.10810810810811
2026-03-31 11:51:42,62.5,67.56756756756756
2026-03-31 11:51:57,62.5,67.56756756756756
2026-03-31 11:52:12,62.5,67.56756756756756
2026-03-31 11:52:27,62.5,67.02702702702703
2026-03-31 11:52:42,62.5,67.02702702702703
2026-03-31 11:52:57,62.5,67.02702702702703
2026-03-31 11:53:12,62.5,67.02702702702703
2026-03-31 11:53:27,62.5,67.02702702702703
2026-03-31 11:53:42,62.5,67.02702702702703
2026-03-31 11:53:57,62.5,67.02702702702703
2026-03-31 11:54:12,62.5,67.02702702702703
2026-03-31 11:54:27,62.5,67.02702702702703
2026-03-31 11:54:42,62.5,67.72486772486772
2026-03-31 11:54:57,62.5,67.72486772486772
2026-03-31 11:55:12,62.5,67.72486772486772
2026-03-31 11:55:27,62.5,67.72486772486772
2026-03-31 11:55:42,62.5,67.72486772486772
2026-03-31 11:55:57,62.5,67.72486772486772
2026-03-31 11:56:12,75.0,67.72486772486772
2026-03-31 11:56:27,75.0,67.72486772486772
2026-03-31 11:56:42,75.0,67.72486772486772
2026-03-31 11:56:57,75.0,67.72486772486772
2026-03-31 11:57:12,75.0,67.72486772486772
2026-03-31 11:57:27,75.0,67.72486772486772
2026-03-31 11:57:42,75.0,67.72486772486772
2026-03-31 11:57:57,75.0,67.72486772486772
2026-03-31 11:58:12,75.0,67.72486772486772
2026-03-31 11:58:27,75.0,67.72486772486772
2026-03-31 11:58:42,75.0,67.72486772486772
2026-03-31 11:58:57,75.0,67.72486772486772
2026-03-31 11:59:12,75.0,68.39378238341969
2026-03-31 11:59:27,75.0,68.39378238341969
2026-03-31 11:59:42,75.0,68.39378238341969
2026-03-31 11:59:57,75.0,68.39378238341969
2026-03-31 12:00:12,75.0,68.39378238341969
2026-03-31 12:00:27,75.0,68.39378238341969
2026-03-31 12:00:42,75.0,68.39378238341969
2026-03-31 12:00:57,75.0,68.39378238341969
2026-03-31 12:01:12,75.0,68.39378238341969
2026-03-31 12:01:27,75.0,68.39378238341969
2026-03-31 12:01:42,75.0,68.39378238341969
2026-03-31 12:01:57,75.0,68.39378238341969
2026-03-31 12:02:12,75.0,68.39378238341969
2026-03-31 12:02:27,75.0,68.39378238341969
2026-03-31 12:02:42,75.0,68.39378238341969
2026-03-31 12:02:57,75.0,68.39378238341969
2026-03-31 12:03:12,75.0,68.39378238341969
2026-03-31 12:03:27,75.0,68.39378238341969
2026-03-31 12:03:42,75.0,68.39378238341969
2026-03-31 12:03:57,75.0,68.39378238341969
2026-03-31 12:04:12,75.0,68.39378238341969
2026-03-31 12:04:27,75.0,68.9119170984456
2026-03-31 12:04:42,75.0,69.43005181347151
2026-03-31 12:04:57,75.0,69.94818652849742
2026-03-31 12:05:12,75.0,70.46632124352331
2026-03-31 12:05:27,75.0,70.98445595854922
2026-03-31 12:05:42,75.0,70.98445595854922
2026-03-31 12:05:57,75.0,71.50259067357513
2026-03-31 12:06:12,75.0,71.50259067357513
2026-03-31 12:06:27,75.0,71.50259067357513
2026-03-31 12:06:42,75.0,72.02072538860104
2026-03-31 12:06:57,75.0,72.53886010362694
2026-03-31 12:07:12,75.0,73.05699481865285
2026-03-31 12:07:27,87.5,73.57512953367875
2026-03-31 12:07:42,75.0,74.09326424870466
2026-03-31 12:07:57,87.5,74.61139896373057
2026-03-31 12:08:12,87.5,75.12953367875647
2026-03-31 12:08:27,87.5,75.64766839378238
2026-03-31 12:08:42,87.5,76.16580310880829
2026-03-31 12:08:57,87.5,76.68393782383419
2026-03-31 12:09:12,87.5,76.68393782383419
2026-03-31 12:09:27,87.5,76.68393782383419
2026-03-31 12:09:42,87.5,76.68393782383419
2026-03-31 12:09:57,87.5,76.68393782383419
2026-03-31 12:10:12,87.5,76.68393782383419
2026-03-31 12:10:27,87.5,76.68393782383419
2026-03-31 12:10:42,87.5,76.68393782383419
2026-03-31 12:10:57,87.5,76.68393782383419
2026-03-31 12:11:12,87.5,76.68393782383419
2026-03-31 12:11:27,87.5,76.68393782383419
2026-03-31 12:11:42,87.5,76.68393782383419
2026-03-31 12:11:57,87.5,76.68393782383419
2026-03-31 12:12:12,87.5,76.68393782383419
2026-03-31 12:12:27,87.5,76.68393782383419
2026-03-31 12:12:42,87.5,76.68393782383419
2026-03-31 12:12:57,87.5,76.68393782383419
2026-03-31 12:13:12,87.5,76.68393782383419
2026-03-31 12:13:27,87.5,76.68393782383419
2026-03-31 12:13:42,87.5,76.68393782383419
2026-03-31 12:13:57,87.5,76.68393782383419
2026-03-31 12:14:12,87.5,76.68393782383419
2026-03-31 12:14:27,87.5,76.68393782383419
2026-03-31 12:14:42,87.5,76.68393782383419
2026-03-31 12:14:57,87.5,76.68393782383419
2026-03-31 12:15:12,87.5,76.68393782383419
2026-03-31 12:15:27,87.5,76.68393782383419
2026-03-31 12:15:42,87.5,76.68393782383419
2026-03-31 12:15:57,87.5,76.68393782383419
2026-03-31 12:16:12,87.5,76.68393782383419
2026-03-31 12:16:27,87.5,76.68393782383419
2026-03-31 12:16:42,87.5,76.68393782383419
2026-03-31 12:16:57,87.5,76.68393782383419
2026-03-31 12:17:12,87.5,76.68393782383419
2026-03-31 12:17:27,87.5,76.68393782383419
2026-03-31 12:17:42,87.5,76.68393782383419
2026-03-31 12:17:57,87.5,76.68393782383419
2026-03-31 12:18:12,87.5,76.68393782383419
2026-03-31 12:18:27,87.5,76.68393782383419
2026-03-31 12:18:42,87.5,76.68393782383419
2026-03-31 12:18:57,87.5,76.68393782383419
2026-03-31 12:19:12,87.5,76.68393782383419
2026-03-31 12:19:27,87.5,76.68393782383419
2026-03-31 12:19:42,87.5,76.68393782383419
2026-03-31 12:19:57,87.5,76.68393782383419
2026-03-31 12:20:12,87.5,76.68393782383419
2026-03-31 12:20:27,87.5,76.68393782383419
2026-03-31 12:20:42,87.5,76.68393782383419
2026-03-31 12:20:57,87.5,76.68393782383419
2026-03-31 12:21:12,87.5,76.68393782383419
2026-03-31 12:21:27,87.5,76.68393782383419
2026-03-31 12:21:42,87.5,76.68393782383419
2026-03-31 12:21:57,87.5,76.68393782383419
2026-03-31 12:22:12,87.5,76.68393782383419
2026-03-31 12:22:27,87.5,76.68393782383419
2026-03-31 12:22:42,87.5,76.68393782383419
2026-03-31 12:22:57,87.5,76.68393782383419
2026-03-31 12:23:12,87.5,77.15736040609137
2026-03-31 12:23:27,87.5,77.15736040609137
2026-03-31 12:23:42,87.5,77.15736040609137
2026-03-31 12:23:57,87.5,77.15736040609137
2026-03-31 12:24:12,87.5,77.15736040609137
2026-03-31 12:24:27,87.5,77.15736040609137
2026-03-31 12:24:42,87.5,77.15736040609137
2026-03-31 12:24:57,87.5,77.15736040609137
2026-03-31 12:25:12,87.5,77.15736040609137
2026-03-31 12:25:27,87.5,77.15736040609137
2026-03-31 12:25:42,87.5,77.15736040609137
2026-03-31 12:25:57,87.5,77.15736040609137
2026-03-31 12:26:12,87.5,77.15736040609137
2026-03-31 12:26:27,87.5,77.15736040609137
2026-03-31 12:26:42,87.5,77.15736040609137
2026-03-31 12:26:57,87.5,77.15736040609137
2026-03-31 12:27:12,87.5,77.15736040609137
2026-03-31 12:27:27,87.5,77.15736040609137
2026-03-31 12:27:42,87.5,77.15736040609137
2026-03-31 12:27:57,87.5,77.66497461928934
2026-03-31 12:28:12,87.5,78.1725888324873
2026-03-31 12:28:27,87.5,78.68020304568529
2026-03-31 12:28:42,87.5,79.18781725888326
2026-03-31 12:28:57,87.5,79.69543147208121
2026-03-31 12:29:12,87.5,80.20304568527918
2026-03-31 12:29:27,87.5,80.20304568527918
2026-03-31 12:29:42,87.5,80.20304568527918
2026-03-31 12:29:57,100.0,80.20304568527918
2026-03-31 12:30:12,87.5,80.20304568527918
2026-03-31 12:30:27,87.5,80.71065989847716
2026-03-31 12:30:42,87.5,81.21827411167513
2026-03-31 12:30:57,87.5,81.7258883248731
2026-03-31 12:31:12,87.5,82.23350253807106
2026-03-31 12:31:27,87.5,82.74111675126903
2026-03-31 12:31:42,87.5,83.24873096446701
2026-03-31 12:31:57,87.5,83.24873096446701
2026-03-31 12:32:12,87.5,83.24873096446701
2026-03-31 12:32:27,87.5,83.75634517766497
2026-03-31 12:32:42,87.5,84.26395939086294
2026-03-31 12:32:57,87.5,84.77157360406092
2026-03-31 12:33:12,87.5,84.77157360406092
2026-03-31 12:33:27,87.5,84.77157360406092
2026-03-31 12:33:42,87.5,85.27918781725889
2026-03-31 12:33:57,87.5,85.27918781725889
2026-03-31 12:34:12,87.5,85.78680203045685
2026-03-31 12:34:27,87.5,86.29441624365482
2026-03-31 12:34:42,87.5,86.80203045685279
2026-03-31 12:34:57,87.5,87.30964467005076
2026-03-31 12:35:12,87.5,87.81725888324873
2026-03-31 12:35:27,87.5,88.3248730964467
2026-03-31 12:35:42,87.5,88.83248730964468
2026-03-31 12:35:57,87.5,89.34010152284264
2026-03-31 12:36:12,87.5,89.84771573604061
2026-03-31 12:36:27,87.5,90.35532994923858
2026-03-31 12:36:42,87.5,90.86294416243655
2026-03-31 12:36:57,87.5,91.37055837563452
2026-03-31 12:37:12,87.5,91.87817258883248
2026-03-31 12:37:27,87.5,92.38578680203045
2026-03-31 12:37:42,87.5,92.89340101522842
2026-03-31 12:37:57,87.5,93.4010152284264
2026-03-31 12:38:12,87.5,93.90862944162437
2026-03-31 12:38:27,87.5,94.41624365482234
2026-03-31 12:38:42,100.0,94.9238578680203
2026-03-31 12:38:57,100.0,95.43147208121827
2026-03-31 12:39:12,100.0,95.93908629441624
2026-03-31 12:39:27,100.0,96.44670050761421
2026-03-31 12:39:42,100.0,96.95431472081218
2026-03-31 12:39:57,100.0,97.46192893401016
2026-03-31 12:40:12,100.0,97.96954314720813
2026-03-31 12:40:27,100.0,98.47715736040608
2026-03-31 12:40:42,100.0,98.98477157360406
2026-03-31 12:40:57,100.0,99.49238578680203
2026-03-31 12:41:12,100.0,99.49238578680203
2026-03-31 12:41:27,100.0,99.49238578680203
2026-03-31 12:41:42,100.0,100.0
2026-03-31 12:41:57,100.0,100.0
2026-03-31 12:42:12,100.0,100.0
2026-03-31 12:42:27,100.0,100.0
2026-03-31 12:42:42,100.0,100.0
2026-03-31 12:42:57,100.0,100.0
2026-03-31 12:43:12,100.0,100.0
2026-03-31 12:43:27,100.0,100.0
2026-03-31 12:43:42,100.0,100.0
2026-03-31 12:43:57,100.0,100.0
2026-03-31 12:44:12,100.0,100.0
2026-03-31 12:44:27,100.0,100.0
2026-03-31 12:44:42,100.0,100.0
2026-03-31 12:44:57,100.0,100.0
2026-03-31 12:45:12,100.0,100.0
2026-03-31 12:45:27,100.0,100.0
2026-03-31 12:45:42,100.0,100.0
2026-03-31 12:45:57,100.0,100.0
2026-03-31 12:46:12,100.0,100.0
2026-03-31 12:46:27,100.0,100.0
2026-03-31 12:46:42,100.0,100.0
2026-03-31 12:46:57,100.0,100.0
2026-03-31 12:47:12,100.0,100.0
2026-03-31 12:47:27,100.0,100.0
2026-03-31 12:47:42,100.0,100.0
2026-03-31 12:47:57,100.0,100.0
2026-03-31 12:48:12,100.0,100.0
2026-03-31 12:48:27,100.0,100.0
2026-03-31 12:48:42,100.0,100.0
2026-03-31 12:48:57,100.0,100.0
2026-03-31 12:49:12,100.0,100.0
2026-03-31 12:49:27,100.0,100.0
2026-03-31 12:49:42,100.0,100.0
2026-03-31 12:49:57,100.0,100.0
2026-03-31 12:50:12,100.0,100.0
2026-03-31 12:50:27,100.0,100.0
2026-03-31 12:50:42,100.0,100.0
2026-03-31 12:50:57,100.0,100.0
2026-03-31 12:51:12,100.0,100.0
2026-03-31 12:51:27,100.0,100.0
2026-03-31 12:51:42,100.0,100.0
2026-03-31 12:51:57,100.0,100.0
2026-03-31 12:52:12,100.0,100.0
2026-03-31 12:52:27,100.0,100.0
2026-03-31 12:52:42,100.0,100.0
2026-03-31 12:52:57,100.0,100.0
2026-03-31 12:53:12,100.0,100.0
2026-03-31 12:53:27,100.0,100.0
2026-03-31 12:53:42,100.0,100.0
2026-03-31 12:53:57,100.0,100.0
2026-03-31 12:54:12,100.0,100.0
2026-03-31 12:54:27,100.0,100.0
2026-03-31 12:54:42,100.0,100.0
2026-03-31 12:54:57,100.0,100.0
2026-03-31 12:55:12,100.0,100.0
2026-03-31 12:55:27,100.0,100.0
2026-03-31 12:55:42,100.0,100.0
2026-03-31 12:55:57,100.0,100.0
2026-03-31 12:56:12,100.0,100.0
2026-03-31 12:56:27,100.0,100.0
2026-03-31 12:56:42,100.0,100.0
2026-03-31 12:56:57,100.0,100.0
2026-03-31 12:57:12,100.0,100.0
2026-03-31 12:57:27,100.0,100.0
2026-03-31 12:57:42,100.0,100.0
2026-03-31 12:57:57,100.0,100.0
2026-03-31 12:58:12,100.0,100.0
2026-03-31 12:58:27,100.0,100.0
2026-03-31 12:58:42,100.0,100.0
2026-03-31 12:58:57,100.0,100.0
2026-03-31 12:59:12,100.0,100.0
2026-03-31 12:59:27,100.0,100.0
2026-03-31 12:59:42,100.0,100.0
2026-03-31 12:59:57,100.0,100.0
2026-03-31 13:00:12,100.0,100.0
2026-03-31 13:00:27,100.0,100.0
2026-03-31 13:00:42,100.0,100.0
2026-03-31 13:00:57,100.0,100.0
2026-03-31 13:01:12,100.0,100.0
2026-03-31 13:01:27,100.0,100.0
2026-03-31 13:01:42,100.0,100.0
2026-03-31 13:01:57,100.0,100.0
2026-03-31 13:02:12,100.0,100.0
2026-03-31 13:02:27,100.0,100.0
2026-03-31 13:02:42,100.0,100.0
2026-03-31 13:02:57,100.0,100.0
2026-03-31 13:03:12,100.0,100.0
2026-03-31 13:03:27,100.0,100.0
2026-03-31 13:03:42,100.0,100.0
2026-03-31 13:03:57,100.0,100.0
2026-03-31 13:04:12,100.0,100.0
2026-03-31 13:04:27,100.0,100.0
2026-03-31 13:04:42,100.0,100.0
2026-03-31 13:04:57,100.0,100.0
2026-03-31 13:05:12,100.0,100.0
2026-03-31 13:05:27,100.0,100.0
2026-03-31 13:05:42,100.0,100.0
2026-03-31 13:05:57,100.0,100.0
2026-03-31 13:06:12,100.0,100.0
2026-03-31 13:06:27,100.0,100.0
2026-03-31 13:06:42,100.0,100.0
2026-03-31 13:06:57,100.0,100.0
2026-03-31 13:07:12,100.0,100.0
2026-03-31 13:07:27,100.0,100.0
2026-03-31 13:07:42,100.0,100.0
2026-03-31 13:07:57,100.0,100.0
2026-03-31 13:08:12,100.0,100.0
2026-03-31 13:08:27,100.0,100.0
2026-03-31 13:08:42,100.0,100.0
2026-03-31 13:08:57,100.0,100.0
2026-03-31 13:09:12,100.0,100.0
2026-03-31 13:09:27,100.0,100.0
2026-03-31 13:09:42,100.0,100.0
2026-03-31 13:09:57,100.0,100.0
2026-03-31 13:10:12,100.0,100.0
2026-03-31 13:10:27,100.0,100.0
2026-03-31 13:10:42,100.0,100.0
2026-03-31 13:10:57,100.0,100.0
2026-03-31 13:11:12,100.0,99.50248756218906
2026-03-31 13:11:27,100.0,99.50248756218906
2026-03-31 13:11:42,100.0,99.00497512437812
2026-03-31 13:11:57,100.0,98.50746268656717
2026-03-31 13:12:12,100.0,98.50746268656717
2026-03-31 13:12:27,100.0,98.50746268656717
2026-03-31 13:12:42,100.0,98.50746268656717
2026-03-31 13:12:57,100.0,98.50746268656717
2026-03-31 13:13:12,100.0,98.50746268656717
2026-03-31 13:13:27,100.0,98.50746268656717
2026-03-31 13:13:42,100.0,98.50746268656717
2026-03-31 13:13:57,100.0,98.50746268656717
2026-03-31 13:14:12,100.0,98.50746268656717
2026-03-31 13:14:27,100.0,98.50746268656717
2026-03-31 13:14:42,100.0,98.50746268656717
2026-03-31 13:14:57,100.0,98.50746268656717
2026-03-31 13:15:12,100.0,98.50746268656717
2026-03-31 13:15:27,100.0,98.50746268656717
2026-03-31 13:15:42,100.0,98.50746268656717
2026-03-31 13:15:57,100.0,98.50746268656717
2026-03-31 13:16:12,100.0,98.50746268656717
2026-03-31 13:16:27,100.0,98.50746268656717
2026-03-31 13:16:42,87.5,98.00995024875621
2026-03-31 13:16:57,87.5,98.00995024875621
2026-03-31 13:17:12,100.0,98.00995024875621
2026-03-31 13:17:27,100.0,98.00995024875621
2026-03-31 13:17:42,87.5,97.51243781094527
2026-03-31 13:17:57,87.5,97.51243781094527
2026-03-31 13:18:12,87.5,97.51243781094527
2026-03-31 13:18:27,87.5,97.51243781094527
2026-03-31 13:18:42,100.0,97.51243781094527
2026-03-31 13:18:57,100.0,97.51243781094527
2026-03-31 13:19:12,100.0,97.51243781094527
2026-03-31 13:19:27,100.0,97.51243781094527
2026-03-31 13:19:42,100.0,97.51243781094527
2026-03-31 13:19:57,100.0,97.07317073170731
2026-03-31 13:20:12,100.0,96.58536585365853
2026-03-31 13:20:27,100.0,96.58536585365853
2026-03-31 13:20:42,100.0,96.58536585365853
2026-03-31 13:20:57,100.0,96.58536585365853
2026-03-31 13:21:12,87.5,96.09756097560975
2026-03-31 13:21:27,87.5,95.60975609756098
2026-03-31 13:21:42,87.5,95.60975609756098
2026-03-31 13:21:57,87.5,95.60975609756098
2026-03-31 13:22:12,87.5,95.1219512195122
2026-03-31 13:22:27,87.5,94.6341463414634
2026-03-31 13:22:42,87.5,94.14634146341463
2026-03-31 13:22:57,87.5,94.14634146341463
2026-03-31 13:23:12,87.5,93.65853658536587
2026-03-31 13:23:27,87.5,93.17073170731707
2026-03-31 13:23:42,87.5,92.6829268292683
2026-03-31 13:23:57,87.5,92.19512195121952
2026-03-31 13:24:12,87.5,92.19512195121952
2026-03-31 13:24:27,87.5,92.19512195121952
2026-03-31 13:24:42,87.5,92.19512195121952
2026-03-31 13:24:57,87.5,92.19512195121952
2026-03-31 13:25:12,87.5,92.19512195121952
2026-03-31 13:25:27,87.5,92.19512195121952
2026-03-31 13:25:42,87.5,92.19512195121952
2026-03-31 13:25:57,87.5,92.19512195121952
2026-03-31 13:26:12,87.5,92.19512195121952
2026-03-31 13:26:27,87.5,92.19512195121952
2026-03-31 13:26:42,87.5,92.19512195121952
2026-03-31 13:26:57,87.5,92.19512195121952
2026-03-31 13:27:12,87.5,92.19512195121952
2026-03-31 13:27:27,87.5,92.19512195121952
2026-03-31 13:27:42,87.5,92.19512195121952
2026-03-31 13:27:57,87.5,92.19512195121952
2026-03-31 13:28:12,87.5,92.19512195121952
2026-03-31 13:28:27,87.5,92.19512195121952
2026-03-31 13:28:42,87.5,92.19512195121952
2026-03-31 13:28:57,87.5,92.19512195121952
2026-03-31 13:29:12,87.5,92.19512195121952
2026-03-31 13:29:27,87.5,92.19512195121952
2026-03-31 13:29:42,87.5,92.19512195121952
2026-03-31 13:29:57,87.5,92.19512195121952
2026-03-31 13:30:12,87.5,91.70731707317074
2026-03-31 13:30:27,87.5,91.70731707317074
2026-03-31 13:30:42,87.5,91.70731707317074
2026-03-31 13:30:57,87.5,91.70731707317074
2026-03-31 13:31:12,87.5,91.70731707317074
2026-03-31 13:31:27,87.5,91.70731707317074
2026-03-31 13:31:42,87.5,91.70731707317074
2026-03-31 13:31:57,87.5,91.70731707317074
2026-03-31 13:32:12,87.5,91.21951219512195
2026-03-31 13:32:27,87.5,90.73170731707317
2026-03-31 13:32:42,87.5,90.2439024390244
2026-03-31 13:32:57,87.5,90.2439024390244
2026-03-31 13:33:12,87.5,90.2439024390244
2026-03-31 13:33:27,87.5,90.2439024390244
2026-03-31 13:33:42,87.5,90.2439024390244
2026-03-31 13:33:57,87.5,90.2439024390244
2026-03-31 13:34:12,87.5,90.2439024390244
2026-03-31 13:34:27,87.5,90.2439024390244
2026-03-31 13:34:42,87.5,90.2439024390244
2026-03-31 13:34:57,87.5,90.2439024390244
2026-03-31 13:35:12,87.5,90.2439024390244
2026-03-31 13:35:27,87.5,90.2439024390244
2026-03-31 13:35:42,87.5,90.2439024390244
2026-03-31 13:35:57,87.5,90.2439024390244
2026-03-31 13:36:12,87.5,90.2439024390244
2026-03-31 13:36:27,87.5,90.2439024390244
2026-03-31 13:36:42,87.5,90.2439024390244
2026-03-31 13:36:57,87.5,90.2439024390244
2026-03-31 13:37:12,87.5,90.2439024390244
2026-03-31 13:37:27,87.5,90.2439024390244
2026-03-31 13:37:42,87.5,90.2439024390244
2026-03-31 13:37:57,87.5,90.2439024390244
2026-03-31 13:38:12,87.5,90.2439024390244
2026-03-31 13:38:27,87.5,90.2439024390244
2026-03-31 13:38:42,87.5,90.2439024390244
2026-03-31 13:38:57,87.5,90.2439024390244
2026-03-31 13:39:12,87.5,90.2439024390244
2026-03-31 13:39:27,87.5,90.2439024390244
2026-03-31 13:39:42,87.5,90.2439024390244
2026-03-31 13:39:57,87.5,90.2439024390244
2026-03-31 13:40:12,87.5,90.2439024390244
2026-03-31 13:40:27,87.5,90.2439024390244
2026-03-31 13:40:42,87.5,90.2439024390244
2026-03-31 13:40:57,87.5,90.2439024390244
2026-03-31 13:41:12,87.5,90.2439024390244
2026-03-31 13:41:27,87.5,90.2439024390244
2026-03-31 13:41:42,87.5,90.2439024390244
2026-03-31 13:41:57,87.5,90.2439024390244
2026-03-31 13:42:12,87.5,90.2439024390244
2026-03-31 13:42:27,87.5,90.2439024390244
2026-03-31 13:42:42,87.5,90.2439024390244
2026-03-31 13:42:57,87.5,90.2439024390244
2026-03-31 13:43:12,87.5,90.2439024390244
2026-03-31 13:43:27,87.5,90.2439024390244
2026-03-31 13:43:42,87.5,90.2439024390244
2026-03-31 13:43:57,87.5,90.2439024390244
2026-03-31 13:44:12,87.5,90.2439024390244
2026-03-31 13:44:27,87.5,90.2439024390244
2026-03-31 13:44:42,87.5,90.2439024390244
2026-03-31 13:44:57,87.5,90.2439024390244
2026-03-31 13:45:12,87.5,90.2439024390244
2026-03-31 13:45:27,87.5,90.2439024390244
2026-03-31 13:45:42,87.5,90.2439024390244
2026-03-31 13:45:57,87.5,90.2439024390244
2026-03-31 13:46:12,87.5,90.2439024390244
2026-03-31 13:46:27,87.5,90.2439024390244
2026-03-31 13:46:42,87.5,90.2439024390244
2026-03-31 13:46:57,87.5,90.2439024390244
2026-03-31 13:47:12,87.5,90.2439024390244
2026-03-31 13:47:27,87.5,90.2439024390244
2026-03-31 13:47:42,87.5,90.2439024390244
2026-03-31 13:47:57,87.5,90.2439024390244
2026-03-31 13:48:12,87.5,90.43062200956938
2026-03-31 13:48:27,87.5,90.43062200956938
2026-03-31 13:48:42,87.5,90.43062200956938
2026-03-31 13:48:57,87.5,90.43062200956938
2026-03-31 13:49:12,87.5,90.43062200956938
2026-03-31 13:49:27,87.5,90.43062200956938
2026-03-31 13:49:42,87.5,90.43062200956938
2026-03-31 13:49:57,87.5,90.43062200956938
2026-03-31 13:50:12,87.5,90.43062200956938
2026-03-31 13:50:27,87.5,90.43062200956938
2026-03-31 13:50:42,87.5,90.43062200956938
2026-03-31 13:50:57,87.5,90.43062200956938
2026-03-31 13:51:12,87.5,90.43062200956938
2026-03-31 13:51:27,87.5,90.43062200956938
2026-03-31 13:51:42,87.5,90.43062200956938
2026-03-31 13:51:57,87.5,90.43062200956938
2026-03-31 13:52:12,87.5,90.43062200956938
2026-03-31 13:52:27,87.5,90.43062200956938
2026-03-31 13:52:42,87.5,90.43062200956938
2026-03-31 13:52:57,87.5,90.43062200956938
2026-03-31 13:53:12,87.5,90.43062200956938
2026-03-31 13:53:27,87.5,90.43062200956938
2026-03-31 13:53:42,87.5,90.43062200956938
2026-03-31 13:53:57,87.5,90.43062200956938
2026-03-31 13:54:12,87.5,90.43062200956938
2026-03-31 13:54:27,87.5,90.43062200956938
2026-03-31 13:54:42,87.5,90.43062200956938
2026-03-31 13:54:57,87.5,90.43062200956938
2026-03-31 13:55:12,87.5,90.43062200956938
2026-03-31 13:55:27,87.5,90.43062200956938
2026-03-31 13:55:42,87.5,90.43062200956938
2026-03-31 13:55:57,87.5,90.43062200956938
2026-03-31 13:56:12,87.5,90.43062200956938
2026-03-31 13:56:27,87.5,90.43062200956938
2026-03-31 13:56:42,87.5,90.43062200956938
2026-03-31 13:56:57,87.5,90.43062200956938
2026-03-31 13:57:12,87.5,90.43062200956938
2026-03-31 13:57:27,87.5,90.43062200956938
2026-03-31 13:57:42,87.5,90.43062200956938
2026-03-31 13:57:57,87.5,90.43062200956938
2026-03-31 13:58:12,87.5,90.43062200956938
2026-03-31 13:58:27,87.5,90.43062200956938
2026-03-31 13:58:42,87.5,90.43062200956938
2026-03-31 13:58:57,87.5,90.43062200956938
2026-03-31 13:59:12,87.5,90.43062200956938
2026-03-31 13:59:27,87.5,90.43062200956938
2026-03-31 13:59:42,87.5,90.43062200956938
2026-03-31 13:59:57,87.5,90.43062200956938
2026-03-31 14:00:12,87.5,90.43062200956938
2026-03-31 14:00:27,87.5,90.43062200956938
2026-03-31 14:00:42,87.5,90.43062200956938
2026-03-31 14:00:57,87.5,90.43062200956938
2026-03-31 14:01:12,87.5,90.43062200956938
2026-03-31 14:01:27,87.5,90.43062200956938
2026-03-31 14:01:42,87.5,90.43062200956938
2026-03-31 14:01:57,87.5,90.61032863849765
2026-03-31 14:02:12,87.5,90.61032863849765
2026-03-31 14:02:27,87.5,90.61032863849765
2026-03-31 14:02:42,87.5,90.61032863849765
2026-03-31 14:02:57,87.5,90.61032863849765
2026-03-31 14:03:12,87.5,90.61032863849765
2026-03-31 14:03:27,87.5,90.61032863849765
2026-03-31 14:03:42,87.5,90.61032863849765
2026-03-31 14:03:57,87.5,90.61032863849765
2026-03-31 14:04:12,87.5,90.61032863849765
2026-03-31 14:04:27,87.5,91.07981220657277
2026-03-31 14:04:42,87.5,91.07981220657277
2026-03-31 14:04:57,87.5,91.54929577464789
2026-03-31 14:05:12,87.5,92.01877934272301
2026-03-31 14:05:27,87.5,91.24423963133641
2026-03-31 14:05:42,87.5,91.24423963133641
2026-03-31 14:05:57,87.5,91.24423963133641
2026-03-31 14:06:12,87.5,91.24423963133641
2026-03-31 14:06:27,87.5,90.78341013824884
2026-03-31 14:06:42,87.5,90.32258064516128
2026-03-31 14:06:57,87.5,89.86175115207374
2026-03-31 14:07:12,87.5,89.86175115207374
2026-03-31 14:07:27,87.5,89.86175115207374
2026-03-31 14:07:42,87.5,89.86175115207374
2026-03-31 14:07:57,87.5,89.40092165898618
2026-03-31 14:08:12,87.5,88.94009216589862
2026-03-31 14:08:27,87.5,88.47926267281106
2026-03-31 14:08:42,87.5,88.23529411764706
2026-03-31 14:08:57,87.5,87.78280542986425
2026-03-31 14:09:12,75.0,87.33031674208145
2026-03-31 14:09:27,75.0,86.87782805429865
2026-03-31 14:09:42,75.0,86.42533936651584
2026-03-31 14:09:57,75.0,86.42533936651584
2026-03-31 14:10:12,75.0,86.42533936651584
2026-03-31 14:10:27,75.0,85.97285067873304
2026-03-31 14:10:42,75.0,85.52036199095022
2026-03-31 14:10:57,75.0,85.06787330316742
2026-03-31 14:11:12,75.0,84.61538461538461
2026-03-31 14:11:27,75.0,84.61538461538461
2026-03-31 14:11:42,75.0,84.61538461538461
2026-03-31 14:11:57,75.0,85.06787330316742
2026-03-31 14:12:12,75.0,84.88888888888889
2026-03-31 14:12:27,75.0,84.88888888888889
2026-03-31 14:12:42,75.0,84.88888888888889
2026-03-31 14:12:57,75.0,85.33333333333334
2026-03-31 14:13:12,75.0,85.33333333333334
2026-03-31 14:13:27,75.0,85.33333333333334
2026-03-31 14:13:42,75.0,85.33333333333334
2026-03-31 14:13:57,75.0,85.77777777777777
2026-03-31 14:14:12,75.0,85.77777777777777
2026-03-31 14:14:27,75.0,85.77777777777777
2026-03-31 14:14:42,75.0,85.77777777777777
2026-03-31 14:14:57,75.0,85.33333333333334
2026-03-31 14:15:12,75.0,85.33333333333334
2026-03-31 14:15:27,75.0,85.1528384279476
2026-03-31 14:15:42,75.0,84.71615720524017
2026-03-31 14:15:57,75.0,84.71615720524017
2026-03-31 14:16:12,75.0,84.71615720524017
2026-03-31 14:16:27,75.0,84.71615720524017
2026-03-31 14:16:42,75.0,84.27947598253274
2026-03-31 14:16:57,75.0,83.84279475982532
2026-03-31 14:17:12,75.0,84.27947598253274
2026-03-31 14:17:27,75.0,84.71615720524017
2026-03-31 14:17:42,75.0,84.71615720524017
2026-03-31 14:17:57,75.0,84.71615720524017
2026-03-31 14:18:12,75.0,84.71615720524017
2026-03-31 14:18:27,75.0,84.71615720524017
2026-03-31 14:18:42,75.0,84.54935622317596
2026-03-31 14:18:57,75.0,84.54935622317596
2026-03-31 14:19:12,75.0,84.54935622317596
2026-03-31 14:19:27,75.0,84.97854077253218
2026-03-31 14:19:42,75.0,85.40772532188842
2026-03-31 14:19:57,75.0,85.40772532188842
2026-03-31 14:20:12,75.0,85.40772532188842
2026-03-31 14:20:27,75.0,85.83690987124464
2026-03-31 14:20:42,75.0,86.26609442060087
2026-03-31 14:20:57,75.0,86.69527896995707
2026-03-31 14:21:12,75.0,86.69527896995707
2026-03-31 14:21:27,75.0,87.1244635193133
2026-03-31 14:21:42,75.0,87.55364806866953
2026-03-31 14:21:57,75.0,87.98283261802575
2026-03-31 14:22:12,75.0,86.91983122362869
2026-03-31 14:22:27,75.0,87.34177215189874
2026-03-31 14:22:42,75.0,87.76371308016878
2026-03-31 14:22:57,75.0,88.18565400843882
2026-03-31 14:23:12,75.0,88.60759493670885
2026-03-31 14:23:27,75.0,88.60759493670885
2026-03-31 14:23:42,75.0,88.60759493670885
2026-03-31 14:23:57,87.5,88.60759493670885
2026-03-31 14:24:12,87.5,88.60759493670885
2026-03-31 14:24:27,87.5,88.60759493670885
2026-03-31 14:24:42,87.5,88.60759493670885
2026-03-31 14:24:57,87.5,88.60759493670885
2026-03-31 14:25:12,87.5,88.60759493670885
2026-03-31 14:25:27,87.5,88.79668049792531
2026-03-31 14:25:42,87.5,88.79668049792531
2026-03-31 14:25:57,87.5,88.79668049792531
2026-03-31 14:26:12,87.5,88.79668049792531
2026-03-31 14:26:27,87.5,88.79668049792531
2026-03-31 14:26:42,87.5,88.79668049792531
2026-03-31 14:26:57,87.5,88.79668049792531
2026-03-31 14:27:12,87.5,88.79668049792531
2026-03-31 14:27:27,87.5,88.79668049792531
2026-03-31 14:27:42,87.5,88.79668049792531
2026-03-31 14:27:57,87.5,88.79668049792531
2026-03-31 14:28:12,87.5,88.79668049792531
2026-03-31 14:28:27,87.5,88.79668049792531
2026-03-31 14:28:42,87.5,88.79668049792531
2026-03-31 14:28:57,87.5,88.9795918367347
2026-03-31 14:29:12,87.5,88.9795918367347
2026-03-31 14:29:27,87.5,88.9795918367347
2026-03-31 14:29:42,87.5,88.9795918367347
2026-03-31 14:29:57,87.5,88.9795918367347
2026-03-31 14:30:12,87.5,88.9795918367347
2026-03-31 14:30:27,87.5,88.9795918367347
2026-03-31 14:30:42,87.5,88.9795918367347
2026-03-31 14:30:57,87.5,88.9795918367347
2026-03-31 14:31:12,87.5,88.9795918367347
2026-03-31 14:31:27,87.5,89.38775510204081
2026-03-31 14:31:42,87.5,89.38775510204081
2026-03-31 14:31:57,87.5,89.38775510204081
2026-03-31 14:32:12,87.5,89.1566265060241
2026-03-31 14:32:27,87.5,89.5582329317269
2026-03-31 14:32:42,87.5,89.5582329317269
2026-03-31 14:32:57,87.5,89.5582329317269
2026-03-31 14:33:12,87.5,89.5582329317269
2026-03-31 14:33:27,87.5,89.5582329317269
2026-03-31 14:33:42,87.5,89.5582329317269
2026-03-31 14:33:57,87.5,89.5582329317269
2026-03-31 14:34:12,87.5,89.5582329317269
2026-03-31 14:34:27,87.5,89.95983935742971
2026-03-31 14:34:42,87.5,90.36144578313254
2026-03-31 14:34:57,87.5,90.36144578313254
2026-03-31 14:35:12,87.5,90.36144578313254
2026-03-31 14:35:27,87.5,89.32806324110672
2026-03-31 14:35:42,87.5,89.32806324110672
2026-03-31 14:35:57,87.5,89.32806324110672
2026-03-31 14:36:12,87.5,88.93280632411067
2026-03-31 14:36:27,87.5,88.53754940711462
2026-03-31 14:36:42,87.5,88.14229249011858
2026-03-31 14:36:57,87.5,87.74703557312253
2026-03-31 14:37:12,87.5,87.35177865612648
2026-03-31 14:37:27,87.5,86.95652173913044
2026-03-31 14:37:42,87.5,86.56126482213439
2026-03-31 14:37:57,87.5,86.16600790513834
2026-03-31 14:38:12,87.5,85.7707509881423
2026-03-31 14:38:27,87.5,85.37549407114624
2026-03-31 14:38:42,87.5,84.98023715415019
2026-03-31 14:38:57,75.0,84.8249027237354
2026-03-31 14:39:12,75.0,84.43579766536965
2026-03-31 14:39:27,75.0,84.04669260700389
2026-03-31 14:39:42,75.0,83.65758754863813
2026-03-31 14:39:57,75.0,83.26848249027238
2026-03-31 14:40:12,75.0,82.87937743190662
2026-03-31 14:40:27,75.0,82.49027237354085
2026-03-31 14:40:42,75.0,82.10116731517509
2026-03-31 14:40:57,75.0,81.71206225680933
2026-03-31 14:41:12,75.0,81.32295719844358
2026-03-31 14:41:27,75.0,80.93385214007782
2026-03-31 14:41:42,75.0,80.54474708171206
2026-03-31 14:41:57,75.0,80.1556420233463
2026-03-31 14:42:12,75.0,80.07662835249042
2026-03-31 14:42:27,75.0,79.6934865900383
2026-03-31 14:42:42,75.0,79.3103448275862
2026-03-31 14:42:57,75.0,78.9272030651341
2026-03-31 14:43:12,75.0,78.544061302682
2026-03-31 14:43:27,75.0,78.16091954022988
2026-03-31 14:43:42,75.0,77.77777777777779
2026-03-31 14:43:57,75.0,77.39463601532567
2026-03-31 14:44:12,75.0,77.01149425287356
2026-03-31 14:44:27,75.0,76.62835249042146
2026-03-31 14:44:42,62.5,76.24521072796935
2026-03-31 14:44:57,62.5,75.86206896551724
2026-03-31 14:45:12,62.5,75.47892720306514
2026-03-31 14:45:27,62.5,75.09578544061303
2026-03-31 14:45:42,62.5,75.09433962264151
2026-03-31 14:45:57,62.5,74.71698113207546
2026-03-31 14:46:12,62.5,74.33962264150942
2026-03-31 14:46:27,62.5,73.9622641509434
2026-03-31 14:46:42,62.5,73.58490566037736
2026-03-31 14:46:57,62.5,73.20754716981132
2026-03-31 14:47:12,62.5,72.83018867924528
2026-03-31 14:47:27,62.5,72.45283018867924
2026-03-31 14:47:42,62.5,72.0754716981132
2026-03-31 14:47:57,62.5,71.69811320754717
2026-03-31 14:48:12,62.5,71.32075471698113
2026-03-31 14:48:27,62.5,70.94339622641509
2026-03-31 14:48:42,62.5,70.56603773584905
2026-03-31 14:48:57,62.5,70.63197026022306
2026-03-31 14:49:12,50.0,70.26022304832715
2026-03-31 14:49:27,50.0,69.88847583643123
2026-03-31 14:49:42,50.0,69.51672862453532
2026-03-31 14:49:57,50.0,69.14498141263941
2026-03-31 14:50:12,50.0,68.77323420074349
2026-03-31 14:50:27,50.0,68.40148698884758
2026-03-31 14:50:42,50.0,68.02973977695167
2026-03-31 14:50:57,50.0,67.65799256505576
2026-03-31 14:51:12,50.0,67.28624535315984
2026-03-31 14:51:27,50.0,66.91449814126395
2026-03-31 14:51:42,50.0,66.54275092936803
2026-03-31 14:51:57,50.0,66.17100371747212
2026-03-31 14:52:12,50.0,66.30036630036629
2026-03-31 14:52:27,50.0,65.93406593406593
2026-03-31 14:52:42,50.0,65.56776556776556
2026-03-31 14:52:57,50.0,65.2014652014652
2026-03-31 14:53:12,50.0,64.83516483516483
2026-03-31 14:53:27,50.0,64.46886446886447
2026-03-31 14:53:42,50.0,64.1025641025641
2026-03-31 14:53:57,50.0,63.73626373626373
2026-03-31 14:54:12,37.5,63.369963369963365
2026-03-31 14:54:27,37.5,63.003663003663
2026-03-31 14:54:42,37.5,62.637362637362635
2026-03-31 14:54:57,37.5,62.27106227106227
2026-03-31 14:55:12,37.5,61.904761904761905
2026-03-31 14:55:27,37.5,61.53846153846154
2026-03-31 14:55:42,37.5,61.73285198555957
2026-03-31 14:55:57,37.5,61.371841155234655
2026-03-31 14:56:12,37.5,61.01083032490975
2026-03-31 14:56:27,37.5,60.64981949458483
2026-03-31 14:56:42,37.5,60.28880866425993
2026-03-31 14:56:57,37.5,59.92779783393502
2026-03-31 14:57:12,37.5,59.56678700361011
2026-03-31 14:57:27,37.5,59.205776173285194
2026-03-31 14:57:42,37.5,58.844765342960294
2026-03-31 14:57:57,37.5,58.48375451263538
2026-03-31 14:58:12,37.5,58.12274368231047
2026-03-31 14:58:27,37.5,57.761732851985556
2026-03-31 14:58:42,37.5,57.400722021660656
2026-03-31 14:58:57,37.5,57.65124555160143
2026-03-31 14:59:12,37.5,57.29537366548043
2026-03-31 14:59:27,37.5,56.93950177935944
2026-03-31 14:59:42,37.5,56.58362989323843
2026-03-31 14:59:57,37.5,56.22775800711744
2026-03-31 15:00:12,25.0,55.871886120996436
2026-03-31 15:00:27,25.0,55.51601423487544
2026-03-31 15:00:42,25.0,55.16014234875445
2026-03-31 15:00:57,25.0,54.804270462633454
2026-03-31 15:01:12,25.0,54.44839857651246
2026-03-31 15:01:27,25.0,54.092526690391466
2026-03-31 15:01:42,25.0,53.736654804270465
2026-03-31 15:01:57,25.0,53.380782918149464
2026-03-31 15:02:12,25.0,53.02491103202846
2026-03-31 15:02:27,25.0,53.333333333333336
2026-03-31 15:02:42,25.0,52.98245614035088
2026-03-31 15:02:57,25.0,52.63157894736842
2026-03-31 15:03:12,25.0,52.28070175438596
2026-03-31 15:03:27,25.0,51.92982456140351
2026-03-31 15:03:42,25.0,51.578947368421055
2026-03-31 15:03:57,25.0,51.2280701754386
2026-03-31 15:04:12,25.0,50.877192982456144
2026-03-31 15:04:27,25.0,50.526315789473685
2026-03-31 15:04:42,25.0,50.175438596491226
2026-03-31 15:04:57,25.0,49.824561403508774
2026-03-31 15:05:12,25.0,49.473684210526315
2026-03-31 15:05:27,25.0,49.122807017543856
2026-03-31 15:05:42,25.0,49.48096885813148
2026-03-31 15:05:57,25.0,49.13494809688581
2026-03-31 15:06:12,25.0,48.78892733564014
2026-03-31 15:06:27,25.0,48.44290657439446
2026-03-31 15:06:42,25.0,48.09688581314879
2026-03-31 15:06:57,25.0,47.75086505190311
2026-03-31 15:07:12,25.0,47.40484429065744
2026-03-31 15:07:27,25.0,47.05882352941176
2026-03-31 15:07:42,25.0,46.71280276816609
2026-03-31 15:07:57,25.0,46.36678200692042
2026-03-31 15:08:12,25.0,46.02076124567474
2026-03-31 15:08:27,25.0,45.674740484429066
2026-03-31 15:08:42,25.0,45.32871972318339
2026-03-31 15:08:57,25.0,44.982698961937714
2026-03-31 15:09:12,25.0,45.39249146757679
2026-03-31 15:09:27,25.0,45.051194539249146
2026-03-31 15:09:42,25.0,44.7098976109215
2026-03-31 15:09:57,25.0,44.36860068259386
2026-03-31 15:10:12,25.0,44.027303754266214
2026-03-31 15:10:27,25.0,43.68600682593857
2026-03-31 15:10:42,25.0,43.344709897610926
2026-03-31 15:10:57,25.0,43.003412969283275
2026-03-31 15:11:12,25.0,42.66211604095563
2026-03-31 15:11:27,25.0,42.32081911262799
2026-03-31 15:11:42,25.0,41.979522184300336
2026-03-31 15:11:57,25.0,41.63822525597269
2026-03-31 15:12:12,25.0,41.29692832764505
2026-03-31 15:12:27,25.0,41.75084175084175
2026-03-31 15:12:42,25.0,41.41414141414141
2026-03-31 15:12:57,25.0,41.07744107744108
2026-03-31 15:13:12,25.0,40.74074074074074
2026-03-31 15:13:27,25.0,40.4040404040404
2026-03-31 15:13:42,12.5,40.06734006734007
2026-03-31 15:13:57,12.5,39.73063973063973
2026-03-31 15:14:12,12.5,39.39393939393939
2026-03-31 15:14:27,12.5,39.05723905723906
2026-03-31 15:14:42,12.5,38.72053872053872
2026-03-31 15:14:57,12.5,38.38383838383838
2026-03-31 15:15:12,12.5,38.04713804713805
2026-03-31 15:15:27,12.5,37.71043771043771
2026-03-31 15:15:42,12.5,38.205980066445186
2026-03-31 15:15:57,12.5,37.87375415282392
2026-03-31 15:16:12,12.5,37.54152823920266
2026-03-31 15:16:27,12.5,37.2093023255814
2026-03-31 15:16:42,12.5,36.87707641196013
2026-03-31 15:16:57,12.5,36.544850498338874
2026-03-31 15:17:12,12.5,36.21262458471761
2026-03-31 15:17:27,12.5,35.880398671096344
2026-03-31 15:17:42,12.5,35.548172757475086
2026-03-31 15:17:57,12.5,35.21594684385382
2026-03-31 15:18:12,12.5,34.883720930232556
2026-03-31 15:18:27,12.5,34.55149501661129
2026-03-31 15:18:42,12.5,34.21926910299003
2026-03-31 15:18:57,12.5,33.88704318936877
2026-03-31 15:19:12,12.5,34.42622950819672
2026-03-31 15:19:27,12.5,34.0983606557377
2026-03-31 15:19:42,12.5,33.77049180327869
2026-03-31 15:19:57,12.5,33.442622950819676
2026-03-31 15:20:12,12.5,33.442622950819676
2026-03-31 15:20:27,12.5,33.114754098360656
2026-03-31 15:20:42,12.5,32.78688524590164
2026-03-31 15:20:57,12.5,32.459016393442624
2026-03-31 15:21:12,12.5,32.459016393442624
2026-03-31 15:21:27,12.5,32.459016393442624
2026-03-31 15:21:42,12.5,32.131147540983605
2026-03-31 15:21:57,12.5,32.131147540983605
2026-03-31 15:22:12,12.5,32.459016393442624
2026-03-31 15:22:27,12.5,33.00970873786408
2026-03-31 15:22:42,12.5,33.00970873786408
2026-03-31 15:22:57,12.5,33.00970873786408
2026-03-31 15:23:12,12.5,33.33333333333333
2026-03-31 15:23:27,12.5,33.65695792880259
2026-03-31 15:23:42,12.5,33.980582524271846
2026-03-31 15:23:57,25.0,34.3042071197411
2026-03-31 15:24:12,25.0,34.627831715210355
2026-03-31 15:24:27,25.0,34.627831715210355
2026-03-31 15:24:42,25.0,34.627831715210355
2026-03-31 15:24:57,25.0,34.627831715210355
2026-03-31 15:25:12,25.0,34.95145631067961
2026-03-31 15:25:27,25.0,35.275080906148865
2026-03-31 15:25:42,25.0,35.59870550161812
2026-03-31 15:25:57,25.0,35.46325878594249
2026-03-31 15:26:12,25.0,35.78274760383386
2026-03-31 15:26:27,25.0,36.102236421725244
2026-03-31 15:26:42,25.0,36.42172523961661
2026-03-31 15:26:57,25.0,36.74121405750799
2026-03-31 15:27:12,25.0,37.06070287539936
2026-03-31 15:27:27,25.0,37.38019169329074
2026-03-31 15:27:42,25.0,37.69968051118211
2026-03-31 15:27:57,25.0,38.019169329073485
2026-03-31 15:28:12,25.0,38.019169329073485
2026-03-31 15:28:27,25.0,38.019169329073485
2026-03-31 15:28:42,25.0,38.33865814696485
2026-03-31 15:28:57,25.0,38.65814696485623
2026-03-31 15:29:12,25.0,38.801261829652994
2026-03-31 15:29:27,25.0,38.801261829652994
2026-03-31 15:29:42,25.0,39.11671924290221
2026-03-31 15:29:57,25.0,39.43217665615142
2026-03-31 15:30:12,25.0,39.74763406940063
2026-03-31 15:30:27,25.0,40.063091482649845
2026-03-31 15:30:42,25.0,40.063091482649845
2026-03-31 15:30:57,25.0,40.063091482649845
2026-03-31 15:31:12,37.5,40.063091482649845
2026-03-31 15:31:27,37.5,40.063091482649845
2026-03-31 15:31:42,37.5,40.063091482649845
2026-03-31 15:31:57,37.5,40.063091482649845
2026-03-31 15:32:12,37.5,40.063091482649845
2026-03-31 15:32:27,37.5,40.809968847352025
2026-03-31 15:32:42,37.5,40.809968847352025
2026-03-31 15:32:57,37.5,40.809968847352025
2026-03-31 15:33:12,37.5,40.809968847352025
2026-03-31 15:33:27,37.5,40.809968847352025
2026-03-31 15:33:42,37.5,40.809968847352025
2026-03-31 15:33:57,37.5,40.809968847352025
2026-03-31 15:34:12,37.5,40.809968847352025
2026-03-31 15:34:27,37.5,40.809968847352025
2026-03-31 15:34:42,37.5,40.809968847352025
2026-03-31 15:34:57,37.5,40.809968847352025
2026-03-31 15:35:12,37.5,41.1214953271028
2026-03-31 15:35:27,50.0,41.1214953271028
2026-03-31 15:35:42,50.0,41.43302180685358
2026-03-31 15:35:57,50.0,41.53846153846154
2026-03-31 15:36:12,50.0,41.84615384615385
2026-03-31 15:36:27,50.0,41.84615384615385
2026-03-31 15:36:42,50.0,42.15384615384615
2026-03-31 15:36:57,50.0,42.46153846153846
2026-03-31 15:37:12,50.0,42.46153846153846
2026-03-31 15:37:27,50.0,42.46153846153846
2026-03-31 15:37:42,50.0,42.46153846153846
2026-03-31 15:37:57,50.0,42.769230769230774
2026-03-31 15:38:12,50.0,43.07692307692308
2026-03-31 15:38:27,50.0,43.07692307692308
2026-03-31 15:38:42,50.0,43.07692307692308
2026-03-31 15:38:57,50.0,43.07692307692308
2026-03-31 15:39:12,50.0,43.76899696048632
2026-03-31 15:39:27,50.0,43.76899696048632
2026-03-31 15:39:42,50.0,43.76899696048632
2026-03-31 15:39:57,50.0,43.76899696048632
2026-03-31 15:40:12,50.0,43.76899696048632
2026-03-31 15:40:27,50.0,43.76899696048632
2026-03-31 15:40:42,50.0,44.07294832826747
2026-03-31 15:40:57,50.0,44.07294832826747
2026-03-31 15:41:12,50.0,44.07294832826747
2026-03-31 15:41:27,62.5,44.07294832826747
2026-03-31 15:41:42,62.5,44.07294832826747
2026-03-31 15:41:57,62.5,44.07294832826747
2026-03-31 15:42:12,62.5,44.07294832826747
2026-03-31 15:42:27,62.5,44.07294832826747
2026-03-31 15:42:42,62.5,44.74474474474475
2026-03-31 15:42:57,62.5,44.74474474474475
2026-03-31 15:43:12,62.5,44.74474474474475
2026-03-31 15:43:27,62.5,44.74474474474475
2026-03-31 15:43:42,62.5,44.74474474474475
2026-03-31 15:43:57,62.5,44.74474474474475
2026-03-31 15:44:12,62.5,44.74474474474475
2026-03-31 15:44:27,62.5,44.74474474474475
2026-03-31 15:44:42,62.5,44.74474474474475
2026-03-31 15:44:57,62.5,44.74474474474475
2026-03-31 15:45:12,62.5,44.74474474474475
2026-03-31 15:45:27,62.5,44.74474474474475
2026-03-31 15:45:42,62.5,44.74474474474475
2026-03-31 15:45:57,62.5,45.40059347181009
2026-03-31 15:46:12,62.5,45.40059347181009
2026-03-31 15:46:27,62.5,45.40059347181009
2026-03-31 15:46:42,62.5,45.40059347181009
2026-03-31 15:46:57,62.5,45.40059347181009
2026-03-31 15:47:12,62.5,45.40059347181009
2026-03-31 15:47:27,62.5,45.40059347181009
2026-03-31 15:47:42,75.0,45.40059347181009
2026-03-31 15:47:57,75.0,45.40059347181009
2026-03-31 15:48:12,75.0,45.40059347181009
2026-03-31 15:48:27,75.0,45.40059347181009
2026-03-31 15:48:42,75.0,45.40059347181009
2026-03-31 15:48:57,75.0,45.40059347181009
2026-03-31 15:49:12,75.0,46.04105571847507
2026-03-31 15:49:27,75.0,46.04105571847507
2026-03-31 15:49:42,75.0,46.04105571847507
2026-03-31 15:49:57,75.0,46.04105571847507
2026-03-31 15:50:12,75.0,46.04105571847507
2026-03-31 15:50:27,75.0,46.04105571847507
2026-03-31 15:50:42,75.0,46.04105571847507
2026-03-31 15:50:57,75.0,46.04105571847507
2026-03-31 15:51:12,75.0,46.04105571847507
2026-03-31 15:51:27,75.0,46.04105571847507
2026-03-31 15:51:42,75.0,46.04105571847507
2026-03-31 15:51:57,75.0,46.04105571847507
2026-03-31 15:52:12,75.0,46.04105571847507
2026-03-31 15:52:27,75.0,46.04105571847507
2026-03-31 15:52:42,75.0,46.666666666666664
2026-03-31 15:52:57,75.0,46.666666666666664
2026-03-31 15:53:12,75.0,46.666666666666664
2026-03-31 15:53:27,75.0,46.666666666666664
2026-03-31 15:53:42,75.0,46.666666666666664
2026-03-31 15:53:57,75.0,46.666666666666664
2026-03-31 15:54:12,75.0,46.666666666666664
2026-03-31 15:54:27,75.0,46.666666666666664
2026-03-31 15:54:42,75.0,46.666666666666664
2026-03-31 15:54:57,75.0,46.666666666666664
2026-03-31 15:55:12,75.0,46.666666666666664
2026-03-31 15:55:27,75.0,46.666666666666664
2026-03-31 15:55:42,75.0,46.666666666666664
2026-03-31 15:55:57,75.0,47.277936962750715
2026-03-31 15:56:12,75.0,47.277936962750715
2026-03-31 15:56:27,75.0,47.277936962750715
2026-03-31 15:56:42,75.0,47.277936962750715
2026-03-31 15:56:57,75.0,47.277936962750715
2026-03-31 15:57:12,75.0,47.277936962750715
2026-03-31 15:57:27,75.0,47.277936962750715
2026-03-31 15:57:42,75.0,47.277936962750715
2026-03-31 15:57:57,75.0,47.277936962750715
2026-03-31 15:58:12,75.0,47.277936962750715
2026-03-31 15:58:27,75.0,47.277936962750715
2026-03-31 15:58:42,75.0,47.277936962750715
2026-03-31 15:58:57,75.0,47.277936962750715
2026-03-31 15:59:12,75.0,47.277936962750715
2026-03-31 15:59:27,75.0,47.875354107648725
2026-03-31 15:59:42,75.0,47.875354107648725
2026-03-31 15:59:57,75.0,47.875354107648725
2026-03-31 16:00:12,75.0,47.875354107648725
2026-03-31 16:00:27,75.0,47.875354107648725
2026-03-31 16:00:42,75.0,47.875354107648725
2026-03-31 16:00:57,75.0,47.277936962750715
2026-03-31 16:01:12,75.0,47.277936962750715
2026-03-31 16:01:27,75.0,47.277936962750715
2026-03-31 16:01:42,87.5,47.277936962750715
2026-03-31 16:01:57,87.5,47.277936962750715
2026-03-31 16:02:12,87.5,47.56446991404012
2026-03-31 16:02:27,87.5,47.56446991404012
2026-03-31 16:02:42,87.5,47.85100286532951
2026-03-31 16:02:57,87.5,48.13753581661891
2026-03-31 16:03:12,87.5,48.42406876790831
2026-03-31 16:03:27,87.5,48.71060171919771
2026-03-31 16:03:42,87.5,48.99713467048711
2026-03-31 16:03:57,87.5,49.28366762177651
2026-03-31 16:04:12,87.5,50.14492753623189
2026-03-31 16:04:27,87.5,50.43478260869565
2026-03-31 16:04:42,87.5,50.72463768115942
2026-03-31 16:04:57,87.5,51.01449275362319
2026-03-31 16:05:12,87.5,51.30434782608696
2026-03-31 16:05:27,87.5,51.59420289855072
2026-03-31 16:05:42,87.5,51.8840579710145
2026-03-31 16:05:57,87.5,52.17391304347826
2026-03-31 16:06:12,87.5,52.46376811594203
2026-03-31 16:06:27,87.5,52.7536231884058
2026-03-31 16:06:42,87.5,53.04347826086957
2026-03-31 16:06:57,87.5,53.333333333333336
2026-03-31 16:07:12,87.5,53.62318840579711
2026-03-31 16:07:27,87.5,54.54545454545454
2026-03-31 16:07:42,87.5,54.83870967741935
2026-03-31 16:07:57,87.5,55.13196480938416
2026-03-31 16:08:12,87.5,55.42521994134897
2026-03-31 16:08:27,87.5,55.718475073313776
2026-03-31 16:08:42,87.5,56.01173020527859
2026-03-31 16:08:57,87.5,56.30498533724341
2026-03-31 16:09:12,87.5,56.598240469208214
2026-03-31 16:09:27,87.5,56.89149560117303
2026-03-31 16:09:42,87.5,57.18475073313783
2026-03-31 16:09:57,87.5,57.478005865102645
2026-03-31 16:10:12,87.5,57.77126099706745
2026-03-31 16:10:27,87.5,58.753709198813056
2026-03-31 16:10:42,87.5,59.05044510385756
2026-03-31 16:10:57,87.5,59.34718100890207
2026-03-31 16:11:12,87.5,59.64391691394659
2026-03-31 16:11:27,87.5,59.940652818991104
2026-03-31 16:11:42,87.5,60.23738872403561
2026-03-31 16:11:57,87.5,60.534124629080125
2026-03-31 16:12:12,87.5,60.83086053412463
2026-03-31 16:12:27,87.5,61.12759643916914
2026-03-31 16:12:42,87.5,61.42433234421365
2026-03-31 16:12:57,87.5,61.72106824925816
2026-03-31 16:13:12,87.5,62.01780415430267
2026-03-31 16:13:27,87.5,62.31454005934718
2026-03-31 16:13:42,87.5,63.36336336336337
2026-03-31 16:13:57,87.5,63.66366366366366
2026-03-31 16:14:12,87.5,63.96396396396396
2026-03-31 16:14:27,87.5,64.26426426426426
2026-03-31 16:14:42,87.5,64.56456456456456
2026-03-31 16:14:57,87.5,64.86486486486487
2026-03-31 16:15:12,87.5,65.16516516516516
2026-03-31 16:15:27,87.5,65.46546546546547
2026-03-31 16:15:42,87.5,65.76576576576578
2026-03-31 16:15:57,87.5,66.06606606606607
2026-03-31 16:16:12,87.5,66.36636636636636
2026-03-31 16:16:27,87.5,66.66666666666666
2026-03-31 16:16:42,87.5,66.96696696696696
2026-03-31 16:16:57,87.5,68.08510638297872
2026-03-31 16:17:12,87.5,68.38905775075987
2026-03-31 16:17:27,87.5,68.69300911854104
2026-03-31 16:17:42,87.5,68.9969604863222
2026-03-31 16:17:57,87.5,69.30091185410335
2026-03-31 16:18:12,87.5,69.6048632218845
2026-03-31 16:18:27,87.5,69.90881458966565
2026-03-31 16:18:42,87.5,70.2127659574468
2026-03-31 16:18:57,87.5,70.51671732522796
2026-03-31 16:19:12,87.5,70.82066869300911
2026-03-31 16:19:27,87.5,71.12462006079028
2026-03-31 16:19:42,87.5,71.42857142857143
2026-03-31 16:19:57,87.5,71.73252279635258
2026-03-31 16:20:12,87.5,72.92307692307692
2026-03-31 16:20:27,87.5,73.23076923076923
2026-03-31 16:20:42,87.5,73.53846153846155
2026-03-31 16:20:57,87.5,73.84615384615385
2026-03-31 16:21:12,87.5,74.15384615384616
2026-03-31 16:21:27,87.5,74.46153846153845
2026-03-31 16:21:42,87.5,74.76923076923076
2026-03-31 16:21:57,87.5,75.07692307692308
2026-03-31 16:22:12,87.5,75.38461538461539
2026-03-31 16:22:27,87.5,75.6923076923077
2026-03-31 16:22:42,87.5,76.0
2026-03-31 16:22:57,87.5,76.3076923076923
2026-03-31 16:23:12,87.5,76.61538461538461
2026-03-31 16:23:27,87.5,77.88161993769471
2026-03-31 16:23:42,87.5,78.19314641744548
2026-03-31 16:23:57,87.5,78.50467289719626
2026-03-31 16:24:12,87.5,78.81619937694704
2026-03-31 16:24:27,87.5,79.12772585669782
2026-03-31 16:24:42,87.5,79.43925233644859
2026-03-31 16:24:57,87.5,79.75077881619937
2026-03-31 16:25:12,87.5,80.06230529595015
2026-03-31 16:25:27,87.5,80.37383177570094
2026-03-31 16:25:42,87.5,80.68535825545172
2026-03-31 16:25:57,87.5,80.99688473520249
2026-03-31 16:26:12,87.5,81.30841121495327
2026-03-31 16:26:27,87.5,81.61993769470405
2026-03-31 16:26:42,87.5,82.96529968454259
2026-03-31 16:26:57,87.5,83.2807570977918
2026-03-31 16:27:12,87.5,83.59621451104101
2026-03-31 16:27:27,87.5,83.91167192429022
2026-03-31 16:27:42,87.5,84.22712933753942
2026-03-31 16:27:57,87.5,84.54258675078864
2026-03-31 16:28:12,87.5,84.85804416403786
2026-03-31 16:28:27,87.5,85.17350157728707
2026-03-31 16:28:42,87.5,85.48895899053628
2026-03-31 16:28:57,87.5,85.8044164037855
2026-03-31 16:29:12,87.5,86.1198738170347
2026-03-31 16:29:27,87.5,86.43533123028391
2026-03-31 16:29:42,87.5,86.75078864353313
2026-03-31 16:29:57,87.5,88.17891373801918
2026-03-31 16:30:12,87.5,88.49840255591054
2026-03-31 16:30:27,87.5,88.81789137380191
2026-03-31 16:30:42,87.5,89.1373801916933
2026-03-31 16:30:57,87.5,89.45686900958466
2026-03-31 16:31:12,87.5,89.77635782747603
2026-03-31 16:31:27,87.5,90.09584664536742
2026-03-31 16:31:42,87.5,90.41533546325878
2026-03-31 16:31:57,87.5,90.73482428115017
2026-03-31 16:32:12,87.5,91.05431309904152
2026-03-31 16:32:27,87.5,91.3738019169329
2026-03-31 16:32:42,87.5,91.69329073482429
2026-03-31 16:32:57,87.5,92.01277955271566
2026-03-31 16:33:12,87.5,93.52750809061489
2026-03-31 16:33:27,87.5,93.85113268608414
2026-03-31 16:33:42,87.5,94.1747572815534
2026-03-31 16:33:57,87.5,94.49838187702265
2026-03-31 16:34:12,87.5,94.8220064724919
2026-03-31 16:34:27,87.5,95.14563106796116
2026-03-31 16:34:42,87.5,95.46925566343042
2026-03-31 16:34:57,87.5,95.79288025889967
2026-03-31 16:35:12,87.5,96.11650485436894
2026-03-31 16:35:27,87.5,96.44012944983818
2026-03-31 16:35:42,87.5,96.76375404530745
2026-03-31 16:35:57,87.5,97.0873786407767
2026-03-31 16:36:12,87.5,97.41100323624595
2026-03-31 16:36:27,87.5,98.68852459016394
2026-03-31 16:36:42,87.5,99.01639344262296
2026-03-31 16:36:57,87.5,99.34426229508196
2026-03-31 16:37:12,87.5,99.672131147541
2026-03-31 16:37:27,87.5,99.672131147541
2026-03-31 16:37:42,87.5,99.672131147541
2026-03-31 16:37:57,87.5,100.0
2026-03-31 16:38:12,87.5,100.0
2026-03-31 16:38:27,87.5,100.0
2026-03-31 16:38:42,87.5,100.0
2026-03-31 16:38:57,87.5,100.0
2026-03-31 16:39:12,87.5,100.0
2026-03-31 16:39:27,87.5,100.0
2026-03-31 16:39:42,87.5,100.0
2026-03-31 16:39:57,87.5,100.0
2026-03-31 16:40:12,87.5,100.0
2026-03-31 16:40:27,87.5,100.0
2026-03-31 16:40:42,87.5,100.0
2026-03-31 16:40:57,87.5,100.0
2026-03-31 16:41:12,87.5,100.0
2026-03-31 16:41:27,87.5,100.0
2026-03-31 16:41:42,87.5,100.0
2026-03-31 16:41:57,87.5,100.0
2026-03-31 16:42:12,87.5,100.0
2026-03-31 16:42:27,87.5,100.0
2026-03-31 16:42:42,87.5,100.0
2026-03-31 16:42:57,87.5,100.0
2026-03-31 16:43:12,87.5,100.0
2026-03-31 16:43:27,87.5,100.0
2026-03-31 16:43:42,87.5,100.0
2026-03-31 16:43:57,87.5,100.0
2026-03-31 16:44:12,100.0,100.0
2026-03-31 16:44:27,100.0,100.0
2026-03-31 16:44:42,87.5,100.0
2026-03-31 16:44:57,87.5,100.0
2026-03-31 16:45:12,87.5,100.0
2026-03-31 16:45:27,87.5,100.0
2026-03-31 16:45:42,87.5,100.0
2026-03-31 16:45:57,87.5,100.0
2026-03-31 16:46:12,87.5,100.0
2026-03-31 16:46:27,87.5,100.0
2026-03-31 16:46:42,87.5,100.0
2026-03-31 16:46:57,87.5,100.0
2026-03-31 16:47:12,100.0,100.0
2026-03-31 16:47:27,100.0,100.0
2026-03-31 16:47:42,100.0,100.0
2026-03-31 16:47:57,100.0,100.0
2026-03-31 16:48:12,100.0,100.0
2026-03-31 16:48:27,100.0,100.0
2026-03-31 16:48:42,100.0,100.0
2026-03-31 16:48:57,100.0,100.0
2026-03-31 16:49:12,100.0,100.0
2026-03-31 16:49:27,100.0,100.0
2026-03-31 16:49:42,100.0,100.0
2026-03-31 16:49:57,100.0,100.0
2026-03-31 16:50:12,100.0,100.0
2026-03-31 16:50:27,100.0,100.0
2026-03-31 16:50:42,100.0,100.0
2026-03-31 16:50:57,100.0,100.0
2026-03-31 16:51:12,100.0,100.0
2026-03-31 16:51:27,100.0,100.0
2026-03-31 16:51:42,100.0,100.0
2026-03-31 16:51:57,100.0,100.0
2026-03-31 16:52:12,100.0,100.0
2026-03-31 16:52:27,100.0,100.0
2026-03-31 16:52:42,100.0,100.0
2026-03-31 16:52:57,100.0,100.0
2026-03-31 16:53:12,100.0,100.0
2026-03-31 16:53:27,100.0,100.0
2026-03-31 16:53:42,100.0,100.0
2026-03-31 16:53:57,100.0,100.0
2026-03-31 16:54:12,100.0,100.0
2026-03-31 16:54:27,100.0,100.0
2026-03-31 16:54:42,100.0,100.0
2026-03-31 16:54:57,100.0,100.0
2026-03-31 16:55:12,100.0,100.0
2026-03-31 16:55:27,100.0,100.0
2026-03-31 16:55:42,100.0,100.0
2026-03-31 16:55:57,100.0,100.0
2026-03-31 16:56:12,100.0,100.0
2026-03-31 16:56:27,100.0,100.0
2026-03-31 16:56:42,100.0,100.0
2026-03-31 16:56:57,100.0,100.0
2026-03-31 16:57:12,100.0,100.0
2026-03-31 16:57:27,100.0,100.0
2026-03-31 16:57:42,100.0,100.0
2026-03-31 16:57:57,100.0,100.0
2026-03-31 16:58:12,100.0,100.0
2026-03-31 16:58:27,100.0,100.0
2026-03-31 16:58:42,100.0,100.0
2026-03-31 16:58:57,100.0,100.0
2026-03-31 16:59:12,100.0,100.0
2026-03-31 16:59:27,100.0,100.0
2026-03-31 16:59:42,100.0,100.0
2026-03-31 16:59:57,100.0,100.0
2026-03-31 17:00:12,100.0,100.0
2026-03-31 17:00:27,100.0,100.0
2026-03-31 17:00:42,100.0,100.0
2026-03-31 17:00:57,100.0,100.0
2026-03-31 17:01:12,100.0,100.0
2026-03-31 17:01:27,100.0,100.0
2026-03-31 17:01:42,100.0,100.0
2026-03-31 17:01:57,100.0,100.0
2026-03-31 17:02:12,100.0,100.0
2026-03-31 17:02:27,100.0,100.0
2026-03-31 17:02:42,100.0,100.0
2026-03-31 17:02:57,87.5,100.0
2026-03-31 17:03:12,87.5,100.0
2026-03-31 17:03:27,87.5,100.0
2026-03-31 17:03:42,87.5,100.0
2026-03-31 17:03:57,100.0,100.0
2026-03-31 17:04:12,100.0,100.0
2026-03-31 17:04:27,100.0,100.0
2026-03-31 17:04:42,100.0,100.0
2026-03-31 17:04:57,100.0,100.0
2026-03-31 17:05:12,100.0,100.0
2026-03-31 17:05:27,100.0,100.0
2026-03-31 17:05:42,100.0,100.0
2026-03-31 17:05:57,100.0,100.0
2026-03-31 17:06:12,100.0,100.0
2026-03-31 17:06:27,100.0,100.0
2026-03-31 17:06:42,100.0,100.0
2026-03-31 17:06:57,100.0,100.0
2026-03-31 17:07:12,100.0,100.0
2026-03-31 17:07:27,100.0,100.0
2026-03-31 17:07:42,100.0,100.0
2026-03-31 17:07:57,100.0,100.0
2026-03-31 17:08:12,100.0,100.0
2026-03-31 17:08:27,100.0,100.0
2026-03-31 17:08:42,100.0,100.0
2026-03-31 17:08:57,100.0,100.0
2026-03-31 17:09:12,100.0,100.0
2026-03-31 17:09:27,100.0,100.0
2026-03-31 17:09:42,100.0,100.0
2026-03-31 17:09:57,100.0,100.0
2026-03-31 17:10:12,100.0,100.0
2026-03-31 17:10:27,100.0,100.0
2026-03-31 17:10:42,100.0,100.0
2026-03-31 17:10:57,100.0,100.0
2026-03-31 17:11:12,100.0,100.0
2026-03-31 17:11:27,100.0,100.0
2026-03-31 17:11:42,100.0,100.0
2026-03-31 17:11:57,100.0,100.0
2026-03-31 17:12:12,100.0,100.0
2026-03-31 17:12:27,100.0,100.0
2026-03-31 17:12:42,100.0,100.0
2026-03-31 17:12:57,100.0,100.0
2026-03-31 17:13:12,100.0,100.0
2026-03-31 17:13:27,100.0,100.0
2026-03-31 17:13:42,100.0,100.0
2026-03-31 17:13:57,100.0,100.0
2026-03-31 17:14:12,100.0,100.0
2026-03-31 17:14:27,100.0,100.0
2026-03-31 17:14:42,100.0,100.0
2026-03-31 17:14:57,100.0,100.0
2026-03-31 17:15:12,100.0,100.0
2026-03-31 17:15:27,100.0,100.0
2026-03-31 17:15:42,100.0,100.0
2026-03-31 17:15:57,100.0,100.0
2026-03-31 17:16:12,100.0,100.0
2026-03-31 17:16:27,100.0,100.0
2026-03-31 17:16:42,100.0,100.0
2026-03-31 17:16:57,100.0,100.0
2026-03-31 17:17:12,100.0,100.0
2026-03-31 17:17:27,100.0,100.0
2026-03-31 17:17:42,100.0,100.0
2026-03-31 17:17:57,100.0,100.0
2026-03-31 17:18:12,100.0,100.0
2026-03-31 17:18:27,100.0,100.0
2026-03-31 17:18:42,100.0,100.0
2026-03-31 17:18:57,100.0,100.0
2026-03-31 17:19:12,100.0,100.0
2026-03-31 17:19:27,100.0,100.0
2026-03-31 17:19:42,100.0,100.0
2026-03-31 17:19:57,100.0,100.0
2026-03-31 17:20:12,100.0,100.0
2026-03-31 17:20:27,100.0,100.0
2026-03-31 17:20:42,100.0,100.0
2026-03-31 17:20:57,100.0,100.0
2026-03-31 17:21:12,100.0,100.0
2026-03-31 17:21:27,100.0,100.0
2026-03-31 17:21:42,100.0,100.0
2026-03-31 17:21:57,100.0,100.0
2026-03-31 17:22:12,100.0,100.0
2026-03-31 17:22:27,100.0,100.0
2026-03-31 17:22:42,100.0,100.0
2026-03-31 17:22:57,100.0,100.0
2026-03-31 17:23:12,100.0,100.0
2026-03-31 17:23:27,100.0,100.0
2026-03-31 17:23:42,100.0,100.0
2026-03-31 17:23:57,100.0,100.0
2026-03-31 17:24:12,100.0,100.0
2026-03-31 17:24:27,100.0,100.0
2026-03-31 17:24:42,100.0,100.0
2026-03-31 17:24:57,100.0,100.0
2026-03-31 17:25:12,100.0,100.0
2026-03-31 17:25:27,100.0,100.0
2026-03-31 17:25:42,100.0,100.0
2026-03-31 17:25:57,100.0,100.0
2026-03-31 17:26:12,100.0,100.0
2026-03-31 17:26:27,100.0,100.0
2026-03-31 17:26:42,100.0,100.0
2026-03-31 17:26:57,100.0,100.0
2026-03-31 17:27:12,100.0,100.0
2026-03-31 17:27:27,100.0,100.0
2026-03-31 17:27:42,100.0,100.0
2026-03-31 17:27:57,100.0,100.0
2026-03-31 17:28:12,100.0,100.0
2026-03-31 17:28:27,100.0,100.0
2026-03-31 17:28:42,100.0,100.0
2026-03-31 17:28:57,100.0,100.0
2026-03-31 17:29:12,100.0,100.0
2026-03-31 17:29:27,100.0,100.0
2026-03-31 17:29:42,100.0,100.0
2026-03-31 17:29:57,100.0,100.0
2026-03-31 17:30:12,100.0,100.0
2026-03-31 17:30:27,100.0,100.0
2026-03-31 17:30:42,100.0,100.0
2026-03-31 17:30:57,100.0,100.0
2026-03-31 17:31:12,100.0,100.0
2026-03-31 17:31:27,100.0,100.0
2026-03-31 17:31:42,100.0,100.0
2026-03-31 17:31:57,100.0,100.0
2026-03-31 17:32:12,100.0,100.0
2026-03-31 17:32:27,100.0,100.0
2026-03-31 17:32:42,100.0,100.0
2026-03-31 17:32:57,100.0,100.0
2026-03-31 17:33:12,100.0,100.0
2026-03-31 17:33:27,100.0,100.0
2026-03-31 17:33:42,100.0,100.0
2026-03-31 17:33:57,100.0,100.0
2026-03-31 17:34:12,100.0,100.0
2026-03-31 17:34:27,100.0,100.0
2026-03-31 17:34:42,100.0,100.0
2026-03-31 17:34:57,100.0,100.0
2026-03-31 17:35:12,100.0,100.0
2026-03-31 17:35:27,100.0,100.0
2026-03-31 17:35:42,100.0,100.0
2026-03-31 17:35:57,100.0,100.0
2026-03-31 17:36:12,100.0,100.0
2026-03-31 17:36:27,100.0,100.0
2026-03-31 17:36:42,100.0,100.0
2026-03-31 17:36:57,100.0,100.0
2026-03-31 17:37:12,100.0,100.0
2026-03-31 17:37:27,100.0,100.0
2026-03-31 17:37:42,100.0,100.0
2026-03-31 17:37:57,100.0,100.0
2026-03-31 17:38:12,100.0,100.0
2026-03-31 17:38:27,100.0,100.0
2026-03-31 17:38:42,100.0,100.0
2026-03-31 17:38:57,100.0,100.0
2026-03-31 17:39:12,100.0,100.0
2026-03-31 17:39:27,100.0,100.0
2026-03-31 17:39:42,100.0,100.0
2026-03-31 17:39:57,100.0,100.0
2026-03-31 17:40:12,100.0,100.0
2026-03-31 17:40:27,100.0,100.0
2026-03-31 17:40:42,100.0,100.0
2026-03-31 17:40:57,100.0,100.0
2026-03-31 17:41:12,100.0,100.0
2026-03-31 17:41:27,100.0,100.0
2026-03-31 17:41:42,100.0,100.0
2026-03-31 17:41:57,100.0,100.0
2026-03-31 17:42:12,100.0,100.0
2026-03-31 17:42:27,100.0,100.0
2026-03-31 17:42:42,100.0,100.0
2026-03-31 17:42:57,100.0,100.0
2026-03-31 17:43:12,100.0,100.0
2026-03-31 17:43:27,100.0,100.0
2026-03-31 17:43:42,100.0,100.0
2026-03-31 17:43:57,100.0,100.0
2026-03-31 17:44:12,100.0,100.0
2026-03-31 17:44:27,100.0,100.0
2026-03-31 17:44:42,100.0,100.0
2026-03-31 17:44:57,100.0,100.0
2026-03-31 17:45:12,100.0,100.0
2026-03-31 17:45:27,100.0,100.0
2026-03-31 17:45:42,100.0,100.0
2026-03-31 17:45:57,100.0,100.0
2026-03-31 17:46:12,100.0,100.0
2026-03-31 17:46:27,100.0,100.0
2026-03-31 17:46:42,100.0,100.0
2026-03-31 17:46:57,100.0,100.0
2026-03-31 17:47:12,100.0,100.0
2026-03-31 17:47:27,100.0,100.0
2026-03-31 17:47:42,100.0,100.0
2026-03-31 17:47:57,100.0,100.0
2026-03-31 17:48:12,100.0,100.0
2026-03-31 17:48:27,100.0,100.0
2026-03-31 17:48:42,100.0,100.0
2026-03-31 17:48:57,100.0,100.0
2026-03-31 17:49:12,100.0,100.0
2026-03-31 17:49:27,100.0,100.0
2026-03-31 17:49:42,100.0,100.0
2026-03-31 17:49:57,100.0,100.0
2026-03-31 17:50:12,100.0,100.0
2026-03-31 17:50:27,100.0,100.0
2026-03-31 17:50:42,100.0,100.0
2026-03-31 17:50:57,100.0,100.0
2026-03-31 17:51:12,100.0,100.0
2026-03-31 17:51:27,100.0,100.0
2026-03-31 17:51:42,100.0,100.0
2026-03-31 17:51:57,100.0,100.0
2026-03-31 17:52:12,100.0,100.0
2026-03-31 17:52:27,100.0,100.0
2026-03-31 17:52:42,100.0,100.0
2026-03-31 17:52:57,100.0,100.0
2026-03-31 17:53:12,100.0,100.0
2026-03-31 17:53:27,100.0,100.0
2026-03-31 17:53:42,100.0,100.0
2026-03-31 17:53:57,100.0,100.0
2026-03-31 17:54:12,100.0,100.0
2026-03-31 17:54:27,100.0,100.0
2026-03-31 17:54:42,100.0,100.0
2026-03-31 17:54:57,100.0,100.0
2026-03-31 17:55:12,100.0,100.0
2026-03-31 17:55:27,100.0,100.0
2026-03-31 17:55:42,100.0,100.0
2026-03-31 17:55:57,100.0,100.0
2026-03-31 17:56:12,100.0,100.0
2026-03-31 17:56:27,100.0,100.0
2026-03-31 17:56:42,100.0,100.0
2026-03-31 17:56:57,100.0,100.0
2026-03-31 17:57:12,100.0,100.0
2026-03-31 17:57:27,100.0,100.0
2026-03-31 17:57:42,100.0,100.0
2026-03-31 17:57:57,100.0,100.0
2026-03-31 17:58:12,100.0,100.0
2026-03-31 17:58:27,100.0,100.0
2026-03-31 17:58:42,100.0,100.0
2026-03-31 17:58:57,100.0,100.0
2026-03-31 17:59:12,100.0,100.0
2026-03-31 17:59:27,100.0,100.0
2026-03-31 17:59:42,100.0,100.0
2026-03-31 17:59:57,100.0,100.0
2026-03-31 18:00:12,100.0,100.0
2026-03-31 18:00:27,100.0,100.0
2026-03-31 18:00:42,100.0,100.0
2026-03-31 18:00:57,100.0,100.0
2026-03-31 18:01:12,100.0,100.0
2026-03-31 18:01:27,100.0,100.0
2026-03-31 18:01:42,100.0,100.0
2026-03-31 18:01:57,100.0,100.0
2026-03-31 18:02:12,100.0,100.0
2026-03-31 18:02:27,100.0,100.0
2026-03-31 18:02:42,100.0,100.0
2026-03-31 18:02:57,100.0,100.0
2026-03-31 18:03:12,100.0,100.0
2026-03-31 18:03:27,100.0,100.0
2026-03-31 18:03:42,100.0,100.0
2026-03-31 18:03:57,100.0,100.0
2026-03-31 18:04:12,100.0,100.0
2026-03-31 18:04:27,100.0,100.0
2026-03-31 18:04:42,100.0,100.0
2026-03-31 18:04:57,100.0,100.0
2026-03-31 18:05:12,100.0,100.0
2026-03-31 18:05:27,100.0,100.0
2026-03-31 18:05:42,100.0,100.0
2026-03-31 18:05:57,100.0,100.0
2026-03-31 18:06:12,100.0,100.0
2026-03-31 18:06:27,100.0,100.0
2026-03-31 18:06:42,100.0,100.0
2026-03-31 18:06:57,100.0,100.0
2026-03-31 18:07:12,100.0,100.0
2026-03-31 18:07:27,100.0,100.0
2026-03-31 18:07:42,100.0,100.0
2026-03-31 18:07:57,100.0,100.0
2026-03-31 18:08:12,100.0,100.0
2026-03-31 18:08:27,100.0,100.0
2026-03-31 18:08:42,100.0,100.0
2026-03-31 18:08:57,100.0,100.0
2026-03-31 18:09:12,100.0,100.0
2026-03-31 18:09:27,100.0,100.0
2026-03-31 18:09:42,100.0,100.0
2026-03-31 18:09:57,100.0,100.0
2026-03-31 18:10:12,100.0,100.0
2026-03-31 18:10:27,100.0,100.0
2026-03-31 18:10:42,100.0,100.0
2026-03-31 18:10:57,100.0,100.0
2026-03-31 18:11:12,100.0,100.0
2026-03-31 18:11:27,100.0,100.0
2026-03-31 18:11:42,100.0,100.0
2026-03-31 18:11:57,100.0,100.0
2026-03-31 18:12:12,100.0,100.0
2026-03-31 18:12:27,100.0,100.0
2026-03-31 18:12:42,100.0,100.0
2026-03-31 18:12:57,100.0,100.0
2026-03-31 18:13:12,100.0,100.0
2026-03-31 18:13:27,100.0,100.0
2026-03-31 18:13:42,100.0,100.0
2026-03-31 18:13:57,100.0,100.0
2026-03-31 18:14:12,100.0,100.0
2026-03-31 18:14:27,100.0,100.0
2026-03-31 18:14:42,100.0,100.0
2026-03-31 18:14:57,100.0,100.0
2026-03-31 18:15:12,100.0,100.0
2026-03-31 18:15:27,100.0,100.0
2026-03-31 18:15:42,100.0,100.0
2026-03-31 18:15:57,100.0,100.0
2026-03-31 18:16:12,100.0,100.0
2026-03-31 18:16:27,100.0,100.0
2026-03-31 18:16:42,100.0,100.0
2026-03-31 18:16:57,100.0,100.0
2026-03-31 18:17:12,100.0,100.0
2026-03-31 18:17:27,100.0,100.0
2026-03-31 18:17:42,100.0,100.0
2026-03-31 18:17:57,100.0,100.0
2026-03-31 18:18:12,100.0,100.0
2026-03-31 18:18:27,100.0,100.0
2026-03-31 18:18:42,100.0,100.0
2026-03-31 18:18:57,100.0,100.0
2026-03-31 18:19:12,100.0,100.0
2026-03-31 18:19:27,100.0,100.0
2026-03-31 18:19:42,100.0,100.0
2026-03-31 18:19:57,100.0,100.0
2026-03-31 18:20:12,100.0,100.0
2026-03-31 18:20:27,100.0,100.0
2026-03-31 18:20:42,100.0,100.0
2026-03-31 18:20:57,100.0,100.0
2026-03-31 18:21:12,100.0,100.0
2026-03-31 18:21:27,100.0,100.0
2026-03-31 18:21:42,100.0,100.0
2026-03-31 18:21:57,100.0,100.0
2026-03-31 18:22:12,100.0,100.0
2026-03-31 18:22:27,100.0,100.0
2026-03-31 18:22:42,100.0,100.0
2026-03-31 18:22:57,100.0,100.0
2026-03-31 18:23:12,100.0,100.0
2026-03-31 18:23:27,100.0,100.0
2026-03-31 18:23:42,100.0,100.0
2026-03-31 18:23:57,100.0,100.0
2026-03-31 18:24:12,100.0,100.0
2026-03-31 18:24:27,100.0,100.0
2026-03-31 18:24:42,100.0,100.0
2026-03-31 18:24:57,100.0,100.0
2026-03-31 18:25:12,100.0,100.0
2026-03-31 18:25:27,100.0,100.0
2026-03-31 18:25:42,100.0,100.0
2026-03-31 18:25:57,100.0,100.0
2026-03-31 18:26:12,100.0,100.0
2026-03-31 18:26:27,100.0,100.0
2026-03-31 18:26:42,100.0,100.0
2026-03-31 18:26:57,100.0,100.0
2026-03-31 18:27:12,100.0,100.0
2026-03-31 18:27:27,100.0,100.0
2026-03-31 18:27:42,100.0,100.0
2026-03-31 18:27:57,100.0,100.0
2026-03-31 18:28:12,100.0,100.0
2026-03-31 18:28:27,100.0,100.0
2026-03-31 18:28:42,100.0,100.0
2026-03-31 18:28:57,100.0,99.47089947089947
2026-03-31 18:29:12,100.0,98.94179894179894
2026-03-31 18:29:27,100.0,98.4126984126984
2026-03-31 18:29:42,100.0,97.88359788359789
2026-03-31 18:29:57,100.0,97.35449735449735
2026-03-31 18:30:12,100.0,96.82539682539682
2026-03-31 18:30:27,100.0,96.29629629629629
2026-03-31 18:30:42,100.0,95.76719576719577
2026-03-31 18:30:57,100.0,95.13513513513514
2026-03-31 18:31:12,100.0,94.5945945945946
2026-03-31 18:31:27,100.0,94.05405405405406
2026-03-31 18:31:42,100.0,93.51351351351352
2026-03-31 18:31:57,100.0,92.97297297297298
2026-03-31 18:32:12,100.0,92.43243243243244
2026-03-31 18:32:27,100.0,91.8918918918919
2026-03-31 18:32:42,100.0,91.35135135135135
2026-03-31 18:32:57,100.0,90.81081081081082
2026-03-31 18:33:12,100.0,90.81081081081082
2026-03-31 18:33:27,100.0,90.81081081081082
2026-03-31 18:33:42,100.0,90.81081081081082
2026-03-31 18:33:57,87.5,90.81081081081082
2026-03-31 18:34:12,87.5,90.81081081081082
2026-03-31 18:34:27,87.5,90.81081081081082
2026-03-31 18:34:42,87.5,90.81081081081082
2026-03-31 18:34:57,87.5,90.81081081081082
2026-03-31 18:35:12,87.5,90.81081081081082
2026-03-31 18:35:27,87.5,90.81081081081082
2026-03-31 18:35:42,87.5,90.81081081081082
2026-03-31 18:35:57,87.5,90.81081081081082
2026-03-31 18:36:12,87.5,90.81081081081082
2026-03-31 18:36:27,87.5,90.81081081081082
2026-03-31 18:36:42,87.5,90.81081081081082
2026-03-31 18:36:57,87.5,90.81081081081082
2026-03-31 18:37:12,87.5,90.81081081081082
2026-03-31 18:37:27,87.5,90.81081081081082
2026-03-31 18:37:42,87.5,90.81081081081082
2026-03-31 18:37:57,87.5,90.81081081081082
2026-03-31 18:38:12,87.5,90.81081081081082
2026-03-31 18:38:27,87.5,90.60773480662984
2026-03-31 18:38:42,87.5,90.60773480662984
2026-03-31 18:38:57,87.5,90.60773480662984
2026-03-31 18:39:12,87.5,90.60773480662984
2026-03-31 18:39:27,87.5,90.60773480662984
2026-03-31 18:39:42,87.5,90.60773480662984
2026-03-31 18:39:57,87.5,90.60773480662984
2026-03-31 18:40:12,87.5,90.60773480662984
2026-03-31 18:40:27,87.5,90.60773480662984
2026-03-31 18:40:42,87.5,90.60773480662984
2026-03-31 18:40:57,87.5,90.60773480662984
2026-03-31 18:41:12,87.5,90.60773480662984
2026-03-31 18:41:27,87.5,90.60773480662984
2026-03-31 18:41:42,87.5,90.60773480662984
2026-03-31 18:41:57,87.5,90.60773480662984
2026-03-31 18:42:12,87.5,90.60773480662984
2026-03-31 18:42:27,87.5,90.60773480662984
2026-03-31 18:42:42,87.5,90.60773480662984
2026-03-31 18:42:57,87.5,90.60773480662984
2026-03-31 18:43:12,87.5,90.60773480662984
2026-03-31 18:43:27,87.5,90.60773480662984
2026-03-31 18:43:42,87.5,90.60773480662984
2026-03-31 18:43:57,87.5,90.60773480662984
2026-03-31 18:44:12,87.5,90.60773480662984
2026-03-31 18:44:27,87.5,90.60773480662984
2026-03-31 18:44:42,87.5,90.60773480662984
2026-03-31 18:44:57,87.5,90.60773480662984
2026-03-31 18:45:12,87.5,90.60773480662984
2026-03-31 18:45:27,87.5,90.60773480662984
2026-03-31 18:45:42,87.5,90.60773480662984
2026-03-31 18:45:57,87.5,90.60773480662984
2026-03-31 18:46:12,87.5,90.3954802259887
2026-03-31 18:46:27,87.5,90.3954802259887
2026-03-31 18:46:42,87.5,90.3954802259887
2026-03-31 18:46:57,87.5,90.3954802259887
2026-03-31 18:47:12,87.5,90.3954802259887
2026-03-31 18:47:27,87.5,90.3954802259887
2026-03-31 18:47:42,87.5,90.3954802259887
2026-03-31 18:47:57,87.5,90.3954802259887
2026-03-31 18:48:12,87.5,90.3954802259887
2026-03-31 18:48:27,87.5,90.3954802259887
2026-03-31 18:48:42,87.5,90.3954802259887
2026-03-31 18:48:57,87.5,90.3954802259887
2026-03-31 18:49:12,87.5,90.3954802259887
2026-03-31 18:49:27,87.5,90.3954802259887
2026-03-31 18:49:42,87.5,90.3954802259887
2026-03-31 18:49:57,87.5,90.3954802259887
2026-03-31 18:50:12,87.5,90.3954802259887
2026-03-31 18:50:27,87.5,90.3954802259887
2026-03-31 18:50:42,87.5,90.3954802259887
2026-03-31 18:50:57,87.5,90.3954802259887
2026-03-31 18:51:12,87.5,90.3954802259887
2026-03-31 18:51:27,87.5,90.3954802259887
2026-03-31 18:51:42,87.5,90.3954802259887
2026-03-31 18:51:57,87.5,90.3954802259887
2026-03-31 18:52:12,87.5,90.3954802259887
2026-03-31 18:52:27,87.5,90.3954802259887
2026-03-31 18:52:42,87.5,90.3954802259887
2026-03-31 18:52:57,87.5,90.3954802259887
2026-03-31 18:53:12,87.5,90.3954802259887
2026-03-31 18:53:27,100.0,90.3954802259887
2026-03-31 18:53:42,100.0,90.17341040462428
2026-03-31 18:53:57,100.0,90.17341040462428
2026-03-31 18:54:12,100.0,90.17341040462428
2026-03-31 18:54:27,100.0,90.17341040462428
2026-03-31 18:54:42,100.0,90.17341040462428
2026-03-31 18:54:57,100.0,90.17341040462428
2026-03-31 18:55:12,100.0,90.17341040462428
2026-03-31 18:55:27,100.0,90.17341040462428
2026-03-31 18:55:42,100.0,90.17341040462428
2026-03-31 18:55:57,100.0,90.17341040462428
2026-03-31 18:56:12,100.0,90.17341040462428
2026-03-31 18:56:27,100.0,90.17341040462428
2026-03-31 18:56:42,100.0,90.17341040462428
2026-03-31 18:56:57,100.0,90.17341040462428
2026-03-31 18:57:12,100.0,90.17341040462428
2026-03-31 18:57:27,100.0,90.17341040462428
2026-03-31 18:57:42,100.0,90.17341040462428
2026-03-31 18:57:57,100.0,90.17341040462428
2026-03-31 18:58:12,100.0,90.17341040462428
2026-03-31 18:58:27,100.0,90.17341040462428
2026-03-31 18:58:42,100.0,90.17341040462428
2026-03-31 18:58:57,100.0,90.17341040462428
2026-03-31 18:59:12,100.0,90.17341040462428
2026-03-31 18:59:27,100.0,90.17341040462428
2026-03-31 18:59:42,100.0,90.17341040462428
2026-03-31 18:59:57,100.0,90.17341040462428
2026-03-31 19:00:12,100.0,90.17341040462428
2026-03-31 19:00:27,100.0,90.17341040462428
2026-03-31 19:00:42,100.0,90.17341040462428
2026-03-31 19:00:57,100.0,90.17341040462428
2026-03-31 19:01:12,100.0,89.94082840236686
2026-03-31 19:01:27,100.0,89.94082840236686
2026-03-31 19:01:42,100.0,89.94082840236686
2026-03-31 19:01:57,100.0,89.94082840236686
2026-03-31 19:02:12,100.0,89.94082840236686
2026-03-31 19:02:27,100.0,89.94082840236686
2026-03-31 19:02:42,100.0,89.94082840236686
2026-03-31 19:02:57,100.0,89.94082840236686
2026-03-31 19:03:12,100.0,89.94082840236686
2026-03-31 19:03:27,100.0,89.94082840236686
2026-03-31 19:03:42,100.0,89.94082840236686
2026-03-31 19:03:57,100.0,89.94082840236686
2026-03-31 19:04:12,100.0,89.94082840236686
2026-03-31 19:04:27,100.0,89.94082840236686
2026-03-31 19:04:42,100.0,89.94082840236686
2026-03-31 19:04:57,100.0,89.94082840236686
2026-03-31 19:05:12,100.0,89.3491124260355
2026-03-31 19:05:27,100.0,88.75739644970415
2026-03-31 19:05:42,100.0,88.75739644970415
2026-03-31 19:05:57,100.0,88.75739644970415
2026-03-31 19:06:12,100.0,88.75739644970415
2026-03-31 19:06:27,100.0,88.75739644970415
2026-03-31 19:06:42,100.0,88.75739644970415
2026-03-31 19:06:57,100.0,88.75739644970415
2026-03-31 19:07:12,100.0,88.75739644970415
2026-03-31 19:07:27,100.0,88.75739644970415
2026-03-31 19:07:42,100.0,88.16568047337277
2026-03-31 19:07:57,100.0,88.16568047337277
2026-03-31 19:08:12,100.0,88.16568047337277
2026-03-31 19:08:27,100.0,88.16568047337277
2026-03-31 19:08:42,100.0,87.87878787878788
2026-03-31 19:08:57,100.0,87.87878787878788
2026-03-31 19:09:12,100.0,87.87878787878788
2026-03-31 19:09:27,100.0,87.87878787878788
2026-03-31 19:09:42,100.0,87.87878787878788
2026-03-31 19:09:57,100.0,87.87878787878788
2026-03-31 19:10:12,100.0,88.48484848484848
2026-03-31 19:10:27,100.0,89.0909090909091
2026-03-31 19:10:42,100.0,89.6969696969697
2026-03-31 19:10:57,100.0,90.30303030303031
2026-03-31 19:11:12,100.0,90.9090909090909
2026-03-31 19:11:27,100.0,91.51515151515152
2026-03-31 19:11:42,100.0,92.12121212121212
2026-03-31 19:11:57,100.0,92.72727272727272
2026-03-31 19:12:12,100.0,93.33333333333333
2026-03-31 19:12:27,100.0,93.93939393939394
2026-03-31 19:12:42,100.0,94.54545454545455
2026-03-31 19:12:57,100.0,95.15151515151516
2026-03-31 19:13:12,100.0,95.75757575757575
2026-03-31 19:13:27,100.0,96.36363636363636
2026-03-31 19:13:42,100.0,96.96969696969697
2026-03-31 19:13:57,100.0,97.57575757575758
2026-03-31 19:14:12,100.0,98.18181818181819
2026-03-31 19:14:27,100.0,98.18181818181819
2026-03-31 19:14:42,100.0,98.18181818181819
2026-03-31 19:14:57,100.0,98.18181818181819
2026-03-31 19:15:12,100.0,98.18181818181819
2026-03-31 19:15:27,100.0,98.18181818181819
2026-03-31 19:15:42,100.0,98.18181818181819
2026-03-31 19:15:57,100.0,98.18181818181819
2026-03-31 19:16:12,100.0,98.13664596273291
2026-03-31 19:16:27,100.0,98.13664596273291
2026-03-31 19:16:42,100.0,98.13664596273291
2026-03-31 19:16:57,100.0,98.13664596273291
2026-03-31 19:17:12,100.0,98.13664596273291
2026-03-31 19:17:27,100.0,98.13664596273291
2026-03-31 19:17:42,100.0,98.13664596273291
2026-03-31 19:17:57,100.0,98.13664596273291
2026-03-31 19:18:12,100.0,98.13664596273291
2026-03-31 19:18:27,100.0,98.13664596273291
2026-03-31 19:18:42,100.0,98.13664596273291
2026-03-31 19:18:57,100.0,98.13664596273291
2026-03-31 19:19:12,100.0,98.13664596273291
2026-03-31 19:19:27,100.0,98.13664596273291
2026-03-31 19:19:42,100.0,98.13664596273291
2026-03-31 19:19:57,100.0,98.13664596273291
2026-03-31 19:20:12,100.0,98.13664596273291
2026-03-31 19:20:27,100.0,98.13664596273291
2026-03-31 19:20:42,100.0,98.13664596273291
2026-03-31 19:20:57,100.0,98.13664596273291
2026-03-31 19:21:12,100.0,98.13664596273291
2026-03-31 19:21:27,100.0,98.13664596273291
2026-03-31 19:21:42,100.0,98.13664596273291
2026-03-31 19:21:57,100.0,98.13664596273291
2026-03-31 19:22:12,100.0,98.13664596273291
2026-03-31 19:22:27,100.0,98.13664596273291
2026-03-31 19:22:42,100.0,98.13664596273291
2026-03-31 19:22:57,100.0,98.13664596273291
2026-03-31 19:23:12,100.0,98.13664596273291
2026-03-31 19:23:27,100.0,98.13664596273291
2026-03-31 19:23:42,100.0,98.08917197452229
2026-03-31 19:23:57,100.0,98.08917197452229
2026-03-31 19:24:12,100.0,98.08917197452229
2026-03-31 19:24:27,100.0,98.08917197452229
2026-03-31 19:24:42,100.0,98.08917197452229
2026-03-31 19:24:57,100.0,98.08917197452229
2026-03-31 19:25:12,100.0,98.08917197452229
2026-03-31 19:25:27,100.0,98.08917197452229
2026-03-31 19:25:42,100.0,98.08917197452229
2026-03-31 19:25:57,100.0,98.08917197452229
2026-03-31 19:26:12,100.0,98.08917197452229
2026-03-31 19:26:27,100.0,98.08917197452229
2026-03-31 19:26:42,100.0,98.08917197452229
2026-03-31 19:26:57,100.0,97.45222929936305
2026-03-31 19:27:12,100.0,97.45222929936305
2026-03-31 19:27:27,100.0,97.45222929936305
2026-03-31 19:27:42,100.0,97.45222929936305
2026-03-31 19:27:57,100.0,97.45222929936305
2026-03-31 19:28:12,100.0,96.81528662420382
2026-03-31 19:28:27,100.0,96.81528662420382
2026-03-31 19:28:42,100.0,96.81528662420382
2026-03-31 19:28:57,100.0,96.81528662420382
2026-03-31 19:29:12,100.0,96.81528662420382
2026-03-31 19:29:27,100.0,96.81528662420382
2026-03-31 19:29:42,100.0,96.81528662420382
2026-03-31 19:29:57,100.0,96.81528662420382
2026-03-31 19:30:12,100.0,96.81528662420382
2026-03-31 19:30:27,100.0,96.81528662420382
2026-03-31 19:30:42,100.0,96.81528662420382
2026-03-31 19:30:57,100.0,96.81528662420382
2026-03-31 19:31:12,100.0,96.81528662420382
2026-03-31 19:31:27,100.0,96.73202614379085
2026-03-31 19:31:42,100.0,96.73202614379085
2026-03-31 19:31:57,100.0,96.73202614379085
2026-03-31 19:32:12,100.0,96.73202614379085
2026-03-31 19:32:27,100.0,96.73202614379085
2026-03-31 19:32:42,100.0,96.73202614379085
2026-03-31 19:32:57,100.0,96.73202614379085
2026-03-31 19:33:12,100.0,96.73202614379085
2026-03-31 19:33:27,100.0,96.73202614379085
2026-03-31 19:33:42,100.0,96.73202614379085
2026-03-31 19:33:57,100.0,96.73202614379085
2026-03-31 19:34:12,100.0,96.73202614379085
2026-03-31 19:34:27,100.0,96.73202614379085
2026-03-31 19:34:42,100.0,96.73202614379085
2026-03-31 19:34:57,100.0,96.73202614379085
2026-03-31 19:35:12,100.0,96.73202614379085
2026-03-31 19:35:27,100.0,96.73202614379085
2026-03-31 19:35:42,100.0,96.73202614379085
2026-03-31 19:35:57,100.0,96.73202614379085
2026-03-31 19:36:12,100.0,96.73202614379085
2026-03-31 19:36:27,100.0,96.73202614379085
2026-03-31 19:36:42,100.0,96.73202614379085
2026-03-31 19:36:57,100.0,96.73202614379085
2026-03-31 19:37:12,100.0,96.73202614379085
2026-03-31 19:37:27,100.0,96.73202614379085
2026-03-31 19:37:42,100.0,96.73202614379085
2026-03-31 19:37:57,100.0,96.73202614379085
2026-03-31 19:38:12,100.0,96.73202614379085
2026-03-31 19:38:27,100.0,96.73202614379085
2026-03-31 19:38:42,100.0,96.73202614379085
2026-03-31 19:38:57,100.0,96.64429530201343
2026-03-31 19:39:12,100.0,96.64429530201343
2026-03-31 19:39:27,100.0,96.64429530201343
2026-03-31 19:39:42,100.0,96.64429530201343
2026-03-31 19:39:57,100.0,96.64429530201343
2026-03-31 19:40:12,100.0,96.64429530201343
2026-03-31 19:40:27,100.0,96.64429530201343
2026-03-31 19:40:42,100.0,96.64429530201343
2026-03-31 19:40:57,100.0,96.64429530201343
2026-03-31 19:41:12,100.0,96.64429530201343
2026-03-31 19:41:27,100.0,96.64429530201343
2026-03-31 19:41:42,100.0,96.64429530201343
2026-03-31 19:41:57,100.0,96.64429530201343
2026-03-31 19:42:12,100.0,96.64429530201343
2026-03-31 19:42:27,100.0,97.31543624161074
2026-03-31 19:42:42,100.0,97.98657718120806
2026-03-31 19:42:57,100.0,97.98657718120806
2026-03-31 19:43:12,100.0,97.98657718120806
2026-03-31 19:43:27,100.0,97.98657718120806
2026-03-31 19:43:42,100.0,97.98657718120806
2026-03-31 19:43:57,100.0,97.98657718120806
2026-03-31 19:44:12,100.0,97.98657718120806
2026-03-31 19:44:27,100.0,97.98657718120806
2026-03-31 19:44:42,100.0,97.98657718120806
2026-03-31 19:44:57,100.0,98.65771812080537
2026-03-31 19:45:12,100.0,98.65771812080537
2026-03-31 19:45:27,100.0,98.65771812080537
2026-03-31 19:45:42,100.0,98.65771812080537
2026-03-31 19:45:57,100.0,98.65771812080537
2026-03-31 19:46:12,100.0,98.65771812080537
2026-03-31 19:46:27,100.0,98.62068965517241
2026-03-31 19:46:42,100.0,98.62068965517241
2026-03-31 19:46:57,100.0,98.62068965517241
2026-03-31 19:47:12,100.0,98.62068965517241
2026-03-31 19:47:27,100.0,98.62068965517241
2026-03-31 19:47:42,100.0,98.62068965517241
2026-03-31 19:47:57,100.0,98.62068965517241
2026-03-31 19:48:12,100.0,98.62068965517241
2026-03-31 19:48:27,100.0,98.62068965517241
2026-03-31 19:48:42,100.0,98.62068965517241
2026-03-31 19:48:57,100.0,98.62068965517241
2026-03-31 19:49:12,100.0,98.62068965517241
2026-03-31 19:49:27,100.0,98.62068965517241
2026-03-31 19:49:42,100.0,98.62068965517241
2026-03-31 19:49:57,100.0,98.62068965517241
2026-03-31 19:50:12,100.0,98.62068965517241
2026-03-31 19:50:27,100.0,98.62068965517241
2026-03-31 19:50:42,100.0,98.62068965517241
2026-03-31 19:50:57,100.0,98.62068965517241
2026-03-31 19:51:12,100.0,98.62068965517241
2026-03-31 19:51:27,100.0,98.62068965517241
2026-03-31 19:51:42,100.0,98.62068965517241
2026-03-31 19:51:57,100.0,98.62068965517241
2026-03-31 19:52:12,100.0,98.62068965517241
2026-03-31 19:52:27,100.0,98.62068965517241
2026-03-31 19:52:42,100.0,98.62068965517241
2026-03-31 19:52:57,100.0,98.62068965517241
2026-03-31 19:53:12,100.0,98.62068965517241
2026-03-31 19:53:27,100.0,98.62068965517241
2026-03-31 19:53:42,100.0,98.62068965517241
2026-03-31 19:53:57,100.0,98.58156028368793
2026-03-31 19:54:12,100.0,98.58156028368793
2026-03-31 19:54:27,100.0,98.58156028368793
2026-03-31 19:54:42,100.0,98.58156028368793
2026-03-31 19:54:57,100.0,98.58156028368793
2026-03-31 19:55:12,100.0,98.58156028368793
2026-03-31 19:55:27,100.0,98.58156028368793
2026-03-31 19:55:42,100.0,98.58156028368793
2026-03-31 19:55:57,100.0,98.58156028368793
2026-03-31 19:56:12,100.0,98.58156028368793
2026-03-31 19:56:27,100.0,98.58156028368793
2026-03-31 19:56:42,100.0,98.58156028368793
2026-03-31 19:56:57,100.0,98.58156028368793
2026-03-31 19:57:12,100.0,98.58156028368793
2026-03-31 19:57:27,100.0,98.58156028368793
2026-03-31 19:57:42,100.0,98.58156028368793
2026-03-31 19:57:57,100.0,98.58156028368793
2026-03-31 19:58:12,100.0,98.58156028368793
2026-03-31 19:58:27,100.0,98.58156028368793
2026-03-31 19:58:42,100.0,98.58156028368793
2026-03-31 19:58:57,100.0,98.58156028368793
2026-03-31 19:59:12,100.0,98.58156028368793
2026-03-31 19:59:27,100.0,98.58156028368793
2026-03-31 19:59:42,100.0,98.58156028368793
2026-03-31 19:59:57,100.0,98.58156028368793
2026-03-31 20:00:12,100.0,98.58156028368793
2026-03-31 20:00:27,100.0,98.58156028368793
2026-03-31 20:00:42,100.0,98.58156028368793
2026-03-31 20:00:57,100.0,98.58156028368793
2026-03-31 20:01:12,87.5,98.58156028368793
2026-03-31 20:01:27,87.5,98.58156028368793
2026-03-31 20:01:42,87.5,98.58156028368793
2026-03-31 20:01:57,87.5,98.58156028368793
2026-03-31 20:02:12,87.5,99.29078014184397
2026-03-31 20:02:27,87.5,99.29078014184397
2026-03-31 20:02:42,87.5,100.0
2026-03-31 20:02:57,87.5,100.0
2026-03-31 20:03:12,100.0,100.0
2026-03-31 20:03:27,100.0,100.0
2026-03-31 20:03:42,100.0,100.0
2026-03-31 20:03:57,100.0,100.0
2026-03-31 20:04:12,100.0,100.0
2026-03-31 20:04:27,100.0,100.0
2026-03-31 20:04:42,100.0,100.0
2026-03-31 20:04:57,100.0,100.0
2026-03-31 20:05:12,100.0,100.0
2026-03-31 20:05:27,100.0,100.0
2026-03-31 20:05:42,100.0,100.0
2026-03-31 20:05:57,100.0,100.0
2026-03-31 20:06:12,100.0,100.0
2026-03-31 20:06:27,100.0,100.0
2026-03-31 20:06:42,100.0,100.0
2026-03-31 20:06:57,100.0,100.0
2026-03-31 20:07:12,100.0,100.0
2026-03-31 20:07:27,100.0,100.0
2026-03-31 20:07:42,100.0,100.0
2026-03-31 20:07:57,100.0,100.0
2026-03-31 20:08:12,100.0,100.0
2026-03-31 20:08:27,100.0,100.0
2026-03-31 20:08:42,100.0,100.0
2026-03-31 20:08:57,100.0,100.0
2026-03-31 20:09:12,100.0,100.0
2026-03-31 20:09:27,100.0,100.0
2026-03-31 20:09:42,100.0,100.0
2026-03-31 20:09:57,100.0,100.0
2026-03-31 20:10:12,100.0,100.0
2026-03-31 20:10:27,100.0,100.0
2026-03-31 20:10:42,100.0,100.0
2026-03-31 20:10:57,100.0,100.0
2026-03-31 20:11:12,100.0,100.0
2026-03-31 20:11:27,100.0,100.0
2026-03-31 20:11:42,100.0,100.0
2026-03-31 20:11:57,100.0,100.0
2026-03-31 20:12:12,100.0,100.0
2026-03-31 20:12:27,100.0,100.0
2026-03-31 20:12:42,100.0,100.0
2026-03-31 20:12:57,100.0,100.0
2026-03-31 20:13:12,100.0,100.0
2026-03-31 20:13:27,100.0,100.0
2026-03-31 20:13:42,100.0,100.0
2026-03-31 20:13:57,100.0,100.0
2026-03-31 20:14:12,100.0,100.0
2026-03-31 20:14:27,100.0,100.0
2026-03-31 20:14:42,100.0,100.0
2026-03-31 20:14:57,100.0,100.0
2026-03-31 20:15:12,100.0,100.0
2026-03-31 20:15:27,100.0,100.0
2026-03-31 20:15:42,100.0,100.0
2026-03-31 20:15:57,100.0,100.0
2026-03-31 20:16:12,100.0,100.0
2026-03-31 20:16:27,100.0,100.0
2026-03-31 20:16:42,100.0,100.0
2026-03-31 20:16:57,100.0,100.0
2026-03-31 20:17:12,100.0,100.0
2026-03-31 20:17:27,100.0,100.0
2026-03-31 20:17:42,100.0,100.0
2026-03-31 20:17:57,100.0,100.0
2026-03-31 20:18:12,100.0,100.0
2026-03-31 20:18:27,100.0,100.0
2026-03-31 20:18:42,100.0,100.0
2026-03-31 20:18:57,100.0,100.0
2026-03-31 20:19:12,100.0,100.0
2026-03-31 20:19:27,100.0,100.0
2026-03-31 20:19:42,100.0,100.0
2026-03-31 20:19:57,100.0,100.0
2026-03-31 20:20:12,100.0,100.0
2026-03-31 20:20:27,100.0,100.0
2026-03-31 20:20:42,100.0,100.0
2026-03-31 20:20:57,100.0,100.0
2026-03-31 20:21:12,100.0,100.0
2026-03-31 20:21:27,100.0,100.0
2026-03-31 20:21:42,100.0,100.0
2026-03-31 20:21:57,100.0,100.0
2026-03-31 20:22:12,100.0,100.0
2026-03-31 20:22:27,100.0,100.0
2026-03-31 20:22:42,100.0,100.0
2026-03-31 20:22:57,100.0,100.0
2026-03-31 20:23:12,100.0,100.0
2026-03-31 20:23:27,100.0,100.0
2026-03-31 20:23:42,100.0,100.0
2026-03-31 20:23:57,100.0,100.0
2026-03-31 20:24:12,100.0,100.0
2026-03-31 20:24:27,100.0,100.0
2026-03-31 20:24:42,100.0,100.0
2026-03-31 20:24:57,100.0,100.0
2026-03-31 20:25:12,100.0,100.0
2026-03-31 20:25:27,100.0,100.0
2026-03-31 20:25:42,100.0,100.0
2026-03-31 20:25:57,100.0,100.0
2026-03-31 20:26:12,100.0,100.0
2026-03-31 20:26:27,100.0,100.0
2026-03-31 20:26:42,100.0,100.0
2026-03-31 20:26:57,100.0,100.0
2026-03-31 20:27:12,100.0,100.0
2026-03-31 20:27:27,100.0,100.0
2026-03-31 20:27:42,100.0,100.0
2026-03-31 20:27:57,100.0,100.0
2026-03-31 20:28:12,100.0,100.0
2026-03-31 20:28:27,100.0,100.0
2026-03-31 20:28:42,100.0,100.0
2026-03-31 20:28:57,100.0,100.0
2026-03-31 20:29:12,100.0,100.0
2026-03-31 20:29:27,100.0,100.0
2026-03-31 20:29:42,100.0,100.0
2026-03-31 20:29:57,100.0,100.0
2026-03-31 20:30:12,100.0,100.0
2026-03-31 20:30:27,100.0,100.0
2026-03-31 20:30:42,100.0,100.0
2026-03-31 20:30:57,100.0,100.0
2026-03-31 20:31:12,100.0,100.0
2026-03-31 20:31:27,100.0,100.0
2026-03-31 20:31:42,100.0,100.0
2026-03-31 20:31:57,100.0,100.0
2026-03-31 20:32:12,100.0,100.0
2026-03-31 20:32:27,100.0,100.0
2026-03-31 20:32:42,100.0,100.0
2026-03-31 20:32:57,100.0,100.0
2026-03-31 20:33:12,100.0,100.0
2026-03-31 20:33:27,100.0,100.0
2026-03-31 20:33:42,100.0,100.0
2026-03-31 20:33:57,100.0,100.0
2026-03-31 20:34:12,100.0,100.0
2026-03-31 20:34:27,100.0,100.0
2026-03-31 20:34:42,100.0,100.0
2026-03-31 20:34:57,100.0,100.0
2026-03-31 20:35:12,100.0,100.0
2026-03-31 20:35:27,100.0,100.0
2026-03-31 20:35:42,100.0,100.0
2026-03-31 20:35:57,100.0,100.0
2026-03-31 20:36:12,100.0,100.0
2026-03-31 20:36:27,100.0,100.0
2026-03-31 20:36:42,100.0,100.0
2026-03-31 20:36:57,100.0,100.0
2026-03-31 20:37:12,100.0,100.0
2026-03-31 20:37:27,100.0,100.0
2026-03-31 20:37:42,100.0,100.0
2026-03-31 20:37:57,100.0,100.0
2026-03-31 20:38:12,100.0,100.0
2026-03-31 20:38:27,100.0,100.0
2026-03-31 20:38:42,100.0,100.0
2026-03-31 20:38:57,100.0,100.0
2026-03-31 20:39:12,100.0,100.0
2026-03-31 20:39:27,100.0,100.0
2026-03-31 20:39:42,100.0,100.0
2026-03-31 20:39:57,100.0,100.0
2026-03-31 20:40:12,100.0,100.0
2026-03-31 20:40:27,100.0,100.0
2026-03-31 20:40:42,100.0,100.0
2026-03-31 20:40:57,100.0,100.0
2026-03-31 20:41:12,100.0,100.0
2026-03-31 20:41:27,100.0,100.0
2026-03-31 20:41:42,100.0,100.0
2026-03-31 20:41:57,100.0,100.0
2026-03-31 20:42:12,100.0,100.0
2026-03-31 20:42:27,100.0,100.0
2026-03-31 20:42:42,100.0,100.0
2026-03-31 20:42:57,100.0,100.0
2026-03-31 20:43:12,100.0,100.0
2026-03-31 20:43:27,100.0,100.0
2026-03-31 20:43:42,87.5,100.0
2026-03-31 20:43:57,87.5,100.0
2026-03-31 20:44:12,87.5,100.0
2026-03-31 20:44:27,87.5,100.0
2026-03-31 20:44:42,87.5,100.0
2026-03-31 20:44:57,87.5,100.0
2026-03-31 20:45:12,87.5,100.0
2026-03-31 20:45:27,87.5,100.0
2026-03-31 20:45:42,87.5,100.0
2026-03-31 20:45:57,87.5,100.0
2026-03-31 20:46:12,100.0,100.0
2026-03-31 20:46:27,87.5,100.0
2026-03-31 20:46:42,87.5,100.0
2026-03-31 20:46:57,87.5,100.0
2026-03-31 20:47:12,87.5,100.0
2026-03-31 20:47:27,87.5,100.0
2026-03-31 20:47:42,87.5,100.0
2026-03-31 20:47:57,87.5,100.0
2026-03-31 20:48:12,100.0,100.0
2026-03-31 20:48:27,100.0,100.0
2026-03-31 20:48:42,100.0,100.0
2026-03-31 20:48:57,100.0,100.0
2026-03-31 20:49:12,100.0,100.0
2026-03-31 20:49:27,100.0,100.0
2026-03-31 20:49:42,100.0,100.0
2026-03-31 20:49:57,100.0,100.0
2026-03-31 20:50:12,100.0,100.0
2026-03-31 20:50:27,100.0,100.0
2026-03-31 20:50:42,100.0,100.0
2026-03-31 20:50:57,100.0,100.0
2026-03-31 20:51:12,100.0,100.0
2026-03-31 20:51:27,100.0,100.0
2026-03-31 20:51:42,100.0,100.0
2026-03-31 20:51:57,100.0,100.0
2026-03-31 20:52:12,100.0,100.0
2026-03-31 20:52:27,100.0,100.0
2026-03-31 20:52:42,100.0,100.0
2026-03-31 20:52:57,100.0,100.0
2026-03-31 20:53:12,100.0,100.0
2026-03-31 20:53:27,100.0,100.0
2026-03-31 20:53:42,100.0,100.0
2026-03-31 20:53:57,100.0,100.0
2026-03-31 20:54:12,100.0,100.0
2026-03-31 20:54:27,100.0,100.0
2026-03-31 20:54:42,100.0,100.0
2026-03-31 20:54:57,100.0,100.0
2026-03-31 20:55:12,100.0,100.0
2026-03-31 20:55:27,100.0,100.0
2026-03-31 20:55:42,100.0,100.0
2026-03-31 20:55:57,100.0,100.0
2026-03-31 20:56:12,100.0,100.0
2026-03-31 20:56:27,100.0,100.0
2026-03-31 20:56:42,100.0,100.0
2026-03-31 20:56:57,100.0,100.0
2026-03-31 20:57:12,100.0,100.0
2026-03-31 20:57:27,100.0,100.0
2026-03-31 20:57:42,100.0,100.0
2026-03-31 20:57:57,100.0,100.0
2026-03-31 20:58:12,100.0,100.0
2026-03-31 20:58:27,100.0,100.0
2026-03-31 20:58:42,100.0,100.0
2026-03-31 20:58:57,100.0,100.0
2026-03-31 20:59:12,100.0,100.0
2026-03-31 20:59:27,100.0,100.0
2026-03-31 20:59:42,100.0,100.0
2026-03-31 20:59:57,100.0,100.0
2026-03-31 21:00:12,100.0,100.0
2026-03-31 21:00:27,100.0,100.0
2026-03-31 21:00:42,100.0,100.0
2026-03-31 21:00:57,100.0,100.0
2026-03-31 21:01:12,100.0,100.0
2026-03-31 21:01:27,100.0,100.0
2026-03-31 21:01:42,100.0,100.0
2026-03-31 21:01:57,100.0,100.0
2026-03-31 21:02:12,100.0,100.0
2026-03-31 21:02:27,100.0,100.0
2026-03-31 21:02:42,100.0,99.17355371900827
2026-03-31 21:02:57,100.0,99.17355371900827
2026-03-31 21:03:12,100.0,99.17355371900827
2026-03-31 21:03:27,100.0,98.34710743801654
2026-03-31 21:03:42,100.0,98.34710743801654
2026-03-31 21:03:57,100.0,98.34710743801654
2026-03-31 21:04:12,100.0,98.34710743801654
2026-03-31 21:04:27,100.0,98.34710743801654
2026-03-31 21:04:42,87.5,98.34710743801654
2026-03-31 21:04:57,87.5,97.52066115702479
2026-03-31 21:05:12,87.5,97.52066115702479
2026-03-31 21:05:27,87.5,97.52066115702479
2026-03-31 21:05:42,87.5,96.69421487603306
2026-03-31 21:05:57,87.5,96.69421487603306
2026-03-31 21:06:12,87.5,96.69421487603306
2026-03-31 21:06:27,87.5,96.69421487603306
2026-03-31 21:06:42,87.5,96.69421487603306
2026-03-31 21:06:57,87.5,96.69421487603306
2026-03-31 21:07:12,87.5,96.69421487603306
2026-03-31 21:07:27,87.5,96.69421487603306
2026-03-31 21:07:42,87.5,96.69421487603306
2026-03-31 21:07:57,87.5,96.69421487603306
2026-03-31 21:08:12,87.5,96.69421487603306
2026-03-31 21:08:27,100.0,96.69421487603306
2026-03-31 21:08:42,100.0,96.69421487603306
2026-03-31 21:08:57,100.0,96.69421487603306
2026-03-31 21:09:12,100.0,96.69421487603306
2026-03-31 21:09:27,100.0,96.69421487603306
2026-03-31 21:09:42,100.0,96.69421487603306
2026-03-31 21:09:57,100.0,96.69421487603306
2026-03-31 21:10:12,100.0,96.69421487603306
2026-03-31 21:10:27,100.0,96.69421487603306
2026-03-31 21:10:42,100.0,96.69421487603306
2026-03-31 21:10:57,100.0,96.69421487603306
2026-03-31 21:11:12,100.0,96.69421487603306
2026-03-31 21:11:27,100.0,96.69421487603306
2026-03-31 21:11:42,100.0,96.69421487603306
2026-03-31 21:11:57,100.0,96.69421487603306
2026-03-31 21:12:12,100.0,96.69421487603306
2026-03-31 21:12:27,100.0,96.69421487603306
2026-03-31 21:12:42,100.0,96.69421487603306
2026-03-31 21:12:57,100.0,96.69421487603306
2026-03-31 21:13:12,100.0,96.58119658119658
2026-03-31 21:13:27,100.0,96.58119658119658
2026-03-31 21:13:42,100.0,96.58119658119658
2026-03-31 21:13:57,100.0,96.58119658119658
2026-03-31 21:14:12,100.0,96.58119658119658
2026-03-31 21:14:27,100.0,96.58119658119658
2026-03-31 21:14:42,100.0,96.58119658119658
2026-03-31 21:14:57,100.0,96.58119658119658
2026-03-31 21:15:12,100.0,96.58119658119658
2026-03-31 21:15:27,100.0,96.58119658119658
2026-03-31 21:15:42,100.0,96.58119658119658
2026-03-31 21:15:57,100.0,96.58119658119658
2026-03-31 21:16:12,100.0,96.58119658119658
2026-03-31 21:16:27,100.0,96.58119658119658
2026-03-31 21:16:42,100.0,96.58119658119658
2026-03-31 21:16:57,100.0,96.58119658119658
2026-03-31 21:17:12,100.0,96.58119658119658
2026-03-31 21:17:27,100.0,96.58119658119658
2026-03-31 21:17:42,100.0,96.58119658119658
2026-03-31 21:17:57,100.0,96.58119658119658
2026-03-31 21:18:12,100.0,96.58119658119658
2026-03-31 21:18:27,100.0,96.58119658119658
2026-03-31 21:18:42,100.0,96.58119658119658
2026-03-31 21:18:57,100.0,96.58119658119658
2026-03-31 21:19:12,100.0,96.58119658119658
2026-03-31 21:19:27,100.0,96.58119658119658
2026-03-31 21:19:42,100.0,96.58119658119658
2026-03-31 21:19:57,87.5,96.58119658119658
2026-03-31 21:20:12,87.5,96.58119658119658
2026-03-31 21:20:27,87.5,96.58119658119658
2026-03-31 21:20:42,87.5,96.58119658119658
2026-03-31 21:20:57,87.5,96.58119658119658
2026-03-31 21:21:12,87.5,96.58119658119658
2026-03-31 21:21:27,87.5,96.58119658119658
2026-03-31 21:21:42,87.5,96.58119658119658
2026-03-31 21:21:57,87.5,96.58119658119658
2026-03-31 21:22:12,87.5,96.58119658119658
2026-03-31 21:22:27,87.5,96.58119658119658
2026-03-31 21:22:42,87.5,96.58119658119658
2026-03-31 21:22:57,87.5,96.58119658119658
2026-03-31 21:23:12,100.0,96.58119658119658
2026-03-31 21:23:27,100.0,96.58119658119658
2026-03-31 21:23:42,100.0,96.58119658119658
2026-03-31 21:23:57,100.0,96.58119658119658
2026-03-31 21:24:12,100.0,96.58119658119658
2026-03-31 21:24:27,100.0,96.58119658119658
2026-03-31 21:24:42,100.0,96.58119658119658
2026-03-31 21:24:57,100.0,96.58119658119658
2026-03-31 21:25:12,100.0,96.58119658119658
2026-03-31 21:25:27,100.0,96.58119658119658
2026-03-31 21:25:42,100.0,96.58119658119658
2026-03-31 21:25:57,100.0,96.58119658119658
2026-03-31 21:26:12,100.0,96.58119658119658
2026-03-31 21:26:27,100.0,96.58119658119658
2026-03-31 21:26:42,100.0,96.58119658119658
2026-03-31 21:26:57,100.0,96.58119658119658
2026-03-31 21:27:12,100.0,96.58119658119658
2026-03-31 21:27:27,100.0,96.46017699115043
2026-03-31 21:27:42,100.0,96.46017699115043
2026-03-31 21:27:57,100.0,96.46017699115043
2026-03-31 21:28:12,100.0,96.46017699115043
2026-03-31 21:28:27,100.0,96.46017699115043
2026-03-31 21:28:42,100.0,96.46017699115043
2026-03-31 21:28:57,100.0,96.46017699115043
2026-03-31 21:29:12,100.0,96.46017699115043
2026-03-31 21:29:27,100.0,96.46017699115043
2026-03-31 21:29:42,100.0,96.46017699115043
2026-03-31 21:29:57,100.0,96.46017699115043
2026-03-31 21:30:12,100.0,96.46017699115043
2026-03-31 21:30:27,100.0,96.46017699115043
2026-03-31 21:30:42,100.0,96.46017699115043
2026-03-31 21:30:57,100.0,97.34513274336283
2026-03-31 21:31:12,100.0,97.34513274336283
2026-03-31 21:31:27,100.0,97.34513274336283
2026-03-31 21:31:42,100.0,98.23008849557522
2026-03-31 21:31:57,100.0,98.23008849557522
2026-03-31 21:32:12,100.0,98.23008849557522
2026-03-31 21:32:27,100.0,98.23008849557522
2026-03-31 21:32:42,100.0,98.23008849557522
2026-03-31 21:32:57,100.0,98.23008849557522
2026-03-31 21:33:12,100.0,99.11504424778761
2026-03-31 21:33:27,100.0,99.11504424778761
2026-03-31 21:33:42,100.0,99.11504424778761
2026-03-31 21:33:57,100.0,100.0
2026-03-31 21:34:12,100.0,100.0
2026-03-31 21:34:27,100.0,100.0
2026-03-31 21:34:42,100.0,100.0
2026-03-31 21:34:57,100.0,100.0
2026-03-31 21:35:12,100.0,100.0
2026-03-31 21:35:27,100.0,100.0
2026-03-31 21:35:42,100.0,100.0
2026-03-31 21:35:57,100.0,100.0
2026-03-31 21:36:12,100.0,100.0
2026-03-31 21:36:27,100.0,100.0
2026-03-31 21:36:42,100.0,100.0
2026-03-31 21:36:57,100.0,100.0
2026-03-31 21:37:12,100.0,100.0
2026-03-31 21:37:27,100.0,100.0
2026-03-31 21:37:42,100.0,100.0
2026-03-31 21:37:57,100.0,100.0
2026-03-31 21:38:12,100.0,100.0
2026-03-31 21:38:27,100.0,100.0
2026-03-31 21:38:42,100.0,100.0
2026-03-31 21:38:57,100.0,100.0
2026-03-31 21:39:12,100.0,100.0
2026-03-31 21:39:27,100.0,100.0
2026-03-31 21:39:42,100.0,100.0
2026-03-31 21:39:57,100.0,100.0
2026-03-31 21:40:12,100.0,100.0
2026-03-31 21:40:27,100.0,100.0
2026-03-31 21:40:42,100.0,100.0
2026-03-31 21:40:57,100.0,100.0
2026-03-31 21:41:12,100.0,100.0
2026-03-31 21:41:27,100.0,100.0
2026-03-31 21:41:42,100.0,100.0
2026-03-31 21:41:57,100.0,100.0
2026-03-31 21:42:12,100.0,100.0
2026-03-31 21:42:27,100.0,100.0
2026-03-31 21:42:42,100.0,100.0
2026-03-31 21:42:57,100.0,100.0
2026-03-31 21:43:12,100.0,100.0
2026-03-31 21:43:27,100.0,100.0
2026-03-31 21:43:42,100.0,100.0
2026-03-31 21:43:57,100.0,100.0
2026-03-31 21:44:12,100.0,100.0
2026-03-31 21:44:27,100.0,100.0
2026-03-31 21:44:42,100.0,100.0
2026-03-31 21:44:57,100.0,100.0
2026-03-31 21:45:12,100.0,100.0
2026-03-31 21:45:27,100.0,100.0
2026-03-31 21:45:42,100.0,100.0
2026-03-31 21:45:57,100.0,100.0
2026-03-31 21:46:12,100.0,100.0
2026-03-31 21:46:27,100.0,100.0
2026-03-31 21:46:42,100.0,100.0
2026-03-31 21:46:57,100.0,100.0
2026-03-31 21:47:12,100.0,100.0
2026-03-31 21:47:27,100.0,100.0
2026-03-31 21:47:42,100.0,100.0
2026-03-31 21:47:57,100.0,100.0
2026-03-31 21:48:12,100.0,100.0
2026-03-31 21:48:27,100.0,100.0
2026-03-31 21:48:42,100.0,100.0
2026-03-31 21:48:57,100.0,100.0
2026-03-31 21:49:12,100.0,100.0
2026-03-31 21:49:27,100.0,100.0
2026-03-31 21:49:42,100.0,100.0
2026-03-31 21:49:57,100.0,100.0
2026-03-31 21:50:12,100.0,100.0
2026-03-31 21:50:27,100.0,100.0
2026-03-31 21:50:42,100.0,100.0
2026-03-31 21:50:57,100.0,100.0
2026-03-31 21:51:12,100.0,100.0
2026-03-31 21:51:27,100.0,100.0
2026-03-31 21:51:42,100.0,100.0
2026-03-31 21:51:57,100.0,100.0
2026-03-31 21:52:12,100.0,100.0
2026-03-31 21:52:27,100.0,100.0
2026-03-31 21:52:42,100.0,100.0
2026-03-31 21:52:57,100.0,100.0
2026-03-31 21:53:12,100.0,100.0
2026-03-31 21:53:27,100.0,100.0
2026-03-31 21:53:42,100.0,100.0
2026-03-31 21:53:57,100.0,100.0
2026-03-31 21:54:12,100.0,100.0
2026-03-31 21:54:27,100.0,100.0
2026-03-31 21:54:42,100.0,100.0
2026-03-31 21:54:57,100.0,100.0
2026-03-31 21:55:12,100.0,100.0
2026-03-31 21:55:27,100.0,100.0
2026-03-31 21:55:42,100.0,100.0
2026-03-31 21:55:57,100.0,100.0
2026-03-31 21:56:12,100.0,100.0
2026-03-31 21:56:27,100.0,100.0
2026-03-31 21:56:42,100.0,100.0
2026-03-31 21:56:57,100.0,100.0
2026-03-31 21:57:12,100.0,100.0
2026-03-31 21:57:27,100.0,100.0
