time,tcc_auto,tcc_empi
2026-03-22 00:00:08,0.0,0.0
2026-03-22 00:00:23,0.0,0.0
2026-03-22 00:00:38,0.0,0.0
2026-03-22 00:00:53,0.0,0.0
2026-03-22 00:01:08,0.0,0.0
2026-03-22 00:01:23,0.0,0.0
2026-03-22 00:01:38,0.0,0.0
2026-03-22 00:01:53,0.0,0.0
2026-03-22 00:02:08,0.0,0.0
2026-03-22 00:02:23,0.0,0.0
2026-03-22 00:02:38,0.0,0.0
2026-03-22 00:02:53,0.0,0.0
2026-03-22 00:03:08,0.0,0.0
2026-03-22 00:03:23,0.0,0.0
2026-03-22 00:03:38,0.0,0.0
2026-03-22 00:03:53,0.0,0.0
2026-03-22 00:04:08,0.0,0.0
2026-03-22 00:04:23,0.0,0.0
2026-03-22 00:04:38,0.0,0.0
2026-03-22 00:04:53,0.0,0.0
2026-03-22 00:05:08,0.0,0.0
2026-03-22 00:05:23,0.0,0.0
2026-03-22 00:05:38,0.0,0.0
2026-03-22 00:05:53,0.0,0.0
2026-03-22 00:06:08,0.0,0.0
2026-03-22 00:06:23,0.0,0.0
2026-03-22 00:06:38,0.0,0.0
2026-03-22 00:06:53,0.0,0.0
2026-03-22 00:07:08,0.0,0.0
2026-03-22 00:07:23,0.0,0.0
2026-03-22 00:07:38,0.0,0.0
2026-03-22 00:07:53,0.0,0.0
2026-03-22 00:08:08,0.0,0.0
2026-03-22 00:08:23,0.0,0.0
2026-03-22 00:08:38,0.0,0.0
2026-03-22 00:08:53,0.0,0.0
2026-03-22 00:09:08,0.0,0.0
2026-03-22 00:09:23,0.0,0.0
2026-03-22 00:09:38,0.0,0.0
2026-03-22 00:09:53,0.0,0.0
2026-03-22 00:10:08,0.0,0.0
2026-03-22 00:10:23,0.0,0.0
2026-03-22 00:10:38,0.0,0.0
2026-03-22 00:10:53,0.0,0.0
2026-03-22 00:11:08,0.0,0.0
2026-03-22 00:11:23,0.0,0.0
2026-03-22 00:11:38,0.0,0.0
2026-03-22 00:11:53,0.0,0.0
2026-03-22 00:12:08,0.0,0.0
2026-03-22 00:12:23,0.0,0.0
2026-03-22 00:12:37,0.0,0.0
2026-03-22 00:12:53,0.0,0.0
2026-03-22 00:13:08,0.0,0.0
2026-03-22 00:13:23,0.0,0.0
2026-03-22 00:13:38,0.0,0.0
2026-03-22 00:13:53,0.0,0.0
2026-03-22 00:14:08,0.0,0.0
2026-03-22 00:14:22,0.0,0.0
2026-03-22 00:14:38,0.0,0.0
2026-03-22 00:14:53,0.0,0.0
2026-03-22 00:15:07,0.0,0.0
2026-03-22 00:15:23,0.0,0.0
2026-03-22 00:15:37,0.0,0.0
2026-03-22 00:15:53,0.0,0.0
2026-03-22 00:16:07,0.0,0.0
2026-03-22 00:16:23,0.0,0.0
2026-03-22 00:16:37,0.0,0.0
2026-03-22 00:16:53,0.0,0.0
2026-03-22 00:17:08,0.0,0.0
2026-03-22 00:17:23,0.0,0.0
2026-03-22 00:17:38,0.0,0.0
2026-03-22 00:17:52,0.0,0.0
2026-03-22 00:18:07,0.0,0.0
2026-03-22 00:18:23,0.0,0.0
2026-03-22 00:18:38,0.0,0.0
2026-03-22 00:18:53,0.0,0.0
2026-03-22 00:19:07,0.0,0.0
2026-03-22 00:19:23,0.0,0.0
2026-03-22 00:19:38,0.0,0.0
2026-03-22 00:19:53,0.0,0.0
2026-03-22 00:20:07,0.0,0.0
2026-03-22 00:20:23,0.0,0.0
2026-03-22 00:20:38,0.0,0.0
2026-03-22 00:20:53,0.0,0.0
2026-03-22 00:21:07,0.0,0.0
2026-03-22 00:21:23,0.0,0.0
2026-03-22 00:21:38,0.0,0.0
2026-03-22 00:21:52,0.0,0.0
2026-03-22 00:22:07,0.0,0.0
2026-03-22 00:22:23,0.0,0.0
2026-03-22 00:22:37,0.0,0.0
2026-03-22 00:22:52,0.0,0.0
2026-03-22 00:23:08,0.0,0.0
2026-03-22 00:23:23,0.0,0.0
2026-03-22 00:23:37,0.0,0.0
2026-03-22 00:23:53,0.0,0.0
2026-03-22 00:24:08,0.0,0.0
2026-03-22 00:24:22,0.0,0.0
2026-03-22 00:24:37,0.0,0.0
2026-03-22 00:24:53,0.0,0.0
2026-03-22 00:25:08,0.0,0.0
2026-03-22 00:25:22,0.0,0.0
2026-03-22 00:25:38,0.0,0.0
2026-03-22 00:25:52,0.0,0.0
2026-03-22 00:26:08,0.0,0.0
2026-03-22 00:26:22,0.0,0.0
2026-03-22 00:26:37,0.0,0.0
2026-03-22 00:26:52,0.0,0.0
2026-03-22 00:27:08,0.0,0.0
2026-03-22 00:27:22,0.0,0.0
2026-03-22 00:27:37,0.0,0.0
2026-03-22 00:27:53,0.0,0.0
2026-03-22 00:28:07,0.0,0.0
2026-03-22 00:28:23,0.0,0.0
2026-03-22 00:28:38,0.0,0.0
2026-03-22 00:28:53,0.0,0.0
2026-03-22 00:29:08,0.0,0.0
2026-03-22 00:29:22,0.0,0.0
2026-03-22 00:29:37,0.0,0.0
2026-03-22 00:29:52,0.0,0.0
2026-03-22 00:30:07,0.0,0.0
2026-03-22 00:30:22,0.0,0.0
2026-03-22 00:30:38,0.0,0.0
2026-03-22 00:30:52,0.0,0.0
2026-03-22 00:31:07,0.0,0.0
2026-03-22 00:31:22,0.0,0.0
2026-03-22 00:31:37,0.0,0.0
2026-03-22 00:31:52,0.0,0.0
2026-03-22 00:32:07,0.0,0.0
2026-03-22 00:32:22,0.0,0.0
2026-03-22 00:32:38,0.0,0.0
2026-03-22 00:32:52,0.0,0.0
2026-03-22 00:33:07,0.0,0.0
2026-03-22 00:33:22,0.0,0.0
2026-03-22 00:33:37,0.0,0.0
2026-03-22 00:33:52,0.0,0.0
2026-03-22 00:34:07,0.0,0.0
2026-03-22 00:34:22,0.0,0.0
2026-03-22 00:34:38,0.0,0.0
2026-03-22 00:34:52,0.0,0.0
2026-03-22 00:35:07,0.0,0.0
2026-03-22 00:35:22,0.0,0.0
2026-03-22 00:35:37,0.0,0.0
2026-03-22 00:35:52,0.0,0.0
2026-03-22 00:36:07,0.0,0.0
2026-03-22 00:36:23,0.0,0.0
2026-03-22 00:36:38,0.0,0.0
2026-03-22 00:36:52,0.0,0.0
2026-03-22 00:37:07,0.0,0.0
2026-03-22 00:37:22,0.0,0.0
2026-03-22 00:37:37,0.0,0.0
2026-03-22 00:37:52,0.0,0.0
2026-03-22 00:38:07,0.0,0.0
2026-03-22 00:38:22,0.0,0.0
2026-03-22 00:38:38,0.0,0.0
2026-03-22 00:38:52,0.0,0.0
2026-03-22 00:39:07,0.0,0.0
2026-03-22 00:39:22,0.0,0.0
2026-03-22 00:39:37,0.0,0.0
2026-03-22 00:39:52,0.0,0.0
2026-03-22 00:40:07,0.0,0.0
2026-03-22 00:40:22,0.0,0.0
2026-03-22 00:40:37,0.0,0.0
2026-03-22 00:40:52,0.0,0.0
2026-03-22 00:41:07,0.0,0.0
2026-03-22 00:41:22,0.0,0.0
2026-03-22 00:41:37,0.0,0.0
2026-03-22 00:41:52,0.0,0.0
2026-03-22 00:42:07,0.0,0.0
2026-03-22 00:42:22,0.0,0.0
2026-03-22 00:42:37,0.0,0.0
2026-03-22 00:42:52,0.0,0.0
2026-03-22 00:43:07,0.0,0.0
2026-03-22 00:43:22,0.0,0.0
2026-03-22 00:43:37,0.0,0.0
2026-03-22 00:43:52,0.0,0.0
2026-03-22 00:44:07,0.0,0.0
2026-03-22 00:44:22,0.0,0.0
2026-03-22 00:44:37,0.0,0.0
2026-03-22 00:44:52,0.0,0.0
2026-03-22 00:45:07,0.0,0.0
2026-03-22 00:45:22,0.0,0.0
2026-03-22 00:45:37,0.0,0.0
2026-03-22 00:45:52,0.0,0.0
2026-03-22 00:46:07,0.0,0.0
2026-03-22 00:46:22,0.0,0.0
2026-03-22 00:46:37,0.0,0.0
2026-03-22 00:46:52,0.0,0.0
2026-03-22 00:47:07,0.0,0.0
2026-03-22 00:47:22,0.0,0.0
2026-03-22 00:47:37,0.0,0.0
2026-03-22 00:47:52,0.0,0.0
2026-03-22 00:48:07,0.0,0.0
2026-03-22 00:48:22,0.0,0.0
2026-03-22 00:48:37,0.0,0.0
2026-03-22 00:48:52,0.0,0.0
2026-03-22 00:49:07,0.0,0.0
2026-03-22 00:49:22,0.0,0.0
2026-03-22 00:49:37,0.0,0.0
2026-03-22 00:49:52,0.0,0.0
2026-03-22 00:50:07,0.0,0.0
2026-03-22 00:50:22,0.0,0.0
2026-03-22 00:50:37,0.0,0.0
2026-03-22 00:50:52,0.0,0.0
2026-03-22 00:51:07,0.0,0.0
2026-03-22 00:51:22,0.0,0.0
2026-03-22 00:51:37,0.0,0.0
2026-03-22 00:51:52,0.0,0.0
2026-03-22 00:52:07,0.0,0.0
2026-03-22 00:52:22,0.0,0.0
2026-03-22 00:52:37,0.0,0.0
2026-03-22 00:52:52,0.0,0.0
2026-03-22 00:53:07,0.0,0.0
2026-03-22 00:53:22,0.0,0.0
2026-03-22 00:53:37,0.0,0.0
2026-03-22 00:53:52,0.0,0.0
2026-03-22 00:54:07,0.0,0.0
2026-03-22 00:54:22,0.0,0.0
2026-03-22 00:54:37,0.0,0.0
2026-03-22 00:54:52,0.0,0.0
2026-03-22 00:55:07,0.0,0.0
2026-03-22 00:55:22,0.0,0.0
2026-03-22 00:55:37,0.0,0.0
2026-03-22 00:55:52,0.0,0.0
2026-03-22 00:56:07,0.0,0.0
2026-03-22 00:56:22,0.0,0.0
2026-03-22 00:56:37,0.0,0.0
2026-03-22 00:56:52,0.0,0.0
2026-03-22 00:57:07,0.0,0.0
2026-03-22 00:57:22,0.0,0.0
2026-03-22 00:57:37,0.0,0.0
2026-03-22 00:57:52,0.0,0.0
2026-03-22 00:58:07,0.0,0.0
2026-03-22 00:58:22,0.0,0.0
2026-03-22 00:58:37,0.0,0.0
2026-03-22 00:58:52,0.0,0.0
2026-03-22 00:59:07,0.0,0.0
2026-03-22 00:59:22,0.0,0.0
2026-03-22 00:59:37,0.0,0.0
2026-03-22 00:59:52,0.0,0.0
2026-03-22 01:00:07,0.0,0.0
2026-03-22 01:00:22,0.0,0.0
2026-03-22 01:00:37,0.0,0.0
2026-03-22 01:00:52,0.0,0.0
2026-03-22 01:01:07,0.0,0.0
2026-03-22 01:01:22,0.0,0.0
2026-03-22 01:01:37,0.0,0.0
2026-03-22 01:01:52,0.0,0.0
2026-03-22 01:02:07,0.0,0.0
2026-03-22 01:02:22,0.0,0.0
2026-03-22 01:02:37,0.0,0.0
2026-03-22 01:02:52,0.0,0.0
2026-03-22 01:03:07,0.0,0.0
2026-03-22 01:03:22,0.0,0.0
2026-03-22 01:03:37,0.0,0.0
2026-03-22 01:03:52,0.0,0.0
2026-03-22 01:04:07,0.0,0.0
2026-03-22 01:04:22,0.0,0.0
2026-03-22 01:04:37,0.0,0.0
2026-03-22 01:04:52,0.0,0.0
2026-03-22 01:05:07,0.0,0.0
2026-03-22 01:05:22,0.0,0.0
2026-03-22 01:05:37,0.0,0.0
2026-03-22 01:05:52,0.0,0.0
2026-03-22 01:06:07,0.0,0.0
2026-03-22 01:06:22,0.0,0.0
2026-03-22 01:06:37,0.0,0.0
2026-03-22 01:06:52,0.0,0.0
2026-03-22 01:07:07,0.0,0.0
2026-03-22 01:07:22,0.0,0.0
2026-03-22 01:07:37,0.0,0.0
2026-03-22 01:07:52,0.0,0.0
2026-03-22 01:08:07,0.0,0.0
2026-03-22 01:08:22,0.0,0.0
2026-03-22 01:08:37,0.0,0.0
2026-03-22 01:08:52,0.0,0.0
2026-03-22 01:09:07,0.0,0.0
2026-03-22 01:09:22,0.0,0.0
2026-03-22 01:09:37,0.0,0.0
2026-03-22 01:09:52,0.0,0.0
2026-03-22 01:10:07,0.0,0.0
2026-03-22 01:10:22,0.0,0.0
2026-03-22 01:10:37,0.0,0.0
2026-03-22 01:10:52,0.0,0.0
2026-03-22 01:11:07,0.0,0.0
2026-03-22 01:11:22,0.0,0.0
2026-03-22 01:11:37,0.0,0.0
2026-03-22 01:11:52,0.0,0.0
2026-03-22 01:12:07,0.0,0.0
2026-03-22 01:12:22,0.0,0.0
2026-03-22 01:12:37,0.0,0.0
2026-03-22 01:12:52,0.0,0.0
2026-03-22 01:13:07,0.0,0.0
2026-03-22 01:13:22,0.0,0.0
2026-03-22 01:13:37,0.0,0.0
2026-03-22 01:13:52,0.0,0.0
2026-03-22 01:14:07,0.0,0.0
2026-03-22 01:14:22,0.0,0.0
2026-03-22 01:14:37,0.0,0.0
2026-03-22 01:14:52,0.0,0.0
2026-03-22 01:15:07,0.0,0.0
2026-03-22 01:15:22,0.0,0.0
2026-03-22 01:15:37,0.0,0.0
2026-03-22 01:15:52,0.0,0.0
2026-03-22 01:16:07,0.0,0.0
2026-03-22 01:16:22,0.0,0.0
2026-03-22 01:16:37,0.0,0.0
2026-03-22 01:16:52,0.0,0.0
2026-03-22 01:17:07,0.0,0.0
2026-03-22 01:17:22,0.0,0.0
2026-03-22 01:17:37,0.0,0.0
2026-03-22 01:17:52,0.0,0.0
2026-03-22 01:18:07,0.0,0.0
2026-03-22 01:18:22,0.0,0.0
2026-03-22 01:18:37,0.0,0.0
2026-03-22 01:18:52,0.0,0.0
2026-03-22 01:19:07,0.0,0.0
2026-03-22 01:19:22,0.0,0.0
2026-03-22 01:19:37,0.0,0.0
2026-03-22 01:19:52,0.0,0.0
2026-03-22 01:20:07,0.0,0.0
2026-03-22 01:20:22,0.0,0.0
2026-03-22 01:20:37,0.0,0.0
2026-03-22 01:20:52,0.0,0.0
2026-03-22 01:21:07,0.0,0.0
2026-03-22 01:21:22,0.0,0.0
2026-03-22 01:21:37,0.0,0.0
2026-03-22 01:21:52,0.0,0.0
2026-03-22 01:22:07,0.0,0.0
2026-03-22 01:22:22,0.0,0.0
2026-03-22 01:22:37,0.0,0.0
2026-03-22 01:22:52,0.0,0.0
2026-03-22 01:23:07,0.0,0.0
2026-03-22 01:23:22,0.0,0.0
2026-03-22 01:23:37,0.0,0.0
2026-03-22 01:23:52,0.0,0.0
2026-03-22 01:24:07,0.0,0.0
2026-03-22 01:24:22,0.0,0.0
2026-03-22 01:24:37,0.0,0.0
2026-03-22 01:24:52,0.0,0.0
2026-03-22 01:25:07,0.0,0.0
2026-03-22 01:25:22,0.0,0.0
2026-03-22 01:25:37,0.0,0.0
2026-03-22 01:25:52,0.0,0.0
2026-03-22 01:26:07,0.0,0.0
2026-03-22 01:26:22,0.0,0.0
2026-03-22 01:26:37,0.0,0.0
2026-03-22 01:26:52,0.0,0.0
2026-03-22 01:27:07,0.0,0.0
2026-03-22 01:27:22,0.0,0.0
2026-03-22 01:27:37,0.0,0.0
2026-03-22 01:27:52,0.0,0.0
2026-03-22 01:28:07,0.0,0.0
2026-03-22 01:28:22,0.0,0.0
2026-03-22 01:28:37,0.0,0.0
2026-03-22 01:28:52,0.0,0.0
2026-03-22 01:29:07,0.0,0.0
2026-03-22 01:29:22,0.0,0.0
2026-03-22 01:29:37,0.0,0.0
2026-03-22 01:29:52,0.0,0.0
2026-03-22 01:30:07,0.0,0.0
2026-03-22 01:30:22,0.0,0.0
2026-03-22 01:30:37,0.0,0.0
2026-03-22 01:30:52,0.0,0.0
2026-03-22 01:31:07,0.0,0.0
2026-03-22 01:31:22,0.0,0.0
2026-03-22 01:31:37,0.0,0.0
2026-03-22 01:31:52,0.0,0.0
2026-03-22 01:32:07,0.0,0.0
2026-03-22 01:32:22,0.0,0.0
2026-03-22 01:32:37,0.0,0.0
2026-03-22 01:32:52,0.0,0.0
2026-03-22 01:33:07,0.0,0.0
2026-03-22 01:33:22,0.0,0.0
2026-03-22 01:33:37,0.0,0.0
2026-03-22 01:33:52,0.0,0.0
2026-03-22 01:34:07,0.0,0.0
2026-03-22 01:34:22,0.0,0.0
2026-03-22 01:34:37,0.0,0.0
2026-03-22 01:34:52,0.0,0.0
2026-03-22 01:35:07,0.0,0.0
2026-03-22 01:35:22,0.0,0.0
2026-03-22 01:35:37,0.0,0.0
2026-03-22 01:35:52,0.0,0.0
2026-03-22 01:36:07,0.0,0.0
2026-03-22 01:36:22,0.0,0.0
2026-03-22 01:36:37,0.0,0.0
2026-03-22 01:36:52,0.0,0.0
2026-03-22 01:37:07,0.0,0.0
2026-03-22 01:37:22,0.0,0.0
2026-03-22 01:37:37,0.0,0.0
2026-03-22 01:37:52,0.0,0.0
2026-03-22 01:38:07,0.0,0.0
2026-03-22 01:38:22,0.0,0.0
2026-03-22 01:38:37,0.0,0.0
2026-03-22 01:38:52,0.0,0.0
2026-03-22 01:39:07,0.0,0.0
2026-03-22 01:39:22,0.0,0.0
2026-03-22 01:39:37,0.0,0.0
2026-03-22 01:39:52,0.0,0.0
2026-03-22 01:40:07,0.0,0.0
2026-03-22 01:40:22,0.0,0.0
2026-03-22 01:40:37,0.0,0.0
2026-03-22 01:40:52,0.0,0.0
2026-03-22 01:41:07,0.0,0.0
2026-03-22 01:41:22,0.0,0.0
2026-03-22 01:41:37,0.0,0.0
2026-03-22 01:41:52,0.0,0.0
2026-03-22 01:42:07,0.0,0.0
2026-03-22 01:42:22,0.0,0.0
2026-03-22 01:42:37,0.0,0.0
2026-03-22 01:42:52,0.0,0.0
2026-03-22 01:43:07,0.0,0.0
2026-03-22 01:43:22,0.0,0.0
2026-03-22 01:43:37,0.0,0.0
2026-03-22 01:43:52,0.0,0.0
2026-03-22 01:44:07,0.0,0.0
2026-03-22 01:44:22,0.0,0.0
2026-03-22 01:44:37,0.0,0.0
2026-03-22 01:44:52,0.0,0.0
2026-03-22 01:45:07,0.0,0.0
2026-03-22 01:45:22,0.0,0.0
2026-03-22 01:45:37,0.0,0.0
2026-03-22 01:45:52,0.0,0.0
2026-03-22 01:46:07,0.0,0.0
2026-03-22 01:46:22,0.0,0.0
2026-03-22 01:46:37,0.0,0.0
2026-03-22 01:46:52,0.0,0.0
2026-03-22 01:47:07,0.0,0.0
2026-03-22 01:47:22,0.0,0.0
2026-03-22 01:47:37,0.0,0.0
2026-03-22 01:47:52,0.0,0.0
2026-03-22 01:48:07,0.0,0.0
2026-03-22 01:48:22,0.0,0.0
2026-03-22 01:48:37,0.0,0.0
2026-03-22 01:48:52,0.0,0.0
2026-03-22 01:49:07,0.0,0.0
2026-03-22 01:49:22,0.0,0.0
2026-03-22 01:49:37,0.0,0.0
2026-03-22 01:49:52,0.0,0.0
2026-03-22 01:50:07,0.0,0.0
2026-03-22 01:50:22,0.0,0.0
2026-03-22 01:50:37,0.0,0.0
2026-03-22 01:50:52,0.0,0.0
2026-03-22 01:51:07,0.0,0.0
2026-03-22 01:51:22,0.0,0.0
2026-03-22 01:51:37,0.0,0.0
2026-03-22 01:51:52,0.0,0.0
2026-03-22 01:52:07,0.0,0.0
2026-03-22 01:52:22,0.0,0.0
2026-03-22 01:52:37,0.0,0.0
2026-03-22 01:52:52,0.0,0.0
2026-03-22 01:53:07,0.0,0.0
2026-03-22 01:53:22,0.0,0.0
2026-03-22 01:53:37,0.0,0.0
2026-03-22 01:53:52,0.0,0.0
2026-03-22 01:54:07,0.0,0.0
2026-03-22 01:54:22,0.0,0.0
2026-03-22 01:54:37,0.0,0.0
2026-03-22 01:54:52,0.0,0.0
2026-03-22 01:55:07,0.0,0.0
2026-03-22 01:55:22,0.0,0.0
2026-03-22 01:55:37,0.0,0.0
2026-03-22 01:55:52,0.0,0.0
2026-03-22 01:56:07,0.0,0.0
2026-03-22 01:56:22,0.0,0.0
2026-03-22 01:56:37,0.0,0.0
2026-03-22 01:56:52,0.0,0.0
2026-03-22 01:57:07,0.0,0.0
2026-03-22 01:57:22,0.0,0.0
2026-03-22 01:57:37,0.0,0.0
2026-03-22 01:57:52,0.0,0.0
2026-03-22 01:58:07,0.0,0.0
2026-03-22 01:58:22,0.0,0.0
2026-03-22 01:58:37,0.0,0.0
2026-03-22 01:58:52,0.0,0.0
2026-03-22 01:59:07,0.0,0.0
2026-03-22 01:59:22,0.0,0.0
2026-03-22 01:59:37,0.0,0.0
2026-03-22 01:59:52,0.0,0.0
2026-03-22 02:00:07,0.0,0.0
2026-03-22 02:00:22,0.0,0.0
2026-03-22 02:00:37,0.0,0.0
2026-03-22 02:00:52,0.0,0.0
2026-03-22 02:01:07,0.0,0.0
2026-03-22 02:01:22,0.0,0.0
2026-03-22 02:01:37,0.0,0.0
2026-03-22 02:01:52,0.0,0.0
2026-03-22 02:02:07,0.0,0.0
2026-03-22 02:02:22,0.0,0.0
2026-03-22 02:02:37,0.0,0.0
2026-03-22 02:02:52,0.0,0.0
2026-03-22 02:03:07,0.0,0.0
2026-03-22 02:03:22,0.0,0.0
2026-03-22 02:03:37,0.0,0.0
2026-03-22 02:03:52,0.0,0.0
2026-03-22 02:04:07,0.0,0.0
2026-03-22 02:04:22,0.0,0.0
2026-03-22 02:04:37,0.0,0.0
2026-03-22 02:04:52,0.0,0.0
2026-03-22 02:05:07,0.0,0.0
2026-03-22 02:05:22,0.0,0.0
2026-03-22 02:05:37,0.0,0.0
2026-03-22 02:05:52,0.0,0.0
2026-03-22 02:06:07,0.0,0.0
2026-03-22 02:06:22,0.0,0.0
2026-03-22 02:06:37,0.0,0.0
2026-03-22 02:06:52,0.0,0.0
2026-03-22 02:07:07,0.0,0.0
2026-03-22 02:07:22,0.0,0.0
2026-03-22 02:07:37,0.0,0.0
2026-03-22 02:07:52,0.0,0.0
2026-03-22 02:08:07,0.0,0.0
2026-03-22 02:08:22,0.0,0.0
2026-03-22 02:08:37,0.0,0.0
2026-03-22 02:08:52,0.0,0.0
2026-03-22 02:09:07,0.0,0.0
2026-03-22 02:09:22,0.0,0.0
2026-03-22 02:09:37,0.0,0.0
2026-03-22 02:09:52,0.0,0.0
2026-03-22 02:10:07,0.0,0.0
2026-03-22 02:10:22,0.0,0.0
2026-03-22 02:10:37,0.0,0.0
2026-03-22 02:10:52,0.0,0.0
2026-03-22 02:11:07,0.0,0.0
2026-03-22 02:11:22,0.0,0.0
2026-03-22 02:11:37,0.0,0.0
2026-03-22 02:11:52,0.0,0.0
2026-03-22 02:12:07,0.0,0.0
2026-03-22 02:12:22,0.0,0.0
2026-03-22 02:12:37,0.0,0.0
2026-03-22 02:12:52,0.0,0.0
2026-03-22 02:13:07,0.0,0.0
2026-03-22 02:13:22,0.0,0.0
2026-03-22 02:13:37,0.0,0.0
2026-03-22 02:13:52,0.0,0.0
2026-03-22 02:14:07,0.0,0.0
2026-03-22 02:14:22,0.0,0.0
2026-03-22 02:14:37,0.0,0.0
2026-03-22 02:14:52,0.0,0.0
2026-03-22 02:15:07,0.0,0.0
2026-03-22 02:15:22,0.0,0.0
2026-03-22 02:15:37,0.0,0.0
2026-03-22 02:15:52,0.0,0.0
2026-03-22 02:16:07,0.0,0.0
2026-03-22 02:16:22,0.0,0.0
2026-03-22 02:16:37,0.0,0.0
2026-03-22 02:16:52,0.0,0.0
2026-03-22 02:17:07,0.0,0.0
2026-03-22 02:17:22,0.0,0.0
2026-03-22 02:17:37,0.0,0.0
2026-03-22 02:17:52,0.0,0.0
2026-03-22 02:18:07,0.0,0.0
2026-03-22 02:18:22,0.0,0.0
2026-03-22 02:18:37,0.0,0.0
2026-03-22 02:18:52,0.0,0.0
2026-03-22 02:19:07,0.0,0.0
2026-03-22 02:19:22,0.0,0.0
2026-03-22 02:19:37,0.0,0.0
2026-03-22 02:19:52,0.0,0.0
2026-03-22 02:20:07,0.0,0.0
2026-03-22 02:20:22,0.0,0.0
2026-03-22 02:20:37,0.0,0.0
2026-03-22 02:20:52,0.0,0.0
2026-03-22 02:21:07,0.0,0.0
2026-03-22 02:21:22,0.0,0.0
2026-03-22 02:21:37,0.0,0.0
2026-03-22 02:21:52,0.0,0.0
2026-03-22 02:22:07,0.0,0.0
2026-03-22 02:22:22,0.0,0.0
2026-03-22 02:22:37,0.0,0.0
2026-03-22 02:22:52,0.0,0.0
2026-03-22 02:23:07,0.0,0.0
2026-03-22 02:23:22,0.0,0.0
2026-03-22 02:23:37,0.0,0.0
2026-03-22 02:23:52,0.0,0.0
2026-03-22 02:24:07,0.0,0.0
2026-03-22 02:24:22,0.0,0.0
2026-03-22 02:24:37,0.0,0.0
2026-03-22 02:24:52,0.0,0.0
2026-03-22 02:25:07,0.0,0.0
2026-03-22 02:25:22,0.0,0.0
2026-03-22 02:25:37,0.0,0.0
2026-03-22 02:25:52,0.0,0.0
2026-03-22 02:26:07,0.0,0.0
2026-03-22 02:26:22,0.0,0.0
2026-03-22 02:26:37,0.0,0.0
2026-03-22 02:26:52,0.0,0.0
2026-03-22 02:27:07,0.0,0.0
2026-03-22 02:27:22,0.0,0.0
2026-03-22 02:27:37,0.0,0.0
2026-03-22 02:27:52,0.0,0.0
2026-03-22 02:28:07,0.0,0.0
2026-03-22 02:28:22,0.0,0.0
2026-03-22 02:28:37,0.0,0.0
2026-03-22 02:28:52,0.0,0.0
2026-03-22 02:29:07,0.0,0.0
2026-03-22 02:29:22,0.0,0.0
2026-03-22 02:29:37,0.0,0.0
2026-03-22 02:29:52,0.0,0.0
2026-03-22 02:30:07,0.0,0.0
2026-03-22 02:30:22,0.0,0.0
2026-03-22 02:30:37,0.0,0.0
2026-03-22 02:30:52,0.0,0.0
2026-03-22 02:31:07,0.0,0.0
2026-03-22 02:31:22,0.0,0.0
2026-03-22 02:31:37,0.0,0.0
2026-03-22 02:31:52,0.0,0.0
2026-03-22 02:32:07,0.0,0.0
2026-03-22 02:32:22,0.0,0.0
2026-03-22 02:32:37,0.0,0.0
2026-03-22 02:32:52,0.0,0.0
2026-03-22 02:33:07,0.0,0.0
2026-03-22 02:33:22,0.0,0.0
2026-03-22 02:33:37,0.0,0.0
2026-03-22 02:33:52,0.0,0.0
2026-03-22 02:34:07,0.0,0.0
2026-03-22 02:34:22,0.0,0.0
2026-03-22 02:34:37,0.0,0.0
2026-03-22 02:34:52,0.0,0.0
2026-03-22 02:35:07,0.0,0.0
2026-03-22 02:35:22,0.0,0.0
2026-03-22 02:35:37,0.0,0.0
2026-03-22 02:35:52,0.0,0.0
2026-03-22 02:36:07,0.0,0.0
2026-03-22 02:36:22,0.0,0.0
2026-03-22 02:36:37,0.0,0.0
2026-03-22 02:36:52,0.0,0.0
2026-03-22 02:37:07,0.0,0.0
2026-03-22 02:37:22,0.0,0.0
2026-03-22 02:37:37,0.0,0.0
2026-03-22 02:37:52,0.0,0.0
2026-03-22 02:38:07,0.0,0.0
2026-03-22 02:38:22,0.0,0.0
2026-03-22 02:38:37,0.0,0.0
2026-03-22 02:38:52,0.0,0.0
2026-03-22 02:39:07,0.0,0.0
2026-03-22 02:39:22,0.0,0.0
2026-03-22 02:39:37,0.0,0.0
2026-03-22 02:39:52,0.0,0.0
2026-03-22 02:40:07,0.0,0.0
2026-03-22 02:40:22,0.0,0.0
2026-03-22 02:40:37,0.0,0.0
2026-03-22 02:40:52,0.0,0.0
2026-03-22 02:41:07,0.0,0.0
2026-03-22 02:41:22,0.0,0.0
2026-03-22 02:41:37,0.0,0.0
2026-03-22 02:41:52,0.0,0.0
2026-03-22 02:42:07,0.0,0.0
2026-03-22 02:42:22,0.0,0.0
2026-03-22 02:42:37,0.0,0.0
2026-03-22 02:42:52,0.0,0.0
2026-03-22 02:43:07,0.0,0.0
2026-03-22 02:43:22,0.0,0.0
2026-03-22 02:43:37,0.0,0.0
2026-03-22 02:43:52,0.0,0.0
2026-03-22 02:44:07,0.0,0.0
2026-03-22 02:44:22,0.0,0.0
2026-03-22 02:44:37,0.0,0.0
2026-03-22 02:44:52,0.0,0.0
2026-03-22 02:45:07,0.0,0.0
2026-03-22 02:45:22,0.0,0.0
2026-03-22 02:45:37,0.0,0.0
2026-03-22 02:45:52,0.0,0.0
2026-03-22 02:46:07,0.0,0.0
2026-03-22 02:46:22,0.0,0.0
2026-03-22 02:46:37,0.0,0.0
2026-03-22 02:46:52,0.0,0.0
2026-03-22 02:47:07,0.0,0.0
2026-03-22 02:47:22,0.0,0.0
2026-03-22 02:47:37,0.0,0.0
2026-03-22 02:47:52,0.0,0.0
2026-03-22 02:48:07,0.0,0.0
2026-03-22 02:48:22,0.0,0.0
2026-03-22 02:48:37,0.0,0.0
2026-03-22 02:48:52,0.0,0.0
2026-03-22 02:49:07,0.0,0.0
2026-03-22 02:49:22,0.0,0.0
2026-03-22 02:49:37,0.0,0.0
2026-03-22 02:49:52,0.0,0.0
2026-03-22 02:50:07,0.0,0.0
2026-03-22 02:50:22,0.0,0.0
2026-03-22 02:50:37,0.0,0.0
2026-03-22 02:50:52,0.0,0.0
2026-03-22 02:51:07,0.0,0.0
2026-03-22 02:51:22,0.0,0.0
2026-03-22 02:51:37,0.0,0.0
2026-03-22 02:51:52,0.0,0.0
2026-03-22 02:52:07,0.0,0.0
2026-03-22 02:52:22,0.0,0.0
2026-03-22 02:52:37,0.0,0.0
2026-03-22 02:52:52,0.0,0.0
2026-03-22 02:53:07,0.0,0.0
2026-03-22 02:53:22,0.0,0.0
2026-03-22 02:53:37,0.0,0.0
2026-03-22 02:53:52,0.0,0.0
2026-03-22 02:54:07,0.0,0.0
2026-03-22 02:54:22,0.0,0.0
2026-03-22 02:54:37,0.0,0.0
2026-03-22 02:54:52,0.0,0.0
2026-03-22 02:55:07,0.0,0.0
2026-03-22 02:55:22,0.0,0.0
2026-03-22 02:55:37,0.0,0.0
2026-03-22 02:55:52,0.0,0.0
2026-03-22 02:56:07,0.0,0.0
2026-03-22 02:56:22,0.0,0.0
2026-03-22 02:56:37,0.0,0.0
2026-03-22 02:56:52,0.0,0.0
2026-03-22 02:57:07,0.0,0.0
2026-03-22 02:57:22,0.0,0.0
2026-03-22 02:57:37,0.0,0.0
2026-03-22 02:57:52,0.0,0.0
2026-03-22 02:58:07,0.0,0.0
2026-03-22 02:58:22,0.0,0.0
2026-03-22 02:58:37,0.0,0.0
2026-03-22 02:58:52,0.0,0.0
2026-03-22 02:59:07,0.0,0.0
2026-03-22 02:59:22,0.0,0.0
2026-03-22 02:59:37,0.0,0.0
2026-03-22 02:59:52,0.0,0.0
2026-03-22 03:00:07,0.0,0.0
2026-03-22 03:00:22,0.0,0.0
2026-03-22 03:00:37,0.0,0.0
2026-03-22 03:00:52,0.0,0.0
2026-03-22 03:01:07,0.0,0.0
2026-03-22 03:01:22,0.0,0.0
2026-03-22 03:01:37,0.0,0.0
2026-03-22 03:01:52,0.0,0.0
2026-03-22 03:02:07,0.0,0.0
2026-03-22 03:02:22,0.0,0.0
2026-03-22 03:02:37,0.0,0.0
2026-03-22 03:02:52,0.0,0.0
2026-03-22 03:03:07,0.0,0.0
2026-03-22 03:03:22,0.0,0.0
2026-03-22 03:03:37,0.0,0.0
2026-03-22 03:03:52,0.0,0.0
2026-03-22 03:04:07,0.0,0.0
2026-03-22 03:04:22,0.0,0.0
2026-03-22 03:04:37,0.0,0.0
2026-03-22 03:04:52,0.0,0.0
2026-03-22 03:05:07,0.0,0.0
2026-03-22 03:05:22,0.0,0.0
2026-03-22 03:05:37,0.0,0.0
2026-03-22 03:05:52,0.0,0.0
2026-03-22 03:06:07,0.0,0.0
2026-03-22 03:06:22,0.0,0.0
2026-03-22 03:06:37,0.0,0.0
2026-03-22 03:06:52,0.0,0.0
2026-03-22 03:07:07,0.0,0.0
2026-03-22 03:07:22,0.0,0.0
2026-03-22 03:07:37,0.0,0.0
2026-03-22 03:07:52,0.0,0.0
2026-03-22 03:08:07,0.0,0.0
2026-03-22 03:08:22,0.0,0.0
2026-03-22 03:08:37,0.0,0.0
2026-03-22 03:08:52,0.0,0.0
2026-03-22 03:09:07,0.0,0.0
2026-03-22 03:09:22,0.0,0.0
2026-03-22 03:09:37,0.0,0.0
2026-03-22 03:09:52,0.0,0.0
2026-03-22 03:10:07,0.0,0.0
2026-03-22 03:10:22,0.0,0.0
2026-03-22 03:10:37,0.0,0.0
2026-03-22 03:10:52,0.0,0.0
2026-03-22 03:11:07,0.0,0.0
2026-03-22 03:11:22,0.0,0.0
2026-03-22 03:11:37,0.0,0.0
2026-03-22 03:11:52,0.0,0.0
2026-03-22 03:12:07,0.0,0.0
2026-03-22 03:12:22,0.0,0.0
2026-03-22 03:12:37,0.0,0.0
2026-03-22 03:12:52,0.0,0.0
2026-03-22 03:13:07,0.0,0.0
2026-03-22 03:13:22,0.0,0.0
2026-03-22 03:13:37,0.0,0.0
2026-03-22 03:13:52,0.0,0.0
2026-03-22 03:14:07,0.0,0.0
2026-03-22 03:14:22,0.0,0.0
2026-03-22 03:14:37,0.0,0.0
2026-03-22 03:14:52,0.0,0.0
2026-03-22 03:15:07,0.0,0.0
2026-03-22 03:15:22,0.0,0.0
2026-03-22 03:15:37,0.0,0.0
2026-03-22 03:15:52,0.0,0.0
2026-03-22 03:16:07,0.0,0.0
2026-03-22 03:16:22,0.0,0.0
2026-03-22 03:16:37,0.0,0.0
2026-03-22 03:16:52,0.0,0.0
2026-03-22 03:17:07,0.0,0.0
2026-03-22 03:17:22,0.0,0.0
2026-03-22 03:17:37,0.0,0.0
2026-03-22 03:17:52,0.0,0.0
2026-03-22 03:18:07,0.0,0.0
2026-03-22 03:18:22,0.0,0.0
2026-03-22 03:18:37,0.0,0.0
2026-03-22 03:18:52,0.0,0.0
2026-03-22 03:19:07,0.0,0.0
2026-03-22 03:19:22,0.0,0.0
2026-03-22 03:19:37,0.0,0.0
2026-03-22 03:19:52,0.0,0.0
2026-03-22 03:20:07,0.0,0.0
2026-03-22 03:20:22,0.0,0.0
2026-03-22 03:20:37,0.0,0.0
2026-03-22 03:20:52,0.0,0.0
2026-03-22 03:21:07,0.0,0.0
2026-03-22 03:21:22,0.0,0.0
2026-03-22 03:21:37,0.0,0.0
2026-03-22 03:21:52,0.0,0.0
2026-03-22 03:22:07,0.0,0.0
2026-03-22 03:22:22,0.0,0.0
2026-03-22 03:22:37,0.0,0.0
2026-03-22 03:22:52,0.0,0.0
2026-03-22 03:23:07,0.0,0.0
2026-03-22 03:23:22,0.0,0.0
2026-03-22 03:23:37,0.0,0.0
2026-03-22 03:23:52,0.0,0.0
2026-03-22 03:24:07,0.0,0.0
2026-03-22 03:24:22,0.0,0.0
2026-03-22 03:24:37,0.0,0.0
2026-03-22 03:24:52,0.0,0.0
2026-03-22 03:25:07,0.0,0.0
2026-03-22 03:25:22,0.0,0.0
2026-03-22 03:25:37,0.0,0.0
2026-03-22 03:25:52,0.0,0.0
2026-03-22 03:26:07,0.0,0.0
2026-03-22 03:26:22,0.0,0.0
2026-03-22 03:26:37,0.0,0.0
2026-03-22 03:26:52,0.0,0.0
2026-03-22 03:27:07,0.0,0.0
2026-03-22 03:27:22,0.0,0.0
2026-03-22 03:27:37,0.0,0.0
2026-03-22 03:27:52,0.0,0.0
2026-03-22 03:28:07,0.0,0.0
2026-03-22 03:28:22,0.0,0.0
2026-03-22 03:28:37,0.0,0.0
2026-03-22 03:28:52,0.0,0.0
2026-03-22 03:29:07,0.0,0.0
2026-03-22 03:29:22,0.0,0.0
2026-03-22 03:29:37,0.0,0.0
2026-03-22 03:29:52,0.0,0.0
2026-03-22 03:30:07,0.0,0.0
2026-03-22 03:30:22,0.0,0.0
2026-03-22 03:30:37,0.0,0.0
2026-03-22 03:30:52,0.0,0.0
2026-03-22 03:31:07,0.0,0.0
2026-03-22 03:31:22,0.0,0.0
2026-03-22 03:31:37,0.0,0.0
2026-03-22 03:31:52,0.0,0.0
2026-03-22 03:32:07,0.0,0.0
2026-03-22 03:32:22,0.0,0.0
2026-03-22 03:32:37,0.0,0.0
2026-03-22 03:32:52,0.0,0.0
2026-03-22 03:33:07,0.0,0.0
2026-03-22 03:33:22,0.0,0.0
2026-03-22 03:33:37,0.0,0.0
2026-03-22 03:33:52,0.0,0.0
2026-03-22 03:34:07,0.0,0.0
2026-03-22 03:34:22,0.0,0.0
2026-03-22 03:34:37,0.0,0.0
2026-03-22 03:34:52,0.0,0.0
2026-03-22 03:35:07,0.0,0.0
2026-03-22 03:35:22,0.0,0.0
2026-03-22 03:35:37,0.0,0.0
2026-03-22 03:35:52,0.0,0.0
2026-03-22 03:36:07,0.0,0.0
2026-03-22 03:36:22,0.0,0.0
2026-03-22 03:36:37,0.0,0.0
2026-03-22 03:36:52,0.0,0.0
2026-03-22 03:37:07,0.0,0.0
2026-03-22 03:37:22,0.0,0.0
2026-03-22 03:37:37,0.0,0.0
2026-03-22 03:37:52,0.0,0.0
2026-03-22 03:38:07,0.0,0.0
2026-03-22 03:38:22,0.0,0.0
2026-03-22 03:38:37,0.0,0.0
2026-03-22 03:38:52,0.0,0.0
2026-03-22 03:39:07,0.0,0.0
2026-03-22 03:39:22,0.0,0.0
2026-03-22 03:39:37,0.0,0.0
2026-03-22 03:39:52,0.0,0.0
2026-03-22 03:40:07,0.0,0.0
2026-03-22 03:40:22,0.0,0.0
2026-03-22 03:40:37,0.0,0.0
2026-03-22 03:40:52,0.0,0.0
2026-03-22 03:41:07,0.0,0.0
2026-03-22 03:41:22,0.0,0.0
2026-03-22 03:41:37,0.0,0.0
2026-03-22 03:41:52,0.0,0.0
2026-03-22 03:42:07,0.0,0.0
2026-03-22 03:42:22,0.0,0.0
2026-03-22 03:42:37,0.0,0.0
2026-03-22 03:42:52,0.0,0.0
2026-03-22 03:43:07,0.0,0.0
2026-03-22 03:43:22,0.0,0.0
2026-03-22 03:43:37,0.0,0.0
2026-03-22 03:43:52,0.0,0.0
2026-03-22 03:44:07,0.0,0.0
2026-03-22 03:44:22,0.0,0.0
2026-03-22 03:44:37,0.0,0.0
2026-03-22 03:44:52,0.0,0.0
2026-03-22 03:45:07,0.0,0.0
2026-03-22 03:45:22,0.0,0.0
2026-03-22 03:45:37,0.0,0.0
2026-03-22 03:45:52,0.0,0.0
2026-03-22 03:46:07,0.0,0.0
2026-03-22 03:46:22,0.0,0.0
2026-03-22 03:46:37,0.0,0.0
2026-03-22 03:46:52,0.0,0.0
2026-03-22 03:47:07,0.0,0.0
2026-03-22 03:47:22,0.0,0.0
2026-03-22 03:47:37,0.0,0.0
2026-03-22 03:47:52,0.0,0.0
2026-03-22 03:48:07,0.0,0.0
2026-03-22 03:48:22,0.0,0.0
2026-03-22 03:48:37,0.0,0.0
2026-03-22 03:48:52,0.0,0.0
2026-03-22 03:49:07,0.0,0.0
2026-03-22 03:49:22,0.0,0.0
2026-03-22 03:49:37,0.0,0.0
2026-03-22 03:49:52,0.0,0.0
2026-03-22 03:50:07,0.0,0.0
2026-03-22 03:50:22,0.0,0.0
2026-03-22 03:50:37,0.0,0.0
2026-03-22 03:50:52,0.0,0.0
2026-03-22 03:51:07,0.0,0.0
2026-03-22 03:51:22,0.0,0.0
2026-03-22 03:51:37,0.0,0.0
2026-03-22 03:51:52,0.0,0.0
2026-03-22 03:52:07,0.0,0.0
2026-03-22 03:52:22,0.0,0.0
2026-03-22 03:52:37,0.0,0.0
2026-03-22 03:52:52,0.0,0.0
2026-03-22 03:53:07,0.0,0.0
2026-03-22 03:53:22,0.0,0.0
2026-03-22 03:53:37,0.0,0.0
2026-03-22 03:53:52,0.0,0.0
2026-03-22 03:54:07,0.0,0.0
2026-03-22 03:54:22,0.0,0.0
2026-03-22 03:54:37,0.0,0.0
2026-03-22 03:54:52,0.0,0.0
2026-03-22 03:55:07,0.0,0.0
2026-03-22 03:55:22,0.0,0.0
2026-03-22 03:55:37,0.0,0.0
2026-03-22 03:55:52,0.0,0.0
2026-03-22 03:56:07,0.0,0.0
2026-03-22 03:56:22,0.0,0.0
2026-03-22 03:56:37,0.0,0.0
2026-03-22 03:56:52,0.0,0.0
2026-03-22 03:57:07,0.0,0.0
2026-03-22 03:57:22,0.0,0.0
2026-03-22 03:57:37,0.0,0.0
2026-03-22 03:57:52,0.0,0.0
2026-03-22 03:58:07,0.0,0.0
2026-03-22 03:58:22,0.0,0.0
2026-03-22 03:58:37,0.0,0.0
2026-03-22 03:58:52,0.0,0.0
2026-03-22 03:59:07,0.0,0.0
2026-03-22 03:59:22,0.0,0.0
2026-03-22 03:59:37,0.0,0.0
2026-03-22 03:59:52,0.0,0.0
2026-03-22 04:00:07,0.0,0.0
2026-03-22 04:00:22,0.0,0.0
2026-03-22 04:00:37,0.0,0.0
2026-03-22 04:00:52,0.0,0.0
2026-03-22 04:01:07,0.0,0.0
2026-03-22 04:01:22,0.0,0.0
2026-03-22 04:01:37,0.0,0.0
2026-03-22 04:01:52,0.0,0.0
2026-03-22 04:02:07,0.0,0.0
2026-03-22 04:02:22,0.0,0.0
2026-03-22 04:02:37,0.0,0.0
2026-03-22 04:02:52,0.0,0.0
2026-03-22 04:03:07,0.0,0.0
2026-03-22 04:03:22,0.0,0.0
2026-03-22 04:03:37,0.0,0.0
2026-03-22 04:03:52,0.0,0.0
2026-03-22 04:04:07,0.0,0.0
2026-03-22 04:04:22,0.0,0.0
2026-03-22 04:04:37,0.0,0.0
2026-03-22 04:04:52,0.0,0.0
2026-03-22 04:05:07,0.0,0.0
2026-03-22 04:05:22,0.0,0.0
2026-03-22 04:05:37,0.0,0.0
2026-03-22 04:05:52,0.0,0.0
2026-03-22 04:06:07,0.0,0.0
2026-03-22 04:06:22,0.0,0.0
2026-03-22 04:06:37,0.0,0.0
2026-03-22 04:06:52,0.0,0.0
2026-03-22 04:07:07,0.0,0.0
2026-03-22 04:07:22,0.0,0.0
2026-03-22 04:07:37,0.0,0.0
2026-03-22 04:07:52,0.0,0.0
2026-03-22 04:08:07,0.0,0.0
2026-03-22 04:08:22,0.0,0.0
2026-03-22 04:08:37,0.0,0.0
2026-03-22 04:08:52,0.0,0.0
2026-03-22 04:09:07,0.0,0.0
2026-03-22 04:09:22,0.0,0.0
2026-03-22 04:09:37,0.0,0.0
2026-03-22 04:09:52,0.0,0.0
2026-03-22 04:10:07,0.0,0.0
2026-03-22 04:10:22,0.0,0.0
2026-03-22 04:10:37,0.0,0.0
2026-03-22 04:10:52,0.0,0.0
2026-03-22 04:11:07,0.0,0.0
2026-03-22 04:11:22,0.0,0.0
2026-03-22 04:11:37,0.0,0.0
2026-03-22 04:11:52,0.0,0.0
2026-03-22 04:12:07,0.0,0.0
2026-03-22 04:12:22,0.0,0.0
2026-03-22 04:12:37,0.0,0.0
2026-03-22 04:12:52,0.0,0.0
2026-03-22 04:13:07,0.0,0.0
2026-03-22 04:13:22,0.0,0.0
2026-03-22 04:13:37,0.0,0.0
2026-03-22 04:13:52,0.0,0.0
2026-03-22 04:14:07,0.0,0.0
2026-03-22 04:14:22,0.0,0.0
2026-03-22 04:14:37,0.0,0.0
2026-03-22 04:14:52,0.0,0.0
2026-03-22 04:15:07,0.0,0.0
2026-03-22 04:15:22,0.0,0.0
2026-03-22 04:15:37,0.0,0.0
2026-03-22 04:15:52,0.0,0.0
2026-03-22 04:16:07,0.0,0.0
2026-03-22 04:16:22,0.0,0.0
2026-03-22 04:16:37,0.0,0.0
2026-03-22 04:16:52,0.0,0.0
2026-03-22 04:17:07,0.0,0.0
2026-03-22 04:17:22,0.0,0.0
2026-03-22 04:17:37,0.0,0.0
2026-03-22 04:17:52,0.0,0.0
2026-03-22 04:18:07,0.0,0.0
2026-03-22 04:18:22,0.0,0.0
2026-03-22 04:18:37,0.0,0.0
2026-03-22 04:18:52,0.0,0.0
2026-03-22 04:19:07,0.0,0.0
2026-03-22 04:19:22,0.0,0.0
2026-03-22 04:19:37,0.0,0.0
2026-03-22 04:19:52,0.0,0.0
2026-03-22 04:20:07,0.0,0.0
2026-03-22 04:20:22,0.0,0.0
2026-03-22 04:20:37,0.0,0.0
2026-03-22 04:20:52,0.0,0.0
2026-03-22 04:21:07,0.0,0.0
2026-03-22 04:21:22,0.0,0.0
2026-03-22 04:21:37,0.0,0.0
2026-03-22 04:21:52,0.0,0.0
2026-03-22 04:22:07,0.0,0.0
2026-03-22 04:22:22,0.0,0.0
2026-03-22 04:22:37,0.0,0.0
2026-03-22 04:22:52,0.0,0.0
2026-03-22 04:23:07,0.0,0.0
2026-03-22 04:23:22,0.0,0.0
2026-03-22 04:23:37,0.0,0.0
2026-03-22 04:23:52,0.0,0.0
2026-03-22 04:24:07,0.0,0.0
2026-03-22 04:24:22,0.0,0.0
2026-03-22 04:24:37,0.0,0.0
2026-03-22 04:24:52,0.0,0.0
2026-03-22 04:25:07,0.0,0.0
2026-03-22 04:25:22,0.0,0.0
2026-03-22 04:25:37,0.0,0.0
2026-03-22 04:25:52,0.0,0.0
2026-03-22 04:26:07,0.0,0.0
2026-03-22 04:26:22,0.0,0.0
2026-03-22 04:26:37,0.0,0.0
2026-03-22 04:26:52,0.0,0.0
2026-03-22 04:27:07,0.0,0.0
2026-03-22 04:27:22,0.0,0.0
2026-03-22 04:27:37,0.0,0.0
2026-03-22 04:27:52,0.0,0.0
2026-03-22 04:28:07,0.0,0.0
2026-03-22 04:28:22,0.0,0.0
2026-03-22 04:28:37,0.0,0.0
2026-03-22 04:28:52,0.0,0.0
2026-03-22 04:29:07,0.0,0.0
2026-03-22 04:29:22,0.0,0.0
2026-03-22 04:29:37,0.0,0.0
2026-03-22 04:29:52,0.0,0.0
2026-03-22 04:30:07,0.0,0.0
2026-03-22 04:30:22,0.0,0.0
2026-03-22 04:30:37,0.0,0.0
2026-03-22 04:30:52,0.0,0.0
2026-03-22 04:31:07,0.0,0.0
2026-03-22 04:31:22,0.0,0.0
2026-03-22 04:31:37,0.0,0.0
2026-03-22 04:31:52,0.0,0.0
2026-03-22 04:32:07,0.0,0.0
2026-03-22 04:32:22,0.0,0.0
2026-03-22 04:32:37,0.0,0.0
2026-03-22 04:32:52,0.0,0.0
2026-03-22 04:33:07,0.0,0.0
2026-03-22 04:33:22,0.0,0.0
2026-03-22 04:33:37,0.0,0.0
2026-03-22 04:33:52,0.0,0.0
2026-03-22 04:34:07,0.0,0.0
2026-03-22 04:34:22,0.0,0.0
2026-03-22 04:34:37,0.0,0.0
2026-03-22 04:34:52,0.0,0.0
2026-03-22 04:35:07,0.0,0.0
2026-03-22 04:35:22,0.0,0.0
2026-03-22 04:35:37,0.0,0.0
2026-03-22 04:35:52,0.0,0.0
2026-03-22 04:36:07,0.0,0.0
2026-03-22 04:36:22,0.0,0.0
2026-03-22 04:36:37,0.0,0.0
2026-03-22 04:36:52,0.0,0.0
2026-03-22 04:37:07,0.0,0.0
2026-03-22 04:37:22,0.0,0.0
2026-03-22 04:37:37,0.0,0.0
2026-03-22 04:37:52,0.0,0.0
2026-03-22 04:38:07,0.0,0.0
2026-03-22 04:38:22,0.0,0.0
2026-03-22 04:38:37,0.0,0.0
2026-03-22 04:38:52,0.0,0.0
2026-03-22 04:39:07,0.0,0.0
2026-03-22 04:39:22,0.0,0.0
2026-03-22 04:39:37,0.0,0.0
2026-03-22 04:39:52,0.0,0.0
2026-03-22 04:40:07,0.0,0.0
2026-03-22 04:40:22,0.0,0.0
2026-03-22 04:40:37,0.0,0.0
2026-03-22 04:40:52,0.0,0.0
2026-03-22 04:41:07,0.0,0.0
2026-03-22 04:41:22,0.0,0.0
2026-03-22 04:41:37,0.0,0.0
2026-03-22 04:41:52,0.0,0.0
2026-03-22 04:42:07,0.0,0.0
2026-03-22 04:42:22,0.0,0.0
2026-03-22 04:42:37,0.0,0.0
2026-03-22 04:42:52,0.0,0.0
2026-03-22 04:43:07,0.0,0.0
2026-03-22 04:43:22,0.0,0.0
2026-03-22 04:43:37,0.0,0.0
2026-03-22 04:43:52,0.0,0.0
2026-03-22 04:44:07,0.0,0.0
2026-03-22 04:44:22,0.0,0.0
2026-03-22 04:44:37,0.0,0.0
2026-03-22 04:44:52,0.0,0.0
2026-03-22 04:45:07,0.0,0.0
2026-03-22 04:45:22,0.0,0.0
2026-03-22 04:45:37,0.0,0.0
2026-03-22 04:45:52,0.0,0.0
2026-03-22 04:46:07,0.0,0.0
2026-03-22 04:46:22,0.0,0.0
2026-03-22 04:46:37,0.0,0.0
2026-03-22 04:46:52,0.0,0.0
2026-03-22 04:47:07,0.0,0.0
2026-03-22 04:47:22,0.0,0.0
2026-03-22 04:47:37,0.0,0.0
2026-03-22 04:47:52,0.0,0.0
2026-03-22 04:48:07,0.0,0.0
2026-03-22 04:48:22,0.0,0.0
2026-03-22 04:48:37,0.0,0.0
2026-03-22 04:48:52,0.0,0.0
2026-03-22 04:49:07,0.0,0.0
2026-03-22 04:49:22,0.0,0.0
2026-03-22 04:49:37,0.0,0.0
2026-03-22 04:49:52,0.0,0.0
2026-03-22 04:50:07,0.0,0.0
2026-03-22 04:50:22,0.0,0.0
2026-03-22 04:50:37,0.0,0.0
2026-03-22 04:50:52,0.0,0.0
2026-03-22 04:51:07,0.0,0.0
2026-03-22 04:51:22,0.0,0.0
2026-03-22 04:51:37,0.0,0.0
2026-03-22 04:51:52,0.0,0.0
2026-03-22 04:52:07,0.0,0.0
2026-03-22 04:52:22,0.0,0.0
2026-03-22 04:52:37,0.0,0.0
2026-03-22 04:52:52,0.0,0.0
2026-03-22 04:53:07,0.0,0.0
2026-03-22 04:53:22,0.0,0.0
2026-03-22 04:53:37,0.0,0.0
2026-03-22 04:53:52,0.0,0.0
2026-03-22 04:54:07,0.0,0.0
2026-03-22 04:54:22,0.0,0.0
2026-03-22 04:54:37,0.0,0.0
2026-03-22 04:54:52,0.0,0.0
2026-03-22 04:55:07,0.0,0.0
2026-03-22 04:55:22,0.0,0.0
2026-03-22 04:55:37,0.0,0.0
2026-03-22 04:55:52,0.0,0.0
2026-03-22 04:56:07,0.0,0.0
2026-03-22 04:56:22,0.0,0.0
2026-03-22 04:56:37,0.0,0.0
2026-03-22 04:56:52,0.0,0.0
2026-03-22 04:57:07,0.0,0.0
2026-03-22 04:57:22,0.0,0.0
2026-03-22 04:57:37,0.0,0.0
2026-03-22 04:57:52,0.0,0.0
2026-03-22 04:58:07,0.0,0.0
2026-03-22 04:58:22,0.0,0.0
2026-03-22 04:58:37,0.0,0.0
2026-03-22 04:58:52,0.0,0.0
2026-03-22 04:59:07,0.0,0.0
2026-03-22 04:59:22,0.0,0.0
2026-03-22 04:59:37,0.0,0.0
2026-03-22 04:59:52,0.0,0.0
2026-03-22 05:00:07,0.0,0.0
2026-03-22 05:00:22,0.0,0.0
2026-03-22 05:00:37,0.0,0.0
2026-03-22 05:00:52,0.0,0.0
2026-03-22 05:01:07,0.0,0.0
2026-03-22 05:01:22,0.0,0.0
2026-03-22 05:01:37,0.0,0.0
2026-03-22 05:01:52,0.0,0.0
2026-03-22 05:02:07,0.0,0.0
2026-03-22 05:02:22,0.0,0.0
2026-03-22 05:02:37,0.0,0.0
2026-03-22 05:02:52,0.0,0.0
2026-03-22 05:03:07,0.0,0.0
2026-03-22 05:03:22,0.0,0.0
2026-03-22 05:03:37,0.0,0.0
2026-03-22 05:03:52,0.0,0.0
2026-03-22 05:04:07,0.0,0.0
2026-03-22 05:04:22,0.0,0.0
2026-03-22 05:04:37,0.0,0.0
2026-03-22 05:04:52,0.0,0.0
2026-03-22 05:05:07,0.0,0.0
2026-03-22 05:05:22,0.0,0.0
2026-03-22 05:05:37,0.0,0.0
2026-03-22 05:05:52,0.0,0.0
2026-03-22 05:06:07,0.0,0.0
2026-03-22 05:06:22,0.0,0.0
2026-03-22 05:06:37,0.0,0.0
2026-03-22 05:06:52,0.0,0.0
2026-03-22 05:07:07,0.0,0.0
2026-03-22 05:07:22,0.0,0.0
2026-03-22 05:07:37,0.0,0.0
2026-03-22 05:07:52,0.0,0.0
2026-03-22 05:08:07,0.0,0.0
2026-03-22 05:08:22,0.0,0.0
2026-03-22 05:08:37,0.0,0.0
2026-03-22 05:08:52,0.0,0.0
2026-03-22 05:09:07,0.0,0.0
2026-03-22 05:09:22,0.0,0.0
2026-03-22 05:09:37,0.0,0.0
2026-03-22 05:09:52,0.0,0.0
2026-03-22 05:10:07,0.0,0.0
2026-03-22 05:10:22,0.0,0.0
2026-03-22 05:10:37,0.0,0.0
2026-03-22 05:10:52,0.0,0.0
2026-03-22 05:11:07,0.0,0.0
2026-03-22 05:11:22,0.0,0.0
2026-03-22 05:11:37,0.0,0.0
2026-03-22 05:11:52,0.0,0.0
2026-03-22 05:12:07,0.0,0.0
2026-03-22 05:12:22,0.0,0.0
2026-03-22 05:12:37,0.0,0.0
2026-03-22 05:12:52,0.0,0.0
2026-03-22 05:13:07,0.0,0.0
2026-03-22 05:13:22,0.0,0.0
2026-03-22 05:13:37,0.0,0.0
2026-03-22 05:13:52,0.0,0.0
2026-03-22 05:14:07,0.0,0.0
2026-03-22 05:14:22,0.0,0.0
2026-03-22 05:14:37,0.0,0.0
2026-03-22 05:14:52,0.0,0.0
2026-03-22 05:15:07,0.0,0.0
2026-03-22 05:15:22,0.0,0.0
2026-03-22 05:15:37,0.0,0.0
2026-03-22 05:15:52,0.0,0.0
2026-03-22 05:16:07,0.0,0.0
2026-03-22 05:16:22,0.0,0.0
2026-03-22 05:16:37,0.0,0.0
2026-03-22 05:16:52,0.0,0.0
2026-03-22 05:17:07,0.0,0.0
2026-03-22 05:17:22,0.0,0.0
2026-03-22 05:17:37,0.0,0.0
2026-03-22 05:17:52,0.0,0.0
2026-03-22 05:18:07,0.0,0.0
2026-03-22 05:18:22,0.0,0.0
2026-03-22 05:18:37,0.0,0.0
2026-03-22 05:18:52,0.0,0.0
2026-03-22 05:19:07,0.0,0.0
2026-03-22 05:19:22,0.0,0.0
2026-03-22 05:19:37,0.0,0.0
2026-03-22 05:19:52,0.0,0.0
2026-03-22 05:20:07,0.0,0.0
2026-03-22 05:20:22,0.0,0.0
2026-03-22 05:20:37,0.0,0.0
2026-03-22 05:20:52,0.0,0.0
2026-03-22 05:21:07,0.0,0.0
2026-03-22 05:21:22,0.0,0.0
2026-03-22 05:21:37,0.0,0.0
2026-03-22 05:21:52,0.0,0.0
2026-03-22 05:22:07,0.0,0.0
2026-03-22 05:22:22,0.0,0.0
2026-03-22 05:22:37,0.0,0.0
2026-03-22 05:22:52,0.0,0.0
2026-03-22 05:23:07,0.0,0.0
2026-03-22 05:23:22,0.0,0.0
2026-03-22 05:23:37,0.0,0.0
2026-03-22 05:23:52,0.0,0.0
2026-03-22 05:24:07,0.0,0.0
2026-03-22 05:24:22,0.0,0.0
2026-03-22 05:24:37,0.0,0.0
2026-03-22 05:24:52,0.0,0.0
2026-03-22 05:25:07,0.0,0.0
2026-03-22 05:25:22,0.0,0.0
2026-03-22 05:25:37,0.0,0.0
2026-03-22 05:25:52,0.0,0.0
2026-03-22 05:26:07,0.0,0.0
2026-03-22 05:26:22,0.0,0.0
2026-03-22 05:26:37,0.0,0.0
2026-03-22 05:26:52,0.0,0.0
2026-03-22 05:27:07,0.0,0.0
2026-03-22 05:27:22,0.0,0.0
2026-03-22 05:27:37,0.0,0.0
2026-03-22 05:27:52,0.0,0.0
2026-03-22 05:28:07,0.0,0.0
2026-03-22 05:28:22,0.0,0.0
2026-03-22 05:28:37,0.0,0.0
2026-03-22 05:28:52,0.0,0.0
2026-03-22 05:29:07,0.0,0.0
2026-03-22 05:29:22,0.0,0.0
2026-03-22 05:29:37,0.0,0.0
2026-03-22 05:29:52,0.0,0.0
2026-03-22 05:30:07,0.0,0.0
2026-03-22 05:30:22,0.0,0.0
2026-03-22 05:30:37,0.0,0.0
2026-03-22 05:30:52,0.0,0.0
2026-03-22 05:31:07,0.0,0.0
2026-03-22 05:31:22,0.0,0.0
2026-03-22 05:31:37,0.0,0.0
2026-03-22 05:31:52,0.0,0.0
2026-03-22 05:32:07,0.0,0.0
2026-03-22 05:32:22,0.0,0.0
2026-03-22 05:32:37,0.0,0.0
2026-03-22 05:32:52,0.0,0.0
2026-03-22 05:33:07,0.0,0.0
2026-03-22 05:33:22,0.0,0.0
2026-03-22 05:33:37,0.0,0.0
2026-03-22 05:33:52,0.0,0.0
2026-03-22 05:34:07,0.0,0.0
2026-03-22 05:34:22,0.0,0.0
2026-03-22 05:34:37,0.0,0.0
2026-03-22 05:34:52,0.0,0.0
2026-03-22 05:35:07,0.0,0.0
2026-03-22 05:35:22,0.0,0.0
2026-03-22 05:35:37,0.0,0.0
2026-03-22 05:35:52,0.0,0.0
2026-03-22 05:36:07,0.0,0.0
2026-03-22 05:36:22,0.0,0.0
2026-03-22 05:36:37,0.0,0.0
2026-03-22 05:36:52,0.0,0.0
2026-03-22 05:37:07,0.0,0.0
2026-03-22 05:37:22,0.0,0.0
2026-03-22 05:37:37,0.0,0.0
2026-03-22 05:37:52,0.0,0.0
2026-03-22 05:38:07,0.0,0.0
2026-03-22 05:38:22,0.0,0.0
2026-03-22 05:38:37,0.0,0.0
2026-03-22 05:38:52,0.0,0.0
2026-03-22 05:39:07,0.0,0.0
2026-03-22 05:39:22,0.0,0.0
2026-03-22 05:39:37,0.0,0.0
2026-03-22 05:39:52,0.0,0.0
2026-03-22 05:40:07,0.0,0.0
2026-03-22 05:40:22,0.0,0.0
2026-03-22 05:40:37,0.0,0.0
2026-03-22 05:40:52,0.0,0.0
2026-03-22 05:41:07,0.0,0.0
2026-03-22 05:41:22,0.0,0.0
2026-03-22 05:41:37,0.0,0.0
2026-03-22 05:41:52,0.0,0.0
2026-03-22 05:42:07,0.0,0.0
2026-03-22 05:42:22,0.0,0.0
2026-03-22 05:42:37,0.0,0.0
2026-03-22 05:42:52,0.0,0.0
2026-03-22 05:43:07,0.0,0.0
2026-03-22 05:43:22,0.0,0.0
2026-03-22 05:43:37,0.0,0.0
2026-03-22 05:43:52,0.0,0.0
2026-03-22 05:44:07,0.0,0.0
2026-03-22 05:44:22,0.0,0.0
2026-03-22 05:44:37,0.0,0.0
2026-03-22 05:44:52,0.0,0.0
2026-03-22 05:45:07,0.0,0.0
2026-03-22 05:45:22,0.0,0.0
2026-03-22 05:45:37,0.0,0.0
2026-03-22 05:45:52,0.0,0.0
2026-03-22 05:46:07,0.0,0.0
2026-03-22 05:46:22,0.0,0.0
2026-03-22 05:46:37,0.0,0.0
2026-03-22 05:46:52,0.0,0.0
2026-03-22 05:47:07,0.0,0.0
2026-03-22 05:47:22,0.0,0.0
2026-03-22 05:47:37,0.0,0.0
2026-03-22 05:47:52,0.0,0.0
2026-03-22 05:48:07,0.0,0.0
2026-03-22 05:48:22,0.0,0.0
2026-03-22 05:48:37,0.0,0.0
2026-03-22 05:48:52,0.0,0.0
2026-03-22 05:49:07,0.0,0.0
2026-03-22 05:49:22,0.0,0.0
2026-03-22 05:49:37,0.0,0.0
2026-03-22 05:49:52,0.0,0.0
2026-03-22 05:50:07,0.0,0.0
2026-03-22 05:50:22,0.0,0.0
2026-03-22 05:50:37,0.0,0.0
2026-03-22 05:50:52,0.0,0.0
2026-03-22 05:51:07,0.0,0.0
2026-03-22 05:51:22,0.0,0.0
2026-03-22 05:51:37,0.0,0.0
2026-03-22 05:51:52,0.0,0.0
2026-03-22 05:52:07,0.0,0.0
2026-03-22 05:52:22,0.0,0.0
2026-03-22 05:52:37,0.0,0.0
2026-03-22 05:52:52,0.0,0.0
2026-03-22 05:53:07,0.0,0.0
2026-03-22 05:53:22,0.0,0.0
2026-03-22 05:53:37,0.0,0.0
2026-03-22 05:53:52,0.0,0.0
2026-03-22 05:54:07,0.0,0.0
2026-03-22 05:54:22,0.0,0.0
2026-03-22 05:54:37,0.0,0.0
2026-03-22 05:54:52,0.0,0.0
2026-03-22 05:55:07,0.0,0.0
2026-03-22 05:55:22,0.0,0.0
2026-03-22 05:55:37,0.0,0.0
2026-03-22 05:55:52,0.0,0.0
2026-03-22 05:56:07,0.0,0.0
2026-03-22 05:56:22,0.0,0.0
2026-03-22 05:56:37,0.0,0.0
2026-03-22 05:56:52,0.0,0.0
2026-03-22 05:57:07,0.0,0.0
2026-03-22 05:57:22,0.0,0.0
2026-03-22 05:57:37,0.0,0.0
2026-03-22 05:57:52,0.0,0.0
2026-03-22 05:58:07,0.0,0.0
2026-03-22 05:58:22,0.0,0.0
2026-03-22 05:58:37,0.0,0.0
2026-03-22 05:58:52,0.0,0.0
2026-03-22 05:59:07,0.0,0.0
2026-03-22 05:59:22,0.0,0.0
2026-03-22 05:59:37,0.0,0.0
2026-03-22 05:59:52,0.0,0.0
2026-03-22 06:00:07,0.0,0.0
2026-03-22 06:00:22,0.0,0.0
2026-03-22 06:00:37,0.0,0.0
2026-03-22 06:00:52,0.0,0.0
2026-03-22 06:01:07,0.0,0.0
2026-03-22 06:01:22,0.0,0.0
2026-03-22 06:01:37,0.0,0.0
2026-03-22 06:01:52,0.0,0.0
2026-03-22 06:02:07,0.0,0.0
2026-03-22 06:02:22,0.0,0.0
2026-03-22 06:02:37,0.0,0.0
2026-03-22 06:02:52,0.0,0.0
2026-03-22 06:03:07,0.0,0.0
2026-03-22 06:03:22,0.0,0.0
2026-03-22 06:03:37,0.0,0.0
2026-03-22 06:03:52,0.0,0.0
2026-03-22 06:04:07,0.0,0.0
2026-03-22 06:04:22,0.0,0.0
2026-03-22 06:04:37,0.0,0.0
2026-03-22 06:04:52,0.0,0.0
2026-03-22 06:05:07,0.0,0.0
2026-03-22 06:05:22,0.0,0.0
2026-03-22 06:05:37,0.0,0.0
2026-03-22 06:05:52,0.0,0.0
2026-03-22 06:06:07,0.0,0.0
2026-03-22 06:06:22,0.0,0.0
2026-03-22 06:06:37,0.0,0.0
2026-03-22 06:06:52,0.0,0.0
2026-03-22 06:07:07,0.0,0.0
2026-03-22 06:07:22,0.0,0.0
2026-03-22 06:07:37,0.0,0.0
2026-03-22 06:07:52,0.0,0.0
2026-03-22 06:08:07,0.0,0.0
2026-03-22 06:08:22,0.0,0.0
2026-03-22 06:08:37,0.0,0.0
2026-03-22 06:08:52,0.0,0.0
2026-03-22 06:09:07,0.0,0.0
2026-03-22 06:09:22,0.0,0.0
2026-03-22 06:09:37,0.0,0.0
2026-03-22 06:09:52,0.0,0.0
2026-03-22 06:10:07,0.0,0.0
2026-03-22 06:10:22,0.0,0.0
2026-03-22 06:10:37,0.0,0.0
2026-03-22 06:10:52,0.0,0.0
2026-03-22 06:11:07,0.0,0.0
2026-03-22 06:11:22,0.0,0.0
2026-03-22 06:11:37,0.0,0.0
2026-03-22 06:11:52,0.0,0.0
2026-03-22 06:12:07,0.0,0.0
2026-03-22 06:12:22,0.0,0.0
2026-03-22 06:12:37,0.0,0.0
2026-03-22 06:12:52,0.0,0.0
2026-03-22 06:13:07,0.0,0.0
2026-03-22 06:13:22,0.0,0.0
2026-03-22 06:13:37,0.0,0.0
2026-03-22 06:13:52,0.0,0.0
2026-03-22 06:14:07,0.0,0.0
2026-03-22 06:14:22,0.0,0.0
2026-03-22 06:14:37,0.0,0.0
2026-03-22 06:14:52,0.0,0.0
2026-03-22 06:15:07,0.0,0.0
2026-03-22 06:15:22,0.0,0.0
2026-03-22 06:15:37,0.0,0.0
2026-03-22 06:15:52,0.0,0.0
2026-03-22 06:16:07,0.0,0.0
2026-03-22 06:16:22,0.0,0.0
2026-03-22 06:16:37,0.0,0.0
2026-03-22 06:16:52,0.0,0.0
2026-03-22 06:17:07,0.0,0.0
2026-03-22 06:17:22,0.0,0.0
2026-03-22 06:17:37,0.0,0.0
2026-03-22 06:17:52,0.0,0.0
2026-03-22 06:18:07,0.0,0.0
2026-03-22 06:18:22,0.0,0.0
2026-03-22 06:18:37,0.0,0.0
2026-03-22 06:18:52,0.0,0.0
2026-03-22 06:19:07,0.0,0.0
2026-03-22 06:19:22,0.0,0.0
2026-03-22 06:19:37,0.0,0.0
2026-03-22 06:19:52,0.0,0.0
2026-03-22 06:20:07,0.0,0.0
2026-03-22 06:20:22,0.0,0.0
2026-03-22 06:20:37,0.0,0.0
2026-03-22 06:20:52,0.0,0.0
2026-03-22 06:21:07,0.0,0.0
2026-03-22 06:21:22,0.0,0.0
2026-03-22 06:21:37,0.0,0.0
2026-03-22 06:21:52,0.0,0.0
2026-03-22 06:22:07,0.0,0.0
2026-03-22 06:22:22,0.0,0.0
2026-03-22 06:22:37,0.0,0.0
2026-03-22 06:22:52,0.0,0.0
2026-03-22 06:23:07,0.0,0.0
2026-03-22 06:23:22,0.0,0.0
2026-03-22 06:23:37,0.0,0.0
2026-03-22 06:23:52,0.0,0.0
2026-03-22 06:24:07,0.0,0.0
2026-03-22 06:24:22,0.0,0.0
2026-03-22 06:24:37,0.0,0.0
2026-03-22 06:24:52,0.0,0.0
2026-03-22 06:25:07,0.0,0.0
2026-03-22 06:25:22,0.0,0.0
2026-03-22 06:25:37,0.0,0.0
2026-03-22 06:25:52,0.0,0.0
2026-03-22 06:26:07,0.0,0.0
2026-03-22 06:26:22,0.0,0.0
2026-03-22 06:26:37,0.0,0.0
2026-03-22 06:26:52,0.0,0.0
2026-03-22 06:27:07,0.0,0.0
2026-03-22 06:27:22,0.0,0.0
2026-03-22 06:27:37,0.0,0.0
2026-03-22 06:27:52,0.0,0.0
2026-03-22 06:28:07,0.0,0.0
2026-03-22 06:28:22,0.0,0.0
2026-03-22 06:28:37,0.0,0.0
2026-03-22 06:28:52,0.0,0.0
2026-03-22 06:29:07,0.0,0.0
2026-03-22 06:29:22,0.0,0.0
2026-03-22 06:29:37,0.0,0.0
2026-03-22 06:29:52,0.0,0.0
2026-03-22 06:30:07,0.0,0.0
2026-03-22 06:30:22,0.0,0.0
2026-03-22 06:30:37,0.0,0.0
2026-03-22 06:30:52,0.0,0.0
2026-03-22 06:31:07,0.0,0.0
2026-03-22 06:31:22,0.0,0.0
2026-03-22 06:31:37,0.0,0.0
2026-03-22 06:31:52,0.0,0.0
2026-03-22 06:32:07,0.0,0.0
2026-03-22 06:32:22,0.0,0.0
2026-03-22 06:32:37,0.0,0.0
2026-03-22 06:32:52,0.0,0.0
2026-03-22 06:33:07,0.0,0.0
2026-03-22 06:33:22,0.0,0.0
2026-03-22 06:33:37,0.0,0.0
2026-03-22 06:33:52,0.0,0.0
2026-03-22 06:34:07,0.0,0.0
2026-03-22 06:34:22,0.0,0.0
2026-03-22 06:34:37,0.0,0.0
2026-03-22 06:34:52,0.0,0.0
2026-03-22 06:35:07,0.0,0.0
2026-03-22 06:35:22,0.0,0.0
2026-03-22 06:35:37,0.0,0.0
2026-03-22 06:35:52,0.0,0.0
2026-03-22 06:36:07,0.0,0.0
2026-03-22 06:36:22,0.0,0.0
2026-03-22 06:36:37,0.0,0.0
2026-03-22 06:36:52,0.0,0.0
2026-03-22 06:37:07,0.0,0.0
2026-03-22 06:37:22,0.0,0.0
2026-03-22 06:37:37,0.0,0.0
2026-03-22 06:37:52,0.0,0.0
2026-03-22 06:38:07,0.0,0.0
2026-03-22 06:38:22,0.0,0.0
2026-03-22 06:38:37,0.0,0.0
2026-03-22 06:38:52,0.0,0.0
2026-03-22 06:39:07,0.0,0.0
2026-03-22 06:39:22,0.0,0.0
2026-03-22 06:39:37,0.0,0.0
2026-03-22 06:39:52,0.0,0.0
2026-03-22 06:40:07,0.0,0.0
2026-03-22 06:40:22,0.0,0.0
2026-03-22 06:40:37,0.0,0.0
2026-03-22 06:40:52,0.0,0.0
2026-03-22 06:41:07,0.0,0.0
2026-03-22 06:41:22,0.0,0.0
2026-03-22 06:41:37,0.0,0.0
2026-03-22 06:41:52,0.0,0.0
2026-03-22 06:42:07,0.0,0.0
2026-03-22 06:42:22,0.0,0.0
2026-03-22 06:42:37,0.0,0.0
2026-03-22 06:42:52,0.0,0.0
2026-03-22 06:43:07,0.0,0.0
2026-03-22 06:43:22,0.0,0.0
2026-03-22 06:43:37,0.0,0.0
2026-03-22 06:43:52,0.0,0.0
2026-03-22 06:44:07,0.0,0.0
2026-03-22 06:44:22,0.0,0.0
2026-03-22 06:44:37,0.0,0.0
2026-03-22 06:44:52,0.0,0.0
2026-03-22 06:45:07,0.0,0.0
2026-03-22 06:45:22,0.0,0.0
2026-03-22 06:45:37,0.0,0.0
2026-03-22 06:45:52,0.0,0.0
2026-03-22 06:46:07,0.0,0.0
2026-03-22 06:46:22,0.0,0.0
2026-03-22 06:46:37,0.0,0.0
2026-03-22 06:46:52,0.0,0.0
2026-03-22 06:47:07,0.0,0.0
2026-03-22 06:47:22,0.0,0.0
2026-03-22 06:47:37,0.0,0.0
2026-03-22 06:47:52,0.0,0.0
2026-03-22 06:48:07,0.0,0.0
2026-03-22 06:48:22,0.0,0.0
2026-03-22 06:48:37,0.0,0.0
2026-03-22 06:48:52,0.0,0.0
2026-03-22 06:49:07,0.0,0.0
2026-03-22 06:49:22,0.0,0.0
2026-03-22 06:49:37,0.0,0.0
2026-03-22 06:49:52,0.0,0.0
2026-03-22 06:50:07,0.0,0.0
2026-03-22 06:50:22,0.0,0.0
2026-03-22 06:50:37,0.0,0.0
2026-03-22 06:50:52,0.0,0.0
2026-03-22 06:51:07,0.0,0.0
2026-03-22 06:51:22,0.0,0.0
2026-03-22 06:51:37,0.0,0.0
2026-03-22 06:51:52,0.0,0.0
2026-03-22 06:52:07,0.0,0.0
2026-03-22 06:52:22,0.0,0.0
2026-03-22 06:52:37,0.0,0.0
2026-03-22 06:52:52,0.0,0.0
2026-03-22 06:53:07,0.0,0.0
2026-03-22 06:53:22,0.0,0.0
2026-03-22 06:53:37,0.0,0.0
2026-03-22 06:53:52,0.0,0.0
2026-03-22 06:54:07,0.0,0.0
2026-03-22 06:54:22,0.0,0.0
2026-03-22 06:54:37,0.0,0.0
2026-03-22 06:54:52,0.0,0.0
2026-03-22 06:55:07,0.0,0.0
2026-03-22 06:55:22,0.0,0.0
2026-03-22 06:55:37,0.0,0.0
2026-03-22 06:55:52,0.0,0.0
2026-03-22 06:56:07,0.0,0.0
2026-03-22 06:56:22,0.0,0.0
2026-03-22 06:56:37,0.0,0.0
2026-03-22 06:56:52,0.0,0.0
2026-03-22 06:57:07,0.0,0.0
2026-03-22 06:57:22,0.0,0.0
2026-03-22 06:57:37,0.0,0.0
2026-03-22 06:57:52,0.0,0.0
2026-03-22 06:58:07,0.0,0.0
2026-03-22 06:58:22,0.0,0.0
2026-03-22 06:58:37,0.0,0.0
2026-03-22 06:58:52,0.0,0.0
2026-03-22 06:59:07,0.0,0.0
2026-03-22 06:59:22,0.0,0.0
2026-03-22 06:59:37,0.0,0.0
2026-03-22 06:59:52,0.0,0.0
2026-03-22 07:00:07,0.0,0.0
2026-03-22 07:00:22,0.0,0.0
2026-03-22 07:00:37,0.0,0.0
2026-03-22 07:00:52,0.0,0.0
2026-03-22 07:01:07,0.0,0.0
2026-03-22 07:01:22,0.0,0.0
2026-03-22 07:01:37,0.0,0.0
2026-03-22 07:01:52,0.0,0.0
2026-03-22 07:02:07,0.0,0.0
2026-03-22 07:02:22,0.0,0.0
2026-03-22 07:02:37,0.0,0.0
2026-03-22 07:02:52,0.0,0.0
2026-03-22 07:03:07,0.0,0.0
2026-03-22 07:03:22,0.0,0.0
2026-03-22 07:03:37,0.0,0.0
2026-03-22 07:03:52,0.0,0.0
2026-03-22 07:04:07,0.0,0.0
2026-03-22 07:04:22,0.0,0.0
2026-03-22 07:04:37,0.0,0.0
2026-03-22 07:04:52,0.0,0.0
2026-03-22 07:05:07,0.0,0.0
2026-03-22 07:05:22,0.0,0.0
2026-03-22 07:05:37,0.0,0.0
2026-03-22 07:05:52,0.0,0.0
2026-03-22 07:06:07,0.0,0.0
2026-03-22 07:06:22,0.0,0.0
2026-03-22 07:06:37,0.0,0.0
2026-03-22 07:06:52,0.0,0.0
2026-03-22 07:07:07,0.0,0.0
2026-03-22 07:07:22,0.0,0.0
2026-03-22 07:07:37,0.0,0.0
2026-03-22 07:07:52,0.0,0.0
2026-03-22 07:08:07,0.0,0.0
2026-03-22 07:08:22,0.0,0.0
2026-03-22 07:08:37,0.0,0.0
2026-03-22 07:08:52,0.0,0.0
2026-03-22 07:09:07,0.0,0.0
2026-03-22 07:09:22,0.0,0.0
2026-03-22 07:09:37,0.0,0.0
2026-03-22 07:09:52,0.0,0.0
2026-03-22 07:10:07,0.0,0.0
2026-03-22 07:10:22,0.0,0.0
2026-03-22 07:10:37,0.0,0.0
2026-03-22 07:10:52,0.0,0.0
2026-03-22 07:11:07,0.0,0.0
2026-03-22 07:11:22,0.0,0.0
2026-03-22 07:11:37,0.0,0.0
2026-03-22 07:11:52,0.0,0.0
2026-03-22 07:12:07,0.0,0.0
2026-03-22 07:12:22,0.0,0.0
2026-03-22 07:12:37,0.0,0.0
2026-03-22 07:12:52,0.0,0.0
2026-03-22 07:13:07,0.0,0.0
2026-03-22 07:13:22,0.0,0.0
2026-03-22 07:13:37,0.0,0.0
2026-03-22 07:13:52,0.0,0.0
2026-03-22 07:14:07,0.0,0.0
2026-03-22 07:14:22,0.0,0.0
2026-03-22 07:14:37,0.0,0.0
2026-03-22 07:14:52,0.0,0.0
2026-03-22 07:15:07,0.0,0.0
2026-03-22 07:15:22,0.0,0.0
2026-03-22 07:15:37,0.0,0.0
2026-03-22 07:15:52,0.0,0.0
2026-03-22 07:16:07,0.0,0.0
2026-03-22 07:16:22,0.0,0.0
2026-03-22 07:16:37,0.0,0.0
2026-03-22 07:16:52,0.0,0.0
2026-03-22 07:17:07,0.0,0.0
2026-03-22 07:17:22,0.0,0.0
2026-03-22 07:17:37,0.0,0.0
2026-03-22 07:17:52,0.0,0.0
2026-03-22 07:18:07,0.0,0.0
2026-03-22 07:18:22,0.0,0.0
2026-03-22 07:18:37,0.0,0.0
2026-03-22 07:18:52,0.0,0.0
2026-03-22 07:19:07,0.0,0.0
2026-03-22 07:19:22,0.0,0.0
2026-03-22 07:19:37,0.0,0.0
2026-03-22 07:19:52,0.0,0.0
2026-03-22 07:20:07,0.0,0.0
2026-03-22 07:20:22,0.0,0.0
2026-03-22 07:20:37,0.0,0.0
2026-03-22 07:20:52,0.0,0.0
2026-03-22 07:21:07,0.0,0.0
2026-03-22 07:21:22,0.0,0.0
2026-03-22 07:21:37,0.0,0.0
2026-03-22 07:21:52,0.0,0.0
2026-03-22 07:22:07,0.0,0.0
2026-03-22 07:22:22,0.0,0.0
2026-03-22 07:22:37,0.0,0.0
2026-03-22 07:22:52,0.0,0.0
2026-03-22 07:23:07,0.0,0.0
2026-03-22 07:23:22,0.0,0.0
2026-03-22 07:23:37,0.0,0.0
2026-03-22 07:23:52,0.0,0.0
2026-03-22 07:24:07,0.0,0.0
2026-03-22 07:24:22,0.0,0.0
2026-03-22 07:24:37,0.0,0.0
2026-03-22 07:24:52,0.0,0.0
2026-03-22 07:25:07,0.0,0.0
2026-03-22 07:25:22,0.0,0.0
2026-03-22 07:25:37,0.0,0.0
2026-03-22 07:25:52,0.0,0.0
2026-03-22 07:26:07,0.0,0.0
2026-03-22 07:26:22,0.0,0.0
2026-03-22 07:26:37,0.0,0.0
2026-03-22 07:26:52,0.0,0.0
2026-03-22 07:27:07,0.0,0.0
2026-03-22 07:27:22,0.0,0.0
2026-03-22 07:27:37,0.0,0.0
2026-03-22 07:27:52,0.0,0.0
2026-03-22 07:28:07,0.0,0.0
2026-03-22 07:28:22,0.0,0.0
2026-03-22 07:28:37,0.0,0.0
2026-03-22 07:28:52,0.0,0.0
2026-03-22 07:29:07,0.0,0.0
2026-03-22 07:29:22,0.0,0.0
2026-03-22 07:29:37,0.0,0.0
2026-03-22 07:29:52,0.0,0.0
2026-03-22 07:30:07,0.0,0.0
2026-03-22 07:30:22,0.0,0.0
2026-03-22 07:30:37,0.0,0.0
2026-03-22 07:30:52,0.0,0.0
2026-03-22 07:31:07,0.0,0.0
2026-03-22 07:31:22,0.0,0.0
2026-03-22 07:31:37,0.0,0.0
2026-03-22 07:31:52,0.0,0.0
2026-03-22 07:32:07,0.0,0.0
2026-03-22 07:32:22,0.0,0.0
2026-03-22 07:32:37,0.0,0.0
2026-03-22 07:32:52,0.0,0.0
2026-03-22 07:33:07,0.0,0.0
2026-03-22 07:33:22,0.0,0.0
2026-03-22 07:33:37,0.0,0.0
2026-03-22 07:33:52,0.0,0.0
2026-03-22 07:34:07,0.0,0.0
2026-03-22 07:34:22,0.0,0.0
2026-03-22 07:34:37,0.0,0.0
2026-03-22 07:34:52,0.0,0.0
2026-03-22 07:35:07,0.0,0.0
2026-03-22 07:35:22,0.0,0.0
2026-03-22 07:35:37,0.0,0.0
2026-03-22 07:35:52,0.0,0.0
2026-03-22 07:36:07,0.0,0.0
2026-03-22 07:36:22,0.0,0.0
2026-03-22 07:36:37,0.0,0.0
2026-03-22 07:36:52,0.0,0.0
2026-03-22 07:37:07,0.0,0.0
2026-03-22 07:37:22,0.0,0.0
2026-03-22 07:37:37,0.0,0.0
2026-03-22 07:37:52,0.0,0.0
2026-03-22 07:38:07,0.0,0.0
2026-03-22 07:38:22,0.0,0.0
2026-03-22 07:38:37,0.0,0.0
2026-03-22 07:38:52,0.0,0.0
2026-03-22 07:39:07,0.0,0.0
2026-03-22 07:39:22,0.0,0.0
2026-03-22 07:39:37,0.0,0.0
2026-03-22 07:39:52,0.0,0.0
2026-03-22 07:40:07,0.0,0.0
2026-03-22 07:40:22,0.0,0.0
2026-03-22 07:40:37,0.0,0.0
2026-03-22 07:40:52,0.0,0.0
2026-03-22 07:41:07,0.0,0.0
2026-03-22 07:41:22,0.0,0.0
2026-03-22 07:41:37,0.0,0.0
2026-03-22 07:41:52,0.0,0.0
2026-03-22 07:42:07,0.0,0.0
2026-03-22 07:42:22,0.0,0.0
2026-03-22 07:42:37,0.0,0.0
2026-03-22 07:42:52,0.0,0.0
2026-03-22 07:43:07,0.0,0.0
2026-03-22 07:43:22,0.0,0.0
2026-03-22 07:43:37,0.0,0.0
2026-03-22 07:43:52,0.0,0.0
2026-03-22 07:44:07,0.0,0.0
2026-03-22 07:44:22,0.0,0.0
2026-03-22 07:44:37,0.0,0.0
2026-03-22 07:44:52,0.0,0.0
2026-03-22 07:45:07,0.0,0.0
2026-03-22 07:45:22,0.0,0.0
2026-03-22 07:45:37,0.0,0.0
2026-03-22 07:45:52,0.0,0.0
2026-03-22 07:46:07,0.0,0.0
2026-03-22 07:46:22,0.0,0.0
2026-03-22 07:46:37,0.0,0.0
2026-03-22 07:46:52,0.0,0.0
2026-03-22 07:47:07,0.0,0.0
2026-03-22 07:47:22,0.0,0.0
2026-03-22 07:47:37,0.0,0.0
2026-03-22 07:47:52,0.0,0.0
2026-03-22 07:48:07,0.0,0.0
2026-03-22 07:48:22,0.0,0.0
2026-03-22 07:48:37,0.0,0.0
2026-03-22 07:48:52,0.0,0.0
2026-03-22 07:49:07,0.0,0.0
2026-03-22 07:49:22,0.0,0.0
2026-03-22 07:49:37,0.0,0.0
2026-03-22 07:49:52,0.0,0.0
2026-03-22 07:50:07,0.0,0.0
2026-03-22 07:50:22,0.0,0.0
2026-03-22 07:50:37,0.0,0.0
2026-03-22 07:50:52,0.0,0.0
2026-03-22 07:51:07,0.0,0.0
2026-03-22 07:51:22,0.0,0.0
2026-03-22 07:51:37,0.0,0.0
2026-03-22 07:51:52,0.0,0.0
2026-03-22 07:52:07,0.0,0.0
2026-03-22 07:52:22,0.0,0.0
2026-03-22 07:52:37,0.0,0.0
2026-03-22 07:52:52,0.0,0.0
2026-03-22 07:53:07,0.0,0.0
2026-03-22 07:53:22,0.0,0.0
2026-03-22 07:53:37,0.0,0.0
2026-03-22 07:53:52,0.0,0.0
2026-03-22 07:54:07,0.0,0.0
2026-03-22 07:54:22,0.0,0.0
2026-03-22 07:54:37,0.0,0.0
2026-03-22 07:54:52,0.0,0.0
2026-03-22 07:55:07,0.0,0.0
2026-03-22 07:55:22,0.0,0.0
2026-03-22 07:55:37,0.0,0.0
2026-03-22 07:55:52,0.0,0.0
2026-03-22 07:56:07,0.0,0.0
2026-03-22 07:56:22,0.0,0.0
2026-03-22 07:56:37,0.0,0.0
2026-03-22 07:56:52,0.0,0.0
2026-03-22 07:57:07,0.0,0.0
2026-03-22 07:57:22,0.0,0.0
2026-03-22 07:57:37,0.0,0.0
2026-03-22 07:57:52,0.0,0.0
2026-03-22 07:58:07,0.0,0.0
2026-03-22 07:58:22,0.0,0.0
2026-03-22 07:58:37,0.0,0.0
2026-03-22 07:58:52,0.0,0.0
2026-03-22 07:59:07,0.0,0.0
2026-03-22 07:59:22,0.0,0.0
2026-03-22 07:59:37,0.0,0.0
2026-03-22 07:59:52,0.0,0.0
2026-03-22 08:00:07,0.0,0.0
2026-03-22 08:00:22,0.0,0.0
2026-03-22 08:00:37,0.0,0.0
2026-03-22 08:00:52,0.0,0.0
2026-03-22 08:01:07,0.0,0.0
2026-03-22 08:01:22,0.0,0.0
2026-03-22 08:01:37,0.0,0.0
2026-03-22 08:01:52,0.0,0.0
2026-03-22 08:02:07,0.0,0.0
2026-03-22 08:02:22,0.0,0.0
2026-03-22 08:02:37,0.0,0.0
2026-03-22 08:02:52,0.0,0.0
2026-03-22 08:03:07,0.0,0.0
2026-03-22 08:03:22,0.0,0.0
2026-03-22 08:03:37,0.0,0.0
2026-03-22 08:03:52,0.0,0.0
2026-03-22 08:04:07,0.0,0.0
2026-03-22 08:04:22,0.0,0.0
2026-03-22 08:04:37,0.0,0.0
2026-03-22 08:04:52,0.0,0.0
2026-03-22 08:05:07,0.0,0.0
2026-03-22 08:05:22,0.0,0.0
2026-03-22 08:05:37,0.0,0.0
2026-03-22 08:05:52,0.0,0.0
2026-03-22 08:06:07,0.0,0.0
2026-03-22 08:06:22,0.0,0.0
2026-03-22 08:06:37,0.0,0.0
2026-03-22 08:06:52,0.0,0.0
2026-03-22 08:07:07,0.0,0.0
2026-03-22 08:07:22,0.0,0.0
2026-03-22 08:07:37,0.0,0.0
2026-03-22 08:07:52,0.0,0.0
2026-03-22 08:08:07,0.0,0.0
2026-03-22 08:08:22,0.0,0.0
2026-03-22 08:08:37,0.0,0.0
2026-03-22 08:08:52,0.0,0.0
2026-03-22 08:09:07,0.0,0.0
2026-03-22 08:09:22,0.0,0.0
2026-03-22 08:09:37,0.0,0.0
2026-03-22 08:09:52,0.0,0.0
2026-03-22 08:10:07,0.0,0.0
2026-03-22 08:10:22,0.0,0.0
2026-03-22 08:10:37,0.0,0.0
2026-03-22 08:10:52,0.0,0.0
2026-03-22 08:11:07,0.0,0.0
2026-03-22 08:11:22,0.0,0.0
2026-03-22 08:11:37,0.0,0.0
2026-03-22 08:11:52,0.0,0.0
2026-03-22 08:12:07,0.0,0.0
2026-03-22 08:12:22,0.0,0.0
2026-03-22 08:12:37,0.0,0.0
2026-03-22 08:12:52,0.0,0.0
2026-03-22 08:13:07,0.0,0.0
2026-03-22 08:13:22,0.0,0.0
2026-03-22 08:13:37,0.0,0.0
2026-03-22 08:13:52,0.0,0.0
2026-03-22 08:14:07,0.0,0.0
2026-03-22 08:14:22,0.0,0.0
2026-03-22 08:14:37,0.0,0.0
2026-03-22 08:14:52,0.0,0.0
2026-03-22 08:15:07,0.0,0.0
2026-03-22 08:15:22,0.0,0.0
2026-03-22 08:15:37,0.0,0.0
2026-03-22 08:15:52,0.0,0.0
2026-03-22 08:16:07,0.0,0.0
2026-03-22 08:16:22,0.0,0.0
2026-03-22 08:16:37,0.0,0.0
2026-03-22 08:16:52,0.0,0.0
2026-03-22 08:17:07,0.0,0.0
2026-03-22 08:17:22,0.0,0.0
2026-03-22 08:17:37,0.0,0.0
2026-03-22 08:17:52,0.0,0.0
2026-03-22 08:18:07,0.0,0.0
2026-03-22 08:18:22,0.0,0.0
2026-03-22 08:18:37,0.0,0.0
2026-03-22 08:18:52,0.0,0.0
2026-03-22 08:19:07,0.0,0.0
2026-03-22 08:19:22,0.0,0.0
2026-03-22 08:19:37,0.0,0.0
2026-03-22 08:19:52,0.0,0.0
2026-03-22 08:20:07,0.0,0.0
2026-03-22 08:20:22,0.0,0.0
2026-03-22 08:20:37,0.0,0.0
2026-03-22 08:20:52,0.0,0.0
2026-03-22 08:21:07,0.0,0.0
2026-03-22 08:21:22,0.0,0.0
2026-03-22 08:21:37,0.0,0.0
2026-03-22 08:21:52,0.0,0.0
2026-03-22 08:22:07,0.0,0.0
2026-03-22 08:22:22,0.0,0.0
2026-03-22 08:22:37,0.0,0.0
2026-03-22 08:22:52,0.0,0.0
2026-03-22 08:23:07,0.0,0.0
2026-03-22 08:23:22,0.0,0.0
2026-03-22 08:23:37,0.0,0.0
2026-03-22 08:23:52,0.0,0.0
2026-03-22 08:24:07,0.0,0.0
2026-03-22 08:24:22,0.0,0.0
2026-03-22 08:24:37,0.0,0.0
2026-03-22 08:24:52,0.0,0.0
2026-03-22 08:25:07,0.0,0.0
2026-03-22 08:25:22,0.0,0.0
2026-03-22 08:25:37,0.0,0.0
2026-03-22 08:25:52,0.0,0.0
2026-03-22 08:26:07,0.0,0.0
2026-03-22 08:26:22,0.0,0.0
2026-03-22 08:26:37,0.0,0.0
2026-03-22 08:26:52,0.0,0.0
2026-03-22 08:27:07,0.0,0.0
2026-03-22 08:27:22,0.0,0.0
2026-03-22 08:27:37,0.0,0.0
2026-03-22 08:27:52,0.0,0.0
2026-03-22 08:28:07,0.0,0.0
2026-03-22 08:28:22,0.0,0.0
2026-03-22 08:28:37,0.0,0.0
2026-03-22 08:28:52,0.0,0.0
2026-03-22 08:29:07,0.0,0.0
2026-03-22 08:29:22,0.0,0.0
2026-03-22 08:29:37,0.0,0.0
2026-03-22 08:29:52,0.0,0.0
2026-03-22 08:30:07,0.0,0.0
2026-03-22 08:30:22,0.0,0.0
2026-03-22 08:30:37,0.0,0.0
2026-03-22 08:30:52,0.0,0.0
2026-03-22 08:31:07,0.0,0.0
2026-03-22 08:31:22,0.0,0.0
2026-03-22 08:31:37,0.0,0.0
2026-03-22 08:31:52,0.0,0.0
2026-03-22 08:32:07,0.0,0.0
2026-03-22 08:32:22,0.0,0.0
2026-03-22 08:32:37,0.0,0.0
2026-03-22 08:32:52,0.0,0.0
2026-03-22 08:33:07,0.0,0.0
2026-03-22 08:33:22,0.0,0.0
2026-03-22 08:33:37,0.0,0.0
2026-03-22 08:33:52,0.0,0.0
2026-03-22 08:34:07,0.0,0.0
2026-03-22 08:34:22,0.0,0.0
2026-03-22 08:34:37,0.0,0.0
2026-03-22 08:34:52,0.0,0.0
2026-03-22 08:35:07,0.0,0.0
2026-03-22 08:35:22,0.0,0.0
2026-03-22 08:35:37,0.0,0.0
2026-03-22 08:35:52,0.0,0.0
2026-03-22 08:36:07,0.0,0.0
2026-03-22 08:36:22,0.0,0.0
2026-03-22 08:36:37,0.0,0.0
2026-03-22 08:36:52,0.0,0.0
2026-03-22 08:37:07,0.0,0.0
2026-03-22 08:37:22,0.0,0.0
2026-03-22 08:37:37,0.0,0.0
2026-03-22 08:37:52,0.0,0.0
2026-03-22 08:38:07,0.0,0.0
2026-03-22 08:38:22,0.0,0.0
2026-03-22 08:38:37,0.0,0.0
2026-03-22 08:38:52,0.0,0.0
2026-03-22 08:39:07,0.0,0.0
2026-03-22 08:39:22,0.0,0.0
2026-03-22 08:39:37,0.0,0.0
2026-03-22 08:39:52,0.0,0.0
2026-03-22 08:40:07,0.0,0.0
2026-03-22 08:40:22,0.0,0.0
2026-03-22 08:40:37,0.0,0.0
2026-03-22 08:40:52,0.0,0.0
2026-03-22 08:41:07,0.0,0.0
2026-03-22 08:41:22,0.0,0.0
2026-03-22 08:41:37,0.0,0.0
2026-03-22 08:41:52,0.0,0.0
2026-03-22 08:42:07,0.0,0.0
2026-03-22 08:42:22,0.0,0.0
2026-03-22 08:42:37,0.0,0.0
2026-03-22 08:42:52,0.0,0.0
2026-03-22 08:43:07,0.0,0.0
2026-03-22 08:43:22,0.0,0.0
2026-03-22 08:43:37,0.0,0.0
2026-03-22 08:43:52,0.0,0.0
2026-03-22 08:44:07,0.0,0.0
2026-03-22 08:44:22,0.0,0.0
2026-03-22 08:44:37,0.0,0.0
2026-03-22 08:44:52,0.0,0.0
2026-03-22 08:45:07,0.0,0.0
2026-03-22 08:45:22,0.0,0.0
2026-03-22 08:45:37,0.0,0.0
2026-03-22 08:45:52,0.0,0.0
2026-03-22 08:46:07,0.0,0.0
2026-03-22 08:46:22,0.0,0.0
2026-03-22 08:46:37,0.0,0.0
2026-03-22 08:46:52,0.0,0.0
2026-03-22 08:47:07,0.0,0.0
2026-03-22 08:47:22,0.0,0.0
2026-03-22 08:47:37,0.0,0.0
2026-03-22 08:47:52,0.0,0.0
2026-03-22 08:48:07,0.0,0.0
2026-03-22 08:48:22,0.0,0.0
2026-03-22 08:48:37,0.0,0.0
2026-03-22 08:48:52,0.0,0.0
2026-03-22 08:49:07,0.0,0.0
2026-03-22 08:49:22,0.0,0.0
2026-03-22 08:49:37,0.0,0.0
2026-03-22 08:49:52,0.0,0.0
2026-03-22 08:50:07,0.0,0.0
2026-03-22 08:50:22,0.0,0.0
2026-03-22 08:50:37,0.0,0.0
2026-03-22 08:50:52,0.0,0.0
2026-03-22 08:51:07,0.0,0.0
2026-03-22 08:51:22,0.0,0.0
2026-03-22 08:51:37,0.0,0.0
2026-03-22 08:51:52,0.0,0.0
2026-03-22 08:52:07,0.0,0.0
2026-03-22 08:52:22,0.0,0.0
2026-03-22 08:52:37,0.0,0.0
2026-03-22 08:52:52,0.0,0.0
2026-03-22 08:53:07,0.0,0.0
2026-03-22 08:53:22,0.0,0.0
2026-03-22 08:53:37,0.0,0.0
2026-03-22 08:53:52,0.0,0.0
2026-03-22 08:54:07,0.0,0.0
2026-03-22 08:54:22,0.0,0.0
2026-03-22 08:54:37,0.0,0.0
2026-03-22 08:54:52,0.0,0.0
2026-03-22 08:55:07,0.0,0.0
2026-03-22 08:55:22,0.0,0.0
2026-03-22 08:55:37,0.0,0.0
2026-03-22 08:55:52,0.0,0.0
2026-03-22 08:56:07,0.0,0.0
2026-03-22 08:56:22,0.0,0.0
2026-03-22 08:56:37,0.0,0.0
2026-03-22 08:56:52,0.0,0.0
2026-03-22 08:57:07,0.0,0.0
2026-03-22 08:57:22,0.0,0.0
2026-03-22 08:57:37,0.0,0.0
2026-03-22 08:57:52,0.0,0.0
2026-03-22 08:58:07,0.0,0.0
2026-03-22 08:58:22,0.0,0.0
2026-03-22 08:58:37,0.0,0.0
2026-03-22 08:58:52,0.0,0.0
2026-03-22 08:59:07,0.0,0.0
2026-03-22 08:59:22,0.0,0.0
2026-03-22 08:59:37,0.0,0.0
2026-03-22 08:59:52,0.0,0.0
2026-03-22 09:00:07,0.0,0.0
2026-03-22 09:00:22,0.0,0.0
2026-03-22 09:00:37,0.0,0.0
2026-03-22 09:00:52,0.0,0.0
2026-03-22 09:01:07,0.0,0.0
2026-03-22 09:01:22,0.0,0.0
2026-03-22 09:01:37,0.0,0.0
2026-03-22 09:01:52,0.0,0.0
2026-03-22 09:02:07,0.0,0.0
2026-03-22 09:02:22,0.0,0.0
2026-03-22 09:02:37,0.0,0.0
2026-03-22 09:02:52,0.0,0.0
2026-03-22 09:03:07,0.0,0.0
2026-03-22 09:03:22,0.0,0.0
2026-03-22 09:03:37,0.0,0.0
2026-03-22 09:03:52,0.0,0.0
2026-03-22 09:04:07,0.0,0.0
2026-03-22 09:04:22,0.0,0.0
2026-03-22 09:04:37,0.0,0.0
2026-03-22 09:04:52,0.0,0.0
2026-03-22 09:05:07,0.0,0.0
2026-03-22 09:05:22,0.0,0.0
2026-03-22 09:05:37,0.0,0.0
2026-03-22 09:05:52,0.0,0.0
2026-03-22 09:06:07,0.0,0.0
2026-03-22 09:06:22,0.0,0.0
2026-03-22 09:06:37,0.0,0.0
2026-03-22 09:06:52,0.0,0.0
2026-03-22 09:07:07,0.0,0.0
2026-03-22 09:07:22,0.0,0.0
2026-03-22 09:07:37,0.0,0.0
2026-03-22 09:07:52,0.0,0.0
2026-03-22 09:08:07,0.0,0.0
2026-03-22 09:08:22,0.0,0.0
2026-03-22 09:08:37,0.0,0.0
2026-03-22 09:08:52,0.0,0.0
2026-03-22 09:09:07,0.0,0.0
2026-03-22 09:09:22,0.0,0.0
2026-03-22 09:09:37,0.0,0.0
2026-03-22 09:09:52,0.0,0.0
2026-03-22 09:10:07,0.0,0.0
2026-03-22 09:10:22,0.0,0.0
2026-03-22 09:10:37,0.0,0.0
2026-03-22 09:10:52,0.0,0.0
2026-03-22 09:11:07,0.0,0.0
2026-03-22 09:11:22,0.0,0.0
2026-03-22 09:11:37,0.0,0.0
2026-03-22 09:11:52,0.0,0.0
2026-03-22 09:12:07,0.0,0.0
2026-03-22 09:12:22,0.0,0.0
2026-03-22 09:12:37,0.0,0.0
2026-03-22 09:12:52,0.0,0.0
2026-03-22 09:13:07,0.0,0.0
2026-03-22 09:13:22,0.0,0.0
2026-03-22 09:13:37,0.0,0.0
2026-03-22 09:13:52,0.0,0.0
2026-03-22 09:14:07,0.0,0.0
2026-03-22 09:14:22,0.0,0.0
2026-03-22 09:14:37,0.0,0.0
2026-03-22 09:14:52,0.0,0.0
2026-03-22 09:15:07,0.0,0.0
2026-03-22 09:15:22,0.0,0.0
2026-03-22 09:15:37,0.0,0.0
2026-03-22 09:15:52,0.0,0.0
2026-03-22 09:16:07,0.0,0.0
2026-03-22 09:16:22,0.0,0.0
2026-03-22 09:16:37,0.0,0.0
2026-03-22 09:16:52,0.0,0.0
2026-03-22 09:17:07,0.0,0.0
2026-03-22 09:17:22,0.0,0.0
2026-03-22 09:17:37,0.0,0.0
2026-03-22 09:17:52,0.0,0.0
2026-03-22 09:18:07,0.0,0.0
2026-03-22 09:18:22,0.0,0.0
2026-03-22 09:18:37,0.0,0.0
2026-03-22 09:18:52,0.0,0.0
2026-03-22 09:19:07,0.0,0.0
2026-03-22 09:19:22,0.0,0.0
2026-03-22 09:19:37,0.0,0.0
2026-03-22 09:19:52,0.0,0.0
2026-03-22 09:20:07,0.0,0.0
2026-03-22 09:20:22,0.0,0.0
2026-03-22 09:20:37,0.0,0.0
2026-03-22 09:20:52,0.0,0.0
2026-03-22 09:21:07,0.0,0.0
2026-03-22 09:21:22,0.0,0.0
2026-03-22 09:21:37,0.0,0.0
2026-03-22 09:21:52,0.0,0.0
2026-03-22 09:22:07,0.0,0.0
2026-03-22 09:22:22,0.0,0.0
2026-03-22 09:22:37,0.0,0.0
2026-03-22 09:22:52,0.0,0.0
2026-03-22 09:23:07,0.0,0.0
2026-03-22 09:23:22,0.0,0.0
2026-03-22 09:23:37,0.0,0.0
2026-03-22 09:23:52,0.0,0.0
2026-03-22 09:24:07,0.0,0.0
2026-03-22 09:24:22,0.0,0.0
2026-03-22 09:24:37,0.0,0.0
2026-03-22 09:24:52,0.0,0.0
2026-03-22 09:25:07,0.0,0.0
2026-03-22 09:25:22,0.0,0.0
2026-03-22 09:25:37,0.0,0.0
2026-03-22 09:25:52,0.0,0.0
2026-03-22 09:26:07,0.0,0.0
2026-03-22 09:26:22,0.0,0.0
2026-03-22 09:26:37,0.0,0.0
2026-03-22 09:26:52,0.0,0.0
2026-03-22 09:27:07,0.0,0.0
2026-03-22 09:27:22,0.0,0.0
2026-03-22 09:27:37,0.0,0.0
2026-03-22 09:27:52,0.0,0.0
2026-03-22 09:28:07,0.0,0.0
2026-03-22 09:28:22,0.0,0.0
2026-03-22 09:28:37,0.0,0.0
2026-03-22 09:28:52,0.0,0.0
2026-03-22 09:29:07,0.0,0.0
2026-03-22 09:29:22,0.0,0.0
2026-03-22 09:29:37,0.0,0.0
2026-03-22 09:29:52,0.0,0.0
2026-03-22 09:30:07,0.0,0.0
2026-03-22 09:30:22,0.0,0.0
2026-03-22 09:30:37,0.0,0.0
2026-03-22 09:30:52,0.0,0.0
2026-03-22 09:31:07,0.0,0.0
2026-03-22 09:31:22,0.0,0.0
2026-03-22 09:31:37,0.0,0.0
2026-03-22 09:31:52,0.0,0.0
2026-03-22 09:32:07,0.0,0.0
2026-03-22 09:32:22,0.0,0.0
2026-03-22 09:32:37,0.0,0.0
2026-03-22 09:32:52,0.0,0.0
2026-03-22 09:33:07,0.0,0.0
2026-03-22 09:33:22,0.0,0.0
2026-03-22 09:33:37,0.0,0.0
2026-03-22 09:33:52,0.0,0.0
2026-03-22 09:34:07,0.0,0.0
2026-03-22 09:34:22,0.0,0.0
2026-03-22 09:34:37,0.0,0.0
2026-03-22 09:34:52,0.0,0.0
2026-03-22 09:35:07,0.0,0.0
2026-03-22 09:35:22,0.0,0.0
2026-03-22 09:35:37,0.0,0.0
2026-03-22 09:35:52,0.0,0.0
2026-03-22 09:36:07,0.0,0.0
2026-03-22 09:36:22,0.0,0.0
2026-03-22 09:36:37,0.0,0.0
2026-03-22 09:36:52,0.0,0.0
2026-03-22 09:37:07,0.0,0.0
2026-03-22 09:37:22,0.0,0.0
2026-03-22 09:37:37,0.0,0.0
2026-03-22 09:37:52,0.0,0.0
2026-03-22 09:38:07,0.0,0.0
2026-03-22 09:38:22,0.0,0.0
2026-03-22 09:38:37,0.0,0.0
2026-03-22 09:38:52,0.0,0.0
2026-03-22 09:39:07,0.0,0.0
2026-03-22 09:39:22,0.0,0.0
2026-03-22 09:39:37,0.0,0.0
2026-03-22 09:39:52,0.0,0.0
2026-03-22 09:40:07,0.0,0.0
2026-03-22 09:40:22,0.0,0.0
2026-03-22 09:40:37,0.0,0.0
2026-03-22 09:40:52,0.0,0.0
2026-03-22 09:41:07,0.0,0.0
2026-03-22 09:41:22,0.0,0.0
2026-03-22 09:41:37,0.0,0.0
2026-03-22 09:41:52,0.0,0.0
2026-03-22 09:42:07,0.0,0.0
2026-03-22 09:42:22,0.0,0.0
2026-03-22 09:42:37,0.0,0.0
2026-03-22 09:42:52,0.0,0.0
2026-03-22 09:43:07,0.0,0.0
2026-03-22 09:43:22,0.0,0.0
2026-03-22 09:43:37,0.0,0.0
2026-03-22 09:43:52,0.0,0.0
2026-03-22 09:44:07,0.0,0.0
2026-03-22 09:44:22,0.0,0.0
2026-03-22 09:44:37,0.0,0.0
2026-03-22 09:44:52,0.0,0.0
2026-03-22 09:45:07,0.0,0.0
2026-03-22 09:45:22,0.0,0.0
2026-03-22 09:45:37,0.0,0.0
2026-03-22 09:45:52,0.0,0.0
2026-03-22 09:46:07,0.0,0.0
2026-03-22 09:46:22,0.0,0.0
2026-03-22 09:46:37,0.0,0.0
2026-03-22 09:46:52,0.0,0.0
2026-03-22 09:47:07,0.0,0.0
2026-03-22 09:47:22,0.0,0.0
2026-03-22 09:47:37,0.0,0.0
2026-03-22 09:47:52,0.0,0.0
2026-03-22 09:48:07,0.0,0.0
2026-03-22 09:48:22,0.0,0.0
2026-03-22 09:48:37,0.0,0.0
2026-03-22 09:48:52,0.0,0.0
2026-03-22 09:49:07,0.0,0.0
2026-03-22 09:49:22,0.0,0.0
2026-03-22 09:49:37,0.0,0.0
2026-03-22 09:49:52,0.0,0.0
2026-03-22 09:50:07,0.0,0.0
2026-03-22 09:50:22,0.0,0.0
2026-03-22 09:50:37,0.0,0.0
2026-03-22 09:50:52,0.0,0.0
2026-03-22 09:51:07,0.0,0.0
2026-03-22 09:51:22,0.0,0.0
2026-03-22 09:51:37,0.0,0.0
2026-03-22 09:51:52,0.0,0.0
2026-03-22 09:52:07,0.0,0.0
2026-03-22 09:52:22,0.0,0.0
2026-03-22 09:52:37,0.0,0.0
2026-03-22 09:52:52,0.0,0.0
2026-03-22 09:53:07,0.0,0.0
2026-03-22 09:53:22,0.0,0.0
2026-03-22 09:53:37,0.0,0.0
2026-03-22 09:53:52,0.0,0.0
2026-03-22 09:54:07,0.0,0.0
2026-03-22 09:54:22,0.0,0.0
2026-03-22 09:54:37,0.0,0.0
2026-03-22 09:54:52,0.0,0.0
2026-03-22 09:55:07,0.0,0.0
2026-03-22 09:55:22,0.0,0.0
2026-03-22 09:55:37,0.0,0.0
2026-03-22 09:55:52,0.0,0.0
2026-03-22 09:56:07,0.0,0.0
2026-03-22 09:56:22,0.0,0.0
2026-03-22 09:56:37,0.0,0.0
2026-03-22 09:56:52,0.0,0.0
2026-03-22 09:57:07,0.0,0.0
2026-03-22 09:57:22,0.0,0.0
2026-03-22 09:57:37,0.0,0.0
2026-03-22 09:57:52,0.0,0.0
2026-03-22 09:58:07,0.0,0.0
2026-03-22 09:58:22,0.0,0.0
2026-03-22 09:58:37,0.0,0.0
2026-03-22 09:58:52,0.0,0.0
2026-03-22 09:59:07,0.0,0.0
2026-03-22 09:59:22,0.0,0.0
2026-03-22 09:59:37,0.0,0.0
2026-03-22 09:59:52,0.0,0.0
2026-03-22 10:00:07,0.0,0.0
2026-03-22 10:00:22,0.0,0.0
2026-03-22 10:00:37,0.0,0.0
2026-03-22 10:00:52,0.0,0.0
2026-03-22 10:01:07,0.0,0.0
2026-03-22 10:01:22,0.0,0.0
2026-03-22 10:01:37,0.0,0.0
2026-03-22 10:01:52,0.0,0.0
2026-03-22 10:02:07,0.0,0.0
2026-03-22 10:02:22,0.0,0.0
2026-03-22 10:02:37,0.0,0.0
2026-03-22 10:02:52,0.0,0.0
2026-03-22 10:03:07,0.0,0.0
2026-03-22 10:03:22,0.0,0.0
2026-03-22 10:03:37,0.0,0.0
2026-03-22 10:03:52,0.0,0.0
2026-03-22 10:04:07,0.0,0.0
2026-03-22 10:04:22,0.0,0.0
2026-03-22 10:04:37,0.0,0.0
2026-03-22 10:04:52,0.0,0.0
2026-03-22 10:05:07,0.0,0.0
2026-03-22 10:05:22,0.0,0.0
2026-03-22 10:05:37,0.0,0.0
2026-03-22 10:05:52,0.0,0.0
2026-03-22 10:06:07,0.0,0.0
2026-03-22 10:06:22,0.0,0.0
2026-03-22 10:06:37,0.0,0.0
2026-03-22 10:06:52,0.0,0.0
2026-03-22 10:07:07,0.0,0.0
2026-03-22 10:07:22,0.0,0.0
2026-03-22 10:07:37,0.0,0.0
2026-03-22 10:07:52,0.0,0.0
2026-03-22 10:08:07,0.0,0.0
2026-03-22 10:08:22,0.0,0.0
2026-03-22 10:08:37,0.0,0.0
2026-03-22 10:08:52,0.0,0.0
2026-03-22 10:09:07,0.0,0.9174311926605505
2026-03-22 10:09:22,0.0,1.7699115044247788
2026-03-22 10:09:37,0.0,1.7094017094017095
2026-03-22 10:09:52,0.0,1.7094017094017095
2026-03-22 10:10:07,0.0,1.6528925619834711
2026-03-22 10:10:22,0.0,1.6528925619834711
2026-03-22 10:10:37,0.0,1.6
2026-03-22 10:10:52,0.0,1.550387596899225
2026-03-22 10:11:07,0.0,1.550387596899225
2026-03-22 10:11:22,0.0,1.5037593984962405
2026-03-22 10:11:37,0.0,1.4598540145985401
2026-03-22 10:11:52,0.0,1.4598540145985401
2026-03-22 10:12:07,0.0,1.4184397163120568
2026-03-22 10:12:22,0.0,1.4184397163120568
2026-03-22 10:12:37,0.0,1.3793103448275863
2026-03-22 10:12:52,0.0,1.342281879194631
2026-03-22 10:13:07,0.0,1.342281879194631
2026-03-22 10:13:22,0.0,1.3071895424836601
2026-03-22 10:13:37,0.0,1.2738853503184715
2026-03-22 10:13:52,0.0,1.2738853503184715
2026-03-22 10:14:07,0.0,1.2422360248447204
2026-03-22 10:14:22,0.0,1.2422360248447204
2026-03-22 10:14:37,0.0,1.2121212121212122
2026-03-22 10:14:52,0.0,1.183431952662722
2026-03-22 10:15:07,0.0,1.183431952662722
2026-03-22 10:15:22,0.0,1.1560693641618496
2026-03-22 10:15:37,0.0,1.1299435028248588
2026-03-22 10:15:52,0.0,1.1299435028248588
2026-03-22 10:16:07,0.0,1.1049723756906076
2026-03-22 10:16:22,0.0,1.1049723756906076
2026-03-22 10:16:37,0.0,1.0810810810810811
2026-03-22 10:16:52,0.0,1.0582010582010581
2026-03-22 10:17:07,0.0,1.0582010582010581
2026-03-22 10:17:22,0.0,1.0362694300518136
2026-03-22 10:17:37,0.0,1.015228426395939
2026-03-22 10:17:52,0.0,1.015228426395939
2026-03-22 10:18:07,0.0,0.9950248756218906
2026-03-22 10:18:22,0.0,0.9950248756218906
2026-03-22 10:18:37,0.0,0.975609756097561
2026-03-22 10:18:52,0.0,0.9569377990430622
2026-03-22 10:19:07,0.0,0.9569377990430622
2026-03-22 10:19:22,0.0,0.9389671361502347
2026-03-22 10:19:37,0.0,0.9216589861751152
2026-03-22 10:19:52,0.0,0.9216589861751152
2026-03-22 10:20:07,0.0,0.904977375565611
2026-03-22 10:20:22,0.0,0.904977375565611
2026-03-22 10:20:37,0.0,0.8888888888888888
2026-03-22 10:20:52,0.0,0.8733624454148471
2026-03-22 10:21:07,0.0,0.8733624454148471
2026-03-22 10:21:22,0.0,0.8583690987124464
2026-03-22 10:21:37,0.0,0.8438818565400843
2026-03-22 10:21:52,0.0,0.8438818565400843
2026-03-22 10:22:07,0.0,0.8298755186721992
2026-03-22 10:22:22,0.0,0.8298755186721992
2026-03-22 10:22:37,0.0,0.8163265306122449
2026-03-22 10:22:52,0.0,0.8032128514056224
2026-03-22 10:23:07,0.0,0.8032128514056224
2026-03-22 10:23:22,0.0,0.7905138339920948
2026-03-22 10:23:37,0.0,0.7782101167315175
2026-03-22 10:23:52,0.0,0.7782101167315175
2026-03-22 10:24:07,0.0,0.7662835249042145
2026-03-22 10:24:22,0.0,0.7662835249042145
2026-03-22 10:24:37,0.0,0.7547169811320755
2026-03-22 10:24:52,0.0,0.7434944237918215
2026-03-22 10:25:07,0.0,0.7434944237918215
2026-03-22 10:25:22,0.0,0.7326007326007326
2026-03-22 10:25:37,0.0,0.7220216606498195
2026-03-22 10:25:52,0.0,0.7220216606498195
2026-03-22 10:26:07,0.0,0.7117437722419928
2026-03-22 10:26:22,0.0,0.7117437722419928
2026-03-22 10:26:37,0.0,0.7017543859649122
2026-03-22 10:26:52,0.0,0.6920415224913495
2026-03-22 10:27:07,0.0,0.6920415224913495
2026-03-22 10:27:22,0.0,0.6825938566552902
2026-03-22 10:27:37,0.0,0.6734006734006733
2026-03-22 10:27:52,0.0,0.6734006734006733
2026-03-22 10:28:07,0.0,0.6644518272425249
2026-03-22 10:28:22,0.0,0.6644518272425249
2026-03-22 10:28:37,0.0,0.6557377049180327
2026-03-22 10:28:52,0.0,0.6472491909385114
2026-03-22 10:29:07,0.0,0.6472491909385114
2026-03-22 10:29:22,0.0,0.6389776357827476
2026-03-22 10:29:37,0.0,0.6309148264984227
2026-03-22 10:29:52,0.0,0.6309148264984227
2026-03-22 10:30:07,0.0,0.6230529595015576
2026-03-22 10:30:22,0.0,0.6230529595015576
2026-03-22 10:30:37,0.0,0.6153846153846154
2026-03-22 10:30:52,0.0,0.60790273556231
2026-03-22 10:31:07,0.0,0.60790273556231
2026-03-22 10:31:22,0.0,0.6006006006006006
2026-03-22 10:31:37,0.0,0.5934718100890208
2026-03-22 10:31:52,0.0,0.5934718100890208
2026-03-22 10:32:07,0.0,0.5865102639296188
2026-03-22 10:32:22,0.0,0.5865102639296188
2026-03-22 10:32:37,0.0,0.5797101449275363
2026-03-22 10:32:52,0.0,0.5730659025787965
2026-03-22 10:33:07,0.0,0.5730659025787965
2026-03-22 10:33:22,0.0,0.56657223796034
2026-03-22 10:33:37,0.0,0.5602240896358543
2026-03-22 10:33:52,0.0,0.5602240896358543
2026-03-22 10:34:07,0.0,0.554016620498615
2026-03-22 10:34:22,0.0,0.554016620498615
2026-03-22 10:34:37,0.0,0.547945205479452
2026-03-22 10:34:52,0.0,0.5420054200542005
2026-03-22 10:35:07,0.0,0.5420054200542005
2026-03-22 10:35:22,0.0,0.8042895442359249
2026-03-22 10:35:37,12.5,1.0610079575596816
2026-03-22 10:35:52,12.5,1.3262599469496021
2026-03-22 10:36:07,12.5,1.574803149606299
2026-03-22 10:36:22,12.5,1.837270341207349
2026-03-22 10:36:37,12.5,2.0779220779220777
2026-03-22 10:36:52,12.5,2.313624678663239
2026-03-22 10:37:07,12.5,2.570694087403599
2026-03-22 10:37:22,12.5,2.7989821882951653
2026-03-22 10:37:37,12.5,3.022670025188917
2026-03-22 10:37:52,12.5,3.27455919395466
2026-03-22 10:38:07,12.5,3.4912718204488775
2026-03-22 10:38:22,12.5,3.7406483790523692
2026-03-22 10:38:37,12.5,3.950617283950617
2026-03-22 10:38:52,12.5,4.156479217603912
2026-03-22 10:39:07,12.5,4.400977995110025
2026-03-22 10:39:22,12.5,4.600484261501211
2026-03-22 10:39:37,12.5,4.796163069544365
2026-03-22 10:39:52,12.5,5.0359712230215825
2026-03-22 10:40:07,12.5,5.225653206650831
2026-03-22 10:40:22,12.5,5.463182897862233
2026-03-22 10:40:37,12.5,5.647058823529412
2026-03-22 10:40:52,12.5,5.827505827505827
2026-03-22 10:41:07,12.5,6.0606060606060606
2026-03-22 10:41:22,12.5,6.235565819861432
2026-03-22 10:41:37,12.5,6.407322654462242
2026-03-22 10:41:52,12.5,6.636155606407322
2026-03-22 10:42:07,12.5,6.575963718820861
2026-03-22 10:42:22,12.5,6.575963718820861
2026-03-22 10:42:37,12.5,6.51685393258427
2026-03-22 10:42:52,12.5,6.45879732739421
2026-03-22 10:43:07,12.5,6.45879732739421
2026-03-22 10:43:22,12.5,6.401766004415011
2026-03-22 10:43:37,12.5,6.3457330415754925
2026-03-22 10:43:52,12.5,6.3457330415754925
2026-03-22 10:44:07,12.5,6.29067245119306
2026-03-22 10:44:22,12.5,6.29067245119306
2026-03-22 10:44:37,12.5,6.236559139784946
2026-03-22 10:44:52,12.5,6.183368869936034
2026-03-22 10:45:07,12.5,6.183368869936034
2026-03-22 10:45:22,12.5,6.13107822410148
2026-03-22 10:45:37,12.5,6.079664570230608
2026-03-22 10:45:52,12.5,6.079664570230608
2026-03-22 10:46:07,12.5,6.029106029106029
2026-03-22 10:46:22,12.5,6.029106029106029
2026-03-22 10:46:37,12.5,5.979381443298969
2026-03-22 10:46:52,12.5,5.930470347648262
2026-03-22 10:47:07,12.5,5.930470347648262
2026-03-22 10:47:22,12.5,5.88235294117647
2026-03-22 10:47:37,12.5,5.8350100603621735
2026-03-22 10:47:52,12.5,5.8350100603621735
2026-03-22 10:48:07,12.5,5.788423153692615
2026-03-22 10:48:22,12.5,5.788423153692615
2026-03-22 10:48:37,12.5,5.742574257425743
2026-03-22 10:48:52,12.5,5.697445972495088
2026-03-22 10:49:07,12.5,5.697445972495088
2026-03-22 10:49:22,12.5,5.653021442495127
2026-03-22 10:49:37,12.5,5.609284332688588
2026-03-22 10:49:52,12.5,5.609284332688588
2026-03-22 10:50:07,12.5,5.566218809980806
2026-03-22 10:50:22,12.5,5.566218809980806
2026-03-22 10:50:37,12.5,5.523809523809524
2026-03-22 10:50:52,12.5,5.482041587901701
2026-03-22 10:51:07,12.5,5.482041587901701
2026-03-22 10:51:22,12.5,5.440900562851782
2026-03-22 10:51:37,12.5,5.400372439478584
2026-03-22 10:51:52,12.5,5.400372439478584
2026-03-22 10:52:07,12.5,5.360443622920517
2026-03-22 10:52:22,12.5,5.360443622920517
2026-03-22 10:52:37,12.5,5.321100917431193
2026-03-22 10:52:52,12.5,5.2823315118397085
2026-03-22 10:53:07,12.5,5.2823315118397085
2026-03-22 10:53:22,12.5,5.244122965641953
2026-03-22 10:53:37,12.5,5.206463195691203
2026-03-22 10:53:52,12.5,5.206463195691203
2026-03-22 10:54:07,12.5,5.169340463458111
2026-03-22 10:54:22,12.5,5.169340463458111
2026-03-22 10:54:37,12.5,5.132743362831858
2026-03-22 10:54:52,12.5,5.0966608084358525
2026-03-22 10:55:07,12.5,5.0966608084358525
2026-03-22 10:55:22,12.5,5.06108202443281
2026-03-22 10:55:37,12.5,5.025996533795494
2026-03-22 10:55:52,12.5,5.025996533795494
2026-03-22 10:56:07,12.5,4.991394148020654
2026-03-22 10:56:22,12.5,4.991394148020654
2026-03-22 10:56:37,12.5,4.957264957264957
2026-03-22 10:56:52,12.5,4.923599320882852
2026-03-22 10:57:07,12.5,4.923599320882852
2026-03-22 10:57:22,12.5,4.8903878583473865
2026-03-22 10:57:37,12.5,4.857621440536013
2026-03-22 10:57:52,12.5,4.857621440536013
2026-03-22 10:58:07,12.5,4.825291181364393
2026-03-22 10:58:22,12.5,4.825291181364393
2026-03-22 10:58:37,12.5,4.793388429752066
2026-03-22 10:58:52,12.5,4.761904761904762
2026-03-22 10:59:07,12.5,4.761904761904762
2026-03-22 10:59:22,12.5,4.730831973898858
2026-03-22 10:59:37,12.5,4.700162074554295
2026-03-22 10:59:52,12.5,4.700162074554295
2026-03-22 11:00:07,12.5,4.669887278582931
2026-03-22 11:00:22,12.5,4.669887278582931
2026-03-22 11:00:37,12.5,4.64
2026-03-22 11:00:52,12.5,4.610492845786964
2026-03-22 11:01:07,12.5,4.769475357710652
2026-03-22 11:01:22,12.5,4.897314375987362
2026-03-22 11:01:37,12.5,5.023547880690738
2026-03-22 11:01:52,12.5,5.180533751962323
2026-03-22 11:02:07,12.5,5.30421216848674
2026-03-22 11:02:22,12.5,5.46021840873635
2026-03-22 11:02:37,12.5,5.5813953488372094
2026-03-22 11:02:52,12.5,5.701078582434515
2026-03-22 11:03:07,12.5,5.855161787365177
2026-03-22 11:03:22,12.5,5.972434915773354
2026-03-22 11:03:37,12.5,6.0882800608828
2026-03-22 11:03:52,12.5,6.2404870624048705
2026-03-22 11:04:07,12.5,6.354009077155824
2026-03-22 11:04:22,12.5,6.505295007564296
2026-03-22 11:04:37,12.5,6.616541353383458
2026-03-22 11:04:52,12.5,6.726457399103139
2026-03-22 11:05:07,12.5,6.87593423019432
2026-03-22 11:05:22,12.5,6.983655274888559
2026-03-22 11:05:37,12.5,7.0901033973412115
2026-03-22 11:05:52,12.5,7.23781388478582
2026-03-22 11:06:07,12.5,7.342143906020558
2026-03-22 11:06:22,12.5,7.488986784140969
2026-03-22 11:06:37,12.5,7.591240875912408
2026-03-22 11:06:52,12.5,7.6923076923076925
2026-03-22 11:07:07,12.5,7.837445573294629
2026-03-22 11:07:22,12.5,7.936507936507936
2026-03-22 11:07:37,12.5,8.034433285509325
2026-03-22 11:07:52,12.5,8.17790530846485
2026-03-22 11:08:07,12.5,8.273894436519258
2026-03-22 11:08:22,12.5,8.416547788873038
2026-03-22 11:08:37,12.5,8.51063829787234
2026-03-22 11:08:52,12.5,8.603667136812412
2026-03-22 11:09:07,12.5,8.744710860366714
2026-03-22 11:09:22,12.5,8.835904628330995
2026-03-22 11:09:37,12.5,8.92608089260809
2026-03-22 11:09:52,12.5,9.06555090655509
2026-03-22 11:10:07,12.5,9.153952843273231
2026-03-22 11:10:22,12.5,9.29264909847434
2026-03-22 11:10:37,12.5,9.379310344827587
2026-03-22 11:10:52,12.5,9.465020576131687
2026-03-22 11:11:07,12.5,9.602194787379972
2026-03-22 11:11:22,12.5,9.686221009549795
2026-03-22 11:11:37,25.0,9.76933514246947
2026-03-22 11:11:52,25.0,9.905020352781547
2026-03-22 11:12:07,25.0,9.986504723346828
2026-03-22 11:12:22,25.0,10.121457489878543
2026-03-22 11:12:37,25.0,10.201342281879194
2026-03-22 11:12:52,25.0,10.2803738317757
2026-03-22 11:13:07,25.0,10.413885180240321
2026-03-22 11:13:22,25.0,10.49136786188579
2026-03-22 11:13:37,25.0,10.568031704095112
2026-03-22 11:13:52,25.0,10.700132100396301
2026-03-22 11:14:07,25.0,10.775295663600525
2026-03-22 11:14:22,25.0,10.90670170827858
2026-03-22 11:14:37,25.0,10.980392156862745
2026-03-22 11:14:52,25.0,11.053315994798439
2026-03-22 11:15:07,25.0,11.183355006501952
2026-03-22 11:15:22,25.0,11.254851228978008
2026-03-22 11:15:37,25.0,11.325611325611327
2026-03-22 11:15:52,25.0,11.454311454311455
2026-03-22 11:16:07,25.0,11.523687580025609
2026-03-22 11:16:22,25.0,11.651728553137005
2026-03-22 11:16:37,25.0,11.719745222929937
2026-03-22 11:16:52,25.0,11.787072243346007
2026-03-22 11:17:07,25.0,11.787072243346007
2026-03-22 11:17:22,25.0,11.727616645649434
2026-03-22 11:17:37,25.0,11.668757841907151
2026-03-22 11:17:52,25.0,11.668757841907151
2026-03-22 11:18:07,25.0,11.610486891385769
2026-03-22 11:18:22,25.0,11.610486891385769
2026-03-22 11:18:37,25.0,11.5527950310559
2026-03-22 11:18:52,25.0,11.495673671199011
2026-03-22 11:19:07,25.0,11.495673671199011
2026-03-22 11:19:22,25.0,11.439114391143912
2026-03-22 11:19:37,25.0,11.383108935128519
2026-03-22 11:19:52,25.0,11.383108935128519
2026-03-22 11:20:07,25.0,11.327649208282581
2026-03-22 11:20:22,25.0,11.327649208282581
2026-03-22 11:20:37,25.0,11.272727272727273
2026-03-22 11:20:52,25.0,11.218335343787695
2026-03-22 11:21:07,25.0,11.218335343787695
2026-03-22 11:21:22,25.0,11.164465786314526
2026-03-22 11:21:37,25.0,11.11111111111111
2026-03-22 11:21:52,25.0,11.11111111111111
2026-03-22 11:22:07,25.0,11.058263971462544
2026-03-22 11:22:22,25.0,11.058263971462544
2026-03-22 11:22:37,25.0,11.005917159763314
2026-03-22 11:22:52,25.0,10.954063604240282
2026-03-22 11:23:07,25.0,10.954063604240282
2026-03-22 11:23:22,25.0,10.902696365767877
2026-03-22 11:23:37,25.0,10.851808634772462
2026-03-22 11:23:52,25.0,10.851808634772462
2026-03-22 11:24:07,25.0,10.801393728222997
2026-03-22 11:24:22,25.0,10.801393728222997
2026-03-22 11:24:37,25.0,10.751445086705203
2026-03-22 11:24:52,25.0,10.701956271576526
2026-03-22 11:25:07,25.0,10.701956271576526
2026-03-22 11:25:22,25.0,10.652920962199312
2026-03-22 11:25:37,25.0,10.604332953249715
2026-03-22 11:25:52,25.0,10.604332953249715
2026-03-22 11:26:07,25.0,10.556186152099887
2026-03-22 11:26:22,25.0,10.556186152099887
2026-03-22 11:26:37,25.0,10.508474576271185
2026-03-22 11:26:52,25.0,10.46119235095613
2026-03-22 11:27:07,25.0,10.46119235095613
2026-03-22 11:27:22,25.0,10.414333706606943
2026-03-22 11:27:37,25.0,10.367892976588628
2026-03-22 11:27:52,25.0,10.367892976588628
2026-03-22 11:28:07,25.0,10.321864594894562
2026-03-22 11:28:22,25.0,10.321864594894562
2026-03-22 11:28:37,25.0,10.276243093922652
2026-03-22 11:28:52,25.0,10.231023102310232
2026-03-22 11:29:07,25.0,10.231023102310232
2026-03-22 11:29:22,25.0,10.186199342825848
2026-03-22 11:29:37,25.0,10.141766630316248
2026-03-22 11:29:52,25.0,10.141766630316248
2026-03-22 11:30:07,25.0,10.097719869706841
2026-03-22 11:30:22,25.0,10.097719869706841
2026-03-22 11:30:37,25.0,10.054054054054054
2026-03-22 11:30:52,25.0,10.010764262648008
2026-03-22 11:31:07,25.0,10.010764262648008
2026-03-22 11:31:22,25.0,9.967845659163988
2026-03-22 11:31:37,25.0,9.925293489861259
2026-03-22 11:31:52,25.0,9.925293489861259
2026-03-22 11:32:07,25.0,9.883103081827842
2026-03-22 11:32:22,25.0,9.883103081827842
2026-03-22 11:32:37,25.0,9.841269841269842
2026-03-22 11:32:52,25.0,9.799789251844047
2026-03-22 11:33:07,25.0,9.799789251844047
2026-03-22 11:33:22,25.0,9.758656873032528
2026-03-22 11:33:37,25.0,9.717868338557993
2026-03-22 11:33:52,25.0,9.717868338557993
2026-03-22 11:34:07,25.0,9.67741935483871
2026-03-22 11:34:22,25.0,9.67741935483871
2026-03-22 11:34:37,25.0,9.637305699481866
2026-03-22 11:34:52,25.0,9.597523219814242
2026-03-22 11:35:07,25.0,9.597523219814242
2026-03-22 11:35:22,25.0,9.558067831449128
2026-03-22 11:35:37,25.0,9.518935516888433
2026-03-22 11:35:52,25.0,9.518935516888433
2026-03-22 11:36:07,25.0,9.480122324159021
2026-03-22 11:36:22,25.0,9.480122324159021
2026-03-22 11:36:37,25.0,9.441624365482234
2026-03-22 11:36:52,25.0,9.403437815975733
2026-03-22 11:37:07,25.0,9.403437815975733
2026-03-22 11:37:22,25.0,9.365558912386707
2026-03-22 11:37:37,25.0,9.327983951855568
2026-03-22 11:37:52,25.0,9.327983951855568
2026-03-22 11:38:07,25.0,9.290709290709291
2026-03-22 11:38:22,25.0,9.290709290709291
2026-03-22 11:38:37,25.0,9.253731343283581
2026-03-22 11:38:52,25.0,9.217046580773044
2026-03-22 11:39:07,25.0,9.217046580773044
2026-03-22 11:39:22,25.0,9.18065153010859
2026-03-22 11:39:37,25.0,9.144542772861357
2026-03-22 11:39:52,25.0,9.144542772861357
2026-03-22 11:40:07,25.0,9.20666013712047
2026-03-22 11:40:22,25.0,9.20666013712047
2026-03-22 11:40:37,25.0,9.268292682926829
2026-03-22 11:40:52,25.0,9.329446064139942
2026-03-22 11:41:07,25.0,9.329446064139942
2026-03-22 11:41:22,25.0,9.293320425943854
2026-03-22 11:41:37,25.0,9.35390549662488
2026-03-22 11:41:52,25.0,9.450337512054002
2026-03-22 11:42:07,25.0,9.510086455331413
2026-03-22 11:42:22,25.0,9.510086455331413
2026-03-22 11:42:37,25.0,9.473684210526317
2026-03-22 11:42:52,25.0,9.437559580552907
2026-03-22 11:43:07,25.0,9.437559580552907
2026-03-22 11:43:22,25.0,9.401709401709402
2026-03-22 11:43:37,25.0,9.366130558183539
2026-03-22 11:43:52,25.0,9.366130558183539
2026-03-22 11:44:07,25.0,9.330819981149858
2026-03-22 11:44:22,25.0,9.330819981149858
2026-03-22 11:44:37,25.0,9.295774647887324
2026-03-22 11:44:52,25.0,9.260991580916745
2026-03-22 11:45:07,25.0,9.260991580916745
2026-03-22 11:45:22,25.0,9.226467847157501
2026-03-22 11:45:37,25.0,9.192200557103064
2026-03-22 11:45:52,25.0,9.192200557103064
2026-03-22 11:46:07,25.0,9.158186864014802
2026-03-22 11:46:22,25.0,9.158186864014802
2026-03-22 11:46:37,25.0,9.12442396313364
2026-03-22 11:46:52,25.0,9.090909090909092
2026-03-22 11:47:07,25.0,9.090909090909092
2026-03-22 11:47:22,25.0,9.057639524245197
2026-03-22 11:47:37,12.5,9.02461257976299
2026-03-22 11:47:52,12.5,9.02461257976299
2026-03-22 11:48:07,12.5,8.991825613079019
2026-03-22 11:48:22,12.5,8.991825613079019
2026-03-22 11:48:37,12.5,8.959276018099548
2026-03-22 11:48:52,12.5,8.926961226330027
2026-03-22 11:49:07,12.5,8.926961226330027
2026-03-22 11:49:22,12.5,8.89487870619946
2026-03-22 11:49:37,12.5,8.863025962399282
2026-03-22 11:49:52,12.5,8.863025962399282
2026-03-22 11:50:07,12.5,8.831400535236396
2026-03-22 11:50:22,12.5,8.831400535236396
2026-03-22 11:50:37,12.5,8.799999999999999
2026-03-22 11:50:52,12.5,8.768821966341896
2026-03-22 11:51:07,12.5,8.768821966341896
2026-03-22 11:51:22,12.5,8.737864077669903
2026-03-22 11:51:37,12.5,8.70712401055409
2026-03-22 11:51:52,12.5,8.70712401055409
2026-03-22 11:52:07,12.5,8.676599474145487
2026-03-22 11:52:22,12.5,8.676599474145487
2026-03-22 11:52:37,12.5,8.646288209606986
2026-03-22 11:52:52,12.5,8.616187989556137
2026-03-22 11:53:07,12.5,8.616187989556137
2026-03-22 11:53:22,12.5,8.586296617519515
2026-03-22 11:53:37,12.5,8.556611927398444
2026-03-22 11:53:52,12.5,8.556611927398444
2026-03-22 11:54:07,12.5,8.527131782945736
2026-03-22 11:54:22,12.5,8.527131782945736
2026-03-22 11:54:37,12.5,8.497854077253217
2026-03-22 11:54:52,12.5,8.468776732249786
2026-03-22 11:55:07,12.5,8.468776732249786
2026-03-22 11:55:22,12.5,8.439897698209718
2026-03-22 11:55:37,12.5,8.411214953271028
2026-03-22 11:55:52,12.5,8.411214953271028
2026-03-22 11:56:07,12.5,8.38272650296359
2026-03-22 11:56:22,12.5,8.38272650296359
2026-03-22 11:56:37,12.5,8.354430379746836
2026-03-22 11:56:52,12.5,8.32632464255677
2026-03-22 11:57:07,12.5,8.32632464255677
2026-03-22 11:57:22,12.5,8.298407376362112
2026-03-22 11:57:37,12.5,8.270676691729323
2026-03-22 11:57:52,12.5,8.270676691729323
2026-03-22 11:58:07,12.5,8.243130724396336
2026-03-22 11:58:22,12.5,8.243130724396336
2026-03-22 11:58:37,12.5,8.215767634854771
2026-03-22 11:58:52,12.5,8.188585607940446
2026-03-22 11:59:07,12.5,8.188585607940446
2026-03-22 11:59:22,12.5,8.161582852431987
2026-03-22 11:59:37,12.5,8.134757600657354
2026-03-22 11:59:52,12.5,8.134757600657354
2026-03-22 12:00:07,12.5,8.108108108108109
2026-03-22 12:00:22,12.5,8.134757600657354
2026-03-22 12:00:37,12.5,8.134757600657354
2026-03-22 12:00:52,12.5,8.134757600657354
2026-03-22 12:01:07,12.5,8.134757600657354
2026-03-22 12:01:22,12.5,8.134757600657354
2026-03-22 12:01:37,12.5,8.134757600657354
2026-03-22 12:01:52,12.5,8.134757600657354
2026-03-22 12:02:07,12.5,8.134757600657354
2026-03-22 12:02:22,12.5,8.134757600657354
2026-03-22 12:02:37,12.5,8.134757600657354
2026-03-22 12:02:52,12.5,8.134757600657354
2026-03-22 12:03:07,12.5,8.134757600657354
2026-03-22 12:03:22,12.5,8.134757600657354
2026-03-22 12:03:37,12.5,8.134757600657354
2026-03-22 12:03:52,12.5,8.134757600657354
2026-03-22 12:04:07,12.5,8.134757600657354
2026-03-22 12:04:22,12.5,8.134757600657354
2026-03-22 12:04:37,12.5,8.134757600657354
2026-03-22 12:04:52,12.5,8.134757600657354
2026-03-22 12:05:07,12.5,8.134757600657354
2026-03-22 12:05:22,12.5,8.134757600657354
2026-03-22 12:05:37,12.5,8.134757600657354
2026-03-22 12:05:52,12.5,8.134757600657354
2026-03-22 12:06:07,12.5,8.134757600657354
2026-03-22 12:06:22,12.5,8.134757600657354
2026-03-22 12:06:37,12.5,8.161582852431987
2026-03-22 12:06:52,12.5,8.161582852431987
2026-03-22 12:07:07,12.5,8.161582852431987
2026-03-22 12:07:22,12.5,8.161582852431987
2026-03-22 12:07:37,12.5,8.161582852431987
2026-03-22 12:07:52,12.5,8.161582852431987
2026-03-22 12:08:07,12.5,8.161582852431987
2026-03-22 12:08:22,12.5,8.161582852431987
2026-03-22 12:08:37,12.5,8.161582852431987
2026-03-22 12:08:52,12.5,8.161582852431987
2026-03-22 12:09:07,12.5,8.161582852431987
2026-03-22 12:09:22,12.5,8.161582852431987
2026-03-22 12:09:37,12.5,8.161582852431987
2026-03-22 12:09:52,12.5,8.161582852431987
2026-03-22 12:10:07,12.5,8.161582852431987
2026-03-22 12:10:22,12.5,8.161582852431987
2026-03-22 12:10:37,12.5,8.161582852431987
2026-03-22 12:10:52,12.5,8.161582852431987
2026-03-22 12:11:07,12.5,8.161582852431987
2026-03-22 12:11:22,12.5,8.161582852431987
2026-03-22 12:11:37,12.5,8.161582852431987
2026-03-22 12:11:52,12.5,8.161582852431987
2026-03-22 12:12:07,12.5,8.161582852431987
2026-03-22 12:12:22,12.5,8.161582852431987
2026-03-22 12:12:37,12.5,8.161582852431987
2026-03-22 12:12:52,12.5,8.188585607940446
2026-03-22 12:13:07,12.5,8.188585607940446
2026-03-22 12:13:22,12.5,8.188585607940446
2026-03-22 12:13:37,12.5,8.188585607940446
2026-03-22 12:13:52,12.5,8.188585607940446
2026-03-22 12:14:07,12.5,8.188585607940446
2026-03-22 12:14:22,12.5,8.188585607940446
2026-03-22 12:14:37,12.5,8.188585607940446
2026-03-22 12:14:52,12.5,8.188585607940446
2026-03-22 12:15:07,12.5,8.188585607940446
2026-03-22 12:15:22,12.5,8.188585607940446
2026-03-22 12:15:37,12.5,8.188585607940446
2026-03-22 12:15:52,12.5,8.188585607940446
2026-03-22 12:16:07,12.5,8.188585607940446
2026-03-22 12:16:22,12.5,8.188585607940446
2026-03-22 12:16:37,12.5,8.188585607940446
2026-03-22 12:16:52,12.5,8.188585607940446
2026-03-22 12:17:07,12.5,8.188585607940446
2026-03-22 12:17:22,12.5,8.188585607940446
2026-03-22 12:17:37,12.5,8.188585607940446
2026-03-22 12:17:52,12.5,8.188585607940446
2026-03-22 12:18:07,12.5,8.188585607940446
2026-03-22 12:18:22,12.5,8.188585607940446
2026-03-22 12:18:37,12.5,8.188585607940446
2026-03-22 12:18:52,12.5,8.215767634854771
2026-03-22 12:19:07,12.5,8.215767634854771
2026-03-22 12:19:22,12.5,8.215767634854771
2026-03-22 12:19:37,12.5,8.215767634854771
2026-03-22 12:19:52,12.5,8.215767634854771
2026-03-22 12:20:07,12.5,8.215767634854771
2026-03-22 12:20:22,12.5,8.215767634854771
2026-03-22 12:20:37,12.5,8.215767634854771
2026-03-22 12:20:52,12.5,8.215767634854771
2026-03-22 12:21:07,12.5,8.215767634854771
2026-03-22 12:21:22,12.5,8.215767634854771
2026-03-22 12:21:37,12.5,8.215767634854771
2026-03-22 12:21:52,12.5,8.215767634854771
2026-03-22 12:22:07,12.5,8.215767634854771
2026-03-22 12:22:22,12.5,8.215767634854771
2026-03-22 12:22:37,12.5,8.215767634854771
2026-03-22 12:22:52,12.5,8.215767634854771
2026-03-22 12:23:07,12.5,8.215767634854771
2026-03-22 12:23:22,12.5,8.215767634854771
2026-03-22 12:23:37,12.5,8.215767634854771
2026-03-22 12:23:52,12.5,8.215767634854771
2026-03-22 12:24:07,12.5,8.215767634854771
2026-03-22 12:24:22,12.5,8.215767634854771
2026-03-22 12:24:37,12.5,8.215767634854771
2026-03-22 12:24:52,12.5,8.215767634854771
2026-03-22 12:25:07,12.5,8.243130724396336
2026-03-22 12:25:22,12.5,8.243130724396336
2026-03-22 12:25:37,12.5,8.243130724396336
2026-03-22 12:25:52,12.5,8.243130724396336
2026-03-22 12:26:07,12.5,8.243130724396336
2026-03-22 12:26:22,12.5,8.243130724396336
2026-03-22 12:26:37,12.5,8.243130724396336
2026-03-22 12:26:52,12.5,8.243130724396336
2026-03-22 12:27:07,12.5,8.243130724396336
2026-03-22 12:27:22,12.5,8.243130724396336
2026-03-22 12:27:37,12.5,8.243130724396336
2026-03-22 12:27:52,12.5,8.243130724396336
2026-03-22 12:28:07,12.5,8.243130724396336
2026-03-22 12:28:22,12.5,8.243130724396336
2026-03-22 12:28:37,12.5,8.243130724396336
2026-03-22 12:28:52,12.5,8.243130724396336
2026-03-22 12:29:07,12.5,8.243130724396336
2026-03-22 12:29:22,12.5,8.243130724396336
2026-03-22 12:29:37,12.5,8.243130724396336
2026-03-22 12:29:52,12.5,8.243130724396336
2026-03-22 12:30:07,12.5,8.243130724396336
2026-03-22 12:30:22,12.5,8.243130724396336
2026-03-22 12:30:37,12.5,8.243130724396336
2026-03-22 12:30:52,12.5,8.243130724396336
2026-03-22 12:31:07,12.5,8.243130724396336
2026-03-22 12:31:22,12.5,8.270676691729323
2026-03-22 12:31:37,12.5,8.270676691729323
2026-03-22 12:31:52,12.5,8.270676691729323
2026-03-22 12:32:07,12.5,8.270676691729323
2026-03-22 12:32:22,12.5,8.270676691729323
2026-03-22 12:32:37,12.5,8.270676691729323
2026-03-22 12:32:52,12.5,8.270676691729323
2026-03-22 12:33:07,12.5,8.270676691729323
2026-03-22 12:33:22,12.5,8.270676691729323
2026-03-22 12:33:37,12.5,8.270676691729323
2026-03-22 12:33:52,12.5,8.270676691729323
2026-03-22 12:34:07,12.5,8.270676691729323
2026-03-22 12:34:22,12.5,8.270676691729323
2026-03-22 12:34:37,12.5,8.270676691729323
2026-03-22 12:34:52,12.5,8.270676691729323
2026-03-22 12:35:07,12.5,8.270676691729323
2026-03-22 12:35:22,12.5,8.270676691729323
2026-03-22 12:35:37,12.5,8.270676691729323
2026-03-22 12:35:52,12.5,8.270676691729323
2026-03-22 12:36:07,12.5,8.270676691729323
2026-03-22 12:36:22,12.5,8.270676691729323
2026-03-22 12:36:37,12.5,8.270676691729323
2026-03-22 12:36:52,12.5,8.270676691729323
2026-03-22 12:37:07,12.5,8.270676691729323
2026-03-22 12:37:22,12.5,8.270676691729323
2026-03-22 12:37:37,12.5,8.298407376362112
2026-03-22 12:37:52,12.5,8.298407376362112
2026-03-22 12:38:07,12.5,8.298407376362112
2026-03-22 12:38:22,12.5,8.298407376362112
2026-03-22 12:38:37,12.5,8.298407376362112
2026-03-22 12:38:52,12.5,8.298407376362112
2026-03-22 12:39:07,12.5,8.298407376362112
2026-03-22 12:39:22,12.5,8.298407376362112
2026-03-22 12:39:37,12.5,8.298407376362112
2026-03-22 12:39:52,12.5,8.298407376362112
2026-03-22 12:40:07,12.5,8.298407376362112
2026-03-22 12:40:22,12.5,8.298407376362112
2026-03-22 12:40:37,12.5,8.298407376362112
2026-03-22 12:40:52,12.5,8.298407376362112
2026-03-22 12:41:07,12.5,8.298407376362112
2026-03-22 12:41:22,12.5,8.298407376362112
2026-03-22 12:41:37,12.5,8.298407376362112
2026-03-22 12:41:52,12.5,8.298407376362112
2026-03-22 12:42:07,12.5,8.298407376362112
2026-03-22 12:42:22,12.5,8.298407376362112
2026-03-22 12:42:37,12.5,8.298407376362112
2026-03-22 12:42:52,12.5,8.298407376362112
2026-03-22 12:43:07,12.5,8.298407376362112
2026-03-22 12:43:22,12.5,8.298407376362112
2026-03-22 12:43:37,12.5,8.32632464255677
2026-03-22 12:43:52,12.5,8.32632464255677
2026-03-22 12:44:07,12.5,8.32632464255677
2026-03-22 12:44:22,12.5,8.32632464255677
2026-03-22 12:44:37,12.5,8.32632464255677
2026-03-22 12:44:52,12.5,8.32632464255677
2026-03-22 12:45:07,12.5,8.32632464255677
2026-03-22 12:45:22,12.5,8.32632464255677
2026-03-22 12:45:37,12.5,8.32632464255677
2026-03-22 12:45:52,12.5,8.32632464255677
2026-03-22 12:46:07,12.5,8.32632464255677
2026-03-22 12:46:22,12.5,8.32632464255677
2026-03-22 12:46:37,12.5,8.32632464255677
2026-03-22 12:46:52,12.5,8.32632464255677
2026-03-22 12:47:07,12.5,8.32632464255677
2026-03-22 12:47:22,12.5,8.32632464255677
2026-03-22 12:47:37,12.5,8.32632464255677
2026-03-22 12:47:52,12.5,8.32632464255677
2026-03-22 12:48:07,12.5,8.32632464255677
2026-03-22 12:48:22,12.5,8.32632464255677
2026-03-22 12:48:37,12.5,8.32632464255677
2026-03-22 12:48:52,12.5,8.32632464255677
2026-03-22 12:49:07,12.5,8.32632464255677
2026-03-22 12:49:22,12.5,8.32632464255677
2026-03-22 12:49:37,12.5,8.32632464255677
2026-03-22 12:49:52,12.5,8.354430379746836
2026-03-22 12:50:07,12.5,8.354430379746836
2026-03-22 12:50:22,12.5,8.354430379746836
2026-03-22 12:50:37,12.5,8.354430379746836
2026-03-22 12:50:52,12.5,8.354430379746836
2026-03-22 12:51:07,12.5,8.354430379746836
2026-03-22 12:51:22,12.5,8.354430379746836
2026-03-22 12:51:37,12.5,8.354430379746836
2026-03-22 12:51:52,12.5,8.354430379746836
2026-03-22 12:52:07,12.5,8.354430379746836
2026-03-22 12:52:22,12.5,8.354430379746836
2026-03-22 12:52:37,12.5,8.354430379746836
2026-03-22 12:52:52,12.5,8.354430379746836
2026-03-22 12:53:07,12.5,8.354430379746836
2026-03-22 12:53:22,12.5,8.354430379746836
2026-03-22 12:53:37,12.5,8.354430379746836
2026-03-22 12:53:52,12.5,8.354430379746836
2026-03-22 12:54:07,12.5,8.354430379746836
2026-03-22 12:54:22,12.5,8.354430379746836
2026-03-22 12:54:37,12.5,8.354430379746836
2026-03-22 12:54:52,12.5,8.354430379746836
2026-03-22 12:55:07,12.5,8.354430379746836
2026-03-22 12:55:22,12.5,8.354430379746836
2026-03-22 12:55:37,12.5,8.354430379746836
2026-03-22 12:55:52,12.5,8.354430379746836
2026-03-22 12:56:07,12.5,8.38272650296359
2026-03-22 12:56:22,12.5,8.38272650296359
2026-03-22 12:56:37,12.5,8.46740050804403
2026-03-22 12:56:52,12.5,8.46740050804403
2026-03-22 12:57:07,12.5,8.46740050804403
2026-03-22 12:57:22,12.5,8.46740050804403
2026-03-22 12:57:37,12.5,8.46740050804403
2026-03-22 12:57:52,12.5,8.46740050804403
2026-03-22 12:58:07,12.5,8.46740050804403
2026-03-22 12:58:22,12.5,8.46740050804403
2026-03-22 12:58:37,12.5,8.46740050804403
2026-03-22 12:58:52,12.5,8.46740050804403
2026-03-22 12:59:07,12.5,8.46740050804403
2026-03-22 12:59:22,12.5,8.46740050804403
2026-03-22 12:59:37,12.5,8.46740050804403
2026-03-22 12:59:52,12.5,8.46740050804403
2026-03-22 13:00:07,12.5,8.46740050804403
2026-03-22 13:00:22,12.5,8.46740050804403
2026-03-22 13:00:37,12.5,8.46740050804403
2026-03-22 13:00:52,12.5,8.46740050804403
2026-03-22 13:01:07,12.5,8.46740050804403
2026-03-22 13:01:22,12.5,8.46740050804403
2026-03-22 13:01:37,12.5,8.46740050804403
2026-03-22 13:01:52,12.5,8.46740050804403
2026-03-22 13:02:07,12.5,8.46740050804403
2026-03-22 13:02:22,12.5,8.496176720475786
2026-03-22 13:02:37,12.5,8.496176720475786
2026-03-22 13:02:52,12.5,8.496176720475786
2026-03-22 13:03:07,12.5,8.496176720475786
2026-03-22 13:03:22,12.5,8.496176720475786
2026-03-22 13:03:37,12.5,8.496176720475786
2026-03-22 13:03:52,12.5,8.496176720475786
2026-03-22 13:04:07,12.5,8.496176720475786
2026-03-22 13:04:22,12.5,8.496176720475786
2026-03-22 13:04:37,12.5,8.496176720475786
2026-03-22 13:04:52,12.5,8.496176720475786
2026-03-22 13:05:07,12.5,8.496176720475786
2026-03-22 13:05:22,12.5,8.496176720475786
2026-03-22 13:05:37,12.5,8.496176720475786
2026-03-22 13:05:52,12.5,8.496176720475786
2026-03-22 13:06:07,12.5,8.496176720475786
2026-03-22 13:06:22,12.5,8.496176720475786
2026-03-22 13:06:37,12.5,8.496176720475786
2026-03-22 13:06:52,12.5,8.496176720475786
2026-03-22 13:07:07,12.5,8.496176720475786
2026-03-22 13:07:22,12.5,8.496176720475786
2026-03-22 13:07:37,12.5,8.496176720475786
2026-03-22 13:07:52,12.5,8.496176720475786
2026-03-22 13:08:07,12.5,8.496176720475786
2026-03-22 13:08:22,12.5,8.496176720475786
2026-03-22 13:08:37,12.5,8.525149190110827
2026-03-22 13:08:52,12.5,8.525149190110827
2026-03-22 13:09:07,12.5,8.525149190110827
2026-03-22 13:09:22,12.5,8.525149190110827
2026-03-22 13:09:37,12.5,8.525149190110827
2026-03-22 13:09:52,12.5,8.525149190110827
2026-03-22 13:10:07,12.5,8.525149190110827
2026-03-22 13:10:22,12.5,8.525149190110827
2026-03-22 13:10:37,12.5,8.525149190110827
2026-03-22 13:10:52,12.5,8.525149190110827
2026-03-22 13:11:07,12.5,8.525149190110827
2026-03-22 13:11:22,12.5,8.525149190110827
2026-03-22 13:11:37,12.5,8.525149190110827
2026-03-22 13:11:52,12.5,8.525149190110827
2026-03-22 13:12:07,12.5,8.525149190110827
2026-03-22 13:12:22,12.5,8.525149190110827
2026-03-22 13:12:37,12.5,8.525149190110827
2026-03-22 13:12:52,12.5,8.525149190110827
2026-03-22 13:13:07,12.5,8.525149190110827
2026-03-22 13:13:22,12.5,8.525149190110827
2026-03-22 13:13:37,12.5,8.525149190110827
2026-03-22 13:13:52,12.5,8.525149190110827
2026-03-22 13:14:07,12.5,8.525149190110827
2026-03-22 13:14:22,12.5,8.525149190110827
2026-03-22 13:14:37,12.5,8.554319931565441
2026-03-22 13:14:52,12.5,8.554319931565441
2026-03-22 13:15:07,12.5,8.554319931565441
2026-03-22 13:15:22,12.5,8.554319931565441
2026-03-22 13:15:37,12.5,8.554319931565441
2026-03-22 13:15:52,12.5,8.554319931565441
2026-03-22 13:16:07,12.5,8.554319931565441
2026-03-22 13:16:22,12.5,8.554319931565441
2026-03-22 13:16:37,12.5,8.554319931565441
2026-03-22 13:16:52,12.5,8.554319931565441
2026-03-22 13:17:07,12.5,8.554319931565441
2026-03-22 13:17:22,12.5,8.554319931565441
2026-03-22 13:17:37,12.5,8.554319931565441
2026-03-22 13:17:52,12.5,8.554319931565441
2026-03-22 13:18:07,12.5,8.554319931565441
2026-03-22 13:18:22,12.5,8.554319931565441
2026-03-22 13:18:37,12.5,8.554319931565441
2026-03-22 13:18:52,12.5,8.554319931565441
2026-03-22 13:19:07,12.5,8.554319931565441
2026-03-22 13:19:22,12.5,8.554319931565441
2026-03-22 13:19:37,12.5,8.554319931565441
2026-03-22 13:19:52,12.5,8.554319931565441
2026-03-22 13:20:07,12.5,8.554319931565441
2026-03-22 13:20:22,12.5,8.554319931565441
2026-03-22 13:20:37,12.5,8.554319931565441
2026-03-22 13:20:52,12.5,8.583690987124463
2026-03-22 13:21:07,12.5,8.583690987124463
2026-03-22 13:21:22,12.5,8.583690987124463
2026-03-22 13:21:37,12.5,8.583690987124463
2026-03-22 13:21:52,12.5,8.583690987124463
2026-03-22 13:22:07,12.5,8.583690987124463
2026-03-22 13:22:22,12.5,8.583690987124463
2026-03-22 13:22:37,12.5,8.583690987124463
2026-03-22 13:22:52,12.5,8.583690987124463
2026-03-22 13:23:07,12.5,8.583690987124463
2026-03-22 13:23:22,12.5,8.583690987124463
2026-03-22 13:23:37,12.5,8.583690987124463
2026-03-22 13:23:52,12.5,8.583690987124463
2026-03-22 13:24:07,12.5,8.583690987124463
2026-03-22 13:24:22,12.5,8.583690987124463
2026-03-22 13:24:37,12.5,8.583690987124463
2026-03-22 13:24:52,12.5,8.583690987124463
2026-03-22 13:25:07,12.5,8.583690987124463
2026-03-22 13:25:22,12.5,8.583690987124463
2026-03-22 13:25:37,12.5,8.583690987124463
2026-03-22 13:25:52,12.5,8.583690987124463
2026-03-22 13:26:07,12.5,8.583690987124463
2026-03-22 13:26:22,12.5,8.583690987124463
2026-03-22 13:26:37,12.5,8.583690987124463
2026-03-22 13:26:52,12.5,8.583690987124463
2026-03-22 13:27:07,12.5,8.613264427217917
2026-03-22 13:27:22,12.5,8.613264427217917
2026-03-22 13:27:37,12.5,8.613264427217917
2026-03-22 13:27:52,12.5,8.613264427217917
2026-03-22 13:28:07,12.5,8.613264427217917
2026-03-22 13:28:22,12.5,8.613264427217917
2026-03-22 13:28:37,12.5,8.613264427217917
2026-03-22 13:28:52,12.5,8.613264427217917
2026-03-22 13:29:07,12.5,8.613264427217917
2026-03-22 13:29:22,12.5,8.613264427217917
2026-03-22 13:29:37,12.5,8.613264427217917
2026-03-22 13:29:52,12.5,8.613264427217917
2026-03-22 13:30:07,12.5,8.613264427217917
2026-03-22 13:30:22,12.5,8.613264427217917
2026-03-22 13:30:37,12.5,8.613264427217917
2026-03-22 13:30:52,12.5,8.613264427217917
2026-03-22 13:31:07,12.5,8.613264427217917
2026-03-22 13:31:22,12.5,8.613264427217917
2026-03-22 13:31:37,12.5,8.613264427217917
2026-03-22 13:31:52,12.5,8.613264427217917
2026-03-22 13:32:07,12.5,8.613264427217917
2026-03-22 13:32:22,12.5,8.613264427217917
2026-03-22 13:32:37,12.5,8.613264427217917
2026-03-22 13:32:52,12.5,8.613264427217917
2026-03-22 13:33:07,12.5,8.613264427217917
2026-03-22 13:33:22,12.5,8.64304235090752
2026-03-22 13:33:37,12.5,8.64304235090752
2026-03-22 13:33:52,12.5,8.64304235090752
2026-03-22 13:34:07,12.5,8.64304235090752
2026-03-22 13:34:22,12.5,8.64304235090752
2026-03-22 13:34:37,12.5,8.64304235090752
2026-03-22 13:34:52,12.5,8.64304235090752
2026-03-22 13:35:07,12.5,8.64304235090752
2026-03-22 13:35:22,12.5,8.64304235090752
2026-03-22 13:35:37,12.5,8.64304235090752
2026-03-22 13:35:52,12.5,8.64304235090752
2026-03-22 13:36:07,12.5,8.64304235090752
2026-03-22 13:36:22,12.5,8.64304235090752
2026-03-22 13:36:37,12.5,8.64304235090752
2026-03-22 13:36:52,12.5,8.64304235090752
2026-03-22 13:37:07,12.5,8.64304235090752
2026-03-22 13:37:22,12.5,8.64304235090752
2026-03-22 13:37:37,12.5,8.64304235090752
2026-03-22 13:37:52,12.5,8.64304235090752
2026-03-22 13:38:07,12.5,8.64304235090752
2026-03-22 13:38:22,12.5,8.64304235090752
2026-03-22 13:38:37,12.5,8.64304235090752
2026-03-22 13:38:52,12.5,8.64304235090752
2026-03-22 13:39:07,12.5,8.64304235090752
2026-03-22 13:39:22,12.5,8.673026886383347
2026-03-22 13:39:37,12.5,8.673026886383347
2026-03-22 13:39:52,12.5,8.673026886383347
2026-03-22 13:40:07,12.5,8.673026886383347
2026-03-22 13:40:22,12.5,8.673026886383347
2026-03-22 13:40:37,12.5,8.673026886383347
2026-03-22 13:40:52,12.5,8.673026886383347
2026-03-22 13:41:07,12.5,8.673026886383347
2026-03-22 13:41:22,12.5,8.673026886383347
2026-03-22 13:41:37,12.5,8.673026886383347
2026-03-22 13:41:52,12.5,8.673026886383347
2026-03-22 13:42:07,12.5,8.673026886383347
2026-03-22 13:42:22,12.5,8.673026886383347
2026-03-22 13:42:37,12.5,8.673026886383347
2026-03-22 13:42:52,12.5,8.673026886383347
2026-03-22 13:43:07,12.5,8.673026886383347
2026-03-22 13:43:22,12.5,8.673026886383347
2026-03-22 13:43:37,12.5,8.759757155247181
2026-03-22 13:43:52,12.5,8.846487424111015
2026-03-22 13:44:07,12.5,8.933217692974848
2026-03-22 13:44:22,12.5,9.019947961838682
2026-03-22 13:44:37,12.5,9.106678230702515
2026-03-22 13:44:52,12.5,9.193408499566349
2026-03-22 13:45:07,12.5,9.280138768430183
2026-03-22 13:45:22,12.5,9.366869037294014
2026-03-22 13:45:37,12.5,9.48651000870322
2026-03-22 13:45:52,12.5,9.573542210617928
2026-03-22 13:46:07,12.5,9.660574412532636
2026-03-22 13:46:22,12.5,9.747606614447346
2026-03-22 13:46:37,12.5,9.834638816362054
2026-03-22 13:46:52,12.5,9.921671018276761
2026-03-22 13:47:07,12.5,10.008703220191471
2026-03-22 13:47:22,12.5,10.095735422106179
2026-03-22 13:47:37,12.5,10.182767624020887
2026-03-22 13:47:52,12.5,10.269799825935596
2026-03-22 13:48:07,12.5,10.356832027850304
2026-03-22 13:48:22,12.5,10.443864229765012
2026-03-22 13:48:37,12.5,10.530896431679722
2026-03-22 13:48:52,12.5,10.61792863359443
2026-03-22 13:49:07,12.5,10.704960835509137
2026-03-22 13:49:22,12.5,10.791993037423847
2026-03-22 13:49:37,12.5,10.879025239338555
2026-03-22 13:49:52,12.5,10.966057441253264
2026-03-22 13:50:07,12.5,11.053089643167972
2026-03-22 13:50:22,12.5,11.14012184508268
2026-03-22 13:50:37,12.5,11.22715404699739
2026-03-22 13:50:52,12.5,11.314186248912097
2026-03-22 13:51:07,12.5,11.401218450826805
2026-03-22 13:51:22,12.5,11.488250652741515
2026-03-22 13:51:37,12.5,11.575282854656223
2026-03-22 13:51:52,12.5,11.703056768558952
2026-03-22 13:52:07,12.5,11.790393013100436
2026-03-22 13:52:22,12.5,11.87772925764192
2026-03-22 13:52:37,12.5,11.965065502183405
2026-03-22 13:52:52,12.5,12.05240174672489
2026-03-22 13:53:07,12.5,12.139737991266376
2026-03-22 13:53:22,12.5,12.22707423580786
2026-03-22 13:53:37,12.5,12.314410480349345
2026-03-22 13:53:52,12.5,12.401746724890831
2026-03-22 13:54:07,12.5,12.489082969432316
2026-03-22 13:54:22,12.5,12.5764192139738
2026-03-22 13:54:37,12.5,12.663755458515283
2026-03-22 13:54:52,12.5,12.751091703056769
2026-03-22 13:55:07,12.5,12.838427947598252
2026-03-22 13:55:22,12.5,12.925764192139738
2026-03-22 13:55:37,12.5,13.01310043668122
2026-03-22 13:55:52,12.5,13.100436681222707
2026-03-22 13:56:07,12.5,13.187772925764193
2026-03-22 13:56:22,12.5,13.275109170305676
2026-03-22 13:56:37,12.5,13.362445414847162
2026-03-22 13:56:52,25.0,13.449781659388647
2026-03-22 13:57:07,25.0,13.537117903930133
2026-03-22 13:57:22,25.0,13.624454148471616
2026-03-22 13:57:37,25.0,13.711790393013102
2026-03-22 13:57:52,25.0,13.799126637554584
2026-03-22 13:58:07,25.0,13.935144609991234
2026-03-22 13:58:22,25.0,13.935144609991234
2026-03-22 13:58:37,25.0,14.022787028921998
2026-03-22 13:58:52,25.0,14.11042944785276
2026-03-22 13:59:07,25.0,14.198071866783524
2026-03-22 13:59:22,25.0,14.285714285714285
2026-03-22 13:59:37,25.0,14.37335670464505
2026-03-22 13:59:52,25.0,14.46099912357581
2026-03-22 14:00:07,25.0,14.548641542506575
2026-03-22 14:00:22,25.0,14.548641542506575
2026-03-22 14:00:37,25.0,14.548641542506575
2026-03-22 14:00:52,25.0,14.636283961437336
2026-03-22 14:01:07,25.0,14.636283961437336
2026-03-22 14:01:22,25.0,14.636283961437336
2026-03-22 14:01:37,25.0,14.636283961437336
2026-03-22 14:01:52,25.0,14.636283961437336
2026-03-22 14:02:07,25.0,14.636283961437336
2026-03-22 14:02:22,25.0,14.636283961437336
2026-03-22 14:02:37,25.0,14.636283961437336
2026-03-22 14:02:52,25.0,14.636283961437336
2026-03-22 14:03:07,25.0,14.636283961437336
2026-03-22 14:03:22,25.0,14.636283961437336
2026-03-22 14:03:37,25.0,14.68777484608619
2026-03-22 14:03:52,25.0,14.68777484608619
2026-03-22 14:04:07,25.0,14.68777484608619
2026-03-22 14:04:22,25.0,14.68777484608619
2026-03-22 14:04:37,25.0,14.68777484608619
2026-03-22 14:04:52,25.0,14.68777484608619
2026-03-22 14:05:07,25.0,14.68777484608619
2026-03-22 14:05:22,25.0,14.68777484608619
2026-03-22 14:05:37,25.0,14.68777484608619
2026-03-22 14:05:52,25.0,14.68777484608619
2026-03-22 14:06:07,25.0,14.68777484608619
2026-03-22 14:06:22,25.0,14.68777484608619
2026-03-22 14:06:37,25.0,14.68777484608619
2026-03-22 14:06:52,25.0,14.68777484608619
2026-03-22 14:07:07,25.0,14.68777484608619
2026-03-22 14:07:22,25.0,14.68777484608619
2026-03-22 14:07:37,25.0,14.68777484608619
2026-03-22 14:07:52,25.0,14.68777484608619
2026-03-22 14:08:07,25.0,14.68777484608619
2026-03-22 14:08:22,25.0,14.68777484608619
2026-03-22 14:08:37,25.0,14.68777484608619
2026-03-22 14:08:52,25.0,14.739629302736098
2026-03-22 14:09:07,25.0,14.739629302736098
2026-03-22 14:09:22,25.0,14.739629302736098
2026-03-22 14:09:37,25.0,14.739629302736098
2026-03-22 14:09:52,25.0,14.739629302736098
2026-03-22 14:10:07,25.0,14.739629302736098
2026-03-22 14:10:22,25.0,14.739629302736098
2026-03-22 14:10:37,25.0,14.739629302736098
2026-03-22 14:10:52,25.0,14.739629302736098
2026-03-22 14:11:07,25.0,14.739629302736098
2026-03-22 14:11:22,25.0,14.739629302736098
2026-03-22 14:11:37,25.0,14.739629302736098
2026-03-22 14:11:52,25.0,14.739629302736098
2026-03-22 14:12:07,25.0,14.739629302736098
2026-03-22 14:12:22,25.0,14.739629302736098
2026-03-22 14:12:37,25.0,14.739629302736098
2026-03-22 14:12:52,25.0,14.739629302736098
2026-03-22 14:13:07,25.0,14.739629302736098
2026-03-22 14:13:22,25.0,14.739629302736098
2026-03-22 14:13:37,25.0,14.739629302736098
2026-03-22 14:13:52,25.0,14.739629302736098
2026-03-22 14:14:07,25.0,14.739629302736098
2026-03-22 14:14:22,25.0,14.791851195748452
2026-03-22 14:14:37,25.0,14.791851195748452
2026-03-22 14:14:52,25.0,14.791851195748452
2026-03-22 14:15:07,25.0,14.791851195748452
2026-03-22 14:15:22,25.0,14.791851195748452
2026-03-22 14:15:37,25.0,14.791851195748452
2026-03-22 14:15:52,25.0,14.791851195748452
2026-03-22 14:16:07,25.0,14.791851195748452
2026-03-22 14:16:22,25.0,14.791851195748452
2026-03-22 14:16:37,25.0,14.791851195748452
2026-03-22 14:16:52,25.0,14.791851195748452
2026-03-22 14:17:07,25.0,14.791851195748452
2026-03-22 14:17:22,25.0,14.791851195748452
2026-03-22 14:17:37,25.0,14.791851195748452
2026-03-22 14:17:52,25.0,14.791851195748452
2026-03-22 14:18:07,25.0,14.791851195748452
2026-03-22 14:18:22,25.0,14.791851195748452
2026-03-22 14:18:37,25.0,14.791851195748452
2026-03-22 14:18:52,25.0,14.791851195748452
2026-03-22 14:19:07,25.0,14.791851195748452
2026-03-22 14:19:22,25.0,14.791851195748452
2026-03-22 14:19:37,25.0,14.933333333333335
2026-03-22 14:19:52,25.0,15.022222222222222
2026-03-22 14:20:07,25.0,15.11111111111111
2026-03-22 14:20:22,25.0,15.2
2026-03-22 14:20:37,25.0,15.288888888888888
2026-03-22 14:20:52,25.0,15.37777777777778
2026-03-22 14:21:07,25.0,15.466666666666667
2026-03-22 14:21:22,25.0,15.555555555555555
2026-03-22 14:21:37,25.0,15.644444444444444
2026-03-22 14:21:52,25.0,15.733333333333333
2026-03-22 14:22:07,25.0,15.822222222222221
2026-03-22 14:22:22,25.0,15.911111111111111
2026-03-22 14:22:37,25.0,16.0
2026-03-22 14:22:52,25.0,16.08888888888889
2026-03-22 14:23:07,25.0,16.177777777777777
2026-03-22 14:23:22,25.0,16.266666666666666
2026-03-22 14:23:37,25.0,16.355555555555558
2026-03-22 14:23:52,25.0,16.444444444444446
2026-03-22 14:24:07,25.0,16.53333333333333
2026-03-22 14:24:22,25.0,16.62222222222222
2026-03-22 14:24:37,25.0,16.62222222222222
2026-03-22 14:24:52,25.0,16.681534344335414
2026-03-22 14:25:07,25.0,16.681534344335414
2026-03-22 14:25:22,25.0,16.681534344335414
2026-03-22 14:25:37,25.0,16.681534344335414
2026-03-22 14:25:52,25.0,16.681534344335414
2026-03-22 14:26:07,25.0,16.681534344335414
2026-03-22 14:26:22,25.0,16.681534344335414
2026-03-22 14:26:37,25.0,16.681534344335414
2026-03-22 14:26:52,25.0,16.681534344335414
2026-03-22 14:27:07,25.0,16.681534344335414
2026-03-22 14:27:22,25.0,16.681534344335414
2026-03-22 14:27:37,25.0,16.681534344335414
2026-03-22 14:27:52,25.0,16.681534344335414
2026-03-22 14:28:07,25.0,16.681534344335414
2026-03-22 14:28:22,25.0,16.681534344335414
2026-03-22 14:28:37,25.0,16.681534344335414
2026-03-22 14:28:52,25.0,16.681534344335414
2026-03-22 14:29:07,25.0,16.681534344335414
2026-03-22 14:29:22,25.0,16.681534344335414
2026-03-22 14:29:37,25.0,16.681534344335414
2026-03-22 14:29:52,25.0,16.681534344335414
2026-03-22 14:30:07,25.0,16.74127126230976
2026-03-22 14:30:22,25.0,16.83079677708147
2026-03-22 14:30:37,25.0,16.92032229185318
2026-03-22 14:30:52,25.0,17.00984780662489
2026-03-22 14:31:07,25.0,17.099373321396598
2026-03-22 14:31:22,25.0,17.18889883616831
2026-03-22 14:31:37,25.0,17.278424350940018
2026-03-22 14:31:52,25.0,17.367949865711726
2026-03-22 14:32:07,25.0,17.457475380483437
2026-03-22 14:32:22,25.0,17.547000895255145
2026-03-22 14:32:37,25.0,17.636526410026857
2026-03-22 14:32:52,25.0,17.726051924798565
2026-03-22 14:33:07,25.0,17.815577439570276
2026-03-22 14:33:22,25.0,17.905102954341988
2026-03-22 14:33:37,25.0,17.994628469113696
2026-03-22 14:33:52,25.0,18.084153983885408
2026-03-22 14:34:07,25.0,18.173679498657116
2026-03-22 14:34:22,25.0,18.263205013428827
2026-03-22 14:34:37,25.0,18.352730528200535
2026-03-22 14:34:52,25.0,18.442256042972247
2026-03-22 14:35:07,25.0,18.531781557743958
2026-03-22 14:35:22,25.0,18.68823000898473
2026-03-22 14:35:37,25.0,18.778077268643305
2026-03-22 14:35:52,25.0,18.867924528301888
2026-03-22 14:36:07,25.0,18.957771787960468
2026-03-22 14:36:22,25.0,19.047619047619047
2026-03-22 14:36:37,25.0,19.137466307277627
2026-03-22 14:36:52,25.0,19.227313566936207
2026-03-22 14:37:07,25.0,19.31716082659479
2026-03-22 14:37:22,25.0,19.40700808625337
2026-03-22 14:37:37,25.0,19.49685534591195
2026-03-22 14:37:52,25.0,19.58670260557053
2026-03-22 14:38:07,25.0,19.67654986522911
2026-03-22 14:38:22,25.0,19.766397124887693
2026-03-22 14:38:37,25.0,19.85624438454627
2026-03-22 14:38:52,25.0,19.946091644204852
2026-03-22 14:39:07,25.0,19.946091644204852
2026-03-22 14:39:22,25.0,19.946091644204852
2026-03-22 14:39:37,25.0,19.946091644204852
2026-03-22 14:39:52,25.0,19.946091644204852
2026-03-22 14:40:07,25.0,19.946091644204852
2026-03-22 14:40:22,25.0,19.946091644204852
2026-03-22 14:40:37,25.0,19.946091644204852
2026-03-22 14:40:52,25.0,20.018034265103697
2026-03-22 14:41:07,25.0,20.018034265103697
2026-03-22 14:41:22,25.0,20.018034265103697
2026-03-22 14:41:37,25.0,20.018034265103697
2026-03-22 14:41:52,25.0,20.018034265103697
2026-03-22 14:42:07,25.0,20.018034265103697
2026-03-22 14:42:22,25.0,20.018034265103697
2026-03-22 14:42:37,25.0,20.018034265103697
2026-03-22 14:42:52,25.0,20.108205590622184
2026-03-22 14:43:07,25.0,20.198376916140667
2026-03-22 14:43:22,25.0,20.28854824165915
2026-03-22 14:43:37,25.0,20.37871956717764
2026-03-22 14:43:52,25.0,20.468890892696123
2026-03-22 14:44:07,25.0,20.559062218214606
2026-03-22 14:44:22,25.0,20.649233543733093
2026-03-22 14:44:37,25.0,20.73940486925158
2026-03-22 14:44:52,25.0,20.829576194770063
2026-03-22 14:45:07,25.0,20.91974752028855
2026-03-22 14:45:22,25.0,21.009918845807032
2026-03-22 14:45:37,25.0,21.10009017132552
2026-03-22 14:45:52,25.0,21.190261496844006
2026-03-22 14:46:07,25.0,21.176470588235293
2026-03-22 14:46:22,25.0,21.266968325791854
2026-03-22 14:46:37,25.0,21.357466063348415
2026-03-22 14:46:52,25.0,21.447963800904976
2026-03-22 14:47:07,25.0,21.53846153846154
2026-03-22 14:47:22,25.0,21.6289592760181
2026-03-22 14:47:37,37.5,21.71945701357466
2026-03-22 14:47:52,37.5,21.809954751131222
2026-03-22 14:48:07,37.5,21.900452488687783
2026-03-22 14:48:22,37.5,21.990950226244344
2026-03-22 14:48:37,37.5,22.081447963800905
2026-03-22 14:48:52,37.5,22.171945701357465
2026-03-22 14:49:07,37.5,22.262443438914026
2026-03-22 14:49:22,37.5,22.35294117647059
2026-03-22 14:49:37,37.5,22.44343891402715
2026-03-22 14:49:52,37.5,22.533936651583712
2026-03-22 14:50:07,37.5,22.624434389140273
2026-03-22 14:50:22,37.5,22.714932126696834
2026-03-22 14:50:37,37.5,22.805429864253394
2026-03-22 14:50:52,37.5,22.895927601809955
2026-03-22 14:51:07,37.5,22.986425339366516
2026-03-22 14:51:22,37.5,23.160762942779293
2026-03-22 14:51:37,37.5,23.251589464123523
2026-03-22 14:51:52,37.5,23.342415985467756
2026-03-22 14:52:07,37.5,23.43324250681199
2026-03-22 14:52:22,37.5,23.524069028156223
2026-03-22 14:52:37,37.5,23.614895549500453
2026-03-22 14:52:52,37.5,23.705722070844686
2026-03-22 14:53:07,37.5,23.79654859218892
2026-03-22 14:53:22,37.5,23.887375113533153
2026-03-22 14:53:37,37.5,23.978201634877383
2026-03-22 14:53:52,37.5,24.069028156221616
2026-03-22 14:54:07,37.5,24.159854677565846
2026-03-22 14:54:22,37.5,24.250681198910083
2026-03-22 14:54:37,37.5,24.341507720254317
2026-03-22 14:54:52,37.5,24.432334241598546
2026-03-22 14:55:07,37.5,24.52316076294278
2026-03-22 14:55:22,37.5,24.613987284287013
2026-03-22 14:55:37,37.5,24.704813805631247
2026-03-22 14:55:52,37.5,24.795640326975477
2026-03-22 14:56:07,37.5,24.88646684831971
2026-03-22 14:56:22,37.5,24.97729336966394
2026-03-22 14:56:37,37.5,25.159525979945307
2026-03-22 14:56:52,37.5,25.250683682771196
2026-03-22 14:57:07,37.5,25.341841385597082
2026-03-22 14:57:22,37.5,25.43299908842297
2026-03-22 14:57:37,37.5,25.52415679124886
2026-03-22 14:57:52,37.5,25.61531449407475
2026-03-22 14:58:07,37.5,25.706472196900638
2026-03-22 14:58:22,37.5,25.797629899726527
2026-03-22 14:58:37,37.5,25.888787602552416
2026-03-22 14:58:52,37.5,25.979945305378305
2026-03-22 14:59:07,50.0,26.071103008204194
2026-03-22 14:59:22,50.0,26.162260711030083
2026-03-22 14:59:37,50.0,26.25341841385597
2026-03-22 14:59:52,50.0,26.34457611668186
2026-03-22 15:00:07,50.0,26.43573381950775
2026-03-22 15:00:22,50.0,26.52689152233364
2026-03-22 15:00:37,50.0,26.618049225159524
2026-03-22 15:00:52,50.0,26.709206927985413
2026-03-22 15:01:07,50.0,26.800364630811302
2026-03-22 15:01:22,50.0,26.89152233363719
2026-03-22 15:01:37,50.0,26.98268003646308
2026-03-22 15:01:52,50.0,27.17291857273559
2026-03-22 15:02:07,50.0,27.264409881061297
2026-03-22 15:02:22,50.0,27.355901189387012
2026-03-22 15:02:37,50.0,27.44739249771272
2026-03-22 15:02:52,50.0,27.538883806038427
2026-03-22 15:03:07,50.0,27.630375114364135
2026-03-22 15:03:22,50.0,27.721866422689846
2026-03-22 15:03:37,50.0,27.813357731015554
2026-03-22 15:03:52,50.0,27.90484903934126
2026-03-22 15:04:07,50.0,27.99634034766697
2026-03-22 15:04:22,50.0,28.08783165599268
2026-03-22 15:04:37,50.0,28.179322964318388
2026-03-22 15:04:52,50.0,28.270814272644103
2026-03-22 15:05:07,50.0,28.36230558096981
2026-03-22 15:05:22,50.0,28.453796889295518
2026-03-22 15:05:37,50.0,28.545288197621225
2026-03-22 15:05:52,50.0,28.636779505946937
2026-03-22 15:06:07,50.0,28.728270814272644
2026-03-22 15:06:22,50.0,28.819762122598352
2026-03-22 15:06:37,50.0,28.91125343092406
2026-03-22 15:06:52,50.0,29.00274473924977
2026-03-22 15:07:07,50.0,29.094236047575478
2026-03-22 15:07:22,50.0,29.292929292929294
2026-03-22 15:07:37,50.0,29.292929292929294
2026-03-22 15:07:52,50.0,29.292929292929294
2026-03-22 15:08:07,50.0,29.292929292929294
2026-03-22 15:08:22,50.0,29.292929292929294
2026-03-22 15:08:37,50.0,29.292929292929294
2026-03-22 15:08:52,50.0,29.292929292929294
2026-03-22 15:09:07,50.0,29.292929292929294
2026-03-22 15:09:22,50.0,29.292929292929294
2026-03-22 15:09:37,50.0,29.292929292929294
2026-03-22 15:09:52,50.0,29.292929292929294
2026-03-22 15:10:07,50.0,29.292929292929294
2026-03-22 15:10:22,50.0,29.292929292929294
2026-03-22 15:10:37,50.0,29.292929292929294
2026-03-22 15:10:52,50.0,29.292929292929294
2026-03-22 15:11:07,50.0,29.292929292929294
2026-03-22 15:11:22,50.0,29.292929292929294
2026-03-22 15:11:37,50.0,29.292929292929294
2026-03-22 15:11:52,50.0,29.292929292929294
2026-03-22 15:12:07,50.0,29.292929292929294
2026-03-22 15:12:22,50.0,29.292929292929294
2026-03-22 15:12:37,50.0,29.03225806451613
2026-03-22 15:12:52,50.0,29.03225806451613
2026-03-22 15:13:07,50.0,29.03225806451613
2026-03-22 15:13:22,50.0,29.124423963133637
2026-03-22 15:13:37,50.0,29.216589861751153
2026-03-22 15:13:52,50.0,29.308755760368665
2026-03-22 15:14:07,50.0,29.400921658986174
2026-03-22 15:14:22,50.0,29.493087557603687
2026-03-22 15:14:37,50.0,29.5852534562212
2026-03-22 15:14:52,62.5,29.677419354838708
2026-03-22 15:15:07,62.5,29.76958525345622
2026-03-22 15:15:22,62.5,29.861751152073733
2026-03-22 15:15:37,62.5,29.953917050691242
2026-03-22 15:15:52,62.5,30.046082949308754
2026-03-22 15:16:07,62.5,30.13824884792627
2026-03-22 15:16:22,62.5,30.230414746543776
2026-03-22 15:16:37,62.5,30.32258064516129
2026-03-22 15:16:52,62.5,30.414746543778804
2026-03-22 15:17:07,62.5,30.50691244239631
2026-03-22 15:17:22,62.5,30.599078341013826
2026-03-22 15:17:37,62.5,30.691244239631338
2026-03-22 15:17:52,62.5,30.89731729879741
2026-03-22 15:18:07,62.5,30.98982423681776
2026-03-22 15:18:22,62.5,31.082331174838114
2026-03-22 15:18:37,62.5,31.174838112858467
2026-03-22 15:18:52,62.5,31.267345050878813
2026-03-22 15:19:07,62.5,31.359851988899166
2026-03-22 15:19:22,62.5,31.452358926919523
2026-03-22 15:19:37,62.5,31.54486586493987
2026-03-22 15:19:52,62.5,31.637372802960222
2026-03-22 15:20:07,62.5,31.72987974098057
2026-03-22 15:20:22,62.5,31.822386679000925
2026-03-22 15:20:37,62.5,31.914893617021278
2026-03-22 15:20:52,62.5,32.00740055504163
2026-03-22 15:21:07,62.5,32.09990749306198
2026-03-22 15:21:22,62.5,32.192414431082334
2026-03-22 15:21:37,62.5,32.28492136910268
2026-03-22 15:21:52,62.5,32.37742830712303
2026-03-22 15:22:07,62.5,32.46993524514338
2026-03-22 15:22:22,62.5,32.56244218316374
2026-03-22 15:22:37,62.5,32.65494912118409
2026-03-22 15:22:52,62.5,32.74745605920444
2026-03-22 15:23:07,62.5,32.9619312906221
2026-03-22 15:23:22,62.5,33.05478180129991
2026-03-22 15:23:37,62.5,33.147632311977716
2026-03-22 15:23:52,62.5,33.24048282265552
2026-03-22 15:24:07,62.5,33.33333333333333
2026-03-22 15:24:22,62.5,33.42618384401114
2026-03-22 15:24:37,62.5,33.519034354688955
2026-03-22 15:24:52,62.5,33.61188486536676
2026-03-22 15:25:07,62.5,33.70473537604457
2026-03-22 15:25:22,62.5,33.79758588672237
2026-03-22 15:25:37,62.5,33.89043639740019
2026-03-22 15:25:52,62.5,33.98328690807799
2026-03-22 15:26:07,62.5,34.076137418755806
2026-03-22 15:26:22,62.5,34.16898792943361
2026-03-22 15:26:37,62.5,34.26183844011142
2026-03-22 15:26:52,62.5,34.35468895078923
2026-03-22 15:27:07,62.5,34.44753946146704
2026-03-22 15:27:22,62.5,34.540389972144844
2026-03-22 15:27:37,62.5,34.63324048282266
2026-03-22 15:27:52,62.5,34.72609099350046
2026-03-22 15:28:07,62.5,34.81894150417828
2026-03-22 15:28:22,62.5,35.04193849021435
2026-03-22 15:28:37,62.5,35.13513513513514
2026-03-22 15:28:52,62.5,35.22833178005592
2026-03-22 15:29:07,62.5,35.3215284249767
2026-03-22 15:29:22,62.5,35.3215284249767
2026-03-22 15:29:37,62.5,35.3215284249767
2026-03-22 15:29:52,62.5,35.3215284249767
2026-03-22 15:30:07,62.5,35.3215284249767
2026-03-22 15:30:22,62.5,35.3215284249767
2026-03-22 15:30:37,62.5,35.3215284249767
2026-03-22 15:30:52,62.5,35.3215284249767
2026-03-22 15:31:07,62.5,35.3215284249767
2026-03-22 15:31:22,62.5,35.3215284249767
2026-03-22 15:31:37,75.0,35.3215284249767
2026-03-22 15:31:52,75.0,35.3215284249767
2026-03-22 15:32:07,75.0,35.3215284249767
2026-03-22 15:32:22,75.0,35.3215284249767
2026-03-22 15:32:37,75.0,35.3215284249767
2026-03-22 15:32:52,75.0,35.3215284249767
2026-03-22 15:33:07,75.0,35.3215284249767
2026-03-22 15:33:22,75.0,35.3215284249767
2026-03-22 15:33:37,75.0,35.3215284249767
2026-03-22 15:33:52,75.0,35.07951356407858
2026-03-22 15:34:07,75.0,35.07951356407858
2026-03-22 15:34:22,75.0,35.07951356407858
2026-03-22 15:34:37,75.0,35.07951356407858
2026-03-22 15:34:52,75.0,35.07951356407858
2026-03-22 15:35:07,75.0,35.07951356407858
2026-03-22 15:35:22,75.0,35.07951356407858
2026-03-22 15:35:37,75.0,35.07951356407858
2026-03-22 15:35:52,75.0,35.07951356407858
2026-03-22 15:36:07,75.0,35.07951356407858
2026-03-22 15:36:22,75.0,34.98596819457437
2026-03-22 15:36:37,75.0,34.892422825070156
2026-03-22 15:36:52,75.0,34.79887745556595
2026-03-22 15:37:07,75.0,34.70533208606174
2026-03-22 15:37:22,75.0,34.61178671655753
2026-03-22 15:37:37,75.0,34.51824134705332
2026-03-22 15:37:52,75.0,34.42469597754911
2026-03-22 15:38:07,75.0,34.3311506080449
2026-03-22 15:38:22,75.0,34.237605238540695
2026-03-22 15:38:37,75.0,34.14405986903648
2026-03-22 15:38:52,75.0,34.05051449953228
2026-03-22 15:39:07,75.0,33.70892018779343
2026-03-22 15:39:22,75.0,33.6150234741784
2026-03-22 15:39:37,75.0,33.52112676056338
2026-03-22 15:39:52,62.5,33.42723004694836
2026-03-22 15:40:07,62.5,33.33333333333333
2026-03-22 15:40:22,62.5,33.23943661971831
2026-03-22 15:40:37,62.5,33.14553990610329
2026-03-22 15:40:52,62.5,33.051643192488264
2026-03-22 15:41:07,62.5,32.95774647887324
2026-03-22 15:41:22,62.5,32.863849765258216
2026-03-22 15:41:37,62.5,32.76995305164319
2026-03-22 15:41:52,62.5,32.67605633802817
2026-03-22 15:42:07,62.5,32.582159624413144
2026-03-22 15:42:22,62.5,32.48826291079812
2026-03-22 15:42:37,62.5,32.3943661971831
2026-03-22 15:42:52,62.5,32.30046948356807
2026-03-22 15:43:07,62.5,32.20657276995305
2026-03-22 15:43:22,62.5,32.20657276995305
2026-03-22 15:43:37,62.5,32.20657276995305
2026-03-22 15:43:52,62.5,32.20657276995305
2026-03-22 15:44:07,62.5,32.20657276995305
2026-03-22 15:44:22,62.5,32.32799245994345
2026-03-22 15:44:37,62.5,32.32799245994345
2026-03-22 15:44:52,62.5,32.32799245994345
2026-03-22 15:45:07,62.5,32.32799245994345
2026-03-22 15:45:22,62.5,32.32799245994345
2026-03-22 15:45:37,62.5,32.32799245994345
2026-03-22 15:45:52,62.5,32.32799245994345
2026-03-22 15:46:07,62.5,32.32799245994345
2026-03-22 15:46:22,62.5,32.32799245994345
2026-03-22 15:46:37,62.5,32.32799245994345
2026-03-22 15:46:52,62.5,32.32799245994345
2026-03-22 15:47:07,62.5,32.32799245994345
2026-03-22 15:47:22,62.5,32.32799245994345
2026-03-22 15:47:37,62.5,32.32799245994345
2026-03-22 15:47:52,62.5,32.32799245994345
2026-03-22 15:48:07,62.5,32.32799245994345
2026-03-22 15:48:22,62.5,32.32799245994345
2026-03-22 15:48:37,62.5,32.32799245994345
2026-03-22 15:48:52,62.5,32.32799245994345
2026-03-22 15:49:07,62.5,32.32799245994345
2026-03-22 15:49:22,62.5,32.32799245994345
2026-03-22 15:49:37,62.5,32.450331125827816
2026-03-22 15:49:52,62.5,32.450331125827816
2026-03-22 15:50:07,62.5,32.450331125827816
2026-03-22 15:50:22,62.5,32.450331125827816
2026-03-22 15:50:37,62.5,32.450331125827816
2026-03-22 15:50:52,50.0,32.450331125827816
2026-03-22 15:51:07,50.0,32.450331125827816
2026-03-22 15:51:22,50.0,32.450331125827816
2026-03-22 15:51:37,50.0,32.450331125827816
2026-03-22 15:51:52,50.0,32.450331125827816
2026-03-22 15:52:07,50.0,32.450331125827816
2026-03-22 15:52:22,50.0,32.450331125827816
2026-03-22 15:52:37,50.0,32.450331125827816
2026-03-22 15:52:52,50.0,32.450331125827816
2026-03-22 15:53:07,50.0,32.450331125827816
2026-03-22 15:53:22,50.0,32.450331125827816
2026-03-22 15:53:37,50.0,32.450331125827816
2026-03-22 15:53:52,50.0,32.450331125827816
2026-03-22 15:54:07,50.0,32.450331125827816
2026-03-22 15:54:22,50.0,32.450331125827816
2026-03-22 15:54:37,50.0,32.450331125827816
2026-03-22 15:54:52,50.0,32.450331125827816
2026-03-22 15:55:07,50.0,32.57359924026591
2026-03-22 15:55:22,50.0,32.57359924026591
2026-03-22 15:55:37,50.0,32.57359924026591
2026-03-22 15:55:52,50.0,32.57359924026591
2026-03-22 15:56:07,50.0,32.57359924026591
2026-03-22 15:56:22,50.0,32.57359924026591
2026-03-22 15:56:37,50.0,32.57359924026591
2026-03-22 15:56:52,50.0,32.57359924026591
2026-03-22 15:57:07,50.0,32.57359924026591
2026-03-22 15:57:22,50.0,32.57359924026591
2026-03-22 15:57:37,50.0,32.57359924026591
2026-03-22 15:57:52,50.0,32.57359924026591
2026-03-22 15:58:07,50.0,32.57359924026591
2026-03-22 15:58:22,50.0,32.57359924026591
2026-03-22 15:58:37,50.0,32.57359924026591
2026-03-22 15:58:52,50.0,32.57359924026591
2026-03-22 15:59:07,50.0,32.57359924026591
2026-03-22 15:59:22,50.0,32.57359924026591
2026-03-22 15:59:37,50.0,32.57359924026591
2026-03-22 15:59:52,50.0,32.57359924026591
2026-03-22 16:00:07,50.0,32.57359924026591
2026-03-22 16:00:22,50.0,32.57359924026591
2026-03-22 16:00:37,50.0,32.57359924026591
2026-03-22 16:00:52,50.0,32.57359924026591
2026-03-22 16:01:07,50.0,32.57359924026591
2026-03-22 16:01:22,50.0,32.57359924026591
2026-03-22 16:01:37,50.0,32.57359924026591
2026-03-22 16:01:52,50.0,32.57359924026591
2026-03-22 16:02:07,50.0,32.57359924026591
2026-03-22 16:02:22,50.0,32.57359924026591
2026-03-22 16:02:37,50.0,32.57359924026591
2026-03-22 16:02:52,50.0,32.57359924026591
2026-03-22 16:03:07,50.0,32.57359924026591
2026-03-22 16:03:22,50.0,32.47863247863248
2026-03-22 16:03:37,50.0,32.47863247863248
2026-03-22 16:03:52,50.0,32.38366571699905
2026-03-22 16:04:07,50.0,32.288698955365625
2026-03-22 16:04:22,37.5,32.288698955365625
2026-03-22 16:04:37,37.5,32.288698955365625
2026-03-22 16:04:52,37.5,32.193732193732195
2026-03-22 16:05:07,37.5,32.098765432098766
2026-03-22 16:05:22,37.5,32.003798670465336
2026-03-22 16:05:37,37.5,32.003798670465336
2026-03-22 16:05:52,37.5,32.003798670465336
2026-03-22 16:06:07,37.5,32.003798670465336
2026-03-22 16:06:22,37.5,32.003798670465336
2026-03-22 16:06:37,37.5,32.003798670465336
2026-03-22 16:06:52,37.5,32.003798670465336
2026-03-22 16:07:07,37.5,32.003798670465336
2026-03-22 16:07:22,37.5,32.003798670465336
2026-03-22 16:07:37,37.5,32.003798670465336
2026-03-22 16:07:52,37.5,32.003798670465336
2026-03-22 16:08:07,37.5,32.003798670465336
2026-03-22 16:08:22,37.5,32.003798670465336
2026-03-22 16:08:37,37.5,32.003798670465336
2026-03-22 16:08:52,37.5,32.003798670465336
2026-03-22 16:09:07,37.5,32.003798670465336
2026-03-22 16:09:22,37.5,32.003798670465336
2026-03-22 16:09:37,37.5,32.003798670465336
2026-03-22 16:09:52,37.5,32.003798670465336
2026-03-22 16:10:07,37.5,32.003798670465336
2026-03-22 16:10:22,37.5,32.003798670465336
2026-03-22 16:10:37,37.5,32.003798670465336
2026-03-22 16:10:52,37.5,32.003798670465336
2026-03-22 16:11:07,37.5,32.003798670465336
2026-03-22 16:11:22,37.5,32.003798670465336
2026-03-22 16:11:37,37.5,32.003798670465336
2026-03-22 16:11:52,37.5,32.003798670465336
2026-03-22 16:12:07,37.5,32.003798670465336
2026-03-22 16:12:22,37.5,32.003798670465336
2026-03-22 16:12:37,37.5,32.003798670465336
2026-03-22 16:12:52,37.5,32.003798670465336
2026-03-22 16:13:07,37.5,32.003798670465336
2026-03-22 16:13:22,37.5,32.003798670465336
2026-03-22 16:13:37,37.5,32.003798670465336
2026-03-22 16:13:52,37.5,32.003798670465336
2026-03-22 16:14:07,37.5,32.003798670465336
2026-03-22 16:14:22,37.5,32.003798670465336
2026-03-22 16:14:37,37.5,32.003798670465336
2026-03-22 16:14:52,37.5,32.098765432098766
2026-03-22 16:15:07,37.5,32.193732193732195
2026-03-22 16:15:22,37.5,32.288698955365625
2026-03-22 16:15:37,37.5,32.38366571699905
2026-03-22 16:15:52,37.5,32.47863247863248
2026-03-22 16:16:07,37.5,32.57359924026591
2026-03-22 16:16:22,37.5,32.668566001899336
2026-03-22 16:16:37,37.5,32.763532763532766
2026-03-22 16:16:52,37.5,32.85849952516619
2026-03-22 16:17:07,37.5,32.95346628679962
2026-03-22 16:17:22,37.5,33.04843304843305
2026-03-22 16:17:37,37.5,33.14339981006648
2026-03-22 16:17:52,37.5,33.238366571699906
2026-03-22 16:18:07,37.5,33.33333333333333
2026-03-22 16:18:22,37.5,33.30179754020814
2026-03-22 16:18:37,37.5,33.39640491958373
2026-03-22 16:18:52,37.5,33.49101229895932
2026-03-22 16:19:07,37.5,33.58561967833491
2026-03-22 16:19:22,37.5,33.680227057710496
2026-03-22 16:19:37,37.5,33.77483443708609
2026-03-22 16:19:52,37.5,33.86944181646168
2026-03-22 16:20:07,37.5,33.964049195837276
2026-03-22 16:20:22,37.5,34.058656575212865
2026-03-22 16:20:37,37.5,34.15326395458846
2026-03-22 16:20:52,37.5,34.24787133396405
2026-03-22 16:21:07,37.5,34.342478713339645
2026-03-22 16:21:22,37.5,34.437086092715234
2026-03-22 16:21:37,37.5,34.53169347209082
2026-03-22 16:21:52,37.5,34.62630085146641
2026-03-22 16:22:07,37.5,34.72090823084201
2026-03-22 16:22:22,37.5,34.72090823084201
2026-03-22 16:22:37,37.5,34.72090823084201
2026-03-22 16:22:52,37.5,34.72090823084201
2026-03-22 16:23:07,37.5,34.72090823084201
2026-03-22 16:23:22,37.5,34.72090823084201
2026-03-22 16:23:37,37.5,34.72090823084201
2026-03-22 16:23:52,37.5,34.72090823084201
2026-03-22 16:24:07,37.5,34.72090823084201
2026-03-22 16:24:22,37.5,34.72090823084201
2026-03-22 16:24:37,37.5,34.72090823084201
2026-03-22 16:24:52,37.5,34.72090823084201
2026-03-22 16:25:07,37.5,34.72090823084201
2026-03-22 16:25:22,37.5,34.72090823084201
2026-03-22 16:25:37,37.5,34.72090823084201
2026-03-22 16:25:52,37.5,34.72090823084201
2026-03-22 16:26:07,37.5,34.72090823084201
2026-03-22 16:26:22,37.5,34.72090823084201
2026-03-22 16:26:37,37.5,34.72090823084201
2026-03-22 16:26:52,37.5,34.72090823084201
2026-03-22 16:27:07,37.5,34.72090823084201
2026-03-22 16:27:22,37.5,34.72090823084201
2026-03-22 16:27:37,37.5,34.72090823084201
2026-03-22 16:27:52,37.5,34.72090823084201
2026-03-22 16:28:07,37.5,34.72090823084201
2026-03-22 16:28:22,37.5,34.72090823084201
2026-03-22 16:28:37,37.5,34.72090823084201
2026-03-22 16:28:52,37.5,34.72090823084201
2026-03-22 16:29:07,37.5,34.72090823084201
2026-03-22 16:29:22,37.5,34.72090823084201
2026-03-22 16:29:37,37.5,34.72090823084201
2026-03-22 16:29:52,37.5,34.72090823084201
2026-03-22 16:30:07,37.5,34.72090823084201
2026-03-22 16:30:22,37.5,34.72090823084201
2026-03-22 16:30:37,37.5,34.72090823084201
2026-03-22 16:30:52,37.5,34.72090823084201
2026-03-22 16:31:07,37.5,34.72090823084201
2026-03-22 16:31:22,37.5,34.72090823084201
2026-03-22 16:31:37,37.5,34.72090823084201
2026-03-22 16:31:52,37.5,34.72090823084201
2026-03-22 16:32:07,37.5,34.72090823084201
2026-03-22 16:32:22,37.5,34.72090823084201
2026-03-22 16:32:37,37.5,34.72090823084201
2026-03-22 16:32:52,37.5,34.72090823084201
2026-03-22 16:33:07,37.5,34.72090823084201
2026-03-22 16:33:22,37.5,34.72090823084201
2026-03-22 16:33:37,37.5,34.72090823084201
2026-03-22 16:33:52,37.5,34.72090823084201
2026-03-22 16:34:07,37.5,34.72090823084201
2026-03-22 16:34:22,37.5,34.72090823084201
2026-03-22 16:34:37,37.5,34.72090823084201
2026-03-22 16:34:52,37.5,34.72090823084201
2026-03-22 16:35:07,37.5,34.72090823084201
2026-03-22 16:35:22,37.5,34.72090823084201
2026-03-22 16:35:37,37.5,34.72090823084201
2026-03-22 16:35:52,37.5,34.72090823084201
2026-03-22 16:36:07,37.5,34.72090823084201
2026-03-22 16:36:22,37.5,34.72090823084201
2026-03-22 16:36:37,37.5,34.72090823084201
2026-03-22 16:36:52,37.5,34.72090823084201
2026-03-22 16:37:07,37.5,34.72090823084201
2026-03-22 16:37:22,37.5,34.59000942507069
2026-03-22 16:37:37,37.5,34.59000942507069
2026-03-22 16:37:52,37.5,34.59000942507069
2026-03-22 16:38:07,25.0,34.59000942507069
2026-03-22 16:38:22,25.0,34.59000942507069
2026-03-22 16:38:37,25.0,34.59000942507069
2026-03-22 16:38:52,25.0,34.59000942507069
2026-03-22 16:39:07,25.0,34.59000942507069
2026-03-22 16:39:22,25.0,34.59000942507069
2026-03-22 16:39:37,25.0,34.59000942507069
2026-03-22 16:39:52,25.0,34.59000942507069
2026-03-22 16:40:07,25.0,34.59000942507069
2026-03-22 16:40:22,25.0,34.59000942507069
2026-03-22 16:40:37,25.0,34.59000942507069
2026-03-22 16:40:52,25.0,34.59000942507069
2026-03-22 16:41:07,25.0,34.59000942507069
2026-03-22 16:41:22,25.0,34.59000942507069
2026-03-22 16:41:37,25.0,34.59000942507069
2026-03-22 16:41:52,25.0,34.59000942507069
2026-03-22 16:42:07,25.0,34.59000942507069
2026-03-22 16:42:22,25.0,34.59000942507069
2026-03-22 16:42:37,25.0,34.59000942507069
2026-03-22 16:42:52,25.0,34.59000942507069
2026-03-22 16:43:07,25.0,34.59000942507069
2026-03-22 16:43:22,25.0,34.59000942507069
2026-03-22 16:43:37,25.0,34.59000942507069
2026-03-22 16:43:52,25.0,34.59000942507069
2026-03-22 16:44:07,25.0,34.59000942507069
2026-03-22 16:44:22,25.0,34.59000942507069
2026-03-22 16:44:37,25.0,34.59000942507069
2026-03-22 16:44:52,25.0,34.59000942507069
2026-03-22 16:45:07,25.0,34.59000942507069
2026-03-22 16:45:22,25.0,34.59000942507069
2026-03-22 16:45:37,25.0,34.59000942507069
2026-03-22 16:45:52,25.0,34.59000942507069
2026-03-22 16:46:07,25.0,34.59000942507069
2026-03-22 16:46:22,25.0,34.59000942507069
2026-03-22 16:46:37,25.0,34.59000942507069
2026-03-22 16:46:52,25.0,34.59000942507069
2026-03-22 16:47:07,25.0,34.59000942507069
2026-03-22 16:47:22,25.0,34.59000942507069
2026-03-22 16:47:37,25.0,34.59000942507069
2026-03-22 16:47:52,25.0,34.59000942507069
2026-03-22 16:48:07,25.0,34.59000942507069
2026-03-22 16:48:22,25.0,34.59000942507069
2026-03-22 16:48:37,25.0,34.59000942507069
2026-03-22 16:48:52,25.0,34.59000942507069
2026-03-22 16:49:07,25.0,34.59000942507069
2026-03-22 16:49:22,25.0,34.59000942507069
2026-03-22 16:49:37,25.0,34.59000942507069
2026-03-22 16:49:52,25.0,34.59000942507069
2026-03-22 16:50:07,25.0,34.59000942507069
2026-03-22 16:50:22,25.0,34.59000942507069
2026-03-22 16:50:37,25.0,34.59000942507069
2026-03-22 16:50:52,25.0,34.59000942507069
2026-03-22 16:51:07,25.0,34.59000942507069
2026-03-22 16:51:22,25.0,34.59000942507069
2026-03-22 16:51:37,25.0,34.59000942507069
2026-03-22 16:51:52,25.0,34.59000942507069
2026-03-22 16:52:07,25.0,34.59000942507069
2026-03-22 16:52:22,25.0,34.59000942507069
2026-03-22 16:52:37,25.0,34.59000942507069
2026-03-22 16:52:52,25.0,34.59000942507069
2026-03-22 16:53:07,25.0,34.59000942507069
2026-03-22 16:53:22,25.0,34.59000942507069
2026-03-22 16:53:37,25.0,34.59000942507069
2026-03-22 16:53:52,25.0,34.59000942507069
2026-03-22 16:54:07,25.0,34.59000942507069
2026-03-22 16:54:22,25.0,34.59000942507069
2026-03-22 16:54:37,25.0,34.59000942507069
2026-03-22 16:54:52,25.0,34.59000942507069
2026-03-22 16:55:07,25.0,34.59000942507069
2026-03-22 16:55:22,25.0,34.59000942507069
2026-03-22 16:55:37,25.0,34.59000942507069
2026-03-22 16:55:52,25.0,34.59000942507069
2026-03-22 16:56:07,25.0,34.460093896713616
2026-03-22 16:56:22,25.0,34.460093896713616
2026-03-22 16:56:37,25.0,34.460093896713616
2026-03-22 16:56:52,25.0,34.460093896713616
2026-03-22 16:57:07,25.0,34.460093896713616
2026-03-22 16:57:22,25.0,34.460093896713616
2026-03-22 16:57:37,25.0,34.460093896713616
2026-03-22 16:57:52,25.0,34.460093896713616
2026-03-22 16:58:07,25.0,34.460093896713616
2026-03-22 16:58:22,25.0,34.460093896713616
2026-03-22 16:58:37,25.0,34.460093896713616
2026-03-22 16:58:52,25.0,34.460093896713616
2026-03-22 16:59:07,25.0,34.460093896713616
2026-03-22 16:59:22,25.0,34.460093896713616
2026-03-22 16:59:37,25.0,34.460093896713616
2026-03-22 16:59:52,25.0,34.460093896713616
2026-03-22 17:00:07,25.0,34.460093896713616
2026-03-22 17:00:22,25.0,34.460093896713616
2026-03-22 17:00:37,25.0,34.460093896713616
2026-03-22 17:00:52,25.0,34.460093896713616
2026-03-22 17:01:07,25.0,34.460093896713616
2026-03-22 17:01:22,25.0,34.460093896713616
2026-03-22 17:01:37,25.0,34.460093896713616
2026-03-22 17:01:52,25.0,34.460093896713616
2026-03-22 17:02:07,25.0,34.460093896713616
2026-03-22 17:02:22,25.0,34.460093896713616
2026-03-22 17:02:37,25.0,34.460093896713616
2026-03-22 17:02:52,25.0,34.460093896713616
2026-03-22 17:03:07,25.0,34.460093896713616
2026-03-22 17:03:22,25.0,34.460093896713616
2026-03-22 17:03:37,25.0,34.460093896713616
2026-03-22 17:03:52,25.0,34.460093896713616
2026-03-22 17:04:07,25.0,34.460093896713616
2026-03-22 17:04:22,25.0,34.460093896713616
2026-03-22 17:04:37,25.0,34.460093896713616
2026-03-22 17:04:52,25.0,34.460093896713616
2026-03-22 17:05:07,25.0,34.460093896713616
2026-03-22 17:05:22,25.0,34.460093896713616
2026-03-22 17:05:37,25.0,34.460093896713616
2026-03-22 17:05:52,25.0,34.460093896713616
2026-03-22 17:06:07,25.0,34.460093896713616
2026-03-22 17:06:22,25.0,34.460093896713616
2026-03-22 17:06:37,25.0,34.55399061032864
2026-03-22 17:06:52,25.0,34.647887323943664
2026-03-22 17:07:07,25.0,34.74178403755869
2026-03-22 17:07:22,25.0,34.83568075117371
2026-03-22 17:07:37,25.0,34.92957746478873
2026-03-22 17:07:52,25.0,35.02347417840376
2026-03-22 17:08:07,25.0,35.117370892018776
2026-03-22 17:08:22,25.0,35.2112676056338
2026-03-22 17:08:37,25.0,35.305164319248824
2026-03-22 17:08:52,25.0,35.39906103286385
2026-03-22 17:09:07,25.0,35.49295774647888
2026-03-22 17:09:22,25.0,35.586854460093896
2026-03-22 17:09:37,25.0,35.68075117370892
2026-03-22 17:09:52,25.0,35.774647887323944
2026-03-22 17:10:07,25.0,35.86854460093897
2026-03-22 17:10:22,25.0,35.96244131455399
2026-03-22 17:10:37,25.0,36.056338028169016
2026-03-22 17:10:52,25.0,36.15023474178404
2026-03-22 17:11:07,25.0,36.24413145539906
2026-03-22 17:11:22,25.0,36.33802816901409
2026-03-22 17:11:37,25.0,36.431924882629104
2026-03-22 17:11:52,25.0,36.52582159624413
2026-03-22 17:12:07,25.0,36.61971830985916
2026-03-22 17:12:22,25.0,36.713615023474176
2026-03-22 17:12:37,25.0,36.80751173708921
2026-03-22 17:12:52,25.0,36.901408450704224
2026-03-22 17:13:07,25.0,36.99530516431925
2026-03-22 17:13:22,25.0,37.08920187793427
2026-03-22 17:13:37,25.0,37.183098591549296
2026-03-22 17:13:52,25.0,37.27699530516432
2026-03-22 17:14:07,25.0,37.370892018779344
2026-03-22 17:14:22,25.0,37.46478873239437
2026-03-22 17:14:37,25.0,37.558685446009385
2026-03-22 17:14:52,25.0,37.652582159624416
2026-03-22 17:15:07,25.0,37.605238540692234
2026-03-22 17:15:22,25.0,37.69878391019644
2026-03-22 17:15:37,25.0,37.79232927970065
2026-03-22 17:15:52,25.0,37.885874649204865
2026-03-22 17:16:07,25.0,37.97942001870908
2026-03-22 17:16:22,25.0,38.072965388213284
2026-03-22 17:16:37,25.0,38.16651075771749
2026-03-22 17:16:52,25.0,38.2600561272217
2026-03-22 17:17:07,25.0,38.353601496725915
2026-03-22 17:17:22,25.0,38.44714686623012
2026-03-22 17:17:37,25.0,38.54069223573433
2026-03-22 17:17:52,25.0,38.63423760523854
2026-03-22 17:18:07,25.0,38.72778297474275
2026-03-22 17:18:22,25.0,38.82132834424696
2026-03-22 17:18:37,25.0,38.91487371375117
2026-03-22 17:18:52,37.5,39.00841908325538
2026-03-22 17:19:07,37.5,39.10196445275959
2026-03-22 17:19:22,37.5,39.195509822263794
2026-03-22 17:19:37,37.5,39.28905519176801
2026-03-22 17:19:52,37.5,39.38260056127222
2026-03-22 17:20:07,37.5,39.476145930776426
2026-03-22 17:20:22,37.5,39.56969130028064
2026-03-22 17:20:37,37.5,39.663236669784844
2026-03-22 17:20:52,37.5,39.75678203928906
2026-03-22 17:21:07,37.5,39.85032740879326
2026-03-22 17:21:22,37.5,39.943872778297475
2026-03-22 17:21:37,37.5,40.03741814780169
2026-03-22 17:21:52,37.5,40.130963517305894
2026-03-22 17:22:07,37.5,40.2245088868101
2026-03-22 17:22:22,37.5,40.31805425631431
2026-03-22 17:22:37,37.5,40.411599625818525
2026-03-22 17:22:52,37.5,40.50514499532273
2026-03-22 17:23:07,37.5,40.598690364826936
2026-03-22 17:23:22,37.5,40.69223573433115
2026-03-22 17:23:37,37.5,40.78578110383536
2026-03-22 17:23:52,37.5,40.78578110383536
2026-03-22 17:24:07,37.5,40.879326473339574
2026-03-22 17:24:22,37.5,40.97287184284378
2026-03-22 17:24:37,37.5,41.066417212347986
2026-03-22 17:24:52,37.5,41.1599625818522
2026-03-22 17:25:07,37.5,41.253507951356404
2026-03-22 17:25:22,37.5,41.34705332086062
2026-03-22 17:25:37,37.5,41.44059869036483
2026-03-22 17:25:52,37.5,41.534144059869035
2026-03-22 17:26:07,37.5,41.62768942937324
2026-03-22 17:26:22,37.5,41.721234798877454
2026-03-22 17:26:37,37.5,41.81478016838167
2026-03-22 17:26:52,37.5,41.90832553788588
2026-03-22 17:27:07,37.5,42.001870907390085
2026-03-22 17:27:22,37.5,42.09541627689429
2026-03-22 17:27:37,37.5,42.1889616463985
2026-03-22 17:27:52,37.5,42.282507015902716
2026-03-22 17:28:07,37.5,42.37605238540692
2026-03-22 17:28:22,37.5,42.469597754911135
2026-03-22 17:28:37,37.5,42.56314312441534
2026-03-22 17:28:52,37.5,42.56314312441534
2026-03-22 17:29:07,37.5,42.56314312441534
2026-03-22 17:29:22,37.5,42.56314312441534
2026-03-22 17:29:37,37.5,42.56314312441534
2026-03-22 17:29:52,37.5,42.56314312441534
2026-03-22 17:30:07,37.5,42.56314312441534
2026-03-22 17:30:22,37.5,42.56314312441534
2026-03-22 17:30:37,37.5,42.56314312441534
2026-03-22 17:30:52,37.5,42.56314312441534
2026-03-22 17:31:07,37.5,42.65668849391955
2026-03-22 17:31:22,37.5,42.75023386342376
2026-03-22 17:31:37,37.5,42.84377923292797
2026-03-22 17:31:52,37.5,42.937324602432184
2026-03-22 17:32:07,37.5,43.03086997193639
2026-03-22 17:32:22,37.5,43.124415341440596
2026-03-22 17:32:37,37.5,43.21796071094481
2026-03-22 17:32:52,50.0,43.31150608044902
2026-03-22 17:33:07,50.0,43.40505144995323
2026-03-22 17:33:22,50.0,43.49859681945743
2026-03-22 17:33:37,50.0,43.592142188961645
2026-03-22 17:33:52,50.0,43.52283317800559
2026-03-22 17:34:07,50.0,43.61602982292637
2026-03-22 17:34:22,50.0,43.70922646784716
2026-03-22 17:34:37,50.0,43.80242311276794
2026-03-22 17:34:52,50.0,43.89561975768873
2026-03-22 17:35:07,50.0,43.9888164026095
2026-03-22 17:35:22,50.0,44.08201304753029
2026-03-22 17:35:37,50.0,44.17520969245107
2026-03-22 17:35:52,50.0,44.26840633737186
2026-03-22 17:36:07,50.0,44.36160298229264
2026-03-22 17:36:22,50.0,44.45479962721342
2026-03-22 17:36:37,50.0,44.547996272134206
2026-03-22 17:36:52,50.0,44.64119291705499
2026-03-22 17:37:07,50.0,44.73438956197577
2026-03-22 17:37:22,50.0,44.827586206896555
2026-03-22 17:37:37,50.0,44.920782851817336
2026-03-22 17:37:52,50.0,45.013979496738116
2026-03-22 17:38:07,50.0,45.1071761416589
2026-03-22 17:38:22,50.0,45.200372786579685
2026-03-22 17:38:37,50.0,45.293569431500465
2026-03-22 17:38:52,50.0,45.386766076421246
2026-03-22 17:39:07,50.0,45.479962721342034
2026-03-22 17:39:22,50.0,45.573159366262814
2026-03-22 17:39:37,50.0,45.666356011183595
2026-03-22 17:39:52,50.0,45.75955265610438
2026-03-22 17:40:07,50.0,45.85274930102516
2026-03-22 17:40:22,50.0,45.94594594594595
2026-03-22 17:40:37,50.0,46.039142590866724
2026-03-22 17:40:52,50.0,46.13233923578751
2026-03-22 17:41:07,50.0,46.22553588070829
2026-03-22 17:41:22,50.0,46.31873252562907
2026-03-22 17:41:37,50.0,46.41192917054986
2026-03-22 17:41:52,50.0,46.50512581547064
2026-03-22 17:42:07,50.0,46.59832246039143
2026-03-22 17:42:22,50.0,46.69151910531221
2026-03-22 17:42:37,50.0,46.78471575023299
2026-03-22 17:42:52,50.0,46.87791239515378
2026-03-22 17:43:07,50.0,46.97110904007455
2026-03-22 17:43:22,50.0,47.06430568499534
2026-03-22 17:43:37,50.0,47.15750232991612
2026-03-22 17:43:52,50.0,47.25069897483691
2026-03-22 17:44:07,50.0,47.34389561975769
2026-03-22 17:44:22,50.0,47.43709226467847
2026-03-22 17:44:37,50.0,47.53028890959926
2026-03-22 17:44:52,50.0,47.62348555452004
2026-03-22 17:45:07,50.0,47.71668219944082
2026-03-22 17:45:22,50.0,47.809878844361606
2026-03-22 17:45:37,62.5,47.90307548928239
2026-03-22 17:45:52,62.5,47.99627213420317
2026-03-22 17:46:07,62.5,48.08946877912395
2026-03-22 17:46:22,62.5,48.182665424044735
2026-03-22 17:46:37,62.5,48.275862068965516
2026-03-22 17:46:52,62.5,48.3690587138863
2026-03-22 17:47:07,62.5,48.462255358807084
2026-03-22 17:47:22,62.5,48.555452003727865
2026-03-22 17:47:37,62.5,48.64864864864865
2026-03-22 17:47:52,62.5,48.74184529356943
2026-03-22 17:48:07,62.5,48.835041938490214
2026-03-22 17:48:22,62.5,48.928238583411
2026-03-22 17:48:37,62.5,49.021435228331775
2026-03-22 17:48:52,62.5,49.11463187325256
2026-03-22 17:49:07,62.5,49.20782851817334
2026-03-22 17:49:22,62.5,49.30102516309413
2026-03-22 17:49:37,62.5,49.39422180801491
2026-03-22 17:49:52,62.5,49.48741845293569
2026-03-22 17:50:07,62.5,49.58061509785648
2026-03-22 17:50:22,62.5,49.67381174277726
2026-03-22 17:50:37,62.5,49.76700838769804
2026-03-22 17:50:52,62.5,49.86020503261883
2026-03-22 17:51:07,62.5,49.95340167753961
2026-03-22 17:51:22,62.5,50.04659832246039
2026-03-22 17:51:37,62.5,50.13979496738118
2026-03-22 17:51:52,62.5,50.23299161230196
2026-03-22 17:52:07,62.5,50.32618825722274
2026-03-22 17:52:22,62.5,50.41938490214353
2026-03-22 17:52:37,62.5,50.324976787372336
2026-03-22 17:52:52,62.5,50.41782729805014
2026-03-22 17:53:07,62.5,50.51067780872794
2026-03-22 17:53:22,62.5,50.603528319405754
2026-03-22 17:53:37,62.5,50.69637883008357
2026-03-22 17:53:52,62.5,50.78922934076138
2026-03-22 17:54:07,62.5,50.88207985143919
2026-03-22 17:54:22,62.5,50.974930362116986
2026-03-22 17:54:37,62.5,51.0677808727948
2026-03-22 17:54:52,62.5,51.16063138347261
2026-03-22 17:55:07,62.5,51.25348189415042
2026-03-22 17:55:22,62.5,51.34633240482822
2026-03-22 17:55:37,62.5,51.43918291550603
2026-03-22 17:55:52,62.5,51.532033426183844
2026-03-22 17:56:07,62.5,51.62488393686166
2026-03-22 17:56:22,62.5,51.71773444753946
2026-03-22 17:56:37,62.5,51.81058495821726
2026-03-22 17:56:52,62.5,51.903435468895076
2026-03-22 17:57:07,62.5,51.99628597957289
2026-03-22 17:57:22,62.5,52.089136490250695
2026-03-22 17:57:37,62.5,52.18198700092851
2026-03-22 17:57:52,62.5,52.27483751160631
2026-03-22 17:58:07,62.5,52.36768802228412
2026-03-22 17:58:22,62.5,52.460538532961934
2026-03-22 17:58:37,62.5,52.55338904363974
2026-03-22 17:58:52,62.5,52.64623955431755
2026-03-22 17:59:07,62.5,52.73909006499535
2026-03-22 17:59:22,62.5,52.831940575673165
2026-03-22 17:59:37,62.5,52.92479108635098
2026-03-22 17:59:52,62.5,53.017641597028785
2026-03-22 18:00:07,62.5,53.1104921077066
2026-03-22 18:00:22,62.5,53.2033426183844
2026-03-22 18:00:37,62.5,53.29619312906221
2026-03-22 18:00:52,62.5,53.38904363974002
2026-03-22 18:01:07,62.5,53.48189415041783
2026-03-22 18:01:22,75.0,53.57474466109564
2026-03-22 18:01:37,75.0,53.66759517177344
2026-03-22 18:01:52,75.0,53.760445682451255
2026-03-22 18:02:07,75.0,53.85329619312906
2026-03-22 18:02:22,75.0,53.946146703806875
2026-03-22 18:02:37,75.0,54.038997214484674
2026-03-22 18:02:52,75.0,54.13184772516249
2026-03-22 18:03:07,75.0,54.22469823584029
2026-03-22 18:03:22,75.0,54.317548746518106
2026-03-22 18:03:37,75.0,54.41039925719592
2026-03-22 18:03:52,75.0,54.50324976787372
2026-03-22 18:04:07,75.0,54.59610027855153
2026-03-22 18:04:22,75.0,54.68895078922934
2026-03-22 18:04:37,75.0,54.78180129990715
2026-03-22 18:04:52,75.0,54.874651810584965
2026-03-22 18:05:07,75.0,54.967502321262764
2026-03-22 18:05:22,75.0,55.06035283194058
2026-03-22 18:05:37,75.0,55.15320334261838
2026-03-22 18:05:52,75.0,55.246053853296196
2026-03-22 18:06:07,75.0,55.33890436397401
2026-03-22 18:06:22,75.0,55.43175487465181
2026-03-22 18:06:37,75.0,55.524605385329615
2026-03-22 18:06:52,75.0,55.61745589600743
2026-03-22 18:07:07,75.0,55.71030640668524
2026-03-22 18:07:22,75.0,55.80315691736305
2026-03-22 18:07:37,75.0,55.89600742804085
2026-03-22 18:07:52,75.0,55.98885793871866
2026-03-22 18:08:07,75.0,56.08170844939647
2026-03-22 18:08:22,75.0,56.174558960074286
2026-03-22 18:08:37,75.0,56.26740947075209
2026-03-22 18:08:52,75.0,56.36025998142989
2026-03-22 18:09:07,75.0,56.453110492107704
2026-03-22 18:09:22,75.0,56.54596100278552
2026-03-22 18:09:37,75.0,56.638811513463324
2026-03-22 18:09:52,75.0,56.73166202414113
2026-03-22 18:10:07,75.0,56.824512534818936
2026-03-22 18:10:22,75.0,56.91736304549675
2026-03-22 18:10:37,75.0,57.01021355617456
2026-03-22 18:10:52,75.0,57.10306406685237
2026-03-22 18:11:07,75.0,57.195914577530175
2026-03-22 18:11:22,75.0,57.28876508820798
2026-03-22 18:11:37,75.0,57.381615598885794
2026-03-22 18:11:52,75.0,57.47446610956361
2026-03-22 18:12:07,75.0,57.567316620241414
2026-03-22 18:12:22,75.0,57.66016713091921
2026-03-22 18:12:37,75.0,57.753017641597026
2026-03-22 18:12:52,75.0,57.753017641597026
2026-03-22 18:13:07,75.0,57.753017641597026
2026-03-22 18:13:22,75.0,57.753017641597026
2026-03-22 18:13:37,75.0,57.753017641597026
2026-03-22 18:13:52,75.0,57.753017641597026
2026-03-22 18:14:07,75.0,57.753017641597026
2026-03-22 18:14:22,75.0,57.753017641597026
2026-03-22 18:14:37,75.0,57.753017641597026
2026-03-22 18:14:52,75.0,57.753017641597026
2026-03-22 18:15:07,75.0,57.753017641597026
2026-03-22 18:15:22,75.0,57.753017641597026
2026-03-22 18:15:37,75.0,57.753017641597026
2026-03-22 18:15:52,75.0,57.753017641597026
2026-03-22 18:16:07,75.0,57.753017641597026
2026-03-22 18:16:22,75.0,57.753017641597026
2026-03-22 18:16:37,75.0,57.753017641597026
2026-03-22 18:16:52,75.0,57.753017641597026
2026-03-22 18:17:07,75.0,57.753017641597026
2026-03-22 18:17:22,75.0,57.753017641597026
2026-03-22 18:17:37,75.0,57.753017641597026
2026-03-22 18:17:52,75.0,57.753017641597026
2026-03-22 18:18:07,75.0,57.753017641597026
2026-03-22 18:18:22,75.0,57.753017641597026
2026-03-22 18:18:37,75.0,57.753017641597026
2026-03-22 18:18:52,75.0,57.753017641597026
2026-03-22 18:19:07,75.0,57.753017641597026
2026-03-22 18:19:22,75.0,57.753017641597026
2026-03-22 18:19:37,75.0,57.753017641597026
2026-03-22 18:19:52,75.0,57.753017641597026
2026-03-22 18:20:07,75.0,57.753017641597026
2026-03-22 18:20:22,75.0,57.753017641597026
2026-03-22 18:20:37,75.0,57.753017641597026
2026-03-22 18:20:52,75.0,57.753017641597026
2026-03-22 18:21:07,75.0,57.753017641597026
2026-03-22 18:21:22,75.0,57.753017641597026
2026-03-22 18:21:37,75.0,57.753017641597026
2026-03-22 18:21:52,75.0,57.753017641597026
2026-03-22 18:22:07,75.0,57.753017641597026
2026-03-22 18:22:22,75.0,57.753017641597026
2026-03-22 18:22:37,75.0,57.753017641597026
2026-03-22 18:22:52,75.0,57.753017641597026
2026-03-22 18:23:07,75.0,57.753017641597026
2026-03-22 18:23:22,75.0,57.753017641597026
2026-03-22 18:23:37,75.0,57.753017641597026
2026-03-22 18:23:52,75.0,57.753017641597026
2026-03-22 18:24:07,75.0,57.753017641597026
2026-03-22 18:24:22,75.0,57.753017641597026
2026-03-22 18:24:37,75.0,57.753017641597026
2026-03-22 18:24:52,75.0,57.753017641597026
2026-03-22 18:25:07,75.0,57.753017641597026
2026-03-22 18:25:22,75.0,57.753017641597026
2026-03-22 18:25:37,75.0,57.753017641597026
2026-03-22 18:25:52,75.0,57.753017641597026
2026-03-22 18:26:07,75.0,57.753017641597026
2026-03-22 18:26:22,75.0,57.753017641597026
2026-03-22 18:26:37,75.0,57.753017641597026
2026-03-22 18:26:52,75.0,57.753017641597026
2026-03-22 18:27:07,75.0,57.753017641597026
2026-03-22 18:27:22,75.0,57.753017641597026
2026-03-22 18:27:37,75.0,57.84586815227484
2026-03-22 18:27:52,75.0,57.84586815227484
2026-03-22 18:28:07,75.0,57.84586815227484
2026-03-22 18:28:22,75.0,57.84586815227484
2026-03-22 18:28:37,75.0,57.84586815227484
2026-03-22 18:28:52,75.0,57.84586815227484
2026-03-22 18:29:07,75.0,57.84586815227484
2026-03-22 18:29:22,75.0,57.84586815227484
2026-03-22 18:29:37,75.0,57.938718662952645
2026-03-22 18:29:52,75.0,58.03156917363046
2026-03-22 18:30:07,75.0,58.03156917363046
2026-03-22 18:30:22,75.0,58.12441968430826
2026-03-22 18:30:37,75.0,58.43429636533085
2026-03-22 18:30:52,75.0,58.52749301025163
2026-03-22 18:31:07,75.0,58.620689655172406
2026-03-22 18:31:22,75.0,58.7138863000932
2026-03-22 18:31:37,75.0,58.807082945013974
2026-03-22 18:31:52,75.0,58.90027958993477
2026-03-22 18:32:07,75.0,58.99347623485555
2026-03-22 18:32:22,75.0,59.08667287977632
2026-03-22 18:32:37,75.0,59.17986952469712
2026-03-22 18:32:52,75.0,59.27306616961789
2026-03-22 18:33:07,75.0,59.36626281453867
2026-03-22 18:33:22,75.0,59.45945945945946
2026-03-22 18:33:37,75.0,59.55265610438024
2026-03-22 18:33:52,75.0,59.64585274930102
2026-03-22 18:34:07,75.0,59.73904939422181
2026-03-22 18:34:22,75.0,59.83224603914259
2026-03-22 18:34:37,75.0,59.92544268406338
2026-03-22 18:34:52,75.0,60.01863932898416
2026-03-22 18:35:07,75.0,60.11183597390494
2026-03-22 18:35:22,75.0,60.205032618825726
2026-03-22 18:35:37,75.0,60.29822926374651
2026-03-22 18:35:52,75.0,60.39142590866729
2026-03-22 18:36:07,87.5,60.484622553588075
2026-03-22 18:36:22,87.5,60.577819198508855
2026-03-22 18:36:37,87.5,60.67101584342963
2026-03-22 18:36:52,87.5,60.764212488350424
2026-03-22 18:37:07,87.5,60.857409133271204
2026-03-22 18:37:22,87.5,60.95060577819198
2026-03-22 18:37:37,87.5,61.04380242311277
2026-03-22 18:37:52,87.5,61.136999068033546
2026-03-22 18:38:07,87.5,61.23019571295434
2026-03-22 18:38:22,87.5,61.323392357875115
2026-03-22 18:38:37,87.5,61.416589002795895
2026-03-22 18:38:52,87.5,61.50978564771668
2026-03-22 18:39:07,87.5,61.60298229263746
2026-03-22 18:39:22,87.5,61.696178937558244
2026-03-22 18:39:37,87.5,61.78937558247903
2026-03-22 18:39:52,87.5,61.88257222739981
2026-03-22 18:40:07,87.5,61.97576887232059
2026-03-22 18:40:22,87.5,62.06896551724138
2026-03-22 18:40:37,87.5,62.16216216216216
2026-03-22 18:40:52,87.5,62.25535880708295
2026-03-22 18:41:07,87.5,62.34855545200373
2026-03-22 18:41:22,87.5,62.44175209692451
2026-03-22 18:41:37,87.5,62.5349487418453
2026-03-22 18:41:52,87.5,62.62814538676608
2026-03-22 18:42:07,87.5,62.72134203168685
2026-03-22 18:42:22,87.5,62.81453867660765
2026-03-22 18:42:37,87.5,62.90773532152842
2026-03-22 18:42:52,87.5,63.0009319664492
2026-03-22 18:43:07,87.5,63.094128611369996
2026-03-22 18:43:22,87.5,63.18732525629077
2026-03-22 18:43:37,87.5,63.280521901211564
2026-03-22 18:43:52,87.5,63.37371854613234
2026-03-22 18:44:07,87.5,63.46691519105312
2026-03-22 18:44:22,87.5,63.560111835973906
2026-03-22 18:44:37,87.5,63.65330848089469
2026-03-22 18:44:52,87.5,63.74650512581547
2026-03-22 18:45:07,87.5,63.839701770736255
2026-03-22 18:45:22,87.5,63.932898415657036
2026-03-22 18:45:37,87.5,64.02609506057782
2026-03-22 18:45:52,87.5,64.11929170549861
2026-03-22 18:46:07,87.5,64.21248835041938
2026-03-22 18:46:22,87.5,64.30568499534017
2026-03-22 18:46:37,87.5,64.39888164026095
2026-03-22 18:46:52,87.5,64.49207828518173
2026-03-22 18:47:07,87.5,64.58527493010251
2026-03-22 18:47:22,87.5,64.6784715750233
2026-03-22 18:47:37,87.5,64.77166821994408
2026-03-22 18:47:52,87.5,64.77166821994408
2026-03-22 18:48:07,87.5,64.77166821994408
2026-03-22 18:48:22,87.5,64.77166821994408
2026-03-22 18:48:37,87.5,64.77166821994408
2026-03-22 18:48:52,87.5,64.77166821994408
2026-03-22 18:49:07,87.5,64.77166821994408
2026-03-22 18:49:22,87.5,64.77166821994408
2026-03-22 18:49:37,87.5,64.77166821994408
2026-03-22 18:49:52,87.5,64.77166821994408
2026-03-22 18:50:07,87.5,64.77166821994408
2026-03-22 18:50:22,87.5,64.77166821994408
2026-03-22 18:50:37,87.5,64.77166821994408
2026-03-22 18:50:52,87.5,64.77166821994408
2026-03-22 18:51:07,87.5,64.77166821994408
2026-03-22 18:51:22,87.5,64.77166821994408
2026-03-22 18:51:37,87.5,64.77166821994408
2026-03-22 18:51:52,87.5,64.77166821994408
2026-03-22 18:52:07,87.5,64.77166821994408
2026-03-22 18:52:22,87.5,64.77166821994408
2026-03-22 18:52:37,87.5,64.77166821994408
2026-03-22 18:52:52,87.5,64.86486486486487
2026-03-22 18:53:07,87.5,64.95806150978565
2026-03-22 18:53:22,87.5,65.05125815470643
2026-03-22 18:53:37,87.5,65.14445479962721
2026-03-22 18:53:52,87.5,65.23765144454799
2026-03-22 18:54:07,87.5,65.33084808946877
2026-03-22 18:54:22,87.5,65.42404473438957
2026-03-22 18:54:37,87.5,65.51724137931035
2026-03-22 18:54:52,87.5,65.61043802423113
2026-03-22 18:55:07,87.5,65.70363466915191
2026-03-22 18:55:22,87.5,65.79683131407269
2026-03-22 18:55:37,87.5,65.89002795899349
2026-03-22 18:55:52,87.5,65.98322460391427
2026-03-22 18:56:07,87.5,66.07642124883503
2026-03-22 18:56:22,87.5,66.16961789375583
2026-03-22 18:56:37,87.5,66.26281453867661
2026-03-22 18:56:52,87.5,66.35601118359739
2026-03-22 18:57:07,87.5,66.44920782851817
2026-03-22 18:57:22,87.5,66.54240447343895
2026-03-22 18:57:37,87.5,66.63560111835974
2026-03-22 18:57:52,87.5,66.72879776328053
2026-03-22 18:58:07,87.5,66.8219944082013
2026-03-22 18:58:22,87.5,66.91519105312209
2026-03-22 18:58:37,87.5,66.91519105312209
2026-03-22 18:58:52,87.5,66.91519105312209
2026-03-22 18:59:07,87.5,66.91519105312209
2026-03-22 18:59:22,87.5,66.91519105312209
2026-03-22 18:59:37,87.5,66.91519105312209
2026-03-22 18:59:52,87.5,66.91519105312209
2026-03-22 19:00:07,87.5,66.91519105312209
2026-03-22 19:00:22,87.5,66.91519105312209
2026-03-22 19:00:37,87.5,66.91519105312209
2026-03-22 19:00:52,87.5,66.91519105312209
2026-03-22 19:01:07,87.5,66.91519105312209
2026-03-22 19:01:22,87.5,66.91519105312209
2026-03-22 19:01:37,87.5,66.91519105312209
2026-03-22 19:01:52,87.5,66.91519105312209
2026-03-22 19:02:07,87.5,66.91519105312209
2026-03-22 19:02:22,87.5,66.91519105312209
2026-03-22 19:02:37,87.5,66.91519105312209
2026-03-22 19:02:52,87.5,66.8219944082013
2026-03-22 19:03:07,87.5,66.8219944082013
2026-03-22 19:03:22,87.5,66.8219944082013
2026-03-22 19:03:37,87.5,66.8219944082013
2026-03-22 19:03:52,87.5,66.8219944082013
2026-03-22 19:04:07,87.5,66.8219944082013
2026-03-22 19:04:22,87.5,66.8219944082013
2026-03-22 19:04:37,87.5,66.8219944082013
2026-03-22 19:04:52,87.5,66.8219944082013
2026-03-22 19:05:07,87.5,66.8219944082013
2026-03-22 19:05:22,87.5,66.8219944082013
2026-03-22 19:05:37,87.5,66.8219944082013
2026-03-22 19:05:52,87.5,66.8219944082013
2026-03-22 19:06:07,87.5,66.8219944082013
2026-03-22 19:06:22,87.5,66.8219944082013
2026-03-22 19:06:37,87.5,66.8219944082013
2026-03-22 19:06:52,87.5,66.8219944082013
2026-03-22 19:07:07,87.5,66.8219944082013
2026-03-22 19:07:22,87.5,66.91519105312209
2026-03-22 19:07:37,87.5,67.00838769804287
2026-03-22 19:07:52,87.5,67.10158434296365
2026-03-22 19:08:07,87.5,67.19478098788444
2026-03-22 19:08:22,87.5,67.19478098788444
2026-03-22 19:08:37,87.5,67.19478098788444
2026-03-22 19:08:52,87.5,67.19478098788444
2026-03-22 19:09:07,87.5,67.19478098788444
2026-03-22 19:09:22,87.5,67.19478098788444
2026-03-22 19:09:37,87.5,67.19478098788444
2026-03-22 19:09:52,87.5,67.19478098788444
2026-03-22 19:10:07,87.5,67.19478098788444
2026-03-22 19:10:22,87.5,67.19478098788444
2026-03-22 19:10:37,87.5,67.19478098788444
2026-03-22 19:10:52,87.5,67.19478098788444
2026-03-22 19:11:07,87.5,67.10158434296365
2026-03-22 19:11:22,87.5,67.00838769804287
2026-03-22 19:11:37,87.5,66.91519105312209
2026-03-22 19:11:52,87.5,66.8219944082013
2026-03-22 19:12:07,87.5,66.72879776328053
2026-03-22 19:12:22,87.5,66.63560111835974
2026-03-22 19:12:37,87.5,66.54240447343895
2026-03-22 19:12:52,87.5,66.44920782851817
2026-03-22 19:13:07,87.5,66.35601118359739
2026-03-22 19:13:22,87.5,66.26281453867661
2026-03-22 19:13:37,87.5,66.16961789375583
2026-03-22 19:13:52,87.5,66.07642124883503
2026-03-22 19:14:07,87.5,65.98322460391427
2026-03-22 19:14:22,75.0,65.89002795899349
2026-03-22 19:14:37,75.0,65.79683131407269
2026-03-22 19:14:52,75.0,65.70363466915191
2026-03-22 19:15:07,75.0,65.61043802423113
2026-03-22 19:15:22,75.0,65.51724137931035
2026-03-22 19:15:37,75.0,65.42404473438957
2026-03-22 19:15:52,75.0,65.33084808946877
2026-03-22 19:16:07,75.0,65.23765144454799
2026-03-22 19:16:22,75.0,65.14445479962721
2026-03-22 19:16:37,75.0,65.05125815470643
2026-03-22 19:16:52,75.0,64.95806150978565
2026-03-22 19:17:07,75.0,64.86486486486487
2026-03-22 19:17:22,75.0,64.77166821994408
2026-03-22 19:17:37,75.0,64.6784715750233
2026-03-22 19:17:52,75.0,64.58527493010251
2026-03-22 19:18:07,75.0,64.49207828518173
2026-03-22 19:18:22,75.0,64.39888164026095
2026-03-22 19:18:37,75.0,64.30568499534017
2026-03-22 19:18:52,75.0,64.21248835041938
2026-03-22 19:19:07,75.0,64.21248835041938
2026-03-22 19:19:22,75.0,64.21248835041938
2026-03-22 19:19:37,75.0,64.21248835041938
2026-03-22 19:19:52,75.0,64.21248835041938
2026-03-22 19:20:07,75.0,64.21248835041938
2026-03-22 19:20:22,75.0,64.21248835041938
2026-03-22 19:20:37,75.0,64.21248835041938
2026-03-22 19:20:52,75.0,64.21248835041938
2026-03-22 19:21:07,75.0,64.21248835041938
2026-03-22 19:21:22,75.0,64.21248835041938
2026-03-22 19:21:37,75.0,64.21248835041938
2026-03-22 19:21:52,75.0,64.21248835041938
2026-03-22 19:22:07,75.0,64.21248835041938
2026-03-22 19:22:22,75.0,64.21248835041938
2026-03-22 19:22:37,75.0,64.21248835041938
2026-03-22 19:22:52,75.0,64.21248835041938
2026-03-22 19:23:07,75.0,64.21248835041938
2026-03-22 19:23:22,75.0,64.21248835041938
2026-03-22 19:23:37,75.0,64.21248835041938
2026-03-22 19:23:52,75.0,64.21248835041938
2026-03-22 19:24:07,75.0,64.21248835041938
2026-03-22 19:24:22,75.0,64.21248835041938
2026-03-22 19:24:37,75.0,64.21248835041938
2026-03-22 19:24:52,75.0,64.11929170549861
2026-03-22 19:25:07,75.0,64.02609506057782
2026-03-22 19:25:22,75.0,63.932898415657036
2026-03-22 19:25:37,75.0,63.839701770736255
2026-03-22 19:25:52,75.0,63.74650512581547
2026-03-22 19:26:07,75.0,63.65330848089469
2026-03-22 19:26:22,75.0,63.560111835973906
2026-03-22 19:26:37,75.0,63.46691519105312
2026-03-22 19:26:52,75.0,63.37371854613234
2026-03-22 19:27:07,75.0,63.280521901211564
2026-03-22 19:27:22,75.0,63.18732525629077
2026-03-22 19:27:37,75.0,63.094128611369996
2026-03-22 19:27:52,75.0,63.0009319664492
2026-03-22 19:28:07,75.0,62.90773532152842
2026-03-22 19:28:22,75.0,62.81453867660765
2026-03-22 19:28:37,75.0,62.72134203168685
2026-03-22 19:28:52,75.0,62.62814538676608
2026-03-22 19:29:07,75.0,62.5349487418453
2026-03-22 19:29:22,75.0,62.44175209692451
2026-03-22 19:29:37,75.0,62.34855545200373
2026-03-22 19:29:52,75.0,62.25535880708295
2026-03-22 19:30:07,75.0,62.16216216216216
2026-03-22 19:30:22,75.0,62.06896551724138
2026-03-22 19:30:37,75.0,61.97576887232059
2026-03-22 19:30:52,75.0,61.88257222739981
2026-03-22 19:31:07,75.0,61.78937558247903
2026-03-22 19:31:22,75.0,61.696178937558244
2026-03-22 19:31:37,75.0,61.60298229263746
2026-03-22 19:31:52,75.0,61.50978564771668
2026-03-22 19:32:07,75.0,61.416589002795895
2026-03-22 19:32:22,75.0,61.323392357875115
2026-03-22 19:32:37,75.0,61.23019571295434
2026-03-22 19:32:52,75.0,61.136999068033546
2026-03-22 19:33:07,75.0,61.04380242311277
2026-03-22 19:33:22,75.0,60.95060577819198
2026-03-22 19:33:37,75.0,60.857409133271204
2026-03-22 19:33:52,75.0,60.764212488350424
2026-03-22 19:34:07,75.0,60.67101584342963
2026-03-22 19:34:22,75.0,60.577819198508855
2026-03-22 19:34:37,75.0,60.484622553588075
2026-03-22 19:34:52,75.0,60.39142590866729
2026-03-22 19:35:07,75.0,60.29822926374651
2026-03-22 19:35:22,62.5,60.205032618825726
2026-03-22 19:35:37,62.5,60.11183597390494
2026-03-22 19:35:52,62.5,60.01863932898416
2026-03-22 19:36:07,62.5,59.92544268406338
2026-03-22 19:36:22,62.5,59.83224603914259
2026-03-22 19:36:37,62.5,59.73904939422181
2026-03-22 19:36:52,62.5,59.64585274930102
2026-03-22 19:37:07,62.5,59.55265610438024
2026-03-22 19:37:22,62.5,59.45945945945946
2026-03-22 19:37:37,62.5,59.36626281453867
2026-03-22 19:37:52,62.5,59.27306616961789
2026-03-22 19:38:07,62.5,59.17986952469712
2026-03-22 19:38:22,62.5,59.08667287977632
2026-03-22 19:38:37,62.5,58.99347623485555
2026-03-22 19:38:52,62.5,58.90027958993477
2026-03-22 19:39:07,62.5,58.807082945013974
2026-03-22 19:39:22,62.5,58.7138863000932
2026-03-22 19:39:37,62.5,58.620689655172406
2026-03-22 19:39:52,62.5,58.52749301025163
2026-03-22 19:40:07,62.5,58.43429636533085
2026-03-22 19:40:22,62.5,58.341099720410064
2026-03-22 19:40:37,62.5,58.24790307548928
2026-03-22 19:40:52,62.5,58.1547064305685
2026-03-22 19:41:07,62.5,58.061509785647715
2026-03-22 19:41:22,62.5,57.968313140726934
2026-03-22 19:41:37,62.5,57.875116495806154
2026-03-22 19:41:52,62.5,57.781919850885366
2026-03-22 19:42:07,62.5,57.688723205964585
2026-03-22 19:42:22,62.5,57.5955265610438
2026-03-22 19:42:37,62.5,57.50232991612302
2026-03-22 19:42:52,62.5,57.409133271202236
2026-03-22 19:43:07,62.5,57.31593662628145
2026-03-22 19:43:22,62.5,57.22273998136067
2026-03-22 19:43:37,62.5,57.129543336439895
2026-03-22 19:43:52,62.5,57.0363466915191
2026-03-22 19:44:07,62.5,56.943150046598326
2026-03-22 19:44:22,62.5,56.849953401677546
2026-03-22 19:44:37,62.5,56.75675675675676
2026-03-22 19:44:52,62.5,56.66356011183598
2026-03-22 19:45:07,62.5,56.57036346691518
2026-03-22 19:45:22,62.5,56.47716682199441
2026-03-22 19:45:37,62.5,56.38397017707363
2026-03-22 19:45:52,62.5,56.29077353215284
2026-03-22 19:46:07,62.5,56.19757688723206
2026-03-22 19:46:22,62.5,56.10438024231128
2026-03-22 19:46:37,50.0,56.01118359739049
2026-03-22 19:46:52,50.0,55.91798695246971
2026-03-22 19:47:07,50.0,55.82479030754893
2026-03-22 19:47:22,50.0,55.73159366262814
2026-03-22 19:47:37,50.0,55.63839701770736
2026-03-22 19:47:52,50.0,55.54520037278658
2026-03-22 19:48:07,50.0,55.452003727865794
2026-03-22 19:48:22,50.0,55.35880708294501
2026-03-22 19:48:37,50.0,55.265610438024225
2026-03-22 19:48:52,50.0,55.00467726847521
2026-03-22 19:49:07,50.0,54.911131898971
2026-03-22 19:49:22,50.0,54.81758652946679
2026-03-22 19:49:37,50.0,54.724041159962574
2026-03-22 19:49:52,50.0,54.630495790458376
2026-03-22 19:50:07,50.0,54.53695042095417
2026-03-22 19:50:22,50.0,54.44340505144996
2026-03-22 19:50:37,50.0,54.349859681945745
2026-03-22 19:50:52,50.0,54.25631431244153
2026-03-22 19:51:07,50.0,54.16276894293732
2026-03-22 19:51:22,50.0,54.06922357343311
2026-03-22 19:51:37,50.0,53.9756782039289
2026-03-22 19:51:52,50.0,53.8821328344247
2026-03-22 19:52:07,50.0,53.78858746492049
2026-03-22 19:52:22,50.0,53.69504209541628
2026-03-22 19:52:37,50.0,53.60149672591207
2026-03-22 19:52:52,50.0,53.50795135640786
2026-03-22 19:53:07,50.0,53.414405986903645
2026-03-22 19:53:22,50.0,53.32086061739943
2026-03-22 19:53:37,50.0,53.22731524789523
2026-03-22 19:53:52,50.0,53.13376987839102
2026-03-22 19:54:07,50.0,53.040224508886816
2026-03-22 19:54:22,50.0,52.9466791393826
2026-03-22 19:54:37,50.0,52.85313376987839
2026-03-22 19:54:52,50.0,52.75958840037418
2026-03-22 19:55:07,50.0,52.66604303086997
2026-03-22 19:55:22,50.0,52.57249766136576
2026-03-22 19:55:37,50.0,52.47895229186156
2026-03-22 19:55:52,50.0,52.38540692235735
2026-03-22 19:56:07,50.0,52.291861552853135
2026-03-22 19:56:22,50.0,52.19831618334892
2026-03-22 19:56:37,50.0,52.104770813844716
2026-03-22 19:56:52,50.0,52.0112254443405
2026-03-22 19:57:07,50.0,51.91768007483629
2026-03-22 19:57:22,50.0,51.82413470533208
2026-03-22 19:57:37,50.0,51.73058933582788
2026-03-22 19:57:52,50.0,51.637043966323674
2026-03-22 19:58:07,50.0,51.54349859681946
2026-03-22 19:58:22,50.0,51.44995322731525
2026-03-22 19:58:37,50.0,51.356407857811035
2026-03-22 19:58:52,50.0,51.26286248830682
2026-03-22 19:59:07,50.0,51.16931711880262
2026-03-22 19:59:22,50.0,51.075771749298404
2026-03-22 19:59:37,50.0,50.982226379794206
2026-03-22 19:59:52,50.0,50.88868101028999
2026-03-22 20:00:07,50.0,50.79513564078578
2026-03-22 20:00:22,37.5,50.701590271281574
2026-03-22 20:00:37,37.5,50.42253521126761
2026-03-22 20:00:52,37.5,50.141376060320454
2026-03-22 20:01:07,37.5,50.047125353440144
2026-03-22 20:01:22,37.5,50.14191106906338
2026-03-22 20:01:37,37.5,50.14191106906338
2026-03-22 20:01:52,37.5,50.332383665716996
2026-03-22 20:02:07,37.5,50.332383665716996
2026-03-22 20:02:22,37.5,50.52430886558628
2026-03-22 20:02:37,37.5,50.52430886558628
2026-03-22 20:02:52,37.5,50.717703349282296
2026-03-22 20:03:07,37.5,50.717703349282296
2026-03-22 20:03:22,37.5,50.91258405379443
2026-03-22 20:03:37,37.5,51.10896817743491
2026-03-22 20:03:52,37.5,51.10896817743491
2026-03-22 20:04:07,37.5,51.30687318489835
2026-03-22 20:04:22,37.5,51.30687318489835
2026-03-22 20:04:37,37.5,51.50631681243926
2026-03-22 20:04:52,37.5,51.50631681243926
2026-03-22 20:05:07,37.5,51.707317073170735
2026-03-22 20:05:22,37.5,51.707317073170735
2026-03-22 20:05:37,37.5,51.90989226248776
2026-03-22 20:05:52,37.5,51.90989226248776
2026-03-22 20:06:07,37.5,52.11406096361848
2026-03-22 20:06:22,37.5,52.319842053307006
2026-03-22 20:06:37,37.5,52.319842053307006
2026-03-22 20:06:52,37.5,52.52725470763132
2026-03-22 20:07:07,37.5,52.52725470763132
2026-03-22 20:07:22,37.5,52.736318407960205
2026-03-22 20:07:37,37.5,52.736318407960205
2026-03-22 20:07:52,37.5,52.94705294705294
2026-03-22 20:08:07,37.5,52.94705294705294
2026-03-22 20:08:22,37.5,53.15947843530592
2026-03-22 20:08:37,37.5,53.37361530715005
2026-03-22 20:08:52,37.5,53.37361530715005
2026-03-22 20:09:07,37.5,53.58948432760364
2026-03-22 20:09:22,37.5,53.58948432760364
2026-03-22 20:09:37,37.5,53.80710659898477
2026-03-22 20:09:52,37.5,53.80710659898477
2026-03-22 20:10:07,37.5,54.02650356778798
2026-03-22 20:10:22,37.5,54.02650356778798
2026-03-22 20:10:37,37.5,54.24769703172978
2026-03-22 20:10:52,37.5,54.24769703172978
2026-03-22 20:11:07,37.5,54.47070914696815
2026-03-22 20:11:22,37.5,54.69556243550051
2026-03-22 20:11:37,37.5,54.69556243550051
2026-03-22 20:11:52,37.5,54.92227979274611
2026-03-22 20:12:07,37.5,54.92227979274611
2026-03-22 20:12:22,37.5,55.15088449531738
2026-03-22 20:12:37,37.5,55.15088449531738
2026-03-22 20:12:52,37.5,55.38140020898642
2026-03-22 20:13:07,37.5,55.38140020898642
2026-03-22 20:13:22,37.5,55.40398740818468
2026-03-22 20:13:37,37.5,55.299055613851
2026-03-22 20:13:52,37.5,55.00526870389885
2026-03-22 20:14:07,37.5,54.70899470899471
2026-03-22 20:14:22,37.5,54.6031746031746
2026-03-22 20:14:37,37.5,54.30393198724761
2026-03-22 20:14:52,37.5,54.19766206163656
2026-03-22 20:15:07,37.5,53.89541088580576
2026-03-22 20:15:22,37.5,53.788687299893276
2026-03-22 20:15:37,37.5,53.59056806002144
2026-03-22 20:15:52,37.5,53.59056806002144
2026-03-22 20:16:07,37.5,53.821313240043054
2026-03-22 20:16:22,37.5,53.821313240043054
2026-03-22 20:16:37,37.5,54.054054054054056
2026-03-22 20:16:52,37.5,54.28881650380022
2026-03-22 20:17:07,37.5,54.28881650380022
2026-03-22 20:17:22,25.0,54.52562704471101
2026-03-22 20:17:37,25.0,54.52562704471101
2026-03-22 20:17:52,25.0,54.7645125958379
2026-03-22 20:18:07,25.0,54.7645125958379
2026-03-22 20:18:22,25.0,55.00550055005501
2026-03-22 20:18:37,25.0,55.00550055005501
2026-03-22 20:18:51,25.0,55.24861878453039
2026-03-22 20:19:07,25.0,55.49389567147613
2026-03-22 20:19:22,25.0,55.49389567147613
2026-03-22 20:19:37,25.0,55.74136008918617
2026-03-22 20:19:51,25.0,55.74136008918617
2026-03-22 20:20:07,25.0,55.99104143337066
2026-03-22 20:20:22,25.0,55.99104143337066
2026-03-22 20:20:36,25.0,56.2429696287964
2026-03-22 20:20:52,25.0,56.2429696287964
2026-03-22 20:21:07,25.0,56.49717514124294
2026-03-22 20:21:22,25.0,56.49717514124294
2026-03-22 20:21:37,25.0,56.75368898978434
2026-03-22 20:21:52,25.0,57.01254275940707
2026-03-22 20:22:07,25.0,57.01254275940707
2026-03-22 20:22:22,25.0,57.273768613974795
2026-03-22 20:22:37,25.0,57.273768613974795
2026-03-22 20:22:52,25.0,57.537399309551205
2026-03-22 20:23:06,25.0,57.537399309551205
2026-03-22 20:23:22,25.0,57.80346820809249
2026-03-22 20:23:36,25.0,57.80346820809249
2026-03-22 20:23:52,25.0,58.07200929152149
2026-03-22 20:24:07,25.0,58.07200929152149
2026-03-22 20:24:22,25.0,58.343057176196034
2026-03-22 20:24:37,25.0,58.61664712778429
2026-03-22 20:24:52,25.0,58.61664712778429
2026-03-22 20:25:07,25.0,58.89281507656066
2026-03-22 20:25:22,25.0,58.89281507656066
2026-03-22 20:25:37,25.0,59.171597633136095
2026-03-22 20:25:51,25.0,59.171597633136095
2026-03-22 20:26:07,25.0,59.45303210463734
2026-03-22 20:26:21,25.0,59.45303210463734
2026-03-22 20:26:37,25.0,59.737156511350065
2026-03-22 20:26:52,25.0,59.737156511350065
2026-03-22 20:27:07,25.0,60.024009603841534
2026-03-22 20:27:22,25.0,60.313630880579005
2026-03-22 20:27:36,25.0,60.313630880579005
2026-03-22 20:27:52,25.0,60.60606060606061
2026-03-22 20:28:07,25.0,60.60606060606061
2026-03-22 20:28:21,25.0,60.90133982947626
2026-03-22 20:28:37,25.0,60.90133982947626
2026-03-22 20:28:51,25.0,61.19951040391677
2026-03-22 20:29:06,25.0,61.19951040391677
2026-03-22 20:29:22,25.0,61.50061500615006
2026-03-22 20:29:37,25.0,61.310259579728054
2026-03-22 20:29:51,25.0,61.186650185414095
2026-03-22 20:30:07,25.0,60.86956521739131
2026-03-22 20:30:21,25.0,60.745341614906835
2026-03-22 20:30:37,25.0,60.42446941323346
2026-03-22 20:30:52,25.0,60.2996254681648
2026-03-22 20:31:06,25.0,59.97490589711418
2026-03-22 20:31:22,25.0,59.849435382685066
2026-03-22 20:31:37,25.0,59.52080706179067
2026-03-22 20:31:51,25.0,59.394703656998736
2026-03-22 20:32:07,25.0,59.062103929024076
2026-03-22 20:32:21,25.0,58.72611464968153
2026-03-22 20:32:37,25.0,58.59872611464968
2026-03-22 20:32:52,25.0,58.25864276568502
2026-03-22 20:33:07,25.0,58.13060179257362
2026-03-22 20:33:21,25.0,57.78635778635779
2026-03-22 20:33:37,25.0,57.65765765765766
2026-03-22 20:33:51,25.0,57.309184993531694
2026-03-22 20:34:06,25.0,57.17981888745148
2026-03-22 20:34:22,25.0,56.827048114434334
2026-03-22 20:34:36,25.0,56.697009102730824
2026-03-22 20:34:52,25.0,56.33986928104575
2026-03-22 20:35:07,25.0,55.97897503285151
2026-03-22 20:35:21,25.0,55.84756898817346
2026-03-22 20:35:37,25.0,55.482166446499335
2026-03-22 20:35:51,25.0,55.35006605019815
2026-03-22 20:36:06,25.0,54.980079681274894
2026-03-22 20:36:22,25.0,54.8472775564409
2026-03-22 20:36:36,25.0,54.873164218958614
2026-03-22 20:36:51,25.0,54.873164218958614
2026-03-22 20:37:06,25.0,55.16778523489933
2026-03-22 20:37:22,25.0,55.033557046979865
2026-03-22 20:37:36,25.0,54.655870445344135
2026-03-22 20:37:52,25.0,54.27408412483039
2026-03-22 20:38:06,25.0,54.13839891451831
2026-03-22 20:38:21,25.0,53.75170532060027
2026-03-22 20:38:36,25.0,53.61527967257844
2026-03-22 20:38:51,25.0,53.223593964334704
2026-03-22 20:39:06,25.0,53.086419753086425
2026-03-22 20:39:21,25.0,52.689655172413794
2026-03-22 20:39:36,25.0,52.55172413793103
2026-03-22 20:39:51,25.0,52.1497919556172
2026-03-22 20:40:06,25.0,52.011095700416085
2026-03-22 20:40:21,25.0,51.60390516039052
2026-03-22 20:40:36,25.0,51.19214586255259
2026-03-22 20:40:52,25.0,51.05189340813464
2026-03-22 20:41:06,25.0,50.634696755994355
2026-03-22 20:41:21,25.0,50.49365303244006
2026-03-22 20:41:36,25.0,50.070921985815595
2026-03-22 20:41:51,25.0,49.9290780141844
2026-03-22 20:42:06,25.0,49.50071326676177
2026-03-22 20:42:21,25.0,49.35805991440799
2026-03-22 20:42:36,25.0,48.92395982783357
2026-03-22 20:42:51,25.0,48.484848484848484
2026-03-22 20:43:06,25.0,48.34054834054834
2026-03-22 20:43:21,25.0,47.8955007256894
2026-03-22 20:43:36,25.0,47.750362844702465
2026-03-22 20:43:51,25.0,47.2992700729927
2026-03-22 20:44:06,25.0,47.153284671532845
2026-03-22 20:44:21,25.0,46.69603524229075
2026-03-22 20:44:36,25.0,46.54919236417034
2026-03-22 20:44:51,25.0,46.08567208271787
2026-03-22 20:45:06,25.0,45.937961595273265
2026-03-22 20:45:21,25.0,45.46805349182764
2026-03-22 20:45:36,25.0,44.992526158445436
2026-03-22 20:45:51,25.0,44.843049327354265
2026-03-22 20:46:06,25.0,44.3609022556391
2026-03-22 20:46:21,25.0,44.21052631578947
2026-03-22 20:46:36,25.0,43.72163388804841
2026-03-22 20:46:51,25.0,43.57034795763994
2026-03-22 20:47:06,25.0,43.07458143074581
2026-03-22 20:47:21,25.0,42.922374429223744
2026-03-22 20:47:36,25.0,42.41960183767228
2026-03-22 20:47:51,25.0,42.266462480857584
2026-03-22 20:48:06,25.0,41.75654853620955
2026-03-22 20:48:21,25.0,41.24031007751938
2026-03-22 20:48:36,25.0,41.08527131782946
2026-03-22 20:48:51,25.0,40.5616224648986
2026-03-22 20:49:06,25.0,40.40561622464899
2026-03-22 20:49:21,25.0,39.87441130298273
2026-03-22 20:49:36,25.0,39.71742543171114
2026-03-22 20:49:51,25.0,39.178515007898895
2026-03-22 20:50:06,25.0,39.02053712480253
2026-03-22 20:50:21,25.0,38.47376788553259
2026-03-22 20:50:36,25.0,38.3147853736089
2026-03-22 20:50:51,25.0,37.76
2026-03-22 20:51:06,25.0,37.19806763285024
2026-03-22 20:51:21,25.0,37.03703703703704
2026-03-22 20:51:36,25.0,36.466774716369535
2026-03-22 20:51:51,25.0,36.30470016207455
2026-03-22 20:52:06,25.0,35.725938009787924
2026-03-22 20:52:21,25.0,35.56280587275693
2026-03-22 20:52:36,25.0,34.97536945812808
2026-03-22 20:52:51,25.0,34.8111658456486
2026-03-22 20:53:06,25.0,34.21487603305785
2026-03-22 20:53:21,25.0,33.61064891846922
2026-03-22 20:53:36,25.0,33.44425956738768
2026-03-22 20:53:51,25.0,32.83082077051927
2026-03-22 20:54:06,25.0,32.663316582914575
2026-03-22 20:54:21,25.0,32.04047217537943
2026-03-22 20:54:36,25.0,31.871838111298484
2026-03-22 20:54:51,25.0,31.239388794567063
2026-03-22 20:55:06,25.0,31.069609507640067
2026-03-22 20:55:21,25.0,30.427350427350426
2026-03-22 20:55:36,25.0,30.256410256410255
2026-03-22 20:55:51,25.0,29.604130808950085
2026-03-22 20:56:06,25.0,28.942807625649912
2026-03-22 20:56:21,25.0,28.769497400346623
2026-03-22 20:56:36,25.0,28.097731239092493
2026-03-22 20:56:51,25.0,27.923211169284468
2026-03-22 20:57:06,25.0,27.240773286467483
2026-03-22 20:57:21,25.0,27.06502636203866
2026-03-22 20:57:36,25.0,26.371681415929203
2026-03-22 20:57:51,25.0,26.194690265486724
2026-03-22 20:58:06,25.0,25.49019607843137
2026-03-22 20:58:21,25.0,25.311942959001783
2026-03-22 20:58:36,25.0,24.59605026929982
2026-03-22 20:58:51,25.0,23.869801084990957
2026-03-22 20:59:06,25.0,23.688969258589513
2026-03-22 20:59:21,25.0,22.950819672131146
2026-03-22 20:59:36,25.0,22.768670309653917
2026-03-22 20:59:51,12.5,22.018348623853214
2026-03-22 21:00:06,12.5,21.834862385321102
2026-03-22 21:00:21,12.5,21.072088724584106
2026-03-22 21:00:36,12.5,20.88724584103512
2026-03-22 21:00:51,12.5,20.11173184357542
2026-03-22 21:01:06,12.5,19.925512104283055
2026-03-22 21:01:21,12.5,19.136960600375236
2026-03-22 21:01:36,12.5,18.336483931947072
2026-03-22 21:01:51,12.5,18.147448015122876
2026-03-22 21:02:06,12.5,17.333333333333336
2026-03-22 21:02:21,12.5,17.142857142857142
2026-03-22 21:02:36,12.5,16.314779270633398
2026-03-22 21:02:51,12.5,16.122840690978887
2026-03-22 21:03:06,12.5,15.28046421663443
2026-03-22 21:03:21,12.5,15.087040618955513
2026-03-22 21:03:36,12.5,14.230019493177387
2026-03-22 21:03:51,12.5,13.359528487229863
2026-03-22 21:04:06,12.5,13.163064833005894
2026-03-22 21:04:21,12.5,12.277227722772277
2026-03-22 21:04:36,12.5,12.07920792079208
2026-03-22 21:04:51,12.5,11.177644710578843
2026-03-22 21:05:06,12.5,10.978043912175648
2026-03-22 21:05:21,12.5,10.06036217303823
2026-03-22 21:05:36,12.5,9.859154929577464
2026-03-22 21:05:51,12.5,8.924949290060852
2026-03-22 21:06:06,12.5,8.924949290060852
2026-03-22 21:06:21,12.5,7.975460122699387
2026-03-22 21:06:36,12.5,7.010309278350515
2026-03-22 21:06:51,12.5,6.804123711340206
2026-03-22 21:07:06,12.5,5.8212058212058215
2026-03-22 21:07:21,12.5,5.613305613305614
2026-03-22 21:07:36,12.5,4.821802935010482
2026-03-22 21:07:51,12.5,4.821802935010482
2026-03-22 21:08:06,12.5,4.862579281183932
2026-03-22 21:08:21,12.5,4.862579281183932
2026-03-22 21:08:36,12.5,4.904051172707889
2026-03-22 21:08:51,12.5,4.904051172707889
2026-03-22 21:09:06,12.5,4.946236559139785
2026-03-22 21:09:21,12.5,4.989154013015185
2026-03-22 21:09:36,12.5,4.989154013015185
2026-03-22 21:09:51,12.5,5.032822757111598
2026-03-22 21:10:06,12.5,5.032822757111598
2026-03-22 21:10:21,12.5,5.077262693156733
2026-03-22 21:10:36,12.5,5.077262693156733
2026-03-22 21:10:51,12.5,5.122494432071269
2026-03-22 21:11:06,12.5,5.122494432071269
2026-03-22 21:11:21,12.5,4.044943820224719
2026-03-22 21:11:36,12.5,3.8202247191011236
2026-03-22 21:11:51,12.5,2.7210884353741496
2026-03-22 21:12:06,12.5,1.6018306636155606
2026-03-22 21:12:21,12.5,1.3729977116704806
2026-03-22 21:12:36,12.5,0.23094688221709006
2026-03-22 21:12:51,12.5,0.0
2026-03-22 21:13:06,12.5,0.0
2026-03-22 21:13:21,12.5,0.0
2026-03-22 21:13:36,12.5,0.0
2026-03-22 21:13:51,12.5,0.0
2026-03-22 21:14:06,12.5,0.0
2026-03-22 21:14:21,12.5,0.0
2026-03-22 21:14:36,12.5,0.0
2026-03-22 21:14:51,12.5,0.0
2026-03-22 21:15:06,12.5,0.0
2026-03-22 21:15:21,12.5,0.0
2026-03-22 21:15:36,12.5,0.0
2026-03-22 21:15:51,12.5,0.0
2026-03-22 21:16:06,12.5,0.0
2026-03-22 21:16:21,12.5,0.0
2026-03-22 21:16:36,12.5,0.0
2026-03-22 21:16:51,12.5,0.0
2026-03-22 21:17:06,12.5,0.0
2026-03-22 21:17:21,12.5,0.0
2026-03-22 21:17:36,12.5,0.0
2026-03-22 21:17:51,12.5,0.0
2026-03-22 21:18:06,12.5,0.0
2026-03-22 21:18:21,12.5,0.0
2026-03-22 21:18:36,12.5,0.0
2026-03-22 21:18:51,12.5,0.0
2026-03-22 21:19:06,12.5,0.0
2026-03-22 21:19:21,12.5,0.0
2026-03-22 21:19:36,12.5,0.0
2026-03-22 21:19:51,12.5,0.0
2026-03-22 21:20:06,12.5,0.0
2026-03-22 21:20:21,12.5,0.0
2026-03-22 21:20:36,12.5,0.0
2026-03-22 21:20:51,12.5,0.0
2026-03-22 21:21:06,12.5,0.0
2026-03-22 21:21:21,12.5,0.0
2026-03-22 21:21:36,12.5,0.0
2026-03-22 21:21:51,12.5,0.0
2026-03-22 21:22:06,12.5,0.0
2026-03-22 21:22:21,12.5,0.0
2026-03-22 21:22:36,12.5,0.0
2026-03-22 21:22:51,12.5,0.0
2026-03-22 21:23:06,12.5,0.0
2026-03-22 21:23:21,12.5,0.0
2026-03-22 21:23:36,12.5,0.0
2026-03-22 21:23:51,12.5,0.0
2026-03-22 21:24:06,12.5,0.0
2026-03-22 21:24:21,12.5,0.0
2026-03-22 21:24:36,12.5,0.0
2026-03-22 21:24:51,12.5,0.0
2026-03-22 21:25:06,12.5,0.0
2026-03-22 21:25:21,12.5,0.0
2026-03-22 21:25:36,12.5,0.0
2026-03-22 21:25:51,12.5,0.0
2026-03-22 21:26:06,12.5,0.0
2026-03-22 21:26:21,12.5,0.0
2026-03-22 21:26:36,12.5,0.0
2026-03-22 21:26:51,12.5,0.0
2026-03-22 21:27:06,12.5,0.0
2026-03-22 21:27:21,12.5,0.0
2026-03-22 21:27:36,12.5,0.0
2026-03-22 21:27:51,12.5,0.0
2026-03-22 21:28:06,12.5,0.0
2026-03-22 21:28:21,12.5,0.0
2026-03-22 21:28:36,12.5,0.0
2026-03-22 21:28:51,12.5,0.0
2026-03-22 21:29:06,12.5,0.0
2026-03-22 21:29:21,12.5,0.0
2026-03-22 21:29:36,12.5,0.0
2026-03-22 21:29:51,12.5,0.0
2026-03-22 21:30:06,12.5,0.0
2026-03-22 21:30:21,12.5,0.0
2026-03-22 21:30:36,12.5,0.0
2026-03-22 21:30:51,12.5,0.0
2026-03-22 21:31:06,12.5,0.0
2026-03-22 21:31:21,12.5,0.0
2026-03-22 21:31:36,12.5,0.0
2026-03-22 21:31:51,12.5,0.0
2026-03-22 21:32:06,12.5,0.0
2026-03-22 21:32:21,12.5,0.0
2026-03-22 21:32:36,12.5,0.0
2026-03-22 21:32:51,12.5,0.0
2026-03-22 21:33:06,12.5,0.0
2026-03-22 21:33:21,12.5,0.0
2026-03-22 21:33:36,12.5,0.0
2026-03-22 21:33:51,12.5,0.0
2026-03-22 21:34:06,12.5,0.0
2026-03-22 21:34:21,12.5,0.0
2026-03-22 21:34:36,12.5,0.0
2026-03-22 21:34:51,12.5,0.0
2026-03-22 21:35:06,12.5,0.0
2026-03-22 21:35:21,12.5,0.0
2026-03-22 21:35:36,12.5,0.0
2026-03-22 21:35:51,12.5,0.0
2026-03-22 21:36:06,12.5,0.0
2026-03-22 21:36:21,12.5,0.0
2026-03-22 21:36:36,12.5,0.0
2026-03-22 21:36:51,12.5,0.0
2026-03-22 21:37:06,12.5,0.0
2026-03-22 21:37:21,12.5,0.0
2026-03-22 21:37:36,12.5,0.0
2026-03-22 21:37:51,12.5,0.0
2026-03-22 21:38:06,12.5,0.0
2026-03-22 21:38:21,12.5,0.0
2026-03-22 21:38:36,12.5,0.0
2026-03-22 21:38:51,12.5,0.0
2026-03-22 21:39:06,12.5,0.0
2026-03-22 21:39:21,12.5,0.0
2026-03-22 21:39:36,12.5,0.0
2026-03-22 21:39:51,12.5,0.0
2026-03-22 21:40:06,12.5,0.0
2026-03-22 21:40:21,12.5,0.0
2026-03-22 21:40:36,12.5,0.0
2026-03-22 21:40:51,12.5,0.0
2026-03-22 21:41:06,12.5,0.0
2026-03-22 21:41:21,12.5,0.0
2026-03-22 21:41:36,12.5,0.0
2026-03-22 21:41:51,12.5,0.0
2026-03-22 21:42:06,12.5,0.0
2026-03-22 21:42:21,12.5,0.0
2026-03-22 21:42:36,12.5,0.0
2026-03-22 21:42:51,12.5,0.0
2026-03-22 21:43:06,12.5,0.0
2026-03-22 21:43:21,12.5,0.0
2026-03-22 21:43:36,12.5,0.0
2026-03-22 21:43:51,12.5,0.0
2026-03-22 21:44:06,12.5,0.0
2026-03-22 21:44:21,12.5,0.0
2026-03-22 21:44:36,12.5,0.0
2026-03-22 21:44:51,12.5,0.0
2026-03-22 21:45:06,12.5,0.0
2026-03-22 21:45:21,12.5,0.0
2026-03-22 21:45:36,12.5,0.0
2026-03-22 21:45:51,12.5,0.0
2026-03-22 21:46:06,12.5,0.0
2026-03-22 21:46:21,12.5,0.0
2026-03-22 21:46:36,12.5,0.0
2026-03-22 21:46:51,12.5,0.0
2026-03-22 21:47:06,12.5,0.0
2026-03-22 21:47:21,12.5,0.0
2026-03-22 21:47:36,12.5,0.0
2026-03-22 21:47:51,12.5,0.0
2026-03-22 21:48:06,12.5,0.0
2026-03-22 21:48:21,12.5,0.0
2026-03-22 21:48:36,12.5,0.0
2026-03-22 21:48:51,12.5,0.0
2026-03-22 21:49:06,12.5,0.0
2026-03-22 21:49:21,12.5,0.0
2026-03-22 21:49:36,12.5,0.0
2026-03-22 21:49:51,12.5,0.0
2026-03-22 21:50:06,12.5,0.0
2026-03-22 21:50:21,12.5,0.0
2026-03-22 21:50:36,12.5,0.0
2026-03-22 21:50:51,12.5,0.0
2026-03-22 21:51:06,12.5,0.0
2026-03-22 21:51:21,12.5,0.0
2026-03-22 21:51:36,12.5,0.0
2026-03-22 21:51:51,12.5,0.0
2026-03-22 21:52:06,12.5,0.0
2026-03-22 21:52:21,12.5,0.0
2026-03-22 21:52:36,12.5,0.0
2026-03-22 21:52:51,12.5,0.0
2026-03-22 21:53:06,12.5,0.0
2026-03-22 21:53:21,12.5,0.0
2026-03-22 21:53:36,12.5,0.0
2026-03-22 21:53:51,12.5,0.0
2026-03-22 21:54:06,12.5,0.0
2026-03-22 21:54:21,12.5,0.0
2026-03-22 21:54:36,12.5,0.0
2026-03-22 21:54:51,12.5,0.0
2026-03-22 21:55:06,12.5,0.0
2026-03-22 21:55:21,12.5,0.0
2026-03-22 21:55:36,12.5,0.0
2026-03-22 21:55:51,12.5,0.0
2026-03-22 21:56:06,12.5,0.0
2026-03-22 21:56:21,12.5,0.0
2026-03-22 21:56:36,12.5,0.0
2026-03-22 21:56:51,12.5,0.0
2026-03-22 21:57:06,12.5,0.0
2026-03-22 21:57:21,12.5,0.0
2026-03-22 21:57:36,12.5,0.0
2026-03-22 21:57:51,12.5,0.0
2026-03-22 21:58:06,12.5,0.0
2026-03-22 21:58:21,12.5,0.0
2026-03-22 21:58:36,12.5,0.0
2026-03-22 21:58:51,12.5,0.0
2026-03-22 21:59:06,12.5,0.0
2026-03-22 21:59:21,12.5,0.0
2026-03-22 21:59:36,12.5,0.0
2026-03-22 21:59:51,12.5,0.0
2026-03-22 22:00:06,12.5,0.0
2026-03-22 22:00:21,12.5,0.0
2026-03-22 22:00:36,12.5,0.0
2026-03-22 22:00:51,12.5,0.0
2026-03-22 22:01:06,12.5,0.0
2026-03-22 22:01:21,12.5,0.0
2026-03-22 22:01:36,12.5,0.0
2026-03-22 22:01:51,12.5,0.0
2026-03-22 22:02:06,12.5,0.0
2026-03-22 22:02:21,12.5,0.0
2026-03-22 22:02:36,12.5,0.0
2026-03-22 22:02:51,12.5,0.0
2026-03-22 22:03:06,12.5,0.0
2026-03-22 22:03:21,12.5,0.0
2026-03-22 22:03:36,12.5,0.0
2026-03-22 22:03:51,12.5,0.0
2026-03-22 22:04:06,12.5,0.0
2026-03-22 22:04:21,12.5,0.0
2026-03-22 22:04:36,12.5,0.0
2026-03-22 22:04:51,12.5,0.0
2026-03-22 22:05:06,12.5,0.0
2026-03-22 22:05:21,12.5,0.0
2026-03-22 22:05:36,12.5,0.0
2026-03-22 22:05:51,12.5,0.0
2026-03-22 22:06:06,12.5,0.0
2026-03-22 22:06:21,12.5,0.0
2026-03-22 22:06:36,12.5,0.0
2026-03-22 22:06:51,12.5,0.0
2026-03-22 22:07:06,12.5,0.0
2026-03-22 22:07:21,12.5,0.0
2026-03-22 22:07:36,12.5,0.0
2026-03-22 22:07:51,12.5,0.0
2026-03-22 22:08:06,12.5,0.0
2026-03-22 22:08:21,12.5,0.0
2026-03-22 22:08:36,12.5,0.0
2026-03-22 22:08:51,12.5,0.0
2026-03-22 22:09:06,12.5,0.0
2026-03-22 22:09:21,12.5,0.0
2026-03-22 22:09:36,12.5,0.0
2026-03-22 22:09:51,12.5,0.0
2026-03-22 22:10:06,12.5,0.0
2026-03-22 22:10:21,12.5,0.0
2026-03-22 22:10:36,12.5,0.0
2026-03-22 22:10:51,12.5,0.0
2026-03-22 22:11:06,12.5,0.0
2026-03-22 22:11:21,12.5,0.0
2026-03-22 22:11:36,12.5,0.0
2026-03-22 22:11:51,12.5,0.0
2026-03-22 22:12:06,12.5,0.0
2026-03-22 22:12:21,12.5,0.0
2026-03-22 22:12:36,12.5,0.0
2026-03-22 22:12:51,12.5,0.0
2026-03-22 22:13:06,12.5,0.0
2026-03-22 22:13:21,12.5,0.0
2026-03-22 22:13:36,12.5,0.0
2026-03-22 22:13:51,12.5,0.0
2026-03-22 22:14:06,12.5,0.0
2026-03-22 22:14:21,12.5,0.0
2026-03-22 22:14:36,12.5,0.0
2026-03-22 22:14:51,12.5,0.0
2026-03-22 22:15:06,12.5,0.0
2026-03-22 22:15:21,12.5,0.0
2026-03-22 22:15:36,12.5,0.0
2026-03-22 22:15:51,12.5,0.0
2026-03-22 22:16:06,12.5,0.0
2026-03-22 22:16:21,12.5,0.0
2026-03-22 22:16:36,12.5,0.0
2026-03-22 22:16:51,12.5,0.0
2026-03-22 22:17:06,12.5,0.0
2026-03-22 22:17:21,12.5,0.0
2026-03-22 22:17:36,12.5,0.0
2026-03-22 22:17:51,12.5,0.0
2026-03-22 22:18:06,12.5,0.0
2026-03-22 22:18:21,12.5,0.0
2026-03-22 22:18:36,12.5,0.0
2026-03-22 22:18:51,12.5,0.0
2026-03-22 22:19:06,12.5,0.0
2026-03-22 22:19:21,12.5,0.0
2026-03-22 22:19:36,12.5,0.0
2026-03-22 22:19:51,12.5,0.0
2026-03-22 22:20:06,12.5,0.0
2026-03-22 22:20:21,12.5,0.0
2026-03-22 22:20:36,12.5,0.0
2026-03-22 22:20:51,12.5,0.0
2026-03-22 22:21:06,12.5,0.0
2026-03-22 22:21:21,12.5,0.0
2026-03-22 22:21:36,12.5,0.0
2026-03-22 22:21:51,12.5,0.0
2026-03-22 22:22:06,12.5,0.0
2026-03-22 22:22:21,12.5,0.0
2026-03-22 22:22:36,12.5,0.0
2026-03-22 22:22:51,12.5,0.0
2026-03-22 22:23:06,12.5,0.0
2026-03-22 22:23:21,12.5,0.0
2026-03-22 22:23:36,12.5,0.0
2026-03-22 22:23:51,12.5,0.0
2026-03-22 22:24:06,12.5,0.0
2026-03-22 22:24:21,12.5,0.0
2026-03-22 22:24:36,12.5,0.0
2026-03-22 22:24:51,12.5,0.0
2026-03-22 22:25:06,12.5,0.0
2026-03-22 22:25:21,12.5,0.0
2026-03-22 22:25:36,12.5,0.0
2026-03-22 22:25:51,12.5,0.0
2026-03-22 22:26:06,12.5,0.0
2026-03-22 22:26:21,12.5,0.0
2026-03-22 22:26:36,12.5,0.0
2026-03-22 22:26:51,12.5,0.0
2026-03-22 22:27:06,12.5,0.0
2026-03-22 22:27:21,12.5,0.0
2026-03-22 22:27:36,12.5,0.0
2026-03-22 22:27:51,12.5,0.0
2026-03-22 22:28:06,12.5,0.0
2026-03-22 22:28:21,12.5,0.0
2026-03-22 22:28:36,12.5,0.0
2026-03-22 22:28:51,12.5,0.0
2026-03-22 22:29:06,12.5,0.0
2026-03-22 22:29:21,12.5,0.0
2026-03-22 22:29:36,12.5,0.0
2026-03-22 22:29:51,12.5,0.0
2026-03-22 22:30:06,12.5,0.0
2026-03-22 22:30:21,12.5,0.0
2026-03-22 22:30:36,12.5,0.0
2026-03-22 22:30:51,12.5,0.0
2026-03-22 22:31:06,12.5,0.0
2026-03-22 22:31:21,12.5,0.0
2026-03-22 22:31:36,12.5,0.0
2026-03-22 22:31:51,12.5,0.0
2026-03-22 22:32:06,12.5,0.0
2026-03-22 22:32:21,12.5,0.0
2026-03-22 22:32:36,12.5,0.0
2026-03-22 22:32:51,12.5,0.0
2026-03-22 22:33:06,12.5,0.0
2026-03-22 22:33:21,12.5,0.0
2026-03-22 22:33:36,12.5,0.0
2026-03-22 22:33:51,12.5,0.0
2026-03-22 22:34:06,12.5,0.0
2026-03-22 22:34:21,12.5,0.0
2026-03-22 22:34:36,12.5,0.0
2026-03-22 22:34:51,12.5,0.0
2026-03-22 22:35:06,12.5,0.0
2026-03-22 22:35:21,12.5,0.0
2026-03-22 22:35:36,12.5,0.0
2026-03-22 22:35:51,12.5,0.0
2026-03-22 22:36:06,12.5,0.0
2026-03-22 22:36:21,12.5,0.0
2026-03-22 22:36:36,12.5,0.0
2026-03-22 22:36:51,12.5,0.0
2026-03-22 22:37:06,12.5,0.0
2026-03-22 22:37:21,12.5,0.0
2026-03-22 22:37:36,12.5,0.0
2026-03-22 22:37:51,12.5,0.0
2026-03-22 22:38:06,12.5,0.0
2026-03-22 22:38:21,12.5,0.0
2026-03-22 22:38:36,12.5,0.0
2026-03-22 22:38:51,12.5,0.0
2026-03-22 22:39:06,12.5,0.0
2026-03-22 22:39:21,12.5,0.0
2026-03-22 22:39:36,12.5,0.0
2026-03-22 22:39:51,12.5,0.0
2026-03-22 22:40:06,12.5,0.0
2026-03-22 22:40:21,12.5,0.0
2026-03-22 22:40:36,12.5,0.0
2026-03-22 22:40:51,12.5,0.0
2026-03-22 22:41:06,12.5,0.0
2026-03-22 22:41:21,12.5,0.0
2026-03-22 22:41:36,12.5,0.0
2026-03-22 22:41:51,12.5,0.0
2026-03-22 22:42:06,12.5,0.0
2026-03-22 22:42:21,12.5,0.0
2026-03-22 22:42:36,12.5,0.0
2026-03-22 22:42:51,12.5,0.0
2026-03-22 22:43:06,12.5,0.0
2026-03-22 22:43:21,12.5,0.0
2026-03-22 22:43:36,12.5,0.0
2026-03-22 22:43:51,12.5,0.0
2026-03-22 22:44:06,12.5,0.0
2026-03-22 22:44:21,12.5,0.0
2026-03-22 22:44:36,12.5,0.0
2026-03-22 22:44:51,12.5,0.0
2026-03-22 22:45:06,12.5,0.0
2026-03-22 22:45:21,12.5,0.0
2026-03-22 22:45:36,12.5,0.0
2026-03-22 22:45:51,12.5,0.0
2026-03-22 22:46:06,12.5,0.0
2026-03-22 22:46:21,12.5,0.0
2026-03-22 22:46:36,12.5,0.0
2026-03-22 22:46:51,12.5,0.0
2026-03-22 22:47:06,12.5,0.0
2026-03-22 22:47:21,12.5,0.0
2026-03-22 22:47:36,12.5,0.0
2026-03-22 22:47:51,12.5,0.0
2026-03-22 22:48:06,12.5,0.0
2026-03-22 22:48:21,12.5,0.0
2026-03-22 22:48:36,12.5,0.0
2026-03-22 22:48:51,12.5,0.0
2026-03-22 22:49:06,12.5,0.0
2026-03-22 22:49:21,12.5,0.0
2026-03-22 22:49:36,12.5,0.0
2026-03-22 22:49:51,12.5,0.0
2026-03-22 22:50:06,12.5,0.0
2026-03-22 22:50:21,12.5,0.0
2026-03-22 22:50:36,12.5,0.1697792869269949
2026-03-22 22:50:51,12.5,0.33726812816188867
2026-03-22 22:51:06,12.5,0.5025125628140703
2026-03-22 22:51:21,12.5,0.49916805324459235
2026-03-22 22:51:36,12.5,0.49916805324459235
2026-03-22 22:51:51,12.5,0.6611570247933884
2026-03-22 22:52:06,12.5,0.6568144499178982
2026-03-22 22:52:21,12.5,0.6568144499178982
2026-03-22 22:52:36,12.5,0.8156606851549755
2026-03-22 22:52:51,12.5,0.9724473257698543
2026-03-22 22:53:06,12.5,1.1272141706924315
2026-03-22 22:53:21,12.5,1.288244766505636
2026-03-22 22:53:36,12.5,1.44
2026-03-22 22:53:51,12.5,1.5898251192368837
2026-03-22 22:54:06,12.5,1.5898251192368837
2026-03-22 22:54:21,12.5,1.579778830963665
2026-03-22 22:54:36,12.5,1.5698587127158554
2026-03-22 22:54:51,12.5,1.5698587127158554
2026-03-22 22:55:06,12.5,1.5600624024960998
2026-03-22 22:55:21,12.5,1.550387596899225
2026-03-22 22:55:36,12.5,1.5408320493066257
2026-03-22 22:55:51,12.5,1.5408320493066257
2026-03-22 22:56:06,12.5,1.5313935681470139
2026-03-22 22:56:21,12.5,1.5220700152207
2026-03-22 22:56:36,12.5,1.5220700152207
2026-03-22 22:56:51,12.5,1.5128593040847202
2026-03-22 22:57:06,12.5,1.5037593984962405
2026-03-22 22:57:21,12.5,1.4947683109118086
2026-03-22 22:57:36,12.5,1.4947683109118086
2026-03-22 22:57:51,12.5,1.4858841010401187
