time,tcc_auto,tcc_empi
2026-02-18 00:00:00,100.0,100.0
2026-02-18 00:00:15,100.0,100.0
2026-02-18 00:00:30,100.0,100.0
2026-02-18 00:00:45,100.0,100.0
2026-02-18 00:01:00,100.0,100.0
2026-02-18 00:01:15,100.0,100.0
2026-02-18 00:01:30,100.0,100.0
2026-02-18 00:01:45,100.0,100.0
2026-02-18 00:02:00,100.0,100.0
2026-02-18 00:02:15,100.0,90.0
2026-02-18 00:02:30,100.0,81.81818181818183
2026-02-18 00:02:45,100.0,83.33333333333334
2026-02-18 00:03:00,87.5,84.61538461538461
2026-02-18 00:03:15,87.5,85.71428571428571
2026-02-18 00:03:30,87.5,80.0
2026-02-18 00:03:45,87.5,81.25
2026-02-18 00:04:00,87.5,82.35294117647058
2026-02-18 00:04:15,87.5,83.33333333333334
2026-02-18 00:04:30,87.5,84.21052631578947
2026-02-18 00:04:45,87.5,80.0
2026-02-18 00:05:00,87.5,80.95238095238095
2026-02-18 00:05:15,87.5,81.81818181818183
2026-02-18 00:05:30,87.5,82.6086956521739
2026-02-18 00:05:45,87.5,83.33333333333334
2026-02-18 00:06:00,87.5,84.0
2026-02-18 00:06:15,87.5,84.61538461538461
2026-02-18 00:06:30,100.0,85.18518518518519
2026-02-18 00:06:45,100.0,85.71428571428571
2026-02-18 00:07:00,100.0,86.20689655172413
2026-02-18 00:07:15,100.0,86.66666666666667
2026-02-18 00:07:30,100.0,87.09677419354838
2026-02-18 00:07:45,100.0,87.5
2026-02-18 00:08:00,100.0,87.87878787878788
2026-02-18 00:08:15,100.0,88.23529411764706
2026-02-18 00:08:30,100.0,88.57142857142857
2026-02-18 00:08:45,87.5,88.88888888888889
2026-02-18 00:09:00,100.0,89.1891891891892
2026-02-18 00:09:15,87.5,89.47368421052632
2026-02-18 00:09:30,87.5,89.74358974358975
2026-02-18 00:09:45,87.5,90.0
2026-02-18 00:10:00,87.5,90.2439024390244
2026-02-18 00:10:15,87.5,90.47619047619048
2026-02-18 00:10:30,87.5,90.69767441860465
2026-02-18 00:10:45,87.5,90.9090909090909
2026-02-18 00:11:00,87.5,91.11111111111111
2026-02-18 00:11:15,87.5,91.30434782608695
2026-02-18 00:11:30,87.5,91.48936170212765
2026-02-18 00:11:45,87.5,91.66666666666666
2026-02-18 00:12:00,87.5,91.83673469387756
2026-02-18 00:12:15,87.5,92.0
2026-02-18 00:12:30,87.5,92.15686274509804
2026-02-18 00:12:45,87.5,92.3076923076923
2026-02-18 00:13:00,87.5,92.45283018867924
2026-02-18 00:13:15,87.5,92.5925925925926
2026-02-18 00:13:30,87.5,92.72727272727272
2026-02-18 00:13:45,87.5,92.85714285714286
2026-02-18 00:14:00,87.5,92.98245614035088
2026-02-18 00:14:15,87.5,93.10344827586206
2026-02-18 00:14:30,87.5,93.22033898305084
2026-02-18 00:14:45,87.5,93.33333333333333
2026-02-18 00:15:00,87.5,93.44262295081968
2026-02-18 00:15:15,87.5,93.54838709677419
2026-02-18 00:15:30,87.5,93.65079365079364
2026-02-18 00:15:45,87.5,93.75
2026-02-18 00:16:00,87.5,93.84615384615384
2026-02-18 00:16:15,87.5,93.93939393939394
2026-02-18 00:16:30,87.5,94.02985074626866
2026-02-18 00:16:45,87.5,94.11764705882352
2026-02-18 00:17:00,87.5,92.7536231884058
2026-02-18 00:17:15,87.5,92.85714285714286
2026-02-18 00:17:30,87.5,92.95774647887323
2026-02-18 00:17:45,87.5,93.05555555555556
2026-02-18 00:18:00,87.5,91.78082191780823
2026-02-18 00:18:15,87.5,91.8918918918919
2026-02-18 00:18:30,87.5,92.0
2026-02-18 00:18:45,87.5,92.10526315789474
2026-02-18 00:19:00,87.5,92.20779220779221
2026-02-18 00:19:15,87.5,92.3076923076923
2026-02-18 00:19:30,87.5,92.40506329113924
2026-02-18 00:19:45,100.0,92.5
2026-02-18 00:20:00,100.0,92.5925925925926
2026-02-18 00:20:15,100.0,92.6829268292683
2026-02-18 00:20:30,100.0,92.7710843373494
2026-02-18 00:20:45,100.0,92.85714285714286
2026-02-18 00:21:00,100.0,92.94117647058823
2026-02-18 00:21:15,100.0,93.02325581395348
2026-02-18 00:21:30,100.0,93.10344827586206
2026-02-18 00:21:45,100.0,93.18181818181817
2026-02-18 00:22:00,100.0,93.25842696629213
2026-02-18 00:22:15,100.0,93.33333333333333
2026-02-18 00:22:30,100.0,93.4065934065934
2026-02-18 00:22:45,100.0,93.47826086956522
2026-02-18 00:23:00,100.0,93.54838709677419
2026-02-18 00:23:15,100.0,93.61702127659575
2026-02-18 00:23:30,100.0,93.6842105263158
2026-02-18 00:23:45,100.0,93.75
2026-02-18 00:24:00,100.0,93.81443298969072
2026-02-18 00:24:15,100.0,93.87755102040816
2026-02-18 00:24:30,100.0,92.92929292929293
2026-02-18 00:24:45,100.0,92.0
2026-02-18 00:25:00,87.5,91.0891089108911
2026-02-18 00:25:15,87.5,90.19607843137256
2026-02-18 00:25:30,87.5,90.29126213592234
2026-02-18 00:25:45,87.5,90.38461538461539
2026-02-18 00:26:00,87.5,89.52380952380953
2026-02-18 00:26:15,87.5,88.67924528301887
2026-02-18 00:26:30,87.5,88.78504672897196
2026-02-18 00:26:45,87.5,88.88888888888889
2026-02-18 00:27:00,87.5,88.9908256880734
2026-02-18 00:27:15,87.5,89.0909090909091
2026-02-18 00:27:30,87.5,89.1891891891892
2026-02-18 00:27:45,87.5,89.28571428571429
2026-02-18 00:28:00,87.5,89.38053097345133
2026-02-18 00:28:15,87.5,89.47368421052632
2026-02-18 00:28:30,100.0,89.56521739130436
2026-02-18 00:28:45,100.0,89.65517241379311
2026-02-18 00:29:00,100.0,89.74358974358975
2026-02-18 00:29:15,100.0,89.83050847457628
2026-02-18 00:29:30,100.0,89.91596638655463
2026-02-18 00:29:45,100.0,90.0
2026-02-18 00:30:00,100.0,90.08264462809917
2026-02-18 00:30:15,100.0,90.1639344262295
2026-02-18 00:30:30,100.0,90.2439024390244
2026-02-18 00:30:45,100.0,90.32258064516128
2026-02-18 00:31:00,100.0,90.4
2026-02-18 00:31:15,100.0,90.47619047619048
2026-02-18 00:31:30,100.0,90.5511811023622
2026-02-18 00:31:45,100.0,90.625
2026-02-18 00:32:00,100.0,90.69767441860465
2026-02-18 00:32:15,100.0,90.76923076923077
2026-02-18 00:32:30,100.0,90.83969465648855
2026-02-18 00:32:45,100.0,90.9090909090909
2026-02-18 00:33:00,100.0,90.97744360902256
2026-02-18 00:33:15,100.0,90.97744360902256
2026-02-18 00:33:30,100.0,90.97744360902256
2026-02-18 00:33:45,100.0,90.97744360902256
2026-02-18 00:34:00,100.0,90.97744360902256
2026-02-18 00:34:15,100.0,90.97744360902256
2026-02-18 00:34:30,100.0,90.97744360902256
2026-02-18 00:34:45,100.0,90.97744360902256
2026-02-18 00:35:00,100.0,90.97744360902256
2026-02-18 00:35:15,100.0,90.97744360902256
2026-02-18 00:35:30,100.0,91.72932330827066
2026-02-18 00:35:45,100.0,92.4812030075188
2026-02-18 00:36:00,100.0,92.4812030075188
2026-02-18 00:36:15,100.0,92.4812030075188
2026-02-18 00:36:30,100.0,92.4812030075188
2026-02-18 00:36:45,100.0,93.23308270676691
2026-02-18 00:37:00,100.0,93.23308270676691
2026-02-18 00:37:15,100.0,93.23308270676691
2026-02-18 00:37:30,100.0,93.23308270676691
2026-02-18 00:37:45,100.0,93.23308270676691
2026-02-18 00:38:00,100.0,93.7984496124031
2026-02-18 00:38:15,100.0,93.7984496124031
2026-02-18 00:38:30,100.0,93.7984496124031
2026-02-18 00:38:45,100.0,93.7984496124031
2026-02-18 00:39:00,100.0,93.7984496124031
2026-02-18 00:39:15,100.0,93.7984496124031
2026-02-18 00:39:30,100.0,93.7984496124031
2026-02-18 00:39:45,100.0,93.7984496124031
2026-02-18 00:40:00,100.0,93.7984496124031
2026-02-18 00:40:15,100.0,93.7984496124031
2026-02-18 00:40:30,100.0,93.7984496124031
2026-02-18 00:40:45,100.0,93.7984496124031
2026-02-18 00:41:00,100.0,93.7984496124031
2026-02-18 00:41:15,100.0,93.7984496124031
2026-02-18 00:41:30,100.0,93.7984496124031
2026-02-18 00:41:45,100.0,93.7984496124031
2026-02-18 00:42:00,100.0,93.7984496124031
2026-02-18 00:42:15,100.0,93.7984496124031
2026-02-18 00:42:30,100.0,93.7984496124031
2026-02-18 00:42:45,100.0,93.7984496124031
2026-02-18 00:43:00,100.0,93.7984496124031
2026-02-18 00:43:15,100.0,93.7984496124031
2026-02-18 00:43:30,100.0,93.7984496124031
2026-02-18 00:43:45,100.0,93.7984496124031
2026-02-18 00:44:00,100.0,93.7984496124031
2026-02-18 00:44:15,100.0,93.7984496124031
2026-02-18 00:44:30,100.0,93.7984496124031
2026-02-18 00:44:45,100.0,93.7984496124031
2026-02-18 00:45:00,100.0,93.7984496124031
2026-02-18 00:45:15,100.0,93.7984496124031
2026-02-18 00:45:30,100.0,93.7984496124031
2026-02-18 00:45:45,100.0,93.7984496124031
2026-02-18 00:46:00,100.0,93.7984496124031
2026-02-18 00:46:15,100.0,93.7984496124031
2026-02-18 00:46:30,100.0,93.7984496124031
2026-02-18 00:46:45,100.0,93.7984496124031
2026-02-18 00:47:00,100.0,93.7984496124031
2026-02-18 00:47:15,100.0,93.7984496124031
2026-02-18 00:47:30,100.0,93.7984496124031
2026-02-18 00:47:45,100.0,93.7984496124031
2026-02-18 00:48:00,100.0,93.7984496124031
2026-02-18 00:48:15,100.0,93.7984496124031
2026-02-18 00:48:30,100.0,93.7984496124031
2026-02-18 00:48:45,100.0,93.7984496124031
2026-02-18 00:49:00,100.0,93.7984496124031
2026-02-18 00:49:15,100.0,94.57364341085271
2026-02-18 00:49:30,100.0,94.57364341085271
2026-02-18 00:49:45,100.0,94.57364341085271
2026-02-18 00:50:00,100.0,94.57364341085271
2026-02-18 00:50:15,100.0,95.34883720930233
2026-02-18 00:50:30,100.0,95.34883720930233
2026-02-18 00:50:45,100.0,95.34883720930233
2026-02-18 00:51:00,100.0,95.34883720930233
2026-02-18 00:51:15,100.0,95.34883720930233
2026-02-18 00:51:30,100.0,95.34883720930233
2026-02-18 00:51:45,100.0,95.34883720930233
2026-02-18 00:52:00,100.0,95.34883720930233
2026-02-18 00:52:15,100.0,95.34883720930233
2026-02-18 00:52:30,100.0,95.34883720930233
2026-02-18 00:52:45,100.0,95.34883720930233
2026-02-18 00:53:00,100.0,95.34883720930233
2026-02-18 00:53:15,100.0,95.34883720930233
2026-02-18 00:53:30,100.0,95.34883720930233
2026-02-18 00:53:45,100.0,95.34883720930233
2026-02-18 00:54:00,100.0,95.34883720930233
2026-02-18 00:54:15,100.0,95.34883720930233
2026-02-18 00:54:30,100.0,95.34883720930233
2026-02-18 00:54:45,100.0,95.34883720930233
2026-02-18 00:55:00,100.0,95.34883720930233
2026-02-18 00:55:15,87.5,94.57364341085271
2026-02-18 00:55:30,87.5,94.57364341085271
2026-02-18 00:55:45,87.5,94.57364341085271
2026-02-18 00:56:00,87.5,94.57364341085271
2026-02-18 00:56:15,87.5,94.57364341085271
2026-02-18 00:56:30,87.5,94.57364341085271
2026-02-18 00:56:45,87.5,95.34883720930233
2026-02-18 00:57:00,87.5,96.12403100775194
2026-02-18 00:57:15,87.5,96.89922480620154
2026-02-18 00:57:30,87.5,97.67441860465115
2026-02-18 00:57:45,100.0,97.67441860465115
2026-02-18 00:58:00,87.5,97.67441860465115
2026-02-18 00:58:15,87.5,98.44961240310077
2026-02-18 00:58:30,87.5,99.2248062015504
2026-02-18 00:58:45,100.0,99.2248062015504
2026-02-18 00:59:00,87.5,99.2248062015504
2026-02-18 00:59:15,100.0,99.2248062015504
2026-02-18 00:59:30,100.0,99.2248062015504
2026-02-18 00:59:45,100.0,99.2248062015504
2026-02-18 01:00:00,100.0,99.2248062015504
2026-02-18 01:00:15,100.0,99.2248062015504
2026-02-18 01:00:30,100.0,99.2248062015504
2026-02-18 01:00:45,100.0,99.2248062015504
2026-02-18 01:01:00,100.0,99.2
2026-02-18 01:01:15,100.0,99.2
2026-02-18 01:01:30,100.0,99.2
2026-02-18 01:01:45,100.0,99.2
2026-02-18 01:02:00,100.0,99.2
2026-02-18 01:02:15,100.0,99.2
2026-02-18 01:02:30,100.0,99.2
2026-02-18 01:02:45,100.0,99.2
2026-02-18 01:03:00,100.0,99.2
2026-02-18 01:03:15,100.0,99.2
2026-02-18 01:03:30,100.0,99.2
2026-02-18 01:03:45,100.0,99.2
2026-02-18 01:04:00,100.0,99.2
2026-02-18 01:04:15,100.0,99.2
2026-02-18 01:04:30,100.0,99.2
2026-02-18 01:04:45,100.0,99.2
2026-02-18 01:05:00,100.0,99.2
2026-02-18 01:05:15,100.0,99.2
2026-02-18 01:05:30,100.0,99.2
2026-02-18 01:05:45,100.0,99.2
2026-02-18 01:06:00,100.0,99.2
2026-02-18 01:06:15,100.0,99.2
2026-02-18 01:06:30,100.0,99.2
2026-02-18 01:06:45,100.0,99.2
2026-02-18 01:07:00,100.0,99.2
2026-02-18 01:07:15,100.0,99.2
2026-02-18 01:07:30,100.0,99.2
2026-02-18 01:07:45,100.0,99.2
2026-02-18 01:08:00,100.0,99.2
2026-02-18 01:08:15,100.0,99.2
2026-02-18 01:08:30,100.0,99.2
2026-02-18 01:08:45,100.0,98.4
2026-02-18 01:09:00,100.0,97.6
2026-02-18 01:09:15,100.0,96.8
2026-02-18 01:09:30,100.0,96.8
2026-02-18 01:09:45,100.0,96.8
2026-02-18 01:10:00,100.0,96.8
2026-02-18 01:10:15,87.5,96.8
2026-02-18 01:10:30,87.5,96.8
2026-02-18 01:10:45,87.5,96.8
2026-02-18 01:11:00,87.5,96.8
2026-02-18 01:11:15,87.5,96.8
2026-02-18 01:11:30,87.5,96.8
2026-02-18 01:11:45,87.5,96.0
2026-02-18 01:12:00,87.5,96.0
2026-02-18 01:12:15,87.5,96.0
2026-02-18 01:12:30,87.5,96.0
2026-02-18 01:12:45,100.0,96.0
2026-02-18 01:13:00,100.0,96.0
2026-02-18 01:13:15,100.0,96.0
2026-02-18 01:13:30,100.0,96.0
2026-02-18 01:13:45,100.0,96.0
2026-02-18 01:14:00,100.0,96.0
2026-02-18 01:14:15,100.0,96.0
2026-02-18 01:14:30,100.0,96.0
2026-02-18 01:14:45,100.0,96.0
2026-02-18 01:15:00,100.0,96.0
2026-02-18 01:15:15,100.0,96.0
2026-02-18 01:15:30,100.0,96.0
2026-02-18 01:15:45,100.0,96.0
2026-02-18 01:16:00,100.0,96.0
2026-02-18 01:16:15,100.0,96.0
2026-02-18 01:16:30,100.0,96.0
2026-02-18 01:16:45,100.0,96.0
2026-02-18 01:17:00,100.0,96.0
2026-02-18 01:17:15,100.0,96.0
2026-02-18 01:17:30,100.0,96.0
2026-02-18 01:17:45,100.0,96.0
2026-02-18 01:18:00,100.0,96.0
2026-02-18 01:18:15,100.0,96.0
2026-02-18 01:18:30,100.0,96.0
2026-02-18 01:18:45,100.0,96.0
2026-02-18 01:19:00,100.0,96.0
2026-02-18 01:19:15,100.0,96.0
2026-02-18 01:19:30,100.0,96.0
2026-02-18 01:19:45,100.0,96.0
2026-02-18 01:20:00,100.0,96.0
2026-02-18 01:20:15,100.0,96.0
2026-02-18 01:20:30,100.0,96.0
2026-02-18 01:20:45,100.0,96.0
2026-02-18 01:21:00,100.0,96.0
2026-02-18 01:21:15,100.0,96.0
2026-02-18 01:21:30,100.0,95.19999999999999
2026-02-18 01:21:45,100.0,94.39999999999999
2026-02-18 01:22:00,100.0,93.60000000000001
2026-02-18 01:22:15,100.0,92.80000000000001
2026-02-18 01:22:30,100.0,92.80000000000001
2026-02-18 01:22:45,100.0,92.80000000000001
2026-02-18 01:23:00,100.0,92.80000000000001
2026-02-18 01:23:15,100.0,92.80000000000001
2026-02-18 01:23:30,100.0,92.80000000000001
2026-02-18 01:23:45,100.0,92.80000000000001
2026-02-18 01:24:00,100.0,92.56198347107438
2026-02-18 01:24:15,100.0,92.56198347107438
2026-02-18 01:24:30,100.0,92.56198347107438
2026-02-18 01:24:45,100.0,92.56198347107438
2026-02-18 01:25:00,100.0,92.56198347107438
2026-02-18 01:25:15,100.0,92.56198347107438
2026-02-18 01:25:30,100.0,93.38842975206612
2026-02-18 01:25:45,100.0,93.38842975206612
2026-02-18 01:26:00,100.0,93.38842975206612
2026-02-18 01:26:15,100.0,93.38842975206612
2026-02-18 01:26:30,100.0,93.38842975206612
2026-02-18 01:26:45,100.0,93.38842975206612
2026-02-18 01:27:00,100.0,93.38842975206612
2026-02-18 01:27:15,100.0,93.38842975206612
2026-02-18 01:27:30,100.0,93.38842975206612
2026-02-18 01:27:45,100.0,93.38842975206612
2026-02-18 01:28:00,100.0,93.38842975206612
2026-02-18 01:28:15,100.0,93.38842975206612
2026-02-18 01:28:30,100.0,93.38842975206612
2026-02-18 01:28:45,100.0,93.38842975206612
2026-02-18 01:29:00,100.0,93.38842975206612
2026-02-18 01:29:15,100.0,93.38842975206612
2026-02-18 01:29:30,100.0,93.38842975206612
2026-02-18 01:29:45,100.0,93.38842975206612
2026-02-18 01:30:00,100.0,93.38842975206612
2026-02-18 01:30:15,100.0,93.38842975206612
2026-02-18 01:30:30,100.0,93.38842975206612
2026-02-18 01:30:45,100.0,93.38842975206612
2026-02-18 01:31:00,100.0,93.38842975206612
2026-02-18 01:31:15,100.0,93.38842975206612
2026-02-18 01:31:30,100.0,93.38842975206612
2026-02-18 01:31:45,100.0,93.38842975206612
2026-02-18 01:32:00,100.0,93.38842975206612
2026-02-18 01:32:15,100.0,93.38842975206612
2026-02-18 01:32:30,100.0,93.38842975206612
2026-02-18 01:32:45,100.0,93.38842975206612
2026-02-18 01:33:00,100.0,93.38842975206612
2026-02-18 01:33:15,100.0,93.38842975206612
2026-02-18 01:33:30,100.0,93.38842975206612
2026-02-18 01:33:45,100.0,93.38842975206612
2026-02-18 01:34:00,100.0,93.38842975206612
2026-02-18 01:34:15,100.0,93.38842975206612
2026-02-18 01:34:30,100.0,93.38842975206612
2026-02-18 01:34:45,100.0,93.38842975206612
2026-02-18 01:35:00,100.0,93.38842975206612
2026-02-18 01:35:15,100.0,93.38842975206612
2026-02-18 01:35:30,100.0,93.38842975206612
2026-02-18 01:35:45,100.0,93.38842975206612
2026-02-18 01:36:00,100.0,93.38842975206612
2026-02-18 01:36:15,100.0,93.38842975206612
2026-02-18 01:36:30,100.0,93.38842975206612
2026-02-18 01:36:45,100.0,93.38842975206612
2026-02-18 01:37:00,100.0,93.38842975206612
2026-02-18 01:37:15,100.0,93.38842975206612
2026-02-18 01:37:30,100.0,93.38842975206612
2026-02-18 01:37:45,100.0,93.38842975206612
2026-02-18 01:38:00,100.0,93.38842975206612
2026-02-18 01:38:15,100.0,93.38842975206612
2026-02-18 01:38:30,100.0,93.38842975206612
2026-02-18 01:38:45,100.0,93.38842975206612
2026-02-18 01:39:00,100.0,94.21487603305785
2026-02-18 01:39:15,100.0,95.0413223140496
2026-02-18 01:39:30,100.0,95.86776859504133
2026-02-18 01:39:45,100.0,95.86776859504133
2026-02-18 01:40:00,100.0,95.86776859504133
2026-02-18 01:40:15,100.0,95.86776859504133
2026-02-18 01:40:30,100.0,95.86776859504133
2026-02-18 01:40:45,100.0,95.86776859504133
2026-02-18 01:41:00,100.0,95.86776859504133
2026-02-18 01:41:15,100.0,95.86776859504133
2026-02-18 01:41:30,100.0,95.86776859504133
2026-02-18 01:41:45,100.0,95.86776859504133
2026-02-18 01:42:00,100.0,96.69421487603306
2026-02-18 01:42:15,100.0,96.69421487603306
2026-02-18 01:42:30,100.0,96.69421487603306
2026-02-18 01:42:45,100.0,96.69421487603306
2026-02-18 01:43:00,100.0,96.69421487603306
2026-02-18 01:43:15,100.0,96.69421487603306
2026-02-18 01:43:30,100.0,96.69421487603306
2026-02-18 01:43:45,100.0,96.69421487603306
2026-02-18 01:44:00,100.0,96.69421487603306
2026-02-18 01:44:15,100.0,96.69421487603306
2026-02-18 01:44:30,100.0,96.69421487603306
2026-02-18 01:44:45,100.0,96.69421487603306
2026-02-18 01:45:00,100.0,96.69421487603306
2026-02-18 01:45:15,100.0,96.69421487603306
2026-02-18 01:45:30,100.0,95.86776859504133
2026-02-18 01:45:45,100.0,95.86776859504133
2026-02-18 01:46:00,100.0,95.86776859504133
2026-02-18 01:46:15,100.0,95.86776859504133
2026-02-18 01:46:30,100.0,95.86776859504133
2026-02-18 01:46:45,100.0,95.86776859504133
2026-02-18 01:47:00,100.0,95.72649572649573
2026-02-18 01:47:15,100.0,95.72649572649573
2026-02-18 01:47:30,100.0,95.72649572649573
2026-02-18 01:47:45,100.0,95.72649572649573
2026-02-18 01:48:00,100.0,95.72649572649573
2026-02-18 01:48:15,100.0,95.72649572649573
2026-02-18 01:48:30,100.0,95.72649572649573
2026-02-18 01:48:45,100.0,95.72649572649573
2026-02-18 01:49:00,100.0,95.72649572649573
2026-02-18 01:49:15,100.0,95.72649572649573
2026-02-18 01:49:30,100.0,95.72649572649573
2026-02-18 01:49:45,100.0,95.72649572649573
2026-02-18 01:50:00,100.0,95.72649572649573
2026-02-18 01:50:15,100.0,95.72649572649573
2026-02-18 01:50:30,100.0,95.72649572649573
2026-02-18 01:50:45,100.0,96.58119658119658
2026-02-18 01:51:00,100.0,97.43589743589743
2026-02-18 01:51:15,100.0,98.29059829059828
2026-02-18 01:51:30,100.0,99.14529914529915
2026-02-18 01:51:45,100.0,99.14529914529915
2026-02-18 01:52:00,100.0,99.14529914529915
2026-02-18 01:52:15,100.0,99.14529914529915
2026-02-18 01:52:30,100.0,99.14529914529915
2026-02-18 01:52:45,100.0,99.14529914529915
2026-02-18 01:53:00,100.0,99.14529914529915
2026-02-18 01:53:15,100.0,99.14529914529915
2026-02-18 01:53:30,100.0,99.14529914529915
2026-02-18 01:53:45,100.0,99.14529914529915
2026-02-18 01:54:00,100.0,99.14529914529915
2026-02-18 01:54:15,100.0,99.14529914529915
2026-02-18 01:54:30,100.0,99.14529914529915
2026-02-18 01:54:45,100.0,99.14529914529915
2026-02-18 01:55:00,100.0,99.14529914529915
2026-02-18 01:55:15,100.0,99.14529914529915
2026-02-18 01:55:30,100.0,99.14529914529915
2026-02-18 01:55:45,100.0,99.14529914529915
2026-02-18 01:56:00,100.0,99.14529914529915
2026-02-18 01:56:15,100.0,99.14529914529915
2026-02-18 01:56:30,100.0,99.14529914529915
2026-02-18 01:56:45,100.0,99.14529914529915
2026-02-18 01:57:00,100.0,99.14529914529915
2026-02-18 01:57:15,100.0,99.14529914529915
2026-02-18 01:57:30,100.0,99.14529914529915
2026-02-18 01:57:45,100.0,99.14529914529915
2026-02-18 01:58:00,100.0,99.14529914529915
2026-02-18 01:58:15,100.0,99.14529914529915
2026-02-18 01:58:30,100.0,99.14529914529915
2026-02-18 01:58:45,100.0,99.14529914529915
2026-02-18 01:59:00,100.0,99.14529914529915
2026-02-18 01:59:15,100.0,99.14529914529915
2026-02-18 01:59:30,100.0,99.14529914529915
2026-02-18 01:59:45,100.0,99.14529914529915
2026-02-18 02:00:00,100.0,99.14529914529915
2026-02-18 02:00:15,100.0,99.14529914529915
2026-02-18 02:00:30,100.0,99.14529914529915
2026-02-18 02:00:45,100.0,99.14529914529915
2026-02-18 02:01:00,100.0,99.14529914529915
2026-02-18 02:01:15,100.0,99.14529914529915
2026-02-18 02:01:30,100.0,99.14529914529915
2026-02-18 02:01:45,100.0,99.14529914529915
2026-02-18 02:02:00,100.0,99.14529914529915
2026-02-18 02:02:15,100.0,99.14529914529915
2026-02-18 02:02:30,100.0,99.14529914529915
2026-02-18 02:02:45,100.0,99.14529914529915
2026-02-18 02:03:00,100.0,99.14529914529915
2026-02-18 02:03:15,100.0,99.14529914529915
2026-02-18 02:03:30,100.0,99.14529914529915
2026-02-18 02:03:45,100.0,99.14529914529915
2026-02-18 02:04:00,100.0,99.14529914529915
2026-02-18 02:04:15,100.0,99.14529914529915
2026-02-18 02:04:30,100.0,99.14529914529915
2026-02-18 02:04:45,100.0,99.14529914529915
2026-02-18 02:05:00,100.0,99.14529914529915
2026-02-18 02:05:15,100.0,99.14529914529915
2026-02-18 02:05:30,100.0,99.14529914529915
2026-02-18 02:05:45,100.0,99.14529914529915
2026-02-18 02:06:00,100.0,99.14529914529915
2026-02-18 02:06:15,100.0,99.14529914529915
2026-02-18 02:06:30,100.0,99.14529914529915
2026-02-18 02:06:45,100.0,99.14529914529915
2026-02-18 02:07:00,100.0,99.14529914529915
2026-02-18 02:07:15,100.0,99.14529914529915
2026-02-18 02:07:30,100.0,99.14529914529915
2026-02-18 02:07:45,100.0,99.14529914529915
2026-02-18 02:08:00,100.0,99.14529914529915
2026-02-18 02:08:15,100.0,99.14529914529915
2026-02-18 02:08:30,100.0,99.14529914529915
2026-02-18 02:08:45,100.0,99.14529914529915
2026-02-18 02:09:00,100.0,99.14529914529915
2026-02-18 02:09:15,100.0,99.14529914529915
2026-02-18 02:09:30,100.0,99.14529914529915
2026-02-18 02:09:45,100.0,99.11504424778761
2026-02-18 02:10:00,100.0,99.11504424778761
2026-02-18 02:10:15,100.0,99.11504424778761
2026-02-18 02:10:30,100.0,99.11504424778761
2026-02-18 02:10:45,100.0,99.11504424778761
2026-02-18 02:11:00,100.0,99.11504424778761
2026-02-18 02:11:15,100.0,99.11504424778761
2026-02-18 02:11:30,87.5,99.11504424778761
2026-02-18 02:11:45,87.5,99.11504424778761
2026-02-18 02:12:00,87.5,99.11504424778761
2026-02-18 02:12:15,87.5,99.11504424778761
2026-02-18 02:12:30,87.5,99.11504424778761
2026-02-18 02:12:45,87.5,99.11504424778761
2026-02-18 02:13:00,87.5,99.11504424778761
2026-02-18 02:13:15,87.5,99.11504424778761
2026-02-18 02:13:30,87.5,99.11504424778761
2026-02-18 02:13:45,87.5,100.0
2026-02-18 02:14:00,87.5,100.0
2026-02-18 02:14:15,87.5,100.0
2026-02-18 02:14:30,87.5,100.0
2026-02-18 02:14:45,87.5,100.0
2026-02-18 02:15:00,87.5,100.0
2026-02-18 02:15:15,87.5,100.0
2026-02-18 02:15:30,100.0,100.0
2026-02-18 02:15:45,100.0,100.0
2026-02-18 02:16:00,100.0,100.0
2026-02-18 02:16:15,87.5,100.0
2026-02-18 02:16:30,100.0,100.0
2026-02-18 02:16:45,100.0,100.0
2026-02-18 02:17:00,100.0,100.0
2026-02-18 02:17:15,100.0,100.0
2026-02-18 02:17:30,100.0,100.0
2026-02-18 02:17:45,100.0,100.0
2026-02-18 02:18:00,100.0,100.0
2026-02-18 02:18:15,100.0,100.0
2026-02-18 02:18:30,100.0,100.0
2026-02-18 02:18:45,100.0,100.0
2026-02-18 02:19:00,100.0,100.0
2026-02-18 02:19:15,100.0,100.0
2026-02-18 02:19:30,100.0,100.0
2026-02-18 02:19:45,100.0,100.0
2026-02-18 02:20:00,100.0,100.0
2026-02-18 02:20:15,100.0,100.0
2026-02-18 02:20:30,100.0,100.0
2026-02-18 02:20:45,100.0,100.0
2026-02-18 02:21:00,100.0,100.0
2026-02-18 02:21:15,100.0,100.0
2026-02-18 02:21:30,100.0,100.0
2026-02-18 02:21:45,100.0,100.0
2026-02-18 02:22:00,100.0,100.0
2026-02-18 02:22:15,100.0,100.0
2026-02-18 02:22:30,100.0,100.0
2026-02-18 02:22:45,100.0,100.0
2026-02-18 02:23:00,100.0,100.0
2026-02-18 02:23:15,100.0,100.0
2026-02-18 02:23:30,100.0,100.0
2026-02-18 02:23:45,100.0,100.0
2026-02-18 02:24:00,100.0,100.0
2026-02-18 02:24:15,100.0,100.0
2026-02-18 02:24:30,100.0,100.0
2026-02-18 02:24:45,100.0,100.0
2026-02-18 02:25:00,100.0,100.0
2026-02-18 02:25:15,100.0,100.0
2026-02-18 02:25:30,100.0,100.0
2026-02-18 02:25:45,100.0,100.0
2026-02-18 02:26:00,100.0,100.0
2026-02-18 02:26:15,100.0,100.0
2026-02-18 02:26:30,100.0,100.0
2026-02-18 02:26:45,100.0,100.0
2026-02-18 02:27:00,100.0,100.0
2026-02-18 02:27:15,100.0,100.0
2026-02-18 02:27:30,100.0,100.0
2026-02-18 02:27:45,100.0,100.0
2026-02-18 02:28:00,100.0,100.0
2026-02-18 02:28:15,100.0,100.0
2026-02-18 02:28:30,100.0,100.0
2026-02-18 02:28:45,100.0,100.0
2026-02-18 02:29:00,100.0,100.0
2026-02-18 02:29:15,100.0,100.0
2026-02-18 02:29:30,100.0,100.0
2026-02-18 02:29:45,100.0,100.0
2026-02-18 02:30:00,100.0,100.0
2026-02-18 02:30:15,100.0,100.0
2026-02-18 02:30:30,100.0,100.0
2026-02-18 02:30:45,100.0,100.0
2026-02-18 02:31:00,100.0,100.0
2026-02-18 02:31:15,100.0,100.0
2026-02-18 02:31:30,100.0,100.0
2026-02-18 02:31:45,100.0,100.0
2026-02-18 02:32:00,100.0,100.0
2026-02-18 02:32:15,100.0,100.0
2026-02-18 02:32:30,100.0,100.0
2026-02-18 02:32:45,100.0,100.0
2026-02-18 02:33:00,100.0,100.0
2026-02-18 02:33:15,100.0,100.0
2026-02-18 02:33:30,100.0,100.0
2026-02-18 02:33:45,100.0,100.0
2026-02-18 02:34:00,100.0,100.0
2026-02-18 02:34:15,100.0,100.0
2026-02-18 02:34:30,100.0,100.0
2026-02-18 02:34:45,100.0,100.0
2026-02-18 02:35:00,100.0,100.0
2026-02-18 02:35:15,100.0,100.0
2026-02-18 02:35:30,100.0,100.0
2026-02-18 02:35:45,100.0,100.0
2026-02-18 02:36:00,100.0,100.0
2026-02-18 02:36:15,100.0,100.0
2026-02-18 02:36:30,100.0,100.0
2026-02-18 02:36:45,100.0,100.0
2026-02-18 02:37:00,100.0,100.0
2026-02-18 02:37:15,100.0,100.0
2026-02-18 02:37:30,100.0,100.0
2026-02-18 02:37:45,100.0,100.0
2026-02-18 02:38:00,100.0,100.0
2026-02-18 02:38:15,100.0,100.0
2026-02-18 02:38:30,100.0,100.0
2026-02-18 02:38:45,100.0,100.0
2026-02-18 02:39:00,100.0,100.0
2026-02-18 02:39:15,100.0,100.0
2026-02-18 02:39:30,100.0,100.0
2026-02-18 02:39:45,100.0,100.0
2026-02-18 02:40:00,100.0,100.0
2026-02-18 02:40:15,100.0,100.0
2026-02-18 02:40:30,100.0,100.0
2026-02-18 02:40:45,100.0,100.0
2026-02-18 02:41:00,100.0,100.0
2026-02-18 02:41:15,100.0,100.0
2026-02-18 02:41:30,100.0,100.0
2026-02-18 02:41:45,100.0,100.0
2026-02-18 02:42:00,100.0,100.0
2026-02-18 02:42:15,100.0,100.0
2026-02-18 02:42:30,100.0,100.0
2026-02-18 02:42:45,100.0,100.0
2026-02-18 02:43:00,100.0,100.0
2026-02-18 02:43:15,100.0,100.0
2026-02-18 02:43:30,100.0,100.0
2026-02-18 02:43:45,100.0,100.0
2026-02-18 02:44:00,100.0,100.0
2026-02-18 02:44:15,100.0,100.0
2026-02-18 02:44:30,100.0,100.0
2026-02-18 02:44:45,100.0,100.0
2026-02-18 02:45:00,100.0,100.0
2026-02-18 02:45:15,100.0,100.0
2026-02-18 02:45:30,100.0,100.0
2026-02-18 02:45:45,100.0,100.0
2026-02-18 02:46:00,100.0,100.0
2026-02-18 02:46:15,100.0,100.0
2026-02-18 02:46:30,100.0,100.0
2026-02-18 02:46:45,100.0,100.0
2026-02-18 02:47:00,100.0,100.0
2026-02-18 02:47:15,100.0,100.0
2026-02-18 02:47:30,100.0,100.0
2026-02-18 02:47:45,100.0,100.0
2026-02-18 02:48:00,100.0,100.0
2026-02-18 02:48:15,100.0,100.0
2026-02-18 02:48:30,100.0,100.0
2026-02-18 02:48:45,100.0,100.0
2026-02-18 02:49:00,100.0,100.0
2026-02-18 02:49:15,100.0,100.0
2026-02-18 02:49:30,100.0,100.0
2026-02-18 02:49:45,100.0,100.0
2026-02-18 02:50:00,100.0,100.0
2026-02-18 02:50:15,100.0,100.0
2026-02-18 02:50:30,100.0,100.0
2026-02-18 02:50:45,100.0,100.0
2026-02-18 02:51:00,100.0,100.0
2026-02-18 02:51:15,100.0,100.0
2026-02-18 02:51:30,100.0,100.0
2026-02-18 02:51:45,100.0,100.0
2026-02-18 02:52:00,100.0,100.0
2026-02-18 02:52:15,100.0,100.0
2026-02-18 02:52:30,100.0,100.0
2026-02-18 02:52:45,100.0,100.0
2026-02-18 02:53:00,100.0,100.0
2026-02-18 02:53:15,100.0,100.0
2026-02-18 02:53:30,100.0,100.0
2026-02-18 02:53:45,100.0,100.0
2026-02-18 02:54:00,100.0,100.0
2026-02-18 02:54:15,100.0,100.0
2026-02-18 02:54:30,100.0,100.0
2026-02-18 02:54:45,100.0,100.0
2026-02-18 02:55:00,100.0,100.0
2026-02-18 02:55:15,100.0,100.0
2026-02-18 02:55:30,100.0,100.0
2026-02-18 02:55:45,100.0,100.0
2026-02-18 02:56:00,100.0,100.0
2026-02-18 02:56:15,100.0,100.0
2026-02-18 02:56:30,100.0,100.0
2026-02-18 02:56:45,100.0,100.0
2026-02-18 02:57:00,100.0,100.0
2026-02-18 02:57:15,100.0,100.0
2026-02-18 02:57:30,100.0,100.0
2026-02-18 02:57:45,100.0,100.0
2026-02-18 02:58:00,100.0,100.0
2026-02-18 02:58:15,100.0,100.0
2026-02-18 02:58:30,100.0,100.0
2026-02-18 02:58:45,100.0,100.0
2026-02-18 02:59:00,100.0,100.0
2026-02-18 02:59:15,100.0,100.0
2026-02-18 02:59:30,100.0,100.0
2026-02-18 02:59:45,100.0,100.0
2026-02-18 03:00:00,100.0,100.0
2026-02-18 03:00:15,100.0,100.0
2026-02-18 03:00:30,100.0,100.0
2026-02-18 03:00:45,100.0,100.0
2026-02-18 03:01:00,100.0,100.0
2026-02-18 03:01:15,100.0,100.0
2026-02-18 03:01:30,100.0,100.0
2026-02-18 03:01:45,100.0,100.0
2026-02-18 03:02:00,100.0,100.0
2026-02-18 03:02:15,100.0,100.0
2026-02-18 03:02:30,100.0,100.0
2026-02-18 03:02:45,100.0,100.0
2026-02-18 03:03:00,100.0,100.0
2026-02-18 03:03:15,100.0,100.0
2026-02-18 03:03:30,100.0,100.0
2026-02-18 03:03:45,100.0,100.0
2026-02-18 03:04:00,100.0,100.0
2026-02-18 03:04:15,100.0,100.0
2026-02-18 03:04:30,100.0,100.0
2026-02-18 03:04:45,100.0,100.0
2026-02-18 03:05:00,100.0,100.0
2026-02-18 03:05:15,100.0,100.0
2026-02-18 03:05:30,100.0,100.0
2026-02-18 03:05:45,100.0,100.0
2026-02-18 03:06:00,100.0,100.0
2026-02-18 03:06:15,100.0,100.0
2026-02-18 03:06:30,100.0,100.0
2026-02-18 03:06:45,100.0,100.0
2026-02-18 03:07:00,100.0,100.0
2026-02-18 03:07:15,100.0,100.0
2026-02-18 03:07:30,100.0,100.0
2026-02-18 03:07:45,100.0,100.0
2026-02-18 03:08:00,100.0,100.0
2026-02-18 03:08:15,100.0,100.0
2026-02-18 03:08:30,100.0,100.0
2026-02-18 03:08:45,100.0,100.0
2026-02-18 03:09:00,100.0,100.0
2026-02-18 03:09:15,100.0,100.0
2026-02-18 03:09:30,100.0,100.0
2026-02-18 03:09:45,100.0,100.0
2026-02-18 03:10:00,100.0,100.0
2026-02-18 03:10:15,100.0,100.0
2026-02-18 03:10:30,100.0,100.0
2026-02-18 03:10:45,100.0,100.0
2026-02-18 03:11:00,100.0,100.0
2026-02-18 03:11:15,100.0,100.0
2026-02-18 03:11:30,100.0,100.0
2026-02-18 03:11:45,100.0,100.0
2026-02-18 03:12:00,100.0,100.0
2026-02-18 03:12:15,100.0,100.0
2026-02-18 03:12:30,100.0,100.0
2026-02-18 03:12:45,100.0,100.0
2026-02-18 03:13:00,100.0,100.0
2026-02-18 03:13:15,100.0,100.0
2026-02-18 03:13:30,100.0,100.0
2026-02-18 03:13:45,100.0,100.0
2026-02-18 03:14:00,100.0,100.0
2026-02-18 03:14:15,100.0,100.0
2026-02-18 03:14:30,100.0,100.0
2026-02-18 03:14:45,100.0,100.0
2026-02-18 03:15:00,100.0,100.0
2026-02-18 03:15:15,100.0,100.0
2026-02-18 03:15:30,100.0,100.0
2026-02-18 03:15:45,100.0,100.0
2026-02-18 03:16:00,100.0,100.0
2026-02-18 03:16:15,100.0,100.0
2026-02-18 03:16:30,100.0,100.0
2026-02-18 03:16:45,100.0,100.0
2026-02-18 03:17:00,100.0,100.0
2026-02-18 03:17:15,100.0,100.0
2026-02-18 03:17:30,100.0,100.0
2026-02-18 03:17:45,100.0,100.0
2026-02-18 03:18:00,100.0,100.0
2026-02-18 03:18:15,100.0,100.0
2026-02-18 03:18:30,100.0,100.0
2026-02-18 03:18:45,100.0,100.0
2026-02-18 03:19:00,100.0,100.0
2026-02-18 03:19:15,100.0,100.0
2026-02-18 03:19:30,100.0,100.0
2026-02-18 03:19:45,100.0,100.0
2026-02-18 03:20:00,100.0,100.0
2026-02-18 03:20:15,100.0,100.0
2026-02-18 03:20:30,100.0,100.0
2026-02-18 03:20:45,100.0,100.0
2026-02-18 03:21:00,100.0,100.0
2026-02-18 03:21:15,100.0,100.0
2026-02-18 03:21:30,100.0,100.0
2026-02-18 03:21:45,100.0,100.0
2026-02-18 03:22:00,100.0,100.0
2026-02-18 03:22:15,100.0,100.0
2026-02-18 03:22:30,100.0,100.0
2026-02-18 03:22:45,100.0,100.0
2026-02-18 03:23:00,100.0,100.0
2026-02-18 03:23:15,100.0,100.0
2026-02-18 03:23:30,100.0,100.0
2026-02-18 03:23:45,100.0,100.0
2026-02-18 03:24:00,100.0,100.0
2026-02-18 03:24:15,100.0,100.0
2026-02-18 03:24:30,100.0,100.0
2026-02-18 03:24:45,100.0,100.0
2026-02-18 03:25:00,100.0,100.0
2026-02-18 03:25:15,100.0,100.0
2026-02-18 03:25:30,100.0,100.0
2026-02-18 03:25:45,100.0,100.0
2026-02-18 03:26:00,100.0,100.0
2026-02-18 03:26:15,100.0,100.0
2026-02-18 03:26:30,100.0,100.0
2026-02-18 03:26:45,100.0,100.0
2026-02-18 03:27:00,100.0,100.0
2026-02-18 03:27:15,100.0,100.0
2026-02-18 03:27:30,100.0,100.0
2026-02-18 03:27:45,100.0,100.0
2026-02-18 03:28:00,100.0,100.0
2026-02-18 03:28:15,100.0,100.0
2026-02-18 03:28:30,100.0,100.0
2026-02-18 03:28:45,100.0,100.0
2026-02-18 03:29:00,100.0,100.0
2026-02-18 03:29:15,100.0,100.0
2026-02-18 03:29:30,100.0,100.0
2026-02-18 03:29:45,100.0,100.0
2026-02-18 03:30:00,100.0,100.0
2026-02-18 03:30:15,100.0,100.0
2026-02-18 03:30:30,100.0,100.0
2026-02-18 03:30:45,100.0,100.0
2026-02-18 03:31:00,100.0,100.0
2026-02-18 03:31:15,100.0,100.0
2026-02-18 03:31:30,100.0,100.0
2026-02-18 03:31:45,100.0,100.0
2026-02-18 03:32:00,100.0,100.0
2026-02-18 03:32:15,100.0,100.0
2026-02-18 03:32:30,100.0,100.0
2026-02-18 03:32:45,100.0,100.0
2026-02-18 03:33:00,100.0,100.0
2026-02-18 03:33:15,100.0,100.0
2026-02-18 03:33:30,100.0,100.0
2026-02-18 03:33:45,100.0,100.0
2026-02-18 03:34:00,100.0,100.0
2026-02-18 03:34:15,100.0,100.0
2026-02-18 03:34:30,100.0,100.0
2026-02-18 03:34:45,100.0,100.0
2026-02-18 03:35:00,100.0,100.0
2026-02-18 03:35:15,100.0,100.0
2026-02-18 03:35:30,100.0,100.0
2026-02-18 03:35:45,100.0,100.0
2026-02-18 03:36:00,100.0,100.0
2026-02-18 03:36:15,100.0,100.0
2026-02-18 03:36:30,100.0,100.0
2026-02-18 03:36:45,100.0,100.0
2026-02-18 03:37:00,100.0,100.0
2026-02-18 03:37:15,100.0,100.0
2026-02-18 03:37:30,100.0,100.0
2026-02-18 03:37:45,100.0,100.0
2026-02-18 03:38:00,100.0,100.0
2026-02-18 03:38:15,100.0,100.0
2026-02-18 03:38:30,100.0,100.0
2026-02-18 03:38:45,100.0,100.0
2026-02-18 03:39:00,100.0,100.0
2026-02-18 03:39:15,100.0,100.0
2026-02-18 03:39:30,100.0,100.0
2026-02-18 03:39:45,100.0,100.0
2026-02-18 03:40:00,100.0,100.0
2026-02-18 03:40:15,100.0,100.0
2026-02-18 03:40:30,100.0,100.0
2026-02-18 03:40:45,100.0,100.0
2026-02-18 03:41:00,100.0,100.0
2026-02-18 03:41:15,100.0,100.0
2026-02-18 03:41:30,100.0,100.0
2026-02-18 03:41:45,100.0,100.0
2026-02-18 03:42:00,100.0,100.0
2026-02-18 03:42:15,100.0,100.0
2026-02-18 03:42:30,100.0,100.0
2026-02-18 03:42:45,100.0,100.0
2026-02-18 03:43:00,100.0,100.0
2026-02-18 03:43:15,100.0,100.0
2026-02-18 03:43:30,100.0,100.0
2026-02-18 03:43:45,100.0,100.0
2026-02-18 03:44:00,100.0,100.0
2026-02-18 03:44:15,100.0,100.0
2026-02-18 03:44:30,100.0,100.0
2026-02-18 03:44:45,100.0,100.0
2026-02-18 03:45:00,100.0,100.0
2026-02-18 03:45:15,100.0,100.0
2026-02-18 03:45:30,100.0,100.0
2026-02-18 03:45:45,100.0,100.0
2026-02-18 03:46:00,100.0,100.0
2026-02-18 03:46:15,100.0,100.0
2026-02-18 03:46:30,100.0,100.0
2026-02-18 03:46:45,100.0,100.0
2026-02-18 03:47:00,100.0,100.0
2026-02-18 03:47:15,100.0,100.0
2026-02-18 03:47:30,87.5,100.0
2026-02-18 03:47:45,87.5,100.0
2026-02-18 03:48:00,100.0,100.0
2026-02-18 03:48:15,100.0,100.0
2026-02-18 03:48:30,100.0,100.0
2026-02-18 03:48:45,100.0,100.0
2026-02-18 03:49:00,100.0,100.0
2026-02-18 03:49:15,100.0,100.0
2026-02-18 03:49:30,100.0,100.0
2026-02-18 03:49:45,100.0,100.0
2026-02-18 03:50:00,100.0,100.0
2026-02-18 03:50:15,100.0,100.0
2026-02-18 03:50:30,100.0,100.0
2026-02-18 03:50:45,100.0,100.0
2026-02-18 03:51:00,100.0,100.0
2026-02-18 03:51:15,100.0,100.0
2026-02-18 03:51:30,100.0,100.0
2026-02-18 03:51:45,100.0,100.0
2026-02-18 03:52:00,100.0,100.0
2026-02-18 03:52:15,100.0,100.0
2026-02-18 03:52:30,100.0,100.0
2026-02-18 03:52:45,100.0,100.0
2026-02-18 03:53:00,100.0,100.0
2026-02-18 03:53:15,100.0,100.0
2026-02-18 03:53:30,100.0,100.0
2026-02-18 03:53:45,87.5,100.0
2026-02-18 03:54:00,87.5,100.0
2026-02-18 03:54:15,87.5,100.0
2026-02-18 03:54:30,87.5,100.0
2026-02-18 03:54:45,87.5,100.0
2026-02-18 03:55:00,87.5,100.0
2026-02-18 03:55:15,100.0,100.0
2026-02-18 03:55:30,100.0,100.0
2026-02-18 03:55:45,100.0,100.0
2026-02-18 03:56:00,100.0,100.0
2026-02-18 03:56:15,100.0,100.0
2026-02-18 03:56:30,100.0,100.0
2026-02-18 03:56:45,100.0,100.0
2026-02-18 03:57:00,100.0,100.0
2026-02-18 03:57:15,100.0,100.0
2026-02-18 03:57:30,100.0,100.0
2026-02-18 03:57:45,100.0,100.0
2026-02-18 03:58:00,100.0,100.0
2026-02-18 03:58:15,100.0,100.0
2026-02-18 03:58:30,100.0,100.0
2026-02-18 03:58:45,100.0,100.0
2026-02-18 03:59:00,100.0,100.0
2026-02-18 03:59:15,100.0,100.0
2026-02-18 03:59:30,100.0,100.0
2026-02-18 03:59:45,100.0,100.0
2026-02-18 04:00:00,100.0,100.0
2026-02-18 04:00:15,100.0,100.0
2026-02-18 04:00:30,100.0,100.0
2026-02-18 04:00:45,100.0,100.0
2026-02-18 04:01:00,100.0,100.0
2026-02-18 04:01:15,100.0,100.0
2026-02-18 04:01:30,100.0,100.0
2026-02-18 04:01:45,100.0,100.0
2026-02-18 04:02:00,100.0,100.0
2026-02-18 04:02:15,100.0,100.0
2026-02-18 04:02:30,100.0,100.0
2026-02-18 04:02:45,100.0,100.0
2026-02-18 04:03:00,100.0,100.0
2026-02-18 04:03:15,100.0,100.0
2026-02-18 04:03:30,100.0,100.0
2026-02-18 04:03:45,100.0,100.0
2026-02-18 04:04:00,100.0,100.0
2026-02-18 04:04:15,100.0,100.0
2026-02-18 04:04:30,100.0,100.0
2026-02-18 04:04:45,100.0,100.0
2026-02-18 04:05:00,100.0,100.0
2026-02-18 04:05:15,100.0,100.0
2026-02-18 04:05:30,100.0,100.0
2026-02-18 04:05:45,100.0,100.0
2026-02-18 04:06:00,100.0,100.0
2026-02-18 04:06:15,100.0,100.0
2026-02-18 04:06:30,100.0,100.0
2026-02-18 04:06:45,100.0,100.0
2026-02-18 04:07:00,100.0,100.0
2026-02-18 04:07:15,100.0,100.0
2026-02-18 04:07:30,100.0,100.0
2026-02-18 04:07:45,100.0,100.0
2026-02-18 04:08:00,100.0,100.0
2026-02-18 04:08:15,100.0,100.0
2026-02-18 04:08:30,100.0,100.0
2026-02-18 04:08:45,100.0,100.0
2026-02-18 04:09:00,100.0,100.0
2026-02-18 04:09:15,100.0,100.0
2026-02-18 04:09:30,100.0,100.0
2026-02-18 04:09:45,100.0,100.0
2026-02-18 04:10:00,100.0,100.0
2026-02-18 04:10:15,100.0,100.0
2026-02-18 04:10:30,100.0,100.0
2026-02-18 04:10:45,100.0,100.0
2026-02-18 04:11:00,100.0,100.0
2026-02-18 04:11:15,100.0,100.0
2026-02-18 04:11:30,100.0,100.0
2026-02-18 04:11:45,100.0,100.0
2026-02-18 04:12:00,100.0,100.0
2026-02-18 04:12:15,100.0,100.0
2026-02-18 04:12:30,100.0,100.0
2026-02-18 04:12:45,100.0,100.0
2026-02-18 04:13:00,100.0,100.0
2026-02-18 04:13:15,100.0,100.0
2026-02-18 04:13:30,100.0,100.0
2026-02-18 04:13:45,100.0,100.0
2026-02-18 04:14:00,100.0,100.0
2026-02-18 04:14:15,100.0,100.0
2026-02-18 04:14:30,100.0,100.0
2026-02-18 04:14:45,100.0,100.0
2026-02-18 04:15:00,100.0,100.0
2026-02-18 04:15:15,100.0,100.0
2026-02-18 04:15:30,100.0,100.0
2026-02-18 04:15:45,100.0,100.0
2026-02-18 04:16:00,100.0,100.0
2026-02-18 04:16:15,100.0,100.0
2026-02-18 04:16:30,100.0,100.0
2026-02-18 04:16:45,100.0,100.0
2026-02-18 04:17:00,100.0,100.0
2026-02-18 04:17:15,100.0,100.0
2026-02-18 04:17:30,100.0,100.0
2026-02-18 04:17:45,100.0,100.0
2026-02-18 04:18:00,100.0,100.0
2026-02-18 04:18:15,100.0,100.0
2026-02-18 04:18:30,100.0,100.0
2026-02-18 04:18:45,100.0,100.0
2026-02-18 04:19:00,100.0,100.0
2026-02-18 04:19:15,100.0,100.0
2026-02-18 04:19:30,100.0,100.0
2026-02-18 04:19:45,100.0,100.0
2026-02-18 04:20:00,100.0,100.0
2026-02-18 04:20:15,100.0,100.0
2026-02-18 04:20:30,100.0,100.0
2026-02-18 04:20:45,100.0,100.0
2026-02-18 04:21:00,100.0,100.0
2026-02-18 04:21:15,100.0,100.0
2026-02-18 04:21:30,100.0,100.0
2026-02-18 04:21:45,100.0,100.0
2026-02-18 04:22:00,100.0,100.0
2026-02-18 04:22:15,100.0,100.0
2026-02-18 04:22:30,100.0,100.0
2026-02-18 04:22:45,100.0,100.0
2026-02-18 04:23:00,100.0,100.0
2026-02-18 04:23:15,100.0,100.0
2026-02-18 04:23:30,100.0,100.0
2026-02-18 04:23:45,100.0,100.0
2026-02-18 04:24:00,100.0,100.0
2026-02-18 04:24:15,100.0,100.0
2026-02-18 04:24:30,100.0,100.0
2026-02-18 04:24:45,100.0,100.0
2026-02-18 04:25:00,100.0,100.0
2026-02-18 04:25:15,100.0,100.0
2026-02-18 04:25:30,100.0,100.0
2026-02-18 04:25:45,100.0,100.0
2026-02-18 04:26:00,100.0,100.0
2026-02-18 04:26:15,100.0,100.0
2026-02-18 04:26:30,100.0,100.0
2026-02-18 04:26:45,100.0,100.0
2026-02-18 04:27:00,100.0,100.0
2026-02-18 04:27:15,100.0,100.0
2026-02-18 04:27:30,100.0,100.0
2026-02-18 04:27:45,100.0,100.0
2026-02-18 04:28:00,100.0,100.0
2026-02-18 04:28:15,100.0,100.0
2026-02-18 04:28:30,100.0,100.0
2026-02-18 04:28:45,100.0,100.0
2026-02-18 04:29:00,100.0,100.0
2026-02-18 04:29:15,100.0,100.0
2026-02-18 04:29:30,100.0,100.0
2026-02-18 04:29:45,100.0,100.0
2026-02-18 04:30:00,100.0,100.0
2026-02-18 04:30:15,100.0,100.0
2026-02-18 04:30:30,100.0,100.0
2026-02-18 04:30:45,100.0,100.0
2026-02-18 04:31:00,100.0,100.0
2026-02-18 04:31:15,100.0,100.0
2026-02-18 04:31:30,100.0,100.0
2026-02-18 04:31:45,100.0,100.0
2026-02-18 04:32:00,100.0,100.0
2026-02-18 04:32:15,100.0,100.0
2026-02-18 04:32:30,100.0,100.0
2026-02-18 04:32:45,100.0,100.0
2026-02-18 04:33:00,100.0,100.0
2026-02-18 04:33:15,100.0,100.0
2026-02-18 04:33:30,100.0,100.0
2026-02-18 04:33:45,100.0,100.0
2026-02-18 04:34:00,100.0,100.0
2026-02-18 04:34:15,100.0,100.0
2026-02-18 04:34:30,100.0,100.0
2026-02-18 04:34:45,100.0,100.0
2026-02-18 04:35:00,100.0,100.0
2026-02-18 04:35:15,100.0,100.0
2026-02-18 04:35:30,100.0,100.0
2026-02-18 04:35:45,100.0,100.0
2026-02-18 04:36:00,100.0,100.0
2026-02-18 04:36:15,100.0,100.0
2026-02-18 04:36:30,100.0,100.0
2026-02-18 04:36:45,100.0,100.0
2026-02-18 04:37:00,100.0,100.0
2026-02-18 04:37:15,100.0,100.0
2026-02-18 04:37:30,100.0,100.0
2026-02-18 04:37:45,100.0,100.0
2026-02-18 04:38:00,100.0,100.0
2026-02-18 04:38:15,100.0,100.0
2026-02-18 04:38:30,100.0,100.0
2026-02-18 04:38:45,100.0,100.0
2026-02-18 04:39:00,100.0,100.0
2026-02-18 04:39:15,100.0,100.0
2026-02-18 04:39:30,100.0,100.0
2026-02-18 04:39:45,100.0,100.0
2026-02-18 04:40:00,100.0,100.0
2026-02-18 04:40:15,100.0,100.0
2026-02-18 04:40:30,100.0,100.0
2026-02-18 04:40:45,100.0,100.0
2026-02-18 04:41:00,100.0,100.0
2026-02-18 04:41:15,100.0,100.0
2026-02-18 04:41:30,100.0,100.0
2026-02-18 04:41:45,100.0,100.0
2026-02-18 04:42:00,100.0,100.0
2026-02-18 04:42:15,100.0,100.0
2026-02-18 04:42:30,100.0,100.0
2026-02-18 04:42:45,100.0,100.0
2026-02-18 04:43:00,100.0,100.0
2026-02-18 04:43:15,100.0,100.0
2026-02-18 04:43:30,100.0,100.0
2026-02-18 04:43:45,100.0,100.0
2026-02-18 04:44:00,100.0,100.0
2026-02-18 04:44:15,100.0,100.0
2026-02-18 04:44:30,100.0,100.0
2026-02-18 04:44:45,100.0,100.0
2026-02-18 04:45:00,100.0,100.0
2026-02-18 04:45:15,100.0,100.0
2026-02-18 04:45:30,100.0,100.0
2026-02-18 04:45:45,100.0,100.0
2026-02-18 04:46:00,100.0,100.0
2026-02-18 04:46:15,100.0,100.0
2026-02-18 04:46:30,100.0,100.0
2026-02-18 04:46:45,100.0,100.0
2026-02-18 04:47:00,100.0,100.0
2026-02-18 04:47:15,100.0,100.0
2026-02-18 04:47:30,100.0,100.0
2026-02-18 04:47:45,100.0,100.0
2026-02-18 04:48:00,100.0,100.0
2026-02-18 04:48:15,100.0,100.0
2026-02-18 04:48:30,100.0,100.0
2026-02-18 04:48:45,100.0,100.0
2026-02-18 04:49:00,100.0,100.0
2026-02-18 04:49:15,100.0,100.0
2026-02-18 04:49:30,100.0,100.0
2026-02-18 04:49:45,100.0,100.0
2026-02-18 04:50:00,100.0,100.0
2026-02-18 04:50:15,100.0,100.0
2026-02-18 04:50:30,100.0,100.0
2026-02-18 04:50:45,100.0,100.0
2026-02-18 04:51:00,100.0,100.0
2026-02-18 04:51:15,100.0,100.0
2026-02-18 04:51:30,100.0,100.0
2026-02-18 04:51:45,100.0,100.0
2026-02-18 04:52:00,100.0,100.0
2026-02-18 04:52:15,100.0,100.0
2026-02-18 04:52:30,100.0,100.0
2026-02-18 04:52:45,100.0,100.0
2026-02-18 04:53:00,100.0,100.0
2026-02-18 04:53:15,100.0,100.0
2026-02-18 04:53:30,100.0,100.0
2026-02-18 04:53:45,100.0,100.0
2026-02-18 04:54:00,100.0,100.0
2026-02-18 04:54:15,100.0,100.0
2026-02-18 04:54:30,100.0,100.0
2026-02-18 04:54:45,100.0,100.0
2026-02-18 04:55:00,100.0,100.0
2026-02-18 04:55:15,100.0,100.0
2026-02-18 04:55:30,100.0,100.0
2026-02-18 04:55:45,100.0,100.0
2026-02-18 04:56:00,100.0,100.0
2026-02-18 04:56:15,100.0,100.0
2026-02-18 04:56:30,100.0,100.0
2026-02-18 04:56:45,100.0,100.0
2026-02-18 04:57:00,100.0,100.0
2026-02-18 04:57:15,100.0,100.0
2026-02-18 04:57:30,100.0,100.0
2026-02-18 04:57:45,100.0,100.0
2026-02-18 04:58:00,100.0,100.0
2026-02-18 04:58:15,100.0,100.0
2026-02-18 04:58:30,100.0,100.0
2026-02-18 04:58:45,100.0,100.0
2026-02-18 04:59:00,100.0,100.0
2026-02-18 04:59:15,100.0,100.0
2026-02-18 04:59:30,100.0,100.0
2026-02-18 04:59:45,100.0,100.0
2026-02-18 05:00:00,100.0,100.0
2026-02-18 05:00:15,100.0,100.0
2026-02-18 05:00:30,100.0,100.0
2026-02-18 05:00:45,100.0,100.0
2026-02-18 05:01:00,100.0,100.0
2026-02-18 05:01:15,100.0,100.0
2026-02-18 05:01:30,100.0,100.0
2026-02-18 05:01:45,100.0,100.0
2026-02-18 05:02:00,100.0,100.0
2026-02-18 05:02:15,100.0,100.0
2026-02-18 05:02:30,100.0,100.0
2026-02-18 05:02:45,100.0,100.0
2026-02-18 05:03:00,100.0,100.0
2026-02-18 05:03:15,100.0,100.0
2026-02-18 05:03:30,100.0,100.0
2026-02-18 05:03:45,100.0,100.0
2026-02-18 05:04:00,100.0,100.0
2026-02-18 05:04:15,100.0,100.0
2026-02-18 05:04:30,100.0,100.0
2026-02-18 05:04:45,100.0,100.0
2026-02-18 05:05:00,100.0,100.0
2026-02-18 05:05:15,100.0,100.0
2026-02-18 05:05:30,100.0,100.0
2026-02-18 05:05:45,100.0,100.0
2026-02-18 05:06:00,100.0,100.0
2026-02-18 05:06:15,100.0,100.0
2026-02-18 05:06:30,100.0,100.0
2026-02-18 05:06:45,100.0,100.0
2026-02-18 05:07:00,100.0,100.0
2026-02-18 05:07:15,100.0,100.0
2026-02-18 05:07:30,100.0,100.0
2026-02-18 05:07:45,100.0,100.0
2026-02-18 05:08:00,100.0,100.0
2026-02-18 05:08:15,100.0,100.0
2026-02-18 05:08:30,100.0,100.0
2026-02-18 05:08:45,100.0,100.0
2026-02-18 05:09:00,100.0,100.0
2026-02-18 05:09:15,100.0,100.0
2026-02-18 05:09:30,100.0,100.0
2026-02-18 05:09:45,100.0,100.0
2026-02-18 05:10:00,100.0,100.0
2026-02-18 05:10:15,100.0,100.0
2026-02-18 05:10:30,100.0,100.0
2026-02-18 05:10:45,100.0,100.0
2026-02-18 05:11:00,100.0,100.0
2026-02-18 05:11:15,100.0,100.0
2026-02-18 05:11:30,100.0,100.0
2026-02-18 05:11:45,100.0,100.0
2026-02-18 05:12:00,100.0,100.0
2026-02-18 05:12:15,100.0,100.0
2026-02-18 05:12:30,100.0,100.0
2026-02-18 05:12:45,100.0,100.0
2026-02-18 05:13:00,100.0,100.0
2026-02-18 05:13:15,100.0,100.0
2026-02-18 05:13:30,100.0,100.0
2026-02-18 05:13:45,100.0,100.0
2026-02-18 05:14:00,100.0,100.0
2026-02-18 05:14:15,100.0,100.0
2026-02-18 05:14:30,100.0,100.0
2026-02-18 05:14:45,100.0,100.0
2026-02-18 05:15:00,100.0,100.0
2026-02-18 05:15:15,100.0,100.0
2026-02-18 05:15:30,100.0,100.0
2026-02-18 05:15:45,100.0,100.0
2026-02-18 05:16:00,100.0,100.0
2026-02-18 05:16:15,100.0,100.0
2026-02-18 05:16:30,100.0,100.0
2026-02-18 05:16:45,100.0,100.0
2026-02-18 05:17:00,100.0,100.0
2026-02-18 05:17:15,100.0,100.0
2026-02-18 05:17:30,87.5,100.0
2026-02-18 05:17:45,87.5,100.0
2026-02-18 05:18:00,87.5,100.0
2026-02-18 05:18:15,87.5,100.0
2026-02-18 05:18:30,87.5,100.0
2026-02-18 05:18:45,87.5,100.0
2026-02-18 05:19:00,87.5,100.0
2026-02-18 05:19:15,87.5,100.0
2026-02-18 05:19:30,87.5,100.0
2026-02-18 05:19:45,87.5,100.0
2026-02-18 05:20:00,87.5,100.0
2026-02-18 05:20:15,87.5,100.0
2026-02-18 05:20:30,87.5,100.0
2026-02-18 05:20:45,87.5,100.0
2026-02-18 05:21:00,87.5,100.0
2026-02-18 05:21:15,87.5,100.0
2026-02-18 05:21:30,87.5,100.0
2026-02-18 05:21:45,87.5,100.0
2026-02-18 05:22:00,87.5,100.0
2026-02-18 05:22:15,87.5,100.0
2026-02-18 05:22:30,87.5,100.0
2026-02-18 05:22:45,87.5,100.0
2026-02-18 05:23:00,87.5,100.0
2026-02-18 05:23:15,87.5,100.0
2026-02-18 05:23:30,87.5,100.0
2026-02-18 05:23:45,87.5,100.0
2026-02-18 05:24:00,87.5,100.0
2026-02-18 05:24:15,87.5,100.0
2026-02-18 05:24:30,87.5,100.0
2026-02-18 05:24:45,100.0,100.0
2026-02-18 05:25:00,100.0,100.0
2026-02-18 05:25:15,100.0,100.0
2026-02-18 05:25:30,100.0,100.0
2026-02-18 05:25:45,100.0,100.0
2026-02-18 05:26:00,100.0,100.0
2026-02-18 05:26:15,100.0,100.0
2026-02-18 05:26:30,100.0,100.0
2026-02-18 05:26:45,100.0,100.0
2026-02-18 05:27:00,100.0,100.0
2026-02-18 05:27:15,100.0,100.0
2026-02-18 05:27:30,100.0,100.0
2026-02-18 05:27:45,100.0,100.0
2026-02-18 05:28:00,100.0,100.0
2026-02-18 05:28:15,100.0,100.0
2026-02-18 05:28:30,100.0,100.0
2026-02-18 05:28:45,100.0,100.0
2026-02-18 05:29:00,100.0,100.0
2026-02-18 05:29:15,100.0,100.0
2026-02-18 05:29:30,100.0,100.0
2026-02-18 05:29:45,100.0,100.0
2026-02-18 05:30:00,100.0,100.0
2026-02-18 05:30:15,100.0,100.0
2026-02-18 05:30:30,100.0,100.0
2026-02-18 05:30:45,100.0,100.0
2026-02-18 05:31:00,100.0,100.0
2026-02-18 05:31:15,100.0,100.0
2026-02-18 05:31:30,100.0,100.0
2026-02-18 05:31:45,100.0,100.0
2026-02-18 05:32:00,100.0,100.0
2026-02-18 05:32:15,100.0,100.0
2026-02-18 05:32:30,100.0,100.0
2026-02-18 05:32:45,100.0,100.0
2026-02-18 05:33:00,100.0,100.0
2026-02-18 05:33:15,100.0,100.0
2026-02-18 05:33:30,100.0,100.0
2026-02-18 05:33:45,100.0,100.0
2026-02-18 05:34:00,100.0,100.0
2026-02-18 05:34:15,100.0,100.0
2026-02-18 05:34:30,100.0,100.0
2026-02-18 05:34:45,100.0,100.0
2026-02-18 05:35:00,100.0,100.0
2026-02-18 05:35:15,100.0,100.0
2026-02-18 05:35:30,100.0,100.0
2026-02-18 05:35:45,100.0,100.0
2026-02-18 05:36:00,100.0,100.0
2026-02-18 05:36:15,100.0,100.0
2026-02-18 05:36:30,100.0,100.0
2026-02-18 05:36:45,100.0,100.0
2026-02-18 05:37:00,100.0,100.0
2026-02-18 05:37:15,100.0,100.0
2026-02-18 05:37:30,100.0,100.0
2026-02-18 05:37:45,100.0,100.0
2026-02-18 05:38:00,100.0,100.0
2026-02-18 05:38:15,100.0,100.0
2026-02-18 05:38:30,100.0,100.0
2026-02-18 05:38:45,100.0,100.0
2026-02-18 05:39:00,100.0,100.0
2026-02-18 05:39:15,100.0,100.0
2026-02-18 05:39:30,100.0,100.0
2026-02-18 05:39:45,100.0,100.0
2026-02-18 05:40:00,100.0,100.0
2026-02-18 05:40:15,100.0,100.0
2026-02-18 05:40:30,100.0,100.0
2026-02-18 05:40:45,100.0,100.0
2026-02-18 05:41:00,100.0,100.0
2026-02-18 05:41:15,100.0,100.0
2026-02-18 05:41:30,100.0,100.0
2026-02-18 05:41:45,100.0,100.0
2026-02-18 05:42:00,100.0,100.0
2026-02-18 05:42:15,100.0,100.0
2026-02-18 05:42:30,100.0,100.0
2026-02-18 05:42:45,100.0,100.0
2026-02-18 05:43:00,100.0,100.0
2026-02-18 05:43:15,100.0,100.0
2026-02-18 05:43:30,100.0,100.0
2026-02-18 05:43:45,100.0,100.0
2026-02-18 05:44:00,100.0,100.0
2026-02-18 05:44:15,100.0,100.0
2026-02-18 05:44:30,100.0,100.0
2026-02-18 05:44:45,100.0,100.0
2026-02-18 05:45:00,100.0,100.0
2026-02-18 05:45:15,100.0,100.0
2026-02-18 05:45:30,100.0,100.0
2026-02-18 05:45:45,100.0,100.0
2026-02-18 05:46:00,100.0,100.0
2026-02-18 05:46:15,100.0,100.0
2026-02-18 05:46:30,100.0,100.0
2026-02-18 05:46:45,100.0,100.0
2026-02-18 05:47:00,100.0,100.0
2026-02-18 05:47:15,100.0,100.0
2026-02-18 05:47:30,100.0,100.0
2026-02-18 05:47:45,100.0,100.0
2026-02-18 05:48:00,100.0,100.0
2026-02-18 05:48:15,100.0,100.0
2026-02-18 05:48:30,100.0,100.0
2026-02-18 05:48:45,100.0,100.0
2026-02-18 05:49:00,100.0,100.0
2026-02-18 05:49:15,100.0,100.0
2026-02-18 05:49:30,100.0,100.0
2026-02-18 05:49:45,100.0,100.0
2026-02-18 05:50:00,100.0,100.0
2026-02-18 05:50:15,100.0,100.0
2026-02-18 05:50:30,100.0,100.0
2026-02-18 05:50:45,100.0,100.0
2026-02-18 05:51:00,100.0,100.0
2026-02-18 05:51:15,100.0,100.0
2026-02-18 05:51:30,100.0,100.0
2026-02-18 05:51:45,100.0,100.0
2026-02-18 05:52:00,100.0,100.0
2026-02-18 05:52:15,100.0,100.0
2026-02-18 05:52:30,100.0,100.0
2026-02-18 05:52:45,100.0,100.0
2026-02-18 05:53:00,100.0,100.0
2026-02-18 05:53:15,100.0,100.0
2026-02-18 05:53:30,100.0,100.0
2026-02-18 05:53:45,100.0,100.0
2026-02-18 05:54:00,100.0,100.0
2026-02-18 05:54:15,100.0,100.0
2026-02-18 05:54:30,100.0,100.0
2026-02-18 05:54:45,100.0,100.0
2026-02-18 05:55:00,100.0,100.0
2026-02-18 05:55:15,100.0,100.0
2026-02-18 05:55:30,100.0,100.0
2026-02-18 05:55:45,100.0,100.0
2026-02-18 05:56:00,100.0,100.0
2026-02-18 05:56:15,100.0,100.0
2026-02-18 05:56:30,100.0,100.0
2026-02-18 05:56:45,100.0,100.0
2026-02-18 05:57:00,100.0,100.0
2026-02-18 05:57:15,100.0,100.0
2026-02-18 05:57:30,100.0,100.0
2026-02-18 05:57:45,87.5,100.0
2026-02-18 05:58:00,87.5,100.0
2026-02-18 05:58:15,87.5,100.0
2026-02-18 05:58:30,87.5,100.0
2026-02-18 05:58:45,100.0,100.0
2026-02-18 05:59:00,87.5,100.0
2026-02-18 05:59:15,87.5,100.0
2026-02-18 05:59:30,87.5,100.0
2026-02-18 05:59:45,100.0,100.0
2026-02-18 06:00:00,100.0,100.0
2026-02-18 06:00:15,100.0,100.0
2026-02-18 06:00:30,100.0,100.0
2026-02-18 06:00:45,100.0,100.0
2026-02-18 06:01:00,100.0,100.0
2026-02-18 06:01:15,100.0,100.0
2026-02-18 06:01:30,100.0,100.0
2026-02-18 06:01:45,100.0,100.0
2026-02-18 06:02:00,100.0,100.0
2026-02-18 06:02:15,100.0,100.0
2026-02-18 06:02:30,100.0,100.0
2026-02-18 06:02:45,100.0,100.0
2026-02-18 06:03:00,100.0,100.0
2026-02-18 06:03:15,100.0,100.0
2026-02-18 06:03:30,100.0,100.0
2026-02-18 06:03:45,100.0,100.0
2026-02-18 06:04:00,100.0,100.0
2026-02-18 06:04:15,100.0,100.0
2026-02-18 06:04:30,100.0,100.0
2026-02-18 06:04:45,100.0,100.0
2026-02-18 06:05:00,100.0,100.0
2026-02-18 06:05:15,100.0,100.0
2026-02-18 06:05:30,100.0,100.0
2026-02-18 06:05:45,100.0,100.0
2026-02-18 06:06:00,100.0,100.0
2026-02-18 06:06:15,100.0,100.0
2026-02-18 06:06:30,100.0,100.0
2026-02-18 06:06:45,100.0,100.0
2026-02-18 06:07:00,100.0,100.0
2026-02-18 06:07:15,100.0,100.0
2026-02-18 06:07:30,100.0,100.0
2026-02-18 06:07:45,100.0,100.0
2026-02-18 06:08:00,100.0,100.0
2026-02-18 06:08:15,100.0,100.0
2026-02-18 06:08:30,100.0,100.0
2026-02-18 06:08:45,100.0,100.0
2026-02-18 06:09:00,100.0,100.0
2026-02-18 06:09:15,100.0,100.0
2026-02-18 06:09:30,100.0,100.0
2026-02-18 06:09:45,100.0,100.0
2026-02-18 06:10:00,100.0,100.0
2026-02-18 06:10:15,100.0,100.0
2026-02-18 06:10:30,100.0,100.0
2026-02-18 06:10:45,100.0,100.0
2026-02-18 06:11:00,100.0,100.0
2026-02-18 06:11:15,100.0,100.0
2026-02-18 06:11:30,100.0,100.0
2026-02-18 06:11:45,100.0,100.0
2026-02-18 06:12:00,100.0,100.0
2026-02-18 06:12:15,100.0,100.0
2026-02-18 06:12:30,100.0,100.0
2026-02-18 06:12:45,100.0,100.0
2026-02-18 06:13:00,100.0,100.0
2026-02-18 06:13:15,100.0,100.0
2026-02-18 06:13:30,100.0,100.0
2026-02-18 06:13:45,100.0,100.0
2026-02-18 06:14:00,100.0,100.0
2026-02-18 06:14:15,100.0,100.0
2026-02-18 06:14:30,100.0,100.0
2026-02-18 06:14:45,100.0,100.0
2026-02-18 06:15:00,100.0,100.0
2026-02-18 06:15:15,100.0,100.0
2026-02-18 06:15:30,100.0,100.0
2026-02-18 06:15:45,100.0,100.0
2026-02-18 06:16:00,100.0,100.0
2026-02-18 06:16:15,100.0,100.0
2026-02-18 06:16:30,100.0,100.0
2026-02-18 06:16:45,100.0,100.0
2026-02-18 06:17:00,100.0,100.0
2026-02-18 06:17:15,100.0,100.0
2026-02-18 06:17:30,100.0,100.0
2026-02-18 06:17:45,100.0,100.0
2026-02-18 06:18:00,100.0,100.0
2026-02-18 06:18:15,100.0,100.0
2026-02-18 06:18:30,100.0,100.0
2026-02-18 06:18:45,100.0,100.0
2026-02-18 06:19:00,100.0,100.0
2026-02-18 06:19:15,100.0,100.0
2026-02-18 06:19:30,100.0,100.0
2026-02-18 06:19:45,100.0,100.0
2026-02-18 06:20:00,100.0,100.0
2026-02-18 06:20:15,100.0,100.0
2026-02-18 06:20:30,100.0,100.0
2026-02-18 06:20:45,100.0,100.0
2026-02-18 06:21:00,100.0,100.0
2026-02-18 06:21:15,100.0,100.0
2026-02-18 06:21:30,100.0,100.0
2026-02-18 06:21:45,100.0,100.0
2026-02-18 06:22:00,100.0,100.0
2026-02-18 06:22:15,100.0,100.0
2026-02-18 06:22:30,100.0,100.0
2026-02-18 06:22:45,100.0,100.0
2026-02-18 06:23:00,100.0,100.0
2026-02-18 06:23:15,100.0,100.0
2026-02-18 06:23:30,100.0,100.0
2026-02-18 06:23:45,100.0,100.0
2026-02-18 06:24:00,100.0,100.0
2026-02-18 06:24:15,100.0,100.0
2026-02-18 06:24:30,100.0,100.0
2026-02-18 06:24:45,100.0,100.0
2026-02-18 06:25:00,100.0,100.0
2026-02-18 06:25:15,100.0,100.0
2026-02-18 06:25:30,100.0,100.0
2026-02-18 06:25:45,100.0,100.0
2026-02-18 06:26:00,100.0,100.0
2026-02-18 06:26:15,100.0,100.0
2026-02-18 06:26:30,100.0,100.0
2026-02-18 06:26:45,100.0,100.0
2026-02-18 06:27:00,100.0,100.0
2026-02-18 06:27:15,100.0,100.0
2026-02-18 06:27:30,100.0,100.0
2026-02-18 06:27:45,100.0,100.0
2026-02-18 06:28:00,100.0,100.0
2026-02-18 06:28:15,100.0,100.0
2026-02-18 06:28:30,100.0,100.0
2026-02-18 06:28:45,100.0,100.0
2026-02-18 06:29:00,100.0,100.0
2026-02-18 06:29:15,100.0,100.0
2026-02-18 06:29:30,100.0,100.0
2026-02-18 06:29:45,100.0,100.0
2026-02-18 06:30:00,100.0,100.0
2026-02-18 06:30:15,100.0,100.0
2026-02-18 06:30:30,100.0,100.0
2026-02-18 06:30:45,100.0,100.0
2026-02-18 06:31:00,100.0,100.0
2026-02-18 06:31:15,100.0,100.0
2026-02-18 06:31:30,100.0,100.0
2026-02-18 06:31:45,100.0,100.0
2026-02-18 06:32:00,100.0,100.0
2026-02-18 06:32:15,100.0,100.0
2026-02-18 06:32:30,100.0,100.0
2026-02-18 06:32:45,100.0,100.0
2026-02-18 06:33:00,100.0,100.0
2026-02-18 06:33:15,100.0,100.0
2026-02-18 06:33:30,100.0,100.0
2026-02-18 06:33:45,100.0,100.0
2026-02-18 06:34:00,100.0,100.0
2026-02-18 06:34:15,100.0,100.0
2026-02-18 06:34:30,100.0,100.0
2026-02-18 06:34:45,100.0,100.0
2026-02-18 06:35:00,100.0,100.0
2026-02-18 06:35:15,100.0,100.0
2026-02-18 06:35:30,100.0,100.0
2026-02-18 06:35:45,100.0,100.0
2026-02-18 06:36:00,100.0,100.0
2026-02-18 06:36:15,100.0,100.0
2026-02-18 06:36:30,100.0,100.0
2026-02-18 06:36:45,100.0,100.0
2026-02-18 06:37:00,100.0,100.0
2026-02-18 06:37:15,100.0,100.0
2026-02-18 06:37:30,100.0,100.0
2026-02-18 06:37:45,100.0,100.0
2026-02-18 06:38:00,100.0,100.0
2026-02-18 06:38:15,100.0,100.0
2026-02-18 06:38:30,100.0,100.0
2026-02-18 06:38:45,100.0,100.0
2026-02-18 06:39:00,100.0,100.0
2026-02-18 06:39:15,100.0,100.0
2026-02-18 06:39:30,100.0,100.0
2026-02-18 06:39:45,100.0,100.0
2026-02-18 06:40:00,100.0,100.0
2026-02-18 06:40:15,100.0,100.0
2026-02-18 06:40:30,100.0,100.0
2026-02-18 06:40:45,100.0,100.0
2026-02-18 06:41:00,100.0,100.0
2026-02-18 06:41:15,100.0,100.0
2026-02-18 06:41:30,100.0,100.0
2026-02-18 06:41:45,100.0,100.0
2026-02-18 06:42:00,100.0,100.0
2026-02-18 06:42:15,100.0,100.0
2026-02-18 06:42:30,100.0,100.0
2026-02-18 06:42:45,100.0,100.0
2026-02-18 06:43:00,100.0,100.0
2026-02-18 06:43:15,100.0,100.0
2026-02-18 06:43:30,100.0,100.0
2026-02-18 06:43:45,100.0,100.0
2026-02-18 06:44:00,100.0,100.0
2026-02-18 06:44:15,100.0,100.0
2026-02-18 06:44:30,100.0,100.0
2026-02-18 06:44:45,100.0,100.0
2026-02-18 06:45:00,100.0,100.0
2026-02-18 06:45:15,100.0,100.0
2026-02-18 06:45:30,100.0,100.0
2026-02-18 06:45:45,100.0,100.0
2026-02-18 06:46:00,100.0,100.0
2026-02-18 06:46:15,100.0,100.0
2026-02-18 06:46:30,100.0,100.0
2026-02-18 06:46:45,100.0,100.0
2026-02-18 06:47:00,100.0,100.0
2026-02-18 06:47:15,100.0,100.0
2026-02-18 06:47:30,100.0,100.0
2026-02-18 06:47:45,100.0,100.0
2026-02-18 06:48:00,100.0,100.0
2026-02-18 06:48:15,100.0,100.0
2026-02-18 06:48:30,100.0,100.0
2026-02-18 06:48:45,100.0,100.0
2026-02-18 06:49:00,100.0,100.0
2026-02-18 06:49:15,100.0,100.0
2026-02-18 06:49:30,100.0,100.0
2026-02-18 06:49:45,100.0,100.0
2026-02-18 06:50:00,100.0,100.0
2026-02-18 06:50:15,100.0,100.0
2026-02-18 06:50:30,100.0,100.0
2026-02-18 06:50:45,100.0,100.0
2026-02-18 06:51:00,100.0,100.0
2026-02-18 06:51:15,100.0,100.0
2026-02-18 06:51:30,100.0,100.0
2026-02-18 06:51:45,100.0,100.0
2026-02-18 06:52:00,100.0,100.0
2026-02-18 06:52:15,100.0,100.0
2026-02-18 06:52:30,100.0,100.0
2026-02-18 06:52:45,100.0,100.0
2026-02-18 06:53:00,100.0,100.0
2026-02-18 06:53:15,100.0,100.0
2026-02-18 06:53:30,100.0,100.0
2026-02-18 06:53:45,100.0,100.0
2026-02-18 06:54:00,100.0,100.0
2026-02-18 06:54:15,100.0,100.0
2026-02-18 06:54:30,100.0,100.0
2026-02-18 06:54:45,100.0,100.0
2026-02-18 06:55:00,100.0,100.0
2026-02-18 06:55:15,100.0,100.0
2026-02-18 06:55:30,100.0,100.0
2026-02-18 06:55:45,100.0,100.0
2026-02-18 06:56:00,100.0,100.0
2026-02-18 06:56:15,100.0,100.0
2026-02-18 06:56:30,100.0,100.0
2026-02-18 06:56:45,100.0,100.0
2026-02-18 06:57:00,100.0,100.0
2026-02-18 06:57:15,100.0,100.0
2026-02-18 06:57:30,100.0,100.0
2026-02-18 06:57:45,100.0,100.0
2026-02-18 06:58:00,100.0,100.0
2026-02-18 06:58:15,100.0,100.0
2026-02-18 06:58:30,100.0,100.0
2026-02-18 06:58:45,100.0,100.0
2026-02-18 06:59:00,100.0,100.0
2026-02-18 06:59:15,100.0,100.0
2026-02-18 06:59:30,100.0,100.0
2026-02-18 06:59:45,100.0,100.0
2026-02-18 07:00:00,100.0,100.0
2026-02-18 07:00:15,100.0,100.0
2026-02-18 07:00:30,100.0,100.0
2026-02-18 07:00:45,100.0,100.0
2026-02-18 07:01:00,100.0,100.0
2026-02-18 07:01:15,100.0,100.0
2026-02-18 07:01:30,100.0,100.0
2026-02-18 07:01:45,100.0,100.0
2026-02-18 07:02:00,100.0,100.0
2026-02-18 07:02:15,100.0,100.0
2026-02-18 07:02:30,100.0,100.0
2026-02-18 07:02:45,100.0,100.0
2026-02-18 07:03:00,100.0,100.0
2026-02-18 07:03:15,100.0,100.0
2026-02-18 07:03:30,100.0,100.0
2026-02-18 07:03:45,100.0,100.0
2026-02-18 07:04:00,100.0,100.0
2026-02-18 07:04:15,100.0,100.0
2026-02-18 07:04:30,100.0,100.0
2026-02-18 07:04:45,100.0,100.0
2026-02-18 07:05:00,100.0,100.0
2026-02-18 07:05:15,100.0,100.0
2026-02-18 07:05:30,100.0,100.0
2026-02-18 07:05:45,100.0,100.0
2026-02-18 07:06:00,100.0,100.0
2026-02-18 07:06:15,100.0,100.0
2026-02-18 07:06:30,100.0,100.0
2026-02-18 07:06:45,100.0,100.0
2026-02-18 07:07:00,100.0,100.0
2026-02-18 07:07:15,100.0,100.0
2026-02-18 07:07:30,100.0,100.0
2026-02-18 07:07:45,100.0,100.0
2026-02-18 07:08:00,100.0,100.0
2026-02-18 07:08:15,100.0,100.0
2026-02-18 07:08:30,100.0,100.0
2026-02-18 07:08:45,100.0,100.0
2026-02-18 07:09:00,100.0,100.0
2026-02-18 07:09:15,100.0,100.0
2026-02-18 07:09:30,100.0,100.0
2026-02-18 07:09:45,100.0,100.0
2026-02-18 07:10:00,100.0,100.0
2026-02-18 07:10:15,100.0,100.0
2026-02-18 07:10:30,100.0,100.0
2026-02-18 07:10:45,100.0,100.0
2026-02-18 07:11:00,100.0,100.0
2026-02-18 07:11:15,100.0,100.0
2026-02-18 07:11:30,100.0,100.0
2026-02-18 07:11:45,100.0,100.0
2026-02-18 07:12:00,100.0,100.0
2026-02-18 07:12:15,100.0,100.0
2026-02-18 07:12:30,100.0,100.0
2026-02-18 07:12:45,100.0,100.0
2026-02-18 07:13:00,100.0,100.0
2026-02-18 07:13:15,100.0,100.0
2026-02-18 07:13:30,100.0,100.0
2026-02-18 07:13:45,100.0,100.0
2026-02-18 07:14:00,100.0,100.0
2026-02-18 07:14:15,100.0,100.0
2026-02-18 07:14:30,100.0,100.0
2026-02-18 07:14:45,100.0,100.0
2026-02-18 07:15:00,100.0,100.0
2026-02-18 07:15:15,100.0,100.0
2026-02-18 07:15:30,100.0,100.0
2026-02-18 07:15:45,100.0,100.0
2026-02-18 07:16:00,100.0,100.0
2026-02-18 07:16:15,100.0,100.0
2026-02-18 07:16:30,100.0,100.0
2026-02-18 07:16:45,100.0,100.0
2026-02-18 07:17:00,100.0,100.0
2026-02-18 07:17:15,100.0,100.0
2026-02-18 07:17:30,100.0,100.0
2026-02-18 07:17:45,100.0,100.0
2026-02-18 07:18:00,100.0,100.0
2026-02-18 07:18:15,100.0,100.0
2026-02-18 07:18:30,100.0,100.0
2026-02-18 07:18:45,100.0,100.0
2026-02-18 07:19:00,100.0,100.0
2026-02-18 07:19:15,100.0,100.0
2026-02-18 07:19:30,100.0,100.0
2026-02-18 07:19:45,100.0,100.0
2026-02-18 07:20:00,100.0,100.0
2026-02-18 07:20:15,100.0,100.0
2026-02-18 07:20:30,100.0,100.0
2026-02-18 07:20:45,100.0,100.0
2026-02-18 07:21:00,100.0,100.0
2026-02-18 07:21:15,100.0,100.0
2026-02-18 07:21:30,100.0,100.0
2026-02-18 07:21:45,100.0,100.0
2026-02-18 07:22:00,100.0,100.0
2026-02-18 07:22:15,100.0,100.0
2026-02-18 07:22:30,100.0,100.0
2026-02-18 07:22:45,100.0,100.0
2026-02-18 07:23:00,100.0,100.0
2026-02-18 07:23:15,100.0,100.0
2026-02-18 07:23:30,100.0,100.0
2026-02-18 07:23:45,100.0,100.0
2026-02-18 07:24:00,100.0,100.0
2026-02-18 07:24:15,100.0,100.0
2026-02-18 07:24:30,100.0,100.0
2026-02-18 07:24:45,100.0,100.0
2026-02-18 07:25:00,100.0,100.0
2026-02-18 07:25:15,100.0,100.0
2026-02-18 07:25:30,100.0,100.0
2026-02-18 07:25:45,87.5,100.0
2026-02-18 07:26:00,87.5,100.0
2026-02-18 07:26:15,87.5,100.0
2026-02-18 07:26:30,87.5,100.0
2026-02-18 07:26:45,87.5,100.0
2026-02-18 07:27:00,87.5,100.0
2026-02-18 07:27:15,87.5,100.0
2026-02-18 07:27:30,87.5,100.0
2026-02-18 07:27:45,100.0,100.0
2026-02-18 07:28:00,100.0,100.0
2026-02-18 07:28:15,100.0,100.0
2026-02-18 07:28:30,100.0,100.0
2026-02-18 07:28:45,100.0,100.0
2026-02-18 07:29:00,100.0,100.0
2026-02-18 07:29:15,100.0,100.0
2026-02-18 07:29:30,100.0,100.0
2026-02-18 07:29:45,100.0,100.0
2026-02-18 07:30:00,100.0,100.0
2026-02-18 07:30:15,100.0,100.0
2026-02-18 07:30:30,100.0,100.0
2026-02-18 07:30:45,100.0,100.0
2026-02-18 07:31:00,100.0,100.0
2026-02-18 07:31:15,100.0,100.0
2026-02-18 07:31:30,100.0,100.0
2026-02-18 07:31:45,100.0,100.0
2026-02-18 07:32:00,100.0,100.0
2026-02-18 07:32:15,100.0,100.0
2026-02-18 07:32:30,100.0,100.0
2026-02-18 07:32:45,100.0,100.0
2026-02-18 07:33:00,100.0,100.0
2026-02-18 07:33:15,100.0,100.0
2026-02-18 07:33:30,100.0,100.0
2026-02-18 07:33:45,100.0,100.0
2026-02-18 07:34:00,100.0,100.0
2026-02-18 07:34:15,100.0,100.0
2026-02-18 07:34:30,100.0,100.0
2026-02-18 07:34:45,100.0,100.0
2026-02-18 07:35:00,100.0,100.0
2026-02-18 07:35:15,100.0,100.0
2026-02-18 07:35:30,100.0,100.0
2026-02-18 07:35:45,100.0,100.0
2026-02-18 07:36:00,100.0,100.0
2026-02-18 07:36:15,100.0,100.0
2026-02-18 07:36:30,100.0,100.0
2026-02-18 07:36:45,100.0,100.0
2026-02-18 07:37:00,100.0,100.0
2026-02-18 07:37:15,100.0,100.0
2026-02-18 07:37:30,100.0,100.0
2026-02-18 07:37:45,100.0,100.0
2026-02-18 07:38:00,100.0,100.0
2026-02-18 07:38:15,100.0,100.0
2026-02-18 07:38:30,100.0,100.0
2026-02-18 07:38:45,100.0,100.0
2026-02-18 07:39:00,100.0,100.0
2026-02-18 07:39:15,100.0,100.0
2026-02-18 07:39:30,100.0,100.0
2026-02-18 07:39:45,100.0,100.0
2026-02-18 07:40:00,100.0,100.0
2026-02-18 07:40:15,100.0,100.0
2026-02-18 07:40:30,100.0,100.0
2026-02-18 07:40:45,100.0,100.0
2026-02-18 07:41:00,100.0,100.0
2026-02-18 07:41:15,100.0,100.0
2026-02-18 07:41:30,100.0,100.0
2026-02-18 07:41:45,100.0,100.0
2026-02-18 07:42:00,100.0,100.0
2026-02-18 07:42:15,100.0,100.0
2026-02-18 07:42:30,100.0,100.0
2026-02-18 07:42:45,100.0,100.0
2026-02-18 07:43:00,100.0,100.0
2026-02-18 07:43:15,100.0,100.0
2026-02-18 07:43:30,100.0,100.0
2026-02-18 07:43:45,100.0,100.0
2026-02-18 07:44:00,100.0,100.0
2026-02-18 07:44:15,100.0,100.0
2026-02-18 07:44:30,100.0,100.0
2026-02-18 07:44:45,100.0,100.0
2026-02-18 07:45:00,100.0,100.0
2026-02-18 07:45:15,100.0,100.0
2026-02-18 07:45:30,100.0,100.0
2026-02-18 07:45:45,100.0,100.0
2026-02-18 07:46:00,100.0,100.0
2026-02-18 07:46:15,100.0,100.0
2026-02-18 07:46:30,100.0,100.0
2026-02-18 07:46:45,100.0,100.0
2026-02-18 07:47:00,100.0,100.0
2026-02-18 07:47:15,100.0,100.0
2026-02-18 07:47:30,100.0,100.0
2026-02-18 07:47:45,100.0,100.0
2026-02-18 07:48:00,100.0,100.0
2026-02-18 07:48:15,100.0,100.0
2026-02-18 07:48:30,100.0,100.0
2026-02-18 07:48:45,100.0,100.0
2026-02-18 07:49:00,100.0,100.0
2026-02-18 07:49:15,100.0,100.0
2026-02-18 07:49:30,100.0,100.0
2026-02-18 07:49:45,100.0,100.0
2026-02-18 07:50:00,100.0,100.0
2026-02-18 07:50:15,100.0,100.0
2026-02-18 07:50:30,100.0,100.0
2026-02-18 07:50:45,100.0,100.0
2026-02-18 07:51:00,100.0,100.0
2026-02-18 07:51:15,100.0,100.0
2026-02-18 07:51:30,100.0,100.0
2026-02-18 07:51:45,100.0,100.0
2026-02-18 07:52:00,100.0,100.0
2026-02-18 07:52:15,100.0,100.0
2026-02-18 07:52:30,100.0,100.0
2026-02-18 07:52:45,100.0,100.0
2026-02-18 07:53:00,100.0,100.0
2026-02-18 07:53:15,100.0,100.0
2026-02-18 07:53:30,100.0,100.0
2026-02-18 07:53:45,100.0,100.0
2026-02-18 07:54:00,100.0,100.0
2026-02-18 07:54:15,100.0,100.0
2026-02-18 07:54:30,100.0,100.0
2026-02-18 07:54:45,100.0,100.0
2026-02-18 07:55:00,100.0,100.0
2026-02-18 07:55:15,100.0,100.0
2026-02-18 07:55:30,100.0,100.0
2026-02-18 07:55:45,100.0,100.0
2026-02-18 07:56:00,100.0,100.0
2026-02-18 07:56:15,100.0,100.0
2026-02-18 07:56:30,100.0,100.0
2026-02-18 07:56:45,100.0,100.0
2026-02-18 07:57:00,100.0,100.0
2026-02-18 07:57:15,100.0,100.0
2026-02-18 07:57:30,100.0,100.0
2026-02-18 07:57:45,100.0,100.0
2026-02-18 07:58:00,100.0,100.0
2026-02-18 07:58:15,100.0,100.0
2026-02-18 07:58:30,100.0,100.0
2026-02-18 07:58:45,100.0,100.0
2026-02-18 07:59:00,100.0,100.0
2026-02-18 07:59:15,100.0,100.0
2026-02-18 07:59:30,100.0,100.0
2026-02-18 07:59:45,100.0,100.0
2026-02-18 08:00:00,100.0,100.0
2026-02-18 08:00:15,100.0,100.0
2026-02-18 08:00:30,100.0,100.0
2026-02-18 08:00:45,100.0,100.0
2026-02-18 08:01:00,100.0,100.0
2026-02-18 08:01:15,100.0,100.0
2026-02-18 08:01:30,100.0,100.0
2026-02-18 08:01:45,100.0,100.0
2026-02-18 08:02:00,100.0,100.0
2026-02-18 08:02:15,100.0,100.0
2026-02-18 08:02:30,100.0,100.0
2026-02-18 08:02:45,100.0,100.0
2026-02-18 08:03:00,100.0,100.0
2026-02-18 08:03:15,100.0,100.0
2026-02-18 08:03:30,100.0,100.0
2026-02-18 08:03:45,100.0,100.0
2026-02-18 08:04:00,100.0,100.0
2026-02-18 08:04:15,100.0,100.0
2026-02-18 08:04:30,100.0,100.0
2026-02-18 08:04:45,100.0,100.0
2026-02-18 08:05:00,100.0,100.0
2026-02-18 08:05:15,100.0,100.0
2026-02-18 08:05:30,100.0,100.0
2026-02-18 08:05:45,100.0,100.0
2026-02-18 08:06:00,100.0,100.0
2026-02-18 08:06:15,100.0,100.0
2026-02-18 08:06:30,100.0,100.0
2026-02-18 08:06:45,100.0,100.0
2026-02-18 08:07:00,100.0,100.0
2026-02-18 08:07:15,100.0,100.0
2026-02-18 08:07:30,100.0,100.0
2026-02-18 08:07:45,100.0,100.0
2026-02-18 08:08:00,100.0,100.0
2026-02-18 08:08:15,100.0,100.0
2026-02-18 08:08:30,100.0,100.0
2026-02-18 08:08:45,100.0,100.0
2026-02-18 08:09:00,100.0,100.0
2026-02-18 08:09:15,100.0,100.0
2026-02-18 08:09:30,100.0,100.0
2026-02-18 08:09:45,100.0,100.0
2026-02-18 08:10:00,100.0,100.0
2026-02-18 08:10:15,100.0,100.0
2026-02-18 08:10:30,100.0,100.0
2026-02-18 08:10:45,100.0,100.0
2026-02-18 08:11:00,100.0,100.0
2026-02-18 08:11:15,100.0,100.0
2026-02-18 08:11:30,100.0,100.0
2026-02-18 08:11:45,100.0,100.0
2026-02-18 08:12:00,100.0,100.0
2026-02-18 08:12:15,100.0,100.0
2026-02-18 08:12:30,100.0,100.0
2026-02-18 08:12:45,100.0,100.0
2026-02-18 08:13:00,100.0,100.0
2026-02-18 08:13:15,100.0,100.0
2026-02-18 08:13:30,100.0,100.0
2026-02-18 08:13:45,100.0,100.0
2026-02-18 08:14:00,100.0,100.0
2026-02-18 08:14:15,100.0,100.0
2026-02-18 08:14:30,100.0,100.0
2026-02-18 08:14:45,100.0,100.0
2026-02-18 08:15:00,100.0,100.0
2026-02-18 08:15:15,100.0,100.0
2026-02-18 08:15:30,100.0,100.0
2026-02-18 08:15:45,100.0,100.0
2026-02-18 08:16:00,100.0,100.0
2026-02-18 08:16:15,100.0,100.0
2026-02-18 08:16:30,100.0,100.0
2026-02-18 08:16:45,100.0,100.0
2026-02-18 08:17:00,100.0,100.0
2026-02-18 08:17:15,100.0,100.0
2026-02-18 08:17:30,100.0,100.0
2026-02-18 08:17:45,100.0,100.0
2026-02-18 08:18:00,100.0,100.0
2026-02-18 08:18:15,100.0,100.0
2026-02-18 08:18:30,100.0,100.0
2026-02-18 08:18:45,100.0,100.0
2026-02-18 08:19:00,100.0,100.0
2026-02-18 08:19:15,100.0,100.0
2026-02-18 08:19:30,100.0,100.0
2026-02-18 08:19:45,100.0,100.0
2026-02-18 08:20:00,100.0,100.0
2026-02-18 08:20:15,100.0,100.0
2026-02-18 08:20:30,100.0,100.0
2026-02-18 08:20:45,100.0,100.0
2026-02-18 08:21:00,100.0,100.0
2026-02-18 08:21:15,100.0,100.0
2026-02-18 08:21:30,100.0,100.0
2026-02-18 08:21:45,100.0,100.0
2026-02-18 08:22:00,100.0,100.0
2026-02-18 08:22:15,100.0,100.0
2026-02-18 08:22:30,100.0,100.0
2026-02-18 08:22:45,100.0,100.0
2026-02-18 08:23:00,100.0,100.0
2026-02-18 08:23:15,100.0,100.0
2026-02-18 08:23:30,100.0,100.0
2026-02-18 08:23:45,100.0,100.0
2026-02-18 08:24:00,100.0,100.0
2026-02-18 08:24:15,100.0,100.0
2026-02-18 08:24:30,100.0,100.0
2026-02-18 08:24:45,100.0,100.0
2026-02-18 08:25:00,100.0,100.0
2026-02-18 08:25:15,100.0,100.0
2026-02-18 08:25:30,100.0,100.0
2026-02-18 08:25:45,100.0,100.0
2026-02-18 08:26:00,100.0,100.0
2026-02-18 08:26:15,100.0,100.0
2026-02-18 08:26:30,100.0,100.0
2026-02-18 08:26:45,100.0,100.0
2026-02-18 08:27:00,100.0,100.0
2026-02-18 08:27:15,100.0,100.0
2026-02-18 08:27:30,100.0,100.0
2026-02-18 08:27:45,100.0,100.0
2026-02-18 08:28:00,100.0,100.0
2026-02-18 08:28:15,100.0,100.0
2026-02-18 08:28:30,100.0,100.0
2026-02-18 08:28:45,100.0,100.0
2026-02-18 08:29:00,100.0,100.0
2026-02-18 08:29:15,100.0,100.0
2026-02-18 08:29:30,100.0,100.0
2026-02-18 08:29:45,100.0,100.0
2026-02-18 08:30:00,100.0,100.0
2026-02-18 08:30:15,100.0,100.0
2026-02-18 08:30:30,100.0,100.0
2026-02-18 08:30:45,100.0,100.0
2026-02-18 08:31:00,100.0,100.0
2026-02-18 08:31:15,100.0,100.0
2026-02-18 08:31:30,100.0,100.0
2026-02-18 08:31:45,100.0,100.0
2026-02-18 08:32:00,100.0,100.0
2026-02-18 08:32:15,100.0,100.0
2026-02-18 08:32:30,100.0,100.0
2026-02-18 08:32:45,100.0,100.0
2026-02-18 08:33:00,100.0,100.0
2026-02-18 08:33:15,100.0,100.0
2026-02-18 08:33:30,100.0,100.0
2026-02-18 08:33:45,100.0,100.0
2026-02-18 08:34:00,100.0,100.0
2026-02-18 08:34:15,100.0,100.0
2026-02-18 08:34:30,100.0,100.0
2026-02-18 08:34:45,100.0,100.0
2026-02-18 08:35:00,100.0,100.0
2026-02-18 08:35:15,100.0,100.0
2026-02-18 08:35:30,100.0,100.0
2026-02-18 08:35:45,100.0,100.0
2026-02-18 08:36:00,100.0,100.0
2026-02-18 08:36:15,100.0,100.0
2026-02-18 08:36:30,100.0,100.0
2026-02-18 08:36:45,100.0,100.0
2026-02-18 08:37:00,100.0,100.0
2026-02-18 08:37:15,100.0,100.0
2026-02-18 08:37:30,100.0,100.0
2026-02-18 08:37:45,100.0,100.0
2026-02-18 08:38:00,100.0,100.0
2026-02-18 08:38:15,100.0,100.0
2026-02-18 08:38:30,100.0,100.0
2026-02-18 08:38:45,100.0,100.0
2026-02-18 08:39:00,100.0,100.0
2026-02-18 08:39:15,100.0,100.0
2026-02-18 08:39:30,100.0,100.0
2026-02-18 08:39:45,100.0,100.0
2026-02-18 08:40:00,100.0,100.0
2026-02-18 08:40:15,100.0,100.0
2026-02-18 08:40:30,100.0,100.0
2026-02-18 08:40:45,100.0,100.0
2026-02-18 08:41:00,100.0,100.0
2026-02-18 08:41:15,100.0,100.0
2026-02-18 08:41:30,100.0,100.0
2026-02-18 08:41:45,100.0,100.0
2026-02-18 08:42:00,100.0,100.0
2026-02-18 08:42:15,100.0,100.0
2026-02-18 08:42:30,100.0,100.0
2026-02-18 08:42:45,100.0,100.0
2026-02-18 08:43:00,100.0,100.0
2026-02-18 08:43:15,100.0,100.0
2026-02-18 08:43:30,100.0,100.0
2026-02-18 08:43:45,100.0,100.0
2026-02-18 08:44:00,100.0,100.0
2026-02-18 08:44:15,100.0,100.0
2026-02-18 08:44:30,100.0,100.0
2026-02-18 08:44:45,100.0,100.0
2026-02-18 08:45:00,100.0,100.0
2026-02-18 08:45:15,100.0,100.0
2026-02-18 08:45:30,100.0,100.0
2026-02-18 08:45:45,100.0,100.0
2026-02-18 08:46:00,100.0,100.0
2026-02-18 08:46:15,100.0,100.0
2026-02-18 08:46:30,100.0,100.0
2026-02-18 08:46:45,100.0,100.0
2026-02-18 08:47:00,100.0,100.0
2026-02-18 08:47:15,100.0,100.0
2026-02-18 08:47:30,100.0,100.0
2026-02-18 08:47:45,100.0,100.0
2026-02-18 08:48:00,100.0,100.0
2026-02-18 08:48:15,100.0,100.0
2026-02-18 08:48:30,100.0,100.0
2026-02-18 08:48:45,100.0,100.0
2026-02-18 08:49:00,100.0,100.0
2026-02-18 08:49:15,100.0,100.0
2026-02-18 08:49:30,100.0,100.0
2026-02-18 08:49:45,100.0,100.0
2026-02-18 08:50:00,100.0,100.0
2026-02-18 08:50:15,100.0,100.0
2026-02-18 08:50:30,100.0,100.0
2026-02-18 08:50:45,100.0,100.0
2026-02-18 08:51:00,100.0,100.0
2026-02-18 08:51:15,100.0,100.0
2026-02-18 08:51:30,100.0,100.0
2026-02-18 08:51:45,100.0,100.0
2026-02-18 08:52:00,100.0,100.0
2026-02-18 08:52:15,100.0,100.0
2026-02-18 08:52:30,100.0,100.0
2026-02-18 08:52:45,100.0,100.0
2026-02-18 08:53:00,100.0,100.0
2026-02-18 08:53:15,100.0,100.0
2026-02-18 08:53:30,100.0,100.0
2026-02-18 08:53:45,100.0,100.0
2026-02-18 08:54:00,100.0,100.0
2026-02-18 08:54:15,100.0,100.0
2026-02-18 08:54:30,100.0,100.0
2026-02-18 08:54:45,100.0,100.0
2026-02-18 08:55:00,100.0,100.0
2026-02-18 08:55:15,100.0,100.0
2026-02-18 08:55:30,100.0,100.0
2026-02-18 08:55:45,100.0,100.0
2026-02-18 08:56:00,100.0,100.0
2026-02-18 08:56:15,100.0,100.0
2026-02-18 08:56:30,100.0,100.0
2026-02-18 08:56:45,100.0,100.0
2026-02-18 08:57:00,100.0,100.0
2026-02-18 08:57:15,100.0,100.0
2026-02-18 08:57:30,100.0,100.0
2026-02-18 08:57:45,100.0,100.0
2026-02-18 08:58:00,100.0,100.0
2026-02-18 08:58:15,100.0,100.0
2026-02-18 08:58:30,100.0,100.0
2026-02-18 08:58:45,100.0,100.0
2026-02-18 08:59:00,100.0,100.0
2026-02-18 08:59:15,100.0,100.0
2026-02-18 08:59:30,100.0,100.0
2026-02-18 08:59:45,100.0,100.0
2026-02-18 09:00:00,100.0,100.0
2026-02-18 09:00:15,100.0,100.0
2026-02-18 09:00:30,100.0,100.0
2026-02-18 09:00:45,100.0,100.0
2026-02-18 09:01:00,100.0,100.0
2026-02-18 09:01:15,100.0,100.0
2026-02-18 09:01:30,100.0,100.0
2026-02-18 09:01:45,100.0,100.0
2026-02-18 09:02:00,100.0,100.0
2026-02-18 09:02:15,100.0,100.0
2026-02-18 09:02:30,100.0,100.0
2026-02-18 09:02:45,100.0,100.0
2026-02-18 09:03:00,100.0,100.0
2026-02-18 09:03:15,100.0,100.0
2026-02-18 09:03:30,100.0,100.0
2026-02-18 09:03:45,100.0,100.0
2026-02-18 09:04:00,100.0,100.0
2026-02-18 09:04:15,100.0,100.0
2026-02-18 09:04:30,100.0,100.0
2026-02-18 09:04:45,100.0,100.0
2026-02-18 09:05:00,100.0,100.0
2026-02-18 09:05:15,100.0,100.0
2026-02-18 09:05:30,100.0,100.0
2026-02-18 09:05:45,100.0,100.0
2026-02-18 09:06:00,100.0,100.0
2026-02-18 09:06:15,100.0,100.0
2026-02-18 09:06:30,100.0,100.0
2026-02-18 09:06:45,100.0,100.0
2026-02-18 09:07:00,100.0,100.0
2026-02-18 09:07:15,100.0,100.0
2026-02-18 09:07:30,100.0,100.0
2026-02-18 09:07:45,100.0,100.0
2026-02-18 09:08:00,100.0,100.0
2026-02-18 09:08:15,100.0,100.0
2026-02-18 09:08:30,100.0,100.0
2026-02-18 09:08:45,100.0,100.0
2026-02-18 09:09:00,100.0,100.0
2026-02-18 09:09:15,100.0,100.0
2026-02-18 09:09:30,100.0,100.0
2026-02-18 09:09:45,100.0,100.0
2026-02-18 09:10:00,100.0,100.0
2026-02-18 09:10:15,100.0,100.0
2026-02-18 09:10:30,100.0,100.0
2026-02-18 09:10:45,100.0,100.0
2026-02-18 09:11:00,100.0,100.0
2026-02-18 09:11:15,100.0,100.0
2026-02-18 09:11:30,100.0,100.0
2026-02-18 09:11:45,100.0,100.0
2026-02-18 09:12:00,100.0,100.0
2026-02-18 09:12:15,100.0,100.0
2026-02-18 09:12:30,100.0,100.0
2026-02-18 09:12:45,100.0,100.0
2026-02-18 09:13:00,100.0,100.0
2026-02-18 09:13:15,100.0,100.0
2026-02-18 09:13:30,100.0,100.0
2026-02-18 09:13:45,100.0,100.0
2026-02-18 09:14:00,100.0,100.0
2026-02-18 09:14:15,100.0,100.0
2026-02-18 09:14:30,100.0,100.0
2026-02-18 09:14:45,100.0,100.0
2026-02-18 09:15:00,100.0,100.0
2026-02-18 09:15:15,100.0,100.0
2026-02-18 09:15:30,100.0,100.0
2026-02-18 09:15:45,100.0,100.0
2026-02-18 09:16:00,100.0,100.0
2026-02-18 09:16:15,100.0,100.0
2026-02-18 09:16:30,100.0,100.0
2026-02-18 09:16:45,100.0,100.0
2026-02-18 09:17:00,100.0,100.0
2026-02-18 09:17:15,100.0,100.0
2026-02-18 09:17:30,100.0,100.0
2026-02-18 09:17:45,100.0,100.0
2026-02-18 09:18:00,100.0,100.0
2026-02-18 09:18:15,100.0,100.0
2026-02-18 09:18:30,100.0,100.0
2026-02-18 09:18:45,100.0,100.0
2026-02-18 09:19:00,100.0,100.0
2026-02-18 09:19:15,100.0,100.0
2026-02-18 09:19:30,100.0,100.0
2026-02-18 09:19:45,100.0,100.0
2026-02-18 09:20:00,100.0,100.0
2026-02-18 09:20:15,100.0,100.0
2026-02-18 09:20:30,100.0,100.0
2026-02-18 09:20:45,100.0,100.0
2026-02-18 09:21:00,100.0,100.0
2026-02-18 09:21:15,100.0,100.0
2026-02-18 09:21:30,100.0,100.0
2026-02-18 09:21:45,100.0,100.0
2026-02-18 09:22:00,100.0,100.0
2026-02-18 09:22:15,100.0,100.0
2026-02-18 09:22:30,100.0,100.0
2026-02-18 09:22:45,100.0,100.0
2026-02-18 09:23:00,100.0,100.0
2026-02-18 09:23:15,100.0,100.0
2026-02-18 09:23:30,100.0,100.0
2026-02-18 09:23:45,100.0,100.0
2026-02-18 09:24:00,100.0,100.0
2026-02-18 09:24:15,100.0,100.0
2026-02-18 09:24:30,100.0,100.0
2026-02-18 09:24:45,100.0,100.0
2026-02-18 09:25:00,87.5,100.0
2026-02-18 09:25:15,100.0,100.0
2026-02-18 09:25:30,100.0,100.0
2026-02-18 09:25:45,100.0,100.0
2026-02-18 09:26:00,87.5,100.0
2026-02-18 09:26:15,87.5,100.0
2026-02-18 09:26:30,100.0,100.0
2026-02-18 09:26:45,87.5,100.0
2026-02-18 09:27:00,87.5,100.0
2026-02-18 09:27:15,100.0,100.0
2026-02-18 09:27:30,87.5,100.0
2026-02-18 09:27:45,87.5,100.0
2026-02-18 09:28:00,100.0,100.0
2026-02-18 09:28:15,100.0,100.0
2026-02-18 09:28:30,100.0,100.0
2026-02-18 09:28:45,100.0,100.0
2026-02-18 09:29:00,100.0,100.0
2026-02-18 09:29:15,100.0,100.0
2026-02-18 09:29:30,87.5,100.0
2026-02-18 09:29:45,87.5,100.0
2026-02-18 09:30:00,87.5,100.0
2026-02-18 09:30:15,87.5,100.0
2026-02-18 09:30:30,87.5,100.0
2026-02-18 09:30:45,87.5,100.0
2026-02-18 09:31:00,87.5,100.0
2026-02-18 09:31:15,87.5,100.0
2026-02-18 09:31:30,87.5,100.0
2026-02-18 09:31:45,87.5,100.0
2026-02-18 09:32:00,87.5,100.0
2026-02-18 09:32:15,100.0,100.0
2026-02-18 09:32:30,100.0,100.0
2026-02-18 09:32:45,100.0,100.0
2026-02-18 09:33:00,100.0,100.0
2026-02-18 09:33:15,87.5,100.0
2026-02-18 09:33:30,100.0,100.0
2026-02-18 09:33:45,100.0,100.0
2026-02-18 09:34:00,87.5,100.0
2026-02-18 09:34:15,87.5,100.0
2026-02-18 09:34:30,87.5,100.0
2026-02-18 09:34:45,87.5,100.0
2026-02-18 09:35:00,87.5,100.0
2026-02-18 09:35:15,100.0,100.0
2026-02-18 09:35:30,100.0,100.0
2026-02-18 09:35:45,100.0,100.0
2026-02-18 09:36:00,100.0,100.0
2026-02-18 09:36:15,100.0,100.0
2026-02-18 09:36:30,100.0,100.0
2026-02-18 09:36:45,100.0,100.0
2026-02-18 09:37:00,100.0,100.0
2026-02-18 09:37:15,100.0,100.0
2026-02-18 09:37:30,100.0,100.0
2026-02-18 09:37:45,100.0,100.0
2026-02-18 09:38:00,100.0,100.0
2026-02-18 09:38:15,100.0,100.0
2026-02-18 09:38:30,100.0,100.0
2026-02-18 09:38:45,100.0,100.0
2026-02-18 09:39:00,100.0,100.0
2026-02-18 09:39:15,100.0,100.0
2026-02-18 09:39:30,100.0,100.0
2026-02-18 09:39:45,100.0,100.0
2026-02-18 09:40:00,100.0,100.0
2026-02-18 09:40:15,100.0,100.0
2026-02-18 09:40:30,100.0,100.0
2026-02-18 09:40:45,100.0,100.0
2026-02-18 09:41:00,100.0,100.0
2026-02-18 09:41:15,100.0,100.0
2026-02-18 09:41:30,100.0,100.0
2026-02-18 09:41:45,100.0,100.0
2026-02-18 09:42:00,100.0,100.0
2026-02-18 09:42:15,100.0,100.0
2026-02-18 09:42:30,100.0,100.0
2026-02-18 09:42:45,100.0,100.0
2026-02-18 09:43:00,100.0,100.0
2026-02-18 09:43:15,100.0,100.0
2026-02-18 09:43:30,100.0,100.0
2026-02-18 09:43:45,100.0,100.0
2026-02-18 09:44:00,100.0,100.0
2026-02-18 09:44:15,100.0,100.0
2026-02-18 09:44:30,100.0,100.0
2026-02-18 09:44:45,100.0,100.0
2026-02-18 09:45:00,100.0,100.0
2026-02-18 09:45:15,100.0,100.0
2026-02-18 09:45:30,100.0,100.0
2026-02-18 09:45:45,100.0,100.0
2026-02-18 09:46:00,100.0,100.0
2026-02-18 09:46:15,100.0,100.0
2026-02-18 09:46:30,100.0,100.0
2026-02-18 09:46:45,100.0,100.0
2026-02-18 09:47:00,100.0,100.0
2026-02-18 09:47:15,87.5,100.0
2026-02-18 09:47:30,87.5,100.0
2026-02-18 09:47:45,87.5,100.0
2026-02-18 09:48:00,87.5,100.0
2026-02-18 09:48:15,87.5,100.0
2026-02-18 09:48:30,87.5,100.0
2026-02-18 09:48:45,87.5,100.0
2026-02-18 09:49:00,87.5,100.0
2026-02-18 09:49:15,87.5,100.0
2026-02-18 09:49:30,87.5,100.0
2026-02-18 09:49:45,87.5,100.0
2026-02-18 09:50:00,87.5,100.0
2026-02-18 09:50:15,87.5,100.0
2026-02-18 09:50:30,87.5,100.0
2026-02-18 09:50:45,87.5,100.0
2026-02-18 09:51:00,87.5,100.0
2026-02-18 09:51:15,87.5,100.0
2026-02-18 09:51:30,87.5,100.0
2026-02-18 09:51:45,87.5,100.0
2026-02-18 09:52:00,87.5,100.0
2026-02-18 09:52:15,87.5,100.0
2026-02-18 09:52:30,87.5,100.0
2026-02-18 09:52:45,100.0,100.0
2026-02-18 09:53:00,100.0,100.0
2026-02-18 09:53:15,100.0,100.0
2026-02-18 09:53:30,100.0,100.0
2026-02-18 09:53:45,100.0,100.0
2026-02-18 09:54:00,100.0,100.0
2026-02-18 09:54:15,100.0,100.0
2026-02-18 09:54:30,100.0,100.0
2026-02-18 09:54:45,100.0,100.0
2026-02-18 09:55:00,100.0,100.0
2026-02-18 09:55:15,100.0,100.0
2026-02-18 09:55:30,100.0,100.0
2026-02-18 09:55:45,100.0,100.0
2026-02-18 09:56:00,100.0,100.0
2026-02-18 09:56:15,100.0,100.0
2026-02-18 09:56:30,100.0,100.0
2026-02-18 09:56:45,100.0,100.0
2026-02-18 09:57:00,100.0,100.0
2026-02-18 09:57:15,100.0,100.0
2026-02-18 09:57:30,100.0,100.0
2026-02-18 09:57:45,100.0,100.0
2026-02-18 09:58:00,100.0,100.0
2026-02-18 09:58:15,100.0,100.0
2026-02-18 09:58:30,100.0,100.0
2026-02-18 09:58:45,100.0,100.0
2026-02-18 09:59:00,100.0,100.0
2026-02-18 09:59:15,100.0,100.0
2026-02-18 09:59:30,100.0,100.0
2026-02-18 09:59:45,100.0,100.0
2026-02-18 10:00:00,100.0,100.0
2026-02-18 10:00:15,100.0,100.0
2026-02-18 10:00:30,100.0,100.0
2026-02-18 10:00:45,100.0,100.0
2026-02-18 10:01:00,100.0,100.0
2026-02-18 10:01:15,100.0,100.0
2026-02-18 10:01:30,100.0,100.0
2026-02-18 10:01:45,100.0,100.0
2026-02-18 10:02:00,100.0,100.0
2026-02-18 10:02:15,100.0,100.0
2026-02-18 10:02:30,100.0,100.0
2026-02-18 10:02:45,100.0,100.0
2026-02-18 10:03:00,100.0,100.0
2026-02-18 10:03:15,100.0,100.0
2026-02-18 10:03:30,100.0,100.0
2026-02-18 10:03:45,100.0,100.0
2026-02-18 10:04:00,100.0,100.0
2026-02-18 10:04:15,100.0,100.0
2026-02-18 10:04:30,100.0,100.0
2026-02-18 10:04:45,100.0,100.0
2026-02-18 10:05:00,100.0,100.0
2026-02-18 10:05:15,100.0,100.0
2026-02-18 10:05:30,100.0,100.0
2026-02-18 10:05:45,100.0,100.0
2026-02-18 10:06:00,100.0,100.0
2026-02-18 10:06:15,100.0,100.0
2026-02-18 10:06:30,100.0,100.0
2026-02-18 10:06:45,100.0,100.0
2026-02-18 10:07:00,100.0,100.0
2026-02-18 10:07:15,100.0,100.0
2026-02-18 10:07:30,100.0,100.0
2026-02-18 10:07:45,100.0,100.0
2026-02-18 10:08:00,100.0,100.0
2026-02-18 10:08:15,100.0,100.0
2026-02-18 10:08:30,100.0,100.0
2026-02-18 10:08:45,100.0,100.0
2026-02-18 10:09:00,100.0,100.0
2026-02-18 10:09:15,100.0,100.0
2026-02-18 10:09:30,100.0,100.0
2026-02-18 10:09:45,100.0,100.0
2026-02-18 10:10:00,100.0,100.0
2026-02-18 10:10:15,100.0,100.0
2026-02-18 10:10:30,100.0,100.0
2026-02-18 10:10:45,100.0,100.0
2026-02-18 10:11:00,100.0,100.0
2026-02-18 10:11:15,100.0,100.0
2026-02-18 10:11:30,100.0,100.0
2026-02-18 10:11:45,100.0,100.0
2026-02-18 10:12:00,100.0,100.0
2026-02-18 10:12:15,100.0,100.0
2026-02-18 10:12:30,100.0,100.0
2026-02-18 10:12:45,100.0,100.0
2026-02-18 10:13:00,100.0,100.0
2026-02-18 10:13:15,100.0,100.0
2026-02-18 10:13:30,100.0,100.0
2026-02-18 10:13:45,100.0,100.0
2026-02-18 10:14:00,100.0,100.0
2026-02-18 10:14:15,100.0,100.0
2026-02-18 10:14:30,100.0,100.0
2026-02-18 10:14:45,100.0,100.0
2026-02-18 10:15:00,100.0,100.0
2026-02-18 10:15:15,100.0,100.0
2026-02-18 10:15:30,100.0,100.0
2026-02-18 10:15:45,100.0,100.0
2026-02-18 10:16:00,100.0,100.0
2026-02-18 10:16:15,100.0,100.0
2026-02-18 10:16:30,100.0,100.0
2026-02-18 10:16:45,100.0,100.0
2026-02-18 10:17:00,100.0,100.0
2026-02-18 10:17:15,100.0,100.0
2026-02-18 10:17:30,100.0,100.0
2026-02-18 10:17:45,100.0,100.0
2026-02-18 10:18:00,100.0,100.0
2026-02-18 10:18:15,100.0,100.0
2026-02-18 10:18:30,100.0,100.0
2026-02-18 10:18:45,100.0,100.0
2026-02-18 10:19:00,100.0,100.0
2026-02-18 10:19:15,100.0,100.0
2026-02-18 10:19:30,100.0,100.0
2026-02-18 10:19:45,100.0,100.0
2026-02-18 10:20:00,100.0,100.0
2026-02-18 10:20:15,100.0,100.0
2026-02-18 10:20:30,100.0,100.0
2026-02-18 10:20:45,100.0,100.0
2026-02-18 10:21:00,100.0,100.0
2026-02-18 10:21:15,100.0,100.0
2026-02-18 10:21:30,100.0,100.0
2026-02-18 10:21:45,100.0,100.0
2026-02-18 10:22:00,100.0,100.0
2026-02-18 10:22:15,100.0,100.0
2026-02-18 10:22:30,100.0,100.0
2026-02-18 10:22:45,100.0,100.0
2026-02-18 10:23:00,100.0,100.0
2026-02-18 10:23:15,100.0,100.0
2026-02-18 10:23:30,100.0,100.0
2026-02-18 10:23:45,100.0,100.0
2026-02-18 10:24:00,100.0,100.0
2026-02-18 10:24:15,100.0,100.0
2026-02-18 10:24:30,100.0,100.0
2026-02-18 10:24:45,100.0,100.0
2026-02-18 10:25:00,100.0,100.0
2026-02-18 10:25:15,100.0,100.0
2026-02-18 10:25:30,100.0,100.0
2026-02-18 10:25:45,100.0,100.0
2026-02-18 10:26:00,100.0,100.0
2026-02-18 10:26:15,100.0,100.0
2026-02-18 10:26:30,100.0,100.0
2026-02-18 10:26:45,100.0,100.0
2026-02-18 10:27:00,100.0,100.0
2026-02-18 10:27:15,100.0,100.0
2026-02-18 10:27:30,100.0,100.0
2026-02-18 10:27:45,100.0,100.0
2026-02-18 10:28:00,100.0,100.0
2026-02-18 10:28:15,100.0,100.0
2026-02-18 10:28:30,100.0,100.0
2026-02-18 10:28:45,100.0,100.0
2026-02-18 10:29:00,100.0,100.0
2026-02-18 10:29:15,100.0,100.0
2026-02-18 10:29:30,100.0,100.0
2026-02-18 10:29:45,100.0,100.0
2026-02-18 10:30:00,100.0,100.0
2026-02-18 10:30:15,100.0,100.0
2026-02-18 10:30:30,100.0,100.0
2026-02-18 10:30:45,100.0,100.0
2026-02-18 10:31:00,100.0,100.0
2026-02-18 10:31:15,100.0,100.0
2026-02-18 10:31:30,100.0,100.0
2026-02-18 10:31:45,100.0,100.0
2026-02-18 10:32:00,100.0,100.0
2026-02-18 10:32:15,100.0,100.0
2026-02-18 10:32:30,100.0,100.0
2026-02-18 10:32:45,100.0,100.0
2026-02-18 10:33:00,100.0,100.0
2026-02-18 10:33:15,100.0,100.0
2026-02-18 10:33:30,100.0,100.0
2026-02-18 10:33:45,100.0,100.0
2026-02-18 10:34:00,100.0,100.0
2026-02-18 10:34:15,100.0,100.0
2026-02-18 10:34:30,100.0,100.0
2026-02-18 10:34:45,100.0,100.0
2026-02-18 10:35:00,100.0,100.0
2026-02-18 10:35:15,100.0,100.0
2026-02-18 10:35:30,100.0,100.0
2026-02-18 10:35:45,100.0,100.0
2026-02-18 10:36:00,100.0,100.0
2026-02-18 10:36:15,100.0,100.0
2026-02-18 10:36:30,100.0,100.0
2026-02-18 10:36:45,100.0,100.0
2026-02-18 10:37:00,100.0,100.0
2026-02-18 10:37:15,100.0,100.0
2026-02-18 10:37:30,100.0,100.0
2026-02-18 10:37:45,87.5,100.0
2026-02-18 10:38:00,100.0,100.0
2026-02-18 10:38:15,87.5,100.0
2026-02-18 10:38:30,87.5,100.0
2026-02-18 10:38:45,100.0,100.0
2026-02-18 10:39:00,87.5,100.0
2026-02-18 10:39:15,100.0,100.0
2026-02-18 10:39:30,100.0,100.0
2026-02-18 10:39:45,100.0,100.0
2026-02-18 10:40:00,100.0,100.0
2026-02-18 10:40:15,100.0,100.0
2026-02-18 10:40:30,100.0,100.0
2026-02-18 10:40:45,100.0,100.0
2026-02-18 10:41:00,87.5,100.0
2026-02-18 10:41:15,87.5,100.0
2026-02-18 10:41:30,87.5,100.0
2026-02-18 10:41:45,87.5,100.0
2026-02-18 10:42:00,87.5,100.0
2026-02-18 10:42:15,87.5,100.0
2026-02-18 10:42:30,87.5,100.0
2026-02-18 10:42:45,87.5,100.0
2026-02-18 10:43:00,100.0,100.0
2026-02-18 10:43:15,100.0,100.0
2026-02-18 10:43:30,100.0,100.0
2026-02-18 10:43:45,100.0,100.0
2026-02-18 10:44:00,100.0,100.0
2026-02-18 10:44:15,100.0,100.0
2026-02-18 10:44:30,100.0,100.0
2026-02-18 10:44:45,100.0,100.0
2026-02-18 10:45:00,100.0,100.0
2026-02-18 10:45:15,100.0,100.0
2026-02-18 10:45:30,100.0,100.0
2026-02-18 10:45:45,100.0,100.0
2026-02-18 10:46:00,100.0,100.0
2026-02-18 10:46:15,100.0,100.0
2026-02-18 10:46:30,100.0,100.0
2026-02-18 10:46:45,100.0,100.0
2026-02-18 10:47:00,100.0,100.0
2026-02-18 10:47:15,100.0,100.0
2026-02-18 10:47:30,100.0,100.0
2026-02-18 10:47:45,100.0,100.0
2026-02-18 10:48:00,100.0,100.0
2026-02-18 10:48:15,100.0,100.0
2026-02-18 10:48:30,100.0,100.0
2026-02-18 10:48:45,100.0,100.0
2026-02-18 10:49:00,100.0,100.0
2026-02-18 10:49:15,100.0,100.0
2026-02-18 10:49:30,100.0,100.0
2026-02-18 10:49:45,100.0,100.0
2026-02-18 10:50:00,100.0,100.0
2026-02-18 10:50:15,100.0,100.0
2026-02-18 10:50:30,100.0,100.0
2026-02-18 10:50:45,100.0,100.0
2026-02-18 10:51:00,100.0,100.0
2026-02-18 10:51:15,100.0,100.0
2026-02-18 10:51:30,100.0,100.0
2026-02-18 10:51:45,100.0,100.0
2026-02-18 10:52:00,100.0,100.0
2026-02-18 10:52:15,100.0,100.0
2026-02-18 10:52:30,100.0,100.0
2026-02-18 10:52:45,100.0,100.0
2026-02-18 10:53:00,100.0,100.0
2026-02-18 10:53:15,100.0,100.0
2026-02-18 10:53:30,100.0,100.0
2026-02-18 10:53:45,100.0,100.0
2026-02-18 10:54:00,100.0,100.0
2026-02-18 10:54:15,100.0,100.0
2026-02-18 10:54:30,100.0,100.0
2026-02-18 10:54:45,100.0,100.0
2026-02-18 10:55:00,100.0,100.0
2026-02-18 10:55:15,100.0,100.0
2026-02-18 10:55:30,100.0,100.0
2026-02-18 10:55:45,100.0,100.0
2026-02-18 10:56:00,100.0,100.0
2026-02-18 10:56:15,100.0,100.0
2026-02-18 10:56:30,100.0,100.0
2026-02-18 10:56:45,100.0,100.0
2026-02-18 10:57:00,100.0,100.0
2026-02-18 10:57:15,100.0,100.0
2026-02-18 10:57:30,100.0,100.0
2026-02-18 10:57:45,100.0,100.0
2026-02-18 10:58:00,100.0,100.0
2026-02-18 10:58:15,87.5,100.0
2026-02-18 10:58:30,87.5,100.0
2026-02-18 10:58:45,87.5,100.0
2026-02-18 10:59:00,87.5,100.0
2026-02-18 10:59:15,100.0,100.0
2026-02-18 10:59:30,100.0,100.0
2026-02-18 10:59:45,100.0,100.0
2026-02-18 11:00:00,100.0,100.0
2026-02-18 11:00:15,100.0,100.0
2026-02-18 11:00:30,100.0,100.0
2026-02-18 11:00:45,100.0,100.0
2026-02-18 11:01:00,100.0,100.0
2026-02-18 11:01:15,100.0,100.0
2026-02-18 11:01:30,100.0,100.0
2026-02-18 11:01:45,100.0,100.0
2026-02-18 11:02:00,100.0,100.0
2026-02-18 11:02:15,100.0,100.0
2026-02-18 11:02:30,100.0,100.0
2026-02-18 11:02:45,100.0,100.0
2026-02-18 11:03:00,100.0,100.0
2026-02-18 11:03:15,100.0,100.0
2026-02-18 11:03:30,100.0,100.0
2026-02-18 11:03:45,100.0,100.0
2026-02-18 11:04:00,100.0,100.0
2026-02-18 11:04:15,100.0,100.0
2026-02-18 11:04:30,100.0,100.0
2026-02-18 11:04:45,100.0,100.0
2026-02-18 11:05:00,100.0,100.0
2026-02-18 11:05:15,100.0,100.0
2026-02-18 11:05:30,100.0,100.0
2026-02-18 11:05:45,100.0,100.0
2026-02-18 11:06:00,100.0,100.0
2026-02-18 11:06:15,100.0,100.0
2026-02-18 11:06:30,100.0,100.0
2026-02-18 11:06:45,100.0,100.0
2026-02-18 11:07:00,100.0,100.0
2026-02-18 11:07:15,100.0,100.0
2026-02-18 11:07:30,100.0,100.0
2026-02-18 11:07:45,100.0,100.0
2026-02-18 11:08:00,100.0,100.0
2026-02-18 11:08:15,100.0,100.0
2026-02-18 11:08:30,100.0,100.0
2026-02-18 11:08:45,100.0,100.0
2026-02-18 11:09:00,100.0,100.0
2026-02-18 11:09:15,100.0,100.0
2026-02-18 11:09:30,100.0,100.0
2026-02-18 11:09:45,100.0,100.0
2026-02-18 11:10:00,100.0,100.0
2026-02-18 11:10:15,100.0,100.0
2026-02-18 11:10:30,100.0,100.0
2026-02-18 11:10:45,100.0,100.0
2026-02-18 11:11:00,100.0,100.0
2026-02-18 11:11:15,100.0,100.0
2026-02-18 11:11:30,100.0,100.0
2026-02-18 11:11:45,100.0,100.0
2026-02-18 11:12:00,100.0,100.0
2026-02-18 11:12:15,100.0,100.0
2026-02-18 11:12:30,100.0,100.0
2026-02-18 11:12:45,100.0,100.0
2026-02-18 11:13:00,100.0,100.0
2026-02-18 11:13:15,100.0,100.0
2026-02-18 11:13:30,100.0,100.0
2026-02-18 11:13:45,100.0,100.0
2026-02-18 11:14:00,100.0,100.0
2026-02-18 11:14:15,100.0,100.0
2026-02-18 11:14:30,100.0,100.0
2026-02-18 11:14:45,100.0,100.0
2026-02-18 11:15:00,100.0,100.0
2026-02-18 11:15:15,100.0,100.0
2026-02-18 11:15:30,100.0,100.0
2026-02-18 11:15:45,100.0,100.0
2026-02-18 11:16:00,100.0,100.0
2026-02-18 11:16:15,100.0,100.0
2026-02-18 11:16:30,87.5,100.0
2026-02-18 11:16:45,87.5,100.0
2026-02-18 11:17:00,87.5,100.0
2026-02-18 11:17:15,87.5,100.0
2026-02-18 11:17:30,87.5,100.0
2026-02-18 11:17:45,87.5,100.0
2026-02-18 11:18:00,87.5,100.0
2026-02-18 11:18:15,87.5,100.0
2026-02-18 11:18:30,87.5,100.0
2026-02-18 11:18:45,87.5,100.0
2026-02-18 11:19:00,87.5,100.0
2026-02-18 11:19:15,87.5,100.0
2026-02-18 11:19:30,87.5,100.0
2026-02-18 11:19:45,87.5,100.0
2026-02-18 11:20:00,100.0,100.0
2026-02-18 11:20:15,100.0,100.0
2026-02-18 11:20:30,100.0,100.0
2026-02-18 11:20:45,100.0,100.0
2026-02-18 11:21:00,100.0,100.0
2026-02-18 11:21:15,100.0,100.0
2026-02-18 11:21:30,100.0,100.0
2026-02-18 11:21:45,100.0,100.0
2026-02-18 11:22:00,100.0,100.0
2026-02-18 11:22:15,100.0,100.0
2026-02-18 11:22:30,100.0,100.0
2026-02-18 11:22:45,100.0,100.0
2026-02-18 11:23:00,100.0,100.0
2026-02-18 11:23:15,100.0,100.0
2026-02-18 11:23:30,100.0,100.0
2026-02-18 11:23:45,100.0,100.0
2026-02-18 11:24:00,100.0,100.0
2026-02-18 11:24:15,100.0,100.0
2026-02-18 11:24:30,100.0,100.0
2026-02-18 11:24:45,100.0,100.0
2026-02-18 11:25:00,100.0,100.0
2026-02-18 11:25:15,100.0,100.0
2026-02-18 11:25:30,100.0,100.0
2026-02-18 11:25:45,100.0,100.0
2026-02-18 11:26:00,100.0,100.0
2026-02-18 11:26:15,100.0,100.0
2026-02-18 11:26:30,100.0,100.0
2026-02-18 11:26:45,100.0,100.0
2026-02-18 11:27:00,100.0,100.0
2026-02-18 11:27:15,100.0,100.0
2026-02-18 11:27:30,100.0,100.0
2026-02-18 11:27:45,100.0,100.0
2026-02-18 11:28:00,100.0,100.0
2026-02-18 11:28:15,100.0,100.0
2026-02-18 11:28:30,100.0,100.0
2026-02-18 11:28:45,100.0,100.0
2026-02-18 11:29:00,100.0,100.0
2026-02-18 11:29:15,100.0,100.0
2026-02-18 11:29:30,100.0,100.0
2026-02-18 11:29:45,100.0,100.0
2026-02-18 11:30:00,100.0,100.0
2026-02-18 11:30:15,100.0,100.0
2026-02-18 11:30:30,100.0,100.0
2026-02-18 11:30:45,100.0,100.0
2026-02-18 11:31:00,100.0,100.0
2026-02-18 11:31:15,100.0,100.0
2026-02-18 11:31:30,100.0,100.0
2026-02-18 11:31:45,100.0,100.0
2026-02-18 11:32:00,100.0,100.0
2026-02-18 11:32:15,100.0,100.0
2026-02-18 11:32:30,100.0,100.0
2026-02-18 11:32:45,100.0,100.0
2026-02-18 11:33:00,100.0,100.0
2026-02-18 11:33:15,100.0,100.0
2026-02-18 11:33:30,100.0,100.0
2026-02-18 11:33:45,100.0,100.0
2026-02-18 11:34:00,100.0,100.0
2026-02-18 11:34:15,100.0,100.0
2026-02-18 11:34:30,100.0,100.0
2026-02-18 11:34:45,100.0,100.0
2026-02-18 11:35:00,100.0,100.0
2026-02-18 11:35:15,100.0,100.0
2026-02-18 11:35:30,100.0,100.0
2026-02-18 11:35:45,100.0,100.0
2026-02-18 11:36:00,100.0,100.0
2026-02-18 11:36:15,100.0,100.0
2026-02-18 11:36:30,100.0,100.0
2026-02-18 11:36:45,100.0,100.0
2026-02-18 11:37:00,100.0,100.0
2026-02-18 11:37:15,100.0,100.0
2026-02-18 11:37:30,100.0,100.0
2026-02-18 11:37:45,100.0,100.0
2026-02-18 11:38:00,100.0,100.0
2026-02-18 11:38:15,100.0,100.0
2026-02-18 11:38:30,100.0,100.0
2026-02-18 11:38:45,100.0,100.0
2026-02-18 11:39:00,100.0,100.0
2026-02-18 11:39:15,100.0,100.0
2026-02-18 11:39:30,100.0,100.0
2026-02-18 11:39:45,100.0,100.0
2026-02-18 11:40:00,100.0,100.0
2026-02-18 11:40:15,100.0,100.0
2026-02-18 11:40:30,100.0,100.0
2026-02-18 11:40:45,100.0,100.0
2026-02-18 11:41:00,100.0,100.0
2026-02-18 11:41:15,100.0,100.0
2026-02-18 11:41:30,100.0,100.0
2026-02-18 11:41:45,100.0,100.0
2026-02-18 11:42:00,100.0,100.0
2026-02-18 11:42:15,100.0,100.0
2026-02-18 11:42:30,100.0,100.0
2026-02-18 11:42:45,100.0,100.0
2026-02-18 11:43:00,100.0,100.0
2026-02-18 11:43:15,100.0,100.0
2026-02-18 11:43:30,100.0,100.0
2026-02-18 11:43:45,100.0,100.0
2026-02-18 11:44:00,100.0,100.0
2026-02-18 11:44:15,100.0,100.0
2026-02-18 11:44:30,100.0,100.0
2026-02-18 11:44:45,100.0,100.0
2026-02-18 11:45:00,100.0,100.0
2026-02-18 11:45:15,100.0,100.0
2026-02-18 11:45:30,100.0,100.0
2026-02-18 11:45:45,100.0,100.0
2026-02-18 11:46:00,100.0,100.0
2026-02-18 11:46:15,100.0,100.0
2026-02-18 11:46:30,100.0,100.0
2026-02-18 11:46:45,100.0,100.0
2026-02-18 11:47:00,100.0,100.0
2026-02-18 11:47:15,100.0,100.0
2026-02-18 11:47:30,100.0,100.0
2026-02-18 11:47:45,100.0,100.0
2026-02-18 11:48:00,100.0,100.0
2026-02-18 11:48:15,100.0,100.0
2026-02-18 11:48:30,100.0,100.0
2026-02-18 11:48:45,100.0,100.0
2026-02-18 11:49:00,100.0,100.0
2026-02-18 11:49:15,100.0,100.0
2026-02-18 11:49:30,100.0,100.0
2026-02-18 11:49:45,100.0,100.0
2026-02-18 11:50:00,100.0,100.0
2026-02-18 11:50:15,100.0,100.0
2026-02-18 11:50:30,100.0,100.0
2026-02-18 11:50:45,100.0,100.0
2026-02-18 11:51:00,100.0,100.0
2026-02-18 11:51:15,100.0,100.0
2026-02-18 11:51:30,100.0,100.0
2026-02-18 11:51:45,100.0,100.0
2026-02-18 11:52:00,100.0,100.0
2026-02-18 11:52:15,100.0,100.0
2026-02-18 11:52:30,100.0,100.0
2026-02-18 11:52:45,100.0,100.0
2026-02-18 11:53:00,100.0,100.0
2026-02-18 11:53:15,100.0,100.0
2026-02-18 11:53:30,100.0,100.0
2026-02-18 11:53:45,100.0,100.0
2026-02-18 11:54:00,100.0,100.0
2026-02-18 11:54:15,100.0,100.0
2026-02-18 11:54:30,100.0,100.0
2026-02-18 11:54:45,100.0,100.0
2026-02-18 11:55:00,100.0,100.0
2026-02-18 11:55:15,100.0,100.0
2026-02-18 11:55:30,100.0,100.0
2026-02-18 11:55:45,100.0,100.0
2026-02-18 11:56:00,100.0,100.0
2026-02-18 11:56:15,100.0,100.0
2026-02-18 11:56:30,100.0,100.0
2026-02-18 11:56:45,100.0,100.0
2026-02-18 11:57:00,100.0,100.0
2026-02-18 11:57:15,100.0,100.0
2026-02-18 11:57:30,100.0,100.0
2026-02-18 11:57:45,100.0,100.0
2026-02-18 11:58:00,100.0,100.0
2026-02-18 11:58:15,100.0,100.0
2026-02-18 11:58:30,100.0,100.0
2026-02-18 11:58:45,100.0,100.0
2026-02-18 11:59:00,100.0,100.0
2026-02-18 11:59:15,87.5,100.0
2026-02-18 11:59:30,87.5,100.0
2026-02-18 11:59:45,87.5,100.0
2026-02-18 12:00:00,87.5,100.0
2026-02-18 12:00:15,87.5,100.0
2026-02-18 12:00:30,87.5,100.0
2026-02-18 12:00:45,100.0,100.0
2026-02-18 12:01:00,100.0,100.0
2026-02-18 12:01:15,87.5,100.0
2026-02-18 12:01:30,100.0,100.0
2026-02-18 12:01:45,100.0,100.0
2026-02-18 12:02:00,100.0,100.0
2026-02-18 12:02:15,87.5,100.0
2026-02-18 12:02:30,87.5,100.0
2026-02-18 12:02:45,87.5,100.0
2026-02-18 12:03:00,87.5,100.0
2026-02-18 12:03:15,100.0,100.0
2026-02-18 12:03:30,100.0,100.0
2026-02-18 12:03:45,100.0,100.0
2026-02-18 12:04:00,100.0,100.0
2026-02-18 12:04:15,100.0,100.0
2026-02-18 12:04:30,100.0,100.0
2026-02-18 12:04:45,100.0,100.0
2026-02-18 12:05:00,100.0,100.0
2026-02-18 12:05:15,100.0,100.0
2026-02-18 12:05:30,100.0,100.0
2026-02-18 12:05:45,100.0,100.0
2026-02-18 12:06:00,100.0,100.0
2026-02-18 12:06:15,100.0,100.0
2026-02-18 12:06:30,100.0,100.0
2026-02-18 12:06:45,100.0,100.0
2026-02-18 12:07:00,100.0,100.0
2026-02-18 12:07:15,100.0,100.0
2026-02-18 12:07:30,100.0,100.0
2026-02-18 12:07:45,100.0,100.0
2026-02-18 12:08:00,100.0,100.0
2026-02-18 12:08:15,100.0,100.0
2026-02-18 12:08:30,100.0,100.0
2026-02-18 12:08:45,100.0,100.0
2026-02-18 12:09:00,100.0,100.0
2026-02-18 12:09:15,100.0,100.0
2026-02-18 12:09:30,100.0,100.0
2026-02-18 12:09:45,100.0,100.0
2026-02-18 12:10:00,100.0,100.0
2026-02-18 12:10:15,100.0,100.0
2026-02-18 12:10:30,100.0,100.0
2026-02-18 12:10:45,100.0,100.0
2026-02-18 12:11:00,100.0,100.0
2026-02-18 12:11:15,100.0,100.0
2026-02-18 12:11:30,100.0,100.0
2026-02-18 12:11:45,100.0,100.0
2026-02-18 12:12:00,100.0,100.0
2026-02-18 12:12:15,100.0,100.0
2026-02-18 12:12:30,100.0,100.0
2026-02-18 12:12:45,100.0,100.0
2026-02-18 12:13:00,100.0,100.0
2026-02-18 12:13:15,100.0,100.0
2026-02-18 12:13:30,100.0,100.0
2026-02-18 12:13:45,100.0,100.0
2026-02-18 12:14:00,100.0,100.0
2026-02-18 12:14:15,100.0,100.0
2026-02-18 12:14:30,100.0,100.0
2026-02-18 12:14:45,100.0,100.0
2026-02-18 12:15:00,100.0,100.0
2026-02-18 12:15:15,100.0,100.0
2026-02-18 12:15:30,100.0,100.0
2026-02-18 12:15:45,100.0,100.0
2026-02-18 12:16:00,100.0,100.0
2026-02-18 12:16:15,100.0,100.0
2026-02-18 12:16:30,100.0,100.0
2026-02-18 12:16:45,100.0,100.0
2026-02-18 12:17:00,100.0,100.0
2026-02-18 12:17:15,100.0,100.0
2026-02-18 12:17:30,100.0,100.0
2026-02-18 12:17:45,100.0,100.0
2026-02-18 12:18:00,100.0,100.0
2026-02-18 12:18:15,100.0,100.0
2026-02-18 12:18:30,100.0,100.0
2026-02-18 12:18:45,100.0,100.0
2026-02-18 12:19:00,100.0,100.0
2026-02-18 12:19:15,100.0,100.0
2026-02-18 12:19:30,100.0,100.0
2026-02-18 12:19:45,100.0,100.0
2026-02-18 12:20:00,100.0,100.0
2026-02-18 12:20:15,100.0,100.0
2026-02-18 12:20:30,100.0,100.0
2026-02-18 12:20:45,100.0,100.0
2026-02-18 12:21:00,100.0,100.0
2026-02-18 12:21:15,100.0,100.0
2026-02-18 12:21:30,100.0,100.0
2026-02-18 12:21:45,100.0,100.0
2026-02-18 12:22:00,100.0,100.0
2026-02-18 12:22:15,100.0,100.0
2026-02-18 12:22:30,100.0,100.0
2026-02-18 12:22:45,100.0,100.0
2026-02-18 12:23:00,100.0,100.0
2026-02-18 12:23:15,100.0,100.0
2026-02-18 12:23:30,100.0,100.0
2026-02-18 12:23:45,100.0,100.0
2026-02-18 12:24:00,100.0,100.0
2026-02-18 12:24:15,100.0,100.0
2026-02-18 12:24:30,100.0,100.0
2026-02-18 12:24:45,100.0,100.0
2026-02-18 12:25:00,100.0,100.0
2026-02-18 12:25:15,100.0,100.0
2026-02-18 12:25:30,100.0,100.0
2026-02-18 12:25:45,100.0,100.0
2026-02-18 12:26:00,100.0,100.0
2026-02-18 12:26:15,100.0,100.0
2026-02-18 12:26:30,100.0,100.0
2026-02-18 12:26:45,100.0,100.0
2026-02-18 12:27:00,100.0,100.0
2026-02-18 12:27:15,100.0,100.0
2026-02-18 12:27:30,100.0,100.0
2026-02-18 12:27:45,100.0,100.0
2026-02-18 12:28:00,100.0,100.0
2026-02-18 12:28:15,87.5,100.0
2026-02-18 12:28:30,87.5,100.0
2026-02-18 12:28:45,100.0,100.0
2026-02-18 12:29:00,100.0,100.0
2026-02-18 12:29:15,100.0,100.0
2026-02-18 12:29:30,100.0,100.0
2026-02-18 12:29:45,100.0,100.0
2026-02-18 12:30:00,100.0,100.0
2026-02-18 12:30:15,100.0,100.0
2026-02-18 12:30:30,100.0,100.0
2026-02-18 12:30:45,100.0,100.0
2026-02-18 12:31:00,100.0,100.0
2026-02-18 12:31:15,100.0,100.0
2026-02-18 12:31:30,100.0,100.0
2026-02-18 12:31:45,100.0,100.0
2026-02-18 12:32:00,100.0,100.0
2026-02-18 12:32:15,100.0,100.0
2026-02-18 12:32:30,100.0,100.0
2026-02-18 12:32:45,100.0,100.0
2026-02-18 12:33:00,100.0,100.0
2026-02-18 12:33:15,100.0,100.0
2026-02-18 12:33:30,100.0,100.0
2026-02-18 12:33:45,100.0,100.0
2026-02-18 12:34:00,100.0,100.0
2026-02-18 12:34:15,100.0,100.0
2026-02-18 12:34:30,100.0,100.0
2026-02-18 12:34:45,100.0,100.0
2026-02-18 12:35:00,100.0,100.0
2026-02-18 12:35:15,100.0,100.0
2026-02-18 12:35:30,100.0,100.0
2026-02-18 12:35:45,100.0,100.0
2026-02-18 12:36:00,100.0,100.0
2026-02-18 12:36:15,100.0,100.0
2026-02-18 12:36:30,100.0,100.0
2026-02-18 12:36:45,100.0,100.0
2026-02-18 12:37:00,100.0,100.0
2026-02-18 12:37:15,100.0,100.0
2026-02-18 12:37:30,100.0,100.0
2026-02-18 12:37:45,100.0,100.0
2026-02-18 12:38:00,100.0,100.0
2026-02-18 12:38:15,100.0,100.0
2026-02-18 12:38:30,100.0,100.0
2026-02-18 12:38:45,100.0,100.0
2026-02-18 12:39:00,100.0,100.0
2026-02-18 12:39:15,100.0,100.0
2026-02-18 12:39:30,100.0,100.0
2026-02-18 12:39:45,100.0,100.0
2026-02-18 12:40:00,100.0,100.0
2026-02-18 12:40:15,100.0,100.0
2026-02-18 12:40:30,100.0,100.0
2026-02-18 12:40:45,100.0,100.0
2026-02-18 12:41:00,100.0,100.0
2026-02-18 12:41:15,100.0,100.0
2026-02-18 12:41:30,100.0,100.0
2026-02-18 12:41:45,100.0,100.0
2026-02-18 12:42:00,100.0,100.0
2026-02-18 12:42:15,100.0,100.0
2026-02-18 12:42:30,100.0,100.0
2026-02-18 12:42:45,100.0,100.0
2026-02-18 12:43:00,100.0,100.0
2026-02-18 12:43:15,100.0,100.0
2026-02-18 12:43:30,100.0,100.0
2026-02-18 12:43:45,100.0,100.0
2026-02-18 12:44:00,100.0,100.0
2026-02-18 12:44:15,100.0,100.0
2026-02-18 12:44:30,100.0,100.0
2026-02-18 12:44:45,100.0,100.0
2026-02-18 12:45:00,100.0,100.0
2026-02-18 12:45:15,100.0,100.0
2026-02-18 12:45:30,100.0,100.0
2026-02-18 12:45:45,100.0,100.0
2026-02-18 12:46:00,100.0,100.0
2026-02-18 12:46:15,100.0,100.0
2026-02-18 12:46:30,100.0,100.0
2026-02-18 12:46:45,100.0,100.0
2026-02-18 12:47:00,100.0,100.0
2026-02-18 12:47:15,100.0,100.0
2026-02-18 12:47:30,100.0,100.0
2026-02-18 12:47:45,100.0,100.0
2026-02-18 12:48:00,100.0,100.0
2026-02-18 12:48:15,100.0,100.0
2026-02-18 12:48:30,100.0,100.0
2026-02-18 12:48:45,100.0,100.0
2026-02-18 12:49:00,100.0,100.0
2026-02-18 12:49:15,100.0,100.0
2026-02-18 12:49:30,100.0,100.0
2026-02-18 12:49:45,100.0,100.0
2026-02-18 12:50:00,100.0,100.0
2026-02-18 12:50:15,100.0,100.0
2026-02-18 12:50:30,100.0,100.0
2026-02-18 12:50:45,100.0,100.0
2026-02-18 12:51:00,100.0,100.0
2026-02-18 12:51:15,100.0,100.0
2026-02-18 12:51:30,100.0,100.0
2026-02-18 12:51:45,100.0,100.0
2026-02-18 12:52:00,100.0,100.0
2026-02-18 12:52:15,100.0,100.0
2026-02-18 12:52:30,100.0,100.0
2026-02-18 12:52:45,100.0,100.0
2026-02-18 12:53:00,100.0,100.0
2026-02-18 12:53:15,100.0,100.0
2026-02-18 12:53:30,100.0,100.0
2026-02-18 12:53:45,100.0,100.0
2026-02-18 12:54:00,100.0,100.0
2026-02-18 12:54:15,100.0,100.0
2026-02-18 12:54:30,100.0,100.0
2026-02-18 12:54:45,100.0,100.0
2026-02-18 12:55:00,100.0,100.0
2026-02-18 12:55:15,100.0,100.0
2026-02-18 12:55:30,100.0,100.0
2026-02-18 12:55:45,100.0,100.0
2026-02-18 12:56:00,100.0,100.0
2026-02-18 12:56:15,100.0,100.0
2026-02-18 12:56:30,100.0,100.0
2026-02-18 12:56:45,100.0,100.0
2026-02-18 12:57:00,100.0,100.0
2026-02-18 12:57:15,100.0,100.0
2026-02-18 12:57:30,100.0,100.0
2026-02-18 12:57:45,100.0,100.0
2026-02-18 12:58:00,100.0,100.0
2026-02-18 12:58:15,100.0,100.0
2026-02-18 12:58:30,100.0,100.0
2026-02-18 12:58:45,100.0,100.0
2026-02-18 12:59:00,100.0,100.0
2026-02-18 12:59:15,100.0,100.0
2026-02-18 12:59:30,100.0,100.0
2026-02-18 12:59:45,100.0,100.0
2026-02-18 13:00:00,100.0,100.0
2026-02-18 13:00:15,100.0,100.0
2026-02-18 13:00:30,100.0,100.0
2026-02-18 13:00:45,100.0,100.0
2026-02-18 13:01:00,100.0,100.0
2026-02-18 13:01:15,100.0,100.0
2026-02-18 13:01:30,100.0,100.0
2026-02-18 13:01:45,100.0,100.0
2026-02-18 13:02:00,100.0,100.0
2026-02-18 13:02:15,100.0,100.0
2026-02-18 13:02:30,100.0,100.0
2026-02-18 13:02:45,100.0,100.0
2026-02-18 13:03:00,100.0,100.0
2026-02-18 13:03:15,100.0,100.0
2026-02-18 13:03:30,100.0,100.0
2026-02-18 13:03:45,100.0,100.0
2026-02-18 13:04:00,100.0,100.0
2026-02-18 13:04:15,100.0,100.0
2026-02-18 13:04:30,100.0,100.0
2026-02-18 13:04:45,100.0,100.0
2026-02-18 13:05:00,100.0,100.0
2026-02-18 13:05:15,100.0,100.0
2026-02-18 13:05:30,100.0,100.0
2026-02-18 13:05:45,100.0,100.0
2026-02-18 13:06:00,100.0,100.0
2026-02-18 13:06:15,100.0,100.0
2026-02-18 13:06:30,100.0,100.0
2026-02-18 13:06:45,100.0,100.0
2026-02-18 13:07:00,100.0,100.0
2026-02-18 13:07:15,100.0,100.0
2026-02-18 13:07:30,100.0,100.0
2026-02-18 13:07:45,100.0,100.0
2026-02-18 13:08:00,100.0,100.0
2026-02-18 13:08:15,100.0,100.0
2026-02-18 13:08:30,100.0,100.0
2026-02-18 13:08:45,100.0,100.0
2026-02-18 13:09:00,100.0,100.0
2026-02-18 13:09:15,100.0,100.0
2026-02-18 13:09:30,100.0,100.0
2026-02-18 13:09:45,100.0,100.0
2026-02-18 13:10:00,100.0,100.0
2026-02-18 13:10:15,100.0,100.0
2026-02-18 13:10:30,100.0,100.0
2026-02-18 13:10:45,100.0,100.0
2026-02-18 13:11:00,100.0,100.0
2026-02-18 13:11:15,100.0,100.0
2026-02-18 13:11:30,100.0,100.0
2026-02-18 13:11:45,100.0,100.0
2026-02-18 13:12:00,100.0,100.0
2026-02-18 13:12:15,100.0,100.0
2026-02-18 13:12:30,100.0,100.0
2026-02-18 13:12:45,100.0,100.0
2026-02-18 13:13:00,100.0,100.0
2026-02-18 13:13:15,100.0,100.0
2026-02-18 13:13:30,100.0,100.0
2026-02-18 13:13:45,100.0,100.0
2026-02-18 13:14:00,100.0,100.0
2026-02-18 13:14:15,100.0,100.0
2026-02-18 13:14:30,100.0,100.0
2026-02-18 13:14:45,100.0,100.0
2026-02-18 13:15:00,100.0,100.0
2026-02-18 13:15:15,100.0,100.0
2026-02-18 13:15:30,100.0,100.0
2026-02-18 13:15:45,100.0,100.0
2026-02-18 13:16:00,100.0,100.0
2026-02-18 13:16:15,100.0,100.0
2026-02-18 13:16:30,100.0,100.0
2026-02-18 13:16:45,100.0,100.0
2026-02-18 13:17:00,100.0,100.0
2026-02-18 13:17:15,100.0,100.0
2026-02-18 13:17:30,100.0,100.0
2026-02-18 13:17:45,100.0,100.0
2026-02-18 13:18:00,100.0,100.0
2026-02-18 13:18:15,100.0,100.0
2026-02-18 13:18:30,100.0,100.0
2026-02-18 13:18:45,100.0,100.0
2026-02-18 13:19:00,100.0,100.0
2026-02-18 13:19:15,100.0,100.0
2026-02-18 13:19:30,100.0,100.0
2026-02-18 13:19:45,100.0,100.0
2026-02-18 13:20:00,100.0,100.0
2026-02-18 13:20:15,100.0,100.0
2026-02-18 13:20:30,100.0,100.0
2026-02-18 13:20:45,100.0,100.0
2026-02-18 13:21:00,100.0,100.0
2026-02-18 13:21:15,100.0,100.0
2026-02-18 13:21:30,100.0,100.0
2026-02-18 13:21:45,100.0,100.0
2026-02-18 13:22:00,100.0,100.0
2026-02-18 13:22:15,100.0,100.0
2026-02-18 13:22:30,100.0,100.0
2026-02-18 13:22:45,100.0,100.0
2026-02-18 13:23:00,100.0,100.0
2026-02-18 13:23:15,100.0,100.0
2026-02-18 13:23:30,100.0,100.0
2026-02-18 13:23:45,100.0,100.0
2026-02-18 13:24:00,100.0,100.0
2026-02-18 13:24:15,100.0,100.0
2026-02-18 13:24:30,100.0,100.0
2026-02-18 13:24:45,100.0,100.0
2026-02-18 13:25:00,100.0,100.0
2026-02-18 13:25:15,100.0,100.0
2026-02-18 13:25:30,100.0,100.0
2026-02-18 13:25:45,100.0,100.0
2026-02-18 13:26:00,100.0,100.0
2026-02-18 13:26:15,100.0,100.0
2026-02-18 13:26:30,100.0,100.0
2026-02-18 13:26:45,100.0,100.0
2026-02-18 13:27:00,100.0,100.0
2026-02-18 13:27:15,100.0,100.0
2026-02-18 13:27:30,100.0,100.0
2026-02-18 13:27:45,100.0,100.0
2026-02-18 13:28:00,100.0,100.0
2026-02-18 13:28:15,100.0,100.0
2026-02-18 13:28:30,100.0,100.0
2026-02-18 13:28:45,100.0,100.0
2026-02-18 13:29:00,100.0,100.0
2026-02-18 13:29:15,100.0,100.0
2026-02-18 13:29:30,100.0,100.0
2026-02-18 13:29:45,100.0,100.0
2026-02-18 13:30:00,100.0,100.0
2026-02-18 13:30:15,100.0,100.0
2026-02-18 13:30:30,100.0,100.0
2026-02-18 13:30:45,100.0,100.0
2026-02-18 13:31:00,100.0,100.0
2026-02-18 13:31:15,100.0,100.0
2026-02-18 13:31:30,100.0,100.0
2026-02-18 13:31:45,100.0,100.0
2026-02-18 13:32:00,100.0,100.0
2026-02-18 13:32:15,100.0,100.0
2026-02-18 13:32:30,100.0,100.0
2026-02-18 13:32:45,100.0,100.0
2026-02-18 13:33:00,100.0,100.0
2026-02-18 13:33:15,100.0,100.0
2026-02-18 13:33:30,100.0,100.0
2026-02-18 13:33:45,100.0,100.0
2026-02-18 13:34:00,100.0,100.0
2026-02-18 13:34:15,100.0,100.0
2026-02-18 13:34:30,100.0,100.0
2026-02-18 13:34:45,100.0,100.0
2026-02-18 13:35:00,100.0,100.0
2026-02-18 13:35:15,100.0,100.0
2026-02-18 13:35:30,100.0,100.0
2026-02-18 13:35:45,100.0,100.0
2026-02-18 13:36:00,100.0,100.0
2026-02-18 13:36:15,100.0,100.0
2026-02-18 13:36:30,100.0,100.0
2026-02-18 13:36:45,100.0,100.0
2026-02-18 13:37:00,100.0,100.0
2026-02-18 13:37:15,100.0,100.0
2026-02-18 13:37:30,100.0,100.0
2026-02-18 13:37:45,100.0,100.0
2026-02-18 13:38:00,100.0,100.0
2026-02-18 13:38:15,100.0,100.0
2026-02-18 13:38:30,100.0,100.0
2026-02-18 13:38:45,100.0,100.0
2026-02-18 13:39:00,100.0,100.0
2026-02-18 13:39:15,100.0,100.0
2026-02-18 13:39:30,100.0,100.0
2026-02-18 13:39:45,100.0,100.0
2026-02-18 13:40:00,100.0,100.0
2026-02-18 13:40:15,100.0,100.0
2026-02-18 13:40:30,100.0,100.0
2026-02-18 13:40:45,100.0,100.0
2026-02-18 13:41:00,100.0,100.0
2026-02-18 13:41:15,100.0,100.0
2026-02-18 13:41:30,100.0,100.0
2026-02-18 13:41:45,100.0,100.0
2026-02-18 13:42:00,100.0,100.0
2026-02-18 13:42:15,100.0,100.0
2026-02-18 13:42:30,100.0,100.0
2026-02-18 13:42:45,100.0,100.0
2026-02-18 13:43:00,100.0,100.0
2026-02-18 13:43:15,100.0,100.0
2026-02-18 13:43:30,100.0,100.0
2026-02-18 13:43:45,100.0,100.0
2026-02-18 13:44:00,100.0,100.0
2026-02-18 13:44:15,100.0,100.0
2026-02-18 13:44:30,100.0,100.0
2026-02-18 13:44:45,100.0,100.0
2026-02-18 13:45:00,100.0,100.0
2026-02-18 13:45:15,100.0,100.0
2026-02-18 13:45:30,100.0,100.0
2026-02-18 13:45:45,100.0,100.0
2026-02-18 13:46:00,100.0,100.0
2026-02-18 13:46:15,100.0,100.0
2026-02-18 13:46:30,100.0,100.0
2026-02-18 13:46:45,100.0,100.0
2026-02-18 13:47:00,100.0,100.0
2026-02-18 13:47:15,100.0,100.0
2026-02-18 13:47:30,100.0,100.0
2026-02-18 13:47:45,100.0,100.0
2026-02-18 13:48:00,100.0,100.0
2026-02-18 13:48:15,100.0,100.0
2026-02-18 13:48:30,100.0,100.0
2026-02-18 13:48:45,100.0,100.0
2026-02-18 13:49:00,100.0,100.0
2026-02-18 13:49:15,100.0,100.0
2026-02-18 13:49:30,100.0,100.0
2026-02-18 13:49:45,100.0,100.0
2026-02-18 13:50:00,100.0,100.0
2026-02-18 13:50:15,100.0,100.0
2026-02-18 13:50:30,100.0,100.0
2026-02-18 13:50:45,100.0,100.0
2026-02-18 13:51:00,100.0,100.0
2026-02-18 13:51:15,100.0,100.0
2026-02-18 13:51:30,100.0,100.0
2026-02-18 13:51:45,100.0,100.0
2026-02-18 13:52:00,100.0,100.0
2026-02-18 13:52:15,100.0,100.0
2026-02-18 13:52:30,100.0,100.0
2026-02-18 13:52:45,100.0,100.0
2026-02-18 13:53:00,100.0,100.0
2026-02-18 13:53:15,100.0,100.0
2026-02-18 13:53:30,100.0,100.0
2026-02-18 13:53:45,100.0,100.0
2026-02-18 13:54:00,100.0,100.0
2026-02-18 13:54:15,100.0,100.0
2026-02-18 13:54:30,100.0,100.0
2026-02-18 13:54:45,100.0,100.0
2026-02-18 13:55:00,100.0,100.0
2026-02-18 13:55:15,100.0,100.0
2026-02-18 13:55:30,100.0,100.0
2026-02-18 13:55:45,100.0,100.0
2026-02-18 13:56:00,100.0,100.0
2026-02-18 13:56:15,100.0,100.0
2026-02-18 13:56:30,100.0,100.0
2026-02-18 13:56:45,100.0,100.0
2026-02-18 13:57:00,100.0,100.0
2026-02-18 13:57:15,100.0,100.0
2026-02-18 13:57:30,100.0,100.0
2026-02-18 13:57:45,100.0,100.0
2026-02-18 13:58:00,100.0,100.0
2026-02-18 13:58:15,100.0,100.0
2026-02-18 13:58:30,100.0,100.0
2026-02-18 13:58:45,100.0,100.0
2026-02-18 13:59:00,100.0,100.0
2026-02-18 13:59:15,100.0,100.0
2026-02-18 13:59:30,100.0,100.0
2026-02-18 13:59:45,100.0,100.0
2026-02-18 14:00:00,100.0,100.0
2026-02-18 14:00:15,100.0,100.0
2026-02-18 14:00:30,100.0,100.0
2026-02-18 14:00:45,100.0,100.0
2026-02-18 14:01:00,100.0,100.0
2026-02-18 14:01:15,100.0,100.0
2026-02-18 14:01:30,100.0,100.0
2026-02-18 14:01:45,100.0,100.0
2026-02-18 14:02:00,100.0,100.0
2026-02-18 14:02:15,100.0,100.0
2026-02-18 14:02:30,100.0,100.0
2026-02-18 14:02:45,100.0,100.0
2026-02-18 14:03:00,100.0,100.0
2026-02-18 14:03:15,100.0,100.0
2026-02-18 14:03:30,100.0,100.0
2026-02-18 14:03:45,100.0,100.0
2026-02-18 14:04:00,100.0,100.0
2026-02-18 14:04:15,100.0,100.0
2026-02-18 14:04:30,100.0,100.0
2026-02-18 14:04:45,100.0,100.0
2026-02-18 14:05:00,100.0,100.0
2026-02-18 14:05:15,100.0,100.0
2026-02-18 14:05:30,100.0,100.0
2026-02-18 14:05:45,100.0,100.0
2026-02-18 14:06:00,100.0,100.0
2026-02-18 14:06:15,100.0,100.0
2026-02-18 14:06:30,100.0,100.0
2026-02-18 14:06:45,100.0,100.0
2026-02-18 14:07:00,100.0,100.0
2026-02-18 14:07:15,100.0,100.0
2026-02-18 14:07:30,100.0,100.0
2026-02-18 14:07:45,100.0,100.0
2026-02-18 14:08:00,100.0,100.0
2026-02-18 14:08:15,100.0,100.0
2026-02-18 14:08:30,100.0,100.0
2026-02-18 14:08:45,100.0,100.0
2026-02-18 14:09:00,100.0,100.0
2026-02-18 14:09:15,100.0,100.0
2026-02-18 14:09:30,100.0,100.0
2026-02-18 14:09:45,100.0,100.0
2026-02-18 14:10:00,100.0,100.0
2026-02-18 14:10:15,100.0,100.0
2026-02-18 14:10:30,100.0,100.0
2026-02-18 14:10:45,100.0,100.0
2026-02-18 14:11:00,100.0,100.0
2026-02-18 14:11:15,100.0,100.0
2026-02-18 14:11:30,100.0,100.0
2026-02-18 14:11:45,100.0,100.0
2026-02-18 14:12:00,100.0,100.0
2026-02-18 14:12:15,100.0,100.0
2026-02-18 14:12:30,100.0,100.0
2026-02-18 14:12:45,100.0,100.0
2026-02-18 14:13:00,100.0,100.0
2026-02-18 14:13:15,100.0,100.0
2026-02-18 14:13:30,100.0,100.0
2026-02-18 14:13:45,100.0,100.0
2026-02-18 14:14:00,100.0,100.0
2026-02-18 14:14:15,100.0,100.0
2026-02-18 14:14:30,100.0,100.0
2026-02-18 14:14:45,100.0,100.0
2026-02-18 14:15:00,100.0,100.0
2026-02-18 14:15:15,100.0,100.0
2026-02-18 14:15:30,100.0,100.0
2026-02-18 14:15:45,100.0,100.0
2026-02-18 14:16:00,100.0,100.0
2026-02-18 14:16:15,100.0,100.0
2026-02-18 14:16:30,100.0,100.0
2026-02-18 14:16:45,100.0,100.0
2026-02-18 14:17:00,100.0,100.0
2026-02-18 14:17:15,100.0,100.0
2026-02-18 14:17:30,100.0,100.0
2026-02-18 14:17:45,100.0,100.0
2026-02-18 14:18:00,100.0,100.0
2026-02-18 14:18:15,100.0,100.0
2026-02-18 14:18:30,100.0,100.0
2026-02-18 14:18:45,100.0,100.0
2026-02-18 14:19:00,100.0,100.0
2026-02-18 14:19:15,100.0,100.0
2026-02-18 14:19:30,100.0,100.0
2026-02-18 14:19:45,100.0,100.0
2026-02-18 14:20:00,100.0,100.0
2026-02-18 14:20:15,100.0,100.0
2026-02-18 14:20:30,100.0,100.0
2026-02-18 14:20:45,100.0,100.0
2026-02-18 14:21:00,100.0,100.0
2026-02-18 14:21:15,100.0,100.0
2026-02-18 14:21:30,100.0,100.0
2026-02-18 14:21:45,100.0,100.0
2026-02-18 14:22:00,100.0,100.0
2026-02-18 14:22:15,100.0,100.0
2026-02-18 14:22:30,100.0,100.0
2026-02-18 14:22:45,100.0,100.0
2026-02-18 14:23:00,100.0,100.0
2026-02-18 14:23:15,100.0,100.0
2026-02-18 14:23:30,100.0,100.0
2026-02-18 14:23:45,100.0,100.0
2026-02-18 14:24:00,100.0,100.0
2026-02-18 14:24:15,100.0,100.0
2026-02-18 14:24:30,100.0,100.0
2026-02-18 14:24:45,100.0,100.0
2026-02-18 14:25:00,100.0,100.0
2026-02-18 14:25:15,100.0,100.0
2026-02-18 14:25:30,100.0,100.0
2026-02-18 14:25:45,100.0,100.0
2026-02-18 14:26:00,100.0,100.0
2026-02-18 14:26:15,100.0,100.0
2026-02-18 14:26:30,100.0,100.0
2026-02-18 14:26:45,100.0,100.0
2026-02-18 14:27:00,100.0,100.0
2026-02-18 14:27:15,100.0,100.0
2026-02-18 14:27:30,100.0,100.0
2026-02-18 14:27:45,100.0,100.0
2026-02-18 14:28:00,100.0,100.0
2026-02-18 14:28:15,100.0,100.0
2026-02-18 14:28:30,100.0,100.0
2026-02-18 14:28:45,100.0,100.0
2026-02-18 14:29:00,100.0,100.0
2026-02-18 14:29:15,100.0,100.0
2026-02-18 14:29:30,100.0,100.0
2026-02-18 14:29:45,100.0,100.0
2026-02-18 14:30:00,100.0,100.0
2026-02-18 14:30:15,100.0,100.0
2026-02-18 14:30:30,100.0,100.0
2026-02-18 14:30:45,100.0,100.0
2026-02-18 14:31:00,100.0,100.0
2026-02-18 14:31:15,87.5,100.0
2026-02-18 14:31:30,87.5,100.0
2026-02-18 14:31:45,87.5,100.0
2026-02-18 14:32:00,87.5,100.0
2026-02-18 14:32:15,87.5,100.0
2026-02-18 14:32:30,87.5,100.0
2026-02-18 14:32:45,100.0,100.0
2026-02-18 14:33:00,100.0,100.0
2026-02-18 14:33:15,100.0,100.0
2026-02-18 14:33:30,100.0,100.0
2026-02-18 14:33:45,100.0,100.0
2026-02-18 14:34:00,100.0,100.0
2026-02-18 14:34:15,100.0,100.0
2026-02-18 14:34:30,100.0,100.0
2026-02-18 14:34:45,100.0,100.0
2026-02-18 14:35:00,100.0,100.0
2026-02-18 14:35:15,100.0,100.0
2026-02-18 14:35:30,100.0,100.0
2026-02-18 14:35:45,100.0,100.0
2026-02-18 14:36:00,100.0,100.0
2026-02-18 14:36:15,100.0,100.0
2026-02-18 14:36:30,100.0,100.0
2026-02-18 14:36:45,100.0,100.0
2026-02-18 14:37:00,100.0,100.0
2026-02-18 14:37:15,100.0,100.0
2026-02-18 14:37:30,100.0,100.0
2026-02-18 14:37:45,100.0,100.0
2026-02-18 14:38:00,100.0,100.0
2026-02-18 14:38:15,100.0,100.0
2026-02-18 14:38:30,100.0,100.0
2026-02-18 14:38:45,100.0,100.0
2026-02-18 14:39:00,100.0,100.0
2026-02-18 14:39:15,100.0,100.0
2026-02-18 14:39:30,100.0,100.0
2026-02-18 14:39:45,100.0,100.0
2026-02-18 14:40:00,100.0,100.0
2026-02-18 14:40:15,100.0,100.0
2026-02-18 14:40:30,100.0,100.0
2026-02-18 14:40:45,100.0,100.0
2026-02-18 14:41:00,100.0,100.0
2026-02-18 14:41:15,100.0,100.0
2026-02-18 14:41:30,100.0,100.0
2026-02-18 14:41:45,100.0,100.0
2026-02-18 14:42:00,100.0,100.0
2026-02-18 14:42:15,100.0,100.0
2026-02-18 14:42:30,100.0,100.0
2026-02-18 14:42:45,100.0,100.0
2026-02-18 14:43:00,100.0,100.0
2026-02-18 14:43:15,100.0,100.0
2026-02-18 14:43:30,100.0,100.0
2026-02-18 14:43:45,100.0,100.0
2026-02-18 14:44:00,100.0,100.0
2026-02-18 14:44:15,100.0,100.0
2026-02-18 14:44:30,100.0,100.0
2026-02-18 14:44:45,100.0,100.0
2026-02-18 14:45:00,100.0,100.0
2026-02-18 14:45:15,100.0,100.0
2026-02-18 14:45:30,100.0,100.0
2026-02-18 14:45:45,100.0,100.0
2026-02-18 14:46:00,100.0,100.0
2026-02-18 14:46:15,100.0,100.0
2026-02-18 14:46:30,100.0,100.0
2026-02-18 14:46:45,100.0,100.0
2026-02-18 14:47:00,100.0,100.0
2026-02-18 14:47:15,100.0,100.0
2026-02-18 14:47:30,100.0,100.0
2026-02-18 14:47:45,100.0,100.0
2026-02-18 14:48:00,100.0,100.0
2026-02-18 14:48:15,100.0,100.0
2026-02-18 14:48:30,100.0,100.0
2026-02-18 14:48:45,100.0,100.0
2026-02-18 14:49:00,100.0,100.0
2026-02-18 14:49:15,100.0,100.0
2026-02-18 14:49:30,100.0,100.0
2026-02-18 14:49:45,100.0,100.0
2026-02-18 14:50:00,100.0,100.0
2026-02-18 14:50:15,100.0,100.0
2026-02-18 14:50:30,100.0,100.0
2026-02-18 14:50:45,100.0,100.0
2026-02-18 14:51:00,100.0,100.0
2026-02-18 14:51:15,100.0,100.0
2026-02-18 14:51:30,100.0,100.0
2026-02-18 14:51:45,100.0,100.0
2026-02-18 14:52:00,100.0,100.0
2026-02-18 14:52:15,100.0,100.0
2026-02-18 14:52:30,100.0,100.0
2026-02-18 14:52:45,100.0,100.0
2026-02-18 14:53:00,100.0,100.0
2026-02-18 14:53:15,100.0,100.0
2026-02-18 14:53:30,100.0,100.0
2026-02-18 14:53:45,100.0,100.0
2026-02-18 14:54:00,100.0,100.0
2026-02-18 14:54:15,100.0,100.0
2026-02-18 14:54:30,100.0,100.0
2026-02-18 14:54:45,100.0,100.0
2026-02-18 14:55:00,100.0,100.0
2026-02-18 14:55:15,100.0,100.0
2026-02-18 14:55:30,100.0,100.0
2026-02-18 14:55:45,100.0,100.0
2026-02-18 14:56:00,100.0,100.0
2026-02-18 14:56:15,100.0,100.0
2026-02-18 14:56:30,100.0,100.0
2026-02-18 14:56:45,100.0,100.0
2026-02-18 14:57:00,100.0,100.0
2026-02-18 14:57:15,100.0,100.0
2026-02-18 14:57:30,100.0,100.0
2026-02-18 14:57:45,100.0,100.0
2026-02-18 14:58:00,100.0,100.0
2026-02-18 14:58:15,100.0,100.0
2026-02-18 14:58:30,100.0,100.0
2026-02-18 14:58:45,100.0,100.0
2026-02-18 14:59:00,100.0,100.0
2026-02-18 14:59:15,100.0,100.0
2026-02-18 14:59:30,100.0,100.0
2026-02-18 14:59:45,100.0,100.0
2026-02-18 15:00:00,100.0,100.0
2026-02-18 15:00:15,100.0,100.0
2026-02-18 15:00:30,100.0,100.0
2026-02-18 15:00:45,100.0,100.0
2026-02-18 15:01:00,100.0,100.0
2026-02-18 15:01:15,100.0,100.0
2026-02-18 15:01:30,100.0,100.0
2026-02-18 15:01:45,100.0,100.0
2026-02-18 15:02:00,100.0,100.0
2026-02-18 15:02:15,100.0,100.0
2026-02-18 15:02:30,100.0,100.0
2026-02-18 15:02:45,100.0,100.0
2026-02-18 15:03:00,100.0,100.0
2026-02-18 15:03:15,100.0,100.0
2026-02-18 15:03:30,100.0,100.0
2026-02-18 15:03:45,100.0,100.0
2026-02-18 15:04:00,100.0,100.0
2026-02-18 15:04:15,100.0,100.0
2026-02-18 15:04:30,100.0,100.0
2026-02-18 15:04:45,100.0,100.0
2026-02-18 15:05:00,100.0,100.0
2026-02-18 15:05:15,100.0,100.0
2026-02-18 15:05:30,100.0,100.0
2026-02-18 15:05:45,100.0,100.0
2026-02-18 15:06:00,100.0,100.0
2026-02-18 15:06:15,100.0,100.0
2026-02-18 15:06:30,100.0,100.0
2026-02-18 15:06:45,100.0,100.0
2026-02-18 15:07:00,100.0,100.0
2026-02-18 15:07:15,100.0,100.0
2026-02-18 15:07:30,100.0,100.0
2026-02-18 15:07:45,100.0,100.0
2026-02-18 15:08:00,100.0,100.0
2026-02-18 15:08:15,100.0,100.0
2026-02-18 15:08:30,100.0,100.0
2026-02-18 15:08:45,100.0,100.0
2026-02-18 15:09:00,100.0,100.0
2026-02-18 15:09:15,100.0,100.0
2026-02-18 15:09:30,100.0,100.0
2026-02-18 15:09:45,100.0,100.0
2026-02-18 15:10:00,100.0,100.0
2026-02-18 15:10:15,100.0,100.0
2026-02-18 15:10:30,100.0,100.0
2026-02-18 15:10:45,100.0,100.0
2026-02-18 15:11:00,100.0,100.0
2026-02-18 15:11:15,100.0,100.0
2026-02-18 15:11:30,87.5,100.0
2026-02-18 15:11:45,87.5,100.0
2026-02-18 15:12:00,87.5,100.0
2026-02-18 15:12:15,100.0,100.0
2026-02-18 15:12:30,100.0,100.0
2026-02-18 15:12:45,100.0,100.0
2026-02-18 15:13:00,100.0,100.0
2026-02-18 15:13:15,100.0,100.0
2026-02-18 15:13:30,100.0,100.0
2026-02-18 15:13:45,87.5,100.0
2026-02-18 15:14:00,100.0,100.0
2026-02-18 15:14:15,100.0,100.0
2026-02-18 15:14:30,100.0,100.0
2026-02-18 15:14:45,87.5,100.0
2026-02-18 15:15:00,87.5,100.0
2026-02-18 15:15:15,87.5,100.0
2026-02-18 15:15:30,87.5,100.0
2026-02-18 15:15:45,87.5,100.0
2026-02-18 15:16:00,87.5,100.0
2026-02-18 15:16:15,87.5,100.0
2026-02-18 15:16:30,87.5,100.0
2026-02-18 15:16:45,87.5,100.0
2026-02-18 15:17:00,87.5,100.0
2026-02-18 15:17:15,87.5,100.0
2026-02-18 15:17:30,87.5,100.0
2026-02-18 15:17:45,87.5,100.0
2026-02-18 15:18:00,87.5,100.0
2026-02-18 15:18:15,87.5,100.0
2026-02-18 15:18:30,87.5,100.0
2026-02-18 15:18:45,87.5,100.0
2026-02-18 15:19:00,87.5,100.0
2026-02-18 15:19:15,87.5,100.0
2026-02-18 15:19:30,100.0,100.0
2026-02-18 15:19:45,100.0,100.0
2026-02-18 15:20:00,100.0,100.0
2026-02-18 15:20:15,100.0,100.0
2026-02-18 15:20:30,100.0,100.0
2026-02-18 15:20:45,100.0,100.0
2026-02-18 15:21:00,100.0,100.0
2026-02-18 15:21:15,100.0,100.0
2026-02-18 15:21:30,100.0,100.0
2026-02-18 15:21:45,100.0,100.0
2026-02-18 15:22:00,100.0,100.0
2026-02-18 15:22:15,100.0,100.0
2026-02-18 15:22:30,100.0,100.0
2026-02-18 15:22:45,100.0,100.0
2026-02-18 15:23:00,100.0,100.0
2026-02-18 15:23:15,100.0,100.0
2026-02-18 15:23:30,100.0,100.0
2026-02-18 15:23:45,100.0,100.0
2026-02-18 15:24:00,100.0,100.0
2026-02-18 15:24:15,100.0,100.0
2026-02-18 15:24:30,100.0,100.0
2026-02-18 15:24:45,100.0,100.0
2026-02-18 15:25:00,100.0,100.0
2026-02-18 15:25:15,100.0,100.0
2026-02-18 15:25:30,100.0,100.0
2026-02-18 15:25:45,100.0,100.0
2026-02-18 15:26:00,100.0,100.0
2026-02-18 15:26:15,100.0,100.0
2026-02-18 15:26:30,100.0,100.0
2026-02-18 15:26:45,100.0,100.0
2026-02-18 15:27:00,100.0,100.0
2026-02-18 15:27:15,100.0,100.0
2026-02-18 15:27:30,100.0,100.0
2026-02-18 15:27:45,100.0,100.0
2026-02-18 15:28:00,100.0,100.0
2026-02-18 15:28:15,100.0,100.0
2026-02-18 15:28:30,100.0,100.0
2026-02-18 15:28:45,100.0,100.0
2026-02-18 15:29:00,100.0,100.0
2026-02-18 15:29:15,100.0,100.0
2026-02-18 15:29:30,100.0,100.0
2026-02-18 15:29:45,100.0,100.0
2026-02-18 15:30:00,100.0,100.0
2026-02-18 15:30:15,100.0,100.0
2026-02-18 15:30:30,100.0,100.0
2026-02-18 15:30:45,100.0,100.0
2026-02-18 15:31:00,100.0,100.0
2026-02-18 15:31:15,100.0,100.0
2026-02-18 15:31:30,100.0,100.0
2026-02-18 15:31:45,100.0,100.0
2026-02-18 15:32:00,100.0,100.0
2026-02-18 15:32:15,100.0,100.0
2026-02-18 15:32:30,100.0,100.0
2026-02-18 15:32:45,100.0,100.0
2026-02-18 15:33:00,100.0,100.0
2026-02-18 15:33:15,100.0,100.0
2026-02-18 15:33:30,100.0,100.0
2026-02-18 15:33:45,100.0,100.0
2026-02-18 15:34:00,100.0,100.0
2026-02-18 15:34:15,100.0,100.0
2026-02-18 15:34:30,100.0,100.0
2026-02-18 15:34:45,100.0,100.0
2026-02-18 15:35:00,100.0,100.0
2026-02-18 15:35:15,100.0,100.0
2026-02-18 15:35:30,100.0,100.0
2026-02-18 15:35:45,100.0,100.0
2026-02-18 15:36:00,100.0,100.0
2026-02-18 15:36:15,100.0,100.0
2026-02-18 15:36:30,100.0,100.0
2026-02-18 15:36:45,100.0,100.0
2026-02-18 15:37:00,100.0,100.0
2026-02-18 15:37:15,100.0,100.0
2026-02-18 15:37:30,100.0,100.0
2026-02-18 15:37:45,100.0,100.0
2026-02-18 15:38:00,100.0,100.0
2026-02-18 15:38:15,100.0,100.0
2026-02-18 15:38:30,100.0,100.0
2026-02-18 15:38:45,100.0,100.0
2026-02-18 15:39:00,100.0,100.0
2026-02-18 15:39:15,100.0,100.0
2026-02-18 15:39:30,100.0,100.0
2026-02-18 15:39:45,100.0,100.0
2026-02-18 15:40:00,100.0,100.0
2026-02-18 15:40:15,100.0,100.0
2026-02-18 15:40:30,100.0,100.0
2026-02-18 15:40:45,100.0,100.0
2026-02-18 15:41:00,100.0,100.0
2026-02-18 15:41:15,100.0,100.0
2026-02-18 15:41:30,100.0,100.0
2026-02-18 15:41:45,100.0,100.0
2026-02-18 15:42:00,100.0,100.0
2026-02-18 15:42:15,100.0,100.0
2026-02-18 15:42:30,100.0,100.0
2026-02-18 15:42:45,100.0,100.0
2026-02-18 15:43:00,100.0,100.0
2026-02-18 15:43:15,100.0,100.0
2026-02-18 15:43:30,100.0,100.0
2026-02-18 15:43:45,100.0,100.0
2026-02-18 15:44:00,100.0,100.0
2026-02-18 15:44:15,100.0,100.0
2026-02-18 15:44:30,100.0,100.0
2026-02-18 15:44:45,87.5,100.0
2026-02-18 15:45:00,100.0,100.0
2026-02-18 15:45:15,100.0,100.0
2026-02-18 15:45:30,100.0,100.0
2026-02-18 15:45:45,100.0,100.0
2026-02-18 15:46:00,100.0,100.0
2026-02-18 15:46:15,100.0,100.0
2026-02-18 15:46:30,100.0,100.0
2026-02-18 15:46:45,100.0,100.0
2026-02-18 15:47:00,87.5,100.0
2026-02-18 15:47:15,87.5,100.0
2026-02-18 15:47:30,87.5,100.0
2026-02-18 15:47:45,87.5,100.0
2026-02-18 15:48:00,87.5,100.0
2026-02-18 15:48:15,87.5,100.0
2026-02-18 15:48:30,87.5,100.0
2026-02-18 15:48:45,87.5,100.0
2026-02-18 15:49:00,87.5,100.0
2026-02-18 15:49:15,87.5,100.0
2026-02-18 15:49:30,87.5,100.0
2026-02-18 15:49:45,87.5,100.0
2026-02-18 15:50:00,87.5,100.0
2026-02-18 15:50:15,87.5,100.0
2026-02-18 15:50:30,100.0,100.0
2026-02-18 15:50:45,100.0,100.0
2026-02-18 15:51:00,100.0,100.0
2026-02-18 15:51:15,100.0,100.0
2026-02-18 15:51:30,100.0,100.0
2026-02-18 15:51:45,100.0,100.0
2026-02-18 15:52:00,100.0,100.0
2026-02-18 15:52:15,100.0,100.0
2026-02-18 15:52:30,100.0,100.0
2026-02-18 15:52:45,100.0,100.0
2026-02-18 15:53:00,100.0,100.0
2026-02-18 15:53:15,100.0,100.0
2026-02-18 15:53:30,100.0,100.0
2026-02-18 15:53:45,100.0,100.0
2026-02-18 15:54:00,100.0,100.0
2026-02-18 15:54:15,100.0,100.0
2026-02-18 15:54:30,100.0,100.0
2026-02-18 15:54:45,100.0,100.0
2026-02-18 15:55:00,100.0,100.0
2026-02-18 15:55:15,100.0,100.0
2026-02-18 15:55:30,100.0,100.0
2026-02-18 15:55:45,100.0,100.0
2026-02-18 15:56:00,100.0,100.0
2026-02-18 15:56:15,100.0,100.0
2026-02-18 15:56:30,100.0,100.0
2026-02-18 15:56:45,100.0,100.0
2026-02-18 15:57:00,100.0,100.0
2026-02-18 15:57:15,100.0,100.0
2026-02-18 15:57:30,100.0,100.0
2026-02-18 15:57:45,100.0,100.0
2026-02-18 15:58:00,100.0,100.0
2026-02-18 15:58:15,100.0,100.0
2026-02-18 15:58:30,100.0,100.0
2026-02-18 15:58:45,100.0,100.0
2026-02-18 15:59:00,100.0,100.0
2026-02-18 15:59:15,100.0,100.0
2026-02-18 15:59:30,100.0,100.0
2026-02-18 15:59:45,100.0,100.0
2026-02-18 16:00:00,100.0,100.0
2026-02-18 16:00:15,100.0,100.0
2026-02-18 16:00:30,100.0,100.0
2026-02-18 16:00:45,100.0,100.0
2026-02-18 16:01:00,100.0,100.0
2026-02-18 16:01:15,100.0,100.0
2026-02-18 16:01:30,100.0,100.0
2026-02-18 16:01:45,100.0,100.0
2026-02-18 16:02:00,100.0,100.0
2026-02-18 16:02:15,100.0,100.0
2026-02-18 16:02:30,100.0,100.0
2026-02-18 16:02:45,100.0,100.0
2026-02-18 16:03:00,100.0,100.0
2026-02-18 16:03:15,100.0,100.0
2026-02-18 16:03:30,100.0,100.0
2026-02-18 16:03:45,100.0,100.0
2026-02-18 16:04:00,100.0,100.0
2026-02-18 16:04:15,100.0,100.0
2026-02-18 16:04:30,100.0,100.0
2026-02-18 16:04:45,100.0,100.0
2026-02-18 16:05:00,100.0,100.0
2026-02-18 16:05:15,100.0,100.0
2026-02-18 16:05:30,100.0,100.0
2026-02-18 16:05:45,100.0,100.0
2026-02-18 16:06:00,100.0,100.0
2026-02-18 16:06:15,100.0,100.0
2026-02-18 16:06:30,100.0,100.0
2026-02-18 16:06:45,100.0,100.0
2026-02-18 16:07:00,100.0,100.0
2026-02-18 16:07:15,100.0,100.0
2026-02-18 16:07:30,100.0,100.0
2026-02-18 16:07:45,100.0,100.0
2026-02-18 16:08:00,100.0,100.0
2026-02-18 16:08:15,100.0,100.0
2026-02-18 16:08:30,100.0,100.0
2026-02-18 16:08:45,100.0,100.0
2026-02-18 16:09:00,87.5,100.0
2026-02-18 16:09:15,87.5,100.0
2026-02-18 16:09:30,100.0,100.0
2026-02-18 16:09:45,100.0,100.0
2026-02-18 16:10:00,100.0,100.0
2026-02-18 16:10:15,100.0,100.0
2026-02-18 16:10:30,100.0,100.0
2026-02-18 16:10:45,100.0,100.0
2026-02-18 16:11:00,100.0,100.0
2026-02-18 16:11:15,100.0,100.0
2026-02-18 16:11:30,100.0,100.0
2026-02-18 16:11:45,100.0,100.0
2026-02-18 16:12:00,100.0,100.0
2026-02-18 16:12:15,100.0,100.0
2026-02-18 16:12:30,100.0,100.0
2026-02-18 16:12:45,100.0,100.0
2026-02-18 16:13:00,100.0,100.0
2026-02-18 16:13:15,100.0,100.0
2026-02-18 16:13:30,100.0,100.0
2026-02-18 16:13:45,100.0,100.0
2026-02-18 16:14:00,100.0,100.0
2026-02-18 16:14:15,100.0,100.0
2026-02-18 16:14:30,100.0,100.0
2026-02-18 16:14:45,100.0,100.0
2026-02-18 16:15:00,100.0,100.0
2026-02-18 16:15:15,100.0,100.0
2026-02-18 16:15:30,100.0,100.0
2026-02-18 16:15:45,100.0,100.0
2026-02-18 16:16:00,100.0,100.0
2026-02-18 16:16:15,100.0,100.0
2026-02-18 16:16:30,100.0,100.0
2026-02-18 16:16:45,100.0,100.0
2026-02-18 16:17:00,100.0,100.0
2026-02-18 16:17:15,100.0,100.0
2026-02-18 16:17:30,100.0,100.0
2026-02-18 16:17:45,100.0,100.0
2026-02-18 16:18:00,100.0,100.0
2026-02-18 16:18:15,100.0,100.0
2026-02-18 16:18:30,100.0,100.0
2026-02-18 16:18:45,100.0,100.0
2026-02-18 16:19:00,100.0,100.0
2026-02-18 16:19:15,100.0,100.0
2026-02-18 16:19:30,100.0,100.0
2026-02-18 16:19:45,100.0,100.0
2026-02-18 16:20:00,100.0,100.0
2026-02-18 16:20:15,100.0,100.0
2026-02-18 16:20:30,100.0,100.0
2026-02-18 16:20:45,100.0,100.0
2026-02-18 16:21:00,100.0,100.0
2026-02-18 16:21:15,100.0,100.0
2026-02-18 16:21:30,100.0,100.0
2026-02-18 16:21:45,100.0,100.0
2026-02-18 16:22:00,100.0,100.0
2026-02-18 16:22:15,100.0,100.0
2026-02-18 16:22:30,100.0,100.0
2026-02-18 16:22:45,100.0,100.0
2026-02-18 16:23:00,100.0,100.0
2026-02-18 16:23:15,100.0,100.0
2026-02-18 16:23:30,100.0,100.0
2026-02-18 16:23:45,100.0,100.0
2026-02-18 16:24:00,100.0,100.0
2026-02-18 16:24:15,100.0,100.0
2026-02-18 16:24:30,100.0,100.0
2026-02-18 16:24:45,100.0,100.0
2026-02-18 16:25:00,100.0,100.0
2026-02-18 16:25:15,100.0,100.0
2026-02-18 16:25:30,100.0,100.0
2026-02-18 16:25:45,100.0,100.0
2026-02-18 16:26:00,100.0,100.0
2026-02-18 16:26:15,100.0,100.0
2026-02-18 16:26:30,100.0,100.0
2026-02-18 16:26:45,100.0,100.0
2026-02-18 16:27:00,100.0,100.0
2026-02-18 16:27:15,100.0,100.0
2026-02-18 16:27:30,100.0,100.0
2026-02-18 16:27:45,100.0,100.0
2026-02-18 16:28:00,100.0,100.0
2026-02-18 16:28:15,100.0,100.0
2026-02-18 16:28:30,100.0,100.0
2026-02-18 16:28:45,100.0,100.0
2026-02-18 16:29:00,100.0,100.0
2026-02-18 16:29:15,100.0,100.0
2026-02-18 16:29:30,100.0,100.0
2026-02-18 16:29:45,100.0,100.0
2026-02-18 16:30:00,100.0,100.0
2026-02-18 16:30:15,100.0,100.0
2026-02-18 16:30:30,100.0,100.0
2026-02-18 16:30:45,100.0,100.0
2026-02-18 16:31:00,100.0,100.0
2026-02-18 16:31:15,100.0,100.0
2026-02-18 16:31:30,100.0,100.0
2026-02-18 16:31:45,100.0,100.0
2026-02-18 16:32:00,100.0,100.0
2026-02-18 16:32:15,100.0,100.0
2026-02-18 16:32:30,100.0,100.0
2026-02-18 16:32:45,100.0,100.0
2026-02-18 16:33:00,100.0,100.0
2026-02-18 16:33:15,100.0,100.0
2026-02-18 16:33:30,100.0,100.0
2026-02-18 16:33:45,100.0,100.0
2026-02-18 16:34:00,100.0,100.0
2026-02-18 16:34:15,100.0,100.0
2026-02-18 16:34:30,100.0,100.0
2026-02-18 16:34:45,100.0,100.0
2026-02-18 16:35:00,100.0,100.0
2026-02-18 16:35:15,100.0,100.0
2026-02-18 16:35:30,100.0,100.0
2026-02-18 16:35:45,100.0,100.0
2026-02-18 16:36:00,100.0,100.0
2026-02-18 16:36:15,100.0,100.0
2026-02-18 16:36:30,100.0,100.0
2026-02-18 16:36:45,100.0,100.0
2026-02-18 16:37:00,100.0,100.0
2026-02-18 16:37:15,100.0,100.0
2026-02-18 16:37:30,100.0,100.0
2026-02-18 16:37:45,100.0,100.0
2026-02-18 16:38:00,100.0,100.0
2026-02-18 16:38:15,100.0,100.0
2026-02-18 16:38:30,100.0,100.0
2026-02-18 16:38:45,100.0,100.0
2026-02-18 16:39:00,100.0,100.0
2026-02-18 16:39:15,100.0,100.0
2026-02-18 16:39:30,100.0,100.0
2026-02-18 16:39:45,100.0,100.0
2026-02-18 16:40:00,100.0,100.0
2026-02-18 16:40:15,100.0,100.0
2026-02-18 16:40:30,100.0,100.0
2026-02-18 16:40:45,100.0,100.0
2026-02-18 16:41:00,100.0,100.0
2026-02-18 16:41:15,100.0,100.0
2026-02-18 16:41:30,100.0,100.0
2026-02-18 16:41:45,100.0,100.0
2026-02-18 16:42:00,100.0,100.0
2026-02-18 16:42:15,100.0,100.0
2026-02-18 16:42:30,100.0,100.0
2026-02-18 16:42:45,100.0,100.0
2026-02-18 16:43:00,100.0,100.0
2026-02-18 16:43:15,100.0,100.0
2026-02-18 16:43:30,100.0,100.0
2026-02-18 16:43:45,100.0,100.0
2026-02-18 16:44:00,100.0,100.0
2026-02-18 16:44:15,100.0,100.0
2026-02-18 16:44:30,100.0,100.0
2026-02-18 16:44:45,100.0,100.0
2026-02-18 16:45:00,100.0,100.0
2026-02-18 16:45:15,100.0,100.0
2026-02-18 16:45:30,100.0,100.0
2026-02-18 16:45:45,100.0,100.0
2026-02-18 16:46:00,100.0,100.0
2026-02-18 16:46:15,100.0,100.0
2026-02-18 16:46:30,100.0,100.0
2026-02-18 16:46:45,100.0,100.0
2026-02-18 16:47:00,100.0,100.0
2026-02-18 16:47:15,100.0,100.0
2026-02-18 16:47:30,100.0,100.0
2026-02-18 16:47:45,100.0,100.0
2026-02-18 16:48:00,100.0,100.0
2026-02-18 16:48:15,100.0,100.0
2026-02-18 16:48:30,100.0,100.0
2026-02-18 16:48:45,100.0,100.0
2026-02-18 16:49:00,100.0,100.0
2026-02-18 16:49:15,100.0,100.0
2026-02-18 16:49:30,100.0,100.0
2026-02-18 16:49:45,100.0,100.0
2026-02-18 16:50:00,100.0,100.0
2026-02-18 16:50:15,100.0,100.0
2026-02-18 16:50:30,100.0,100.0
2026-02-18 16:50:45,100.0,100.0
2026-02-18 16:51:00,100.0,100.0
2026-02-18 16:51:15,100.0,100.0
2026-02-18 16:51:30,100.0,100.0
2026-02-18 16:51:45,100.0,100.0
2026-02-18 16:52:00,100.0,100.0
2026-02-18 16:52:15,100.0,100.0
2026-02-18 16:52:30,100.0,100.0
2026-02-18 16:52:45,100.0,100.0
2026-02-18 16:53:00,100.0,100.0
2026-02-18 16:53:15,100.0,100.0
2026-02-18 16:53:30,100.0,100.0
2026-02-18 16:53:45,100.0,100.0
2026-02-18 16:54:00,87.5,100.0
2026-02-18 16:54:15,100.0,100.0
2026-02-18 16:54:30,100.0,100.0
2026-02-18 16:54:45,100.0,100.0
2026-02-18 16:55:00,100.0,100.0
2026-02-18 16:55:15,100.0,100.0
2026-02-18 16:55:30,100.0,100.0
2026-02-18 16:55:45,100.0,100.0
2026-02-18 16:56:00,100.0,100.0
2026-02-18 16:56:15,100.0,100.0
2026-02-18 16:56:30,100.0,100.0
2026-02-18 16:56:45,100.0,100.0
2026-02-18 16:57:00,100.0,100.0
2026-02-18 16:57:15,100.0,100.0
2026-02-18 16:57:30,100.0,100.0
2026-02-18 16:57:45,100.0,100.0
2026-02-18 16:58:00,100.0,100.0
2026-02-18 16:58:15,100.0,100.0
2026-02-18 16:58:30,100.0,100.0
2026-02-18 16:58:45,100.0,100.0
2026-02-18 16:59:00,100.0,100.0
2026-02-18 16:59:15,100.0,100.0
2026-02-18 16:59:30,100.0,100.0
2026-02-18 16:59:45,100.0,100.0
2026-02-18 17:00:00,100.0,100.0
2026-02-18 17:00:15,100.0,100.0
2026-02-18 17:00:30,100.0,100.0
2026-02-18 17:00:45,100.0,100.0
2026-02-18 17:01:00,100.0,100.0
2026-02-18 17:01:15,100.0,100.0
2026-02-18 17:01:30,100.0,100.0
2026-02-18 17:01:45,100.0,100.0
2026-02-18 17:02:00,100.0,100.0
2026-02-18 17:02:15,100.0,100.0
2026-02-18 17:02:30,100.0,100.0
2026-02-18 17:02:45,100.0,100.0
2026-02-18 17:03:00,100.0,100.0
2026-02-18 17:03:15,100.0,100.0
2026-02-18 17:03:30,100.0,100.0
2026-02-18 17:03:45,100.0,100.0
2026-02-18 17:04:00,100.0,100.0
2026-02-18 17:04:15,100.0,100.0
2026-02-18 17:04:30,100.0,100.0
2026-02-18 17:04:45,100.0,100.0
2026-02-18 17:05:00,100.0,100.0
2026-02-18 17:05:15,100.0,100.0
2026-02-18 17:05:30,100.0,100.0
2026-02-18 17:05:45,100.0,100.0
2026-02-18 17:06:00,100.0,100.0
2026-02-18 17:06:15,100.0,100.0
2026-02-18 17:06:30,100.0,100.0
2026-02-18 17:06:45,100.0,100.0
2026-02-18 17:07:00,100.0,100.0
2026-02-18 17:07:15,100.0,100.0
2026-02-18 17:07:30,100.0,100.0
2026-02-18 17:07:45,100.0,100.0
2026-02-18 17:08:00,100.0,100.0
2026-02-18 17:08:15,100.0,100.0
2026-02-18 17:08:30,100.0,100.0
2026-02-18 17:08:45,100.0,100.0
2026-02-18 17:09:00,100.0,100.0
2026-02-18 17:09:15,100.0,100.0
2026-02-18 17:09:30,100.0,100.0
2026-02-18 17:09:45,100.0,100.0
2026-02-18 17:10:00,100.0,100.0
2026-02-18 17:10:15,100.0,100.0
2026-02-18 17:10:30,100.0,100.0
2026-02-18 17:10:45,100.0,100.0
2026-02-18 17:11:00,100.0,100.0
2026-02-18 17:11:15,100.0,100.0
2026-02-18 17:11:30,100.0,100.0
2026-02-18 17:11:45,100.0,100.0
2026-02-18 17:12:00,100.0,100.0
2026-02-18 17:12:15,100.0,100.0
2026-02-18 17:12:30,100.0,100.0
2026-02-18 17:12:45,100.0,100.0
2026-02-18 17:13:00,100.0,100.0
2026-02-18 17:13:15,100.0,100.0
2026-02-18 17:13:30,100.0,100.0
2026-02-18 17:13:45,87.5,100.0
2026-02-18 17:14:00,87.5,100.0
2026-02-18 17:14:15,87.5,100.0
2026-02-18 17:14:30,87.5,100.0
2026-02-18 17:14:45,87.5,100.0
2026-02-18 17:15:00,87.5,100.0
2026-02-18 17:15:15,87.5,100.0
2026-02-18 17:15:30,87.5,100.0
2026-02-18 17:15:45,87.5,100.0
2026-02-18 17:16:00,87.5,100.0
2026-02-18 17:16:15,100.0,100.0
2026-02-18 17:16:30,100.0,100.0
2026-02-18 17:16:45,100.0,100.0
2026-02-18 17:17:00,100.0,100.0
2026-02-18 17:17:15,100.0,100.0
2026-02-18 17:17:30,87.5,100.0
2026-02-18 17:17:45,87.5,100.0
2026-02-18 17:18:00,87.5,100.0
2026-02-18 17:18:15,87.5,100.0
2026-02-18 17:18:30,87.5,100.0
2026-02-18 17:18:45,87.5,100.0
2026-02-18 17:19:00,100.0,100.0
2026-02-18 17:19:15,100.0,100.0
2026-02-18 17:19:30,87.5,100.0
2026-02-18 17:19:45,87.5,100.0
2026-02-18 17:20:00,100.0,100.0
2026-02-18 17:20:15,100.0,100.0
2026-02-18 17:20:30,100.0,100.0
2026-02-18 17:20:45,87.5,100.0
2026-02-18 17:21:00,87.5,100.0
2026-02-18 17:21:15,87.5,100.0
2026-02-18 17:21:30,100.0,100.0
2026-02-18 17:21:45,100.0,100.0
2026-02-18 17:22:00,100.0,100.0
2026-02-18 17:22:15,100.0,100.0
2026-02-18 17:22:30,100.0,100.0
2026-02-18 17:22:45,100.0,100.0
2026-02-18 17:23:00,100.0,100.0
2026-02-18 17:23:15,100.0,100.0
2026-02-18 17:23:30,100.0,100.0
2026-02-18 17:23:45,100.0,100.0
2026-02-18 17:24:00,100.0,100.0
2026-02-18 17:24:15,100.0,100.0
2026-02-18 17:24:30,100.0,100.0
2026-02-18 17:24:45,100.0,100.0
2026-02-18 17:25:00,100.0,100.0
2026-02-18 17:25:15,100.0,100.0
2026-02-18 17:25:30,100.0,100.0
2026-02-18 17:25:45,100.0,100.0
2026-02-18 17:26:00,100.0,100.0
2026-02-18 17:26:15,100.0,100.0
2026-02-18 17:26:30,100.0,100.0
2026-02-18 17:26:45,100.0,100.0
2026-02-18 17:27:00,100.0,100.0
2026-02-18 17:27:15,100.0,100.0
2026-02-18 17:27:30,100.0,100.0
2026-02-18 17:27:45,100.0,100.0
2026-02-18 17:28:00,100.0,100.0
2026-02-18 17:28:15,100.0,100.0
2026-02-18 17:28:30,100.0,100.0
2026-02-18 17:28:45,100.0,100.0
2026-02-18 17:29:00,100.0,100.0
2026-02-18 17:29:15,100.0,100.0
2026-02-18 17:29:30,100.0,100.0
2026-02-18 17:29:45,100.0,100.0
2026-02-18 17:30:00,100.0,100.0
2026-02-18 17:30:15,100.0,100.0
2026-02-18 17:30:30,100.0,100.0
2026-02-18 17:30:45,100.0,100.0
2026-02-18 17:31:00,100.0,100.0
2026-02-18 17:31:15,100.0,100.0
2026-02-18 17:31:30,100.0,100.0
2026-02-18 17:31:45,100.0,100.0
2026-02-18 17:32:00,100.0,100.0
2026-02-18 17:32:15,100.0,100.0
2026-02-18 17:32:30,100.0,100.0
2026-02-18 17:32:45,100.0,100.0
2026-02-18 17:33:00,100.0,100.0
2026-02-18 17:33:15,100.0,100.0
2026-02-18 17:33:30,100.0,100.0
2026-02-18 17:33:45,100.0,100.0
2026-02-18 17:34:00,100.0,100.0
2026-02-18 17:34:15,100.0,100.0
2026-02-18 17:34:30,100.0,100.0
2026-02-18 17:34:45,100.0,100.0
2026-02-18 17:35:00,100.0,100.0
2026-02-18 17:35:15,100.0,100.0
2026-02-18 17:35:30,100.0,100.0
2026-02-18 17:35:45,100.0,100.0
2026-02-18 17:36:00,100.0,100.0
2026-02-18 17:36:15,100.0,100.0
2026-02-18 17:36:30,100.0,100.0
2026-02-18 17:36:45,100.0,100.0
2026-02-18 17:37:00,100.0,100.0
2026-02-18 17:37:15,100.0,100.0
2026-02-18 17:37:30,100.0,100.0
2026-02-18 17:37:45,100.0,100.0
2026-02-18 17:38:00,100.0,100.0
2026-02-18 17:38:15,100.0,100.0
2026-02-18 17:38:30,100.0,100.0
2026-02-18 17:38:45,100.0,100.0
2026-02-18 17:39:00,100.0,100.0
2026-02-18 17:39:15,100.0,100.0
2026-02-18 17:39:30,100.0,100.0
2026-02-18 17:39:45,100.0,100.0
2026-02-18 17:40:00,100.0,100.0
2026-02-18 17:40:15,100.0,100.0
2026-02-18 17:40:30,100.0,100.0
2026-02-18 17:40:45,100.0,100.0
2026-02-18 17:41:00,100.0,100.0
2026-02-18 17:41:15,100.0,100.0
2026-02-18 17:41:30,100.0,100.0
2026-02-18 17:41:45,100.0,100.0
2026-02-18 17:42:00,100.0,100.0
2026-02-18 17:42:15,100.0,100.0
2026-02-18 17:42:30,100.0,100.0
2026-02-18 17:42:45,100.0,100.0
2026-02-18 17:43:00,100.0,100.0
2026-02-18 17:43:15,100.0,100.0
2026-02-18 17:43:30,100.0,100.0
2026-02-18 17:43:45,100.0,100.0
2026-02-18 17:44:00,100.0,100.0
2026-02-18 17:44:15,100.0,100.0
2026-02-18 17:44:30,100.0,100.0
2026-02-18 17:44:45,100.0,100.0
2026-02-18 17:45:00,100.0,100.0
2026-02-18 17:45:15,100.0,100.0
2026-02-18 17:45:30,100.0,100.0
2026-02-18 17:45:45,100.0,100.0
2026-02-18 17:46:00,100.0,100.0
2026-02-18 17:46:15,100.0,100.0
2026-02-18 17:46:30,100.0,100.0
2026-02-18 17:46:45,100.0,100.0
2026-02-18 17:47:00,100.0,100.0
2026-02-18 17:47:15,100.0,100.0
2026-02-18 17:47:30,100.0,100.0
2026-02-18 17:47:45,100.0,100.0
2026-02-18 17:48:00,100.0,100.0
2026-02-18 17:48:15,100.0,100.0
2026-02-18 17:48:30,100.0,100.0
2026-02-18 17:48:45,100.0,100.0
2026-02-18 17:49:00,100.0,100.0
2026-02-18 17:49:15,100.0,100.0
2026-02-18 17:49:30,100.0,100.0
2026-02-18 17:49:45,100.0,100.0
2026-02-18 17:50:00,100.0,100.0
2026-02-18 17:50:15,100.0,100.0
2026-02-18 17:50:30,100.0,100.0
2026-02-18 17:50:45,100.0,100.0
2026-02-18 17:51:00,100.0,100.0
2026-02-18 17:51:15,100.0,100.0
2026-02-18 17:51:30,100.0,100.0
2026-02-18 17:51:45,100.0,100.0
2026-02-18 17:52:00,100.0,100.0
2026-02-18 17:52:15,100.0,100.0
2026-02-18 17:52:30,100.0,100.0
2026-02-18 17:52:45,100.0,100.0
2026-02-18 17:53:00,100.0,100.0
2026-02-18 17:53:15,100.0,100.0
2026-02-18 17:53:30,100.0,100.0
2026-02-18 17:53:45,100.0,100.0
2026-02-18 17:54:00,100.0,100.0
2026-02-18 17:54:15,100.0,100.0
2026-02-18 17:54:30,100.0,100.0
2026-02-18 17:54:45,100.0,100.0
2026-02-18 17:55:00,100.0,100.0
2026-02-18 17:55:15,100.0,100.0
2026-02-18 17:55:30,100.0,100.0
2026-02-18 17:55:45,100.0,100.0
2026-02-18 17:56:00,100.0,100.0
2026-02-18 17:56:15,100.0,100.0
2026-02-18 17:56:30,100.0,100.0
2026-02-18 17:56:45,100.0,100.0
2026-02-18 17:57:00,100.0,100.0
2026-02-18 17:57:15,100.0,100.0
2026-02-18 17:57:30,100.0,100.0
2026-02-18 17:57:45,100.0,100.0
2026-02-18 17:58:00,100.0,100.0
2026-02-18 17:58:15,100.0,100.0
2026-02-18 17:58:30,100.0,100.0
2026-02-18 17:58:45,100.0,100.0
2026-02-18 17:59:00,100.0,100.0
2026-02-18 17:59:15,100.0,100.0
2026-02-18 17:59:30,100.0,100.0
2026-02-18 17:59:45,100.0,100.0
2026-02-18 18:00:00,100.0,100.0
2026-02-18 18:00:15,100.0,100.0
2026-02-18 18:00:30,100.0,100.0
2026-02-18 18:00:45,100.0,100.0
2026-02-18 18:01:00,100.0,100.0
2026-02-18 18:01:15,100.0,100.0
2026-02-18 18:01:30,100.0,100.0
2026-02-18 18:01:45,100.0,100.0
2026-02-18 18:02:00,100.0,100.0
2026-02-18 18:02:15,100.0,100.0
2026-02-18 18:02:30,100.0,100.0
2026-02-18 18:02:45,100.0,100.0
2026-02-18 18:03:00,100.0,100.0
2026-02-18 18:03:15,100.0,100.0
2026-02-18 18:03:30,100.0,100.0
2026-02-18 18:03:45,100.0,100.0
2026-02-18 18:04:00,100.0,100.0
2026-02-18 18:04:15,100.0,100.0
2026-02-18 18:04:30,100.0,100.0
2026-02-18 18:04:45,100.0,100.0
2026-02-18 18:05:00,100.0,100.0
2026-02-18 18:05:15,100.0,100.0
2026-02-18 18:05:30,100.0,100.0
2026-02-18 18:05:45,100.0,100.0
2026-02-18 18:06:00,100.0,100.0
2026-02-18 18:06:15,100.0,100.0
2026-02-18 18:06:30,100.0,100.0
2026-02-18 18:06:45,100.0,100.0
2026-02-18 18:07:00,100.0,100.0
2026-02-18 18:07:15,100.0,100.0
2026-02-18 18:07:30,100.0,100.0
2026-02-18 18:07:45,100.0,100.0
2026-02-18 18:08:00,100.0,100.0
2026-02-18 18:08:15,100.0,100.0
2026-02-18 18:08:30,100.0,100.0
2026-02-18 18:08:45,100.0,100.0
2026-02-18 18:09:00,100.0,100.0
2026-02-18 18:09:15,100.0,100.0
2026-02-18 18:09:30,100.0,100.0
2026-02-18 18:09:45,100.0,100.0
2026-02-18 18:10:00,100.0,100.0
2026-02-18 18:10:15,100.0,100.0
2026-02-18 18:10:30,100.0,100.0
2026-02-18 18:10:45,100.0,100.0
2026-02-18 18:11:00,100.0,100.0
2026-02-18 18:11:15,100.0,100.0
2026-02-18 18:11:30,100.0,100.0
2026-02-18 18:11:45,100.0,100.0
2026-02-18 18:12:00,100.0,100.0
2026-02-18 18:12:15,100.0,100.0
2026-02-18 18:12:30,100.0,100.0
2026-02-18 18:12:45,100.0,100.0
2026-02-18 18:13:00,100.0,100.0
2026-02-18 18:13:15,100.0,100.0
2026-02-18 18:13:30,100.0,100.0
2026-02-18 18:13:45,100.0,100.0
2026-02-18 18:14:00,100.0,100.0
2026-02-18 18:14:15,100.0,100.0
2026-02-18 18:14:30,100.0,100.0
2026-02-18 18:14:45,100.0,100.0
2026-02-18 18:15:00,100.0,100.0
2026-02-18 18:15:15,100.0,100.0
2026-02-18 18:15:30,100.0,100.0
2026-02-18 18:15:45,100.0,100.0
2026-02-18 18:16:00,100.0,100.0
2026-02-18 18:16:15,100.0,100.0
2026-02-18 18:16:30,100.0,100.0
2026-02-18 18:16:45,100.0,100.0
2026-02-18 18:17:00,100.0,100.0
2026-02-18 18:17:15,100.0,100.0
2026-02-18 18:17:30,100.0,100.0
2026-02-18 18:17:45,100.0,100.0
2026-02-18 18:18:00,100.0,100.0
2026-02-18 18:18:15,100.0,100.0
2026-02-18 18:18:30,100.0,100.0
2026-02-18 18:18:45,100.0,100.0
2026-02-18 18:19:00,100.0,100.0
2026-02-18 18:19:15,100.0,100.0
2026-02-18 18:19:30,100.0,100.0
2026-02-18 18:19:45,100.0,100.0
2026-02-18 18:20:00,100.0,100.0
2026-02-18 18:20:15,100.0,100.0
2026-02-18 18:20:30,100.0,100.0
2026-02-18 18:20:45,100.0,100.0
2026-02-18 18:21:00,100.0,100.0
2026-02-18 18:21:15,100.0,100.0
2026-02-18 18:21:30,100.0,100.0
2026-02-18 18:21:45,100.0,100.0
2026-02-18 18:22:00,100.0,100.0
2026-02-18 18:22:15,100.0,100.0
2026-02-18 18:22:30,100.0,100.0
2026-02-18 18:22:45,100.0,100.0
2026-02-18 18:23:00,100.0,100.0
2026-02-18 18:23:15,100.0,100.0
2026-02-18 18:23:30,100.0,100.0
2026-02-18 18:23:45,100.0,100.0
2026-02-18 18:24:00,100.0,100.0
2026-02-18 18:24:15,100.0,100.0
2026-02-18 18:24:30,100.0,100.0
2026-02-18 18:24:45,100.0,100.0
2026-02-18 18:25:00,100.0,100.0
2026-02-18 18:25:15,100.0,100.0
2026-02-18 18:25:30,100.0,100.0
2026-02-18 18:25:45,100.0,100.0
2026-02-18 18:26:00,100.0,100.0
2026-02-18 18:26:15,100.0,100.0
2026-02-18 18:26:30,100.0,100.0
2026-02-18 18:26:45,100.0,100.0
2026-02-18 18:27:00,100.0,100.0
2026-02-18 18:27:15,100.0,100.0
2026-02-18 18:27:30,100.0,100.0
2026-02-18 18:27:45,100.0,100.0
2026-02-18 18:28:00,100.0,100.0
2026-02-18 18:28:15,100.0,100.0
2026-02-18 18:28:30,100.0,100.0
2026-02-18 18:28:45,100.0,100.0
2026-02-18 18:29:00,100.0,100.0
2026-02-18 18:29:15,100.0,100.0
2026-02-18 18:29:30,100.0,100.0
2026-02-18 18:29:45,100.0,100.0
2026-02-18 18:30:00,100.0,100.0
2026-02-18 18:30:15,100.0,100.0
2026-02-18 18:30:30,100.0,100.0
2026-02-18 18:30:45,100.0,100.0
2026-02-18 18:31:00,100.0,100.0
2026-02-18 18:31:15,100.0,100.0
2026-02-18 18:31:30,100.0,100.0
2026-02-18 18:31:45,100.0,100.0
2026-02-18 18:32:00,100.0,100.0
2026-02-18 18:32:15,100.0,100.0
2026-02-18 18:32:30,100.0,100.0
2026-02-18 18:32:45,100.0,100.0
2026-02-18 18:33:00,100.0,100.0
2026-02-18 18:33:15,100.0,100.0
2026-02-18 18:33:30,100.0,100.0
2026-02-18 18:33:45,100.0,100.0
2026-02-18 18:34:00,100.0,100.0
2026-02-18 18:34:15,100.0,100.0
2026-02-18 18:34:30,100.0,100.0
2026-02-18 18:34:45,100.0,100.0
2026-02-18 18:35:00,100.0,100.0
2026-02-18 18:35:15,100.0,100.0
2026-02-18 18:35:30,100.0,100.0
2026-02-18 18:35:45,100.0,100.0
2026-02-18 18:36:00,100.0,100.0
2026-02-18 18:36:15,100.0,100.0
2026-02-18 18:36:30,100.0,100.0
2026-02-18 18:36:45,100.0,100.0
2026-02-18 18:37:00,100.0,100.0
2026-02-18 18:37:15,100.0,100.0
2026-02-18 18:37:30,100.0,100.0
2026-02-18 18:37:45,100.0,100.0
2026-02-18 18:38:00,100.0,100.0
2026-02-18 18:38:15,100.0,100.0
2026-02-18 18:38:30,100.0,100.0
2026-02-18 18:38:45,100.0,100.0
2026-02-18 18:39:00,100.0,100.0
2026-02-18 18:39:15,100.0,100.0
2026-02-18 18:39:30,100.0,100.0
2026-02-18 18:39:45,100.0,100.0
2026-02-18 18:40:00,100.0,100.0
2026-02-18 18:40:15,100.0,100.0
2026-02-18 18:40:30,100.0,100.0
2026-02-18 18:40:45,100.0,100.0
2026-02-18 18:41:00,100.0,100.0
2026-02-18 18:41:15,100.0,100.0
2026-02-18 18:41:30,100.0,100.0
2026-02-18 18:41:45,100.0,100.0
2026-02-18 18:42:00,100.0,100.0
2026-02-18 18:42:15,100.0,100.0
2026-02-18 18:42:30,100.0,100.0
2026-02-18 18:42:45,100.0,100.0
2026-02-18 18:43:00,100.0,100.0
2026-02-18 18:43:15,100.0,100.0
2026-02-18 18:43:30,100.0,100.0
2026-02-18 18:43:45,100.0,100.0
2026-02-18 18:44:00,100.0,100.0
2026-02-18 18:44:15,100.0,100.0
2026-02-18 18:44:30,100.0,100.0
2026-02-18 18:44:45,100.0,100.0
2026-02-18 18:45:00,100.0,100.0
2026-02-18 18:45:15,100.0,100.0
2026-02-18 18:45:30,100.0,100.0
2026-02-18 18:45:45,100.0,100.0
2026-02-18 18:46:00,100.0,100.0
2026-02-18 18:46:15,100.0,100.0
2026-02-18 18:46:30,100.0,100.0
2026-02-18 18:46:45,100.0,100.0
2026-02-18 18:47:00,100.0,100.0
2026-02-18 18:47:15,100.0,100.0
2026-02-18 18:47:30,100.0,100.0
2026-02-18 18:47:45,100.0,100.0
2026-02-18 18:48:00,100.0,100.0
2026-02-18 18:48:15,100.0,100.0
2026-02-18 18:48:30,100.0,100.0
2026-02-18 18:48:45,100.0,100.0
2026-02-18 18:49:00,100.0,100.0
2026-02-18 18:49:15,100.0,100.0
2026-02-18 18:49:30,100.0,100.0
2026-02-18 18:49:45,100.0,100.0
2026-02-18 18:50:00,100.0,100.0
2026-02-18 18:50:15,100.0,100.0
2026-02-18 18:50:30,100.0,100.0
2026-02-18 18:50:45,100.0,100.0
2026-02-18 18:51:00,100.0,100.0
2026-02-18 18:51:15,100.0,100.0
2026-02-18 18:51:30,100.0,100.0
2026-02-18 18:51:45,100.0,100.0
2026-02-18 18:52:00,100.0,100.0
2026-02-18 18:52:15,100.0,100.0
2026-02-18 18:52:30,100.0,100.0
2026-02-18 18:52:45,100.0,100.0
2026-02-18 18:53:00,100.0,100.0
2026-02-18 18:53:15,100.0,100.0
2026-02-18 18:53:30,100.0,100.0
2026-02-18 18:53:45,100.0,100.0
2026-02-18 18:54:00,100.0,100.0
2026-02-18 18:54:15,100.0,100.0
2026-02-18 18:54:30,100.0,100.0
2026-02-18 18:54:45,100.0,100.0
2026-02-18 18:55:00,100.0,100.0
2026-02-18 18:55:15,100.0,100.0
2026-02-18 18:55:30,100.0,100.0
2026-02-18 18:55:45,100.0,100.0
2026-02-18 18:56:00,100.0,100.0
2026-02-18 18:56:15,100.0,100.0
2026-02-18 18:56:30,100.0,100.0
2026-02-18 18:56:45,100.0,100.0
2026-02-18 18:57:00,100.0,100.0
2026-02-18 18:57:15,100.0,100.0
2026-02-18 18:57:30,100.0,100.0
2026-02-18 18:57:45,100.0,100.0
2026-02-18 18:58:00,100.0,100.0
2026-02-18 18:58:15,100.0,100.0
2026-02-18 18:58:30,100.0,100.0
2026-02-18 18:58:45,100.0,100.0
2026-02-18 18:59:00,100.0,100.0
2026-02-18 18:59:15,100.0,100.0
2026-02-18 18:59:30,100.0,100.0
2026-02-18 18:59:45,100.0,100.0
2026-02-18 19:00:00,100.0,100.0
2026-02-18 19:00:15,100.0,100.0
2026-02-18 19:00:30,100.0,100.0
2026-02-18 19:00:45,100.0,100.0
2026-02-18 19:01:00,100.0,100.0
2026-02-18 19:01:15,100.0,100.0
2026-02-18 19:01:30,100.0,100.0
2026-02-18 19:01:45,100.0,100.0
2026-02-18 19:02:00,100.0,100.0
2026-02-18 19:02:15,100.0,100.0
2026-02-18 19:02:30,100.0,100.0
2026-02-18 19:02:45,100.0,100.0
2026-02-18 19:03:00,100.0,100.0
2026-02-18 19:03:15,100.0,100.0
2026-02-18 19:03:30,100.0,100.0
2026-02-18 19:03:45,100.0,100.0
2026-02-18 19:04:00,100.0,100.0
2026-02-18 19:04:15,100.0,100.0
2026-02-18 19:04:30,100.0,100.0
2026-02-18 19:04:45,100.0,100.0
2026-02-18 19:05:00,100.0,100.0
2026-02-18 19:05:15,100.0,100.0
2026-02-18 19:05:30,100.0,100.0
2026-02-18 19:05:45,100.0,100.0
2026-02-18 19:06:00,100.0,100.0
2026-02-18 19:06:15,100.0,100.0
2026-02-18 19:06:30,100.0,100.0
2026-02-18 19:06:45,100.0,100.0
2026-02-18 19:07:00,100.0,100.0
2026-02-18 19:07:15,100.0,100.0
2026-02-18 19:07:30,100.0,100.0
2026-02-18 19:07:45,100.0,100.0
2026-02-18 19:08:00,100.0,100.0
2026-02-18 19:08:15,100.0,100.0
2026-02-18 19:08:30,100.0,100.0
2026-02-18 19:08:45,100.0,100.0
2026-02-18 19:09:00,100.0,100.0
2026-02-18 19:09:15,100.0,100.0
2026-02-18 19:09:30,100.0,100.0
2026-02-18 19:09:45,100.0,100.0
2026-02-18 19:10:00,100.0,100.0
2026-02-18 19:10:15,100.0,100.0
2026-02-18 19:10:30,100.0,100.0
2026-02-18 19:10:45,100.0,100.0
2026-02-18 19:11:00,100.0,100.0
2026-02-18 19:11:15,100.0,100.0
2026-02-18 19:11:30,100.0,100.0
2026-02-18 19:11:45,100.0,100.0
2026-02-18 19:12:00,100.0,100.0
2026-02-18 19:12:15,100.0,100.0
2026-02-18 19:12:30,100.0,100.0
2026-02-18 19:12:45,100.0,100.0
2026-02-18 19:13:00,100.0,100.0
2026-02-18 19:13:15,100.0,100.0
2026-02-18 19:13:30,100.0,100.0
2026-02-18 19:13:45,100.0,100.0
2026-02-18 19:14:00,100.0,100.0
2026-02-18 19:14:15,100.0,100.0
2026-02-18 19:14:30,100.0,100.0
2026-02-18 19:14:45,100.0,100.0
2026-02-18 19:15:00,100.0,100.0
2026-02-18 19:15:15,100.0,100.0
2026-02-18 19:15:30,100.0,100.0
2026-02-18 19:15:45,100.0,100.0
2026-02-18 19:16:00,100.0,100.0
2026-02-18 19:16:15,100.0,100.0
2026-02-18 19:16:30,100.0,100.0
2026-02-18 19:16:45,100.0,100.0
2026-02-18 19:17:00,100.0,100.0
2026-02-18 19:17:15,100.0,100.0
2026-02-18 19:17:30,100.0,100.0
2026-02-18 19:17:45,100.0,100.0
2026-02-18 19:18:00,100.0,100.0
2026-02-18 19:18:15,100.0,100.0
2026-02-18 19:18:30,100.0,100.0
2026-02-18 19:18:45,100.0,100.0
2026-02-18 19:19:00,100.0,100.0
2026-02-18 19:19:15,100.0,100.0
2026-02-18 19:19:30,100.0,100.0
2026-02-18 19:19:45,100.0,100.0
2026-02-18 19:20:00,100.0,100.0
2026-02-18 19:20:15,100.0,100.0
2026-02-18 19:20:30,100.0,100.0
2026-02-18 19:20:45,100.0,100.0
2026-02-18 19:21:00,100.0,100.0
2026-02-18 19:21:15,100.0,100.0
2026-02-18 19:21:30,100.0,100.0
2026-02-18 19:21:45,100.0,100.0
2026-02-18 19:22:00,100.0,100.0
2026-02-18 19:22:15,100.0,100.0
2026-02-18 19:22:30,100.0,100.0
2026-02-18 19:22:45,100.0,100.0
2026-02-18 19:23:00,100.0,100.0
2026-02-18 19:23:15,100.0,100.0
2026-02-18 19:23:30,100.0,100.0
2026-02-18 19:23:45,100.0,100.0
2026-02-18 19:24:00,100.0,100.0
2026-02-18 19:24:15,100.0,100.0
2026-02-18 19:24:30,100.0,100.0
2026-02-18 19:24:45,100.0,100.0
2026-02-18 19:25:00,100.0,100.0
2026-02-18 19:25:15,100.0,100.0
2026-02-18 19:25:30,100.0,100.0
2026-02-18 19:25:45,100.0,100.0
2026-02-18 19:26:00,100.0,100.0
2026-02-18 19:26:15,100.0,100.0
2026-02-18 19:26:30,100.0,100.0
2026-02-18 19:26:45,100.0,100.0
2026-02-18 19:27:00,100.0,100.0
2026-02-18 19:27:15,100.0,100.0
2026-02-18 19:27:30,100.0,100.0
2026-02-18 19:27:45,100.0,100.0
2026-02-18 19:28:00,100.0,100.0
2026-02-18 19:28:15,100.0,100.0
2026-02-18 19:28:30,100.0,100.0
2026-02-18 19:28:45,100.0,100.0
2026-02-18 19:29:00,100.0,100.0
2026-02-18 19:29:15,100.0,100.0
2026-02-18 19:29:30,100.0,100.0
2026-02-18 19:29:45,100.0,100.0
2026-02-18 19:30:00,100.0,100.0
2026-02-18 19:30:15,100.0,100.0
2026-02-18 19:30:30,100.0,100.0
2026-02-18 19:30:45,100.0,100.0
2026-02-18 19:31:00,100.0,100.0
2026-02-18 19:31:15,100.0,100.0
2026-02-18 19:31:30,100.0,100.0
2026-02-18 19:31:45,100.0,100.0
2026-02-18 19:32:00,100.0,100.0
2026-02-18 19:32:15,100.0,100.0
2026-02-18 19:32:30,100.0,100.0
2026-02-18 19:32:45,100.0,100.0
2026-02-18 19:33:00,100.0,100.0
2026-02-18 19:33:15,100.0,100.0
2026-02-18 19:33:30,100.0,100.0
2026-02-18 19:33:45,100.0,100.0
2026-02-18 19:34:00,100.0,100.0
2026-02-18 19:34:15,100.0,100.0
2026-02-18 19:34:30,100.0,100.0
2026-02-18 19:34:45,100.0,100.0
2026-02-18 19:35:00,100.0,100.0
2026-02-18 19:35:15,100.0,100.0
2026-02-18 19:35:30,100.0,100.0
2026-02-18 19:35:45,100.0,100.0
2026-02-18 19:36:00,100.0,100.0
2026-02-18 19:36:15,100.0,100.0
2026-02-18 19:36:30,100.0,100.0
2026-02-18 19:36:45,100.0,100.0
2026-02-18 19:37:00,100.0,100.0
2026-02-18 19:37:15,100.0,100.0
2026-02-18 19:37:30,100.0,100.0
2026-02-18 19:37:45,100.0,100.0
2026-02-18 19:38:00,100.0,100.0
2026-02-18 19:38:15,100.0,100.0
2026-02-18 19:38:30,100.0,100.0
2026-02-18 19:38:45,100.0,100.0
2026-02-18 19:39:00,100.0,100.0
2026-02-18 19:39:15,100.0,100.0
2026-02-18 19:39:30,100.0,100.0
2026-02-18 19:39:45,100.0,100.0
2026-02-18 19:40:00,100.0,100.0
2026-02-18 19:40:15,100.0,100.0
2026-02-18 19:40:30,100.0,100.0
2026-02-18 19:40:45,100.0,100.0
2026-02-18 19:41:00,100.0,100.0
2026-02-18 19:41:15,100.0,100.0
2026-02-18 19:41:30,100.0,100.0
2026-02-18 19:41:45,100.0,100.0
2026-02-18 19:42:00,100.0,100.0
2026-02-18 19:42:15,100.0,100.0
2026-02-18 19:42:30,100.0,100.0
2026-02-18 19:42:45,100.0,100.0
2026-02-18 19:43:00,100.0,100.0
2026-02-18 19:43:15,100.0,100.0
2026-02-18 19:43:30,100.0,100.0
2026-02-18 19:43:45,100.0,100.0
2026-02-18 19:44:00,100.0,100.0
2026-02-18 19:44:15,100.0,100.0
2026-02-18 19:44:30,100.0,100.0
2026-02-18 19:44:45,100.0,100.0
2026-02-18 19:45:00,100.0,100.0
2026-02-18 19:45:15,100.0,100.0
2026-02-18 19:45:30,100.0,100.0
2026-02-18 19:45:45,100.0,100.0
2026-02-18 19:46:00,100.0,100.0
2026-02-18 19:46:15,100.0,100.0
2026-02-18 19:46:30,100.0,100.0
2026-02-18 19:46:45,100.0,100.0
2026-02-18 19:47:00,100.0,100.0
2026-02-18 19:47:15,100.0,100.0
2026-02-18 19:47:30,100.0,100.0
2026-02-18 19:47:45,100.0,100.0
2026-02-18 19:48:00,100.0,100.0
2026-02-18 19:48:15,100.0,100.0
2026-02-18 19:48:30,100.0,100.0
2026-02-18 19:48:45,100.0,100.0
2026-02-18 19:49:00,100.0,100.0
2026-02-18 19:49:15,100.0,100.0
2026-02-18 19:49:30,100.0,100.0
2026-02-18 19:49:45,100.0,100.0
2026-02-18 19:50:00,100.0,100.0
2026-02-18 19:50:15,100.0,100.0
2026-02-18 19:50:29,100.0,100.0
2026-02-18 19:50:45,100.0,100.0
2026-02-18 19:51:00,100.0,100.0
2026-02-18 19:51:15,100.0,100.0
2026-02-18 19:51:30,100.0,100.0
2026-02-18 19:51:45,100.0,100.0
2026-02-18 19:52:00,100.0,100.0
2026-02-18 19:52:14,100.0,100.0
2026-02-18 19:52:30,100.0,100.0
2026-02-18 19:52:45,100.0,100.0
2026-02-18 19:53:00,100.0,100.0
2026-02-18 19:53:14,100.0,100.0
2026-02-18 19:53:30,100.0,100.0
2026-02-18 19:53:45,100.0,100.0
2026-02-18 19:54:00,100.0,100.0
2026-02-18 19:54:14,100.0,100.0
2026-02-18 19:54:30,100.0,100.0
2026-02-18 19:54:44,100.0,100.0
2026-02-18 19:55:00,100.0,100.0
2026-02-18 19:55:15,100.0,100.0
2026-02-18 19:55:29,100.0,100.0
2026-02-18 19:55:44,100.0,100.0
2026-02-18 19:56:00,100.0,100.0
2026-02-18 19:56:14,100.0,100.0
2026-02-18 19:56:30,100.0,100.0
2026-02-18 19:56:45,100.0,100.0
2026-02-18 19:57:00,100.0,100.0
2026-02-18 19:57:14,100.0,100.0
2026-02-18 19:57:30,100.0,100.0
2026-02-18 19:57:45,100.0,100.0
2026-02-18 19:58:00,100.0,100.0
2026-02-18 19:58:14,100.0,100.0
2026-02-18 19:58:29,100.0,100.0
2026-02-18 19:58:45,100.0,100.0
2026-02-18 19:58:59,100.0,100.0
2026-02-18 19:59:15,100.0,100.0
2026-02-18 19:59:30,100.0,100.0
2026-02-18 19:59:45,100.0,100.0
2026-02-18 19:59:59,100.0,100.0
2026-02-18 20:00:14,100.0,100.0
2026-02-18 20:00:29,100.0,100.0
2026-02-18 20:00:45,100.0,100.0
2026-02-18 20:00:59,100.0,100.0
2026-02-18 20:01:15,100.0,100.0
2026-02-18 20:01:30,100.0,100.0
2026-02-18 20:01:44,100.0,100.0
2026-02-18 20:02:00,100.0,100.0
2026-02-18 20:02:14,100.0,100.0
2026-02-18 20:02:30,100.0,100.0
2026-02-18 20:02:45,100.0,100.0
2026-02-18 20:02:59,100.0,100.0
2026-02-18 20:03:14,100.0,100.0
2026-02-18 20:03:30,100.0,100.0
2026-02-18 20:03:45,100.0,100.0
2026-02-18 20:04:00,100.0,100.0
2026-02-18 20:04:14,100.0,100.0
2026-02-18 20:04:29,100.0,100.0
2026-02-18 20:04:44,100.0,100.0
2026-02-18 20:04:59,100.0,100.0
2026-02-18 20:05:15,100.0,100.0
2026-02-18 20:05:30,100.0,100.0
2026-02-18 20:05:45,100.0,100.0
2026-02-18 20:06:00,100.0,100.0
2026-02-18 20:06:14,100.0,100.0
2026-02-18 20:06:29,100.0,100.0
2026-02-18 20:06:44,100.0,100.0
2026-02-18 20:07:00,100.0,100.0
2026-02-18 20:07:15,100.0,100.0
2026-02-18 20:07:29,100.0,100.0
2026-02-18 20:07:45,100.0,100.0
2026-02-18 20:08:00,100.0,100.0
2026-02-18 20:08:14,100.0,100.0
2026-02-18 20:08:30,100.0,100.0
2026-02-18 20:08:45,100.0,100.0
2026-02-18 20:08:59,100.0,100.0
2026-02-18 20:09:15,100.0,100.0
2026-02-18 20:09:30,100.0,100.0
2026-02-18 20:09:45,100.0,100.0
2026-02-18 20:09:59,100.0,100.0
2026-02-18 20:10:14,100.0,100.0
2026-02-18 20:10:29,100.0,100.0
2026-02-18 20:10:44,100.0,100.0
2026-02-18 20:10:59,100.0,100.0
2026-02-18 20:11:14,100.0,100.0
2026-02-18 20:11:30,100.0,100.0
2026-02-18 20:11:44,100.0,100.0
2026-02-18 20:11:59,100.0,100.0
2026-02-18 20:12:15,100.0,100.0
2026-02-18 20:12:29,100.0,100.0
2026-02-18 20:12:44,100.0,100.0
2026-02-18 20:12:59,100.0,100.0
2026-02-18 20:13:14,100.0,100.0
2026-02-18 20:13:29,100.0,100.0
2026-02-18 20:13:44,100.0,100.0
2026-02-18 20:13:59,100.0,100.0
2026-02-18 20:14:14,100.0,100.0
2026-02-18 20:14:29,100.0,100.0
2026-02-18 20:14:44,100.0,100.0
2026-02-18 20:14:59,100.0,100.0
2026-02-18 20:15:14,100.0,100.0
2026-02-18 20:15:29,100.0,100.0
2026-02-18 20:15:44,100.0,100.0
2026-02-18 20:15:59,100.0,100.0
2026-02-18 20:16:14,100.0,100.0
2026-02-18 20:16:29,100.0,100.0
2026-02-18 20:16:44,100.0,100.0
2026-02-18 20:16:59,100.0,100.0
2026-02-18 20:17:14,100.0,100.0
2026-02-18 20:17:29,100.0,100.0
2026-02-18 20:17:44,100.0,100.0
2026-02-18 20:17:59,100.0,100.0
2026-02-18 20:18:14,100.0,100.0
2026-02-18 20:18:29,100.0,100.0
2026-02-18 20:18:44,100.0,100.0
2026-02-18 20:18:59,100.0,100.0
2026-02-18 20:19:14,100.0,100.0
2026-02-18 20:19:29,100.0,100.0
2026-02-18 20:19:44,100.0,100.0
2026-02-18 20:19:59,100.0,100.0
2026-02-18 20:20:14,100.0,100.0
2026-02-18 20:20:29,100.0,100.0
2026-02-18 20:20:44,100.0,100.0
2026-02-18 20:20:59,100.0,100.0
2026-02-18 20:21:14,100.0,100.0
2026-02-18 20:21:29,100.0,100.0
2026-02-18 20:21:44,100.0,100.0
2026-02-18 20:21:59,100.0,100.0
2026-02-18 20:22:14,100.0,100.0
2026-02-18 20:22:29,100.0,100.0
2026-02-18 20:22:44,100.0,100.0
2026-02-18 20:22:59,100.0,100.0
2026-02-18 20:23:14,100.0,100.0
2026-02-18 20:23:29,100.0,100.0
2026-02-18 20:23:44,100.0,100.0
2026-02-18 20:23:59,100.0,100.0
2026-02-18 20:24:14,100.0,100.0
2026-02-18 20:24:29,100.0,100.0
2026-02-18 20:24:45,100.0,100.0
2026-02-18 20:24:59,100.0,100.0
2026-02-18 20:25:14,100.0,100.0
2026-02-18 20:25:29,100.0,100.0
2026-02-18 20:25:44,100.0,100.0
2026-02-18 20:25:59,100.0,100.0
2026-02-18 20:26:14,100.0,100.0
2026-02-18 20:26:29,100.0,100.0
2026-02-18 20:26:44,100.0,100.0
2026-02-18 20:26:59,100.0,100.0
2026-02-18 20:27:14,100.0,100.0
2026-02-18 20:27:29,100.0,100.0
2026-02-18 20:27:44,100.0,100.0
2026-02-18 20:27:59,100.0,100.0
2026-02-18 20:28:14,100.0,100.0
2026-02-18 20:28:29,100.0,100.0
2026-02-18 20:28:44,100.0,100.0
2026-02-18 20:28:59,100.0,100.0
2026-02-18 20:29:14,100.0,100.0
2026-02-18 20:29:29,100.0,100.0
2026-02-18 20:29:44,100.0,100.0
2026-02-18 20:29:59,100.0,100.0
2026-02-18 20:30:14,100.0,100.0
2026-02-18 20:30:29,100.0,100.0
2026-02-18 20:30:44,100.0,100.0
2026-02-18 20:30:59,100.0,100.0
2026-02-18 20:31:14,100.0,100.0
2026-02-18 20:31:29,100.0,100.0
2026-02-18 20:31:44,100.0,100.0
2026-02-18 20:31:59,100.0,100.0
2026-02-18 20:32:14,100.0,100.0
2026-02-18 20:32:29,100.0,100.0
2026-02-18 20:32:44,100.0,100.0
2026-02-18 20:32:59,100.0,100.0
2026-02-18 20:33:14,100.0,100.0
2026-02-18 20:33:29,100.0,100.0
2026-02-18 20:33:44,100.0,100.0
2026-02-18 20:33:59,100.0,100.0
2026-02-18 20:34:14,100.0,100.0
2026-02-18 20:34:29,100.0,100.0
2026-02-18 20:34:44,100.0,100.0
2026-02-18 20:34:59,100.0,100.0
2026-02-18 20:35:14,100.0,100.0
2026-02-18 20:35:29,100.0,100.0
2026-02-18 20:35:44,100.0,100.0
2026-02-18 20:35:59,100.0,100.0
2026-02-18 20:36:14,100.0,100.0
2026-02-18 20:36:29,100.0,100.0
2026-02-18 20:36:44,100.0,100.0
2026-02-18 20:36:59,100.0,100.0
2026-02-18 20:37:14,100.0,100.0
2026-02-18 20:37:29,100.0,100.0
2026-02-18 20:37:44,100.0,100.0
2026-02-18 20:37:59,100.0,100.0
2026-02-18 20:38:14,100.0,100.0
2026-02-18 20:38:29,100.0,100.0
2026-02-18 20:38:44,100.0,100.0
2026-02-18 20:38:59,100.0,100.0
2026-02-18 20:39:14,100.0,100.0
2026-02-18 20:39:29,100.0,100.0
2026-02-18 20:39:44,100.0,100.0
2026-02-18 20:39:59,100.0,100.0
2026-02-18 20:40:14,100.0,100.0
2026-02-18 20:40:29,100.0,100.0
2026-02-18 20:40:44,100.0,100.0
2026-02-18 20:40:59,100.0,100.0
2026-02-18 20:41:14,100.0,100.0
2026-02-18 20:41:29,100.0,100.0
2026-02-18 20:41:44,100.0,100.0
2026-02-18 20:41:59,100.0,100.0
2026-02-18 20:42:14,100.0,100.0
2026-02-18 20:42:29,100.0,100.0
2026-02-18 20:42:44,100.0,100.0
2026-02-18 20:42:59,100.0,100.0
2026-02-18 20:43:14,100.0,100.0
2026-02-18 20:43:29,100.0,100.0
2026-02-18 20:43:44,100.0,100.0
2026-02-18 20:43:59,100.0,100.0
2026-02-18 20:44:14,100.0,100.0
2026-02-18 20:44:29,100.0,100.0
2026-02-18 20:44:44,100.0,100.0
2026-02-18 20:44:59,100.0,100.0
2026-02-18 20:45:14,100.0,100.0
2026-02-18 20:45:29,100.0,100.0
2026-02-18 20:45:44,100.0,100.0
2026-02-18 20:45:59,100.0,100.0
2026-02-18 20:46:14,100.0,100.0
2026-02-18 20:46:29,100.0,100.0
2026-02-18 20:46:44,100.0,100.0
2026-02-18 20:46:59,100.0,100.0
2026-02-18 20:47:14,100.0,100.0
2026-02-18 20:47:29,100.0,100.0
2026-02-18 20:47:44,100.0,100.0
2026-02-18 20:47:59,100.0,100.0
2026-02-18 20:48:14,100.0,100.0
2026-02-18 20:48:29,100.0,100.0
2026-02-18 20:48:44,100.0,100.0
2026-02-18 20:48:59,100.0,100.0
2026-02-18 20:49:14,100.0,100.0
2026-02-18 20:49:29,100.0,100.0
2026-02-18 20:49:44,100.0,100.0
2026-02-18 20:49:59,100.0,100.0
2026-02-18 20:50:14,100.0,100.0
2026-02-18 20:50:29,100.0,100.0
2026-02-18 20:50:44,100.0,100.0
2026-02-18 20:50:59,100.0,100.0
2026-02-18 20:51:14,100.0,100.0
2026-02-18 20:51:29,100.0,100.0
2026-02-18 20:51:44,100.0,100.0
2026-02-18 20:51:59,100.0,100.0
2026-02-18 20:52:14,100.0,100.0
2026-02-18 20:52:29,100.0,100.0
2026-02-18 20:52:44,100.0,100.0
2026-02-18 20:52:59,100.0,100.0
2026-02-18 20:53:14,100.0,100.0
2026-02-18 20:53:29,100.0,100.0
2026-02-18 20:53:44,100.0,100.0
2026-02-18 20:53:59,100.0,100.0
2026-02-18 20:54:14,100.0,100.0
2026-02-18 20:54:29,100.0,100.0
2026-02-18 20:54:44,100.0,100.0
2026-02-18 20:54:59,100.0,100.0
2026-02-18 20:55:14,100.0,100.0
2026-02-18 20:55:29,100.0,100.0
2026-02-18 20:55:44,100.0,100.0
2026-02-18 20:55:59,100.0,100.0
2026-02-18 20:56:14,100.0,100.0
2026-02-18 20:56:29,100.0,100.0
2026-02-18 20:56:44,100.0,100.0
2026-02-18 20:56:59,100.0,100.0
2026-02-18 20:57:14,100.0,100.0
2026-02-18 20:57:29,100.0,100.0
2026-02-18 20:57:44,100.0,100.0
2026-02-18 20:57:59,100.0,100.0
2026-02-18 20:58:14,100.0,100.0
2026-02-18 20:58:29,100.0,100.0
2026-02-18 20:58:44,100.0,100.0
2026-02-18 20:58:59,100.0,100.0
2026-02-18 20:59:14,100.0,100.0
2026-02-18 20:59:29,100.0,100.0
2026-02-18 20:59:44,100.0,100.0
2026-02-18 20:59:59,100.0,100.0
2026-02-18 21:00:14,100.0,100.0
2026-02-18 21:00:29,100.0,100.0
2026-02-18 21:00:44,100.0,100.0
2026-02-18 21:00:59,100.0,100.0
2026-02-18 21:01:14,100.0,100.0
2026-02-18 21:01:29,100.0,100.0
2026-02-18 21:01:44,100.0,100.0
2026-02-18 21:01:59,100.0,100.0
2026-02-18 21:02:14,100.0,100.0
2026-02-18 21:02:29,100.0,100.0
2026-02-18 21:02:44,100.0,100.0
2026-02-18 21:02:59,100.0,100.0
2026-02-18 21:03:14,100.0,100.0
2026-02-18 21:03:29,100.0,100.0
2026-02-18 21:03:44,100.0,100.0
2026-02-18 21:03:59,100.0,100.0
2026-02-18 21:04:14,100.0,100.0
2026-02-18 21:04:29,100.0,100.0
2026-02-18 21:04:44,100.0,100.0
2026-02-18 21:04:59,100.0,100.0
2026-02-18 21:05:14,100.0,100.0
2026-02-18 21:05:29,100.0,100.0
2026-02-18 21:05:44,100.0,100.0
2026-02-18 21:05:59,100.0,100.0
2026-02-18 21:06:14,100.0,100.0
2026-02-18 21:06:29,100.0,100.0
2026-02-18 21:06:44,100.0,100.0
2026-02-18 21:06:59,100.0,100.0
2026-02-18 21:07:14,100.0,100.0
2026-02-18 21:07:29,100.0,100.0
2026-02-18 21:07:44,100.0,100.0
2026-02-18 21:07:59,100.0,100.0
2026-02-18 21:08:14,100.0,100.0
2026-02-18 21:08:29,100.0,100.0
2026-02-18 21:08:44,100.0,100.0
2026-02-18 21:08:59,100.0,100.0
2026-02-18 21:09:14,100.0,100.0
2026-02-18 21:09:29,100.0,100.0
2026-02-18 21:09:44,100.0,100.0
2026-02-18 21:09:59,100.0,100.0
2026-02-18 21:10:14,100.0,100.0
2026-02-18 21:10:29,100.0,100.0
2026-02-18 21:10:44,100.0,100.0
2026-02-18 21:10:59,100.0,100.0
2026-02-18 21:11:14,100.0,100.0
2026-02-18 21:11:29,100.0,100.0
2026-02-18 21:11:44,100.0,100.0
2026-02-18 21:11:59,100.0,100.0
2026-02-18 21:12:14,100.0,100.0
2026-02-18 21:12:29,100.0,100.0
2026-02-18 21:12:44,100.0,100.0
2026-02-18 21:12:59,100.0,100.0
2026-02-18 21:13:14,100.0,100.0
2026-02-18 21:13:29,100.0,100.0
2026-02-18 21:13:44,100.0,100.0
2026-02-18 21:13:59,100.0,100.0
2026-02-18 21:14:14,100.0,100.0
2026-02-18 21:14:29,100.0,100.0
2026-02-18 21:14:44,100.0,100.0
2026-02-18 21:14:59,100.0,100.0
2026-02-18 21:15:14,100.0,100.0
2026-02-18 21:15:29,100.0,100.0
2026-02-18 21:15:44,100.0,100.0
2026-02-18 21:15:59,100.0,100.0
2026-02-18 21:16:14,100.0,100.0
2026-02-18 21:16:29,100.0,100.0
2026-02-18 21:16:44,100.0,100.0
2026-02-18 21:16:59,100.0,100.0
2026-02-18 21:17:14,100.0,100.0
2026-02-18 21:17:29,100.0,100.0
2026-02-18 21:17:44,100.0,100.0
2026-02-18 21:17:59,100.0,100.0
2026-02-18 21:18:14,100.0,100.0
2026-02-18 21:18:29,100.0,100.0
2026-02-18 21:18:44,100.0,100.0
2026-02-18 21:18:59,100.0,100.0
2026-02-18 21:19:14,100.0,100.0
2026-02-18 21:19:29,100.0,100.0
2026-02-18 21:19:44,100.0,100.0
2026-02-18 21:19:59,100.0,100.0
2026-02-18 21:20:14,100.0,100.0
2026-02-18 21:20:29,100.0,100.0
2026-02-18 21:20:44,100.0,100.0
2026-02-18 21:20:59,100.0,100.0
2026-02-18 21:21:14,100.0,100.0
2026-02-18 21:21:29,100.0,100.0
2026-02-18 21:21:44,100.0,100.0
2026-02-18 21:21:59,100.0,100.0
2026-02-18 21:22:14,100.0,100.0
2026-02-18 21:22:29,100.0,100.0
2026-02-18 21:22:44,100.0,100.0
2026-02-18 21:22:59,100.0,100.0
2026-02-18 21:23:14,100.0,100.0
2026-02-18 21:23:29,100.0,100.0
2026-02-18 21:23:44,100.0,100.0
2026-02-18 21:23:59,100.0,100.0
2026-02-18 21:24:14,100.0,100.0
2026-02-18 21:24:29,100.0,100.0
2026-02-18 21:24:44,100.0,100.0
2026-02-18 21:24:59,100.0,100.0
2026-02-18 21:25:14,100.0,100.0
2026-02-18 21:25:29,100.0,100.0
2026-02-18 21:25:44,100.0,100.0
2026-02-18 21:25:59,100.0,100.0
2026-02-18 21:26:14,100.0,100.0
2026-02-18 21:26:29,100.0,100.0
2026-02-18 21:26:44,100.0,100.0
2026-02-18 21:26:59,100.0,100.0
2026-02-18 21:27:14,100.0,100.0
2026-02-18 21:27:29,100.0,100.0
2026-02-18 21:27:44,100.0,100.0
2026-02-18 21:27:59,100.0,100.0
2026-02-18 21:28:14,100.0,100.0
2026-02-18 21:28:29,100.0,100.0
2026-02-18 21:28:44,100.0,100.0
2026-02-18 21:28:59,100.0,100.0
2026-02-18 21:29:14,100.0,100.0
2026-02-18 21:29:29,100.0,100.0
2026-02-18 21:29:44,100.0,100.0
2026-02-18 21:29:59,100.0,100.0
2026-02-18 21:30:14,100.0,100.0
2026-02-18 21:30:29,100.0,100.0
2026-02-18 21:30:44,100.0,100.0
2026-02-18 21:30:59,100.0,100.0
2026-02-18 21:31:14,100.0,100.0
2026-02-18 21:31:29,100.0,100.0
2026-02-18 21:31:44,100.0,100.0
2026-02-18 21:31:59,100.0,100.0
2026-02-18 21:32:14,100.0,100.0
2026-02-18 21:32:29,100.0,100.0
2026-02-18 21:32:44,100.0,100.0
2026-02-18 21:32:59,100.0,100.0
2026-02-18 21:33:14,100.0,100.0
2026-02-18 21:33:29,100.0,100.0
2026-02-18 21:33:44,100.0,100.0
2026-02-18 21:33:59,100.0,100.0
2026-02-18 21:34:14,100.0,100.0
2026-02-18 21:34:29,100.0,100.0
2026-02-18 21:34:44,100.0,100.0
2026-02-18 21:34:59,100.0,100.0
2026-02-18 21:35:14,100.0,100.0
2026-02-18 21:35:29,100.0,100.0
2026-02-18 21:35:44,100.0,100.0
2026-02-18 21:35:59,100.0,100.0
2026-02-18 21:36:14,100.0,100.0
2026-02-18 21:36:29,100.0,100.0
2026-02-18 21:36:44,100.0,100.0
2026-02-18 21:36:59,100.0,100.0
2026-02-18 21:37:14,100.0,100.0
2026-02-18 21:37:29,100.0,100.0
2026-02-18 21:37:44,100.0,100.0
2026-02-18 21:37:59,100.0,100.0
2026-02-18 21:38:14,100.0,100.0
2026-02-18 21:38:29,100.0,100.0
2026-02-18 21:38:44,100.0,100.0
2026-02-18 21:38:59,100.0,100.0
2026-02-18 21:39:14,100.0,100.0
2026-02-18 21:39:29,100.0,100.0
2026-02-18 21:39:44,100.0,100.0
2026-02-18 21:39:59,100.0,100.0
2026-02-18 21:40:14,100.0,100.0
2026-02-18 21:40:29,100.0,100.0
2026-02-18 21:40:44,100.0,100.0
2026-02-18 21:40:59,100.0,100.0
2026-02-18 21:41:14,100.0,100.0
2026-02-18 21:41:29,100.0,100.0
2026-02-18 21:41:44,100.0,100.0
2026-02-18 21:41:59,100.0,100.0
2026-02-18 21:42:14,100.0,100.0
2026-02-18 21:42:29,100.0,100.0
2026-02-18 21:42:44,100.0,100.0
2026-02-18 21:42:59,100.0,100.0
2026-02-18 21:43:14,100.0,100.0
2026-02-18 21:43:29,100.0,100.0
2026-02-18 21:43:44,100.0,100.0
2026-02-18 21:43:59,100.0,100.0
2026-02-18 21:44:14,100.0,100.0
2026-02-18 21:44:29,100.0,100.0
2026-02-18 21:44:44,100.0,100.0
2026-02-18 21:44:59,100.0,100.0
2026-02-18 21:45:14,100.0,100.0
2026-02-18 21:45:29,100.0,100.0
2026-02-18 21:45:44,100.0,100.0
2026-02-18 21:45:59,100.0,100.0
2026-02-18 21:46:14,100.0,100.0
2026-02-18 21:46:29,100.0,100.0
2026-02-18 21:46:44,100.0,100.0
2026-02-18 21:46:59,100.0,100.0
2026-02-18 21:47:14,100.0,100.0
2026-02-18 21:47:29,100.0,100.0
2026-02-18 21:47:44,100.0,100.0
2026-02-18 21:47:59,100.0,100.0
2026-02-18 21:48:14,100.0,100.0
2026-02-18 21:48:29,100.0,100.0
2026-02-18 21:48:44,100.0,98.87640449438202
2026-02-18 21:48:59,100.0,97.75280898876404
2026-02-18 21:49:14,87.5,96.62921348314607
2026-02-18 21:49:29,87.5,96.62921348314607
2026-02-18 21:49:44,87.5,96.62921348314607
2026-02-18 21:49:59,87.5,96.62921348314607
2026-02-18 21:50:14,100.0,96.62921348314607
2026-02-18 21:50:29,100.0,96.62921348314607
2026-02-18 21:50:44,100.0,96.62921348314607
2026-02-18 21:50:59,100.0,96.62921348314607
2026-02-18 21:51:14,100.0,96.62921348314607
2026-02-18 21:51:29,100.0,96.62921348314607
2026-02-18 21:51:44,100.0,96.62921348314607
2026-02-18 21:51:59,100.0,96.62921348314607
2026-02-18 21:52:14,100.0,96.62921348314607
2026-02-18 21:52:29,100.0,96.62921348314607
2026-02-18 21:52:44,100.0,96.62921348314607
2026-02-18 21:52:59,100.0,96.62921348314607
2026-02-18 21:53:14,100.0,96.62921348314607
2026-02-18 21:53:29,100.0,96.62921348314607
2026-02-18 21:53:44,100.0,96.62921348314607
2026-02-18 21:53:59,100.0,96.62921348314607
2026-02-18 21:54:14,100.0,96.62921348314607
2026-02-18 21:54:29,100.0,96.62921348314607
2026-02-18 21:54:44,100.0,96.62921348314607
2026-02-18 21:54:59,100.0,96.62921348314607
2026-02-18 21:55:14,100.0,96.62921348314607
2026-02-18 21:55:29,100.0,96.62921348314607
2026-02-18 21:55:44,100.0,96.62921348314607
2026-02-18 21:55:59,100.0,96.62921348314607
2026-02-18 21:56:14,100.0,96.62921348314607
2026-02-18 21:56:29,100.0,96.62921348314607
2026-02-18 21:56:44,100.0,96.62921348314607
2026-02-18 21:56:59,100.0,96.62921348314607
2026-02-18 21:57:14,100.0,96.62921348314607
2026-02-18 21:57:29,100.0,96.62921348314607
2026-02-18 21:57:44,100.0,96.62921348314607
2026-02-18 21:57:59,100.0,96.62921348314607
2026-02-18 21:58:14,100.0,96.62921348314607
2026-02-18 21:58:29,100.0,96.62921348314607
2026-02-18 21:58:44,100.0,96.62921348314607
2026-02-18 21:58:59,100.0,96.62921348314607
2026-02-18 21:59:14,100.0,96.62921348314607
2026-02-18 21:59:29,100.0,96.62921348314607
2026-02-18 21:59:44,100.0,96.62921348314607
2026-02-18 21:59:59,100.0,96.62921348314607
2026-02-18 22:00:14,100.0,96.7741935483871
2026-02-18 22:00:29,100.0,96.7741935483871
2026-02-18 22:00:44,100.0,96.7741935483871
2026-02-18 22:00:59,100.0,96.7741935483871
2026-02-18 22:01:14,100.0,96.90721649484536
2026-02-18 22:01:29,100.0,96.90721649484536
2026-02-18 22:01:44,100.0,96.90721649484536
2026-02-18 22:01:59,100.0,96.90721649484536
2026-02-18 22:02:14,100.0,97.02970297029702
2026-02-18 22:02:29,100.0,97.02970297029702
2026-02-18 22:02:44,100.0,97.02970297029702
2026-02-18 22:02:59,100.0,97.14285714285714
2026-02-18 22:03:14,100.0,97.14285714285714
2026-02-18 22:03:29,100.0,97.14285714285714
2026-02-18 22:03:44,100.0,97.14285714285714
2026-02-18 22:03:59,100.0,97.24770642201835
2026-02-18 22:04:14,100.0,97.24770642201835
2026-02-18 22:04:29,100.0,97.24770642201835
2026-02-18 22:04:44,100.0,97.24770642201835
2026-02-18 22:04:59,100.0,97.34513274336283
2026-02-18 22:05:14,100.0,97.34513274336283
2026-02-18 22:05:29,100.0,97.34513274336283
2026-02-18 22:05:44,100.0,97.34513274336283
2026-02-18 22:05:59,100.0,97.43589743589743
2026-02-18 22:06:14,100.0,97.43589743589743
2026-02-18 22:06:29,100.0,97.43589743589743
2026-02-18 22:06:44,100.0,97.52066115702479
2026-02-18 22:06:59,100.0,97.52066115702479
2026-02-18 22:07:14,100.0,97.52066115702479
2026-02-18 22:07:29,100.0,97.52066115702479
2026-02-18 22:07:44,100.0,97.6
2026-02-18 22:07:59,100.0,97.6
2026-02-18 22:08:14,100.0,97.6
2026-02-18 22:08:29,100.0,97.6
2026-02-18 22:08:44,100.0,97.67441860465115
2026-02-18 22:08:59,100.0,97.67441860465115
2026-02-18 22:09:14,100.0,97.67441860465115
2026-02-18 22:09:29,100.0,97.67441860465115
2026-02-18 22:09:44,100.0,97.74436090225564
2026-02-18 22:09:59,100.0,97.74436090225564
2026-02-18 22:10:14,100.0,97.74436090225564
2026-02-18 22:10:29,100.0,97.8102189781022
2026-02-18 22:10:44,100.0,97.8102189781022
2026-02-18 22:10:59,100.0,97.8102189781022
2026-02-18 22:11:14,100.0,97.8102189781022
2026-02-18 22:11:29,100.0,97.87234042553192
2026-02-18 22:11:44,100.0,97.87234042553192
2026-02-18 22:11:59,100.0,97.87234042553192
2026-02-18 22:12:14,100.0,97.87234042553192
2026-02-18 22:12:29,100.0,97.93103448275862
2026-02-18 22:12:44,100.0,97.93103448275862
2026-02-18 22:12:59,100.0,97.93103448275862
2026-02-18 22:13:14,100.0,97.93103448275862
2026-02-18 22:13:29,100.0,97.98657718120806
2026-02-18 22:13:44,100.0,97.98657718120806
2026-02-18 22:13:59,100.0,97.98657718120806
2026-02-18 22:14:14,100.0,98.0392156862745
2026-02-18 22:14:29,100.0,98.0392156862745
2026-02-18 22:14:44,100.0,98.0392156862745
2026-02-18 22:14:59,100.0,98.0392156862745
2026-02-18 22:15:14,100.0,98.08917197452229
2026-02-18 22:15:29,100.0,98.08917197452229
2026-02-18 22:15:44,100.0,98.08917197452229
2026-02-18 22:15:59,100.0,98.08917197452229
2026-02-18 22:16:14,100.0,98.13664596273291
2026-02-18 22:16:29,100.0,98.13664596273291
2026-02-18 22:16:44,100.0,98.13664596273291
2026-02-18 22:16:59,100.0,98.13664596273291
2026-02-18 22:17:14,100.0,98.18181818181819
2026-02-18 22:17:29,100.0,98.18181818181819
2026-02-18 22:17:44,100.0,98.18181818181819
2026-02-18 22:17:59,100.0,98.22485207100591
2026-02-18 22:18:14,100.0,98.22485207100591
2026-02-18 22:18:29,100.0,98.22485207100591
2026-02-18 22:18:44,100.0,98.22485207100591
2026-02-18 22:18:59,100.0,98.26589595375722
2026-02-18 22:19:14,100.0,98.26589595375722
2026-02-18 22:19:29,100.0,98.26589595375722
2026-02-18 22:19:44,100.0,98.26589595375722
2026-02-18 22:19:59,100.0,98.30508474576271
2026-02-18 22:20:14,100.0,98.30508474576271
2026-02-18 22:20:29,100.0,98.30508474576271
2026-02-18 22:20:44,100.0,98.30508474576271
2026-02-18 22:20:59,100.0,98.34254143646409
2026-02-18 22:21:14,100.0,98.34254143646409
2026-02-18 22:21:29,100.0,98.34254143646409
2026-02-18 22:21:44,100.0,98.37837837837839
2026-02-18 22:21:59,100.0,98.37837837837839
2026-02-18 22:22:14,100.0,98.37837837837839
2026-02-18 22:22:29,100.0,98.37837837837839
2026-02-18 22:22:44,100.0,98.4126984126984
2026-02-18 22:22:59,100.0,98.4126984126984
2026-02-18 22:23:14,100.0,98.4126984126984
2026-02-18 22:23:29,100.0,98.4126984126984
2026-02-18 22:23:44,100.0,98.44559585492227
2026-02-18 22:23:59,100.0,98.44559585492227
2026-02-18 22:24:14,100.0,98.44559585492227
2026-02-18 22:24:29,100.0,98.44559585492227
2026-02-18 22:24:44,100.0,98.47715736040608
2026-02-18 22:24:59,100.0,98.47715736040608
2026-02-18 22:25:14,100.0,98.47715736040608
2026-02-18 22:25:29,100.0,98.50746268656717
2026-02-18 22:25:44,100.0,98.50746268656717
2026-02-18 22:25:59,100.0,98.50746268656717
2026-02-18 22:26:14,100.0,98.00995024875621
2026-02-18 22:26:29,100.0,97.5609756097561
2026-02-18 22:26:44,100.0,97.07317073170731
2026-02-18 22:26:59,87.5,96.58536585365853
2026-02-18 22:27:14,87.5,96.09756097560975
2026-02-18 22:27:29,87.5,95.69377990430623
2026-02-18 22:27:44,87.5,95.21531100478468
2026-02-18 22:27:59,87.5,94.73684210526315
2026-02-18 22:28:14,87.5,94.36619718309859
2026-02-18 22:28:29,87.5,93.89671361502347
2026-02-18 22:28:44,87.5,93.42723004694837
2026-02-18 22:28:59,75.0,92.95774647887323
2026-02-18 22:29:14,75.0,92.62672811059907
2026-02-18 22:29:29,75.0,92.16589861751152
2026-02-18 22:29:44,75.0,91.70506912442397
2026-02-18 22:29:59,75.0,91.24423963133641
2026-02-18 22:30:14,75.0,90.9502262443439
2026-02-18 22:30:29,75.0,90.49773755656109
2026-02-18 22:30:44,75.0,90.04524886877829
2026-02-18 22:30:59,75.0,89.59276018099548
2026-02-18 22:31:14,62.5,89.33333333333333
2026-02-18 22:31:29,62.5,88.88888888888889
2026-02-18 22:31:44,62.5,88.44444444444444
2026-02-18 22:31:59,62.5,88.20960698689956
2026-02-18 22:32:14,62.5,87.77292576419214
2026-02-18 22:32:29,62.5,87.33624454148472
2026-02-18 22:32:44,62.5,86.8995633187773
2026-02-18 22:32:59,62.5,86.69527896995707
2026-02-18 22:33:14,50.0,86.26609442060087
2026-02-18 22:33:29,50.0,85.83690987124464
2026-02-18 22:33:44,50.0,85.40772532188842
2026-02-18 22:33:59,50.0,85.23206751054853
2026-02-18 22:34:14,50.0,84.81012658227847
2026-02-18 22:34:29,50.0,84.38818565400844
2026-02-18 22:34:44,50.0,83.96624472573839
2026-02-18 22:34:59,50.0,83.81742738589212
2026-02-18 22:35:14,50.0,83.40248962655602
2026-02-18 22:35:29,37.5,82.98755186721992
2026-02-18 22:35:44,37.5,82.85714285714286
2026-02-18 22:35:59,37.5,82.44897959183673
2026-02-18 22:36:14,37.5,82.0408163265306
2026-02-18 22:36:29,37.5,81.63265306122449
2026-02-18 22:36:44,37.5,81.52610441767068
2026-02-18 22:36:59,37.5,81.12449799196787
2026-02-18 22:37:14,37.5,80.72289156626506
2026-02-18 22:37:29,37.5,80.32128514056225
2026-02-18 22:37:44,37.5,80.23715415019763
2026-02-18 22:37:59,37.5,79.84189723320159
2026-02-18 22:38:14,25.0,79.44664031620553
2026-02-18 22:38:29,25.0,79.05138339920948
2026-02-18 22:38:44,25.0,78.98832684824903
2026-02-18 22:38:59,25.0,78.59922178988327
2026-02-18 22:39:14,25.0,78.21011673151752
2026-02-18 22:39:29,25.0,78.16091954022988
2026-02-18 22:39:44,25.0,77.77777777777779
2026-02-18 22:39:59,25.0,77.39463601532567
2026-02-18 22:40:14,25.0,77.01149425287356
2026-02-18 22:40:29,25.0,76.9811320754717
2026-02-18 22:40:44,25.0,76.60377358490567
2026-02-18 22:40:59,25.0,76.22641509433963
2026-02-18 22:41:14,25.0,75.84905660377359
2026-02-18 22:41:29,25.0,75.8364312267658
2026-02-18 22:41:44,25.0,75.46468401486989
2026-02-18 22:41:59,25.0,75.09293680297398
2026-02-18 22:42:14,25.0,74.72118959107806
2026-02-18 22:42:29,25.0,74.72527472527473
2026-02-18 22:42:44,25.0,74.35897435897436
2026-02-18 22:42:59,25.0,73.992673992674
2026-02-18 22:43:14,25.0,74.0072202166065
2026-02-18 22:43:29,25.0,73.6462093862816
2026-02-18 22:43:44,25.0,73.28519855595668
2026-02-18 22:43:59,25.0,72.92418772563177
2026-02-18 22:44:14,25.0,72.95373665480427
2026-02-18 22:44:29,25.0,72.59786476868328
2026-02-18 22:44:44,12.5,72.24199288256227
2026-02-18 22:44:59,12.5,71.88612099644128
2026-02-18 22:45:14,12.5,71.9298245614035
2026-02-18 22:45:29,12.5,71.57894736842105
2026-02-18 22:45:44,12.5,71.2280701754386
2026-02-18 22:45:59,12.5,70.87719298245614
2026-02-18 22:46:14,12.5,70.93425605536332
2026-02-18 22:46:29,12.5,70.58823529411765
2026-02-18 22:46:44,12.5,70.24221453287197
2026-02-18 22:46:59,12.5,70.30716723549489
2026-02-18 22:47:14,12.5,69.96587030716724
2026-02-18 22:47:29,12.5,69.6245733788396
2026-02-18 22:47:44,12.5,69.28327645051195
2026-02-18 22:47:59,12.5,69.36026936026936
2026-02-18 22:48:14,12.5,69.02356902356902
2026-02-18 22:48:29,12.5,68.68686868686868
2026-02-18 22:48:44,12.5,68.35016835016835
2026-02-18 22:48:59,12.5,68.43853820598007
2026-02-18 22:49:14,12.5,68.10631229235881
2026-02-18 22:49:29,12.5,67.77408637873754
2026-02-18 22:49:44,12.5,67.44186046511628
2026-02-18 22:49:59,12.5,67.54098360655738
2026-02-18 22:50:14,12.5,67.21311475409836
2026-02-18 22:50:29,12.5,66.88524590163935
2026-02-18 22:50:44,12.5,66.99029126213593
2026-02-18 22:50:59,12.5,66.66666666666666
2026-02-18 22:51:14,12.5,66.34304207119742
2026-02-18 22:51:29,12.5,66.01941747572816
2026-02-18 22:51:44,12.5,66.13418530351439
2026-02-18 22:51:59,12.5,65.814696485623
2026-02-18 22:52:14,12.5,65.49520766773162
2026-02-18 22:52:29,12.5,65.17571884984025
2026-02-18 22:52:44,12.5,65.29968454258676
2026-02-18 22:52:59,12.5,64.98422712933754
2026-02-18 22:53:14,12.5,64.66876971608832
2026-02-18 22:53:29,12.5,64.797507788162
2026-02-18 22:53:44,12.5,64.48598130841121
2026-02-18 22:53:59,12.5,64.17445482866043
2026-02-18 22:54:14,12.5,63.862928348909655
2026-02-18 22:54:29,12.5,64.0
2026-02-18 22:54:44,12.5,63.69230769230769
2026-02-18 22:54:59,12.5,63.38461538461539
2026-02-18 22:55:14,12.5,63.38461538461539
2026-02-18 22:55:29,12.5,63.829787234042556
2026-02-18 22:55:44,12.5,63.829787234042556
2026-02-18 22:55:59,12.5,63.829787234042556
2026-02-18 22:56:14,12.5,63.829787234042556
2026-02-18 22:56:29,12.5,64.26426426426426
2026-02-18 22:56:44,12.5,64.26426426426426
2026-02-18 22:56:59,12.5,64.26426426426426
2026-02-18 22:57:14,12.5,64.68842729970326
2026-02-18 22:57:29,12.5,64.68842729970326
2026-02-18 22:57:44,12.5,64.68842729970326
2026-02-18 22:57:59,12.5,64.68842729970326
2026-02-18 22:58:14,12.5,65.10263929618768
2026-02-18 22:58:29,12.5,65.10263929618768
2026-02-18 22:58:44,12.5,65.10263929618768
2026-02-18 22:58:59,12.5,65.10263929618768
2026-02-18 22:59:14,12.5,65.5072463768116
2026-02-18 22:59:29,12.5,65.5072463768116
2026-02-18 22:59:44,12.5,65.5072463768116
2026-02-18 22:59:59,12.5,65.5072463768116
2026-02-18 23:00:14,12.5,65.90257879656161
2026-02-18 23:00:29,12.5,65.90257879656161
2026-02-18 23:00:44,12.5,65.90257879656161
2026-02-18 23:00:59,12.5,66.28895184135978
2026-02-18 23:01:14,12.5,66.28895184135978
2026-02-18 23:01:29,12.5,66.28895184135978
2026-02-18 23:01:44,12.5,66.28895184135978
2026-02-18 23:01:59,12.5,66.66666666666666
2026-02-18 23:02:14,12.5,66.66666666666666
2026-02-18 23:02:29,12.5,66.66666666666666
2026-02-18 23:02:44,12.5,66.66666666666666
2026-02-18 23:02:59,12.5,67.03601108033241
2026-02-18 23:03:14,12.5,67.03601108033241
2026-02-18 23:03:29,12.5,67.03601108033241
2026-02-18 23:03:44,12.5,67.03601108033241
2026-02-18 23:03:59,12.5,67.3972602739726
2026-02-18 23:04:14,12.5,67.3972602739726
2026-02-18 23:04:29,12.5,67.3972602739726
2026-02-18 23:04:44,12.5,67.75067750677508
2026-02-18 23:04:59,12.5,67.75067750677508
2026-02-18 23:05:14,12.5,67.75067750677508
2026-02-18 23:05:29,12.5,67.75067750677508
2026-02-18 23:05:44,12.5,68.09651474530831
2026-02-18 23:05:59,12.5,68.09651474530831
2026-02-18 23:06:14,12.5,68.09651474530831
2026-02-18 23:06:29,12.5,68.09651474530831
2026-02-18 23:06:44,12.5,68.16976127320955
2026-02-18 23:06:59,12.5,67.90450928381962
2026-02-18 23:07:14,12.5,67.63925729442971
2026-02-18 23:07:29,12.5,67.37400530503979
2026-02-18 23:07:44,12.5,67.45406824146981
2026-02-18 23:07:59,12.5,67.19160104986877
2026-02-18 23:08:14,12.5,66.92913385826772
2026-02-18 23:08:29,12.5,67.01298701298701
2026-02-18 23:08:44,12.5,66.75324675324676
2026-02-18 23:08:59,12.5,66.49350649350649
2026-02-18 23:09:14,12.5,66.23376623376623
2026-02-18 23:09:29,12.5,66.32390745501286
2026-02-18 23:09:44,12.5,66.0668380462725
2026-02-18 23:09:59,12.5,65.80976863753213
2026-02-18 23:10:14,12.5,65.55269922879178
2026-02-18 23:10:29,12.5,65.64885496183206
2026-02-18 23:10:44,12.5,65.39440203562341
2026-02-18 23:10:59,12.5,65.13994910941476
2026-02-18 23:11:14,12.5,64.8854961832061
2026-02-18 23:11:29,12.5,64.98740554156171
2026-02-18 23:11:44,12.5,64.73551637279597
2026-02-18 23:11:59,12.5,64.48362720403023
2026-02-18 23:12:14,12.5,64.58852867830423
2026-02-18 23:12:29,12.5,64.33915211970074
2026-02-18 23:12:44,12.5,64.08977556109726
2026-02-18 23:12:59,12.5,63.84039900249376
2026-02-18 23:13:14,12.5,63.95061728395062
2026-02-18 23:13:29,12.5,63.70370370370371
2026-02-18 23:13:44,12.5,63.456790123456784
2026-02-18 23:13:59,12.5,63.20987654320987
2026-02-18 23:14:14,12.5,63.325183374083124
2026-02-18 23:14:29,12.5,63.08068459657702
2026-02-18 23:14:44,12.5,62.8361858190709
2026-02-18 23:14:59,12.5,62.59168704156479
2026-02-18 23:15:14,12.5,62.71186440677966
2026-02-18 23:15:29,12.5,62.469733656174334
2026-02-18 23:15:44,12.5,62.227602905569015
2026-02-18 23:15:59,12.5,62.35011990407674
2026-02-18 23:16:14,12.5,62.11031175059952
2026-02-18 23:16:29,12.5,61.87050359712231
2026-02-18 23:16:44,12.5,61.63069544364509
2026-02-18 23:16:59,12.5,61.75771971496437
2026-02-18 23:17:14,12.5,61.520190023752974
2026-02-18 23:17:29,12.5,61.282660332541575
2026-02-18 23:17:44,12.5,61.04513064133017
2026-02-18 23:17:59,12.5,61.1764705882353
2026-02-18 23:18:14,12.5,60.94117647058823
2026-02-18 23:18:29,12.5,60.705882352941174
2026-02-18 23:18:44,12.5,60.83916083916085
2026-02-18 23:18:59,12.5,60.60606060606061
2026-02-18 23:19:14,12.5,60.37296037296037
2026-02-18 23:19:29,12.5,60.13986013986013
2026-02-18 23:19:44,12.5,60.27713625866051
2026-02-18 23:19:59,12.5,60.046189376443415
2026-02-18 23:20:14,12.5,59.815242494226325
2026-02-18 23:20:29,12.5,59.58429561200924
2026-02-18 23:20:44,12.5,59.7254004576659
2026-02-18 23:20:59,12.5,59.49656750572082
2026-02-18 23:21:14,12.5,59.26773455377574
2026-02-18 23:21:29,12.5,59.03890160183066
2026-02-18 23:21:44,12.5,59.183673469387756
2026-02-18 23:21:59,12.5,58.95691609977324
2026-02-18 23:22:14,12.5,58.730158730158735
2026-02-18 23:22:29,12.5,58.876404494382015
2026-02-18 23:22:44,12.5,58.651685393258425
2026-02-18 23:22:59,12.5,58.42696629213483
2026-02-18 23:23:14,12.5,58.20224719101124
2026-02-18 23:23:29,12.5,58.35189309576837
2026-02-18 23:23:44,12.5,58.12917594654788
2026-02-18 23:23:59,12.5,57.906458797327396
2026-02-18 23:24:14,12.5,57.6837416481069
2026-02-18 23:24:29,12.5,57.836644591611474
2026-02-18 23:24:44,12.5,57.615894039735096
2026-02-18 23:24:59,12.5,57.395143487858725
2026-02-18 23:25:14,12.5,57.17439293598234
2026-02-18 23:25:29,12.5,57.330415754923415
2026-02-18 23:25:44,12.5,57.11159737417943
2026-02-18 23:25:59,12.5,56.89277899343544
2026-02-18 23:26:14,12.5,57.04989154013015
2026-02-18 23:26:29,12.5,56.83297180043384
2026-02-18 23:26:44,12.5,56.61605206073753
2026-02-18 23:26:59,12.5,56.399132321041215
2026-02-18 23:27:14,12.5,56.55913978494623
2026-02-18 23:27:29,12.5,56.344086021505376
2026-02-18 23:27:44,12.5,56.12903225806451
2026-02-18 23:27:59,12.5,55.91397849462365
2026-02-18 23:28:14,12.5,56.07675906183369
2026-02-18 23:28:29,12.5,55.863539445628994
2026-02-18 23:28:44,12.5,55.65031982942431
2026-02-18 23:28:59,12.5,55.437100213219615
2026-02-18 23:29:14,12.5,55.602536997885835
2026-02-18 23:29:29,12.5,55.391120507399584
2026-02-18 23:29:44,12.5,55.17970401691332
2026-02-18 23:29:59,12.5,55.34591194968554
2026-02-18 23:30:14,12.5,55.13626834381551
2026-02-18 23:30:29,12.5,54.926624737945495
2026-02-18 23:30:44,12.5,54.71698113207547
2026-02-18 23:30:59,12.5,54.88565488565489
2026-02-18 23:31:14,12.5,54.67775467775468
2026-02-18 23:31:29,12.5,54.469854469854475
2026-02-18 23:31:44,12.5,54.26195426195426
2026-02-18 23:31:59,12.5,54.43298969072165
2026-02-18 23:32:14,12.5,54.22680412371134
2026-02-18 23:32:29,12.5,54.02061855670103
2026-02-18 23:32:44,12.5,53.81443298969072
2026-02-18 23:32:59,12.5,53.987730061349694
2026-02-18 23:33:14,12.5,53.78323108384458
2026-02-18 23:33:29,12.5,53.578732106339466
2026-02-18 23:33:44,12.5,53.7525354969574
2026-02-18 23:33:59,12.5,53.54969574036511
2026-02-18 23:34:14,12.5,53.34685598377283
2026-02-18 23:34:29,12.5,53.14401622718052
2026-02-18 23:34:44,12.5,53.31991951710262
2026-02-18 23:34:59,12.5,53.118712273641854
2026-02-18 23:35:14,12.5,52.91750503018109
2026-02-18 23:35:29,12.5,52.716297786720325
2026-02-18 23:35:44,12.5,52.8942115768463
2026-02-18 23:35:59,12.5,52.69461077844312
2026-02-18 23:36:14,12.5,52.49500998003992
2026-02-18 23:36:29,12.5,52.29540918163673
2026-02-18 23:36:44,12.5,52.475247524752476
2026-02-18 23:36:59,12.5,52.27722772277228
2026-02-18 23:37:14,12.5,52.07920792079208
2026-02-18 23:37:29,12.5,52.25933202357563
2026-02-18 23:37:44,12.5,52.06286836935167
2026-02-18 23:37:59,12.5,51.8664047151277
2026-02-18 23:38:14,12.5,51.66994106090373
2026-02-18 23:38:29,12.5,51.85185185185185
2026-02-18 23:38:44,12.5,51.656920077972714
2026-02-18 23:38:59,12.5,51.461988304093566
2026-02-18 23:39:14,12.5,51.267056530214425
2026-02-18 23:39:29,12.5,51.45067698259188
2026-02-18 23:39:44,12.5,51.25725338491296
2026-02-18 23:39:59,12.5,51.06382978723404
2026-02-18 23:40:14,12.5,50.870406189555126
2026-02-18 23:40:29,12.5,51.0556621880998
2026-02-18 23:40:44,12.5,50.8637236084453
2026-02-18 23:40:59,12.5,50.67178502879079
2026-02-18 23:41:14,12.5,50.857142857142854
2026-02-18 23:41:29,12.5,50.66666666666667
2026-02-18 23:41:44,12.5,50.476190476190474
2026-02-18 23:41:59,12.5,50.28571428571429
2026-02-18 23:42:14,12.5,50.4725897920605
2026-02-18 23:42:29,12.5,50.2835538752363
2026-02-18 23:42:44,12.5,50.0945179584121
2026-02-18 23:42:59,12.5,49.9054820415879
2026-02-18 23:43:14,12.5,50.093808630394
2026-02-18 23:43:29,12.5,49.906191369606
2026-02-18 23:43:44,12.5,49.71857410881801
2026-02-18 23:43:59,12.5,49.530956848030016
2026-02-18 23:44:14,12.5,49.72067039106145
2026-02-18 23:44:29,12.5,49.534450651769085
2026-02-18 23:44:44,12.5,49.34823091247672
2026-02-18 23:44:59,12.5,49.53789279112754
2026-02-18 23:45:14,12.5,49.35304990757856
2026-02-18 23:45:29,12.5,49.16820702402958
2026-02-18 23:45:44,12.5,48.98336414048059
2026-02-18 23:45:59,12.5,49.174311926605505
2026-02-18 23:46:14,12.5,48.9908256880734
2026-02-18 23:46:29,12.5,48.9908256880734
2026-02-18 23:46:44,12.5,48.9908256880734
2026-02-18 23:46:59,12.5,49.362477231329684
2026-02-18 23:47:14,12.5,49.362477231329684
2026-02-18 23:47:29,12.5,49.362477231329684
2026-02-18 23:47:44,12.5,49.728752260397826
2026-02-18 23:47:59,12.5,49.728752260397826
2026-02-18 23:48:14,12.5,49.728752260397826
2026-02-18 23:48:29,12.5,49.728752260397826
2026-02-18 23:48:44,12.5,50.08976660682226
2026-02-18 23:48:59,12.5,50.08976660682226
2026-02-18 23:49:14,12.5,50.08976660682226
2026-02-18 23:49:29,12.5,50.08976660682226
2026-02-18 23:49:44,12.5,50.44563279857398
2026-02-18 23:49:59,12.5,50.44563279857398
2026-02-18 23:50:14,12.5,50.44563279857398
2026-02-18 23:50:29,12.5,50.44563279857398
2026-02-18 23:50:44,12.5,50.796460176991154
2026-02-18 23:50:59,12.5,50.796460176991154
2026-02-18 23:51:14,12.5,50.796460176991154
2026-02-18 23:51:29,12.5,51.14235500878734
2026-02-18 23:51:44,12.5,51.14235500878734
2026-02-18 23:51:59,12.5,51.14235500878734
2026-02-18 23:52:14,12.5,51.14235500878734
2026-02-18 23:52:29,12.5,51.48342059336824
2026-02-18 23:52:44,12.5,51.48342059336824
2026-02-18 23:52:59,12.5,51.48342059336824
2026-02-18 23:53:14,12.5,51.48342059336824
2026-02-18 23:53:29,12.5,51.81975736568457
2026-02-18 23:53:44,12.5,51.81975736568457
2026-02-18 23:53:59,12.5,51.81975736568457
2026-02-18 23:54:14,12.5,51.81975736568457
2026-02-18 23:54:29,12.5,52.151462994836486
2026-02-18 23:54:44,12.5,52.151462994836486
2026-02-18 23:54:59,12.5,52.151462994836486
2026-02-18 23:55:14,12.5,52.478632478632484
2026-02-18 23:55:29,12.5,52.478632478632484
2026-02-18 23:55:44,12.5,52.478632478632484
2026-02-18 23:55:59,12.5,52.478632478632484
2026-02-18 23:56:14,12.5,52.801358234295414
2026-02-18 23:56:29,12.5,52.801358234295414
2026-02-18 23:56:44,25.0,52.801358234295414
2026-02-18 23:56:59,25.0,52.801358234295414
2026-02-18 23:57:14,25.0,53.119730185497474
2026-02-18 23:57:29,25.0,53.119730185497474
2026-02-18 23:57:44,25.0,53.119730185497474
2026-02-18 23:57:59,25.0,53.119730185497474
2026-02-18 23:58:14,25.0,53.43383584589615
2026-02-18 23:58:29,25.0,53.43383584589615
2026-02-18 23:58:44,25.0,53.43383584589615
