time,tcc_auto,tcc_empi
2026-03-17 00:00:13,12.5,0.0
2026-03-17 00:00:28,12.5,0.0
2026-03-17 00:00:43,12.5,0.0
2026-03-17 00:00:58,12.5,0.0
2026-03-17 00:01:13,12.5,0.0
2026-03-17 00:01:28,12.5,0.0
2026-03-17 00:01:43,12.5,0.0
2026-03-17 00:01:58,12.5,0.0
2026-03-17 00:02:13,12.5,0.0
2026-03-17 00:02:28,12.5,0.0
2026-03-17 00:02:43,12.5,0.0
2026-03-17 00:02:58,12.5,0.0
2026-03-17 00:03:13,12.5,0.0
2026-03-17 00:03:28,12.5,0.0
2026-03-17 00:03:43,12.5,0.0
2026-03-17 00:03:58,12.5,0.0
2026-03-17 00:04:13,12.5,0.0
2026-03-17 00:04:28,12.5,0.0
2026-03-17 00:04:43,12.5,0.0
2026-03-17 00:04:58,12.5,0.0
2026-03-17 00:05:13,12.5,0.0
2026-03-17 00:05:28,12.5,0.0
2026-03-17 00:05:43,12.5,0.0
2026-03-17 00:05:58,12.5,0.0
2026-03-17 00:06:13,12.5,0.0
2026-03-17 00:06:28,12.5,0.0
2026-03-17 00:06:43,12.5,0.0
2026-03-17 00:06:58,12.5,0.0
2026-03-17 00:07:13,12.5,0.0
2026-03-17 00:07:28,12.5,0.0
2026-03-17 00:07:43,12.5,0.0
2026-03-17 00:07:58,12.5,0.0
2026-03-17 00:08:13,12.5,0.0
2026-03-17 00:08:28,12.5,0.0
2026-03-17 00:08:43,12.5,0.0
2026-03-17 00:08:58,12.5,0.0
2026-03-17 00:09:13,12.5,2.7027027027027026
2026-03-17 00:09:28,12.5,2.631578947368421
2026-03-17 00:09:43,12.5,2.564102564102564
2026-03-17 00:09:58,12.5,5.0
2026-03-17 00:10:13,12.5,7.317073170731707
2026-03-17 00:10:28,12.5,9.523809523809524
2026-03-17 00:10:43,12.5,9.30232558139535
2026-03-17 00:10:58,12.5,11.363636363636363
2026-03-17 00:11:13,12.5,13.333333333333334
2026-03-17 00:11:28,12.5,15.217391304347828
2026-03-17 00:11:43,12.5,17.02127659574468
2026-03-17 00:11:58,12.5,16.666666666666664
2026-03-17 00:12:13,12.5,16.3265306122449
2026-03-17 00:12:28,12.5,16.0
2026-03-17 00:12:43,12.5,15.686274509803921
2026-03-17 00:12:58,12.5,15.384615384615385
2026-03-17 00:13:13,12.5,16.9811320754717
2026-03-17 00:13:28,12.5,18.51851851851852
2026-03-17 00:13:43,12.5,20.0
2026-03-17 00:13:58,12.5,21.428571428571427
2026-03-17 00:14:13,12.5,22.807017543859647
2026-03-17 00:14:28,12.5,24.137931034482758
2026-03-17 00:14:43,12.5,25.423728813559322
2026-03-17 00:14:58,25.0,26.666666666666668
2026-03-17 00:15:13,25.0,27.86885245901639
2026-03-17 00:15:28,25.0,29.03225806451613
2026-03-17 00:15:43,25.0,30.158730158730158
2026-03-17 00:15:58,25.0,31.25
2026-03-17 00:16:13,25.0,32.30769230769231
2026-03-17 00:16:28,25.0,33.33333333333333
2026-03-17 00:16:43,25.0,34.32835820895522
2026-03-17 00:16:58,25.0,35.294117647058826
2026-03-17 00:17:13,25.0,36.231884057971016
2026-03-17 00:17:28,25.0,37.142857142857146
2026-03-17 00:17:43,25.0,38.028169014084504
2026-03-17 00:17:58,25.0,38.88888888888889
2026-03-17 00:18:13,25.0,39.726027397260275
2026-03-17 00:18:28,25.0,41.0958904109589
2026-03-17 00:18:43,25.0,42.465753424657535
2026-03-17 00:18:58,37.5,43.83561643835616
2026-03-17 00:19:13,37.5,42.857142857142854
2026-03-17 00:19:28,37.5,44.15584415584416
2026-03-17 00:19:43,37.5,45.45454545454545
2026-03-17 00:19:58,37.5,46.75324675324675
2026-03-17 00:20:13,37.5,48.05194805194805
2026-03-17 00:20:28,37.5,49.35064935064935
2026-03-17 00:20:43,37.5,50.649350649350644
2026-03-17 00:20:58,37.5,51.94805194805194
2026-03-17 00:21:13,37.5,53.246753246753244
2026-03-17 00:21:28,37.5,54.54545454545454
2026-03-17 00:21:43,37.5,55.84415584415584
2026-03-17 00:21:58,37.5,57.14285714285714
2026-03-17 00:22:13,37.5,58.44155844155844
2026-03-17 00:22:28,37.5,59.74025974025974
2026-03-17 00:22:43,50.0,61.038961038961034
2026-03-17 00:22:58,50.0,62.33766233766234
2026-03-17 00:23:13,50.0,63.63636363636363
2026-03-17 00:23:28,50.0,64.93506493506493
2026-03-17 00:23:43,50.0,66.23376623376623
2026-03-17 00:23:58,50.0,67.53246753246754
2026-03-17 00:24:13,50.0,68.83116883116884
2026-03-17 00:24:28,50.0,70.12987012987013
2026-03-17 00:24:43,50.0,71.42857142857143
2026-03-17 00:24:58,50.0,72.72727272727273
2026-03-17 00:25:13,50.0,74.02597402597402
2026-03-17 00:25:28,50.0,75.32467532467533
2026-03-17 00:25:43,50.0,76.62337662337663
2026-03-17 00:25:58,50.0,77.92207792207793
2026-03-17 00:26:13,50.0,79.22077922077922
2026-03-17 00:26:28,50.0,80.51948051948052
2026-03-17 00:26:43,62.5,81.81818181818183
2026-03-17 00:26:58,62.5,83.11688311688312
2026-03-17 00:27:13,62.5,84.4155844155844
2026-03-17 00:27:28,62.5,85.71428571428571
2026-03-17 00:27:43,62.5,87.01298701298701
2026-03-17 00:27:58,62.5,88.31168831168831
2026-03-17 00:28:13,62.5,89.6103896103896
2026-03-17 00:28:28,62.5,89.6103896103896
2026-03-17 00:28:43,62.5,90.9090909090909
2026-03-17 00:28:58,62.5,92.20779220779221
2026-03-17 00:29:13,62.5,92.20779220779221
2026-03-17 00:29:28,62.5,92.20779220779221
2026-03-17 00:29:43,62.5,92.20779220779221
2026-03-17 00:29:58,62.5,93.5064935064935
2026-03-17 00:30:13,62.5,92.5925925925926
2026-03-17 00:30:28,62.5,92.5925925925926
2026-03-17 00:30:43,75.0,92.5925925925926
2026-03-17 00:30:58,75.0,93.82716049382715
2026-03-17 00:31:13,75.0,93.82716049382715
2026-03-17 00:31:28,75.0,93.82716049382715
2026-03-17 00:31:43,75.0,93.82716049382715
2026-03-17 00:31:58,75.0,93.82716049382715
2026-03-17 00:32:13,75.0,95.06172839506173
2026-03-17 00:32:28,75.0,96.29629629629629
2026-03-17 00:32:43,75.0,97.53086419753086
2026-03-17 00:32:58,75.0,98.76543209876543
2026-03-17 00:33:13,75.0,100.0
2026-03-17 00:33:28,75.0,100.0
2026-03-17 00:33:43,75.0,100.0
2026-03-17 00:33:58,75.0,100.0
2026-03-17 00:34:13,75.0,100.0
2026-03-17 00:34:28,75.0,100.0
2026-03-17 00:34:43,75.0,100.0
2026-03-17 00:34:58,75.0,100.0
2026-03-17 00:35:13,75.0,100.0
2026-03-17 00:35:28,75.0,100.0
2026-03-17 00:35:43,75.0,100.0
2026-03-17 00:35:58,75.0,100.0
2026-03-17 00:36:13,75.0,100.0
2026-03-17 00:36:28,75.0,100.0
2026-03-17 00:36:43,75.0,100.0
2026-03-17 00:36:58,75.0,100.0
2026-03-17 00:37:13,75.0,100.0
2026-03-17 00:37:28,75.0,100.0
2026-03-17 00:37:43,75.0,100.0
2026-03-17 00:37:58,75.0,100.0
2026-03-17 00:38:13,75.0,100.0
2026-03-17 00:38:28,75.0,100.0
2026-03-17 00:38:43,75.0,100.0
2026-03-17 00:38:58,75.0,100.0
2026-03-17 00:39:13,75.0,100.0
2026-03-17 00:39:28,75.0,100.0
2026-03-17 00:39:43,75.0,100.0
2026-03-17 00:39:58,87.5,100.0
2026-03-17 00:40:13,87.5,100.0
2026-03-17 00:40:28,87.5,100.0
2026-03-17 00:40:43,87.5,100.0
2026-03-17 00:40:58,87.5,100.0
2026-03-17 00:41:13,87.5,100.0
2026-03-17 00:41:28,87.5,100.0
2026-03-17 00:41:43,87.5,100.0
2026-03-17 00:41:58,75.0,100.0
2026-03-17 00:42:13,75.0,100.0
2026-03-17 00:42:28,75.0,100.0
2026-03-17 00:42:43,75.0,100.0
2026-03-17 00:42:58,75.0,100.0
2026-03-17 00:43:13,87.5,100.0
2026-03-17 00:43:28,87.5,100.0
2026-03-17 00:43:43,87.5,100.0
2026-03-17 00:43:58,87.5,100.0
2026-03-17 00:44:13,87.5,100.0
2026-03-17 00:44:28,87.5,100.0
2026-03-17 00:44:43,87.5,100.0
2026-03-17 00:44:58,87.5,100.0
2026-03-17 00:45:13,87.5,100.0
2026-03-17 00:45:28,87.5,100.0
2026-03-17 00:45:43,87.5,100.0
2026-03-17 00:45:58,87.5,100.0
2026-03-17 00:46:13,87.5,100.0
2026-03-17 00:46:28,87.5,100.0
2026-03-17 00:46:43,87.5,100.0
2026-03-17 00:46:58,87.5,100.0
2026-03-17 00:47:13,87.5,100.0
2026-03-17 00:47:28,87.5,100.0
2026-03-17 00:47:43,87.5,100.0
2026-03-17 00:47:58,87.5,100.0
2026-03-17 00:48:13,87.5,100.0
2026-03-17 00:48:28,87.5,100.0
2026-03-17 00:48:43,87.5,100.0
2026-03-17 00:48:58,87.5,100.0
2026-03-17 00:49:13,87.5,100.0
2026-03-17 00:49:28,87.5,100.0
2026-03-17 00:49:43,87.5,100.0
2026-03-17 00:49:58,87.5,100.0
2026-03-17 00:50:13,87.5,100.0
2026-03-17 00:50:28,87.5,100.0
2026-03-17 00:50:43,87.5,100.0
2026-03-17 00:50:58,87.5,100.0
2026-03-17 00:51:13,87.5,100.0
2026-03-17 00:51:28,87.5,100.0
2026-03-17 00:51:43,87.5,100.0
2026-03-17 00:51:58,87.5,98.82352941176471
2026-03-17 00:52:13,87.5,98.87640449438202
2026-03-17 00:52:28,87.5,98.87640449438202
2026-03-17 00:52:43,87.5,98.87640449438202
2026-03-17 00:52:58,87.5,98.87640449438202
2026-03-17 00:53:13,87.5,98.87640449438202
2026-03-17 00:53:28,87.5,98.87640449438202
2026-03-17 00:53:43,87.5,98.87640449438202
2026-03-17 00:53:58,87.5,98.87640449438202
2026-03-17 00:54:13,87.5,97.75280898876404
2026-03-17 00:54:28,87.5,97.75280898876404
2026-03-17 00:54:43,87.5,96.62921348314607
2026-03-17 00:54:58,87.5,96.62921348314607
2026-03-17 00:55:13,87.5,96.62921348314607
2026-03-17 00:55:28,87.5,96.62921348314607
2026-03-17 00:55:43,87.5,96.62921348314607
2026-03-17 00:55:58,87.5,96.62921348314607
2026-03-17 00:56:13,87.5,96.62921348314607
2026-03-17 00:56:28,87.5,96.62921348314607
2026-03-17 00:56:43,87.5,96.62921348314607
2026-03-17 00:56:58,87.5,96.62921348314607
2026-03-17 00:57:13,87.5,96.62921348314607
2026-03-17 00:57:28,87.5,95.50561797752809
2026-03-17 00:57:43,87.5,94.3820224719101
2026-03-17 00:57:58,87.5,93.25842696629213
2026-03-17 00:58:13,87.5,93.25842696629213
2026-03-17 00:58:28,87.5,93.25842696629213
2026-03-17 00:58:43,87.5,93.25842696629213
2026-03-17 00:58:58,87.5,93.25842696629213
2026-03-17 00:59:13,87.5,93.25842696629213
2026-03-17 00:59:28,87.5,93.25842696629213
2026-03-17 00:59:43,87.5,93.25842696629213
2026-03-17 00:59:58,87.5,93.25842696629213
2026-03-17 01:00:13,87.5,93.25842696629213
2026-03-17 01:00:28,87.5,93.25842696629213
2026-03-17 01:00:43,87.5,93.25842696629213
2026-03-17 01:00:58,87.5,93.25842696629213
2026-03-17 01:01:13,87.5,93.25842696629213
2026-03-17 01:01:28,87.5,92.13483146067416
2026-03-17 01:01:43,87.5,91.01123595505618
2026-03-17 01:01:58,87.5,89.8876404494382
2026-03-17 01:02:13,87.5,88.76404494382022
2026-03-17 01:02:28,87.5,88.76404494382022
2026-03-17 01:02:43,87.5,88.76404494382022
2026-03-17 01:02:58,87.5,88.76404494382022
2026-03-17 01:03:13,87.5,89.24731182795699
2026-03-17 01:03:28,87.5,89.24731182795699
2026-03-17 01:03:43,87.5,89.24731182795699
2026-03-17 01:03:58,87.5,89.24731182795699
2026-03-17 01:04:13,87.5,89.24731182795699
2026-03-17 01:04:28,87.5,89.24731182795699
2026-03-17 01:04:43,87.5,89.24731182795699
2026-03-17 01:04:58,87.5,89.24731182795699
2026-03-17 01:05:13,87.5,89.24731182795699
2026-03-17 01:05:28,87.5,89.24731182795699
2026-03-17 01:05:43,87.5,89.24731182795699
2026-03-17 01:05:58,87.5,89.24731182795699
2026-03-17 01:06:13,87.5,89.24731182795699
2026-03-17 01:06:28,87.5,89.24731182795699
2026-03-17 01:06:43,87.5,89.24731182795699
2026-03-17 01:06:58,87.5,89.24731182795699
2026-03-17 01:07:13,87.5,89.24731182795699
2026-03-17 01:07:28,87.5,89.24731182795699
2026-03-17 01:07:43,87.5,89.24731182795699
2026-03-17 01:07:58,87.5,89.24731182795699
2026-03-17 01:08:13,87.5,89.24731182795699
2026-03-17 01:08:28,87.5,89.24731182795699
2026-03-17 01:08:43,87.5,89.24731182795699
2026-03-17 01:08:58,87.5,89.24731182795699
2026-03-17 01:09:13,87.5,89.24731182795699
2026-03-17 01:09:28,87.5,89.24731182795699
2026-03-17 01:09:43,87.5,89.24731182795699
2026-03-17 01:09:58,87.5,88.17204301075269
2026-03-17 01:10:13,87.5,88.17204301075269
2026-03-17 01:10:28,87.5,88.17204301075269
2026-03-17 01:10:43,87.5,88.17204301075269
2026-03-17 01:10:58,87.5,88.17204301075269
2026-03-17 01:11:13,87.5,88.17204301075269
2026-03-17 01:11:28,87.5,88.17204301075269
2026-03-17 01:11:43,87.5,88.17204301075269
2026-03-17 01:11:58,87.5,88.17204301075269
2026-03-17 01:12:13,87.5,88.17204301075269
2026-03-17 01:12:28,87.5,88.17204301075269
2026-03-17 01:12:43,87.5,87.09677419354838
2026-03-17 01:12:58,87.5,86.02150537634408
2026-03-17 01:13:13,87.5,86.02150537634408
2026-03-17 01:13:28,87.5,86.02150537634408
2026-03-17 01:13:43,87.5,86.02150537634408
2026-03-17 01:13:58,87.5,85.56701030927834
2026-03-17 01:14:13,87.5,85.56701030927834
2026-03-17 01:14:28,87.5,84.5360824742268
2026-03-17 01:14:43,87.5,83.50515463917526
2026-03-17 01:14:58,87.5,82.4742268041237
2026-03-17 01:15:13,87.5,81.44329896907216
2026-03-17 01:15:28,87.5,80.41237113402062
2026-03-17 01:15:43,87.5,79.38144329896907
2026-03-17 01:15:58,87.5,78.35051546391753
2026-03-17 01:16:13,75.0,78.35051546391753
2026-03-17 01:16:28,75.0,78.35051546391753
2026-03-17 01:16:43,75.0,78.35051546391753
2026-03-17 01:16:58,87.5,78.35051546391753
2026-03-17 01:17:13,87.5,78.35051546391753
2026-03-17 01:17:28,87.5,77.31958762886599
2026-03-17 01:17:43,75.0,76.28865979381443
2026-03-17 01:17:58,75.0,75.25773195876289
2026-03-17 01:18:13,75.0,74.22680412371135
2026-03-17 01:18:28,75.0,74.22680412371135
2026-03-17 01:18:43,75.0,73.19587628865979
2026-03-17 01:18:58,75.0,73.19587628865979
2026-03-17 01:19:13,75.0,72.16494845360825
2026-03-17 01:19:28,75.0,71.1340206185567
2026-03-17 01:19:43,75.0,70.10309278350515
2026-03-17 01:19:58,75.0,69.0721649484536
2026-03-17 01:20:13,75.0,68.04123711340206
2026-03-17 01:20:28,75.0,67.0103092783505
2026-03-17 01:20:43,75.0,65.97938144329896
2026-03-17 01:20:58,75.0,64.94845360824742
2026-03-17 01:21:13,75.0,63.91752577319587
2026-03-17 01:21:28,75.0,62.88659793814433
2026-03-17 01:21:43,75.0,62.88659793814433
2026-03-17 01:21:58,75.0,62.88659793814433
2026-03-17 01:22:13,75.0,62.88659793814433
2026-03-17 01:22:28,62.5,62.88659793814433
2026-03-17 01:22:43,62.5,62.88659793814433
2026-03-17 01:22:58,62.5,62.88659793814433
2026-03-17 01:23:13,62.5,62.88659793814433
2026-03-17 01:23:28,75.0,62.88659793814433
2026-03-17 01:23:43,75.0,62.88659793814433
2026-03-17 01:23:58,75.0,62.88659793814433
2026-03-17 01:24:13,75.0,62.88659793814433
2026-03-17 01:24:28,75.0,62.88659793814433
2026-03-17 01:24:43,75.0,62.88659793814433
2026-03-17 01:24:58,75.0,64.35643564356435
2026-03-17 01:25:13,75.0,64.35643564356435
2026-03-17 01:25:28,75.0,64.35643564356435
2026-03-17 01:25:43,75.0,64.35643564356435
2026-03-17 01:25:58,75.0,64.35643564356435
2026-03-17 01:26:13,75.0,64.35643564356435
2026-03-17 01:26:28,75.0,64.35643564356435
2026-03-17 01:26:43,75.0,65.34653465346535
2026-03-17 01:26:58,75.0,66.33663366336634
2026-03-17 01:27:13,75.0,67.32673267326733
2026-03-17 01:27:28,75.0,68.31683168316832
2026-03-17 01:27:43,75.0,68.31683168316832
2026-03-17 01:27:58,75.0,68.31683168316832
2026-03-17 01:28:13,75.0,68.31683168316832
2026-03-17 01:28:28,75.0,68.31683168316832
2026-03-17 01:28:43,75.0,68.31683168316832
2026-03-17 01:28:58,75.0,68.31683168316832
2026-03-17 01:29:13,75.0,68.31683168316832
2026-03-17 01:29:28,75.0,68.31683168316832
2026-03-17 01:29:43,75.0,68.31683168316832
2026-03-17 01:29:58,75.0,68.31683168316832
2026-03-17 01:30:13,75.0,68.31683168316832
2026-03-17 01:30:28,75.0,68.31683168316832
2026-03-17 01:30:43,75.0,68.31683168316832
2026-03-17 01:30:58,75.0,68.31683168316832
2026-03-17 01:31:13,75.0,68.31683168316832
2026-03-17 01:31:28,75.0,68.31683168316832
2026-03-17 01:31:43,75.0,68.31683168316832
2026-03-17 01:31:58,75.0,68.31683168316832
2026-03-17 01:32:13,75.0,68.31683168316832
2026-03-17 01:32:28,75.0,68.31683168316832
2026-03-17 01:32:43,75.0,68.31683168316832
2026-03-17 01:32:58,75.0,68.31683168316832
2026-03-17 01:33:13,75.0,68.31683168316832
2026-03-17 01:33:28,87.5,68.31683168316832
2026-03-17 01:33:43,87.5,68.31683168316832
2026-03-17 01:33:58,87.5,68.31683168316832
2026-03-17 01:34:13,87.5,68.31683168316832
2026-03-17 01:34:28,87.5,68.31683168316832
2026-03-17 01:34:43,87.5,68.31683168316832
2026-03-17 01:34:58,87.5,68.31683168316832
2026-03-17 01:35:13,87.5,69.3069306930693
2026-03-17 01:35:28,87.5,69.3069306930693
2026-03-17 01:35:43,87.5,69.3069306930693
2026-03-17 01:35:58,87.5,69.52380952380952
2026-03-17 01:36:13,87.5,70.47619047619048
2026-03-17 01:36:28,87.5,70.47619047619048
2026-03-17 01:36:43,87.5,70.47619047619048
2026-03-17 01:36:58,87.5,70.47619047619048
2026-03-17 01:37:13,87.5,70.47619047619048
2026-03-17 01:37:28,87.5,70.47619047619048
2026-03-17 01:37:43,87.5,70.47619047619048
2026-03-17 01:37:58,87.5,70.47619047619048
2026-03-17 01:38:13,87.5,70.47619047619048
2026-03-17 01:38:28,87.5,70.47619047619048
2026-03-17 01:38:43,87.5,70.47619047619048
2026-03-17 01:38:58,87.5,71.42857142857143
2026-03-17 01:39:13,87.5,72.38095238095238
2026-03-17 01:39:28,87.5,72.38095238095238
2026-03-17 01:39:43,87.5,72.38095238095238
2026-03-17 01:39:58,87.5,72.38095238095238
2026-03-17 01:40:13,87.5,73.33333333333333
2026-03-17 01:40:28,87.5,73.33333333333333
2026-03-17 01:40:43,87.5,74.28571428571429
2026-03-17 01:40:58,87.5,75.23809523809524
2026-03-17 01:41:13,87.5,76.19047619047619
2026-03-17 01:41:28,87.5,77.14285714285715
2026-03-17 01:41:43,87.5,78.0952380952381
2026-03-17 01:41:58,87.5,79.04761904761905
2026-03-17 01:42:13,87.5,80.0
2026-03-17 01:42:28,87.5,80.95238095238095
2026-03-17 01:42:43,87.5,80.95238095238095
2026-03-17 01:42:58,87.5,80.95238095238095
2026-03-17 01:43:13,87.5,80.95238095238095
2026-03-17 01:43:28,87.5,80.95238095238095
2026-03-17 01:43:43,87.5,81.9047619047619
2026-03-17 01:43:58,87.5,82.85714285714286
2026-03-17 01:44:13,87.5,83.80952380952381
2026-03-17 01:44:28,87.5,84.76190476190476
2026-03-17 01:44:43,87.5,85.71428571428571
2026-03-17 01:44:58,87.5,86.66666666666667
2026-03-17 01:45:13,87.5,87.61904761904762
2026-03-17 01:45:28,87.5,88.57142857142857
2026-03-17 01:45:43,87.5,89.52380952380953
2026-03-17 01:45:58,87.5,90.47619047619048
2026-03-17 01:46:13,87.5,91.42857142857143
2026-03-17 01:46:28,87.5,92.38095238095238
2026-03-17 01:46:43,87.5,93.33333333333333
2026-03-17 01:46:58,87.5,90.82568807339449
2026-03-17 01:47:13,87.5,91.74311926605505
2026-03-17 01:47:28,87.5,92.66055045871559
2026-03-17 01:47:43,87.5,93.57798165137615
2026-03-17 01:47:58,87.5,94.4954128440367
2026-03-17 01:48:13,87.5,95.41284403669725
2026-03-17 01:48:28,87.5,96.3302752293578
2026-03-17 01:48:43,87.5,97.24770642201835
2026-03-17 01:48:58,87.5,98.1651376146789
2026-03-17 01:49:13,87.5,99.08256880733946
2026-03-17 01:49:28,87.5,100.0
2026-03-17 01:49:43,87.5,100.0
2026-03-17 01:49:58,87.5,100.0
2026-03-17 01:50:13,87.5,100.0
2026-03-17 01:50:28,87.5,100.0
2026-03-17 01:50:43,87.5,100.0
2026-03-17 01:50:58,87.5,100.0
2026-03-17 01:51:13,87.5,100.0
2026-03-17 01:51:28,87.5,100.0
2026-03-17 01:51:43,87.5,100.0
2026-03-17 01:51:58,87.5,100.0
2026-03-17 01:52:13,87.5,100.0
2026-03-17 01:52:28,87.5,100.0
2026-03-17 01:52:43,87.5,100.0
2026-03-17 01:52:58,87.5,100.0
2026-03-17 01:53:13,87.5,100.0
2026-03-17 01:53:28,87.5,100.0
2026-03-17 01:53:43,87.5,100.0
2026-03-17 01:53:58,87.5,100.0
2026-03-17 01:54:13,87.5,100.0
2026-03-17 01:54:28,87.5,100.0
2026-03-17 01:54:43,87.5,100.0
2026-03-17 01:54:58,87.5,100.0
2026-03-17 01:55:13,87.5,100.0
2026-03-17 01:55:28,87.5,100.0
2026-03-17 01:55:43,87.5,100.0
2026-03-17 01:55:58,87.5,100.0
2026-03-17 01:56:13,87.5,100.0
2026-03-17 01:56:28,87.5,100.0
2026-03-17 01:56:43,87.5,100.0
2026-03-17 01:56:58,87.5,100.0
2026-03-17 01:57:13,87.5,100.0
2026-03-17 01:57:28,87.5,100.0
2026-03-17 01:57:43,87.5,100.0
2026-03-17 01:57:58,87.5,100.0
2026-03-17 01:58:13,87.5,100.0
2026-03-17 01:58:28,87.5,100.0
2026-03-17 01:58:43,87.5,100.0
2026-03-17 01:58:58,87.5,100.0
2026-03-17 01:59:13,87.5,100.0
2026-03-17 01:59:28,87.5,100.0
2026-03-17 01:59:43,87.5,100.0
2026-03-17 01:59:58,87.5,100.0
2026-03-17 02:00:13,87.5,100.0
2026-03-17 02:00:28,87.5,100.0
2026-03-17 02:00:43,87.5,100.0
2026-03-17 02:00:58,87.5,100.0
2026-03-17 02:01:13,87.5,100.0
2026-03-17 02:01:28,87.5,100.0
2026-03-17 02:01:43,87.5,100.0
2026-03-17 02:01:58,87.5,100.0
2026-03-17 02:02:13,87.5,100.0
2026-03-17 02:02:28,87.5,100.0
2026-03-17 02:02:43,87.5,100.0
2026-03-17 02:02:58,87.5,100.0
2026-03-17 02:03:13,87.5,100.0
2026-03-17 02:03:28,87.5,100.0
2026-03-17 02:03:43,87.5,100.0
2026-03-17 02:03:58,87.5,100.0
2026-03-17 02:04:13,87.5,100.0
2026-03-17 02:04:28,87.5,100.0
2026-03-17 02:04:43,87.5,100.0
2026-03-17 02:04:58,87.5,100.0
2026-03-17 02:05:13,87.5,100.0
2026-03-17 02:05:28,87.5,100.0
2026-03-17 02:05:43,100.0,100.0
2026-03-17 02:05:58,100.0,100.0
2026-03-17 02:06:13,100.0,100.0
2026-03-17 02:06:28,100.0,100.0
2026-03-17 02:06:43,100.0,100.0
2026-03-17 02:06:58,100.0,100.0
2026-03-17 02:07:13,100.0,100.0
2026-03-17 02:07:28,100.0,100.0
2026-03-17 02:07:43,100.0,100.0
2026-03-17 02:07:58,100.0,100.0
2026-03-17 02:08:13,100.0,100.0
2026-03-17 02:08:28,100.0,100.0
2026-03-17 02:08:43,100.0,100.0
2026-03-17 02:08:58,100.0,100.0
2026-03-17 02:09:13,100.0,100.0
2026-03-17 02:09:28,100.0,100.0
2026-03-17 02:09:43,100.0,100.0
2026-03-17 02:09:58,100.0,100.0
2026-03-17 02:10:13,100.0,100.0
2026-03-17 02:10:28,100.0,100.0
2026-03-17 02:10:43,100.0,100.0
2026-03-17 02:10:58,100.0,100.0
2026-03-17 02:11:13,100.0,100.0
2026-03-17 02:11:28,100.0,100.0
2026-03-17 02:11:43,100.0,100.0
2026-03-17 02:11:58,100.0,100.0
2026-03-17 02:12:13,100.0,100.0
2026-03-17 02:12:28,100.0,100.0
2026-03-17 02:12:43,100.0,100.0
2026-03-17 02:12:58,100.0,100.0
2026-03-17 02:13:13,100.0,100.0
2026-03-17 02:13:28,100.0,100.0
2026-03-17 02:13:43,100.0,100.0
2026-03-17 02:13:58,100.0,100.0
2026-03-17 02:14:13,100.0,100.0
2026-03-17 02:14:28,100.0,100.0
2026-03-17 02:14:43,100.0,100.0
2026-03-17 02:14:58,100.0,100.0
2026-03-17 02:15:13,100.0,100.0
2026-03-17 02:15:28,100.0,100.0
2026-03-17 02:15:43,100.0,100.0
2026-03-17 02:15:58,100.0,100.0
2026-03-17 02:16:13,100.0,100.0
2026-03-17 02:16:28,100.0,100.0
2026-03-17 02:16:43,100.0,100.0
2026-03-17 02:16:58,100.0,100.0
2026-03-17 02:17:13,100.0,100.0
2026-03-17 02:17:28,100.0,100.0
2026-03-17 02:17:43,100.0,100.0
2026-03-17 02:17:58,100.0,100.0
2026-03-17 02:18:13,100.0,100.0
2026-03-17 02:18:28,100.0,100.0
2026-03-17 02:18:43,100.0,100.0
2026-03-17 02:18:58,100.0,100.0
2026-03-17 02:19:13,100.0,100.0
2026-03-17 02:19:28,100.0,100.0
2026-03-17 02:19:43,100.0,100.0
2026-03-17 02:19:58,100.0,100.0
2026-03-17 02:20:13,100.0,100.0
2026-03-17 02:20:28,100.0,100.0
2026-03-17 02:20:43,100.0,100.0
2026-03-17 02:20:58,87.5,100.0
2026-03-17 02:21:13,87.5,100.0
2026-03-17 02:21:28,87.5,100.0
2026-03-17 02:21:43,87.5,100.0
2026-03-17 02:21:58,87.5,100.0
2026-03-17 02:22:13,87.5,100.0
2026-03-17 02:22:28,87.5,100.0
2026-03-17 02:22:43,87.5,100.0
2026-03-17 02:22:58,87.5,100.0
2026-03-17 02:23:13,87.5,100.0
2026-03-17 02:23:28,87.5,100.0
2026-03-17 02:23:43,87.5,100.0
2026-03-17 02:23:58,87.5,100.0
2026-03-17 02:24:13,87.5,100.0
2026-03-17 02:24:28,100.0,100.0
2026-03-17 02:24:43,100.0,100.0
2026-03-17 02:24:58,100.0,100.0
2026-03-17 02:25:13,100.0,100.0
2026-03-17 02:25:28,100.0,100.0
2026-03-17 02:25:43,100.0,100.0
2026-03-17 02:25:58,100.0,100.0
2026-03-17 02:26:13,100.0,100.0
2026-03-17 02:26:28,100.0,100.0
2026-03-17 02:26:43,100.0,100.0
2026-03-17 02:26:58,100.0,100.0
2026-03-17 02:27:13,100.0,100.0
2026-03-17 02:27:28,100.0,99.11504424778761
2026-03-17 02:27:43,100.0,99.11504424778761
2026-03-17 02:27:58,100.0,99.11504424778761
2026-03-17 02:28:13,100.0,99.11504424778761
2026-03-17 02:28:28,100.0,99.11504424778761
2026-03-17 02:28:43,100.0,99.11504424778761
2026-03-17 02:28:58,100.0,99.11504424778761
2026-03-17 02:29:13,100.0,99.11504424778761
2026-03-17 02:29:28,100.0,99.11504424778761
2026-03-17 02:29:43,100.0,99.11504424778761
2026-03-17 02:29:58,100.0,99.11504424778761
2026-03-17 02:30:13,100.0,99.11504424778761
2026-03-17 02:30:28,100.0,99.11504424778761
2026-03-17 02:30:43,100.0,99.11504424778761
2026-03-17 02:30:58,100.0,99.11504424778761
2026-03-17 02:31:13,100.0,99.11504424778761
2026-03-17 02:31:28,100.0,99.11504424778761
2026-03-17 02:31:43,100.0,99.11504424778761
2026-03-17 02:31:58,100.0,99.11504424778761
2026-03-17 02:32:13,100.0,99.11504424778761
2026-03-17 02:32:28,100.0,99.11504424778761
2026-03-17 02:32:43,100.0,99.11504424778761
2026-03-17 02:32:58,100.0,99.11504424778761
2026-03-17 02:33:13,100.0,99.11504424778761
2026-03-17 02:33:28,100.0,99.11504424778761
2026-03-17 02:33:43,100.0,99.11504424778761
2026-03-17 02:33:58,100.0,99.11504424778761
2026-03-17 02:34:13,100.0,99.11504424778761
2026-03-17 02:34:28,100.0,99.11504424778761
2026-03-17 02:34:43,100.0,99.11504424778761
2026-03-17 02:34:58,100.0,99.11504424778761
2026-03-17 02:35:13,100.0,99.11504424778761
2026-03-17 02:35:28,100.0,99.11504424778761
2026-03-17 02:35:43,100.0,99.11504424778761
2026-03-17 02:35:58,100.0,99.11504424778761
2026-03-17 02:36:13,100.0,99.11504424778761
2026-03-17 02:36:28,100.0,99.11504424778761
2026-03-17 02:36:43,100.0,99.11504424778761
2026-03-17 02:36:58,100.0,99.11504424778761
2026-03-17 02:37:13,100.0,99.11504424778761
2026-03-17 02:37:28,100.0,99.11504424778761
2026-03-17 02:37:43,100.0,99.11504424778761
2026-03-17 02:37:58,100.0,99.11504424778761
2026-03-17 02:38:13,100.0,99.11504424778761
2026-03-17 02:38:28,100.0,99.11504424778761
2026-03-17 02:38:43,100.0,99.11504424778761
2026-03-17 02:38:58,100.0,99.11504424778761
2026-03-17 02:39:13,100.0,99.11504424778761
2026-03-17 02:39:28,100.0,99.11504424778761
2026-03-17 02:39:43,100.0,99.11504424778761
2026-03-17 02:39:58,100.0,99.11504424778761
2026-03-17 02:40:13,100.0,99.11504424778761
2026-03-17 02:40:28,100.0,99.11504424778761
2026-03-17 02:40:43,100.0,99.11504424778761
2026-03-17 02:40:58,100.0,99.11504424778761
2026-03-17 02:41:13,100.0,99.11504424778761
2026-03-17 02:41:28,100.0,99.11504424778761
2026-03-17 02:41:43,100.0,99.11504424778761
2026-03-17 02:41:58,100.0,99.11504424778761
2026-03-17 02:42:13,100.0,99.11504424778761
2026-03-17 02:42:28,100.0,99.11504424778761
2026-03-17 02:42:43,100.0,99.11504424778761
2026-03-17 02:42:58,100.0,99.11504424778761
2026-03-17 02:43:13,100.0,99.11504424778761
2026-03-17 02:43:28,100.0,99.11504424778761
2026-03-17 02:43:43,100.0,99.11504424778761
2026-03-17 02:43:58,100.0,99.11504424778761
2026-03-17 02:44:13,100.0,99.11504424778761
2026-03-17 02:44:28,100.0,99.11504424778761
2026-03-17 02:44:43,100.0,99.11504424778761
2026-03-17 02:44:58,100.0,99.11504424778761
2026-03-17 02:45:13,100.0,99.11504424778761
2026-03-17 02:45:28,100.0,99.11504424778761
2026-03-17 02:45:43,100.0,99.11504424778761
2026-03-17 02:45:58,100.0,99.11504424778761
2026-03-17 02:46:13,100.0,99.11504424778761
2026-03-17 02:46:28,100.0,99.11504424778761
2026-03-17 02:46:43,100.0,99.11504424778761
2026-03-17 02:46:58,100.0,99.11504424778761
2026-03-17 02:47:13,100.0,99.11504424778761
2026-03-17 02:47:28,100.0,99.11504424778761
2026-03-17 02:47:43,100.0,99.11504424778761
2026-03-17 02:47:58,100.0,99.11504424778761
2026-03-17 02:48:13,100.0,99.11504424778761
2026-03-17 02:48:28,100.0,99.11504424778761
2026-03-17 02:48:43,100.0,99.11504424778761
2026-03-17 02:48:58,100.0,99.11504424778761
2026-03-17 02:49:13,100.0,99.11504424778761
2026-03-17 02:49:28,100.0,99.11504424778761
2026-03-17 02:49:43,100.0,99.11504424778761
2026-03-17 02:49:58,100.0,99.11504424778761
2026-03-17 02:50:13,100.0,99.11504424778761
2026-03-17 02:50:28,100.0,99.11504424778761
2026-03-17 02:50:43,100.0,99.11504424778761
2026-03-17 02:50:58,100.0,99.11504424778761
2026-03-17 02:51:13,100.0,99.11504424778761
2026-03-17 02:51:28,100.0,99.11504424778761
2026-03-17 02:51:43,100.0,99.11504424778761
2026-03-17 02:51:58,100.0,99.11504424778761
2026-03-17 02:52:13,100.0,99.11504424778761
2026-03-17 02:52:28,100.0,99.11504424778761
2026-03-17 02:52:43,100.0,99.11504424778761
2026-03-17 02:52:58,100.0,99.11504424778761
2026-03-17 02:53:13,100.0,99.11504424778761
2026-03-17 02:53:28,100.0,99.14529914529915
2026-03-17 02:53:43,100.0,99.14529914529915
2026-03-17 02:53:58,100.0,99.14529914529915
2026-03-17 02:54:13,100.0,99.14529914529915
2026-03-17 02:54:28,100.0,99.14529914529915
2026-03-17 02:54:43,100.0,99.14529914529915
2026-03-17 02:54:58,100.0,99.14529914529915
2026-03-17 02:55:13,100.0,99.14529914529915
2026-03-17 02:55:28,100.0,99.14529914529915
2026-03-17 02:55:43,100.0,99.14529914529915
2026-03-17 02:55:58,100.0,99.14529914529915
2026-03-17 02:56:13,100.0,99.14529914529915
2026-03-17 02:56:28,100.0,99.14529914529915
2026-03-17 02:56:43,100.0,100.0
2026-03-17 02:56:58,100.0,100.0
2026-03-17 02:57:13,100.0,100.0
2026-03-17 02:57:28,100.0,100.0
2026-03-17 02:57:43,100.0,100.0
2026-03-17 02:57:58,100.0,100.0
2026-03-17 02:58:13,100.0,100.0
2026-03-17 02:58:28,100.0,100.0
2026-03-17 02:58:43,100.0,100.0
2026-03-17 02:58:58,100.0,100.0
2026-03-17 02:59:13,100.0,100.0
2026-03-17 02:59:28,100.0,100.0
2026-03-17 02:59:43,100.0,100.0
2026-03-17 02:59:58,100.0,100.0
2026-03-17 03:00:13,100.0,100.0
2026-03-17 03:00:28,100.0,100.0
2026-03-17 03:00:43,100.0,100.0
2026-03-17 03:00:58,100.0,100.0
2026-03-17 03:01:13,100.0,100.0
2026-03-17 03:01:28,100.0,100.0
2026-03-17 03:01:43,100.0,100.0
2026-03-17 03:01:58,100.0,100.0
2026-03-17 03:02:13,100.0,100.0
2026-03-17 03:02:28,100.0,100.0
2026-03-17 03:02:43,100.0,100.0
2026-03-17 03:02:58,100.0,100.0
2026-03-17 03:03:13,100.0,100.0
2026-03-17 03:03:28,100.0,100.0
2026-03-17 03:03:43,100.0,100.0
2026-03-17 03:03:58,100.0,100.0
2026-03-17 03:04:13,100.0,100.0
2026-03-17 03:04:28,100.0,100.0
2026-03-17 03:04:43,100.0,100.0
2026-03-17 03:04:58,100.0,100.0
2026-03-17 03:05:13,100.0,100.0
2026-03-17 03:05:28,100.0,100.0
2026-03-17 03:05:43,100.0,100.0
2026-03-17 03:05:58,100.0,100.0
2026-03-17 03:06:13,100.0,100.0
2026-03-17 03:06:28,100.0,100.0
2026-03-17 03:06:43,100.0,100.0
2026-03-17 03:06:58,100.0,100.0
2026-03-17 03:07:13,100.0,100.0
2026-03-17 03:07:28,100.0,100.0
2026-03-17 03:07:43,100.0,99.2248062015504
2026-03-17 03:07:58,100.0,98.49624060150376
2026-03-17 03:08:13,100.0,97.74436090225564
2026-03-17 03:08:28,100.0,97.74436090225564
2026-03-17 03:08:43,100.0,97.74436090225564
2026-03-17 03:08:58,100.0,97.74436090225564
2026-03-17 03:09:13,100.0,97.74436090225564
2026-03-17 03:09:28,100.0,97.74436090225564
2026-03-17 03:09:43,100.0,97.74436090225564
2026-03-17 03:09:58,100.0,97.8102189781022
2026-03-17 03:10:13,100.0,97.8102189781022
2026-03-17 03:10:28,100.0,97.8102189781022
2026-03-17 03:10:43,100.0,97.8102189781022
2026-03-17 03:10:58,100.0,97.8102189781022
2026-03-17 03:11:13,100.0,97.8102189781022
2026-03-17 03:11:28,100.0,97.8102189781022
2026-03-17 03:11:43,100.0,97.87234042553192
2026-03-17 03:11:58,100.0,97.87234042553192
2026-03-17 03:12:13,100.0,97.87234042553192
2026-03-17 03:12:28,100.0,97.87234042553192
2026-03-17 03:12:43,100.0,97.87234042553192
2026-03-17 03:12:58,100.0,97.87234042553192
2026-03-17 03:13:13,100.0,97.87234042553192
2026-03-17 03:13:28,100.0,97.87234042553192
2026-03-17 03:13:43,100.0,97.93103448275862
2026-03-17 03:13:58,100.0,97.93103448275862
2026-03-17 03:14:13,100.0,97.93103448275862
2026-03-17 03:14:28,100.0,97.93103448275862
2026-03-17 03:14:43,100.0,97.93103448275862
2026-03-17 03:14:58,100.0,97.93103448275862
2026-03-17 03:15:13,100.0,97.93103448275862
2026-03-17 03:15:28,100.0,97.93103448275862
2026-03-17 03:15:43,100.0,97.98657718120806
2026-03-17 03:15:58,100.0,97.98657718120806
2026-03-17 03:16:13,100.0,97.98657718120806
2026-03-17 03:16:28,100.0,97.98657718120806
2026-03-17 03:16:43,100.0,97.98657718120806
2026-03-17 03:16:58,100.0,97.98657718120806
2026-03-17 03:17:13,100.0,97.31543624161074
2026-03-17 03:17:28,100.0,97.31543624161074
2026-03-17 03:17:43,100.0,97.38562091503267
2026-03-17 03:17:58,100.0,97.38562091503267
2026-03-17 03:18:13,100.0,97.38562091503267
2026-03-17 03:18:28,100.0,97.38562091503267
2026-03-17 03:18:43,100.0,96.73202614379085
2026-03-17 03:18:58,100.0,96.07843137254902
2026-03-17 03:19:13,100.0,95.42483660130719
2026-03-17 03:19:28,87.5,94.77124183006535
2026-03-17 03:19:43,87.5,94.26751592356688
2026-03-17 03:19:58,87.5,93.63057324840764
2026-03-17 03:20:13,87.5,92.99363057324841
2026-03-17 03:20:28,87.5,92.35668789808918
2026-03-17 03:20:43,87.5,91.71974522292994
2026-03-17 03:20:58,87.5,91.0828025477707
2026-03-17 03:21:13,87.5,91.0828025477707
2026-03-17 03:21:28,87.5,91.0828025477707
2026-03-17 03:21:43,87.5,90.6832298136646
2026-03-17 03:21:58,87.5,90.6832298136646
2026-03-17 03:22:13,87.5,90.6832298136646
2026-03-17 03:22:28,87.5,90.6832298136646
2026-03-17 03:22:43,87.5,90.6832298136646
2026-03-17 03:22:58,87.5,90.6832298136646
2026-03-17 03:23:13,87.5,90.6832298136646
2026-03-17 03:23:28,87.5,90.6832298136646
2026-03-17 03:23:43,87.5,90.9090909090909
2026-03-17 03:23:58,87.5,90.9090909090909
2026-03-17 03:24:13,87.5,90.9090909090909
2026-03-17 03:24:28,87.5,90.9090909090909
2026-03-17 03:24:43,87.5,90.9090909090909
2026-03-17 03:24:58,87.5,90.9090909090909
2026-03-17 03:25:13,87.5,90.9090909090909
2026-03-17 03:25:28,87.5,90.9090909090909
2026-03-17 03:25:43,87.5,91.12426035502959
2026-03-17 03:25:58,87.5,90.53254437869822
2026-03-17 03:26:13,87.5,90.53254437869822
2026-03-17 03:26:28,87.5,90.53254437869822
2026-03-17 03:26:43,87.5,90.53254437869822
2026-03-17 03:26:58,87.5,90.53254437869822
2026-03-17 03:27:13,87.5,90.53254437869822
2026-03-17 03:27:28,87.5,90.53254437869822
2026-03-17 03:27:43,87.5,90.7514450867052
2026-03-17 03:27:58,87.5,90.7514450867052
2026-03-17 03:28:13,87.5,90.7514450867052
2026-03-17 03:28:28,87.5,90.17341040462428
2026-03-17 03:28:43,87.5,90.17341040462428
2026-03-17 03:28:58,87.5,90.17341040462428
2026-03-17 03:29:13,87.5,90.17341040462428
2026-03-17 03:29:28,87.5,90.17341040462428
2026-03-17 03:29:43,87.5,90.3954802259887
2026-03-17 03:29:58,87.5,90.3954802259887
2026-03-17 03:30:13,87.5,90.3954802259887
2026-03-17 03:30:28,87.5,90.3954802259887
2026-03-17 03:30:43,87.5,90.3954802259887
2026-03-17 03:30:58,87.5,90.3954802259887
2026-03-17 03:31:13,87.5,90.3954802259887
2026-03-17 03:31:28,87.5,90.3954802259887
2026-03-17 03:31:43,87.5,90.60773480662984
2026-03-17 03:31:58,87.5,90.05524861878453
2026-03-17 03:32:13,87.5,90.05524861878453
2026-03-17 03:32:28,87.5,90.05524861878453
2026-03-17 03:32:43,87.5,90.05524861878453
2026-03-17 03:32:58,87.5,90.05524861878453
2026-03-17 03:33:13,87.5,90.05524861878453
2026-03-17 03:33:28,87.5,90.05524861878453
2026-03-17 03:33:43,87.5,90.27027027027027
2026-03-17 03:33:58,87.5,90.27027027027027
2026-03-17 03:34:13,87.5,89.72972972972974
2026-03-17 03:34:28,87.5,89.1891891891892
2026-03-17 03:34:43,87.5,89.1891891891892
2026-03-17 03:34:58,87.5,89.1891891891892
2026-03-17 03:35:13,87.5,89.1891891891892
2026-03-17 03:35:28,87.5,89.1891891891892
2026-03-17 03:35:43,87.5,89.41798941798942
2026-03-17 03:35:58,87.5,89.41798941798942
2026-03-17 03:36:13,87.5,89.41798941798942
2026-03-17 03:36:28,87.5,89.41798941798942
2026-03-17 03:36:43,87.5,89.41798941798942
2026-03-17 03:36:58,87.5,89.41798941798942
2026-03-17 03:37:13,87.5,89.41798941798942
2026-03-17 03:37:28,87.5,89.41798941798942
2026-03-17 03:37:43,87.5,89.63730569948186
2026-03-17 03:37:58,87.5,89.63730569948186
2026-03-17 03:38:13,87.5,89.63730569948186
2026-03-17 03:38:28,87.5,89.63730569948186
2026-03-17 03:38:43,87.5,89.63730569948186
2026-03-17 03:38:58,87.5,89.63730569948186
2026-03-17 03:39:13,87.5,89.63730569948186
2026-03-17 03:39:28,87.5,89.63730569948186
2026-03-17 03:39:43,87.5,89.84771573604061
2026-03-17 03:39:58,87.5,89.84771573604061
2026-03-17 03:40:13,87.5,89.84771573604061
2026-03-17 03:40:28,87.5,89.84771573604061
2026-03-17 03:40:43,87.5,89.84771573604061
2026-03-17 03:40:58,87.5,89.84771573604061
2026-03-17 03:41:13,87.5,89.84771573604061
2026-03-17 03:41:28,87.5,89.84771573604061
2026-03-17 03:41:43,87.5,90.04975124378109
2026-03-17 03:41:58,87.5,90.04975124378109
2026-03-17 03:42:13,87.5,90.04975124378109
2026-03-17 03:42:28,87.5,90.04975124378109
2026-03-17 03:42:43,87.5,90.04975124378109
2026-03-17 03:42:58,87.5,90.04975124378109
2026-03-17 03:43:13,87.5,90.04975124378109
2026-03-17 03:43:28,87.5,90.04975124378109
2026-03-17 03:43:43,87.5,90.2439024390244
2026-03-17 03:43:58,87.5,90.2439024390244
2026-03-17 03:44:13,87.5,90.2439024390244
2026-03-17 03:44:28,87.5,90.2439024390244
2026-03-17 03:44:43,87.5,90.2439024390244
2026-03-17 03:44:58,87.5,90.2439024390244
2026-03-17 03:45:13,87.5,90.2439024390244
2026-03-17 03:45:28,87.5,90.2439024390244
2026-03-17 03:45:43,87.5,90.43062200956938
2026-03-17 03:45:58,87.5,90.43062200956938
2026-03-17 03:46:13,75.0,90.43062200956938
2026-03-17 03:46:28,75.0,90.43062200956938
2026-03-17 03:46:43,75.0,90.43062200956938
2026-03-17 03:46:58,75.0,90.43062200956938
2026-03-17 03:47:13,75.0,90.43062200956938
2026-03-17 03:47:28,75.0,90.43062200956938
2026-03-17 03:47:43,75.0,90.61032863849765
2026-03-17 03:47:58,75.0,90.61032863849765
2026-03-17 03:48:13,75.0,90.61032863849765
2026-03-17 03:48:28,75.0,90.61032863849765
2026-03-17 03:48:43,75.0,90.61032863849765
2026-03-17 03:48:58,75.0,90.61032863849765
2026-03-17 03:49:13,75.0,90.61032863849765
2026-03-17 03:49:28,75.0,90.78341013824884
2026-03-17 03:49:43,75.0,90.78341013824884
2026-03-17 03:49:58,75.0,90.78341013824884
2026-03-17 03:50:13,75.0,90.78341013824884
2026-03-17 03:50:28,75.0,90.78341013824884
2026-03-17 03:50:43,75.0,90.78341013824884
2026-03-17 03:50:58,75.0,90.78341013824884
2026-03-17 03:51:13,75.0,90.78341013824884
2026-03-17 03:51:28,75.0,90.9502262443439
2026-03-17 03:51:43,75.0,90.9502262443439
2026-03-17 03:51:58,75.0,90.9502262443439
2026-03-17 03:52:13,75.0,90.9502262443439
2026-03-17 03:52:28,75.0,90.9502262443439
2026-03-17 03:52:43,75.0,90.9502262443439
2026-03-17 03:52:58,75.0,90.9502262443439
2026-03-17 03:53:13,75.0,90.9502262443439
2026-03-17 03:53:28,75.0,91.11111111111111
2026-03-17 03:53:43,75.0,91.11111111111111
2026-03-17 03:53:58,75.0,91.11111111111111
2026-03-17 03:54:13,75.0,91.11111111111111
2026-03-17 03:54:28,75.0,91.11111111111111
2026-03-17 03:54:43,75.0,91.11111111111111
2026-03-17 03:54:58,75.0,91.11111111111111
2026-03-17 03:55:13,75.0,91.11111111111111
2026-03-17 03:55:28,75.0,91.26637554585153
2026-03-17 03:55:43,75.0,91.26637554585153
2026-03-17 03:55:58,75.0,91.26637554585153
2026-03-17 03:56:13,75.0,91.26637554585153
2026-03-17 03:56:28,75.0,91.26637554585153
2026-03-17 03:56:43,75.0,91.26637554585153
2026-03-17 03:56:58,75.0,91.26637554585153
2026-03-17 03:57:13,75.0,91.26637554585153
2026-03-17 03:57:28,75.0,91.41630901287554
2026-03-17 03:57:43,75.0,91.41630901287554
2026-03-17 03:57:58,75.0,91.41630901287554
2026-03-17 03:58:13,75.0,91.41630901287554
2026-03-17 03:58:28,75.0,91.41630901287554
2026-03-17 03:58:43,75.0,91.41630901287554
2026-03-17 03:58:58,75.0,91.41630901287554
2026-03-17 03:59:13,75.0,91.41630901287554
2026-03-17 03:59:28,75.0,91.56118143459916
2026-03-17 03:59:43,75.0,91.56118143459916
2026-03-17 03:59:58,75.0,91.56118143459916
2026-03-17 04:00:13,75.0,91.56118143459916
2026-03-17 04:00:28,75.0,91.56118143459916
2026-03-17 04:00:43,75.0,91.56118143459916
2026-03-17 04:00:58,75.0,91.56118143459916
2026-03-17 04:01:13,75.0,91.56118143459916
2026-03-17 04:01:28,75.0,91.56118143459916
2026-03-17 04:01:43,75.0,91.56118143459916
2026-03-17 04:01:58,75.0,91.56118143459916
2026-03-17 04:02:13,75.0,91.56118143459916
2026-03-17 04:02:28,75.0,91.56118143459916
2026-03-17 04:02:43,75.0,91.56118143459916
2026-03-17 04:02:58,75.0,91.56118143459916
2026-03-17 04:03:13,75.0,91.56118143459916
2026-03-17 04:03:28,75.0,91.70124481327801
2026-03-17 04:03:43,75.0,91.70124481327801
2026-03-17 04:03:58,75.0,91.70124481327801
2026-03-17 04:04:13,75.0,91.70124481327801
2026-03-17 04:04:28,75.0,91.70124481327801
2026-03-17 04:04:43,75.0,91.70124481327801
2026-03-17 04:04:58,75.0,91.70124481327801
2026-03-17 04:05:13,75.0,91.70124481327801
2026-03-17 04:05:28,75.0,91.70124481327801
2026-03-17 04:05:43,75.0,91.70124481327801
2026-03-17 04:05:58,75.0,91.70124481327801
2026-03-17 04:06:13,75.0,91.70124481327801
2026-03-17 04:06:28,75.0,91.70124481327801
2026-03-17 04:06:43,75.0,91.70124481327801
2026-03-17 04:06:58,75.0,91.70124481327801
2026-03-17 04:07:13,75.0,91.70124481327801
2026-03-17 04:07:28,75.0,91.70124481327801
2026-03-17 04:07:43,75.0,91.70124481327801
2026-03-17 04:07:58,75.0,91.83673469387756
2026-03-17 04:08:13,75.0,91.83673469387756
2026-03-17 04:08:28,75.0,91.83673469387756
2026-03-17 04:08:43,75.0,91.83673469387756
2026-03-17 04:08:58,75.0,92.24489795918367
2026-03-17 04:09:13,75.0,92.65306122448979
2026-03-17 04:09:28,75.0,93.06122448979592
2026-03-17 04:09:43,75.0,93.06122448979592
2026-03-17 04:09:58,75.0,93.06122448979592
2026-03-17 04:10:13,75.0,93.06122448979592
2026-03-17 04:10:28,75.0,93.06122448979592
2026-03-17 04:10:43,75.0,93.06122448979592
2026-03-17 04:10:58,75.0,93.06122448979592
2026-03-17 04:11:13,75.0,93.06122448979592
2026-03-17 04:11:28,75.0,93.06122448979592
2026-03-17 04:11:43,75.0,93.06122448979592
2026-03-17 04:11:58,75.0,93.06122448979592
2026-03-17 04:12:13,75.0,93.06122448979592
2026-03-17 04:12:28,75.0,93.06122448979592
2026-03-17 04:12:43,75.0,93.17269076305222
2026-03-17 04:12:58,75.0,93.17269076305222
2026-03-17 04:13:13,75.0,93.17269076305222
2026-03-17 04:13:28,75.0,93.17269076305222
2026-03-17 04:13:43,75.0,93.17269076305222
2026-03-17 04:13:58,75.0,93.17269076305222
2026-03-17 04:14:13,75.0,93.17269076305222
2026-03-17 04:14:28,75.0,93.17269076305222
2026-03-17 04:14:43,75.0,93.17269076305222
2026-03-17 04:14:58,75.0,93.17269076305222
2026-03-17 04:15:13,75.0,93.17269076305222
2026-03-17 04:15:28,75.0,93.17269076305222
2026-03-17 04:15:43,75.0,93.17269076305222
2026-03-17 04:15:58,75.0,93.17269076305222
2026-03-17 04:16:13,75.0,93.17269076305222
2026-03-17 04:16:28,75.0,93.17269076305222
2026-03-17 04:16:43,75.0,93.17269076305222
2026-03-17 04:16:58,75.0,93.17269076305222
2026-03-17 04:17:13,75.0,93.2806324110672
2026-03-17 04:17:28,75.0,93.2806324110672
2026-03-17 04:17:43,75.0,93.2806324110672
2026-03-17 04:17:58,75.0,93.2806324110672
2026-03-17 04:18:13,75.0,93.2806324110672
2026-03-17 04:18:28,75.0,93.2806324110672
2026-03-17 04:18:43,75.0,93.2806324110672
2026-03-17 04:18:58,75.0,93.2806324110672
2026-03-17 04:19:13,75.0,93.2806324110672
2026-03-17 04:19:28,75.0,93.2806324110672
2026-03-17 04:19:43,75.0,93.2806324110672
2026-03-17 04:19:58,75.0,93.2806324110672
2026-03-17 04:20:13,75.0,93.2806324110672
2026-03-17 04:20:28,75.0,93.67588932806325
2026-03-17 04:20:43,75.0,93.67588932806325
2026-03-17 04:20:58,75.0,93.67588932806325
2026-03-17 04:21:13,75.0,93.67588932806325
2026-03-17 04:21:28,75.0,93.67588932806325
2026-03-17 04:21:43,75.0,93.67588932806325
2026-03-17 04:21:58,75.0,93.77431906614785
2026-03-17 04:22:13,75.0,93.77431906614785
2026-03-17 04:22:28,75.0,93.77431906614785
2026-03-17 04:22:43,75.0,93.77431906614785
2026-03-17 04:22:58,75.0,94.16342412451361
2026-03-17 04:23:13,75.0,94.55252918287937
2026-03-17 04:23:28,75.0,94.94163424124513
2026-03-17 04:23:43,75.0,95.3307392996109
2026-03-17 04:23:58,75.0,95.71984435797665
2026-03-17 04:24:13,75.0,96.10894941634241
2026-03-17 04:24:28,75.0,96.49805447470817
2026-03-17 04:24:43,75.0,96.88715953307393
2026-03-17 04:24:58,75.0,97.27626459143968
2026-03-17 04:25:13,75.0,97.66536964980544
2026-03-17 04:25:28,75.0,97.66536964980544
2026-03-17 04:25:43,75.0,97.66536964980544
2026-03-17 04:25:58,75.0,98.0544747081712
2026-03-17 04:26:13,75.0,98.0544747081712
2026-03-17 04:26:28,75.0,98.0544747081712
2026-03-17 04:26:43,75.0,97.70114942528735
2026-03-17 04:26:58,75.0,98.08429118773945
2026-03-17 04:27:13,75.0,98.08429118773945
2026-03-17 04:27:28,75.0,98.08429118773945
2026-03-17 04:27:43,75.0,98.08429118773945
2026-03-17 04:27:58,75.0,98.08429118773945
2026-03-17 04:28:13,75.0,98.08429118773945
2026-03-17 04:28:28,75.0,98.08429118773945
2026-03-17 04:28:43,75.0,98.08429118773945
2026-03-17 04:28:58,75.0,98.08429118773945
2026-03-17 04:29:13,75.0,98.08429118773945
2026-03-17 04:29:28,75.0,98.08429118773945
2026-03-17 04:29:43,75.0,98.08429118773945
2026-03-17 04:29:58,75.0,98.08429118773945
2026-03-17 04:30:13,75.0,98.08429118773945
2026-03-17 04:30:28,75.0,98.08429118773945
2026-03-17 04:30:43,75.0,98.08429118773945
2026-03-17 04:30:58,75.0,98.08429118773945
2026-03-17 04:31:13,75.0,98.11320754716981
2026-03-17 04:31:28,75.0,98.11320754716981
2026-03-17 04:31:43,75.0,98.11320754716981
2026-03-17 04:31:58,75.0,98.11320754716981
2026-03-17 04:32:13,75.0,98.49056603773585
2026-03-17 04:32:28,75.0,98.49056603773585
2026-03-17 04:32:43,75.0,98.49056603773585
2026-03-17 04:32:58,75.0,98.49056603773585
2026-03-17 04:33:13,75.0,98.49056603773585
2026-03-17 04:33:28,75.0,98.49056603773585
2026-03-17 04:33:43,75.0,98.49056603773585
2026-03-17 04:33:58,75.0,98.49056603773585
2026-03-17 04:34:13,75.0,98.49056603773585
2026-03-17 04:34:28,75.0,98.49056603773585
2026-03-17 04:34:43,75.0,98.86792452830188
2026-03-17 04:34:58,75.0,98.86792452830188
2026-03-17 04:35:13,75.0,98.86792452830188
2026-03-17 04:35:28,75.0,98.86792452830188
2026-03-17 04:35:43,75.0,98.86792452830188
2026-03-17 04:35:58,75.0,98.88475836431226
2026-03-17 04:36:13,75.0,98.88475836431226
2026-03-17 04:36:28,75.0,98.88475836431226
2026-03-17 04:36:43,75.0,98.88475836431226
2026-03-17 04:36:58,75.0,98.88475836431226
2026-03-17 04:37:13,75.0,98.88475836431226
2026-03-17 04:37:28,75.0,98.88475836431226
2026-03-17 04:37:43,75.0,98.88475836431226
2026-03-17 04:37:58,75.0,98.88475836431226
2026-03-17 04:38:13,75.0,98.88475836431226
2026-03-17 04:38:28,75.0,98.88475836431226
2026-03-17 04:38:43,75.0,98.88475836431226
2026-03-17 04:38:58,75.0,98.88475836431226
2026-03-17 04:39:13,75.0,99.25650557620817
2026-03-17 04:39:28,75.0,99.25650557620817
2026-03-17 04:39:43,75.0,99.25650557620817
2026-03-17 04:39:58,75.0,99.25650557620817
2026-03-17 04:40:13,75.0,99.25650557620817
2026-03-17 04:40:28,75.0,99.25650557620817
2026-03-17 04:40:43,75.0,99.26739926739927
2026-03-17 04:40:58,75.0,99.26739926739927
2026-03-17 04:41:13,75.0,99.26739926739927
2026-03-17 04:41:28,75.0,99.26739926739927
2026-03-17 04:41:43,75.0,99.26739926739927
2026-03-17 04:41:58,75.0,99.26739926739927
2026-03-17 04:42:13,75.0,99.26739926739927
2026-03-17 04:42:28,75.0,99.63369963369964
2026-03-17 04:42:43,75.0,100.0
2026-03-17 04:42:58,75.0,100.0
2026-03-17 04:43:13,75.0,100.0
2026-03-17 04:43:28,75.0,100.0
2026-03-17 04:43:43,75.0,100.0
2026-03-17 04:43:58,75.0,100.0
2026-03-17 04:44:13,75.0,100.0
2026-03-17 04:44:28,75.0,100.0
2026-03-17 04:44:43,75.0,100.0
2026-03-17 04:44:58,75.0,100.0
2026-03-17 04:45:13,75.0,100.0
2026-03-17 04:45:28,75.0,100.0
2026-03-17 04:45:43,75.0,100.0
2026-03-17 04:45:58,75.0,100.0
2026-03-17 04:46:13,75.0,100.0
2026-03-17 04:46:28,75.0,100.0
2026-03-17 04:46:43,75.0,100.0
2026-03-17 04:46:58,75.0,100.0
2026-03-17 04:47:13,75.0,100.0
2026-03-17 04:47:28,75.0,100.0
2026-03-17 04:47:43,75.0,100.0
2026-03-17 04:47:58,75.0,100.0
2026-03-17 04:48:13,75.0,100.0
2026-03-17 04:48:28,75.0,100.0
2026-03-17 04:48:43,87.5,100.0
2026-03-17 04:48:58,87.5,100.0
2026-03-17 04:49:13,87.5,100.0
2026-03-17 04:49:28,87.5,100.0
2026-03-17 04:49:43,87.5,100.0
2026-03-17 04:49:58,87.5,100.0
2026-03-17 04:50:13,87.5,100.0
2026-03-17 04:50:28,87.5,100.0
2026-03-17 04:50:43,87.5,100.0
2026-03-17 04:50:58,87.5,100.0
2026-03-17 04:51:13,87.5,100.0
2026-03-17 04:51:28,87.5,100.0
2026-03-17 04:51:43,87.5,100.0
2026-03-17 04:51:58,87.5,100.0
2026-03-17 04:52:13,87.5,100.0
2026-03-17 04:52:28,87.5,100.0
2026-03-17 04:52:43,87.5,100.0
2026-03-17 04:52:58,87.5,100.0
2026-03-17 04:53:13,87.5,100.0
2026-03-17 04:53:28,87.5,100.0
2026-03-17 04:53:43,87.5,100.0
2026-03-17 04:53:58,87.5,100.0
2026-03-17 04:54:13,87.5,100.0
2026-03-17 04:54:28,87.5,100.0
2026-03-17 04:54:43,87.5,100.0
2026-03-17 04:54:58,87.5,100.0
2026-03-17 04:55:13,87.5,100.0
2026-03-17 04:55:28,87.5,100.0
2026-03-17 04:55:43,87.5,100.0
2026-03-17 04:55:58,87.5,100.0
2026-03-17 04:56:13,87.5,100.0
2026-03-17 04:56:28,87.5,100.0
2026-03-17 04:56:43,87.5,100.0
2026-03-17 04:56:58,87.5,100.0
2026-03-17 04:57:13,87.5,100.0
2026-03-17 04:57:28,87.5,100.0
2026-03-17 04:57:43,87.5,100.0
2026-03-17 04:57:58,87.5,100.0
2026-03-17 04:58:13,87.5,100.0
2026-03-17 04:58:28,87.5,100.0
2026-03-17 04:58:43,87.5,100.0
2026-03-17 04:58:58,87.5,100.0
2026-03-17 04:59:13,87.5,100.0
2026-03-17 04:59:28,87.5,100.0
2026-03-17 04:59:43,87.5,100.0
2026-03-17 04:59:58,87.5,100.0
2026-03-17 05:00:13,87.5,100.0
2026-03-17 05:00:28,87.5,100.0
2026-03-17 05:00:43,87.5,100.0
2026-03-17 05:00:58,87.5,100.0
2026-03-17 05:01:13,87.5,100.0
2026-03-17 05:01:28,87.5,100.0
2026-03-17 05:01:43,87.5,100.0
2026-03-17 05:01:58,87.5,100.0
2026-03-17 05:02:13,87.5,100.0
2026-03-17 05:02:28,87.5,100.0
2026-03-17 05:02:43,87.5,100.0
2026-03-17 05:02:58,87.5,100.0
2026-03-17 05:03:13,87.5,100.0
2026-03-17 05:03:28,87.5,100.0
2026-03-17 05:03:43,87.5,100.0
2026-03-17 05:03:58,87.5,100.0
2026-03-17 05:04:13,87.5,100.0
2026-03-17 05:04:28,87.5,100.0
2026-03-17 05:04:43,87.5,100.0
2026-03-17 05:04:58,87.5,100.0
2026-03-17 05:05:13,87.5,100.0
2026-03-17 05:05:28,87.5,100.0
2026-03-17 05:05:43,87.5,100.0
2026-03-17 05:05:58,87.5,100.0
2026-03-17 05:06:13,87.5,100.0
2026-03-17 05:06:28,87.5,100.0
2026-03-17 05:06:43,87.5,100.0
2026-03-17 05:06:58,87.5,100.0
2026-03-17 05:07:13,87.5,100.0
2026-03-17 05:07:28,87.5,100.0
2026-03-17 05:07:43,87.5,100.0
2026-03-17 05:07:58,87.5,100.0
2026-03-17 05:08:13,87.5,100.0
2026-03-17 05:08:28,87.5,100.0
2026-03-17 05:08:43,87.5,100.0
2026-03-17 05:08:58,87.5,100.0
2026-03-17 05:09:13,87.5,100.0
2026-03-17 05:09:28,87.5,100.0
2026-03-17 05:09:43,87.5,100.0
2026-03-17 05:09:58,87.5,100.0
2026-03-17 05:10:13,87.5,100.0
2026-03-17 05:10:28,87.5,100.0
2026-03-17 05:10:43,87.5,100.0
2026-03-17 05:10:58,87.5,100.0
2026-03-17 05:11:13,87.5,100.0
2026-03-17 05:11:28,87.5,100.0
2026-03-17 05:11:43,87.5,100.0
2026-03-17 05:11:58,87.5,100.0
2026-03-17 05:12:13,87.5,100.0
2026-03-17 05:12:28,87.5,100.0
2026-03-17 05:12:43,87.5,100.0
2026-03-17 05:12:58,87.5,100.0
2026-03-17 05:13:13,100.0,100.0
2026-03-17 05:13:28,100.0,100.0
2026-03-17 05:13:43,100.0,100.0
2026-03-17 05:13:58,100.0,100.0
2026-03-17 05:14:13,100.0,100.0
2026-03-17 05:14:28,100.0,100.0
2026-03-17 05:14:43,100.0,100.0
2026-03-17 05:14:58,100.0,100.0
2026-03-17 05:15:13,100.0,100.0
2026-03-17 05:15:28,100.0,100.0
2026-03-17 05:15:43,100.0,100.0
2026-03-17 05:15:58,100.0,100.0
2026-03-17 05:16:13,100.0,100.0
2026-03-17 05:16:28,100.0,100.0
2026-03-17 05:16:43,100.0,100.0
2026-03-17 05:16:58,100.0,100.0
2026-03-17 05:17:13,100.0,100.0
2026-03-17 05:17:28,100.0,100.0
2026-03-17 05:17:43,100.0,100.0
2026-03-17 05:17:58,100.0,100.0
2026-03-17 05:18:13,100.0,100.0
2026-03-17 05:18:28,100.0,100.0
2026-03-17 05:18:43,100.0,100.0
2026-03-17 05:18:58,100.0,100.0
2026-03-17 05:19:13,100.0,100.0
2026-03-17 05:19:28,100.0,100.0
2026-03-17 05:19:43,100.0,100.0
2026-03-17 05:19:58,100.0,100.0
2026-03-17 05:20:13,100.0,100.0
2026-03-17 05:20:28,100.0,100.0
2026-03-17 05:20:43,100.0,100.0
2026-03-17 05:20:58,100.0,100.0
2026-03-17 05:21:13,100.0,100.0
2026-03-17 05:21:28,100.0,100.0
2026-03-17 05:21:43,100.0,100.0
2026-03-17 05:21:58,100.0,100.0
2026-03-17 05:22:13,100.0,100.0
2026-03-17 05:22:28,100.0,100.0
2026-03-17 05:22:43,100.0,100.0
2026-03-17 05:22:58,100.0,100.0
2026-03-17 05:23:13,100.0,100.0
2026-03-17 05:23:28,100.0,100.0
2026-03-17 05:23:43,100.0,100.0
2026-03-17 05:23:58,100.0,100.0
2026-03-17 05:24:13,100.0,100.0
2026-03-17 05:24:28,100.0,100.0
2026-03-17 05:24:43,100.0,100.0
2026-03-17 05:24:58,100.0,100.0
2026-03-17 05:25:13,100.0,100.0
2026-03-17 05:25:28,100.0,100.0
2026-03-17 05:25:43,100.0,100.0
2026-03-17 05:25:58,100.0,100.0
2026-03-17 05:26:13,100.0,100.0
2026-03-17 05:26:28,100.0,100.0
2026-03-17 05:26:43,100.0,100.0
2026-03-17 05:26:58,100.0,100.0
2026-03-17 05:27:13,100.0,100.0
2026-03-17 05:27:28,100.0,100.0
2026-03-17 05:27:43,100.0,100.0
2026-03-17 05:27:58,100.0,100.0
2026-03-17 05:28:13,100.0,100.0
2026-03-17 05:28:28,100.0,100.0
2026-03-17 05:28:43,100.0,100.0
2026-03-17 05:28:58,100.0,100.0
2026-03-17 05:29:13,100.0,100.0
2026-03-17 05:29:28,100.0,100.0
2026-03-17 05:29:43,100.0,100.0
2026-03-17 05:29:58,100.0,100.0
2026-03-17 05:30:13,100.0,100.0
2026-03-17 05:30:28,100.0,100.0
2026-03-17 05:30:43,100.0,100.0
2026-03-17 05:30:58,100.0,100.0
2026-03-17 05:31:13,100.0,100.0
2026-03-17 05:31:28,100.0,100.0
2026-03-17 05:31:43,100.0,100.0
2026-03-17 05:31:58,100.0,100.0
2026-03-17 05:32:13,100.0,100.0
2026-03-17 05:32:28,100.0,100.0
2026-03-17 05:32:43,100.0,100.0
2026-03-17 05:32:58,100.0,100.0
2026-03-17 05:33:13,100.0,100.0
2026-03-17 05:33:28,100.0,100.0
2026-03-17 05:33:43,100.0,100.0
2026-03-17 05:33:58,100.0,100.0
2026-03-17 05:34:13,100.0,100.0
2026-03-17 05:34:28,100.0,100.0
2026-03-17 05:34:43,100.0,100.0
2026-03-17 05:34:58,100.0,100.0
2026-03-17 05:35:13,100.0,100.0
2026-03-17 05:35:28,100.0,100.0
2026-03-17 05:35:43,100.0,100.0
2026-03-17 05:35:58,100.0,100.0
2026-03-17 05:36:13,100.0,100.0
2026-03-17 05:36:28,100.0,100.0
2026-03-17 05:36:43,100.0,100.0
2026-03-17 05:36:58,100.0,100.0
2026-03-17 05:37:13,100.0,100.0
2026-03-17 05:37:28,100.0,100.0
2026-03-17 05:37:43,100.0,100.0
2026-03-17 05:37:58,100.0,100.0
2026-03-17 05:38:13,100.0,100.0
2026-03-17 05:38:28,100.0,100.0
2026-03-17 05:38:43,100.0,100.0
2026-03-17 05:38:58,100.0,100.0
2026-03-17 05:39:13,100.0,100.0
2026-03-17 05:39:28,100.0,100.0
2026-03-17 05:39:43,100.0,100.0
2026-03-17 05:39:58,100.0,100.0
2026-03-17 05:40:13,100.0,100.0
2026-03-17 05:40:28,100.0,100.0
2026-03-17 05:40:43,100.0,100.0
2026-03-17 05:40:58,100.0,100.0
2026-03-17 05:41:13,100.0,100.0
2026-03-17 05:41:28,100.0,100.0
2026-03-17 05:41:43,100.0,100.0
2026-03-17 05:41:58,100.0,100.0
2026-03-17 05:42:13,100.0,100.0
2026-03-17 05:42:28,100.0,100.0
2026-03-17 05:42:43,100.0,100.0
2026-03-17 05:42:58,100.0,100.0
2026-03-17 05:43:13,100.0,100.0
2026-03-17 05:43:28,100.0,100.0
2026-03-17 05:43:43,100.0,100.0
2026-03-17 05:43:58,100.0,100.0
2026-03-17 05:44:13,87.5,100.0
2026-03-17 05:44:28,87.5,100.0
2026-03-17 05:44:43,87.5,100.0
2026-03-17 05:44:58,87.5,100.0
2026-03-17 05:45:13,87.5,100.0
2026-03-17 05:45:28,87.5,100.0
2026-03-17 05:45:43,87.5,100.0
2026-03-17 05:45:58,87.5,100.0
2026-03-17 05:46:13,87.5,100.0
2026-03-17 05:46:28,87.5,100.0
2026-03-17 05:46:43,87.5,100.0
2026-03-17 05:46:58,87.5,100.0
2026-03-17 05:47:13,87.5,100.0
2026-03-17 05:47:28,87.5,100.0
2026-03-17 05:47:43,87.5,100.0
2026-03-17 05:47:58,87.5,100.0
2026-03-17 05:48:13,87.5,100.0
2026-03-17 05:48:28,87.5,100.0
2026-03-17 05:48:43,87.5,100.0
2026-03-17 05:48:58,87.5,100.0
2026-03-17 05:49:13,87.5,100.0
2026-03-17 05:49:28,87.5,100.0
2026-03-17 05:49:43,87.5,100.0
2026-03-17 05:49:58,87.5,100.0
2026-03-17 05:50:13,87.5,100.0
2026-03-17 05:50:28,87.5,100.0
2026-03-17 05:50:43,87.5,100.0
2026-03-17 05:50:58,87.5,100.0
2026-03-17 05:51:13,87.5,100.0
2026-03-17 05:51:28,87.5,100.0
2026-03-17 05:51:43,87.5,100.0
2026-03-17 05:51:58,87.5,100.0
2026-03-17 05:52:13,87.5,100.0
2026-03-17 05:52:28,87.5,100.0
2026-03-17 05:52:43,87.5,100.0
2026-03-17 05:52:58,87.5,100.0
2026-03-17 05:53:13,87.5,100.0
2026-03-17 05:53:28,87.5,100.0
2026-03-17 05:53:43,87.5,100.0
2026-03-17 05:53:58,87.5,100.0
2026-03-17 05:54:13,87.5,100.0
2026-03-17 05:54:28,87.5,100.0
2026-03-17 05:54:43,87.5,100.0
2026-03-17 05:54:58,87.5,100.0
2026-03-17 05:55:13,87.5,100.0
2026-03-17 05:55:28,87.5,100.0
2026-03-17 05:55:43,87.5,100.0
2026-03-17 05:55:58,87.5,100.0
2026-03-17 05:56:13,87.5,100.0
2026-03-17 05:56:28,87.5,100.0
2026-03-17 05:56:43,87.5,100.0
2026-03-17 05:56:58,87.5,100.0
2026-03-17 05:57:13,87.5,100.0
2026-03-17 05:57:28,87.5,100.0
2026-03-17 05:57:43,87.5,100.0
2026-03-17 05:57:58,87.5,100.0
2026-03-17 05:58:13,87.5,100.0
2026-03-17 05:58:28,87.5,100.0
2026-03-17 05:58:43,87.5,100.0
2026-03-17 05:58:58,87.5,100.0
2026-03-17 05:59:13,87.5,100.0
2026-03-17 05:59:28,87.5,100.0
2026-03-17 05:59:43,87.5,100.0
2026-03-17 05:59:58,87.5,100.0
2026-03-17 06:00:13,87.5,100.0
2026-03-17 06:00:28,87.5,100.0
2026-03-17 06:00:43,87.5,100.0
2026-03-17 06:00:58,87.5,100.0
2026-03-17 06:01:13,87.5,100.0
2026-03-17 06:01:28,87.5,100.0
2026-03-17 06:01:43,87.5,100.0
2026-03-17 06:01:58,87.5,100.0
2026-03-17 06:02:13,87.5,100.0
2026-03-17 06:02:28,100.0,100.0
2026-03-17 06:02:43,100.0,100.0
2026-03-17 06:02:58,100.0,100.0
2026-03-17 06:03:13,100.0,100.0
2026-03-17 06:03:28,100.0,100.0
2026-03-17 06:03:43,100.0,100.0
2026-03-17 06:03:58,100.0,100.0
2026-03-17 06:04:13,100.0,100.0
2026-03-17 06:04:28,100.0,100.0
2026-03-17 06:04:43,100.0,100.0
2026-03-17 06:04:58,100.0,100.0
2026-03-17 06:05:13,100.0,100.0
2026-03-17 06:05:28,100.0,100.0
2026-03-17 06:05:43,100.0,100.0
2026-03-17 06:05:58,100.0,100.0
2026-03-17 06:06:13,100.0,100.0
2026-03-17 06:06:28,100.0,100.0
2026-03-17 06:06:43,100.0,100.0
2026-03-17 06:06:58,100.0,100.0
2026-03-17 06:07:13,100.0,100.0
2026-03-17 06:07:28,100.0,100.0
2026-03-17 06:07:43,100.0,100.0
2026-03-17 06:07:58,100.0,100.0
2026-03-17 06:08:13,100.0,100.0
2026-03-17 06:08:28,100.0,100.0
2026-03-17 06:08:43,100.0,100.0
2026-03-17 06:08:58,100.0,100.0
2026-03-17 06:09:13,100.0,100.0
2026-03-17 06:09:28,100.0,100.0
2026-03-17 06:09:43,100.0,100.0
2026-03-17 06:09:58,100.0,100.0
2026-03-17 06:10:13,100.0,100.0
2026-03-17 06:10:28,100.0,100.0
2026-03-17 06:10:43,100.0,100.0
2026-03-17 06:10:58,100.0,100.0
2026-03-17 06:11:13,100.0,100.0
2026-03-17 06:11:28,100.0,100.0
2026-03-17 06:11:43,100.0,100.0
2026-03-17 06:11:58,100.0,100.0
2026-03-17 06:12:13,100.0,100.0
2026-03-17 06:12:28,100.0,100.0
2026-03-17 06:12:43,100.0,100.0
2026-03-17 06:12:58,100.0,100.0
2026-03-17 06:13:13,100.0,100.0
2026-03-17 06:13:28,100.0,100.0
2026-03-17 06:13:43,100.0,100.0
2026-03-17 06:13:58,100.0,100.0
2026-03-17 06:14:13,100.0,100.0
2026-03-17 06:14:28,100.0,100.0
2026-03-17 06:14:43,100.0,100.0
2026-03-17 06:14:58,100.0,100.0
2026-03-17 06:15:13,100.0,100.0
2026-03-17 06:15:28,100.0,100.0
2026-03-17 06:15:43,100.0,100.0
2026-03-17 06:15:58,100.0,100.0
2026-03-17 06:16:13,100.0,100.0
2026-03-17 06:16:28,100.0,100.0
2026-03-17 06:16:43,100.0,100.0
2026-03-17 06:16:58,100.0,100.0
2026-03-17 06:17:13,100.0,100.0
2026-03-17 06:17:28,100.0,100.0
2026-03-17 06:17:43,100.0,100.0
2026-03-17 06:17:58,100.0,100.0
2026-03-17 06:18:13,100.0,100.0
2026-03-17 06:18:28,100.0,100.0
2026-03-17 06:18:43,100.0,100.0
2026-03-17 06:18:58,100.0,100.0
2026-03-17 06:19:13,100.0,100.0
2026-03-17 06:19:28,100.0,100.0
2026-03-17 06:19:43,100.0,100.0
2026-03-17 06:19:58,100.0,100.0
2026-03-17 06:20:13,100.0,100.0
2026-03-17 06:20:28,100.0,100.0
2026-03-17 06:20:43,100.0,100.0
2026-03-17 06:20:58,100.0,100.0
2026-03-17 06:21:13,100.0,100.0
2026-03-17 06:21:28,100.0,100.0
2026-03-17 06:21:43,100.0,100.0
2026-03-17 06:21:58,100.0,100.0
2026-03-17 06:22:13,100.0,100.0
2026-03-17 06:22:28,100.0,100.0
2026-03-17 06:22:43,100.0,100.0
2026-03-17 06:22:58,100.0,100.0
2026-03-17 06:23:13,100.0,100.0
2026-03-17 06:23:28,100.0,100.0
2026-03-17 06:23:43,100.0,100.0
2026-03-17 06:23:58,100.0,100.0
2026-03-17 06:24:13,100.0,100.0
2026-03-17 06:24:28,100.0,100.0
2026-03-17 06:24:43,100.0,100.0
2026-03-17 06:24:58,100.0,100.0
2026-03-17 06:25:13,100.0,100.0
2026-03-17 06:25:28,100.0,100.0
2026-03-17 06:25:43,100.0,100.0
2026-03-17 06:25:58,100.0,100.0
2026-03-17 06:26:13,100.0,100.0
2026-03-17 06:26:28,100.0,100.0
2026-03-17 06:26:43,100.0,100.0
2026-03-17 06:26:58,100.0,100.0
2026-03-17 06:27:13,100.0,100.0
2026-03-17 06:27:28,100.0,100.0
2026-03-17 06:27:43,100.0,100.0
2026-03-17 06:27:58,100.0,100.0
2026-03-17 06:28:13,100.0,100.0
2026-03-17 06:28:28,100.0,100.0
2026-03-17 06:28:43,100.0,100.0
2026-03-17 06:28:58,100.0,100.0
2026-03-17 06:29:13,100.0,100.0
2026-03-17 06:29:28,100.0,100.0
2026-03-17 06:29:43,100.0,100.0
2026-03-17 06:29:58,100.0,100.0
2026-03-17 06:30:13,100.0,100.0
2026-03-17 06:30:28,100.0,100.0
2026-03-17 06:30:43,100.0,100.0
2026-03-17 06:30:58,100.0,100.0
2026-03-17 06:31:13,100.0,100.0
2026-03-17 06:31:28,100.0,100.0
2026-03-17 06:31:43,100.0,100.0
2026-03-17 06:31:58,100.0,100.0
2026-03-17 06:32:13,100.0,100.0
2026-03-17 06:32:28,100.0,100.0
2026-03-17 06:32:43,100.0,100.0
2026-03-17 06:32:58,100.0,100.0
2026-03-17 06:33:13,100.0,100.0
2026-03-17 06:33:28,100.0,100.0
2026-03-17 06:33:43,100.0,100.0
2026-03-17 06:33:58,100.0,100.0
2026-03-17 06:34:13,100.0,100.0
2026-03-17 06:34:28,100.0,100.0
2026-03-17 06:34:43,100.0,100.0
2026-03-17 06:34:58,100.0,100.0
2026-03-17 06:35:13,100.0,100.0
2026-03-17 06:35:28,100.0,100.0
2026-03-17 06:35:43,100.0,100.0
2026-03-17 06:35:58,100.0,100.0
2026-03-17 06:36:13,100.0,100.0
2026-03-17 06:36:28,100.0,100.0
2026-03-17 06:36:43,100.0,100.0
2026-03-17 06:36:58,100.0,100.0
2026-03-17 06:37:13,100.0,100.0
2026-03-17 06:37:28,100.0,100.0
2026-03-17 06:37:43,100.0,100.0
2026-03-17 06:37:58,100.0,100.0
2026-03-17 06:38:13,100.0,100.0
2026-03-17 06:38:28,100.0,100.0
2026-03-17 06:38:43,100.0,100.0
2026-03-17 06:38:58,100.0,100.0
2026-03-17 06:39:13,100.0,100.0
2026-03-17 06:39:28,100.0,100.0
2026-03-17 06:39:43,100.0,100.0
2026-03-17 06:39:58,100.0,100.0
2026-03-17 06:40:13,100.0,100.0
2026-03-17 06:40:28,100.0,100.0
2026-03-17 06:40:43,100.0,100.0
2026-03-17 06:40:58,100.0,100.0
2026-03-17 06:41:13,100.0,100.0
2026-03-17 06:41:28,100.0,100.0
2026-03-17 06:41:43,100.0,100.0
2026-03-17 06:41:58,100.0,100.0
2026-03-17 06:42:13,100.0,100.0
2026-03-17 06:42:28,100.0,100.0
2026-03-17 06:42:43,100.0,100.0
2026-03-17 06:42:58,100.0,100.0
2026-03-17 06:43:13,100.0,100.0
2026-03-17 06:43:28,100.0,100.0
2026-03-17 06:43:43,100.0,100.0
2026-03-17 06:43:58,100.0,100.0
2026-03-17 06:44:13,100.0,100.0
2026-03-17 06:44:28,100.0,100.0
2026-03-17 06:44:43,100.0,100.0
2026-03-17 06:44:58,100.0,100.0
2026-03-17 06:45:13,100.0,100.0
2026-03-17 06:45:28,100.0,100.0
2026-03-17 06:45:43,100.0,100.0
2026-03-17 06:45:58,100.0,100.0
2026-03-17 06:46:13,100.0,100.0
2026-03-17 06:46:28,100.0,100.0
2026-03-17 06:46:43,100.0,100.0
2026-03-17 06:46:58,100.0,100.0
2026-03-17 06:47:13,100.0,100.0
2026-03-17 06:47:28,100.0,100.0
2026-03-17 06:47:43,100.0,100.0
2026-03-17 06:47:58,100.0,100.0
2026-03-17 06:48:13,100.0,100.0
2026-03-17 06:48:28,100.0,100.0
2026-03-17 06:48:43,100.0,100.0
2026-03-17 06:48:58,100.0,100.0
2026-03-17 06:49:13,100.0,100.0
2026-03-17 06:49:28,100.0,100.0
2026-03-17 06:49:43,100.0,100.0
2026-03-17 06:49:58,100.0,100.0
2026-03-17 06:50:13,100.0,100.0
2026-03-17 06:50:28,100.0,100.0
2026-03-17 06:50:43,100.0,100.0
2026-03-17 06:50:58,100.0,100.0
2026-03-17 06:51:13,100.0,100.0
2026-03-17 06:51:28,100.0,100.0
2026-03-17 06:51:43,100.0,100.0
2026-03-17 06:51:58,100.0,100.0
2026-03-17 06:52:13,100.0,100.0
2026-03-17 06:52:28,100.0,100.0
2026-03-17 06:52:43,100.0,100.0
2026-03-17 06:52:58,100.0,100.0
2026-03-17 06:53:13,100.0,100.0
2026-03-17 06:53:28,100.0,100.0
2026-03-17 06:53:43,100.0,100.0
2026-03-17 06:53:58,100.0,100.0
2026-03-17 06:54:13,100.0,100.0
2026-03-17 06:54:28,100.0,100.0
2026-03-17 06:54:43,100.0,100.0
2026-03-17 06:54:58,100.0,100.0
2026-03-17 06:55:13,100.0,100.0
2026-03-17 06:55:28,100.0,100.0
2026-03-17 06:55:43,100.0,100.0
2026-03-17 06:55:58,100.0,100.0
2026-03-17 06:56:13,100.0,100.0
2026-03-17 06:56:28,100.0,100.0
2026-03-17 06:56:43,100.0,100.0
2026-03-17 06:56:58,100.0,100.0
2026-03-17 06:57:13,100.0,100.0
2026-03-17 06:57:28,100.0,100.0
2026-03-17 06:57:43,100.0,100.0
2026-03-17 06:57:58,100.0,100.0
2026-03-17 06:58:13,100.0,100.0
2026-03-17 06:58:28,100.0,100.0
2026-03-17 06:58:43,100.0,100.0
2026-03-17 06:58:58,100.0,100.0
2026-03-17 06:59:13,100.0,100.0
2026-03-17 06:59:28,100.0,100.0
2026-03-17 06:59:43,100.0,100.0
2026-03-17 06:59:58,100.0,100.0
2026-03-17 07:00:13,100.0,100.0
2026-03-17 07:00:28,100.0,100.0
2026-03-17 07:00:43,100.0,100.0
2026-03-17 07:00:58,100.0,100.0
2026-03-17 07:01:13,100.0,100.0
2026-03-17 07:01:28,100.0,100.0
2026-03-17 07:01:43,100.0,100.0
2026-03-17 07:01:58,100.0,100.0
2026-03-17 07:02:13,100.0,100.0
2026-03-17 07:02:28,100.0,100.0
2026-03-17 07:02:43,100.0,100.0
2026-03-17 07:02:58,100.0,100.0
2026-03-17 07:03:13,100.0,100.0
2026-03-17 07:03:28,100.0,100.0
2026-03-17 07:03:43,100.0,100.0
2026-03-17 07:03:58,100.0,100.0
2026-03-17 07:04:13,100.0,100.0
2026-03-17 07:04:28,100.0,100.0
2026-03-17 07:04:43,100.0,100.0
2026-03-17 07:04:58,100.0,100.0
2026-03-17 07:05:13,100.0,100.0
2026-03-17 07:05:28,100.0,100.0
2026-03-17 07:05:43,100.0,100.0
2026-03-17 07:05:58,100.0,100.0
2026-03-17 07:06:13,100.0,100.0
2026-03-17 07:06:28,100.0,100.0
2026-03-17 07:06:43,100.0,100.0
2026-03-17 07:06:58,100.0,100.0
2026-03-17 07:07:13,100.0,100.0
2026-03-17 07:07:28,100.0,100.0
2026-03-17 07:07:43,100.0,100.0
2026-03-17 07:07:58,100.0,100.0
2026-03-17 07:08:13,100.0,100.0
2026-03-17 07:08:28,100.0,100.0
2026-03-17 07:08:43,100.0,100.0
2026-03-17 07:08:58,100.0,100.0
2026-03-17 07:09:13,100.0,100.0
2026-03-17 07:09:28,100.0,100.0
2026-03-17 07:09:43,100.0,100.0
2026-03-17 07:09:58,100.0,100.0
2026-03-17 07:10:13,100.0,100.0
2026-03-17 07:10:28,100.0,100.0
2026-03-17 07:10:43,100.0,100.0
2026-03-17 07:10:58,100.0,100.0
2026-03-17 07:11:13,100.0,100.0
2026-03-17 07:11:28,100.0,100.0
2026-03-17 07:11:43,100.0,100.0
2026-03-17 07:11:58,100.0,100.0
2026-03-17 07:12:13,100.0,100.0
2026-03-17 07:12:28,100.0,100.0
2026-03-17 07:12:43,100.0,100.0
2026-03-17 07:12:58,100.0,100.0
2026-03-17 07:13:13,100.0,100.0
2026-03-17 07:13:28,100.0,100.0
2026-03-17 07:13:43,100.0,100.0
2026-03-17 07:13:58,100.0,100.0
2026-03-17 07:14:13,100.0,100.0
2026-03-17 07:14:28,100.0,100.0
2026-03-17 07:14:43,100.0,100.0
2026-03-17 07:14:58,100.0,100.0
2026-03-17 07:15:13,100.0,100.0
2026-03-17 07:15:28,100.0,100.0
2026-03-17 07:15:43,100.0,100.0
2026-03-17 07:15:58,100.0,100.0
2026-03-17 07:16:13,100.0,100.0
2026-03-17 07:16:28,100.0,100.0
2026-03-17 07:16:43,100.0,100.0
2026-03-17 07:16:58,100.0,100.0
2026-03-17 07:17:13,100.0,100.0
2026-03-17 07:17:28,100.0,100.0
2026-03-17 07:17:43,100.0,100.0
2026-03-17 07:17:58,100.0,100.0
2026-03-17 07:18:13,100.0,100.0
2026-03-17 07:18:28,100.0,100.0
2026-03-17 07:18:43,100.0,100.0
2026-03-17 07:18:58,100.0,100.0
2026-03-17 07:19:13,100.0,100.0
2026-03-17 07:19:28,100.0,100.0
2026-03-17 07:19:43,100.0,100.0
2026-03-17 07:19:58,100.0,100.0
2026-03-17 07:20:13,100.0,100.0
2026-03-17 07:20:28,100.0,100.0
2026-03-17 07:20:43,100.0,100.0
2026-03-17 07:20:58,100.0,100.0
2026-03-17 07:21:13,100.0,100.0
2026-03-17 07:21:28,100.0,100.0
2026-03-17 07:21:43,100.0,100.0
2026-03-17 07:21:58,100.0,100.0
2026-03-17 07:22:13,100.0,100.0
2026-03-17 07:22:28,100.0,100.0
2026-03-17 07:22:43,100.0,100.0
2026-03-17 07:22:58,100.0,100.0
2026-03-17 07:23:13,100.0,100.0
2026-03-17 07:23:28,100.0,100.0
2026-03-17 07:23:43,100.0,100.0
2026-03-17 07:23:58,100.0,100.0
2026-03-17 07:24:13,100.0,100.0
2026-03-17 07:24:28,100.0,100.0
2026-03-17 07:24:43,100.0,100.0
2026-03-17 07:24:58,100.0,100.0
2026-03-17 07:25:13,100.0,100.0
2026-03-17 07:25:28,100.0,100.0
2026-03-17 07:25:43,100.0,100.0
2026-03-17 07:25:58,100.0,100.0
2026-03-17 07:26:13,100.0,100.0
2026-03-17 07:26:28,100.0,100.0
2026-03-17 07:26:43,100.0,100.0
2026-03-17 07:26:58,100.0,100.0
2026-03-17 07:27:13,100.0,100.0
2026-03-17 07:27:28,100.0,100.0
2026-03-17 07:27:43,100.0,100.0
2026-03-17 07:27:58,100.0,100.0
2026-03-17 07:28:13,100.0,100.0
2026-03-17 07:28:28,100.0,100.0
2026-03-17 07:28:43,100.0,100.0
2026-03-17 07:28:58,100.0,100.0
2026-03-17 07:29:13,100.0,100.0
2026-03-17 07:29:28,100.0,100.0
2026-03-17 07:29:43,100.0,100.0
2026-03-17 07:29:58,100.0,100.0
2026-03-17 07:30:13,100.0,100.0
2026-03-17 07:30:28,100.0,100.0
2026-03-17 07:30:43,100.0,100.0
2026-03-17 07:30:58,100.0,100.0
2026-03-17 07:31:13,100.0,100.0
2026-03-17 07:31:28,100.0,100.0
2026-03-17 07:31:43,100.0,100.0
2026-03-17 07:31:58,100.0,100.0
2026-03-17 07:32:13,100.0,100.0
2026-03-17 07:32:28,100.0,100.0
2026-03-17 07:32:43,100.0,100.0
2026-03-17 07:32:58,100.0,100.0
2026-03-17 07:33:13,100.0,100.0
2026-03-17 07:33:28,100.0,100.0
2026-03-17 07:33:43,100.0,100.0
2026-03-17 07:33:58,100.0,100.0
2026-03-17 07:34:13,100.0,100.0
2026-03-17 07:34:28,100.0,100.0
2026-03-17 07:34:43,100.0,100.0
2026-03-17 07:34:58,100.0,100.0
2026-03-17 07:35:13,100.0,100.0
2026-03-17 07:35:28,100.0,100.0
2026-03-17 07:35:43,100.0,100.0
2026-03-17 07:35:58,100.0,100.0
2026-03-17 07:36:13,100.0,100.0
2026-03-17 07:36:28,100.0,100.0
2026-03-17 07:36:43,100.0,100.0
2026-03-17 07:36:58,100.0,100.0
2026-03-17 07:37:13,100.0,100.0
2026-03-17 07:37:28,100.0,100.0
2026-03-17 07:37:43,100.0,100.0
2026-03-17 07:37:58,100.0,100.0
2026-03-17 07:38:13,100.0,100.0
2026-03-17 07:38:28,100.0,100.0
2026-03-17 07:38:43,100.0,100.0
2026-03-17 07:38:58,100.0,100.0
2026-03-17 07:39:13,100.0,100.0
2026-03-17 07:39:28,100.0,100.0
2026-03-17 07:39:43,100.0,100.0
2026-03-17 07:39:58,100.0,100.0
2026-03-17 07:40:13,100.0,100.0
2026-03-17 07:40:28,100.0,100.0
2026-03-17 07:40:43,100.0,100.0
2026-03-17 07:40:58,100.0,100.0
2026-03-17 07:41:13,100.0,100.0
2026-03-17 07:41:28,100.0,100.0
2026-03-17 07:41:43,100.0,100.0
2026-03-17 07:41:58,100.0,100.0
2026-03-17 07:42:13,100.0,100.0
2026-03-17 07:42:28,100.0,100.0
2026-03-17 07:42:43,100.0,100.0
2026-03-17 07:42:58,100.0,100.0
2026-03-17 07:43:13,100.0,100.0
2026-03-17 07:43:28,100.0,100.0
2026-03-17 07:43:43,100.0,100.0
2026-03-17 07:43:58,100.0,100.0
2026-03-17 07:44:13,100.0,100.0
2026-03-17 07:44:28,100.0,100.0
2026-03-17 07:44:43,100.0,100.0
2026-03-17 07:44:58,100.0,100.0
2026-03-17 07:45:13,100.0,100.0
2026-03-17 07:45:28,100.0,100.0
2026-03-17 07:45:43,100.0,100.0
2026-03-17 07:45:58,100.0,100.0
2026-03-17 07:46:13,100.0,100.0
2026-03-17 07:46:28,100.0,100.0
2026-03-17 07:46:43,100.0,100.0
2026-03-17 07:46:58,100.0,100.0
2026-03-17 07:47:13,100.0,100.0
2026-03-17 07:47:28,100.0,100.0
2026-03-17 07:47:43,100.0,100.0
2026-03-17 07:47:58,100.0,100.0
2026-03-17 07:48:13,100.0,100.0
2026-03-17 07:48:28,100.0,100.0
2026-03-17 07:48:43,100.0,100.0
2026-03-17 07:48:58,100.0,100.0
2026-03-17 07:49:13,100.0,100.0
2026-03-17 07:49:28,100.0,100.0
2026-03-17 07:49:43,100.0,100.0
2026-03-17 07:49:58,100.0,100.0
2026-03-17 07:50:13,100.0,100.0
2026-03-17 07:50:28,100.0,100.0
2026-03-17 07:50:43,100.0,100.0
2026-03-17 07:50:58,100.0,100.0
2026-03-17 07:51:13,100.0,100.0
2026-03-17 07:51:28,100.0,100.0
2026-03-17 07:51:43,100.0,100.0
2026-03-17 07:51:58,100.0,100.0
2026-03-17 07:52:13,100.0,100.0
2026-03-17 07:52:28,100.0,100.0
2026-03-17 07:52:43,100.0,100.0
2026-03-17 07:52:58,100.0,100.0
2026-03-17 07:53:13,100.0,100.0
2026-03-17 07:53:28,100.0,100.0
2026-03-17 07:53:43,100.0,100.0
2026-03-17 07:53:58,100.0,100.0
2026-03-17 07:54:13,100.0,100.0
2026-03-17 07:54:28,100.0,100.0
2026-03-17 07:54:43,100.0,100.0
2026-03-17 07:54:58,100.0,100.0
2026-03-17 07:55:13,100.0,100.0
2026-03-17 07:55:28,100.0,100.0
2026-03-17 07:55:43,100.0,100.0
2026-03-17 07:55:58,100.0,100.0
2026-03-17 07:56:13,100.0,100.0
2026-03-17 07:56:28,100.0,100.0
2026-03-17 07:56:43,100.0,100.0
2026-03-17 07:56:58,100.0,100.0
2026-03-17 07:57:13,100.0,100.0
2026-03-17 07:57:28,100.0,100.0
2026-03-17 07:57:43,100.0,100.0
2026-03-17 07:57:58,100.0,100.0
2026-03-17 07:58:13,100.0,100.0
2026-03-17 07:58:28,100.0,100.0
2026-03-17 07:58:43,100.0,100.0
2026-03-17 07:58:58,100.0,100.0
2026-03-17 07:59:13,100.0,100.0
2026-03-17 07:59:28,100.0,100.0
2026-03-17 07:59:43,100.0,100.0
2026-03-17 07:59:58,100.0,100.0
2026-03-17 08:00:13,100.0,100.0
2026-03-17 08:00:28,100.0,100.0
2026-03-17 08:00:43,100.0,100.0
2026-03-17 08:00:58,100.0,100.0
2026-03-17 08:01:13,100.0,100.0
2026-03-17 08:01:28,100.0,100.0
2026-03-17 08:01:43,100.0,100.0
2026-03-17 08:01:58,100.0,100.0
2026-03-17 08:02:13,100.0,100.0
2026-03-17 08:02:28,100.0,100.0
2026-03-17 08:02:43,100.0,100.0
2026-03-17 08:02:58,100.0,100.0
2026-03-17 08:03:13,100.0,100.0
2026-03-17 08:03:28,100.0,100.0
2026-03-17 08:03:43,100.0,100.0
2026-03-17 08:03:58,100.0,100.0
2026-03-17 08:04:13,100.0,100.0
2026-03-17 08:04:28,100.0,100.0
2026-03-17 08:04:43,100.0,100.0
2026-03-17 08:04:58,100.0,100.0
2026-03-17 08:05:13,100.0,100.0
2026-03-17 08:05:28,100.0,100.0
2026-03-17 08:05:43,100.0,100.0
2026-03-17 08:05:58,100.0,100.0
2026-03-17 08:06:13,100.0,100.0
2026-03-17 08:06:28,100.0,100.0
2026-03-17 08:06:43,100.0,100.0
2026-03-17 08:06:58,100.0,100.0
2026-03-17 08:07:13,100.0,100.0
2026-03-17 08:07:28,100.0,100.0
2026-03-17 08:07:43,100.0,100.0
2026-03-17 08:07:58,100.0,100.0
2026-03-17 08:08:13,100.0,100.0
2026-03-17 08:08:28,100.0,100.0
2026-03-17 08:08:43,100.0,100.0
2026-03-17 08:08:58,100.0,100.0
2026-03-17 08:09:13,100.0,100.0
2026-03-17 08:09:28,100.0,100.0
2026-03-17 08:09:43,100.0,100.0
2026-03-17 08:09:58,100.0,100.0
2026-03-17 08:10:13,100.0,100.0
2026-03-17 08:10:28,100.0,100.0
2026-03-17 08:10:43,100.0,100.0
2026-03-17 08:10:58,100.0,100.0
2026-03-17 08:11:13,100.0,100.0
2026-03-17 08:11:28,100.0,100.0
2026-03-17 08:11:43,100.0,100.0
2026-03-17 08:11:58,100.0,100.0
2026-03-17 08:12:13,100.0,100.0
2026-03-17 08:12:28,100.0,100.0
2026-03-17 08:12:43,100.0,100.0
2026-03-17 08:12:58,100.0,100.0
2026-03-17 08:13:13,100.0,100.0
2026-03-17 08:13:28,100.0,100.0
2026-03-17 08:13:43,100.0,100.0
2026-03-17 08:13:58,100.0,100.0
2026-03-17 08:14:13,100.0,100.0
2026-03-17 08:14:28,100.0,100.0
2026-03-17 08:14:43,100.0,100.0
2026-03-17 08:14:58,100.0,100.0
2026-03-17 08:15:13,100.0,100.0
2026-03-17 08:15:28,100.0,100.0
2026-03-17 08:15:43,100.0,100.0
2026-03-17 08:15:58,100.0,100.0
2026-03-17 08:16:13,100.0,100.0
2026-03-17 08:16:28,100.0,100.0
2026-03-17 08:16:43,100.0,100.0
2026-03-17 08:16:58,100.0,100.0
2026-03-17 08:17:13,100.0,100.0
2026-03-17 08:17:28,100.0,100.0
2026-03-17 08:17:43,100.0,100.0
2026-03-17 08:17:58,100.0,100.0
2026-03-17 08:18:13,100.0,100.0
2026-03-17 08:18:28,100.0,100.0
2026-03-17 08:18:43,100.0,100.0
2026-03-17 08:18:58,100.0,100.0
2026-03-17 08:19:13,100.0,100.0
2026-03-17 08:19:28,100.0,100.0
2026-03-17 08:19:43,100.0,100.0
2026-03-17 08:19:58,100.0,100.0
2026-03-17 08:20:13,100.0,100.0
2026-03-17 08:20:28,100.0,100.0
2026-03-17 08:20:43,100.0,100.0
2026-03-17 08:20:58,100.0,100.0
2026-03-17 08:21:13,100.0,100.0
2026-03-17 08:21:28,100.0,100.0
2026-03-17 08:21:43,100.0,100.0
2026-03-17 08:21:58,100.0,100.0
2026-03-17 08:22:13,100.0,100.0
2026-03-17 08:22:28,100.0,100.0
2026-03-17 08:22:43,100.0,100.0
2026-03-17 08:22:58,100.0,100.0
2026-03-17 08:23:13,100.0,100.0
2026-03-17 08:23:28,100.0,100.0
2026-03-17 08:23:43,100.0,100.0
2026-03-17 08:23:58,100.0,100.0
2026-03-17 08:24:13,100.0,100.0
2026-03-17 08:24:28,100.0,100.0
2026-03-17 08:24:43,100.0,100.0
2026-03-17 08:24:58,100.0,100.0
2026-03-17 08:25:13,100.0,100.0
2026-03-17 08:25:28,100.0,100.0
2026-03-17 08:25:43,100.0,100.0
2026-03-17 08:25:58,100.0,100.0
2026-03-17 08:26:13,100.0,100.0
2026-03-17 08:26:28,100.0,100.0
2026-03-17 08:26:43,100.0,100.0
2026-03-17 08:26:58,100.0,100.0
2026-03-17 08:27:13,100.0,100.0
2026-03-17 08:27:28,100.0,100.0
2026-03-17 08:27:43,100.0,100.0
2026-03-17 08:27:58,100.0,100.0
2026-03-17 08:28:13,100.0,100.0
2026-03-17 08:28:28,100.0,100.0
2026-03-17 08:28:43,100.0,100.0
2026-03-17 08:28:58,100.0,100.0
2026-03-17 08:29:13,100.0,100.0
2026-03-17 08:29:28,100.0,100.0
2026-03-17 08:29:43,100.0,100.0
2026-03-17 08:29:58,100.0,100.0
2026-03-17 08:30:13,100.0,100.0
2026-03-17 08:30:28,100.0,100.0
2026-03-17 08:30:43,100.0,100.0
2026-03-17 08:30:58,100.0,100.0
2026-03-17 08:31:13,100.0,100.0
2026-03-17 08:31:28,100.0,100.0
2026-03-17 08:31:43,100.0,100.0
2026-03-17 08:31:58,100.0,100.0
2026-03-17 08:32:13,100.0,100.0
2026-03-17 08:32:28,100.0,100.0
2026-03-17 08:32:43,100.0,100.0
2026-03-17 08:32:58,100.0,100.0
2026-03-17 08:33:13,100.0,100.0
2026-03-17 08:33:28,100.0,100.0
2026-03-17 08:33:43,100.0,100.0
2026-03-17 08:33:58,100.0,100.0
2026-03-17 08:34:13,100.0,100.0
2026-03-17 08:34:28,100.0,100.0
2026-03-17 08:34:43,100.0,100.0
2026-03-17 08:34:58,100.0,100.0
2026-03-17 08:35:13,100.0,100.0
2026-03-17 08:35:28,100.0,100.0
2026-03-17 08:35:43,100.0,100.0
2026-03-17 08:35:58,100.0,100.0
2026-03-17 08:36:13,100.0,100.0
2026-03-17 08:36:28,100.0,100.0
2026-03-17 08:36:43,100.0,100.0
2026-03-17 08:36:58,100.0,100.0
2026-03-17 08:37:13,100.0,100.0
2026-03-17 08:37:28,100.0,100.0
2026-03-17 08:37:43,100.0,100.0
2026-03-17 08:37:58,100.0,100.0
2026-03-17 08:38:13,100.0,100.0
2026-03-17 08:38:28,100.0,100.0
2026-03-17 08:38:43,100.0,100.0
2026-03-17 08:38:58,100.0,100.0
2026-03-17 08:39:13,100.0,100.0
2026-03-17 08:39:28,100.0,100.0
2026-03-17 08:39:43,100.0,100.0
2026-03-17 08:39:58,100.0,100.0
2026-03-17 08:40:13,100.0,100.0
2026-03-17 08:40:28,100.0,100.0
2026-03-17 08:40:43,100.0,100.0
2026-03-17 08:40:58,100.0,100.0
2026-03-17 08:41:13,100.0,100.0
2026-03-17 08:41:28,100.0,100.0
2026-03-17 08:41:43,100.0,100.0
2026-03-17 08:41:58,100.0,100.0
2026-03-17 08:42:13,100.0,100.0
2026-03-17 08:42:28,100.0,100.0
2026-03-17 08:42:43,100.0,100.0
2026-03-17 08:42:58,100.0,100.0
2026-03-17 08:43:13,100.0,100.0
2026-03-17 08:43:28,100.0,100.0
2026-03-17 08:43:43,100.0,100.0
2026-03-17 08:43:58,100.0,100.0
2026-03-17 08:44:13,100.0,100.0
2026-03-17 08:44:28,100.0,100.0
2026-03-17 08:44:43,100.0,100.0
2026-03-17 08:44:58,100.0,100.0
2026-03-17 08:45:13,100.0,100.0
2026-03-17 08:45:28,100.0,100.0
2026-03-17 08:45:43,100.0,100.0
2026-03-17 08:45:58,100.0,100.0
2026-03-17 08:46:13,100.0,100.0
2026-03-17 08:46:28,100.0,100.0
2026-03-17 08:46:43,100.0,100.0
2026-03-17 08:46:58,100.0,100.0
2026-03-17 08:47:13,100.0,100.0
2026-03-17 08:47:28,100.0,100.0
2026-03-17 08:47:43,100.0,100.0
2026-03-17 08:47:58,100.0,100.0
2026-03-17 08:48:13,100.0,100.0
2026-03-17 08:48:28,100.0,100.0
2026-03-17 08:48:43,100.0,100.0
2026-03-17 08:48:58,100.0,100.0
2026-03-17 08:49:13,100.0,100.0
2026-03-17 08:49:28,100.0,100.0
2026-03-17 08:49:43,100.0,100.0
2026-03-17 08:49:58,100.0,100.0
2026-03-17 08:50:13,100.0,100.0
2026-03-17 08:50:28,100.0,100.0
2026-03-17 08:50:43,100.0,100.0
2026-03-17 08:50:58,100.0,100.0
2026-03-17 08:51:13,100.0,100.0
2026-03-17 08:51:28,100.0,100.0
2026-03-17 08:51:43,100.0,100.0
2026-03-17 08:51:58,100.0,100.0
2026-03-17 08:52:13,100.0,100.0
2026-03-17 08:52:28,100.0,100.0
2026-03-17 08:52:43,100.0,100.0
2026-03-17 08:52:58,100.0,100.0
2026-03-17 08:53:13,100.0,100.0
2026-03-17 08:53:28,100.0,100.0
2026-03-17 08:53:43,100.0,100.0
2026-03-17 08:53:58,100.0,100.0
2026-03-17 08:54:13,100.0,100.0
2026-03-17 08:54:28,100.0,100.0
2026-03-17 08:54:43,100.0,100.0
2026-03-17 08:54:58,100.0,100.0
2026-03-17 08:55:13,100.0,100.0
2026-03-17 08:55:28,100.0,100.0
2026-03-17 08:55:43,100.0,100.0
2026-03-17 08:55:58,100.0,100.0
2026-03-17 08:56:13,100.0,100.0
2026-03-17 08:56:28,100.0,100.0
2026-03-17 08:56:43,100.0,100.0
2026-03-17 08:56:58,100.0,100.0
2026-03-17 08:57:13,100.0,100.0
2026-03-17 08:57:28,100.0,100.0
2026-03-17 08:57:43,100.0,100.0
2026-03-17 08:57:58,100.0,100.0
2026-03-17 08:58:13,100.0,100.0
2026-03-17 08:58:28,100.0,100.0
2026-03-17 08:58:43,100.0,100.0
2026-03-17 08:58:58,100.0,100.0
2026-03-17 08:59:13,100.0,100.0
2026-03-17 08:59:28,100.0,100.0
2026-03-17 08:59:43,100.0,100.0
2026-03-17 08:59:58,100.0,100.0
2026-03-17 09:00:13,100.0,100.0
2026-03-17 09:00:28,100.0,100.0
2026-03-17 09:00:43,100.0,100.0
2026-03-17 09:00:58,100.0,100.0
2026-03-17 09:01:13,100.0,100.0
2026-03-17 09:01:28,100.0,100.0
2026-03-17 09:01:43,100.0,100.0
2026-03-17 09:01:58,100.0,100.0
2026-03-17 09:02:13,100.0,100.0
2026-03-17 09:02:28,100.0,100.0
2026-03-17 09:02:43,100.0,100.0
2026-03-17 09:02:58,100.0,100.0
2026-03-17 09:03:13,100.0,100.0
2026-03-17 09:03:28,100.0,100.0
2026-03-17 09:03:43,100.0,100.0
2026-03-17 09:03:58,100.0,100.0
2026-03-17 09:04:13,100.0,100.0
2026-03-17 09:04:28,100.0,100.0
2026-03-17 09:04:43,100.0,100.0
2026-03-17 09:04:58,100.0,100.0
2026-03-17 09:05:13,100.0,100.0
2026-03-17 09:05:28,100.0,100.0
2026-03-17 09:05:43,100.0,100.0
2026-03-17 09:05:58,100.0,100.0
2026-03-17 09:06:13,100.0,100.0
2026-03-17 09:06:28,100.0,100.0
2026-03-17 09:06:43,100.0,100.0
2026-03-17 09:06:58,100.0,100.0
2026-03-17 09:07:13,100.0,100.0
2026-03-17 09:07:28,100.0,100.0
2026-03-17 09:07:43,100.0,100.0
2026-03-17 09:07:58,100.0,100.0
2026-03-17 09:08:13,100.0,100.0
2026-03-17 09:08:28,100.0,100.0
2026-03-17 09:08:43,100.0,100.0
2026-03-17 09:08:58,100.0,100.0
2026-03-17 09:09:13,100.0,100.0
2026-03-17 09:09:28,100.0,100.0
2026-03-17 09:09:43,100.0,100.0
2026-03-17 09:09:58,100.0,100.0
2026-03-17 09:10:13,100.0,100.0
2026-03-17 09:10:28,100.0,100.0
2026-03-17 09:10:43,100.0,100.0
2026-03-17 09:10:58,100.0,100.0
2026-03-17 09:11:13,100.0,100.0
2026-03-17 09:11:28,100.0,100.0
2026-03-17 09:11:43,100.0,100.0
2026-03-17 09:11:58,100.0,100.0
2026-03-17 09:12:13,100.0,100.0
2026-03-17 09:12:28,100.0,100.0
2026-03-17 09:12:43,100.0,100.0
2026-03-17 09:12:58,100.0,100.0
2026-03-17 09:13:13,100.0,100.0
2026-03-17 09:13:28,100.0,100.0
2026-03-17 09:13:43,100.0,100.0
2026-03-17 09:13:58,100.0,100.0
2026-03-17 09:14:13,100.0,100.0
2026-03-17 09:14:28,100.0,100.0
2026-03-17 09:14:43,100.0,100.0
2026-03-17 09:14:58,100.0,100.0
2026-03-17 09:15:13,100.0,100.0
2026-03-17 09:15:28,100.0,100.0
2026-03-17 09:15:43,100.0,100.0
2026-03-17 09:15:58,100.0,100.0
2026-03-17 09:16:13,100.0,100.0
2026-03-17 09:16:28,100.0,100.0
2026-03-17 09:16:43,100.0,100.0
2026-03-17 09:16:58,100.0,100.0
2026-03-17 09:17:13,100.0,100.0
2026-03-17 09:17:28,100.0,100.0
2026-03-17 09:17:43,100.0,100.0
2026-03-17 09:17:58,100.0,100.0
2026-03-17 09:18:13,100.0,100.0
2026-03-17 09:18:28,100.0,100.0
2026-03-17 09:18:43,100.0,100.0
2026-03-17 09:18:58,100.0,100.0
2026-03-17 09:19:13,100.0,100.0
2026-03-17 09:19:28,100.0,100.0
2026-03-17 09:19:43,100.0,100.0
2026-03-17 09:19:58,100.0,100.0
2026-03-17 09:20:13,100.0,100.0
2026-03-17 09:20:28,100.0,100.0
2026-03-17 09:20:43,100.0,100.0
2026-03-17 09:20:58,100.0,100.0
2026-03-17 09:21:13,100.0,100.0
2026-03-17 09:21:28,100.0,100.0
2026-03-17 09:21:43,100.0,100.0
2026-03-17 09:21:58,100.0,100.0
2026-03-17 09:22:13,100.0,100.0
2026-03-17 09:22:28,100.0,100.0
2026-03-17 09:22:43,100.0,100.0
2026-03-17 09:22:58,100.0,100.0
2026-03-17 09:23:13,100.0,100.0
2026-03-17 09:23:28,100.0,100.0
2026-03-17 09:23:43,100.0,100.0
2026-03-17 09:23:58,100.0,100.0
2026-03-17 09:24:13,100.0,100.0
2026-03-17 09:24:28,100.0,100.0
2026-03-17 09:24:43,100.0,100.0
2026-03-17 09:24:58,100.0,100.0
2026-03-17 09:25:13,100.0,100.0
2026-03-17 09:25:28,100.0,100.0
2026-03-17 09:25:43,100.0,100.0
2026-03-17 09:25:58,100.0,100.0
2026-03-17 09:26:13,100.0,100.0
2026-03-17 09:26:28,100.0,100.0
2026-03-17 09:26:43,100.0,100.0
2026-03-17 09:26:58,100.0,100.0
2026-03-17 09:27:13,100.0,100.0
2026-03-17 09:27:28,100.0,100.0
2026-03-17 09:27:43,100.0,100.0
2026-03-17 09:27:58,100.0,100.0
2026-03-17 09:28:13,100.0,100.0
2026-03-17 09:28:28,100.0,100.0
2026-03-17 09:28:43,100.0,100.0
2026-03-17 09:28:58,100.0,100.0
2026-03-17 09:29:13,100.0,100.0
2026-03-17 09:29:28,100.0,100.0
2026-03-17 09:29:43,100.0,100.0
2026-03-17 09:29:58,100.0,100.0
2026-03-17 09:30:13,100.0,100.0
2026-03-17 09:30:28,100.0,100.0
2026-03-17 09:30:43,100.0,100.0
2026-03-17 09:30:58,100.0,100.0
2026-03-17 09:31:13,100.0,100.0
2026-03-17 09:31:28,100.0,100.0
2026-03-17 09:31:43,100.0,100.0
2026-03-17 09:31:58,100.0,100.0
2026-03-17 09:32:13,100.0,100.0
2026-03-17 09:32:28,100.0,100.0
2026-03-17 09:32:43,100.0,100.0
2026-03-17 09:32:58,100.0,100.0
2026-03-17 09:33:13,100.0,100.0
2026-03-17 09:33:28,100.0,100.0
2026-03-17 09:33:43,100.0,100.0
2026-03-17 09:33:58,100.0,100.0
2026-03-17 09:34:13,100.0,100.0
2026-03-17 09:34:28,100.0,100.0
2026-03-17 09:34:43,100.0,100.0
2026-03-17 09:34:58,100.0,100.0
2026-03-17 09:35:13,100.0,100.0
2026-03-17 09:35:28,100.0,100.0
2026-03-17 09:35:43,100.0,100.0
2026-03-17 09:35:58,100.0,100.0
2026-03-17 09:36:13,100.0,100.0
2026-03-17 09:36:28,100.0,100.0
2026-03-17 09:36:43,100.0,100.0
2026-03-17 09:36:58,100.0,100.0
2026-03-17 09:37:13,100.0,100.0
2026-03-17 09:37:28,100.0,100.0
2026-03-17 09:37:43,100.0,100.0
2026-03-17 09:37:58,100.0,100.0
2026-03-17 09:38:13,100.0,100.0
2026-03-17 09:38:28,100.0,100.0
2026-03-17 09:38:43,100.0,100.0
2026-03-17 09:38:58,100.0,100.0
2026-03-17 09:39:13,100.0,100.0
2026-03-17 09:39:28,100.0,100.0
2026-03-17 09:39:43,100.0,100.0
2026-03-17 09:39:58,100.0,100.0
2026-03-17 09:40:13,100.0,100.0
2026-03-17 09:40:28,100.0,100.0
2026-03-17 09:40:43,100.0,100.0
2026-03-17 09:40:58,100.0,100.0
2026-03-17 09:41:13,100.0,100.0
2026-03-17 09:41:28,100.0,100.0
2026-03-17 09:41:43,100.0,100.0
2026-03-17 09:41:58,100.0,100.0
2026-03-17 09:42:13,100.0,100.0
2026-03-17 09:42:28,100.0,100.0
2026-03-17 09:42:43,100.0,100.0
2026-03-17 09:42:58,100.0,100.0
2026-03-17 09:43:13,100.0,100.0
2026-03-17 09:43:28,100.0,100.0
2026-03-17 09:43:43,100.0,100.0
2026-03-17 09:43:58,100.0,100.0
2026-03-17 09:44:13,100.0,100.0
2026-03-17 09:44:28,100.0,100.0
2026-03-17 09:44:43,100.0,100.0
2026-03-17 09:44:58,100.0,100.0
2026-03-17 09:45:13,100.0,100.0
2026-03-17 09:45:28,100.0,100.0
2026-03-17 09:45:43,100.0,100.0
2026-03-17 09:45:58,100.0,100.0
2026-03-17 09:46:13,100.0,100.0
2026-03-17 09:46:28,100.0,100.0
2026-03-17 09:46:43,100.0,100.0
2026-03-17 09:46:58,100.0,100.0
2026-03-17 09:47:13,100.0,100.0
2026-03-17 09:47:28,100.0,100.0
2026-03-17 09:47:43,100.0,100.0
2026-03-17 09:47:58,100.0,100.0
2026-03-17 09:48:13,100.0,100.0
2026-03-17 09:48:28,100.0,100.0
2026-03-17 09:48:43,100.0,100.0
2026-03-17 09:48:58,100.0,100.0
2026-03-17 09:49:13,100.0,100.0
2026-03-17 09:49:28,100.0,100.0
2026-03-17 09:49:43,100.0,100.0
2026-03-17 09:49:58,100.0,100.0
2026-03-17 09:50:13,100.0,100.0
2026-03-17 09:50:28,100.0,100.0
2026-03-17 09:50:43,100.0,100.0
2026-03-17 09:50:58,100.0,100.0
2026-03-17 09:51:13,100.0,100.0
2026-03-17 09:51:28,100.0,100.0
2026-03-17 09:51:43,100.0,100.0
2026-03-17 09:51:58,100.0,100.0
2026-03-17 09:52:13,100.0,100.0
2026-03-17 09:52:28,100.0,100.0
2026-03-17 09:52:43,100.0,100.0
2026-03-17 09:52:58,100.0,100.0
2026-03-17 09:53:13,100.0,100.0
2026-03-17 09:53:28,100.0,100.0
2026-03-17 09:53:43,100.0,100.0
2026-03-17 09:53:58,100.0,100.0
2026-03-17 09:54:13,100.0,100.0
2026-03-17 09:54:28,100.0,100.0
2026-03-17 09:54:43,100.0,100.0
2026-03-17 09:54:58,100.0,100.0
2026-03-17 09:55:13,100.0,100.0
2026-03-17 09:55:28,100.0,100.0
2026-03-17 09:55:43,100.0,100.0
2026-03-17 09:55:58,100.0,100.0
2026-03-17 09:56:13,100.0,100.0
2026-03-17 09:56:28,100.0,100.0
2026-03-17 09:56:43,100.0,100.0
2026-03-17 09:56:58,100.0,100.0
2026-03-17 09:57:13,100.0,100.0
2026-03-17 09:57:28,100.0,100.0
2026-03-17 09:57:43,100.0,100.0
2026-03-17 09:57:58,100.0,100.0
2026-03-17 09:58:13,100.0,100.0
2026-03-17 09:58:28,100.0,100.0
2026-03-17 09:58:43,100.0,100.0
2026-03-17 09:58:58,100.0,100.0
2026-03-17 09:59:13,100.0,100.0
2026-03-17 09:59:28,100.0,100.0
2026-03-17 09:59:43,100.0,100.0
2026-03-17 09:59:58,100.0,100.0
2026-03-17 10:00:13,100.0,100.0
2026-03-17 10:00:28,100.0,100.0
2026-03-17 10:00:43,100.0,100.0
2026-03-17 10:00:58,100.0,100.0
2026-03-17 10:01:13,100.0,100.0
2026-03-17 10:01:28,100.0,100.0
2026-03-17 10:01:43,100.0,100.0
2026-03-17 10:01:58,100.0,100.0
2026-03-17 10:02:13,100.0,100.0
2026-03-17 10:02:28,100.0,100.0
2026-03-17 10:02:43,100.0,100.0
2026-03-17 10:02:58,100.0,100.0
2026-03-17 10:03:13,100.0,100.0
2026-03-17 10:03:28,100.0,100.0
2026-03-17 10:03:43,100.0,100.0
2026-03-17 10:03:58,100.0,100.0
2026-03-17 10:04:13,100.0,100.0
2026-03-17 10:04:28,100.0,100.0
2026-03-17 10:04:43,100.0,100.0
2026-03-17 10:04:58,100.0,100.0
2026-03-17 10:05:13,100.0,100.0
2026-03-17 10:05:28,100.0,100.0
2026-03-17 10:05:43,100.0,100.0
2026-03-17 10:05:58,100.0,100.0
2026-03-17 10:06:13,100.0,100.0
2026-03-17 10:06:28,100.0,100.0
2026-03-17 10:06:43,100.0,100.0
2026-03-17 10:06:58,100.0,100.0
2026-03-17 10:07:13,100.0,100.0
2026-03-17 10:07:28,100.0,100.0
2026-03-17 10:07:43,100.0,100.0
2026-03-17 10:07:58,100.0,100.0
2026-03-17 10:08:13,100.0,100.0
2026-03-17 10:08:28,100.0,100.0
2026-03-17 10:08:43,100.0,100.0
2026-03-17 10:08:58,100.0,100.0
2026-03-17 10:09:13,100.0,100.0
2026-03-17 10:09:28,100.0,100.0
2026-03-17 10:09:43,100.0,100.0
2026-03-17 10:09:58,100.0,100.0
2026-03-17 10:10:13,100.0,100.0
2026-03-17 10:10:28,100.0,100.0
2026-03-17 10:10:43,100.0,100.0
2026-03-17 10:10:58,100.0,100.0
2026-03-17 10:11:13,100.0,100.0
2026-03-17 10:11:28,100.0,100.0
2026-03-17 10:11:43,100.0,100.0
2026-03-17 10:11:58,100.0,100.0
2026-03-17 10:12:13,100.0,100.0
2026-03-17 10:12:28,100.0,100.0
2026-03-17 10:12:43,100.0,100.0
2026-03-17 10:12:58,100.0,100.0
2026-03-17 10:13:13,100.0,100.0
2026-03-17 10:13:28,100.0,100.0
2026-03-17 10:13:43,100.0,100.0
2026-03-17 10:13:58,100.0,99.68847352024922
2026-03-17 10:14:13,100.0,99.37694704049844
2026-03-17 10:14:28,100.0,99.06542056074767
2026-03-17 10:14:43,100.0,98.73817034700315
2026-03-17 10:14:58,100.0,98.42271293375394
2026-03-17 10:15:13,100.0,98.10725552050474
2026-03-17 10:15:28,100.0,97.79179810725552
2026-03-17 10:15:43,100.0,97.47634069400631
2026-03-17 10:15:58,100.0,97.16088328075709
2026-03-17 10:16:13,100.0,96.80511182108627
2026-03-17 10:16:28,100.0,96.48562300319489
2026-03-17 10:16:43,100.0,96.1661341853035
2026-03-17 10:16:58,87.5,95.84664536741214
2026-03-17 10:17:13,87.5,95.52715654952077
2026-03-17 10:17:28,87.5,95.2076677316294
2026-03-17 10:17:43,87.5,94.88817891373802
2026-03-17 10:17:58,87.5,94.49838187702265
2026-03-17 10:18:13,87.5,94.1747572815534
2026-03-17 10:18:28,87.5,93.85113268608414
2026-03-17 10:18:43,87.5,93.52750809061489
2026-03-17 10:18:58,87.5,93.20388349514563
2026-03-17 10:19:13,87.5,92.88025889967638
2026-03-17 10:19:28,87.5,92.45901639344262
2026-03-17 10:19:43,87.5,92.1311475409836
2026-03-17 10:19:58,87.5,91.80327868852459
2026-03-17 10:20:13,87.5,91.47540983606557
2026-03-17 10:20:28,87.5,91.14754098360656
2026-03-17 10:20:43,87.5,90.81967213114754
2026-03-17 10:20:58,87.5,90.36544850498339
2026-03-17 10:21:13,87.5,90.03322259136213
2026-03-17 10:21:28,87.5,89.70099667774086
2026-03-17 10:21:43,87.5,89.3687707641196
2026-03-17 10:21:58,87.5,89.03654485049833
2026-03-17 10:22:13,87.5,88.70431893687709
2026-03-17 10:22:28,87.5,88.21548821548821
2026-03-17 10:22:43,87.5,87.87878787878788
2026-03-17 10:22:58,87.5,87.54208754208754
2026-03-17 10:23:13,87.5,87.20538720538721
2026-03-17 10:23:28,87.5,86.86868686868688
2026-03-17 10:23:43,87.5,86.53198653198653
2026-03-17 10:23:58,87.5,86.19528619528619
2026-03-17 10:24:13,87.5,85.6655290102389
2026-03-17 10:24:28,87.5,85.32423208191126
2026-03-17 10:24:43,87.5,84.98293515358361
2026-03-17 10:24:58,87.5,84.64163822525597
2026-03-17 10:25:13,87.5,84.30034129692832
2026-03-17 10:25:28,87.5,83.95904436860067
2026-03-17 10:25:43,87.5,83.39100346020761
2026-03-17 10:25:58,75.0,83.04498269896193
2026-03-17 10:26:13,75.0,82.69896193771626
2026-03-17 10:26:28,75.0,82.35294117647058
2026-03-17 10:26:43,75.0,82.00692041522491
2026-03-17 10:26:58,75.0,81.66089965397923
2026-03-17 10:27:13,75.0,81.05263157894737
2026-03-17 10:27:28,75.0,80.7017543859649
2026-03-17 10:27:43,75.0,80.35087719298247
2026-03-17 10:27:58,75.0,80.0
2026-03-17 10:28:13,75.0,79.64912280701755
2026-03-17 10:28:28,75.0,79.2982456140351
2026-03-17 10:28:43,75.0,78.64768683274022
2026-03-17 10:28:58,75.0,78.29181494661923
2026-03-17 10:29:13,75.0,77.93594306049823
2026-03-17 10:29:28,75.0,77.58007117437722
2026-03-17 10:29:43,75.0,77.22419928825623
2026-03-17 10:29:58,75.0,76.86832740213522
2026-03-17 10:30:13,75.0,76.17328519855594
2026-03-17 10:30:28,75.0,75.81227436823104
2026-03-17 10:30:43,75.0,75.45126353790613
2026-03-17 10:30:58,75.0,75.09025270758123
2026-03-17 10:31:13,75.0,74.72924187725631
2026-03-17 10:31:28,75.0,74.36823104693141
2026-03-17 10:31:43,75.0,74.0072202166065
2026-03-17 10:31:58,75.0,73.26007326007326
2026-03-17 10:32:13,75.0,72.89377289377289
2026-03-17 10:32:28,75.0,72.52747252747253
2026-03-17 10:32:43,75.0,72.16117216117216
2026-03-17 10:32:58,75.0,71.7948717948718
2026-03-17 10:33:13,75.0,71.42857142857143
2026-03-17 10:33:28,75.0,70.63197026022306
2026-03-17 10:33:43,75.0,70.26022304832715
2026-03-17 10:33:58,75.0,69.88847583643123
2026-03-17 10:34:13,75.0,69.51672862453532
2026-03-17 10:34:28,75.0,69.14498141263941
2026-03-17 10:34:43,75.0,68.77323420074349
2026-03-17 10:34:58,75.0,67.9245283018868
2026-03-17 10:35:13,75.0,67.54716981132076
2026-03-17 10:35:28,75.0,67.16981132075472
2026-03-17 10:35:43,75.0,66.79245283018868
2026-03-17 10:35:58,75.0,66.41509433962264
2026-03-17 10:36:13,62.5,66.0377358490566
2026-03-17 10:36:28,62.5,65.13409961685824
2026-03-17 10:36:43,62.5,64.75095785440614
2026-03-17 10:36:58,62.5,64.36781609195403
2026-03-17 10:37:13,62.5,63.984674329501914
2026-03-17 10:37:28,62.5,63.601532567049816
2026-03-17 10:37:43,62.5,63.2183908045977
2026-03-17 10:37:58,62.5,62.83524904214559
2026-03-17 10:38:13,62.5,61.86770428015564
2026-03-17 10:38:28,62.5,61.478599221789885
2026-03-17 10:38:43,62.5,61.08949416342413
2026-03-17 10:38:58,62.5,60.70038910505836
2026-03-17 10:39:13,62.5,60.311284046692606
2026-03-17 10:39:28,62.5,59.92217898832685
2026-03-17 10:39:43,62.5,58.89328063241107
2026-03-17 10:39:58,62.5,58.498023715415016
2026-03-17 10:40:13,62.5,58.10276679841897
2026-03-17 10:40:28,62.5,57.70750988142292
2026-03-17 10:40:43,62.5,57.70750988142292
2026-03-17 10:40:58,62.5,57.70750988142292
2026-03-17 10:41:13,62.5,57.028112449799195
2026-03-17 10:41:28,62.5,57.028112449799195
2026-03-17 10:41:43,62.5,57.028112449799195
2026-03-17 10:41:58,62.5,57.028112449799195
2026-03-17 10:42:13,62.5,57.028112449799195
2026-03-17 10:42:28,62.5,57.028112449799195
2026-03-17 10:42:43,62.5,56.326530612244895
2026-03-17 10:42:58,62.5,56.326530612244895
2026-03-17 10:43:13,62.5,56.326530612244895
2026-03-17 10:43:28,62.5,56.326530612244895
2026-03-17 10:43:43,62.5,56.326530612244895
2026-03-17 10:43:58,50.0,56.326530612244895
2026-03-17 10:44:13,50.0,55.601659751037346
2026-03-17 10:44:28,50.0,55.601659751037346
2026-03-17 10:44:43,50.0,55.601659751037346
2026-03-17 10:44:58,50.0,55.601659751037346
2026-03-17 10:45:13,50.0,55.601659751037346
2026-03-17 10:45:28,50.0,55.601659751037346
2026-03-17 10:45:43,50.0,55.601659751037346
2026-03-17 10:45:58,50.0,54.43037974683544
2026-03-17 10:46:13,50.0,54.008438818565395
2026-03-17 10:46:28,50.0,53.58649789029536
2026-03-17 10:46:43,50.0,53.16455696202531
2026-03-17 10:46:58,50.0,52.742616033755276
2026-03-17 10:47:13,50.0,52.320675105485236
2026-03-17 10:47:28,50.0,51.072961373390555
2026-03-17 10:47:43,50.0,50.64377682403433
2026-03-17 10:47:58,50.0,50.21459227467812
2026-03-17 10:48:13,50.0,49.78540772532189
2026-03-17 10:48:28,50.0,49.35622317596567
2026-03-17 10:48:43,50.0,48.927038626609445
2026-03-17 10:48:58,50.0,47.59825327510917
2026-03-17 10:49:13,50.0,47.59825327510917
2026-03-17 10:49:28,75.0,47.59825327510917
2026-03-17 10:49:43,75.0,47.59825327510917
2026-03-17 10:49:58,75.0,47.59825327510917
2026-03-17 10:50:13,75.0,47.59825327510917
2026-03-17 10:50:28,75.0,46.666666666666664
2026-03-17 10:50:43,75.0,46.666666666666664
2026-03-17 10:50:58,75.0,46.666666666666664
2026-03-17 10:51:13,75.0,46.666666666666664
2026-03-17 10:51:28,75.0,46.666666666666664
2026-03-17 10:51:43,75.0,46.666666666666664
2026-03-17 10:51:58,75.0,46.666666666666664
2026-03-17 10:52:13,75.0,45.70135746606335
2026-03-17 10:52:28,75.0,45.70135746606335
2026-03-17 10:52:43,75.0,45.70135746606335
2026-03-17 10:52:58,75.0,45.70135746606335
2026-03-17 10:53:13,75.0,45.70135746606335
2026-03-17 10:53:28,75.0,45.70135746606335
2026-03-17 10:53:43,75.0,44.70046082949309
2026-03-17 10:53:58,75.0,44.70046082949309
2026-03-17 10:54:13,75.0,44.70046082949309
2026-03-17 10:54:28,75.0,44.70046082949309
2026-03-17 10:54:43,75.0,44.70046082949309
2026-03-17 10:54:58,75.0,44.70046082949309
2026-03-17 10:55:13,75.0,43.66197183098591
2026-03-17 10:55:28,75.0,43.66197183098591
2026-03-17 10:55:43,75.0,43.66197183098591
2026-03-17 10:55:58,75.0,43.66197183098591
2026-03-17 10:56:13,75.0,43.66197183098591
2026-03-17 10:56:28,75.0,43.66197183098591
2026-03-17 10:56:43,75.0,42.58373205741627
2026-03-17 10:56:58,75.0,42.58373205741627
2026-03-17 10:57:13,75.0,42.58373205741627
2026-03-17 10:57:28,75.0,42.58373205741627
2026-03-17 10:57:43,75.0,42.58373205741627
2026-03-17 10:57:58,75.0,42.58373205741627
2026-03-17 10:58:13,75.0,41.46341463414634
2026-03-17 10:58:28,75.0,41.46341463414634
2026-03-17 10:58:43,75.0,41.46341463414634
2026-03-17 10:58:58,75.0,41.46341463414634
2026-03-17 10:59:13,75.0,41.46341463414634
2026-03-17 10:59:28,75.0,41.46341463414634
2026-03-17 10:59:43,62.5,41.46341463414634
2026-03-17 10:59:58,62.5,40.298507462686565
2026-03-17 11:00:13,62.5,40.298507462686565
2026-03-17 11:00:28,62.5,40.298507462686565
2026-03-17 11:00:43,62.5,40.298507462686565
2026-03-17 11:00:58,62.5,40.298507462686565
2026-03-17 11:01:13,75.0,40.298507462686565
2026-03-17 11:01:28,75.0,40.298507462686565
2026-03-17 11:01:43,62.5,40.298507462686565
2026-03-17 11:01:58,87.5,39.08629441624365
2026-03-17 11:02:13,87.5,39.08629441624365
2026-03-17 11:02:28,87.5,38.578680203045685
2026-03-17 11:02:43,87.5,38.07106598984771
2026-03-17 11:02:58,87.5,37.56345177664975
2026-03-17 11:03:13,87.5,37.56345177664975
2026-03-17 11:03:28,75.0,37.56345177664975
2026-03-17 11:03:43,75.0,37.56345177664975
2026-03-17 11:03:58,75.0,38.34196891191709
2026-03-17 11:04:13,75.0,38.34196891191709
2026-03-17 11:04:28,75.0,38.34196891191709
2026-03-17 11:04:43,75.0,38.34196891191709
2026-03-17 11:04:58,75.0,38.34196891191709
2026-03-17 11:05:13,75.0,38.34196891191709
2026-03-17 11:05:28,75.0,38.34196891191709
2026-03-17 11:05:43,75.0,38.34196891191709
2026-03-17 11:05:58,75.0,38.34196891191709
2026-03-17 11:06:13,75.0,39.15343915343915
2026-03-17 11:06:28,75.0,39.15343915343915
2026-03-17 11:06:43,75.0,39.15343915343915
2026-03-17 11:06:58,75.0,39.682539682539684
2026-03-17 11:07:13,75.0,40.21164021164021
2026-03-17 11:07:28,75.0,40.74074074074074
2026-03-17 11:07:43,75.0,41.269841269841265
2026-03-17 11:07:58,75.0,41.7989417989418
2026-03-17 11:08:13,75.0,42.7027027027027
2026-03-17 11:08:28,75.0,42.7027027027027
2026-03-17 11:08:43,75.0,42.7027027027027
2026-03-17 11:08:58,62.5,42.7027027027027
2026-03-17 11:09:13,62.5,42.7027027027027
2026-03-17 11:09:28,62.5,42.7027027027027
2026-03-17 11:09:43,62.5,42.7027027027027
2026-03-17 11:09:58,62.5,42.7027027027027
2026-03-17 11:10:13,62.5,42.7027027027027
2026-03-17 11:10:28,62.5,43.646408839779006
2026-03-17 11:10:43,62.5,43.646408839779006
2026-03-17 11:10:58,62.5,43.646408839779006
2026-03-17 11:11:13,62.5,43.646408839779006
2026-03-17 11:11:28,62.5,43.646408839779006
2026-03-17 11:11:43,62.5,43.646408839779006
2026-03-17 11:11:58,62.5,43.646408839779006
2026-03-17 11:12:13,62.5,43.646408839779006
2026-03-17 11:12:28,50.0,44.632768361581924
2026-03-17 11:12:43,50.0,44.632768361581924
2026-03-17 11:12:58,50.0,44.632768361581924
2026-03-17 11:13:13,50.0,44.632768361581924
2026-03-17 11:13:28,50.0,44.632768361581924
2026-03-17 11:13:43,50.0,44.632768361581924
2026-03-17 11:13:58,50.0,44.632768361581924
2026-03-17 11:14:13,50.0,44.632768361581924
2026-03-17 11:14:28,50.0,44.632768361581924
2026-03-17 11:14:43,50.0,45.664739884393065
2026-03-17 11:14:58,50.0,45.664739884393065
2026-03-17 11:15:13,50.0,45.664739884393065
2026-03-17 11:15:28,50.0,45.664739884393065
2026-03-17 11:15:43,50.0,45.664739884393065
2026-03-17 11:15:58,50.0,45.664739884393065
2026-03-17 11:16:13,50.0,45.664739884393065
2026-03-17 11:16:28,50.0,45.664739884393065
2026-03-17 11:16:43,50.0,46.74556213017752
2026-03-17 11:16:58,37.5,46.74556213017752
2026-03-17 11:17:13,37.5,46.74556213017752
2026-03-17 11:17:28,37.5,46.74556213017752
2026-03-17 11:17:43,37.5,46.74556213017752
2026-03-17 11:17:58,37.5,46.74556213017752
2026-03-17 11:18:13,37.5,46.74556213017752
2026-03-17 11:18:28,37.5,46.74556213017752
2026-03-17 11:18:43,37.5,46.74556213017752
2026-03-17 11:18:58,37.5,47.878787878787875
2026-03-17 11:19:13,37.5,47.878787878787875
2026-03-17 11:19:28,37.5,47.878787878787875
2026-03-17 11:19:43,37.5,47.878787878787875
2026-03-17 11:19:58,37.5,47.878787878787875
2026-03-17 11:20:13,37.5,47.878787878787875
2026-03-17 11:20:28,37.5,47.878787878787875
2026-03-17 11:20:43,37.5,47.878787878787875
2026-03-17 11:20:58,37.5,48.4472049689441
2026-03-17 11:21:13,37.5,47.82608695652174
2026-03-17 11:21:28,37.5,47.20496894409938
2026-03-17 11:21:43,37.5,46.58385093167702
2026-03-17 11:21:58,37.5,45.962732919254655
2026-03-17 11:22:13,25.0,45.3416149068323
2026-03-17 11:22:28,25.0,44.72049689440994
2026-03-17 11:22:43,25.0,44.099378881987576
2026-03-17 11:22:58,25.0,43.47826086956522
2026-03-17 11:23:13,25.0,41.40127388535032
2026-03-17 11:23:28,25.0,40.76433121019109
2026-03-17 11:23:43,25.0,40.12738853503185
2026-03-17 11:23:58,25.0,39.490445859872615
2026-03-17 11:24:13,25.0,38.853503184713375
2026-03-17 11:24:28,25.0,38.21656050955414
2026-03-17 11:24:43,25.0,37.57961783439491
2026-03-17 11:24:58,25.0,36.94267515923567
2026-03-17 11:25:13,25.0,37.908496732026144
2026-03-17 11:25:28,25.0,37.908496732026144
2026-03-17 11:25:43,25.0,37.908496732026144
2026-03-17 11:25:58,25.0,37.908496732026144
2026-03-17 11:26:13,25.0,38.56209150326798
2026-03-17 11:26:28,25.0,39.21568627450981
2026-03-17 11:26:43,25.0,39.869281045751634
2026-03-17 11:26:58,25.0,39.869281045751634
2026-03-17 11:27:13,25.0,39.869281045751634
2026-03-17 11:27:28,25.0,38.25503355704698
2026-03-17 11:27:43,25.0,38.25503355704698
2026-03-17 11:27:58,25.0,38.25503355704698
2026-03-17 11:28:13,25.0,37.58389261744966
2026-03-17 11:28:28,25.0,36.91275167785235
2026-03-17 11:28:43,25.0,36.241610738255034
2026-03-17 11:28:58,25.0,35.57046979865772
2026-03-17 11:29:13,25.0,34.899328859060404
2026-03-17 11:29:28,25.0,32.41379310344827
2026-03-17 11:29:43,25.0,31.724137931034484
2026-03-17 11:29:58,25.0,31.03448275862069
2026-03-17 11:30:13,25.0,30.344827586206897
2026-03-17 11:30:28,25.0,29.655172413793103
2026-03-17 11:30:43,25.0,28.965517241379313
2026-03-17 11:30:58,25.0,28.27586206896552
2026-03-17 11:31:13,25.0,27.586206896551722
2026-03-17 11:31:28,25.0,24.822695035460992
2026-03-17 11:31:43,25.0,24.113475177304963
2026-03-17 11:31:58,25.0,24.113475177304963
2026-03-17 11:32:13,25.0,24.113475177304963
2026-03-17 11:32:28,25.0,23.404255319148938
2026-03-17 11:32:43,25.0,22.69503546099291
2026-03-17 11:32:58,25.0,21.98581560283688
2026-03-17 11:33:13,25.0,21.27659574468085
2026-03-17 11:33:28,25.0,20.56737588652482
2026-03-17 11:33:43,25.0,18.248175182481752
2026-03-17 11:33:58,25.0,18.248175182481752
2026-03-17 11:34:13,37.5,18.248175182481752
2026-03-17 11:34:28,37.5,18.248175182481752
2026-03-17 11:34:43,37.5,17.51824817518248
2026-03-17 11:34:58,37.5,16.78832116788321
2026-03-17 11:35:13,37.5,16.05839416058394
2026-03-17 11:35:28,37.5,15.328467153284672
2026-03-17 11:35:43,37.5,12.781954887218044
2026-03-17 11:35:58,25.0,12.781954887218044
2026-03-17 11:36:13,25.0,12.781954887218044
2026-03-17 11:36:28,25.0,12.781954887218044
2026-03-17 11:36:43,25.0,12.781954887218044
2026-03-17 11:36:58,25.0,12.781954887218044
2026-03-17 11:37:13,25.0,12.781954887218044
2026-03-17 11:37:28,25.0,12.781954887218044
2026-03-17 11:37:43,25.0,13.533834586466165
2026-03-17 11:37:58,25.0,14.728682170542637
2026-03-17 11:38:13,37.5,15.503875968992247
2026-03-17 11:38:28,25.0,15.503875968992247
2026-03-17 11:38:43,25.0,15.503875968992247
2026-03-17 11:38:58,25.0,15.503875968992247
2026-03-17 11:39:13,25.0,14.728682170542637
2026-03-17 11:39:28,25.0,13.953488372093023
2026-03-17 11:39:43,25.0,13.178294573643413
2026-03-17 11:39:58,25.0,12.0
2026-03-17 11:40:13,25.0,12.0
2026-03-17 11:40:28,25.0,12.0
2026-03-17 11:40:43,25.0,12.0
2026-03-17 11:40:58,25.0,12.0
2026-03-17 11:41:13,25.0,12.0
2026-03-17 11:41:28,25.0,12.0
2026-03-17 11:41:43,25.0,12.0
2026-03-17 11:41:58,25.0,12.0
2026-03-17 11:42:13,25.0,12.396694214876034
2026-03-17 11:42:28,25.0,12.396694214876034
2026-03-17 11:42:43,25.0,12.396694214876034
2026-03-17 11:42:58,25.0,12.396694214876034
2026-03-17 11:43:13,25.0,12.396694214876034
2026-03-17 11:43:28,25.0,12.396694214876034
2026-03-17 11:43:43,25.0,12.396694214876034
2026-03-17 11:43:58,25.0,12.396694214876034
2026-03-17 11:44:13,25.0,12.82051282051282
2026-03-17 11:44:28,25.0,12.82051282051282
2026-03-17 11:44:43,25.0,12.82051282051282
2026-03-17 11:44:58,25.0,12.82051282051282
2026-03-17 11:45:13,25.0,12.82051282051282
2026-03-17 11:45:28,25.0,12.82051282051282
2026-03-17 11:45:43,25.0,12.82051282051282
2026-03-17 11:45:58,25.0,12.82051282051282
2026-03-17 11:46:13,25.0,12.82051282051282
2026-03-17 11:46:28,25.0,13.274336283185843
2026-03-17 11:46:43,25.0,13.274336283185843
2026-03-17 11:46:58,25.0,14.15929203539823
2026-03-17 11:47:13,25.0,15.04424778761062
2026-03-17 11:47:28,25.0,15.929203539823009
2026-03-17 11:47:43,25.0,16.8141592920354
2026-03-17 11:47:58,25.0,16.8141592920354
2026-03-17 11:48:13,25.0,17.699115044247787
2026-03-17 11:48:28,25.0,19.26605504587156
2026-03-17 11:48:43,25.0,20.18348623853211
2026-03-17 11:48:58,37.5,21.100917431192663
2026-03-17 11:49:13,37.5,22.018348623853214
2026-03-17 11:49:28,37.5,22.93577981651376
2026-03-17 11:49:43,37.5,23.853211009174313
2026-03-17 11:49:58,37.5,24.770642201834864
2026-03-17 11:50:13,37.5,25.688073394495415
2026-03-17 11:50:28,37.5,26.605504587155966
2026-03-17 11:50:43,37.5,28.57142857142857
2026-03-17 11:50:58,37.5,29.523809523809526
2026-03-17 11:51:13,37.5,30.476190476190478
2026-03-17 11:51:28,37.5,31.428571428571427
2026-03-17 11:51:43,37.5,32.38095238095238
2026-03-17 11:51:58,50.0,33.33333333333333
2026-03-17 11:52:13,50.0,34.285714285714285
2026-03-17 11:52:28,50.0,34.285714285714285
2026-03-17 11:52:43,50.0,33.663366336633665
2026-03-17 11:52:58,50.0,33.663366336633665
2026-03-17 11:53:13,50.0,33.663366336633665
2026-03-17 11:53:28,50.0,34.65346534653465
2026-03-17 11:53:43,50.0,35.64356435643564
2026-03-17 11:53:58,50.0,36.633663366336634
2026-03-17 11:54:13,50.0,37.62376237623762
2026-03-17 11:54:28,50.0,37.62376237623762
2026-03-17 11:54:43,50.0,37.62376237623762
2026-03-17 11:54:58,50.0,39.175257731958766
2026-03-17 11:55:13,50.0,39.175257731958766
2026-03-17 11:55:28,50.0,39.175257731958766
2026-03-17 11:55:43,50.0,39.175257731958766
2026-03-17 11:55:58,50.0,39.175257731958766
2026-03-17 11:56:13,50.0,38.144329896907216
2026-03-17 11:56:28,50.0,37.11340206185567
2026-03-17 11:56:43,50.0,37.11340206185567
2026-03-17 11:56:58,50.0,37.634408602150536
2026-03-17 11:57:13,50.0,36.55913978494624
2026-03-17 11:57:28,50.0,35.483870967741936
2026-03-17 11:57:43,50.0,34.40860215053764
2026-03-17 11:57:58,50.0,34.40860215053764
2026-03-17 11:58:13,50.0,34.40860215053764
2026-03-17 11:58:28,50.0,34.40860215053764
2026-03-17 11:58:43,50.0,34.40860215053764
2026-03-17 11:58:58,50.0,34.40860215053764
2026-03-17 11:59:13,50.0,35.95505617977528
2026-03-17 11:59:28,50.0,35.95505617977528
2026-03-17 11:59:43,37.5,35.95505617977528
2026-03-17 11:59:58,37.5,34.831460674157306
2026-03-17 12:00:13,37.5,33.70786516853933
2026-03-17 12:00:28,37.5,32.58426966292135
2026-03-17 12:00:43,37.5,32.58426966292135
2026-03-17 12:00:58,37.5,32.58426966292135
2026-03-17 12:01:13,37.5,32.58426966292135
2026-03-17 12:01:28,37.5,32.58426966292135
2026-03-17 12:01:43,37.5,32.58426966292135
2026-03-17 12:01:58,37.5,32.58426966292135
2026-03-17 12:02:13,37.5,32.58426966292135
2026-03-17 12:02:28,37.5,32.58426966292135
2026-03-17 12:02:43,37.5,33.70786516853933
2026-03-17 12:02:58,37.5,34.831460674157306
2026-03-17 12:03:13,37.5,35.95505617977528
2026-03-17 12:03:28,37.5,37.07865168539326
2026-03-17 12:03:43,37.5,38.20224719101123
2026-03-17 12:03:58,50.0,39.325842696629216
2026-03-17 12:04:13,50.0,40.44943820224719
2026-03-17 12:04:28,50.0,41.57303370786517
2026-03-17 12:04:43,50.0,42.69662921348314
2026-03-17 12:04:58,50.0,43.82022471910113
2026-03-17 12:05:13,50.0,44.9438202247191
2026-03-17 12:05:28,50.0,46.06741573033708
2026-03-17 12:05:43,50.0,47.19101123595505
2026-03-17 12:05:58,50.0,48.31460674157304
2026-03-17 12:06:13,50.0,49.43820224719101
2026-03-17 12:06:28,50.0,50.56179775280899
2026-03-17 12:06:43,50.0,51.68539325842697
2026-03-17 12:06:58,50.0,52.80898876404494
2026-03-17 12:07:13,62.5,53.93258426966292
2026-03-17 12:07:28,62.5,55.0561797752809
2026-03-17 12:07:43,62.5,56.17977528089888
2026-03-17 12:07:58,62.5,57.30337078651685
2026-03-17 12:08:13,62.5,58.42696629213483
2026-03-17 12:08:28,62.5,59.55056179775281
2026-03-17 12:08:43,62.5,60.67415730337079
2026-03-17 12:08:58,62.5,61.79775280898876
2026-03-17 12:09:13,62.5,61.79775280898876
2026-03-17 12:09:28,62.5,61.79775280898876
2026-03-17 12:09:43,62.5,61.79775280898876
2026-03-17 12:09:58,62.5,61.79775280898876
2026-03-17 12:10:13,62.5,62.92134831460674
2026-03-17 12:10:28,62.5,62.92134831460674
2026-03-17 12:10:43,75.0,62.92134831460674
2026-03-17 12:10:58,75.0,62.92134831460674
2026-03-17 12:11:13,75.0,62.92134831460674
2026-03-17 12:11:28,75.0,62.92134831460674
2026-03-17 12:11:43,75.0,62.92134831460674
2026-03-17 12:11:58,75.0,62.92134831460674
2026-03-17 12:12:13,75.0,62.92134831460674
2026-03-17 12:12:28,75.0,62.92134831460674
2026-03-17 12:12:43,75.0,62.92134831460674
2026-03-17 12:12:58,75.0,62.92134831460674
2026-03-17 12:13:13,75.0,62.92134831460674
2026-03-17 12:13:28,75.0,62.92134831460674
2026-03-17 12:13:43,75.0,62.92134831460674
2026-03-17 12:13:58,75.0,62.92134831460674
2026-03-17 12:14:13,75.0,62.92134831460674
2026-03-17 12:14:28,75.0,62.92134831460674
2026-03-17 12:14:43,75.0,62.92134831460674
2026-03-17 12:14:58,75.0,62.92134831460674
2026-03-17 12:15:13,75.0,62.92134831460674
2026-03-17 12:15:28,75.0,62.92134831460674
2026-03-17 12:15:43,75.0,62.92134831460674
2026-03-17 12:15:58,75.0,62.92134831460674
2026-03-17 12:16:13,75.0,62.92134831460674
2026-03-17 12:16:28,75.0,62.92134831460674
2026-03-17 12:16:43,75.0,64.04494382022472
2026-03-17 12:16:58,75.0,65.1685393258427
2026-03-17 12:17:13,75.0,66.29213483146067
2026-03-17 12:17:28,75.0,67.41573033707866
2026-03-17 12:17:43,75.0,68.53932584269663
2026-03-17 12:17:58,75.0,69.66292134831461
2026-03-17 12:18:13,75.0,70.78651685393258
2026-03-17 12:18:28,75.0,71.91011235955057
2026-03-17 12:18:43,75.0,73.03370786516854
2026-03-17 12:18:58,75.0,74.15730337078652
2026-03-17 12:19:13,75.0,75.28089887640449
2026-03-17 12:19:28,75.0,76.40449438202246
2026-03-17 12:19:43,75.0,77.52808988764045
2026-03-17 12:19:58,75.0,78.65168539325843
2026-03-17 12:20:13,87.5,79.7752808988764
2026-03-17 12:20:28,87.5,80.89887640449437
2026-03-17 12:20:43,87.5,82.02247191011236
2026-03-17 12:20:58,87.5,83.14606741573034
2026-03-17 12:21:13,87.5,84.26966292134831
2026-03-17 12:21:28,87.5,81.72043010752688
2026-03-17 12:21:43,87.5,82.79569892473118
2026-03-17 12:21:58,87.5,83.87096774193549
2026-03-17 12:22:13,87.5,84.94623655913979
2026-03-17 12:22:28,87.5,86.02150537634408
2026-03-17 12:22:43,87.5,87.09677419354838
2026-03-17 12:22:58,87.5,88.17204301075269
2026-03-17 12:23:13,87.5,89.24731182795699
2026-03-17 12:23:28,87.5,90.32258064516128
2026-03-17 12:23:43,87.5,91.39784946236558
2026-03-17 12:23:58,87.5,92.47311827956989
2026-03-17 12:24:13,87.5,93.54838709677419
2026-03-17 12:24:28,87.5,94.6236559139785
2026-03-17 12:24:43,87.5,95.6989247311828
2026-03-17 12:24:58,87.5,96.7741935483871
2026-03-17 12:25:13,87.5,97.84946236559139
2026-03-17 12:25:28,87.5,98.9247311827957
2026-03-17 12:25:43,87.5,100.0
2026-03-17 12:25:58,87.5,100.0
2026-03-17 12:26:13,87.5,100.0
2026-03-17 12:26:28,87.5,100.0
2026-03-17 12:26:43,87.5,100.0
2026-03-17 12:26:58,87.5,100.0
2026-03-17 12:27:13,87.5,100.0
2026-03-17 12:27:28,87.5,100.0
2026-03-17 12:27:43,87.5,100.0
2026-03-17 12:27:58,87.5,100.0
2026-03-17 12:28:13,87.5,100.0
2026-03-17 12:28:28,87.5,100.0
2026-03-17 12:28:43,87.5,100.0
2026-03-17 12:28:58,87.5,100.0
2026-03-17 12:29:13,87.5,100.0
2026-03-17 12:29:28,87.5,100.0
2026-03-17 12:29:43,87.5,100.0
2026-03-17 12:29:58,87.5,100.0
2026-03-17 12:30:13,87.5,100.0
2026-03-17 12:30:28,87.5,100.0
2026-03-17 12:30:43,87.5,100.0
2026-03-17 12:30:58,87.5,100.0
2026-03-17 12:31:13,87.5,100.0
2026-03-17 12:31:28,87.5,100.0
2026-03-17 12:31:43,87.5,100.0
2026-03-17 12:31:58,87.5,100.0
2026-03-17 12:32:13,87.5,100.0
2026-03-17 12:32:28,87.5,100.0
2026-03-17 12:32:43,100.0,100.0
2026-03-17 12:32:58,100.0,100.0
2026-03-17 12:33:13,100.0,100.0
2026-03-17 12:33:28,100.0,100.0
2026-03-17 12:33:43,100.0,100.0
2026-03-17 12:33:58,100.0,100.0
2026-03-17 12:34:13,100.0,100.0
2026-03-17 12:34:28,100.0,100.0
2026-03-17 12:34:43,100.0,100.0
2026-03-17 12:34:58,100.0,100.0
2026-03-17 12:35:13,100.0,100.0
2026-03-17 12:35:28,100.0,100.0
2026-03-17 12:35:43,100.0,100.0
2026-03-17 12:35:58,100.0,100.0
2026-03-17 12:36:13,100.0,100.0
2026-03-17 12:36:28,100.0,100.0
2026-03-17 12:36:43,100.0,100.0
2026-03-17 12:36:58,100.0,100.0
2026-03-17 12:37:13,100.0,100.0
2026-03-17 12:37:28,100.0,100.0
2026-03-17 12:37:43,100.0,100.0
2026-03-17 12:37:58,100.0,100.0
2026-03-17 12:38:13,100.0,100.0
2026-03-17 12:38:28,100.0,100.0
2026-03-17 12:38:43,100.0,100.0
2026-03-17 12:38:58,100.0,100.0
2026-03-17 12:39:13,100.0,100.0
2026-03-17 12:39:28,100.0,100.0
2026-03-17 12:39:43,100.0,100.0
2026-03-17 12:39:58,100.0,100.0
2026-03-17 12:40:13,100.0,100.0
2026-03-17 12:40:28,100.0,100.0
2026-03-17 12:40:43,100.0,100.0
2026-03-17 12:40:58,100.0,100.0
2026-03-17 12:41:13,100.0,100.0
2026-03-17 12:41:28,100.0,100.0
2026-03-17 12:41:43,100.0,100.0
2026-03-17 12:41:58,100.0,100.0
2026-03-17 12:42:13,100.0,100.0
2026-03-17 12:42:28,100.0,100.0
2026-03-17 12:42:43,100.0,100.0
2026-03-17 12:42:58,100.0,100.0
2026-03-17 12:43:13,100.0,100.0
2026-03-17 12:43:28,100.0,100.0
2026-03-17 12:43:43,100.0,100.0
2026-03-17 12:43:58,100.0,100.0
2026-03-17 12:44:13,100.0,100.0
2026-03-17 12:44:28,100.0,100.0
2026-03-17 12:44:43,100.0,100.0
2026-03-17 12:44:58,100.0,100.0
2026-03-17 12:45:13,100.0,100.0
2026-03-17 12:45:28,100.0,100.0
2026-03-17 12:45:43,100.0,100.0
2026-03-17 12:45:58,100.0,100.0
2026-03-17 12:46:13,100.0,100.0
2026-03-17 12:46:28,100.0,100.0
2026-03-17 12:46:43,100.0,100.0
2026-03-17 12:46:58,100.0,100.0
2026-03-17 12:47:13,100.0,100.0
2026-03-17 12:47:28,100.0,100.0
2026-03-17 12:47:43,100.0,100.0
2026-03-17 12:47:58,100.0,100.0
2026-03-17 12:48:13,100.0,100.0
2026-03-17 12:48:28,100.0,100.0
2026-03-17 12:48:43,100.0,100.0
2026-03-17 12:48:58,100.0,100.0
2026-03-17 12:49:13,100.0,100.0
2026-03-17 12:49:28,100.0,100.0
2026-03-17 12:49:43,100.0,100.0
2026-03-17 12:49:58,100.0,100.0
2026-03-17 12:50:13,100.0,100.0
2026-03-17 12:50:28,100.0,100.0
2026-03-17 12:50:43,100.0,100.0
2026-03-17 12:50:58,100.0,100.0
2026-03-17 12:51:13,100.0,100.0
2026-03-17 12:51:28,100.0,100.0
2026-03-17 12:51:43,100.0,100.0
2026-03-17 12:51:58,100.0,100.0
2026-03-17 12:52:13,100.0,100.0
2026-03-17 12:52:28,100.0,100.0
2026-03-17 12:52:43,100.0,100.0
2026-03-17 12:52:58,100.0,100.0
2026-03-17 12:53:13,100.0,100.0
2026-03-17 12:53:28,100.0,100.0
2026-03-17 12:53:43,100.0,100.0
2026-03-17 12:53:58,100.0,100.0
2026-03-17 12:54:13,100.0,100.0
2026-03-17 12:54:28,100.0,100.0
2026-03-17 12:54:43,100.0,100.0
2026-03-17 12:54:58,100.0,100.0
2026-03-17 12:55:13,100.0,100.0
2026-03-17 12:55:28,100.0,100.0
2026-03-17 12:55:43,100.0,100.0
2026-03-17 12:55:58,100.0,100.0
2026-03-17 12:56:13,100.0,100.0
2026-03-17 12:56:28,100.0,100.0
2026-03-17 12:56:43,100.0,100.0
2026-03-17 12:56:58,100.0,100.0
2026-03-17 12:57:13,100.0,100.0
2026-03-17 12:57:28,100.0,100.0
2026-03-17 12:57:43,100.0,100.0
2026-03-17 12:57:58,100.0,100.0
2026-03-17 12:58:13,100.0,100.0
2026-03-17 12:58:28,100.0,98.9247311827957
2026-03-17 12:58:43,100.0,97.84946236559139
2026-03-17 12:58:58,100.0,96.7741935483871
2026-03-17 12:59:13,100.0,95.6989247311828
2026-03-17 12:59:28,87.5,94.6236559139785
2026-03-17 12:59:43,87.5,93.54838709677419
2026-03-17 12:59:58,87.5,92.47311827956989
2026-03-17 13:00:13,87.5,91.39784946236558
2026-03-17 13:00:28,87.5,91.39784946236558
2026-03-17 13:00:43,87.5,91.39784946236558
2026-03-17 13:00:58,87.5,91.39784946236558
2026-03-17 13:01:13,87.5,91.39784946236558
2026-03-17 13:01:28,87.5,90.32258064516128
2026-03-17 13:01:43,87.5,89.24731182795699
2026-03-17 13:01:58,87.5,88.17204301075269
2026-03-17 13:02:13,87.5,87.09677419354838
2026-03-17 13:02:28,87.5,86.02150537634408
2026-03-17 13:02:43,87.5,84.94623655913979
2026-03-17 13:02:58,87.5,83.87096774193549
2026-03-17 13:03:13,87.5,83.50515463917526
2026-03-17 13:03:28,87.5,82.4742268041237
2026-03-17 13:03:43,75.0,81.44329896907216
2026-03-17 13:03:58,87.5,81.44329896907216
2026-03-17 13:04:13,87.5,81.44329896907216
2026-03-17 13:04:28,87.5,81.44329896907216
2026-03-17 13:04:43,87.5,81.44329896907216
2026-03-17 13:04:58,87.5,81.44329896907216
2026-03-17 13:05:13,75.0,80.41237113402062
2026-03-17 13:05:28,75.0,79.38144329896907
2026-03-17 13:05:43,75.0,78.35051546391753
2026-03-17 13:05:58,75.0,77.31958762886599
2026-03-17 13:06:13,75.0,76.28865979381443
2026-03-17 13:06:28,75.0,75.25773195876289
2026-03-17 13:06:43,75.0,74.22680412371135
2026-03-17 13:06:58,75.0,73.19587628865979
2026-03-17 13:07:13,75.0,72.16494845360825
2026-03-17 13:07:28,75.0,71.1340206185567
2026-03-17 13:07:43,75.0,70.10309278350515
2026-03-17 13:07:58,75.0,69.0721649484536
2026-03-17 13:08:13,75.0,68.04123711340206
2026-03-17 13:08:28,75.0,67.0103092783505
2026-03-17 13:08:43,75.0,65.97938144329896
2026-03-17 13:08:58,75.0,64.94845360824742
2026-03-17 13:09:13,62.5,63.91752577319587
2026-03-17 13:09:28,62.5,62.88659793814433
2026-03-17 13:09:43,62.5,61.855670103092784
2026-03-17 13:09:58,62.5,60.824742268041234
2026-03-17 13:10:13,62.5,59.79381443298969
2026-03-17 13:10:28,62.5,58.76288659793815
2026-03-17 13:10:43,62.5,57.73195876288659
2026-03-17 13:10:58,62.5,56.70103092783505
2026-03-17 13:11:13,62.5,55.670103092783506
2026-03-17 13:11:28,62.5,54.63917525773196
2026-03-17 13:11:43,62.5,53.608247422680414
2026-03-17 13:11:58,62.5,52.57731958762887
2026-03-17 13:12:13,62.5,51.546391752577314
2026-03-17 13:12:28,50.0,50.51546391752577
2026-03-17 13:12:43,50.0,49.48453608247423
2026-03-17 13:12:58,50.0,48.45360824742268
2026-03-17 13:13:13,50.0,47.42268041237113
2026-03-17 13:13:28,50.0,46.391752577319586
2026-03-17 13:13:43,50.0,45.36082474226804
2026-03-17 13:13:58,50.0,44.329896907216494
2026-03-17 13:14:13,50.0,43.29896907216495
2026-03-17 13:14:28,50.0,42.2680412371134
2026-03-17 13:14:43,50.0,41.23711340206185
2026-03-17 13:14:58,50.0,41.23711340206185
2026-03-17 13:15:13,50.0,41.23711340206185
2026-03-17 13:15:28,50.0,41.23711340206185
2026-03-17 13:15:43,50.0,41.23711340206185
2026-03-17 13:15:58,50.0,41.23711340206185
2026-03-17 13:16:13,50.0,41.23711340206185
2026-03-17 13:16:28,50.0,41.23711340206185
2026-03-17 13:16:43,50.0,41.23711340206185
2026-03-17 13:16:58,50.0,41.23711340206185
2026-03-17 13:17:13,50.0,41.23711340206185
2026-03-17 13:17:28,50.0,41.23711340206185
2026-03-17 13:17:43,50.0,41.23711340206185
2026-03-17 13:17:58,50.0,41.23711340206185
2026-03-17 13:18:13,62.5,41.23711340206185
2026-03-17 13:18:28,62.5,41.23711340206185
2026-03-17 13:18:43,62.5,41.23711340206185
2026-03-17 13:18:58,62.5,41.23711340206185
2026-03-17 13:19:13,62.5,41.23711340206185
2026-03-17 13:19:28,62.5,41.23711340206185
2026-03-17 13:19:43,62.5,41.23711340206185
2026-03-17 13:19:58,62.5,41.23711340206185
2026-03-17 13:20:13,62.5,41.23711340206185
2026-03-17 13:20:28,62.5,41.23711340206185
2026-03-17 13:20:43,62.5,41.23711340206185
2026-03-17 13:20:58,62.5,41.23711340206185
2026-03-17 13:21:13,62.5,41.23711340206185
2026-03-17 13:21:28,62.5,41.23711340206185
2026-03-17 13:21:43,62.5,41.23711340206185
2026-03-17 13:21:58,62.5,41.23711340206185
2026-03-17 13:22:13,62.5,41.23711340206185
2026-03-17 13:22:28,62.5,41.23711340206185
2026-03-17 13:22:43,62.5,42.2680412371134
2026-03-17 13:22:58,62.5,43.29896907216495
2026-03-17 13:23:13,62.5,44.329896907216494
2026-03-17 13:23:28,62.5,45.36082474226804
2026-03-17 13:23:43,75.0,46.391752577319586
2026-03-17 13:23:58,62.5,45.54455445544555
2026-03-17 13:24:13,62.5,46.53465346534654
2026-03-17 13:24:28,62.5,47.524752475247524
2026-03-17 13:24:43,62.5,48.51485148514851
2026-03-17 13:24:58,62.5,49.504950495049506
2026-03-17 13:25:13,62.5,50.495049504950494
2026-03-17 13:25:28,62.5,51.48514851485149
2026-03-17 13:25:43,62.5,51.48514851485149
2026-03-17 13:25:58,62.5,51.48514851485149
2026-03-17 13:26:13,62.5,51.48514851485149
2026-03-17 13:26:28,62.5,51.48514851485149
2026-03-17 13:26:43,62.5,52.475247524752476
2026-03-17 13:26:58,62.5,53.46534653465347
2026-03-17 13:27:13,75.0,54.45544554455446
2026-03-17 13:27:28,75.0,55.44554455445545
2026-03-17 13:27:43,75.0,56.43564356435643
2026-03-17 13:27:58,75.0,57.42574257425742
2026-03-17 13:28:13,75.0,57.42574257425742
2026-03-17 13:28:28,75.0,57.42574257425742
2026-03-17 13:28:43,75.0,57.42574257425742
2026-03-17 13:28:58,75.0,57.42574257425742
2026-03-17 13:29:13,62.5,56.43564356435643
2026-03-17 13:29:28,62.5,55.44554455445545
2026-03-17 13:29:43,62.5,54.45544554455446
2026-03-17 13:29:58,62.5,53.46534653465347
2026-03-17 13:30:13,62.5,52.475247524752476
2026-03-17 13:30:28,62.5,52.475247524752476
2026-03-17 13:30:43,62.5,52.475247524752476
2026-03-17 13:30:58,62.5,52.475247524752476
2026-03-17 13:31:13,62.5,52.475247524752476
2026-03-17 13:31:28,62.5,52.475247524752476
2026-03-17 13:31:43,62.5,52.475247524752476
2026-03-17 13:31:58,62.5,52.475247524752476
2026-03-17 13:32:13,62.5,52.475247524752476
2026-03-17 13:32:28,62.5,52.475247524752476
2026-03-17 13:32:43,62.5,52.475247524752476
2026-03-17 13:32:58,62.5,52.475247524752476
2026-03-17 13:33:13,62.5,52.475247524752476
2026-03-17 13:33:28,50.0,52.475247524752476
2026-03-17 13:33:43,50.0,52.475247524752476
2026-03-17 13:33:58,50.0,52.475247524752476
2026-03-17 13:34:13,50.0,52.475247524752476
2026-03-17 13:34:28,50.0,52.475247524752476
2026-03-17 13:34:43,50.0,52.475247524752476
2026-03-17 13:34:58,50.0,52.475247524752476
2026-03-17 13:35:13,50.0,52.475247524752476
2026-03-17 13:35:28,50.0,52.475247524752476
2026-03-17 13:35:43,50.0,52.475247524752476
2026-03-17 13:35:58,50.0,52.475247524752476
2026-03-17 13:36:13,50.0,52.475247524752476
2026-03-17 13:36:28,50.0,52.475247524752476
2026-03-17 13:36:43,50.0,52.475247524752476
2026-03-17 13:36:58,50.0,52.475247524752476
2026-03-17 13:37:13,50.0,52.475247524752476
2026-03-17 13:37:28,50.0,52.475247524752476
2026-03-17 13:37:43,50.0,52.475247524752476
2026-03-17 13:37:58,50.0,52.475247524752476
2026-03-17 13:38:13,50.0,52.475247524752476
2026-03-17 13:38:28,50.0,52.475247524752476
2026-03-17 13:38:43,37.5,52.475247524752476
2026-03-17 13:38:58,37.5,52.475247524752476
2026-03-17 13:39:13,37.5,52.475247524752476
2026-03-17 13:39:28,37.5,52.475247524752476
2026-03-17 13:39:43,37.5,52.475247524752476
2026-03-17 13:39:58,37.5,52.475247524752476
2026-03-17 13:40:12,37.5,51.48514851485149
2026-03-17 13:40:28,37.5,50.495049504950494
2026-03-17 13:40:43,37.5,49.504950495049506
2026-03-17 13:40:58,37.5,48.51485148514851
2026-03-17 13:41:13,37.5,47.524752475247524
2026-03-17 13:41:28,37.5,46.53465346534654
2026-03-17 13:41:43,37.5,45.54455445544555
2026-03-17 13:41:58,37.5,44.554455445544555
2026-03-17 13:42:13,37.5,43.56435643564357
2026-03-17 13:42:28,37.5,42.57425742574257
2026-03-17 13:42:43,37.5,41.584158415841586
2026-03-17 13:42:58,37.5,40.5940594059406
2026-03-17 13:43:13,37.5,39.603960396039604
2026-03-17 13:43:28,25.0,38.613861386138616
2026-03-17 13:43:43,25.0,37.62376237623762
2026-03-17 13:43:58,25.0,36.633663366336634
2026-03-17 13:44:13,25.0,35.64356435643564
2026-03-17 13:44:28,25.0,34.65346534653465
2026-03-17 13:44:43,25.0,36.19047619047619
2026-03-17 13:44:58,25.0,35.23809523809524
2026-03-17 13:45:13,25.0,34.285714285714285
2026-03-17 13:45:28,25.0,33.33333333333333
2026-03-17 13:45:42,25.0,32.38095238095238
2026-03-17 13:45:58,25.0,31.428571428571427
2026-03-17 13:46:12,25.0,30.476190476190478
2026-03-17 13:46:28,25.0,29.523809523809526
2026-03-17 13:46:43,25.0,28.57142857142857
2026-03-17 13:46:58,25.0,27.61904761904762
2026-03-17 13:47:13,25.0,26.666666666666668
2026-03-17 13:47:28,25.0,25.71428571428571
2026-03-17 13:47:43,25.0,24.761904761904763
2026-03-17 13:47:57,25.0,23.809523809523807
2026-03-17 13:48:13,25.0,22.857142857142858
2026-03-17 13:48:27,25.0,21.904761904761905
2026-03-17 13:48:43,25.0,20.952380952380953
2026-03-17 13:48:57,25.0,20.0
2026-03-17 13:49:12,25.0,19.047619047619047
2026-03-17 13:49:28,25.0,18.095238095238095
2026-03-17 13:49:43,25.0,17.142857142857142
2026-03-17 13:49:57,25.0,16.19047619047619
2026-03-17 13:50:13,25.0,15.238095238095239
2026-03-17 13:50:28,25.0,14.285714285714285
2026-03-17 13:50:43,25.0,13.333333333333334
2026-03-17 13:50:58,25.0,12.380952380952381
2026-03-17 13:51:12,25.0,11.428571428571429
2026-03-17 13:51:27,25.0,10.476190476190476
2026-03-17 13:51:42,25.0,9.523809523809524
2026-03-17 13:51:57,25.0,8.571428571428571
2026-03-17 13:52:12,25.0,7.6190476190476195
2026-03-17 13:52:27,25.0,6.666666666666667
2026-03-17 13:52:42,25.0,5.714285714285714
2026-03-17 13:52:57,25.0,4.761904761904762
2026-03-17 13:53:13,25.0,3.8095238095238098
2026-03-17 13:53:28,25.0,2.857142857142857
2026-03-17 13:53:43,12.5,1.9047619047619049
2026-03-17 13:53:58,12.5,0.9523809523809524
2026-03-17 13:54:13,12.5,0.0
2026-03-17 13:54:28,12.5,0.0
2026-03-17 13:54:43,12.5,0.0
2026-03-17 13:54:58,12.5,0.0
2026-03-17 13:55:12,12.5,0.0
2026-03-17 13:55:28,12.5,0.0
2026-03-17 13:55:43,12.5,0.0
2026-03-17 13:55:57,12.5,0.0
2026-03-17 13:56:12,12.5,0.0
2026-03-17 13:56:28,12.5,0.0
2026-03-17 13:56:42,12.5,0.0
2026-03-17 13:56:57,12.5,0.0
2026-03-17 13:57:12,12.5,0.0
2026-03-17 13:57:27,12.5,0.0
2026-03-17 13:57:42,12.5,0.0
2026-03-17 13:57:57,12.5,0.0
2026-03-17 13:58:12,12.5,0.0
2026-03-17 13:58:27,12.5,0.0
2026-03-17 13:58:43,12.5,0.0
2026-03-17 13:58:57,12.5,0.0
2026-03-17 13:59:12,12.5,0.0
2026-03-17 13:59:27,12.5,0.0
2026-03-17 13:59:42,12.5,0.0
2026-03-17 13:59:57,12.5,0.0
2026-03-17 14:00:12,12.5,0.0
2026-03-17 14:00:28,12.5,0.0
2026-03-17 14:00:42,12.5,0.0
2026-03-17 14:00:57,12.5,0.0
2026-03-17 14:01:12,12.5,0.0
2026-03-17 14:01:27,12.5,0.0
2026-03-17 14:01:42,12.5,0.0
2026-03-17 14:01:57,12.5,0.0
2026-03-17 14:02:12,12.5,0.0
2026-03-17 14:02:27,12.5,0.0
2026-03-17 14:02:42,12.5,0.0
2026-03-17 14:02:57,12.5,0.0
2026-03-17 14:03:12,12.5,0.0
2026-03-17 14:03:27,12.5,0.0
2026-03-17 14:03:42,12.5,0.0
2026-03-17 14:03:57,12.5,0.0
2026-03-17 14:04:12,12.5,0.0
2026-03-17 14:04:27,12.5,0.0
2026-03-17 14:04:42,12.5,0.0
2026-03-17 14:04:57,12.5,0.0
2026-03-17 14:05:12,12.5,0.0
2026-03-17 14:05:27,12.5,0.0
2026-03-17 14:05:42,12.5,0.0
2026-03-17 14:05:57,12.5,0.0
2026-03-17 14:06:12,12.5,0.0
2026-03-17 14:06:27,12.5,0.0
2026-03-17 14:06:42,12.5,0.0
2026-03-17 14:06:57,12.5,0.0
2026-03-17 14:07:12,12.5,0.0
2026-03-17 14:07:27,12.5,0.0
2026-03-17 14:07:42,12.5,0.0
2026-03-17 14:07:57,12.5,0.0
2026-03-17 14:08:12,12.5,0.0
2026-03-17 14:08:27,12.5,0.0
2026-03-17 14:08:42,12.5,0.0
2026-03-17 14:08:57,12.5,0.0
2026-03-17 14:09:12,12.5,0.0
2026-03-17 14:09:27,12.5,0.0
2026-03-17 14:09:42,12.5,0.0
2026-03-17 14:09:57,12.5,0.0
2026-03-17 14:10:12,12.5,0.0
2026-03-17 14:10:27,12.5,0.0
2026-03-17 14:10:42,12.5,0.0
2026-03-17 14:10:57,12.5,0.0
2026-03-17 14:11:12,12.5,0.0
2026-03-17 14:11:27,12.5,0.0
2026-03-17 14:11:42,12.5,0.0
2026-03-17 14:11:57,12.5,0.0
2026-03-17 14:12:12,12.5,0.0
2026-03-17 14:12:27,12.5,0.0
2026-03-17 14:12:42,12.5,0.0
2026-03-17 14:12:57,12.5,0.0
2026-03-17 14:13:12,12.5,0.0
2026-03-17 14:13:27,12.5,0.0
2026-03-17 14:13:42,12.5,0.0
2026-03-17 14:13:57,12.5,0.0
2026-03-17 14:14:12,12.5,0.0
2026-03-17 14:14:27,12.5,0.0
2026-03-17 14:14:42,12.5,0.0
2026-03-17 14:14:57,12.5,0.0
2026-03-17 14:15:12,12.5,0.0
2026-03-17 14:15:27,12.5,0.0
2026-03-17 14:15:42,12.5,0.0
2026-03-17 14:15:57,12.5,0.0
2026-03-17 14:16:12,12.5,0.0
2026-03-17 14:16:27,12.5,0.0
2026-03-17 14:16:42,12.5,0.0
2026-03-17 14:16:57,12.5,0.0
2026-03-17 14:17:12,12.5,0.0
2026-03-17 14:17:27,12.5,0.0
2026-03-17 14:17:42,12.5,0.0
2026-03-17 14:17:57,12.5,0.0
2026-03-17 14:18:12,12.5,0.0
2026-03-17 14:18:27,12.5,0.0
2026-03-17 14:18:42,12.5,0.0
2026-03-17 14:18:57,12.5,0.0
2026-03-17 14:19:12,12.5,0.0
2026-03-17 14:19:27,12.5,0.0
2026-03-17 14:19:42,12.5,0.0
2026-03-17 14:19:57,12.5,0.0
2026-03-17 14:20:12,12.5,0.0
2026-03-17 14:20:27,12.5,0.0
2026-03-17 14:20:42,12.5,0.0
2026-03-17 14:20:57,12.5,0.0
2026-03-17 14:21:12,12.5,0.0
2026-03-17 14:21:27,12.5,0.0
2026-03-17 14:21:42,12.5,0.0
2026-03-17 14:21:57,12.5,0.0
2026-03-17 14:22:12,12.5,0.0
2026-03-17 14:22:27,12.5,0.0
2026-03-17 14:22:42,12.5,0.0
2026-03-17 14:22:57,12.5,0.0
2026-03-17 14:23:12,12.5,0.0
2026-03-17 14:23:27,12.5,0.0
2026-03-17 14:23:42,12.5,0.0
2026-03-17 14:23:57,12.5,0.0
2026-03-17 14:24:12,12.5,0.0
2026-03-17 14:24:27,12.5,0.0
2026-03-17 14:24:42,12.5,0.0
2026-03-17 14:24:57,12.5,0.0
2026-03-17 14:25:12,12.5,0.0
2026-03-17 14:25:27,12.5,0.0
2026-03-17 14:25:42,12.5,0.0
2026-03-17 14:25:57,12.5,0.0
2026-03-17 14:26:12,12.5,0.0
2026-03-17 14:26:27,12.5,0.0
2026-03-17 14:26:42,12.5,0.0
2026-03-17 14:26:57,12.5,0.0
2026-03-17 14:27:12,12.5,0.0
2026-03-17 14:27:27,12.5,0.0
2026-03-17 14:27:42,12.5,0.0
2026-03-17 14:27:57,12.5,0.0
2026-03-17 14:28:12,12.5,0.0
2026-03-17 14:28:27,12.5,0.0
2026-03-17 14:28:42,12.5,0.0
2026-03-17 14:28:57,12.5,0.0
2026-03-17 14:29:12,12.5,0.0
2026-03-17 14:29:27,12.5,0.0
2026-03-17 14:29:42,12.5,0.0
2026-03-17 14:29:57,12.5,0.0
2026-03-17 14:30:12,12.5,0.0
2026-03-17 14:30:27,12.5,0.0
2026-03-17 14:30:42,12.5,0.0
2026-03-17 14:30:57,12.5,0.0
2026-03-17 14:31:12,12.5,0.0
2026-03-17 14:31:27,12.5,0.0
2026-03-17 14:31:42,12.5,0.0
2026-03-17 14:31:57,12.5,0.0
2026-03-17 14:32:12,12.5,0.0
2026-03-17 14:32:27,12.5,0.0
2026-03-17 14:32:42,12.5,0.0
2026-03-17 14:32:57,12.5,0.0
2026-03-17 14:33:12,12.5,0.0
2026-03-17 14:33:27,12.5,0.0
2026-03-17 14:33:42,12.5,0.0
2026-03-17 14:33:57,12.5,0.0
2026-03-17 14:34:12,12.5,0.0
2026-03-17 14:34:27,12.5,0.0
2026-03-17 14:34:42,12.5,0.0
2026-03-17 14:34:57,12.5,0.0
2026-03-17 14:35:12,12.5,0.0
2026-03-17 14:35:27,12.5,0.0
2026-03-17 14:35:42,12.5,0.0
2026-03-17 14:35:57,12.5,0.0
2026-03-17 14:36:12,12.5,0.0
2026-03-17 14:36:27,12.5,0.0
2026-03-17 14:36:42,12.5,0.0
2026-03-17 14:36:57,12.5,0.0
2026-03-17 14:37:12,0.0,0.0
2026-03-17 14:37:27,0.0,0.0
2026-03-17 14:37:42,0.0,0.0
2026-03-17 14:37:57,0.0,0.0
2026-03-17 14:38:12,0.0,0.0
2026-03-17 14:38:27,0.0,0.0
2026-03-17 14:38:42,0.0,0.0
2026-03-17 14:38:57,0.0,0.0
2026-03-17 14:39:12,0.0,0.0
2026-03-17 14:39:27,0.0,0.0
2026-03-17 14:39:42,0.0,0.0
2026-03-17 14:39:57,0.0,0.0
2026-03-17 14:40:12,0.0,0.0
2026-03-17 14:40:27,0.0,0.0
2026-03-17 14:40:42,0.0,0.0
2026-03-17 14:40:57,0.0,0.0
2026-03-17 14:41:12,0.0,0.0
2026-03-17 14:41:27,0.0,0.0
2026-03-17 14:41:42,0.0,0.0
2026-03-17 14:41:57,0.0,0.0
2026-03-17 14:42:12,0.0,0.0
2026-03-17 14:42:27,0.0,0.0
2026-03-17 14:42:42,0.0,0.0
2026-03-17 14:42:57,0.0,0.0
2026-03-17 14:43:12,0.0,0.0
2026-03-17 14:43:27,0.0,0.0
2026-03-17 14:43:42,0.0,0.0
2026-03-17 14:43:57,0.0,0.0
2026-03-17 14:44:12,0.0,0.0
2026-03-17 14:44:27,0.0,0.0
2026-03-17 14:44:42,0.0,0.0
2026-03-17 14:44:57,0.0,0.0
2026-03-17 14:45:12,0.0,0.0
2026-03-17 14:45:27,0.0,0.0
2026-03-17 14:45:42,0.0,0.0
2026-03-17 14:45:57,0.0,0.0
2026-03-17 14:46:12,0.0,0.0
2026-03-17 14:46:27,0.0,0.0
2026-03-17 14:46:42,0.0,0.0
2026-03-17 14:46:57,0.0,0.0
2026-03-17 14:47:12,0.0,0.0
2026-03-17 14:47:27,0.0,0.0
2026-03-17 14:47:42,0.0,0.0
2026-03-17 14:47:57,0.0,0.0
2026-03-17 14:48:12,0.0,0.0
2026-03-17 14:48:27,0.0,0.0
2026-03-17 14:48:42,0.0,0.0
2026-03-17 14:48:57,0.0,0.0
2026-03-17 14:49:12,0.0,0.0
2026-03-17 14:49:27,0.0,0.0
2026-03-17 14:49:42,0.0,0.0
2026-03-17 14:49:57,0.0,0.0
2026-03-17 14:50:12,0.0,0.0
2026-03-17 14:50:27,0.0,0.0
2026-03-17 14:50:42,0.0,0.0
2026-03-17 14:50:57,0.0,0.0
2026-03-17 14:51:12,0.0,0.0
2026-03-17 14:51:27,0.0,0.0
2026-03-17 14:51:42,0.0,0.0
2026-03-17 14:51:57,0.0,0.0
2026-03-17 14:52:12,0.0,0.0
2026-03-17 14:52:27,0.0,0.0
2026-03-17 14:52:42,0.0,0.0
2026-03-17 14:52:57,0.0,0.0
2026-03-17 14:53:12,0.0,0.0
2026-03-17 14:53:27,0.0,0.0
2026-03-17 14:53:42,0.0,0.0
2026-03-17 14:53:57,0.0,0.0
2026-03-17 14:54:12,0.0,0.0
2026-03-17 14:54:27,0.0,0.0
2026-03-17 14:54:42,0.0,0.0
2026-03-17 14:54:57,0.0,0.0
2026-03-17 14:55:12,0.0,0.0
2026-03-17 14:55:27,0.0,0.0
2026-03-17 14:55:42,0.0,0.0
2026-03-17 14:55:57,0.0,0.0
2026-03-17 14:56:12,0.0,0.0
2026-03-17 14:56:27,0.0,0.0
2026-03-17 14:56:42,0.0,0.0
2026-03-17 14:56:57,0.0,0.0
2026-03-17 14:57:12,0.0,0.0
2026-03-17 14:57:27,0.0,0.0
2026-03-17 14:57:42,0.0,0.0
2026-03-17 14:57:57,0.0,0.0
2026-03-17 14:58:12,0.0,0.0
2026-03-17 14:58:27,0.0,0.0
2026-03-17 14:58:42,0.0,0.0
2026-03-17 14:58:57,0.0,0.0
2026-03-17 14:59:12,0.0,0.0
2026-03-17 14:59:27,0.0,0.0
2026-03-17 14:59:42,0.0,0.0
2026-03-17 14:59:57,0.0,0.0
2026-03-17 15:00:12,0.0,0.0
2026-03-17 15:00:27,0.0,0.0
2026-03-17 15:00:42,0.0,0.0
2026-03-17 15:00:57,0.0,0.0
2026-03-17 15:01:12,0.0,0.0
2026-03-17 15:01:27,0.0,0.0
2026-03-17 15:01:42,0.0,0.0
2026-03-17 15:01:57,0.0,0.0
2026-03-17 15:02:12,0.0,0.0
2026-03-17 15:02:27,0.0,0.0
2026-03-17 15:02:42,0.0,0.0
2026-03-17 15:02:57,0.0,0.0
2026-03-17 15:03:12,0.0,0.0
2026-03-17 15:03:27,0.0,0.0
2026-03-17 15:03:42,0.0,0.0
2026-03-17 15:03:57,0.0,0.0
2026-03-17 15:04:12,0.0,0.0
2026-03-17 15:04:27,0.0,0.0
2026-03-17 15:04:42,0.0,0.0
2026-03-17 15:04:57,0.0,0.0
2026-03-17 15:05:12,0.0,0.0
2026-03-17 15:05:27,0.0,0.0
2026-03-17 15:05:42,0.0,0.0
2026-03-17 15:05:57,0.0,0.0
2026-03-17 15:06:12,0.0,0.0
2026-03-17 15:06:27,0.0,0.0
2026-03-17 15:06:42,0.0,0.0
2026-03-17 15:06:57,0.0,0.0
2026-03-17 15:07:12,0.0,0.0
2026-03-17 15:07:27,0.0,0.0
2026-03-17 15:07:42,0.0,0.0
2026-03-17 15:07:57,0.0,0.0
2026-03-17 15:08:12,0.0,0.0
2026-03-17 15:08:27,0.0,0.0
2026-03-17 15:08:42,0.0,0.0
2026-03-17 15:08:57,0.0,0.0
2026-03-17 15:09:12,0.0,0.0
2026-03-17 15:09:27,0.0,0.0
2026-03-17 15:09:42,0.0,0.0
2026-03-17 15:09:57,0.0,0.0
2026-03-17 15:10:12,0.0,0.0
2026-03-17 15:10:27,0.0,0.0
2026-03-17 15:10:42,0.0,0.0
2026-03-17 15:10:57,0.0,0.0
2026-03-17 15:11:12,0.0,0.0
2026-03-17 15:11:27,0.0,0.0
2026-03-17 15:11:42,0.0,0.0
2026-03-17 15:11:57,0.0,0.0
2026-03-17 15:12:12,0.0,0.0
2026-03-17 15:12:27,0.0,0.0
2026-03-17 15:12:42,0.0,0.0
2026-03-17 15:12:57,0.0,0.0
2026-03-17 15:13:12,0.0,0.0
2026-03-17 15:13:27,0.0,0.0
2026-03-17 15:13:42,0.0,0.0
2026-03-17 15:13:57,0.0,0.0
2026-03-17 15:14:12,0.0,0.0
2026-03-17 15:14:27,0.0,0.0
2026-03-17 15:14:42,0.0,0.0
2026-03-17 15:14:57,0.0,0.0
2026-03-17 15:15:12,0.0,0.0
2026-03-17 15:15:27,0.0,0.0
2026-03-17 15:15:42,0.0,0.0
2026-03-17 15:15:57,0.0,0.0
2026-03-17 15:16:12,0.0,0.0
2026-03-17 15:16:27,0.0,0.0
2026-03-17 15:16:42,0.0,0.0
2026-03-17 15:16:57,0.0,0.0
2026-03-17 15:17:12,0.0,0.0
2026-03-17 15:17:27,0.0,0.0
2026-03-17 15:17:42,0.0,0.0
2026-03-17 15:17:57,0.0,0.0
2026-03-17 15:18:12,0.0,0.0
2026-03-17 15:18:27,0.0,0.0
2026-03-17 15:18:42,0.0,0.0
2026-03-17 15:18:57,0.0,0.0
2026-03-17 15:19:12,0.0,0.0
2026-03-17 15:19:27,0.0,0.0
2026-03-17 15:19:42,0.0,2.0408163265306123
2026-03-17 15:19:57,0.0,3.7735849056603774
2026-03-17 15:20:12,0.0,3.7735849056603774
2026-03-17 15:20:27,0.0,3.7735849056603774
2026-03-17 15:20:42,0.0,3.7735849056603774
2026-03-17 15:20:57,0.0,5.660377358490567
2026-03-17 15:21:12,12.5,7.547169811320755
2026-03-17 15:21:27,12.5,7.547169811320755
2026-03-17 15:21:42,12.5,7.547169811320755
2026-03-17 15:21:57,12.5,7.547169811320755
2026-03-17 15:22:12,12.5,7.017543859649122
2026-03-17 15:22:27,12.5,7.017543859649122
2026-03-17 15:22:42,12.5,7.017543859649122
2026-03-17 15:22:57,12.5,7.017543859649122
2026-03-17 15:23:12,12.5,7.017543859649122
2026-03-17 15:23:27,12.5,7.017543859649122
2026-03-17 15:23:42,12.5,7.017543859649122
2026-03-17 15:23:57,12.5,7.017543859649122
2026-03-17 15:24:12,12.5,7.017543859649122
2026-03-17 15:24:27,12.5,8.771929824561402
2026-03-17 15:24:42,12.5,9.836065573770492
2026-03-17 15:24:57,12.5,11.475409836065573
2026-03-17 15:25:12,12.5,13.114754098360656
2026-03-17 15:25:27,12.5,14.754098360655737
2026-03-17 15:25:42,12.5,16.39344262295082
2026-03-17 15:25:57,12.5,18.0327868852459
2026-03-17 15:26:12,12.5,19.672131147540984
2026-03-17 15:26:27,12.5,21.311475409836063
2026-03-17 15:26:42,12.5,22.950819672131146
2026-03-17 15:26:57,12.5,24.59016393442623
2026-03-17 15:27:12,12.5,24.615384615384617
2026-03-17 15:27:27,12.5,26.153846153846157
2026-03-17 15:27:42,12.5,26.153846153846157
2026-03-17 15:27:57,12.5,27.692307692307693
2026-03-17 15:28:12,12.5,27.692307692307693
2026-03-17 15:28:27,12.5,27.692307692307693
2026-03-17 15:28:42,12.5,27.692307692307693
2026-03-17 15:28:57,12.5,27.692307692307693
2026-03-17 15:29:12,12.5,27.692307692307693
2026-03-17 15:29:27,12.5,27.692307692307693
2026-03-17 15:29:42,12.5,26.08695652173913
2026-03-17 15:29:57,12.5,26.08695652173913
2026-03-17 15:30:12,12.5,26.08695652173913
2026-03-17 15:30:27,12.5,26.08695652173913
2026-03-17 15:30:42,12.5,26.08695652173913
2026-03-17 15:30:57,12.5,26.08695652173913
2026-03-17 15:31:12,12.5,26.08695652173913
2026-03-17 15:31:27,12.5,26.08695652173913
2026-03-17 15:31:42,12.5,26.08695652173913
2026-03-17 15:31:57,12.5,26.08695652173913
2026-03-17 15:32:12,12.5,24.65753424657534
2026-03-17 15:32:27,12.5,24.65753424657534
2026-03-17 15:32:42,12.5,24.65753424657534
2026-03-17 15:32:57,12.5,24.65753424657534
2026-03-17 15:33:12,12.5,24.65753424657534
2026-03-17 15:33:27,12.5,24.65753424657534
2026-03-17 15:33:42,12.5,24.65753424657534
2026-03-17 15:33:57,12.5,24.65753424657534
2026-03-17 15:34:12,12.5,24.65753424657534
2026-03-17 15:34:27,12.5,24.65753424657534
2026-03-17 15:34:42,12.5,23.376623376623375
2026-03-17 15:34:57,12.5,23.376623376623375
2026-03-17 15:35:12,12.5,23.376623376623375
2026-03-17 15:35:27,12.5,23.376623376623375
2026-03-17 15:35:42,12.5,23.376623376623375
2026-03-17 15:35:57,12.5,23.376623376623375
2026-03-17 15:36:12,12.5,23.376623376623375
2026-03-17 15:36:27,12.5,23.376623376623375
2026-03-17 15:36:42,12.5,23.376623376623375
2026-03-17 15:36:57,12.5,22.22222222222222
2026-03-17 15:37:12,12.5,22.22222222222222
2026-03-17 15:37:27,12.5,22.22222222222222
2026-03-17 15:37:42,12.5,22.22222222222222
2026-03-17 15:37:57,12.5,22.22222222222222
2026-03-17 15:38:12,12.5,22.22222222222222
2026-03-17 15:38:27,12.5,22.22222222222222
2026-03-17 15:38:42,12.5,22.22222222222222
2026-03-17 15:38:57,12.5,22.22222222222222
2026-03-17 15:39:12,12.5,22.22222222222222
2026-03-17 15:39:27,12.5,21.176470588235293
2026-03-17 15:39:42,12.5,21.176470588235293
2026-03-17 15:39:57,12.5,21.176470588235293
2026-03-17 15:40:12,12.5,21.176470588235293
2026-03-17 15:40:27,12.5,22.35294117647059
2026-03-17 15:40:42,12.5,23.52941176470588
2026-03-17 15:40:57,12.5,23.52941176470588
2026-03-17 15:41:12,12.5,23.52941176470588
2026-03-17 15:41:27,12.5,24.705882352941178
2026-03-17 15:41:42,12.5,25.882352941176475
2026-03-17 15:41:57,12.5,26.96629213483146
2026-03-17 15:42:12,25.0,26.96629213483146
2026-03-17 15:42:27,25.0,28.08988764044944
2026-03-17 15:42:42,25.0,29.213483146067414
2026-03-17 15:42:57,25.0,30.337078651685395
2026-03-17 15:43:12,25.0,30.337078651685395
2026-03-17 15:43:27,25.0,30.337078651685395
2026-03-17 15:43:42,25.0,31.46067415730337
2026-03-17 15:43:57,25.0,32.58426966292135
2026-03-17 15:44:12,25.0,33.70786516853933
2026-03-17 15:44:27,25.0,33.33333333333333
2026-03-17 15:44:42,25.0,34.40860215053764
2026-03-17 15:44:57,25.0,35.483870967741936
2026-03-17 15:45:12,25.0,35.483870967741936
2026-03-17 15:45:27,25.0,35.483870967741936
2026-03-17 15:45:42,25.0,35.483870967741936
2026-03-17 15:45:57,25.0,35.483870967741936
2026-03-17 15:46:12,25.0,35.483870967741936
2026-03-17 15:46:27,25.0,35.483870967741936
2026-03-17 15:46:42,25.0,36.55913978494624
2026-03-17 15:46:57,25.0,36.08247422680412
2026-03-17 15:47:12,25.0,37.11340206185567
2026-03-17 15:47:27,25.0,38.144329896907216
2026-03-17 15:47:42,25.0,39.175257731958766
2026-03-17 15:47:57,25.0,40.20618556701031
2026-03-17 15:48:12,25.0,41.23711340206185
2026-03-17 15:48:27,37.5,42.2680412371134
2026-03-17 15:48:42,37.5,42.2680412371134
2026-03-17 15:48:57,37.5,42.2680412371134
2026-03-17 15:49:12,37.5,42.2680412371134
2026-03-17 15:49:27,37.5,44.554455445544555
2026-03-17 15:49:42,37.5,44.554455445544555
2026-03-17 15:49:57,37.5,44.554455445544555
2026-03-17 15:50:12,37.5,44.554455445544555
2026-03-17 15:50:27,37.5,44.554455445544555
2026-03-17 15:50:42,37.5,44.554455445544555
2026-03-17 15:50:57,37.5,44.554455445544555
2026-03-17 15:51:12,37.5,44.554455445544555
2026-03-17 15:51:27,50.0,44.554455445544555
2026-03-17 15:51:42,50.0,43.56435643564357
2026-03-17 15:51:57,50.0,44.761904761904766
2026-03-17 15:52:12,37.5,43.80952380952381
2026-03-17 15:52:27,37.5,42.857142857142854
2026-03-17 15:52:42,37.5,41.904761904761905
2026-03-17 15:52:57,37.5,40.95238095238095
2026-03-17 15:53:12,37.5,40.0
2026-03-17 15:53:27,37.5,39.04761904761905
2026-03-17 15:53:42,37.5,39.04761904761905
2026-03-17 15:53:57,50.0,40.0
2026-03-17 15:54:12,50.0,41.284403669724774
2026-03-17 15:54:27,50.0,41.284403669724774
2026-03-17 15:54:42,50.0,41.284403669724774
2026-03-17 15:54:57,50.0,42.201834862385326
2026-03-17 15:55:12,50.0,42.201834862385326
2026-03-17 15:55:27,50.0,43.11926605504588
2026-03-17 15:55:42,50.0,44.03669724770643
2026-03-17 15:55:57,50.0,44.03669724770643
2026-03-17 15:56:12,50.0,44.03669724770643
2026-03-17 15:56:27,50.0,44.03669724770643
2026-03-17 15:56:42,50.0,42.47787610619469
2026-03-17 15:56:57,50.0,42.47787610619469
2026-03-17 15:57:12,50.0,42.47787610619469
2026-03-17 15:57:27,50.0,42.47787610619469
2026-03-17 15:57:42,50.0,42.47787610619469
2026-03-17 15:57:57,50.0,42.47787610619469
2026-03-17 15:58:12,50.0,42.47787610619469
2026-03-17 15:58:27,50.0,42.47787610619469
2026-03-17 15:58:42,50.0,42.47787610619469
2026-03-17 15:58:57,50.0,42.47787610619469
2026-03-17 15:59:12,50.0,41.02564102564102
2026-03-17 15:59:27,37.5,41.02564102564102
2026-03-17 15:59:42,37.5,41.02564102564102
2026-03-17 15:59:57,37.5,41.02564102564102
2026-03-17 16:00:12,37.5,41.02564102564102
2026-03-17 16:00:27,37.5,41.02564102564102
2026-03-17 16:00:42,37.5,41.02564102564102
2026-03-17 16:00:57,37.5,42.47787610619469
2026-03-17 16:01:12,37.5,42.47787610619469
2026-03-17 16:01:27,37.5,42.47787610619469
2026-03-17 16:01:42,37.5,42.47787610619469
2026-03-17 16:01:57,37.5,42.47787610619469
2026-03-17 16:02:12,37.5,42.47787610619469
2026-03-17 16:02:27,37.5,42.47787610619469
2026-03-17 16:02:42,37.5,42.47787610619469
2026-03-17 16:02:57,37.5,42.47787610619469
2026-03-17 16:03:12,37.5,42.47787610619469
2026-03-17 16:03:27,37.5,44.03669724770643
2026-03-17 16:03:42,37.5,44.03669724770643
2026-03-17 16:03:57,37.5,44.03669724770643
2026-03-17 16:04:12,37.5,44.03669724770643
2026-03-17 16:04:27,37.5,44.03669724770643
2026-03-17 16:04:42,37.5,44.03669724770643
2026-03-17 16:04:57,37.5,44.03669724770643
2026-03-17 16:05:12,37.5,44.03669724770643
2026-03-17 16:05:27,37.5,44.03669724770643
2026-03-17 16:05:42,37.5,44.03669724770643
2026-03-17 16:05:57,37.5,45.714285714285715
2026-03-17 16:06:12,25.0,45.714285714285715
2026-03-17 16:06:27,25.0,45.714285714285715
2026-03-17 16:06:42,25.0,44.761904761904766
2026-03-17 16:06:57,25.0,43.80952380952381
2026-03-17 16:07:12,25.0,42.857142857142854
2026-03-17 16:07:27,25.0,41.904761904761905
2026-03-17 16:07:42,25.0,40.95238095238095
2026-03-17 16:07:57,25.0,40.0
2026-03-17 16:08:12,25.0,39.04761904761905
2026-03-17 16:08:27,25.0,35.64356435643564
2026-03-17 16:08:42,25.0,34.65346534653465
2026-03-17 16:08:57,25.0,33.663366336633665
2026-03-17 16:09:12,25.0,32.67326732673268
2026-03-17 16:09:27,25.0,31.683168316831683
2026-03-17 16:09:42,25.0,30.693069306930692
2026-03-17 16:09:57,25.0,29.7029702970297
2026-03-17 16:10:12,25.0,28.71287128712871
2026-03-17 16:10:27,25.0,28.71287128712871
2026-03-17 16:10:42,25.0,28.71287128712871
2026-03-17 16:10:57,25.0,28.865979381443296
2026-03-17 16:11:12,25.0,27.835051546391753
2026-03-17 16:11:27,25.0,26.804123711340207
2026-03-17 16:11:42,25.0,25.773195876288657
2026-03-17 16:11:57,25.0,24.742268041237114
2026-03-17 16:12:12,25.0,23.711340206185564
2026-03-17 16:12:27,25.0,22.68041237113402
2026-03-17 16:12:42,25.0,21.649484536082475
2026-03-17 16:12:57,25.0,20.618556701030926
2026-03-17 16:13:12,25.0,19.587628865979383
2026-03-17 16:13:27,25.0,15.053763440860216
2026-03-17 16:13:42,25.0,13.978494623655912
2026-03-17 16:13:57,25.0,12.903225806451612
2026-03-17 16:14:12,25.0,11.827956989247312
2026-03-17 16:14:27,25.0,10.75268817204301
2026-03-17 16:14:42,25.0,9.67741935483871
2026-03-17 16:14:57,25.0,9.67741935483871
2026-03-17 16:15:12,25.0,9.67741935483871
2026-03-17 16:15:27,25.0,9.67741935483871
2026-03-17 16:15:42,25.0,10.112359550561797
2026-03-17 16:15:57,25.0,8.98876404494382
2026-03-17 16:16:12,25.0,7.865168539325842
2026-03-17 16:16:27,25.0,6.741573033707865
2026-03-17 16:16:42,25.0,5.617977528089887
2026-03-17 16:16:57,25.0,4.49438202247191
2026-03-17 16:17:12,25.0,3.3707865168539324
2026-03-17 16:17:27,25.0,2.247191011235955
2026-03-17 16:17:42,25.0,1.1235955056179776
2026-03-17 16:17:57,25.0,0.0
2026-03-17 16:18:12,25.0,0.0
2026-03-17 16:18:27,25.0,0.0
2026-03-17 16:18:42,25.0,0.0
2026-03-17 16:18:57,25.0,0.0
2026-03-17 16:19:12,12.5,0.0
2026-03-17 16:19:27,12.5,0.0
2026-03-17 16:19:42,12.5,0.0
2026-03-17 16:19:57,12.5,0.0
2026-03-17 16:20:12,12.5,0.0
2026-03-17 16:20:27,12.5,0.0
2026-03-17 16:20:42,12.5,0.0
2026-03-17 16:20:57,12.5,0.0
2026-03-17 16:21:12,12.5,0.0
2026-03-17 16:21:27,12.5,0.0
2026-03-17 16:21:42,12.5,0.0
2026-03-17 16:21:57,12.5,0.0
2026-03-17 16:22:12,12.5,0.0
2026-03-17 16:22:27,12.5,0.0
2026-03-17 16:22:42,12.5,0.0
2026-03-17 16:22:57,12.5,0.0
2026-03-17 16:23:12,12.5,0.0
2026-03-17 16:23:27,12.5,0.0
2026-03-17 16:23:42,12.5,0.0
2026-03-17 16:23:57,12.5,0.0
2026-03-17 16:24:12,12.5,0.0
2026-03-17 16:24:27,12.5,0.0
2026-03-17 16:24:42,12.5,0.0
2026-03-17 16:24:57,12.5,0.0
2026-03-17 16:25:12,12.5,0.0
2026-03-17 16:25:27,12.5,0.0
2026-03-17 16:25:42,12.5,0.0
2026-03-17 16:25:57,12.5,0.0
2026-03-17 16:26:12,12.5,0.0
2026-03-17 16:26:27,12.5,0.0
2026-03-17 16:26:42,12.5,0.0
2026-03-17 16:26:57,12.5,0.0
2026-03-17 16:27:12,12.5,0.0
2026-03-17 16:27:27,12.5,0.0
2026-03-17 16:27:42,12.5,0.0
2026-03-17 16:27:57,12.5,0.0
2026-03-17 16:28:12,12.5,0.0
2026-03-17 16:28:27,12.5,0.0
2026-03-17 16:28:42,12.5,0.0
2026-03-17 16:28:57,12.5,0.0
2026-03-17 16:29:12,12.5,0.0
2026-03-17 16:29:27,12.5,0.0
2026-03-17 16:29:42,12.5,0.0
2026-03-17 16:29:57,12.5,0.0
2026-03-17 16:30:12,12.5,0.0
2026-03-17 16:30:27,12.5,0.0
2026-03-17 16:30:42,12.5,0.0
2026-03-17 16:30:57,12.5,0.0
2026-03-17 16:31:12,12.5,0.0
2026-03-17 16:31:27,12.5,0.0
2026-03-17 16:31:42,12.5,0.0
2026-03-17 16:31:57,12.5,0.0
2026-03-17 16:32:12,12.5,0.0
2026-03-17 16:32:27,12.5,0.0
2026-03-17 16:32:42,12.5,0.0
2026-03-17 16:32:57,12.5,0.0
2026-03-17 16:33:12,12.5,0.0
2026-03-17 16:33:27,12.5,0.0
2026-03-17 16:33:42,12.5,0.0
2026-03-17 16:33:57,12.5,0.0
2026-03-17 16:34:12,12.5,0.0
2026-03-17 16:34:27,12.5,0.0
2026-03-17 16:34:42,12.5,0.0
2026-03-17 16:34:57,12.5,0.0
2026-03-17 16:35:12,12.5,0.0
2026-03-17 16:35:27,12.5,0.0
2026-03-17 16:35:42,12.5,0.0
2026-03-17 16:35:57,12.5,0.0
2026-03-17 16:36:12,12.5,0.0
2026-03-17 16:36:27,12.5,0.0
2026-03-17 16:36:42,12.5,0.0
2026-03-17 16:36:57,12.5,0.0
2026-03-17 16:37:12,12.5,0.0
2026-03-17 16:37:27,12.5,0.0
2026-03-17 16:37:42,12.5,0.0
2026-03-17 16:37:57,12.5,0.0
2026-03-17 16:38:12,12.5,0.0
2026-03-17 16:38:27,12.5,0.0
2026-03-17 16:38:42,12.5,0.0
2026-03-17 16:38:57,12.5,0.0
2026-03-17 16:39:12,12.5,0.0
2026-03-17 16:39:27,12.5,0.0
2026-03-17 16:39:42,12.5,0.0
2026-03-17 16:39:57,12.5,0.0
2026-03-17 16:40:12,12.5,0.0
2026-03-17 16:40:27,12.5,0.0
2026-03-17 16:40:42,12.5,0.0
2026-03-17 16:40:57,12.5,0.0
2026-03-17 16:41:12,12.5,0.0
2026-03-17 16:41:27,12.5,0.0
2026-03-17 16:41:42,12.5,0.0
2026-03-17 16:41:57,12.5,0.0
2026-03-17 16:42:12,12.5,0.0
2026-03-17 16:42:27,12.5,0.0
2026-03-17 16:42:42,12.5,0.0
2026-03-17 16:42:57,12.5,0.0
2026-03-17 16:43:12,12.5,0.0
2026-03-17 16:43:27,12.5,0.0
2026-03-17 16:43:42,12.5,0.0
2026-03-17 16:43:57,12.5,0.0
2026-03-17 16:44:12,12.5,0.0
2026-03-17 16:44:27,12.5,0.0
2026-03-17 16:44:42,12.5,0.0
2026-03-17 16:44:57,12.5,0.0
2026-03-17 16:45:12,12.5,0.0
2026-03-17 16:45:27,12.5,0.0
2026-03-17 16:45:42,12.5,0.0
2026-03-17 16:45:57,12.5,0.0
2026-03-17 16:46:12,12.5,0.0
2026-03-17 16:46:27,12.5,0.0
2026-03-17 16:46:42,12.5,0.0
2026-03-17 16:46:57,12.5,0.0
2026-03-17 16:47:12,12.5,0.0
2026-03-17 16:47:27,12.5,0.0
2026-03-17 16:47:42,12.5,0.0
2026-03-17 16:47:57,12.5,0.0
2026-03-17 16:48:12,12.5,0.0
2026-03-17 16:48:27,12.5,0.0
2026-03-17 16:48:42,12.5,0.0
2026-03-17 16:48:57,12.5,0.0
2026-03-17 16:49:12,12.5,0.0
2026-03-17 16:49:27,12.5,0.0
2026-03-17 16:49:42,12.5,0.0
2026-03-17 16:49:57,12.5,0.0
2026-03-17 16:50:12,12.5,0.0
2026-03-17 16:50:27,12.5,0.0
2026-03-17 16:50:42,12.5,0.0
2026-03-17 16:50:57,12.5,0.0
2026-03-17 16:51:12,12.5,0.0
2026-03-17 16:51:27,12.5,0.0
2026-03-17 16:51:42,12.5,0.0
2026-03-17 16:51:57,12.5,0.0
2026-03-17 16:52:12,12.5,0.0
2026-03-17 16:52:27,12.5,0.0
2026-03-17 16:52:42,12.5,0.0
2026-03-17 16:52:57,12.5,0.0
2026-03-17 16:53:12,12.5,0.0
2026-03-17 16:53:27,12.5,0.0
2026-03-17 16:53:42,12.5,0.0
2026-03-17 16:53:57,12.5,0.0
2026-03-17 16:54:12,12.5,0.0
2026-03-17 16:54:27,12.5,0.0
2026-03-17 16:54:42,12.5,0.0
2026-03-17 16:54:57,12.5,0.0
2026-03-17 16:55:12,12.5,0.0
2026-03-17 16:55:27,12.5,0.0
2026-03-17 16:55:42,12.5,0.0
2026-03-17 16:55:57,12.5,0.0
2026-03-17 16:56:12,12.5,0.0
2026-03-17 16:56:27,12.5,0.0
2026-03-17 16:56:42,12.5,0.0
2026-03-17 16:56:57,12.5,0.0
2026-03-17 16:57:12,12.5,0.0
2026-03-17 16:57:27,12.5,0.0
2026-03-17 16:57:42,12.5,0.0
2026-03-17 16:57:57,12.5,0.0
2026-03-17 16:58:12,12.5,0.0
2026-03-17 16:58:27,12.5,0.0
2026-03-17 16:58:42,12.5,0.0
2026-03-17 16:58:57,12.5,0.0
2026-03-17 16:59:12,12.5,0.0
2026-03-17 16:59:27,12.5,0.0
2026-03-17 16:59:42,12.5,0.0
2026-03-17 16:59:57,12.5,0.0
2026-03-17 17:00:12,12.5,0.0
2026-03-17 17:00:27,12.5,0.0
2026-03-17 17:00:42,12.5,0.0
2026-03-17 17:00:57,12.5,0.0
2026-03-17 17:01:12,12.5,0.0
2026-03-17 17:01:27,12.5,0.0
2026-03-17 17:01:42,12.5,0.0
2026-03-17 17:01:57,12.5,0.0
2026-03-17 17:02:12,12.5,0.0
2026-03-17 17:02:27,12.5,0.0
2026-03-17 17:02:42,12.5,0.0
2026-03-17 17:02:57,12.5,0.0
2026-03-17 17:03:12,12.5,0.0
2026-03-17 17:03:27,12.5,0.0
2026-03-17 17:03:42,12.5,0.0
2026-03-17 17:03:57,12.5,0.0
2026-03-17 17:04:12,12.5,0.0
2026-03-17 17:04:27,12.5,0.0
2026-03-17 17:04:42,12.5,0.0
2026-03-17 17:04:57,12.5,0.0
2026-03-17 17:05:12,12.5,0.0
2026-03-17 17:05:27,12.5,0.0
2026-03-17 17:05:42,12.5,0.0
2026-03-17 17:05:57,12.5,0.0
2026-03-17 17:06:12,12.5,0.0
2026-03-17 17:06:27,0.0,0.0
2026-03-17 17:06:42,0.0,0.0
2026-03-17 17:06:57,0.0,0.0
2026-03-17 17:07:12,0.0,0.0
2026-03-17 17:07:27,0.0,0.0
2026-03-17 17:07:42,0.0,0.0
2026-03-17 17:07:57,0.0,0.0
2026-03-17 17:08:12,0.0,0.0
2026-03-17 17:08:27,0.0,0.0
2026-03-17 17:08:42,0.0,0.0
2026-03-17 17:08:57,0.0,0.0
2026-03-17 17:09:12,0.0,0.0
2026-03-17 17:09:27,0.0,0.0
2026-03-17 17:09:42,0.0,0.0
2026-03-17 17:09:57,0.0,0.0
2026-03-17 17:10:12,0.0,0.0
2026-03-17 17:10:27,0.0,0.0
2026-03-17 17:10:42,0.0,0.0
2026-03-17 17:10:57,0.0,0.0
2026-03-17 17:11:12,0.0,0.0
2026-03-17 17:11:27,0.0,0.0
2026-03-17 17:11:42,0.0,0.0
2026-03-17 17:11:57,0.0,0.0
2026-03-17 17:12:12,0.0,0.0
2026-03-17 17:12:27,0.0,0.0
2026-03-17 17:12:42,0.0,0.0
2026-03-17 17:12:57,0.0,0.0
2026-03-17 17:13:12,0.0,0.0
2026-03-17 17:13:27,0.0,0.0
2026-03-17 17:13:42,0.0,0.0
2026-03-17 17:13:57,0.0,0.0
2026-03-17 17:14:12,0.0,0.0
2026-03-17 17:14:27,0.0,0.0
2026-03-17 17:14:42,0.0,0.0
2026-03-17 17:14:57,0.0,0.0
2026-03-17 17:15:12,0.0,0.0
2026-03-17 17:15:27,0.0,0.0
2026-03-17 17:15:42,0.0,0.0
2026-03-17 17:15:57,0.0,0.0
2026-03-17 17:16:12,0.0,0.0
2026-03-17 17:16:27,0.0,0.0
2026-03-17 17:16:42,0.0,0.0
2026-03-17 17:16:57,0.0,0.0
2026-03-17 17:17:12,0.0,0.0
2026-03-17 17:17:27,0.0,0.0
2026-03-17 17:17:42,0.0,0.0
2026-03-17 17:17:57,0.0,0.0
2026-03-17 17:18:12,0.0,0.0
2026-03-17 17:18:27,0.0,0.0
2026-03-17 17:18:42,0.0,0.0
2026-03-17 17:18:57,0.0,0.0
2026-03-17 17:19:12,0.0,0.0
2026-03-17 17:19:27,0.0,0.0
2026-03-17 17:19:42,0.0,0.0
2026-03-17 17:19:57,0.0,0.0
2026-03-17 17:20:12,0.0,0.0
2026-03-17 17:20:27,0.0,0.0
2026-03-17 17:20:42,0.0,0.0
2026-03-17 17:20:57,0.0,0.0
2026-03-17 17:21:12,0.0,0.0
2026-03-17 17:21:27,0.0,0.0
2026-03-17 17:21:42,0.0,0.0
2026-03-17 17:21:57,0.0,0.0
2026-03-17 17:22:12,0.0,0.0
2026-03-17 17:22:27,0.0,0.0
2026-03-17 17:22:42,0.0,0.0
2026-03-17 17:22:57,0.0,0.0
2026-03-17 17:23:12,0.0,0.0
2026-03-17 17:23:27,0.0,0.0
2026-03-17 17:23:42,0.0,0.0
2026-03-17 17:23:57,0.0,0.0
2026-03-17 17:24:12,0.0,0.0
2026-03-17 17:24:27,0.0,0.0
2026-03-17 17:24:42,0.0,0.0
2026-03-17 17:24:57,0.0,0.0
2026-03-17 17:25:12,0.0,0.0
2026-03-17 17:25:27,0.0,0.0
2026-03-17 17:25:42,0.0,0.0
2026-03-17 17:25:57,0.0,0.0
2026-03-17 17:26:12,0.0,0.0
2026-03-17 17:26:27,0.0,0.0
2026-03-17 17:26:42,0.0,0.0
2026-03-17 17:26:57,0.0,0.0
2026-03-17 17:27:12,0.0,0.0
2026-03-17 17:27:27,0.0,0.0
2026-03-17 17:27:42,0.0,0.0
2026-03-17 17:27:57,0.0,0.0
2026-03-17 17:28:12,0.0,0.0
2026-03-17 17:28:27,0.0,0.0
2026-03-17 17:28:42,0.0,0.0
2026-03-17 17:28:57,0.0,0.0
2026-03-17 17:29:12,0.0,0.0
2026-03-17 17:29:27,0.0,0.0
2026-03-17 17:29:42,0.0,0.0
2026-03-17 17:29:57,0.0,0.0
2026-03-17 17:30:12,0.0,0.0
2026-03-17 17:30:27,0.0,0.0
2026-03-17 17:30:42,0.0,0.0
2026-03-17 17:30:57,0.0,0.0
2026-03-17 17:31:12,0.0,0.0
2026-03-17 17:31:27,0.0,0.0
2026-03-17 17:31:42,0.0,0.0
2026-03-17 17:31:57,0.0,0.0
2026-03-17 17:32:12,0.0,0.0
2026-03-17 17:32:27,0.0,0.0
2026-03-17 17:32:42,0.0,0.0
2026-03-17 17:32:57,0.0,0.0
2026-03-17 17:33:12,0.0,0.0
2026-03-17 17:33:27,0.0,0.0
2026-03-17 17:33:42,0.0,0.0
2026-03-17 17:33:57,0.0,0.0
2026-03-17 17:34:12,0.0,0.0
2026-03-17 17:34:27,0.0,0.0
2026-03-17 17:34:42,0.0,0.0
2026-03-17 17:34:57,0.0,0.0
2026-03-17 17:35:12,0.0,0.0
2026-03-17 17:35:27,0.0,0.0
2026-03-17 17:35:42,0.0,0.0
2026-03-17 17:35:57,0.0,0.0
2026-03-17 17:36:12,0.0,0.0
2026-03-17 17:36:27,0.0,0.0
2026-03-17 17:36:42,0.0,0.0
2026-03-17 17:36:57,0.0,0.0
2026-03-17 17:37:12,0.0,0.0
2026-03-17 17:37:27,0.0,0.0
2026-03-17 17:37:42,0.0,0.0
2026-03-17 17:37:57,0.0,0.0
2026-03-17 17:38:12,0.0,0.0
2026-03-17 17:38:27,0.0,0.0
2026-03-17 17:38:42,0.0,0.0
2026-03-17 17:38:57,0.0,0.0
2026-03-17 17:39:12,0.0,0.0
2026-03-17 17:39:27,0.0,0.0
2026-03-17 17:39:42,0.0,0.0
2026-03-17 17:39:57,0.0,0.0
2026-03-17 17:40:12,0.0,0.0
2026-03-17 17:40:27,0.0,0.0
2026-03-17 17:40:42,0.0,0.0
2026-03-17 17:40:57,0.0,0.0
2026-03-17 17:41:12,0.0,0.0
2026-03-17 17:41:27,0.0,0.0
2026-03-17 17:41:42,0.0,0.0
2026-03-17 17:41:57,0.0,0.0
2026-03-17 17:42:12,0.0,0.0
2026-03-17 17:42:27,0.0,0.0
2026-03-17 17:42:42,0.0,0.0
2026-03-17 17:42:57,0.0,0.0
2026-03-17 17:43:12,0.0,0.0
2026-03-17 17:43:27,0.0,0.0
2026-03-17 17:43:42,0.0,0.0
2026-03-17 17:43:57,0.0,0.0
2026-03-17 17:44:12,0.0,0.0
2026-03-17 17:44:27,0.0,0.0
2026-03-17 17:44:42,0.0,0.0
2026-03-17 17:44:57,0.0,0.0
2026-03-17 17:45:12,0.0,0.0
2026-03-17 17:45:27,0.0,0.0
2026-03-17 17:45:42,0.0,0.0
2026-03-17 17:45:57,0.0,0.0
2026-03-17 17:46:12,0.0,0.0
2026-03-17 17:46:27,0.0,0.0
2026-03-17 17:46:42,0.0,0.0
2026-03-17 17:46:57,0.0,0.0
2026-03-17 17:47:12,0.0,0.0
2026-03-17 17:47:27,0.0,0.0
2026-03-17 17:47:42,0.0,0.0
2026-03-17 17:47:57,0.0,0.0
2026-03-17 17:48:12,0.0,0.0
2026-03-17 17:48:27,0.0,0.0
2026-03-17 17:48:42,0.0,0.0
2026-03-17 17:48:57,0.0,0.0
2026-03-17 17:49:12,0.0,0.0
2026-03-17 17:49:27,0.0,0.0
2026-03-17 17:49:42,0.0,0.0
2026-03-17 17:49:57,0.0,0.0
2026-03-17 17:50:12,0.0,0.0
2026-03-17 17:50:27,0.0,0.0
2026-03-17 17:50:42,0.0,0.0
2026-03-17 17:50:57,0.0,0.0
2026-03-17 17:51:12,0.0,0.0
2026-03-17 17:51:27,0.0,0.0
2026-03-17 17:51:42,0.0,0.0
2026-03-17 17:51:57,0.0,0.0
2026-03-17 17:52:12,0.0,0.0
2026-03-17 17:52:27,0.0,0.0
2026-03-17 17:52:42,0.0,0.0
2026-03-17 17:52:57,0.0,0.0
2026-03-17 17:53:12,0.0,0.0
2026-03-17 17:53:27,0.0,0.0
2026-03-17 17:53:42,0.0,0.0
2026-03-17 17:53:57,0.0,0.0
2026-03-17 17:54:12,0.0,0.0
2026-03-17 17:54:27,0.0,0.0
2026-03-17 17:54:42,0.0,0.0
2026-03-17 17:54:57,0.0,0.0
2026-03-17 17:55:12,0.0,0.0
2026-03-17 17:55:27,0.0,0.0
2026-03-17 17:55:42,0.0,0.0
2026-03-17 17:55:57,0.0,0.0
2026-03-17 17:56:12,0.0,0.0
2026-03-17 17:56:27,0.0,0.0
2026-03-17 17:56:42,0.0,0.0
2026-03-17 17:56:57,0.0,0.0
2026-03-17 17:57:12,0.0,0.0
2026-03-17 17:57:27,0.0,0.0
2026-03-17 17:57:42,0.0,0.0
2026-03-17 17:57:57,0.0,0.0
2026-03-17 17:58:12,0.0,0.0
2026-03-17 17:58:27,0.0,0.0
2026-03-17 17:58:42,0.0,0.0
2026-03-17 17:58:57,0.0,0.0
2026-03-17 17:59:12,0.0,0.0
2026-03-17 17:59:27,0.0,0.0
2026-03-17 17:59:42,0.0,0.0
2026-03-17 17:59:57,0.0,0.0
2026-03-17 18:00:12,0.0,0.0
2026-03-17 18:00:27,0.0,0.0
2026-03-17 18:00:42,0.0,0.0
2026-03-17 18:00:57,0.0,0.0
2026-03-17 18:01:12,0.0,0.0
2026-03-17 18:01:27,0.0,0.0
2026-03-17 18:01:42,0.0,0.0
2026-03-17 18:01:57,0.0,0.0
2026-03-17 18:02:12,0.0,0.0
2026-03-17 18:02:27,0.0,0.0
2026-03-17 18:02:42,0.0,0.0
2026-03-17 18:02:57,0.0,0.0
2026-03-17 18:03:12,0.0,0.0
2026-03-17 18:03:27,0.0,0.0
2026-03-17 18:03:42,0.0,0.0
2026-03-17 18:03:57,0.0,0.0
2026-03-17 18:04:12,0.0,0.0
2026-03-17 18:04:27,0.0,0.0
2026-03-17 18:04:42,0.0,0.0
2026-03-17 18:04:57,0.0,0.0
2026-03-17 18:05:12,0.0,0.0
2026-03-17 18:05:27,0.0,0.0
2026-03-17 18:05:42,0.0,0.0
2026-03-17 18:05:57,0.0,0.0
2026-03-17 18:06:12,0.0,0.0
2026-03-17 18:06:27,0.0,0.0
2026-03-17 18:06:42,0.0,0.0
2026-03-17 18:06:57,0.0,0.0
2026-03-17 18:07:12,0.0,0.0
2026-03-17 18:07:27,0.0,0.0
2026-03-17 18:07:42,0.0,0.0
2026-03-17 18:07:57,0.0,0.0
2026-03-17 18:08:12,0.0,0.0
2026-03-17 18:08:27,0.0,0.0
2026-03-17 18:08:42,0.0,0.0
2026-03-17 18:08:57,0.0,0.0
2026-03-17 18:09:12,0.0,0.0
2026-03-17 18:09:27,0.0,0.0
2026-03-17 18:09:42,0.0,0.0
2026-03-17 18:09:57,0.0,0.0
2026-03-17 18:10:12,0.0,0.0
2026-03-17 18:10:27,0.0,0.0
2026-03-17 18:10:42,0.0,0.0
2026-03-17 18:10:57,0.0,0.0
2026-03-17 18:11:12,0.0,0.0
2026-03-17 18:11:27,0.0,0.0
2026-03-17 18:11:42,0.0,0.0
2026-03-17 18:11:57,0.0,0.0
2026-03-17 18:12:12,0.0,0.0
2026-03-17 18:12:27,0.0,0.0
2026-03-17 18:12:42,0.0,0.0
2026-03-17 18:12:57,0.0,0.0
2026-03-17 18:13:12,0.0,0.0
2026-03-17 18:13:27,0.0,0.0
2026-03-17 18:13:42,0.0,0.0
2026-03-17 18:13:57,0.0,0.0
2026-03-17 18:14:12,0.0,0.0
2026-03-17 18:14:27,0.0,0.0
2026-03-17 18:14:42,0.0,0.0
2026-03-17 18:14:57,0.0,0.0
2026-03-17 18:15:12,0.0,0.0
2026-03-17 18:15:27,0.0,0.0
2026-03-17 18:15:42,0.0,0.0
2026-03-17 18:15:57,0.0,0.0
2026-03-17 18:16:12,0.0,0.0
2026-03-17 18:16:27,0.0,0.0
2026-03-17 18:16:42,0.0,0.0
2026-03-17 18:16:57,0.0,0.0
2026-03-17 18:17:12,0.0,0.0
2026-03-17 18:17:27,0.0,0.0
2026-03-17 18:17:42,0.0,0.0
2026-03-17 18:17:57,0.0,0.0
2026-03-17 18:18:12,0.0,0.0
2026-03-17 18:18:27,0.0,0.0
2026-03-17 18:18:42,0.0,0.0
2026-03-17 18:18:57,0.0,0.0
2026-03-17 18:19:12,0.0,0.0
2026-03-17 18:19:27,0.0,0.0
2026-03-17 18:19:42,0.0,0.0
2026-03-17 18:19:57,0.0,0.0
2026-03-17 18:20:12,0.0,0.0
2026-03-17 18:20:27,0.0,0.0
2026-03-17 18:20:42,0.0,0.0
2026-03-17 18:20:57,0.0,0.0
2026-03-17 18:21:12,0.0,0.0
2026-03-17 18:21:27,0.0,0.0
2026-03-17 18:21:42,0.0,0.0
2026-03-17 18:21:57,0.0,0.0
2026-03-17 18:22:12,0.0,0.0
2026-03-17 18:22:27,0.0,0.0
2026-03-17 18:22:42,0.0,0.0
2026-03-17 18:22:57,0.0,0.0
2026-03-17 18:23:12,0.0,0.0
2026-03-17 18:23:27,0.0,0.0
2026-03-17 18:23:42,0.0,0.0
2026-03-17 18:23:57,0.0,0.0
2026-03-17 18:24:12,0.0,0.0
2026-03-17 18:24:27,0.0,0.0
2026-03-17 18:24:42,0.0,0.0
2026-03-17 18:24:57,0.0,0.0
2026-03-17 18:25:12,0.0,0.0
2026-03-17 18:25:27,0.0,0.0
2026-03-17 18:25:42,0.0,0.0
2026-03-17 18:25:57,0.0,0.0
2026-03-17 18:26:12,0.0,0.0
2026-03-17 18:26:27,0.0,0.0
2026-03-17 18:26:42,0.0,0.0
2026-03-17 18:26:57,0.0,0.0
2026-03-17 18:27:12,0.0,0.0
2026-03-17 18:27:27,0.0,0.0
2026-03-17 18:27:42,0.0,0.0
2026-03-17 18:27:57,0.0,0.0
2026-03-17 18:28:12,0.0,0.0
2026-03-17 18:28:27,0.0,0.0
2026-03-17 18:28:42,0.0,0.0
2026-03-17 18:28:57,0.0,0.0
2026-03-17 18:29:12,0.0,0.0
2026-03-17 18:29:27,0.0,0.0
2026-03-17 18:29:42,0.0,0.0
2026-03-17 18:29:57,0.0,0.0
2026-03-17 18:30:12,0.0,0.0
2026-03-17 18:30:27,0.0,0.0
2026-03-17 18:30:42,0.0,0.0
2026-03-17 18:30:57,0.0,0.0
2026-03-17 18:31:12,0.0,0.0
2026-03-17 18:31:27,0.0,0.0
2026-03-17 18:31:42,0.0,0.0
2026-03-17 18:31:57,0.0,0.0
2026-03-17 18:32:12,0.0,0.0
2026-03-17 18:32:27,0.0,0.0
2026-03-17 18:32:42,0.0,0.0
2026-03-17 18:32:57,0.0,0.0
2026-03-17 18:33:12,0.0,0.0
2026-03-17 18:33:27,0.0,0.0
2026-03-17 18:33:42,0.0,0.0
2026-03-17 18:33:57,0.0,0.0
2026-03-17 18:34:12,0.0,0.0
2026-03-17 18:34:27,0.0,0.0
2026-03-17 18:34:42,0.0,0.0
2026-03-17 18:34:57,0.0,0.0
2026-03-17 18:35:12,0.0,0.0
2026-03-17 18:35:27,0.0,0.0
2026-03-17 18:35:42,0.0,0.0
2026-03-17 18:35:57,0.0,0.0
2026-03-17 18:36:12,0.0,0.0
2026-03-17 18:36:27,0.0,0.0
2026-03-17 18:36:42,0.0,0.0
2026-03-17 18:36:57,0.0,0.0
2026-03-17 18:37:12,0.0,0.0
2026-03-17 18:37:27,0.0,0.0
2026-03-17 18:37:42,0.0,0.0
2026-03-17 18:37:57,0.0,0.0
2026-03-17 18:38:12,0.0,0.0
2026-03-17 18:38:27,0.0,0.0
2026-03-17 18:38:42,0.0,0.0
2026-03-17 18:38:57,0.0,0.0
2026-03-17 18:39:12,0.0,0.0
2026-03-17 18:39:27,0.0,0.0
2026-03-17 18:39:42,0.0,0.0
2026-03-17 18:39:57,0.0,0.0
2026-03-17 18:40:12,0.0,0.0
2026-03-17 18:40:27,0.0,0.0
2026-03-17 18:40:42,0.0,0.0
2026-03-17 18:40:57,0.0,0.0
2026-03-17 18:41:12,0.0,0.0
2026-03-17 18:41:27,0.0,0.0
2026-03-17 18:41:42,0.0,0.0
2026-03-17 18:41:57,0.0,0.0
2026-03-17 18:42:12,0.0,0.0
2026-03-17 18:42:27,0.0,0.0
2026-03-17 18:42:42,0.0,0.0
2026-03-17 18:42:57,0.0,0.0
2026-03-17 18:43:12,0.0,0.0
2026-03-17 18:43:27,0.0,0.0
2026-03-17 18:43:42,0.0,0.0
2026-03-17 18:43:57,0.0,0.0
2026-03-17 18:44:12,0.0,0.0
2026-03-17 18:44:27,0.0,0.0
2026-03-17 18:44:42,0.0,0.0
2026-03-17 18:44:57,0.0,0.0
2026-03-17 18:45:12,0.0,0.0
2026-03-17 18:45:27,0.0,0.0
2026-03-17 18:45:42,0.0,0.0
2026-03-17 18:45:57,0.0,0.0
2026-03-17 18:46:12,0.0,0.0
2026-03-17 18:46:27,0.0,0.0
2026-03-17 18:46:42,0.0,0.0
2026-03-17 18:46:57,0.0,0.0
2026-03-17 18:47:12,0.0,0.0
2026-03-17 18:47:27,0.0,0.0
2026-03-17 18:47:42,0.0,0.0
2026-03-17 18:47:57,0.0,0.0
2026-03-17 18:48:12,0.0,0.0
2026-03-17 18:48:27,0.0,0.0
2026-03-17 18:48:42,0.0,0.0
2026-03-17 18:48:57,0.0,0.0
2026-03-17 18:49:12,0.0,0.0
2026-03-17 18:49:27,0.0,0.0
2026-03-17 18:49:42,0.0,0.0
2026-03-17 18:49:57,0.0,0.0
2026-03-17 18:50:12,0.0,0.0
2026-03-17 18:50:27,0.0,0.0
2026-03-17 18:50:42,0.0,0.0
2026-03-17 18:50:57,0.0,0.0
2026-03-17 18:51:12,0.0,0.0
2026-03-17 18:51:27,0.0,0.0
2026-03-17 18:51:42,0.0,0.0
2026-03-17 18:51:57,0.0,0.0
2026-03-17 18:52:12,0.0,0.0
2026-03-17 18:52:27,0.0,0.0
2026-03-17 18:52:42,0.0,0.0
2026-03-17 18:52:57,0.0,0.0
2026-03-17 18:53:12,0.0,0.0
2026-03-17 18:53:27,0.0,0.0
2026-03-17 18:53:42,0.0,0.0
2026-03-17 18:53:57,0.0,0.0
2026-03-17 18:54:12,0.0,0.0
2026-03-17 18:54:27,0.0,0.0
2026-03-17 18:54:42,0.0,0.0
2026-03-17 18:54:57,0.0,0.0
2026-03-17 18:55:12,0.0,0.0
2026-03-17 18:55:27,0.0,0.0
2026-03-17 18:55:42,0.0,0.0
2026-03-17 18:55:57,0.0,0.0
2026-03-17 18:56:12,0.0,0.0
2026-03-17 18:56:27,0.0,0.0
2026-03-17 18:56:42,0.0,0.0
2026-03-17 18:56:57,0.0,0.0
2026-03-17 18:57:12,0.0,0.0
2026-03-17 18:57:27,0.0,0.0
2026-03-17 18:57:42,0.0,0.0
2026-03-17 18:57:57,0.0,0.0
2026-03-17 18:58:12,0.0,0.0
2026-03-17 18:58:27,0.0,0.0
2026-03-17 18:58:42,0.0,0.0
2026-03-17 18:58:57,0.0,0.0
2026-03-17 18:59:12,0.0,0.0
2026-03-17 18:59:27,0.0,0.0
2026-03-17 18:59:42,0.0,0.0
2026-03-17 18:59:57,0.0,0.0
2026-03-17 19:00:12,0.0,0.0
2026-03-17 19:00:27,0.0,0.0
2026-03-17 19:00:42,0.0,0.0
2026-03-17 19:00:57,0.0,0.0
2026-03-17 19:01:12,0.0,0.0
2026-03-17 19:01:27,0.0,0.0
2026-03-17 19:01:42,0.0,0.0
2026-03-17 19:01:57,0.0,0.0
2026-03-17 19:02:12,0.0,0.0
2026-03-17 19:02:27,0.0,0.0
2026-03-17 19:02:42,0.0,0.0
2026-03-17 19:02:57,0.0,0.0
2026-03-17 19:03:12,0.0,0.0
2026-03-17 19:03:27,0.0,0.0
2026-03-17 19:03:42,0.0,0.0
2026-03-17 19:03:57,0.0,0.0
2026-03-17 19:04:12,0.0,0.0
2026-03-17 19:04:27,0.0,0.0
2026-03-17 19:04:42,0.0,0.0
2026-03-17 19:04:57,0.0,0.0
2026-03-17 19:05:12,0.0,0.0
2026-03-17 19:05:27,0.0,0.0
2026-03-17 19:05:42,0.0,0.0
2026-03-17 19:05:57,0.0,0.0
2026-03-17 19:06:12,0.0,0.0
2026-03-17 19:06:27,0.0,0.0
2026-03-17 19:06:42,0.0,0.0
2026-03-17 19:06:57,0.0,0.0
2026-03-17 19:07:12,0.0,0.0
2026-03-17 19:07:27,0.0,0.0
2026-03-17 19:07:42,0.0,0.0
2026-03-17 19:07:57,0.0,0.0
2026-03-17 19:08:12,0.0,0.0
2026-03-17 19:08:27,0.0,0.0
2026-03-17 19:08:42,0.0,0.0
2026-03-17 19:08:57,0.0,0.0
2026-03-17 19:09:12,0.0,0.0
2026-03-17 19:09:27,0.0,0.0
2026-03-17 19:09:42,0.0,0.0
2026-03-17 19:09:57,0.0,0.0
2026-03-17 19:10:12,0.0,0.0
2026-03-17 19:10:27,0.0,0.0
2026-03-17 19:10:42,0.0,0.0
2026-03-17 19:10:57,0.0,0.0
2026-03-17 19:11:12,0.0,0.0
2026-03-17 19:11:27,0.0,0.0
2026-03-17 19:11:42,0.0,0.0
2026-03-17 19:11:57,0.0,0.0
2026-03-17 19:12:12,0.0,0.0
2026-03-17 19:12:27,0.0,0.0
2026-03-17 19:12:42,0.0,0.0
2026-03-17 19:12:57,0.0,0.0
2026-03-17 19:13:12,0.0,0.0
2026-03-17 19:13:27,0.0,0.0
2026-03-17 19:13:42,0.0,0.0
2026-03-17 19:13:57,0.0,0.0
2026-03-17 19:14:12,0.0,0.0
2026-03-17 19:14:27,0.0,0.0
2026-03-17 19:14:42,0.0,0.0
2026-03-17 19:14:57,0.0,0.0
2026-03-17 19:15:12,0.0,0.0
2026-03-17 19:15:27,0.0,0.0
2026-03-17 19:15:42,0.0,0.0
2026-03-17 19:15:57,0.0,0.0
2026-03-17 19:16:12,0.0,0.0
2026-03-17 19:16:27,0.0,0.0
2026-03-17 19:16:42,0.0,0.0
2026-03-17 19:16:57,0.0,0.0
2026-03-17 19:17:12,0.0,0.0
2026-03-17 19:17:27,0.0,0.0
2026-03-17 19:17:42,0.0,0.0
2026-03-17 19:17:57,0.0,0.0
2026-03-17 19:18:12,0.0,0.0
2026-03-17 19:18:27,0.0,0.0
2026-03-17 19:18:42,0.0,0.0
2026-03-17 19:18:57,0.0,0.0
2026-03-17 19:19:12,0.0,0.0
2026-03-17 19:19:27,0.0,0.0
2026-03-17 19:19:42,0.0,0.0
2026-03-17 19:19:57,0.0,0.0
2026-03-17 19:20:12,0.0,0.0
2026-03-17 19:20:27,0.0,0.0
2026-03-17 19:20:42,0.0,0.0
2026-03-17 19:20:57,0.0,0.0
2026-03-17 19:21:12,0.0,0.0
2026-03-17 19:21:27,0.0,0.0
2026-03-17 19:21:42,0.0,0.0
2026-03-17 19:21:57,0.0,0.0
2026-03-17 19:22:12,0.0,0.0
2026-03-17 19:22:27,0.0,0.0
2026-03-17 19:22:42,0.0,0.0
2026-03-17 19:22:57,0.0,0.0
2026-03-17 19:23:12,0.0,0.0
2026-03-17 19:23:27,0.0,0.0
2026-03-17 19:23:42,0.0,0.0
2026-03-17 19:23:57,0.0,0.0
2026-03-17 19:24:12,0.0,0.0
2026-03-17 19:24:27,0.0,0.0
2026-03-17 19:24:42,0.0,0.0
2026-03-17 19:24:57,0.0,0.0
2026-03-17 19:25:12,0.0,0.0
2026-03-17 19:25:27,0.0,0.0
2026-03-17 19:25:42,0.0,0.0
2026-03-17 19:25:57,0.0,0.0
2026-03-17 19:26:12,0.0,0.0
2026-03-17 19:26:27,0.0,0.0
2026-03-17 19:26:42,0.0,0.0
2026-03-17 19:26:57,0.0,0.0
2026-03-17 19:27:12,0.0,0.0
2026-03-17 19:27:27,0.0,0.0
2026-03-17 19:27:42,0.0,0.0
2026-03-17 19:27:57,0.0,0.0
2026-03-17 19:28:12,0.0,0.0
2026-03-17 19:28:27,0.0,0.0
2026-03-17 19:28:42,0.0,0.0
2026-03-17 19:28:57,0.0,0.0
2026-03-17 19:29:12,0.0,0.0
2026-03-17 19:29:27,0.0,0.0
2026-03-17 19:29:42,0.0,0.0
2026-03-17 19:29:57,0.0,0.0
2026-03-17 19:30:12,0.0,0.0
2026-03-17 19:30:27,0.0,0.0
2026-03-17 19:30:42,0.0,0.0
2026-03-17 19:30:57,0.0,0.0
2026-03-17 19:31:12,0.0,0.0
2026-03-17 19:31:27,0.0,0.0
2026-03-17 19:31:42,0.0,0.0
2026-03-17 19:31:57,0.0,0.0
2026-03-17 19:32:12,0.0,0.0
2026-03-17 19:32:27,0.0,0.0
2026-03-17 19:32:42,0.0,0.0
2026-03-17 19:32:57,0.0,0.0
2026-03-17 19:33:12,0.0,0.0
2026-03-17 19:33:27,0.0,0.0
2026-03-17 19:33:42,0.0,0.0
2026-03-17 19:33:57,0.0,0.0
2026-03-17 19:34:12,0.0,0.0
2026-03-17 19:34:27,0.0,0.0
2026-03-17 19:34:42,0.0,0.0
2026-03-17 19:34:57,0.0,0.0
2026-03-17 19:35:12,0.0,0.0
2026-03-17 19:35:27,0.0,0.0
2026-03-17 19:35:42,0.0,0.0
2026-03-17 19:35:57,0.0,0.0
2026-03-17 19:36:12,0.0,0.0
2026-03-17 19:36:27,0.0,0.0
2026-03-17 19:36:42,0.0,0.0
2026-03-17 19:36:57,0.0,0.0
2026-03-17 19:37:12,0.0,0.0
2026-03-17 19:37:27,0.0,0.0
2026-03-17 19:37:42,0.0,0.0
2026-03-17 19:37:57,0.0,0.0
2026-03-17 19:38:12,0.0,0.0
2026-03-17 19:38:27,0.0,0.0
2026-03-17 19:38:42,0.0,0.0
2026-03-17 19:38:57,0.0,0.0
2026-03-17 19:39:12,0.0,0.0
2026-03-17 19:39:27,0.0,0.0
2026-03-17 19:39:42,0.0,0.0
2026-03-17 19:39:57,0.0,0.0
2026-03-17 19:40:12,0.0,0.0
2026-03-17 19:40:27,0.0,0.0
2026-03-17 19:40:42,0.0,0.0
2026-03-17 19:40:57,0.0,0.0
2026-03-17 19:41:12,0.0,0.0
2026-03-17 19:41:27,0.0,0.0
2026-03-17 19:41:42,0.0,0.0
2026-03-17 19:41:57,0.0,0.0
2026-03-17 19:42:12,0.0,0.0
2026-03-17 19:42:27,0.0,0.0
2026-03-17 19:42:42,0.0,0.0
2026-03-17 19:42:57,0.0,0.0
2026-03-17 19:43:12,0.0,0.0
2026-03-17 19:43:27,0.0,0.0
2026-03-17 19:43:42,0.0,0.0
2026-03-17 19:43:57,0.0,0.0
2026-03-17 19:44:12,0.0,0.0
2026-03-17 19:44:27,0.0,0.0
2026-03-17 19:44:42,0.0,0.0
2026-03-17 19:44:57,0.0,0.0
2026-03-17 19:45:12,0.0,0.0
2026-03-17 19:45:27,0.0,0.0
2026-03-17 19:45:42,0.0,0.0
2026-03-17 19:45:57,0.0,0.0
2026-03-17 19:46:12,0.0,0.0
2026-03-17 19:46:27,0.0,0.0
2026-03-17 19:46:42,0.0,0.0
2026-03-17 19:46:57,0.0,0.0
2026-03-17 19:47:12,0.0,0.0
2026-03-17 19:47:27,0.0,0.0
2026-03-17 19:47:42,0.0,0.0
2026-03-17 19:47:57,0.0,0.0
2026-03-17 19:48:12,0.0,0.0
2026-03-17 19:48:27,0.0,0.0
2026-03-17 19:48:42,0.0,0.0
2026-03-17 19:48:57,0.0,0.0
2026-03-17 19:49:12,0.0,0.0
2026-03-17 19:49:27,0.0,0.0
2026-03-17 19:49:42,0.0,0.0
2026-03-17 19:49:57,0.0,0.0
2026-03-17 19:50:12,0.0,0.0
2026-03-17 19:50:27,0.0,0.0
2026-03-17 19:50:42,0.0,0.0
2026-03-17 19:50:57,0.0,0.0
2026-03-17 19:51:12,0.0,0.0
2026-03-17 19:51:27,0.0,0.0
2026-03-17 19:51:42,0.0,0.0
2026-03-17 19:51:57,0.0,0.0
2026-03-17 19:52:12,0.0,0.0
2026-03-17 19:52:27,0.0,0.0
2026-03-17 19:52:42,0.0,0.0
2026-03-17 19:52:57,0.0,0.0
2026-03-17 19:53:12,0.0,0.0
2026-03-17 19:53:27,0.0,0.0
2026-03-17 19:53:42,0.0,0.0
2026-03-17 19:53:57,0.0,0.0
2026-03-17 19:54:12,0.0,0.0
2026-03-17 19:54:27,0.0,0.0
2026-03-17 19:54:42,0.0,0.0
2026-03-17 19:54:57,0.0,0.0
2026-03-17 19:55:12,0.0,0.0
2026-03-17 19:55:27,0.0,0.0
2026-03-17 19:55:42,0.0,0.0
2026-03-17 19:55:57,0.0,0.0
2026-03-17 19:56:12,0.0,0.0
2026-03-17 19:56:27,0.0,0.0
2026-03-17 19:56:42,0.0,0.0
2026-03-17 19:56:57,0.0,0.0
2026-03-17 19:57:12,0.0,0.0
2026-03-17 19:57:27,0.0,0.0
2026-03-17 19:57:42,0.0,0.0
2026-03-17 19:57:57,0.0,0.0
2026-03-17 19:58:12,0.0,0.0
2026-03-17 19:58:27,0.0,0.0
2026-03-17 19:58:42,0.0,0.0
2026-03-17 19:58:57,0.0,0.0
2026-03-17 19:59:12,0.0,0.0
2026-03-17 19:59:27,0.0,0.0
2026-03-17 19:59:42,0.0,0.0
2026-03-17 19:59:57,0.0,0.0
2026-03-17 20:00:12,0.0,0.0
2026-03-17 20:00:27,0.0,0.0
2026-03-17 20:00:42,0.0,0.0
2026-03-17 20:00:57,0.0,0.0
2026-03-17 20:01:12,0.0,0.0
2026-03-17 20:01:27,0.0,0.0
2026-03-17 20:01:42,0.0,0.0
2026-03-17 20:01:57,0.0,0.0
2026-03-17 20:02:12,0.0,0.0
2026-03-17 20:02:27,0.0,0.0
2026-03-17 20:02:42,0.0,0.0
2026-03-17 20:02:57,0.0,0.0
2026-03-17 20:03:12,0.0,0.0
2026-03-17 20:03:27,0.0,0.0
2026-03-17 20:03:42,0.0,0.0
2026-03-17 20:03:57,0.0,0.0
2026-03-17 20:04:12,0.0,0.0
2026-03-17 20:04:27,0.0,0.0
2026-03-17 20:04:42,0.0,0.0
2026-03-17 20:04:57,0.0,0.0
2026-03-17 20:05:12,0.0,0.0
2026-03-17 20:05:27,0.0,0.0
2026-03-17 20:05:42,0.0,0.0
2026-03-17 20:05:57,0.0,0.0
2026-03-17 20:06:12,0.0,0.0
2026-03-17 20:06:27,0.0,0.0
2026-03-17 20:06:42,0.0,0.0
2026-03-17 20:06:57,0.0,0.0
2026-03-17 20:07:12,0.0,0.0
2026-03-17 20:07:27,0.0,0.0
2026-03-17 20:07:42,0.0,0.0
2026-03-17 20:07:57,0.0,0.0
2026-03-17 20:08:12,0.0,0.0
2026-03-17 20:08:27,0.0,0.0
2026-03-17 20:08:42,0.0,0.0
2026-03-17 20:08:57,0.0,0.0
2026-03-17 20:09:12,0.0,0.0
2026-03-17 20:09:27,0.0,0.0
2026-03-17 20:09:42,0.0,0.0
2026-03-17 20:09:57,0.0,0.0
2026-03-17 20:10:12,0.0,0.0
2026-03-17 20:10:27,0.0,0.0
2026-03-17 20:10:42,0.0,0.0
2026-03-17 20:10:57,0.0,0.0
2026-03-17 20:11:12,0.0,0.0
2026-03-17 20:11:27,0.0,0.0
2026-03-17 20:11:42,0.0,0.0
2026-03-17 20:11:57,0.0,0.0
2026-03-17 20:12:12,0.0,0.0
2026-03-17 20:12:27,0.0,0.0
2026-03-17 20:12:42,0.0,0.0
2026-03-17 20:12:57,0.0,0.0
2026-03-17 20:13:12,0.0,0.0
2026-03-17 20:13:27,0.0,0.0
2026-03-17 20:13:42,0.0,0.0
2026-03-17 20:13:57,0.0,0.0
2026-03-17 20:14:12,0.0,0.0
2026-03-17 20:14:27,0.0,0.0
2026-03-17 20:14:42,0.0,0.0
2026-03-17 20:14:57,0.0,0.0
2026-03-17 20:15:12,0.0,0.0
2026-03-17 20:15:27,0.0,0.0
2026-03-17 20:15:42,0.0,0.0
2026-03-17 20:15:57,0.0,0.0
2026-03-17 20:16:12,0.0,0.0
2026-03-17 20:16:27,0.0,0.0
2026-03-17 20:16:42,0.0,0.0
2026-03-17 20:16:57,0.0,0.0
2026-03-17 20:17:12,0.0,0.0
2026-03-17 20:17:27,0.0,0.0
2026-03-17 20:17:42,0.0,0.0
2026-03-17 20:17:57,0.0,0.0
2026-03-17 20:18:12,0.0,0.0
2026-03-17 20:18:27,0.0,0.0
2026-03-17 20:18:42,0.0,0.0
2026-03-17 20:18:57,0.0,0.0
2026-03-17 20:19:12,0.0,0.0
2026-03-17 20:19:27,0.0,0.0
2026-03-17 20:19:42,0.0,0.0
2026-03-17 20:19:57,0.0,0.0
2026-03-17 20:20:12,0.0,0.0
2026-03-17 20:20:27,0.0,0.0
2026-03-17 20:20:42,0.0,0.0
2026-03-17 20:20:57,0.0,0.0
2026-03-17 20:21:12,0.0,0.0
2026-03-17 20:21:27,0.0,0.0
2026-03-17 20:21:42,0.0,0.0
2026-03-17 20:21:57,0.0,0.0
2026-03-17 20:22:12,0.0,0.0
2026-03-17 20:22:27,0.0,0.0
2026-03-17 20:22:42,0.0,0.0
2026-03-17 20:22:57,0.0,0.0
2026-03-17 20:23:12,0.0,0.0
2026-03-17 20:23:27,0.0,0.0
2026-03-17 20:23:42,0.0,0.0
2026-03-17 20:23:57,0.0,0.0
2026-03-17 20:24:12,0.0,0.0
2026-03-17 20:24:27,0.0,0.0
2026-03-17 20:24:42,0.0,0.0
2026-03-17 20:24:57,0.0,0.0
2026-03-17 20:25:12,0.0,0.0
2026-03-17 20:25:27,0.0,0.0
2026-03-17 20:25:42,0.0,0.0
2026-03-17 20:25:57,0.0,0.0
2026-03-17 20:26:12,0.0,0.0
2026-03-17 20:26:27,0.0,0.0
2026-03-17 20:26:42,0.0,0.0
2026-03-17 20:26:57,0.0,0.0
2026-03-17 20:27:12,0.0,0.0
2026-03-17 20:27:27,0.0,0.0
2026-03-17 20:27:42,0.0,0.0
2026-03-17 20:27:57,0.0,0.0
2026-03-17 20:28:12,0.0,0.0
2026-03-17 20:28:27,0.0,0.0
2026-03-17 20:28:42,0.0,0.0
2026-03-17 20:28:57,0.0,0.0
2026-03-17 20:29:12,0.0,0.0
2026-03-17 20:29:27,0.0,0.0
2026-03-17 20:29:42,0.0,0.0
2026-03-17 20:29:57,0.0,0.0
2026-03-17 20:30:12,0.0,0.0
2026-03-17 20:30:27,0.0,0.0
2026-03-17 20:30:42,0.0,0.0
2026-03-17 20:30:57,0.0,0.0
2026-03-17 20:31:12,0.0,0.0
2026-03-17 20:31:27,0.0,0.0
2026-03-17 20:31:42,0.0,0.0
2026-03-17 20:31:57,0.0,0.0
2026-03-17 20:32:12,0.0,0.0
2026-03-17 20:32:27,0.0,0.0
2026-03-17 20:32:42,0.0,0.0
2026-03-17 20:32:57,0.0,0.0
2026-03-17 20:33:12,0.0,0.0
2026-03-17 20:33:27,0.0,0.0
2026-03-17 20:33:42,0.0,0.0
2026-03-17 20:33:57,0.0,0.0
2026-03-17 20:34:12,0.0,0.0
2026-03-17 20:34:27,0.0,0.0
2026-03-17 20:34:42,0.0,0.0
2026-03-17 20:34:57,0.0,0.0
2026-03-17 20:35:12,0.0,0.0
2026-03-17 20:35:27,0.0,0.0
2026-03-17 20:35:42,0.0,0.0
2026-03-17 20:35:57,0.0,0.0
2026-03-17 20:36:12,0.0,0.0
2026-03-17 20:36:27,0.0,0.0
2026-03-17 20:36:42,0.0,0.0
2026-03-17 20:36:57,0.0,0.0
2026-03-17 20:37:12,0.0,0.0
2026-03-17 20:37:27,0.0,0.0
2026-03-17 20:37:42,0.0,0.0
2026-03-17 20:37:57,0.0,0.0
2026-03-17 20:38:12,0.0,0.0
2026-03-17 20:38:27,0.0,0.0
2026-03-17 20:38:42,0.0,0.0
2026-03-17 20:38:57,0.0,0.0
2026-03-17 20:39:12,0.0,0.0
2026-03-17 20:39:27,0.0,0.0
2026-03-17 20:39:42,0.0,0.0
2026-03-17 20:39:57,0.0,0.0
2026-03-17 20:40:12,0.0,0.0
2026-03-17 20:40:27,0.0,0.0
2026-03-17 20:40:42,0.0,0.0
2026-03-17 20:40:57,0.0,0.0
2026-03-17 20:41:12,0.0,0.0
2026-03-17 20:41:27,0.0,0.0
2026-03-17 20:41:42,0.0,0.0
2026-03-17 20:41:57,0.0,0.0
2026-03-17 20:42:12,0.0,0.0
2026-03-17 20:42:27,0.0,0.0
2026-03-17 20:42:42,0.0,0.0
2026-03-17 20:42:57,0.0,0.0
2026-03-17 20:43:12,0.0,0.0
2026-03-17 20:43:27,0.0,0.0
2026-03-17 20:43:42,0.0,0.0
2026-03-17 20:43:57,0.0,0.0
2026-03-17 20:44:12,0.0,0.0
2026-03-17 20:44:27,0.0,0.0
2026-03-17 20:44:42,0.0,0.0
2026-03-17 20:44:57,0.0,0.0
2026-03-17 20:45:12,0.0,0.0
2026-03-17 20:45:27,0.0,0.0
2026-03-17 20:45:42,0.0,0.0
2026-03-17 20:45:57,0.0,0.0
2026-03-17 20:46:12,0.0,0.0
2026-03-17 20:46:27,0.0,0.0
2026-03-17 20:46:42,0.0,0.0
2026-03-17 20:46:57,0.0,0.0
2026-03-17 20:47:12,0.0,0.0
2026-03-17 20:47:27,0.0,0.0
2026-03-17 20:47:42,0.0,0.0
2026-03-17 20:47:57,0.0,0.0
2026-03-17 20:48:12,0.0,0.0
2026-03-17 20:48:27,0.0,0.0
2026-03-17 20:48:42,0.0,0.0
2026-03-17 20:48:57,0.0,0.0
2026-03-17 20:49:12,0.0,0.0
2026-03-17 20:49:27,0.0,0.0
2026-03-17 20:49:42,0.0,0.0
2026-03-17 20:49:57,0.0,0.0
2026-03-17 20:50:12,0.0,0.0
2026-03-17 20:50:27,0.0,0.0
2026-03-17 20:50:42,0.0,0.0
2026-03-17 20:50:57,0.0,0.0
2026-03-17 20:51:12,0.0,0.0
2026-03-17 20:51:27,0.0,0.0
2026-03-17 20:51:42,0.0,0.0
2026-03-17 20:51:57,0.0,0.0
2026-03-17 20:52:12,0.0,0.0
2026-03-17 20:52:27,0.0,0.0
2026-03-17 20:52:42,0.0,0.0
2026-03-17 20:52:57,0.0,0.0
2026-03-17 20:53:12,0.0,0.0
2026-03-17 20:53:27,0.0,0.0
2026-03-17 20:53:42,0.0,0.0
2026-03-17 20:53:57,0.0,0.0
2026-03-17 20:54:12,0.0,0.0
2026-03-17 20:54:27,0.0,0.0
2026-03-17 20:54:42,0.0,0.0
2026-03-17 20:54:57,0.0,0.0
2026-03-17 20:55:12,0.0,0.0
2026-03-17 20:55:27,0.0,0.0
2026-03-17 20:55:42,0.0,0.0
2026-03-17 20:55:57,0.0,0.0
2026-03-17 20:56:12,0.0,0.0
2026-03-17 20:56:27,0.0,0.0
2026-03-17 20:56:42,0.0,0.0
2026-03-17 20:56:57,0.0,0.0
2026-03-17 20:57:12,0.0,0.0
2026-03-17 20:57:27,0.0,0.0
2026-03-17 20:57:42,0.0,0.0
2026-03-17 20:57:57,0.0,0.0
2026-03-17 20:58:12,0.0,0.0
2026-03-17 20:58:27,0.0,0.0
2026-03-17 20:58:42,0.0,0.0
2026-03-17 20:58:57,0.0,0.0
2026-03-17 20:59:12,0.0,0.0
2026-03-17 20:59:27,0.0,0.0
2026-03-17 20:59:42,0.0,0.0
2026-03-17 20:59:57,0.0,0.0
2026-03-17 21:00:12,0.0,0.0
2026-03-17 21:00:27,0.0,0.0
2026-03-17 21:00:42,0.0,0.0
2026-03-17 21:00:57,0.0,0.0
2026-03-17 21:01:12,0.0,0.0
2026-03-17 21:01:27,0.0,0.0
2026-03-17 21:01:42,0.0,0.0
2026-03-17 21:01:57,0.0,0.0
2026-03-17 21:02:12,0.0,0.0
2026-03-17 21:02:27,0.0,0.0
2026-03-17 21:02:42,0.0,0.0
2026-03-17 21:02:57,0.0,0.0
2026-03-17 21:03:12,0.0,0.0
2026-03-17 21:03:27,0.0,0.0
2026-03-17 21:03:42,0.0,0.0
2026-03-17 21:03:57,0.0,0.0
2026-03-17 21:04:12,0.0,0.0
2026-03-17 21:04:27,0.0,0.0
2026-03-17 21:04:42,0.0,0.0
2026-03-17 21:04:57,0.0,0.0
2026-03-17 21:05:12,0.0,0.0
2026-03-17 21:05:27,0.0,0.0
2026-03-17 21:05:42,0.0,0.0
2026-03-17 21:05:57,0.0,0.0
2026-03-17 21:06:12,0.0,0.0
2026-03-17 21:06:27,0.0,0.0
2026-03-17 21:06:42,0.0,0.0
2026-03-17 21:06:57,0.0,0.0
2026-03-17 21:07:12,0.0,0.0
2026-03-17 21:07:27,0.0,0.0
2026-03-17 21:07:42,0.0,0.0
2026-03-17 21:07:57,0.0,0.0
2026-03-17 21:08:12,0.0,0.0
2026-03-17 21:08:27,0.0,0.0
2026-03-17 21:08:42,0.0,0.0
2026-03-17 21:08:57,0.0,0.0
2026-03-17 21:09:12,0.0,0.0
2026-03-17 21:09:27,0.0,0.0
2026-03-17 21:09:42,0.0,0.0
2026-03-17 21:09:57,0.0,0.0
2026-03-17 21:10:12,0.0,0.0
2026-03-17 21:10:27,0.0,0.0
2026-03-17 21:10:42,0.0,0.0
2026-03-17 21:10:57,0.0,0.0
2026-03-17 21:11:12,0.0,0.0
2026-03-17 21:11:27,0.0,0.0
2026-03-17 21:11:42,0.0,0.0
2026-03-17 21:11:57,0.0,0.0
2026-03-17 21:12:12,0.0,0.0
2026-03-17 21:12:27,0.0,0.0
2026-03-17 21:12:42,0.0,0.0
2026-03-17 21:12:57,0.0,0.0
2026-03-17 21:13:12,0.0,0.0
2026-03-17 21:13:27,0.0,0.0
2026-03-17 21:13:42,0.0,0.0
2026-03-17 21:13:57,0.0,0.0
2026-03-17 21:14:12,0.0,0.0
2026-03-17 21:14:27,0.0,0.0
2026-03-17 21:14:42,0.0,0.0
2026-03-17 21:14:57,0.0,0.0
2026-03-17 21:15:12,0.0,0.0
2026-03-17 21:15:27,0.0,0.0
2026-03-17 21:15:42,0.0,0.0
2026-03-17 21:15:57,0.0,0.0
2026-03-17 21:16:12,0.0,0.0
2026-03-17 21:16:27,0.0,0.0
2026-03-17 21:16:42,0.0,0.0
2026-03-17 21:16:57,0.0,0.0
2026-03-17 21:17:12,0.0,0.0
2026-03-17 21:17:27,0.0,0.0
2026-03-17 21:17:42,0.0,0.0
2026-03-17 21:17:57,0.0,0.0
2026-03-17 21:18:12,0.0,0.0
2026-03-17 21:18:27,0.0,0.0
2026-03-17 21:18:42,0.0,0.0
2026-03-17 21:18:57,0.0,0.0
2026-03-17 21:19:12,0.0,0.0
2026-03-17 21:19:27,0.0,0.0
2026-03-17 21:19:42,0.0,0.0
2026-03-17 21:19:57,0.0,0.0
2026-03-17 21:20:12,0.0,0.0
2026-03-17 21:20:27,0.0,0.0
2026-03-17 21:20:42,0.0,0.0
2026-03-17 21:20:57,0.0,0.0
2026-03-17 21:21:12,0.0,0.0
2026-03-17 21:21:27,0.0,0.0
2026-03-17 21:21:42,0.0,0.0
2026-03-17 21:21:57,0.0,0.0
2026-03-17 21:22:12,0.0,0.0
2026-03-17 21:22:27,0.0,0.0
2026-03-17 21:22:42,0.0,0.0
2026-03-17 21:22:57,0.0,0.0
2026-03-17 21:23:12,0.0,0.0
2026-03-17 21:23:27,0.0,0.0
2026-03-17 21:23:42,0.0,0.0
2026-03-17 21:23:57,0.0,0.0
2026-03-17 21:24:12,0.0,0.0
2026-03-17 21:24:27,0.0,0.0
2026-03-17 21:24:42,0.0,0.0
2026-03-17 21:24:57,0.0,0.0
2026-03-17 21:25:12,0.0,0.0
2026-03-17 21:25:27,0.0,0.0
2026-03-17 21:25:42,0.0,0.0
2026-03-17 21:25:57,0.0,0.0
2026-03-17 21:26:12,0.0,0.0
2026-03-17 21:26:27,0.0,0.0
2026-03-17 21:26:42,0.0,0.0
2026-03-17 21:26:57,0.0,0.0
2026-03-17 21:27:12,0.0,0.0
2026-03-17 21:27:27,0.0,0.0
2026-03-17 21:27:42,0.0,0.0
2026-03-17 21:27:57,0.0,0.0
2026-03-17 21:28:12,0.0,0.0
2026-03-17 21:28:27,0.0,0.0
2026-03-17 21:28:42,0.0,0.0
2026-03-17 21:28:57,0.0,0.0
2026-03-17 21:29:12,0.0,0.0
2026-03-17 21:29:27,0.0,0.0
2026-03-17 21:29:42,0.0,0.0
2026-03-17 21:29:57,0.0,0.0
2026-03-17 21:30:12,0.0,0.0
2026-03-17 21:30:27,0.0,0.0
2026-03-17 21:30:42,0.0,0.0
2026-03-17 21:30:57,0.0,0.0
2026-03-17 21:31:12,0.0,0.0
2026-03-17 21:31:27,0.0,0.0
2026-03-17 21:31:42,0.0,0.0
2026-03-17 21:31:57,0.0,0.0
2026-03-17 21:32:12,0.0,0.0
2026-03-17 21:32:27,0.0,0.0
2026-03-17 21:32:42,0.0,0.0
2026-03-17 21:32:57,0.0,0.0
2026-03-17 21:33:12,0.0,0.0
2026-03-17 21:33:27,0.0,0.0
2026-03-17 21:33:42,0.0,0.0
2026-03-17 21:33:57,0.0,0.0
2026-03-17 21:34:12,0.0,0.0
2026-03-17 21:34:27,0.0,0.0
2026-03-17 21:34:42,0.0,0.0
2026-03-17 21:34:57,0.0,0.0
2026-03-17 21:35:12,0.0,0.0
2026-03-17 21:35:27,0.0,0.0
2026-03-17 21:35:42,0.0,0.0
2026-03-17 21:35:57,0.0,0.0
2026-03-17 21:36:12,0.0,0.0
2026-03-17 21:36:27,0.0,0.0
2026-03-17 21:36:42,0.0,0.0
2026-03-17 21:36:57,0.0,0.0
2026-03-17 21:37:12,0.0,0.0
2026-03-17 21:37:27,0.0,0.0
2026-03-17 21:37:42,0.0,0.0
2026-03-17 21:37:57,0.0,0.0
2026-03-17 21:38:12,0.0,0.0
2026-03-17 21:38:27,0.0,0.0
2026-03-17 21:38:42,0.0,0.0
2026-03-17 21:38:57,0.0,0.0
2026-03-17 21:39:12,0.0,0.0
2026-03-17 21:39:27,0.0,0.0
2026-03-17 21:39:42,0.0,0.0
2026-03-17 21:39:57,0.0,0.0
2026-03-17 21:40:12,0.0,0.0
2026-03-17 21:40:27,0.0,0.0
2026-03-17 21:40:42,0.0,0.0
2026-03-17 21:40:57,0.0,0.0
2026-03-17 21:41:12,0.0,0.0
2026-03-17 21:41:27,0.0,0.0
2026-03-17 21:41:42,0.0,0.0
2026-03-17 21:41:57,0.0,0.0
2026-03-17 21:42:12,0.0,0.0
2026-03-17 21:42:27,0.0,0.0
2026-03-17 21:42:42,0.0,0.0
2026-03-17 21:42:57,0.0,0.0
2026-03-17 21:43:12,0.0,0.0
2026-03-17 21:43:27,0.0,0.0
2026-03-17 21:43:42,0.0,0.0
2026-03-17 21:43:57,0.0,0.0
2026-03-17 21:44:12,0.0,0.0
2026-03-17 21:44:27,0.0,0.0
2026-03-17 21:44:42,0.0,0.0
2026-03-17 21:44:57,0.0,0.0
2026-03-17 21:45:12,0.0,0.0
2026-03-17 21:45:27,0.0,0.0
2026-03-17 21:45:42,0.0,0.0
2026-03-17 21:45:57,0.0,0.0
2026-03-17 21:46:12,0.0,0.0
2026-03-17 21:46:27,0.0,0.0
2026-03-17 21:46:42,0.0,0.0
2026-03-17 21:46:57,0.0,0.0
2026-03-17 21:47:12,0.0,0.0
2026-03-17 21:47:27,0.0,0.0
2026-03-17 21:47:42,0.0,0.0
2026-03-17 21:47:57,0.0,0.0
