time,tcc_auto,tcc_empi
2026-04-13 00:00:13,87.5,100.0
2026-04-13 00:00:27,87.5,100.0
2026-04-13 00:00:43,87.5,100.0
2026-04-13 00:00:57,87.5,100.0
2026-04-13 00:01:13,87.5,100.0
2026-04-13 00:01:28,87.5,100.0
2026-04-13 00:01:43,87.5,100.0
2026-04-13 00:01:58,87.5,100.0
2026-04-13 00:02:13,87.5,100.0
2026-04-13 00:02:28,87.5,100.0
2026-04-13 00:02:42,87.5,100.0
2026-04-13 00:02:57,87.5,100.0
2026-04-13 00:03:13,87.5,100.0
2026-04-13 00:03:27,87.5,100.0
2026-04-13 00:03:43,87.5,100.0
2026-04-13 00:03:57,87.5,100.0
2026-04-13 00:04:13,87.5,100.0
2026-04-13 00:04:27,87.5,100.0
2026-04-13 00:04:43,87.5,100.0
2026-04-13 00:04:57,87.5,100.0
2026-04-13 00:05:12,87.5,100.0
2026-04-13 00:05:27,87.5,100.0
2026-04-13 00:05:43,87.5,100.0
2026-04-13 00:05:57,87.5,100.0
2026-04-13 00:06:12,87.5,100.0
2026-04-13 00:06:27,100.0,100.0
2026-04-13 00:06:42,100.0,100.0
2026-04-13 00:06:57,100.0,100.0
2026-04-13 00:07:12,100.0,100.0
2026-04-13 00:07:27,100.0,100.0
2026-04-13 00:07:42,100.0,100.0
2026-04-13 00:07:57,100.0,100.0
2026-04-13 00:08:12,100.0,100.0
2026-04-13 00:08:28,100.0,100.0
2026-04-13 00:08:43,100.0,100.0
2026-04-13 00:08:58,100.0,100.0
2026-04-13 00:09:13,100.0,100.0
2026-04-13 00:09:28,100.0,100.0
2026-04-13 00:09:43,100.0,100.0
2026-04-13 00:09:58,100.0,100.0
2026-04-13 00:10:12,100.0,100.0
2026-04-13 00:10:27,100.0,100.0
2026-04-13 00:10:43,100.0,100.0
2026-04-13 00:10:57,100.0,100.0
2026-04-13 00:11:12,100.0,100.0
2026-04-13 00:11:27,100.0,100.0
2026-04-13 00:11:42,100.0,100.0
2026-04-13 00:11:57,100.0,100.0
2026-04-13 00:12:12,100.0,100.0
2026-04-13 00:12:27,100.0,100.0
2026-04-13 00:12:42,100.0,100.0
2026-04-13 00:12:57,100.0,100.0
2026-04-13 00:13:12,100.0,100.0
2026-04-13 00:13:27,100.0,100.0
2026-04-13 00:13:42,100.0,100.0
2026-04-13 00:13:57,100.0,100.0
2026-04-13 00:14:12,100.0,100.0
2026-04-13 00:14:27,100.0,100.0
2026-04-13 00:14:42,100.0,100.0
2026-04-13 00:14:57,100.0,100.0
2026-04-13 00:15:12,100.0,100.0
2026-04-13 00:15:27,100.0,100.0
2026-04-13 00:15:42,100.0,100.0
2026-04-13 00:15:57,100.0,100.0
2026-04-13 00:16:12,100.0,100.0
2026-04-13 00:16:27,100.0,100.0
2026-04-13 00:16:42,100.0,100.0
2026-04-13 00:16:57,100.0,100.0
2026-04-13 00:17:12,100.0,100.0
2026-04-13 00:17:27,100.0,100.0
2026-04-13 00:17:42,100.0,100.0
2026-04-13 00:17:57,100.0,100.0
2026-04-13 00:18:12,100.0,100.0
2026-04-13 00:18:27,100.0,100.0
2026-04-13 00:18:42,100.0,100.0
2026-04-13 00:18:57,100.0,100.0
2026-04-13 00:19:12,100.0,100.0
2026-04-13 00:19:27,100.0,100.0
2026-04-13 00:19:42,100.0,100.0
2026-04-13 00:19:57,100.0,100.0
2026-04-13 00:20:12,87.5,100.0
2026-04-13 00:20:27,87.5,100.0
2026-04-13 00:20:42,87.5,100.0
2026-04-13 00:20:57,87.5,100.0
2026-04-13 00:21:12,100.0,100.0
2026-04-13 00:21:27,100.0,100.0
2026-04-13 00:21:42,100.0,100.0
2026-04-13 00:21:57,100.0,100.0
2026-04-13 00:22:12,100.0,100.0
2026-04-13 00:22:27,100.0,100.0
2026-04-13 00:22:42,100.0,100.0
2026-04-13 00:22:57,100.0,100.0
2026-04-13 00:23:12,100.0,100.0
2026-04-13 00:23:27,100.0,100.0
2026-04-13 00:23:42,100.0,100.0
2026-04-13 00:23:57,100.0,100.0
2026-04-13 00:24:12,100.0,100.0
2026-04-13 00:24:27,100.0,100.0
2026-04-13 00:24:42,100.0,100.0
2026-04-13 00:24:57,100.0,100.0
2026-04-13 00:25:12,100.0,100.0
2026-04-13 00:25:27,100.0,100.0
2026-04-13 00:25:42,100.0,100.0
2026-04-13 00:25:57,100.0,100.0
2026-04-13 00:26:12,100.0,100.0
2026-04-13 00:26:27,100.0,100.0
2026-04-13 00:26:42,100.0,100.0
2026-04-13 00:26:57,100.0,100.0
2026-04-13 00:27:12,100.0,100.0
2026-04-13 00:27:27,100.0,100.0
2026-04-13 00:27:42,100.0,100.0
2026-04-13 00:27:57,100.0,100.0
2026-04-13 00:28:12,100.0,100.0
2026-04-13 00:28:27,100.0,100.0
2026-04-13 00:28:42,100.0,100.0
2026-04-13 00:28:57,100.0,100.0
2026-04-13 00:29:12,100.0,100.0
2026-04-13 00:29:27,100.0,100.0
2026-04-13 00:29:42,100.0,100.0
2026-04-13 00:29:57,100.0,100.0
2026-04-13 00:30:12,100.0,100.0
2026-04-13 00:30:27,100.0,100.0
2026-04-13 00:30:42,100.0,100.0
2026-04-13 00:30:57,100.0,100.0
2026-04-13 00:31:12,100.0,100.0
2026-04-13 00:31:27,100.0,100.0
2026-04-13 00:31:42,100.0,100.0
2026-04-13 00:31:57,100.0,100.0
2026-04-13 00:32:12,100.0,100.0
2026-04-13 00:32:27,100.0,100.0
2026-04-13 00:32:42,100.0,100.0
2026-04-13 00:32:57,100.0,100.0
2026-04-13 00:33:12,100.0,100.0
2026-04-13 00:33:27,100.0,100.0
2026-04-13 00:33:42,100.0,100.0
2026-04-13 00:33:57,100.0,100.0
2026-04-13 00:34:12,100.0,100.0
2026-04-13 00:34:27,100.0,100.0
2026-04-13 00:34:42,100.0,100.0
2026-04-13 00:34:57,100.0,100.0
2026-04-13 00:35:12,100.0,100.0
2026-04-13 00:35:27,100.0,100.0
2026-04-13 00:35:42,100.0,100.0
2026-04-13 00:35:57,100.0,100.0
2026-04-13 00:36:12,100.0,100.0
2026-04-13 00:36:27,100.0,100.0
2026-04-13 00:36:42,100.0,100.0
2026-04-13 00:36:57,100.0,100.0
2026-04-13 00:37:12,100.0,100.0
2026-04-13 00:37:27,100.0,100.0
2026-04-13 00:37:42,100.0,100.0
2026-04-13 00:37:57,100.0,100.0
2026-04-13 00:38:12,100.0,100.0
2026-04-13 00:38:27,100.0,100.0
2026-04-13 00:38:42,100.0,100.0
2026-04-13 00:38:57,100.0,100.0
2026-04-13 00:39:12,100.0,100.0
2026-04-13 00:39:27,100.0,100.0
2026-04-13 00:39:42,100.0,100.0
2026-04-13 00:39:57,100.0,100.0
2026-04-13 00:40:12,100.0,100.0
2026-04-13 00:40:27,100.0,100.0
2026-04-13 00:40:42,100.0,100.0
2026-04-13 00:40:57,100.0,100.0
2026-04-13 00:41:12,100.0,100.0
2026-04-13 00:41:27,100.0,100.0
2026-04-13 00:41:42,100.0,100.0
2026-04-13 00:41:57,100.0,100.0
2026-04-13 00:42:12,100.0,100.0
2026-04-13 00:42:27,100.0,100.0
2026-04-13 00:42:42,100.0,100.0
2026-04-13 00:42:57,100.0,100.0
2026-04-13 00:43:12,100.0,100.0
2026-04-13 00:43:27,100.0,100.0
2026-04-13 00:43:42,100.0,100.0
2026-04-13 00:43:57,100.0,100.0
2026-04-13 00:44:12,100.0,100.0
2026-04-13 00:44:27,100.0,100.0
2026-04-13 00:44:42,100.0,100.0
2026-04-13 00:44:57,100.0,100.0
2026-04-13 00:45:12,100.0,100.0
2026-04-13 00:45:27,100.0,100.0
2026-04-13 00:45:42,100.0,100.0
2026-04-13 00:45:57,100.0,100.0
2026-04-13 00:46:12,100.0,100.0
2026-04-13 00:46:27,100.0,100.0
2026-04-13 00:46:42,100.0,100.0
2026-04-13 00:46:57,100.0,100.0
2026-04-13 00:47:12,100.0,100.0
2026-04-13 00:47:27,100.0,100.0
2026-04-13 00:47:42,100.0,100.0
2026-04-13 00:47:57,100.0,100.0
2026-04-13 00:48:12,100.0,100.0
2026-04-13 00:48:27,100.0,100.0
2026-04-13 00:48:42,100.0,100.0
2026-04-13 00:48:57,100.0,100.0
2026-04-13 00:49:12,100.0,100.0
2026-04-13 00:49:27,100.0,100.0
2026-04-13 00:49:42,100.0,100.0
2026-04-13 00:49:57,100.0,100.0
2026-04-13 00:50:12,100.0,100.0
2026-04-13 00:50:27,100.0,100.0
2026-04-13 00:50:42,100.0,100.0
2026-04-13 00:50:57,100.0,100.0
2026-04-13 00:51:12,100.0,100.0
2026-04-13 00:51:27,100.0,100.0
2026-04-13 00:51:42,100.0,100.0
2026-04-13 00:51:57,100.0,100.0
2026-04-13 00:52:12,100.0,100.0
2026-04-13 00:52:27,100.0,100.0
2026-04-13 00:52:42,100.0,100.0
2026-04-13 00:52:57,100.0,100.0
2026-04-13 00:53:12,100.0,100.0
2026-04-13 00:53:27,100.0,100.0
2026-04-13 00:53:42,100.0,100.0
2026-04-13 00:53:57,100.0,100.0
2026-04-13 00:54:12,100.0,100.0
2026-04-13 00:54:27,100.0,100.0
2026-04-13 00:54:42,100.0,100.0
2026-04-13 00:54:57,100.0,100.0
2026-04-13 00:55:12,100.0,100.0
2026-04-13 00:55:27,100.0,100.0
2026-04-13 00:55:42,100.0,100.0
2026-04-13 00:55:57,100.0,100.0
2026-04-13 00:56:12,100.0,100.0
2026-04-13 00:56:27,100.0,100.0
2026-04-13 00:56:42,100.0,100.0
2026-04-13 00:56:57,100.0,100.0
2026-04-13 00:57:12,100.0,100.0
2026-04-13 00:57:27,100.0,100.0
2026-04-13 00:57:42,100.0,100.0
2026-04-13 00:57:57,100.0,100.0
2026-04-13 00:58:12,100.0,100.0
2026-04-13 00:58:27,100.0,100.0
2026-04-13 00:58:42,100.0,100.0
2026-04-13 00:58:57,100.0,100.0
2026-04-13 00:59:12,100.0,100.0
2026-04-13 00:59:27,100.0,100.0
2026-04-13 00:59:42,100.0,100.0
2026-04-13 00:59:57,100.0,100.0
2026-04-13 01:00:12,100.0,100.0
2026-04-13 01:00:27,100.0,100.0
2026-04-13 01:00:42,100.0,100.0
2026-04-13 01:00:57,100.0,100.0
2026-04-13 01:01:12,100.0,100.0
2026-04-13 01:01:27,100.0,100.0
2026-04-13 01:01:42,100.0,100.0
2026-04-13 01:01:57,100.0,100.0
2026-04-13 01:02:12,100.0,100.0
2026-04-13 01:02:27,100.0,100.0
2026-04-13 01:02:42,100.0,100.0
2026-04-13 01:02:57,100.0,100.0
2026-04-13 01:03:12,100.0,100.0
2026-04-13 01:03:27,100.0,100.0
2026-04-13 01:03:42,100.0,100.0
2026-04-13 01:03:57,100.0,100.0
2026-04-13 01:04:12,100.0,100.0
2026-04-13 01:04:27,100.0,100.0
2026-04-13 01:04:42,100.0,100.0
2026-04-13 01:04:57,100.0,100.0
2026-04-13 01:05:12,100.0,100.0
2026-04-13 01:05:27,100.0,100.0
2026-04-13 01:05:42,100.0,100.0
2026-04-13 01:05:57,100.0,100.0
2026-04-13 01:06:12,100.0,100.0
2026-04-13 01:06:27,100.0,100.0
2026-04-13 01:06:42,100.0,100.0
2026-04-13 01:06:57,100.0,100.0
2026-04-13 01:07:12,100.0,100.0
2026-04-13 01:07:27,100.0,100.0
2026-04-13 01:07:42,100.0,100.0
2026-04-13 01:07:57,100.0,100.0
2026-04-13 01:08:12,100.0,100.0
2026-04-13 01:08:27,100.0,100.0
2026-04-13 01:08:42,100.0,100.0
2026-04-13 01:08:57,100.0,100.0
2026-04-13 01:09:12,100.0,100.0
2026-04-13 01:09:27,100.0,100.0
2026-04-13 01:09:42,100.0,100.0
2026-04-13 01:09:57,100.0,100.0
2026-04-13 01:10:12,100.0,100.0
2026-04-13 01:10:27,100.0,100.0
2026-04-13 01:10:42,100.0,100.0
2026-04-13 01:10:57,100.0,100.0
2026-04-13 01:11:12,100.0,100.0
2026-04-13 01:11:27,100.0,100.0
2026-04-13 01:11:42,100.0,100.0
2026-04-13 01:11:57,100.0,100.0
2026-04-13 01:12:12,100.0,100.0
2026-04-13 01:12:27,100.0,100.0
2026-04-13 01:12:42,100.0,100.0
2026-04-13 01:12:57,100.0,100.0
2026-04-13 01:13:12,100.0,100.0
2026-04-13 01:13:27,100.0,100.0
2026-04-13 01:13:42,100.0,100.0
2026-04-13 01:13:57,100.0,100.0
2026-04-13 01:14:12,100.0,100.0
2026-04-13 01:14:27,100.0,100.0
2026-04-13 01:14:42,100.0,100.0
2026-04-13 01:14:57,100.0,100.0
2026-04-13 01:15:12,100.0,100.0
2026-04-13 01:15:27,100.0,100.0
2026-04-13 01:15:42,100.0,100.0
2026-04-13 01:15:57,100.0,100.0
2026-04-13 01:16:12,100.0,100.0
2026-04-13 01:16:27,100.0,100.0
2026-04-13 01:16:42,100.0,100.0
2026-04-13 01:16:57,100.0,100.0
2026-04-13 01:17:12,100.0,100.0
2026-04-13 01:17:27,100.0,100.0
2026-04-13 01:17:42,100.0,100.0
2026-04-13 01:17:57,100.0,100.0
2026-04-13 01:18:12,100.0,100.0
2026-04-13 01:18:27,100.0,100.0
2026-04-13 01:18:42,100.0,100.0
2026-04-13 01:18:57,100.0,100.0
2026-04-13 01:19:12,100.0,100.0
2026-04-13 01:19:27,100.0,100.0
2026-04-13 01:19:42,100.0,100.0
2026-04-13 01:19:57,100.0,100.0
2026-04-13 01:20:12,100.0,100.0
2026-04-13 01:20:27,100.0,100.0
2026-04-13 01:20:42,100.0,100.0
2026-04-13 01:20:57,100.0,100.0
2026-04-13 01:21:12,100.0,100.0
2026-04-13 01:21:27,100.0,100.0
2026-04-13 01:21:42,100.0,100.0
2026-04-13 01:21:57,100.0,100.0
2026-04-13 01:22:12,100.0,100.0
2026-04-13 01:22:27,100.0,100.0
2026-04-13 01:22:42,100.0,100.0
2026-04-13 01:22:57,100.0,100.0
2026-04-13 01:23:12,100.0,100.0
2026-04-13 01:23:27,100.0,100.0
2026-04-13 01:23:42,100.0,100.0
2026-04-13 01:23:57,100.0,100.0
2026-04-13 01:24:12,100.0,100.0
2026-04-13 01:24:27,100.0,100.0
2026-04-13 01:24:42,100.0,100.0
2026-04-13 01:24:57,100.0,100.0
2026-04-13 01:25:12,100.0,100.0
2026-04-13 01:25:27,100.0,100.0
2026-04-13 01:25:42,100.0,100.0
2026-04-13 01:25:57,100.0,100.0
2026-04-13 01:26:12,100.0,100.0
2026-04-13 01:26:27,100.0,100.0
2026-04-13 01:26:42,100.0,100.0
2026-04-13 01:26:57,100.0,100.0
2026-04-13 01:27:12,100.0,100.0
2026-04-13 01:27:27,100.0,100.0
2026-04-13 01:27:42,100.0,100.0
2026-04-13 01:27:57,100.0,100.0
2026-04-13 01:28:12,100.0,100.0
2026-04-13 01:28:27,100.0,100.0
2026-04-13 01:28:42,100.0,100.0
2026-04-13 01:28:57,100.0,100.0
2026-04-13 01:29:12,100.0,100.0
2026-04-13 01:29:27,100.0,100.0
2026-04-13 01:29:42,100.0,100.0
2026-04-13 01:29:57,100.0,100.0
2026-04-13 01:30:12,100.0,100.0
2026-04-13 01:30:27,100.0,100.0
2026-04-13 01:30:42,100.0,100.0
2026-04-13 01:30:57,100.0,100.0
2026-04-13 01:31:12,100.0,100.0
2026-04-13 01:31:27,100.0,100.0
2026-04-13 01:31:42,100.0,100.0
2026-04-13 01:31:57,100.0,100.0
2026-04-13 01:32:12,100.0,100.0
2026-04-13 01:32:27,100.0,100.0
2026-04-13 01:32:42,100.0,100.0
2026-04-13 01:32:57,100.0,100.0
2026-04-13 01:33:12,100.0,100.0
2026-04-13 01:33:27,100.0,100.0
2026-04-13 01:33:42,100.0,100.0
2026-04-13 01:33:57,100.0,100.0
2026-04-13 01:34:12,100.0,100.0
2026-04-13 01:34:27,100.0,100.0
2026-04-13 01:34:42,100.0,100.0
2026-04-13 01:34:57,100.0,100.0
2026-04-13 01:35:12,100.0,100.0
2026-04-13 01:35:27,100.0,100.0
2026-04-13 01:35:42,100.0,100.0
2026-04-13 01:35:57,100.0,100.0
2026-04-13 01:36:12,100.0,100.0
2026-04-13 01:36:27,100.0,100.0
2026-04-13 01:36:42,100.0,100.0
2026-04-13 01:36:57,100.0,100.0
2026-04-13 01:37:12,100.0,100.0
2026-04-13 01:37:27,100.0,100.0
2026-04-13 01:37:42,100.0,100.0
2026-04-13 01:37:57,100.0,100.0
2026-04-13 01:38:12,100.0,100.0
2026-04-13 01:38:27,100.0,100.0
2026-04-13 01:38:42,100.0,100.0
2026-04-13 01:38:57,100.0,100.0
2026-04-13 01:39:12,100.0,100.0
2026-04-13 01:39:27,100.0,100.0
2026-04-13 01:39:42,100.0,100.0
2026-04-13 01:39:57,100.0,100.0
2026-04-13 01:40:12,100.0,100.0
2026-04-13 01:40:27,100.0,100.0
2026-04-13 01:40:42,100.0,100.0
2026-04-13 01:40:57,100.0,100.0
2026-04-13 01:41:12,100.0,100.0
2026-04-13 01:41:27,100.0,100.0
2026-04-13 01:41:42,100.0,100.0
2026-04-13 01:41:57,100.0,100.0
2026-04-13 01:42:12,100.0,100.0
2026-04-13 01:42:27,100.0,100.0
2026-04-13 01:42:42,100.0,100.0
2026-04-13 01:42:57,100.0,100.0
2026-04-13 01:43:12,100.0,100.0
2026-04-13 01:43:27,100.0,100.0
2026-04-13 01:43:42,100.0,100.0
2026-04-13 01:43:57,100.0,100.0
2026-04-13 01:44:12,100.0,100.0
2026-04-13 01:44:27,100.0,100.0
2026-04-13 01:44:42,100.0,100.0
2026-04-13 01:44:57,100.0,100.0
2026-04-13 01:45:12,100.0,100.0
2026-04-13 01:45:27,100.0,100.0
2026-04-13 01:45:42,100.0,100.0
2026-04-13 01:45:57,100.0,100.0
2026-04-13 01:46:12,100.0,100.0
2026-04-13 01:46:27,100.0,100.0
2026-04-13 01:46:42,100.0,100.0
2026-04-13 01:46:57,100.0,100.0
2026-04-13 01:47:12,100.0,100.0
2026-04-13 01:47:27,100.0,100.0
2026-04-13 01:47:42,100.0,100.0
2026-04-13 01:47:57,100.0,100.0
2026-04-13 01:48:12,100.0,100.0
2026-04-13 01:48:27,100.0,100.0
2026-04-13 01:48:42,100.0,100.0
2026-04-13 01:48:57,100.0,100.0
2026-04-13 01:49:12,100.0,100.0
2026-04-13 01:49:27,100.0,100.0
2026-04-13 01:49:42,100.0,100.0
2026-04-13 01:49:57,100.0,100.0
2026-04-13 01:50:12,100.0,100.0
2026-04-13 01:50:27,100.0,100.0
2026-04-13 01:50:42,100.0,100.0
2026-04-13 01:50:57,100.0,100.0
2026-04-13 01:51:12,100.0,100.0
2026-04-13 01:51:27,100.0,100.0
2026-04-13 01:51:42,100.0,100.0
2026-04-13 01:51:57,100.0,100.0
2026-04-13 01:52:12,100.0,100.0
2026-04-13 01:52:27,100.0,100.0
2026-04-13 01:52:42,100.0,100.0
2026-04-13 01:52:57,100.0,100.0
2026-04-13 01:53:12,100.0,100.0
2026-04-13 01:53:27,100.0,100.0
2026-04-13 01:53:42,100.0,100.0
2026-04-13 01:53:57,100.0,100.0
2026-04-13 01:54:12,100.0,100.0
2026-04-13 01:54:27,100.0,100.0
2026-04-13 01:54:42,100.0,100.0
2026-04-13 01:54:57,100.0,100.0
2026-04-13 01:55:12,100.0,100.0
2026-04-13 01:55:27,100.0,100.0
2026-04-13 01:55:42,100.0,100.0
2026-04-13 01:55:57,100.0,100.0
2026-04-13 01:56:12,100.0,100.0
2026-04-13 01:56:27,100.0,100.0
2026-04-13 01:56:42,100.0,100.0
2026-04-13 01:56:57,100.0,100.0
2026-04-13 01:57:12,100.0,100.0
2026-04-13 01:57:27,100.0,100.0
2026-04-13 01:57:42,100.0,100.0
2026-04-13 01:57:57,100.0,100.0
2026-04-13 01:58:12,100.0,100.0
2026-04-13 01:58:27,100.0,100.0
2026-04-13 01:58:42,100.0,100.0
2026-04-13 01:58:57,100.0,100.0
2026-04-13 01:59:12,100.0,100.0
2026-04-13 01:59:27,100.0,100.0
2026-04-13 01:59:42,100.0,100.0
2026-04-13 01:59:57,100.0,100.0
2026-04-13 02:00:12,100.0,100.0
2026-04-13 02:00:27,100.0,100.0
2026-04-13 02:00:42,100.0,100.0
2026-04-13 02:00:57,100.0,100.0
2026-04-13 02:01:12,100.0,100.0
2026-04-13 02:01:27,100.0,100.0
2026-04-13 02:01:42,100.0,100.0
2026-04-13 02:01:57,100.0,100.0
2026-04-13 02:02:12,100.0,100.0
2026-04-13 02:02:27,100.0,100.0
2026-04-13 02:02:42,100.0,100.0
2026-04-13 02:02:57,100.0,100.0
2026-04-13 02:03:12,100.0,100.0
2026-04-13 02:03:27,100.0,100.0
2026-04-13 02:03:42,100.0,100.0
2026-04-13 02:03:57,100.0,100.0
2026-04-13 02:04:12,100.0,100.0
2026-04-13 02:04:27,100.0,100.0
2026-04-13 02:04:42,100.0,100.0
2026-04-13 02:04:57,100.0,100.0
2026-04-13 02:05:12,100.0,100.0
2026-04-13 02:05:27,100.0,100.0
2026-04-13 02:05:42,100.0,100.0
2026-04-13 02:05:57,100.0,100.0
2026-04-13 02:06:12,100.0,100.0
2026-04-13 02:06:27,100.0,100.0
2026-04-13 02:06:42,100.0,100.0
2026-04-13 02:06:57,100.0,100.0
2026-04-13 02:07:12,100.0,100.0
2026-04-13 02:07:27,100.0,100.0
2026-04-13 02:07:42,100.0,100.0
2026-04-13 02:07:57,100.0,100.0
2026-04-13 02:08:12,100.0,100.0
2026-04-13 02:08:27,100.0,100.0
2026-04-13 02:08:42,100.0,100.0
2026-04-13 02:08:57,100.0,100.0
2026-04-13 02:09:12,100.0,100.0
2026-04-13 02:09:27,100.0,100.0
2026-04-13 02:09:42,100.0,100.0
2026-04-13 02:09:57,100.0,100.0
2026-04-13 02:10:12,100.0,100.0
2026-04-13 02:10:27,100.0,100.0
2026-04-13 02:10:42,100.0,100.0
2026-04-13 02:10:57,100.0,100.0
2026-04-13 02:11:12,100.0,100.0
2026-04-13 02:11:27,100.0,100.0
2026-04-13 02:11:42,100.0,100.0
2026-04-13 02:11:57,100.0,100.0
2026-04-13 02:12:12,100.0,100.0
2026-04-13 02:12:27,100.0,100.0
2026-04-13 02:12:42,100.0,100.0
2026-04-13 02:12:57,100.0,100.0
2026-04-13 02:13:12,100.0,100.0
2026-04-13 02:13:27,100.0,100.0
2026-04-13 02:13:42,100.0,100.0
2026-04-13 02:13:57,100.0,100.0
2026-04-13 02:14:12,100.0,100.0
2026-04-13 02:14:27,100.0,100.0
2026-04-13 02:14:42,100.0,100.0
2026-04-13 02:14:57,100.0,100.0
2026-04-13 02:15:12,100.0,100.0
2026-04-13 02:15:27,100.0,100.0
2026-04-13 02:15:42,100.0,100.0
2026-04-13 02:15:57,100.0,100.0
2026-04-13 02:16:12,100.0,100.0
2026-04-13 02:16:27,100.0,100.0
2026-04-13 02:16:42,100.0,100.0
2026-04-13 02:16:57,100.0,100.0
2026-04-13 02:17:12,100.0,100.0
2026-04-13 02:17:27,100.0,100.0
2026-04-13 02:17:42,100.0,100.0
2026-04-13 02:17:57,100.0,100.0
2026-04-13 02:18:12,100.0,100.0
2026-04-13 02:18:27,100.0,100.0
2026-04-13 02:18:42,100.0,100.0
2026-04-13 02:18:57,100.0,100.0
2026-04-13 02:19:12,100.0,100.0
2026-04-13 02:19:27,100.0,100.0
2026-04-13 02:19:42,100.0,100.0
2026-04-13 02:19:57,100.0,100.0
2026-04-13 02:20:12,100.0,100.0
2026-04-13 02:20:27,100.0,100.0
2026-04-13 02:20:42,100.0,100.0
2026-04-13 02:20:57,100.0,100.0
2026-04-13 02:21:12,100.0,100.0
2026-04-13 02:21:27,100.0,100.0
2026-04-13 02:21:42,100.0,100.0
2026-04-13 02:21:57,100.0,100.0
2026-04-13 02:22:12,100.0,100.0
2026-04-13 02:22:27,100.0,100.0
2026-04-13 02:22:42,100.0,100.0
2026-04-13 02:22:57,100.0,100.0
2026-04-13 02:23:12,100.0,100.0
2026-04-13 02:23:27,100.0,100.0
2026-04-13 02:23:42,100.0,100.0
2026-04-13 02:23:57,100.0,100.0
2026-04-13 02:24:12,100.0,100.0
2026-04-13 02:24:27,100.0,100.0
2026-04-13 02:24:42,100.0,100.0
2026-04-13 02:24:57,100.0,100.0
2026-04-13 02:25:12,100.0,100.0
2026-04-13 02:25:27,100.0,100.0
2026-04-13 02:25:42,100.0,100.0
2026-04-13 02:25:57,100.0,100.0
2026-04-13 02:26:12,100.0,100.0
2026-04-13 02:26:27,100.0,100.0
2026-04-13 02:26:42,100.0,100.0
2026-04-13 02:26:57,100.0,100.0
2026-04-13 02:27:12,100.0,100.0
2026-04-13 02:27:27,100.0,100.0
2026-04-13 02:27:42,100.0,100.0
2026-04-13 02:27:57,100.0,100.0
2026-04-13 02:28:12,100.0,100.0
2026-04-13 02:28:27,100.0,100.0
2026-04-13 02:28:42,100.0,100.0
2026-04-13 02:28:57,100.0,100.0
2026-04-13 02:29:12,100.0,100.0
2026-04-13 02:29:27,100.0,100.0
2026-04-13 02:29:42,100.0,100.0
2026-04-13 02:29:57,100.0,100.0
2026-04-13 02:30:12,100.0,100.0
2026-04-13 02:30:27,100.0,100.0
2026-04-13 02:30:42,100.0,100.0
2026-04-13 02:30:57,100.0,100.0
2026-04-13 02:31:12,100.0,100.0
2026-04-13 02:31:27,100.0,100.0
2026-04-13 02:31:42,100.0,100.0
2026-04-13 02:31:57,100.0,100.0
2026-04-13 02:32:12,100.0,100.0
2026-04-13 02:32:27,100.0,100.0
2026-04-13 02:32:42,100.0,100.0
2026-04-13 02:32:57,100.0,100.0
2026-04-13 02:33:12,100.0,100.0
2026-04-13 02:33:27,100.0,100.0
2026-04-13 02:33:42,100.0,100.0
2026-04-13 02:33:57,100.0,100.0
2026-04-13 02:34:12,100.0,100.0
2026-04-13 02:34:27,100.0,100.0
2026-04-13 02:34:42,100.0,100.0
2026-04-13 02:34:57,100.0,100.0
2026-04-13 02:35:12,100.0,100.0
2026-04-13 02:35:27,100.0,100.0
2026-04-13 02:35:42,100.0,100.0
2026-04-13 02:35:57,100.0,100.0
2026-04-13 02:36:12,100.0,100.0
2026-04-13 02:36:27,100.0,100.0
2026-04-13 02:36:42,100.0,100.0
2026-04-13 02:36:57,100.0,100.0
2026-04-13 02:37:12,100.0,100.0
2026-04-13 02:37:27,100.0,100.0
2026-04-13 02:37:42,100.0,100.0
2026-04-13 02:37:57,100.0,100.0
2026-04-13 02:38:12,100.0,100.0
2026-04-13 02:38:27,100.0,100.0
2026-04-13 02:38:42,100.0,100.0
2026-04-13 02:38:57,100.0,100.0
2026-04-13 02:39:12,100.0,100.0
2026-04-13 02:39:27,100.0,100.0
2026-04-13 02:39:42,100.0,100.0
2026-04-13 02:39:57,100.0,100.0
2026-04-13 02:40:12,100.0,100.0
2026-04-13 02:40:27,100.0,100.0
2026-04-13 02:40:42,100.0,100.0
2026-04-13 02:40:57,100.0,100.0
2026-04-13 02:41:12,100.0,100.0
2026-04-13 02:41:27,100.0,100.0
2026-04-13 02:41:42,100.0,100.0
2026-04-13 02:41:57,100.0,100.0
2026-04-13 02:42:12,100.0,100.0
2026-04-13 02:42:27,100.0,100.0
2026-04-13 02:42:42,100.0,100.0
2026-04-13 02:42:57,100.0,100.0
2026-04-13 02:43:12,100.0,100.0
2026-04-13 02:43:27,100.0,100.0
2026-04-13 02:43:42,100.0,100.0
2026-04-13 02:43:57,100.0,100.0
2026-04-13 02:44:12,100.0,100.0
2026-04-13 02:44:27,100.0,100.0
2026-04-13 02:44:42,100.0,100.0
2026-04-13 02:44:57,100.0,100.0
2026-04-13 02:45:12,100.0,100.0
2026-04-13 02:45:27,100.0,100.0
2026-04-13 02:45:42,100.0,100.0
2026-04-13 02:45:57,100.0,100.0
2026-04-13 02:46:12,100.0,100.0
2026-04-13 02:46:27,100.0,100.0
2026-04-13 02:46:42,100.0,100.0
2026-04-13 02:46:57,100.0,100.0
2026-04-13 02:47:12,100.0,100.0
2026-04-13 02:47:27,100.0,100.0
2026-04-13 02:47:42,100.0,100.0
2026-04-13 02:47:57,100.0,100.0
2026-04-13 02:48:12,100.0,100.0
2026-04-13 02:48:27,100.0,100.0
2026-04-13 02:48:42,100.0,100.0
2026-04-13 02:48:57,100.0,100.0
2026-04-13 02:49:12,100.0,100.0
2026-04-13 02:49:27,100.0,100.0
2026-04-13 02:49:42,100.0,100.0
2026-04-13 02:49:57,100.0,100.0
2026-04-13 02:50:12,100.0,100.0
2026-04-13 02:50:27,100.0,100.0
2026-04-13 02:50:42,100.0,100.0
2026-04-13 02:50:57,100.0,100.0
2026-04-13 02:51:12,100.0,100.0
2026-04-13 02:51:27,100.0,100.0
2026-04-13 02:51:42,100.0,100.0
2026-04-13 02:51:57,100.0,100.0
2026-04-13 02:52:12,100.0,100.0
2026-04-13 02:52:27,100.0,100.0
2026-04-13 02:52:42,100.0,100.0
2026-04-13 02:52:57,100.0,100.0
2026-04-13 02:53:12,100.0,100.0
2026-04-13 02:53:27,100.0,100.0
2026-04-13 02:53:42,100.0,100.0
2026-04-13 02:53:57,100.0,100.0
2026-04-13 02:54:12,100.0,100.0
2026-04-13 02:54:27,100.0,100.0
2026-04-13 02:54:42,100.0,100.0
2026-04-13 02:54:57,100.0,100.0
2026-04-13 02:55:12,100.0,100.0
2026-04-13 02:55:27,100.0,100.0
2026-04-13 02:55:42,100.0,100.0
2026-04-13 02:55:57,100.0,100.0
2026-04-13 02:56:12,100.0,100.0
2026-04-13 02:56:27,100.0,100.0
2026-04-13 02:56:42,100.0,100.0
2026-04-13 02:56:57,100.0,100.0
2026-04-13 02:57:12,100.0,100.0
2026-04-13 02:57:27,100.0,100.0
2026-04-13 02:57:42,100.0,100.0
2026-04-13 02:57:57,100.0,100.0
2026-04-13 02:58:12,100.0,100.0
2026-04-13 02:58:27,100.0,100.0
2026-04-13 02:58:42,100.0,100.0
2026-04-13 02:58:57,100.0,100.0
2026-04-13 02:59:12,100.0,100.0
2026-04-13 02:59:27,100.0,100.0
2026-04-13 02:59:42,100.0,100.0
2026-04-13 02:59:57,100.0,100.0
2026-04-13 03:00:12,100.0,100.0
2026-04-13 03:00:27,100.0,100.0
2026-04-13 03:00:42,100.0,100.0
2026-04-13 03:00:57,100.0,100.0
2026-04-13 03:01:12,100.0,100.0
2026-04-13 03:01:27,100.0,100.0
2026-04-13 03:01:42,100.0,100.0
2026-04-13 03:01:57,100.0,100.0
2026-04-13 03:02:12,100.0,100.0
2026-04-13 03:02:27,100.0,100.0
2026-04-13 03:02:42,100.0,100.0
2026-04-13 03:02:57,100.0,100.0
2026-04-13 03:03:12,100.0,100.0
2026-04-13 03:03:27,100.0,100.0
2026-04-13 03:03:42,100.0,100.0
2026-04-13 03:03:57,100.0,100.0
2026-04-13 03:04:12,100.0,100.0
2026-04-13 03:04:27,100.0,100.0
2026-04-13 03:04:42,100.0,100.0
2026-04-13 03:04:57,100.0,100.0
2026-04-13 03:05:12,100.0,100.0
2026-04-13 03:05:27,100.0,100.0
2026-04-13 03:05:42,100.0,100.0
2026-04-13 03:05:57,100.0,100.0
2026-04-13 03:06:12,100.0,100.0
2026-04-13 03:06:27,100.0,100.0
2026-04-13 03:06:42,100.0,100.0
2026-04-13 03:06:57,100.0,100.0
2026-04-13 03:07:12,100.0,100.0
2026-04-13 03:07:27,100.0,100.0
2026-04-13 03:07:42,100.0,100.0
2026-04-13 03:07:57,100.0,100.0
2026-04-13 03:08:12,100.0,100.0
2026-04-13 03:08:27,100.0,100.0
2026-04-13 03:08:42,100.0,100.0
2026-04-13 03:08:57,100.0,100.0
2026-04-13 03:09:12,100.0,100.0
2026-04-13 03:09:27,100.0,100.0
2026-04-13 03:09:42,100.0,100.0
2026-04-13 03:09:57,100.0,100.0
2026-04-13 03:10:12,100.0,100.0
2026-04-13 03:10:27,100.0,100.0
2026-04-13 03:10:42,100.0,100.0
2026-04-13 03:10:57,100.0,100.0
2026-04-13 03:11:12,100.0,100.0
2026-04-13 03:11:27,100.0,100.0
2026-04-13 03:11:42,100.0,100.0
2026-04-13 03:11:57,100.0,100.0
2026-04-13 03:12:12,100.0,100.0
2026-04-13 03:12:27,100.0,100.0
2026-04-13 03:12:42,100.0,100.0
2026-04-13 03:12:57,100.0,100.0
2026-04-13 03:13:12,100.0,100.0
2026-04-13 03:13:27,100.0,100.0
2026-04-13 03:13:42,100.0,100.0
2026-04-13 03:13:57,100.0,100.0
2026-04-13 03:14:12,100.0,100.0
2026-04-13 03:14:27,100.0,100.0
2026-04-13 03:14:42,100.0,100.0
2026-04-13 03:14:57,100.0,100.0
2026-04-13 03:15:12,100.0,100.0
2026-04-13 03:15:27,100.0,100.0
2026-04-13 03:15:42,100.0,100.0
2026-04-13 03:15:57,100.0,100.0
2026-04-13 03:16:12,100.0,100.0
2026-04-13 03:16:27,100.0,100.0
2026-04-13 03:16:42,100.0,100.0
2026-04-13 03:16:57,100.0,100.0
2026-04-13 03:17:12,100.0,100.0
2026-04-13 03:17:27,100.0,100.0
2026-04-13 03:17:42,100.0,100.0
2026-04-13 03:17:57,100.0,100.0
2026-04-13 03:18:12,100.0,100.0
2026-04-13 03:18:27,100.0,100.0
2026-04-13 03:18:42,100.0,100.0
2026-04-13 03:18:57,100.0,100.0
2026-04-13 03:19:12,100.0,100.0
2026-04-13 03:19:27,100.0,100.0
2026-04-13 03:19:42,100.0,100.0
2026-04-13 03:19:57,100.0,100.0
2026-04-13 03:20:12,100.0,100.0
2026-04-13 03:20:27,100.0,100.0
2026-04-13 03:20:42,100.0,100.0
2026-04-13 03:20:57,100.0,100.0
2026-04-13 03:21:12,100.0,100.0
2026-04-13 03:21:27,100.0,100.0
2026-04-13 03:21:42,100.0,100.0
2026-04-13 03:21:57,100.0,100.0
2026-04-13 03:22:12,100.0,100.0
2026-04-13 03:22:27,100.0,100.0
2026-04-13 03:22:42,100.0,100.0
2026-04-13 03:22:57,100.0,100.0
2026-04-13 03:23:12,100.0,100.0
2026-04-13 03:23:27,100.0,100.0
2026-04-13 03:23:42,100.0,100.0
2026-04-13 03:23:57,100.0,100.0
2026-04-13 03:24:12,100.0,100.0
2026-04-13 03:24:27,100.0,100.0
2026-04-13 03:24:42,100.0,100.0
2026-04-13 03:24:57,100.0,100.0
2026-04-13 03:25:12,100.0,100.0
2026-04-13 03:25:27,100.0,100.0
2026-04-13 03:25:42,100.0,100.0
2026-04-13 03:25:57,100.0,100.0
2026-04-13 03:26:12,100.0,100.0
2026-04-13 03:26:27,100.0,100.0
2026-04-13 03:26:42,100.0,100.0
2026-04-13 03:26:57,100.0,100.0
2026-04-13 03:27:12,100.0,100.0
2026-04-13 03:27:27,100.0,100.0
2026-04-13 03:27:42,100.0,100.0
2026-04-13 03:27:57,100.0,100.0
2026-04-13 03:28:12,100.0,100.0
2026-04-13 03:28:27,100.0,100.0
2026-04-13 03:28:42,100.0,100.0
2026-04-13 03:28:57,100.0,100.0
2026-04-13 03:29:12,100.0,100.0
2026-04-13 03:29:27,100.0,100.0
2026-04-13 03:29:42,100.0,100.0
2026-04-13 03:29:57,100.0,100.0
2026-04-13 03:30:12,100.0,100.0
2026-04-13 03:30:27,100.0,100.0
2026-04-13 03:30:42,100.0,100.0
2026-04-13 03:30:57,100.0,100.0
2026-04-13 03:31:12,100.0,100.0
2026-04-13 03:31:27,100.0,100.0
2026-04-13 03:31:42,100.0,100.0
2026-04-13 03:31:57,100.0,100.0
2026-04-13 03:32:12,100.0,100.0
2026-04-13 03:32:27,100.0,100.0
2026-04-13 03:32:42,100.0,100.0
2026-04-13 03:32:57,100.0,100.0
2026-04-13 03:33:12,100.0,100.0
2026-04-13 03:33:27,100.0,100.0
2026-04-13 03:33:42,100.0,100.0
2026-04-13 03:33:57,100.0,100.0
2026-04-13 03:34:12,100.0,100.0
2026-04-13 03:34:27,100.0,100.0
2026-04-13 03:34:42,100.0,100.0
2026-04-13 03:34:57,100.0,100.0
2026-04-13 03:35:12,100.0,100.0
2026-04-13 03:35:27,100.0,100.0
2026-04-13 03:35:42,100.0,100.0
2026-04-13 03:35:57,100.0,100.0
2026-04-13 03:36:12,100.0,100.0
2026-04-13 03:36:27,100.0,100.0
2026-04-13 03:36:42,100.0,100.0
2026-04-13 03:36:57,100.0,100.0
2026-04-13 03:37:12,100.0,100.0
2026-04-13 03:37:27,100.0,100.0
2026-04-13 03:37:42,100.0,100.0
2026-04-13 03:37:57,100.0,100.0
2026-04-13 03:38:12,100.0,100.0
2026-04-13 03:38:27,100.0,100.0
2026-04-13 03:38:42,100.0,100.0
2026-04-13 03:38:57,100.0,100.0
2026-04-13 03:39:12,100.0,100.0
2026-04-13 03:39:27,100.0,100.0
2026-04-13 03:39:42,100.0,100.0
2026-04-13 03:39:57,100.0,100.0
2026-04-13 03:40:12,100.0,100.0
2026-04-13 03:40:27,100.0,100.0
2026-04-13 03:40:42,100.0,100.0
2026-04-13 03:40:57,100.0,100.0
2026-04-13 03:41:12,100.0,100.0
2026-04-13 03:41:27,100.0,100.0
2026-04-13 03:41:42,100.0,100.0
2026-04-13 03:41:57,100.0,100.0
2026-04-13 03:42:12,100.0,100.0
2026-04-13 03:42:27,100.0,100.0
2026-04-13 03:42:42,100.0,100.0
2026-04-13 03:42:57,100.0,100.0
2026-04-13 03:43:12,100.0,100.0
2026-04-13 03:43:27,100.0,100.0
2026-04-13 03:43:42,100.0,100.0
2026-04-13 03:43:57,100.0,100.0
2026-04-13 03:44:12,100.0,100.0
2026-04-13 03:44:27,100.0,100.0
2026-04-13 03:44:42,100.0,100.0
2026-04-13 03:44:57,100.0,100.0
2026-04-13 03:45:12,100.0,100.0
2026-04-13 03:45:27,100.0,100.0
2026-04-13 03:45:42,100.0,100.0
2026-04-13 03:45:57,100.0,100.0
2026-04-13 03:46:12,100.0,100.0
2026-04-13 03:46:27,100.0,100.0
2026-04-13 03:46:42,100.0,100.0
2026-04-13 03:46:57,100.0,100.0
2026-04-13 03:47:12,100.0,100.0
2026-04-13 03:47:27,100.0,100.0
2026-04-13 03:47:42,100.0,100.0
2026-04-13 03:47:57,100.0,100.0
2026-04-13 03:48:12,100.0,100.0
2026-04-13 03:48:27,100.0,100.0
2026-04-13 03:48:42,100.0,100.0
2026-04-13 03:48:57,100.0,100.0
2026-04-13 03:49:12,100.0,100.0
2026-04-13 03:49:27,100.0,100.0
2026-04-13 03:49:42,100.0,100.0
2026-04-13 03:49:57,100.0,100.0
2026-04-13 03:50:12,100.0,100.0
2026-04-13 03:50:27,100.0,100.0
2026-04-13 03:50:42,100.0,100.0
2026-04-13 03:50:57,100.0,100.0
2026-04-13 03:51:12,100.0,100.0
2026-04-13 03:51:27,100.0,100.0
2026-04-13 03:51:42,100.0,100.0
2026-04-13 03:51:57,100.0,100.0
2026-04-13 03:52:12,100.0,100.0
2026-04-13 03:52:27,100.0,100.0
2026-04-13 03:52:42,100.0,100.0
2026-04-13 03:52:57,100.0,100.0
2026-04-13 03:53:12,100.0,100.0
2026-04-13 03:53:27,100.0,100.0
2026-04-13 03:53:42,100.0,100.0
2026-04-13 03:53:57,100.0,100.0
2026-04-13 03:54:12,100.0,100.0
2026-04-13 03:54:27,100.0,100.0
2026-04-13 03:54:42,100.0,100.0
2026-04-13 03:54:57,100.0,100.0
2026-04-13 03:55:12,100.0,100.0
2026-04-13 03:55:27,100.0,100.0
2026-04-13 03:55:42,100.0,100.0
2026-04-13 03:55:57,100.0,100.0
2026-04-13 03:56:12,100.0,100.0
2026-04-13 03:56:27,100.0,100.0
2026-04-13 03:56:42,100.0,100.0
2026-04-13 03:56:57,100.0,100.0
2026-04-13 03:57:12,100.0,100.0
2026-04-13 03:57:27,100.0,100.0
2026-04-13 03:57:42,100.0,100.0
2026-04-13 03:57:57,100.0,100.0
2026-04-13 03:58:12,100.0,100.0
2026-04-13 03:58:27,100.0,100.0
2026-04-13 03:58:42,100.0,100.0
2026-04-13 03:58:57,100.0,100.0
2026-04-13 03:59:12,100.0,100.0
2026-04-13 03:59:27,100.0,100.0
2026-04-13 03:59:42,100.0,100.0
2026-04-13 03:59:57,100.0,100.0
2026-04-13 04:00:12,100.0,100.0
2026-04-13 04:00:27,100.0,100.0
2026-04-13 04:00:42,100.0,100.0
2026-04-13 04:00:57,100.0,100.0
2026-04-13 04:01:12,100.0,100.0
2026-04-13 04:01:27,100.0,100.0
2026-04-13 04:01:42,100.0,100.0
2026-04-13 04:01:57,100.0,100.0
2026-04-13 04:02:12,100.0,100.0
2026-04-13 04:02:27,100.0,100.0
2026-04-13 04:02:42,100.0,100.0
2026-04-13 04:02:57,100.0,100.0
2026-04-13 04:03:12,100.0,100.0
2026-04-13 04:03:27,100.0,100.0
2026-04-13 04:03:42,100.0,100.0
2026-04-13 04:03:57,100.0,100.0
2026-04-13 04:04:12,100.0,100.0
2026-04-13 04:04:27,100.0,100.0
2026-04-13 04:04:42,100.0,100.0
2026-04-13 04:04:57,100.0,100.0
2026-04-13 04:05:12,100.0,100.0
2026-04-13 04:05:27,100.0,100.0
2026-04-13 04:05:42,100.0,100.0
2026-04-13 04:05:57,100.0,100.0
2026-04-13 04:06:12,100.0,100.0
2026-04-13 04:06:27,100.0,100.0
2026-04-13 04:06:42,100.0,100.0
2026-04-13 04:06:57,100.0,100.0
2026-04-13 04:07:12,100.0,100.0
2026-04-13 04:07:27,100.0,100.0
2026-04-13 04:07:42,100.0,100.0
2026-04-13 04:07:57,100.0,100.0
2026-04-13 04:08:12,100.0,100.0
2026-04-13 04:08:27,100.0,100.0
2026-04-13 04:08:42,100.0,100.0
2026-04-13 04:08:57,100.0,100.0
2026-04-13 04:09:12,100.0,100.0
2026-04-13 04:09:27,100.0,100.0
2026-04-13 04:09:42,100.0,100.0
2026-04-13 04:09:57,100.0,100.0
2026-04-13 04:10:12,100.0,100.0
2026-04-13 04:10:27,100.0,100.0
2026-04-13 04:10:42,100.0,100.0
2026-04-13 04:10:57,100.0,100.0
2026-04-13 04:11:12,100.0,100.0
2026-04-13 04:11:27,100.0,100.0
2026-04-13 04:11:42,100.0,100.0
2026-04-13 04:11:57,100.0,100.0
2026-04-13 04:12:12,100.0,100.0
2026-04-13 04:12:27,100.0,100.0
2026-04-13 04:12:42,100.0,100.0
2026-04-13 04:12:57,100.0,100.0
2026-04-13 04:13:12,100.0,100.0
2026-04-13 04:13:27,100.0,100.0
2026-04-13 04:13:42,100.0,100.0
2026-04-13 04:13:57,100.0,100.0
2026-04-13 04:14:12,100.0,100.0
2026-04-13 04:14:27,100.0,100.0
2026-04-13 04:14:42,100.0,100.0
2026-04-13 04:14:57,100.0,100.0
2026-04-13 04:15:12,100.0,100.0
2026-04-13 04:15:27,100.0,100.0
2026-04-13 04:15:42,100.0,100.0
2026-04-13 04:15:57,100.0,100.0
2026-04-13 04:16:12,100.0,100.0
2026-04-13 04:16:27,100.0,100.0
2026-04-13 04:16:42,100.0,100.0
2026-04-13 04:16:57,100.0,100.0
2026-04-13 04:17:12,100.0,100.0
2026-04-13 04:17:27,100.0,100.0
2026-04-13 04:17:42,100.0,100.0
2026-04-13 04:17:57,100.0,100.0
2026-04-13 04:18:12,100.0,100.0
2026-04-13 04:18:27,100.0,100.0
2026-04-13 04:18:42,100.0,100.0
2026-04-13 04:18:57,100.0,100.0
2026-04-13 04:19:12,100.0,100.0
2026-04-13 04:19:27,100.0,100.0
2026-04-13 04:19:42,100.0,100.0
2026-04-13 04:19:57,100.0,100.0
2026-04-13 04:20:12,100.0,100.0
2026-04-13 04:20:27,100.0,100.0
2026-04-13 04:20:42,100.0,100.0
2026-04-13 04:20:57,100.0,100.0
2026-04-13 04:21:12,100.0,100.0
2026-04-13 04:21:27,100.0,100.0
2026-04-13 04:21:42,100.0,100.0
2026-04-13 04:21:57,100.0,100.0
2026-04-13 04:22:12,100.0,100.0
2026-04-13 04:22:27,100.0,100.0
2026-04-13 04:22:42,100.0,100.0
2026-04-13 04:22:57,100.0,100.0
2026-04-13 04:23:12,100.0,100.0
2026-04-13 04:23:27,100.0,100.0
2026-04-13 04:23:42,100.0,100.0
2026-04-13 04:23:57,100.0,100.0
2026-04-13 04:24:12,100.0,100.0
2026-04-13 04:24:27,100.0,100.0
2026-04-13 04:24:42,100.0,100.0
2026-04-13 04:24:57,100.0,100.0
2026-04-13 04:25:12,100.0,100.0
2026-04-13 04:25:27,100.0,100.0
2026-04-13 04:25:42,100.0,100.0
2026-04-13 04:25:57,100.0,100.0
2026-04-13 04:26:12,100.0,100.0
2026-04-13 04:26:27,100.0,100.0
2026-04-13 04:26:42,100.0,100.0
2026-04-13 04:26:57,100.0,100.0
2026-04-13 04:27:12,100.0,100.0
2026-04-13 04:27:27,100.0,100.0
2026-04-13 04:27:42,100.0,100.0
2026-04-13 04:27:57,100.0,100.0
2026-04-13 04:28:12,100.0,100.0
2026-04-13 04:28:27,100.0,100.0
2026-04-13 04:28:42,100.0,100.0
2026-04-13 04:28:57,100.0,100.0
2026-04-13 04:29:12,100.0,100.0
2026-04-13 04:29:27,100.0,100.0
2026-04-13 04:29:42,100.0,100.0
2026-04-13 04:29:57,100.0,100.0
2026-04-13 04:30:12,100.0,100.0
2026-04-13 04:30:27,100.0,100.0
2026-04-13 04:30:42,100.0,100.0
2026-04-13 04:30:57,100.0,100.0
2026-04-13 04:31:12,100.0,100.0
2026-04-13 04:31:27,100.0,100.0
2026-04-13 04:31:42,100.0,100.0
2026-04-13 04:31:57,100.0,100.0
2026-04-13 04:32:12,100.0,100.0
2026-04-13 04:32:27,100.0,100.0
2026-04-13 04:32:42,100.0,100.0
2026-04-13 04:32:57,100.0,100.0
2026-04-13 04:33:12,100.0,100.0
2026-04-13 04:33:27,100.0,100.0
2026-04-13 04:33:42,100.0,100.0
2026-04-13 04:33:57,100.0,100.0
2026-04-13 04:34:12,100.0,100.0
2026-04-13 04:34:27,100.0,100.0
2026-04-13 04:34:42,100.0,100.0
2026-04-13 04:34:57,100.0,100.0
2026-04-13 04:35:12,100.0,100.0
2026-04-13 04:35:27,100.0,100.0
2026-04-13 04:35:42,100.0,100.0
2026-04-13 04:35:57,100.0,100.0
2026-04-13 04:36:12,100.0,100.0
2026-04-13 04:36:27,100.0,100.0
2026-04-13 04:36:42,100.0,100.0
2026-04-13 04:36:57,100.0,100.0
2026-04-13 04:37:12,100.0,100.0
2026-04-13 04:37:27,100.0,100.0
2026-04-13 04:37:42,100.0,100.0
2026-04-13 04:37:57,100.0,100.0
2026-04-13 04:38:12,100.0,100.0
2026-04-13 04:38:27,100.0,100.0
2026-04-13 04:38:42,100.0,100.0
2026-04-13 04:38:57,100.0,100.0
2026-04-13 04:39:12,100.0,100.0
2026-04-13 04:39:27,100.0,100.0
2026-04-13 04:39:42,100.0,100.0
2026-04-13 04:39:57,100.0,100.0
2026-04-13 04:40:12,100.0,100.0
2026-04-13 04:40:27,100.0,100.0
2026-04-13 04:40:42,100.0,100.0
2026-04-13 04:40:57,100.0,100.0
2026-04-13 04:41:12,100.0,100.0
2026-04-13 04:41:27,100.0,100.0
2026-04-13 04:41:42,100.0,100.0
2026-04-13 04:41:57,100.0,100.0
2026-04-13 04:42:12,100.0,100.0
2026-04-13 04:42:27,100.0,100.0
2026-04-13 04:42:42,100.0,100.0
2026-04-13 04:42:57,100.0,100.0
2026-04-13 04:43:12,100.0,100.0
2026-04-13 04:43:27,100.0,100.0
2026-04-13 04:43:42,100.0,100.0
2026-04-13 04:43:57,100.0,100.0
2026-04-13 04:44:12,100.0,100.0
2026-04-13 04:44:27,100.0,100.0
2026-04-13 04:44:42,100.0,100.0
2026-04-13 04:44:57,100.0,100.0
2026-04-13 04:45:12,100.0,100.0
2026-04-13 04:45:27,100.0,100.0
2026-04-13 04:45:42,100.0,100.0
2026-04-13 04:45:57,100.0,100.0
2026-04-13 04:46:12,100.0,100.0
2026-04-13 04:46:27,100.0,100.0
2026-04-13 04:46:42,100.0,100.0
2026-04-13 04:46:57,100.0,100.0
2026-04-13 04:47:12,100.0,100.0
2026-04-13 04:47:27,100.0,100.0
2026-04-13 04:47:42,100.0,100.0
2026-04-13 04:47:57,100.0,100.0
2026-04-13 04:48:12,100.0,100.0
2026-04-13 04:48:27,100.0,100.0
2026-04-13 04:48:42,100.0,100.0
2026-04-13 04:48:57,100.0,100.0
2026-04-13 04:49:12,100.0,100.0
2026-04-13 04:49:27,100.0,100.0
2026-04-13 04:49:42,100.0,100.0
2026-04-13 04:49:57,100.0,100.0
2026-04-13 04:50:12,100.0,100.0
2026-04-13 04:50:27,100.0,100.0
2026-04-13 04:50:42,100.0,100.0
2026-04-13 04:50:57,100.0,100.0
2026-04-13 04:51:12,100.0,100.0
2026-04-13 04:51:27,100.0,100.0
2026-04-13 04:51:42,100.0,100.0
2026-04-13 04:51:57,100.0,100.0
2026-04-13 04:52:12,100.0,100.0
2026-04-13 04:52:27,100.0,100.0
2026-04-13 04:52:42,100.0,100.0
2026-04-13 04:52:57,100.0,100.0
2026-04-13 04:53:12,100.0,100.0
2026-04-13 04:53:27,100.0,100.0
2026-04-13 04:53:42,100.0,100.0
2026-04-13 04:53:57,100.0,100.0
2026-04-13 04:54:12,100.0,100.0
2026-04-13 04:54:27,100.0,100.0
2026-04-13 04:54:42,100.0,100.0
2026-04-13 04:54:57,100.0,100.0
2026-04-13 04:55:12,100.0,100.0
2026-04-13 04:55:27,100.0,100.0
2026-04-13 04:55:42,100.0,100.0
2026-04-13 04:55:57,100.0,100.0
2026-04-13 04:56:12,100.0,100.0
2026-04-13 04:56:27,100.0,100.0
2026-04-13 04:56:42,100.0,100.0
2026-04-13 04:56:57,100.0,100.0
2026-04-13 04:57:12,100.0,100.0
2026-04-13 04:57:27,100.0,100.0
2026-04-13 04:57:42,100.0,100.0
2026-04-13 04:57:57,100.0,100.0
2026-04-13 04:58:12,100.0,100.0
2026-04-13 04:58:27,100.0,100.0
2026-04-13 04:58:42,100.0,100.0
2026-04-13 04:58:57,100.0,100.0
2026-04-13 04:59:12,100.0,100.0
2026-04-13 04:59:27,100.0,100.0
2026-04-13 04:59:42,100.0,100.0
2026-04-13 04:59:57,100.0,100.0
2026-04-13 05:00:12,100.0,100.0
2026-04-13 05:00:27,100.0,100.0
2026-04-13 05:00:42,100.0,100.0
2026-04-13 05:00:57,100.0,100.0
2026-04-13 05:01:12,100.0,100.0
2026-04-13 05:01:27,100.0,100.0
2026-04-13 05:01:42,100.0,100.0
2026-04-13 05:01:57,100.0,100.0
2026-04-13 05:02:12,100.0,100.0
2026-04-13 05:02:27,100.0,100.0
2026-04-13 05:02:42,100.0,100.0
2026-04-13 05:02:57,100.0,100.0
2026-04-13 05:03:12,100.0,100.0
2026-04-13 05:03:27,100.0,100.0
2026-04-13 05:03:42,100.0,100.0
2026-04-13 05:03:57,100.0,100.0
2026-04-13 05:04:12,100.0,100.0
2026-04-13 05:04:27,100.0,100.0
2026-04-13 05:04:42,100.0,100.0
2026-04-13 05:04:57,100.0,100.0
2026-04-13 05:05:12,100.0,100.0
2026-04-13 05:05:27,100.0,100.0
2026-04-13 05:05:42,100.0,100.0
2026-04-13 05:05:57,100.0,100.0
2026-04-13 05:06:12,100.0,100.0
2026-04-13 05:06:27,100.0,100.0
2026-04-13 05:06:42,100.0,100.0
2026-04-13 05:06:57,100.0,100.0
2026-04-13 05:07:12,100.0,100.0
2026-04-13 05:07:27,100.0,100.0
2026-04-13 05:07:42,100.0,100.0
2026-04-13 05:07:57,100.0,100.0
2026-04-13 05:08:12,100.0,100.0
2026-04-13 05:08:27,100.0,100.0
2026-04-13 05:08:42,100.0,100.0
2026-04-13 05:08:57,100.0,100.0
2026-04-13 05:09:12,100.0,100.0
2026-04-13 05:09:27,100.0,100.0
2026-04-13 05:09:42,100.0,100.0
2026-04-13 05:09:57,100.0,100.0
2026-04-13 05:10:12,100.0,100.0
2026-04-13 05:10:27,100.0,100.0
2026-04-13 05:10:42,100.0,100.0
2026-04-13 05:10:57,100.0,100.0
2026-04-13 05:11:12,100.0,100.0
2026-04-13 05:11:27,100.0,100.0
2026-04-13 05:11:42,100.0,100.0
2026-04-13 05:11:57,100.0,100.0
2026-04-13 05:12:12,100.0,100.0
2026-04-13 05:12:27,100.0,100.0
2026-04-13 05:12:42,100.0,100.0
2026-04-13 05:12:57,100.0,100.0
2026-04-13 05:13:12,100.0,100.0
2026-04-13 05:13:27,100.0,100.0
2026-04-13 05:13:42,100.0,100.0
2026-04-13 05:13:57,100.0,100.0
2026-04-13 05:14:12,100.0,100.0
2026-04-13 05:14:27,100.0,100.0
2026-04-13 05:14:42,100.0,100.0
2026-04-13 05:14:57,100.0,100.0
2026-04-13 05:15:12,100.0,100.0
2026-04-13 05:15:27,100.0,100.0
2026-04-13 05:15:42,100.0,100.0
2026-04-13 05:15:57,100.0,100.0
2026-04-13 05:16:12,100.0,100.0
2026-04-13 05:16:27,100.0,100.0
2026-04-13 05:16:42,100.0,100.0
2026-04-13 05:16:57,100.0,100.0
2026-04-13 05:17:12,100.0,100.0
2026-04-13 05:17:27,100.0,100.0
2026-04-13 05:17:42,100.0,100.0
2026-04-13 05:17:57,100.0,100.0
2026-04-13 05:18:12,100.0,100.0
2026-04-13 05:18:27,100.0,100.0
2026-04-13 05:18:42,100.0,100.0
2026-04-13 05:18:57,100.0,100.0
2026-04-13 05:19:12,100.0,100.0
2026-04-13 05:19:27,100.0,100.0
2026-04-13 05:19:42,100.0,100.0
2026-04-13 05:19:57,100.0,100.0
2026-04-13 05:20:12,100.0,100.0
2026-04-13 05:20:27,100.0,100.0
2026-04-13 05:20:42,100.0,100.0
2026-04-13 05:20:57,100.0,100.0
2026-04-13 05:21:12,100.0,100.0
2026-04-13 05:21:27,100.0,100.0
2026-04-13 05:21:42,100.0,100.0
2026-04-13 05:21:57,100.0,100.0
2026-04-13 05:22:12,100.0,100.0
2026-04-13 05:22:27,100.0,100.0
2026-04-13 05:22:42,100.0,100.0
2026-04-13 05:22:57,100.0,100.0
2026-04-13 05:23:12,100.0,100.0
2026-04-13 05:23:27,100.0,100.0
2026-04-13 05:23:42,100.0,100.0
2026-04-13 05:23:57,100.0,100.0
2026-04-13 05:24:12,100.0,100.0
2026-04-13 05:24:27,100.0,100.0
2026-04-13 05:24:42,100.0,100.0
2026-04-13 05:24:57,100.0,100.0
2026-04-13 05:25:12,100.0,100.0
2026-04-13 05:25:27,100.0,100.0
2026-04-13 05:25:42,100.0,100.0
2026-04-13 05:25:57,100.0,100.0
2026-04-13 05:26:12,100.0,100.0
2026-04-13 05:26:27,100.0,100.0
2026-04-13 05:26:42,100.0,100.0
2026-04-13 05:26:57,100.0,100.0
2026-04-13 05:27:12,100.0,100.0
2026-04-13 05:27:27,100.0,100.0
2026-04-13 05:27:42,100.0,100.0
2026-04-13 05:27:57,100.0,100.0
2026-04-13 05:28:12,100.0,100.0
2026-04-13 05:28:27,100.0,100.0
2026-04-13 05:28:42,100.0,100.0
2026-04-13 05:28:57,100.0,100.0
2026-04-13 05:29:12,100.0,100.0
2026-04-13 05:29:27,100.0,100.0
2026-04-13 05:29:42,100.0,100.0
2026-04-13 05:29:57,100.0,100.0
2026-04-13 05:30:12,100.0,100.0
2026-04-13 05:30:27,100.0,100.0
2026-04-13 05:30:42,100.0,100.0
2026-04-13 05:30:57,100.0,100.0
2026-04-13 05:31:12,100.0,100.0
2026-04-13 05:31:27,100.0,100.0
2026-04-13 05:31:42,100.0,100.0
2026-04-13 05:31:57,100.0,100.0
2026-04-13 05:32:12,100.0,100.0
2026-04-13 05:32:27,100.0,100.0
2026-04-13 05:32:42,100.0,100.0
2026-04-13 05:32:57,100.0,100.0
2026-04-13 05:33:12,100.0,100.0
2026-04-13 05:33:27,100.0,100.0
2026-04-13 05:33:42,100.0,100.0
2026-04-13 05:33:57,100.0,100.0
2026-04-13 05:34:12,100.0,100.0
2026-04-13 05:34:27,100.0,100.0
2026-04-13 05:34:42,100.0,100.0
2026-04-13 05:34:57,100.0,100.0
2026-04-13 05:35:12,100.0,100.0
2026-04-13 05:35:27,100.0,100.0
2026-04-13 05:35:42,100.0,100.0
2026-04-13 05:35:57,100.0,100.0
2026-04-13 05:36:12,100.0,100.0
2026-04-13 05:36:27,100.0,100.0
2026-04-13 05:36:42,100.0,100.0
2026-04-13 05:36:57,100.0,100.0
2026-04-13 05:37:12,100.0,100.0
2026-04-13 05:37:27,100.0,100.0
2026-04-13 05:37:42,100.0,100.0
2026-04-13 05:37:57,100.0,100.0
2026-04-13 05:38:12,100.0,100.0
2026-04-13 05:38:27,100.0,100.0
2026-04-13 05:38:42,100.0,100.0
2026-04-13 05:38:57,100.0,100.0
2026-04-13 05:39:12,100.0,100.0
2026-04-13 05:39:27,100.0,100.0
2026-04-13 05:39:42,100.0,100.0
2026-04-13 05:39:57,100.0,100.0
2026-04-13 05:40:12,100.0,100.0
2026-04-13 05:40:27,100.0,100.0
2026-04-13 05:40:42,100.0,100.0
2026-04-13 05:40:57,100.0,100.0
2026-04-13 05:41:12,100.0,100.0
2026-04-13 05:41:27,100.0,100.0
2026-04-13 05:41:42,100.0,100.0
2026-04-13 05:41:57,100.0,100.0
2026-04-13 05:42:12,100.0,100.0
2026-04-13 05:42:27,100.0,100.0
2026-04-13 05:42:42,100.0,100.0
2026-04-13 05:42:57,100.0,100.0
2026-04-13 05:43:12,100.0,100.0
2026-04-13 05:43:27,100.0,100.0
2026-04-13 05:43:42,100.0,100.0
2026-04-13 05:43:57,100.0,100.0
2026-04-13 05:44:12,100.0,100.0
2026-04-13 05:44:27,100.0,100.0
2026-04-13 05:44:42,100.0,100.0
2026-04-13 05:44:57,100.0,100.0
2026-04-13 05:45:12,100.0,100.0
2026-04-13 05:45:27,100.0,100.0
2026-04-13 05:45:42,100.0,100.0
2026-04-13 05:45:57,100.0,100.0
2026-04-13 05:46:12,100.0,100.0
2026-04-13 05:46:27,100.0,100.0
2026-04-13 05:46:42,100.0,100.0
2026-04-13 05:46:57,100.0,100.0
2026-04-13 05:47:12,100.0,100.0
2026-04-13 05:47:27,100.0,100.0
2026-04-13 05:47:42,100.0,100.0
2026-04-13 05:47:57,100.0,100.0
2026-04-13 05:48:12,100.0,100.0
2026-04-13 05:48:27,100.0,100.0
2026-04-13 05:48:42,100.0,100.0
2026-04-13 05:48:57,100.0,100.0
2026-04-13 05:49:12,100.0,100.0
2026-04-13 05:49:27,100.0,100.0
2026-04-13 05:49:42,100.0,100.0
2026-04-13 05:49:57,87.5,100.0
2026-04-13 05:50:12,87.5,100.0
2026-04-13 05:50:27,87.5,100.0
2026-04-13 05:50:42,87.5,100.0
2026-04-13 05:50:57,87.5,100.0
2026-04-13 05:51:12,87.5,100.0
2026-04-13 05:51:27,100.0,100.0
2026-04-13 05:51:42,100.0,100.0
2026-04-13 05:51:57,100.0,100.0
2026-04-13 05:52:12,100.0,100.0
2026-04-13 05:52:27,100.0,100.0
2026-04-13 05:52:42,100.0,100.0
2026-04-13 05:52:57,100.0,100.0
2026-04-13 05:53:12,100.0,100.0
2026-04-13 05:53:27,100.0,100.0
2026-04-13 05:53:42,100.0,100.0
2026-04-13 05:53:57,100.0,100.0
2026-04-13 05:54:12,100.0,100.0
2026-04-13 05:54:27,100.0,100.0
2026-04-13 05:54:42,100.0,100.0
2026-04-13 05:54:57,100.0,100.0
2026-04-13 05:55:12,100.0,100.0
2026-04-13 05:55:27,100.0,100.0
2026-04-13 05:55:42,100.0,100.0
2026-04-13 05:55:57,100.0,100.0
2026-04-13 05:56:12,100.0,100.0
2026-04-13 05:56:27,100.0,100.0
2026-04-13 05:56:42,100.0,100.0
2026-04-13 05:56:57,100.0,100.0
2026-04-13 05:57:12,100.0,100.0
2026-04-13 05:57:27,100.0,100.0
2026-04-13 05:57:42,100.0,100.0
2026-04-13 05:57:57,100.0,100.0
2026-04-13 05:58:12,100.0,100.0
2026-04-13 05:58:27,100.0,100.0
2026-04-13 05:58:42,100.0,100.0
2026-04-13 05:58:57,100.0,100.0
2026-04-13 05:59:12,100.0,100.0
2026-04-13 05:59:27,100.0,100.0
2026-04-13 05:59:42,100.0,100.0
2026-04-13 05:59:57,87.5,100.0
2026-04-13 06:00:12,87.5,100.0
2026-04-13 06:00:27,87.5,100.0
2026-04-13 06:00:42,87.5,100.0
2026-04-13 06:00:57,87.5,100.0
2026-04-13 06:01:12,87.5,100.0
2026-04-13 06:01:27,100.0,100.0
2026-04-13 06:01:42,100.0,100.0
2026-04-13 06:01:57,100.0,100.0
2026-04-13 06:02:12,100.0,100.0
2026-04-13 06:02:27,100.0,100.0
2026-04-13 06:02:42,100.0,100.0
2026-04-13 06:02:57,100.0,100.0
2026-04-13 06:03:12,100.0,100.0
2026-04-13 06:03:27,100.0,100.0
2026-04-13 06:03:42,100.0,100.0
2026-04-13 06:03:57,100.0,100.0
2026-04-13 06:04:12,100.0,100.0
2026-04-13 06:04:27,100.0,100.0
2026-04-13 06:04:42,100.0,100.0
2026-04-13 06:04:57,100.0,100.0
2026-04-13 06:05:12,100.0,100.0
2026-04-13 06:05:27,100.0,100.0
2026-04-13 06:05:42,100.0,100.0
2026-04-13 06:05:57,100.0,100.0
2026-04-13 06:06:12,100.0,100.0
2026-04-13 06:06:27,100.0,100.0
2026-04-13 06:06:42,100.0,100.0
2026-04-13 06:06:57,100.0,100.0
2026-04-13 06:07:12,100.0,100.0
2026-04-13 06:07:27,100.0,100.0
2026-04-13 06:07:42,100.0,100.0
2026-04-13 06:07:57,100.0,100.0
2026-04-13 06:08:12,100.0,100.0
2026-04-13 06:08:27,100.0,100.0
2026-04-13 06:08:42,100.0,100.0
2026-04-13 06:08:57,100.0,100.0
2026-04-13 06:09:12,100.0,100.0
2026-04-13 06:09:27,100.0,100.0
2026-04-13 06:09:42,100.0,100.0
2026-04-13 06:09:57,100.0,100.0
2026-04-13 06:10:12,100.0,100.0
2026-04-13 06:10:27,100.0,100.0
2026-04-13 06:10:42,100.0,100.0
2026-04-13 06:10:57,100.0,100.0
2026-04-13 06:11:12,100.0,100.0
2026-04-13 06:11:27,100.0,100.0
2026-04-13 06:11:42,100.0,100.0
2026-04-13 06:11:57,100.0,100.0
2026-04-13 06:12:12,100.0,100.0
2026-04-13 06:12:27,100.0,100.0
2026-04-13 06:12:42,100.0,100.0
2026-04-13 06:12:57,100.0,100.0
2026-04-13 06:13:12,100.0,100.0
2026-04-13 06:13:27,100.0,100.0
2026-04-13 06:13:42,100.0,100.0
2026-04-13 06:13:57,100.0,100.0
2026-04-13 06:14:12,100.0,100.0
2026-04-13 06:14:27,100.0,100.0
2026-04-13 06:14:42,100.0,100.0
2026-04-13 06:14:57,100.0,100.0
2026-04-13 06:15:12,100.0,100.0
2026-04-13 06:15:27,100.0,100.0
2026-04-13 06:15:42,100.0,100.0
2026-04-13 06:15:57,100.0,100.0
2026-04-13 06:16:12,100.0,100.0
2026-04-13 06:16:27,100.0,100.0
2026-04-13 06:16:42,100.0,100.0
2026-04-13 06:16:57,100.0,100.0
2026-04-13 06:17:12,100.0,100.0
2026-04-13 06:17:27,100.0,100.0
2026-04-13 06:17:42,100.0,100.0
2026-04-13 06:17:57,100.0,100.0
2026-04-13 06:18:12,100.0,100.0
2026-04-13 06:18:27,100.0,100.0
2026-04-13 06:18:42,100.0,100.0
2026-04-13 06:18:57,100.0,100.0
2026-04-13 06:19:12,100.0,100.0
2026-04-13 06:19:27,100.0,100.0
2026-04-13 06:19:42,100.0,100.0
2026-04-13 06:19:57,100.0,100.0
2026-04-13 06:20:12,100.0,100.0
2026-04-13 06:20:27,100.0,100.0
2026-04-13 06:20:42,100.0,100.0
2026-04-13 06:20:57,100.0,100.0
2026-04-13 06:21:12,100.0,100.0
2026-04-13 06:21:27,100.0,100.0
2026-04-13 06:21:42,100.0,100.0
2026-04-13 06:21:57,100.0,100.0
2026-04-13 06:22:12,100.0,100.0
2026-04-13 06:22:27,100.0,100.0
2026-04-13 06:22:42,100.0,100.0
2026-04-13 06:22:57,100.0,100.0
2026-04-13 06:23:12,100.0,100.0
2026-04-13 06:23:27,100.0,100.0
2026-04-13 06:23:42,100.0,100.0
2026-04-13 06:23:57,100.0,100.0
2026-04-13 06:24:12,100.0,100.0
2026-04-13 06:24:27,100.0,100.0
2026-04-13 06:24:42,100.0,100.0
2026-04-13 06:24:57,100.0,100.0
2026-04-13 06:25:12,100.0,100.0
2026-04-13 06:25:27,100.0,100.0
2026-04-13 06:25:42,100.0,100.0
2026-04-13 06:25:57,100.0,100.0
2026-04-13 06:26:12,100.0,100.0
2026-04-13 06:26:27,100.0,100.0
2026-04-13 06:26:42,100.0,100.0
2026-04-13 06:26:57,100.0,100.0
2026-04-13 06:27:12,100.0,100.0
2026-04-13 06:27:27,100.0,100.0
2026-04-13 06:27:42,100.0,100.0
2026-04-13 06:27:57,100.0,100.0
2026-04-13 06:28:12,100.0,100.0
2026-04-13 06:28:27,100.0,100.0
2026-04-13 06:28:42,100.0,100.0
2026-04-13 06:28:57,100.0,100.0
2026-04-13 06:29:12,100.0,100.0
2026-04-13 06:29:27,100.0,100.0
2026-04-13 06:29:42,100.0,100.0
2026-04-13 06:29:57,100.0,100.0
2026-04-13 06:30:12,100.0,100.0
2026-04-13 06:30:27,100.0,100.0
2026-04-13 06:30:42,100.0,100.0
2026-04-13 06:30:57,100.0,100.0
2026-04-13 06:31:12,100.0,100.0
2026-04-13 06:31:27,100.0,100.0
2026-04-13 06:31:42,100.0,100.0
2026-04-13 06:31:57,100.0,100.0
2026-04-13 06:32:12,100.0,100.0
2026-04-13 06:32:27,100.0,100.0
2026-04-13 06:32:42,100.0,100.0
2026-04-13 06:32:57,100.0,100.0
2026-04-13 06:33:12,100.0,100.0
2026-04-13 06:33:27,100.0,100.0
2026-04-13 06:33:42,100.0,100.0
2026-04-13 06:33:57,100.0,100.0
2026-04-13 06:34:12,100.0,100.0
2026-04-13 06:34:27,100.0,100.0
2026-04-13 06:34:42,100.0,100.0
2026-04-13 06:34:57,100.0,100.0
2026-04-13 06:35:12,100.0,100.0
2026-04-13 06:35:27,100.0,100.0
2026-04-13 06:35:42,100.0,100.0
2026-04-13 06:35:57,100.0,100.0
2026-04-13 06:36:12,100.0,100.0
2026-04-13 06:36:27,100.0,100.0
2026-04-13 06:36:42,100.0,100.0
2026-04-13 06:36:57,100.0,100.0
2026-04-13 06:37:12,100.0,100.0
2026-04-13 06:37:27,100.0,100.0
2026-04-13 06:37:42,100.0,100.0
2026-04-13 06:37:57,100.0,100.0
2026-04-13 06:38:12,100.0,100.0
2026-04-13 06:38:27,100.0,100.0
2026-04-13 06:38:42,100.0,100.0
2026-04-13 06:38:57,100.0,100.0
2026-04-13 06:39:12,100.0,100.0
2026-04-13 06:39:27,100.0,100.0
2026-04-13 06:39:42,100.0,100.0
2026-04-13 06:39:57,100.0,100.0
2026-04-13 06:40:12,100.0,100.0
2026-04-13 06:40:27,100.0,100.0
2026-04-13 06:40:42,100.0,100.0
2026-04-13 06:40:57,100.0,100.0
2026-04-13 06:41:12,100.0,100.0
2026-04-13 06:41:27,100.0,100.0
2026-04-13 06:41:42,100.0,100.0
2026-04-13 06:41:57,100.0,100.0
2026-04-13 06:42:12,100.0,100.0
2026-04-13 06:42:27,100.0,100.0
2026-04-13 06:42:42,100.0,100.0
2026-04-13 06:42:57,100.0,100.0
2026-04-13 06:43:12,100.0,100.0
2026-04-13 06:43:27,100.0,100.0
2026-04-13 06:43:42,100.0,100.0
2026-04-13 06:43:57,100.0,100.0
2026-04-13 06:44:12,100.0,100.0
2026-04-13 06:44:27,100.0,100.0
2026-04-13 06:44:42,100.0,100.0
2026-04-13 06:44:57,100.0,100.0
2026-04-13 06:45:12,100.0,100.0
2026-04-13 06:45:27,100.0,100.0
2026-04-13 06:45:42,100.0,100.0
2026-04-13 06:45:57,100.0,100.0
2026-04-13 06:46:12,100.0,100.0
2026-04-13 06:46:27,100.0,100.0
2026-04-13 06:46:42,100.0,100.0
2026-04-13 06:46:57,100.0,100.0
2026-04-13 06:47:12,100.0,100.0
2026-04-13 06:47:27,100.0,100.0
2026-04-13 06:47:42,100.0,100.0
2026-04-13 06:47:57,100.0,100.0
2026-04-13 06:48:12,100.0,100.0
2026-04-13 06:48:27,100.0,100.0
2026-04-13 06:48:42,100.0,100.0
2026-04-13 06:48:57,100.0,100.0
2026-04-13 06:49:12,100.0,100.0
2026-04-13 06:49:27,100.0,100.0
2026-04-13 06:49:42,100.0,100.0
2026-04-13 06:49:57,100.0,100.0
2026-04-13 06:50:12,100.0,100.0
2026-04-13 06:50:27,100.0,100.0
2026-04-13 06:50:42,100.0,100.0
2026-04-13 06:50:57,100.0,100.0
2026-04-13 06:51:12,100.0,100.0
2026-04-13 06:51:27,100.0,100.0
2026-04-13 06:51:42,100.0,100.0
2026-04-13 06:51:57,100.0,100.0
2026-04-13 06:52:12,100.0,100.0
2026-04-13 06:52:27,100.0,100.0
2026-04-13 06:52:42,100.0,100.0
2026-04-13 06:52:57,100.0,100.0
2026-04-13 06:53:12,100.0,100.0
2026-04-13 06:53:27,100.0,100.0
2026-04-13 06:53:42,100.0,100.0
2026-04-13 06:53:57,100.0,100.0
2026-04-13 06:54:12,100.0,100.0
2026-04-13 06:54:27,100.0,100.0
2026-04-13 06:54:42,100.0,100.0
2026-04-13 06:54:57,100.0,100.0
2026-04-13 06:55:12,100.0,100.0
2026-04-13 06:55:27,100.0,100.0
2026-04-13 06:55:42,100.0,100.0
2026-04-13 06:55:57,100.0,100.0
2026-04-13 06:56:12,100.0,100.0
2026-04-13 06:56:27,100.0,100.0
2026-04-13 06:56:42,100.0,100.0
2026-04-13 06:56:57,100.0,100.0
2026-04-13 06:57:12,100.0,100.0
2026-04-13 06:57:27,100.0,100.0
2026-04-13 06:57:42,100.0,100.0
2026-04-13 06:57:57,100.0,100.0
2026-04-13 06:58:12,100.0,100.0
2026-04-13 06:58:27,100.0,100.0
2026-04-13 06:58:42,100.0,100.0
2026-04-13 06:58:57,100.0,100.0
2026-04-13 06:59:12,100.0,100.0
2026-04-13 06:59:27,100.0,100.0
2026-04-13 06:59:42,100.0,100.0
2026-04-13 06:59:57,100.0,100.0
2026-04-13 07:00:12,100.0,100.0
2026-04-13 07:00:27,100.0,100.0
2026-04-13 07:00:42,100.0,100.0
2026-04-13 07:00:57,100.0,100.0
2026-04-13 07:01:12,100.0,100.0
2026-04-13 07:01:27,100.0,100.0
2026-04-13 07:01:42,100.0,100.0
2026-04-13 07:01:57,100.0,100.0
2026-04-13 07:02:12,100.0,100.0
2026-04-13 07:02:27,100.0,100.0
2026-04-13 07:02:42,100.0,100.0
2026-04-13 07:02:57,100.0,100.0
2026-04-13 07:03:12,100.0,100.0
2026-04-13 07:03:27,100.0,100.0
2026-04-13 07:03:42,100.0,100.0
2026-04-13 07:03:57,100.0,100.0
2026-04-13 07:04:12,100.0,100.0
2026-04-13 07:04:27,100.0,100.0
2026-04-13 07:04:42,100.0,100.0
2026-04-13 07:04:57,100.0,100.0
2026-04-13 07:05:12,100.0,100.0
2026-04-13 07:05:27,100.0,100.0
2026-04-13 07:05:42,100.0,100.0
2026-04-13 07:05:57,100.0,100.0
2026-04-13 07:06:12,100.0,100.0
2026-04-13 07:06:27,100.0,100.0
2026-04-13 07:06:42,100.0,100.0
2026-04-13 07:06:57,100.0,100.0
2026-04-13 07:07:12,100.0,100.0
2026-04-13 07:07:27,100.0,100.0
2026-04-13 07:07:42,100.0,100.0
2026-04-13 07:07:57,100.0,100.0
2026-04-13 07:08:12,100.0,100.0
2026-04-13 07:08:27,100.0,100.0
2026-04-13 07:08:42,100.0,100.0
2026-04-13 07:08:57,100.0,100.0
2026-04-13 07:09:12,100.0,100.0
2026-04-13 07:09:27,100.0,100.0
2026-04-13 07:09:42,100.0,100.0
2026-04-13 07:09:57,100.0,100.0
2026-04-13 07:10:12,100.0,100.0
2026-04-13 07:10:27,100.0,100.0
2026-04-13 07:10:42,100.0,100.0
2026-04-13 07:10:57,100.0,100.0
2026-04-13 07:11:12,100.0,100.0
2026-04-13 07:11:27,100.0,100.0
2026-04-13 07:11:42,100.0,100.0
2026-04-13 07:11:57,100.0,100.0
2026-04-13 07:12:12,100.0,100.0
2026-04-13 07:12:27,100.0,100.0
2026-04-13 07:12:42,100.0,100.0
2026-04-13 07:12:57,100.0,100.0
2026-04-13 07:13:12,100.0,100.0
2026-04-13 07:13:27,100.0,100.0
2026-04-13 07:13:42,100.0,100.0
2026-04-13 07:13:57,100.0,100.0
2026-04-13 07:14:12,100.0,100.0
2026-04-13 07:14:27,100.0,100.0
2026-04-13 07:14:42,100.0,100.0
2026-04-13 07:14:57,100.0,100.0
2026-04-13 07:15:12,100.0,100.0
2026-04-13 07:15:27,100.0,100.0
2026-04-13 07:15:42,100.0,100.0
2026-04-13 07:15:57,100.0,100.0
2026-04-13 07:16:12,100.0,100.0
2026-04-13 07:16:27,100.0,100.0
2026-04-13 07:16:42,100.0,100.0
2026-04-13 07:16:57,100.0,100.0
2026-04-13 07:17:12,100.0,100.0
2026-04-13 07:17:27,87.5,100.0
2026-04-13 07:17:42,87.5,100.0
2026-04-13 07:17:57,87.5,100.0
2026-04-13 07:18:12,87.5,100.0
2026-04-13 07:18:27,100.0,100.0
2026-04-13 07:18:42,100.0,100.0
2026-04-13 07:18:57,100.0,100.0
2026-04-13 07:19:12,100.0,100.0
2026-04-13 07:19:27,100.0,100.0
2026-04-13 07:19:42,100.0,100.0
2026-04-13 07:19:57,100.0,100.0
2026-04-13 07:20:12,87.5,100.0
2026-04-13 07:20:27,87.5,100.0
2026-04-13 07:20:42,87.5,100.0
2026-04-13 07:20:57,87.5,100.0
2026-04-13 07:21:12,87.5,100.0
2026-04-13 07:21:27,87.5,100.0
2026-04-13 07:21:42,87.5,100.0
2026-04-13 07:21:57,87.5,100.0
2026-04-13 07:22:12,87.5,100.0
2026-04-13 07:22:27,87.5,100.0
2026-04-13 07:22:42,87.5,100.0
2026-04-13 07:22:57,87.5,100.0
2026-04-13 07:23:12,87.5,100.0
2026-04-13 07:23:27,87.5,100.0
2026-04-13 07:23:42,87.5,100.0
2026-04-13 07:23:57,87.5,100.0
2026-04-13 07:24:12,87.5,100.0
2026-04-13 07:24:27,87.5,100.0
2026-04-13 07:24:42,87.5,100.0
2026-04-13 07:24:57,87.5,100.0
2026-04-13 07:25:12,87.5,100.0
2026-04-13 07:25:27,87.5,100.0
2026-04-13 07:25:42,87.5,100.0
2026-04-13 07:25:57,87.5,100.0
2026-04-13 07:26:12,87.5,100.0
2026-04-13 07:26:27,87.5,100.0
2026-04-13 07:26:42,87.5,100.0
2026-04-13 07:26:57,87.5,100.0
2026-04-13 07:27:12,87.5,100.0
2026-04-13 07:27:27,87.5,100.0
2026-04-13 07:27:42,87.5,100.0
2026-04-13 07:27:57,87.5,100.0
2026-04-13 07:28:12,87.5,100.0
2026-04-13 07:28:27,87.5,100.0
2026-04-13 07:28:42,87.5,100.0
2026-04-13 07:28:57,87.5,100.0
2026-04-13 07:29:12,87.5,100.0
2026-04-13 07:29:27,87.5,100.0
2026-04-13 07:29:42,87.5,100.0
2026-04-13 07:29:57,87.5,100.0
2026-04-13 07:30:12,87.5,100.0
2026-04-13 07:30:27,87.5,100.0
2026-04-13 07:30:42,87.5,100.0
2026-04-13 07:30:57,87.5,100.0
2026-04-13 07:31:12,87.5,100.0
2026-04-13 07:31:27,87.5,100.0
2026-04-13 07:31:42,87.5,100.0
2026-04-13 07:31:57,87.5,100.0
2026-04-13 07:32:12,87.5,100.0
2026-04-13 07:32:27,87.5,100.0
2026-04-13 07:32:42,87.5,100.0
2026-04-13 07:32:57,87.5,100.0
2026-04-13 07:33:12,87.5,100.0
2026-04-13 07:33:27,87.5,100.0
2026-04-13 07:33:42,87.5,100.0
2026-04-13 07:33:57,87.5,100.0
2026-04-13 07:34:12,87.5,100.0
2026-04-13 07:34:27,87.5,100.0
2026-04-13 07:34:42,87.5,100.0
2026-04-13 07:34:57,87.5,100.0
2026-04-13 07:35:12,87.5,100.0
2026-04-13 07:35:27,87.5,100.0
2026-04-13 07:35:42,87.5,100.0
2026-04-13 07:35:57,87.5,100.0
2026-04-13 07:36:12,87.5,100.0
2026-04-13 07:36:27,87.5,100.0
2026-04-13 07:36:42,87.5,100.0
2026-04-13 07:36:57,87.5,100.0
2026-04-13 07:37:12,87.5,100.0
2026-04-13 07:37:27,87.5,100.0
2026-04-13 07:37:42,87.5,100.0
2026-04-13 07:37:57,87.5,100.0
2026-04-13 07:38:12,87.5,100.0
2026-04-13 07:38:27,87.5,100.0
2026-04-13 07:38:42,87.5,100.0
2026-04-13 07:38:57,87.5,100.0
2026-04-13 07:39:12,87.5,100.0
2026-04-13 07:39:27,87.5,100.0
2026-04-13 07:39:42,87.5,100.0
2026-04-13 07:39:57,87.5,100.0
2026-04-13 07:40:12,87.5,100.0
2026-04-13 07:40:27,87.5,100.0
2026-04-13 07:40:42,87.5,100.0
2026-04-13 07:40:57,87.5,100.0
2026-04-13 07:41:12,87.5,100.0
2026-04-13 07:41:27,87.5,100.0
2026-04-13 07:41:42,87.5,100.0
2026-04-13 07:41:57,87.5,100.0
2026-04-13 07:42:12,87.5,100.0
2026-04-13 07:42:27,87.5,100.0
2026-04-13 07:42:42,87.5,100.0
2026-04-13 07:42:57,87.5,100.0
2026-04-13 07:43:12,87.5,100.0
2026-04-13 07:43:27,87.5,100.0
2026-04-13 07:43:42,87.5,100.0
2026-04-13 07:43:57,87.5,100.0
2026-04-13 07:44:12,87.5,100.0
2026-04-13 07:44:27,87.5,100.0
2026-04-13 07:44:42,87.5,100.0
2026-04-13 07:44:57,87.5,100.0
2026-04-13 07:45:12,87.5,100.0
2026-04-13 07:45:27,87.5,100.0
2026-04-13 07:45:42,87.5,100.0
2026-04-13 07:45:57,87.5,100.0
2026-04-13 07:46:12,87.5,100.0
2026-04-13 07:46:27,87.5,100.0
2026-04-13 07:46:42,87.5,100.0
2026-04-13 07:46:57,87.5,100.0
2026-04-13 07:47:12,87.5,100.0
2026-04-13 07:47:27,87.5,100.0
2026-04-13 07:47:42,87.5,100.0
2026-04-13 07:47:57,87.5,100.0
2026-04-13 07:48:12,87.5,100.0
2026-04-13 07:48:27,87.5,100.0
2026-04-13 07:48:42,87.5,100.0
2026-04-13 07:48:57,87.5,100.0
2026-04-13 07:49:12,87.5,100.0
2026-04-13 07:49:27,87.5,100.0
2026-04-13 07:49:42,87.5,100.0
2026-04-13 07:49:57,87.5,100.0
2026-04-13 07:50:12,87.5,100.0
2026-04-13 07:50:27,87.5,100.0
2026-04-13 07:50:42,87.5,100.0
2026-04-13 07:50:57,87.5,100.0
2026-04-13 07:51:12,87.5,100.0
2026-04-13 07:51:27,87.5,100.0
2026-04-13 07:51:42,87.5,100.0
2026-04-13 07:51:57,87.5,100.0
2026-04-13 07:52:12,87.5,100.0
2026-04-13 07:52:27,87.5,100.0
2026-04-13 07:52:42,87.5,100.0
2026-04-13 07:52:57,87.5,100.0
2026-04-13 07:53:12,87.5,100.0
2026-04-13 07:53:27,87.5,100.0
2026-04-13 07:53:42,87.5,100.0
2026-04-13 07:53:57,87.5,100.0
2026-04-13 07:54:12,87.5,100.0
2026-04-13 07:54:27,87.5,100.0
2026-04-13 07:54:42,87.5,100.0
2026-04-13 07:54:57,87.5,100.0
2026-04-13 07:55:12,87.5,100.0
2026-04-13 07:55:27,87.5,100.0
2026-04-13 07:55:42,87.5,100.0
2026-04-13 07:55:57,87.5,100.0
2026-04-13 07:56:12,87.5,100.0
2026-04-13 07:56:27,87.5,100.0
2026-04-13 07:56:42,87.5,100.0
2026-04-13 07:56:57,87.5,100.0
2026-04-13 07:57:12,87.5,100.0
2026-04-13 07:57:27,87.5,100.0
2026-04-13 07:57:42,87.5,100.0
2026-04-13 07:57:57,87.5,100.0
2026-04-13 07:58:12,87.5,100.0
2026-04-13 07:58:27,87.5,100.0
2026-04-13 07:58:42,87.5,100.0
2026-04-13 07:58:57,87.5,100.0
2026-04-13 07:59:12,87.5,100.0
2026-04-13 07:59:27,87.5,100.0
2026-04-13 07:59:42,87.5,100.0
2026-04-13 07:59:57,87.5,100.0
2026-04-13 08:00:12,87.5,100.0
2026-04-13 08:00:27,87.5,100.0
2026-04-13 08:00:42,87.5,100.0
2026-04-13 08:00:57,87.5,100.0
2026-04-13 08:01:12,87.5,100.0
2026-04-13 08:01:27,87.5,100.0
2026-04-13 08:01:42,87.5,100.0
2026-04-13 08:01:57,87.5,100.0
2026-04-13 08:02:12,87.5,100.0
2026-04-13 08:02:27,87.5,100.0
2026-04-13 08:02:42,87.5,100.0
2026-04-13 08:02:57,87.5,100.0
2026-04-13 08:03:12,87.5,100.0
2026-04-13 08:03:27,87.5,100.0
2026-04-13 08:03:42,87.5,100.0
2026-04-13 08:03:57,87.5,100.0
2026-04-13 08:04:12,87.5,100.0
2026-04-13 08:04:27,87.5,100.0
2026-04-13 08:04:42,87.5,100.0
2026-04-13 08:04:57,87.5,100.0
2026-04-13 08:05:12,87.5,100.0
2026-04-13 08:05:27,87.5,100.0
2026-04-13 08:05:42,87.5,100.0
2026-04-13 08:05:57,87.5,100.0
2026-04-13 08:06:12,87.5,100.0
2026-04-13 08:06:27,87.5,100.0
2026-04-13 08:06:42,87.5,100.0
2026-04-13 08:06:57,87.5,100.0
2026-04-13 08:07:12,87.5,100.0
2026-04-13 08:07:27,87.5,100.0
2026-04-13 08:07:42,87.5,100.0
2026-04-13 08:07:57,87.5,100.0
2026-04-13 08:08:12,87.5,100.0
2026-04-13 08:08:27,87.5,100.0
2026-04-13 08:08:42,87.5,100.0
2026-04-13 08:08:57,87.5,100.0
2026-04-13 08:09:12,87.5,100.0
2026-04-13 08:09:27,87.5,100.0
2026-04-13 08:09:42,87.5,100.0
2026-04-13 08:09:57,87.5,100.0
2026-04-13 08:10:12,87.5,100.0
2026-04-13 08:10:27,87.5,100.0
2026-04-13 08:10:42,87.5,100.0
2026-04-13 08:10:57,87.5,100.0
2026-04-13 08:11:12,87.5,100.0
2026-04-13 08:11:27,87.5,100.0
2026-04-13 08:11:42,87.5,100.0
2026-04-13 08:11:57,87.5,100.0
2026-04-13 08:12:12,87.5,100.0
2026-04-13 08:12:27,87.5,100.0
2026-04-13 08:12:42,87.5,100.0
2026-04-13 08:12:57,87.5,100.0
2026-04-13 08:13:12,87.5,100.0
2026-04-13 08:13:27,87.5,100.0
2026-04-13 08:13:42,87.5,100.0
2026-04-13 08:13:57,87.5,100.0
2026-04-13 08:14:12,87.5,100.0
2026-04-13 08:14:27,87.5,100.0
2026-04-13 08:14:42,87.5,100.0
2026-04-13 08:14:57,87.5,100.0
2026-04-13 08:15:12,87.5,100.0
2026-04-13 08:15:27,87.5,100.0
2026-04-13 08:15:42,87.5,100.0
2026-04-13 08:15:57,87.5,100.0
2026-04-13 08:16:12,87.5,100.0
2026-04-13 08:16:27,87.5,100.0
2026-04-13 08:16:42,87.5,100.0
2026-04-13 08:16:57,87.5,100.0
2026-04-13 08:17:12,87.5,100.0
2026-04-13 08:17:27,87.5,100.0
2026-04-13 08:17:42,87.5,100.0
2026-04-13 08:17:57,87.5,100.0
2026-04-13 08:18:12,87.5,100.0
2026-04-13 08:18:27,87.5,100.0
2026-04-13 08:18:42,87.5,100.0
2026-04-13 08:18:57,87.5,100.0
2026-04-13 08:19:12,87.5,100.0
2026-04-13 08:19:27,100.0,100.0
2026-04-13 08:19:42,100.0,100.0
2026-04-13 08:19:57,87.5,100.0
2026-04-13 08:20:12,100.0,100.0
2026-04-13 08:20:27,100.0,100.0
2026-04-13 08:20:42,100.0,100.0
2026-04-13 08:20:57,100.0,100.0
2026-04-13 08:21:12,100.0,100.0
2026-04-13 08:21:27,100.0,100.0
2026-04-13 08:21:42,100.0,100.0
2026-04-13 08:21:57,100.0,100.0
2026-04-13 08:22:12,100.0,100.0
2026-04-13 08:22:27,100.0,100.0
2026-04-13 08:22:42,100.0,100.0
2026-04-13 08:22:57,100.0,100.0
2026-04-13 08:23:12,100.0,100.0
2026-04-13 08:23:27,100.0,100.0
2026-04-13 08:23:42,100.0,100.0
2026-04-13 08:23:57,100.0,100.0
2026-04-13 08:24:12,100.0,100.0
2026-04-13 08:24:27,100.0,100.0
2026-04-13 08:24:42,100.0,100.0
2026-04-13 08:24:57,100.0,100.0
2026-04-13 08:25:12,100.0,100.0
2026-04-13 08:25:27,100.0,100.0
2026-04-13 08:25:42,100.0,100.0
2026-04-13 08:25:57,100.0,100.0
2026-04-13 08:26:12,100.0,100.0
2026-04-13 08:26:27,100.0,100.0
2026-04-13 08:26:42,100.0,100.0
2026-04-13 08:26:57,100.0,100.0
2026-04-13 08:27:12,100.0,100.0
2026-04-13 08:27:27,100.0,100.0
2026-04-13 08:27:42,100.0,100.0
2026-04-13 08:27:57,100.0,100.0
2026-04-13 08:28:12,100.0,100.0
2026-04-13 08:28:27,100.0,100.0
2026-04-13 08:28:42,100.0,100.0
2026-04-13 08:28:57,100.0,100.0
2026-04-13 08:29:12,100.0,100.0
2026-04-13 08:29:27,100.0,100.0
2026-04-13 08:29:42,100.0,100.0
2026-04-13 08:29:57,100.0,100.0
2026-04-13 08:30:12,100.0,100.0
2026-04-13 08:30:27,100.0,100.0
2026-04-13 08:30:42,100.0,100.0
2026-04-13 08:30:57,100.0,100.0
2026-04-13 08:31:12,100.0,100.0
2026-04-13 08:31:27,100.0,100.0
2026-04-13 08:31:42,100.0,100.0
2026-04-13 08:31:57,100.0,99.36305732484077
2026-04-13 08:32:12,100.0,98.72611464968153
2026-04-13 08:32:27,100.0,98.08917197452229
2026-04-13 08:32:42,100.0,97.45222929936305
2026-04-13 08:32:57,100.0,96.81528662420382
2026-04-13 08:33:12,100.0,96.17834394904459
2026-04-13 08:33:27,100.0,95.54140127388536
2026-04-13 08:33:42,87.5,94.90445859872611
2026-04-13 08:33:57,87.5,94.26751592356688
2026-04-13 08:34:12,87.5,94.26751592356688
2026-04-13 08:34:27,87.5,93.63057324840764
2026-04-13 08:34:42,87.5,92.99363057324841
2026-04-13 08:34:57,87.5,92.99363057324841
2026-04-13 08:35:12,87.5,92.99363057324841
2026-04-13 08:35:27,87.5,92.99363057324841
2026-04-13 08:35:42,87.5,92.99363057324841
2026-04-13 08:35:57,87.5,92.99363057324841
2026-04-13 08:36:12,87.5,92.99363057324841
2026-04-13 08:36:27,87.5,92.99363057324841
2026-04-13 08:36:42,87.5,92.35668789808918
2026-04-13 08:36:57,87.5,92.35668789808918
2026-04-13 08:37:12,87.5,92.35668789808918
2026-04-13 08:37:27,87.5,92.35668789808918
2026-04-13 08:37:42,87.5,92.35668789808918
2026-04-13 08:37:57,87.5,92.35668789808918
2026-04-13 08:38:12,87.5,92.35668789808918
2026-04-13 08:38:27,87.5,91.71974522292994
2026-04-13 08:38:42,87.5,91.0828025477707
2026-04-13 08:38:57,87.5,90.44585987261146
2026-04-13 08:39:12,87.5,90.44585987261146
2026-04-13 08:39:27,87.5,89.80891719745223
2026-04-13 08:39:42,87.5,89.171974522293
2026-04-13 08:39:57,87.5,88.53503184713377
2026-04-13 08:40:12,87.5,87.89808917197452
2026-04-13 08:40:27,87.5,87.26114649681529
2026-04-13 08:40:42,87.5,86.62420382165605
2026-04-13 08:40:57,87.5,85.98726114649682
2026-04-13 08:41:12,87.5,85.35031847133759
2026-04-13 08:41:27,87.5,84.71337579617835
2026-04-13 08:41:42,87.5,84.71337579617835
2026-04-13 08:41:57,87.5,84.07643312101911
2026-04-13 08:42:12,87.5,83.43949044585987
2026-04-13 08:42:27,87.5,82.80254777070064
2026-04-13 08:42:42,87.5,82.16560509554141
2026-04-13 08:42:57,87.5,81.52866242038218
2026-04-13 08:43:12,87.5,80.89171974522293
2026-04-13 08:43:27,87.5,80.2547770700637
2026-04-13 08:43:42,87.5,79.61783439490446
2026-04-13 08:43:57,87.5,78.98089171974523
2026-04-13 08:44:12,87.5,78.343949044586
2026-04-13 08:44:27,87.5,77.70700636942675
2026-04-13 08:44:42,87.5,77.07006369426752
2026-04-13 08:44:57,87.5,76.43312101910828
2026-04-13 08:45:12,87.5,75.79617834394905
2026-04-13 08:45:27,87.5,75.15923566878982
2026-04-13 08:45:42,87.5,74.52229299363057
2026-04-13 08:45:57,87.5,73.88535031847134
2026-04-13 08:46:12,87.5,73.24840764331209
2026-04-13 08:46:27,87.5,72.61146496815286
2026-04-13 08:46:42,87.5,71.97452229299363
2026-04-13 08:46:57,87.5,71.3375796178344
2026-04-13 08:47:12,87.5,70.70063694267516
2026-04-13 08:47:27,87.5,70.06369426751591
2026-04-13 08:47:42,87.5,69.42675159235668
2026-04-13 08:47:57,87.5,68.78980891719745
2026-04-13 08:48:12,75.0,68.15286624203821
2026-04-13 08:48:27,75.0,67.51592356687898
2026-04-13 08:48:42,75.0,66.87898089171973
2026-04-13 08:48:57,75.0,66.2420382165605
2026-04-13 08:49:12,75.0,65.60509554140127
2026-04-13 08:49:27,75.0,64.96815286624204
2026-04-13 08:49:42,75.0,64.3312101910828
2026-04-13 08:49:57,75.0,63.69426751592356
2026-04-13 08:50:12,75.0,63.05732484076433
2026-04-13 08:50:27,75.0,62.42038216560509
2026-04-13 08:50:42,75.0,61.78343949044586
2026-04-13 08:50:57,75.0,61.146496815286625
2026-04-13 08:51:12,75.0,60.509554140127385
2026-04-13 08:51:27,75.0,59.87261146496815
2026-04-13 08:51:42,75.0,59.23566878980891
2026-04-13 08:51:57,75.0,58.59872611464968
2026-04-13 08:52:12,75.0,57.961783439490446
2026-04-13 08:52:27,75.0,57.324840764331206
2026-04-13 08:52:42,75.0,56.68789808917197
2026-04-13 08:52:57,75.0,56.05095541401274
2026-04-13 08:53:12,75.0,55.4140127388535
2026-04-13 08:53:27,75.0,54.77707006369427
2026-04-13 08:53:42,75.0,54.14012738853503
2026-04-13 08:53:57,75.0,53.503184713375795
2026-04-13 08:54:12,62.5,52.86624203821656
2026-04-13 08:54:27,62.5,52.22929936305732
2026-04-13 08:54:42,62.5,51.59235668789809
2026-04-13 08:54:57,62.5,50.955414012738856
2026-04-13 08:55:12,62.5,50.318471337579616
2026-04-13 08:55:27,62.5,49.681528662420384
2026-04-13 08:55:42,62.5,49.044585987261144
2026-04-13 08:55:57,62.5,48.40764331210191
2026-04-13 08:56:12,62.5,47.77070063694268
2026-04-13 08:56:27,62.5,47.77070063694268
2026-04-13 08:56:42,62.5,47.77070063694268
2026-04-13 08:56:57,62.5,47.77070063694268
2026-04-13 08:57:12,62.5,47.77070063694268
2026-04-13 08:57:27,62.5,47.77070063694268
2026-04-13 08:57:42,62.5,47.77070063694268
2026-04-13 08:57:57,62.5,47.77070063694268
2026-04-13 08:58:12,62.5,47.77070063694268
2026-04-13 08:58:27,62.5,47.77070063694268
2026-04-13 08:58:42,62.5,47.77070063694268
2026-04-13 08:58:57,62.5,47.77070063694268
2026-04-13 08:59:12,62.5,47.77070063694268
2026-04-13 08:59:27,62.5,47.77070063694268
2026-04-13 08:59:42,62.5,47.77070063694268
2026-04-13 08:59:57,75.0,47.77070063694268
2026-04-13 09:00:12,75.0,47.77070063694268
2026-04-13 09:00:27,75.0,47.77070063694268
2026-04-13 09:00:42,75.0,47.77070063694268
2026-04-13 09:00:57,75.0,49.06832298136646
2026-04-13 09:01:12,75.0,49.06832298136646
2026-04-13 09:01:27,75.0,49.06832298136646
2026-04-13 09:01:42,75.0,49.06832298136646
2026-04-13 09:01:57,75.0,49.06832298136646
2026-04-13 09:02:12,75.0,49.696969696969695
2026-04-13 09:02:27,75.0,49.09090909090909
2026-04-13 09:02:42,75.0,48.484848484848484
2026-04-13 09:02:57,75.0,47.878787878787875
2026-04-13 09:03:12,75.0,47.27272727272727
2026-04-13 09:03:27,75.0,47.928994082840234
2026-04-13 09:03:42,75.0,47.337278106508876
2026-04-13 09:03:57,75.0,46.74556213017752
2026-04-13 09:04:12,75.0,46.15384615384615
2026-04-13 09:04:27,75.0,45.562130177514796
2026-04-13 09:04:42,75.0,44.97041420118343
2026-04-13 09:04:57,75.0,45.664739884393065
2026-04-13 09:05:12,75.0,45.08670520231214
2026-04-13 09:05:27,75.0,44.50867052023121
2026-04-13 09:05:42,75.0,43.93063583815029
2026-04-13 09:05:57,75.0,43.35260115606936
2026-04-13 09:06:12,75.0,44.06779661016949
2026-04-13 09:06:27,75.0,43.50282485875706
2026-04-13 09:06:42,75.0,42.93785310734463
2026-04-13 09:06:57,75.0,42.3728813559322
2026-04-13 09:07:12,75.0,41.80790960451977
2026-04-13 09:07:27,75.0,41.24293785310734
2026-04-13 09:07:42,75.0,41.988950276243095
2026-04-13 09:07:57,75.0,41.43646408839779
2026-04-13 09:08:12,75.0,40.88397790055249
2026-04-13 09:08:27,75.0,40.331491712707184
2026-04-13 09:08:42,75.0,39.77900552486188
2026-04-13 09:08:57,75.0,40.54054054054054
2026-04-13 09:09:12,75.0,40.0
2026-04-13 09:09:27,75.0,39.45945945945946
2026-04-13 09:09:42,75.0,38.91891891891892
2026-04-13 09:09:57,75.0,38.37837837837838
2026-04-13 09:10:12,75.0,38.37837837837838
2026-04-13 09:10:27,75.0,39.682539682539684
2026-04-13 09:10:42,75.0,39.682539682539684
2026-04-13 09:10:57,75.0,39.682539682539684
2026-04-13 09:11:12,75.0,39.682539682539684
2026-04-13 09:11:27,75.0,39.682539682539684
2026-04-13 09:11:42,75.0,40.932642487046635
2026-04-13 09:11:57,75.0,40.932642487046635
2026-04-13 09:12:12,75.0,40.932642487046635
2026-04-13 09:12:27,75.0,40.932642487046635
2026-04-13 09:12:42,75.0,40.932642487046635
2026-04-13 09:12:57,75.0,40.932642487046635
2026-04-13 09:13:12,75.0,42.13197969543147
2026-04-13 09:13:27,75.0,42.13197969543147
2026-04-13 09:13:42,75.0,42.13197969543147
2026-04-13 09:13:57,75.0,42.13197969543147
2026-04-13 09:14:12,75.0,42.13197969543147
2026-04-13 09:14:27,75.0,43.28358208955223
2026-04-13 09:14:42,75.0,43.28358208955223
2026-04-13 09:14:57,75.0,43.28358208955223
2026-04-13 09:15:12,75.0,43.28358208955223
2026-04-13 09:15:27,75.0,43.28358208955223
2026-04-13 09:15:42,75.0,44.390243902439025
2026-04-13 09:15:57,75.0,44.390243902439025
2026-04-13 09:16:12,75.0,44.390243902439025
2026-04-13 09:16:27,75.0,44.390243902439025
2026-04-13 09:16:42,75.0,44.390243902439025
2026-04-13 09:16:57,75.0,44.390243902439025
2026-04-13 09:17:12,75.0,45.45454545454545
2026-04-13 09:17:27,75.0,45.45454545454545
2026-04-13 09:17:42,75.0,45.45454545454545
2026-04-13 09:17:57,75.0,45.45454545454545
2026-04-13 09:18:12,62.5,45.45454545454545
2026-04-13 09:18:27,75.0,46.478873239436616
2026-04-13 09:18:42,75.0,46.478873239436616
2026-04-13 09:18:57,75.0,46.478873239436616
2026-04-13 09:19:12,75.0,46.478873239436616
2026-04-13 09:19:27,75.0,46.478873239436616
2026-04-13 09:19:42,75.0,46.478873239436616
2026-04-13 09:19:57,75.0,47.465437788018434
2026-04-13 09:20:12,75.0,47.465437788018434
2026-04-13 09:20:27,75.0,47.465437788018434
2026-04-13 09:20:42,75.0,47.465437788018434
2026-04-13 09:20:57,75.0,47.465437788018434
2026-04-13 09:21:12,75.0,48.41628959276018
2026-04-13 09:21:27,75.0,48.41628959276018
2026-04-13 09:21:42,75.0,48.41628959276018
2026-04-13 09:21:57,75.0,48.41628959276018
2026-04-13 09:22:12,75.0,48.41628959276018
2026-04-13 09:22:27,75.0,48.41628959276018
2026-04-13 09:22:42,75.0,49.333333333333336
2026-04-13 09:22:57,75.0,49.333333333333336
2026-04-13 09:23:12,75.0,48.888888888888886
2026-04-13 09:23:27,75.0,48.44444444444444
2026-04-13 09:23:42,75.0,48.0
2026-04-13 09:23:57,75.0,48.47161572052402
2026-04-13 09:24:12,75.0,48.03493449781659
2026-04-13 09:24:27,75.0,47.59825327510917
2026-04-13 09:24:42,75.0,47.161572052401745
2026-04-13 09:24:57,75.0,46.724890829694324
2026-04-13 09:25:12,75.0,46.288209606986904
2026-04-13 09:25:27,75.0,46.78111587982833
2026-04-13 09:25:42,75.0,46.3519313304721
2026-04-13 09:25:57,62.5,45.92274678111588
2026-04-13 09:26:12,62.5,45.493562231759654
2026-04-13 09:26:27,62.5,45.06437768240343
2026-04-13 09:26:42,62.5,45.56962025316456
2026-04-13 09:26:57,62.5,45.14767932489451
2026-04-13 09:27:12,62.5,45.14767932489451
2026-04-13 09:27:27,62.5,45.14767932489451
2026-04-13 09:27:42,62.5,45.14767932489451
2026-04-13 09:27:57,62.5,46.058091286307054
2026-04-13 09:28:12,62.5,46.058091286307054
2026-04-13 09:28:27,62.5,46.058091286307054
2026-04-13 09:28:42,62.5,46.058091286307054
2026-04-13 09:28:57,62.5,46.058091286307054
2026-04-13 09:29:12,62.5,46.058091286307054
2026-04-13 09:29:27,62.5,46.93877551020408
2026-04-13 09:29:42,62.5,46.93877551020408
2026-04-13 09:29:57,62.5,46.93877551020408
2026-04-13 09:30:12,62.5,46.93877551020408
2026-04-13 09:30:27,62.5,46.93877551020408
2026-04-13 09:30:42,62.5,47.791164658634536
2026-04-13 09:30:57,62.5,47.791164658634536
2026-04-13 09:31:12,62.5,47.791164658634536
2026-04-13 09:31:27,62.5,47.791164658634536
2026-04-13 09:31:42,62.5,47.791164658634536
2026-04-13 09:31:57,62.5,47.791164658634536
2026-04-13 09:32:12,62.5,48.616600790513836
2026-04-13 09:32:27,62.5,48.616600790513836
2026-04-13 09:32:42,62.5,48.616600790513836
2026-04-13 09:32:57,62.5,48.616600790513836
2026-04-13 09:33:12,62.5,48.616600790513836
2026-04-13 09:33:27,62.5,49.416342412451364
2026-04-13 09:33:42,62.5,49.416342412451364
2026-04-13 09:33:57,62.5,49.416342412451364
2026-04-13 09:34:12,62.5,49.416342412451364
2026-04-13 09:34:27,62.5,49.416342412451364
2026-04-13 09:34:42,62.5,49.416342412451364
2026-04-13 09:34:57,75.0,50.191570881226056
2026-04-13 09:35:12,75.0,50.191570881226056
2026-04-13 09:35:27,75.0,50.191570881226056
2026-04-13 09:35:42,75.0,50.191570881226056
2026-04-13 09:35:57,62.5,50.191570881226056
2026-04-13 09:36:12,62.5,50.943396226415096
2026-04-13 09:36:27,62.5,50.943396226415096
2026-04-13 09:36:42,62.5,50.943396226415096
2026-04-13 09:36:57,62.5,50.943396226415096
2026-04-13 09:37:12,62.5,50.943396226415096
2026-04-13 09:37:27,62.5,51.6728624535316
2026-04-13 09:37:42,62.5,51.6728624535316
2026-04-13 09:37:57,62.5,51.6728624535316
2026-04-13 09:38:12,62.5,51.6728624535316
2026-04-13 09:38:27,62.5,51.6728624535316
2026-04-13 09:38:42,62.5,51.6728624535316
2026-04-13 09:38:57,62.5,52.38095238095239
2026-04-13 09:39:12,62.5,52.38095238095239
2026-04-13 09:39:27,62.5,52.38095238095239
2026-04-13 09:39:42,62.5,52.38095238095239
2026-04-13 09:39:57,62.5,52.38095238095239
2026-04-13 09:40:12,62.5,53.068592057761734
2026-04-13 09:40:27,62.5,53.068592057761734
2026-04-13 09:40:42,62.5,53.068592057761734
2026-04-13 09:40:57,62.5,53.068592057761734
2026-04-13 09:41:12,62.5,53.42960288808665
2026-04-13 09:41:27,62.5,53.79061371841155
2026-04-13 09:41:42,62.5,53.736654804270465
2026-04-13 09:41:57,62.5,53.736654804270465
2026-04-13 09:42:12,62.5,53.736654804270465
2026-04-13 09:42:27,62.5,54.092526690391466
2026-04-13 09:42:42,62.5,54.44839857651246
2026-04-13 09:42:57,62.5,54.03508771929825
2026-04-13 09:43:12,62.5,54.385964912280706
2026-04-13 09:43:27,62.5,54.385964912280706
2026-04-13 09:43:42,62.5,54.385964912280706
2026-04-13 09:43:57,62.5,54.385964912280706
2026-04-13 09:44:12,62.5,54.736842105263165
2026-04-13 09:44:27,75.0,53.979238754325266
2026-04-13 09:44:42,75.0,53.979238754325266
2026-04-13 09:44:57,75.0,53.979238754325266
2026-04-13 09:45:12,75.0,53.979238754325266
2026-04-13 09:45:27,75.0,53.979238754325266
2026-04-13 09:45:42,75.0,53.58361774744027
2026-04-13 09:45:57,75.0,53.58361774744027
2026-04-13 09:46:12,75.0,53.92491467576792
2026-04-13 09:46:27,75.0,53.92491467576792
2026-04-13 09:46:42,75.0,54.26621160409556
2026-04-13 09:46:57,75.0,54.26621160409556
2026-04-13 09:47:12,75.0,53.87205387205387
2026-04-13 09:47:27,75.0,54.20875420875421
2026-04-13 09:47:42,75.0,54.20875420875421
2026-04-13 09:47:57,75.0,54.20875420875421
2026-04-13 09:48:12,75.0,54.20875420875421
2026-04-13 09:48:27,75.0,53.820598006644516
2026-04-13 09:48:42,75.0,53.820598006644516
2026-04-13 09:48:57,75.0,54.15282392026578
2026-04-13 09:49:12,75.0,54.48504983388705
2026-04-13 09:49:27,75.0,54.48504983388705
2026-04-13 09:49:42,75.0,54.42622950819672
2026-04-13 09:49:57,75.0,54.75409836065573
2026-04-13 09:50:12,75.0,55.08196721311476
2026-04-13 09:50:27,75.0,55.08196721311476
2026-04-13 09:50:42,75.0,55.40983606557377
2026-04-13 09:50:57,75.0,55.73770491803278
2026-04-13 09:51:12,75.0,55.663430420711975
2026-04-13 09:51:27,75.0,55.663430420711975
2026-04-13 09:51:42,75.0,55.98705501618123
2026-04-13 09:51:57,75.0,56.310679611650485
2026-04-13 09:52:12,75.0,56.310679611650485
2026-04-13 09:52:27,75.0,56.23003194888179
2026-04-13 09:52:42,75.0,56.54952076677316
2026-04-13 09:52:57,75.0,56.86900958466453
2026-04-13 09:53:12,75.0,56.86900958466453
2026-04-13 09:53:27,75.0,56.86900958466453
2026-04-13 09:53:42,75.0,56.86900958466453
2026-04-13 09:53:57,75.0,57.413249211356465
2026-04-13 09:54:12,75.0,57.413249211356465
2026-04-13 09:54:27,75.0,57.413249211356465
2026-04-13 09:54:42,75.0,57.413249211356465
2026-04-13 09:54:57,75.0,57.413249211356465
2026-04-13 09:55:12,75.0,57.943925233644855
2026-04-13 09:55:27,75.0,57.943925233644855
2026-04-13 09:55:42,75.0,57.943925233644855
2026-04-13 09:55:57,75.0,57.943925233644855
2026-04-13 09:56:12,75.0,57.943925233644855
2026-04-13 09:56:27,75.0,57.943925233644855
2026-04-13 09:56:42,75.0,58.46153846153847
2026-04-13 09:56:57,75.0,58.46153846153847
2026-04-13 09:57:12,75.0,58.46153846153847
2026-04-13 09:57:27,75.0,58.46153846153847
2026-04-13 09:57:42,75.0,58.46153846153847
2026-04-13 09:57:57,75.0,58.96656534954408
2026-04-13 09:58:12,75.0,58.96656534954408
2026-04-13 09:58:27,75.0,58.96656534954408
2026-04-13 09:58:42,75.0,58.96656534954408
2026-04-13 09:58:57,87.5,58.96656534954408
2026-04-13 09:59:12,87.5,58.96656534954408
2026-04-13 09:59:27,87.5,58.85885885885885
2026-04-13 09:59:42,87.5,58.55855855855856
2026-04-13 09:59:57,87.5,58.55855855855856
2026-04-13 10:00:12,87.5,58.25825825825825
2026-04-13 10:00:27,87.5,57.95795795795796
2026-04-13 10:00:42,87.5,57.65765765765766
2026-04-13 10:00:57,87.5,57.35735735735735
2026-04-13 10:01:12,87.5,57.05705705705706
2026-04-13 10:01:27,87.5,57.14285714285714
2026-04-13 10:01:42,87.5,57.14285714285714
2026-04-13 10:01:57,87.5,57.14285714285714
2026-04-13 10:02:12,87.5,57.14285714285714
2026-04-13 10:02:27,87.5,57.14285714285714
2026-04-13 10:02:42,87.5,57.14285714285714
2026-04-13 10:02:57,87.5,57.14285714285714
2026-04-13 10:03:12,87.5,57.14285714285714
2026-04-13 10:03:27,87.5,57.446808510638306
2026-04-13 10:03:42,87.5,57.84615384615385
2026-04-13 10:03:57,87.5,57.84615384615385
2026-04-13 10:04:12,87.5,57.84615384615385
2026-04-13 10:04:27,87.5,57.84615384615385
2026-04-13 10:04:42,87.5,57.84615384615385
2026-04-13 10:04:57,87.5,57.84615384615385
2026-04-13 10:05:12,87.5,57.84615384615385
2026-04-13 10:05:27,87.5,57.84615384615385
2026-04-13 10:05:42,87.5,57.84615384615385
2026-04-13 10:05:57,87.5,58.56697819314641
2026-04-13 10:06:12,87.5,58.56697819314641
2026-04-13 10:06:27,87.5,58.56697819314641
2026-04-13 10:06:42,87.5,58.56697819314641
2026-04-13 10:06:57,87.5,58.56697819314641
2026-04-13 10:07:12,87.5,58.56697819314641
2026-04-13 10:07:27,87.5,58.56697819314641
2026-04-13 10:07:42,87.5,58.56697819314641
2026-04-13 10:07:57,87.5,59.305993690851736
2026-04-13 10:08:12,87.5,59.305993690851736
2026-04-13 10:08:27,87.5,59.305993690851736
2026-04-13 10:08:42,87.5,59.305993690851736
2026-04-13 10:08:57,87.5,59.305993690851736
2026-04-13 10:09:12,87.5,59.305993690851736
2026-04-13 10:09:27,87.5,59.305993690851736
2026-04-13 10:09:42,87.5,59.305993690851736
2026-04-13 10:09:57,87.5,59.62145110410094
2026-04-13 10:10:12,87.5,60.70287539936102
2026-04-13 10:10:27,87.5,61.0223642172524
2026-04-13 10:10:42,87.5,61.34185303514377
2026-04-13 10:10:57,87.5,61.66134185303515
2026-04-13 10:11:12,87.5,61.980830670926515
2026-04-13 10:11:27,87.5,62.30031948881789
2026-04-13 10:11:42,87.5,62.61980830670927
2026-04-13 10:11:57,87.5,62.939297124600635
2026-04-13 10:12:12,87.5,63.25878594249201
2026-04-13 10:12:27,87.5,64.40129449838187
2026-04-13 10:12:42,87.5,64.72491909385113
2026-04-13 10:12:57,87.5,65.0485436893204
2026-04-13 10:13:12,87.5,65.37216828478964
2026-04-13 10:13:27,87.5,65.69579288025889
2026-04-13 10:13:42,87.5,65.69579288025889
2026-04-13 10:13:57,87.5,65.69579288025889
2026-04-13 10:14:12,87.5,65.37216828478964
2026-04-13 10:14:27,87.5,65.0485436893204
2026-04-13 10:14:42,87.5,64.26229508196721
2026-04-13 10:14:57,87.5,63.934426229508205
2026-04-13 10:15:12,87.5,63.60655737704918
2026-04-13 10:15:27,87.5,63.60655737704918
2026-04-13 10:15:42,87.5,63.60655737704918
2026-04-13 10:15:57,87.5,63.60655737704918
2026-04-13 10:16:12,87.5,63.60655737704918
2026-04-13 10:16:27,87.5,63.60655737704918
2026-04-13 10:16:42,87.5,63.60655737704918
2026-04-13 10:16:57,87.5,63.12292358803987
2026-04-13 10:17:12,87.5,63.12292358803987
2026-04-13 10:17:27,87.5,63.45514950166113
2026-04-13 10:17:42,87.5,63.78737541528239
2026-04-13 10:17:57,87.5,64.11960132890366
2026-04-13 10:18:12,87.5,64.45182724252491
2026-04-13 10:18:27,87.5,64.78405315614619
2026-04-13 10:18:42,87.5,65.11627906976744
2026-04-13 10:18:57,87.5,65.4485049833887
2026-04-13 10:19:12,87.5,66.32996632996633
2026-04-13 10:19:27,87.5,66.66666666666666
2026-04-13 10:19:42,87.5,67.003367003367
2026-04-13 10:19:57,87.5,67.34006734006735
2026-04-13 10:20:12,87.5,67.67676767676768
2026-04-13 10:20:27,87.5,68.01346801346801
2026-04-13 10:20:42,87.5,68.35016835016835
2026-04-13 10:20:57,87.5,68.68686868686868
2026-04-13 10:21:12,87.5,69.02356902356902
2026-04-13 10:21:27,87.5,70.30716723549489
2026-04-13 10:21:42,87.5,70.64846416382252
2026-04-13 10:21:57,87.5,70.98976109215018
2026-04-13 10:22:12,87.5,71.33105802047781
2026-04-13 10:22:27,87.5,71.67235494880546
2026-04-13 10:22:42,87.5,72.01365187713311
2026-04-13 10:22:57,87.5,72.35494880546075
2026-04-13 10:23:12,87.5,72.6962457337884
2026-04-13 10:23:27,87.5,72.31833910034602
2026-04-13 10:23:42,87.5,72.31833910034602
2026-04-13 10:23:57,87.5,72.31833910034602
2026-04-13 10:24:12,87.5,72.31833910034602
2026-04-13 10:24:27,87.5,72.31833910034602
2026-04-13 10:24:42,87.5,72.31833910034602
2026-04-13 10:24:57,87.5,72.31833910034602
2026-04-13 10:25:12,87.5,72.31833910034602
2026-04-13 10:25:27,87.5,72.31833910034602
2026-04-13 10:25:42,87.5,71.9298245614035
2026-04-13 10:25:57,87.5,71.9298245614035
2026-04-13 10:26:12,87.5,71.9298245614035
2026-04-13 10:26:27,87.5,71.9298245614035
2026-04-13 10:26:42,87.5,71.9298245614035
2026-04-13 10:26:57,87.5,71.9298245614035
2026-04-13 10:27:12,87.5,71.9298245614035
2026-04-13 10:27:27,87.5,71.9298245614035
2026-04-13 10:27:42,87.5,71.9298245614035
2026-04-13 10:27:57,87.5,71.53024911032028
2026-04-13 10:28:12,87.5,71.53024911032028
2026-04-13 10:28:27,87.5,71.53024911032028
2026-04-13 10:28:42,87.5,71.53024911032028
2026-04-13 10:28:57,87.5,71.53024911032028
2026-04-13 10:29:12,87.5,71.53024911032028
2026-04-13 10:29:27,87.5,71.53024911032028
2026-04-13 10:29:42,87.5,71.53024911032028
2026-04-13 10:29:57,87.5,71.53024911032028
2026-04-13 10:30:12,87.5,71.11913357400722
2026-04-13 10:30:27,87.5,71.11913357400722
2026-04-13 10:30:42,87.5,71.11913357400722
2026-04-13 10:30:57,87.5,71.11913357400722
2026-04-13 10:31:12,87.5,71.11913357400722
2026-04-13 10:31:27,87.5,71.11913357400722
2026-04-13 10:31:42,87.5,71.11913357400722
2026-04-13 10:31:57,87.5,71.11913357400722
2026-04-13 10:32:12,87.5,71.11913357400722
2026-04-13 10:32:27,87.5,72.52747252747253
2026-04-13 10:32:42,87.5,72.89377289377289
2026-04-13 10:32:57,87.5,73.26007326007326
2026-04-13 10:33:12,87.5,73.62637362637363
2026-04-13 10:33:27,87.5,73.992673992674
2026-04-13 10:33:42,87.5,73.992673992674
2026-04-13 10:33:57,87.5,74.35897435897436
2026-04-13 10:34:12,87.5,74.72527472527473
2026-04-13 10:34:27,87.5,75.0915750915751
2026-04-13 10:34:42,87.5,75.8364312267658
2026-04-13 10:34:57,87.5,75.8364312267658
2026-04-13 10:35:12,87.5,75.8364312267658
2026-04-13 10:35:27,87.5,75.8364312267658
2026-04-13 10:35:42,87.5,75.8364312267658
2026-04-13 10:35:57,87.5,75.8364312267658
2026-04-13 10:36:12,87.5,75.8364312267658
2026-04-13 10:36:27,87.5,75.8364312267658
2026-04-13 10:36:42,87.5,75.8364312267658
2026-04-13 10:36:57,87.5,75.47169811320755
2026-04-13 10:37:12,87.5,75.47169811320755
2026-04-13 10:37:27,87.5,75.47169811320755
2026-04-13 10:37:42,87.5,75.47169811320755
2026-04-13 10:37:57,87.5,75.47169811320755
2026-04-13 10:38:12,87.5,75.47169811320755
2026-04-13 10:38:27,87.5,75.47169811320755
2026-04-13 10:38:42,87.5,75.47169811320755
2026-04-13 10:38:57,87.5,75.09578544061303
2026-04-13 10:39:12,87.5,75.09578544061303
2026-04-13 10:39:27,87.5,75.09578544061303
2026-04-13 10:39:42,87.5,75.09578544061303
2026-04-13 10:39:57,87.5,75.09578544061303
2026-04-13 10:40:12,87.5,75.09578544061303
2026-04-13 10:40:27,87.5,75.09578544061303
2026-04-13 10:40:42,87.5,75.09578544061303
2026-04-13 10:40:57,87.5,75.09578544061303
2026-04-13 10:41:12,87.5,74.70817120622569
2026-04-13 10:41:27,87.5,74.70817120622569
2026-04-13 10:41:42,87.5,74.70817120622569
2026-04-13 10:41:57,87.5,74.70817120622569
2026-04-13 10:42:12,87.5,74.70817120622569
2026-04-13 10:42:27,87.5,74.70817120622569
2026-04-13 10:42:42,87.5,74.70817120622569
2026-04-13 10:42:57,87.5,74.70817120622569
2026-04-13 10:43:12,87.5,74.70817120622569
2026-04-13 10:43:27,87.5,74.30830039525692
2026-04-13 10:43:42,87.5,74.30830039525692
2026-04-13 10:43:57,87.5,74.30830039525692
2026-04-13 10:44:12,87.5,74.30830039525692
2026-04-13 10:44:27,87.5,74.30830039525692
2026-04-13 10:44:42,87.5,74.30830039525692
2026-04-13 10:44:57,87.5,74.30830039525692
2026-04-13 10:45:12,87.5,74.30830039525692
2026-04-13 10:45:27,87.5,74.70355731225297
2026-04-13 10:45:42,87.5,74.69879518072288
2026-04-13 10:45:57,87.5,75.1004016064257
2026-04-13 10:46:12,87.5,75.50200803212851
2026-04-13 10:46:27,87.5,75.50200803212851
2026-04-13 10:46:42,87.5,75.90361445783132
2026-04-13 10:46:57,87.5,76.30522088353415
2026-04-13 10:47:12,87.5,76.70682730923694
2026-04-13 10:47:27,87.5,77.10843373493977
2026-04-13 10:47:42,87.5,77.51004016064257
2026-04-13 10:47:57,87.5,77.9591836734694
2026-04-13 10:48:12,87.5,78.36734693877551
2026-04-13 10:48:27,87.5,78.36734693877551
2026-04-13 10:48:42,87.5,78.36734693877551
2026-04-13 10:48:57,87.5,78.77551020408163
2026-04-13 10:49:12,87.5,79.18367346938776
2026-04-13 10:49:27,87.5,79.59183673469387
2026-04-13 10:49:42,87.5,79.59183673469387
2026-04-13 10:49:57,87.5,80.0
2026-04-13 10:50:12,87.5,79.66804979253112
2026-04-13 10:50:27,100.0,79.66804979253112
2026-04-13 10:50:42,87.5,79.66804979253112
2026-04-13 10:50:57,87.5,79.66804979253112
2026-04-13 10:51:12,87.5,79.66804979253112
2026-04-13 10:51:27,87.5,79.66804979253112
2026-04-13 10:51:42,87.5,79.66804979253112
2026-04-13 10:51:57,87.5,79.66804979253112
2026-04-13 10:52:12,87.5,79.66804979253112
2026-04-13 10:52:27,87.5,79.32489451476793
2026-04-13 10:52:42,100.0,79.32489451476793
2026-04-13 10:52:57,100.0,79.32489451476793
2026-04-13 10:53:12,100.0,79.32489451476793
2026-04-13 10:53:27,100.0,79.32489451476793
2026-04-13 10:53:42,100.0,79.32489451476793
2026-04-13 10:53:57,100.0,79.32489451476793
2026-04-13 10:54:12,100.0,79.32489451476793
2026-04-13 10:54:27,100.0,78.96995708154506
2026-04-13 10:54:42,100.0,78.96995708154506
2026-04-13 10:54:57,100.0,78.96995708154506
2026-04-13 10:55:12,100.0,78.96995708154506
2026-04-13 10:55:27,100.0,78.96995708154506
2026-04-13 10:55:42,100.0,78.96995708154506
2026-04-13 10:55:57,100.0,78.96995708154506
2026-04-13 10:56:12,100.0,78.96995708154506
2026-04-13 10:56:27,100.0,78.96995708154506
2026-04-13 10:56:42,100.0,79.47598253275109
2026-04-13 10:56:57,100.0,79.91266375545851
2026-04-13 10:57:12,100.0,80.34934497816593
2026-04-13 10:57:27,100.0,80.78602620087337
2026-04-13 10:57:42,100.0,81.22270742358079
2026-04-13 10:57:57,100.0,81.6593886462882
2026-04-13 10:58:12,100.0,82.09606986899564
2026-04-13 10:58:27,100.0,82.53275109170306
2026-04-13 10:58:42,100.0,82.96943231441048
2026-04-13 10:58:57,100.0,84.88888888888889
2026-04-13 10:59:12,100.0,85.33333333333334
2026-04-13 10:59:27,100.0,85.77777777777777
2026-04-13 10:59:42,100.0,85.77777777777777
2026-04-13 10:59:57,100.0,86.22222222222223
2026-04-13 11:00:12,100.0,86.66666666666667
2026-04-13 11:00:27,100.0,87.1111111111111
2026-04-13 11:00:42,100.0,87.55555555555556
2026-04-13 11:00:57,100.0,88.0
2026-04-13 11:01:12,100.0,88.44444444444444
2026-04-13 11:01:27,100.0,88.88888888888889
2026-04-13 11:01:42,100.0,89.33333333333333
2026-04-13 11:01:57,100.0,89.77777777777777
2026-04-13 11:02:12,100.0,90.22222222222223
2026-04-13 11:02:27,100.0,90.66666666666666
2026-04-13 11:02:42,100.0,91.11111111111111
2026-04-13 11:02:57,100.0,91.55555555555556
2026-04-13 11:03:12,100.0,92.0
2026-04-13 11:03:27,100.0,92.44444444444444
2026-04-13 11:03:42,100.0,92.88888888888889
2026-04-13 11:03:57,100.0,93.33333333333333
2026-04-13 11:04:12,100.0,93.77777777777779
2026-04-13 11:04:27,100.0,94.22222222222221
2026-04-13 11:04:42,100.0,94.66666666666667
2026-04-13 11:04:57,100.0,95.11111111111111
2026-04-13 11:05:12,100.0,95.55555555555556
2026-04-13 11:05:27,100.0,96.0
2026-04-13 11:05:42,100.0,96.44444444444444
2026-04-13 11:05:57,100.0,96.88888888888889
2026-04-13 11:06:12,100.0,96.88888888888889
2026-04-13 11:06:27,100.0,96.88888888888889
2026-04-13 11:06:42,100.0,96.88888888888889
2026-04-13 11:06:57,100.0,96.88888888888889
2026-04-13 11:07:12,100.0,96.44444444444444
2026-04-13 11:07:27,100.0,96.0
2026-04-13 11:07:42,100.0,96.0
2026-04-13 11:07:57,100.0,96.0
2026-04-13 11:08:12,100.0,96.0
2026-04-13 11:08:27,100.0,96.0
2026-04-13 11:08:42,100.0,96.0
2026-04-13 11:08:57,100.0,96.0
2026-04-13 11:09:12,100.0,96.0
2026-04-13 11:09:27,100.0,96.0
2026-04-13 11:09:42,100.0,96.0
2026-04-13 11:09:57,100.0,96.0
2026-04-13 11:10:12,100.0,96.0
2026-04-13 11:10:27,100.0,96.44444444444444
2026-04-13 11:10:42,100.0,96.88888888888889
2026-04-13 11:10:57,100.0,97.33333333333334
2026-04-13 11:11:12,100.0,97.77777777777777
2026-04-13 11:11:27,100.0,98.22222222222223
2026-04-13 11:11:42,100.0,98.22222222222223
2026-04-13 11:11:57,100.0,98.22222222222223
2026-04-13 11:12:12,100.0,98.22222222222223
2026-04-13 11:12:27,100.0,98.22222222222223
2026-04-13 11:12:42,100.0,98.22222222222223
2026-04-13 11:12:57,100.0,98.22222222222223
2026-04-13 11:13:12,100.0,98.22222222222223
2026-04-13 11:13:27,100.0,98.22222222222223
2026-04-13 11:13:42,100.0,98.22222222222223
2026-04-13 11:13:57,100.0,98.22222222222223
2026-04-13 11:14:12,100.0,98.22222222222223
2026-04-13 11:14:27,100.0,98.22222222222223
2026-04-13 11:14:42,100.0,98.22222222222223
2026-04-13 11:14:57,100.0,98.22222222222223
2026-04-13 11:15:12,100.0,98.64253393665159
2026-04-13 11:15:27,100.0,98.64253393665159
2026-04-13 11:15:42,100.0,98.64253393665159
2026-04-13 11:15:57,100.0,98.64253393665159
2026-04-13 11:16:12,100.0,98.64253393665159
2026-04-13 11:16:27,100.0,98.64253393665159
2026-04-13 11:16:42,100.0,98.64253393665159
2026-04-13 11:16:57,100.0,98.64253393665159
2026-04-13 11:17:12,100.0,98.64253393665159
2026-04-13 11:17:27,100.0,98.64253393665159
2026-04-13 11:17:42,100.0,98.64253393665159
2026-04-13 11:17:57,100.0,98.64253393665159
2026-04-13 11:18:12,100.0,98.64253393665159
2026-04-13 11:18:27,100.0,98.64253393665159
2026-04-13 11:18:42,100.0,98.64253393665159
2026-04-13 11:18:57,100.0,98.64253393665159
2026-04-13 11:19:12,100.0,98.64253393665159
2026-04-13 11:19:27,100.0,98.64253393665159
2026-04-13 11:19:42,100.0,98.64253393665159
2026-04-13 11:19:57,100.0,98.64253393665159
2026-04-13 11:20:12,100.0,98.64253393665159
2026-04-13 11:20:27,100.0,98.64253393665159
2026-04-13 11:20:42,100.0,98.64253393665159
2026-04-13 11:20:57,100.0,98.64253393665159
2026-04-13 11:21:12,100.0,98.64253393665159
2026-04-13 11:21:27,100.0,98.64253393665159
2026-04-13 11:21:42,100.0,98.64253393665159
2026-04-13 11:21:57,100.0,98.64253393665159
2026-04-13 11:22:12,100.0,98.64253393665159
2026-04-13 11:22:27,100.0,98.64253393665159
2026-04-13 11:22:42,100.0,98.64253393665159
2026-04-13 11:22:57,100.0,98.64253393665159
2026-04-13 11:23:12,100.0,98.64253393665159
2026-04-13 11:23:27,100.0,98.64253393665159
2026-04-13 11:23:42,100.0,98.64253393665159
2026-04-13 11:23:57,100.0,98.64253393665159
2026-04-13 11:24:12,100.0,98.64253393665159
2026-04-13 11:24:27,100.0,98.64253393665159
2026-04-13 11:24:42,100.0,98.64253393665159
2026-04-13 11:24:57,100.0,98.64253393665159
2026-04-13 11:25:12,100.0,98.64253393665159
2026-04-13 11:25:27,100.0,98.64253393665159
2026-04-13 11:25:42,100.0,98.64253393665159
2026-04-13 11:25:57,100.0,98.64253393665159
2026-04-13 11:26:12,100.0,98.64253393665159
2026-04-13 11:26:27,100.0,98.64253393665159
2026-04-13 11:26:42,100.0,98.64253393665159
2026-04-13 11:26:57,100.0,98.64253393665159
2026-04-13 11:27:12,100.0,98.64253393665159
2026-04-13 11:27:27,100.0,98.64253393665159
2026-04-13 11:27:42,100.0,98.64253393665159
2026-04-13 11:27:57,100.0,98.64253393665159
2026-04-13 11:28:12,100.0,98.64253393665159
2026-04-13 11:28:27,100.0,98.64253393665159
2026-04-13 11:28:42,100.0,98.64253393665159
2026-04-13 11:28:57,100.0,99.09502262443439
2026-04-13 11:29:12,100.0,99.09502262443439
2026-04-13 11:29:27,100.0,99.09502262443439
2026-04-13 11:29:42,100.0,99.09502262443439
2026-04-13 11:29:57,100.0,99.09502262443439
2026-04-13 11:30:12,100.0,99.09502262443439
2026-04-13 11:30:27,100.0,99.09502262443439
2026-04-13 11:30:42,100.0,99.09502262443439
2026-04-13 11:30:57,100.0,99.09502262443439
2026-04-13 11:31:12,100.0,99.09502262443439
2026-04-13 11:31:27,100.0,99.09502262443439
2026-04-13 11:31:42,100.0,99.09502262443439
2026-04-13 11:31:57,100.0,99.09502262443439
2026-04-13 11:32:12,100.0,99.09502262443439
2026-04-13 11:32:27,100.0,99.09502262443439
2026-04-13 11:32:42,100.0,99.09502262443439
2026-04-13 11:32:57,100.0,99.09502262443439
2026-04-13 11:33:12,100.0,99.09502262443439
2026-04-13 11:33:27,100.0,99.09502262443439
2026-04-13 11:33:42,100.0,99.09502262443439
2026-04-13 11:33:57,100.0,99.09502262443439
2026-04-13 11:34:12,100.0,99.09502262443439
2026-04-13 11:34:27,100.0,99.09502262443439
2026-04-13 11:34:42,100.0,99.09502262443439
2026-04-13 11:34:57,100.0,99.09502262443439
2026-04-13 11:35:12,100.0,99.09502262443439
2026-04-13 11:35:27,100.0,99.09502262443439
2026-04-13 11:35:42,100.0,99.09502262443439
2026-04-13 11:35:57,100.0,99.09502262443439
2026-04-13 11:36:12,100.0,99.09502262443439
2026-04-13 11:36:27,100.0,99.09502262443439
2026-04-13 11:36:42,100.0,99.09502262443439
2026-04-13 11:36:57,100.0,99.09502262443439
2026-04-13 11:37:12,100.0,99.09502262443439
2026-04-13 11:37:27,100.0,99.09502262443439
2026-04-13 11:37:42,100.0,99.09502262443439
2026-04-13 11:37:57,100.0,99.09502262443439
2026-04-13 11:38:12,100.0,99.09502262443439
2026-04-13 11:38:27,100.0,99.09502262443439
2026-04-13 11:38:42,100.0,99.09502262443439
2026-04-13 11:38:57,100.0,99.09502262443439
2026-04-13 11:39:12,100.0,99.09502262443439
2026-04-13 11:39:27,100.0,99.09502262443439
2026-04-13 11:39:42,100.0,99.09502262443439
2026-04-13 11:39:57,100.0,99.09502262443439
2026-04-13 11:40:12,100.0,99.09502262443439
2026-04-13 11:40:27,100.0,99.09502262443439
2026-04-13 11:40:42,100.0,99.09502262443439
2026-04-13 11:40:57,100.0,99.09502262443439
2026-04-13 11:41:12,100.0,99.09502262443439
2026-04-13 11:41:27,100.0,99.09502262443439
2026-04-13 11:41:42,100.0,99.09502262443439
2026-04-13 11:41:57,100.0,99.09502262443439
2026-04-13 11:42:12,100.0,99.09502262443439
2026-04-13 11:42:27,100.0,99.09502262443439
2026-04-13 11:42:42,100.0,99.09502262443439
2026-04-13 11:42:57,100.0,99.09502262443439
2026-04-13 11:43:12,100.0,99.09502262443439
2026-04-13 11:43:27,100.0,99.09502262443439
2026-04-13 11:43:42,100.0,99.09502262443439
2026-04-13 11:43:57,100.0,99.09502262443439
2026-04-13 11:44:12,100.0,99.09502262443439
2026-04-13 11:44:27,100.0,99.09502262443439
2026-04-13 11:44:42,100.0,99.09502262443439
2026-04-13 11:44:57,100.0,99.09502262443439
2026-04-13 11:45:12,100.0,99.09502262443439
2026-04-13 11:45:27,100.0,99.09502262443439
2026-04-13 11:45:42,100.0,99.09502262443439
2026-04-13 11:45:57,100.0,99.09502262443439
2026-04-13 11:46:12,100.0,99.09502262443439
2026-04-13 11:46:27,100.0,99.07834101382488
2026-04-13 11:46:42,100.0,99.07834101382488
2026-04-13 11:46:57,100.0,99.07834101382488
2026-04-13 11:47:12,100.0,99.07834101382488
2026-04-13 11:47:27,100.0,99.07834101382488
2026-04-13 11:47:42,100.0,99.07834101382488
2026-04-13 11:47:57,100.0,99.07834101382488
2026-04-13 11:48:12,100.0,99.07834101382488
2026-04-13 11:48:27,100.0,99.07834101382488
2026-04-13 11:48:42,100.0,99.07834101382488
2026-04-13 11:48:57,100.0,99.07834101382488
2026-04-13 11:49:12,100.0,99.07834101382488
2026-04-13 11:49:27,100.0,99.07834101382488
2026-04-13 11:49:42,100.0,99.07834101382488
2026-04-13 11:49:57,100.0,99.07834101382488
2026-04-13 11:50:12,100.0,99.07834101382488
2026-04-13 11:50:27,100.0,99.07834101382488
2026-04-13 11:50:42,100.0,99.07834101382488
2026-04-13 11:50:57,100.0,99.07834101382488
2026-04-13 11:51:12,100.0,99.07834101382488
2026-04-13 11:51:27,100.0,99.07834101382488
2026-04-13 11:51:42,100.0,99.07834101382488
2026-04-13 11:51:57,100.0,99.07834101382488
2026-04-13 11:52:12,100.0,99.07834101382488
2026-04-13 11:52:27,100.0,99.07834101382488
2026-04-13 11:52:42,100.0,99.07834101382488
2026-04-13 11:52:57,100.0,99.07834101382488
2026-04-13 11:53:12,100.0,99.07834101382488
2026-04-13 11:53:27,100.0,99.07834101382488
2026-04-13 11:53:42,100.0,99.07834101382488
2026-04-13 11:53:57,100.0,99.07834101382488
2026-04-13 11:54:12,100.0,99.07834101382488
2026-04-13 11:54:27,100.0,99.07834101382488
2026-04-13 11:54:42,100.0,99.07834101382488
2026-04-13 11:54:57,100.0,99.07834101382488
2026-04-13 11:55:12,100.0,99.07834101382488
2026-04-13 11:55:27,100.0,99.07834101382488
2026-04-13 11:55:42,100.0,99.07834101382488
2026-04-13 11:55:57,100.0,99.07834101382488
2026-04-13 11:56:12,100.0,99.07834101382488
2026-04-13 11:56:27,100.0,99.07834101382488
2026-04-13 11:56:42,100.0,99.07834101382488
2026-04-13 11:56:57,100.0,99.07834101382488
2026-04-13 11:57:12,100.0,99.07834101382488
2026-04-13 11:57:27,100.0,99.07834101382488
2026-04-13 11:57:42,100.0,99.07834101382488
2026-04-13 11:57:57,100.0,99.07834101382488
2026-04-13 11:58:12,100.0,99.07834101382488
2026-04-13 11:58:27,100.0,99.07834101382488
2026-04-13 11:58:42,100.0,99.07834101382488
2026-04-13 11:58:57,100.0,99.07834101382488
2026-04-13 11:59:12,100.0,99.07834101382488
2026-04-13 11:59:27,100.0,99.07834101382488
2026-04-13 11:59:42,100.0,99.07834101382488
2026-04-13 11:59:57,100.0,99.07834101382488
2026-04-13 12:00:12,100.0,99.07834101382488
2026-04-13 12:00:27,100.0,99.07834101382488
2026-04-13 12:00:42,100.0,99.09502262443439
2026-04-13 12:00:57,100.0,98.64253393665159
2026-04-13 12:01:12,100.0,98.19004524886877
2026-04-13 12:01:27,100.0,97.73755656108597
2026-04-13 12:01:42,100.0,97.28506787330316
2026-04-13 12:01:57,100.0,96.88888888888889
2026-04-13 12:02:12,100.0,96.88888888888889
2026-04-13 12:02:27,100.0,96.44444444444444
2026-04-13 12:02:42,100.0,96.0
2026-04-13 12:02:57,100.0,95.55555555555556
2026-04-13 12:03:12,100.0,95.11111111111111
2026-04-13 12:03:27,100.0,94.75982532751091
2026-04-13 12:03:42,100.0,94.32314410480349
2026-04-13 12:03:57,100.0,93.88646288209607
2026-04-13 12:04:12,100.0,93.44978165938865
2026-04-13 12:04:27,100.0,93.44978165938865
2026-04-13 12:04:42,100.0,92.7038626609442
2026-04-13 12:04:57,100.0,92.27467811158799
2026-04-13 12:05:12,100.0,91.84549356223177
2026-04-13 12:05:27,100.0,91.84549356223177
2026-04-13 12:05:42,100.0,91.84549356223177
2026-04-13 12:05:57,100.0,91.41630901287554
2026-04-13 12:06:12,100.0,90.29535864978902
2026-04-13 12:06:27,100.0,90.29535864978902
2026-04-13 12:06:42,100.0,90.29535864978902
2026-04-13 12:06:57,100.0,89.87341772151899
2026-04-13 12:07:12,100.0,89.45147679324894
2026-04-13 12:07:27,100.0,88.79668049792531
2026-04-13 12:07:42,100.0,88.79668049792531
2026-04-13 12:07:57,100.0,88.79668049792531
2026-04-13 12:08:12,100.0,88.79668049792531
2026-04-13 12:08:27,87.5,88.79668049792531
2026-04-13 12:08:42,87.5,88.57142857142857
2026-04-13 12:08:57,87.5,88.16326530612245
2026-04-13 12:09:12,87.5,87.75510204081633
2026-04-13 12:09:27,87.5,87.34693877551021
2026-04-13 12:09:42,87.5,86.93877551020408
2026-04-13 12:09:57,87.5,86.53061224489797
2026-04-13 12:10:12,87.5,86.34538152610442
2026-04-13 12:10:27,87.5,85.94377510040161
2026-04-13 12:10:42,87.5,85.54216867469879
2026-04-13 12:10:57,87.5,85.14056224899599
2026-04-13 12:11:12,87.5,85.14056224899599
2026-04-13 12:11:27,87.5,85.37549407114624
2026-04-13 12:11:42,87.5,85.37549407114624
2026-04-13 12:11:57,87.5,85.37549407114624
2026-04-13 12:12:12,87.5,84.98023715415019
2026-04-13 12:12:27,87.5,84.58498023715416
2026-04-13 12:12:42,87.5,84.18972332015811
2026-04-13 12:12:57,87.5,84.04669260700389
2026-04-13 12:13:12,87.5,83.65758754863813
2026-04-13 12:13:27,87.5,83.26848249027238
2026-04-13 12:13:42,87.5,82.87937743190662
2026-04-13 12:13:57,87.5,82.49027237354085
2026-04-13 12:14:12,87.5,82.37547892720306
2026-04-13 12:14:27,87.5,81.99233716475096
2026-04-13 12:14:42,87.5,81.60919540229885
2026-04-13 12:14:57,87.5,81.60919540229885
2026-04-13 12:15:12,75.0,81.60919540229885
2026-04-13 12:15:27,75.0,81.88679245283019
2026-04-13 12:15:42,75.0,81.88679245283019
2026-04-13 12:15:57,75.0,81.88679245283019
2026-04-13 12:16:12,75.0,81.50943396226415
2026-04-13 12:16:27,87.5,81.13207547169812
2026-04-13 12:16:42,87.5,80.75471698113208
2026-04-13 12:16:57,87.5,80.66914498141264
2026-04-13 12:17:12,87.5,80.29739776951673
2026-04-13 12:17:27,87.5,79.92565055762083
2026-04-13 12:17:42,87.5,79.5539033457249
2026-04-13 12:17:57,87.5,79.182156133829
2026-04-13 12:18:12,87.5,79.48717948717949
2026-04-13 12:18:27,87.5,79.48717948717949
2026-04-13 12:18:42,87.5,79.12087912087912
2026-04-13 12:18:57,87.5,79.12087912087912
2026-04-13 12:19:12,87.5,79.12087912087912
2026-04-13 12:19:27,87.5,78.75457875457876
2026-04-13 12:19:42,87.5,78.70036101083032
2026-04-13 12:19:57,87.5,78.33935018050542
2026-04-13 12:20:12,87.5,78.33935018050542
2026-04-13 12:20:27,87.5,78.33935018050542
2026-04-13 12:20:42,87.5,78.33935018050542
2026-04-13 12:20:57,87.5,78.64768683274022
2026-04-13 12:21:12,87.5,78.64768683274022
2026-04-13 12:21:27,87.5,78.64768683274022
2026-04-13 12:21:42,87.5,78.64768683274022
2026-04-13 12:21:57,87.5,78.64768683274022
2026-04-13 12:22:12,87.5,78.94736842105263
2026-04-13 12:22:27,87.5,78.94736842105263
2026-04-13 12:22:42,87.5,78.94736842105263
2026-04-13 12:22:57,87.5,78.94736842105263
2026-04-13 12:23:12,87.5,78.94736842105263
2026-04-13 12:23:27,87.5,78.94736842105263
2026-04-13 12:23:42,87.5,79.23875432525952
2026-04-13 12:23:57,87.5,79.23875432525952
2026-04-13 12:24:12,87.5,79.23875432525952
2026-04-13 12:24:27,87.5,79.23875432525952
2026-04-13 12:24:42,87.5,79.23875432525952
2026-04-13 12:24:57,87.5,79.5221843003413
2026-04-13 12:25:12,87.5,79.5221843003413
2026-04-13 12:25:27,87.5,79.5221843003413
2026-04-13 12:25:42,87.5,79.5221843003413
2026-04-13 12:25:57,87.5,79.5221843003413
2026-04-13 12:26:12,87.5,79.5221843003413
2026-04-13 12:26:27,87.5,79.7979797979798
2026-04-13 12:26:42,87.5,79.7979797979798
2026-04-13 12:26:57,87.5,79.7979797979798
2026-04-13 12:27:12,87.5,79.7979797979798
2026-04-13 12:27:27,87.5,79.7979797979798
2026-04-13 12:27:42,87.5,80.06644518272425
2026-04-13 12:27:57,87.5,80.06644518272425
2026-04-13 12:28:12,87.5,80.06644518272425
2026-04-13 12:28:27,87.5,80.06644518272425
2026-04-13 12:28:42,87.5,80.06644518272425
2026-04-13 12:28:57,87.5,80.32786885245902
2026-04-13 12:29:12,87.5,80.32786885245902
2026-04-13 12:29:27,87.5,80.32786885245902
2026-04-13 12:29:42,87.5,80.32786885245902
2026-04-13 12:29:57,87.5,80.32786885245902
2026-04-13 12:30:12,87.5,80.32786885245902
2026-04-13 12:30:27,87.5,80.58252427184466
2026-04-13 12:30:42,87.5,80.58252427184466
2026-04-13 12:30:57,87.5,80.58252427184466
2026-04-13 12:31:12,87.5,80.58252427184466
2026-04-13 12:31:27,87.5,80.58252427184466
2026-04-13 12:31:42,87.5,80.83067092651757
2026-04-13 12:31:57,87.5,80.83067092651757
2026-04-13 12:32:12,87.5,80.83067092651757
2026-04-13 12:32:27,75.0,80.83067092651757
2026-04-13 12:32:42,87.5,80.83067092651757
2026-04-13 12:32:57,75.0,80.83067092651757
2026-04-13 12:33:12,75.0,81.07255520504731
2026-04-13 12:33:27,87.5,81.07255520504731
2026-04-13 12:33:42,75.0,81.07255520504731
2026-04-13 12:33:57,87.5,81.07255520504731
2026-04-13 12:34:12,87.5,81.07255520504731
2026-04-13 12:34:27,87.5,81.30841121495327
2026-04-13 12:34:42,87.5,81.30841121495327
2026-04-13 12:34:57,87.5,81.30841121495327
2026-04-13 12:35:12,87.5,81.30841121495327
2026-04-13 12:35:27,87.5,81.30841121495327
2026-04-13 12:35:42,87.5,81.53846153846153
2026-04-13 12:35:57,87.5,81.53846153846153
2026-04-13 12:36:12,87.5,81.53846153846153
2026-04-13 12:36:27,87.5,81.53846153846153
2026-04-13 12:36:42,87.5,81.53846153846153
2026-04-13 12:36:57,87.5,81.53846153846153
2026-04-13 12:37:12,87.5,81.7629179331307
2026-04-13 12:37:27,87.5,81.7629179331307
2026-04-13 12:37:42,87.5,81.7629179331307
2026-04-13 12:37:57,87.5,81.7629179331307
2026-04-13 12:38:12,87.5,81.7629179331307
2026-04-13 12:38:27,87.5,81.98198198198197
2026-04-13 12:38:42,87.5,81.98198198198197
2026-04-13 12:38:57,87.5,81.98198198198197
2026-04-13 12:39:12,87.5,81.98198198198197
2026-04-13 12:39:27,87.5,81.98198198198197
2026-04-13 12:39:42,87.5,82.19584569732937
2026-04-13 12:39:57,87.5,82.19584569732937
2026-04-13 12:40:12,87.5,82.19584569732937
2026-04-13 12:40:27,87.5,82.19584569732937
2026-04-13 12:40:42,87.5,82.19584569732937
2026-04-13 12:40:57,87.5,82.19584569732937
2026-04-13 12:41:12,87.5,82.40469208211144
2026-04-13 12:41:27,87.5,82.40469208211144
2026-04-13 12:41:42,87.5,82.40469208211144
2026-04-13 12:41:57,87.5,82.40469208211144
2026-04-13 12:42:12,87.5,82.40469208211144
2026-04-13 12:42:27,87.5,82.6086956521739
2026-04-13 12:42:42,87.5,82.6086956521739
2026-04-13 12:42:57,87.5,82.6086956521739
2026-04-13 12:43:12,87.5,82.6086956521739
2026-04-13 12:43:27,87.5,82.6086956521739
2026-04-13 12:43:42,87.5,82.6086956521739
2026-04-13 12:43:57,87.5,82.8080229226361
2026-04-13 12:44:12,87.5,82.8080229226361
2026-04-13 12:44:27,87.5,82.8080229226361
2026-04-13 12:44:42,87.5,82.8080229226361
2026-04-13 12:44:57,87.5,82.8080229226361
2026-04-13 12:45:12,87.5,83.0028328611898
2026-04-13 12:45:27,87.5,83.0028328611898
2026-04-13 12:45:42,87.5,83.0028328611898
2026-04-13 12:45:57,87.5,83.0028328611898
2026-04-13 12:46:12,87.5,83.0028328611898
2026-04-13 12:46:27,87.5,83.19327731092437
2026-04-13 12:46:42,87.5,83.19327731092437
2026-04-13 12:46:57,87.5,83.19327731092437
2026-04-13 12:47:12,87.5,83.19327731092437
2026-04-13 12:47:27,87.5,83.19327731092437
2026-04-13 12:47:42,87.5,83.19327731092437
2026-04-13 12:47:57,87.5,83.37950138504155
2026-04-13 12:48:12,87.5,83.37950138504155
2026-04-13 12:48:27,87.5,83.37950138504155
2026-04-13 12:48:42,87.5,83.37950138504155
2026-04-13 12:48:57,87.5,83.37950138504155
2026-04-13 12:49:12,87.5,83.56164383561644
2026-04-13 12:49:27,87.5,83.56164383561644
2026-04-13 12:49:42,87.5,83.56164383561644
2026-04-13 12:49:57,87.5,83.56164383561644
2026-04-13 12:50:12,87.5,83.56164383561644
2026-04-13 12:50:27,87.5,83.56164383561644
2026-04-13 12:50:42,87.5,83.73983739837398
2026-04-13 12:50:57,87.5,83.73983739837398
2026-04-13 12:51:12,87.5,83.73983739837398
2026-04-13 12:51:27,87.5,83.73983739837398
2026-04-13 12:51:42,87.5,83.73983739837398
2026-04-13 12:51:57,87.5,83.91420911528151
2026-04-13 12:52:12,87.5,83.91420911528151
2026-04-13 12:52:27,87.5,83.91420911528151
2026-04-13 12:52:42,87.5,83.91420911528151
2026-04-13 12:52:57,87.5,83.91420911528151
2026-04-13 12:53:12,87.5,84.08488063660478
2026-04-13 12:53:27,87.5,84.08488063660478
2026-04-13 12:53:42,87.5,84.08488063660478
2026-04-13 12:53:57,87.5,84.08488063660478
2026-04-13 12:54:12,87.5,84.08488063660478
2026-04-13 12:54:27,87.5,84.08488063660478
2026-04-13 12:54:42,87.5,84.25196850393701
2026-04-13 12:54:57,87.5,84.25196850393701
2026-04-13 12:55:12,87.5,84.25196850393701
2026-04-13 12:55:27,87.5,84.25196850393701
2026-04-13 12:55:42,87.5,84.25196850393701
2026-04-13 12:55:57,87.5,84.4155844155844
2026-04-13 12:56:12,87.5,84.4155844155844
2026-04-13 12:56:27,87.5,84.4155844155844
2026-04-13 12:56:42,87.5,84.4155844155844
2026-04-13 12:56:57,87.5,84.4155844155844
2026-04-13 12:57:12,87.5,84.4155844155844
2026-04-13 12:57:27,87.5,84.57583547557842
2026-04-13 12:57:42,87.5,84.57583547557842
2026-04-13 12:57:57,87.5,84.57583547557842
2026-04-13 12:58:12,87.5,84.57583547557842
2026-04-13 12:58:27,87.5,84.57583547557842
2026-04-13 12:58:42,87.5,84.7328244274809
2026-04-13 12:58:57,87.5,84.7328244274809
2026-04-13 12:59:12,87.5,84.7328244274809
2026-04-13 12:59:27,87.5,84.7328244274809
2026-04-13 12:59:42,87.5,84.7328244274809
2026-04-13 12:59:57,87.5,84.88664987405542
2026-04-13 13:00:12,87.5,84.88664987405542
2026-04-13 13:00:27,87.5,84.88664987405542
2026-04-13 13:00:42,87.5,84.88664987405542
2026-04-13 13:00:57,87.5,84.88664987405542
2026-04-13 13:01:12,87.5,84.88664987405542
2026-04-13 13:01:27,87.5,84.88664987405542
2026-04-13 13:01:42,87.5,84.88664987405542
2026-04-13 13:01:57,87.5,84.88664987405542
2026-04-13 13:02:12,87.5,84.88664987405542
2026-04-13 13:02:27,87.5,84.88664987405542
2026-04-13 13:02:42,87.5,84.88664987405542
2026-04-13 13:02:57,87.5,84.88664987405542
2026-04-13 13:03:12,87.5,84.88664987405542
2026-04-13 13:03:27,87.5,84.88664987405542
2026-04-13 13:03:42,87.5,84.88664987405542
2026-04-13 13:03:57,87.5,84.88664987405542
2026-04-13 13:04:12,87.5,84.88664987405542
2026-04-13 13:04:27,87.5,84.88664987405542
2026-04-13 13:04:42,87.5,84.88664987405542
2026-04-13 13:04:57,87.5,84.88664987405542
2026-04-13 13:05:12,87.5,84.88664987405542
2026-04-13 13:05:27,87.5,84.88664987405542
2026-04-13 13:05:42,87.5,84.88664987405542
2026-04-13 13:05:57,87.5,84.88664987405542
2026-04-13 13:06:12,87.5,84.88664987405542
2026-04-13 13:06:27,87.5,84.88664987405542
2026-04-13 13:06:42,87.5,84.88664987405542
2026-04-13 13:06:57,87.5,84.88664987405542
2026-04-13 13:07:12,87.5,84.88664987405542
2026-04-13 13:07:27,87.5,84.88664987405542
2026-04-13 13:07:42,87.5,84.88664987405542
2026-04-13 13:07:57,87.5,84.88664987405542
2026-04-13 13:08:12,87.5,85.03740648379052
2026-04-13 13:08:27,87.5,85.03740648379052
2026-04-13 13:08:42,87.5,85.03740648379052
2026-04-13 13:08:57,87.5,85.03740648379052
2026-04-13 13:09:12,87.5,85.03740648379052
2026-04-13 13:09:27,87.5,85.03740648379052
2026-04-13 13:09:42,87.5,85.03740648379052
2026-04-13 13:09:57,87.5,85.03740648379052
2026-04-13 13:10:12,87.5,85.03740648379052
2026-04-13 13:10:27,87.5,85.03740648379052
2026-04-13 13:10:42,87.5,85.03740648379052
2026-04-13 13:10:57,87.5,85.03740648379052
2026-04-13 13:11:12,87.5,85.03740648379052
2026-04-13 13:11:27,87.5,85.03740648379052
2026-04-13 13:11:42,87.5,85.03740648379052
2026-04-13 13:11:57,87.5,85.03740648379052
2026-04-13 13:12:12,87.5,85.03740648379052
2026-04-13 13:12:27,87.5,85.03740648379052
2026-04-13 13:12:42,87.5,85.03740648379052
2026-04-13 13:12:57,87.5,85.03740648379052
2026-04-13 13:13:12,87.5,85.03740648379052
2026-04-13 13:13:27,87.5,85.03740648379052
2026-04-13 13:13:42,87.5,85.03740648379052
2026-04-13 13:13:57,87.5,85.03740648379052
2026-04-13 13:14:12,87.5,85.03740648379052
2026-04-13 13:14:27,87.5,85.03740648379052
2026-04-13 13:14:42,87.5,85.03740648379052
2026-04-13 13:14:57,87.5,85.03740648379052
2026-04-13 13:15:12,87.5,85.03740648379052
2026-04-13 13:15:27,87.5,85.03740648379052
2026-04-13 13:15:42,87.5,85.03740648379052
2026-04-13 13:15:57,87.5,85.03740648379052
2026-04-13 13:16:12,87.5,85.03740648379052
2026-04-13 13:16:27,87.5,85.03740648379052
2026-04-13 13:16:42,87.5,85.18518518518519
2026-04-13 13:16:57,87.5,85.18518518518519
2026-04-13 13:17:12,87.5,85.18518518518519
2026-04-13 13:17:27,87.5,85.18518518518519
2026-04-13 13:17:42,87.5,85.18518518518519
2026-04-13 13:17:57,87.5,85.18518518518519
2026-04-13 13:18:12,87.5,85.18518518518519
2026-04-13 13:18:27,87.5,85.18518518518519
2026-04-13 13:18:42,87.5,85.18518518518519
2026-04-13 13:18:57,87.5,85.18518518518519
2026-04-13 13:19:12,87.5,85.18518518518519
2026-04-13 13:19:27,87.5,85.18518518518519
2026-04-13 13:19:42,87.5,85.18518518518519
2026-04-13 13:19:57,87.5,85.18518518518519
2026-04-13 13:20:12,87.5,85.18518518518519
2026-04-13 13:20:27,87.5,85.18518518518519
2026-04-13 13:20:42,87.5,85.18518518518519
2026-04-13 13:20:57,87.5,85.18518518518519
2026-04-13 13:21:12,87.5,85.18518518518519
2026-04-13 13:21:27,87.5,85.18518518518519
2026-04-13 13:21:42,87.5,85.18518518518519
2026-04-13 13:21:57,87.5,85.18518518518519
2026-04-13 13:22:12,87.5,85.18518518518519
2026-04-13 13:22:27,87.5,85.18518518518519
2026-04-13 13:22:42,87.5,85.18518518518519
2026-04-13 13:22:57,87.5,85.18518518518519
2026-04-13 13:23:12,87.5,85.18518518518519
2026-04-13 13:23:27,87.5,85.18518518518519
2026-04-13 13:23:42,87.5,85.18518518518519
2026-04-13 13:23:57,87.5,85.18518518518519
2026-04-13 13:24:12,87.5,85.18518518518519
2026-04-13 13:24:27,87.5,85.18518518518519
2026-04-13 13:24:42,87.5,85.18518518518519
2026-04-13 13:24:57,87.5,85.33007334963325
2026-04-13 13:25:12,87.5,85.33007334963325
2026-04-13 13:25:27,87.5,85.33007334963325
2026-04-13 13:25:42,87.5,85.33007334963325
2026-04-13 13:25:57,87.5,85.33007334963325
2026-04-13 13:26:12,87.5,85.33007334963325
2026-04-13 13:26:27,87.5,85.33007334963325
2026-04-13 13:26:42,87.5,85.33007334963325
2026-04-13 13:26:57,87.5,85.33007334963325
2026-04-13 13:27:12,87.5,85.33007334963325
2026-04-13 13:27:27,87.5,85.33007334963325
2026-04-13 13:27:42,87.5,85.33007334963325
2026-04-13 13:27:57,87.5,85.33007334963325
2026-04-13 13:28:12,87.5,85.33007334963325
2026-04-13 13:28:27,87.5,85.33007334963325
2026-04-13 13:28:42,87.5,85.33007334963325
2026-04-13 13:28:57,87.5,85.33007334963325
2026-04-13 13:29:12,87.5,85.33007334963325
2026-04-13 13:29:27,87.5,85.33007334963325
2026-04-13 13:29:42,87.5,85.33007334963325
2026-04-13 13:29:57,87.5,85.33007334963325
2026-04-13 13:30:12,87.5,85.33007334963325
2026-04-13 13:30:27,87.5,85.33007334963325
2026-04-13 13:30:42,87.5,85.33007334963325
2026-04-13 13:30:57,87.5,85.33007334963325
2026-04-13 13:31:12,87.5,85.33007334963325
2026-04-13 13:31:27,87.5,85.33007334963325
2026-04-13 13:31:42,87.5,85.33007334963325
2026-04-13 13:31:57,87.5,85.33007334963325
2026-04-13 13:32:12,87.5,85.33007334963325
2026-04-13 13:32:27,87.5,85.33007334963325
2026-04-13 13:32:42,87.5,85.33007334963325
2026-04-13 13:32:57,87.5,85.33007334963325
2026-04-13 13:33:12,87.5,85.33007334963325
2026-04-13 13:33:27,87.5,85.4721549636804
2026-04-13 13:33:42,87.5,85.4721549636804
2026-04-13 13:33:57,87.5,85.4721549636804
2026-04-13 13:34:12,87.5,85.4721549636804
2026-04-13 13:34:27,87.5,85.4721549636804
2026-04-13 13:34:42,87.5,85.4721549636804
2026-04-13 13:34:57,87.5,85.4721549636804
2026-04-13 13:35:12,87.5,85.4721549636804
2026-04-13 13:35:27,87.5,85.4721549636804
2026-04-13 13:35:42,87.5,85.4721549636804
2026-04-13 13:35:57,87.5,85.4721549636804
2026-04-13 13:36:12,87.5,85.4721549636804
2026-04-13 13:36:27,87.5,85.4721549636804
2026-04-13 13:36:42,87.5,85.4721549636804
2026-04-13 13:36:57,87.5,85.4721549636804
2026-04-13 13:37:12,87.5,85.4721549636804
2026-04-13 13:37:27,87.5,85.4721549636804
2026-04-13 13:37:42,87.5,85.4721549636804
2026-04-13 13:37:57,87.5,85.4721549636804
2026-04-13 13:38:12,87.5,85.4721549636804
2026-04-13 13:38:27,87.5,85.4721549636804
2026-04-13 13:38:42,87.5,85.4721549636804
2026-04-13 13:38:57,87.5,85.4721549636804
2026-04-13 13:39:12,87.5,85.4721549636804
2026-04-13 13:39:27,87.5,85.4721549636804
2026-04-13 13:39:42,87.5,85.4721549636804
2026-04-13 13:39:57,87.5,85.4721549636804
2026-04-13 13:40:12,87.5,85.4721549636804
2026-04-13 13:40:27,87.5,85.4721549636804
2026-04-13 13:40:42,87.5,85.4721549636804
2026-04-13 13:40:57,87.5,85.4721549636804
2026-04-13 13:41:12,87.5,85.4721549636804
2026-04-13 13:41:27,87.5,85.4721549636804
2026-04-13 13:41:42,87.5,85.4721549636804
2026-04-13 13:41:57,87.5,85.61151079136691
2026-04-13 13:42:12,87.5,85.61151079136691
2026-04-13 13:42:27,87.5,85.61151079136691
2026-04-13 13:42:42,87.5,85.61151079136691
2026-04-13 13:42:57,87.5,85.61151079136691
2026-04-13 13:43:12,87.5,85.61151079136691
2026-04-13 13:43:27,87.5,85.61151079136691
2026-04-13 13:43:42,87.5,85.61151079136691
2026-04-13 13:43:57,87.5,85.61151079136691
2026-04-13 13:44:12,87.5,85.61151079136691
2026-04-13 13:44:27,87.5,85.61151079136691
2026-04-13 13:44:42,87.5,85.61151079136691
2026-04-13 13:44:57,87.5,85.61151079136691
2026-04-13 13:45:12,87.5,85.85131894484412
2026-04-13 13:45:27,87.5,86.09112709832134
2026-04-13 13:45:42,87.5,86.33093525179856
2026-04-13 13:45:57,87.5,86.57074340527578
2026-04-13 13:46:12,87.5,86.810551558753
2026-04-13 13:46:27,87.5,86.810551558753
2026-04-13 13:46:42,87.5,87.05035971223022
2026-04-13 13:46:57,87.5,87.29016786570743
2026-04-13 13:47:12,87.5,87.52997601918466
2026-04-13 13:47:27,87.5,87.76978417266187
2026-04-13 13:47:42,87.5,88.00959232613909
2026-04-13 13:47:57,87.5,88.2494004796163
2026-04-13 13:48:12,87.5,88.48920863309353
2026-04-13 13:48:27,87.5,88.72901678657075
2026-04-13 13:48:42,87.5,88.96882494004797
2026-04-13 13:48:57,87.5,89.20863309352518
2026-04-13 13:49:12,87.5,89.44844124700239
2026-04-13 13:49:27,87.5,89.68824940047962
2026-04-13 13:49:42,87.5,89.92805755395683
2026-04-13 13:49:57,87.5,90.16786570743405
2026-04-13 13:50:12,87.5,90.40767386091127
2026-04-13 13:50:27,87.5,89.78622327790974
2026-04-13 13:50:42,87.5,90.02375296912113
2026-04-13 13:50:57,87.5,90.26128266033254
2026-04-13 13:51:12,87.5,90.49881235154395
2026-04-13 13:51:27,87.5,90.73634204275535
2026-04-13 13:51:42,87.5,90.97387173396675
2026-04-13 13:51:57,87.5,91.21140142517815
2026-04-13 13:52:12,87.5,91.44893111638956
2026-04-13 13:52:27,87.5,91.68646080760095
2026-04-13 13:52:42,87.5,91.92399049881234
2026-04-13 13:52:57,87.5,92.16152019002375
2026-04-13 13:53:12,87.5,92.16152019002375
2026-04-13 13:53:27,87.5,92.16152019002375
2026-04-13 13:53:42,87.5,92.16152019002375
2026-04-13 13:53:57,87.5,92.39904988123516
2026-04-13 13:54:12,87.5,92.63657957244655
2026-04-13 13:54:27,87.5,92.87410926365796
2026-04-13 13:54:42,87.5,93.11163895486936
2026-04-13 13:54:57,87.5,93.34916864608076
2026-04-13 13:55:12,87.5,93.58669833729216
2026-04-13 13:55:27,87.5,93.82422802850357
2026-04-13 13:55:42,87.5,94.06175771971496
2026-04-13 13:55:57,87.5,94.29928741092637
2026-04-13 13:56:12,87.5,94.53681710213777
2026-04-13 13:56:27,87.5,94.53681710213777
2026-04-13 13:56:42,87.5,94.53681710213777
2026-04-13 13:56:57,87.5,94.53681710213777
2026-04-13 13:57:12,87.5,94.29928741092637
2026-04-13 13:57:27,87.5,94.53681710213777
2026-04-13 13:57:42,87.5,94.77434679334917
2026-04-13 13:57:57,87.5,95.01187648456056
2026-04-13 13:58:12,87.5,95.24940617577197
2026-04-13 13:58:27,87.5,95.48693586698337
2026-04-13 13:58:42,87.5,95.72446555819477
2026-04-13 13:58:57,87.5,95.05882352941177
2026-04-13 13:59:12,87.5,95.29411764705881
2026-04-13 13:59:27,87.5,95.52941176470588
2026-04-13 13:59:42,87.5,95.76470588235294
2026-04-13 13:59:57,87.5,96.0
2026-04-13 14:00:12,87.5,96.23529411764706
2026-04-13 14:00:27,87.5,96.67458432304038
2026-04-13 14:00:42,87.5,96.43705463182897
2026-04-13 14:00:57,87.5,96.19952494061758
2026-04-13 14:01:12,87.5,96.19952494061758
2026-04-13 14:01:27,87.5,96.43705463182897
2026-04-13 14:01:42,87.5,96.67458432304038
2026-04-13 14:01:57,87.5,96.91211401425178
2026-04-13 14:02:12,87.5,98.08153477218225
2026-04-13 14:02:27,87.5,98.08153477218225
2026-04-13 14:02:42,87.5,98.08153477218225
2026-04-13 14:02:57,87.5,98.32134292565947
2026-04-13 14:03:12,87.5,98.08153477218225
2026-04-13 14:03:27,87.5,98.08153477218225
2026-04-13 14:03:42,87.5,98.08153477218225
2026-04-13 14:03:57,87.5,98.54721549636804
2026-04-13 14:04:12,87.5,98.54721549636804
2026-04-13 14:04:27,87.5,98.54721549636804
2026-04-13 14:04:42,87.5,98.54721549636804
2026-04-13 14:04:57,87.5,98.54721549636804
2026-04-13 14:05:12,87.5,98.54721549636804
2026-04-13 14:05:27,87.5,98.54721549636804
2026-04-13 14:05:42,87.5,98.53300733496333
2026-04-13 14:05:57,87.5,98.53300733496333
2026-04-13 14:06:12,87.5,98.53300733496333
2026-04-13 14:06:27,87.5,98.53300733496333
2026-04-13 14:06:42,87.5,98.53300733496333
2026-04-13 14:06:57,87.5,98.2885085574572
2026-04-13 14:07:12,87.5,98.0440097799511
2026-04-13 14:07:27,87.5,97.77777777777777
2026-04-13 14:07:42,87.5,97.53086419753086
2026-04-13 14:07:57,87.5,97.28395061728395
2026-04-13 14:08:12,87.5,97.03703703703704
2026-04-13 14:08:27,87.5,96.79012345679013
2026-04-13 14:08:42,87.5,96.54320987654322
2026-04-13 14:08:57,87.5,96.29629629629629
2026-04-13 14:09:12,87.5,96.00997506234414
2026-04-13 14:09:27,87.5,95.76059850374065
2026-04-13 14:09:42,87.5,95.51122194513717
2026-04-13 14:09:57,87.5,95.26184538653366
2026-04-13 14:10:12,87.5,95.01246882793018
2026-04-13 14:10:27,87.5,95.01246882793018
2026-04-13 14:10:42,87.5,95.01246882793018
2026-04-13 14:10:57,87.5,95.01246882793018
2026-04-13 14:11:12,87.5,94.96221662468514
2026-04-13 14:11:27,87.5,94.96221662468514
2026-04-13 14:11:42,87.5,94.96221662468514
2026-04-13 14:11:57,87.5,94.96221662468514
2026-04-13 14:12:12,87.5,94.96221662468514
2026-04-13 14:12:27,87.5,94.96221662468514
2026-04-13 14:12:42,87.5,94.96221662468514
2026-04-13 14:12:57,87.5,94.65648854961832
2026-04-13 14:13:12,87.5,94.65648854961832
2026-04-13 14:13:27,87.5,94.65648854961832
2026-04-13 14:13:42,87.5,94.65648854961832
2026-04-13 14:13:57,87.5,94.65648854961832
2026-04-13 14:14:12,87.5,94.65648854961832
2026-04-13 14:14:27,87.5,94.65648854961832
2026-04-13 14:14:42,87.5,94.60154241645245
2026-04-13 14:14:57,87.5,94.60154241645245
2026-04-13 14:15:12,87.5,94.60154241645245
2026-04-13 14:15:27,87.5,94.60154241645245
2026-04-13 14:15:42,87.5,94.60154241645245
2026-04-13 14:15:57,87.5,94.34447300771208
2026-04-13 14:16:12,87.5,94.34447300771208
2026-04-13 14:16:27,87.5,94.28571428571428
2026-04-13 14:16:42,87.5,94.28571428571428
2026-04-13 14:16:57,87.5,94.28571428571428
2026-04-13 14:17:12,87.5,94.28571428571428
2026-04-13 14:17:27,87.5,94.28571428571428
2026-04-13 14:17:42,87.5,94.28571428571428
2026-04-13 14:17:57,87.5,94.28571428571428
2026-04-13 14:18:12,87.5,94.22572178477691
2026-04-13 14:18:27,87.5,94.22572178477691
2026-04-13 14:18:42,87.5,93.96325459317585
2026-04-13 14:18:57,87.5,93.96325459317585
2026-04-13 14:19:12,87.5,93.7007874015748
2026-04-13 14:19:27,87.5,93.43832020997375
2026-04-13 14:19:42,87.5,93.1758530183727
2026-04-13 14:19:57,87.5,93.10344827586206
2026-04-13 14:20:12,87.5,93.10344827586206
2026-04-13 14:20:27,87.5,93.10344827586206
2026-04-13 14:20:42,87.5,93.10344827586206
2026-04-13 14:20:57,87.5,93.10344827586206
2026-04-13 14:21:12,87.5,93.10344827586206
2026-04-13 14:21:27,87.5,92.83819628647215
2026-04-13 14:21:42,87.5,92.83819628647215
2026-04-13 14:21:57,87.5,92.76139410187668
2026-04-13 14:22:12,87.5,92.76139410187668
2026-04-13 14:22:27,87.5,92.76139410187668
2026-04-13 14:22:42,87.5,92.76139410187668
2026-04-13 14:22:57,87.5,92.76139410187668
2026-04-13 14:23:12,87.5,92.76139410187668
2026-04-13 14:23:27,87.5,92.76139410187668
2026-04-13 14:23:42,87.5,92.6829268292683
2026-04-13 14:23:57,87.5,92.6829268292683
2026-04-13 14:24:12,87.5,92.6829268292683
2026-04-13 14:24:27,87.5,92.6829268292683
2026-04-13 14:24:42,87.5,92.6829268292683
2026-04-13 14:24:57,87.5,92.6829268292683
2026-04-13 14:25:12,87.5,92.6829268292683
2026-04-13 14:25:27,87.5,92.6027397260274
2026-04-13 14:25:42,87.5,92.6027397260274
2026-04-13 14:25:57,87.5,92.6027397260274
2026-04-13 14:26:12,87.5,92.6027397260274
2026-04-13 14:26:27,87.5,92.6027397260274
2026-04-13 14:26:42,87.5,92.6027397260274
2026-04-13 14:26:57,87.5,92.6027397260274
2026-04-13 14:27:12,87.5,92.5207756232687
2026-04-13 14:27:27,87.5,92.5207756232687
2026-04-13 14:27:42,87.5,92.5207756232687
2026-04-13 14:27:57,87.5,92.5207756232687
2026-04-13 14:28:12,87.5,92.5207756232687
2026-04-13 14:28:27,87.5,92.5207756232687
2026-04-13 14:28:42,87.5,92.5207756232687
2026-04-13 14:28:57,87.5,92.43697478991596
2026-04-13 14:29:12,87.5,92.43697478991596
2026-04-13 14:29:27,87.5,92.43697478991596
2026-04-13 14:29:42,87.5,92.43697478991596
2026-04-13 14:29:57,87.5,92.43697478991596
2026-04-13 14:30:12,87.5,92.43697478991596
2026-04-13 14:30:27,87.5,92.43697478991596
2026-04-13 14:30:42,87.5,92.3512747875354
2026-04-13 14:30:57,87.5,92.3512747875354
2026-04-13 14:31:12,87.5,92.3512747875354
2026-04-13 14:31:27,87.5,92.3512747875354
2026-04-13 14:31:42,87.5,92.3512747875354
2026-04-13 14:31:57,87.5,92.3512747875354
2026-04-13 14:32:12,87.5,92.3512747875354
2026-04-13 14:32:27,87.5,92.26361031518626
2026-04-13 14:32:42,87.5,92.26361031518626
2026-04-13 14:32:57,87.5,92.26361031518626
2026-04-13 14:33:12,87.5,92.26361031518626
2026-04-13 14:33:27,87.5,92.26361031518626
2026-04-13 14:33:42,87.5,92.26361031518626
2026-04-13 14:33:57,87.5,92.26361031518626
2026-04-13 14:34:12,87.5,92.26361031518626
2026-04-13 14:34:27,87.5,92.17391304347827
2026-04-13 14:34:42,87.5,92.17391304347827
2026-04-13 14:34:57,87.5,92.17391304347827
2026-04-13 14:35:12,87.5,92.17391304347827
2026-04-13 14:35:27,87.5,92.17391304347827
2026-04-13 14:35:42,87.5,92.17391304347827
2026-04-13 14:35:57,87.5,92.17391304347827
2026-04-13 14:36:12,87.5,92.08211143695014
2026-04-13 14:36:27,87.5,92.08211143695014
2026-04-13 14:36:42,87.5,92.08211143695014
2026-04-13 14:36:57,87.5,92.08211143695014
2026-04-13 14:37:12,87.5,92.08211143695014
2026-04-13 14:37:27,87.5,92.08211143695014
2026-04-13 14:37:42,87.5,92.08211143695014
2026-04-13 14:37:57,87.5,91.98813056379822
2026-04-13 14:38:12,87.5,91.98813056379822
2026-04-13 14:38:27,87.5,91.98813056379822
2026-04-13 14:38:42,87.5,91.98813056379822
2026-04-13 14:38:57,87.5,91.98813056379822
2026-04-13 14:39:12,87.5,91.98813056379822
2026-04-13 14:39:27,87.5,91.98813056379822
2026-04-13 14:39:42,87.5,91.8918918918919
2026-04-13 14:39:57,87.5,91.8918918918919
2026-04-13 14:40:12,87.5,91.8918918918919
2026-04-13 14:40:27,87.5,91.8918918918919
2026-04-13 14:40:42,87.5,91.8918918918919
2026-04-13 14:40:57,87.5,91.8918918918919
2026-04-13 14:41:12,87.5,91.8918918918919
2026-04-13 14:41:27,87.5,91.7933130699088
2026-04-13 14:41:42,87.5,91.7933130699088
2026-04-13 14:41:57,87.5,91.7933130699088
2026-04-13 14:42:12,87.5,91.7933130699088
2026-04-13 14:42:27,87.5,91.7933130699088
2026-04-13 14:42:42,87.5,91.7933130699088
2026-04-13 14:42:57,87.5,91.7933130699088
2026-04-13 14:43:12,87.5,91.6923076923077
2026-04-13 14:43:27,87.5,91.6923076923077
2026-04-13 14:43:42,87.5,91.6923076923077
2026-04-13 14:43:57,87.5,91.6923076923077
2026-04-13 14:44:12,87.5,91.6923076923077
2026-04-13 14:44:27,87.5,91.6923076923077
2026-04-13 14:44:42,87.5,91.6923076923077
2026-04-13 14:44:57,87.5,91.6923076923077
2026-04-13 14:45:12,87.5,91.58878504672897
2026-04-13 14:45:27,87.5,91.58878504672897
2026-04-13 14:45:42,87.5,91.58878504672897
2026-04-13 14:45:57,87.5,91.58878504672897
2026-04-13 14:46:12,87.5,91.58878504672897
2026-04-13 14:46:27,87.5,91.58878504672897
2026-04-13 14:46:42,87.5,91.58878504672897
2026-04-13 14:46:57,87.5,91.48264984227129
2026-04-13 14:47:12,87.5,91.48264984227129
2026-04-13 14:47:27,87.5,91.48264984227129
2026-04-13 14:47:42,87.5,91.48264984227129
2026-04-13 14:47:57,87.5,91.48264984227129
2026-04-13 14:48:12,87.5,91.48264984227129
2026-04-13 14:48:27,87.5,91.48264984227129
2026-04-13 14:48:42,87.5,91.3738019169329
2026-04-13 14:48:57,87.5,91.3738019169329
2026-04-13 14:49:12,87.5,91.3738019169329
2026-04-13 14:49:27,87.5,91.3738019169329
2026-04-13 14:49:42,87.5,91.3738019169329
2026-04-13 14:49:57,87.5,91.3738019169329
2026-04-13 14:50:12,87.5,91.3738019169329
2026-04-13 14:50:27,87.5,91.2621359223301
2026-04-13 14:50:42,87.5,91.2621359223301
2026-04-13 14:50:57,87.5,91.2621359223301
2026-04-13 14:51:12,87.5,91.2621359223301
2026-04-13 14:51:27,87.5,91.2621359223301
2026-04-13 14:51:42,87.5,91.2621359223301
2026-04-13 14:51:57,87.5,91.2621359223301
2026-04-13 14:52:12,87.5,91.14754098360656
2026-04-13 14:52:27,87.5,91.14754098360656
2026-04-13 14:52:42,87.5,91.14754098360656
2026-04-13 14:52:57,87.5,91.14754098360656
2026-04-13 14:53:12,87.5,91.14754098360656
2026-04-13 14:53:27,87.5,91.14754098360656
2026-04-13 14:53:42,87.5,91.14754098360656
2026-04-13 14:53:57,87.5,91.0299003322259
2026-04-13 14:54:12,87.5,91.0299003322259
2026-04-13 14:54:27,87.5,91.0299003322259
2026-04-13 14:54:42,87.5,91.0299003322259
2026-04-13 14:54:57,87.5,91.0299003322259
2026-04-13 14:55:12,87.5,91.0299003322259
2026-04-13 14:55:27,87.5,91.0299003322259
2026-04-13 14:55:42,87.5,90.9090909090909
2026-04-13 14:55:57,87.5,90.9090909090909
2026-04-13 14:56:12,87.5,90.9090909090909
2026-04-13 14:56:27,87.5,90.9090909090909
2026-04-13 14:56:42,87.5,90.9090909090909
2026-04-13 14:56:57,87.5,90.9090909090909
2026-04-13 14:57:12,87.5,90.9090909090909
2026-04-13 14:57:27,87.5,90.9090909090909
2026-04-13 14:57:42,87.5,90.78498293515358
2026-04-13 14:57:57,87.5,90.78498293515358
2026-04-13 14:58:12,87.5,90.78498293515358
2026-04-13 14:58:27,87.5,90.78498293515358
2026-04-13 14:58:42,87.5,90.78498293515358
2026-04-13 14:58:57,87.5,90.78498293515358
2026-04-13 14:59:12,87.5,90.78498293515358
2026-04-13 14:59:27,87.5,90.65743944636678
2026-04-13 14:59:42,87.5,90.65743944636678
2026-04-13 14:59:57,87.5,90.65743944636678
2026-04-13 15:00:12,87.5,90.65743944636678
2026-04-13 15:00:27,87.5,90.65743944636678
2026-04-13 15:00:42,87.5,90.65743944636678
2026-04-13 15:00:57,87.5,90.65743944636678
2026-04-13 15:01:12,87.5,90.52631578947368
2026-04-13 15:01:27,87.5,90.52631578947368
2026-04-13 15:01:42,87.5,90.52631578947368
2026-04-13 15:01:57,87.5,90.52631578947368
2026-04-13 15:02:12,87.5,90.52631578947368
2026-04-13 15:02:27,100.0,90.52631578947368
2026-04-13 15:02:42,100.0,90.39145907473309
2026-04-13 15:02:57,100.0,90.39145907473309
2026-04-13 15:03:12,100.0,90.39145907473309
2026-04-13 15:03:27,100.0,90.39145907473309
2026-04-13 15:03:42,100.0,90.39145907473309
2026-04-13 15:03:57,100.0,90.39145907473309
2026-04-13 15:04:12,100.0,90.25270758122743
2026-04-13 15:04:27,100.0,90.25270758122743
2026-04-13 15:04:42,100.0,90.25270758122743
2026-04-13 15:04:57,100.0,90.25270758122743
2026-04-13 15:05:12,100.0,90.25270758122743
2026-04-13 15:05:27,100.0,90.25270758122743
2026-04-13 15:05:42,100.0,90.25270758122743
2026-04-13 15:05:57,100.0,90.47619047619048
2026-04-13 15:06:12,100.0,90.47619047619048
2026-04-13 15:06:27,100.0,90.47619047619048
2026-04-13 15:06:42,100.0,90.47619047619048
2026-04-13 15:06:57,100.0,90.47619047619048
2026-04-13 15:07:12,100.0,90.47619047619048
2026-04-13 15:07:27,100.0,90.33457249070632
2026-04-13 15:07:42,100.0,90.70631970260223
2026-04-13 15:07:57,100.0,91.07806691449815
2026-04-13 15:08:12,100.0,91.44981412639405
2026-04-13 15:08:27,100.0,91.44981412639405
2026-04-13 15:08:42,100.0,91.44981412639405
2026-04-13 15:08:57,100.0,91.44981412639405
2026-04-13 15:09:12,100.0,91.32075471698113
2026-04-13 15:09:27,100.0,91.69811320754717
2026-04-13 15:09:42,100.0,91.69811320754717
2026-04-13 15:09:57,100.0,92.0754716981132
2026-04-13 15:10:12,100.0,92.0754716981132
2026-04-13 15:10:27,100.0,92.0754716981132
2026-04-13 15:10:42,100.0,91.95402298850574
2026-04-13 15:10:57,100.0,91.95402298850574
2026-04-13 15:11:12,100.0,91.95402298850574
2026-04-13 15:11:27,100.0,91.95402298850574
2026-04-13 15:11:42,100.0,91.95402298850574
2026-04-13 15:11:57,100.0,91.95402298850574
2026-04-13 15:12:12,100.0,92.33716475095785
2026-04-13 15:12:27,100.0,94.16342412451361
2026-04-13 15:12:42,100.0,94.55252918287937
2026-04-13 15:12:57,100.0,94.94163424124513
2026-04-13 15:13:12,100.0,95.3307392996109
2026-04-13 15:13:27,100.0,95.71984435797665
2026-04-13 15:13:42,100.0,96.10894941634241
2026-04-13 15:13:57,100.0,97.23320158102767
2026-04-13 15:14:12,100.0,97.23320158102767
2026-04-13 15:14:27,100.0,97.23320158102767
2026-04-13 15:14:42,100.0,97.23320158102767
2026-04-13 15:14:57,100.0,97.23320158102767
2026-04-13 15:15:12,100.0,97.23320158102767
2026-04-13 15:15:27,100.0,97.23320158102767
2026-04-13 15:15:42,100.0,97.59036144578313
2026-04-13 15:15:57,100.0,97.59036144578313
2026-04-13 15:16:12,100.0,97.59036144578313
2026-04-13 15:16:27,100.0,97.59036144578313
2026-04-13 15:16:42,100.0,97.59036144578313
2026-04-13 15:16:57,100.0,97.59036144578313
2026-04-13 15:17:12,100.0,97.95918367346938
2026-04-13 15:17:27,100.0,97.95918367346938
2026-04-13 15:17:42,100.0,97.95918367346938
2026-04-13 15:17:57,100.0,97.95918367346938
2026-04-13 15:18:12,100.0,97.95918367346938
2026-04-13 15:18:27,100.0,97.95918367346938
2026-04-13 15:18:42,100.0,97.95918367346938
2026-04-13 15:18:57,100.0,98.3402489626556
2026-04-13 15:19:12,100.0,98.3402489626556
2026-04-13 15:19:27,100.0,98.7551867219917
2026-04-13 15:19:42,100.0,99.1701244813278
2026-04-13 15:19:57,100.0,99.5850622406639
2026-04-13 15:20:12,100.0,99.5850622406639
2026-04-13 15:20:27,100.0,99.57805907172997
2026-04-13 15:20:42,100.0,100.0
2026-04-13 15:20:57,100.0,100.0
2026-04-13 15:21:12,100.0,100.0
2026-04-13 15:21:27,100.0,100.0
2026-04-13 15:21:42,100.0,100.0
2026-04-13 15:21:57,100.0,100.0
2026-04-13 15:22:12,100.0,100.0
2026-04-13 15:22:27,100.0,100.0
2026-04-13 15:22:42,100.0,100.0
2026-04-13 15:22:57,100.0,100.0
2026-04-13 15:23:12,100.0,100.0
2026-04-13 15:23:27,100.0,100.0
2026-04-13 15:23:42,100.0,100.0
2026-04-13 15:23:57,100.0,100.0
2026-04-13 15:24:12,100.0,100.0
2026-04-13 15:24:27,100.0,100.0
2026-04-13 15:24:42,100.0,100.0
2026-04-13 15:24:57,100.0,100.0
2026-04-13 15:25:12,100.0,100.0
2026-04-13 15:25:27,100.0,100.0
2026-04-13 15:25:42,100.0,100.0
2026-04-13 15:25:57,100.0,100.0
2026-04-13 15:26:12,100.0,100.0
2026-04-13 15:26:27,100.0,100.0
2026-04-13 15:26:42,100.0,100.0
2026-04-13 15:26:57,100.0,100.0
2026-04-13 15:27:12,100.0,100.0
2026-04-13 15:27:27,100.0,100.0
2026-04-13 15:27:42,100.0,100.0
2026-04-13 15:27:57,100.0,100.0
2026-04-13 15:28:12,100.0,100.0
2026-04-13 15:28:27,100.0,100.0
2026-04-13 15:28:42,100.0,100.0
2026-04-13 15:28:57,100.0,100.0
2026-04-13 15:29:12,100.0,100.0
2026-04-13 15:29:27,100.0,100.0
2026-04-13 15:29:42,100.0,100.0
2026-04-13 15:29:57,100.0,100.0
2026-04-13 15:30:12,100.0,100.0
2026-04-13 15:30:27,100.0,100.0
2026-04-13 15:30:42,100.0,100.0
2026-04-13 15:30:57,100.0,100.0
2026-04-13 15:31:12,100.0,100.0
2026-04-13 15:31:27,100.0,100.0
2026-04-13 15:31:42,100.0,100.0
2026-04-13 15:31:57,100.0,100.0
2026-04-13 15:32:12,100.0,100.0
2026-04-13 15:32:27,100.0,100.0
2026-04-13 15:32:42,100.0,100.0
2026-04-13 15:32:57,100.0,100.0
2026-04-13 15:33:12,100.0,100.0
2026-04-13 15:33:27,100.0,100.0
2026-04-13 15:33:42,100.0,100.0
2026-04-13 15:33:57,100.0,100.0
2026-04-13 15:34:12,100.0,100.0
2026-04-13 15:34:27,100.0,100.0
2026-04-13 15:34:42,100.0,100.0
2026-04-13 15:34:57,100.0,100.0
2026-04-13 15:35:12,100.0,100.0
2026-04-13 15:35:27,100.0,100.0
2026-04-13 15:35:42,100.0,100.0
2026-04-13 15:35:57,100.0,100.0
2026-04-13 15:36:12,100.0,100.0
2026-04-13 15:36:27,100.0,100.0
2026-04-13 15:36:42,100.0,100.0
2026-04-13 15:36:57,100.0,100.0
2026-04-13 15:37:12,100.0,100.0
2026-04-13 15:37:27,100.0,100.0
2026-04-13 15:37:42,100.0,100.0
2026-04-13 15:37:57,100.0,100.0
2026-04-13 15:38:12,100.0,100.0
2026-04-13 15:38:27,100.0,100.0
2026-04-13 15:38:42,100.0,100.0
2026-04-13 15:38:57,100.0,100.0
2026-04-13 15:39:12,100.0,100.0
2026-04-13 15:39:27,100.0,100.0
2026-04-13 15:39:42,100.0,100.0
2026-04-13 15:39:57,100.0,100.0
2026-04-13 15:40:12,100.0,100.0
2026-04-13 15:40:27,100.0,100.0
2026-04-13 15:40:42,100.0,100.0
2026-04-13 15:40:57,100.0,100.0
2026-04-13 15:41:12,100.0,100.0
2026-04-13 15:41:27,100.0,100.0
2026-04-13 15:41:42,100.0,100.0
2026-04-13 15:41:57,100.0,100.0
2026-04-13 15:42:12,100.0,100.0
2026-04-13 15:42:27,100.0,100.0
2026-04-13 15:42:42,100.0,100.0
2026-04-13 15:42:57,100.0,100.0
2026-04-13 15:43:12,100.0,100.0
2026-04-13 15:43:27,100.0,100.0
2026-04-13 15:43:42,100.0,100.0
2026-04-13 15:43:57,100.0,100.0
2026-04-13 15:44:12,100.0,100.0
2026-04-13 15:44:27,100.0,100.0
2026-04-13 15:44:42,100.0,100.0
2026-04-13 15:44:57,100.0,100.0
2026-04-13 15:45:12,100.0,100.0
2026-04-13 15:45:27,100.0,100.0
2026-04-13 15:45:42,100.0,100.0
2026-04-13 15:45:57,100.0,100.0
2026-04-13 15:46:12,100.0,100.0
2026-04-13 15:46:27,100.0,100.0
2026-04-13 15:46:42,100.0,100.0
2026-04-13 15:46:57,100.0,100.0
2026-04-13 15:47:12,100.0,100.0
2026-04-13 15:47:27,100.0,100.0
2026-04-13 15:47:42,100.0,100.0
2026-04-13 15:47:57,100.0,100.0
2026-04-13 15:48:12,100.0,100.0
2026-04-13 15:48:27,100.0,100.0
2026-04-13 15:48:42,100.0,100.0
2026-04-13 15:48:57,100.0,100.0
2026-04-13 15:49:12,100.0,100.0
2026-04-13 15:49:27,100.0,100.0
2026-04-13 15:49:42,100.0,100.0
2026-04-13 15:49:57,100.0,100.0
2026-04-13 15:50:12,100.0,100.0
2026-04-13 15:50:27,100.0,100.0
2026-04-13 15:50:42,100.0,100.0
2026-04-13 15:50:57,100.0,100.0
2026-04-13 15:51:12,100.0,100.0
2026-04-13 15:51:27,100.0,100.0
2026-04-13 15:51:42,100.0,100.0
2026-04-13 15:51:57,100.0,100.0
2026-04-13 15:52:12,100.0,100.0
2026-04-13 15:52:27,100.0,100.0
2026-04-13 15:52:42,100.0,100.0
2026-04-13 15:52:57,100.0,100.0
2026-04-13 15:53:12,100.0,100.0
2026-04-13 15:53:27,100.0,100.0
2026-04-13 15:53:42,100.0,100.0
2026-04-13 15:53:57,100.0,100.0
2026-04-13 15:54:12,100.0,100.0
2026-04-13 15:54:27,100.0,100.0
2026-04-13 15:54:42,100.0,100.0
2026-04-13 15:54:57,100.0,100.0
2026-04-13 15:55:12,100.0,100.0
2026-04-13 15:55:27,100.0,100.0
2026-04-13 15:55:42,100.0,100.0
2026-04-13 15:55:57,100.0,100.0
2026-04-13 15:56:12,100.0,100.0
2026-04-13 15:56:27,100.0,100.0
2026-04-13 15:56:42,100.0,100.0
2026-04-13 15:56:57,100.0,100.0
2026-04-13 15:57:12,100.0,100.0
2026-04-13 15:57:27,100.0,100.0
2026-04-13 15:57:42,100.0,100.0
2026-04-13 15:57:57,100.0,100.0
2026-04-13 15:58:12,100.0,100.0
2026-04-13 15:58:27,100.0,100.0
2026-04-13 15:58:42,100.0,100.0
2026-04-13 15:58:57,100.0,100.0
2026-04-13 15:59:12,100.0,100.0
2026-04-13 15:59:27,100.0,100.0
2026-04-13 15:59:42,100.0,100.0
2026-04-13 15:59:57,100.0,100.0
2026-04-13 16:00:12,100.0,100.0
2026-04-13 16:00:27,100.0,100.0
2026-04-13 16:00:42,100.0,100.0
2026-04-13 16:00:57,100.0,100.0
2026-04-13 16:01:12,100.0,100.0
2026-04-13 16:01:27,100.0,100.0
2026-04-13 16:01:42,100.0,100.0
2026-04-13 16:01:57,100.0,100.0
2026-04-13 16:02:12,100.0,100.0
2026-04-13 16:02:27,100.0,100.0
2026-04-13 16:02:42,100.0,100.0
2026-04-13 16:02:57,100.0,100.0
2026-04-13 16:03:12,100.0,100.0
2026-04-13 16:03:27,100.0,100.0
2026-04-13 16:03:42,100.0,100.0
2026-04-13 16:03:57,100.0,100.0
2026-04-13 16:04:12,100.0,100.0
2026-04-13 16:04:27,100.0,100.0
2026-04-13 16:04:42,100.0,100.0
2026-04-13 16:04:57,100.0,100.0
2026-04-13 16:05:12,100.0,100.0
2026-04-13 16:05:27,100.0,100.0
2026-04-13 16:05:42,100.0,100.0
2026-04-13 16:05:57,100.0,100.0
2026-04-13 16:06:12,100.0,100.0
2026-04-13 16:06:27,100.0,100.0
2026-04-13 16:06:42,100.0,100.0
2026-04-13 16:06:57,100.0,100.0
2026-04-13 16:07:12,100.0,100.0
2026-04-13 16:07:27,100.0,100.0
2026-04-13 16:07:42,100.0,100.0
2026-04-13 16:07:57,100.0,100.0
2026-04-13 16:08:12,100.0,100.0
2026-04-13 16:08:27,100.0,100.0
2026-04-13 16:08:42,100.0,100.0
2026-04-13 16:08:57,100.0,100.0
2026-04-13 16:09:12,100.0,100.0
2026-04-13 16:09:27,100.0,100.0
2026-04-13 16:09:42,100.0,100.0
2026-04-13 16:09:57,100.0,100.0
2026-04-13 16:10:12,100.0,100.0
2026-04-13 16:10:27,100.0,100.0
2026-04-13 16:10:42,100.0,100.0
2026-04-13 16:10:57,100.0,100.0
2026-04-13 16:11:12,100.0,100.0
2026-04-13 16:11:27,100.0,100.0
2026-04-13 16:11:42,100.0,100.0
2026-04-13 16:11:57,100.0,100.0
2026-04-13 16:12:12,100.0,100.0
2026-04-13 16:12:27,100.0,100.0
2026-04-13 16:12:42,100.0,100.0
2026-04-13 16:12:57,100.0,100.0
2026-04-13 16:13:12,100.0,100.0
2026-04-13 16:13:27,100.0,100.0
2026-04-13 16:13:42,100.0,100.0
2026-04-13 16:13:57,100.0,100.0
2026-04-13 16:14:12,100.0,100.0
2026-04-13 16:14:27,100.0,100.0
2026-04-13 16:14:42,100.0,100.0
2026-04-13 16:14:57,100.0,100.0
2026-04-13 16:15:12,100.0,100.0
2026-04-13 16:15:27,100.0,100.0
2026-04-13 16:15:42,100.0,100.0
2026-04-13 16:15:57,100.0,100.0
2026-04-13 16:16:12,100.0,100.0
2026-04-13 16:16:27,100.0,100.0
2026-04-13 16:16:42,100.0,100.0
2026-04-13 16:16:57,100.0,100.0
2026-04-13 16:17:12,100.0,100.0
2026-04-13 16:17:27,100.0,100.0
2026-04-13 16:17:42,100.0,100.0
2026-04-13 16:17:57,100.0,100.0
2026-04-13 16:18:12,100.0,100.0
2026-04-13 16:18:27,100.0,100.0
2026-04-13 16:18:42,100.0,100.0
2026-04-13 16:18:57,100.0,100.0
2026-04-13 16:19:12,100.0,100.0
2026-04-13 16:19:27,100.0,100.0
2026-04-13 16:19:42,100.0,100.0
2026-04-13 16:19:57,100.0,100.0
2026-04-13 16:20:12,100.0,100.0
2026-04-13 16:20:27,100.0,100.0
2026-04-13 16:20:42,100.0,100.0
2026-04-13 16:20:57,100.0,100.0
2026-04-13 16:21:12,100.0,100.0
2026-04-13 16:21:27,100.0,100.0
2026-04-13 16:21:42,100.0,100.0
2026-04-13 16:21:57,100.0,100.0
2026-04-13 16:22:12,100.0,100.0
2026-04-13 16:22:27,100.0,100.0
2026-04-13 16:22:42,100.0,100.0
2026-04-13 16:22:57,100.0,100.0
2026-04-13 16:23:12,100.0,100.0
2026-04-13 16:23:27,100.0,100.0
2026-04-13 16:23:42,100.0,100.0
2026-04-13 16:23:57,100.0,100.0
2026-04-13 16:24:12,100.0,100.0
2026-04-13 16:24:27,100.0,100.0
2026-04-13 16:24:42,100.0,100.0
2026-04-13 16:24:57,100.0,100.0
2026-04-13 16:25:12,100.0,100.0
2026-04-13 16:25:27,100.0,100.0
2026-04-13 16:25:42,100.0,100.0
2026-04-13 16:25:57,100.0,100.0
2026-04-13 16:26:12,100.0,100.0
2026-04-13 16:26:27,100.0,100.0
2026-04-13 16:26:42,100.0,100.0
2026-04-13 16:26:57,100.0,100.0
2026-04-13 16:27:12,100.0,100.0
2026-04-13 16:27:27,100.0,100.0
2026-04-13 16:27:42,100.0,100.0
2026-04-13 16:27:57,100.0,100.0
2026-04-13 16:28:12,100.0,100.0
2026-04-13 16:28:27,100.0,100.0
2026-04-13 16:28:42,100.0,100.0
2026-04-13 16:28:57,100.0,100.0
2026-04-13 16:29:12,100.0,100.0
2026-04-13 16:29:27,100.0,100.0
2026-04-13 16:29:42,100.0,100.0
2026-04-13 16:29:57,100.0,100.0
2026-04-13 16:30:12,100.0,100.0
2026-04-13 16:30:27,100.0,100.0
2026-04-13 16:30:42,100.0,100.0
2026-04-13 16:30:57,100.0,100.0
2026-04-13 16:31:12,100.0,100.0
2026-04-13 16:31:27,100.0,100.0
2026-04-13 16:31:42,100.0,100.0
2026-04-13 16:31:57,100.0,100.0
2026-04-13 16:32:12,100.0,100.0
2026-04-13 16:32:27,100.0,100.0
2026-04-13 16:32:42,100.0,100.0
2026-04-13 16:32:57,100.0,100.0
2026-04-13 16:33:12,100.0,100.0
2026-04-13 16:33:27,100.0,100.0
2026-04-13 16:33:42,100.0,100.0
2026-04-13 16:33:57,100.0,100.0
2026-04-13 16:34:12,100.0,100.0
2026-04-13 16:34:27,100.0,100.0
2026-04-13 16:34:42,100.0,100.0
2026-04-13 16:34:57,100.0,100.0
2026-04-13 16:35:12,100.0,100.0
2026-04-13 16:35:27,100.0,100.0
2026-04-13 16:35:42,100.0,100.0
2026-04-13 16:35:57,100.0,100.0
2026-04-13 16:36:12,100.0,100.0
2026-04-13 16:36:27,100.0,100.0
2026-04-13 16:36:42,100.0,100.0
2026-04-13 16:36:57,100.0,100.0
2026-04-13 16:37:12,100.0,100.0
2026-04-13 16:37:27,100.0,100.0
2026-04-13 16:37:42,100.0,100.0
2026-04-13 16:37:57,100.0,100.0
2026-04-13 16:38:12,100.0,100.0
2026-04-13 16:38:27,100.0,100.0
2026-04-13 16:38:42,100.0,100.0
2026-04-13 16:38:57,100.0,100.0
2026-04-13 16:39:12,100.0,100.0
2026-04-13 16:39:27,100.0,100.0
2026-04-13 16:39:42,100.0,100.0
2026-04-13 16:39:57,100.0,100.0
2026-04-13 16:40:12,100.0,100.0
2026-04-13 16:40:27,100.0,100.0
2026-04-13 16:40:42,100.0,100.0
2026-04-13 16:40:57,100.0,100.0
2026-04-13 16:41:12,100.0,100.0
2026-04-13 16:41:27,100.0,100.0
2026-04-13 16:41:42,100.0,100.0
2026-04-13 16:41:57,100.0,100.0
2026-04-13 16:42:12,100.0,100.0
2026-04-13 16:42:27,100.0,100.0
2026-04-13 16:42:42,100.0,100.0
2026-04-13 16:42:57,100.0,100.0
2026-04-13 16:43:12,100.0,100.0
2026-04-13 16:43:27,100.0,100.0
2026-04-13 16:43:42,100.0,100.0
2026-04-13 16:43:57,100.0,100.0
2026-04-13 16:44:12,100.0,100.0
2026-04-13 16:44:27,100.0,100.0
2026-04-13 16:44:42,100.0,100.0
2026-04-13 16:44:57,100.0,100.0
2026-04-13 16:45:12,100.0,100.0
2026-04-13 16:45:27,100.0,100.0
2026-04-13 16:45:42,100.0,100.0
2026-04-13 16:45:57,100.0,100.0
2026-04-13 16:46:12,100.0,100.0
2026-04-13 16:46:27,100.0,100.0
2026-04-13 16:46:42,100.0,100.0
2026-04-13 16:46:57,100.0,100.0
2026-04-13 16:47:12,100.0,100.0
2026-04-13 16:47:27,100.0,100.0
2026-04-13 16:47:42,100.0,100.0
2026-04-13 16:47:57,100.0,100.0
2026-04-13 16:48:12,100.0,100.0
2026-04-13 16:48:27,100.0,100.0
2026-04-13 16:48:42,100.0,100.0
2026-04-13 16:48:57,100.0,100.0
2026-04-13 16:49:12,100.0,100.0
2026-04-13 16:49:27,100.0,100.0
2026-04-13 16:49:42,100.0,100.0
2026-04-13 16:49:57,100.0,100.0
2026-04-13 16:50:12,100.0,100.0
2026-04-13 16:50:27,100.0,100.0
2026-04-13 16:50:42,100.0,100.0
2026-04-13 16:50:57,100.0,100.0
2026-04-13 16:51:12,100.0,100.0
2026-04-13 16:51:27,100.0,100.0
2026-04-13 16:51:42,100.0,100.0
2026-04-13 16:51:57,100.0,100.0
2026-04-13 16:52:12,100.0,100.0
2026-04-13 16:52:27,100.0,100.0
2026-04-13 16:52:42,100.0,100.0
2026-04-13 16:52:57,100.0,100.0
2026-04-13 16:53:12,100.0,100.0
2026-04-13 16:53:27,100.0,100.0
2026-04-13 16:53:42,100.0,100.0
2026-04-13 16:53:57,100.0,100.0
2026-04-13 16:54:12,100.0,100.0
2026-04-13 16:54:27,100.0,100.0
2026-04-13 16:54:42,100.0,100.0
2026-04-13 16:54:57,100.0,100.0
2026-04-13 16:55:12,100.0,100.0
2026-04-13 16:55:27,100.0,100.0
2026-04-13 16:55:42,100.0,100.0
2026-04-13 16:55:57,100.0,100.0
2026-04-13 16:56:12,100.0,100.0
2026-04-13 16:56:27,100.0,100.0
2026-04-13 16:56:42,100.0,100.0
2026-04-13 16:56:57,100.0,100.0
2026-04-13 16:57:12,100.0,100.0
2026-04-13 16:57:27,100.0,100.0
2026-04-13 16:57:42,100.0,100.0
2026-04-13 16:57:57,100.0,100.0
2026-04-13 16:58:12,100.0,100.0
2026-04-13 16:58:27,100.0,100.0
2026-04-13 16:58:42,100.0,100.0
2026-04-13 16:58:57,100.0,100.0
2026-04-13 16:59:12,100.0,100.0
2026-04-13 16:59:27,100.0,100.0
2026-04-13 16:59:42,100.0,100.0
2026-04-13 16:59:57,100.0,100.0
2026-04-13 17:00:12,100.0,100.0
2026-04-13 17:00:27,100.0,100.0
2026-04-13 17:00:42,100.0,100.0
2026-04-13 17:00:57,100.0,100.0
2026-04-13 17:01:12,100.0,100.0
2026-04-13 17:01:27,100.0,100.0
2026-04-13 17:01:42,100.0,100.0
2026-04-13 17:01:57,100.0,100.0
2026-04-13 17:02:12,100.0,100.0
2026-04-13 17:02:27,100.0,100.0
2026-04-13 17:02:42,100.0,100.0
2026-04-13 17:02:57,100.0,100.0
2026-04-13 17:03:12,100.0,100.0
2026-04-13 17:03:27,100.0,100.0
2026-04-13 17:03:42,100.0,100.0
2026-04-13 17:03:57,100.0,100.0
2026-04-13 17:04:12,100.0,100.0
2026-04-13 17:04:27,100.0,100.0
2026-04-13 17:04:42,100.0,100.0
2026-04-13 17:04:57,100.0,100.0
2026-04-13 17:05:12,100.0,100.0
2026-04-13 17:05:27,100.0,100.0
2026-04-13 17:05:42,100.0,100.0
2026-04-13 17:05:57,100.0,100.0
2026-04-13 17:06:12,100.0,100.0
2026-04-13 17:06:27,100.0,100.0
2026-04-13 17:06:42,100.0,100.0
2026-04-13 17:06:57,100.0,100.0
2026-04-13 17:07:12,100.0,100.0
2026-04-13 17:07:27,100.0,100.0
2026-04-13 17:07:42,100.0,100.0
2026-04-13 17:07:57,100.0,100.0
2026-04-13 17:08:12,100.0,100.0
2026-04-13 17:08:27,100.0,100.0
2026-04-13 17:08:42,100.0,100.0
2026-04-13 17:08:57,100.0,100.0
2026-04-13 17:09:12,100.0,100.0
2026-04-13 17:09:27,100.0,100.0
2026-04-13 17:09:42,100.0,100.0
2026-04-13 17:09:57,100.0,100.0
2026-04-13 17:10:12,100.0,100.0
2026-04-13 17:10:27,100.0,100.0
2026-04-13 17:10:42,100.0,100.0
2026-04-13 17:10:57,100.0,100.0
2026-04-13 17:11:12,100.0,100.0
2026-04-13 17:11:27,100.0,100.0
2026-04-13 17:11:42,100.0,100.0
2026-04-13 17:11:57,100.0,100.0
2026-04-13 17:12:12,100.0,100.0
2026-04-13 17:12:27,100.0,100.0
2026-04-13 17:12:42,100.0,100.0
2026-04-13 17:12:57,100.0,100.0
2026-04-13 17:13:12,100.0,100.0
2026-04-13 17:13:27,100.0,100.0
2026-04-13 17:13:42,100.0,100.0
2026-04-13 17:13:57,100.0,100.0
2026-04-13 17:14:12,100.0,100.0
2026-04-13 17:14:27,100.0,100.0
2026-04-13 17:14:42,100.0,100.0
2026-04-13 17:14:57,100.0,100.0
2026-04-13 17:15:12,100.0,100.0
2026-04-13 17:15:27,100.0,100.0
2026-04-13 17:15:42,100.0,100.0
2026-04-13 17:15:57,100.0,100.0
2026-04-13 17:16:12,100.0,100.0
2026-04-13 17:16:27,100.0,100.0
2026-04-13 17:16:42,100.0,100.0
2026-04-13 17:16:57,100.0,100.0
2026-04-13 17:17:12,100.0,100.0
2026-04-13 17:17:27,100.0,100.0
2026-04-13 17:17:42,100.0,100.0
2026-04-13 17:17:57,100.0,100.0
2026-04-13 17:18:12,100.0,100.0
2026-04-13 17:18:27,100.0,100.0
2026-04-13 17:18:42,100.0,100.0
2026-04-13 17:18:57,100.0,100.0
2026-04-13 17:19:12,100.0,100.0
2026-04-13 17:19:27,100.0,100.0
2026-04-13 17:19:42,100.0,100.0
2026-04-13 17:19:57,100.0,100.0
2026-04-13 17:20:12,100.0,100.0
2026-04-13 17:20:27,100.0,100.0
2026-04-13 17:20:42,100.0,100.0
2026-04-13 17:20:57,100.0,100.0
2026-04-13 17:21:12,100.0,100.0
2026-04-13 17:21:27,100.0,100.0
2026-04-13 17:21:42,100.0,100.0
2026-04-13 17:21:57,100.0,100.0
2026-04-13 17:22:12,100.0,100.0
2026-04-13 17:22:27,100.0,100.0
2026-04-13 17:22:42,100.0,100.0
2026-04-13 17:22:57,100.0,100.0
2026-04-13 17:23:12,100.0,100.0
2026-04-13 17:23:27,100.0,100.0
2026-04-13 17:23:42,100.0,100.0
2026-04-13 17:23:57,100.0,100.0
2026-04-13 17:24:12,100.0,100.0
2026-04-13 17:24:27,100.0,100.0
2026-04-13 17:24:42,100.0,100.0
2026-04-13 17:24:57,100.0,100.0
2026-04-13 17:25:12,100.0,100.0
2026-04-13 17:25:27,100.0,100.0
2026-04-13 17:25:42,100.0,100.0
2026-04-13 17:25:57,100.0,100.0
2026-04-13 17:26:12,100.0,100.0
2026-04-13 17:26:27,100.0,100.0
2026-04-13 17:26:42,100.0,100.0
2026-04-13 17:26:57,100.0,100.0
2026-04-13 17:27:12,100.0,100.0
2026-04-13 17:27:27,100.0,100.0
2026-04-13 17:27:42,100.0,100.0
2026-04-13 17:27:57,100.0,100.0
2026-04-13 17:28:12,100.0,100.0
2026-04-13 17:28:27,100.0,100.0
2026-04-13 17:28:42,100.0,100.0
2026-04-13 17:28:57,100.0,100.0
2026-04-13 17:29:12,100.0,100.0
2026-04-13 17:29:27,100.0,100.0
2026-04-13 17:29:42,100.0,100.0
2026-04-13 17:29:57,100.0,100.0
2026-04-13 17:30:12,100.0,100.0
2026-04-13 17:30:27,100.0,100.0
2026-04-13 17:30:42,100.0,100.0
2026-04-13 17:30:57,100.0,100.0
2026-04-13 17:31:12,100.0,100.0
2026-04-13 17:31:27,100.0,100.0
2026-04-13 17:31:42,100.0,100.0
2026-04-13 17:31:57,100.0,100.0
2026-04-13 17:32:12,100.0,100.0
2026-04-13 17:32:27,100.0,100.0
2026-04-13 17:32:42,100.0,100.0
2026-04-13 17:32:57,100.0,100.0
2026-04-13 17:33:12,100.0,100.0
2026-04-13 17:33:27,100.0,100.0
2026-04-13 17:33:42,100.0,100.0
2026-04-13 17:33:57,100.0,100.0
2026-04-13 17:34:12,100.0,100.0
2026-04-13 17:34:27,100.0,100.0
2026-04-13 17:34:42,100.0,100.0
2026-04-13 17:34:57,100.0,100.0
2026-04-13 17:35:12,100.0,100.0
2026-04-13 17:35:27,100.0,100.0
2026-04-13 17:35:42,100.0,100.0
2026-04-13 17:35:57,100.0,100.0
2026-04-13 17:36:12,100.0,100.0
2026-04-13 17:36:27,100.0,100.0
2026-04-13 17:36:42,100.0,100.0
2026-04-13 17:36:57,100.0,100.0
2026-04-13 17:37:12,100.0,100.0
2026-04-13 17:37:27,100.0,100.0
2026-04-13 17:37:42,100.0,100.0
2026-04-13 17:37:57,100.0,100.0
2026-04-13 17:38:12,100.0,100.0
2026-04-13 17:38:27,100.0,100.0
2026-04-13 17:38:42,100.0,100.0
2026-04-13 17:38:57,100.0,100.0
2026-04-13 17:39:12,100.0,100.0
2026-04-13 17:39:27,100.0,100.0
2026-04-13 17:39:42,100.0,100.0
2026-04-13 17:39:57,100.0,100.0
2026-04-13 17:40:12,100.0,100.0
2026-04-13 17:40:27,100.0,100.0
2026-04-13 17:40:42,100.0,100.0
2026-04-13 17:40:57,100.0,100.0
2026-04-13 17:41:12,100.0,100.0
2026-04-13 17:41:27,100.0,100.0
2026-04-13 17:41:42,100.0,100.0
2026-04-13 17:41:57,100.0,100.0
2026-04-13 17:42:12,100.0,100.0
2026-04-13 17:42:27,100.0,100.0
2026-04-13 17:42:42,100.0,100.0
2026-04-13 17:42:57,100.0,100.0
2026-04-13 17:43:12,100.0,100.0
2026-04-13 17:43:27,100.0,100.0
2026-04-13 17:43:42,100.0,100.0
2026-04-13 17:43:57,100.0,100.0
2026-04-13 17:44:12,100.0,100.0
2026-04-13 17:44:27,100.0,100.0
2026-04-13 17:44:42,100.0,100.0
2026-04-13 17:44:57,100.0,100.0
2026-04-13 17:45:12,100.0,100.0
2026-04-13 17:45:27,100.0,100.0
2026-04-13 17:45:42,100.0,100.0
2026-04-13 17:45:57,100.0,100.0
2026-04-13 17:46:12,100.0,100.0
2026-04-13 17:46:27,100.0,100.0
2026-04-13 17:46:42,100.0,100.0
2026-04-13 17:46:57,100.0,100.0
2026-04-13 17:47:12,100.0,100.0
2026-04-13 17:47:27,100.0,100.0
2026-04-13 17:47:42,100.0,100.0
2026-04-13 17:47:57,100.0,100.0
2026-04-13 17:48:12,100.0,100.0
2026-04-13 17:48:27,100.0,100.0
2026-04-13 17:48:42,100.0,100.0
2026-04-13 17:48:57,100.0,100.0
2026-04-13 17:49:12,100.0,100.0
2026-04-13 17:49:27,100.0,100.0
2026-04-13 17:49:42,100.0,100.0
2026-04-13 17:49:57,100.0,100.0
2026-04-13 17:50:12,100.0,100.0
2026-04-13 17:50:27,100.0,100.0
2026-04-13 17:50:42,100.0,100.0
2026-04-13 17:50:57,100.0,100.0
2026-04-13 17:51:12,100.0,100.0
2026-04-13 17:51:27,100.0,100.0
2026-04-13 17:51:42,100.0,100.0
2026-04-13 17:51:57,100.0,100.0
2026-04-13 17:52:12,100.0,100.0
2026-04-13 17:52:27,100.0,100.0
2026-04-13 17:52:42,100.0,100.0
2026-04-13 17:52:57,100.0,100.0
2026-04-13 17:53:12,100.0,100.0
2026-04-13 17:53:27,100.0,100.0
2026-04-13 17:53:42,100.0,100.0
2026-04-13 17:53:57,100.0,100.0
2026-04-13 17:54:12,100.0,100.0
2026-04-13 17:54:27,100.0,100.0
2026-04-13 17:54:42,100.0,100.0
2026-04-13 17:54:57,100.0,100.0
2026-04-13 17:55:12,100.0,100.0
2026-04-13 17:55:27,100.0,100.0
2026-04-13 17:55:42,100.0,100.0
2026-04-13 17:55:57,100.0,100.0
2026-04-13 17:56:12,100.0,100.0
2026-04-13 17:56:27,100.0,100.0
2026-04-13 17:56:42,100.0,100.0
2026-04-13 17:56:57,100.0,100.0
2026-04-13 17:57:12,100.0,100.0
2026-04-13 17:57:27,100.0,100.0
2026-04-13 17:57:42,100.0,100.0
2026-04-13 17:57:57,100.0,100.0
2026-04-13 17:58:12,100.0,100.0
2026-04-13 17:58:27,100.0,100.0
2026-04-13 17:58:42,100.0,100.0
2026-04-13 17:58:57,100.0,100.0
2026-04-13 17:59:12,100.0,100.0
2026-04-13 17:59:27,100.0,100.0
2026-04-13 17:59:42,100.0,100.0
2026-04-13 17:59:57,100.0,100.0
2026-04-13 18:00:12,100.0,100.0
2026-04-13 18:00:27,100.0,100.0
2026-04-13 18:00:42,100.0,100.0
2026-04-13 18:00:57,100.0,100.0
2026-04-13 18:01:12,100.0,100.0
2026-04-13 18:01:27,100.0,100.0
2026-04-13 18:01:42,100.0,100.0
2026-04-13 18:01:57,100.0,100.0
2026-04-13 18:02:12,100.0,100.0
2026-04-13 18:02:27,100.0,100.0
2026-04-13 18:02:42,100.0,100.0
2026-04-13 18:02:57,100.0,100.0
2026-04-13 18:03:12,100.0,100.0
2026-04-13 18:03:27,100.0,100.0
2026-04-13 18:03:42,100.0,100.0
2026-04-13 18:03:57,100.0,100.0
2026-04-13 18:04:12,100.0,100.0
2026-04-13 18:04:27,100.0,100.0
2026-04-13 18:04:42,100.0,100.0
2026-04-13 18:04:57,100.0,100.0
2026-04-13 18:05:12,100.0,100.0
2026-04-13 18:05:27,100.0,100.0
2026-04-13 18:05:42,100.0,100.0
2026-04-13 18:05:57,100.0,100.0
2026-04-13 18:06:12,100.0,100.0
2026-04-13 18:06:27,100.0,100.0
2026-04-13 18:06:42,100.0,100.0
2026-04-13 18:06:57,100.0,100.0
2026-04-13 18:07:12,100.0,100.0
2026-04-13 18:07:27,100.0,100.0
2026-04-13 18:07:42,100.0,100.0
2026-04-13 18:07:57,100.0,100.0
2026-04-13 18:08:12,100.0,100.0
2026-04-13 18:08:27,100.0,100.0
2026-04-13 18:08:42,100.0,100.0
2026-04-13 18:08:57,100.0,100.0
2026-04-13 18:09:12,100.0,100.0
2026-04-13 18:09:27,100.0,100.0
2026-04-13 18:09:42,100.0,100.0
2026-04-13 18:09:57,100.0,100.0
2026-04-13 18:10:12,100.0,100.0
2026-04-13 18:10:27,100.0,100.0
2026-04-13 18:10:42,100.0,100.0
2026-04-13 18:10:57,100.0,100.0
2026-04-13 18:11:12,100.0,100.0
2026-04-13 18:11:27,100.0,100.0
2026-04-13 18:11:42,100.0,100.0
2026-04-13 18:11:57,100.0,100.0
2026-04-13 18:12:12,100.0,100.0
2026-04-13 18:12:27,100.0,100.0
2026-04-13 18:12:42,100.0,100.0
2026-04-13 18:12:57,100.0,100.0
2026-04-13 18:13:12,100.0,100.0
2026-04-13 18:13:27,100.0,100.0
2026-04-13 18:13:42,100.0,100.0
2026-04-13 18:13:57,100.0,100.0
2026-04-13 18:14:12,100.0,100.0
2026-04-13 18:14:27,100.0,100.0
2026-04-13 18:14:42,100.0,100.0
2026-04-13 18:14:57,100.0,100.0
2026-04-13 18:15:12,100.0,100.0
2026-04-13 18:15:27,100.0,100.0
2026-04-13 18:15:42,100.0,100.0
2026-04-13 18:15:57,100.0,100.0
2026-04-13 18:16:12,100.0,100.0
2026-04-13 18:16:27,100.0,100.0
2026-04-13 18:16:42,100.0,100.0
2026-04-13 18:16:57,100.0,100.0
2026-04-13 18:17:12,100.0,100.0
2026-04-13 18:17:27,100.0,100.0
2026-04-13 18:17:42,100.0,100.0
2026-04-13 18:17:57,100.0,100.0
2026-04-13 18:18:12,100.0,100.0
2026-04-13 18:18:27,100.0,100.0
2026-04-13 18:18:42,100.0,100.0
2026-04-13 18:18:57,100.0,100.0
2026-04-13 18:19:12,100.0,100.0
2026-04-13 18:19:27,100.0,100.0
2026-04-13 18:19:42,100.0,100.0
2026-04-13 18:19:57,100.0,100.0
2026-04-13 18:20:12,100.0,100.0
2026-04-13 18:20:27,100.0,100.0
2026-04-13 18:20:42,100.0,100.0
2026-04-13 18:20:57,100.0,100.0
2026-04-13 18:21:12,100.0,100.0
2026-04-13 18:21:27,100.0,100.0
2026-04-13 18:21:42,100.0,100.0
2026-04-13 18:21:57,100.0,100.0
2026-04-13 18:22:12,100.0,100.0
2026-04-13 18:22:27,100.0,100.0
2026-04-13 18:22:42,100.0,100.0
2026-04-13 18:22:57,100.0,100.0
2026-04-13 18:23:12,100.0,100.0
2026-04-13 18:23:27,100.0,100.0
2026-04-13 18:23:42,100.0,100.0
2026-04-13 18:23:57,100.0,100.0
2026-04-13 18:24:12,100.0,100.0
2026-04-13 18:24:27,100.0,100.0
2026-04-13 18:24:42,100.0,100.0
2026-04-13 18:24:57,100.0,100.0
2026-04-13 18:25:12,100.0,100.0
2026-04-13 18:25:27,100.0,100.0
2026-04-13 18:25:42,100.0,100.0
2026-04-13 18:25:57,100.0,100.0
2026-04-13 18:26:12,100.0,100.0
2026-04-13 18:26:27,100.0,100.0
2026-04-13 18:26:42,100.0,100.0
2026-04-13 18:26:57,100.0,100.0
2026-04-13 18:27:12,100.0,100.0
2026-04-13 18:27:27,100.0,100.0
2026-04-13 18:27:42,100.0,100.0
2026-04-13 18:27:57,100.0,100.0
2026-04-13 18:28:12,100.0,100.0
2026-04-13 18:28:27,100.0,100.0
2026-04-13 18:28:42,100.0,100.0
2026-04-13 18:28:57,100.0,100.0
2026-04-13 18:29:12,100.0,100.0
2026-04-13 18:29:27,100.0,100.0
2026-04-13 18:29:42,100.0,100.0
2026-04-13 18:29:57,100.0,100.0
2026-04-13 18:30:12,100.0,100.0
2026-04-13 18:30:27,100.0,100.0
2026-04-13 18:30:42,100.0,100.0
2026-04-13 18:30:57,100.0,100.0
2026-04-13 18:31:12,100.0,100.0
2026-04-13 18:31:27,100.0,100.0
2026-04-13 18:31:42,100.0,100.0
2026-04-13 18:31:57,100.0,100.0
2026-04-13 18:32:12,100.0,100.0
2026-04-13 18:32:27,100.0,100.0
2026-04-13 18:32:42,100.0,100.0
2026-04-13 18:32:57,100.0,100.0
2026-04-13 18:33:12,100.0,100.0
2026-04-13 18:33:27,100.0,100.0
2026-04-13 18:33:42,100.0,100.0
2026-04-13 18:33:57,100.0,100.0
2026-04-13 18:34:12,100.0,100.0
2026-04-13 18:34:27,100.0,100.0
2026-04-13 18:34:42,100.0,100.0
2026-04-13 18:34:57,100.0,100.0
2026-04-13 18:35:12,100.0,100.0
2026-04-13 18:35:27,100.0,100.0
2026-04-13 18:35:42,100.0,100.0
2026-04-13 18:35:57,100.0,100.0
2026-04-13 18:36:12,100.0,100.0
2026-04-13 18:36:27,100.0,100.0
2026-04-13 18:36:42,100.0,100.0
2026-04-13 18:36:57,100.0,100.0
2026-04-13 18:37:12,100.0,100.0
2026-04-13 18:37:27,100.0,100.0
2026-04-13 18:37:42,100.0,100.0
2026-04-13 18:37:57,100.0,100.0
2026-04-13 18:38:12,100.0,100.0
2026-04-13 18:38:27,100.0,100.0
2026-04-13 18:38:42,100.0,100.0
2026-04-13 18:38:57,100.0,100.0
2026-04-13 18:39:12,100.0,100.0
2026-04-13 18:39:27,100.0,100.0
2026-04-13 18:39:42,100.0,100.0
2026-04-13 18:39:57,100.0,100.0
2026-04-13 18:40:12,100.0,100.0
2026-04-13 18:40:27,100.0,100.0
2026-04-13 18:40:42,100.0,100.0
2026-04-13 18:40:57,100.0,100.0
2026-04-13 18:41:12,100.0,100.0
2026-04-13 18:41:27,100.0,100.0
2026-04-13 18:41:42,100.0,100.0
2026-04-13 18:41:57,100.0,100.0
2026-04-13 18:42:12,100.0,100.0
2026-04-13 18:42:27,100.0,100.0
2026-04-13 18:42:42,100.0,100.0
2026-04-13 18:42:57,100.0,100.0
2026-04-13 18:43:12,100.0,100.0
2026-04-13 18:43:27,100.0,100.0
2026-04-13 18:43:42,100.0,100.0
2026-04-13 18:43:57,100.0,100.0
2026-04-13 18:44:12,100.0,100.0
2026-04-13 18:44:27,100.0,100.0
2026-04-13 18:44:42,100.0,100.0
2026-04-13 18:44:57,100.0,100.0
2026-04-13 18:45:12,100.0,100.0
2026-04-13 18:45:27,100.0,100.0
2026-04-13 18:45:42,100.0,100.0
2026-04-13 18:45:57,100.0,100.0
2026-04-13 18:46:12,100.0,100.0
2026-04-13 18:46:27,100.0,100.0
2026-04-13 18:46:42,100.0,100.0
2026-04-13 18:46:57,100.0,100.0
2026-04-13 18:47:12,100.0,100.0
2026-04-13 18:47:27,100.0,100.0
2026-04-13 18:47:42,100.0,100.0
2026-04-13 18:47:57,100.0,100.0
2026-04-13 18:48:12,100.0,100.0
2026-04-13 18:48:27,100.0,100.0
2026-04-13 18:48:42,100.0,100.0
2026-04-13 18:48:57,100.0,100.0
2026-04-13 18:49:12,100.0,100.0
2026-04-13 18:49:27,100.0,100.0
2026-04-13 18:49:42,100.0,100.0
2026-04-13 18:49:57,100.0,100.0
2026-04-13 18:50:12,100.0,100.0
2026-04-13 18:50:27,100.0,100.0
2026-04-13 18:50:42,100.0,100.0
2026-04-13 18:50:57,100.0,100.0
2026-04-13 18:51:12,100.0,100.0
2026-04-13 18:51:27,100.0,100.0
2026-04-13 18:51:42,100.0,100.0
2026-04-13 18:51:57,100.0,100.0
2026-04-13 18:52:12,100.0,100.0
2026-04-13 18:52:27,100.0,100.0
2026-04-13 18:52:42,100.0,100.0
2026-04-13 18:52:57,100.0,100.0
2026-04-13 18:53:12,100.0,100.0
2026-04-13 18:53:27,100.0,100.0
2026-04-13 18:53:42,100.0,100.0
2026-04-13 18:53:57,100.0,100.0
2026-04-13 18:54:12,100.0,100.0
2026-04-13 18:54:27,100.0,100.0
2026-04-13 18:54:42,100.0,100.0
2026-04-13 18:54:57,100.0,100.0
2026-04-13 18:55:12,100.0,100.0
2026-04-13 18:55:27,100.0,100.0
2026-04-13 18:55:42,100.0,100.0
2026-04-13 18:55:57,100.0,100.0
2026-04-13 18:56:12,100.0,100.0
2026-04-13 18:56:27,100.0,100.0
2026-04-13 18:56:42,100.0,100.0
2026-04-13 18:56:57,100.0,100.0
2026-04-13 18:57:12,100.0,100.0
2026-04-13 18:57:27,100.0,100.0
2026-04-13 18:57:42,100.0,100.0
2026-04-13 18:57:57,100.0,100.0
2026-04-13 18:58:12,100.0,100.0
2026-04-13 18:58:27,100.0,100.0
2026-04-13 18:58:42,100.0,100.0
2026-04-13 18:58:57,100.0,100.0
2026-04-13 18:59:12,100.0,100.0
2026-04-13 18:59:27,100.0,100.0
2026-04-13 18:59:42,100.0,100.0
2026-04-13 18:59:57,100.0,100.0
2026-04-13 19:00:12,100.0,100.0
2026-04-13 19:00:27,100.0,100.0
2026-04-13 19:00:42,100.0,100.0
2026-04-13 19:00:57,100.0,100.0
2026-04-13 19:01:12,100.0,100.0
2026-04-13 19:01:27,100.0,100.0
2026-04-13 19:01:42,100.0,100.0
2026-04-13 19:01:57,100.0,100.0
2026-04-13 19:02:12,100.0,100.0
2026-04-13 19:02:27,100.0,100.0
2026-04-13 19:02:42,100.0,100.0
2026-04-13 19:02:57,100.0,100.0
2026-04-13 19:03:12,100.0,100.0
2026-04-13 19:03:27,100.0,100.0
2026-04-13 19:03:42,100.0,100.0
2026-04-13 19:03:57,100.0,100.0
2026-04-13 19:04:12,100.0,100.0
2026-04-13 19:04:27,100.0,100.0
2026-04-13 19:04:42,100.0,100.0
2026-04-13 19:04:57,100.0,100.0
2026-04-13 19:05:12,100.0,100.0
2026-04-13 19:05:27,100.0,100.0
2026-04-13 19:05:42,100.0,100.0
2026-04-13 19:05:57,100.0,100.0
2026-04-13 19:06:12,100.0,100.0
2026-04-13 19:06:27,100.0,100.0
2026-04-13 19:06:42,100.0,100.0
2026-04-13 19:06:57,100.0,100.0
2026-04-13 19:07:12,100.0,100.0
2026-04-13 19:07:27,100.0,100.0
2026-04-13 19:07:42,100.0,100.0
2026-04-13 19:07:57,100.0,100.0
2026-04-13 19:08:12,100.0,100.0
2026-04-13 19:08:27,100.0,100.0
2026-04-13 19:08:42,100.0,100.0
2026-04-13 19:08:57,100.0,100.0
2026-04-13 19:09:12,100.0,100.0
2026-04-13 19:09:27,100.0,100.0
2026-04-13 19:09:42,100.0,100.0
2026-04-13 19:09:57,100.0,100.0
2026-04-13 19:10:12,100.0,100.0
2026-04-13 19:10:27,100.0,100.0
2026-04-13 19:10:42,100.0,100.0
2026-04-13 19:10:57,100.0,100.0
2026-04-13 19:11:12,100.0,100.0
2026-04-13 19:11:27,100.0,100.0
2026-04-13 19:11:42,100.0,100.0
2026-04-13 19:11:57,100.0,100.0
2026-04-13 19:12:12,100.0,100.0
2026-04-13 19:12:27,100.0,100.0
2026-04-13 19:12:42,100.0,100.0
2026-04-13 19:12:57,100.0,100.0
2026-04-13 19:13:12,100.0,100.0
2026-04-13 19:13:27,100.0,100.0
2026-04-13 19:13:42,100.0,100.0
2026-04-13 19:13:57,100.0,100.0
2026-04-13 19:14:12,100.0,100.0
2026-04-13 19:14:27,100.0,100.0
2026-04-13 19:14:41,100.0,100.0
2026-04-13 19:14:57,100.0,100.0
2026-04-13 19:15:12,100.0,100.0
2026-04-13 19:15:27,100.0,100.0
2026-04-13 19:15:42,100.0,100.0
2026-04-13 19:15:57,100.0,100.0
2026-04-13 19:16:12,100.0,100.0
2026-04-13 19:16:26,100.0,100.0
2026-04-13 19:16:42,100.0,100.0
2026-04-13 19:16:57,100.0,100.0
2026-04-13 19:17:12,100.0,100.0
2026-04-13 19:17:27,100.0,100.0
2026-04-13 19:17:42,100.0,100.0
2026-04-13 19:17:57,100.0,100.0
2026-04-13 19:18:12,100.0,100.0
2026-04-13 19:18:27,100.0,100.0
2026-04-13 19:18:42,100.0,100.0
2026-04-13 19:18:57,100.0,100.0
2026-04-13 19:19:12,100.0,100.0
2026-04-13 19:19:27,100.0,100.0
2026-04-13 19:19:42,100.0,100.0
2026-04-13 19:19:57,100.0,100.0
2026-04-13 19:20:12,100.0,100.0
2026-04-13 19:20:26,100.0,100.0
2026-04-13 19:20:42,100.0,100.0
2026-04-13 19:20:56,100.0,100.0
2026-04-13 19:21:12,100.0,100.0
2026-04-13 19:21:27,100.0,100.0
2026-04-13 19:21:41,100.0,100.0
2026-04-13 19:21:57,100.0,100.0
2026-04-13 19:22:11,100.0,100.0
2026-04-13 19:22:26,100.0,100.0
2026-04-13 19:22:42,100.0,100.0
2026-04-13 19:22:56,100.0,100.0
2026-04-13 19:23:11,100.0,100.0
2026-04-13 19:23:27,100.0,100.0
2026-04-13 19:23:41,100.0,100.0
2026-04-13 19:23:56,100.0,100.0
2026-04-13 19:24:11,100.0,100.0
2026-04-13 19:24:26,100.0,100.0
2026-04-13 19:24:42,100.0,100.0
2026-04-13 19:24:56,100.0,100.0
2026-04-13 19:25:11,100.0,100.0
2026-04-13 19:25:26,100.0,100.0
2026-04-13 19:25:41,100.0,100.0
2026-04-13 19:25:57,100.0,100.0
2026-04-13 19:26:11,100.0,100.0
2026-04-13 19:26:26,100.0,100.0
2026-04-13 19:26:41,100.0,100.0
2026-04-13 19:26:56,100.0,100.0
2026-04-13 19:27:12,100.0,100.0
2026-04-13 19:27:26,100.0,100.0
2026-04-13 19:27:42,100.0,100.0
2026-04-13 19:27:56,100.0,100.0
2026-04-13 19:28:11,100.0,100.0
2026-04-13 19:28:26,100.0,100.0
2026-04-13 19:28:41,100.0,100.0
2026-04-13 19:28:56,100.0,100.0
2026-04-13 19:29:11,100.0,100.0
2026-04-13 19:29:26,100.0,100.0
2026-04-13 19:29:41,100.0,100.0
2026-04-13 19:29:56,100.0,100.0
2026-04-13 19:30:11,100.0,100.0
2026-04-13 19:30:27,100.0,100.0
2026-04-13 19:30:41,100.0,100.0
2026-04-13 19:30:56,100.0,100.0
2026-04-13 19:31:11,100.0,100.0
2026-04-13 19:31:26,100.0,100.0
2026-04-13 19:31:41,100.0,100.0
2026-04-13 19:31:56,100.0,100.0
2026-04-13 19:32:11,100.0,100.0
2026-04-13 19:32:26,100.0,100.0
2026-04-13 19:32:41,100.0,100.0
2026-04-13 19:32:56,100.0,100.0
2026-04-13 19:33:11,100.0,100.0
2026-04-13 19:33:26,100.0,100.0
2026-04-13 19:33:41,100.0,100.0
2026-04-13 19:33:56,100.0,100.0
2026-04-13 19:34:11,100.0,100.0
2026-04-13 19:34:26,100.0,100.0
2026-04-13 19:34:41,100.0,100.0
2026-04-13 19:34:56,100.0,100.0
2026-04-13 19:35:11,100.0,100.0
2026-04-13 19:35:26,100.0,100.0
2026-04-13 19:35:41,100.0,100.0
2026-04-13 19:35:56,100.0,100.0
2026-04-13 19:36:11,100.0,100.0
2026-04-13 19:36:26,100.0,100.0
2026-04-13 19:36:41,100.0,100.0
2026-04-13 19:36:56,100.0,100.0
2026-04-13 19:37:12,100.0,100.0
2026-04-13 19:37:26,100.0,100.0
2026-04-13 19:37:41,100.0,100.0
2026-04-13 19:37:56,100.0,100.0
2026-04-13 19:38:11,100.0,100.0
2026-04-13 19:38:26,100.0,100.0
2026-04-13 19:38:41,100.0,100.0
2026-04-13 19:38:56,100.0,100.0
2026-04-13 19:39:11,100.0,100.0
2026-04-13 19:39:26,100.0,100.0
2026-04-13 19:39:41,100.0,100.0
2026-04-13 19:39:56,100.0,100.0
2026-04-13 19:40:11,100.0,100.0
2026-04-13 19:40:26,100.0,100.0
2026-04-13 19:40:41,100.0,100.0
2026-04-13 19:40:56,100.0,100.0
2026-04-13 19:41:11,100.0,100.0
2026-04-13 19:41:26,100.0,100.0
2026-04-13 19:41:41,100.0,100.0
2026-04-13 19:41:56,100.0,100.0
2026-04-13 19:42:11,100.0,100.0
2026-04-13 19:42:26,100.0,100.0
2026-04-13 19:42:41,100.0,100.0
2026-04-13 19:42:56,100.0,100.0
2026-04-13 19:43:11,100.0,100.0
2026-04-13 19:43:26,100.0,100.0
2026-04-13 19:43:41,100.0,100.0
2026-04-13 19:43:56,100.0,100.0
2026-04-13 19:44:11,100.0,100.0
2026-04-13 19:44:26,100.0,100.0
2026-04-13 19:44:41,100.0,100.0
2026-04-13 19:44:56,100.0,100.0
2026-04-13 19:45:11,100.0,100.0
2026-04-13 19:45:26,100.0,100.0
2026-04-13 19:45:41,100.0,100.0
2026-04-13 19:45:56,100.0,100.0
2026-04-13 19:46:11,100.0,100.0
2026-04-13 19:46:26,100.0,100.0
2026-04-13 19:46:41,100.0,100.0
2026-04-13 19:46:56,100.0,100.0
2026-04-13 19:47:11,100.0,100.0
2026-04-13 19:47:26,100.0,100.0
2026-04-13 19:47:41,100.0,100.0
2026-04-13 19:47:56,100.0,100.0
2026-04-13 19:48:11,100.0,100.0
2026-04-13 19:48:26,100.0,100.0
2026-04-13 19:48:41,100.0,100.0
2026-04-13 19:48:56,100.0,100.0
2026-04-13 19:49:11,100.0,100.0
2026-04-13 19:49:26,100.0,100.0
2026-04-13 19:49:41,100.0,100.0
2026-04-13 19:49:56,100.0,100.0
2026-04-13 19:50:11,100.0,100.0
2026-04-13 19:50:26,100.0,100.0
2026-04-13 19:50:41,100.0,100.0
2026-04-13 19:50:56,100.0,100.0
2026-04-13 19:51:11,100.0,100.0
2026-04-13 19:51:26,100.0,100.0
2026-04-13 19:51:41,100.0,100.0
2026-04-13 19:51:56,100.0,100.0
2026-04-13 19:52:11,100.0,100.0
2026-04-13 19:52:26,100.0,100.0
2026-04-13 19:52:41,100.0,100.0
2026-04-13 19:52:56,100.0,100.0
2026-04-13 19:53:11,100.0,100.0
2026-04-13 19:53:26,100.0,100.0
2026-04-13 19:53:41,100.0,100.0
2026-04-13 19:53:56,100.0,100.0
2026-04-13 19:54:11,100.0,100.0
2026-04-13 19:54:26,100.0,100.0
2026-04-13 19:54:41,100.0,100.0
2026-04-13 19:54:56,100.0,100.0
2026-04-13 19:55:11,100.0,100.0
2026-04-13 19:55:26,100.0,100.0
2026-04-13 19:55:41,100.0,100.0
2026-04-13 19:55:56,100.0,100.0
2026-04-13 19:56:11,100.0,100.0
2026-04-13 19:56:26,100.0,100.0
2026-04-13 19:56:41,100.0,100.0
2026-04-13 19:56:56,100.0,100.0
2026-04-13 19:57:11,100.0,100.0
2026-04-13 19:57:26,100.0,100.0
2026-04-13 19:57:41,100.0,100.0
2026-04-13 19:57:56,100.0,100.0
2026-04-13 19:58:11,100.0,100.0
2026-04-13 19:58:26,100.0,100.0
2026-04-13 19:58:41,100.0,100.0
2026-04-13 19:58:56,100.0,100.0
2026-04-13 19:59:11,100.0,100.0
2026-04-13 19:59:26,100.0,100.0
2026-04-13 19:59:41,100.0,100.0
2026-04-13 19:59:56,100.0,100.0
2026-04-13 20:00:11,100.0,100.0
2026-04-13 20:00:26,100.0,100.0
2026-04-13 20:00:41,100.0,100.0
2026-04-13 20:00:56,100.0,100.0
2026-04-13 20:01:11,100.0,100.0
2026-04-13 20:01:26,100.0,100.0
2026-04-13 20:01:41,100.0,100.0
2026-04-13 20:01:56,100.0,100.0
2026-04-13 20:02:11,100.0,100.0
2026-04-13 20:02:26,100.0,100.0
2026-04-13 20:02:41,100.0,100.0
2026-04-13 20:02:56,100.0,100.0
2026-04-13 20:03:11,100.0,100.0
2026-04-13 20:03:26,100.0,100.0
2026-04-13 20:03:41,100.0,100.0
2026-04-13 20:03:56,100.0,100.0
2026-04-13 20:04:11,100.0,100.0
2026-04-13 20:04:26,100.0,100.0
2026-04-13 20:04:41,100.0,100.0
2026-04-13 20:04:56,100.0,100.0
2026-04-13 20:05:11,100.0,100.0
2026-04-13 20:05:26,100.0,100.0
2026-04-13 20:05:41,100.0,100.0
2026-04-13 20:05:56,100.0,100.0
2026-04-13 20:06:11,100.0,100.0
2026-04-13 20:06:26,100.0,100.0
2026-04-13 20:06:41,100.0,100.0
2026-04-13 20:06:56,100.0,100.0
2026-04-13 20:07:11,100.0,100.0
2026-04-13 20:07:26,100.0,100.0
2026-04-13 20:07:41,100.0,100.0
2026-04-13 20:07:56,100.0,100.0
2026-04-13 20:08:11,100.0,100.0
2026-04-13 20:08:26,100.0,100.0
2026-04-13 20:08:41,100.0,100.0
2026-04-13 20:08:56,100.0,100.0
2026-04-13 20:09:11,100.0,100.0
2026-04-13 20:09:26,100.0,100.0
2026-04-13 20:09:41,100.0,100.0
2026-04-13 20:09:56,100.0,100.0
2026-04-13 20:10:11,100.0,100.0
2026-04-13 20:10:26,100.0,100.0
2026-04-13 20:10:41,100.0,100.0
2026-04-13 20:10:56,100.0,100.0
2026-04-13 20:11:11,100.0,100.0
2026-04-13 20:11:26,100.0,100.0
2026-04-13 20:11:41,100.0,100.0
2026-04-13 20:11:56,100.0,100.0
2026-04-13 20:12:11,100.0,100.0
2026-04-13 20:12:26,100.0,100.0
2026-04-13 20:12:41,100.0,100.0
2026-04-13 20:12:56,100.0,100.0
2026-04-13 20:13:11,100.0,100.0
2026-04-13 20:13:26,100.0,100.0
2026-04-13 20:13:41,100.0,100.0
2026-04-13 20:13:56,100.0,100.0
2026-04-13 20:14:11,100.0,100.0
2026-04-13 20:14:26,100.0,100.0
2026-04-13 20:14:41,100.0,100.0
2026-04-13 20:14:56,100.0,100.0
2026-04-13 20:15:11,100.0,100.0
2026-04-13 20:15:26,100.0,100.0
2026-04-13 20:15:41,100.0,100.0
2026-04-13 20:15:56,100.0,100.0
2026-04-13 20:16:11,100.0,100.0
2026-04-13 20:16:26,100.0,100.0
2026-04-13 20:16:41,100.0,100.0
2026-04-13 20:16:56,100.0,100.0
2026-04-13 20:17:11,100.0,100.0
2026-04-13 20:17:26,100.0,100.0
2026-04-13 20:17:41,100.0,100.0
2026-04-13 20:17:56,100.0,100.0
2026-04-13 20:18:11,100.0,100.0
2026-04-13 20:18:26,100.0,100.0
2026-04-13 20:18:41,100.0,100.0
2026-04-13 20:18:56,100.0,100.0
2026-04-13 20:19:11,100.0,100.0
2026-04-13 20:19:26,100.0,100.0
2026-04-13 20:19:41,100.0,100.0
2026-04-13 20:19:56,100.0,100.0
2026-04-13 20:20:11,100.0,100.0
2026-04-13 20:20:26,100.0,100.0
2026-04-13 20:20:41,100.0,100.0
2026-04-13 20:20:56,100.0,100.0
2026-04-13 20:21:11,100.0,100.0
2026-04-13 20:21:26,100.0,100.0
2026-04-13 20:21:41,100.0,100.0
2026-04-13 20:21:56,100.0,100.0
2026-04-13 20:22:11,100.0,100.0
2026-04-13 20:22:26,100.0,100.0
2026-04-13 20:22:41,100.0,100.0
2026-04-13 20:22:56,100.0,100.0
2026-04-13 20:23:11,100.0,100.0
2026-04-13 20:23:26,100.0,100.0
2026-04-13 20:23:41,100.0,100.0
2026-04-13 20:23:56,100.0,100.0
2026-04-13 20:24:11,100.0,100.0
2026-04-13 20:24:26,100.0,100.0
2026-04-13 20:24:41,100.0,100.0
2026-04-13 20:24:56,100.0,100.0
2026-04-13 20:25:11,100.0,100.0
2026-04-13 20:25:26,100.0,100.0
2026-04-13 20:25:41,100.0,100.0
2026-04-13 20:25:56,100.0,100.0
2026-04-13 20:26:11,100.0,100.0
2026-04-13 20:26:26,100.0,100.0
2026-04-13 20:26:41,100.0,100.0
2026-04-13 20:26:56,100.0,100.0
2026-04-13 20:27:11,100.0,100.0
2026-04-13 20:27:26,100.0,100.0
2026-04-13 20:27:41,100.0,100.0
2026-04-13 20:27:56,100.0,100.0
2026-04-13 20:28:11,100.0,100.0
2026-04-13 20:28:26,100.0,100.0
2026-04-13 20:28:41,100.0,100.0
2026-04-13 20:28:56,100.0,100.0
2026-04-13 20:29:11,100.0,100.0
2026-04-13 20:29:26,100.0,100.0
2026-04-13 20:29:41,100.0,100.0
2026-04-13 20:29:56,100.0,100.0
2026-04-13 20:30:11,100.0,100.0
2026-04-13 20:30:26,100.0,100.0
2026-04-13 20:30:41,100.0,100.0
2026-04-13 20:30:56,100.0,100.0
2026-04-13 20:31:11,100.0,100.0
2026-04-13 20:31:26,100.0,100.0
2026-04-13 20:31:41,100.0,100.0
2026-04-13 20:31:56,100.0,100.0
2026-04-13 20:32:11,100.0,100.0
2026-04-13 20:32:26,100.0,100.0
2026-04-13 20:32:41,100.0,100.0
2026-04-13 20:32:56,100.0,100.0
2026-04-13 20:33:11,100.0,100.0
2026-04-13 20:33:26,100.0,100.0
2026-04-13 20:33:41,100.0,100.0
2026-04-13 20:33:56,100.0,100.0
2026-04-13 20:34:11,100.0,100.0
2026-04-13 20:34:26,100.0,100.0
2026-04-13 20:34:41,100.0,100.0
2026-04-13 20:34:56,100.0,100.0
2026-04-13 20:35:11,100.0,100.0
2026-04-13 20:35:26,100.0,100.0
2026-04-13 20:35:41,100.0,100.0
2026-04-13 20:35:56,100.0,100.0
2026-04-13 20:36:11,100.0,100.0
2026-04-13 20:36:26,100.0,100.0
2026-04-13 20:36:41,100.0,100.0
2026-04-13 20:36:56,100.0,100.0
2026-04-13 20:37:11,100.0,100.0
2026-04-13 20:37:26,100.0,100.0
2026-04-13 20:37:41,100.0,100.0
2026-04-13 20:37:56,100.0,100.0
2026-04-13 20:38:11,100.0,100.0
2026-04-13 20:38:26,100.0,100.0
2026-04-13 20:38:41,100.0,100.0
2026-04-13 20:38:56,100.0,100.0
2026-04-13 20:39:11,100.0,100.0
2026-04-13 20:39:26,100.0,100.0
2026-04-13 20:39:41,100.0,100.0
2026-04-13 20:39:56,100.0,100.0
2026-04-13 20:40:11,100.0,100.0
2026-04-13 20:40:26,100.0,100.0
2026-04-13 20:40:41,100.0,100.0
2026-04-13 20:40:56,100.0,100.0
2026-04-13 20:41:11,100.0,100.0
2026-04-13 20:41:26,100.0,100.0
2026-04-13 20:41:41,100.0,100.0
2026-04-13 20:41:56,100.0,100.0
2026-04-13 20:42:11,100.0,100.0
2026-04-13 20:42:26,100.0,100.0
2026-04-13 20:42:41,100.0,100.0
2026-04-13 20:42:56,100.0,100.0
2026-04-13 20:43:11,100.0,100.0
2026-04-13 20:43:26,100.0,100.0
2026-04-13 20:43:41,100.0,100.0
2026-04-13 20:43:56,100.0,100.0
2026-04-13 20:44:11,100.0,100.0
2026-04-13 20:44:26,100.0,100.0
2026-04-13 20:44:41,100.0,100.0
2026-04-13 20:44:56,100.0,100.0
2026-04-13 20:45:11,100.0,100.0
2026-04-13 20:45:26,100.0,100.0
2026-04-13 20:45:41,100.0,100.0
2026-04-13 20:45:56,100.0,100.0
2026-04-13 20:46:11,100.0,100.0
2026-04-13 20:46:26,100.0,100.0
2026-04-13 20:46:41,100.0,100.0
2026-04-13 20:46:56,100.0,100.0
2026-04-13 20:47:11,100.0,100.0
2026-04-13 20:47:26,100.0,100.0
2026-04-13 20:47:41,100.0,100.0
2026-04-13 20:47:56,100.0,100.0
2026-04-13 20:48:11,100.0,100.0
2026-04-13 20:48:26,100.0,100.0
2026-04-13 20:48:41,100.0,100.0
2026-04-13 20:48:56,100.0,100.0
2026-04-13 20:49:11,100.0,100.0
2026-04-13 20:49:26,100.0,100.0
2026-04-13 20:49:41,100.0,100.0
2026-04-13 20:49:56,100.0,100.0
2026-04-13 20:50:11,100.0,100.0
2026-04-13 20:50:26,100.0,100.0
2026-04-13 20:50:41,100.0,100.0
2026-04-13 20:50:56,100.0,100.0
2026-04-13 20:51:11,100.0,100.0
2026-04-13 20:51:26,100.0,100.0
2026-04-13 20:51:41,100.0,100.0
2026-04-13 20:51:56,100.0,100.0
2026-04-13 20:52:11,100.0,100.0
2026-04-13 20:52:26,100.0,100.0
2026-04-13 20:52:41,100.0,100.0
2026-04-13 20:52:56,100.0,100.0
2026-04-13 20:53:11,100.0,100.0
2026-04-13 20:53:26,100.0,100.0
2026-04-13 20:53:41,100.0,100.0
2026-04-13 20:53:56,100.0,100.0
2026-04-13 20:54:11,100.0,100.0
2026-04-13 20:54:26,100.0,100.0
2026-04-13 20:54:41,100.0,100.0
2026-04-13 20:54:56,100.0,100.0
2026-04-13 20:55:11,100.0,100.0
2026-04-13 20:55:26,100.0,100.0
2026-04-13 20:55:41,100.0,100.0
2026-04-13 20:55:56,100.0,100.0
2026-04-13 20:56:11,100.0,100.0
2026-04-13 20:56:26,100.0,100.0
2026-04-13 20:56:41,100.0,100.0
2026-04-13 20:56:56,100.0,100.0
2026-04-13 20:57:11,100.0,100.0
2026-04-13 20:57:26,100.0,100.0
2026-04-13 20:57:41,100.0,100.0
2026-04-13 20:57:56,100.0,100.0
2026-04-13 20:58:11,100.0,100.0
2026-04-13 20:58:26,100.0,100.0
2026-04-13 20:58:41,100.0,100.0
2026-04-13 20:58:56,100.0,100.0
2026-04-13 20:59:11,100.0,100.0
2026-04-13 20:59:26,100.0,100.0
2026-04-13 20:59:41,100.0,100.0
2026-04-13 20:59:56,100.0,100.0
2026-04-13 21:00:11,100.0,100.0
2026-04-13 21:00:26,100.0,100.0
2026-04-13 21:00:41,100.0,100.0
2026-04-13 21:00:56,100.0,100.0
2026-04-13 21:01:11,100.0,100.0
2026-04-13 21:01:26,100.0,100.0
2026-04-13 21:01:41,100.0,100.0
2026-04-13 21:01:56,100.0,100.0
2026-04-13 21:02:11,100.0,100.0
2026-04-13 21:02:26,100.0,100.0
2026-04-13 21:02:41,100.0,100.0
2026-04-13 21:02:56,100.0,100.0
2026-04-13 21:03:11,100.0,100.0
2026-04-13 21:03:26,100.0,100.0
2026-04-13 21:03:41,100.0,100.0
2026-04-13 21:03:56,100.0,100.0
2026-04-13 21:04:11,100.0,100.0
2026-04-13 21:04:26,100.0,100.0
2026-04-13 21:04:41,100.0,100.0
2026-04-13 21:04:56,100.0,100.0
2026-04-13 21:05:11,100.0,100.0
2026-04-13 21:05:26,100.0,100.0
2026-04-13 21:05:41,100.0,100.0
2026-04-13 21:05:56,100.0,100.0
2026-04-13 21:06:11,100.0,100.0
2026-04-13 21:06:26,100.0,100.0
2026-04-13 21:06:41,100.0,100.0
2026-04-13 21:06:56,100.0,100.0
2026-04-13 21:07:11,100.0,100.0
2026-04-13 21:07:26,100.0,100.0
2026-04-13 21:07:41,100.0,100.0
2026-04-13 21:07:56,100.0,100.0
2026-04-13 21:08:11,100.0,100.0
2026-04-13 21:08:26,100.0,100.0
2026-04-13 21:08:41,100.0,100.0
2026-04-13 21:08:56,100.0,100.0
2026-04-13 21:09:11,100.0,100.0
2026-04-13 21:09:26,100.0,100.0
2026-04-13 21:09:41,100.0,100.0
2026-04-13 21:09:56,100.0,100.0
2026-04-13 21:10:11,100.0,100.0
2026-04-13 21:10:26,100.0,100.0
2026-04-13 21:10:41,100.0,100.0
2026-04-13 21:10:56,100.0,100.0
2026-04-13 21:11:11,100.0,100.0
2026-04-13 21:11:26,100.0,100.0
2026-04-13 21:11:41,100.0,100.0
2026-04-13 21:11:56,100.0,100.0
2026-04-13 21:12:11,100.0,100.0
2026-04-13 21:12:26,100.0,100.0
2026-04-13 21:12:41,100.0,100.0
2026-04-13 21:12:56,100.0,100.0
2026-04-13 21:13:11,100.0,100.0
2026-04-13 21:13:26,100.0,100.0
2026-04-13 21:13:41,100.0,100.0
2026-04-13 21:13:56,100.0,100.0
2026-04-13 21:14:11,100.0,100.0
2026-04-13 21:14:26,100.0,100.0
2026-04-13 21:14:41,100.0,100.0
2026-04-13 21:14:56,100.0,100.0
2026-04-13 21:15:11,100.0,100.0
2026-04-13 21:15:26,100.0,100.0
2026-04-13 21:15:41,100.0,100.0
2026-04-13 21:15:56,100.0,100.0
2026-04-13 21:16:11,100.0,100.0
2026-04-13 21:16:26,100.0,100.0
2026-04-13 21:16:41,100.0,100.0
2026-04-13 21:16:56,100.0,100.0
2026-04-13 21:17:11,100.0,100.0
2026-04-13 21:17:26,100.0,100.0
2026-04-13 21:17:41,100.0,100.0
2026-04-13 21:17:56,100.0,100.0
2026-04-13 21:18:11,100.0,100.0
2026-04-13 21:18:26,100.0,100.0
2026-04-13 21:18:41,100.0,100.0
2026-04-13 21:18:56,100.0,100.0
2026-04-13 21:19:11,100.0,100.0
2026-04-13 21:19:26,100.0,100.0
2026-04-13 21:19:41,100.0,100.0
2026-04-13 21:19:56,100.0,100.0
2026-04-13 21:20:11,100.0,100.0
2026-04-13 21:20:26,100.0,100.0
2026-04-13 21:20:41,100.0,100.0
2026-04-13 21:20:56,100.0,100.0
2026-04-13 21:21:11,100.0,100.0
2026-04-13 21:21:26,100.0,100.0
2026-04-13 21:21:41,100.0,100.0
2026-04-13 21:21:56,100.0,100.0
2026-04-13 21:22:11,100.0,100.0
2026-04-13 21:22:26,100.0,100.0
2026-04-13 21:22:41,100.0,100.0
2026-04-13 21:22:56,100.0,100.0
2026-04-13 21:23:11,100.0,100.0
2026-04-13 21:23:26,100.0,100.0
2026-04-13 21:23:41,100.0,100.0
2026-04-13 21:23:56,100.0,100.0
2026-04-13 21:24:11,100.0,100.0
2026-04-13 21:24:26,100.0,100.0
2026-04-13 21:24:41,100.0,100.0
2026-04-13 21:24:56,100.0,100.0
2026-04-13 21:25:11,100.0,100.0
2026-04-13 21:25:26,100.0,100.0
2026-04-13 21:25:41,100.0,100.0
2026-04-13 21:25:56,100.0,100.0
2026-04-13 21:26:11,100.0,100.0
2026-04-13 21:26:26,100.0,100.0
2026-04-13 21:26:41,100.0,100.0
2026-04-13 21:26:56,100.0,100.0
2026-04-13 21:27:11,100.0,100.0
2026-04-13 21:27:26,100.0,100.0
2026-04-13 21:27:41,100.0,100.0
2026-04-13 21:27:56,100.0,100.0
2026-04-13 21:28:11,100.0,100.0
2026-04-13 21:28:26,100.0,100.0
2026-04-13 21:28:41,100.0,100.0
2026-04-13 21:28:56,100.0,100.0
2026-04-13 21:29:11,100.0,100.0
2026-04-13 21:29:26,100.0,100.0
2026-04-13 21:29:41,100.0,100.0
2026-04-13 21:29:56,100.0,100.0
2026-04-13 21:30:11,100.0,100.0
2026-04-13 21:30:26,100.0,100.0
2026-04-13 21:30:41,100.0,100.0
2026-04-13 21:30:56,100.0,100.0
2026-04-13 21:31:11,100.0,100.0
2026-04-13 21:31:26,100.0,100.0
2026-04-13 21:31:41,100.0,100.0
2026-04-13 21:31:56,100.0,100.0
2026-04-13 21:32:11,100.0,100.0
2026-04-13 21:32:26,100.0,100.0
2026-04-13 21:32:41,100.0,100.0
2026-04-13 21:32:56,100.0,100.0
2026-04-13 21:33:11,100.0,100.0
2026-04-13 21:33:26,100.0,100.0
2026-04-13 21:33:41,100.0,100.0
2026-04-13 21:33:56,100.0,100.0
2026-04-13 21:34:11,100.0,100.0
2026-04-13 21:34:26,100.0,100.0
2026-04-13 21:34:41,100.0,100.0
2026-04-13 21:34:56,100.0,100.0
2026-04-13 21:35:11,100.0,100.0
2026-04-13 21:35:26,100.0,100.0
2026-04-13 21:35:41,100.0,100.0
2026-04-13 21:35:56,100.0,100.0
2026-04-13 21:36:11,100.0,100.0
2026-04-13 21:36:26,100.0,100.0
2026-04-13 21:36:41,100.0,100.0
2026-04-13 21:36:56,100.0,100.0
2026-04-13 21:37:11,100.0,100.0
2026-04-13 21:37:26,100.0,100.0
2026-04-13 21:37:41,100.0,100.0
2026-04-13 21:37:56,100.0,100.0
2026-04-13 21:38:11,100.0,100.0
2026-04-13 21:38:26,100.0,100.0
2026-04-13 21:38:41,100.0,100.0
2026-04-13 21:38:56,100.0,100.0
2026-04-13 21:39:11,100.0,100.0
2026-04-13 21:39:26,100.0,100.0
2026-04-13 21:39:41,100.0,100.0
2026-04-13 21:39:56,100.0,100.0
2026-04-13 21:40:11,100.0,100.0
2026-04-13 21:40:26,100.0,100.0
2026-04-13 21:40:41,100.0,100.0
2026-04-13 21:40:56,100.0,100.0
2026-04-13 21:41:11,100.0,100.0
2026-04-13 21:41:26,100.0,100.0
2026-04-13 21:41:41,100.0,100.0
2026-04-13 21:41:56,100.0,100.0
2026-04-13 21:42:11,100.0,100.0
2026-04-13 21:42:26,100.0,100.0
2026-04-13 21:42:41,100.0,100.0
2026-04-13 21:42:56,100.0,100.0
2026-04-13 21:43:11,100.0,100.0
2026-04-13 21:43:26,100.0,100.0
2026-04-13 21:43:41,100.0,100.0
2026-04-13 21:43:56,100.0,100.0
2026-04-13 21:44:11,100.0,100.0
2026-04-13 21:44:26,100.0,100.0
2026-04-13 21:44:41,100.0,100.0
2026-04-13 21:44:56,100.0,100.0
2026-04-13 21:45:11,100.0,100.0
2026-04-13 21:45:26,100.0,100.0
2026-04-13 21:45:41,100.0,100.0
2026-04-13 21:45:56,100.0,100.0
2026-04-13 21:46:11,100.0,100.0
2026-04-13 21:46:26,100.0,100.0
2026-04-13 21:46:41,100.0,100.0
2026-04-13 21:46:56,100.0,100.0
2026-04-13 21:47:11,100.0,100.0
2026-04-13 21:47:26,100.0,100.0
2026-04-13 21:47:41,100.0,100.0
2026-04-13 21:47:56,100.0,100.0
2026-04-13 21:48:11,100.0,100.0
2026-04-13 21:48:26,100.0,100.0
2026-04-13 21:48:41,100.0,100.0
2026-04-13 21:48:56,100.0,100.0
2026-04-13 21:49:11,100.0,100.0
2026-04-13 21:49:26,100.0,100.0
2026-04-13 21:49:41,100.0,100.0
2026-04-13 21:49:56,100.0,100.0
2026-04-13 21:50:11,100.0,100.0
2026-04-13 21:50:26,100.0,100.0
2026-04-13 21:50:41,100.0,100.0
2026-04-13 21:50:56,100.0,100.0
2026-04-13 21:51:11,100.0,100.0
2026-04-13 21:51:26,100.0,100.0
2026-04-13 21:51:41,100.0,100.0
2026-04-13 21:51:56,100.0,100.0
2026-04-13 21:52:11,100.0,100.0
2026-04-13 21:52:26,100.0,100.0
2026-04-13 21:52:41,100.0,100.0
2026-04-13 21:52:56,100.0,100.0
2026-04-13 21:53:11,100.0,100.0
2026-04-13 21:53:26,100.0,100.0
2026-04-13 21:53:41,100.0,100.0
2026-04-13 21:53:56,100.0,100.0
2026-04-13 21:54:11,100.0,100.0
2026-04-13 21:54:26,100.0,100.0
2026-04-13 21:54:41,100.0,100.0
2026-04-13 21:54:56,100.0,100.0
2026-04-13 21:55:11,100.0,100.0
2026-04-13 21:55:26,100.0,100.0
2026-04-13 21:55:41,100.0,99.75550122249389
2026-04-13 21:55:56,100.0,99.51100244498777
2026-04-13 21:56:11,100.0,99.26650366748166
2026-04-13 21:56:26,100.0,99.02200488997555
2026-04-13 21:56:41,100.0,98.77750611246944
2026-04-13 21:56:56,100.0,98.53300733496333
