time,tcc_auto,tcc_empi
2026-03-12 00:00:04,100.0,100.0
2026-03-12 00:00:19,100.0,100.0
2026-03-12 00:00:34,100.0,100.0
2026-03-12 00:00:49,100.0,100.0
2026-03-12 00:01:04,100.0,100.0
2026-03-12 00:01:19,100.0,100.0
2026-03-12 00:01:34,100.0,100.0
2026-03-12 00:01:49,100.0,100.0
2026-03-12 00:02:04,100.0,100.0
2026-03-12 00:02:19,100.0,100.0
2026-03-12 00:02:34,100.0,100.0
2026-03-12 00:02:49,100.0,100.0
2026-03-12 00:03:04,100.0,100.0
2026-03-12 00:03:19,100.0,100.0
2026-03-12 00:03:34,100.0,100.0
2026-03-12 00:03:49,100.0,100.0
2026-03-12 00:04:04,100.0,100.0
2026-03-12 00:04:19,100.0,100.0
2026-03-12 00:04:34,100.0,100.0
2026-03-12 00:04:49,100.0,100.0
2026-03-12 00:05:04,100.0,100.0
2026-03-12 00:05:19,100.0,100.0
2026-03-12 00:05:34,100.0,100.0
2026-03-12 00:05:49,100.0,100.0
2026-03-12 00:06:04,100.0,100.0
2026-03-12 00:06:19,100.0,100.0
2026-03-12 00:06:34,100.0,100.0
2026-03-12 00:06:49,100.0,100.0
2026-03-12 00:07:04,100.0,100.0
2026-03-12 00:07:19,100.0,100.0
2026-03-12 00:07:34,100.0,100.0
2026-03-12 00:07:49,100.0,100.0
2026-03-12 00:08:04,100.0,100.0
2026-03-12 00:08:19,100.0,100.0
2026-03-12 00:08:34,100.0,100.0
2026-03-12 00:08:49,100.0,100.0
2026-03-12 00:09:04,100.0,100.0
2026-03-12 00:09:19,100.0,100.0
2026-03-12 00:09:34,100.0,100.0
2026-03-12 00:09:49,100.0,100.0
2026-03-12 00:10:04,100.0,100.0
2026-03-12 00:10:19,100.0,100.0
2026-03-12 00:10:34,100.0,100.0
2026-03-12 00:10:49,100.0,100.0
2026-03-12 00:11:04,100.0,100.0
2026-03-12 00:11:19,100.0,100.0
2026-03-12 00:11:34,100.0,100.0
2026-03-12 00:11:49,100.0,100.0
2026-03-12 00:12:04,100.0,100.0
2026-03-12 00:12:19,100.0,100.0
2026-03-12 00:12:34,100.0,100.0
2026-03-12 00:12:49,100.0,100.0
2026-03-12 00:13:04,100.0,100.0
2026-03-12 00:13:19,100.0,100.0
2026-03-12 00:13:34,100.0,100.0
2026-03-12 00:13:49,100.0,100.0
2026-03-12 00:14:04,100.0,100.0
2026-03-12 00:14:19,100.0,100.0
2026-03-12 00:14:34,100.0,100.0
2026-03-12 00:14:49,100.0,100.0
2026-03-12 00:15:04,100.0,100.0
2026-03-12 00:15:19,100.0,100.0
2026-03-12 00:15:34,100.0,100.0
2026-03-12 00:15:49,100.0,100.0
2026-03-12 00:16:04,100.0,100.0
2026-03-12 00:16:19,100.0,100.0
2026-03-12 00:16:34,100.0,100.0
2026-03-12 00:16:49,100.0,100.0
2026-03-12 00:17:04,100.0,100.0
2026-03-12 00:17:19,100.0,100.0
2026-03-12 00:17:34,100.0,100.0
2026-03-12 00:17:49,100.0,100.0
2026-03-12 00:18:04,100.0,100.0
2026-03-12 00:18:19,100.0,100.0
2026-03-12 00:18:34,100.0,100.0
2026-03-12 00:18:49,100.0,100.0
2026-03-12 00:19:04,100.0,100.0
2026-03-12 00:19:19,100.0,100.0
2026-03-12 00:19:34,100.0,100.0
2026-03-12 00:19:49,100.0,100.0
2026-03-12 00:20:04,100.0,100.0
2026-03-12 00:20:19,100.0,100.0
2026-03-12 00:20:34,100.0,100.0
2026-03-12 00:20:49,100.0,100.0
2026-03-12 00:21:04,100.0,100.0
2026-03-12 00:21:19,100.0,100.0
2026-03-12 00:21:34,100.0,100.0
2026-03-12 00:21:49,100.0,100.0
2026-03-12 00:22:04,100.0,100.0
2026-03-12 00:22:19,100.0,100.0
2026-03-12 00:22:34,100.0,100.0
2026-03-12 00:22:49,100.0,100.0
2026-03-12 00:23:04,100.0,100.0
2026-03-12 00:23:19,100.0,100.0
2026-03-12 00:23:34,100.0,100.0
2026-03-12 00:23:49,100.0,100.0
2026-03-12 00:24:04,100.0,100.0
2026-03-12 00:24:19,100.0,100.0
2026-03-12 00:24:34,100.0,100.0
2026-03-12 00:24:49,100.0,100.0
2026-03-12 00:25:04,100.0,100.0
2026-03-12 00:25:19,100.0,100.0
2026-03-12 00:25:34,100.0,100.0
2026-03-12 00:25:49,100.0,100.0
2026-03-12 00:26:04,100.0,100.0
2026-03-12 00:26:19,100.0,100.0
2026-03-12 00:26:34,100.0,100.0
2026-03-12 00:26:49,100.0,100.0
2026-03-12 00:27:04,100.0,100.0
2026-03-12 00:27:19,100.0,100.0
2026-03-12 00:27:34,100.0,100.0
2026-03-12 00:27:49,100.0,100.0
2026-03-12 00:28:04,100.0,100.0
2026-03-12 00:28:19,100.0,100.0
2026-03-12 00:28:34,100.0,100.0
2026-03-12 00:28:49,100.0,100.0
2026-03-12 00:29:04,100.0,100.0
2026-03-12 00:29:19,100.0,100.0
2026-03-12 00:29:34,100.0,100.0
2026-03-12 00:29:49,100.0,100.0
2026-03-12 00:30:04,100.0,100.0
2026-03-12 00:30:19,100.0,100.0
2026-03-12 00:30:34,100.0,100.0
2026-03-12 00:30:49,100.0,100.0
2026-03-12 00:31:04,100.0,100.0
2026-03-12 00:31:19,100.0,100.0
2026-03-12 00:31:34,100.0,100.0
2026-03-12 00:31:49,100.0,100.0
2026-03-12 00:32:04,100.0,100.0
2026-03-12 00:32:19,100.0,100.0
2026-03-12 00:32:34,100.0,100.0
2026-03-12 00:32:49,100.0,100.0
2026-03-12 00:33:04,100.0,100.0
2026-03-12 00:33:19,100.0,100.0
2026-03-12 00:33:34,100.0,100.0
2026-03-12 00:33:49,100.0,100.0
2026-03-12 00:34:04,100.0,100.0
2026-03-12 00:34:19,100.0,100.0
2026-03-12 00:34:34,100.0,100.0
2026-03-12 00:34:49,100.0,100.0
2026-03-12 00:35:04,100.0,100.0
2026-03-12 00:35:19,100.0,100.0
2026-03-12 00:35:34,100.0,100.0
2026-03-12 00:35:49,100.0,100.0
2026-03-12 00:36:04,100.0,100.0
2026-03-12 00:36:19,100.0,100.0
2026-03-12 00:36:34,100.0,100.0
2026-03-12 00:36:49,100.0,100.0
2026-03-12 00:37:04,100.0,100.0
2026-03-12 00:37:19,100.0,100.0
2026-03-12 00:37:34,100.0,100.0
2026-03-12 00:37:49,100.0,100.0
2026-03-12 00:38:04,100.0,100.0
2026-03-12 00:38:19,100.0,100.0
2026-03-12 00:38:34,100.0,100.0
2026-03-12 00:38:49,100.0,100.0
2026-03-12 00:39:04,100.0,100.0
2026-03-12 00:39:19,100.0,100.0
2026-03-12 00:39:34,100.0,100.0
2026-03-12 00:39:49,100.0,100.0
2026-03-12 00:40:04,100.0,100.0
2026-03-12 00:40:19,100.0,100.0
2026-03-12 00:40:34,100.0,100.0
2026-03-12 00:40:49,100.0,100.0
2026-03-12 00:41:04,100.0,100.0
2026-03-12 00:41:19,100.0,100.0
2026-03-12 00:41:34,100.0,100.0
2026-03-12 00:41:49,100.0,100.0
2026-03-12 00:42:04,100.0,100.0
2026-03-12 00:42:19,100.0,100.0
2026-03-12 00:42:34,100.0,100.0
2026-03-12 00:42:49,100.0,100.0
2026-03-12 00:43:04,100.0,100.0
2026-03-12 00:43:19,100.0,100.0
2026-03-12 00:43:34,100.0,100.0
2026-03-12 00:43:49,100.0,100.0
2026-03-12 00:44:04,100.0,100.0
2026-03-12 00:44:19,100.0,100.0
2026-03-12 00:44:34,100.0,100.0
2026-03-12 00:44:49,100.0,100.0
2026-03-12 00:45:04,100.0,100.0
2026-03-12 00:45:19,100.0,100.0
2026-03-12 00:45:34,100.0,100.0
2026-03-12 00:45:49,100.0,100.0
2026-03-12 00:46:04,100.0,100.0
2026-03-12 00:46:19,100.0,100.0
2026-03-12 00:46:34,100.0,100.0
2026-03-12 00:46:49,100.0,100.0
2026-03-12 00:47:04,100.0,100.0
2026-03-12 00:47:19,100.0,100.0
2026-03-12 00:47:34,100.0,100.0
2026-03-12 00:47:49,100.0,100.0
2026-03-12 00:48:04,100.0,100.0
2026-03-12 00:48:19,100.0,100.0
2026-03-12 00:48:34,100.0,100.0
2026-03-12 00:48:49,100.0,100.0
2026-03-12 00:49:04,100.0,100.0
2026-03-12 00:49:19,100.0,100.0
2026-03-12 00:49:34,100.0,100.0
2026-03-12 00:49:49,100.0,100.0
2026-03-12 00:50:04,100.0,100.0
2026-03-12 00:50:19,100.0,100.0
2026-03-12 00:50:34,100.0,100.0
2026-03-12 00:50:49,100.0,100.0
2026-03-12 00:51:04,100.0,100.0
2026-03-12 00:51:19,100.0,100.0
2026-03-12 00:51:34,100.0,100.0
2026-03-12 00:51:49,100.0,100.0
2026-03-12 00:52:04,100.0,100.0
2026-03-12 00:52:19,100.0,100.0
2026-03-12 00:52:34,100.0,100.0
2026-03-12 00:52:49,100.0,100.0
2026-03-12 00:53:04,100.0,100.0
2026-03-12 00:53:19,100.0,100.0
2026-03-12 00:53:34,100.0,100.0
2026-03-12 00:53:49,100.0,100.0
2026-03-12 00:54:04,100.0,100.0
2026-03-12 00:54:19,100.0,100.0
2026-03-12 00:54:34,100.0,100.0
2026-03-12 00:54:49,100.0,100.0
2026-03-12 00:55:04,100.0,100.0
2026-03-12 00:55:19,100.0,100.0
2026-03-12 00:55:34,100.0,100.0
2026-03-12 00:55:49,100.0,100.0
2026-03-12 00:56:04,100.0,100.0
2026-03-12 00:56:19,100.0,100.0
2026-03-12 00:56:34,100.0,100.0
2026-03-12 00:56:49,100.0,100.0
2026-03-12 00:57:04,100.0,100.0
2026-03-12 00:57:19,100.0,100.0
2026-03-12 00:57:34,100.0,100.0
2026-03-12 00:57:49,100.0,100.0
2026-03-12 00:58:04,100.0,100.0
2026-03-12 00:58:19,100.0,100.0
2026-03-12 00:58:34,100.0,100.0
2026-03-12 00:58:49,100.0,100.0
2026-03-12 00:59:04,100.0,100.0
2026-03-12 00:59:19,100.0,100.0
2026-03-12 00:59:34,100.0,100.0
2026-03-12 00:59:49,100.0,100.0
2026-03-12 01:00:04,100.0,100.0
2026-03-12 01:00:19,100.0,100.0
2026-03-12 01:00:34,100.0,100.0
2026-03-12 01:00:49,100.0,100.0
2026-03-12 01:01:04,100.0,100.0
2026-03-12 01:01:19,100.0,100.0
2026-03-12 01:01:34,100.0,100.0
2026-03-12 01:01:49,100.0,100.0
2026-03-12 01:02:04,100.0,100.0
2026-03-12 01:02:19,100.0,100.0
2026-03-12 01:02:34,100.0,100.0
2026-03-12 01:02:49,100.0,100.0
2026-03-12 01:03:04,100.0,100.0
2026-03-12 01:03:19,100.0,100.0
2026-03-12 01:03:34,100.0,100.0
2026-03-12 01:03:49,100.0,100.0
2026-03-12 01:04:04,100.0,100.0
2026-03-12 01:04:19,100.0,100.0
2026-03-12 01:04:34,100.0,100.0
2026-03-12 01:04:49,100.0,100.0
2026-03-12 01:05:04,100.0,100.0
2026-03-12 01:05:19,100.0,100.0
2026-03-12 01:05:34,100.0,100.0
2026-03-12 01:05:49,100.0,100.0
2026-03-12 01:06:04,100.0,100.0
2026-03-12 01:06:19,100.0,100.0
2026-03-12 01:06:34,100.0,100.0
2026-03-12 01:06:49,100.0,100.0
2026-03-12 01:07:04,100.0,100.0
2026-03-12 01:07:19,100.0,100.0
2026-03-12 01:07:34,100.0,100.0
2026-03-12 01:07:49,100.0,100.0
2026-03-12 01:08:04,100.0,100.0
2026-03-12 01:08:19,100.0,100.0
2026-03-12 01:08:34,100.0,100.0
2026-03-12 01:08:49,100.0,100.0
2026-03-12 01:09:04,100.0,100.0
2026-03-12 01:09:19,100.0,100.0
2026-03-12 01:09:34,100.0,100.0
2026-03-12 01:09:49,100.0,100.0
2026-03-12 01:10:04,100.0,100.0
2026-03-12 01:10:19,100.0,100.0
2026-03-12 01:10:34,100.0,100.0
2026-03-12 01:10:49,100.0,100.0
2026-03-12 01:11:04,100.0,100.0
2026-03-12 01:11:19,100.0,100.0
2026-03-12 01:11:34,100.0,100.0
2026-03-12 01:11:49,100.0,100.0
2026-03-12 01:12:04,100.0,100.0
2026-03-12 01:12:19,100.0,100.0
2026-03-12 01:12:34,100.0,100.0
2026-03-12 01:12:49,100.0,100.0
2026-03-12 01:13:04,100.0,100.0
2026-03-12 01:13:19,100.0,100.0
2026-03-12 01:13:34,100.0,100.0
2026-03-12 01:13:49,100.0,100.0
2026-03-12 01:14:04,100.0,100.0
2026-03-12 01:14:19,100.0,100.0
2026-03-12 01:14:34,100.0,100.0
2026-03-12 01:14:49,100.0,100.0
2026-03-12 01:15:04,100.0,100.0
2026-03-12 01:15:19,100.0,100.0
2026-03-12 01:15:34,100.0,100.0
2026-03-12 01:15:49,100.0,100.0
2026-03-12 01:16:04,100.0,100.0
2026-03-12 01:16:19,100.0,100.0
2026-03-12 01:16:34,100.0,100.0
2026-03-12 01:16:49,100.0,100.0
2026-03-12 01:17:04,100.0,100.0
2026-03-12 01:17:19,100.0,100.0
2026-03-12 01:17:34,100.0,100.0
2026-03-12 01:17:49,100.0,100.0
2026-03-12 01:18:04,100.0,100.0
2026-03-12 01:18:19,100.0,100.0
2026-03-12 01:18:34,100.0,100.0
2026-03-12 01:18:49,100.0,100.0
2026-03-12 01:19:04,100.0,100.0
2026-03-12 01:19:19,100.0,100.0
2026-03-12 01:19:34,100.0,100.0
2026-03-12 01:19:49,100.0,100.0
2026-03-12 01:20:04,100.0,100.0
2026-03-12 01:20:19,100.0,100.0
2026-03-12 01:20:34,100.0,100.0
2026-03-12 01:20:49,100.0,100.0
2026-03-12 01:21:04,100.0,100.0
2026-03-12 01:21:19,100.0,100.0
2026-03-12 01:21:34,100.0,100.0
2026-03-12 01:21:49,100.0,100.0
2026-03-12 01:22:04,100.0,100.0
2026-03-12 01:22:19,100.0,100.0
2026-03-12 01:22:34,100.0,100.0
2026-03-12 01:22:49,100.0,100.0
2026-03-12 01:23:04,100.0,100.0
2026-03-12 01:23:19,100.0,100.0
2026-03-12 01:23:34,100.0,100.0
2026-03-12 01:23:49,100.0,100.0
2026-03-12 01:24:04,100.0,100.0
2026-03-12 01:24:19,100.0,100.0
2026-03-12 01:24:34,100.0,100.0
2026-03-12 01:24:49,100.0,100.0
2026-03-12 01:25:04,100.0,100.0
2026-03-12 01:25:19,100.0,100.0
2026-03-12 01:25:34,100.0,100.0
2026-03-12 01:25:49,100.0,100.0
2026-03-12 01:26:04,100.0,100.0
2026-03-12 01:26:19,100.0,100.0
2026-03-12 01:26:34,100.0,100.0
2026-03-12 01:26:49,100.0,100.0
2026-03-12 01:27:04,100.0,100.0
2026-03-12 01:27:19,100.0,100.0
2026-03-12 01:27:34,100.0,100.0
2026-03-12 01:27:49,100.0,100.0
2026-03-12 01:28:04,100.0,100.0
2026-03-12 01:28:19,100.0,100.0
2026-03-12 01:28:34,100.0,100.0
2026-03-12 01:28:49,100.0,100.0
2026-03-12 01:29:04,100.0,100.0
2026-03-12 01:29:19,100.0,100.0
2026-03-12 01:29:34,100.0,100.0
2026-03-12 01:29:49,100.0,100.0
2026-03-12 01:30:04,100.0,100.0
2026-03-12 01:30:19,100.0,100.0
2026-03-12 01:30:34,100.0,100.0
2026-03-12 01:30:49,100.0,100.0
2026-03-12 01:31:04,100.0,100.0
2026-03-12 01:31:19,100.0,100.0
2026-03-12 01:31:34,100.0,100.0
2026-03-12 01:31:49,100.0,100.0
2026-03-12 01:32:04,100.0,100.0
2026-03-12 01:32:19,100.0,100.0
2026-03-12 01:32:34,100.0,100.0
2026-03-12 01:32:49,100.0,100.0
2026-03-12 01:33:04,100.0,100.0
2026-03-12 01:33:19,100.0,100.0
2026-03-12 01:33:34,100.0,100.0
2026-03-12 01:33:49,100.0,100.0
2026-03-12 01:34:04,100.0,100.0
2026-03-12 01:34:19,100.0,100.0
2026-03-12 01:34:34,100.0,100.0
2026-03-12 01:34:49,100.0,100.0
2026-03-12 01:35:04,100.0,100.0
2026-03-12 01:35:19,100.0,100.0
2026-03-12 01:35:34,100.0,100.0
2026-03-12 01:35:49,100.0,100.0
2026-03-12 01:36:04,100.0,100.0
2026-03-12 01:36:19,100.0,100.0
2026-03-12 01:36:34,100.0,100.0
2026-03-12 01:36:49,100.0,100.0
2026-03-12 01:37:04,100.0,100.0
2026-03-12 01:37:19,100.0,100.0
2026-03-12 01:37:34,100.0,100.0
2026-03-12 01:37:49,100.0,100.0
2026-03-12 01:38:04,100.0,100.0
2026-03-12 01:38:19,100.0,100.0
2026-03-12 01:38:34,100.0,100.0
2026-03-12 01:38:49,100.0,100.0
2026-03-12 01:39:04,100.0,100.0
2026-03-12 01:39:19,100.0,100.0
2026-03-12 01:39:34,100.0,100.0
2026-03-12 01:39:49,100.0,100.0
2026-03-12 01:40:04,100.0,100.0
2026-03-12 01:40:19,100.0,100.0
2026-03-12 01:40:34,100.0,100.0
2026-03-12 01:40:49,100.0,100.0
2026-03-12 01:41:04,100.0,100.0
2026-03-12 01:41:19,100.0,100.0
2026-03-12 01:41:34,100.0,100.0
2026-03-12 01:41:49,100.0,100.0
2026-03-12 01:42:04,100.0,100.0
2026-03-12 01:42:19,100.0,100.0
2026-03-12 01:42:34,100.0,100.0
2026-03-12 01:42:49,100.0,100.0
2026-03-12 01:43:04,100.0,100.0
2026-03-12 01:43:19,100.0,100.0
2026-03-12 01:43:34,100.0,100.0
2026-03-12 01:43:49,100.0,100.0
2026-03-12 01:44:04,100.0,100.0
2026-03-12 01:44:19,100.0,100.0
2026-03-12 01:44:34,100.0,100.0
2026-03-12 01:44:49,100.0,100.0
2026-03-12 01:45:04,100.0,100.0
2026-03-12 01:45:19,100.0,100.0
2026-03-12 01:45:34,100.0,100.0
2026-03-12 01:45:49,100.0,100.0
2026-03-12 01:46:04,100.0,100.0
2026-03-12 01:46:19,100.0,100.0
2026-03-12 01:46:34,100.0,100.0
2026-03-12 01:46:49,100.0,100.0
2026-03-12 01:47:04,100.0,100.0
2026-03-12 01:47:19,100.0,100.0
2026-03-12 01:47:34,100.0,100.0
2026-03-12 01:47:49,100.0,100.0
2026-03-12 01:48:04,100.0,100.0
2026-03-12 01:48:19,100.0,100.0
2026-03-12 01:48:34,100.0,100.0
2026-03-12 01:48:49,100.0,100.0
2026-03-12 01:49:04,100.0,100.0
2026-03-12 01:49:19,100.0,100.0
2026-03-12 01:49:34,100.0,100.0
2026-03-12 01:49:49,100.0,100.0
2026-03-12 01:50:04,100.0,100.0
2026-03-12 01:50:19,100.0,100.0
2026-03-12 01:50:34,100.0,100.0
2026-03-12 01:50:49,100.0,100.0
2026-03-12 01:51:04,100.0,100.0
2026-03-12 01:51:19,100.0,100.0
2026-03-12 01:51:34,100.0,100.0
2026-03-12 01:51:49,100.0,100.0
2026-03-12 01:52:04,100.0,100.0
2026-03-12 01:52:19,100.0,100.0
2026-03-12 01:52:34,100.0,100.0
2026-03-12 01:52:49,100.0,100.0
2026-03-12 01:53:04,100.0,100.0
2026-03-12 01:53:19,100.0,100.0
2026-03-12 01:53:34,100.0,100.0
2026-03-12 01:53:49,100.0,100.0
2026-03-12 01:54:04,100.0,100.0
2026-03-12 01:54:19,100.0,100.0
2026-03-12 01:54:34,100.0,100.0
2026-03-12 01:54:49,100.0,100.0
2026-03-12 01:55:04,100.0,100.0
2026-03-12 01:55:19,100.0,100.0
2026-03-12 01:55:34,100.0,100.0
2026-03-12 01:55:49,100.0,100.0
2026-03-12 01:56:04,100.0,100.0
2026-03-12 01:56:19,100.0,100.0
2026-03-12 01:56:34,100.0,100.0
2026-03-12 01:56:49,100.0,100.0
2026-03-12 01:57:04,100.0,100.0
2026-03-12 01:57:19,100.0,100.0
2026-03-12 01:57:34,100.0,100.0
2026-03-12 01:57:49,100.0,100.0
2026-03-12 01:58:04,100.0,100.0
2026-03-12 01:58:19,100.0,100.0
2026-03-12 01:58:34,100.0,100.0
2026-03-12 01:58:49,100.0,100.0
2026-03-12 01:59:04,100.0,100.0
2026-03-12 01:59:19,100.0,100.0
2026-03-12 01:59:34,100.0,100.0
2026-03-12 01:59:49,100.0,100.0
2026-03-12 02:00:04,100.0,100.0
2026-03-12 02:00:19,100.0,100.0
2026-03-12 02:00:34,100.0,100.0
2026-03-12 02:00:49,100.0,100.0
2026-03-12 02:01:04,100.0,100.0
2026-03-12 02:01:19,100.0,100.0
2026-03-12 02:01:34,100.0,100.0
2026-03-12 02:01:49,100.0,100.0
2026-03-12 02:02:04,100.0,100.0
2026-03-12 02:02:19,100.0,100.0
2026-03-12 02:02:34,100.0,100.0
2026-03-12 02:02:49,100.0,100.0
2026-03-12 02:03:04,100.0,100.0
2026-03-12 02:03:19,100.0,100.0
2026-03-12 02:03:34,100.0,100.0
2026-03-12 02:03:49,100.0,100.0
2026-03-12 02:04:04,100.0,100.0
2026-03-12 02:04:19,100.0,100.0
2026-03-12 02:04:34,100.0,100.0
2026-03-12 02:04:49,100.0,100.0
2026-03-12 02:05:04,100.0,100.0
2026-03-12 02:05:19,100.0,100.0
2026-03-12 02:05:34,100.0,100.0
2026-03-12 02:05:49,100.0,100.0
2026-03-12 02:06:04,100.0,100.0
2026-03-12 02:06:19,100.0,100.0
2026-03-12 02:06:34,100.0,100.0
2026-03-12 02:06:49,100.0,100.0
2026-03-12 02:07:04,100.0,100.0
2026-03-12 02:07:19,100.0,100.0
2026-03-12 02:07:34,100.0,100.0
2026-03-12 02:07:49,100.0,100.0
2026-03-12 02:08:04,100.0,100.0
2026-03-12 02:08:19,100.0,100.0
2026-03-12 02:08:34,100.0,100.0
2026-03-12 02:08:49,100.0,100.0
2026-03-12 02:09:04,100.0,100.0
2026-03-12 02:09:19,100.0,100.0
2026-03-12 02:09:34,100.0,100.0
2026-03-12 02:09:49,100.0,100.0
2026-03-12 02:10:04,100.0,100.0
2026-03-12 02:10:19,100.0,100.0
2026-03-12 02:10:34,100.0,100.0
2026-03-12 02:10:49,100.0,100.0
2026-03-12 02:11:04,100.0,100.0
2026-03-12 02:11:19,100.0,100.0
2026-03-12 02:11:34,100.0,100.0
2026-03-12 02:11:49,100.0,100.0
2026-03-12 02:12:04,100.0,100.0
2026-03-12 02:12:19,100.0,100.0
2026-03-12 02:12:34,100.0,100.0
2026-03-12 02:12:49,100.0,100.0
2026-03-12 02:13:04,100.0,100.0
2026-03-12 02:13:19,100.0,100.0
2026-03-12 02:13:34,100.0,100.0
2026-03-12 02:13:49,100.0,100.0
2026-03-12 02:14:04,100.0,100.0
2026-03-12 02:14:19,100.0,100.0
2026-03-12 02:14:34,100.0,100.0
2026-03-12 02:14:49,100.0,100.0
2026-03-12 02:15:04,87.5,100.0
2026-03-12 02:15:19,87.5,100.0
2026-03-12 02:15:34,87.5,100.0
2026-03-12 02:15:49,87.5,100.0
2026-03-12 02:16:04,87.5,100.0
2026-03-12 02:16:19,87.5,100.0
2026-03-12 02:16:34,87.5,100.0
2026-03-12 02:16:49,87.5,100.0
2026-03-12 02:17:04,87.5,100.0
2026-03-12 02:17:19,87.5,100.0
2026-03-12 02:17:34,87.5,100.0
2026-03-12 02:17:49,87.5,100.0
2026-03-12 02:18:04,87.5,100.0
2026-03-12 02:18:19,87.5,100.0
2026-03-12 02:18:34,87.5,100.0
2026-03-12 02:18:49,87.5,100.0
2026-03-12 02:19:04,87.5,100.0
2026-03-12 02:19:19,87.5,100.0
2026-03-12 02:19:34,87.5,100.0
2026-03-12 02:19:49,87.5,100.0
2026-03-12 02:20:04,87.5,100.0
2026-03-12 02:20:19,87.5,100.0
2026-03-12 02:20:34,87.5,100.0
2026-03-12 02:20:49,87.5,100.0
2026-03-12 02:21:04,87.5,100.0
2026-03-12 02:21:19,87.5,100.0
2026-03-12 02:21:34,87.5,100.0
2026-03-12 02:21:49,87.5,100.0
2026-03-12 02:22:04,87.5,100.0
2026-03-12 02:22:19,87.5,100.0
2026-03-12 02:22:34,87.5,100.0
2026-03-12 02:22:49,87.5,100.0
2026-03-12 02:23:04,87.5,100.0
2026-03-12 02:23:19,87.5,100.0
2026-03-12 02:23:34,87.5,100.0
2026-03-12 02:23:49,87.5,100.0
2026-03-12 02:24:04,87.5,100.0
2026-03-12 02:24:19,87.5,100.0
2026-03-12 02:24:34,87.5,100.0
2026-03-12 02:24:49,87.5,100.0
2026-03-12 02:25:04,87.5,100.0
2026-03-12 02:25:19,87.5,100.0
2026-03-12 02:25:34,87.5,100.0
2026-03-12 02:25:49,87.5,100.0
2026-03-12 02:26:04,87.5,100.0
2026-03-12 02:26:19,87.5,100.0
2026-03-12 02:26:34,87.5,100.0
2026-03-12 02:26:49,87.5,100.0
2026-03-12 02:27:04,87.5,100.0
2026-03-12 02:27:19,87.5,100.0
2026-03-12 02:27:34,87.5,100.0
2026-03-12 02:27:49,87.5,100.0
2026-03-12 02:28:04,87.5,100.0
2026-03-12 02:28:19,87.5,100.0
2026-03-12 02:28:34,87.5,100.0
2026-03-12 02:28:49,87.5,100.0
2026-03-12 02:29:04,87.5,100.0
2026-03-12 02:29:19,87.5,100.0
2026-03-12 02:29:34,87.5,100.0
2026-03-12 02:29:49,87.5,100.0
2026-03-12 02:30:04,87.5,100.0
2026-03-12 02:30:19,87.5,100.0
2026-03-12 02:30:34,87.5,100.0
2026-03-12 02:30:49,100.0,100.0
2026-03-12 02:31:04,100.0,100.0
2026-03-12 02:31:19,100.0,100.0
2026-03-12 02:31:34,100.0,100.0
2026-03-12 02:31:49,100.0,100.0
2026-03-12 02:32:04,100.0,100.0
2026-03-12 02:32:19,100.0,100.0
2026-03-12 02:32:34,100.0,100.0
2026-03-12 02:32:49,100.0,100.0
2026-03-12 02:33:04,100.0,100.0
2026-03-12 02:33:19,100.0,100.0
2026-03-12 02:33:34,100.0,100.0
2026-03-12 02:33:49,100.0,100.0
2026-03-12 02:34:04,100.0,100.0
2026-03-12 02:34:19,100.0,100.0
2026-03-12 02:34:34,100.0,100.0
2026-03-12 02:34:49,100.0,100.0
2026-03-12 02:35:04,100.0,100.0
2026-03-12 02:35:19,100.0,100.0
2026-03-12 02:35:34,100.0,100.0
2026-03-12 02:35:49,100.0,100.0
2026-03-12 02:36:04,100.0,100.0
2026-03-12 02:36:19,100.0,100.0
2026-03-12 02:36:34,100.0,100.0
2026-03-12 02:36:49,100.0,100.0
2026-03-12 02:37:04,100.0,100.0
2026-03-12 02:37:19,100.0,100.0
2026-03-12 02:37:34,100.0,100.0
2026-03-12 02:37:49,100.0,100.0
2026-03-12 02:38:04,100.0,100.0
2026-03-12 02:38:19,100.0,100.0
2026-03-12 02:38:34,100.0,100.0
2026-03-12 02:38:49,100.0,100.0
2026-03-12 02:39:04,100.0,100.0
2026-03-12 02:39:19,100.0,100.0
2026-03-12 02:39:34,100.0,100.0
2026-03-12 02:39:49,100.0,100.0
2026-03-12 02:40:04,100.0,100.0
2026-03-12 02:40:19,100.0,100.0
2026-03-12 02:40:34,100.0,100.0
2026-03-12 02:40:49,100.0,100.0
2026-03-12 02:41:04,100.0,100.0
2026-03-12 02:41:19,100.0,100.0
2026-03-12 02:41:34,100.0,100.0
2026-03-12 02:41:49,100.0,100.0
2026-03-12 02:42:04,100.0,100.0
2026-03-12 02:42:19,100.0,100.0
2026-03-12 02:42:34,100.0,100.0
2026-03-12 02:42:49,100.0,100.0
2026-03-12 02:43:04,100.0,100.0
2026-03-12 02:43:19,100.0,100.0
2026-03-12 02:43:34,100.0,100.0
2026-03-12 02:43:49,100.0,100.0
2026-03-12 02:44:04,100.0,100.0
2026-03-12 02:44:19,100.0,100.0
2026-03-12 02:44:34,100.0,100.0
2026-03-12 02:44:49,100.0,100.0
2026-03-12 02:45:04,100.0,100.0
2026-03-12 02:45:19,100.0,100.0
2026-03-12 02:45:34,100.0,100.0
2026-03-12 02:45:49,100.0,100.0
2026-03-12 02:46:04,100.0,100.0
2026-03-12 02:46:19,100.0,100.0
2026-03-12 02:46:34,100.0,100.0
2026-03-12 02:46:49,100.0,100.0
2026-03-12 02:47:04,100.0,100.0
2026-03-12 02:47:19,100.0,100.0
2026-03-12 02:47:34,100.0,100.0
2026-03-12 02:47:49,100.0,100.0
2026-03-12 02:48:04,100.0,100.0
2026-03-12 02:48:19,100.0,100.0
2026-03-12 02:48:34,100.0,100.0
2026-03-12 02:48:49,100.0,100.0
2026-03-12 02:49:04,100.0,100.0
2026-03-12 02:49:19,100.0,100.0
2026-03-12 02:49:34,100.0,100.0
2026-03-12 02:49:49,100.0,100.0
2026-03-12 02:50:04,100.0,100.0
2026-03-12 02:50:19,100.0,100.0
2026-03-12 02:50:34,100.0,100.0
2026-03-12 02:50:49,100.0,100.0
2026-03-12 02:51:04,100.0,100.0
2026-03-12 02:51:19,100.0,100.0
2026-03-12 02:51:34,100.0,100.0
2026-03-12 02:51:49,100.0,100.0
2026-03-12 02:52:04,100.0,100.0
2026-03-12 02:52:19,100.0,100.0
2026-03-12 02:52:34,100.0,100.0
2026-03-12 02:52:49,100.0,100.0
2026-03-12 02:53:04,100.0,100.0
2026-03-12 02:53:19,100.0,100.0
2026-03-12 02:53:34,100.0,100.0
2026-03-12 02:53:49,100.0,100.0
2026-03-12 02:54:04,100.0,100.0
2026-03-12 02:54:19,100.0,100.0
2026-03-12 02:54:34,100.0,100.0
2026-03-12 02:54:49,100.0,100.0
2026-03-12 02:55:04,100.0,100.0
2026-03-12 02:55:19,100.0,100.0
2026-03-12 02:55:34,100.0,100.0
2026-03-12 02:55:49,100.0,100.0
2026-03-12 02:56:04,100.0,100.0
2026-03-12 02:56:19,100.0,100.0
2026-03-12 02:56:34,100.0,100.0
2026-03-12 02:56:49,100.0,100.0
2026-03-12 02:57:04,100.0,100.0
2026-03-12 02:57:19,100.0,100.0
2026-03-12 02:57:34,100.0,100.0
2026-03-12 02:57:49,100.0,100.0
2026-03-12 02:58:04,100.0,100.0
2026-03-12 02:58:19,100.0,100.0
2026-03-12 02:58:34,100.0,100.0
2026-03-12 02:58:49,100.0,100.0
2026-03-12 02:59:04,100.0,100.0
2026-03-12 02:59:19,100.0,100.0
2026-03-12 02:59:34,100.0,100.0
2026-03-12 02:59:49,100.0,100.0
2026-03-12 03:00:04,100.0,100.0
2026-03-12 03:00:19,100.0,100.0
2026-03-12 03:00:34,100.0,100.0
2026-03-12 03:00:49,100.0,100.0
2026-03-12 03:01:04,100.0,100.0
2026-03-12 03:01:19,100.0,100.0
2026-03-12 03:01:34,100.0,100.0
2026-03-12 03:01:49,100.0,100.0
2026-03-12 03:02:04,100.0,100.0
2026-03-12 03:02:19,100.0,100.0
2026-03-12 03:02:34,100.0,100.0
2026-03-12 03:02:49,100.0,100.0
2026-03-12 03:03:04,100.0,100.0
2026-03-12 03:03:19,100.0,100.0
2026-03-12 03:03:34,100.0,100.0
2026-03-12 03:03:49,100.0,100.0
2026-03-12 03:04:04,100.0,100.0
2026-03-12 03:04:19,100.0,100.0
2026-03-12 03:04:34,100.0,100.0
2026-03-12 03:04:49,100.0,100.0
2026-03-12 03:05:04,100.0,100.0
2026-03-12 03:05:19,100.0,100.0
2026-03-12 03:05:34,100.0,100.0
2026-03-12 03:05:49,100.0,100.0
2026-03-12 03:06:04,100.0,100.0
2026-03-12 03:06:19,100.0,100.0
2026-03-12 03:06:34,100.0,100.0
2026-03-12 03:06:49,100.0,100.0
2026-03-12 03:07:04,100.0,100.0
2026-03-12 03:07:19,100.0,100.0
2026-03-12 03:07:34,100.0,100.0
2026-03-12 03:07:49,100.0,100.0
2026-03-12 03:08:04,100.0,100.0
2026-03-12 03:08:19,100.0,100.0
2026-03-12 03:08:34,100.0,100.0
2026-03-12 03:08:49,100.0,100.0
2026-03-12 03:09:04,100.0,100.0
2026-03-12 03:09:19,100.0,100.0
2026-03-12 03:09:34,100.0,100.0
2026-03-12 03:09:49,100.0,100.0
2026-03-12 03:10:04,100.0,100.0
2026-03-12 03:10:19,100.0,100.0
2026-03-12 03:10:34,100.0,100.0
2026-03-12 03:10:49,100.0,100.0
2026-03-12 03:11:04,100.0,100.0
2026-03-12 03:11:19,100.0,100.0
2026-03-12 03:11:34,100.0,100.0
2026-03-12 03:11:49,100.0,100.0
2026-03-12 03:12:04,100.0,100.0
2026-03-12 03:12:19,100.0,100.0
2026-03-12 03:12:34,100.0,100.0
2026-03-12 03:12:49,100.0,100.0
2026-03-12 03:13:04,100.0,100.0
2026-03-12 03:13:19,100.0,100.0
2026-03-12 03:13:34,100.0,100.0
2026-03-12 03:13:49,100.0,100.0
2026-03-12 03:14:04,100.0,100.0
2026-03-12 03:14:19,100.0,100.0
2026-03-12 03:14:34,100.0,100.0
2026-03-12 03:14:49,100.0,100.0
2026-03-12 03:15:04,100.0,100.0
2026-03-12 03:15:19,100.0,100.0
2026-03-12 03:15:34,100.0,100.0
2026-03-12 03:15:49,100.0,100.0
2026-03-12 03:16:04,100.0,100.0
2026-03-12 03:16:19,100.0,100.0
2026-03-12 03:16:34,100.0,100.0
2026-03-12 03:16:49,100.0,100.0
2026-03-12 03:17:04,100.0,100.0
2026-03-12 03:17:19,100.0,100.0
2026-03-12 03:17:34,100.0,100.0
2026-03-12 03:17:49,100.0,100.0
2026-03-12 03:18:04,100.0,100.0
2026-03-12 03:18:19,100.0,100.0
2026-03-12 03:18:34,100.0,100.0
2026-03-12 03:18:49,100.0,100.0
2026-03-12 03:19:04,100.0,100.0
2026-03-12 03:19:19,100.0,100.0
2026-03-12 03:19:34,100.0,100.0
2026-03-12 03:19:49,100.0,100.0
2026-03-12 03:20:04,100.0,100.0
2026-03-12 03:20:19,100.0,100.0
2026-03-12 03:20:34,100.0,100.0
2026-03-12 03:20:49,100.0,100.0
2026-03-12 03:21:04,100.0,100.0
2026-03-12 03:21:19,100.0,100.0
2026-03-12 03:21:34,100.0,100.0
2026-03-12 03:21:49,100.0,100.0
2026-03-12 03:22:04,100.0,100.0
2026-03-12 03:22:19,100.0,100.0
2026-03-12 03:22:34,100.0,100.0
2026-03-12 03:22:49,100.0,100.0
2026-03-12 03:23:04,100.0,100.0
2026-03-12 03:23:19,100.0,100.0
2026-03-12 03:23:34,100.0,100.0
2026-03-12 03:23:49,100.0,100.0
2026-03-12 03:24:04,100.0,100.0
2026-03-12 03:24:19,100.0,100.0
2026-03-12 03:24:34,100.0,100.0
2026-03-12 03:24:49,100.0,100.0
2026-03-12 03:25:04,100.0,100.0
2026-03-12 03:25:19,100.0,100.0
2026-03-12 03:25:34,100.0,100.0
2026-03-12 03:25:49,100.0,100.0
2026-03-12 03:26:04,100.0,100.0
2026-03-12 03:26:19,100.0,100.0
2026-03-12 03:26:34,100.0,100.0
2026-03-12 03:26:49,100.0,100.0
2026-03-12 03:27:04,100.0,100.0
2026-03-12 03:27:19,100.0,100.0
2026-03-12 03:27:34,100.0,100.0
2026-03-12 03:27:49,100.0,100.0
2026-03-12 03:28:04,100.0,100.0
2026-03-12 03:28:19,100.0,100.0
2026-03-12 03:28:34,100.0,100.0
2026-03-12 03:28:49,100.0,100.0
2026-03-12 03:29:04,100.0,100.0
2026-03-12 03:29:19,100.0,100.0
2026-03-12 03:29:34,100.0,100.0
2026-03-12 03:29:49,100.0,100.0
2026-03-12 03:30:04,100.0,100.0
2026-03-12 03:30:19,100.0,100.0
2026-03-12 03:30:34,100.0,100.0
2026-03-12 03:30:49,100.0,100.0
2026-03-12 03:31:04,100.0,100.0
2026-03-12 03:31:19,100.0,100.0
2026-03-12 03:31:34,100.0,100.0
2026-03-12 03:31:49,100.0,100.0
2026-03-12 03:32:04,100.0,100.0
2026-03-12 03:32:19,100.0,100.0
2026-03-12 03:32:34,100.0,100.0
2026-03-12 03:32:49,100.0,100.0
2026-03-12 03:33:04,100.0,100.0
2026-03-12 03:33:19,100.0,100.0
2026-03-12 03:33:34,100.0,100.0
2026-03-12 03:33:49,100.0,100.0
2026-03-12 03:34:04,100.0,100.0
2026-03-12 03:34:19,100.0,100.0
2026-03-12 03:34:34,100.0,100.0
2026-03-12 03:34:49,100.0,100.0
2026-03-12 03:35:04,100.0,100.0
2026-03-12 03:35:19,100.0,100.0
2026-03-12 03:35:34,100.0,100.0
2026-03-12 03:35:49,100.0,100.0
2026-03-12 03:36:04,100.0,100.0
2026-03-12 03:36:19,100.0,100.0
2026-03-12 03:36:34,100.0,100.0
2026-03-12 03:36:49,100.0,100.0
2026-03-12 03:37:04,100.0,100.0
2026-03-12 03:37:19,100.0,100.0
2026-03-12 03:37:34,100.0,100.0
2026-03-12 03:37:49,100.0,100.0
2026-03-12 03:38:04,100.0,100.0
2026-03-12 03:38:19,100.0,100.0
2026-03-12 03:38:34,100.0,100.0
2026-03-12 03:38:49,100.0,100.0
2026-03-12 03:39:04,100.0,100.0
2026-03-12 03:39:19,100.0,100.0
2026-03-12 03:39:34,100.0,100.0
2026-03-12 03:39:49,100.0,100.0
2026-03-12 03:40:04,100.0,100.0
2026-03-12 03:40:19,100.0,100.0
2026-03-12 03:40:34,100.0,100.0
2026-03-12 03:40:49,100.0,100.0
2026-03-12 03:41:04,100.0,100.0
2026-03-12 03:41:19,100.0,100.0
2026-03-12 03:41:34,100.0,100.0
2026-03-12 03:41:49,100.0,100.0
2026-03-12 03:42:04,100.0,100.0
2026-03-12 03:42:19,100.0,100.0
2026-03-12 03:42:34,100.0,100.0
2026-03-12 03:42:49,100.0,100.0
2026-03-12 03:43:04,100.0,100.0
2026-03-12 03:43:19,100.0,100.0
2026-03-12 03:43:34,100.0,100.0
2026-03-12 03:43:49,100.0,100.0
2026-03-12 03:44:04,100.0,100.0
2026-03-12 03:44:19,100.0,100.0
2026-03-12 03:44:34,100.0,100.0
2026-03-12 03:44:49,100.0,100.0
2026-03-12 03:45:04,100.0,100.0
2026-03-12 03:45:19,100.0,100.0
2026-03-12 03:45:34,100.0,100.0
2026-03-12 03:45:49,100.0,100.0
2026-03-12 03:46:04,100.0,100.0
2026-03-12 03:46:19,100.0,100.0
2026-03-12 03:46:34,100.0,100.0
2026-03-12 03:46:49,100.0,100.0
2026-03-12 03:47:04,100.0,100.0
2026-03-12 03:47:19,100.0,100.0
2026-03-12 03:47:34,100.0,100.0
2026-03-12 03:47:49,100.0,100.0
2026-03-12 03:48:04,100.0,100.0
2026-03-12 03:48:19,100.0,100.0
2026-03-12 03:48:34,100.0,100.0
2026-03-12 03:48:49,100.0,100.0
2026-03-12 03:49:04,100.0,100.0
2026-03-12 03:49:19,100.0,100.0
2026-03-12 03:49:34,100.0,100.0
2026-03-12 03:49:49,100.0,100.0
2026-03-12 03:50:04,100.0,100.0
2026-03-12 03:50:19,100.0,100.0
2026-03-12 03:50:34,100.0,100.0
2026-03-12 03:50:49,100.0,100.0
2026-03-12 03:51:04,100.0,100.0
2026-03-12 03:51:19,100.0,100.0
2026-03-12 03:51:34,100.0,100.0
2026-03-12 03:51:49,100.0,100.0
2026-03-12 03:52:04,100.0,100.0
2026-03-12 03:52:19,100.0,100.0
2026-03-12 03:52:34,100.0,100.0
2026-03-12 03:52:49,100.0,100.0
2026-03-12 03:53:04,100.0,100.0
2026-03-12 03:53:19,100.0,100.0
2026-03-12 03:53:34,100.0,100.0
2026-03-12 03:53:49,100.0,100.0
2026-03-12 03:54:04,100.0,100.0
2026-03-12 03:54:19,100.0,100.0
2026-03-12 03:54:34,100.0,100.0
2026-03-12 03:54:49,100.0,100.0
2026-03-12 03:55:04,100.0,100.0
2026-03-12 03:55:19,100.0,100.0
2026-03-12 03:55:34,100.0,100.0
2026-03-12 03:55:49,100.0,100.0
2026-03-12 03:56:04,100.0,100.0
2026-03-12 03:56:19,100.0,100.0
2026-03-12 03:56:34,100.0,100.0
2026-03-12 03:56:49,100.0,100.0
2026-03-12 03:57:04,100.0,100.0
2026-03-12 03:57:19,100.0,100.0
2026-03-12 03:57:34,100.0,100.0
2026-03-12 03:57:49,100.0,100.0
2026-03-12 03:58:04,100.0,100.0
2026-03-12 03:58:19,100.0,100.0
2026-03-12 03:58:34,100.0,100.0
2026-03-12 03:58:49,100.0,100.0
2026-03-12 03:59:04,100.0,100.0
2026-03-12 03:59:19,100.0,100.0
2026-03-12 03:59:34,100.0,100.0
2026-03-12 03:59:49,100.0,100.0
2026-03-12 04:00:04,100.0,100.0
2026-03-12 04:00:19,100.0,100.0
2026-03-12 04:00:34,100.0,100.0
2026-03-12 04:00:49,100.0,100.0
2026-03-12 04:01:04,100.0,100.0
2026-03-12 04:01:19,100.0,100.0
2026-03-12 04:01:34,100.0,100.0
2026-03-12 04:01:49,100.0,100.0
2026-03-12 04:02:04,100.0,100.0
2026-03-12 04:02:19,100.0,100.0
2026-03-12 04:02:34,100.0,100.0
2026-03-12 04:02:49,100.0,100.0
2026-03-12 04:03:04,100.0,100.0
2026-03-12 04:03:19,100.0,100.0
2026-03-12 04:03:34,100.0,100.0
2026-03-12 04:03:49,100.0,100.0
2026-03-12 04:04:04,100.0,100.0
2026-03-12 04:04:19,100.0,100.0
2026-03-12 04:04:34,100.0,100.0
2026-03-12 04:04:49,100.0,100.0
2026-03-12 04:05:04,100.0,100.0
2026-03-12 04:05:19,100.0,100.0
2026-03-12 04:05:34,100.0,100.0
2026-03-12 04:05:49,100.0,100.0
2026-03-12 04:06:04,100.0,100.0
2026-03-12 04:06:19,100.0,100.0
2026-03-12 04:06:34,100.0,100.0
2026-03-12 04:06:49,100.0,100.0
2026-03-12 04:07:04,100.0,100.0
2026-03-12 04:07:19,100.0,100.0
2026-03-12 04:07:34,100.0,100.0
2026-03-12 04:07:49,100.0,100.0
2026-03-12 04:08:04,100.0,100.0
2026-03-12 04:08:19,100.0,100.0
2026-03-12 04:08:34,100.0,100.0
2026-03-12 04:08:49,100.0,100.0
2026-03-12 04:09:04,100.0,100.0
2026-03-12 04:09:19,100.0,100.0
2026-03-12 04:09:34,100.0,100.0
2026-03-12 04:09:49,100.0,100.0
2026-03-12 04:10:04,100.0,100.0
2026-03-12 04:10:19,100.0,100.0
2026-03-12 04:10:34,100.0,100.0
2026-03-12 04:10:49,100.0,100.0
2026-03-12 04:11:04,100.0,100.0
2026-03-12 04:11:19,100.0,100.0
2026-03-12 04:11:34,100.0,100.0
2026-03-12 04:11:49,100.0,100.0
2026-03-12 04:12:04,100.0,100.0
2026-03-12 04:12:19,100.0,100.0
2026-03-12 04:12:34,100.0,100.0
2026-03-12 04:12:49,100.0,100.0
2026-03-12 04:13:04,100.0,100.0
2026-03-12 04:13:19,100.0,100.0
2026-03-12 04:13:34,100.0,100.0
2026-03-12 04:13:49,100.0,100.0
2026-03-12 04:14:04,100.0,100.0
2026-03-12 04:14:19,100.0,100.0
2026-03-12 04:14:34,100.0,100.0
2026-03-12 04:14:49,100.0,100.0
2026-03-12 04:15:04,100.0,100.0
2026-03-12 04:15:19,100.0,100.0
2026-03-12 04:15:34,100.0,100.0
2026-03-12 04:15:49,100.0,100.0
2026-03-12 04:16:04,100.0,100.0
2026-03-12 04:16:19,100.0,100.0
2026-03-12 04:16:34,100.0,100.0
2026-03-12 04:16:49,100.0,100.0
2026-03-12 04:17:04,100.0,100.0
2026-03-12 04:17:19,100.0,100.0
2026-03-12 04:17:34,100.0,100.0
2026-03-12 04:17:49,100.0,100.0
2026-03-12 04:18:04,100.0,100.0
2026-03-12 04:18:19,100.0,100.0
2026-03-12 04:18:34,100.0,100.0
2026-03-12 04:18:49,100.0,100.0
2026-03-12 04:19:04,100.0,100.0
2026-03-12 04:19:19,100.0,100.0
2026-03-12 04:19:34,100.0,100.0
2026-03-12 04:19:49,100.0,100.0
2026-03-12 04:20:04,100.0,98.76543209876543
2026-03-12 04:20:19,100.0,98.76543209876543
2026-03-12 04:20:34,100.0,98.76543209876543
2026-03-12 04:20:49,100.0,97.53086419753086
2026-03-12 04:21:04,100.0,97.53086419753086
2026-03-12 04:21:19,100.0,97.53086419753086
2026-03-12 04:21:34,100.0,97.53086419753086
2026-03-12 04:21:49,100.0,97.53086419753086
2026-03-12 04:22:04,100.0,97.53086419753086
2026-03-12 04:22:19,100.0,97.53086419753086
2026-03-12 04:22:34,100.0,97.53086419753086
2026-03-12 04:22:49,100.0,97.53086419753086
2026-03-12 04:23:04,100.0,97.53086419753086
2026-03-12 04:23:19,100.0,97.6470588235294
2026-03-12 04:23:34,100.0,97.6470588235294
2026-03-12 04:23:49,100.0,97.6470588235294
2026-03-12 04:24:04,100.0,97.6470588235294
2026-03-12 04:24:19,100.0,97.6470588235294
2026-03-12 04:24:34,100.0,97.6470588235294
2026-03-12 04:24:49,100.0,97.6470588235294
2026-03-12 04:25:04,100.0,97.6470588235294
2026-03-12 04:25:19,100.0,97.6470588235294
2026-03-12 04:25:34,100.0,97.6470588235294
2026-03-12 04:25:49,100.0,97.6470588235294
2026-03-12 04:26:04,100.0,97.6470588235294
2026-03-12 04:26:19,100.0,97.6470588235294
2026-03-12 04:26:34,100.0,97.6470588235294
2026-03-12 04:26:49,100.0,97.6470588235294
2026-03-12 04:27:04,100.0,97.6470588235294
2026-03-12 04:27:19,100.0,97.6470588235294
2026-03-12 04:27:34,100.0,97.6470588235294
2026-03-12 04:27:49,100.0,97.6470588235294
2026-03-12 04:28:04,100.0,97.6470588235294
2026-03-12 04:28:19,100.0,97.6470588235294
2026-03-12 04:28:34,100.0,97.6470588235294
2026-03-12 04:28:49,100.0,97.75280898876404
2026-03-12 04:29:04,100.0,97.75280898876404
2026-03-12 04:29:19,100.0,97.75280898876404
2026-03-12 04:29:34,100.0,97.75280898876404
2026-03-12 04:29:49,100.0,97.75280898876404
2026-03-12 04:30:04,100.0,97.75280898876404
2026-03-12 04:30:19,100.0,97.75280898876404
2026-03-12 04:30:34,100.0,97.75280898876404
2026-03-12 04:30:49,100.0,97.75280898876404
2026-03-12 04:31:04,100.0,97.75280898876404
2026-03-12 04:31:19,100.0,97.75280898876404
2026-03-12 04:31:34,100.0,97.75280898876404
2026-03-12 04:31:49,100.0,97.75280898876404
2026-03-12 04:32:04,100.0,97.75280898876404
2026-03-12 04:32:19,100.0,97.75280898876404
2026-03-12 04:32:34,100.0,97.75280898876404
2026-03-12 04:32:49,100.0,97.75280898876404
2026-03-12 04:33:04,100.0,97.75280898876404
2026-03-12 04:33:19,100.0,97.75280898876404
2026-03-12 04:33:34,100.0,97.75280898876404
2026-03-12 04:33:49,100.0,97.75280898876404
2026-03-12 04:34:04,100.0,97.84946236559139
2026-03-12 04:34:19,100.0,97.84946236559139
2026-03-12 04:34:34,100.0,97.84946236559139
2026-03-12 04:34:49,100.0,97.84946236559139
2026-03-12 04:35:04,100.0,97.84946236559139
2026-03-12 04:35:19,100.0,97.84946236559139
2026-03-12 04:35:34,100.0,97.84946236559139
2026-03-12 04:35:49,100.0,97.84946236559139
2026-03-12 04:36:04,100.0,97.84946236559139
2026-03-12 04:36:19,100.0,97.84946236559139
2026-03-12 04:36:34,100.0,97.84946236559139
2026-03-12 04:36:49,100.0,97.84946236559139
2026-03-12 04:37:04,100.0,97.84946236559139
2026-03-12 04:37:19,100.0,97.84946236559139
2026-03-12 04:37:34,100.0,97.84946236559139
2026-03-12 04:37:49,100.0,97.84946236559139
2026-03-12 04:38:04,100.0,97.84946236559139
2026-03-12 04:38:19,100.0,97.84946236559139
2026-03-12 04:38:34,100.0,97.84946236559139
2026-03-12 04:38:49,100.0,97.84946236559139
2026-03-12 04:39:04,100.0,97.84946236559139
2026-03-12 04:39:19,100.0,97.84946236559139
2026-03-12 04:39:34,100.0,97.9381443298969
2026-03-12 04:39:49,100.0,97.9381443298969
2026-03-12 04:40:04,100.0,97.9381443298969
2026-03-12 04:40:19,100.0,97.9381443298969
2026-03-12 04:40:34,100.0,97.9381443298969
2026-03-12 04:40:49,100.0,97.9381443298969
2026-03-12 04:41:04,100.0,97.9381443298969
2026-03-12 04:41:19,100.0,97.9381443298969
2026-03-12 04:41:34,100.0,97.9381443298969
2026-03-12 04:41:49,100.0,97.9381443298969
2026-03-12 04:42:04,100.0,97.9381443298969
2026-03-12 04:42:19,100.0,97.9381443298969
2026-03-12 04:42:34,100.0,97.9381443298969
2026-03-12 04:42:49,100.0,97.9381443298969
2026-03-12 04:43:04,100.0,97.9381443298969
2026-03-12 04:43:19,100.0,97.9381443298969
2026-03-12 04:43:34,100.0,97.9381443298969
2026-03-12 04:43:49,100.0,97.9381443298969
2026-03-12 04:44:04,100.0,97.9381443298969
2026-03-12 04:44:19,100.0,98.96907216494846
2026-03-12 04:44:34,100.0,98.96907216494846
2026-03-12 04:44:49,100.0,98.96907216494846
2026-03-12 04:45:04,100.0,98.01980198019803
2026-03-12 04:45:19,100.0,99.00990099009901
2026-03-12 04:45:34,100.0,99.00990099009901
2026-03-12 04:45:49,100.0,99.00990099009901
2026-03-12 04:46:04,100.0,100.0
2026-03-12 04:46:19,100.0,100.0
2026-03-12 04:46:34,100.0,100.0
2026-03-12 04:46:49,100.0,100.0
2026-03-12 04:47:04,100.0,100.0
2026-03-12 04:47:19,100.0,100.0
2026-03-12 04:47:34,100.0,100.0
2026-03-12 04:47:49,100.0,100.0
2026-03-12 04:48:04,100.0,100.0
2026-03-12 04:48:19,100.0,100.0
2026-03-12 04:48:34,100.0,100.0
2026-03-12 04:48:49,100.0,100.0
2026-03-12 04:49:04,100.0,100.0
2026-03-12 04:49:19,100.0,100.0
2026-03-12 04:49:34,100.0,100.0
2026-03-12 04:49:49,100.0,100.0
2026-03-12 04:50:04,100.0,100.0
2026-03-12 04:50:19,100.0,100.0
2026-03-12 04:50:34,100.0,100.0
2026-03-12 04:50:49,100.0,100.0
2026-03-12 04:51:04,100.0,100.0
2026-03-12 04:51:19,100.0,100.0
2026-03-12 04:51:34,100.0,100.0
2026-03-12 04:51:49,100.0,99.04761904761905
2026-03-12 04:52:04,100.0,98.09523809523809
2026-03-12 04:52:19,100.0,97.14285714285714
2026-03-12 04:52:34,87.5,96.19047619047619
2026-03-12 04:52:49,87.5,95.23809523809523
2026-03-12 04:53:04,87.5,94.28571428571428
2026-03-12 04:53:19,87.5,93.33333333333333
2026-03-12 04:53:34,87.5,92.38095238095238
2026-03-12 04:53:49,87.5,91.42857142857143
2026-03-12 04:54:04,87.5,90.47619047619048
2026-03-12 04:54:19,87.5,89.52380952380953
2026-03-12 04:54:34,87.5,88.57142857142857
2026-03-12 04:54:49,87.5,87.61904761904762
2026-03-12 04:55:04,87.5,86.66666666666667
2026-03-12 04:55:19,75.0,85.71428571428571
2026-03-12 04:55:34,75.0,84.76190476190476
2026-03-12 04:55:49,75.0,84.40366972477065
2026-03-12 04:56:04,75.0,83.4862385321101
2026-03-12 04:56:19,75.0,83.4862385321101
2026-03-12 04:56:34,75.0,83.4862385321101
2026-03-12 04:56:49,75.0,83.4862385321101
2026-03-12 04:57:04,75.0,83.4862385321101
2026-03-12 04:57:19,75.0,83.4862385321101
2026-03-12 04:57:34,75.0,83.4862385321101
2026-03-12 04:57:49,75.0,83.4862385321101
2026-03-12 04:58:04,75.0,83.4862385321101
2026-03-12 04:58:19,75.0,83.4862385321101
2026-03-12 04:58:34,62.5,83.4862385321101
2026-03-12 04:58:49,62.5,83.4862385321101
2026-03-12 04:59:04,62.5,83.4862385321101
2026-03-12 04:59:19,62.5,83.4862385321101
2026-03-12 04:59:34,62.5,83.4862385321101
2026-03-12 04:59:49,62.5,83.4862385321101
2026-03-12 05:00:04,62.5,83.4862385321101
2026-03-12 05:00:19,62.5,83.4862385321101
2026-03-12 05:00:34,62.5,83.4862385321101
2026-03-12 05:00:49,62.5,83.4862385321101
2026-03-12 05:01:04,62.5,83.4862385321101
2026-03-12 05:01:19,62.5,83.4862385321101
2026-03-12 05:01:34,62.5,83.4862385321101
2026-03-12 05:01:49,62.5,83.4862385321101
2026-03-12 05:02:04,62.5,82.56880733944955
2026-03-12 05:02:19,62.5,81.65137614678899
2026-03-12 05:02:34,62.5,80.73394495412845
2026-03-12 05:02:49,50.0,79.81651376146789
2026-03-12 05:03:04,50.0,78.89908256880734
2026-03-12 05:03:19,50.0,77.98165137614679
2026-03-12 05:03:34,50.0,77.06422018348624
2026-03-12 05:03:49,50.0,76.14678899082568
2026-03-12 05:04:04,50.0,76.14678899082568
2026-03-12 05:04:19,50.0,76.14678899082568
2026-03-12 05:04:34,50.0,75.22935779816514
2026-03-12 05:04:49,50.0,74.31192660550458
2026-03-12 05:05:04,50.0,73.39449541284404
2026-03-12 05:05:19,50.0,72.47706422018348
2026-03-12 05:05:34,50.0,71.55963302752293
2026-03-12 05:05:49,50.0,70.64220183486239
2026-03-12 05:06:04,37.5,69.72477064220183
2026-03-12 05:06:19,37.5,68.80733944954129
2026-03-12 05:06:34,37.5,67.88990825688074
2026-03-12 05:06:49,37.5,66.97247706422019
2026-03-12 05:07:04,37.5,66.05504587155964
2026-03-12 05:07:19,37.5,65.13761467889908
2026-03-12 05:07:34,37.5,64.22018348623854
2026-03-12 05:07:49,37.5,63.30275229357798
2026-03-12 05:08:04,37.5,62.38532110091744
2026-03-12 05:08:19,37.5,61.46788990825688
2026-03-12 05:08:34,37.5,60.550458715596335
2026-03-12 05:08:49,37.5,59.63302752293578
2026-03-12 05:09:04,37.5,58.71559633027523
2026-03-12 05:09:19,37.5,57.798165137614674
2026-03-12 05:09:34,37.5,56.88073394495413
2026-03-12 05:09:49,37.5,55.96330275229357
2026-03-12 05:10:04,37.5,55.04587155963303
2026-03-12 05:10:19,37.5,55.04587155963303
2026-03-12 05:10:34,37.5,55.04587155963303
2026-03-12 05:10:49,37.5,55.04587155963303
2026-03-12 05:11:04,37.5,55.04587155963303
2026-03-12 05:11:19,37.5,55.04587155963303
2026-03-12 05:11:34,37.5,55.04587155963303
2026-03-12 05:11:49,37.5,55.04587155963303
2026-03-12 05:12:04,37.5,55.04587155963303
2026-03-12 05:12:19,37.5,55.04587155963303
2026-03-12 05:12:34,37.5,55.04587155963303
2026-03-12 05:12:49,37.5,55.04587155963303
2026-03-12 05:13:04,37.5,55.04587155963303
2026-03-12 05:13:19,37.5,55.04587155963303
2026-03-12 05:13:34,37.5,55.04587155963303
2026-03-12 05:13:49,37.5,55.04587155963303
2026-03-12 05:14:04,37.5,55.04587155963303
2026-03-12 05:14:19,50.0,55.04587155963303
2026-03-12 05:14:34,50.0,55.04587155963303
2026-03-12 05:14:49,50.0,55.04587155963303
2026-03-12 05:15:04,50.0,55.04587155963303
2026-03-12 05:15:19,50.0,55.04587155963303
2026-03-12 05:15:34,50.0,55.04587155963303
2026-03-12 05:15:49,50.0,55.04587155963303
2026-03-12 05:16:04,50.0,55.04587155963303
2026-03-12 05:16:19,50.0,55.04587155963303
2026-03-12 05:16:34,50.0,55.04587155963303
2026-03-12 05:16:49,50.0,55.04587155963303
2026-03-12 05:17:04,62.5,55.04587155963303
2026-03-12 05:17:19,62.5,55.04587155963303
2026-03-12 05:17:34,62.5,55.04587155963303
2026-03-12 05:17:49,62.5,55.04587155963303
2026-03-12 05:18:04,62.5,55.04587155963303
2026-03-12 05:18:19,62.5,55.04587155963303
2026-03-12 05:18:34,62.5,55.04587155963303
2026-03-12 05:18:49,62.5,55.04587155963303
2026-03-12 05:19:04,62.5,55.96330275229357
2026-03-12 05:19:19,62.5,56.88073394495413
2026-03-12 05:19:34,62.5,57.798165137614674
2026-03-12 05:19:49,62.5,58.71559633027523
2026-03-12 05:20:04,62.5,59.63302752293578
2026-03-12 05:20:19,75.0,60.550458715596335
2026-03-12 05:20:34,75.0,61.46788990825688
2026-03-12 05:20:49,75.0,62.38532110091744
2026-03-12 05:21:04,75.0,63.30275229357798
2026-03-12 05:21:19,75.0,64.22018348623854
2026-03-12 05:21:34,75.0,65.13761467889908
2026-03-12 05:21:49,75.0,66.05504587155964
2026-03-12 05:22:04,75.0,66.97247706422019
2026-03-12 05:22:19,75.0,67.88990825688074
2026-03-12 05:22:34,75.0,68.80733944954129
2026-03-12 05:22:49,75.0,69.72477064220183
2026-03-12 05:23:04,75.0,70.64220183486239
2026-03-12 05:23:19,75.0,71.55963302752293
2026-03-12 05:23:34,75.0,71.55963302752293
2026-03-12 05:23:49,75.0,71.55963302752293
2026-03-12 05:24:04,75.0,71.55963302752293
2026-03-12 05:24:19,75.0,71.55963302752293
2026-03-12 05:24:34,75.0,71.55963302752293
2026-03-12 05:24:49,75.0,71.55963302752293
2026-03-12 05:25:04,75.0,71.55963302752293
2026-03-12 05:25:19,75.0,71.55963302752293
2026-03-12 05:25:34,75.0,71.55963302752293
2026-03-12 05:25:49,75.0,71.55963302752293
2026-03-12 05:26:04,75.0,70.64220183486239
2026-03-12 05:26:19,75.0,69.72477064220183
2026-03-12 05:26:34,75.0,68.80733944954129
2026-03-12 05:26:49,75.0,67.88990825688074
2026-03-12 05:27:04,75.0,66.97247706422019
2026-03-12 05:27:19,75.0,66.05504587155964
2026-03-12 05:27:34,75.0,65.13761467889908
2026-03-12 05:27:49,75.0,64.22018348623854
2026-03-12 05:28:04,75.0,63.30275229357798
2026-03-12 05:28:19,75.0,62.38532110091744
2026-03-12 05:28:34,75.0,61.46788990825688
2026-03-12 05:28:49,62.5,60.550458715596335
2026-03-12 05:29:04,62.5,59.63302752293578
2026-03-12 05:29:19,62.5,59.63302752293578
2026-03-12 05:29:34,62.5,59.63302752293578
2026-03-12 05:29:49,62.5,59.63302752293578
2026-03-12 05:30:04,62.5,59.63302752293578
2026-03-12 05:30:19,62.5,59.63302752293578
2026-03-12 05:30:34,62.5,59.63302752293578
2026-03-12 05:30:49,62.5,59.63302752293578
2026-03-12 05:31:04,62.5,59.63302752293578
2026-03-12 05:31:19,50.0,58.71559633027523
2026-03-12 05:31:34,50.0,57.798165137614674
2026-03-12 05:31:49,50.0,57.798165137614674
2026-03-12 05:32:04,50.0,57.798165137614674
2026-03-12 05:32:19,50.0,57.798165137614674
2026-03-12 05:32:34,50.0,57.798165137614674
2026-03-12 05:32:49,50.0,57.798165137614674
2026-03-12 05:33:04,50.0,57.798165137614674
2026-03-12 05:33:19,50.0,57.798165137614674
2026-03-12 05:33:34,50.0,57.798165137614674
2026-03-12 05:33:49,50.0,57.798165137614674
2026-03-12 05:34:04,50.0,57.798165137614674
2026-03-12 05:34:19,50.0,57.798165137614674
2026-03-12 05:34:34,50.0,57.798165137614674
2026-03-12 05:34:49,50.0,57.798165137614674
2026-03-12 05:35:04,50.0,57.798165137614674
2026-03-12 05:35:19,50.0,58.71559633027523
2026-03-12 05:35:34,50.0,59.63302752293578
2026-03-12 05:35:49,37.5,60.550458715596335
2026-03-12 05:36:04,37.5,61.46788990825688
2026-03-12 05:36:19,37.5,62.38532110091744
2026-03-12 05:36:34,37.5,63.30275229357798
2026-03-12 05:36:49,37.5,64.22018348623854
2026-03-12 05:37:04,50.0,65.13761467889908
2026-03-12 05:37:19,50.0,66.05504587155964
2026-03-12 05:37:34,50.0,66.05504587155964
2026-03-12 05:37:49,50.0,66.05504587155964
2026-03-12 05:38:04,50.0,66.05504587155964
2026-03-12 05:38:19,50.0,66.05504587155964
2026-03-12 05:38:34,50.0,66.05504587155964
2026-03-12 05:38:49,50.0,66.05504587155964
2026-03-12 05:39:04,50.0,66.05504587155964
2026-03-12 05:39:19,50.0,66.05504587155964
2026-03-12 05:39:34,50.0,66.05504587155964
2026-03-12 05:39:49,50.0,66.05504587155964
2026-03-12 05:40:04,50.0,66.05504587155964
2026-03-12 05:40:19,62.5,66.05504587155964
2026-03-12 05:40:34,62.5,66.05504587155964
2026-03-12 05:40:49,62.5,66.05504587155964
2026-03-12 05:41:04,62.5,66.05504587155964
2026-03-12 05:41:19,62.5,64.76190476190476
2026-03-12 05:41:34,62.5,64.76190476190476
2026-03-12 05:41:49,62.5,64.76190476190476
2026-03-12 05:42:04,62.5,64.76190476190476
2026-03-12 05:42:19,62.5,64.76190476190476
2026-03-12 05:42:34,62.5,64.76190476190476
2026-03-12 05:42:49,62.5,64.76190476190476
2026-03-12 05:43:04,62.5,64.76190476190476
2026-03-12 05:43:19,62.5,64.76190476190476
2026-03-12 05:43:34,62.5,64.76190476190476
2026-03-12 05:43:49,75.0,64.76190476190476
2026-03-12 05:44:04,75.0,64.76190476190476
2026-03-12 05:44:19,75.0,64.76190476190476
2026-03-12 05:44:34,75.0,64.76190476190476
2026-03-12 05:44:49,75.0,64.76190476190476
2026-03-12 05:45:04,75.0,64.76190476190476
2026-03-12 05:45:19,75.0,64.76190476190476
2026-03-12 05:45:34,75.0,64.76190476190476
2026-03-12 05:45:49,75.0,64.76190476190476
2026-03-12 05:46:04,75.0,64.76190476190476
2026-03-12 05:46:19,75.0,64.76190476190476
2026-03-12 05:46:34,75.0,64.76190476190476
2026-03-12 05:46:49,75.0,64.76190476190476
2026-03-12 05:47:04,75.0,64.76190476190476
2026-03-12 05:47:19,75.0,64.76190476190476
2026-03-12 05:47:34,75.0,64.76190476190476
2026-03-12 05:47:49,75.0,64.76190476190476
2026-03-12 05:48:04,75.0,64.76190476190476
2026-03-12 05:48:19,75.0,64.76190476190476
2026-03-12 05:48:34,75.0,64.76190476190476
2026-03-12 05:48:49,75.0,64.76190476190476
2026-03-12 05:49:04,75.0,64.76190476190476
2026-03-12 05:49:19,75.0,64.76190476190476
2026-03-12 05:49:34,75.0,64.76190476190476
2026-03-12 05:49:49,75.0,64.76190476190476
2026-03-12 05:50:04,75.0,64.76190476190476
2026-03-12 05:50:19,75.0,64.76190476190476
2026-03-12 05:50:34,75.0,63.8095238095238
2026-03-12 05:50:49,75.0,62.857142857142854
2026-03-12 05:51:04,75.0,62.857142857142854
2026-03-12 05:51:19,75.0,62.857142857142854
2026-03-12 05:51:34,75.0,62.857142857142854
2026-03-12 05:51:49,75.0,62.857142857142854
2026-03-12 05:52:04,75.0,62.857142857142854
2026-03-12 05:52:19,75.0,63.8095238095238
2026-03-12 05:52:34,75.0,64.76190476190476
2026-03-12 05:52:49,75.0,65.71428571428571
2026-03-12 05:53:04,75.0,66.66666666666666
2026-03-12 05:53:19,75.0,67.61904761904762
2026-03-12 05:53:34,87.5,68.57142857142857
2026-03-12 05:53:49,87.5,69.52380952380952
2026-03-12 05:54:04,87.5,70.47619047619048
2026-03-12 05:54:19,87.5,71.42857142857143
2026-03-12 05:54:34,87.5,72.38095238095238
2026-03-12 05:54:49,87.5,73.33333333333333
2026-03-12 05:55:04,87.5,74.28571428571429
2026-03-12 05:55:19,87.5,75.23809523809524
2026-03-12 05:55:34,87.5,76.19047619047619
2026-03-12 05:55:49,87.5,77.14285714285715
2026-03-12 05:56:04,87.5,78.0952380952381
2026-03-12 05:56:19,87.5,79.04761904761905
2026-03-12 05:56:34,87.5,80.0
2026-03-12 05:56:49,87.5,80.95238095238095
2026-03-12 05:57:04,87.5,81.9047619047619
2026-03-12 05:57:19,87.5,82.85714285714286
2026-03-12 05:57:34,87.5,83.80952380952381
2026-03-12 05:57:49,87.5,84.76190476190476
2026-03-12 05:58:04,87.5,85.71428571428571
2026-03-12 05:58:19,87.5,86.66666666666667
2026-03-12 05:58:34,87.5,87.61904761904762
2026-03-12 05:58:49,87.5,88.57142857142857
2026-03-12 05:59:04,87.5,89.52380952380953
2026-03-12 05:59:19,87.5,90.47619047619048
2026-03-12 05:59:34,87.5,91.42857142857143
2026-03-12 05:59:49,87.5,92.38095238095238
2026-03-12 06:00:04,87.5,93.33333333333333
2026-03-12 06:00:19,87.5,94.28571428571428
2026-03-12 06:00:34,87.5,95.23809523809523
2026-03-12 06:00:49,87.5,92.66055045871559
2026-03-12 06:01:04,87.5,93.57798165137615
2026-03-12 06:01:19,87.5,94.4954128440367
2026-03-12 06:01:34,87.5,95.41284403669725
2026-03-12 06:01:49,87.5,96.3302752293578
2026-03-12 06:02:04,87.5,97.24770642201835
2026-03-12 06:02:19,87.5,94.69026548672566
2026-03-12 06:02:34,87.5,95.57522123893806
2026-03-12 06:02:49,87.5,96.46017699115043
2026-03-12 06:03:04,87.5,97.34513274336283
2026-03-12 06:03:19,87.5,98.23008849557522
2026-03-12 06:03:34,87.5,98.23008849557522
2026-03-12 06:03:49,87.5,96.58119658119658
2026-03-12 06:04:04,87.5,97.43589743589743
2026-03-12 06:04:19,87.5,98.29059829059828
2026-03-12 06:04:34,87.5,98.29059829059828
2026-03-12 06:04:49,87.5,98.29059829059828
2026-03-12 06:05:04,87.5,98.29059829059828
2026-03-12 06:05:19,87.5,98.29059829059828
2026-03-12 06:05:34,87.5,98.34710743801654
2026-03-12 06:05:49,87.5,98.34710743801654
2026-03-12 06:06:04,87.5,98.34710743801654
2026-03-12 06:06:19,87.5,98.34710743801654
2026-03-12 06:06:34,87.5,98.34710743801654
2026-03-12 06:06:49,87.5,98.34710743801654
2026-03-12 06:07:04,87.5,98.4
2026-03-12 06:07:19,87.5,98.4
2026-03-12 06:07:34,87.5,97.6
2026-03-12 06:07:49,87.5,96.8
2026-03-12 06:08:04,87.5,96.0
2026-03-12 06:08:19,87.5,95.19999999999999
2026-03-12 06:08:34,87.5,94.39999999999999
2026-03-12 06:08:49,87.5,93.7984496124031
2026-03-12 06:09:04,87.5,93.02325581395348
2026-03-12 06:09:19,87.5,92.24806201550388
2026-03-12 06:09:34,87.5,91.47286821705426
2026-03-12 06:09:49,87.5,90.69767441860465
2026-03-12 06:10:04,87.5,89.92248062015504
2026-03-12 06:10:19,75.0,89.47368421052632
2026-03-12 06:10:34,75.0,88.7218045112782
2026-03-12 06:10:49,75.0,87.96992481203007
2026-03-12 06:11:04,75.0,87.21804511278195
2026-03-12 06:11:19,75.0,86.46616541353383
2026-03-12 06:11:34,75.0,85.71428571428571
2026-03-12 06:11:49,75.0,85.40145985401459
2026-03-12 06:12:04,75.0,84.67153284671532
2026-03-12 06:12:19,75.0,83.94160583941606
2026-03-12 06:12:34,75.0,83.21167883211679
2026-03-12 06:12:49,75.0,82.48175182481752
2026-03-12 06:13:04,75.0,81.75182481751825
2026-03-12 06:13:19,75.0,81.02189781021897
2026-03-12 06:13:34,62.5,80.85106382978722
2026-03-12 06:13:49,62.5,80.1418439716312
2026-03-12 06:14:04,62.5,80.1418439716312
2026-03-12 06:14:19,62.5,80.1418439716312
2026-03-12 06:14:34,62.5,80.1418439716312
2026-03-12 06:14:49,62.5,80.1418439716312
2026-03-12 06:15:04,62.5,80.6896551724138
2026-03-12 06:15:19,62.5,80.6896551724138
2026-03-12 06:15:34,62.5,80.6896551724138
2026-03-12 06:15:49,62.5,80.6896551724138
2026-03-12 06:16:04,62.5,80.6896551724138
2026-03-12 06:16:19,62.5,80.6896551724138
2026-03-12 06:16:34,62.5,81.20805369127517
2026-03-12 06:16:49,62.5,81.20805369127517
2026-03-12 06:17:04,62.5,81.20805369127517
2026-03-12 06:17:19,62.5,81.20805369127517
2026-03-12 06:17:34,62.5,81.20805369127517
2026-03-12 06:17:49,62.5,81.20805369127517
2026-03-12 06:18:04,62.5,81.20805369127517
2026-03-12 06:18:19,62.5,81.69934640522875
2026-03-12 06:18:34,62.5,81.69934640522875
2026-03-12 06:18:49,62.5,81.69934640522875
2026-03-12 06:19:04,62.5,81.69934640522875
2026-03-12 06:19:19,62.5,81.69934640522875
2026-03-12 06:19:34,62.5,81.69934640522875
2026-03-12 06:19:49,62.5,82.16560509554141
2026-03-12 06:20:04,62.5,82.16560509554141
2026-03-12 06:20:19,50.0,82.16560509554141
2026-03-12 06:20:34,50.0,81.52866242038218
2026-03-12 06:20:49,50.0,80.89171974522293
2026-03-12 06:21:04,50.0,80.2547770700637
2026-03-12 06:21:19,50.0,79.61783439490446
2026-03-12 06:21:34,50.0,79.5031055900621
2026-03-12 06:21:49,50.0,78.88198757763976
2026-03-12 06:22:04,50.0,78.26086956521739
2026-03-12 06:22:19,50.0,77.63975155279503
2026-03-12 06:22:34,50.0,77.01863354037268
2026-03-12 06:22:49,50.0,76.3975155279503
2026-03-12 06:23:04,50.0,76.36363636363637
2026-03-12 06:23:19,50.0,75.75757575757575
2026-03-12 06:23:34,50.0,75.15151515151514
2026-03-12 06:23:49,50.0,74.54545454545455
2026-03-12 06:24:04,50.0,73.93939393939394
2026-03-12 06:24:19,50.0,73.33333333333333
2026-03-12 06:24:34,50.0,73.37278106508876
2026-03-12 06:24:49,50.0,72.7810650887574
2026-03-12 06:25:04,37.5,72.18934911242604
2026-03-12 06:25:19,37.5,71.59763313609467
2026-03-12 06:25:34,37.5,71.00591715976331
2026-03-12 06:25:49,37.5,70.41420118343196
2026-03-12 06:26:04,37.5,69.8224852071006
2026-03-12 06:26:19,37.5,69.94219653179191
2026-03-12 06:26:34,37.5,69.36416184971098
2026-03-12 06:26:49,37.5,68.78612716763006
2026-03-12 06:27:04,37.5,68.20809248554913
2026-03-12 06:27:19,37.5,67.63005780346822
2026-03-12 06:27:34,37.5,67.05202312138728
2026-03-12 06:27:49,37.5,67.2316384180791
2026-03-12 06:28:04,37.5,66.66666666666666
2026-03-12 06:28:19,37.5,66.10169491525424
2026-03-12 06:28:34,37.5,65.5367231638418
2026-03-12 06:28:49,37.5,64.97175141242938
2026-03-12 06:29:04,37.5,64.40677966101694
2026-03-12 06:29:19,37.5,63.84180790960452
2026-03-12 06:29:34,37.5,64.08839779005525
2026-03-12 06:29:49,37.5,63.53591160220995
2026-03-12 06:30:04,37.5,62.98342541436463
2026-03-12 06:30:19,37.5,62.430939226519335
2026-03-12 06:30:34,37.5,61.87845303867403
2026-03-12 06:30:49,37.5,61.32596685082873
2026-03-12 06:31:04,37.5,61.62162162162163
2026-03-12 06:31:19,37.5,61.08108108108108
2026-03-12 06:31:34,37.5,60.54054054054055
2026-03-12 06:31:49,37.5,60.0
2026-03-12 06:32:04,37.5,59.45945945945946
2026-03-12 06:32:19,37.5,58.91891891891892
2026-03-12 06:32:34,37.5,59.25925925925925
2026-03-12 06:32:49,37.5,58.730158730158735
2026-03-12 06:33:04,25.0,58.201058201058196
2026-03-12 06:33:19,25.0,57.67195767195767
2026-03-12 06:33:34,25.0,57.14285714285714
2026-03-12 06:33:49,25.0,56.613756613756614
2026-03-12 06:34:04,25.0,56.08465608465608
2026-03-12 06:34:19,25.0,56.476683937823836
2026-03-12 06:34:34,25.0,55.95854922279793
2026-03-12 06:34:49,25.0,55.44041450777202
2026-03-12 06:35:04,25.0,54.92227979274611
2026-03-12 06:35:19,25.0,54.40414507772021
2026-03-12 06:35:34,25.0,53.8860103626943
2026-03-12 06:35:49,25.0,54.314720812182735
2026-03-12 06:36:04,25.0,53.80710659898477
2026-03-12 06:36:19,25.0,53.299492385786806
2026-03-12 06:36:34,25.0,52.79187817258884
2026-03-12 06:36:49,25.0,52.28426395939086
2026-03-12 06:37:04,25.0,51.776649746192895
2026-03-12 06:37:19,25.0,51.26903553299492
2026-03-12 06:37:34,25.0,51.741293532338304
2026-03-12 06:37:49,25.0,51.243781094527364
2026-03-12 06:38:04,25.0,50.74626865671642
2026-03-12 06:38:19,25.0,50.24875621890548
2026-03-12 06:38:34,25.0,49.75124378109453
2026-03-12 06:38:49,25.0,49.25373134328358
2026-03-12 06:39:04,25.0,49.75609756097561
2026-03-12 06:39:19,25.0,49.26829268292683
2026-03-12 06:39:34,25.0,48.78048780487805
2026-03-12 06:39:49,25.0,48.292682926829265
2026-03-12 06:40:04,25.0,47.80487804878049
2026-03-12 06:40:19,25.0,47.3170731707317
2026-03-12 06:40:34,25.0,47.84688995215311
2026-03-12 06:40:49,25.0,47.368421052631575
2026-03-12 06:41:04,25.0,46.889952153110045
2026-03-12 06:41:19,25.0,46.411483253588514
2026-03-12 06:41:34,25.0,45.933014354066984
2026-03-12 06:41:49,25.0,45.45454545454545
2026-03-12 06:42:04,25.0,44.97607655502392
2026-03-12 06:42:19,25.0,45.539906103286384
2026-03-12 06:42:34,25.0,45.07042253521127
2026-03-12 06:42:49,25.0,44.60093896713615
2026-03-12 06:43:04,25.0,44.13145539906103
2026-03-12 06:43:19,25.0,43.66197183098591
2026-03-12 06:43:34,25.0,43.1924882629108
2026-03-12 06:43:49,25.0,43.77880184331797
2026-03-12 06:44:04,25.0,43.31797235023041
2026-03-12 06:44:19,25.0,42.857142857142854
2026-03-12 06:44:34,25.0,42.3963133640553
2026-03-12 06:44:49,25.0,42.3963133640553
2026-03-12 06:45:04,25.0,42.3963133640553
2026-03-12 06:45:19,25.0,41.935483870967744
2026-03-12 06:45:34,25.0,41.6289592760181
2026-03-12 06:45:49,25.0,41.6289592760181
2026-03-12 06:46:04,25.0,41.6289592760181
2026-03-12 06:46:19,25.0,41.17647058823529
2026-03-12 06:46:34,25.0,40.723981900452486
2026-03-12 06:46:49,25.0,40.27149321266968
2026-03-12 06:47:04,25.0,40.88888888888889
2026-03-12 06:47:19,25.0,40.44444444444444
2026-03-12 06:47:34,25.0,40.0
2026-03-12 06:47:49,12.5,39.55555555555556
2026-03-12 06:48:04,25.0,39.111111111111114
2026-03-12 06:48:19,25.0,38.666666666666664
2026-03-12 06:48:34,12.5,39.30131004366812
2026-03-12 06:48:49,12.5,38.864628820960704
2026-03-12 06:49:04,12.5,38.427947598253276
2026-03-12 06:49:19,12.5,37.99126637554585
2026-03-12 06:49:34,12.5,37.55458515283843
2026-03-12 06:49:49,12.5,37.117903930131
2026-03-12 06:50:04,12.5,36.681222707423586
2026-03-12 06:50:19,12.5,37.33905579399141
2026-03-12 06:50:34,12.5,36.9098712446352
2026-03-12 06:50:49,12.5,36.48068669527897
2026-03-12 06:51:04,12.5,36.05150214592275
2026-03-12 06:51:19,12.5,35.622317596566525
2026-03-12 06:51:34,12.5,35.1931330472103
2026-03-12 06:51:49,12.5,35.86497890295359
2026-03-12 06:52:04,12.5,35.44303797468354
2026-03-12 06:52:19,12.5,35.0210970464135
2026-03-12 06:52:34,12.5,34.59915611814346
2026-03-12 06:52:49,12.5,34.177215189873415
2026-03-12 06:53:04,12.5,33.755274261603375
2026-03-12 06:53:19,12.5,33.33333333333333
2026-03-12 06:53:34,12.5,34.024896265560166
2026-03-12 06:53:49,12.5,33.60995850622407
2026-03-12 06:54:04,12.5,33.19502074688796
2026-03-12 06:54:19,12.5,32.780082987551864
2026-03-12 06:54:34,12.5,32.365145228215766
2026-03-12 06:54:49,12.5,31.950207468879665
2026-03-12 06:55:04,12.5,32.6530612244898
2026-03-12 06:55:19,12.5,32.244897959183675
2026-03-12 06:55:34,12.5,31.83673469387755
2026-03-12 06:55:49,12.5,31.428571428571427
2026-03-12 06:56:04,12.5,31.020408163265305
2026-03-12 06:56:19,12.5,30.612244897959183
2026-03-12 06:56:34,12.5,31.32530120481928
2026-03-12 06:56:49,12.5,30.923694779116467
2026-03-12 06:57:04,12.5,30.522088353413658
2026-03-12 06:57:19,12.5,30.120481927710845
2026-03-12 06:57:34,12.5,29.71887550200803
2026-03-12 06:57:49,12.5,29.31726907630522
2026-03-12 06:58:04,12.5,28.915662650602407
2026-03-12 06:58:19,12.5,29.64426877470356
2026-03-12 06:58:34,12.5,29.249011857707508
2026-03-12 06:58:49,12.5,28.85375494071146
2026-03-12 06:59:04,12.5,28.458498023715418
2026-03-12 06:59:19,12.5,28.063241106719367
2026-03-12 06:59:34,12.5,27.66798418972332
2026-03-12 06:59:49,12.5,28.404669260700388
2026-03-12 07:00:04,12.5,28.01556420233463
2026-03-12 07:00:19,12.5,26.48221343873518
2026-03-12 07:00:34,12.5,26.08695652173913
2026-03-12 07:00:49,12.5,25.691699604743086
2026-03-12 07:01:04,12.5,25.296442687747035
2026-03-12 07:01:19,12.5,23.694779116465863
2026-03-12 07:01:34,12.5,23.293172690763054
2026-03-12 07:01:49,12.5,22.89156626506024
2026-03-12 07:02:04,12.5,22.48995983935743
2026-03-12 07:02:19,12.5,20.816326530612244
2026-03-12 07:02:34,12.5,20.408163265306122
2026-03-12 07:02:49,12.5,20.0
2026-03-12 07:03:04,12.5,19.591836734693878
2026-03-12 07:03:19,12.5,17.842323651452283
2026-03-12 07:03:34,12.5,17.42738589211618
2026-03-12 07:03:49,12.5,17.012448132780083
2026-03-12 07:04:04,12.5,16.59751037344398
2026-03-12 07:04:19,12.5,14.767932489451477
2026-03-12 07:04:34,12.5,14.345991561181433
2026-03-12 07:04:49,12.5,13.924050632911392
2026-03-12 07:05:04,12.5,13.502109704641349
2026-03-12 07:05:19,12.5,11.587982832618025
2026-03-12 07:05:34,12.5,11.158798283261802
2026-03-12 07:05:49,12.5,11.158798283261802
2026-03-12 07:06:04,12.5,11.158798283261802
2026-03-12 07:06:19,12.5,11.353711790393014
2026-03-12 07:06:34,12.5,11.353711790393014
2026-03-12 07:06:49,12.5,11.353711790393014
2026-03-12 07:07:04,12.5,11.353711790393014
2026-03-12 07:07:19,12.5,11.555555555555555
2026-03-12 07:07:34,12.5,11.555555555555555
2026-03-12 07:07:49,12.5,11.555555555555555
2026-03-12 07:08:04,12.5,11.555555555555555
2026-03-12 07:08:19,12.5,11.76470588235294
2026-03-12 07:08:34,12.5,11.76470588235294
2026-03-12 07:08:49,12.5,11.76470588235294
2026-03-12 07:09:04,12.5,11.76470588235294
2026-03-12 07:09:19,12.5,9.67741935483871
2026-03-12 07:09:34,12.5,9.216589861751153
2026-03-12 07:09:49,12.5,8.755760368663594
2026-03-12 07:10:04,12.5,8.294930875576037
2026-03-12 07:10:19,12.5,6.103286384976526
2026-03-12 07:10:34,12.5,5.633802816901409
2026-03-12 07:10:49,12.5,5.164319248826291
2026-03-12 07:11:04,12.5,4.694835680751173
2026-03-12 07:11:19,12.5,4.225352112676056
2026-03-12 07:11:34,12.5,1.9138755980861244
2026-03-12 07:11:49,12.5,1.4354066985645932
2026-03-12 07:12:04,12.5,0.9569377990430622
2026-03-12 07:12:19,12.5,0.4784688995215311
2026-03-12 07:12:34,12.5,0.0
2026-03-12 07:12:49,12.5,0.0
2026-03-12 07:13:04,12.5,0.0
2026-03-12 07:13:19,12.5,0.0
2026-03-12 07:13:34,12.5,0.0
2026-03-12 07:13:49,12.5,0.0
2026-03-12 07:14:04,12.5,0.0
2026-03-12 07:14:19,12.5,0.0
2026-03-12 07:14:34,12.5,0.0
2026-03-12 07:14:49,12.5,0.0
2026-03-12 07:15:04,12.5,0.0
2026-03-12 07:15:19,12.5,0.0
2026-03-12 07:15:34,12.5,0.0
2026-03-12 07:15:49,12.5,0.0
2026-03-12 07:16:04,12.5,0.0
2026-03-12 07:16:19,12.5,0.0
2026-03-12 07:16:34,12.5,0.0
2026-03-12 07:16:49,12.5,0.0
2026-03-12 07:17:04,12.5,0.0
2026-03-12 07:17:19,12.5,0.0
2026-03-12 07:17:34,12.5,0.0
2026-03-12 07:17:49,12.5,0.0
2026-03-12 07:18:04,12.5,0.0
2026-03-12 07:18:19,12.5,0.0
2026-03-12 07:18:34,12.5,0.0
2026-03-12 07:18:49,12.5,0.0
2026-03-12 07:19:04,12.5,0.0
2026-03-12 07:19:19,12.5,0.0
2026-03-12 07:19:34,12.5,0.0
2026-03-12 07:19:49,12.5,0.0
2026-03-12 07:20:04,12.5,0.0
2026-03-12 07:20:19,12.5,0.0
2026-03-12 07:20:34,12.5,0.0
2026-03-12 07:20:49,12.5,0.0
2026-03-12 07:21:04,12.5,0.0
2026-03-12 07:21:19,12.5,0.0
2026-03-12 07:21:34,12.5,0.0
2026-03-12 07:21:49,12.5,0.0
2026-03-12 07:22:04,12.5,0.0
2026-03-12 07:22:19,12.5,0.0
2026-03-12 07:22:34,12.5,0.0
2026-03-12 07:22:49,12.5,0.0
2026-03-12 07:23:04,12.5,0.0
2026-03-12 07:23:19,12.5,0.0
2026-03-12 07:23:34,12.5,0.0
2026-03-12 07:23:49,12.5,0.0
2026-03-12 07:24:04,12.5,0.0
2026-03-12 07:24:19,12.5,0.0
2026-03-12 07:24:34,12.5,0.0
2026-03-12 07:24:49,12.5,0.0
2026-03-12 07:25:04,12.5,0.0
2026-03-12 07:25:19,12.5,0.0
2026-03-12 07:25:34,12.5,0.0
2026-03-12 07:25:49,12.5,0.0
2026-03-12 07:26:04,12.5,0.0
2026-03-12 07:26:19,12.5,0.0
2026-03-12 07:26:34,12.5,0.0
2026-03-12 07:26:49,12.5,0.0
2026-03-12 07:27:04,12.5,0.0
2026-03-12 07:27:19,12.5,0.0
2026-03-12 07:27:34,12.5,0.0
2026-03-12 07:27:49,12.5,0.0
2026-03-12 07:28:04,12.5,0.0
2026-03-12 07:28:19,12.5,0.0
2026-03-12 07:28:34,12.5,0.0
2026-03-12 07:28:49,12.5,0.0
2026-03-12 07:29:04,12.5,0.0
2026-03-12 07:29:19,12.5,0.0
2026-03-12 07:29:34,12.5,0.0
2026-03-12 07:29:49,12.5,0.0
2026-03-12 07:30:04,12.5,0.0
2026-03-12 07:30:19,12.5,0.0
2026-03-12 07:30:34,12.5,0.0
2026-03-12 07:30:49,12.5,0.0
2026-03-12 07:31:04,12.5,0.0
2026-03-12 07:31:19,12.5,0.0
2026-03-12 07:31:34,12.5,0.0
2026-03-12 07:31:49,12.5,0.0
2026-03-12 07:32:04,12.5,0.0
2026-03-12 07:32:19,12.5,0.0
2026-03-12 07:32:34,12.5,0.0
2026-03-12 07:32:49,12.5,0.0
2026-03-12 07:33:04,12.5,0.0
2026-03-12 07:33:19,12.5,0.0
2026-03-12 07:33:34,12.5,0.0
2026-03-12 07:33:49,12.5,0.0
2026-03-12 07:34:04,12.5,0.0
2026-03-12 07:34:19,12.5,0.0
2026-03-12 07:34:34,12.5,0.0
2026-03-12 07:34:49,12.5,0.0
2026-03-12 07:35:04,12.5,0.0
2026-03-12 07:35:19,12.5,0.0
2026-03-12 07:35:34,12.5,0.0
2026-03-12 07:35:49,12.5,0.0
2026-03-12 07:36:04,12.5,0.0
2026-03-12 07:36:19,12.5,0.0
2026-03-12 07:36:34,12.5,0.0
2026-03-12 07:36:49,12.5,0.0
2026-03-12 07:37:04,12.5,0.0
2026-03-12 07:37:19,12.5,0.0
2026-03-12 07:37:34,12.5,0.0
2026-03-12 07:37:49,12.5,0.0
2026-03-12 07:38:04,12.5,0.0
2026-03-12 07:38:19,12.5,0.0
2026-03-12 07:38:34,12.5,0.0
2026-03-12 07:38:49,12.5,0.0
2026-03-12 07:39:04,12.5,0.0
2026-03-12 07:39:19,12.5,0.0
2026-03-12 07:39:34,12.5,0.0
2026-03-12 07:39:49,12.5,0.0
2026-03-12 07:40:04,12.5,0.0
2026-03-12 07:40:19,12.5,0.0
2026-03-12 07:40:34,12.5,0.0
2026-03-12 07:40:49,12.5,0.0
2026-03-12 07:41:04,12.5,0.0
2026-03-12 07:41:19,12.5,0.0
2026-03-12 07:41:34,12.5,0.0
2026-03-12 07:41:49,12.5,0.0
2026-03-12 07:42:04,12.5,0.0
2026-03-12 07:42:19,12.5,0.0
2026-03-12 07:42:34,12.5,0.0
2026-03-12 07:42:49,12.5,0.0
2026-03-12 07:43:04,12.5,0.0
2026-03-12 07:43:19,12.5,0.0
2026-03-12 07:43:34,12.5,0.0
2026-03-12 07:43:49,12.5,0.0
2026-03-12 07:44:04,12.5,0.0
2026-03-12 07:44:19,12.5,0.0
2026-03-12 07:44:34,12.5,0.0
2026-03-12 07:44:49,12.5,0.0
2026-03-12 07:45:04,12.5,0.0
2026-03-12 07:45:19,12.5,0.0
2026-03-12 07:45:34,12.5,0.0
2026-03-12 07:45:49,12.5,0.0
2026-03-12 07:46:04,12.5,0.0
2026-03-12 07:46:19,12.5,0.0
2026-03-12 07:46:34,12.5,0.0
2026-03-12 07:46:49,12.5,0.0
2026-03-12 07:47:04,12.5,0.0
2026-03-12 07:47:19,12.5,0.0
2026-03-12 07:47:34,12.5,0.0
2026-03-12 07:47:49,12.5,0.0
2026-03-12 07:48:04,12.5,0.0
2026-03-12 07:48:19,12.5,0.0
2026-03-12 07:48:34,12.5,0.0
2026-03-12 07:48:49,12.5,0.0
2026-03-12 07:49:04,12.5,0.0
2026-03-12 07:49:19,12.5,0.0
2026-03-12 07:49:34,12.5,0.0
2026-03-12 07:49:49,12.5,0.0
2026-03-12 07:50:04,12.5,0.0
2026-03-12 07:50:19,12.5,0.0
2026-03-12 07:50:34,12.5,0.0
2026-03-12 07:50:49,12.5,0.0
2026-03-12 07:51:04,12.5,0.0
2026-03-12 07:51:19,12.5,0.0
2026-03-12 07:51:34,12.5,0.0
2026-03-12 07:51:49,12.5,0.0
2026-03-12 07:52:04,12.5,0.0
2026-03-12 07:52:19,12.5,0.0
2026-03-12 07:52:34,12.5,0.0
2026-03-12 07:52:49,12.5,0.0
2026-03-12 07:53:04,12.5,0.0
2026-03-12 07:53:19,12.5,0.0
2026-03-12 07:53:34,12.5,0.0
2026-03-12 07:53:49,12.5,0.0
2026-03-12 07:54:04,12.5,0.0
2026-03-12 07:54:19,12.5,0.0
2026-03-12 07:54:34,12.5,0.0
2026-03-12 07:54:49,12.5,0.0
2026-03-12 07:55:04,12.5,0.0
2026-03-12 07:55:19,12.5,0.0
2026-03-12 07:55:34,12.5,0.0
2026-03-12 07:55:49,12.5,0.0
2026-03-12 07:56:04,12.5,0.0
2026-03-12 07:56:19,12.5,0.0
2026-03-12 07:56:34,12.5,0.0
2026-03-12 07:56:49,12.5,0.0
2026-03-12 07:57:04,12.5,0.0
2026-03-12 07:57:19,12.5,0.0
2026-03-12 07:57:34,12.5,0.0
2026-03-12 07:57:49,12.5,0.0
2026-03-12 07:58:04,12.5,0.0
2026-03-12 07:58:19,12.5,0.0
2026-03-12 07:58:34,12.5,0.0
2026-03-12 07:58:49,12.5,0.0
2026-03-12 07:59:04,12.5,0.0
2026-03-12 07:59:19,12.5,0.0
2026-03-12 07:59:34,12.5,0.0
2026-03-12 07:59:49,12.5,0.0
2026-03-12 08:00:04,12.5,0.0
2026-03-12 08:00:19,12.5,0.0
2026-03-12 08:00:34,12.5,0.0
2026-03-12 08:00:49,12.5,0.0
2026-03-12 08:01:04,12.5,0.0
2026-03-12 08:01:19,12.5,0.0
2026-03-12 08:01:34,12.5,0.0
2026-03-12 08:01:49,12.5,0.0
2026-03-12 08:02:04,12.5,0.0
2026-03-12 08:02:19,12.5,0.0
2026-03-12 08:02:34,12.5,0.0
2026-03-12 08:02:49,12.5,0.0
2026-03-12 08:03:04,12.5,0.0
2026-03-12 08:03:19,12.5,0.0
2026-03-12 08:03:34,12.5,0.0
2026-03-12 08:03:49,12.5,0.0
2026-03-12 08:04:04,12.5,0.0
2026-03-12 08:04:19,12.5,0.0
2026-03-12 08:04:34,12.5,0.0
2026-03-12 08:04:49,12.5,0.0
2026-03-12 08:05:04,12.5,0.0
2026-03-12 08:05:19,12.5,0.0
2026-03-12 08:05:34,12.5,0.0
2026-03-12 08:05:49,12.5,0.0
2026-03-12 08:06:04,12.5,0.0
2026-03-12 08:06:19,12.5,0.0
2026-03-12 08:06:34,12.5,0.0
2026-03-12 08:06:49,12.5,0.0
2026-03-12 08:07:04,12.5,0.0
2026-03-12 08:07:19,12.5,0.0
2026-03-12 08:07:34,12.5,0.0
2026-03-12 08:07:49,12.5,0.0
2026-03-12 08:08:04,12.5,0.0
2026-03-12 08:08:19,12.5,0.0
2026-03-12 08:08:34,12.5,0.0
2026-03-12 08:08:49,12.5,0.0
2026-03-12 08:09:04,12.5,0.0
2026-03-12 08:09:19,12.5,0.0
2026-03-12 08:09:34,12.5,0.0
2026-03-12 08:09:49,12.5,0.0
2026-03-12 08:10:04,12.5,0.0
2026-03-12 08:10:19,12.5,0.0
2026-03-12 08:10:34,12.5,0.0
2026-03-12 08:10:49,12.5,0.0
2026-03-12 08:11:04,12.5,0.0
2026-03-12 08:11:19,12.5,0.0
2026-03-12 08:11:34,12.5,0.0
2026-03-12 08:11:49,12.5,0.0
2026-03-12 08:12:04,12.5,0.0
2026-03-12 08:12:19,12.5,0.0
2026-03-12 08:12:34,12.5,0.0
2026-03-12 08:12:49,12.5,0.0
2026-03-12 08:13:04,12.5,0.0
2026-03-12 08:13:19,12.5,0.0
2026-03-12 08:13:34,12.5,0.0
2026-03-12 08:13:49,12.5,0.0
2026-03-12 08:14:04,12.5,0.0
2026-03-12 08:14:19,12.5,0.0
2026-03-12 08:14:34,12.5,0.0
2026-03-12 08:14:49,12.5,0.0
2026-03-12 08:15:04,12.5,0.0
2026-03-12 08:15:19,12.5,0.0
2026-03-12 08:15:34,12.5,0.0
2026-03-12 08:15:49,12.5,0.0
2026-03-12 08:16:04,12.5,0.0
2026-03-12 08:16:19,12.5,0.0
2026-03-12 08:16:34,12.5,0.0
2026-03-12 08:16:49,12.5,0.0
2026-03-12 08:17:04,12.5,0.0
2026-03-12 08:17:19,12.5,0.0
2026-03-12 08:17:34,12.5,0.0
2026-03-12 08:17:49,12.5,0.0
2026-03-12 08:18:04,12.5,0.0
2026-03-12 08:18:19,12.5,0.0
2026-03-12 08:18:34,12.5,0.0
2026-03-12 08:18:49,12.5,0.0
2026-03-12 08:19:04,12.5,0.0
2026-03-12 08:19:19,12.5,0.0
2026-03-12 08:19:34,12.5,0.0
2026-03-12 08:19:49,12.5,0.0
2026-03-12 08:20:04,12.5,0.0
2026-03-12 08:20:19,12.5,0.0
2026-03-12 08:20:34,12.5,0.0
2026-03-12 08:20:49,12.5,0.0
2026-03-12 08:21:04,12.5,0.0
2026-03-12 08:21:19,12.5,0.0
2026-03-12 08:21:34,12.5,0.0
2026-03-12 08:21:49,12.5,0.0
2026-03-12 08:22:04,12.5,0.0
2026-03-12 08:22:19,12.5,0.0
2026-03-12 08:22:34,12.5,0.0
2026-03-12 08:22:49,12.5,0.0
2026-03-12 08:23:04,12.5,0.0
2026-03-12 08:23:19,12.5,0.0
2026-03-12 08:23:34,12.5,0.0
2026-03-12 08:23:49,12.5,0.0
2026-03-12 08:24:04,12.5,0.0
2026-03-12 08:24:19,12.5,0.0
2026-03-12 08:24:34,12.5,0.0
2026-03-12 08:24:49,12.5,0.0
2026-03-12 08:25:04,12.5,0.0
2026-03-12 08:25:19,12.5,0.0
2026-03-12 08:25:34,12.5,0.0
2026-03-12 08:25:49,12.5,0.0
2026-03-12 08:26:04,12.5,0.0
2026-03-12 08:26:19,12.5,0.0
2026-03-12 08:26:34,12.5,0.0
2026-03-12 08:26:49,12.5,0.0
2026-03-12 08:27:04,12.5,0.0
2026-03-12 08:27:19,12.5,0.0
2026-03-12 08:27:34,12.5,0.0
2026-03-12 08:27:49,12.5,0.0
2026-03-12 08:28:04,12.5,0.0
2026-03-12 08:28:19,12.5,0.0
2026-03-12 08:28:34,12.5,0.0
2026-03-12 08:28:49,12.5,0.0
2026-03-12 08:29:04,12.5,0.0
2026-03-12 08:29:19,12.5,0.0
2026-03-12 08:29:34,12.5,0.0
2026-03-12 08:29:49,12.5,0.0
2026-03-12 08:30:04,12.5,0.0
2026-03-12 08:30:19,12.5,0.0
2026-03-12 08:30:34,12.5,0.0
2026-03-12 08:30:49,12.5,0.0
2026-03-12 08:31:04,12.5,0.0
2026-03-12 08:31:19,12.5,0.0
2026-03-12 08:31:34,12.5,0.0
2026-03-12 08:31:49,12.5,0.0
2026-03-12 08:32:04,12.5,0.0
2026-03-12 08:32:19,12.5,0.0
2026-03-12 08:32:34,12.5,0.0
2026-03-12 08:32:49,12.5,0.0
2026-03-12 08:33:04,12.5,0.0
2026-03-12 08:33:19,12.5,0.0
2026-03-12 08:33:34,12.5,0.0
2026-03-12 08:33:49,12.5,0.0
2026-03-12 08:34:04,12.5,0.0
2026-03-12 08:34:19,12.5,0.0
2026-03-12 08:34:34,12.5,0.0
2026-03-12 08:34:49,12.5,0.0
2026-03-12 08:35:04,12.5,0.0
2026-03-12 08:35:19,12.5,0.0
2026-03-12 08:35:34,12.5,0.0
2026-03-12 08:35:49,12.5,0.0
2026-03-12 08:36:04,12.5,0.0
2026-03-12 08:36:19,12.5,0.0
2026-03-12 08:36:34,12.5,0.0
2026-03-12 08:36:49,12.5,0.0
2026-03-12 08:37:04,12.5,0.0
2026-03-12 08:37:19,12.5,0.0
2026-03-12 08:37:34,12.5,0.0
2026-03-12 08:37:49,12.5,0.0
2026-03-12 08:38:04,12.5,0.0
2026-03-12 08:38:19,12.5,0.0
2026-03-12 08:38:34,12.5,0.0
2026-03-12 08:38:49,12.5,0.0
2026-03-12 08:39:04,12.5,0.0
2026-03-12 08:39:19,12.5,0.0
2026-03-12 08:39:34,12.5,0.0
2026-03-12 08:39:49,12.5,0.0
2026-03-12 08:40:04,12.5,0.0
2026-03-12 08:40:19,12.5,0.0
2026-03-12 08:40:34,12.5,0.0
2026-03-12 08:40:49,12.5,0.0
2026-03-12 08:41:04,12.5,0.0
2026-03-12 08:41:19,12.5,0.0
2026-03-12 08:41:34,12.5,0.0
2026-03-12 08:41:49,12.5,0.0
2026-03-12 08:42:04,12.5,0.0
2026-03-12 08:42:19,12.5,0.0
2026-03-12 08:42:34,12.5,0.0
2026-03-12 08:42:49,12.5,0.0
2026-03-12 08:43:04,12.5,0.0
2026-03-12 08:43:19,12.5,0.0
2026-03-12 08:43:34,12.5,0.0
2026-03-12 08:43:49,12.5,0.0
2026-03-12 08:44:04,12.5,0.0
2026-03-12 08:44:19,12.5,0.0
2026-03-12 08:44:34,12.5,0.0
2026-03-12 08:44:49,12.5,0.0
2026-03-12 08:45:04,12.5,0.0
2026-03-12 08:45:19,12.5,0.0
2026-03-12 08:45:34,12.5,0.0
2026-03-12 08:45:49,12.5,0.0
2026-03-12 08:46:04,12.5,0.0
2026-03-12 08:46:19,12.5,0.0
2026-03-12 08:46:34,12.5,0.0
2026-03-12 08:46:49,12.5,0.0
2026-03-12 08:47:04,12.5,0.0
2026-03-12 08:47:19,12.5,0.0
2026-03-12 08:47:34,12.5,0.0
2026-03-12 08:47:49,12.5,0.0
2026-03-12 08:48:04,12.5,0.0
2026-03-12 08:48:19,12.5,0.0
2026-03-12 08:48:34,12.5,0.0
2026-03-12 08:48:49,12.5,0.0
2026-03-12 08:49:04,12.5,0.0
2026-03-12 08:49:19,12.5,0.0
2026-03-12 08:49:34,12.5,0.0
2026-03-12 08:49:49,12.5,0.0
2026-03-12 08:50:04,12.5,0.0
2026-03-12 08:50:19,12.5,0.0
2026-03-12 08:50:34,12.5,0.0
2026-03-12 08:50:49,12.5,0.0
2026-03-12 08:51:04,12.5,0.0
2026-03-12 08:51:19,12.5,0.0
2026-03-12 08:51:34,12.5,0.0
2026-03-12 08:51:49,12.5,0.0
2026-03-12 08:52:04,12.5,0.0
2026-03-12 08:52:19,12.5,0.0
2026-03-12 08:52:34,12.5,0.0
2026-03-12 08:52:49,12.5,0.0
2026-03-12 08:53:04,12.5,0.0
2026-03-12 08:53:19,12.5,0.0
2026-03-12 08:53:34,12.5,0.0
2026-03-12 08:53:49,12.5,0.0
2026-03-12 08:54:04,12.5,0.0
2026-03-12 08:54:19,12.5,0.0
2026-03-12 08:54:34,12.5,0.0
2026-03-12 08:54:49,12.5,0.0
2026-03-12 08:55:04,12.5,0.0
2026-03-12 08:55:19,12.5,0.0
2026-03-12 08:55:34,12.5,0.0
2026-03-12 08:55:49,12.5,0.0
2026-03-12 08:56:04,12.5,0.0
2026-03-12 08:56:19,12.5,0.0
2026-03-12 08:56:34,12.5,0.0
2026-03-12 08:56:49,12.5,0.0
2026-03-12 08:57:04,12.5,0.0
2026-03-12 08:57:19,12.5,0.0
2026-03-12 08:57:34,12.5,2.4390243902439024
2026-03-12 08:57:49,12.5,2.4390243902439024
2026-03-12 08:58:04,12.5,2.4390243902439024
2026-03-12 08:58:19,12.5,2.4390243902439024
2026-03-12 08:58:34,12.5,2.4390243902439024
2026-03-12 08:58:49,12.5,2.4390243902439024
2026-03-12 08:59:04,12.5,2.4390243902439024
2026-03-12 08:59:19,12.5,2.4390243902439024
2026-03-12 08:59:34,12.5,2.4390243902439024
2026-03-12 08:59:49,12.5,2.4390243902439024
2026-03-12 09:00:04,12.5,2.4390243902439024
2026-03-12 09:00:19,12.5,2.4390243902439024
2026-03-12 09:00:34,12.5,2.4390243902439024
2026-03-12 09:00:49,12.5,2.4390243902439024
2026-03-12 09:01:04,12.5,2.4390243902439024
2026-03-12 09:01:19,12.5,2.4390243902439024
2026-03-12 09:01:34,12.5,2.4390243902439024
2026-03-12 09:01:49,12.5,2.4390243902439024
2026-03-12 09:02:04,12.5,2.4390243902439024
2026-03-12 09:02:19,12.5,2.4390243902439024
2026-03-12 09:02:34,12.5,2.4390243902439024
2026-03-12 09:02:49,12.5,2.4390243902439024
2026-03-12 09:03:04,12.5,2.4390243902439024
2026-03-12 09:03:19,12.5,2.4390243902439024
2026-03-12 09:03:34,12.5,4.878048780487805
2026-03-12 09:03:49,12.5,4.878048780487805
2026-03-12 09:04:04,12.5,7.317073170731707
2026-03-12 09:04:19,12.5,9.75609756097561
2026-03-12 09:04:34,12.5,12.195121951219512
2026-03-12 09:04:49,12.5,14.634146341463413
2026-03-12 09:05:04,12.5,17.073170731707318
2026-03-12 09:05:19,12.5,17.073170731707318
2026-03-12 09:05:34,12.5,19.51219512195122
2026-03-12 09:05:49,12.5,19.51219512195122
2026-03-12 09:06:04,12.5,19.51219512195122
2026-03-12 09:06:19,12.5,19.51219512195122
2026-03-12 09:06:34,12.5,19.51219512195122
2026-03-12 09:06:49,12.5,19.51219512195122
2026-03-12 09:07:04,12.5,19.51219512195122
2026-03-12 09:07:19,12.5,19.51219512195122
2026-03-12 09:07:34,12.5,19.51219512195122
2026-03-12 09:07:49,12.5,17.073170731707318
2026-03-12 09:08:04,12.5,17.073170731707318
2026-03-12 09:08:18,12.5,17.073170731707318
2026-03-12 09:08:34,12.5,17.073170731707318
2026-03-12 09:08:49,12.5,17.073170731707318
2026-03-12 09:09:04,12.5,15.555555555555555
2026-03-12 09:09:19,12.5,15.555555555555555
2026-03-12 09:09:34,12.5,15.555555555555555
2026-03-12 09:09:49,12.5,15.555555555555555
2026-03-12 09:10:04,12.5,15.555555555555555
2026-03-12 09:10:19,12.5,15.555555555555555
2026-03-12 09:10:34,12.5,15.555555555555555
2026-03-12 09:10:49,12.5,15.555555555555555
2026-03-12 09:11:04,12.5,15.555555555555555
2026-03-12 09:11:19,12.5,15.555555555555555
2026-03-12 09:11:34,12.5,15.555555555555555
2026-03-12 09:11:49,12.5,15.555555555555555
2026-03-12 09:12:04,12.5,15.555555555555555
2026-03-12 09:12:19,12.5,15.555555555555555
2026-03-12 09:12:34,12.5,15.555555555555555
2026-03-12 09:12:49,12.5,15.555555555555555
2026-03-12 09:13:03,12.5,15.555555555555555
2026-03-12 09:13:18,12.5,15.555555555555555
2026-03-12 09:13:33,12.5,15.555555555555555
2026-03-12 09:13:48,12.5,15.555555555555555
2026-03-12 09:14:04,12.5,15.555555555555555
2026-03-12 09:14:18,12.5,15.555555555555555
2026-03-12 09:14:33,12.5,15.555555555555555
2026-03-12 09:14:48,12.5,13.333333333333334
2026-03-12 09:15:03,12.5,13.333333333333334
2026-03-12 09:15:19,12.5,11.11111111111111
2026-03-12 09:15:33,12.5,8.88888888888889
2026-03-12 09:15:48,12.5,6.666666666666667
2026-03-12 09:16:04,12.5,4.444444444444445
2026-03-12 09:16:18,12.5,2.2222222222222223
2026-03-12 09:16:34,12.5,2.2222222222222223
2026-03-12 09:16:49,12.5,0.0
2026-03-12 09:17:04,12.5,0.0
2026-03-12 09:17:19,12.5,0.0
2026-03-12 09:17:33,12.5,0.0
2026-03-12 09:17:49,12.5,0.0
2026-03-12 09:18:04,12.5,0.0
2026-03-12 09:18:19,12.5,0.0
2026-03-12 09:18:34,12.5,0.0
2026-03-12 09:18:48,12.5,0.0
2026-03-12 09:19:04,12.5,0.0
2026-03-12 09:19:19,12.5,0.0
2026-03-12 09:19:33,12.5,0.0
2026-03-12 09:19:48,12.5,0.0
2026-03-12 09:20:03,12.5,0.0
2026-03-12 09:20:18,12.5,0.0
2026-03-12 09:20:33,12.5,0.0
2026-03-12 09:20:48,12.5,0.0
2026-03-12 09:21:04,12.5,0.0
2026-03-12 09:21:18,12.5,0.0
2026-03-12 09:21:33,12.5,0.0
2026-03-12 09:21:49,12.5,0.0
2026-03-12 09:22:03,12.5,0.0
2026-03-12 09:22:18,12.5,0.0
2026-03-12 09:22:33,12.5,0.0
2026-03-12 09:22:48,12.5,0.0
2026-03-12 09:23:03,12.5,0.0
2026-03-12 09:23:18,12.5,0.0
2026-03-12 09:23:34,12.5,0.0
2026-03-12 09:23:48,12.5,0.0
2026-03-12 09:24:04,12.5,0.0
2026-03-12 09:24:18,12.5,0.0
2026-03-12 09:24:33,12.5,0.0
2026-03-12 09:24:49,12.5,2.272727272727273
2026-03-12 09:25:03,12.5,4.444444444444445
2026-03-12 09:25:18,12.5,6.666666666666667
2026-03-12 09:25:33,12.5,6.666666666666667
2026-03-12 09:25:48,12.5,6.666666666666667
2026-03-12 09:26:03,12.5,6.666666666666667
2026-03-12 09:26:18,12.5,6.666666666666667
2026-03-12 09:26:33,12.5,6.666666666666667
2026-03-12 09:26:48,12.5,6.666666666666667
2026-03-12 09:27:03,12.5,6.666666666666667
2026-03-12 09:27:18,12.5,6.666666666666667
2026-03-12 09:27:33,12.5,6.666666666666667
2026-03-12 09:27:48,12.5,6.666666666666667
2026-03-12 09:28:03,12.5,6.666666666666667
2026-03-12 09:28:18,12.5,6.666666666666667
2026-03-12 09:28:33,12.5,6.666666666666667
2026-03-12 09:28:48,12.5,6.666666666666667
2026-03-12 09:29:03,12.5,6.666666666666667
2026-03-12 09:29:18,12.5,8.88888888888889
2026-03-12 09:29:33,12.5,11.11111111111111
2026-03-12 09:29:48,12.5,13.333333333333334
2026-03-12 09:30:03,12.5,15.555555555555555
2026-03-12 09:30:18,25.0,17.77777777777778
2026-03-12 09:30:33,25.0,17.77777777777778
2026-03-12 09:30:48,25.0,20.0
2026-03-12 09:31:03,25.0,20.0
2026-03-12 09:31:18,25.0,20.0
2026-03-12 09:31:33,25.0,20.0
2026-03-12 09:31:48,25.0,20.0
2026-03-12 09:32:03,25.0,20.0
2026-03-12 09:32:18,25.0,20.0
2026-03-12 09:32:33,25.0,20.0
2026-03-12 09:32:48,25.0,20.0
2026-03-12 09:33:03,25.0,20.0
2026-03-12 09:33:18,25.0,20.0
2026-03-12 09:33:33,25.0,20.0
2026-03-12 09:33:48,25.0,20.0
2026-03-12 09:34:03,25.0,20.0
2026-03-12 09:34:18,25.0,20.0
2026-03-12 09:34:33,12.5,20.0
2026-03-12 09:34:48,12.5,18.367346938775512
2026-03-12 09:35:03,12.5,18.367346938775512
2026-03-12 09:35:18,12.5,18.367346938775512
2026-03-12 09:35:33,12.5,18.367346938775512
2026-03-12 09:35:48,12.5,18.367346938775512
2026-03-12 09:36:03,12.5,18.367346938775512
2026-03-12 09:36:18,12.5,18.367346938775512
2026-03-12 09:36:33,12.5,18.367346938775512
2026-03-12 09:36:48,25.0,20.408163265306122
2026-03-12 09:37:03,25.0,20.408163265306122
2026-03-12 09:37:18,25.0,20.408163265306122
2026-03-12 09:37:33,25.0,20.408163265306122
2026-03-12 09:37:48,25.0,20.408163265306122
2026-03-12 09:38:03,25.0,20.408163265306122
2026-03-12 09:38:18,25.0,20.408163265306122
2026-03-12 09:38:33,25.0,20.408163265306122
2026-03-12 09:38:48,25.0,20.408163265306122
2026-03-12 09:39:03,25.0,20.408163265306122
2026-03-12 09:39:18,25.0,20.408163265306122
2026-03-12 09:39:33,25.0,22.448979591836736
2026-03-12 09:39:48,25.0,24.489795918367346
2026-03-12 09:40:03,25.0,24.489795918367346
2026-03-12 09:40:18,25.0,24.489795918367346
2026-03-12 09:40:33,25.0,24.489795918367346
2026-03-12 09:40:48,25.0,24.489795918367346
2026-03-12 09:41:03,25.0,24.489795918367346
2026-03-12 09:41:18,25.0,24.489795918367346
2026-03-12 09:41:33,25.0,22.448979591836736
2026-03-12 09:41:48,25.0,20.408163265306122
2026-03-12 09:42:03,25.0,18.367346938775512
2026-03-12 09:42:18,25.0,16.3265306122449
2026-03-12 09:42:33,25.0,14.285714285714285
2026-03-12 09:42:48,25.0,14.285714285714285
2026-03-12 09:43:03,25.0,12.244897959183673
2026-03-12 09:43:18,25.0,12.244897959183673
2026-03-12 09:43:33,25.0,12.244897959183673
2026-03-12 09:43:48,25.0,12.244897959183673
2026-03-12 09:44:03,25.0,12.244897959183673
2026-03-12 09:44:18,25.0,12.244897959183673
2026-03-12 09:44:33,25.0,12.244897959183673
2026-03-12 09:44:48,25.0,12.244897959183673
2026-03-12 09:45:03,12.5,12.244897959183673
2026-03-12 09:45:18,12.5,12.244897959183673
2026-03-12 09:45:33,12.5,12.244897959183673
2026-03-12 09:45:48,12.5,12.244897959183673
2026-03-12 09:46:03,12.5,12.244897959183673
2026-03-12 09:46:18,12.5,12.244897959183673
2026-03-12 09:46:33,12.5,12.244897959183673
2026-03-12 09:46:48,12.5,12.244897959183673
2026-03-12 09:47:03,12.5,12.244897959183673
2026-03-12 09:47:18,12.5,12.244897959183673
2026-03-12 09:47:33,12.5,12.244897959183673
2026-03-12 09:47:48,12.5,12.244897959183673
2026-03-12 09:48:03,12.5,12.244897959183673
2026-03-12 09:48:18,12.5,12.244897959183673
2026-03-12 09:48:33,12.5,12.244897959183673
2026-03-12 09:48:48,12.5,12.244897959183673
2026-03-12 09:49:03,12.5,10.204081632653061
2026-03-12 09:49:18,12.5,8.16326530612245
2026-03-12 09:49:33,12.5,8.16326530612245
2026-03-12 09:49:48,12.5,8.16326530612245
2026-03-12 09:50:03,12.5,8.16326530612245
2026-03-12 09:50:18,12.5,8.16326530612245
2026-03-12 09:50:33,12.5,8.16326530612245
2026-03-12 09:50:48,12.5,8.16326530612245
2026-03-12 09:51:03,12.5,8.16326530612245
2026-03-12 09:51:18,12.5,8.16326530612245
2026-03-12 09:51:33,12.5,8.16326530612245
2026-03-12 09:51:48,12.5,6.122448979591836
2026-03-12 09:52:03,12.5,4.081632653061225
2026-03-12 09:52:18,12.5,4.081632653061225
2026-03-12 09:52:33,12.5,4.081632653061225
2026-03-12 09:52:48,12.5,4.081632653061225
2026-03-12 09:53:03,12.5,4.081632653061225
2026-03-12 09:53:18,12.5,4.081632653061225
2026-03-12 09:53:33,12.5,4.081632653061225
2026-03-12 09:53:48,12.5,4.081632653061225
2026-03-12 09:54:03,12.5,4.081632653061225
2026-03-12 09:54:18,12.5,4.081632653061225
2026-03-12 09:54:33,12.5,4.081632653061225
2026-03-12 09:54:48,12.5,4.081632653061225
2026-03-12 09:55:03,12.5,4.081632653061225
2026-03-12 09:55:18,12.5,4.081632653061225
2026-03-12 09:55:33,12.5,4.081632653061225
2026-03-12 09:55:48,12.5,4.081632653061225
2026-03-12 09:56:03,12.5,4.081632653061225
2026-03-12 09:56:18,12.5,4.081632653061225
2026-03-12 09:56:33,12.5,4.081632653061225
2026-03-12 09:56:48,12.5,4.081632653061225
2026-03-12 09:57:03,12.5,4.081632653061225
2026-03-12 09:57:18,12.5,4.081632653061225
2026-03-12 09:57:33,12.5,4.081632653061225
2026-03-12 09:57:48,12.5,4.081632653061225
2026-03-12 09:58:03,12.5,4.081632653061225
2026-03-12 09:58:18,12.5,4.081632653061225
2026-03-12 09:58:33,12.5,4.081632653061225
2026-03-12 09:58:48,12.5,4.081632653061225
2026-03-12 09:59:03,12.5,4.081632653061225
2026-03-12 09:59:18,12.5,4.081632653061225
2026-03-12 09:59:33,12.5,4.081632653061225
2026-03-12 09:59:48,12.5,4.081632653061225
2026-03-12 10:00:03,12.5,4.081632653061225
2026-03-12 10:00:18,12.5,3.7735849056603774
2026-03-12 10:00:33,12.5,3.7735849056603774
2026-03-12 10:00:48,12.5,3.7735849056603774
2026-03-12 10:01:03,12.5,3.7735849056603774
2026-03-12 10:01:18,12.5,3.7735849056603774
2026-03-12 10:01:33,12.5,3.7735849056603774
2026-03-12 10:01:48,12.5,3.7735849056603774
2026-03-12 10:02:03,12.5,3.7735849056603774
2026-03-12 10:02:18,12.5,3.7735849056603774
2026-03-12 10:02:33,12.5,3.7735849056603774
2026-03-12 10:02:48,12.5,1.8867924528301887
2026-03-12 10:03:03,12.5,0.0
2026-03-12 10:03:18,12.5,0.0
2026-03-12 10:03:33,12.5,0.0
2026-03-12 10:03:48,12.5,0.0
2026-03-12 10:04:03,12.5,0.0
2026-03-12 10:04:18,12.5,0.0
2026-03-12 10:04:33,12.5,0.0
2026-03-12 10:04:48,12.5,0.0
2026-03-12 10:05:03,12.5,0.0
2026-03-12 10:05:18,12.5,0.0
2026-03-12 10:05:33,12.5,0.0
2026-03-12 10:05:48,12.5,0.0
2026-03-12 10:06:03,12.5,0.0
2026-03-12 10:06:18,12.5,0.0
2026-03-12 10:06:33,12.5,0.0
2026-03-12 10:06:48,12.5,0.0
2026-03-12 10:07:03,12.5,0.0
2026-03-12 10:07:18,12.5,0.0
2026-03-12 10:07:33,12.5,0.0
2026-03-12 10:07:48,12.5,0.0
2026-03-12 10:08:03,12.5,0.0
2026-03-12 10:08:18,12.5,0.0
2026-03-12 10:08:33,12.5,0.0
2026-03-12 10:08:48,12.5,0.0
2026-03-12 10:09:03,12.5,0.0
2026-03-12 10:09:18,12.5,0.0
2026-03-12 10:09:33,12.5,0.0
2026-03-12 10:09:48,12.5,0.0
2026-03-12 10:10:03,12.5,0.0
2026-03-12 10:10:18,12.5,0.0
2026-03-12 10:10:33,12.5,0.0
2026-03-12 10:10:48,12.5,0.0
2026-03-12 10:11:03,12.5,0.0
2026-03-12 10:11:18,12.5,0.0
2026-03-12 10:11:33,12.5,0.0
2026-03-12 10:11:48,12.5,0.0
2026-03-12 10:12:03,12.5,0.0
2026-03-12 10:12:18,12.5,0.0
2026-03-12 10:12:33,12.5,0.0
2026-03-12 10:12:48,12.5,0.0
2026-03-12 10:13:03,12.5,0.0
2026-03-12 10:13:18,12.5,0.0
2026-03-12 10:13:33,12.5,0.0
2026-03-12 10:13:48,12.5,0.0
2026-03-12 10:14:03,12.5,0.0
2026-03-12 10:14:18,12.5,0.0
2026-03-12 10:14:33,12.5,0.0
2026-03-12 10:14:48,12.5,0.0
2026-03-12 10:15:03,12.5,0.0
2026-03-12 10:15:18,12.5,0.0
2026-03-12 10:15:33,12.5,0.0
2026-03-12 10:15:48,12.5,0.0
2026-03-12 10:16:03,12.5,0.0
2026-03-12 10:16:18,12.5,0.0
2026-03-12 10:16:33,12.5,0.0
2026-03-12 10:16:48,12.5,0.0
2026-03-12 10:17:03,12.5,0.0
2026-03-12 10:17:18,12.5,0.0
2026-03-12 10:17:33,12.5,0.0
2026-03-12 10:17:48,12.5,0.0
2026-03-12 10:18:03,12.5,0.0
2026-03-12 10:18:18,12.5,0.0
2026-03-12 10:18:33,12.5,0.0
2026-03-12 10:18:48,12.5,0.0
2026-03-12 10:19:03,12.5,0.0
2026-03-12 10:19:18,12.5,0.0
2026-03-12 10:19:33,12.5,0.0
2026-03-12 10:19:48,12.5,0.0
2026-03-12 10:20:03,12.5,0.0
2026-03-12 10:20:18,12.5,0.0
2026-03-12 10:20:33,12.5,0.0
2026-03-12 10:20:48,12.5,0.0
2026-03-12 10:21:03,12.5,0.0
2026-03-12 10:21:18,12.5,0.0
2026-03-12 10:21:33,12.5,0.0
2026-03-12 10:21:48,12.5,0.0
2026-03-12 10:22:03,12.5,0.0
2026-03-12 10:22:18,12.5,0.0
2026-03-12 10:22:33,12.5,0.0
2026-03-12 10:22:48,12.5,0.0
2026-03-12 10:23:03,12.5,0.0
2026-03-12 10:23:18,12.5,0.0
2026-03-12 10:23:33,12.5,0.0
2026-03-12 10:23:48,12.5,0.0
2026-03-12 10:24:03,12.5,0.0
2026-03-12 10:24:18,12.5,0.0
2026-03-12 10:24:33,12.5,0.0
2026-03-12 10:24:48,12.5,0.0
2026-03-12 10:25:03,12.5,0.0
2026-03-12 10:25:18,12.5,0.0
2026-03-12 10:25:33,12.5,0.0
2026-03-12 10:25:48,12.5,0.0
2026-03-12 10:26:03,12.5,0.0
2026-03-12 10:26:18,12.5,0.0
2026-03-12 10:26:33,12.5,0.0
2026-03-12 10:26:48,12.5,0.0
2026-03-12 10:27:03,12.5,0.0
2026-03-12 10:27:18,12.5,0.0
2026-03-12 10:27:33,12.5,0.0
2026-03-12 10:27:48,12.5,0.0
2026-03-12 10:28:03,0.0,0.0
2026-03-12 10:28:18,0.0,0.0
2026-03-12 10:28:33,0.0,0.0
2026-03-12 10:28:48,0.0,0.0
2026-03-12 10:29:03,0.0,0.0
2026-03-12 10:29:18,0.0,0.0
2026-03-12 10:29:33,0.0,0.0
2026-03-12 10:29:48,0.0,0.0
2026-03-12 10:30:03,0.0,0.0
2026-03-12 10:30:18,0.0,0.0
2026-03-12 10:30:33,0.0,0.0
2026-03-12 10:30:48,0.0,0.0
2026-03-12 10:31:03,0.0,0.0
2026-03-12 10:31:18,0.0,0.0
2026-03-12 10:31:33,0.0,0.0
2026-03-12 10:31:48,0.0,0.0
2026-03-12 10:32:03,0.0,0.0
2026-03-12 10:32:18,0.0,0.0
2026-03-12 10:32:33,0.0,0.0
2026-03-12 10:32:48,0.0,0.0
2026-03-12 10:33:03,0.0,0.0
2026-03-12 10:33:18,0.0,0.0
2026-03-12 10:33:33,0.0,0.0
2026-03-12 10:33:48,0.0,0.0
2026-03-12 10:34:03,0.0,0.0
2026-03-12 10:34:18,0.0,0.0
2026-03-12 10:34:33,0.0,0.0
2026-03-12 10:34:48,0.0,0.0
2026-03-12 10:35:03,0.0,0.0
2026-03-12 10:35:18,0.0,0.0
2026-03-12 10:35:33,0.0,0.0
2026-03-12 10:35:48,0.0,0.0
2026-03-12 10:36:03,0.0,0.0
2026-03-12 10:36:18,0.0,0.0
2026-03-12 10:36:33,0.0,0.0
2026-03-12 10:36:48,0.0,0.0
2026-03-12 10:37:03,0.0,0.0
2026-03-12 10:37:18,0.0,0.0
2026-03-12 10:37:33,0.0,0.0
2026-03-12 10:37:48,0.0,0.0
2026-03-12 10:38:03,0.0,0.0
2026-03-12 10:38:18,0.0,0.0
2026-03-12 10:38:33,0.0,0.0
2026-03-12 10:38:48,0.0,1.5384615384615385
2026-03-12 10:39:03,0.0,3.076923076923077
2026-03-12 10:39:18,0.0,4.615384615384616
2026-03-12 10:39:33,0.0,4.3478260869565215
2026-03-12 10:39:48,0.0,4.3478260869565215
2026-03-12 10:40:03,0.0,4.3478260869565215
2026-03-12 10:40:18,0.0,4.3478260869565215
2026-03-12 10:40:33,0.0,4.3478260869565215
2026-03-12 10:40:48,0.0,4.3478260869565215
2026-03-12 10:41:03,0.0,4.3478260869565215
2026-03-12 10:41:18,0.0,4.3478260869565215
2026-03-12 10:41:33,0.0,4.3478260869565215
2026-03-12 10:41:48,0.0,4.3478260869565215
2026-03-12 10:42:03,0.0,4.3478260869565215
2026-03-12 10:42:18,0.0,4.3478260869565215
2026-03-12 10:42:33,0.0,4.3478260869565215
2026-03-12 10:42:48,0.0,4.3478260869565215
2026-03-12 10:43:03,0.0,4.3478260869565215
2026-03-12 10:43:18,0.0,4.3478260869565215
2026-03-12 10:43:33,0.0,4.3478260869565215
2026-03-12 10:43:48,0.0,4.3478260869565215
2026-03-12 10:44:03,0.0,4.3478260869565215
2026-03-12 10:44:18,0.0,4.3478260869565215
2026-03-12 10:44:33,0.0,4.3478260869565215
2026-03-12 10:44:48,0.0,4.3478260869565215
2026-03-12 10:45:03,0.0,4.3478260869565215
2026-03-12 10:45:18,0.0,4.3478260869565215
2026-03-12 10:45:33,0.0,4.3478260869565215
2026-03-12 10:45:48,12.5,5.797101449275362
2026-03-12 10:46:03,12.5,7.246376811594203
2026-03-12 10:46:18,12.5,8.695652173913043
2026-03-12 10:46:33,12.5,10.144927536231885
2026-03-12 10:46:48,12.5,11.594202898550725
2026-03-12 10:47:03,12.5,11.594202898550725
2026-03-12 10:47:18,12.5,11.594202898550725
2026-03-12 10:47:33,12.5,11.594202898550725
2026-03-12 10:47:48,12.5,11.594202898550725
2026-03-12 10:48:03,12.5,11.594202898550725
2026-03-12 10:48:18,12.5,11.594202898550725
2026-03-12 10:48:33,12.5,11.594202898550725
2026-03-12 10:48:48,12.5,11.594202898550725
2026-03-12 10:49:03,12.5,11.594202898550725
2026-03-12 10:49:18,12.5,11.594202898550725
2026-03-12 10:49:33,12.5,10.95890410958904
2026-03-12 10:49:48,12.5,10.95890410958904
2026-03-12 10:50:03,12.5,10.95890410958904
2026-03-12 10:50:18,12.5,10.95890410958904
2026-03-12 10:50:33,12.5,10.95890410958904
2026-03-12 10:50:48,12.5,10.95890410958904
2026-03-12 10:51:03,12.5,10.95890410958904
2026-03-12 10:51:18,12.5,10.95890410958904
2026-03-12 10:51:33,12.5,10.95890410958904
2026-03-12 10:51:48,12.5,10.95890410958904
2026-03-12 10:52:03,12.5,10.95890410958904
2026-03-12 10:52:18,12.5,10.95890410958904
2026-03-12 10:52:33,12.5,10.95890410958904
2026-03-12 10:52:48,12.5,10.95890410958904
2026-03-12 10:53:03,12.5,10.95890410958904
2026-03-12 10:53:18,12.5,10.95890410958904
2026-03-12 10:53:33,12.5,10.95890410958904
2026-03-12 10:53:48,12.5,10.95890410958904
2026-03-12 10:54:03,12.5,10.95890410958904
2026-03-12 10:54:18,12.5,10.95890410958904
2026-03-12 10:54:33,12.5,10.95890410958904
2026-03-12 10:54:48,12.5,10.95890410958904
2026-03-12 10:55:03,12.5,10.95890410958904
2026-03-12 10:55:18,12.5,10.95890410958904
2026-03-12 10:55:33,12.5,10.95890410958904
2026-03-12 10:55:48,12.5,10.95890410958904
2026-03-12 10:56:03,12.5,10.95890410958904
2026-03-12 10:56:18,12.5,10.95890410958904
2026-03-12 10:56:33,12.5,10.95890410958904
2026-03-12 10:56:48,12.5,10.95890410958904
2026-03-12 10:57:03,12.5,9.58904109589041
2026-03-12 10:57:18,12.5,8.21917808219178
2026-03-12 10:57:33,12.5,6.8493150684931505
2026-03-12 10:57:48,12.5,6.8493150684931505
2026-03-12 10:58:03,12.5,6.8493150684931505
2026-03-12 10:58:18,12.5,6.8493150684931505
2026-03-12 10:58:33,12.5,6.8493150684931505
2026-03-12 10:58:48,12.5,6.8493150684931505
2026-03-12 10:59:03,12.5,6.8493150684931505
2026-03-12 10:59:18,12.5,6.493506493506493
2026-03-12 10:59:33,12.5,6.493506493506493
2026-03-12 10:59:48,12.5,6.493506493506493
2026-03-12 11:00:03,12.5,6.493506493506493
2026-03-12 11:00:18,12.5,6.493506493506493
2026-03-12 11:00:33,12.5,6.493506493506493
2026-03-12 11:00:48,12.5,7.792207792207792
2026-03-12 11:01:03,12.5,9.090909090909092
2026-03-12 11:01:18,12.5,10.38961038961039
2026-03-12 11:01:33,12.5,11.688311688311687
2026-03-12 11:01:48,12.5,12.987012987012985
2026-03-12 11:02:03,12.5,14.285714285714285
2026-03-12 11:02:18,12.5,15.584415584415584
2026-03-12 11:02:33,12.5,16.883116883116884
2026-03-12 11:02:48,12.5,18.181818181818183
2026-03-12 11:03:03,12.5,19.480519480519483
2026-03-12 11:03:18,12.5,20.77922077922078
2026-03-12 11:03:33,12.5,20.77922077922078
2026-03-12 11:03:48,12.5,20.77922077922078
2026-03-12 11:04:03,25.0,22.07792207792208
2026-03-12 11:04:18,25.0,23.376623376623375
2026-03-12 11:04:33,25.0,24.675324675324674
2026-03-12 11:04:48,25.0,25.97402597402597
2026-03-12 11:05:03,25.0,25.97402597402597
2026-03-12 11:05:18,25.0,25.97402597402597
2026-03-12 11:05:33,25.0,25.97402597402597
2026-03-12 11:05:48,25.0,25.97402597402597
2026-03-12 11:06:03,25.0,25.97402597402597
2026-03-12 11:06:18,25.0,27.27272727272727
2026-03-12 11:06:33,25.0,28.57142857142857
2026-03-12 11:06:48,25.0,29.87012987012987
2026-03-12 11:07:03,25.0,31.16883116883117
2026-03-12 11:07:18,25.0,32.467532467532465
2026-03-12 11:07:33,37.5,33.76623376623377
2026-03-12 11:07:48,37.5,35.064935064935064
2026-03-12 11:08:03,37.5,36.36363636363637
2026-03-12 11:08:18,37.5,36.36363636363637
2026-03-12 11:08:33,37.5,36.36363636363637
2026-03-12 11:08:48,37.5,36.36363636363637
2026-03-12 11:09:03,37.5,36.36363636363637
2026-03-12 11:09:18,37.5,36.36363636363637
2026-03-12 11:09:33,37.5,36.36363636363637
2026-03-12 11:09:48,37.5,36.36363636363637
2026-03-12 11:10:03,25.0,36.36363636363637
2026-03-12 11:10:18,25.0,36.36363636363637
2026-03-12 11:10:33,25.0,36.36363636363637
2026-03-12 11:10:48,25.0,36.36363636363637
2026-03-12 11:11:03,37.5,37.66233766233766
2026-03-12 11:11:18,37.5,38.961038961038966
2026-03-12 11:11:33,37.5,40.25974025974026
2026-03-12 11:11:48,37.5,41.55844155844156
2026-03-12 11:12:03,37.5,42.857142857142854
2026-03-12 11:12:18,37.5,41.9753086419753
2026-03-12 11:12:33,37.5,43.20987654320987
2026-03-12 11:12:48,37.5,44.44444444444444
2026-03-12 11:13:03,37.5,45.67901234567901
2026-03-12 11:13:18,37.5,46.913580246913575
2026-03-12 11:13:33,37.5,48.148148148148145
2026-03-12 11:13:48,37.5,49.382716049382715
2026-03-12 11:14:03,37.5,50.617283950617285
2026-03-12 11:14:18,50.0,51.85185185185185
2026-03-12 11:14:33,50.0,53.086419753086425
2026-03-12 11:14:48,50.0,54.32098765432099
2026-03-12 11:15:03,50.0,55.55555555555556
2026-03-12 11:15:18,50.0,56.79012345679012
2026-03-12 11:15:33,50.0,56.79012345679012
2026-03-12 11:15:48,50.0,56.79012345679012
2026-03-12 11:16:03,50.0,56.79012345679012
2026-03-12 11:16:18,50.0,56.79012345679012
2026-03-12 11:16:33,50.0,56.79012345679012
2026-03-12 11:16:48,50.0,56.79012345679012
2026-03-12 11:17:03,50.0,56.79012345679012
2026-03-12 11:17:18,50.0,56.79012345679012
2026-03-12 11:17:33,37.5,56.79012345679012
2026-03-12 11:17:48,37.5,56.79012345679012
2026-03-12 11:18:03,37.5,56.79012345679012
2026-03-12 11:18:18,37.5,56.79012345679012
2026-03-12 11:18:33,37.5,56.79012345679012
2026-03-12 11:18:48,37.5,56.79012345679012
2026-03-12 11:19:03,37.5,56.79012345679012
2026-03-12 11:19:18,37.5,56.79012345679012
2026-03-12 11:19:33,37.5,56.79012345679012
2026-03-12 11:19:48,37.5,56.79012345679012
2026-03-12 11:20:03,37.5,56.79012345679012
2026-03-12 11:20:18,37.5,56.79012345679012
2026-03-12 11:20:33,37.5,56.79012345679012
2026-03-12 11:20:48,37.5,56.79012345679012
2026-03-12 11:21:03,37.5,55.55555555555556
2026-03-12 11:21:18,37.5,54.32098765432099
2026-03-12 11:21:33,37.5,53.086419753086425
2026-03-12 11:21:48,37.5,51.85185185185185
2026-03-12 11:22:03,37.5,50.617283950617285
2026-03-12 11:22:18,37.5,49.382716049382715
2026-03-12 11:22:33,37.5,48.148148148148145
2026-03-12 11:22:48,25.0,46.913580246913575
2026-03-12 11:23:03,25.0,45.67901234567901
2026-03-12 11:23:18,25.0,44.44444444444444
2026-03-12 11:23:33,25.0,43.20987654320987
2026-03-12 11:23:48,25.0,43.20987654320987
2026-03-12 11:24:03,25.0,43.20987654320987
2026-03-12 11:24:18,25.0,41.9753086419753
2026-03-12 11:24:33,25.0,40.74074074074074
2026-03-12 11:24:48,25.0,39.50617283950617
2026-03-12 11:25:03,25.0,38.2716049382716
2026-03-12 11:25:18,25.0,40.0
2026-03-12 11:25:33,25.0,38.82352941176471
2026-03-12 11:25:48,25.0,37.64705882352941
2026-03-12 11:26:03,25.0,36.470588235294116
2026-03-12 11:26:18,25.0,35.294117647058826
2026-03-12 11:26:33,25.0,34.11764705882353
2026-03-12 11:26:48,25.0,32.94117647058823
2026-03-12 11:27:03,25.0,31.76470588235294
2026-03-12 11:27:18,25.0,30.58823529411765
2026-03-12 11:27:33,25.0,29.411764705882355
2026-03-12 11:27:48,25.0,28.235294117647058
2026-03-12 11:28:03,25.0,27.058823529411764
2026-03-12 11:28:18,25.0,25.882352941176475
2026-03-12 11:28:33,25.0,24.705882352941178
2026-03-12 11:28:48,25.0,23.52941176470588
2026-03-12 11:29:03,25.0,22.35294117647059
2026-03-12 11:29:18,25.0,21.176470588235293
2026-03-12 11:29:33,25.0,21.176470588235293
2026-03-12 11:29:48,25.0,21.176470588235293
2026-03-12 11:30:03,25.0,21.176470588235293
2026-03-12 11:30:18,25.0,21.176470588235293
2026-03-12 11:30:33,25.0,21.176470588235293
2026-03-12 11:30:48,25.0,21.176470588235293
2026-03-12 11:31:03,25.0,21.176470588235293
2026-03-12 11:31:18,25.0,21.176470588235293
2026-03-12 11:31:33,25.0,21.176470588235293
2026-03-12 11:31:48,25.0,21.176470588235293
2026-03-12 11:32:03,25.0,21.176470588235293
2026-03-12 11:32:18,25.0,20.0
2026-03-12 11:32:33,25.0,18.823529411764707
2026-03-12 11:32:48,25.0,17.647058823529413
2026-03-12 11:33:03,25.0,16.470588235294116
2026-03-12 11:33:18,25.0,15.294117647058824
2026-03-12 11:33:33,25.0,14.117647058823529
2026-03-12 11:33:48,25.0,12.941176470588237
2026-03-12 11:34:03,25.0,11.76470588235294
2026-03-12 11:34:18,12.5,10.588235294117647
2026-03-12 11:34:33,12.5,9.411764705882353
2026-03-12 11:34:48,12.5,8.235294117647058
2026-03-12 11:35:03,12.5,7.0588235294117645
2026-03-12 11:35:18,12.5,5.88235294117647
2026-03-12 11:35:33,12.5,4.705882352941177
2026-03-12 11:35:48,12.5,3.5294117647058822
2026-03-12 11:36:03,12.5,2.3529411764705883
2026-03-12 11:36:18,12.5,1.1764705882352942
2026-03-12 11:36:33,12.5,0.0
2026-03-12 11:36:48,12.5,0.0
2026-03-12 11:37:03,12.5,0.0
2026-03-12 11:37:18,12.5,0.0
2026-03-12 11:37:33,12.5,0.0
2026-03-12 11:37:48,12.5,0.0
2026-03-12 11:38:03,12.5,0.0
2026-03-12 11:38:18,12.5,0.0
2026-03-12 11:38:33,12.5,0.0
2026-03-12 11:38:48,12.5,0.0
2026-03-12 11:39:03,12.5,0.0
2026-03-12 11:39:18,12.5,0.0
2026-03-12 11:39:33,12.5,0.0
2026-03-12 11:39:48,12.5,0.0
2026-03-12 11:40:03,12.5,0.0
2026-03-12 11:40:18,12.5,0.0
2026-03-12 11:40:33,12.5,0.0
2026-03-12 11:40:48,12.5,0.0
2026-03-12 11:41:03,12.5,0.0
2026-03-12 11:41:18,12.5,0.0
2026-03-12 11:41:33,12.5,0.0
2026-03-12 11:41:48,12.5,0.0
2026-03-12 11:42:03,12.5,0.0
2026-03-12 11:42:18,12.5,0.0
2026-03-12 11:42:33,12.5,0.0
2026-03-12 11:42:48,12.5,0.0
2026-03-12 11:43:03,12.5,0.0
2026-03-12 11:43:18,12.5,0.0
2026-03-12 11:43:33,12.5,0.0
2026-03-12 11:43:48,12.5,0.0
2026-03-12 11:44:03,12.5,0.0
2026-03-12 11:44:18,12.5,0.0
2026-03-12 11:44:33,12.5,0.0
2026-03-12 11:44:48,12.5,0.0
2026-03-12 11:45:03,12.5,0.0
2026-03-12 11:45:18,12.5,0.0
2026-03-12 11:45:33,12.5,0.0
2026-03-12 11:45:48,12.5,0.0
2026-03-12 11:46:03,12.5,0.0
2026-03-12 11:46:18,12.5,0.0
2026-03-12 11:46:33,12.5,0.0
2026-03-12 11:46:48,12.5,0.0
2026-03-12 11:47:03,12.5,0.0
2026-03-12 11:47:18,12.5,0.0
2026-03-12 11:47:33,12.5,0.0
2026-03-12 11:47:48,12.5,0.0
2026-03-12 11:48:03,12.5,0.0
2026-03-12 11:48:18,12.5,0.0
2026-03-12 11:48:33,12.5,0.0
2026-03-12 11:48:48,12.5,0.0
2026-03-12 11:49:03,12.5,0.0
2026-03-12 11:49:18,12.5,0.0
2026-03-12 11:49:33,12.5,0.0
2026-03-12 11:49:48,12.5,0.0
2026-03-12 11:50:03,12.5,0.0
2026-03-12 11:50:18,12.5,0.0
2026-03-12 11:50:33,12.5,0.0
2026-03-12 11:50:48,12.5,0.0
2026-03-12 11:51:03,12.5,0.0
2026-03-12 11:51:18,12.5,0.0
2026-03-12 11:51:33,12.5,0.0
2026-03-12 11:51:48,12.5,0.0
2026-03-12 11:52:03,12.5,0.0
2026-03-12 11:52:18,12.5,0.0
2026-03-12 11:52:33,12.5,0.0
2026-03-12 11:52:48,12.5,0.0
2026-03-12 11:53:03,12.5,0.0
2026-03-12 11:53:18,12.5,0.0
2026-03-12 11:53:33,12.5,0.0
2026-03-12 11:53:48,12.5,0.0
2026-03-12 11:54:03,12.5,0.0
2026-03-12 11:54:18,12.5,0.0
2026-03-12 11:54:33,12.5,0.0
2026-03-12 11:54:48,12.5,0.0
2026-03-12 11:55:03,12.5,0.0
2026-03-12 11:55:18,12.5,0.0
2026-03-12 11:55:33,12.5,0.0
2026-03-12 11:55:48,12.5,0.0
2026-03-12 11:56:03,12.5,0.0
2026-03-12 11:56:18,12.5,0.0
2026-03-12 11:56:33,12.5,0.0
2026-03-12 11:56:48,12.5,0.0
2026-03-12 11:57:03,12.5,0.0
2026-03-12 11:57:18,12.5,0.0
2026-03-12 11:57:33,12.5,0.0
2026-03-12 11:57:48,12.5,0.0
2026-03-12 11:58:03,12.5,0.0
2026-03-12 11:58:18,12.5,0.0
2026-03-12 11:58:33,12.5,0.0
2026-03-12 11:58:48,12.5,0.0
2026-03-12 11:59:03,12.5,0.0
2026-03-12 11:59:18,12.5,0.0
2026-03-12 11:59:33,12.5,0.0
2026-03-12 11:59:48,12.5,0.0
2026-03-12 12:00:03,12.5,0.0
2026-03-12 12:00:18,12.5,0.0
2026-03-12 12:00:33,12.5,0.0
2026-03-12 12:00:48,12.5,0.0
2026-03-12 12:01:03,12.5,1.0752688172043012
2026-03-12 12:01:18,12.5,2.1505376344086025
2026-03-12 12:01:33,12.5,3.225806451612903
2026-03-12 12:01:48,12.5,4.301075268817205
2026-03-12 12:02:03,12.5,5.376344086021505
2026-03-12 12:02:18,12.5,6.451612903225806
2026-03-12 12:02:33,12.5,7.526881720430108
2026-03-12 12:02:48,12.5,8.60215053763441
2026-03-12 12:03:03,12.5,9.67741935483871
2026-03-12 12:03:18,12.5,10.75268817204301
2026-03-12 12:03:33,12.5,10.75268817204301
2026-03-12 12:03:48,12.5,10.75268817204301
2026-03-12 12:04:03,12.5,10.75268817204301
2026-03-12 12:04:18,12.5,10.75268817204301
2026-03-12 12:04:33,12.5,10.75268817204301
2026-03-12 12:04:48,12.5,10.75268817204301
2026-03-12 12:05:03,12.5,10.75268817204301
2026-03-12 12:05:18,12.5,10.309278350515463
2026-03-12 12:05:33,12.5,10.309278350515463
2026-03-12 12:05:48,12.5,10.309278350515463
2026-03-12 12:06:03,12.5,10.309278350515463
2026-03-12 12:06:18,12.5,10.309278350515463
2026-03-12 12:06:33,12.5,10.309278350515463
2026-03-12 12:06:48,12.5,10.309278350515463
2026-03-12 12:07:03,12.5,10.309278350515463
2026-03-12 12:07:18,12.5,10.309278350515463
2026-03-12 12:07:33,12.5,10.309278350515463
2026-03-12 12:07:48,12.5,10.309278350515463
2026-03-12 12:08:03,12.5,10.309278350515463
2026-03-12 12:08:18,12.5,10.309278350515463
2026-03-12 12:08:33,12.5,10.309278350515463
2026-03-12 12:08:48,12.5,10.309278350515463
2026-03-12 12:09:03,12.5,10.309278350515463
2026-03-12 12:09:18,12.5,10.309278350515463
2026-03-12 12:09:33,12.5,10.309278350515463
2026-03-12 12:09:48,12.5,10.309278350515463
2026-03-12 12:10:03,12.5,10.309278350515463
2026-03-12 12:10:18,12.5,10.309278350515463
2026-03-12 12:10:33,12.5,11.34020618556701
2026-03-12 12:10:48,12.5,11.34020618556701
2026-03-12 12:11:03,12.5,11.34020618556701
2026-03-12 12:11:18,12.5,11.34020618556701
2026-03-12 12:11:33,12.5,11.34020618556701
2026-03-12 12:11:48,12.5,11.34020618556701
2026-03-12 12:12:03,12.5,11.34020618556701
2026-03-12 12:12:18,12.5,11.34020618556701
2026-03-12 12:12:33,12.5,11.34020618556701
2026-03-12 12:12:48,12.5,11.34020618556701
2026-03-12 12:13:03,12.5,11.34020618556701
2026-03-12 12:13:18,12.5,11.34020618556701
2026-03-12 12:13:33,12.5,11.34020618556701
2026-03-12 12:13:48,12.5,11.34020618556701
2026-03-12 12:14:03,12.5,11.34020618556701
2026-03-12 12:14:18,12.5,11.34020618556701
2026-03-12 12:14:33,12.5,11.34020618556701
2026-03-12 12:14:48,12.5,11.34020618556701
2026-03-12 12:15:03,12.5,11.34020618556701
2026-03-12 12:15:18,12.5,11.34020618556701
2026-03-12 12:15:33,12.5,11.34020618556701
2026-03-12 12:15:48,12.5,11.34020618556701
2026-03-12 12:16:03,12.5,12.371134020618557
2026-03-12 12:16:18,12.5,12.371134020618557
2026-03-12 12:16:33,12.5,12.371134020618557
2026-03-12 12:16:48,12.5,12.371134020618557
2026-03-12 12:17:03,12.5,12.371134020618557
2026-03-12 12:17:18,12.5,12.371134020618557
2026-03-12 12:17:33,12.5,12.371134020618557
2026-03-12 12:17:48,12.5,13.402061855670103
2026-03-12 12:18:03,12.5,14.432989690721648
2026-03-12 12:18:18,12.5,15.463917525773196
2026-03-12 12:18:33,12.5,16.49484536082474
2026-03-12 12:18:48,12.5,17.525773195876287
2026-03-12 12:19:03,12.5,18.556701030927837
2026-03-12 12:19:18,12.5,19.587628865979383
2026-03-12 12:19:33,12.5,20.618556701030926
2026-03-12 12:19:48,12.5,21.649484536082475
2026-03-12 12:20:03,25.0,22.68041237113402
2026-03-12 12:20:18,25.0,22.772277227722775
2026-03-12 12:20:33,25.0,23.762376237623762
2026-03-12 12:20:48,25.0,23.762376237623762
2026-03-12 12:21:03,25.0,24.752475247524753
2026-03-12 12:21:18,25.0,25.742574257425744
2026-03-12 12:21:33,25.0,26.732673267326735
2026-03-12 12:21:48,25.0,27.722772277227726
2026-03-12 12:22:03,25.0,28.71287128712871
2026-03-12 12:22:18,25.0,29.7029702970297
2026-03-12 12:22:33,25.0,30.693069306930692
2026-03-12 12:22:48,25.0,31.683168316831683
2026-03-12 12:23:03,25.0,32.67326732673268
2026-03-12 12:23:18,25.0,33.663366336633665
2026-03-12 12:23:33,25.0,34.65346534653465
2026-03-12 12:23:48,25.0,35.64356435643564
2026-03-12 12:24:03,25.0,36.633663366336634
2026-03-12 12:24:18,37.5,37.62376237623762
2026-03-12 12:24:33,37.5,38.613861386138616
2026-03-12 12:24:48,37.5,39.603960396039604
2026-03-12 12:25:03,37.5,40.5940594059406
2026-03-12 12:25:18,37.5,41.584158415841586
2026-03-12 12:25:33,37.5,42.57425742574257
2026-03-12 12:25:48,37.5,43.56435643564357
2026-03-12 12:26:03,37.5,44.554455445544555
2026-03-12 12:26:18,37.5,44.554455445544555
2026-03-12 12:26:33,37.5,44.554455445544555
2026-03-12 12:26:48,37.5,44.554455445544555
2026-03-12 12:27:03,37.5,44.554455445544555
2026-03-12 12:27:18,37.5,44.554455445544555
2026-03-12 12:27:33,37.5,44.554455445544555
2026-03-12 12:27:48,50.0,44.554455445544555
2026-03-12 12:28:03,50.0,44.554455445544555
2026-03-12 12:28:18,50.0,44.554455445544555
2026-03-12 12:28:33,50.0,44.554455445544555
2026-03-12 12:28:48,50.0,45.54455445544555
2026-03-12 12:29:03,50.0,46.53465346534654
2026-03-12 12:29:18,50.0,47.524752475247524
2026-03-12 12:29:33,50.0,48.51485148514851
2026-03-12 12:29:48,50.0,49.504950495049506
2026-03-12 12:30:03,50.0,50.495049504950494
2026-03-12 12:30:18,50.0,50.495049504950494
2026-03-12 12:30:33,50.0,50.495049504950494
2026-03-12 12:30:48,50.0,50.495049504950494
2026-03-12 12:31:03,50.0,50.495049504950494
2026-03-12 12:31:18,50.0,50.495049504950494
2026-03-12 12:31:33,50.0,50.495049504950494
2026-03-12 12:31:48,50.0,50.495049504950494
2026-03-12 12:32:03,50.0,50.495049504950494
2026-03-12 12:32:18,50.0,50.495049504950494
2026-03-12 12:32:33,50.0,50.495049504950494
2026-03-12 12:32:48,50.0,50.495049504950494
2026-03-12 12:33:03,50.0,50.495049504950494
2026-03-12 12:33:18,50.0,50.495049504950494
2026-03-12 12:33:33,50.0,50.495049504950494
2026-03-12 12:33:48,50.0,50.495049504950494
2026-03-12 12:34:03,50.0,50.495049504950494
2026-03-12 12:34:18,50.0,50.495049504950494
2026-03-12 12:34:33,50.0,50.495049504950494
2026-03-12 12:34:48,50.0,50.495049504950494
2026-03-12 12:35:03,50.0,48.57142857142857
2026-03-12 12:35:18,37.5,48.57142857142857
2026-03-12 12:35:33,37.5,48.57142857142857
2026-03-12 12:35:48,37.5,48.57142857142857
2026-03-12 12:36:03,37.5,49.523809523809526
2026-03-12 12:36:18,50.0,50.476190476190474
2026-03-12 12:36:33,50.0,51.42857142857142
2026-03-12 12:36:48,50.0,51.42857142857142
2026-03-12 12:37:03,50.0,52.38095238095239
2026-03-12 12:37:18,50.0,52.38095238095239
2026-03-12 12:37:33,50.0,52.38095238095239
2026-03-12 12:37:48,50.0,52.38095238095239
2026-03-12 12:38:03,50.0,52.38095238095239
2026-03-12 12:38:18,50.0,52.38095238095239
2026-03-12 12:38:33,37.5,53.333333333333336
2026-03-12 12:38:48,50.0,54.285714285714285
2026-03-12 12:39:03,50.0,55.23809523809524
2026-03-12 12:39:18,50.0,56.19047619047619
2026-03-12 12:39:33,50.0,57.14285714285714
2026-03-12 12:39:48,50.0,58.0952380952381
2026-03-12 12:40:03,50.0,59.04761904761905
2026-03-12 12:40:18,50.0,60.0
2026-03-12 12:40:33,50.0,60.952380952380956
2026-03-12 12:40:48,50.0,61.904761904761905
2026-03-12 12:41:03,50.0,61.904761904761905
2026-03-12 12:41:18,50.0,61.904761904761905
2026-03-12 12:41:33,50.0,61.904761904761905
2026-03-12 12:41:48,50.0,62.857142857142854
2026-03-12 12:42:03,50.0,63.8095238095238
2026-03-12 12:42:18,50.0,63.8095238095238
2026-03-12 12:42:33,50.0,64.76190476190476
2026-03-12 12:42:48,50.0,65.71428571428571
2026-03-12 12:43:03,50.0,66.66666666666666
2026-03-12 12:43:18,50.0,67.61904761904762
2026-03-12 12:43:33,50.0,68.57142857142857
2026-03-12 12:43:48,50.0,69.52380952380952
2026-03-12 12:44:03,50.0,69.52380952380952
2026-03-12 12:44:18,62.5,69.52380952380952
2026-03-12 12:44:33,62.5,69.52380952380952
2026-03-12 12:44:48,62.5,69.52380952380952
2026-03-12 12:45:03,62.5,69.52380952380952
2026-03-12 12:45:18,62.5,69.52380952380952
2026-03-12 12:45:33,62.5,69.52380952380952
2026-03-12 12:45:48,62.5,69.52380952380952
2026-03-12 12:46:03,62.5,69.52380952380952
2026-03-12 12:46:18,62.5,69.52380952380952
2026-03-12 12:46:33,62.5,69.52380952380952
2026-03-12 12:46:48,62.5,69.52380952380952
2026-03-12 12:47:03,62.5,70.47619047619048
2026-03-12 12:47:18,62.5,70.47619047619048
2026-03-12 12:47:33,62.5,70.47619047619048
2026-03-12 12:47:48,62.5,70.47619047619048
2026-03-12 12:48:03,62.5,70.47619047619048
2026-03-12 12:48:18,62.5,70.47619047619048
2026-03-12 12:48:33,75.0,70.47619047619048
2026-03-12 12:48:48,75.0,70.47619047619048
2026-03-12 12:49:03,75.0,70.47619047619048
2026-03-12 12:49:18,75.0,70.47619047619048
2026-03-12 12:49:33,75.0,70.47619047619048
2026-03-12 12:49:48,75.0,70.47619047619048
2026-03-12 12:50:03,75.0,71.55963302752293
2026-03-12 12:50:18,75.0,71.55963302752293
2026-03-12 12:50:33,75.0,71.55963302752293
2026-03-12 12:50:48,75.0,71.55963302752293
2026-03-12 12:51:03,75.0,71.55963302752293
2026-03-12 12:51:18,75.0,71.55963302752293
2026-03-12 12:51:33,75.0,71.55963302752293
2026-03-12 12:51:48,75.0,71.55963302752293
2026-03-12 12:52:03,75.0,71.55963302752293
2026-03-12 12:52:18,75.0,71.55963302752293
2026-03-12 12:52:33,75.0,71.55963302752293
2026-03-12 12:52:48,75.0,71.55963302752293
2026-03-12 12:53:03,75.0,71.55963302752293
2026-03-12 12:53:18,75.0,71.55963302752293
2026-03-12 12:53:33,75.0,71.55963302752293
2026-03-12 12:53:48,75.0,71.55963302752293
2026-03-12 12:54:03,75.0,71.55963302752293
2026-03-12 12:54:18,75.0,71.55963302752293
2026-03-12 12:54:33,75.0,71.55963302752293
2026-03-12 12:54:48,75.0,71.55963302752293
2026-03-12 12:55:03,75.0,71.55963302752293
2026-03-12 12:55:18,75.0,71.55963302752293
2026-03-12 12:55:33,75.0,71.55963302752293
2026-03-12 12:55:48,87.5,71.55963302752293
2026-03-12 12:56:03,87.5,71.55963302752293
2026-03-12 12:56:18,87.5,71.55963302752293
2026-03-12 12:56:33,87.5,71.55963302752293
2026-03-12 12:56:48,87.5,71.55963302752293
2026-03-12 12:57:03,87.5,71.55963302752293
2026-03-12 12:57:18,87.5,71.55963302752293
2026-03-12 12:57:33,87.5,72.47706422018348
2026-03-12 12:57:48,87.5,73.39449541284404
2026-03-12 12:58:03,87.5,74.31192660550458
2026-03-12 12:58:18,87.5,75.22935779816514
2026-03-12 12:58:33,87.5,76.14678899082568
2026-03-12 12:58:48,87.5,77.06422018348624
2026-03-12 12:59:03,87.5,77.98165137614679
2026-03-12 12:59:18,87.5,78.89908256880734
2026-03-12 12:59:33,87.5,79.81651376146789
2026-03-12 12:59:48,87.5,80.73394495412845
2026-03-12 13:00:03,87.5,81.65137614678899
2026-03-12 13:00:18,87.5,81.65137614678899
2026-03-12 13:00:33,87.5,81.65137614678899
2026-03-12 13:00:48,87.5,82.56880733944955
2026-03-12 13:01:03,87.5,83.4862385321101
2026-03-12 13:01:18,87.5,84.40366972477065
2026-03-12 13:01:33,87.5,85.3211009174312
2026-03-12 13:01:48,87.5,86.23853211009175
2026-03-12 13:02:03,87.5,87.1559633027523
2026-03-12 13:02:18,87.5,88.07339449541286
2026-03-12 13:02:33,87.5,88.9908256880734
2026-03-12 13:02:48,87.5,89.90825688073394
2026-03-12 13:03:03,87.5,90.82568807339449
2026-03-12 13:03:18,87.5,90.82568807339449
2026-03-12 13:03:33,87.5,90.82568807339449
2026-03-12 13:03:48,87.5,90.82568807339449
2026-03-12 13:04:03,87.5,89.90825688073394
2026-03-12 13:04:18,87.5,88.9908256880734
2026-03-12 13:04:33,87.5,88.9908256880734
2026-03-12 13:04:48,87.5,88.9908256880734
2026-03-12 13:05:03,87.5,88.9908256880734
2026-03-12 13:05:18,87.5,88.9908256880734
2026-03-12 13:05:33,87.5,88.9908256880734
2026-03-12 13:05:48,87.5,88.07339449541286
2026-03-12 13:06:03,87.5,87.1559633027523
2026-03-12 13:06:18,75.0,86.23853211009175
2026-03-12 13:06:33,75.0,86.23853211009175
2026-03-12 13:06:48,87.5,86.23853211009175
2026-03-12 13:07:03,87.5,86.23853211009175
2026-03-12 13:07:18,87.5,86.23853211009175
2026-03-12 13:07:33,75.0,85.3211009174312
2026-03-12 13:07:48,75.0,84.40366972477065
2026-03-12 13:08:03,75.0,83.4862385321101
2026-03-12 13:08:18,75.0,83.4862385321101
2026-03-12 13:08:33,75.0,83.4862385321101
2026-03-12 13:08:48,75.0,83.4862385321101
2026-03-12 13:09:03,75.0,82.56880733944955
2026-03-12 13:09:18,75.0,81.65137614678899
2026-03-12 13:09:33,75.0,80.73394495412845
2026-03-12 13:09:48,75.0,79.81651376146789
2026-03-12 13:10:03,75.0,78.89908256880734
2026-03-12 13:10:18,75.0,77.98165137614679
2026-03-12 13:10:33,75.0,77.06422018348624
2026-03-12 13:10:48,75.0,76.14678899082568
2026-03-12 13:11:03,75.0,75.22935779816514
2026-03-12 13:11:18,75.0,74.31192660550458
2026-03-12 13:11:33,75.0,73.39449541284404
2026-03-12 13:11:48,75.0,72.47706422018348
2026-03-12 13:12:03,75.0,71.55963302752293
2026-03-12 13:12:18,62.5,70.64220183486239
2026-03-12 13:12:33,62.5,69.72477064220183
2026-03-12 13:12:48,62.5,68.80733944954129
2026-03-12 13:13:03,62.5,67.88990825688074
2026-03-12 13:13:18,62.5,68.14159292035397
2026-03-12 13:13:33,62.5,67.2566371681416
2026-03-12 13:13:48,62.5,66.3716814159292
2026-03-12 13:14:03,62.5,65.48672566371681
2026-03-12 13:14:18,62.5,64.60176991150442
2026-03-12 13:14:33,62.5,64.60176991150442
2026-03-12 13:14:48,62.5,64.60176991150442
2026-03-12 13:15:03,62.5,64.60176991150442
2026-03-12 13:15:18,62.5,64.60176991150442
2026-03-12 13:15:33,62.5,64.60176991150442
2026-03-12 13:15:48,62.5,64.60176991150442
2026-03-12 13:16:03,62.5,64.60176991150442
2026-03-12 13:16:18,62.5,64.60176991150442
2026-03-12 13:16:33,62.5,64.60176991150442
2026-03-12 13:16:48,62.5,64.60176991150442
2026-03-12 13:17:03,62.5,64.60176991150442
2026-03-12 13:17:18,62.5,64.60176991150442
2026-03-12 13:17:33,62.5,64.60176991150442
2026-03-12 13:17:48,62.5,64.60176991150442
2026-03-12 13:18:03,62.5,64.60176991150442
2026-03-12 13:18:18,62.5,64.60176991150442
2026-03-12 13:18:33,62.5,64.60176991150442
2026-03-12 13:18:48,62.5,64.60176991150442
2026-03-12 13:19:03,75.0,64.60176991150442
2026-03-12 13:19:18,75.0,64.60176991150442
2026-03-12 13:19:33,75.0,64.60176991150442
2026-03-12 13:19:48,75.0,64.60176991150442
2026-03-12 13:20:03,75.0,64.60176991150442
2026-03-12 13:20:18,75.0,64.60176991150442
2026-03-12 13:20:33,75.0,64.60176991150442
2026-03-12 13:20:48,75.0,64.60176991150442
2026-03-12 13:21:03,75.0,64.60176991150442
2026-03-12 13:21:18,75.0,64.60176991150442
2026-03-12 13:21:33,75.0,64.60176991150442
2026-03-12 13:21:48,75.0,64.60176991150442
2026-03-12 13:22:03,75.0,64.60176991150442
2026-03-12 13:22:18,75.0,64.60176991150442
2026-03-12 13:22:33,75.0,64.60176991150442
2026-03-12 13:22:48,75.0,64.60176991150442
2026-03-12 13:23:03,75.0,64.60176991150442
2026-03-12 13:23:18,75.0,64.60176991150442
2026-03-12 13:23:33,75.0,64.60176991150442
2026-03-12 13:23:48,75.0,64.60176991150442
2026-03-12 13:24:03,75.0,64.60176991150442
2026-03-12 13:24:18,75.0,64.60176991150442
2026-03-12 13:24:33,75.0,64.60176991150442
2026-03-12 13:24:48,75.0,64.60176991150442
2026-03-12 13:25:03,75.0,64.60176991150442
2026-03-12 13:25:18,75.0,63.716814159292035
2026-03-12 13:25:33,75.0,62.83185840707964
2026-03-12 13:25:48,75.0,62.83185840707964
2026-03-12 13:26:03,75.0,62.83185840707964
2026-03-12 13:26:18,75.0,62.83185840707964
2026-03-12 13:26:33,75.0,62.83185840707964
2026-03-12 13:26:48,75.0,62.83185840707964
2026-03-12 13:27:03,75.0,62.83185840707964
2026-03-12 13:27:18,75.0,61.94690265486725
2026-03-12 13:27:33,75.0,61.06194690265486
2026-03-12 13:27:48,75.0,60.17699115044248
2026-03-12 13:28:03,75.0,59.29203539823009
2026-03-12 13:28:18,75.0,58.4070796460177
2026-03-12 13:28:33,75.0,58.4070796460177
2026-03-12 13:28:48,75.0,58.4070796460177
2026-03-12 13:29:03,75.0,57.52212389380531
2026-03-12 13:29:18,75.0,56.63716814159292
2026-03-12 13:29:33,75.0,55.75221238938053
2026-03-12 13:29:48,75.0,54.86725663716814
2026-03-12 13:30:03,75.0,53.98230088495575
2026-03-12 13:30:18,75.0,53.09734513274337
2026-03-12 13:30:33,75.0,52.21238938053098
2026-03-12 13:30:48,75.0,51.32743362831859
2026-03-12 13:31:03,75.0,50.442477876106196
2026-03-12 13:31:18,75.0,49.557522123893804
2026-03-12 13:31:33,75.0,48.67256637168141
2026-03-12 13:31:48,62.5,47.78761061946903
2026-03-12 13:32:03,62.5,46.902654867256636
2026-03-12 13:32:18,62.5,46.902654867256636
2026-03-12 13:32:33,62.5,46.902654867256636
2026-03-12 13:32:48,62.5,46.902654867256636
2026-03-12 13:33:03,62.5,46.902654867256636
2026-03-12 13:33:18,62.5,47.78761061946903
2026-03-12 13:33:33,62.5,48.67256637168141
2026-03-12 13:33:48,62.5,49.557522123893804
2026-03-12 13:34:03,62.5,50.442477876106196
2026-03-12 13:34:18,62.5,51.32743362831859
2026-03-12 13:34:33,62.5,52.21238938053098
2026-03-12 13:34:48,62.5,52.21238938053098
2026-03-12 13:35:03,75.0,52.21238938053098
2026-03-12 13:35:18,75.0,52.21238938053098
2026-03-12 13:35:33,75.0,52.21238938053098
2026-03-12 13:35:48,75.0,53.09734513274337
2026-03-12 13:36:03,75.0,53.98230088495575
2026-03-12 13:36:18,75.0,54.86725663716814
2026-03-12 13:36:33,75.0,55.75221238938053
2026-03-12 13:36:48,75.0,56.63716814159292
2026-03-12 13:37:03,75.0,57.52212389380531
2026-03-12 13:37:18,75.0,58.4070796460177
2026-03-12 13:37:33,75.0,59.29203539823009
2026-03-12 13:37:48,75.0,60.17699115044248
2026-03-12 13:38:03,75.0,61.06194690265486
2026-03-12 13:38:18,75.0,61.94690265486725
2026-03-12 13:38:33,75.0,62.83185840707964
2026-03-12 13:38:48,75.0,63.716814159292035
2026-03-12 13:39:03,75.0,64.60176991150442
2026-03-12 13:39:18,75.0,65.48672566371681
2026-03-12 13:39:33,75.0,66.3716814159292
2026-03-12 13:39:48,75.0,67.2566371681416
2026-03-12 13:40:03,75.0,68.14159292035397
2026-03-12 13:40:18,75.0,69.02654867256636
2026-03-12 13:40:33,75.0,69.91150442477876
2026-03-12 13:40:48,75.0,70.79646017699115
2026-03-12 13:41:03,75.0,71.68141592920354
2026-03-12 13:41:18,75.0,72.56637168141593
2026-03-12 13:41:33,75.0,73.45132743362832
2026-03-12 13:41:48,75.0,74.33628318584071
2026-03-12 13:42:03,75.0,75.22123893805309
2026-03-12 13:42:18,75.0,76.10619469026548
2026-03-12 13:42:33,75.0,76.99115044247787
2026-03-12 13:42:48,75.0,76.99115044247787
2026-03-12 13:43:03,75.0,76.99115044247787
2026-03-12 13:43:18,75.0,76.99115044247787
2026-03-12 13:43:33,75.0,76.99115044247787
2026-03-12 13:43:48,75.0,76.99115044247787
2026-03-12 13:44:03,75.0,76.99115044247787
2026-03-12 13:44:18,75.0,76.99115044247787
2026-03-12 13:44:33,75.0,76.99115044247787
2026-03-12 13:44:48,87.5,76.99115044247787
2026-03-12 13:45:03,87.5,76.99115044247787
2026-03-12 13:45:18,87.5,76.99115044247787
2026-03-12 13:45:33,87.5,76.99115044247787
2026-03-12 13:45:48,87.5,76.99115044247787
2026-03-12 13:46:03,87.5,76.99115044247787
2026-03-12 13:46:18,87.5,76.99115044247787
2026-03-12 13:46:33,87.5,76.99115044247787
2026-03-12 13:46:48,87.5,76.99115044247787
2026-03-12 13:47:03,87.5,76.99115044247787
2026-03-12 13:47:18,87.5,76.99115044247787
2026-03-12 13:47:33,87.5,76.99115044247787
2026-03-12 13:47:48,87.5,76.99115044247787
2026-03-12 13:48:03,87.5,76.99115044247787
2026-03-12 13:48:18,87.5,76.99115044247787
2026-03-12 13:48:33,87.5,76.99115044247787
2026-03-12 13:48:48,87.5,76.99115044247787
2026-03-12 13:49:03,87.5,76.99115044247787
2026-03-12 13:49:18,87.5,76.99115044247787
2026-03-12 13:49:33,87.5,76.99115044247787
2026-03-12 13:49:48,87.5,76.99115044247787
2026-03-12 13:50:03,87.5,76.99115044247787
2026-03-12 13:50:18,87.5,76.99115044247787
2026-03-12 13:50:33,87.5,76.10619469026548
2026-03-12 13:50:48,87.5,75.22123893805309
2026-03-12 13:51:03,87.5,74.33628318584071
2026-03-12 13:51:18,87.5,73.45132743362832
2026-03-12 13:51:33,87.5,72.56637168141593
2026-03-12 13:51:48,87.5,71.68141592920354
2026-03-12 13:52:03,87.5,70.79646017699115
2026-03-12 13:52:18,87.5,70.79646017699115
2026-03-12 13:52:33,87.5,70.79646017699115
2026-03-12 13:52:48,87.5,70.79646017699115
2026-03-12 13:53:03,87.5,70.79646017699115
2026-03-12 13:53:18,87.5,70.79646017699115
2026-03-12 13:53:33,87.5,71.68141592920354
2026-03-12 13:53:48,87.5,72.56637168141593
2026-03-12 13:54:03,87.5,71.68141592920354
2026-03-12 13:54:18,87.5,70.79646017699115
2026-03-12 13:54:33,75.0,69.91150442477876
2026-03-12 13:54:48,87.5,70.94017094017094
2026-03-12 13:55:03,87.5,70.94017094017094
2026-03-12 13:55:18,75.0,70.08547008547008
2026-03-12 13:55:33,75.0,69.23076923076923
2026-03-12 13:55:48,75.0,68.37606837606837
2026-03-12 13:56:03,75.0,67.52136752136752
2026-03-12 13:56:18,75.0,66.66666666666666
2026-03-12 13:56:33,75.0,66.66666666666666
2026-03-12 13:56:48,75.0,66.66666666666666
2026-03-12 13:57:03,75.0,66.66666666666666
2026-03-12 13:57:18,75.0,66.66666666666666
2026-03-12 13:57:33,75.0,66.66666666666666
2026-03-12 13:57:48,75.0,66.66666666666666
2026-03-12 13:58:03,75.0,66.66666666666666
2026-03-12 13:58:18,75.0,66.66666666666666
2026-03-12 13:58:33,75.0,66.66666666666666
2026-03-12 13:58:48,75.0,66.66666666666666
2026-03-12 13:59:03,75.0,66.66666666666666
2026-03-12 13:59:18,75.0,66.66666666666666
2026-03-12 13:59:33,75.0,66.66666666666666
2026-03-12 13:59:48,75.0,66.66666666666666
2026-03-12 14:00:03,75.0,66.66666666666666
2026-03-12 14:00:18,62.5,66.66666666666666
2026-03-12 14:00:33,75.0,67.52136752136752
2026-03-12 14:00:48,75.0,68.37606837606837
2026-03-12 14:01:03,75.0,69.23076923076923
2026-03-12 14:01:18,75.0,70.08547008547008
2026-03-12 14:01:33,75.0,70.94017094017094
2026-03-12 14:01:48,75.0,71.7948717948718
2026-03-12 14:02:03,75.0,72.64957264957265
2026-03-12 14:02:18,75.0,73.50427350427351
2026-03-12 14:02:33,75.0,73.50427350427351
2026-03-12 14:02:48,75.0,72.64957264957265
2026-03-12 14:03:03,75.0,71.7948717948718
2026-03-12 14:03:18,75.0,70.94017094017094
2026-03-12 14:03:33,75.0,70.08547008547008
2026-03-12 14:03:48,62.5,69.23076923076923
2026-03-12 14:04:03,62.5,68.37606837606837
2026-03-12 14:04:18,62.5,67.52136752136752
2026-03-12 14:04:33,62.5,66.66666666666666
2026-03-12 14:04:48,62.5,65.8119658119658
2026-03-12 14:05:03,62.5,64.95726495726495
2026-03-12 14:05:18,62.5,64.1025641025641
2026-03-12 14:05:33,62.5,63.24786324786324
2026-03-12 14:05:48,62.5,62.39316239316239
2026-03-12 14:06:03,62.5,61.53846153846154
2026-03-12 14:06:18,62.5,60.68376068376068
2026-03-12 14:06:33,62.5,59.82905982905983
2026-03-12 14:06:48,62.5,58.97435897435898
2026-03-12 14:07:03,62.5,58.119658119658126
2026-03-12 14:07:18,62.5,57.26495726495726
2026-03-12 14:07:33,62.5,56.41025641025641
2026-03-12 14:07:48,50.0,55.55555555555556
2026-03-12 14:08:03,50.0,54.700854700854705
2026-03-12 14:08:18,50.0,53.84615384615385
2026-03-12 14:08:33,50.0,52.991452991452995
2026-03-12 14:08:48,50.0,52.13675213675214
2026-03-12 14:09:03,50.0,51.28205128205128
2026-03-12 14:09:18,50.0,50.427350427350426
2026-03-12 14:09:33,50.0,49.572649572649574
2026-03-12 14:09:48,50.0,48.717948717948715
2026-03-12 14:10:03,50.0,47.863247863247864
2026-03-12 14:10:18,50.0,47.008547008547005
2026-03-12 14:10:33,50.0,46.15384615384615
2026-03-12 14:10:48,50.0,45.2991452991453
2026-03-12 14:11:03,50.0,44.44444444444444
2026-03-12 14:11:18,50.0,43.58974358974359
2026-03-12 14:11:33,50.0,42.73504273504273
2026-03-12 14:11:48,50.0,41.88034188034188
2026-03-12 14:12:03,50.0,41.02564102564102
2026-03-12 14:12:18,37.5,40.17094017094017
2026-03-12 14:12:33,37.5,39.31623931623932
2026-03-12 14:12:48,37.5,38.46153846153847
2026-03-12 14:13:03,37.5,37.60683760683761
2026-03-12 14:13:18,37.5,36.75213675213676
2026-03-12 14:13:33,37.5,35.8974358974359
2026-03-12 14:13:48,37.5,35.04273504273504
2026-03-12 14:14:03,37.5,34.18803418803419
2026-03-12 14:14:18,37.5,33.33333333333333
2026-03-12 14:14:33,37.5,32.47863247863248
2026-03-12 14:14:48,37.5,31.62393162393162
2026-03-12 14:15:03,37.5,30.76923076923077
2026-03-12 14:15:18,37.5,29.914529914529915
2026-03-12 14:15:33,37.5,29.059829059829063
2026-03-12 14:15:48,37.5,28.205128205128204
2026-03-12 14:16:03,37.5,27.350427350427353
2026-03-12 14:16:18,37.5,26.495726495726498
2026-03-12 14:16:33,37.5,25.64102564102564
2026-03-12 14:16:48,37.5,24.786324786324787
2026-03-12 14:17:03,37.5,23.931623931623932
2026-03-12 14:17:18,37.5,23.076923076923077
2026-03-12 14:17:33,37.5,22.22222222222222
2026-03-12 14:17:48,25.0,21.367521367521366
2026-03-12 14:18:03,25.0,20.51282051282051
2026-03-12 14:18:18,25.0,19.65811965811966
2026-03-12 14:18:33,25.0,18.803418803418804
2026-03-12 14:18:48,25.0,17.94871794871795
2026-03-12 14:19:03,25.0,17.094017094017094
2026-03-12 14:19:18,25.0,16.23931623931624
2026-03-12 14:19:33,25.0,15.384615384615385
2026-03-12 14:19:48,25.0,15.384615384615385
2026-03-12 14:20:03,25.0,15.384615384615385
2026-03-12 14:20:18,25.0,15.384615384615385
2026-03-12 14:20:33,25.0,15.384615384615385
2026-03-12 14:20:48,25.0,15.384615384615385
2026-03-12 14:21:03,25.0,15.384615384615385
2026-03-12 14:21:18,25.0,15.384615384615385
2026-03-12 14:21:33,25.0,14.529914529914532
2026-03-12 14:21:48,25.0,13.675213675213676
2026-03-12 14:22:03,25.0,12.82051282051282
2026-03-12 14:22:18,25.0,11.965811965811966
2026-03-12 14:22:33,25.0,11.11111111111111
2026-03-12 14:22:48,25.0,10.256410256410255
2026-03-12 14:23:03,25.0,9.401709401709402
2026-03-12 14:23:18,25.0,9.401709401709402
2026-03-12 14:23:33,25.0,9.401709401709402
2026-03-12 14:23:48,25.0,9.401709401709402
2026-03-12 14:24:03,25.0,8.547008547008547
2026-03-12 14:24:18,25.0,7.6923076923076925
2026-03-12 14:24:33,25.0,7.6923076923076925
2026-03-12 14:24:48,25.0,7.6923076923076925
2026-03-12 14:25:03,25.0,7.6923076923076925
2026-03-12 14:25:18,25.0,7.6923076923076925
2026-03-12 14:25:33,25.0,7.6923076923076925
2026-03-12 14:25:48,25.0,7.6923076923076925
2026-03-12 14:26:03,25.0,7.6923076923076925
2026-03-12 14:26:18,25.0,7.6923076923076925
2026-03-12 14:26:33,25.0,7.6923076923076925
2026-03-12 14:26:48,25.0,7.6923076923076925
2026-03-12 14:27:03,25.0,7.6923076923076925
2026-03-12 14:27:18,25.0,7.6923076923076925
2026-03-12 14:27:33,25.0,7.6923076923076925
2026-03-12 14:27:48,25.0,7.6923076923076925
2026-03-12 14:28:03,25.0,7.6923076923076925
2026-03-12 14:28:18,25.0,7.6923076923076925
2026-03-12 14:28:33,25.0,7.6923076923076925
2026-03-12 14:28:48,25.0,7.6923076923076925
2026-03-12 14:29:03,25.0,7.6923076923076925
2026-03-12 14:29:18,25.0,7.6923076923076925
2026-03-12 14:29:33,25.0,7.6923076923076925
2026-03-12 14:29:48,25.0,6.837606837606838
2026-03-12 14:30:03,25.0,5.982905982905983
2026-03-12 14:30:18,25.0,5.128205128205128
2026-03-12 14:30:33,25.0,4.273504273504273
2026-03-12 14:30:48,25.0,3.418803418803419
2026-03-12 14:31:03,25.0,2.564102564102564
2026-03-12 14:31:18,12.5,1.7094017094017095
2026-03-12 14:31:33,12.5,0.8547008547008548
2026-03-12 14:31:48,12.5,0.0
2026-03-12 14:32:03,12.5,0.0
2026-03-12 14:32:18,12.5,0.0
2026-03-12 14:32:33,12.5,0.0
2026-03-12 14:32:48,12.5,0.0
2026-03-12 14:33:03,12.5,0.0
2026-03-12 14:33:18,12.5,0.0
2026-03-12 14:33:33,12.5,0.0
2026-03-12 14:33:48,12.5,0.0
2026-03-12 14:34:03,12.5,0.0
2026-03-12 14:34:18,12.5,0.0
2026-03-12 14:34:33,12.5,0.0
2026-03-12 14:34:48,12.5,0.0
2026-03-12 14:35:03,12.5,0.0
2026-03-12 14:35:18,12.5,0.0
2026-03-12 14:35:33,12.5,0.0
2026-03-12 14:35:48,12.5,0.0
2026-03-12 14:36:03,12.5,0.0
2026-03-12 14:36:18,12.5,0.0
2026-03-12 14:36:33,12.5,0.0
2026-03-12 14:36:48,12.5,0.0
2026-03-12 14:37:03,12.5,0.0
2026-03-12 14:37:18,12.5,0.0
2026-03-12 14:37:33,12.5,0.0
2026-03-12 14:37:48,12.5,0.0
2026-03-12 14:38:03,12.5,0.0
2026-03-12 14:38:18,12.5,0.0
2026-03-12 14:38:33,12.5,0.0
2026-03-12 14:38:48,12.5,0.0
2026-03-12 14:39:03,12.5,0.0
2026-03-12 14:39:18,12.5,0.0
2026-03-12 14:39:33,12.5,0.0
2026-03-12 14:39:48,12.5,0.0
2026-03-12 14:40:03,12.5,0.0
2026-03-12 14:40:18,12.5,0.0
2026-03-12 14:40:33,12.5,0.0
2026-03-12 14:40:48,12.5,0.0
2026-03-12 14:41:03,12.5,0.0
2026-03-12 14:41:18,12.5,0.8849557522123894
2026-03-12 14:41:33,12.5,0.8849557522123894
2026-03-12 14:41:48,12.5,1.7699115044247788
2026-03-12 14:42:03,12.5,2.6548672566371683
2026-03-12 14:42:18,12.5,2.6548672566371683
2026-03-12 14:42:33,12.5,3.5398230088495577
2026-03-12 14:42:48,12.5,4.424778761061947
2026-03-12 14:43:03,12.5,5.3097345132743365
2026-03-12 14:43:18,12.5,6.1946902654867255
2026-03-12 14:43:33,25.0,7.079646017699115
2026-03-12 14:43:48,25.0,7.964601769911504
2026-03-12 14:44:03,25.0,8.849557522123893
2026-03-12 14:44:18,25.0,9.734513274336283
2026-03-12 14:44:33,25.0,10.619469026548673
2026-03-12 14:44:48,25.0,11.504424778761061
2026-03-12 14:45:03,25.0,12.389380530973451
2026-03-12 14:45:18,25.0,13.274336283185843
2026-03-12 14:45:33,25.0,14.15929203539823
2026-03-12 14:45:48,25.0,15.04424778761062
2026-03-12 14:46:03,25.0,15.929203539823009
2026-03-12 14:46:18,25.0,16.8141592920354
2026-03-12 14:46:33,25.0,17.699115044247787
2026-03-12 14:46:48,25.0,18.58407079646018
2026-03-12 14:47:03,25.0,19.469026548672566
2026-03-12 14:47:18,25.0,20.353982300884958
2026-03-12 14:47:33,25.0,21.238938053097346
2026-03-12 14:47:48,37.5,22.123893805309734
2026-03-12 14:48:03,37.5,23.008849557522122
2026-03-12 14:48:18,37.5,23.893805309734514
2026-03-12 14:48:33,37.5,24.778761061946902
2026-03-12 14:48:48,37.5,24.778761061946902
2026-03-12 14:49:03,37.5,24.778761061946902
2026-03-12 14:49:18,37.5,24.778761061946902
2026-03-12 14:49:33,37.5,24.778761061946902
2026-03-12 14:49:48,37.5,24.778761061946902
2026-03-12 14:50:03,37.5,24.778761061946902
2026-03-12 14:50:18,37.5,24.778761061946902
2026-03-12 14:50:33,37.5,24.778761061946902
2026-03-12 14:50:48,37.5,24.778761061946902
2026-03-12 14:51:03,37.5,24.778761061946902
2026-03-12 14:51:18,37.5,24.778761061946902
2026-03-12 14:51:33,37.5,24.778761061946902
2026-03-12 14:51:48,37.5,24.778761061946902
2026-03-12 14:52:03,25.0,24.778761061946902
2026-03-12 14:52:18,25.0,24.778761061946902
2026-03-12 14:52:33,25.0,24.778761061946902
2026-03-12 14:52:48,25.0,24.778761061946902
2026-03-12 14:53:03,25.0,24.778761061946902
2026-03-12 14:53:18,25.0,24.778761061946902
2026-03-12 14:53:33,25.0,24.778761061946902
2026-03-12 14:53:48,25.0,24.778761061946902
2026-03-12 14:54:03,25.0,24.778761061946902
2026-03-12 14:54:18,25.0,24.778761061946902
2026-03-12 14:54:33,25.0,24.778761061946902
2026-03-12 14:54:48,25.0,24.778761061946902
2026-03-12 14:55:03,25.0,24.778761061946902
2026-03-12 14:55:18,25.0,24.778761061946902
2026-03-12 14:55:33,25.0,24.778761061946902
2026-03-12 14:55:48,25.0,24.778761061946902
2026-03-12 14:56:03,25.0,24.778761061946902
2026-03-12 14:56:18,25.0,24.778761061946902
2026-03-12 14:56:33,25.0,24.778761061946902
2026-03-12 14:56:48,25.0,24.778761061946902
2026-03-12 14:57:03,25.0,24.778761061946902
2026-03-12 14:57:18,25.0,24.778761061946902
2026-03-12 14:57:33,25.0,24.778761061946902
2026-03-12 14:57:48,25.0,24.778761061946902
2026-03-12 14:58:03,25.0,24.778761061946902
2026-03-12 14:58:18,25.0,24.778761061946902
2026-03-12 14:58:33,25.0,24.778761061946902
2026-03-12 14:58:48,25.0,24.778761061946902
2026-03-12 14:59:03,25.0,24.778761061946902
2026-03-12 14:59:18,25.0,24.778761061946902
2026-03-12 14:59:33,25.0,24.778761061946902
2026-03-12 14:59:48,25.0,24.778761061946902
2026-03-12 15:00:03,25.0,23.931623931623932
2026-03-12 15:00:18,25.0,23.931623931623932
2026-03-12 15:00:33,25.0,23.140495867768596
2026-03-12 15:00:48,25.0,23.140495867768596
2026-03-12 15:01:03,25.0,22.400000000000002
2026-03-12 15:01:18,25.0,22.400000000000002
2026-03-12 15:01:33,25.0,21.705426356589147
2026-03-12 15:01:48,25.0,21.052631578947366
2026-03-12 15:02:03,25.0,21.052631578947366
2026-03-12 15:02:18,25.0,20.437956204379564
2026-03-12 15:02:33,25.0,20.437956204379564
2026-03-12 15:02:48,25.0,19.858156028368796
2026-03-12 15:03:03,25.0,19.310344827586206
2026-03-12 15:03:18,25.0,19.310344827586206
2026-03-12 15:03:33,12.5,18.79194630872483
2026-03-12 15:03:48,12.5,18.79194630872483
2026-03-12 15:04:03,12.5,18.30065359477124
2026-03-12 15:04:18,12.5,17.8343949044586
2026-03-12 15:04:33,12.5,17.8343949044586
2026-03-12 15:04:48,12.5,17.391304347826086
2026-03-12 15:05:03,12.5,17.391304347826086
2026-03-12 15:05:18,12.5,16.969696969696972
2026-03-12 15:05:33,12.5,16.969696969696972
2026-03-12 15:05:48,12.5,16.56804733727811
2026-03-12 15:06:03,12.5,16.184971098265898
2026-03-12 15:06:18,12.5,16.184971098265898
2026-03-12 15:06:33,12.5,15.819209039548024
2026-03-12 15:06:48,12.5,15.819209039548024
2026-03-12 15:07:03,12.5,15.469613259668508
2026-03-12 15:07:18,12.5,15.135135135135137
2026-03-12 15:07:33,12.5,15.135135135135137
2026-03-12 15:07:48,12.5,14.814814814814813
2026-03-12 15:08:03,12.5,14.814814814814813
2026-03-12 15:08:18,12.5,14.507772020725387
2026-03-12 15:08:33,12.5,14.213197969543149
2026-03-12 15:08:48,12.5,14.213197969543149
2026-03-12 15:09:03,12.5,13.930348258706468
2026-03-12 15:09:18,12.5,13.930348258706468
2026-03-12 15:09:33,12.5,13.658536585365855
2026-03-12 15:09:48,12.5,13.658536585365855
2026-03-12 15:10:03,12.5,13.397129186602871
2026-03-12 15:10:18,12.5,13.145539906103288
2026-03-12 15:10:33,12.5,13.145539906103288
2026-03-12 15:10:48,12.5,12.903225806451612
2026-03-12 15:11:03,12.5,12.903225806451612
2026-03-12 15:11:18,12.5,12.669683257918551
2026-03-12 15:11:33,12.5,12.444444444444445
2026-03-12 15:11:48,12.5,12.88888888888889
2026-03-12 15:12:03,12.5,13.100436681222707
2026-03-12 15:12:18,12.5,13.537117903930133
2026-03-12 15:12:33,12.5,13.733905579399142
2026-03-12 15:12:48,12.5,13.924050632911392
2026-03-12 15:13:03,12.5,14.345991561181433
2026-03-12 15:13:18,12.5,14.522821576763487
2026-03-12 15:13:33,12.5,14.937759336099585
2026-03-12 15:13:48,12.5,15.10204081632653
2026-03-12 15:14:03,12.5,15.510204081632653
2026-03-12 15:14:18,12.5,15.66265060240964
2026-03-12 15:14:33,12.5,15.810276679841898
2026-03-12 15:14:48,12.5,16.205533596837945
2026-03-12 15:15:03,12.5,16.342412451361866
2026-03-12 15:15:18,12.5,16.731517509727624
2026-03-12 15:15:33,12.5,16.85823754789272
2026-03-12 15:15:48,12.5,16.9811320754717
2026-03-12 15:16:03,12.5,17.358490566037734
2026-03-12 15:16:18,12.5,17.472118959107807
2026-03-12 15:16:33,12.5,17.843866171003718
2026-03-12 15:16:48,12.5,17.94871794871795
2026-03-12 15:17:03,12.5,18.315018315018314
2026-03-12 15:17:18,12.5,18.4115523465704
2026-03-12 15:17:33,12.5,18.505338078291814
2026-03-12 15:17:48,12.5,18.86120996441281
2026-03-12 15:18:03,12.5,18.947368421052634
2026-03-12 15:18:18,12.5,19.298245614035086
2026-03-12 15:18:33,12.5,19.377162629757784
2026-03-12 15:18:48,12.5,19.453924914675767
2026-03-12 15:19:03,12.5,19.795221843003414
2026-03-12 15:19:18,12.5,19.865319865319865
2026-03-12 15:19:33,12.5,20.2020202020202
2026-03-12 15:19:48,12.5,20.26578073089701
2026-03-12 15:20:03,12.5,20.327868852459016
2026-03-12 15:20:18,12.5,20.655737704918035
2026-03-12 15:20:33,12.5,20.711974110032365
2026-03-12 15:20:48,12.5,21.035598705501616
2026-03-12 15:21:03,12.5,21.08626198083067
2026-03-12 15:21:18,12.5,21.405750798722046
2026-03-12 15:21:33,12.5,21.766561514195583
2026-03-12 15:21:48,25.0,22.741433021806852
2026-03-12 15:22:03,25.0,22.741433021806852
2026-03-12 15:22:18,25.0,23.692307692307693
2026-03-12 15:22:33,25.0,23.692307692307693
2026-03-12 15:22:48,25.0,24.620060790273556
2026-03-12 15:23:03,25.0,24.924924924924923
2026-03-12 15:23:18,25.0,25.225225225225223
2026-03-12 15:23:33,25.0,25.222551928783382
2026-03-12 15:23:48,25.0,25.519287833827892
2026-03-12 15:24:03,25.0,25.513196480938415
2026-03-12 15:24:18,25.0,25.507246376811594
2026-03-12 15:24:33,25.0,25.79710144927536
2026-03-12 15:24:48,25.0,25.787965616045845
2026-03-12 15:25:03,25.0,26.07449856733524
2026-03-12 15:25:18,25.0,26.062322946175637
2026-03-12 15:25:33,25.0,26.345609065155806
2026-03-12 15:25:48,25.0,26.330532212885156
2026-03-12 15:26:03,25.0,26.31578947368421
2026-03-12 15:26:18,25.0,26.59279778393352
2026-03-12 15:26:33,25.0,26.575342465753426
2026-03-12 15:26:48,25.0,26.84931506849315
2026-03-12 15:27:03,25.0,27.100271002710024
2026-03-12 15:27:18,25.0,27.34584450402145
2026-03-12 15:27:33,25.0,27.61394101876676
2026-03-12 15:27:48,25.0,27.851458885941643
2026-03-12 15:28:03,25.0,27.851458885941643
2026-03-12 15:28:18,25.0,28.608923884514436
2026-03-12 15:28:33,25.0,29.35064935064935
2026-03-12 15:28:48,25.0,29.35064935064935
2026-03-12 15:29:03,25.0,29.82005141388175
2026-03-12 15:29:18,25.0,30.077120822622106
2026-03-12 15:29:33,25.0,30.025445292620866
2026-03-12 15:29:48,25.0,30.279898218829516
2026-03-12 15:30:03,25.0,30.22670025188917
2026-03-12 15:30:18,25.0,30.423940149625935
2026-03-12 15:30:33,25.0,30.423940149625935
2026-03-12 15:30:48,25.0,31.11111111111111
2026-03-12 15:31:03,25.0,31.11111111111111
2026-03-12 15:31:18,25.0,31.784841075794624
2026-03-12 15:31:33,25.0,32.445520581113804
2026-03-12 15:31:48,25.0,32.445520581113804
2026-03-12 15:32:03,25.0,33.093525179856115
2026-03-12 15:32:18,25.0,33.093525179856115
2026-03-12 15:32:33,25.0,33.729216152019006
2026-03-12 15:32:48,25.0,34.35294117647059
2026-03-12 15:33:03,25.0,34.35294117647059
2026-03-12 15:33:18,25.0,34.96503496503497
2026-03-12 15:33:33,25.0,34.96503496503497
2026-03-12 15:33:48,25.0,35.56581986143187
2026-03-12 15:34:03,25.0,35.56581986143187
2026-03-12 15:34:18,25.0,36.15560640732266
2026-03-12 15:34:33,25.0,36.734693877551024
2026-03-12 15:34:48,25.0,36.734693877551024
2026-03-12 15:35:03,25.0,37.30337078651685
2026-03-12 15:35:18,25.0,37.30337078651685
2026-03-12 15:35:33,25.0,37.8619153674833
2026-03-12 15:35:48,25.0,38.41059602649007
2026-03-12 15:36:03,25.0,38.41059602649007
2026-03-12 15:36:18,25.0,38.949671772428886
2026-03-12 15:36:33,25.0,38.949671772428886
2026-03-12 15:36:48,25.0,39.479392624728845
2026-03-12 15:37:03,25.0,40.0
2026-03-12 15:37:18,25.0,40.0
2026-03-12 15:37:33,37.5,40.511727078891255
2026-03-12 15:37:48,37.5,40.511727078891255
2026-03-12 15:38:03,37.5,41.014799154334035
2026-03-12 15:38:18,37.5,41.014799154334035
2026-03-12 15:38:33,37.5,41.509433962264154
2026-03-12 15:38:48,37.5,41.995841995842
2026-03-12 15:39:03,37.5,41.995841995842
2026-03-12 15:39:18,37.5,42.47422680412371
2026-03-12 15:39:33,37.5,42.47422680412371
2026-03-12 15:39:48,37.5,42.944785276073624
2026-03-12 15:40:03,37.5,43.40770791075051
2026-03-12 15:40:18,37.5,43.40770791075051
2026-03-12 15:40:33,37.5,43.86317907444668
2026-03-12 15:40:48,37.5,43.86317907444668
2026-03-12 15:41:03,37.5,44.31137724550898
2026-03-12 15:41:18,37.5,44.75247524752476
2026-03-12 15:41:33,37.5,44.75247524752476
2026-03-12 15:41:48,37.5,45.18664047151277
2026-03-12 15:42:03,37.5,45.18664047151277
2026-03-12 15:42:18,37.5,45.614035087719294
2026-03-12 15:42:33,37.5,45.614035087719294
2026-03-12 15:42:48,37.5,46.03481624758221
2026-03-12 15:43:03,37.5,46.257197696737045
2026-03-12 15:43:18,37.5,46.449136276391556
2026-03-12 15:43:33,37.5,46.285714285714285
2026-03-12 15:43:48,37.5,46.476190476190474
2026-03-12 15:44:03,37.5,46.31379962192816
2026-03-12 15:44:18,37.5,46.15384615384615
2026-03-12 15:44:33,37.5,46.34146341463415
2026-03-12 15:44:48,37.5,45.99627560521415
2026-03-12 15:45:03,37.5,45.99627560521415
2026-03-12 15:45:18,37.5,45.65619223659889
2026-03-12 15:45:33,37.5,45.321100917431195
2026-03-12 15:45:48,37.5,45.321100917431195
2026-03-12 15:46:03,37.5,44.990892531876135
2026-03-12 15:46:18,37.5,44.990892531876135
2026-03-12 15:46:33,37.5,44.846292947558766
2026-03-12 15:46:48,37.5,45.02712477396022
2026-03-12 15:47:03,37.5,44.88330341113106
2026-03-12 15:47:18,37.5,44.741532976827095
2026-03-12 15:47:33,37.5,44.919786096256686
2026-03-12 15:47:48,37.5,45.13274336283185
2026-03-12 15:48:03,37.5,45.13274336283185
2026-03-12 15:48:18,37.5,45.518453427065026
2026-03-12 15:48:33,37.5,45.724258289703315
2026-03-12 15:48:48,37.5,45.89877835951135
2026-03-12 15:49:03,37.5,45.92720970537262
2026-03-12 15:49:18,37.5,45.92720970537262
2026-03-12 15:49:33,37.5,46.29948364888124
2026-03-12 15:49:48,37.5,46.666666666666664
2026-03-12 15:50:03,37.5,46.666666666666664
2026-03-12 15:50:18,37.5,47.02886247877759
2026-03-12 15:50:33,37.5,47.02886247877759
2026-03-12 15:50:48,37.5,47.38617200674536
2026-03-12 15:51:03,37.5,47.38617200674536
2026-03-12 15:51:18,50.0,47.73869346733669
2026-03-12 15:51:33,50.0,48.0865224625624
2026-03-12 15:51:48,50.0,48.0865224625624
2026-03-12 15:52:03,50.0,48.4297520661157
2026-03-12 15:52:18,50.0,48.4297520661157
2026-03-12 15:52:33,50.0,48.76847290640394
2026-03-12 15:52:48,50.0,49.10277324632953
2026-03-12 15:53:03,50.0,49.10277324632953
2026-03-12 15:53:18,50.0,49.43273905996758
2026-03-12 15:53:33,50.0,49.43273905996758
2026-03-12 15:53:48,50.0,49.75845410628019
2026-03-12 15:54:03,50.0,49.75845410628019
2026-03-12 15:54:18,50.0,50.080000000000005
2026-03-12 15:54:33,50.0,50.39745627980922
2026-03-12 15:54:48,50.0,50.39745627980922
2026-03-12 15:55:03,50.0,50.71090047393365
2026-03-12 15:55:18,50.0,50.71090047393365
2026-03-12 15:55:33,50.0,51.02040816326531
2026-03-12 15:55:48,50.0,51.326053042121686
2026-03-12 15:56:03,50.0,51.326053042121686
2026-03-12 15:56:18,50.0,51.627906976744185
2026-03-12 15:56:33,50.0,51.627906976744185
2026-03-12 15:56:48,50.0,51.92604006163328
2026-03-12 15:57:03,50.0,51.91424196018377
2026-03-12 15:57:18,50.0,52.06738131699847
2026-03-12 15:57:33,50.0,51.90258751902588
2026-03-12 15:57:48,50.0,52.054794520547944
2026-03-12 15:58:03,50.0,51.8910741301059
2026-03-12 15:58:18,50.0,52.04236006051437
2026-03-12 15:58:33,50.0,51.8796992481203
2026-03-12 15:58:48,50.0,51.71898355754858
2026-03-12 15:59:03,50.0,51.86846038863976
2026-03-12 15:59:18,50.0,51.708766716196145
2026-03-12 15:59:33,50.0,51.857355126300156
2026-03-12 15:59:48,50.0,51.698670605612996
2026-03-12 16:00:03,50.0,51.8463810930576
2026-03-12 16:00:18,50.0,51.68869309838473
2026-03-12 16:00:33,50.0,51.83553597650514
2026-03-12 16:00:48,50.0,51.98237885462555
2026-03-12 16:01:03,50.0,52.12922173274597
2026-03-12 16:01:18,50.0,52.27606461086637
2026-03-12 16:01:33,50.0,52.42290748898678
2026-03-12 16:01:48,50.0,52.56975036710719
2026-03-12 16:02:03,50.0,52.71659324522761
2026-03-12 16:02:18,50.0,52.863436123348016
2026-03-12 16:02:33,50.0,53.01027900146843
2026-03-12 16:02:48,50.0,53.15712187958884
2026-03-12 16:03:03,50.0,53.30396475770925
2026-03-12 16:03:18,50.0,53.45080763582967
2026-03-12 16:03:33,50.0,53.59765051395007
2026-03-12 16:03:48,50.0,53.74449339207048
2026-03-12 16:04:03,50.0,53.89133627019089
2026-03-12 16:04:18,50.0,54.03817914831131
2026-03-12 16:04:33,50.0,54.18502202643172
2026-03-12 16:04:48,50.0,54.18502202643172
2026-03-12 16:05:03,50.0,54.18502202643172
2026-03-12 16:05:18,50.0,54.18502202643172
2026-03-12 16:05:33,50.0,54.18502202643172
2026-03-12 16:05:48,50.0,54.18502202643172
2026-03-12 16:06:03,50.0,54.18502202643172
2026-03-12 16:06:18,50.0,54.18502202643172
2026-03-12 16:06:33,50.0,54.18502202643172
2026-03-12 16:06:48,50.0,54.18502202643172
2026-03-12 16:07:03,50.0,54.18502202643172
2026-03-12 16:07:18,50.0,54.03817914831131
2026-03-12 16:07:33,50.0,53.89133627019089
2026-03-12 16:07:48,50.0,53.74449339207048
2026-03-12 16:08:03,50.0,53.59765051395007
2026-03-12 16:08:18,50.0,53.45080763582967
2026-03-12 16:08:33,50.0,53.30396475770925
2026-03-12 16:08:48,50.0,53.15712187958884
2026-03-12 16:09:03,50.0,53.01027900146843
2026-03-12 16:09:18,50.0,52.863436123348016
2026-03-12 16:09:33,50.0,52.71659324522761
2026-03-12 16:09:48,50.0,52.56975036710719
2026-03-12 16:10:03,50.0,52.42290748898678
2026-03-12 16:10:18,50.0,52.27606461086637
2026-03-12 16:10:33,50.0,52.12922173274597
2026-03-12 16:10:48,50.0,51.98237885462555
2026-03-12 16:11:03,50.0,51.83553597650514
2026-03-12 16:11:18,50.0,51.68869309838473
2026-03-12 16:11:33,50.0,51.541850220264315
2026-03-12 16:11:48,50.0,51.395007342143906
2026-03-12 16:12:03,50.0,51.248164464023496
2026-03-12 16:12:18,50.0,51.10132158590308
2026-03-12 16:12:33,50.0,50.95447870778267
2026-03-12 16:12:48,50.0,50.80763582966226
2026-03-12 16:13:03,50.0,50.66079295154186
2026-03-12 16:13:18,50.0,50.51395007342144
2026-03-12 16:13:33,50.0,50.36710719530103
2026-03-12 16:13:48,50.0,50.22026431718062
2026-03-12 16:14:03,50.0,50.073421439060205
2026-03-12 16:14:18,50.0,49.926578560939795
2026-03-12 16:14:33,50.0,49.77973568281938
2026-03-12 16:14:48,50.0,49.632892804698976
2026-03-12 16:15:03,50.0,49.48604992657856
2026-03-12 16:15:18,50.0,49.33920704845815
2026-03-12 16:15:33,50.0,49.33920704845815
2026-03-12 16:15:48,50.0,49.33920704845815
2026-03-12 16:16:03,50.0,49.19236417033774
2026-03-12 16:16:18,50.0,49.04552129221732
2026-03-12 16:16:33,50.0,48.89867841409692
2026-03-12 16:16:48,50.0,48.751835535976504
2026-03-12 16:17:03,50.0,48.604992657856094
2026-03-12 16:17:18,50.0,48.458149779735685
2026-03-12 16:17:33,50.0,48.458149779735685
2026-03-12 16:17:48,50.0,48.458149779735685
2026-03-12 16:18:03,50.0,48.458149779735685
2026-03-12 16:18:18,50.0,48.458149779735685
2026-03-12 16:18:33,50.0,48.458149779735685
2026-03-12 16:18:48,50.0,48.458149779735685
2026-03-12 16:19:03,50.0,48.458149779735685
2026-03-12 16:19:18,50.0,48.458149779735685
2026-03-12 16:19:33,50.0,48.458149779735685
2026-03-12 16:19:48,50.0,48.458149779735685
2026-03-12 16:20:03,50.0,48.458149779735685
2026-03-12 16:20:18,50.0,48.458149779735685
2026-03-12 16:20:33,50.0,48.458149779735685
2026-03-12 16:20:48,50.0,48.458149779735685
2026-03-12 16:21:03,50.0,48.458149779735685
2026-03-12 16:21:18,50.0,48.458149779735685
2026-03-12 16:21:33,50.0,48.458149779735685
2026-03-12 16:21:48,50.0,48.458149779735685
2026-03-12 16:22:03,50.0,48.458149779735685
2026-03-12 16:22:18,50.0,48.458149779735685
2026-03-12 16:22:33,50.0,48.458149779735685
2026-03-12 16:22:48,50.0,48.458149779735685
2026-03-12 16:23:03,37.5,48.458149779735685
2026-03-12 16:23:18,37.5,48.458149779735685
2026-03-12 16:23:33,37.5,48.31130690161527
2026-03-12 16:23:48,37.5,48.164464023494865
2026-03-12 16:24:03,37.5,48.01762114537445
2026-03-12 16:24:18,37.5,47.87077826725404
2026-03-12 16:24:33,37.5,47.72393538913363
2026-03-12 16:24:48,37.5,47.57709251101321
2026-03-12 16:25:03,37.5,47.43024963289281
2026-03-12 16:25:18,37.5,47.28340675477239
2026-03-12 16:25:33,37.5,47.136563876651984
2026-03-12 16:25:48,37.5,46.98972099853157
2026-03-12 16:26:03,37.5,46.84287812041116
2026-03-12 16:26:18,37.5,46.69603524229075
2026-03-12 16:26:33,37.5,46.54919236417034
2026-03-12 16:26:48,37.5,46.40234948604993
2026-03-12 16:27:03,37.5,46.25550660792951
2026-03-12 16:27:18,37.5,46.1086637298091
2026-03-12 16:27:33,37.5,46.1086637298091
2026-03-12 16:27:48,37.5,46.1086637298091
2026-03-12 16:28:03,37.5,46.1086637298091
2026-03-12 16:28:18,37.5,46.1086637298091
2026-03-12 16:28:33,37.5,46.1086637298091
2026-03-12 16:28:48,37.5,46.1086637298091
2026-03-12 16:29:03,37.5,46.42335766423358
2026-03-12 16:29:18,37.5,46.42335766423358
2026-03-12 16:29:33,37.5,46.42335766423358
2026-03-12 16:29:48,37.5,46.42335766423358
2026-03-12 16:30:03,37.5,46.42335766423358
2026-03-12 16:30:18,37.5,46.42335766423358
2026-03-12 16:30:33,37.5,46.42335766423358
2026-03-12 16:30:48,37.5,46.42335766423358
2026-03-12 16:31:03,37.5,46.42335766423358
2026-03-12 16:31:18,37.5,46.42335766423358
2026-03-12 16:31:33,50.0,46.42335766423358
2026-03-12 16:31:48,50.0,46.42335766423358
2026-03-12 16:32:03,50.0,46.42335766423358
2026-03-12 16:32:18,50.0,46.42335766423358
2026-03-12 16:32:33,50.0,46.42335766423358
2026-03-12 16:32:48,50.0,46.42335766423358
2026-03-12 16:33:03,50.0,46.42335766423358
2026-03-12 16:33:18,50.0,46.42335766423358
2026-03-12 16:33:33,50.0,46.42335766423358
2026-03-12 16:33:48,50.0,46.42335766423358
2026-03-12 16:34:03,50.0,46.42335766423358
2026-03-12 16:34:18,50.0,46.42335766423358
2026-03-12 16:34:33,50.0,46.42335766423358
2026-03-12 16:34:48,50.0,46.42335766423358
2026-03-12 16:35:03,50.0,46.42335766423358
2026-03-12 16:35:18,50.0,46.42335766423358
2026-03-12 16:35:33,50.0,46.42335766423358
2026-03-12 16:35:48,50.0,46.42335766423358
2026-03-12 16:36:03,50.0,46.42335766423358
2026-03-12 16:36:18,50.0,46.42335766423358
2026-03-12 16:36:33,50.0,46.277372262773724
2026-03-12 16:36:48,50.0,46.131386861313864
2026-03-12 16:37:03,50.0,45.98540145985402
2026-03-12 16:37:18,50.0,45.839416058394164
2026-03-12 16:37:33,50.0,45.69343065693431
2026-03-12 16:37:48,50.0,45.54744525547445
2026-03-12 16:38:03,50.0,45.4014598540146
2026-03-12 16:38:18,50.0,45.25547445255474
2026-03-12 16:38:33,50.0,45.10948905109489
2026-03-12 16:38:48,50.0,44.96350364963504
2026-03-12 16:39:03,50.0,44.81751824817518
2026-03-12 16:39:18,50.0,44.67153284671533
2026-03-12 16:39:33,50.0,44.52554744525548
2026-03-12 16:39:48,50.0,44.37956204379562
2026-03-12 16:40:03,50.0,44.23357664233576
2026-03-12 16:40:18,50.0,44.08759124087591
2026-03-12 16:40:33,50.0,43.941605839416056
2026-03-12 16:40:48,50.0,43.79562043795621
2026-03-12 16:41:03,50.0,43.64963503649635
2026-03-12 16:41:18,50.0,43.503649635036496
2026-03-12 16:41:33,37.5,43.35766423357664
2026-03-12 16:41:48,37.5,43.35766423357664
2026-03-12 16:42:03,37.5,43.35766423357664
2026-03-12 16:42:18,37.5,43.35766423357664
2026-03-12 16:42:33,37.5,43.35766423357664
2026-03-12 16:42:48,37.5,43.35766423357664
2026-03-12 16:43:03,37.5,43.35766423357664
2026-03-12 16:43:18,37.5,43.35766423357664
2026-03-12 16:43:33,37.5,43.21167883211679
2026-03-12 16:43:48,37.5,43.06569343065693
2026-03-12 16:44:03,37.5,42.91970802919708
2026-03-12 16:44:18,37.5,42.77372262773723
2026-03-12 16:44:33,37.5,42.627737226277375
2026-03-12 16:44:48,37.5,42.48175182481752
2026-03-12 16:45:03,37.5,42.33576642335766
2026-03-12 16:45:18,37.5,42.33576642335766
2026-03-12 16:45:33,37.5,42.33576642335766
2026-03-12 16:45:48,37.5,42.33576642335766
2026-03-12 16:46:03,37.5,42.18978102189781
2026-03-12 16:46:18,37.5,42.043795620437955
2026-03-12 16:46:33,37.5,42.043795620437955
2026-03-12 16:46:48,37.5,42.043795620437955
2026-03-12 16:47:03,37.5,42.043795620437955
2026-03-12 16:47:18,37.5,42.043795620437955
2026-03-12 16:47:33,37.5,42.043795620437955
2026-03-12 16:47:48,37.5,42.043795620437955
2026-03-12 16:48:03,37.5,42.043795620437955
2026-03-12 16:48:18,37.5,42.043795620437955
2026-03-12 16:48:33,37.5,42.043795620437955
2026-03-12 16:48:48,37.5,42.043795620437955
2026-03-12 16:49:03,37.5,42.043795620437955
2026-03-12 16:49:18,37.5,42.043795620437955
2026-03-12 16:49:33,37.5,42.043795620437955
2026-03-12 16:49:48,37.5,42.043795620437955
2026-03-12 16:50:03,37.5,42.043795620437955
2026-03-12 16:50:18,37.5,42.043795620437955
2026-03-12 16:50:33,37.5,42.043795620437955
2026-03-12 16:50:48,37.5,42.043795620437955
2026-03-12 16:51:03,37.5,42.043795620437955
2026-03-12 16:51:18,37.5,42.043795620437955
2026-03-12 16:51:33,37.5,42.043795620437955
2026-03-12 16:51:48,37.5,41.8978102189781
2026-03-12 16:52:03,37.5,41.75182481751825
2026-03-12 16:52:18,37.5,41.605839416058394
2026-03-12 16:52:33,37.5,41.45985401459854
2026-03-12 16:52:48,37.5,41.31386861313869
2026-03-12 16:53:03,37.5,41.16788321167883
2026-03-12 16:53:18,37.5,41.021897810218974
2026-03-12 16:53:33,37.5,40.87591240875913
2026-03-12 16:53:48,37.5,40.729927007299274
2026-03-12 16:54:03,37.5,40.729927007299274
2026-03-12 16:54:18,37.5,40.729927007299274
2026-03-12 16:54:33,37.5,40.729927007299274
2026-03-12 16:54:48,37.5,40.729927007299274
2026-03-12 16:55:03,37.5,40.729927007299274
2026-03-12 16:55:18,37.5,40.729927007299274
2026-03-12 16:55:33,37.5,40.729927007299274
2026-03-12 16:55:48,37.5,40.729927007299274
2026-03-12 16:56:03,37.5,40.729927007299274
2026-03-12 16:56:18,37.5,40.729927007299274
2026-03-12 16:56:33,37.5,40.729927007299274
2026-03-12 16:56:48,37.5,40.729927007299274
2026-03-12 16:57:03,37.5,40.729927007299274
2026-03-12 16:57:18,37.5,40.729927007299274
2026-03-12 16:57:33,37.5,40.49346879535559
2026-03-12 16:57:48,37.5,40.49346879535559
2026-03-12 16:58:03,37.5,40.49346879535559
2026-03-12 16:58:18,37.5,40.49346879535559
2026-03-12 16:58:33,37.5,40.49346879535559
2026-03-12 16:58:48,37.5,40.49346879535559
2026-03-12 16:59:03,25.0,40.49346879535559
2026-03-12 16:59:18,25.0,40.49346879535559
2026-03-12 16:59:33,25.0,40.49346879535559
2026-03-12 16:59:48,25.0,40.49346879535559
2026-03-12 17:00:03,25.0,40.729927007299274
2026-03-12 17:00:18,25.0,40.729927007299274
2026-03-12 17:00:33,25.0,40.969162995594715
2026-03-12 17:00:48,25.0,41.211225997045794
2026-03-12 17:01:03,25.0,41.211225997045794
2026-03-12 17:01:18,25.0,41.45616641901932
2026-03-12 17:01:33,25.0,41.70403587443946
2026-03-12 17:01:48,25.0,41.70403587443946
2026-03-12 17:02:03,25.0,41.95488721804511
2026-03-12 17:02:18,25.0,42.208774583963695
2026-03-12 17:02:33,25.0,42.465753424657535
2026-03-12 17:02:48,25.0,42.465753424657535
2026-03-12 17:03:03,25.0,42.725880551301685
2026-03-12 17:03:18,25.0,42.98921417565486
2026-03-12 17:03:33,25.0,42.98921417565486
2026-03-12 17:03:48,25.0,43.25581395348837
2026-03-12 17:04:03,25.0,43.52574102964118
2026-03-12 17:04:18,25.0,43.52574102964118
2026-03-12 17:04:33,25.0,43.79905808477237
2026-03-12 17:04:48,25.0,44.07582938388626
2026-03-12 17:05:03,25.0,44.07582938388626
2026-03-12 17:05:18,25.0,44.35612082670906
2026-03-12 17:05:33,25.0,44.64
2026-03-12 17:05:48,25.0,44.927536231884055
2026-03-12 17:06:03,25.0,44.927536231884055
2026-03-12 17:06:18,25.0,45.21880064829822
2026-03-12 17:06:33,25.0,45.51386623164764
2026-03-12 17:06:48,25.0,45.51386623164764
2026-03-12 17:07:03,25.0,45.812807881773395
2026-03-12 17:07:18,25.0,46.11570247933884
2026-03-12 17:07:33,25.0,46.11570247933884
2026-03-12 17:07:48,25.0,46.422628951747086
2026-03-12 17:08:03,25.0,46.733668341708544
2026-03-12 17:08:18,25.0,47.048903878583474
2026-03-12 17:08:33,25.0,47.048903878583474
2026-03-12 17:08:48,25.0,47.198641765704586
2026-03-12 17:09:03,25.0,46.837606837606835
2026-03-12 17:09:18,25.0,46.666666666666664
2026-03-12 17:09:33,25.0,46.12736660929432
2026-03-12 17:09:48,25.0,45.58058925476603
2026-03-12 17:10:03,25.0,45.407279029462735
2026-03-12 17:10:18,25.0,44.85165794066317
2026-03-12 17:10:33,25.0,44.288224956063274
2026-03-12 17:10:48,25.0,44.112478031634446
2026-03-12 17:11:03,25.0,44.424778761061944
2026-03-12 17:11:18,25.0,44.741532976827095
2026-03-12 17:11:33,25.0,45.062836624775585
2026-03-12 17:11:48,25.0,45.062836624775585
2026-03-12 17:12:03,25.0,45.388788426763114
2026-03-12 17:12:18,25.0,45.71948998178507
2026-03-12 17:12:33,25.0,45.71948998178507
2026-03-12 17:12:48,25.0,46.055045871559635
2026-03-12 17:13:03,25.0,46.39556377079482
2026-03-12 17:13:18,25.0,46.39556377079482
2026-03-12 17:13:33,25.0,46.74115456238361
2026-03-12 17:13:48,25.0,47.091932457786115
2026-03-12 17:14:03,25.0,47.44801512287334
2026-03-12 17:14:18,25.0,47.44801512287334
2026-03-12 17:14:33,25.0,47.80952380952381
2026-03-12 17:14:48,25.0,48.17658349328215
2026-03-12 17:15:03,25.0,48.17658349328215
2026-03-12 17:15:18,25.0,48.54932301740813
2026-03-12 17:15:33,25.0,48.927875243664715
2026-03-12 17:15:48,25.0,48.927875243664715
2026-03-12 17:16:03,25.0,49.312377210216106
2026-03-12 17:16:18,25.0,49.7029702970297
2026-03-12 17:16:33,25.0,50.0998003992016
2026-03-12 17:16:48,25.0,50.0998003992016
2026-03-12 17:17:03,25.0,49.49698189134809
2026-03-12 17:17:18,25.0,48.88438133874239
2026-03-12 17:17:33,25.0,48.6815415821501
2026-03-12 17:17:48,25.0,48.057259713701434
2026-03-12 17:18:03,25.0,47.42268041237113
2026-03-12 17:18:18,25.0,47.21649484536082
2026-03-12 17:18:33,25.0,46.56964656964657
2026-03-12 17:18:48,25.0,45.911949685534594
2026-03-12 17:19:03,25.0,45.70230607966457
2026-03-12 17:19:18,25.0,45.03171247357294
2026-03-12 17:19:33,25.0,44.349680170575695
2026-03-12 17:19:48,25.0,43.655913978494624
2026-03-12 17:20:03,25.0,43.44086021505376
2026-03-12 17:20:18,25.0,42.73318872017354
2026-03-12 17:20:33,25.0,42.01312910284464
2026-03-12 17:20:48,25.0,41.79431072210066
2026-03-12 17:21:03,25.0,41.05960264900662
2026-03-12 17:21:18,25.0,40.31180400890869
2026-03-12 17:21:33,25.0,40.089086859688194
2026-03-12 17:21:48,25.0,39.325842696629216
2026-03-12 17:22:03,25.0,38.54875283446712
2026-03-12 17:22:18,25.0,37.75743707093822
2026-03-12 17:22:33,25.0,37.52860411899314
2026-03-12 17:22:48,25.0,36.72055427251732
2026-03-12 17:23:03,25.0,35.8974358974359
2026-03-12 17:23:18,25.0,35.66433566433567
2026-03-12 17:23:33,25.0,34.8235294117647
2026-03-12 17:23:48,25.0,33.966745843230406
2026-03-12 17:24:03,25.0,33.729216152019006
2026-03-12 17:24:18,25.0,32.853717026378895
2026-03-12 17:24:33,25.0,31.961259079903147
2026-03-12 17:24:48,25.0,31.719128329297817
2026-03-12 17:25:03,25.0,30.80684596577017
2026-03-12 17:25:18,25.0,29.876543209876544
2026-03-12 17:25:33,25.0,29.67581047381546
2026-03-12 17:25:48,25.0,29.67581047381546
2026-03-12 17:26:03,25.0,29.47103274559194
2026-03-12 17:26:18,25.0,28.498727735368956
2026-03-12 17:26:33,25.0,28.24427480916031
2026-03-12 17:26:48,25.0,27.249357326478147
2026-03-12 17:27:03,25.0,26.233766233766232
2026-03-12 17:27:18,25.0,25.97402597402597
2026-03-12 17:27:33,25.0,24.93438320209974
2026-03-12 17:27:48,25.0,23.872679045092838
2026-03-12 17:28:03,25.0,22.78820375335121
2026-03-12 17:28:18,25.0,22.5201072386059
2026-03-12 17:28:33,25.0,21.40921409214092
2026-03-12 17:28:48,25.0,20.273972602739725
2026-03-12 17:29:03,25.0,20.0
2026-03-12 17:29:18,25.0,18.83656509695291
2026-03-12 17:29:33,25.0,17.647058823529413
2026-03-12 17:29:48,25.0,17.366946778711483
2026-03-12 17:30:03,25.0,16.147308781869686
2026-03-12 17:30:18,25.0,14.899713467048711
2026-03-12 17:30:33,25.0,14.613180515759314
2026-03-12 17:30:48,25.0,13.333333333333334
2026-03-12 17:31:03,25.0,12.023460410557185
2026-03-12 17:31:18,25.0,10.682492581602373
2026-03-12 17:31:33,25.0,10.682492581602373
2026-03-12 17:31:48,25.0,10.81081081081081
2026-03-12 17:32:03,25.0,10.94224924012158
2026-03-12 17:32:18,25.0,10.94224924012158
2026-03-12 17:32:33,25.0,11.076923076923077
2026-03-12 17:32:48,25.0,11.214953271028037
2026-03-12 17:33:03,25.0,11.214953271028037
2026-03-12 17:33:18,25.0,11.35646687697161
2026-03-12 17:33:33,25.0,11.501597444089457
2026-03-12 17:33:48,25.0,11.650485436893204
2026-03-12 17:34:03,25.0,11.650485436893204
2026-03-12 17:34:18,25.0,11.80327868852459
2026-03-12 17:34:33,25.0,11.960132890365449
2026-03-12 17:34:48,25.0,11.960132890365449
2026-03-12 17:35:03,25.0,12.121212121212121
2026-03-12 17:35:18,25.0,12.286689419795222
2026-03-12 17:35:33,25.0,12.286689419795222
2026-03-12 17:35:48,25.0,12.45674740484429
2026-03-12 17:36:03,12.5,12.631578947368421
2026-03-12 17:36:18,12.5,12.811387900355871
2026-03-12 17:36:33,12.5,12.811387900355871
2026-03-12 17:36:48,12.5,12.63537906137184
2026-03-12 17:37:03,12.5,10.989010989010989
2026-03-12 17:37:18,12.5,10.622710622710622
2026-03-12 17:37:33,12.5,8.921933085501859
2026-03-12 17:37:48,12.5,7.169811320754717
2026-03-12 17:38:03,12.5,6.7924528301886795
2026-03-12 17:38:18,12.5,4.980842911877394
2026-03-12 17:38:33,12.5,3.11284046692607
2026-03-12 17:38:48,12.5,2.7237354085603114
2026-03-12 17:39:03,12.5,0.7905138339920948
2026-03-12 17:39:18,12.5,0.0
2026-03-12 17:39:33,12.5,0.0
2026-03-12 17:39:48,12.5,0.0
2026-03-12 17:40:03,12.5,0.0
2026-03-12 17:40:18,12.5,0.0
2026-03-12 17:40:33,12.5,0.0
2026-03-12 17:40:48,12.5,0.0
2026-03-12 17:41:03,12.5,0.0
2026-03-12 17:41:18,12.5,0.0
2026-03-12 17:41:33,12.5,0.0
2026-03-12 17:41:48,12.5,0.0
2026-03-12 17:42:03,12.5,0.0
2026-03-12 17:42:18,12.5,0.0
2026-03-12 17:42:33,12.5,0.0
2026-03-12 17:42:48,12.5,0.0
2026-03-12 17:43:03,12.5,0.0
2026-03-12 17:43:18,12.5,0.0
2026-03-12 17:43:33,12.5,0.0
2026-03-12 17:43:48,12.5,0.0
2026-03-12 17:44:03,12.5,0.0
2026-03-12 17:44:18,12.5,0.0
2026-03-12 17:44:33,12.5,0.0
2026-03-12 17:44:48,12.5,0.0
2026-03-12 17:45:03,12.5,0.0
2026-03-12 17:45:18,12.5,0.0
2026-03-12 17:45:33,12.5,0.0
2026-03-12 17:45:48,12.5,0.0
2026-03-12 17:46:03,12.5,0.0
2026-03-12 17:46:18,12.5,0.0
2026-03-12 17:46:33,12.5,0.0
2026-03-12 17:46:48,12.5,0.0
2026-03-12 17:47:03,12.5,0.0
2026-03-12 17:47:18,12.5,0.0
2026-03-12 17:47:33,12.5,0.0
2026-03-12 17:47:48,12.5,0.0
2026-03-12 17:48:03,12.5,0.0
2026-03-12 17:48:18,12.5,0.0
2026-03-12 17:48:33,12.5,0.0
2026-03-12 17:48:48,12.5,0.0
2026-03-12 17:49:03,12.5,0.0
2026-03-12 17:49:18,12.5,0.0
2026-03-12 17:49:33,12.5,0.0
2026-03-12 17:49:48,12.5,0.0
2026-03-12 17:50:03,12.5,0.0
2026-03-12 17:50:18,12.5,0.0
2026-03-12 17:50:33,12.5,0.0
2026-03-12 17:50:48,12.5,0.0
2026-03-12 17:51:03,12.5,0.0
2026-03-12 17:51:18,12.5,0.0
2026-03-12 17:51:33,12.5,0.0
2026-03-12 17:51:48,12.5,0.0
2026-03-12 17:52:03,12.5,0.0
2026-03-12 17:52:18,12.5,0.0
2026-03-12 17:52:33,12.5,0.0
2026-03-12 17:52:48,12.5,0.0
2026-03-12 17:53:03,12.5,0.0
2026-03-12 17:53:18,12.5,0.0
2026-03-12 17:53:33,12.5,0.0
2026-03-12 17:53:48,12.5,0.0
2026-03-12 17:54:03,12.5,0.0
2026-03-12 17:54:18,12.5,0.0
2026-03-12 17:54:33,12.5,0.0
2026-03-12 17:54:48,12.5,0.0
2026-03-12 17:55:03,12.5,0.0
2026-03-12 17:55:18,12.5,0.0
2026-03-12 17:55:33,12.5,0.0
2026-03-12 17:55:48,12.5,0.0
2026-03-12 17:56:03,12.5,0.0
2026-03-12 17:56:18,12.5,0.0
2026-03-12 17:56:33,12.5,0.0
2026-03-12 17:56:48,12.5,0.0
2026-03-12 17:57:03,12.5,0.0
2026-03-12 17:57:18,12.5,0.0
2026-03-12 17:57:33,12.5,0.0
2026-03-12 17:57:48,12.5,0.0
2026-03-12 17:58:03,12.5,0.0
2026-03-12 17:58:18,12.5,0.0
2026-03-12 17:58:33,12.5,0.0
2026-03-12 17:58:48,12.5,0.0
2026-03-12 17:59:03,12.5,0.0
2026-03-12 17:59:18,12.5,0.0
2026-03-12 17:59:33,12.5,0.0
2026-03-12 17:59:48,12.5,0.0
2026-03-12 18:00:03,12.5,0.0
2026-03-12 18:00:18,12.5,0.0
2026-03-12 18:00:33,12.5,0.0
2026-03-12 18:00:48,12.5,0.0
2026-03-12 18:01:03,12.5,0.0
2026-03-12 18:01:18,12.5,0.0
2026-03-12 18:01:33,12.5,0.0
2026-03-12 18:01:48,12.5,0.0
2026-03-12 18:02:03,12.5,0.0
2026-03-12 18:02:18,12.5,0.0
2026-03-12 18:02:33,12.5,0.0
2026-03-12 18:02:48,12.5,0.0
2026-03-12 18:03:03,12.5,0.0
2026-03-12 18:03:18,12.5,0.0
2026-03-12 18:03:33,12.5,0.0
2026-03-12 18:03:48,12.5,0.0
2026-03-12 18:04:03,12.5,0.0
2026-03-12 18:04:18,12.5,0.0
2026-03-12 18:04:33,12.5,0.0
2026-03-12 18:04:48,12.5,0.0
2026-03-12 18:05:03,12.5,0.0
2026-03-12 18:05:18,12.5,0.0
2026-03-12 18:05:33,12.5,0.0
2026-03-12 18:05:48,12.5,0.0
2026-03-12 18:06:03,12.5,0.0
2026-03-12 18:06:18,12.5,0.0
2026-03-12 18:06:33,12.5,0.0
2026-03-12 18:06:48,12.5,0.0
2026-03-12 18:07:03,12.5,0.0
2026-03-12 18:07:18,12.5,0.0
2026-03-12 18:07:33,12.5,0.0
2026-03-12 18:07:48,12.5,0.0
2026-03-12 18:08:03,12.5,0.0
2026-03-12 18:08:18,12.5,0.0
2026-03-12 18:08:33,12.5,0.0
2026-03-12 18:08:48,12.5,0.0
2026-03-12 18:09:03,12.5,0.0
2026-03-12 18:09:18,12.5,0.0
2026-03-12 18:09:33,12.5,0.0
2026-03-12 18:09:48,12.5,0.0
2026-03-12 18:10:03,12.5,0.0
2026-03-12 18:10:18,12.5,0.0
2026-03-12 18:10:33,12.5,0.0
2026-03-12 18:10:48,12.5,0.0
2026-03-12 18:11:03,12.5,0.0
2026-03-12 18:11:18,12.5,0.0
2026-03-12 18:11:33,12.5,0.0
2026-03-12 18:11:48,12.5,0.0
2026-03-12 18:12:03,12.5,0.0
2026-03-12 18:12:18,12.5,0.0
2026-03-12 18:12:33,12.5,0.0
2026-03-12 18:12:48,12.5,0.0
2026-03-12 18:13:03,12.5,0.0
2026-03-12 18:13:18,12.5,0.0
2026-03-12 18:13:33,12.5,0.0
2026-03-12 18:13:48,12.5,0.0
2026-03-12 18:14:03,12.5,0.0
2026-03-12 18:14:18,12.5,0.0
2026-03-12 18:14:33,12.5,0.0
2026-03-12 18:14:48,12.5,0.0
2026-03-12 18:15:03,12.5,0.0
2026-03-12 18:15:18,12.5,0.0
2026-03-12 18:15:33,12.5,0.0
2026-03-12 18:15:48,12.5,0.0
2026-03-12 18:16:03,12.5,0.0
2026-03-12 18:16:18,12.5,0.0
2026-03-12 18:16:33,12.5,0.0
2026-03-12 18:16:48,12.5,0.0
2026-03-12 18:17:03,12.5,0.0
2026-03-12 18:17:18,12.5,0.0
2026-03-12 18:17:33,12.5,0.0
2026-03-12 18:17:48,12.5,0.0
2026-03-12 18:18:03,12.5,0.0
2026-03-12 18:18:18,12.5,0.0
2026-03-12 18:18:33,12.5,0.0
2026-03-12 18:18:48,12.5,0.0
2026-03-12 18:19:03,12.5,0.0
2026-03-12 18:19:18,12.5,0.0
2026-03-12 18:19:33,12.5,0.0
2026-03-12 18:19:48,12.5,0.0
2026-03-12 18:20:03,12.5,0.0
2026-03-12 18:20:18,12.5,0.0
2026-03-12 18:20:33,12.5,0.0
2026-03-12 18:20:48,12.5,0.0
2026-03-12 18:21:03,12.5,0.0
2026-03-12 18:21:18,12.5,0.0
2026-03-12 18:21:33,12.5,0.0
2026-03-12 18:21:48,12.5,0.0
2026-03-12 18:22:03,12.5,0.0
2026-03-12 18:22:18,12.5,0.0
2026-03-12 18:22:33,12.5,0.0
2026-03-12 18:22:48,12.5,0.0
2026-03-12 18:23:03,12.5,0.0
2026-03-12 18:23:18,12.5,0.0
2026-03-12 18:23:33,12.5,0.0
2026-03-12 18:23:48,12.5,0.0
2026-03-12 18:24:03,12.5,0.0
2026-03-12 18:24:18,12.5,0.0
2026-03-12 18:24:33,12.5,0.0
2026-03-12 18:24:48,12.5,0.0
2026-03-12 18:25:03,12.5,0.0
2026-03-12 18:25:18,12.5,0.0
2026-03-12 18:25:33,12.5,0.0
2026-03-12 18:25:48,12.5,0.0
2026-03-12 18:26:03,12.5,0.0
2026-03-12 18:26:18,12.5,0.0
2026-03-12 18:26:33,12.5,0.0
2026-03-12 18:26:48,12.5,0.0
2026-03-12 18:27:03,12.5,0.0
2026-03-12 18:27:18,12.5,0.0
2026-03-12 18:27:33,12.5,0.0
2026-03-12 18:27:48,12.5,0.0
2026-03-12 18:28:03,12.5,0.0
2026-03-12 18:28:18,12.5,0.0
2026-03-12 18:28:33,12.5,0.0
2026-03-12 18:28:48,12.5,0.0
2026-03-12 18:29:03,12.5,0.0
2026-03-12 18:29:18,12.5,0.0
2026-03-12 18:29:33,12.5,0.0
2026-03-12 18:29:48,12.5,0.0
2026-03-12 18:30:03,12.5,0.0
2026-03-12 18:30:18,12.5,0.0
2026-03-12 18:30:33,12.5,0.0
2026-03-12 18:30:48,12.5,0.0
2026-03-12 18:31:03,12.5,0.0
2026-03-12 18:31:18,12.5,0.0
2026-03-12 18:31:33,12.5,0.0
2026-03-12 18:31:48,12.5,0.0
2026-03-12 18:32:03,12.5,0.0
2026-03-12 18:32:18,12.5,0.0
2026-03-12 18:32:33,12.5,0.0
2026-03-12 18:32:48,12.5,0.0
2026-03-12 18:33:03,12.5,0.0
2026-03-12 18:33:18,12.5,0.0
2026-03-12 18:33:33,12.5,0.0
2026-03-12 18:33:48,12.5,0.0
2026-03-12 18:34:03,12.5,0.0
2026-03-12 18:34:18,12.5,0.0
2026-03-12 18:34:33,12.5,0.0
2026-03-12 18:34:48,12.5,0.0
2026-03-12 18:35:03,12.5,0.0
2026-03-12 18:35:18,12.5,0.0
2026-03-12 18:35:33,12.5,0.0
2026-03-12 18:35:48,12.5,0.0
2026-03-12 18:36:03,12.5,0.0
2026-03-12 18:36:18,12.5,0.0
2026-03-12 18:36:33,12.5,0.0
2026-03-12 18:36:48,12.5,0.0
2026-03-12 18:37:03,12.5,0.0
2026-03-12 18:37:18,12.5,0.0
2026-03-12 18:37:33,12.5,0.0
2026-03-12 18:37:48,12.5,0.0
2026-03-12 18:38:03,12.5,0.0
2026-03-12 18:38:18,12.5,0.0
2026-03-12 18:38:33,12.5,0.0
2026-03-12 18:38:48,12.5,0.0
2026-03-12 18:39:03,12.5,0.0
2026-03-12 18:39:18,12.5,0.0
2026-03-12 18:39:33,12.5,0.0
2026-03-12 18:39:48,12.5,0.0
2026-03-12 18:40:03,12.5,0.0
2026-03-12 18:40:18,12.5,0.0
2026-03-12 18:40:33,12.5,0.0
2026-03-12 18:40:48,12.5,0.0
2026-03-12 18:41:03,12.5,0.0
2026-03-12 18:41:18,12.5,0.2398081534772182
2026-03-12 18:41:33,12.5,0.4750593824228029
2026-03-12 18:41:48,12.5,0.7125890736342043
2026-03-12 18:42:03,12.5,0.9411764705882352
2026-03-12 18:42:18,12.5,1.1764705882352942
2026-03-12 18:42:33,12.5,1.3986013986013985
2026-03-12 18:42:48,12.5,1.6166281755196306
2026-03-12 18:43:03,12.5,1.8475750577367205
2026-03-12 18:43:18,12.5,2.059496567505721
2026-03-12 18:43:33,12.5,2.2883295194508007
2026-03-12 18:43:48,12.5,2.494331065759637
2026-03-12 18:44:03,12.5,2.696629213483146
2026-03-12 18:44:18,12.5,2.9213483146067416
2026-03-12 18:44:33,12.5,3.11804008908686
2026-03-12 18:44:48,12.5,3.34075723830735
2026-03-12 18:45:03,12.5,3.532008830022075
2026-03-12 18:45:18,12.5,3.7199124726477026
2026-03-12 18:45:33,12.5,3.938730853391685
2026-03-12 18:45:48,12.5,4.121475054229935
2026-03-12 18:46:03,12.5,4.3383947939262475
2026-03-12 18:46:18,12.5,4.516129032258064
2026-03-12 18:46:33,12.5,4.690831556503198
2026-03-12 18:46:48,12.5,4.904051172707889
2026-03-12 18:47:03,12.5,5.07399577167019
2026-03-12 18:47:18,12.5,5.2854122621564485
2026-03-12 18:47:33,12.5,5.450733752620545
2026-03-12 18:47:48,12.5,5.613305613305614
2026-03-12 18:48:03,12.5,5.8212058212058215
2026-03-12 18:48:18,12.5,5.979381443298969
2026-03-12 18:48:33,12.5,6.185567010309279
2026-03-12 18:48:48,12.5,6.339468302658487
2026-03-12 18:49:03,12.5,6.490872210953347
2026-03-12 18:49:18,12.5,6.693711967545639
2026-03-12 18:49:33,12.5,6.841046277665996
2026-03-12 18:49:48,12.5,7.042253521126761
2026-03-12 18:50:03,12.5,7.18562874251497
2026-03-12 18:50:18,12.5,7.326732673267326
2026-03-12 18:50:33,12.5,7.524752475247524
2026-03-12 18:50:48,25.0,7.662082514734774
2026-03-12 18:51:03,25.0,7.858546168958743
2026-03-12 18:51:18,25.0,7.992202729044834
2026-03-12 18:51:33,25.0,8.123791102514506
2026-03-12 18:51:48,25.0,8.317214700193423
2026-03-12 18:52:03,25.0,8.445297504798464
2026-03-12 18:52:18,25.0,8.637236084452974
2026-03-12 18:52:33,25.0,8.761904761904763
2026-03-12 18:52:48,25.0,8.88468809073724
2026-03-12 18:53:03,25.0,9.073724007561438
2026-03-12 18:53:18,25.0,9.193245778611631
2026-03-12 18:53:33,25.0,9.380863039399625
2026-03-12 18:53:48,25.0,9.497206703910614
2026-03-12 18:54:03,25.0,9.611829944547134
2026-03-12 18:54:18,25.0,9.796672828096119
2026-03-12 18:54:33,25.0,9.908256880733946
2026-03-12 18:54:48,25.0,10.018214936247723
2026-03-12 18:55:03,25.0,10.200364298724955
2026-03-12 18:55:18,25.0,10.30741410488246
2026-03-12 18:55:33,25.0,10.488245931283906
2026-03-12 18:55:48,25.0,10.59245960502693
2026-03-12 18:56:03,25.0,11.051693404634582
2026-03-12 18:56:18,25.0,11.051693404634582
2026-03-12 18:56:33,25.0,11.68141592920354
2026-03-12 18:56:48,25.0,11.68141592920354
2026-03-12 18:57:03,25.0,12.302284710017574
2026-03-12 18:57:18,25.0,12.914485165794066
2026-03-12 18:57:33,25.0,12.914485165794066
2026-03-12 18:57:48,25.0,13.518197573656845
2026-03-12 18:58:03,25.0,13.518197573656845
2026-03-12 18:58:18,25.0,14.113597246127366
2026-03-12 18:58:33,25.0,14.700854700854702
2026-03-12 18:58:48,25.0,14.700854700854702
2026-03-12 18:59:03,25.0,15.280135823429541
2026-03-12 18:59:18,25.0,15.280135823429541
2026-03-12 18:59:33,25.0,15.851602023608768
2026-03-12 18:59:48,25.0,16.415410385259634
2026-03-12 19:00:03,25.0,16.415410385259634
2026-03-12 19:00:18,25.0,16.415410385259634
2026-03-12 19:00:33,25.0,16.415410385259634
2026-03-12 19:00:48,25.0,16.415410385259634
2026-03-12 19:01:03,25.0,16.415410385259634
2026-03-12 19:01:18,25.0,16.415410385259634
2026-03-12 19:01:33,25.0,16.415410385259634
2026-03-12 19:01:48,25.0,16.415410385259634
2026-03-12 19:02:03,25.0,16.415410385259634
2026-03-12 19:02:18,25.0,16.415410385259634
2026-03-12 19:02:33,25.0,16.415410385259634
2026-03-12 19:02:48,25.0,16.415410385259634
2026-03-12 19:03:03,25.0,16.415410385259634
2026-03-12 19:03:18,25.0,16.415410385259634
2026-03-12 19:03:33,25.0,16.415410385259634
2026-03-12 19:03:48,25.0,16.415410385259634
2026-03-12 19:04:03,25.0,16.415410385259634
2026-03-12 19:04:18,25.0,16.415410385259634
2026-03-12 19:04:33,37.5,16.415410385259634
2026-03-12 19:04:48,37.5,16.415410385259634
2026-03-12 19:05:03,37.5,16.415410385259634
2026-03-12 19:05:18,37.5,16.97171381031614
2026-03-12 19:05:33,37.5,16.97171381031614
2026-03-12 19:05:48,37.5,16.97171381031614
2026-03-12 19:06:03,37.5,16.97171381031614
2026-03-12 19:06:18,37.5,16.97171381031614
2026-03-12 19:06:33,37.5,16.97171381031614
2026-03-12 19:06:48,37.5,17.13810316139767
2026-03-12 19:07:03,37.5,17.304492512479204
2026-03-12 19:07:18,37.5,17.470881863560734
2026-03-12 19:07:33,37.5,17.637271214642265
2026-03-12 19:07:48,37.5,17.803660565723796
2026-03-12 19:08:03,37.5,17.970049916805326
2026-03-12 19:08:18,37.5,18.136439267886857
2026-03-12 19:08:33,37.5,18.302828618968388
2026-03-12 19:08:48,37.5,18.469217970049918
2026-03-12 19:09:03,37.5,18.63560732113145
2026-03-12 19:09:18,37.5,18.80199667221298
2026-03-12 19:09:33,37.5,18.96838602329451
2026-03-12 19:09:48,37.5,19.13477537437604
2026-03-12 19:10:03,37.5,19.30116472545757
2026-03-12 19:10:18,37.5,19.467554076539102
2026-03-12 19:10:33,37.5,19.633943427620633
2026-03-12 19:10:48,37.5,19.800332778702163
2026-03-12 19:11:03,37.5,19.966722129783694
2026-03-12 19:11:18,37.5,20.133111480865225
2026-03-12 19:11:33,37.5,20.299500831946755
2026-03-12 19:11:48,37.5,20.465890183028286
2026-03-12 19:12:03,37.5,20.465890183028286
2026-03-12 19:12:18,37.5,20.465890183028286
2026-03-12 19:12:33,37.5,20.465890183028286
2026-03-12 19:12:48,37.5,20.465890183028286
2026-03-12 19:13:03,37.5,20.465890183028286
2026-03-12 19:13:18,37.5,20.465890183028286
2026-03-12 19:13:33,37.5,20.465890183028286
2026-03-12 19:13:48,37.5,20.465890183028286
2026-03-12 19:14:03,37.5,20.465890183028286
2026-03-12 19:14:18,37.5,20.465890183028286
2026-03-12 19:14:33,37.5,20.465890183028286
2026-03-12 19:14:48,37.5,20.465890183028286
2026-03-12 19:15:03,37.5,20.465890183028286
2026-03-12 19:15:18,37.5,20.465890183028286
2026-03-12 19:15:33,37.5,20.465890183028286
2026-03-12 19:15:48,37.5,20.465890183028286
2026-03-12 19:16:03,37.5,20.330578512396695
2026-03-12 19:16:18,37.5,20.330578512396695
2026-03-12 19:16:33,37.5,20.330578512396695
2026-03-12 19:16:48,37.5,20.330578512396695
2026-03-12 19:17:03,37.5,20.330578512396695
2026-03-12 19:17:18,37.5,20.330578512396695
2026-03-12 19:17:33,37.5,20.330578512396695
2026-03-12 19:17:48,37.5,20.330578512396695
2026-03-12 19:18:03,37.5,20.330578512396695
2026-03-12 19:18:18,37.5,20.330578512396695
2026-03-12 19:18:33,37.5,20.330578512396695
2026-03-12 19:18:48,37.5,20.330578512396695
2026-03-12 19:19:03,37.5,20.330578512396695
2026-03-12 19:19:18,37.5,20.330578512396695
2026-03-12 19:19:33,37.5,20.330578512396695
2026-03-12 19:19:48,37.5,20.330578512396695
2026-03-12 19:20:03,37.5,20.330578512396695
2026-03-12 19:20:18,37.5,20.330578512396695
2026-03-12 19:20:33,37.5,20.330578512396695
2026-03-12 19:20:48,37.5,20.330578512396695
2026-03-12 19:21:03,37.5,20.330578512396695
2026-03-12 19:21:18,37.5,20.330578512396695
2026-03-12 19:21:33,37.5,20.330578512396695
2026-03-12 19:21:48,37.5,20.330578512396695
2026-03-12 19:22:03,37.5,20.330578512396695
2026-03-12 19:22:18,37.5,20.330578512396695
2026-03-12 19:22:33,37.5,20.330578512396695
2026-03-12 19:22:48,37.5,20.330578512396695
2026-03-12 19:23:03,37.5,20.330578512396695
2026-03-12 19:23:18,37.5,20.330578512396695
2026-03-12 19:23:33,37.5,20.330578512396695
2026-03-12 19:23:48,37.5,20.330578512396695
2026-03-12 19:24:03,37.5,20.330578512396695
2026-03-12 19:24:18,37.5,20.330578512396695
2026-03-12 19:24:33,37.5,20.330578512396695
2026-03-12 19:24:48,37.5,20.330578512396695
2026-03-12 19:25:03,37.5,20.330578512396695
2026-03-12 19:25:18,37.5,20.330578512396695
2026-03-12 19:25:33,37.5,20.330578512396695
2026-03-12 19:25:48,37.5,20.330578512396695
2026-03-12 19:26:03,37.5,20.330578512396695
2026-03-12 19:26:18,37.5,20.330578512396695
2026-03-12 19:26:33,37.5,20.330578512396695
2026-03-12 19:26:48,37.5,20.330578512396695
2026-03-12 19:27:03,37.5,20.19704433497537
2026-03-12 19:27:18,37.5,20.19704433497537
2026-03-12 19:27:33,37.5,20.19704433497537
2026-03-12 19:27:48,25.0,20.19704433497537
2026-03-12 19:28:03,25.0,20.19704433497537
2026-03-12 19:28:18,25.0,20.19704433497537
2026-03-12 19:28:33,25.0,20.19704433497537
2026-03-12 19:28:48,25.0,20.19704433497537
2026-03-12 19:29:03,25.0,20.19704433497537
2026-03-12 19:29:18,25.0,20.19704433497537
2026-03-12 19:29:33,25.0,20.19704433497537
2026-03-12 19:29:48,25.0,20.19704433497537
2026-03-12 19:30:03,25.0,20.19704433497537
2026-03-12 19:30:18,25.0,20.19704433497537
2026-03-12 19:30:33,25.0,20.19704433497537
2026-03-12 19:30:48,25.0,20.19704433497537
2026-03-12 19:31:03,25.0,20.19704433497537
2026-03-12 19:31:18,25.0,20.19704433497537
2026-03-12 19:31:33,25.0,20.19704433497537
2026-03-12 19:31:48,25.0,20.19704433497537
2026-03-12 19:32:03,25.0,20.19704433497537
2026-03-12 19:32:18,25.0,20.19704433497537
2026-03-12 19:32:33,25.0,20.19704433497537
2026-03-12 19:32:48,25.0,20.19704433497537
2026-03-12 19:33:03,25.0,20.19704433497537
2026-03-12 19:33:18,25.0,20.19704433497537
2026-03-12 19:33:33,25.0,20.19704433497537
2026-03-12 19:33:48,25.0,20.19704433497537
2026-03-12 19:34:03,25.0,20.19704433497537
2026-03-12 19:34:18,25.0,20.19704433497537
2026-03-12 19:34:33,25.0,20.19704433497537
2026-03-12 19:34:48,25.0,20.19704433497537
2026-03-12 19:35:03,25.0,20.19704433497537
2026-03-12 19:35:18,25.0,20.19704433497537
2026-03-12 19:35:33,25.0,20.19704433497537
2026-03-12 19:35:48,25.0,20.19704433497537
2026-03-12 19:36:03,25.0,20.19704433497537
2026-03-12 19:36:18,25.0,20.19704433497537
2026-03-12 19:36:33,25.0,20.19704433497537
2026-03-12 19:36:48,25.0,20.19704433497537
2026-03-12 19:37:03,25.0,20.19704433497537
2026-03-12 19:37:18,25.0,20.19704433497537
2026-03-12 19:37:33,25.0,20.19704433497537
2026-03-12 19:37:48,25.0,20.19704433497537
2026-03-12 19:38:03,25.0,20.0652528548124
2026-03-12 19:38:18,25.0,20.0652528548124
2026-03-12 19:38:33,25.0,20.0652528548124
2026-03-12 19:38:48,25.0,20.0652528548124
2026-03-12 19:39:03,25.0,20.0652528548124
2026-03-12 19:39:18,25.0,20.0652528548124
2026-03-12 19:39:33,25.0,20.0652528548124
2026-03-12 19:39:48,25.0,20.0652528548124
2026-03-12 19:40:03,25.0,20.0652528548124
2026-03-12 19:40:18,25.0,20.0652528548124
2026-03-12 19:40:33,25.0,20.0652528548124
2026-03-12 19:40:48,25.0,20.0652528548124
2026-03-12 19:41:03,25.0,20.0652528548124
2026-03-12 19:41:18,25.0,20.0652528548124
2026-03-12 19:41:33,25.0,20.0652528548124
2026-03-12 19:41:48,25.0,20.0652528548124
2026-03-12 19:42:03,25.0,20.0652528548124
2026-03-12 19:42:18,25.0,20.0652528548124
2026-03-12 19:42:33,25.0,20.0652528548124
2026-03-12 19:42:48,25.0,20.0652528548124
2026-03-12 19:43:03,25.0,20.0652528548124
2026-03-12 19:43:18,25.0,20.0652528548124
2026-03-12 19:43:33,25.0,20.0652528548124
2026-03-12 19:43:48,25.0,20.0652528548124
2026-03-12 19:44:03,25.0,20.0652528548124
2026-03-12 19:44:18,25.0,20.0652528548124
2026-03-12 19:44:33,25.0,20.0652528548124
2026-03-12 19:44:48,25.0,20.0652528548124
2026-03-12 19:45:03,25.0,20.0652528548124
2026-03-12 19:45:18,25.0,20.0652528548124
2026-03-12 19:45:33,25.0,20.0652528548124
2026-03-12 19:45:48,25.0,20.0652528548124
2026-03-12 19:46:03,25.0,20.0652528548124
2026-03-12 19:46:18,25.0,20.0652528548124
2026-03-12 19:46:33,25.0,20.0652528548124
2026-03-12 19:46:48,25.0,20.0652528548124
2026-03-12 19:47:03,25.0,20.0652528548124
2026-03-12 19:47:18,25.0,20.0652528548124
2026-03-12 19:47:33,25.0,20.0652528548124
2026-03-12 19:47:48,25.0,20.0652528548124
2026-03-12 19:48:03,25.0,20.0652528548124
2026-03-12 19:48:18,25.0,20.0652528548124
2026-03-12 19:48:33,25.0,20.0652528548124
2026-03-12 19:48:48,25.0,20.0652528548124
2026-03-12 19:49:03,25.0,19.93517017828201
2026-03-12 19:49:18,25.0,19.93517017828201
2026-03-12 19:49:33,25.0,19.93517017828201
2026-03-12 19:49:48,25.0,19.93517017828201
2026-03-12 19:50:03,25.0,19.93517017828201
2026-03-12 19:50:18,25.0,19.93517017828201
2026-03-12 19:50:33,25.0,19.93517017828201
2026-03-12 19:50:48,25.0,19.93517017828201
2026-03-12 19:51:03,25.0,19.93517017828201
2026-03-12 19:51:18,25.0,19.93517017828201
2026-03-12 19:51:33,25.0,19.93517017828201
2026-03-12 19:51:48,25.0,19.93517017828201
2026-03-12 19:52:03,25.0,19.93517017828201
2026-03-12 19:52:18,25.0,19.93517017828201
2026-03-12 19:52:33,25.0,19.93517017828201
2026-03-12 19:52:48,25.0,19.93517017828201
2026-03-12 19:53:03,25.0,20.097244732576986
2026-03-12 19:53:18,25.0,20.25931928687196
2026-03-12 19:53:33,25.0,20.42139384116694
2026-03-12 19:53:48,25.0,20.583468395461914
2026-03-12 19:54:03,25.0,20.74554294975689
2026-03-12 19:54:18,25.0,20.907617504051863
2026-03-12 19:54:33,25.0,20.907617504051863
2026-03-12 19:54:48,25.0,20.907617504051863
2026-03-12 19:55:03,25.0,20.907617504051863
2026-03-12 19:55:18,25.0,20.907617504051863
2026-03-12 19:55:33,25.0,20.907617504051863
2026-03-12 19:55:48,25.0,20.907617504051863
2026-03-12 19:56:03,25.0,20.907617504051863
2026-03-12 19:56:18,25.0,21.06969205834684
2026-03-12 19:56:33,25.0,21.231766612641813
2026-03-12 19:56:48,25.0,21.39384116693679
2026-03-12 19:57:03,25.0,21.555915721231766
2026-03-12 19:57:18,25.0,21.71799027552674
2026-03-12 19:57:33,25.0,21.88006482982172
2026-03-12 19:57:48,25.0,22.042139384116695
2026-03-12 19:58:03,25.0,22.20421393841167
2026-03-12 19:58:18,25.0,22.366288492706644
2026-03-12 19:58:33,25.0,22.52836304700162
2026-03-12 19:58:48,25.0,22.690437601296594
2026-03-12 19:59:03,25.0,22.852512155591572
2026-03-12 19:59:18,25.0,23.014586709886547
2026-03-12 19:59:33,25.0,23.176661264181522
2026-03-12 19:59:48,25.0,23.3387358184765
2026-03-12 20:00:03,25.0,23.349436392914654
2026-03-12 20:00:18,25.0,23.66288492706645
2026-03-12 20:00:33,25.0,23.824959481361425
2026-03-12 20:00:48,25.0,23.824959481361425
2026-03-12 20:01:03,25.0,23.824959481361425
2026-03-12 20:01:18,25.0,23.824959481361425
2026-03-12 20:01:33,25.0,23.824959481361425
2026-03-12 20:01:48,25.0,23.824959481361425
2026-03-12 20:02:03,25.0,23.824959481361425
2026-03-12 20:02:18,25.0,23.824959481361425
2026-03-12 20:02:33,25.0,23.824959481361425
2026-03-12 20:02:48,25.0,23.824959481361425
2026-03-12 20:03:03,25.0,23.824959481361425
2026-03-12 20:03:18,25.0,23.824959481361425
2026-03-12 20:03:33,25.0,23.824959481361425
2026-03-12 20:03:48,25.0,23.824959481361425
2026-03-12 20:04:03,25.0,23.824959481361425
2026-03-12 20:04:18,25.0,23.824959481361425
2026-03-12 20:04:33,25.0,23.824959481361425
2026-03-12 20:04:48,25.0,23.824959481361425
2026-03-12 20:05:03,25.0,23.824959481361425
2026-03-12 20:05:18,25.0,23.824959481361425
2026-03-12 20:05:33,25.0,23.824959481361425
2026-03-12 20:05:48,25.0,23.824959481361425
2026-03-12 20:06:03,25.0,23.824959481361425
2026-03-12 20:06:18,25.0,23.824959481361425
2026-03-12 20:06:33,25.0,23.824959481361425
2026-03-12 20:06:48,25.0,23.824959481361425
2026-03-12 20:07:03,25.0,23.824959481361425
2026-03-12 20:07:18,25.0,23.824959481361425
2026-03-12 20:07:33,25.0,23.824959481361425
2026-03-12 20:07:48,25.0,23.824959481361425
2026-03-12 20:08:03,25.0,23.824959481361425
2026-03-12 20:08:18,25.0,23.824959481361425
2026-03-12 20:08:33,25.0,23.824959481361425
2026-03-12 20:08:48,25.0,23.824959481361425
2026-03-12 20:09:03,25.0,23.824959481361425
2026-03-12 20:09:18,25.0,23.824959481361425
2026-03-12 20:09:33,25.0,23.824959481361425
2026-03-12 20:09:48,25.0,23.824959481361425
2026-03-12 20:10:03,25.0,23.824959481361425
2026-03-12 20:10:18,25.0,23.824959481361425
2026-03-12 20:10:33,25.0,23.824959481361425
2026-03-12 20:10:48,25.0,23.824959481361425
2026-03-12 20:11:03,25.0,23.98042414355628
2026-03-12 20:11:18,25.0,23.98042414355628
2026-03-12 20:11:33,25.0,23.98042414355628
2026-03-12 20:11:48,25.0,23.98042414355628
2026-03-12 20:12:03,25.0,23.98042414355628
2026-03-12 20:12:18,25.0,23.98042414355628
2026-03-12 20:12:33,25.0,23.98042414355628
2026-03-12 20:12:48,25.0,23.98042414355628
2026-03-12 20:13:03,25.0,23.98042414355628
2026-03-12 20:13:18,25.0,23.98042414355628
2026-03-12 20:13:33,25.0,23.98042414355628
2026-03-12 20:13:48,25.0,23.98042414355628
2026-03-12 20:14:03,25.0,23.98042414355628
2026-03-12 20:14:18,25.0,23.98042414355628
2026-03-12 20:14:33,25.0,23.98042414355628
2026-03-12 20:14:48,25.0,23.98042414355628
2026-03-12 20:15:03,25.0,23.98042414355628
2026-03-12 20:15:18,25.0,23.98042414355628
2026-03-12 20:15:33,25.0,23.98042414355628
2026-03-12 20:15:48,25.0,23.98042414355628
2026-03-12 20:16:03,25.0,23.98042414355628
2026-03-12 20:16:18,25.0,23.98042414355628
2026-03-12 20:16:33,25.0,23.98042414355628
2026-03-12 20:16:48,25.0,23.98042414355628
2026-03-12 20:17:03,25.0,23.98042414355628
2026-03-12 20:17:18,25.0,23.98042414355628
2026-03-12 20:17:33,25.0,23.98042414355628
2026-03-12 20:17:48,25.0,23.98042414355628
2026-03-12 20:18:03,25.0,23.98042414355628
2026-03-12 20:18:18,25.0,23.98042414355628
2026-03-12 20:18:33,25.0,23.98042414355628
2026-03-12 20:18:48,25.0,23.98042414355628
2026-03-12 20:19:03,25.0,23.98042414355628
2026-03-12 20:19:18,25.0,23.98042414355628
2026-03-12 20:19:33,25.0,23.98042414355628
2026-03-12 20:19:48,25.0,23.98042414355628
2026-03-12 20:20:03,25.0,23.98042414355628
2026-03-12 20:20:18,25.0,23.98042414355628
2026-03-12 20:20:33,25.0,23.98042414355628
2026-03-12 20:20:48,25.0,23.98042414355628
2026-03-12 20:21:03,25.0,23.98042414355628
2026-03-12 20:21:18,25.0,23.98042414355628
2026-03-12 20:21:33,25.0,23.98042414355628
2026-03-12 20:21:48,25.0,24.137931034482758
2026-03-12 20:22:03,25.0,24.137931034482758
2026-03-12 20:22:18,25.0,24.137931034482758
2026-03-12 20:22:33,25.0,24.137931034482758
2026-03-12 20:22:48,12.5,24.137931034482758
2026-03-12 20:23:03,12.5,24.137931034482758
2026-03-12 20:23:18,12.5,24.137931034482758
2026-03-12 20:23:33,12.5,24.137931034482758
2026-03-12 20:23:48,12.5,24.137931034482758
2026-03-12 20:24:03,12.5,24.137931034482758
2026-03-12 20:24:18,12.5,24.137931034482758
2026-03-12 20:24:33,12.5,24.137931034482758
2026-03-12 20:24:48,12.5,24.137931034482758
2026-03-12 20:25:03,12.5,24.137931034482758
2026-03-12 20:25:18,12.5,24.137931034482758
2026-03-12 20:25:33,12.5,24.137931034482758
2026-03-12 20:25:48,12.5,24.137931034482758
2026-03-12 20:26:03,12.5,24.137931034482758
2026-03-12 20:26:18,12.5,24.137931034482758
2026-03-12 20:26:33,12.5,24.137931034482758
2026-03-12 20:26:48,12.5,24.137931034482758
2026-03-12 20:27:03,12.5,24.137931034482758
2026-03-12 20:27:18,12.5,24.137931034482758
2026-03-12 20:27:33,12.5,24.137931034482758
2026-03-12 20:27:48,12.5,24.137931034482758
2026-03-12 20:28:03,12.5,24.137931034482758
2026-03-12 20:28:18,12.5,24.137931034482758
2026-03-12 20:28:33,12.5,24.137931034482758
2026-03-12 20:28:48,12.5,24.137931034482758
2026-03-12 20:29:03,12.5,24.137931034482758
2026-03-12 20:29:18,12.5,24.137931034482758
2026-03-12 20:29:33,12.5,24.137931034482758
2026-03-12 20:29:48,12.5,24.137931034482758
2026-03-12 20:30:03,12.5,24.137931034482758
2026-03-12 20:30:18,12.5,24.137931034482758
2026-03-12 20:30:33,12.5,24.137931034482758
2026-03-12 20:30:48,12.5,24.137931034482758
2026-03-12 20:31:03,12.5,24.137931034482758
2026-03-12 20:31:18,12.5,24.137931034482758
2026-03-12 20:31:33,12.5,24.137931034482758
2026-03-12 20:31:48,12.5,24.137931034482758
2026-03-12 20:32:03,12.5,24.137931034482758
2026-03-12 20:32:18,12.5,24.137931034482758
2026-03-12 20:32:33,12.5,24.137931034482758
2026-03-12 20:32:48,12.5,24.297520661157023
2026-03-12 20:33:03,12.5,24.297520661157023
2026-03-12 20:33:18,12.5,24.297520661157023
2026-03-12 20:33:33,12.5,24.297520661157023
2026-03-12 20:33:48,12.5,24.297520661157023
2026-03-12 20:34:03,12.5,24.297520661157023
2026-03-12 20:34:18,12.5,24.297520661157023
2026-03-12 20:34:33,12.5,24.297520661157023
2026-03-12 20:34:48,12.5,24.297520661157023
2026-03-12 20:35:03,12.5,24.297520661157023
2026-03-12 20:35:18,12.5,24.297520661157023
2026-03-12 20:35:33,12.5,24.297520661157023
2026-03-12 20:35:48,12.5,24.297520661157023
2026-03-12 20:36:03,12.5,24.297520661157023
2026-03-12 20:36:18,12.5,24.297520661157023
2026-03-12 20:36:33,12.5,24.297520661157023
2026-03-12 20:36:48,12.5,24.297520661157023
2026-03-12 20:37:03,12.5,24.297520661157023
2026-03-12 20:37:18,12.5,24.297520661157023
2026-03-12 20:37:33,12.5,24.297520661157023
2026-03-12 20:37:48,12.5,24.297520661157023
2026-03-12 20:38:03,12.5,24.297520661157023
2026-03-12 20:38:18,12.5,24.297520661157023
2026-03-12 20:38:33,12.5,24.297520661157023
2026-03-12 20:38:48,12.5,24.297520661157023
2026-03-12 20:39:03,12.5,24.297520661157023
2026-03-12 20:39:18,12.5,24.297520661157023
2026-03-12 20:39:33,12.5,24.297520661157023
2026-03-12 20:39:48,12.5,24.297520661157023
2026-03-12 20:40:03,12.5,24.297520661157023
2026-03-12 20:40:18,12.5,24.297520661157023
2026-03-12 20:40:33,12.5,24.297520661157023
2026-03-12 20:40:48,12.5,24.297520661157023
2026-03-12 20:41:03,12.5,24.297520661157023
2026-03-12 20:41:18,12.5,24.297520661157023
2026-03-12 20:41:33,12.5,24.297520661157023
2026-03-12 20:41:48,12.5,24.297520661157023
2026-03-12 20:42:03,12.5,24.297520661157023
2026-03-12 20:42:18,12.5,24.297520661157023
2026-03-12 20:42:33,12.5,24.297520661157023
2026-03-12 20:42:48,12.5,24.297520661157023
2026-03-12 20:43:03,12.5,24.297520661157023
2026-03-12 20:43:18,12.5,24.297520661157023
2026-03-12 20:43:33,12.5,24.459234608985025
2026-03-12 20:43:48,12.5,24.459234608985025
2026-03-12 20:44:03,12.5,24.459234608985025
2026-03-12 20:44:18,12.5,24.459234608985025
2026-03-12 20:44:33,12.5,24.459234608985025
2026-03-12 20:44:48,12.5,24.459234608985025
2026-03-12 20:45:03,12.5,24.459234608985025
2026-03-12 20:45:18,12.5,24.459234608985025
2026-03-12 20:45:33,12.5,24.459234608985025
2026-03-12 20:45:48,12.5,24.459234608985025
2026-03-12 20:46:03,12.5,24.459234608985025
2026-03-12 20:46:18,12.5,24.459234608985025
2026-03-12 20:46:33,12.5,24.459234608985025
2026-03-12 20:46:48,12.5,24.459234608985025
2026-03-12 20:47:03,12.5,24.459234608985025
2026-03-12 20:47:18,12.5,24.459234608985025
2026-03-12 20:47:33,12.5,24.459234608985025
2026-03-12 20:47:48,12.5,24.459234608985025
2026-03-12 20:48:03,12.5,24.459234608985025
2026-03-12 20:48:18,12.5,24.459234608985025
2026-03-12 20:48:33,12.5,24.459234608985025
2026-03-12 20:48:48,12.5,24.459234608985025
2026-03-12 20:49:03,12.5,24.459234608985025
2026-03-12 20:49:18,12.5,24.459234608985025
2026-03-12 20:49:33,12.5,24.459234608985025
2026-03-12 20:49:48,12.5,24.459234608985025
2026-03-12 20:50:03,12.5,24.459234608985025
2026-03-12 20:50:18,12.5,24.459234608985025
2026-03-12 20:50:33,12.5,24.459234608985025
2026-03-12 20:50:48,12.5,24.459234608985025
2026-03-12 20:51:03,12.5,24.459234608985025
2026-03-12 20:51:18,12.5,24.459234608985025
2026-03-12 20:51:33,12.5,24.459234608985025
2026-03-12 20:51:48,12.5,24.459234608985025
2026-03-12 20:52:03,12.5,24.459234608985025
2026-03-12 20:52:18,12.5,24.459234608985025
2026-03-12 20:52:33,12.5,24.459234608985025
2026-03-12 20:52:48,12.5,24.459234608985025
2026-03-12 20:53:03,12.5,24.459234608985025
2026-03-12 20:53:18,12.5,24.459234608985025
2026-03-12 20:53:33,12.5,24.459234608985025
2026-03-12 20:53:48,12.5,24.459234608985025
2026-03-12 20:54:03,12.5,24.459234608985025
2026-03-12 20:54:18,12.5,24.459234608985025
2026-03-12 20:54:33,12.5,24.623115577889447
2026-03-12 20:54:48,12.5,24.623115577889447
2026-03-12 20:55:03,12.5,24.623115577889447
2026-03-12 20:55:18,12.5,24.623115577889447
2026-03-12 20:55:33,12.5,24.623115577889447
2026-03-12 20:55:48,12.5,24.623115577889447
2026-03-12 20:56:03,12.5,24.623115577889447
2026-03-12 20:56:18,12.5,24.623115577889447
2026-03-12 20:56:33,12.5,24.623115577889447
2026-03-12 20:56:48,12.5,24.623115577889447
2026-03-12 20:57:03,12.5,24.623115577889447
2026-03-12 20:57:18,12.5,24.623115577889447
2026-03-12 20:57:33,12.5,24.623115577889447
2026-03-12 20:57:48,12.5,24.623115577889447
2026-03-12 20:58:03,12.5,24.623115577889447
2026-03-12 20:58:18,12.5,24.623115577889447
2026-03-12 20:58:33,12.5,24.623115577889447
2026-03-12 20:58:48,12.5,24.623115577889447
2026-03-12 20:59:03,12.5,24.623115577889447
2026-03-12 20:59:18,12.5,24.623115577889447
2026-03-12 20:59:33,12.5,24.623115577889447
2026-03-12 20:59:48,12.5,24.623115577889447
2026-03-12 21:00:03,12.5,24.623115577889447
2026-03-12 21:00:18,12.5,24.78920741989882
2026-03-12 21:00:33,12.5,24.78920741989882
2026-03-12 21:00:48,12.5,24.95755517826825
2026-03-12 21:01:03,12.5,25.128205128205128
2026-03-12 21:01:18,12.5,25.128205128205128
2026-03-12 21:01:33,12.5,25.301204819277107
2026-03-12 21:01:48,12.5,25.301204819277107
2026-03-12 21:02:03,12.5,25.476603119584055
2026-03-12 21:02:18,12.5,25.654450261780106
2026-03-12 21:02:33,12.5,25.654450261780106
2026-03-12 21:02:48,12.5,25.83479789103691
2026-03-12 21:03:03,12.5,25.83479789103691
2026-03-12 21:03:18,12.5,25.309734513274336
2026-03-12 21:03:33,12.5,24.598930481283425
2026-03-12 21:03:48,12.5,24.420677361853834
2026-03-12 21:04:03,12.5,23.6983842010772
2026-03-12 21:04:18,12.5,23.518850987432675
2026-03-12 21:04:33,12.5,22.78481012658228
2026-03-12 21:04:48,12.5,22.040072859744992
2026-03-12 21:05:03,12.5,21.85792349726776
2026-03-12 21:05:18,12.5,21.100917431192663
2026-03-12 21:05:33,12.5,20.91743119266055
2026-03-12 21:05:48,12.5,20.147874306839185
2026-03-12 21:06:03,12.5,19.366852886405958
2026-03-12 21:06:18,12.5,19.180633147113593
2026-03-12 21:06:33,12.5,18.386491557223263
2026-03-12 21:06:48,12.5,18.19887429643527
2026-03-12 21:07:03,12.5,17.391304347826086
2026-03-12 21:07:18,12.5,16.57142857142857
2026-03-12 21:07:33,12.5,16.380952380952383
2026-03-12 21:07:48,12.5,15.547024952015356
2026-03-12 21:08:03,12.5,15.355086372360843
2026-03-12 21:08:18,12.5,14.506769825918761
2026-03-12 21:08:33,12.5,13.64522417153996
2026-03-12 21:08:48,12.5,13.450292397660817
2026-03-12 21:09:03,12.5,12.573673870333987
2026-03-12 21:09:18,12.5,12.37721021611002
2026-03-12 21:09:33,12.5,11.485148514851486
2026-03-12 21:09:48,12.5,10.578842315369261
2026-03-12 21:10:03,12.5,10.379241516966067
2026-03-12 21:10:18,12.5,9.456740442655935
2026-03-12 21:10:33,12.5,9.25553319919517
2026-03-12 21:10:48,12.5,8.316430020283976
2026-03-12 21:11:03,12.5,7.361963190184049
2026-03-12 21:11:18,12.5,7.157464212678937
2026-03-12 21:11:33,12.5,6.185567010309279
2026-03-12 21:11:48,12.5,5.979381443298969
2026-03-12 21:12:03,12.5,4.98960498960499
2026-03-12 21:12:18,12.5,5.031446540880504
2026-03-12 21:12:33,12.5,5.031446540880504
2026-03-12 21:12:48,12.5,5.07399577167019
2026-03-12 21:13:03,12.5,5.07399577167019
2026-03-12 21:13:18,12.5,5.11727078891258
2026-03-12 21:13:33,12.5,5.161290322580645
2026-03-12 21:13:48,12.5,5.161290322580645
2026-03-12 21:14:03,12.5,5.206073752711497
2026-03-12 21:14:18,12.5,5.206073752711497
2026-03-12 21:14:33,12.5,5.25164113785558
2026-03-12 21:14:48,12.5,5.298013245033113
2026-03-12 21:15:03,12.5,5.298013245033113
2026-03-12 21:15:18,12.5,5.3452115812917596
2026-03-12 21:15:33,12.5,5.3452115812917596
2026-03-12 21:15:48,12.5,5.393258426966292
2026-03-12 21:16:03,12.5,5.442176870748299
2026-03-12 21:16:18,12.5,5.442176870748299
2026-03-12 21:16:33,12.5,5.491990846681922
2026-03-12 21:16:48,12.5,5.491990846681922
2026-03-12 21:17:03,12.5,5.542725173210162
2026-03-12 21:17:18,12.5,5.594405594405594
2026-03-12 21:17:33,12.5,5.594405594405594
2026-03-12 21:17:48,12.5,5.647058823529412
2026-03-12 21:18:03,12.5,5.647058823529412
2026-03-12 21:18:18,12.5,5.7007125890736345
2026-03-12 21:18:33,12.5,5.755395683453238
2026-03-12 21:18:48,12.5,5.755395683453238
2026-03-12 21:19:03,12.5,5.811138014527845
2026-03-12 21:19:18,12.5,5.811138014527845
2026-03-12 21:19:33,12.5,5.8679706601467
2026-03-12 21:19:48,12.5,5.9259259259259265
2026-03-12 21:20:03,12.5,5.9259259259259265
2026-03-12 21:20:18,12.5,5.985037406483791
2026-03-12 21:20:33,12.5,6.045340050377834
2026-03-12 21:20:48,12.5,6.045340050377834
2026-03-12 21:21:03,12.5,6.106870229007633
2026-03-12 21:21:18,12.5,6.106870229007633
2026-03-12 21:21:33,12.5,6.169665809768637
2026-03-12 21:21:48,12.5,6.233766233766234
2026-03-12 21:22:03,12.5,6.233766233766234
2026-03-12 21:22:18,12.5,6.299212598425196
2026-03-12 21:22:33,12.5,6.299212598425196
2026-03-12 21:22:48,12.5,6.36604774535809
2026-03-12 21:23:03,12.5,6.434316353887399
2026-03-12 21:23:18,12.5,6.434316353887399
2026-03-12 21:23:33,12.5,6.504065040650407
2026-03-12 21:23:48,12.5,6.504065040650407
2026-03-12 21:24:03,12.5,6.575342465753424
2026-03-12 21:24:18,12.5,5.263157894736842
2026-03-12 21:24:33,12.5,4.986149584487535
2026-03-12 21:24:48,12.5,5.042016806722689
2026-03-12 21:25:03,12.5,5.042016806722689
2026-03-12 21:25:18,12.5,3.9660056657223794
2026-03-12 21:25:33,12.5,2.5787965616045847
2026-03-12 21:25:48,12.5,2.292263610315186
2026-03-12 21:26:03,12.5,0.8695652173913043
2026-03-12 21:26:18,12.5,0.5797101449275363
2026-03-12 21:26:33,12.5,0.0
2026-03-12 21:26:48,12.5,0.0
2026-03-12 21:27:03,12.5,0.0
2026-03-12 21:27:18,12.5,0.0
2026-03-12 21:27:33,12.5,0.0
2026-03-12 21:27:48,12.5,0.0
2026-03-12 21:28:03,12.5,0.0
2026-03-12 21:28:18,12.5,0.0
2026-03-12 21:28:33,12.5,0.0
2026-03-12 21:28:48,12.5,0.0
2026-03-12 21:29:03,12.5,0.0
2026-03-12 21:29:18,12.5,0.0
2026-03-12 21:29:33,12.5,0.0
2026-03-12 21:29:48,12.5,0.0
2026-03-12 21:30:03,12.5,0.0
2026-03-12 21:30:18,12.5,0.0
2026-03-12 21:30:33,12.5,0.0
2026-03-12 21:30:48,12.5,0.0
2026-03-12 21:31:03,12.5,0.0
2026-03-12 21:31:18,12.5,0.0
2026-03-12 21:31:33,12.5,0.0
2026-03-12 21:31:48,12.5,0.0
2026-03-12 21:32:03,12.5,0.0
2026-03-12 21:32:18,12.5,0.0
2026-03-12 21:32:33,12.5,0.0
2026-03-12 21:32:48,12.5,0.0
2026-03-12 21:33:03,12.5,0.0
2026-03-12 21:33:18,12.5,0.0
2026-03-12 21:33:33,12.5,0.0
2026-03-12 21:33:48,12.5,0.0
2026-03-12 21:34:03,12.5,0.0
2026-03-12 21:34:18,12.5,0.0
2026-03-12 21:34:33,12.5,0.0
2026-03-12 21:34:48,12.5,0.0
2026-03-12 21:35:03,12.5,0.0
2026-03-12 21:35:18,12.5,0.0
2026-03-12 21:35:33,12.5,0.0
2026-03-12 21:35:48,12.5,0.0
2026-03-12 21:36:03,12.5,0.0
2026-03-12 21:36:18,12.5,0.0
2026-03-12 21:36:33,12.5,0.0
2026-03-12 21:36:48,12.5,0.0
2026-03-12 21:37:03,12.5,0.0
2026-03-12 21:37:18,12.5,0.0
2026-03-12 21:37:33,12.5,0.0
2026-03-12 21:37:48,12.5,0.0
2026-03-12 21:38:03,12.5,0.0
2026-03-12 21:38:18,12.5,0.0
2026-03-12 21:38:33,12.5,0.0
2026-03-12 21:38:48,12.5,0.0
2026-03-12 21:39:03,12.5,0.0
2026-03-12 21:39:18,12.5,0.0
2026-03-12 21:39:33,12.5,0.0
2026-03-12 21:39:48,12.5,0.0
2026-03-12 21:40:03,12.5,0.0
2026-03-12 21:40:18,12.5,0.0
2026-03-12 21:40:33,12.5,0.0
2026-03-12 21:40:48,12.5,0.0
2026-03-12 21:41:03,12.5,0.0
2026-03-12 21:41:18,12.5,0.0
2026-03-12 21:41:33,12.5,0.0
2026-03-12 21:41:48,12.5,0.0
2026-03-12 21:42:03,12.5,0.0
2026-03-12 21:42:18,12.5,0.0
2026-03-12 21:42:33,12.5,0.0
2026-03-12 21:42:48,12.5,0.0
2026-03-12 21:43:03,12.5,0.0
2026-03-12 21:43:18,12.5,0.0
2026-03-12 21:43:33,12.5,0.0
2026-03-12 21:43:48,12.5,0.0
2026-03-12 21:44:03,12.5,0.0
2026-03-12 21:44:18,12.5,0.0
2026-03-12 21:44:33,12.5,0.0
2026-03-12 21:44:48,12.5,0.0
2026-03-12 21:45:03,12.5,0.0
2026-03-12 21:45:18,12.5,0.0
2026-03-12 21:45:33,12.5,0.0
2026-03-12 21:45:48,12.5,0.0
2026-03-12 21:46:03,12.5,0.0
2026-03-12 21:46:18,12.5,0.0
2026-03-12 21:46:33,12.5,0.0
2026-03-12 21:46:48,12.5,0.0
2026-03-12 21:47:03,12.5,0.0
2026-03-12 21:47:18,12.5,0.0
2026-03-12 21:47:33,12.5,0.0
2026-03-12 21:47:48,12.5,0.0
2026-03-12 21:48:03,12.5,0.0
2026-03-12 21:48:18,12.5,0.0
2026-03-12 21:48:33,12.5,0.0
2026-03-12 21:48:48,12.5,0.0
2026-03-12 21:49:03,12.5,0.0
2026-03-12 21:49:18,12.5,0.0
2026-03-12 21:49:33,12.5,0.0
2026-03-12 21:49:48,12.5,0.0
2026-03-12 21:50:03,12.5,0.0
2026-03-12 21:50:18,12.5,0.0
2026-03-12 21:50:33,12.5,0.0
2026-03-12 21:50:48,12.5,0.0
2026-03-12 21:51:03,12.5,0.0
2026-03-12 21:51:18,12.5,0.0
2026-03-12 21:51:33,12.5,0.0
2026-03-12 21:51:48,12.5,0.0
2026-03-12 21:52:03,12.5,0.0
2026-03-12 21:52:18,12.5,0.0
2026-03-12 21:52:33,12.5,0.0
2026-03-12 21:52:48,12.5,0.0
2026-03-12 21:53:03,12.5,0.0
2026-03-12 21:53:18,12.5,0.0
2026-03-12 21:53:33,12.5,0.0
2026-03-12 21:53:48,12.5,0.0
2026-03-12 21:54:03,12.5,0.0
2026-03-12 21:54:18,12.5,0.0
2026-03-12 21:54:33,12.5,0.0
2026-03-12 21:54:48,12.5,0.0
2026-03-12 21:55:03,12.5,0.0
2026-03-12 21:55:18,12.5,0.0
2026-03-12 21:55:33,12.5,0.0
2026-03-12 21:55:48,12.5,0.0
2026-03-12 21:56:03,12.5,0.0
2026-03-12 21:56:18,12.5,0.0
2026-03-12 21:56:33,12.5,0.0
2026-03-12 21:56:48,12.5,0.0
2026-03-12 21:57:03,12.5,0.0
2026-03-12 21:57:18,12.5,0.0
2026-03-12 21:57:33,12.5,0.0
2026-03-12 21:57:48,12.5,0.0
2026-03-12 21:58:03,12.5,0.0
2026-03-12 21:58:18,12.5,0.0
2026-03-12 21:58:33,12.5,0.0
2026-03-12 21:58:48,12.5,0.0
2026-03-12 21:59:03,12.5,0.0
2026-03-12 21:59:18,12.5,0.0
2026-03-12 21:59:33,12.5,0.0
2026-03-12 21:59:48,12.5,0.0
2026-03-12 22:00:03,12.5,0.0
2026-03-12 22:00:18,12.5,0.0
2026-03-12 22:00:33,12.5,0.0
2026-03-12 22:00:48,12.5,0.0
2026-03-12 22:01:03,12.5,0.0
2026-03-12 22:01:18,12.5,0.0
2026-03-12 22:01:33,12.5,0.0
2026-03-12 22:01:48,12.5,0.0
2026-03-12 22:02:03,12.5,0.0
2026-03-12 22:02:18,12.5,0.0
2026-03-12 22:02:33,12.5,0.0
2026-03-12 22:02:48,12.5,0.0
2026-03-12 22:03:03,12.5,0.0
2026-03-12 22:03:18,12.5,0.0
2026-03-12 22:03:33,12.5,0.0
2026-03-12 22:03:48,12.5,0.0
2026-03-12 22:04:03,12.5,0.0
2026-03-12 22:04:18,12.5,0.0
2026-03-12 22:04:33,12.5,0.0
2026-03-12 22:04:48,12.5,0.0
2026-03-12 22:05:03,12.5,0.0
2026-03-12 22:05:18,12.5,0.0
2026-03-12 22:05:33,12.5,0.0
2026-03-12 22:05:48,12.5,0.0
2026-03-12 22:06:03,12.5,0.0
2026-03-12 22:06:18,12.5,0.0
2026-03-12 22:06:33,12.5,0.0
2026-03-12 22:06:48,12.5,0.0
2026-03-12 22:07:03,12.5,0.0
2026-03-12 22:07:18,12.5,0.0
2026-03-12 22:07:33,12.5,0.0
2026-03-12 22:07:48,12.5,0.0
2026-03-12 22:08:03,12.5,0.0
2026-03-12 22:08:18,12.5,0.0
2026-03-12 22:08:33,12.5,0.0
2026-03-12 22:08:48,12.5,0.0
2026-03-12 22:09:03,12.5,0.0
2026-03-12 22:09:18,12.5,0.0
2026-03-12 22:09:33,12.5,0.0
2026-03-12 22:09:48,12.5,0.0
2026-03-12 22:10:03,12.5,0.0
2026-03-12 22:10:18,12.5,0.0
2026-03-12 22:10:33,12.5,0.0
2026-03-12 22:10:48,12.5,0.0
2026-03-12 22:11:03,12.5,0.0
2026-03-12 22:11:18,12.5,0.0
2026-03-12 22:11:33,12.5,0.0
2026-03-12 22:11:48,12.5,0.0
2026-03-12 22:12:03,12.5,0.0
2026-03-12 22:12:18,12.5,0.0
2026-03-12 22:12:33,12.5,0.0
2026-03-12 22:12:48,12.5,0.0
2026-03-12 22:13:03,12.5,0.0
2026-03-12 22:13:18,12.5,0.0
2026-03-12 22:13:33,12.5,0.0
2026-03-12 22:13:48,12.5,0.0
2026-03-12 22:14:03,12.5,0.0
2026-03-12 22:14:18,12.5,0.0
2026-03-12 22:14:33,12.5,0.0
2026-03-12 22:14:48,12.5,0.0
2026-03-12 22:15:03,12.5,0.0
2026-03-12 22:15:18,12.5,0.0
2026-03-12 22:15:33,12.5,0.0
2026-03-12 22:15:48,12.5,0.0
2026-03-12 22:16:03,12.5,0.0
2026-03-12 22:16:18,12.5,0.0
2026-03-12 22:16:33,12.5,0.0
2026-03-12 22:16:48,12.5,0.0
2026-03-12 22:17:03,12.5,0.0
2026-03-12 22:17:18,12.5,0.0
2026-03-12 22:17:33,12.5,0.0
2026-03-12 22:17:48,12.5,0.0
2026-03-12 22:18:03,12.5,0.0
2026-03-12 22:18:18,12.5,0.0
2026-03-12 22:18:33,12.5,0.0
2026-03-12 22:18:48,12.5,0.0
2026-03-12 22:19:03,12.5,0.0
2026-03-12 22:19:18,12.5,0.0
2026-03-12 22:19:33,12.5,0.0
2026-03-12 22:19:48,12.5,0.0
2026-03-12 22:20:03,12.5,0.0
2026-03-12 22:20:18,12.5,0.0
2026-03-12 22:20:33,12.5,0.0
2026-03-12 22:20:48,12.5,0.0
2026-03-12 22:21:03,12.5,0.0
2026-03-12 22:21:18,12.5,0.0
2026-03-12 22:21:33,12.5,0.0
2026-03-12 22:21:48,12.5,0.0
2026-03-12 22:22:03,12.5,0.0
2026-03-12 22:22:18,12.5,0.0
2026-03-12 22:22:33,12.5,0.0
2026-03-12 22:22:48,12.5,0.0
2026-03-12 22:23:03,12.5,0.0
2026-03-12 22:23:18,12.5,0.0
2026-03-12 22:23:33,12.5,0.0
2026-03-12 22:23:48,12.5,0.0
2026-03-12 22:24:03,12.5,0.0
2026-03-12 22:24:18,12.5,0.0
2026-03-12 22:24:33,12.5,0.0
2026-03-12 22:24:48,12.5,0.0
2026-03-12 22:25:03,12.5,0.2898550724637681
2026-03-12 22:25:18,12.5,0.5730659025787965
2026-03-12 22:25:33,12.5,0.84985835694051
2026-03-12 22:25:48,12.5,1.13314447592068
2026-03-12 22:26:03,12.5,1.400560224089636
2026-03-12 22:26:18,12.5,1.662049861495845
2026-03-12 22:26:33,12.5,1.9178082191780823
2026-03-12 22:26:48,12.5,2.168021680216802
2026-03-12 22:27:03,12.5,2.4390243902439024
2026-03-12 22:27:18,12.5,2.680965147453083
2026-03-12 22:27:33,12.5,2.9177718832891246
2026-03-12 22:27:48,12.5,3.149606299212598
2026-03-12 22:28:03,12.5,3.3766233766233764
2026-03-12 22:28:18,12.5,3.6363636363636362
2026-03-12 22:28:33,12.5,3.8560411311053984
2026-03-12 22:28:48,12.5,4.071246819338422
2026-03-12 22:29:03,12.5,4.282115869017632
2026-03-12 22:29:18,12.5,4.488778054862843
2026-03-12 22:29:33,12.5,4.691358024691358
2026-03-12 22:29:48,12.5,4.938271604938271
2026-03-12 22:30:03,12.5,5.134474327628362
2026-03-12 22:30:18,12.5,5.326876513317192
2026-03-12 22:30:33,12.5,5.515587529976019
2026-03-12 22:30:48,12.5,5.7007125890736345
2026-03-12 22:31:03,12.5,5.938242280285035
2026-03-12 22:31:18,12.5,6.11764705882353
2026-03-12 22:31:33,12.5,6.293706293706294
2026-03-12 22:31:48,12.5,6.466512702078522
2026-03-12 22:32:03,12.5,6.636155606407322
2026-03-12 22:32:18,12.5,6.864988558352403
2026-03-12 22:32:33,12.5,7.029478458049887
2026-03-12 22:32:48,12.5,7.191011235955057
2026-03-12 22:33:03,12.5,7.349665924276169
2026-03-12 22:33:18,12.5,7.505518763796909
2026-03-12 22:33:33,12.5,7.658643326039387
2026-03-12 22:33:48,12.5,7.87746170678337
2026-03-12 22:34:03,12.5,8.026030368763557
2026-03-12 22:34:18,12.5,8.172043010752688
2026-03-12 22:34:33,12.5,8.315565031982942
2026-03-12 22:34:48,12.5,8.456659619450317
2026-03-12 22:35:03,12.5,8.668076109936575
2026-03-12 22:35:18,12.5,8.80503144654088
2026-03-12 22:35:33,12.5,8.93970893970894
2026-03-12 22:35:48,12.5,9.072164948453608
2026-03-12 22:36:03,12.5,9.202453987730062
2026-03-12 22:36:18,12.5,9.406952965235174
2026-03-12 22:36:33,12.5,9.533468559837727
2026-03-12 22:36:48,12.5,9.6579476861167
2026-03-12 22:37:03,12.5,9.580838323353294
2026-03-12 22:37:18,12.5,9.504950495049505
2026-03-12 22:37:33,12.5,9.430255402750491
2026-03-12 22:37:48,12.5,9.430255402750491
2026-03-12 22:38:03,12.5,9.35672514619883
2026-03-12 22:38:18,12.5,9.284332688588009
2026-03-12 22:38:33,12.5,9.213051823416507
2026-03-12 22:38:48,12.5,9.142857142857142
2026-03-12 22:39:03,12.5,9.142857142857142
2026-03-12 22:39:18,12.5,9.073724007561438
2026-03-12 22:39:33,12.5,9.00562851782364
2026-03-12 22:39:48,12.5,8.938547486033519
2026-03-12 22:40:03,12.5,8.872458410351202
2026-03-12 22:40:18,12.5,8.872458410351202
2026-03-12 22:40:33,12.5,8.807339449541285
2026-03-12 22:40:48,12.5,8.743169398907105
2026-03-12 22:41:03,12.5,8.679927667269439
2026-03-12 22:41:18,12.5,8.617594254937163
2026-03-12 22:41:33,12.5,8.55614973262032
2026-03-12 22:41:48,12.5,8.55614973262032
2026-03-12 22:42:03,12.5,8.495575221238937
2026-03-12 22:42:18,12.5,8.43585237258348
2026-03-12 22:42:33,12.5,8.37696335078534
2026-03-12 22:42:48,12.5,8.31889081455806
2026-03-12 22:43:03,12.5,8.31889081455806
2026-03-12 22:43:18,12.5,8.261617900172118
2026-03-12 22:43:33,12.5,8.205128205128204
2026-03-12 22:43:48,12.5,8.149405772495756
2026-03-12 22:44:03,12.5,8.094435075885329
2026-03-12 22:44:18,12.5,8.094435075885329
2026-03-12 22:44:33,12.5,8.040201005025125
2026-03-12 22:44:48,12.5,7.9866888519134775
2026-03-12 22:45:03,12.5,7.933884297520661
2026-03-12 22:45:18,12.5,7.8817733990147785
2026-03-12 22:45:33,12.5,7.830342577487764
2026-03-12 22:45:48,12.5,7.830342577487764
2026-03-12 22:46:03,12.5,7.779578606158834
2026-03-12 22:46:18,12.5,7.729468599033816
2026-03-12 22:46:33,12.5,7.68
2026-03-12 22:46:48,12.5,7.631160572337042
2026-03-12 22:47:03,12.5,7.631160572337042
2026-03-12 22:47:18,12.5,7.5829383886255926
2026-03-12 22:47:33,12.5,7.535321821036106
2026-03-12 22:47:48,12.5,7.48829953198128
2026-03-12 22:48:03,12.5,7.441860465116279
2026-03-12 22:48:18,12.5,7.441860465116279
2026-03-12 22:48:33,12.5,7.395993836671804
2026-03-12 22:48:48,12.5,7.3506891271056665
2026-03-12 22:49:03,12.5,7.30593607305936
2026-03-12 22:49:18,12.5,7.2617246596066565
2026-03-12 22:49:33,12.5,7.218045112781955
2026-03-12 22:49:48,12.5,7.218045112781955
2026-03-12 22:50:03,12.5,7.174887892376682
2026-03-12 22:50:18,12.5,7.13224368499257
2026-03-12 22:50:33,12.5,7.0901033973412115
2026-03-12 22:50:48,12.5,7.048458149779736
2026-03-12 22:51:03,12.5,7.048458149779736
2026-03-12 22:51:18,12.5,7.2992700729927
2026-03-12 22:51:33,12.5,7.6923076923076925
2026-03-12 22:51:48,12.5,8.080808080808081
2026-03-12 22:52:03,12.5,8.464849354375897
2026-03-12 22:52:18,12.5,8.321377331420372
2026-03-12 22:52:33,12.5,8.7018544935806
2026-03-12 22:52:48,12.5,9.078014184397164
2026-03-12 22:53:03,12.5,9.30888575458392
2026-03-12 22:53:18,12.5,9.256661991584853
2026-03-12 22:53:33,12.5,9.205020920502092
2026-03-12 22:53:48,12.5,9.205020920502092
2026-03-12 22:54:03,12.5,9.43134535367545
2026-03-12 22:54:18,12.5,9.793103448275863
2026-03-12 22:54:33,12.5,9.876543209876543
2026-03-12 22:54:48,12.5,9.822646657571624
2026-03-12 22:55:03,12.5,9.822646657571624
2026-03-12 22:55:18,12.5,9.76933514246947
2026-03-12 22:55:33,12.5,9.7165991902834
2026-03-12 22:55:48,12.5,9.664429530201343
2026-03-12 22:56:03,12.5,9.612817089452603
2026-03-12 22:56:18,12.5,9.612817089452603
2026-03-12 22:56:33,12.5,9.56175298804781
2026-03-12 22:56:48,12.5,9.5112285336856
2026-03-12 22:57:03,12.5,9.461235216819974
2026-03-12 22:57:18,12.5,9.411764705882353
2026-03-12 22:57:33,12.5,9.362808842652797
2026-03-12 22:57:48,12.5,9.362808842652797
2026-03-12 22:58:03,12.5,9.314359637774903
