time,tcc_auto,tcc_empi
2026-02-12 00:00:06,100.0,100.0
2026-02-12 00:00:21,100.0,100.0
2026-02-12 00:00:36,100.0,100.0
2026-02-12 00:00:51,100.0,100.0
2026-02-12 00:01:06,100.0,100.0
2026-02-12 00:01:21,100.0,100.0
2026-02-12 00:01:36,100.0,100.0
2026-02-12 00:01:51,100.0,100.0
2026-02-12 00:02:06,100.0,100.0
2026-02-12 00:02:21,100.0,100.0
2026-02-12 00:02:36,100.0,100.0
2026-02-12 00:02:51,100.0,100.0
2026-02-12 00:03:06,100.0,100.0
2026-02-12 00:03:21,100.0,100.0
2026-02-12 00:03:36,100.0,100.0
2026-02-12 00:03:51,100.0,100.0
2026-02-12 00:04:06,100.0,100.0
2026-02-12 00:04:21,100.0,100.0
2026-02-12 00:04:36,100.0,100.0
2026-02-12 00:04:51,100.0,100.0
2026-02-12 00:05:06,100.0,100.0
2026-02-12 00:05:21,100.0,100.0
2026-02-12 00:05:36,100.0,100.0
2026-02-12 00:05:51,100.0,100.0
2026-02-12 00:06:06,100.0,100.0
2026-02-12 00:06:21,100.0,100.0
2026-02-12 00:06:36,100.0,100.0
2026-02-12 00:06:51,100.0,100.0
2026-02-12 00:07:06,100.0,100.0
2026-02-12 00:07:21,100.0,100.0
2026-02-12 00:07:36,100.0,100.0
2026-02-12 00:07:51,100.0,100.0
2026-02-12 00:08:06,100.0,100.0
2026-02-12 00:08:21,100.0,100.0
2026-02-12 00:08:36,100.0,100.0
2026-02-12 00:08:51,100.0,100.0
2026-02-12 00:09:06,100.0,100.0
2026-02-12 00:09:21,100.0,100.0
2026-02-12 00:09:36,100.0,100.0
2026-02-12 00:09:51,100.0,100.0
2026-02-12 00:10:06,100.0,100.0
2026-02-12 00:10:21,100.0,100.0
2026-02-12 00:10:36,100.0,100.0
2026-02-12 00:10:51,100.0,100.0
2026-02-12 00:11:06,100.0,100.0
2026-02-12 00:11:21,100.0,100.0
2026-02-12 00:11:36,100.0,100.0
2026-02-12 00:11:51,100.0,100.0
2026-02-12 00:12:06,100.0,100.0
2026-02-12 00:12:21,100.0,100.0
2026-02-12 00:12:36,100.0,100.0
2026-02-12 00:12:51,100.0,100.0
2026-02-12 00:13:06,100.0,100.0
2026-02-12 00:13:21,100.0,100.0
2026-02-12 00:13:36,100.0,100.0
2026-02-12 00:13:51,100.0,100.0
2026-02-12 00:14:06,100.0,100.0
2026-02-12 00:14:21,100.0,100.0
2026-02-12 00:14:36,100.0,100.0
2026-02-12 00:14:51,100.0,100.0
2026-02-12 00:15:06,100.0,100.0
2026-02-12 00:15:21,100.0,100.0
2026-02-12 00:15:36,100.0,100.0
2026-02-12 00:15:51,100.0,100.0
2026-02-12 00:16:06,100.0,100.0
2026-02-12 00:16:21,100.0,100.0
2026-02-12 00:16:36,100.0,100.0
2026-02-12 00:16:51,100.0,100.0
2026-02-12 00:17:06,100.0,100.0
2026-02-12 00:17:21,100.0,100.0
2026-02-12 00:17:36,100.0,100.0
2026-02-12 00:17:51,100.0,100.0
2026-02-12 00:18:06,100.0,100.0
2026-02-12 00:18:21,100.0,100.0
2026-02-12 00:18:36,100.0,100.0
2026-02-12 00:18:51,100.0,100.0
2026-02-12 00:19:06,100.0,100.0
2026-02-12 00:19:21,100.0,100.0
2026-02-12 00:19:36,100.0,100.0
2026-02-12 00:19:51,100.0,100.0
2026-02-12 00:20:06,100.0,100.0
2026-02-12 00:20:21,100.0,100.0
2026-02-12 00:20:36,100.0,100.0
2026-02-12 00:20:51,100.0,100.0
2026-02-12 00:21:06,100.0,100.0
2026-02-12 00:21:21,100.0,100.0
2026-02-12 00:21:36,100.0,100.0
2026-02-12 00:21:51,100.0,100.0
2026-02-12 00:22:06,100.0,100.0
2026-02-12 00:22:21,100.0,100.0
2026-02-12 00:22:36,100.0,100.0
2026-02-12 00:22:51,100.0,100.0
2026-02-12 00:23:06,100.0,100.0
2026-02-12 00:23:21,100.0,100.0
2026-02-12 00:23:36,100.0,100.0
2026-02-12 00:23:51,100.0,100.0
2026-02-12 00:24:06,100.0,100.0
2026-02-12 00:24:21,100.0,100.0
2026-02-12 00:24:36,100.0,100.0
2026-02-12 00:24:51,100.0,100.0
2026-02-12 00:25:06,100.0,100.0
2026-02-12 00:25:21,100.0,100.0
2026-02-12 00:25:36,100.0,100.0
2026-02-12 00:25:51,100.0,100.0
2026-02-12 00:26:06,100.0,100.0
2026-02-12 00:26:21,100.0,100.0
2026-02-12 00:26:36,100.0,100.0
2026-02-12 00:26:51,100.0,100.0
2026-02-12 00:27:06,100.0,100.0
2026-02-12 00:27:21,100.0,100.0
2026-02-12 00:27:36,100.0,100.0
2026-02-12 00:27:51,100.0,100.0
2026-02-12 00:28:06,100.0,100.0
2026-02-12 00:28:21,100.0,100.0
2026-02-12 00:28:36,100.0,100.0
2026-02-12 00:28:51,100.0,100.0
2026-02-12 00:29:06,100.0,100.0
2026-02-12 00:29:21,100.0,100.0
2026-02-12 00:29:36,100.0,100.0
2026-02-12 00:29:51,100.0,100.0
2026-02-12 00:30:06,100.0,100.0
2026-02-12 00:30:21,100.0,100.0
2026-02-12 00:30:36,100.0,100.0
2026-02-12 00:30:51,100.0,100.0
2026-02-12 00:31:06,100.0,100.0
2026-02-12 00:31:21,100.0,100.0
2026-02-12 00:31:36,100.0,100.0
2026-02-12 00:31:51,100.0,100.0
2026-02-12 00:32:06,100.0,100.0
2026-02-12 00:32:21,100.0,100.0
2026-02-12 00:32:36,100.0,100.0
2026-02-12 00:32:51,100.0,100.0
2026-02-12 00:33:06,100.0,100.0
2026-02-12 00:33:21,100.0,100.0
2026-02-12 00:33:36,100.0,100.0
2026-02-12 00:33:51,100.0,100.0
2026-02-12 00:34:06,100.0,100.0
2026-02-12 00:34:21,100.0,100.0
2026-02-12 00:34:36,100.0,100.0
2026-02-12 00:34:51,100.0,100.0
2026-02-12 00:35:06,100.0,100.0
2026-02-12 00:35:21,100.0,100.0
2026-02-12 00:35:36,100.0,100.0
2026-02-12 00:35:51,100.0,100.0
2026-02-12 00:36:06,100.0,100.0
2026-02-12 00:36:21,100.0,100.0
2026-02-12 00:36:36,100.0,100.0
2026-02-12 00:36:51,100.0,100.0
2026-02-12 00:37:06,100.0,100.0
2026-02-12 00:37:21,100.0,100.0
2026-02-12 00:37:36,100.0,100.0
2026-02-12 00:37:51,100.0,100.0
2026-02-12 00:38:06,100.0,100.0
2026-02-12 00:38:21,100.0,100.0
2026-02-12 00:38:36,100.0,100.0
2026-02-12 00:38:51,100.0,100.0
2026-02-12 00:39:06,100.0,100.0
2026-02-12 00:39:21,100.0,100.0
2026-02-12 00:39:36,100.0,100.0
2026-02-12 00:39:51,100.0,100.0
2026-02-12 00:40:06,100.0,100.0
2026-02-12 00:40:21,100.0,100.0
2026-02-12 00:40:36,100.0,100.0
2026-02-12 00:40:51,100.0,100.0
2026-02-12 00:41:06,100.0,100.0
2026-02-12 00:41:21,100.0,100.0
2026-02-12 00:41:36,100.0,100.0
2026-02-12 00:41:51,100.0,100.0
2026-02-12 00:42:06,100.0,100.0
2026-02-12 00:42:21,100.0,100.0
2026-02-12 00:42:36,100.0,100.0
2026-02-12 00:42:51,100.0,100.0
2026-02-12 00:43:06,100.0,100.0
2026-02-12 00:43:21,100.0,100.0
2026-02-12 00:43:36,100.0,100.0
2026-02-12 00:43:51,100.0,100.0
2026-02-12 00:44:06,100.0,100.0
2026-02-12 00:44:21,100.0,100.0
2026-02-12 00:44:36,100.0,100.0
2026-02-12 00:44:51,100.0,100.0
2026-02-12 00:45:06,100.0,100.0
2026-02-12 00:45:21,100.0,100.0
2026-02-12 00:45:36,100.0,100.0
2026-02-12 00:45:51,100.0,100.0
2026-02-12 00:46:06,100.0,100.0
2026-02-12 00:46:21,100.0,100.0
2026-02-12 00:46:36,100.0,100.0
2026-02-12 00:46:51,100.0,100.0
2026-02-12 00:47:06,100.0,100.0
2026-02-12 00:47:21,100.0,100.0
2026-02-12 00:47:36,100.0,100.0
2026-02-12 00:47:51,100.0,100.0
2026-02-12 00:48:06,100.0,100.0
2026-02-12 00:48:21,100.0,100.0
2026-02-12 00:48:36,100.0,100.0
2026-02-12 00:48:51,100.0,100.0
2026-02-12 00:49:06,100.0,100.0
2026-02-12 00:49:21,100.0,100.0
2026-02-12 00:49:36,100.0,100.0
2026-02-12 00:49:51,100.0,100.0
2026-02-12 00:50:06,100.0,100.0
2026-02-12 00:50:21,100.0,100.0
2026-02-12 00:50:36,100.0,100.0
2026-02-12 00:50:51,100.0,100.0
2026-02-12 00:51:06,100.0,100.0
2026-02-12 00:51:21,100.0,100.0
2026-02-12 00:51:36,100.0,100.0
2026-02-12 00:51:51,100.0,100.0
2026-02-12 00:52:06,100.0,100.0
2026-02-12 00:52:21,100.0,100.0
2026-02-12 00:52:36,100.0,100.0
2026-02-12 00:52:51,100.0,100.0
2026-02-12 00:53:06,100.0,100.0
2026-02-12 00:53:21,100.0,100.0
2026-02-12 00:53:36,100.0,100.0
2026-02-12 00:53:51,100.0,100.0
2026-02-12 00:54:06,100.0,100.0
2026-02-12 00:54:21,100.0,100.0
2026-02-12 00:54:36,100.0,100.0
2026-02-12 00:54:51,100.0,100.0
2026-02-12 00:55:06,100.0,98.63013698630137
2026-02-12 00:55:21,100.0,98.63013698630137
2026-02-12 00:55:36,100.0,98.63013698630137
2026-02-12 00:55:51,87.5,98.63013698630137
2026-02-12 00:56:06,87.5,98.63013698630137
2026-02-12 00:56:21,87.5,98.7012987012987
2026-02-12 00:56:36,87.5,98.7012987012987
2026-02-12 00:56:51,87.5,98.7012987012987
2026-02-12 00:57:06,87.5,98.7012987012987
2026-02-12 00:57:21,100.0,98.7012987012987
2026-02-12 00:57:36,100.0,98.7012987012987
2026-02-12 00:57:51,100.0,98.76543209876543
2026-02-12 00:58:06,100.0,98.76543209876543
2026-02-12 00:58:21,100.0,98.76543209876543
2026-02-12 00:58:36,100.0,98.76543209876543
2026-02-12 00:58:51,100.0,98.76543209876543
2026-02-12 00:59:06,100.0,98.82352941176471
2026-02-12 00:59:21,100.0,98.82352941176471
2026-02-12 00:59:36,100.0,98.82352941176471
2026-02-12 00:59:51,100.0,98.82352941176471
2026-02-12 01:00:06,100.0,98.82352941176471
2026-02-12 01:00:21,100.0,98.82352941176471
2026-02-12 01:00:36,100.0,98.87640449438202
2026-02-12 01:00:51,100.0,98.87640449438202
2026-02-12 01:01:06,100.0,98.87640449438202
2026-02-12 01:01:21,100.0,98.87640449438202
2026-02-12 01:01:36,100.0,98.87640449438202
2026-02-12 01:01:51,100.0,98.87640449438202
2026-02-12 01:02:06,100.0,98.9247311827957
2026-02-12 01:02:21,100.0,98.9247311827957
2026-02-12 01:02:36,100.0,98.9247311827957
2026-02-12 01:02:51,100.0,98.9247311827957
2026-02-12 01:03:06,100.0,98.9247311827957
2026-02-12 01:03:21,100.0,98.96907216494846
2026-02-12 01:03:36,100.0,98.96907216494846
2026-02-12 01:03:51,100.0,98.96907216494846
2026-02-12 01:04:06,100.0,98.96907216494846
2026-02-12 01:04:21,100.0,98.96907216494846
2026-02-12 01:04:36,100.0,98.96907216494846
2026-02-12 01:04:51,100.0,99.00990099009901
2026-02-12 01:05:06,100.0,99.00990099009901
2026-02-12 01:05:21,100.0,99.00990099009901
2026-02-12 01:05:36,100.0,99.00990099009901
2026-02-12 01:05:51,100.0,99.00990099009901
2026-02-12 01:06:06,100.0,99.00990099009901
2026-02-12 01:06:21,100.0,99.04761904761905
2026-02-12 01:06:36,100.0,99.04761904761905
2026-02-12 01:06:51,100.0,99.04761904761905
2026-02-12 01:07:06,100.0,99.04761904761905
2026-02-12 01:07:21,100.0,99.04761904761905
2026-02-12 01:07:36,100.0,99.08256880733946
2026-02-12 01:07:51,100.0,99.08256880733946
2026-02-12 01:08:06,100.0,99.08256880733946
2026-02-12 01:08:21,100.0,99.08256880733946
2026-02-12 01:08:36,100.0,99.08256880733946
2026-02-12 01:08:51,100.0,99.08256880733946
2026-02-12 01:09:06,100.0,99.11504424778761
2026-02-12 01:09:21,100.0,99.11504424778761
2026-02-12 01:09:36,100.0,99.11504424778761
2026-02-12 01:09:51,100.0,99.11504424778761
2026-02-12 01:10:06,100.0,99.11504424778761
2026-02-12 01:10:21,100.0,99.14529914529915
2026-02-12 01:10:36,100.0,99.14529914529915
2026-02-12 01:10:51,100.0,99.14529914529915
2026-02-12 01:11:06,100.0,99.14529914529915
2026-02-12 01:11:21,100.0,99.14529914529915
2026-02-12 01:11:36,100.0,99.14529914529915
2026-02-12 01:11:51,100.0,99.17355371900827
2026-02-12 01:12:06,100.0,99.17355371900827
2026-02-12 01:12:21,100.0,99.17355371900827
2026-02-12 01:12:36,100.0,99.17355371900827
2026-02-12 01:12:51,100.0,99.17355371900827
2026-02-12 01:13:06,100.0,99.17355371900827
2026-02-12 01:13:21,100.0,99.2
2026-02-12 01:13:36,100.0,99.2
2026-02-12 01:13:51,100.0,99.2
2026-02-12 01:14:06,100.0,99.2
2026-02-12 01:14:21,100.0,99.2
2026-02-12 01:14:36,100.0,99.2248062015504
2026-02-12 01:14:51,100.0,99.2248062015504
2026-02-12 01:15:06,100.0,99.2248062015504
2026-02-12 01:15:21,100.0,99.2248062015504
2026-02-12 01:15:36,100.0,99.2248062015504
2026-02-12 01:15:51,100.0,99.2248062015504
2026-02-12 01:16:06,100.0,99.24812030075188
2026-02-12 01:16:21,100.0,99.24812030075188
2026-02-12 01:16:36,100.0,99.24812030075188
2026-02-12 01:16:51,87.5,99.24812030075188
2026-02-12 01:17:06,87.5,99.24812030075188
2026-02-12 01:17:21,87.5,99.24812030075188
2026-02-12 01:17:36,87.5,99.27007299270073
2026-02-12 01:17:51,87.5,99.27007299270073
2026-02-12 01:18:06,87.5,99.27007299270073
2026-02-12 01:18:21,87.5,99.27007299270073
2026-02-12 01:18:36,87.5,99.27007299270073
2026-02-12 01:18:51,87.5,99.29078014184397
2026-02-12 01:19:06,87.5,99.29078014184397
2026-02-12 01:19:21,87.5,99.29078014184397
2026-02-12 01:19:36,87.5,99.29078014184397
2026-02-12 01:19:51,87.5,99.29078014184397
2026-02-12 01:20:06,87.5,99.29078014184397
2026-02-12 01:20:21,87.5,99.3103448275862
2026-02-12 01:20:36,87.5,99.3103448275862
2026-02-12 01:20:51,87.5,99.3103448275862
2026-02-12 01:21:06,87.5,99.3103448275862
2026-02-12 01:21:21,87.5,99.3103448275862
2026-02-12 01:21:36,87.5,99.3103448275862
2026-02-12 01:21:51,87.5,99.32885906040269
2026-02-12 01:22:06,75.0,99.32885906040269
2026-02-12 01:22:21,75.0,99.32885906040269
2026-02-12 01:22:36,75.0,99.32885906040269
2026-02-12 01:22:51,75.0,99.32885906040269
2026-02-12 01:23:06,75.0,99.34640522875817
2026-02-12 01:23:21,75.0,99.34640522875817
2026-02-12 01:23:36,75.0,99.34640522875817
2026-02-12 01:23:51,75.0,99.34640522875817
2026-02-12 01:24:06,75.0,99.34640522875817
2026-02-12 01:24:21,75.0,99.34640522875817
2026-02-12 01:24:36,75.0,99.36305732484077
2026-02-12 01:24:51,75.0,99.36305732484077
2026-02-12 01:25:06,75.0,99.36305732484077
2026-02-12 01:25:21,75.0,99.36305732484077
2026-02-12 01:25:36,75.0,99.36305732484077
2026-02-12 01:25:51,75.0,99.36305732484077
2026-02-12 01:26:06,75.0,99.37888198757764
2026-02-12 01:26:21,75.0,99.37888198757764
2026-02-12 01:26:36,75.0,99.37888198757764
2026-02-12 01:26:51,75.0,99.37888198757764
2026-02-12 01:27:06,75.0,99.37888198757764
2026-02-12 01:27:21,62.5,99.39393939393939
2026-02-12 01:27:36,62.5,99.39393939393939
2026-02-12 01:27:51,62.5,99.39393939393939
2026-02-12 01:28:06,62.5,99.39393939393939
2026-02-12 01:28:21,62.5,99.39393939393939
2026-02-12 01:28:36,62.5,99.39393939393939
2026-02-12 01:28:51,62.5,99.40828402366864
2026-02-12 01:29:06,62.5,99.40828402366864
2026-02-12 01:29:21,62.5,99.40828402366864
2026-02-12 01:29:36,62.5,99.40828402366864
2026-02-12 01:29:51,62.5,99.40828402366864
2026-02-12 01:30:06,62.5,99.40828402366864
2026-02-12 01:30:21,62.5,99.42196531791907
2026-02-12 01:30:36,62.5,99.42196531791907
2026-02-12 01:30:51,62.5,99.42196531791907
2026-02-12 01:31:06,62.5,99.42196531791907
2026-02-12 01:31:21,62.5,99.42196531791907
2026-02-12 01:31:36,62.5,99.43502824858757
2026-02-12 01:31:51,62.5,99.43502824858757
2026-02-12 01:32:06,62.5,99.43502824858757
2026-02-12 01:32:21,62.5,99.43502824858757
2026-02-12 01:32:36,62.5,99.43502824858757
2026-02-12 01:32:51,62.5,99.43502824858757
2026-02-12 01:33:06,62.5,99.4475138121547
2026-02-12 01:33:21,62.5,99.4475138121547
2026-02-12 01:33:36,62.5,99.4475138121547
2026-02-12 01:33:51,62.5,99.4475138121547
2026-02-12 01:34:06,62.5,99.4475138121547
2026-02-12 01:34:21,62.5,99.4475138121547
2026-02-12 01:34:36,62.5,99.45945945945947
2026-02-12 01:34:51,62.5,99.45945945945947
2026-02-12 01:35:06,62.5,99.45945945945947
2026-02-12 01:35:21,62.5,99.45945945945947
2026-02-12 01:35:36,62.5,99.45945945945947
2026-02-12 01:35:51,62.5,99.47089947089947
2026-02-12 01:36:06,62.5,99.47089947089947
2026-02-12 01:36:21,62.5,99.47089947089947
2026-02-12 01:36:36,62.5,99.47089947089947
2026-02-12 01:36:51,62.5,99.47089947089947
2026-02-12 01:37:06,62.5,99.47089947089947
2026-02-12 01:37:21,62.5,99.48186528497409
2026-02-12 01:37:36,62.5,99.48186528497409
2026-02-12 01:37:51,62.5,99.48186528497409
2026-02-12 01:38:06,62.5,99.48186528497409
2026-02-12 01:38:21,62.5,99.48186528497409
2026-02-12 01:38:36,62.5,99.48186528497409
2026-02-12 01:38:51,62.5,99.49238578680203
2026-02-12 01:39:06,62.5,99.49238578680203
2026-02-12 01:39:21,62.5,99.49238578680203
2026-02-12 01:39:36,62.5,99.49238578680203
2026-02-12 01:39:51,62.5,99.49238578680203
2026-02-12 01:40:06,62.5,99.50248756218906
2026-02-12 01:40:21,62.5,99.50248756218906
2026-02-12 01:40:36,62.5,99.50248756218906
2026-02-12 01:40:51,62.5,99.50248756218906
2026-02-12 01:41:06,62.5,99.50248756218906
2026-02-12 01:41:21,62.5,99.50248756218906
2026-02-12 01:41:36,62.5,99.51219512195122
2026-02-12 01:41:51,62.5,99.51219512195122
2026-02-12 01:42:06,62.5,99.51219512195122
2026-02-12 01:42:21,62.5,99.51219512195122
2026-02-12 01:42:36,62.5,99.51219512195122
2026-02-12 01:42:51,62.5,99.51219512195122
2026-02-12 01:43:06,62.5,99.52153110047847
2026-02-12 01:43:21,62.5,99.52153110047847
2026-02-12 01:43:36,62.5,99.52153110047847
2026-02-12 01:43:51,62.5,99.52153110047847
2026-02-12 01:44:06,62.5,99.52153110047847
2026-02-12 01:44:21,62.5,99.53051643192488
2026-02-12 01:44:36,62.5,99.53051643192488
2026-02-12 01:44:51,62.5,99.53051643192488
2026-02-12 01:45:06,62.5,99.53051643192488
2026-02-12 01:45:21,62.5,99.53051643192488
2026-02-12 01:45:36,62.5,99.53051643192488
2026-02-12 01:45:51,62.5,99.53917050691244
2026-02-12 01:46:06,75.0,99.53917050691244
2026-02-12 01:46:21,75.0,99.53917050691244
2026-02-12 01:46:36,75.0,99.53917050691244
2026-02-12 01:46:51,75.0,99.53917050691244
2026-02-12 01:47:06,75.0,99.53917050691244
2026-02-12 01:47:21,75.0,99.5475113122172
2026-02-12 01:47:36,75.0,99.5475113122172
2026-02-12 01:47:51,75.0,99.5475113122172
2026-02-12 01:48:06,75.0,99.5475113122172
2026-02-12 01:48:21,75.0,99.5475113122172
2026-02-12 01:48:36,75.0,99.55555555555556
2026-02-12 01:48:51,75.0,99.55555555555556
2026-02-12 01:49:06,75.0,99.55555555555556
2026-02-12 01:49:21,75.0,99.55555555555556
2026-02-12 01:49:36,75.0,99.55555555555556
2026-02-12 01:49:51,75.0,99.55555555555556
2026-02-12 01:50:06,75.0,99.56331877729258
2026-02-12 01:50:21,75.0,99.56331877729258
2026-02-12 01:50:36,75.0,99.56331877729258
2026-02-12 01:50:51,75.0,99.56331877729258
2026-02-12 01:51:06,75.0,99.56331877729258
2026-02-12 01:51:21,75.0,99.56331877729258
2026-02-12 01:51:36,75.0,99.57081545064378
2026-02-12 01:51:51,75.0,99.57081545064378
2026-02-12 01:52:06,75.0,99.57081545064378
2026-02-12 01:52:21,75.0,99.57081545064378
2026-02-12 01:52:36,75.0,99.57081545064378
2026-02-12 01:52:51,75.0,99.57805907172997
2026-02-12 01:53:06,75.0,99.57805907172997
2026-02-12 01:53:21,75.0,99.57805907172997
2026-02-12 01:53:36,75.0,99.57805907172997
2026-02-12 01:53:51,75.0,99.57805907172997
2026-02-12 01:54:06,75.0,99.57805907172997
2026-02-12 01:54:21,75.0,99.5850622406639
2026-02-12 01:54:36,75.0,99.5850622406639
2026-02-12 01:54:51,75.0,99.5850622406639
2026-02-12 01:55:06,75.0,99.5850622406639
2026-02-12 01:55:21,75.0,100.0
2026-02-12 01:55:36,75.0,100.0
2026-02-12 01:55:51,75.0,99.59183673469387
2026-02-12 01:56:06,75.0,99.59183673469387
2026-02-12 01:56:21,75.0,100.0
2026-02-12 01:56:36,75.0,100.0
2026-02-12 01:56:51,75.0,100.0
2026-02-12 01:57:06,75.0,99.59839357429718
2026-02-12 01:57:21,75.0,100.0
2026-02-12 01:57:36,75.0,100.0
2026-02-12 01:57:51,75.0,100.0
2026-02-12 01:58:06,75.0,100.0
2026-02-12 01:58:21,75.0,100.0
2026-02-12 01:58:36,75.0,100.0
2026-02-12 01:58:51,75.0,100.0
2026-02-12 01:59:06,75.0,100.0
2026-02-12 01:59:21,75.0,100.0
2026-02-12 01:59:36,75.0,100.0
2026-02-12 01:59:51,75.0,100.0
2026-02-12 02:00:06,75.0,100.0
2026-02-12 02:00:21,75.0,100.0
2026-02-12 02:00:36,75.0,100.0
2026-02-12 02:00:51,75.0,100.0
2026-02-12 02:01:06,75.0,100.0
2026-02-12 02:01:21,75.0,100.0
2026-02-12 02:01:36,75.0,100.0
2026-02-12 02:01:51,75.0,100.0
2026-02-12 02:02:06,75.0,100.0
2026-02-12 02:02:21,75.0,100.0
2026-02-12 02:02:36,75.0,100.0
2026-02-12 02:02:51,87.5,100.0
2026-02-12 02:03:06,87.5,100.0
2026-02-12 02:03:21,87.5,100.0
2026-02-12 02:03:36,87.5,100.0
2026-02-12 02:03:51,87.5,99.59839357429718
2026-02-12 02:04:06,87.5,99.19678714859438
2026-02-12 02:04:21,87.5,98.77551020408163
2026-02-12 02:04:36,87.5,98.36734693877551
2026-02-12 02:04:51,87.5,97.95918367346938
2026-02-12 02:05:06,87.5,97.55102040816327
2026-02-12 02:05:21,87.5,97.14285714285714
2026-02-12 02:05:36,87.5,97.14285714285714
2026-02-12 02:05:51,87.5,96.73469387755102
2026-02-12 02:06:06,87.5,96.73469387755102
2026-02-12 02:06:21,87.5,96.3265306122449
2026-02-12 02:06:36,87.5,96.2655601659751
2026-02-12 02:06:51,87.5,96.2655601659751
2026-02-12 02:07:06,87.5,96.2655601659751
2026-02-12 02:07:21,87.5,96.2655601659751
2026-02-12 02:07:36,87.5,96.2655601659751
2026-02-12 02:07:51,87.5,96.2655601659751
2026-02-12 02:08:06,87.5,96.2655601659751
2026-02-12 02:08:21,87.5,96.2655601659751
2026-02-12 02:08:36,87.5,96.20253164556962
2026-02-12 02:08:51,87.5,96.20253164556962
2026-02-12 02:09:06,87.5,96.20253164556962
2026-02-12 02:09:21,87.5,96.20253164556962
2026-02-12 02:09:36,87.5,96.20253164556962
2026-02-12 02:09:51,87.5,96.20253164556962
2026-02-12 02:10:06,87.5,96.20253164556962
2026-02-12 02:10:21,87.5,96.20253164556962
2026-02-12 02:10:36,87.5,96.13733905579399
2026-02-12 02:10:51,87.5,96.13733905579399
2026-02-12 02:11:06,87.5,96.13733905579399
2026-02-12 02:11:21,87.5,96.13733905579399
2026-02-12 02:11:36,87.5,96.13733905579399
2026-02-12 02:11:51,87.5,96.13733905579399
2026-02-12 02:12:06,87.5,96.13733905579399
2026-02-12 02:12:21,87.5,96.13733905579399
2026-02-12 02:12:36,87.5,96.06986899563319
2026-02-12 02:12:51,87.5,96.06986899563319
2026-02-12 02:13:06,87.5,96.06986899563319
2026-02-12 02:13:21,87.5,96.06986899563319
2026-02-12 02:13:36,87.5,96.06986899563319
2026-02-12 02:13:51,87.5,96.06986899563319
2026-02-12 02:14:06,87.5,96.06986899563319
2026-02-12 02:14:21,87.5,96.06986899563319
2026-02-12 02:14:36,87.5,96.0
2026-02-12 02:14:51,87.5,96.0
2026-02-12 02:15:06,87.5,96.0
2026-02-12 02:15:21,87.5,96.0
2026-02-12 02:15:36,87.5,96.0
2026-02-12 02:15:51,87.5,96.0
2026-02-12 02:16:06,87.5,96.0
2026-02-12 02:16:21,87.5,96.0
2026-02-12 02:16:36,87.5,95.92760180995475
2026-02-12 02:16:51,87.5,95.92760180995475
2026-02-12 02:17:06,87.5,95.92760180995475
2026-02-12 02:17:21,87.5,95.92760180995475
2026-02-12 02:17:36,87.5,95.92760180995475
2026-02-12 02:17:51,87.5,95.92760180995475
2026-02-12 02:18:06,87.5,95.92760180995475
2026-02-12 02:18:21,87.5,95.92760180995475
2026-02-12 02:18:36,87.5,95.85253456221197
2026-02-12 02:18:51,87.5,95.85253456221197
2026-02-12 02:19:06,87.5,95.39170506912443
2026-02-12 02:19:21,87.5,94.93087557603687
2026-02-12 02:19:36,87.5,94.47004608294931
2026-02-12 02:19:51,87.5,94.00921658986175
2026-02-12 02:20:06,87.5,93.54838709677419
2026-02-12 02:20:21,87.5,93.08755760368663
2026-02-12 02:20:36,75.0,92.62672811059907
2026-02-12 02:20:51,75.0,92.01877934272301
2026-02-12 02:21:06,75.0,91.54929577464789
2026-02-12 02:21:21,75.0,91.07981220657277
2026-02-12 02:21:36,75.0,90.61032863849765
2026-02-12 02:21:51,75.0,90.14084507042254
2026-02-12 02:22:06,75.0,89.67136150234741
2026-02-12 02:22:21,75.0,89.2018779342723
2026-02-12 02:22:36,75.0,88.73239436619718
2026-02-12 02:22:51,75.0,88.03827751196172
2026-02-12 02:23:06,75.0,87.5598086124402
2026-02-12 02:23:21,75.0,87.08133971291866
2026-02-12 02:23:36,62.5,86.60287081339713
2026-02-12 02:23:51,62.5,86.1244019138756
2026-02-12 02:24:06,62.5,85.64593301435407
2026-02-12 02:24:21,62.5,85.16746411483254
2026-02-12 02:24:36,62.5,84.688995215311
2026-02-12 02:24:51,62.5,83.90243902439025
2026-02-12 02:25:06,62.5,83.41463414634146
2026-02-12 02:25:21,62.5,82.92682926829268
2026-02-12 02:25:36,62.5,82.4390243902439
2026-02-12 02:25:51,62.5,81.95121951219512
2026-02-12 02:26:06,62.5,81.46341463414633
2026-02-12 02:26:21,62.5,80.97560975609757
2026-02-12 02:26:36,62.5,80.48780487804879
2026-02-12 02:26:51,62.5,79.60199004975125
2026-02-12 02:27:06,62.5,79.1044776119403
2026-02-12 02:27:21,62.5,78.60696517412936
2026-02-12 02:27:36,62.5,78.1094527363184
2026-02-12 02:27:51,62.5,77.61194029850746
2026-02-12 02:28:06,62.5,77.11442786069652
2026-02-12 02:28:21,62.5,76.61691542288557
2026-02-12 02:28:36,62.5,76.11940298507463
2026-02-12 02:28:51,62.5,75.1269035532995
2026-02-12 02:29:06,62.5,74.61928934010153
2026-02-12 02:29:21,62.5,74.11167512690355
2026-02-12 02:29:36,50.0,73.60406091370558
2026-02-12 02:29:51,50.0,73.09644670050761
2026-02-12 02:30:06,50.0,72.58883248730965
2026-02-12 02:30:21,50.0,72.08121827411168
2026-02-12 02:30:36,50.0,72.08121827411168
2026-02-12 02:30:51,50.0,71.50259067357513
2026-02-12 02:31:06,50.0,70.98445595854922
2026-02-12 02:31:21,50.0,70.46632124352331
2026-02-12 02:31:36,50.0,69.94818652849742
2026-02-12 02:31:51,50.0,69.43005181347151
2026-02-12 02:32:06,50.0,68.9119170984456
2026-02-12 02:32:21,50.0,68.39378238341969
2026-02-12 02:32:36,62.5,68.39378238341969
2026-02-12 02:32:51,62.5,67.87564766839378
2026-02-12 02:33:06,62.5,67.1957671957672
2026-02-12 02:33:21,62.5,67.1957671957672
2026-02-12 02:33:36,62.5,67.1957671957672
2026-02-12 02:33:51,62.5,67.1957671957672
2026-02-12 02:34:06,62.5,67.1957671957672
2026-02-12 02:34:21,62.5,67.1957671957672
2026-02-12 02:34:36,62.5,67.1957671957672
2026-02-12 02:34:51,62.5,67.1957671957672
2026-02-12 02:35:06,75.0,66.48648648648648
2026-02-12 02:35:21,75.0,66.48648648648648
2026-02-12 02:35:36,75.0,66.48648648648648
2026-02-12 02:35:51,75.0,66.48648648648648
2026-02-12 02:36:06,75.0,66.48648648648648
2026-02-12 02:36:21,75.0,66.48648648648648
2026-02-12 02:36:36,75.0,66.48648648648648
2026-02-12 02:36:51,75.0,66.48648648648648
2026-02-12 02:37:06,75.0,65.74585635359117
2026-02-12 02:37:21,75.0,65.74585635359117
2026-02-12 02:37:36,75.0,65.74585635359117
2026-02-12 02:37:51,75.0,65.74585635359117
2026-02-12 02:38:06,75.0,65.74585635359117
2026-02-12 02:38:21,75.0,65.74585635359117
2026-02-12 02:38:36,87.5,65.74585635359117
2026-02-12 02:38:51,87.5,65.74585635359117
2026-02-12 02:39:06,87.5,64.40677966101694
2026-02-12 02:39:21,87.5,64.40677966101694
2026-02-12 02:39:36,87.5,64.40677966101694
2026-02-12 02:39:51,87.5,64.40677966101694
2026-02-12 02:40:06,87.5,64.40677966101694
2026-02-12 02:40:21,87.5,64.40677966101694
2026-02-12 02:40:36,87.5,64.40677966101694
2026-02-12 02:40:51,87.5,64.40677966101694
2026-02-12 02:41:06,87.5,63.005780346820806
2026-02-12 02:41:21,87.5,62.42774566473989
2026-02-12 02:41:36,87.5,62.42774566473989
2026-02-12 02:41:51,87.5,62.42774566473989
2026-02-12 02:42:06,87.5,62.42774566473989
2026-02-12 02:42:21,87.5,62.42774566473989
2026-02-12 02:42:36,87.5,62.42774566473989
2026-02-12 02:42:51,87.5,62.42774566473989
2026-02-12 02:43:06,87.5,61.53846153846154
2026-02-12 02:43:21,87.5,61.53846153846154
2026-02-12 02:43:36,87.5,61.53846153846154
2026-02-12 02:43:51,87.5,61.53846153846154
2026-02-12 02:44:06,87.5,61.53846153846154
2026-02-12 02:44:21,87.5,61.53846153846154
2026-02-12 02:44:36,87.5,61.53846153846154
2026-02-12 02:44:51,87.5,61.53846153846154
2026-02-12 02:45:06,87.5,61.53846153846154
2026-02-12 02:45:21,87.5,61.81818181818181
2026-02-12 02:45:36,87.5,62.42424242424243
2026-02-12 02:45:51,87.5,63.030303030303024
2026-02-12 02:46:06,87.5,63.63636363636363
2026-02-12 02:46:21,87.5,64.24242424242425
2026-02-12 02:46:36,87.5,64.84848484848484
2026-02-12 02:46:51,87.5,64.84848484848484
2026-02-12 02:47:06,87.5,65.45454545454545
2026-02-12 02:47:21,87.5,65.21739130434783
2026-02-12 02:47:36,87.5,65.21739130434783
2026-02-12 02:47:51,87.5,65.21739130434783
2026-02-12 02:48:06,87.5,65.21739130434783
2026-02-12 02:48:21,87.5,65.21739130434783
2026-02-12 02:48:36,87.5,65.21739130434783
2026-02-12 02:48:51,87.5,65.21739130434783
2026-02-12 02:49:06,87.5,65.21739130434783
2026-02-12 02:49:21,87.5,64.3312101910828
2026-02-12 02:49:36,87.5,64.3312101910828
2026-02-12 02:49:51,87.5,64.3312101910828
2026-02-12 02:50:06,87.5,64.3312101910828
2026-02-12 02:50:21,87.5,64.3312101910828
2026-02-12 02:50:36,87.5,64.3312101910828
2026-02-12 02:50:51,87.5,64.3312101910828
2026-02-12 02:51:06,87.5,64.3312101910828
2026-02-12 02:51:21,87.5,63.39869281045751
2026-02-12 02:51:36,87.5,63.39869281045751
2026-02-12 02:51:51,87.5,63.39869281045751
2026-02-12 02:52:06,87.5,63.39869281045751
2026-02-12 02:52:21,87.5,63.39869281045751
2026-02-12 02:52:36,87.5,63.39869281045751
2026-02-12 02:52:51,87.5,63.39869281045751
2026-02-12 02:53:06,87.5,63.39869281045751
2026-02-12 02:53:21,87.5,62.41610738255034
2026-02-12 02:53:36,87.5,62.41610738255034
2026-02-12 02:53:51,87.5,62.41610738255034
2026-02-12 02:54:06,87.5,62.41610738255034
2026-02-12 02:54:21,87.5,62.41610738255034
2026-02-12 02:54:36,87.5,62.41610738255034
2026-02-12 02:54:51,87.5,62.41610738255034
2026-02-12 02:55:06,87.5,62.41610738255034
2026-02-12 02:55:21,87.5,62.06896551724138
2026-02-12 02:55:36,87.5,62.758620689655174
2026-02-12 02:55:51,87.5,63.44827586206897
2026-02-12 02:56:06,87.5,63.44827586206897
2026-02-12 02:56:21,87.5,63.44827586206897
2026-02-12 02:56:36,87.5,63.44827586206897
2026-02-12 02:56:51,87.5,63.44827586206897
2026-02-12 02:57:06,87.5,63.44827586206897
2026-02-12 02:57:21,87.5,64.13793103448275
2026-02-12 02:57:36,87.5,66.66666666666666
2026-02-12 02:57:51,87.5,67.37588652482269
2026-02-12 02:58:06,87.5,68.08510638297872
2026-02-12 02:58:21,87.5,68.79432624113475
2026-02-12 02:58:36,75.0,69.50354609929079
2026-02-12 02:58:51,75.0,70.2127659574468
2026-02-12 02:59:06,75.0,70.92198581560284
2026-02-12 02:59:21,75.0,71.63120567375887
2026-02-12 02:59:36,75.0,74.45255474452554
2026-02-12 02:59:51,75.0,75.18248175182481
2026-02-12 03:00:06,75.0,75.91240875912408
2026-02-12 03:00:21,75.0,76.64233576642336
2026-02-12 03:00:36,75.0,77.37226277372264
2026-02-12 03:00:51,75.0,78.1021897810219
2026-02-12 03:01:06,75.0,78.83211678832117
2026-02-12 03:01:21,75.0,77.30496453900709
2026-02-12 03:01:36,75.0,78.01418439716312
2026-02-12 03:01:51,75.0,78.72340425531915
2026-02-12 03:02:06,75.0,79.43262411347519
2026-02-12 03:02:21,75.0,80.1418439716312
2026-02-12 03:02:36,75.0,80.85106382978722
2026-02-12 03:02:51,75.0,81.56028368794325
2026-02-12 03:03:06,75.0,82.26950354609929
2026-02-12 03:03:21,75.0,82.97872340425532
2026-02-12 03:03:36,75.0,83.68794326241135
2026-02-12 03:03:51,75.0,84.39716312056737
2026-02-12 03:04:06,75.0,85.1063829787234
2026-02-12 03:04:21,75.0,85.81560283687944
2026-02-12 03:04:36,75.0,86.52482269503547
2026-02-12 03:04:51,75.0,87.2340425531915
2026-02-12 03:05:06,75.0,87.94326241134752
2026-02-12 03:05:21,75.0,88.65248226950354
2026-02-12 03:05:36,75.0,89.36170212765957
2026-02-12 03:05:51,75.0,89.36170212765957
2026-02-12 03:06:06,75.0,88.27586206896552
2026-02-12 03:06:21,75.0,88.96551724137932
2026-02-12 03:06:36,75.0,89.65517241379311
2026-02-12 03:06:51,75.0,89.65517241379311
2026-02-12 03:07:06,75.0,89.65517241379311
2026-02-12 03:07:21,75.0,90.3448275862069
2026-02-12 03:07:36,75.0,91.0344827586207
2026-02-12 03:07:51,75.0,91.72413793103448
2026-02-12 03:08:06,75.0,92.41379310344827
2026-02-12 03:08:21,75.0,93.10344827586206
2026-02-12 03:08:36,75.0,93.79310344827586
2026-02-12 03:08:51,75.0,93.79310344827586
2026-02-12 03:09:06,75.0,94.48275862068965
2026-02-12 03:09:21,75.0,94.48275862068965
2026-02-12 03:09:36,62.5,94.48275862068965
2026-02-12 03:09:51,62.5,94.48275862068965
2026-02-12 03:10:06,62.5,94.48275862068965
2026-02-12 03:10:21,62.5,94.48275862068965
2026-02-12 03:10:36,62.5,94.48275862068965
2026-02-12 03:10:51,62.5,94.63087248322147
2026-02-12 03:11:06,62.5,94.63087248322147
2026-02-12 03:11:21,62.5,94.63087248322147
2026-02-12 03:11:36,62.5,94.63087248322147
2026-02-12 03:11:51,62.5,94.63087248322147
2026-02-12 03:12:06,62.5,94.63087248322147
2026-02-12 03:12:21,62.5,94.63087248322147
2026-02-12 03:12:36,62.5,94.63087248322147
2026-02-12 03:12:51,62.5,94.63087248322147
2026-02-12 03:13:06,62.5,94.63087248322147
2026-02-12 03:13:21,62.5,94.63087248322147
2026-02-12 03:13:36,62.5,94.63087248322147
2026-02-12 03:13:51,62.5,94.63087248322147
2026-02-12 03:14:06,62.5,94.63087248322147
2026-02-12 03:14:21,62.5,94.63087248322147
2026-02-12 03:14:36,62.5,94.63087248322147
2026-02-12 03:14:51,62.5,94.63087248322147
2026-02-12 03:15:06,62.5,94.63087248322147
2026-02-12 03:15:21,62.5,94.63087248322147
2026-02-12 03:15:36,62.5,94.77124183006535
2026-02-12 03:15:51,62.5,94.77124183006535
2026-02-12 03:16:06,62.5,94.77124183006535
2026-02-12 03:16:21,62.5,94.77124183006535
2026-02-12 03:16:36,62.5,94.77124183006535
2026-02-12 03:16:51,62.5,94.77124183006535
2026-02-12 03:17:06,62.5,94.77124183006535
2026-02-12 03:17:21,62.5,95.42483660130719
2026-02-12 03:17:36,62.5,95.42483660130719
2026-02-12 03:17:51,62.5,95.42483660130719
2026-02-12 03:18:06,62.5,95.42483660130719
2026-02-12 03:18:21,62.5,95.42483660130719
2026-02-12 03:18:36,62.5,95.42483660130719
2026-02-12 03:18:51,62.5,95.42483660130719
2026-02-12 03:19:06,62.5,95.42483660130719
2026-02-12 03:19:21,62.5,96.07843137254902
2026-02-12 03:19:36,62.5,96.73202614379085
2026-02-12 03:19:51,62.5,96.73202614379085
2026-02-12 03:20:06,62.5,95.54140127388536
2026-02-12 03:20:21,62.5,96.17834394904459
2026-02-12 03:20:36,62.5,96.81528662420382
2026-02-12 03:20:51,62.5,96.81528662420382
2026-02-12 03:21:06,62.5,96.81528662420382
2026-02-12 03:21:21,62.5,96.81528662420382
2026-02-12 03:21:36,62.5,96.81528662420382
2026-02-12 03:21:51,62.5,96.81528662420382
2026-02-12 03:22:06,62.5,96.81528662420382
2026-02-12 03:22:21,75.0,96.81528662420382
2026-02-12 03:22:36,75.0,96.81528662420382
2026-02-12 03:22:51,75.0,96.81528662420382
2026-02-12 03:23:06,75.0,96.81528662420382
2026-02-12 03:23:21,75.0,96.81528662420382
2026-02-12 03:23:36,75.0,96.81528662420382
2026-02-12 03:23:51,75.0,96.81528662420382
2026-02-12 03:24:06,75.0,96.81528662420382
2026-02-12 03:24:21,75.0,96.81528662420382
2026-02-12 03:24:36,75.0,96.81528662420382
2026-02-12 03:24:51,75.0,96.8944099378882
2026-02-12 03:25:06,75.0,96.8944099378882
2026-02-12 03:25:21,75.0,96.8944099378882
2026-02-12 03:25:36,75.0,96.8944099378882
2026-02-12 03:25:51,75.0,96.8944099378882
2026-02-12 03:26:06,75.0,96.8944099378882
2026-02-12 03:26:21,75.0,96.8944099378882
2026-02-12 03:26:36,75.0,96.8944099378882
2026-02-12 03:26:51,75.0,96.8944099378882
2026-02-12 03:27:06,75.0,96.8944099378882
2026-02-12 03:27:21,75.0,96.8944099378882
2026-02-12 03:27:36,75.0,96.8944099378882
2026-02-12 03:27:51,75.0,96.8944099378882
2026-02-12 03:28:06,75.0,96.8944099378882
2026-02-12 03:28:21,87.5,96.8944099378882
2026-02-12 03:28:36,87.5,96.8944099378882
2026-02-12 03:28:51,87.5,96.8944099378882
2026-02-12 03:29:06,87.5,96.8944099378882
2026-02-12 03:29:21,87.5,96.8944099378882
2026-02-12 03:29:36,87.5,96.96969696969697
2026-02-12 03:29:51,87.5,96.96969696969697
2026-02-12 03:30:06,87.5,96.96969696969697
2026-02-12 03:30:21,87.5,96.96969696969697
2026-02-12 03:30:36,87.5,96.96969696969697
2026-02-12 03:30:51,87.5,96.96969696969697
2026-02-12 03:31:06,87.5,96.96969696969697
2026-02-12 03:31:21,87.5,96.96969696969697
2026-02-12 03:31:36,87.5,96.96969696969697
2026-02-12 03:31:51,87.5,96.96969696969697
2026-02-12 03:32:06,87.5,96.96969696969697
2026-02-12 03:32:21,87.5,96.96969696969697
2026-02-12 03:32:36,87.5,96.96969696969697
2026-02-12 03:32:51,87.5,96.96969696969697
2026-02-12 03:33:06,87.5,96.96969696969697
2026-02-12 03:33:21,87.5,96.96969696969697
2026-02-12 03:33:36,87.5,96.96969696969697
2026-02-12 03:33:51,87.5,96.96969696969697
2026-02-12 03:34:06,87.5,96.96969696969697
2026-02-12 03:34:21,87.5,97.0414201183432
2026-02-12 03:34:36,87.5,97.0414201183432
2026-02-12 03:34:51,87.5,97.0414201183432
2026-02-12 03:35:06,87.5,97.0414201183432
2026-02-12 03:35:21,87.5,97.0414201183432
2026-02-12 03:35:36,87.5,97.0414201183432
2026-02-12 03:35:51,87.5,97.0414201183432
2026-02-12 03:36:06,87.5,97.0414201183432
2026-02-12 03:36:21,87.5,97.0414201183432
2026-02-12 03:36:36,87.5,97.0414201183432
2026-02-12 03:36:51,87.5,97.0414201183432
2026-02-12 03:37:06,87.5,97.0414201183432
2026-02-12 03:37:21,100.0,97.0414201183432
2026-02-12 03:37:36,100.0,97.0414201183432
2026-02-12 03:37:51,100.0,97.0414201183432
2026-02-12 03:38:06,100.0,97.0414201183432
2026-02-12 03:38:21,100.0,97.63313609467455
2026-02-12 03:38:36,100.0,98.22485207100591
2026-02-12 03:38:51,100.0,97.10982658959537
2026-02-12 03:39:06,100.0,97.10982658959537
2026-02-12 03:39:21,100.0,97.6878612716763
2026-02-12 03:39:36,100.0,98.26589595375722
2026-02-12 03:39:51,100.0,98.84393063583815
2026-02-12 03:40:06,100.0,99.42196531791907
2026-02-12 03:40:21,100.0,100.0
2026-02-12 03:40:36,100.0,100.0
2026-02-12 03:40:51,100.0,100.0
2026-02-12 03:41:06,100.0,100.0
2026-02-12 03:41:21,100.0,100.0
2026-02-12 03:41:36,100.0,100.0
2026-02-12 03:41:51,100.0,100.0
2026-02-12 03:42:06,100.0,100.0
2026-02-12 03:42:21,100.0,100.0
2026-02-12 03:42:36,100.0,100.0
2026-02-12 03:42:51,100.0,100.0
2026-02-12 03:43:06,100.0,100.0
2026-02-12 03:43:21,100.0,100.0
2026-02-12 03:43:36,100.0,100.0
2026-02-12 03:43:51,100.0,100.0
2026-02-12 03:44:06,100.0,100.0
2026-02-12 03:44:21,100.0,100.0
2026-02-12 03:44:36,100.0,100.0
2026-02-12 03:44:51,100.0,100.0
2026-02-12 03:45:06,100.0,100.0
2026-02-12 03:45:21,100.0,100.0
2026-02-12 03:45:36,100.0,100.0
2026-02-12 03:45:51,100.0,100.0
2026-02-12 03:46:06,100.0,100.0
2026-02-12 03:46:21,100.0,100.0
2026-02-12 03:46:36,100.0,100.0
2026-02-12 03:46:51,100.0,100.0
2026-02-12 03:47:06,100.0,100.0
2026-02-12 03:47:21,100.0,100.0
2026-02-12 03:47:36,100.0,100.0
2026-02-12 03:47:51,100.0,100.0
2026-02-12 03:48:06,100.0,100.0
2026-02-12 03:48:21,100.0,100.0
2026-02-12 03:48:36,100.0,100.0
2026-02-12 03:48:51,100.0,100.0
2026-02-12 03:49:06,100.0,100.0
2026-02-12 03:49:21,100.0,100.0
2026-02-12 03:49:36,100.0,100.0
2026-02-12 03:49:51,100.0,100.0
2026-02-12 03:50:06,100.0,100.0
2026-02-12 03:50:21,100.0,100.0
2026-02-12 03:50:36,100.0,100.0
2026-02-12 03:50:51,100.0,100.0
2026-02-12 03:51:06,100.0,100.0
2026-02-12 03:51:21,100.0,100.0
2026-02-12 03:51:36,100.0,100.0
2026-02-12 03:51:51,100.0,100.0
2026-02-12 03:52:06,100.0,100.0
2026-02-12 03:52:21,100.0,100.0
2026-02-12 03:52:36,100.0,100.0
2026-02-12 03:52:51,100.0,100.0
2026-02-12 03:53:06,100.0,100.0
2026-02-12 03:53:21,100.0,100.0
2026-02-12 03:53:36,100.0,100.0
2026-02-12 03:53:51,100.0,100.0
2026-02-12 03:54:06,100.0,100.0
2026-02-12 03:54:21,100.0,100.0
2026-02-12 03:54:36,100.0,100.0
2026-02-12 03:54:51,100.0,100.0
2026-02-12 03:55:06,100.0,100.0
2026-02-12 03:55:21,100.0,100.0
2026-02-12 03:55:36,100.0,100.0
2026-02-12 03:55:51,100.0,100.0
2026-02-12 03:56:06,100.0,100.0
2026-02-12 03:56:21,100.0,100.0
2026-02-12 03:56:36,100.0,100.0
2026-02-12 03:56:51,100.0,100.0
2026-02-12 03:57:06,100.0,100.0
2026-02-12 03:57:21,100.0,100.0
2026-02-12 03:57:36,100.0,100.0
2026-02-12 03:57:51,100.0,100.0
2026-02-12 03:58:06,100.0,100.0
2026-02-12 03:58:21,100.0,100.0
2026-02-12 03:58:36,100.0,100.0
2026-02-12 03:58:51,100.0,100.0
2026-02-12 03:59:06,100.0,100.0
2026-02-12 03:59:21,100.0,100.0
2026-02-12 03:59:36,100.0,100.0
2026-02-12 03:59:51,100.0,100.0
2026-02-12 04:00:06,100.0,100.0
2026-02-12 04:00:21,100.0,100.0
2026-02-12 04:00:36,100.0,100.0
2026-02-12 04:00:51,100.0,100.0
2026-02-12 04:01:06,100.0,100.0
2026-02-12 04:01:21,100.0,100.0
2026-02-12 04:01:36,100.0,100.0
2026-02-12 04:01:51,100.0,100.0
2026-02-12 04:02:06,100.0,100.0
2026-02-12 04:02:21,100.0,100.0
2026-02-12 04:02:36,100.0,100.0
2026-02-12 04:02:51,100.0,100.0
2026-02-12 04:03:06,100.0,100.0
2026-02-12 04:03:21,100.0,100.0
2026-02-12 04:03:36,100.0,100.0
2026-02-12 04:03:51,100.0,100.0
2026-02-12 04:04:06,100.0,100.0
2026-02-12 04:04:21,100.0,100.0
2026-02-12 04:04:36,100.0,100.0
2026-02-12 04:04:51,100.0,100.0
2026-02-12 04:05:06,100.0,100.0
2026-02-12 04:05:21,100.0,100.0
2026-02-12 04:05:36,100.0,100.0
2026-02-12 04:05:51,100.0,100.0
2026-02-12 04:06:06,100.0,100.0
2026-02-12 04:06:21,100.0,100.0
2026-02-12 04:06:36,100.0,100.0
2026-02-12 04:06:51,100.0,100.0
2026-02-12 04:07:06,100.0,100.0
2026-02-12 04:07:21,100.0,100.0
2026-02-12 04:07:36,87.5,100.0
2026-02-12 04:07:51,87.5,100.0
2026-02-12 04:08:06,87.5,100.0
2026-02-12 04:08:21,87.5,100.0
2026-02-12 04:08:36,87.5,100.0
2026-02-12 04:08:51,87.5,100.0
2026-02-12 04:09:06,87.5,100.0
2026-02-12 04:09:21,87.5,100.0
2026-02-12 04:09:36,87.5,100.0
2026-02-12 04:09:51,87.5,100.0
2026-02-12 04:10:06,87.5,100.0
2026-02-12 04:10:21,87.5,100.0
2026-02-12 04:10:36,87.5,100.0
2026-02-12 04:10:51,87.5,100.0
2026-02-12 04:11:06,87.5,100.0
2026-02-12 04:11:21,87.5,100.0
2026-02-12 04:11:36,87.5,100.0
2026-02-12 04:11:51,87.5,100.0
2026-02-12 04:12:06,87.5,100.0
2026-02-12 04:12:21,87.5,100.0
2026-02-12 04:12:36,100.0,100.0
2026-02-12 04:12:51,87.5,100.0
2026-02-12 04:13:06,100.0,100.0
2026-02-12 04:13:21,100.0,100.0
2026-02-12 04:13:36,100.0,100.0
2026-02-12 04:13:51,100.0,100.0
2026-02-12 04:14:06,87.5,100.0
2026-02-12 04:14:21,87.5,100.0
2026-02-12 04:14:36,87.5,100.0
2026-02-12 04:14:51,87.5,100.0
2026-02-12 04:15:06,87.5,100.0
2026-02-12 04:15:21,87.5,100.0
2026-02-12 04:15:36,87.5,100.0
2026-02-12 04:15:51,87.5,100.0
2026-02-12 04:16:06,87.5,100.0
2026-02-12 04:16:21,87.5,100.0
2026-02-12 04:16:36,87.5,100.0
2026-02-12 04:16:51,87.5,100.0
2026-02-12 04:17:06,87.5,100.0
2026-02-12 04:17:21,87.5,100.0
2026-02-12 04:17:36,87.5,100.0
2026-02-12 04:17:51,87.5,100.0
2026-02-12 04:18:06,87.5,100.0
2026-02-12 04:18:21,87.5,100.0
2026-02-12 04:18:36,87.5,100.0
2026-02-12 04:18:51,87.5,100.0
2026-02-12 04:19:06,87.5,100.0
2026-02-12 04:19:21,87.5,100.0
2026-02-12 04:19:36,87.5,100.0
2026-02-12 04:19:51,87.5,100.0
2026-02-12 04:20:06,87.5,100.0
2026-02-12 04:20:21,87.5,100.0
2026-02-12 04:20:36,87.5,100.0
2026-02-12 04:20:51,87.5,100.0
2026-02-12 04:21:06,87.5,100.0
2026-02-12 04:21:21,87.5,100.0
2026-02-12 04:21:36,87.5,100.0
2026-02-12 04:21:51,87.5,100.0
2026-02-12 04:22:06,87.5,100.0
2026-02-12 04:22:21,87.5,100.0
2026-02-12 04:22:36,87.5,100.0
2026-02-12 04:22:51,87.5,100.0
2026-02-12 04:23:06,87.5,100.0
2026-02-12 04:23:21,87.5,100.0
2026-02-12 04:23:36,87.5,100.0
2026-02-12 04:23:51,87.5,100.0
2026-02-12 04:24:06,100.0,100.0
2026-02-12 04:24:21,100.0,100.0
2026-02-12 04:24:36,100.0,100.0
2026-02-12 04:24:51,100.0,100.0
2026-02-12 04:25:06,100.0,100.0
2026-02-12 04:25:21,100.0,100.0
2026-02-12 04:25:36,100.0,100.0
2026-02-12 04:25:51,100.0,100.0
2026-02-12 04:26:06,100.0,100.0
2026-02-12 04:26:21,100.0,100.0
2026-02-12 04:26:36,100.0,100.0
2026-02-12 04:26:51,100.0,100.0
2026-02-12 04:27:06,100.0,100.0
2026-02-12 04:27:21,100.0,100.0
2026-02-12 04:27:36,100.0,100.0
2026-02-12 04:27:51,100.0,100.0
2026-02-12 04:28:06,100.0,100.0
2026-02-12 04:28:21,100.0,100.0
2026-02-12 04:28:36,100.0,100.0
2026-02-12 04:28:51,100.0,100.0
2026-02-12 04:29:06,100.0,100.0
2026-02-12 04:29:21,100.0,100.0
2026-02-12 04:29:36,100.0,100.0
2026-02-12 04:29:51,100.0,100.0
2026-02-12 04:30:06,100.0,100.0
2026-02-12 04:30:21,100.0,100.0
2026-02-12 04:30:36,100.0,100.0
2026-02-12 04:30:51,100.0,100.0
2026-02-12 04:31:06,100.0,100.0
2026-02-12 04:31:21,100.0,100.0
2026-02-12 04:31:36,100.0,100.0
2026-02-12 04:31:51,100.0,100.0
2026-02-12 04:32:06,100.0,100.0
2026-02-12 04:32:21,100.0,100.0
2026-02-12 04:32:36,100.0,100.0
2026-02-12 04:32:51,100.0,100.0
2026-02-12 04:33:06,100.0,100.0
2026-02-12 04:33:21,100.0,100.0
2026-02-12 04:33:36,100.0,100.0
2026-02-12 04:33:51,100.0,100.0
2026-02-12 04:34:06,100.0,100.0
2026-02-12 04:34:21,100.0,100.0
2026-02-12 04:34:36,100.0,100.0
2026-02-12 04:34:51,100.0,100.0
2026-02-12 04:35:06,100.0,100.0
2026-02-12 04:35:21,100.0,100.0
2026-02-12 04:35:36,100.0,100.0
2026-02-12 04:35:51,100.0,100.0
2026-02-12 04:36:06,100.0,100.0
2026-02-12 04:36:21,100.0,100.0
2026-02-12 04:36:36,100.0,100.0
2026-02-12 04:36:51,100.0,100.0
2026-02-12 04:37:06,100.0,100.0
2026-02-12 04:37:21,100.0,100.0
2026-02-12 04:37:36,100.0,100.0
2026-02-12 04:37:51,100.0,100.0
2026-02-12 04:38:06,100.0,100.0
2026-02-12 04:38:21,100.0,100.0
2026-02-12 04:38:36,100.0,100.0
2026-02-12 04:38:51,100.0,100.0
2026-02-12 04:39:06,100.0,100.0
2026-02-12 04:39:21,100.0,100.0
2026-02-12 04:39:36,100.0,100.0
2026-02-12 04:39:51,100.0,100.0
2026-02-12 04:40:06,100.0,100.0
2026-02-12 04:40:21,100.0,100.0
2026-02-12 04:40:36,100.0,100.0
2026-02-12 04:40:51,100.0,100.0
2026-02-12 04:41:06,100.0,100.0
2026-02-12 04:41:21,100.0,100.0
2026-02-12 04:41:36,100.0,100.0
2026-02-12 04:41:51,100.0,100.0
2026-02-12 04:42:06,100.0,100.0
2026-02-12 04:42:21,100.0,100.0
2026-02-12 04:42:36,100.0,100.0
2026-02-12 04:42:51,100.0,100.0
2026-02-12 04:43:06,100.0,100.0
2026-02-12 04:43:21,100.0,100.0
2026-02-12 04:43:36,100.0,100.0
2026-02-12 04:43:51,100.0,100.0
2026-02-12 04:44:06,100.0,100.0
2026-02-12 04:44:21,100.0,100.0
2026-02-12 04:44:36,100.0,100.0
2026-02-12 04:44:51,100.0,100.0
2026-02-12 04:45:06,100.0,100.0
2026-02-12 04:45:21,100.0,100.0
2026-02-12 04:45:36,100.0,100.0
2026-02-12 04:45:51,100.0,100.0
2026-02-12 04:46:06,100.0,100.0
2026-02-12 04:46:21,100.0,100.0
2026-02-12 04:46:36,100.0,100.0
2026-02-12 04:46:51,100.0,100.0
2026-02-12 04:47:06,100.0,100.0
2026-02-12 04:47:21,100.0,100.0
2026-02-12 04:47:36,100.0,100.0
2026-02-12 04:47:51,100.0,100.0
2026-02-12 04:48:06,100.0,100.0
2026-02-12 04:48:21,100.0,100.0
2026-02-12 04:48:36,100.0,100.0
2026-02-12 04:48:51,100.0,100.0
2026-02-12 04:49:06,100.0,100.0
2026-02-12 04:49:21,100.0,100.0
2026-02-12 04:49:36,100.0,100.0
2026-02-12 04:49:51,100.0,100.0
2026-02-12 04:50:06,100.0,100.0
2026-02-12 04:50:21,100.0,100.0
2026-02-12 04:50:36,100.0,100.0
2026-02-12 04:50:51,100.0,100.0
2026-02-12 04:51:06,100.0,100.0
2026-02-12 04:51:21,100.0,100.0
2026-02-12 04:51:36,100.0,100.0
2026-02-12 04:51:51,100.0,100.0
2026-02-12 04:52:06,100.0,100.0
2026-02-12 04:52:21,100.0,100.0
2026-02-12 04:52:36,100.0,100.0
2026-02-12 04:52:51,100.0,100.0
2026-02-12 04:53:06,100.0,100.0
2026-02-12 04:53:21,100.0,100.0
2026-02-12 04:53:36,100.0,100.0
2026-02-12 04:53:51,100.0,100.0
2026-02-12 04:54:06,100.0,100.0
2026-02-12 04:54:21,100.0,100.0
2026-02-12 04:54:36,100.0,100.0
2026-02-12 04:54:51,100.0,100.0
2026-02-12 04:55:06,100.0,100.0
2026-02-12 04:55:21,100.0,100.0
2026-02-12 04:55:36,100.0,100.0
2026-02-12 04:55:51,100.0,100.0
2026-02-12 04:56:06,100.0,100.0
2026-02-12 04:56:21,100.0,100.0
2026-02-12 04:56:36,100.0,100.0
2026-02-12 04:56:51,100.0,100.0
2026-02-12 04:57:06,100.0,100.0
2026-02-12 04:57:21,100.0,100.0
2026-02-12 04:57:36,100.0,100.0
2026-02-12 04:57:51,100.0,100.0
2026-02-12 04:58:06,100.0,100.0
2026-02-12 04:58:21,100.0,100.0
2026-02-12 04:58:36,100.0,100.0
2026-02-12 04:58:51,100.0,100.0
2026-02-12 04:59:06,100.0,100.0
2026-02-12 04:59:21,100.0,100.0
2026-02-12 04:59:36,100.0,100.0
2026-02-12 04:59:51,100.0,100.0
2026-02-12 05:00:06,100.0,100.0
2026-02-12 05:00:21,100.0,100.0
2026-02-12 05:00:36,100.0,100.0
2026-02-12 05:00:51,100.0,100.0
2026-02-12 05:01:06,100.0,100.0
2026-02-12 05:01:21,100.0,100.0
2026-02-12 05:01:36,100.0,100.0
2026-02-12 05:01:51,100.0,100.0
2026-02-12 05:02:06,100.0,100.0
2026-02-12 05:02:21,100.0,100.0
2026-02-12 05:02:36,100.0,100.0
2026-02-12 05:02:51,100.0,100.0
2026-02-12 05:03:06,100.0,100.0
2026-02-12 05:03:21,100.0,100.0
2026-02-12 05:03:36,100.0,100.0
2026-02-12 05:03:51,100.0,100.0
2026-02-12 05:04:06,100.0,100.0
2026-02-12 05:04:21,100.0,100.0
2026-02-12 05:04:36,100.0,100.0
2026-02-12 05:04:51,100.0,100.0
2026-02-12 05:05:06,100.0,100.0
2026-02-12 05:05:21,100.0,100.0
2026-02-12 05:05:36,100.0,100.0
2026-02-12 05:05:51,100.0,100.0
2026-02-12 05:06:06,100.0,100.0
2026-02-12 05:06:21,100.0,100.0
2026-02-12 05:06:36,100.0,100.0
2026-02-12 05:06:51,100.0,100.0
2026-02-12 05:07:06,100.0,100.0
2026-02-12 05:07:21,100.0,100.0
2026-02-12 05:07:36,100.0,100.0
2026-02-12 05:07:51,100.0,100.0
2026-02-12 05:08:06,100.0,100.0
2026-02-12 05:08:21,100.0,100.0
2026-02-12 05:08:36,100.0,100.0
2026-02-12 05:08:51,100.0,100.0
2026-02-12 05:09:06,100.0,100.0
2026-02-12 05:09:21,100.0,100.0
2026-02-12 05:09:36,100.0,100.0
2026-02-12 05:09:51,100.0,100.0
2026-02-12 05:10:06,100.0,100.0
2026-02-12 05:10:21,100.0,100.0
2026-02-12 05:10:36,100.0,100.0
2026-02-12 05:10:51,100.0,100.0
2026-02-12 05:11:06,100.0,100.0
2026-02-12 05:11:21,100.0,100.0
2026-02-12 05:11:36,100.0,100.0
2026-02-12 05:11:51,100.0,100.0
2026-02-12 05:12:06,100.0,100.0
2026-02-12 05:12:21,100.0,100.0
2026-02-12 05:12:36,100.0,100.0
2026-02-12 05:12:51,100.0,100.0
2026-02-12 05:13:06,100.0,100.0
2026-02-12 05:13:21,100.0,100.0
2026-02-12 05:13:36,100.0,100.0
2026-02-12 05:13:51,100.0,100.0
2026-02-12 05:14:06,100.0,100.0
2026-02-12 05:14:21,100.0,100.0
2026-02-12 05:14:36,100.0,100.0
2026-02-12 05:14:51,100.0,100.0
2026-02-12 05:15:06,100.0,100.0
2026-02-12 05:15:21,100.0,100.0
2026-02-12 05:15:36,100.0,100.0
2026-02-12 05:15:51,100.0,100.0
2026-02-12 05:16:06,100.0,100.0
2026-02-12 05:16:21,100.0,100.0
2026-02-12 05:16:36,100.0,100.0
2026-02-12 05:16:51,100.0,100.0
2026-02-12 05:17:06,100.0,100.0
2026-02-12 05:17:21,100.0,100.0
2026-02-12 05:17:36,100.0,100.0
2026-02-12 05:17:51,100.0,100.0
2026-02-12 05:18:06,100.0,100.0
2026-02-12 05:18:21,100.0,100.0
2026-02-12 05:18:36,100.0,100.0
2026-02-12 05:18:51,100.0,100.0
2026-02-12 05:19:06,100.0,100.0
2026-02-12 05:19:21,100.0,100.0
2026-02-12 05:19:36,100.0,100.0
2026-02-12 05:19:51,100.0,100.0
2026-02-12 05:20:06,100.0,100.0
2026-02-12 05:20:21,100.0,100.0
2026-02-12 05:20:36,100.0,100.0
2026-02-12 05:20:51,100.0,100.0
2026-02-12 05:21:06,100.0,100.0
2026-02-12 05:21:21,100.0,100.0
2026-02-12 05:21:36,100.0,100.0
2026-02-12 05:21:51,100.0,100.0
2026-02-12 05:22:06,100.0,100.0
2026-02-12 05:22:21,100.0,100.0
2026-02-12 05:22:36,100.0,100.0
2026-02-12 05:22:51,100.0,100.0
2026-02-12 05:23:06,100.0,100.0
2026-02-12 05:23:21,100.0,100.0
2026-02-12 05:23:36,100.0,100.0
2026-02-12 05:23:51,100.0,100.0
2026-02-12 05:24:06,100.0,100.0
2026-02-12 05:24:21,100.0,100.0
2026-02-12 05:24:36,100.0,100.0
2026-02-12 05:24:51,100.0,100.0
2026-02-12 05:25:06,100.0,100.0
2026-02-12 05:25:21,100.0,100.0
2026-02-12 05:25:36,100.0,100.0
2026-02-12 05:25:51,100.0,100.0
2026-02-12 05:26:06,100.0,100.0
2026-02-12 05:26:21,100.0,100.0
2026-02-12 05:26:36,100.0,100.0
2026-02-12 05:26:51,100.0,100.0
2026-02-12 05:27:06,100.0,100.0
2026-02-12 05:27:21,100.0,100.0
2026-02-12 05:27:36,100.0,100.0
2026-02-12 05:27:51,100.0,100.0
2026-02-12 05:28:06,100.0,100.0
2026-02-12 05:28:21,100.0,100.0
2026-02-12 05:28:36,100.0,100.0
2026-02-12 05:28:51,100.0,100.0
2026-02-12 05:29:06,100.0,100.0
2026-02-12 05:29:21,100.0,100.0
2026-02-12 05:29:36,100.0,100.0
2026-02-12 05:29:51,100.0,100.0
2026-02-12 05:30:06,100.0,100.0
2026-02-12 05:30:21,100.0,100.0
2026-02-12 05:30:36,100.0,100.0
2026-02-12 05:30:51,100.0,100.0
2026-02-12 05:31:06,100.0,100.0
2026-02-12 05:31:21,100.0,100.0
2026-02-12 05:31:36,100.0,100.0
2026-02-12 05:31:51,100.0,100.0
2026-02-12 05:32:06,100.0,100.0
2026-02-12 05:32:21,100.0,100.0
2026-02-12 05:32:36,100.0,100.0
2026-02-12 05:32:51,100.0,100.0
2026-02-12 05:33:06,100.0,100.0
2026-02-12 05:33:21,100.0,100.0
2026-02-12 05:33:36,100.0,100.0
2026-02-12 05:33:51,100.0,100.0
2026-02-12 05:34:06,100.0,100.0
2026-02-12 05:34:21,100.0,100.0
2026-02-12 05:34:36,100.0,100.0
2026-02-12 05:34:51,100.0,100.0
2026-02-12 05:35:06,100.0,100.0
2026-02-12 05:35:21,100.0,100.0
2026-02-12 05:35:36,100.0,100.0
2026-02-12 05:35:51,100.0,100.0
2026-02-12 05:36:06,100.0,100.0
2026-02-12 05:36:21,100.0,100.0
2026-02-12 05:36:36,100.0,100.0
2026-02-12 05:36:51,100.0,100.0
2026-02-12 05:37:06,100.0,100.0
2026-02-12 05:37:21,100.0,100.0
2026-02-12 05:37:36,100.0,100.0
2026-02-12 05:37:51,100.0,100.0
2026-02-12 05:38:06,100.0,100.0
2026-02-12 05:38:21,100.0,100.0
2026-02-12 05:38:36,100.0,100.0
2026-02-12 05:38:51,100.0,100.0
2026-02-12 05:39:06,100.0,100.0
2026-02-12 05:39:21,100.0,100.0
2026-02-12 05:39:36,100.0,100.0
2026-02-12 05:39:51,100.0,100.0
2026-02-12 05:40:06,100.0,100.0
2026-02-12 05:40:21,100.0,100.0
2026-02-12 05:40:36,100.0,100.0
2026-02-12 05:40:51,100.0,100.0
2026-02-12 05:41:06,100.0,100.0
2026-02-12 05:41:21,100.0,100.0
2026-02-12 05:41:36,100.0,100.0
2026-02-12 05:41:51,100.0,100.0
2026-02-12 05:42:06,100.0,100.0
2026-02-12 05:42:21,100.0,100.0
2026-02-12 05:42:36,100.0,100.0
2026-02-12 05:42:51,100.0,100.0
2026-02-12 05:43:06,100.0,100.0
2026-02-12 05:43:21,100.0,100.0
2026-02-12 05:43:36,100.0,100.0
2026-02-12 05:43:51,100.0,100.0
2026-02-12 05:44:06,100.0,100.0
2026-02-12 05:44:21,100.0,100.0
2026-02-12 05:44:36,100.0,100.0
2026-02-12 05:44:51,100.0,100.0
2026-02-12 05:45:06,100.0,100.0
2026-02-12 05:45:21,100.0,100.0
2026-02-12 05:45:36,100.0,100.0
2026-02-12 05:45:51,100.0,100.0
2026-02-12 05:46:06,100.0,100.0
2026-02-12 05:46:21,100.0,100.0
2026-02-12 05:46:36,100.0,100.0
2026-02-12 05:46:51,100.0,100.0
2026-02-12 05:47:06,100.0,100.0
2026-02-12 05:47:21,100.0,100.0
2026-02-12 05:47:36,100.0,100.0
2026-02-12 05:47:51,100.0,100.0
2026-02-12 05:48:06,100.0,100.0
2026-02-12 05:48:21,100.0,100.0
2026-02-12 05:48:36,100.0,100.0
2026-02-12 05:48:51,100.0,100.0
2026-02-12 05:49:06,100.0,100.0
2026-02-12 05:49:21,100.0,100.0
2026-02-12 05:49:36,100.0,100.0
2026-02-12 05:49:51,100.0,100.0
2026-02-12 05:50:06,100.0,100.0
2026-02-12 05:50:21,100.0,100.0
2026-02-12 05:50:36,100.0,100.0
2026-02-12 05:50:51,100.0,100.0
2026-02-12 05:51:06,100.0,100.0
2026-02-12 05:51:21,100.0,100.0
2026-02-12 05:51:36,100.0,100.0
2026-02-12 05:51:51,100.0,100.0
2026-02-12 05:52:06,100.0,100.0
2026-02-12 05:52:21,100.0,100.0
2026-02-12 05:52:36,100.0,100.0
2026-02-12 05:52:51,100.0,100.0
2026-02-12 05:53:06,100.0,100.0
2026-02-12 05:53:21,100.0,100.0
2026-02-12 05:53:36,100.0,100.0
2026-02-12 05:53:51,100.0,100.0
2026-02-12 05:54:06,100.0,100.0
2026-02-12 05:54:21,100.0,100.0
2026-02-12 05:54:36,100.0,100.0
2026-02-12 05:54:51,100.0,100.0
2026-02-12 05:55:06,100.0,100.0
2026-02-12 05:55:21,100.0,100.0
2026-02-12 05:55:36,100.0,100.0
2026-02-12 05:55:51,100.0,100.0
2026-02-12 05:56:06,100.0,100.0
2026-02-12 05:56:21,100.0,100.0
2026-02-12 05:56:36,100.0,100.0
2026-02-12 05:56:51,100.0,100.0
2026-02-12 05:57:06,100.0,100.0
2026-02-12 05:57:21,100.0,100.0
2026-02-12 05:57:36,100.0,100.0
2026-02-12 05:57:51,100.0,100.0
2026-02-12 05:58:06,100.0,100.0
2026-02-12 05:58:21,100.0,100.0
2026-02-12 05:58:36,100.0,100.0
2026-02-12 05:58:51,100.0,100.0
2026-02-12 05:59:06,100.0,100.0
2026-02-12 05:59:21,100.0,100.0
2026-02-12 05:59:36,100.0,100.0
2026-02-12 05:59:51,100.0,100.0
2026-02-12 06:00:06,100.0,100.0
2026-02-12 06:00:21,100.0,100.0
2026-02-12 06:00:36,100.0,100.0
2026-02-12 06:00:51,100.0,100.0
2026-02-12 06:01:06,100.0,100.0
2026-02-12 06:01:21,100.0,100.0
2026-02-12 06:01:36,100.0,100.0
2026-02-12 06:01:51,100.0,100.0
2026-02-12 06:02:06,100.0,100.0
2026-02-12 06:02:21,100.0,100.0
2026-02-12 06:02:36,100.0,100.0
2026-02-12 06:02:51,100.0,100.0
2026-02-12 06:03:06,100.0,100.0
2026-02-12 06:03:21,100.0,100.0
2026-02-12 06:03:36,100.0,100.0
2026-02-12 06:03:51,100.0,100.0
2026-02-12 06:04:06,100.0,100.0
2026-02-12 06:04:21,100.0,100.0
2026-02-12 06:04:36,100.0,100.0
2026-02-12 06:04:51,100.0,100.0
2026-02-12 06:05:06,100.0,100.0
2026-02-12 06:05:21,100.0,100.0
2026-02-12 06:05:36,100.0,100.0
2026-02-12 06:05:51,100.0,100.0
2026-02-12 06:06:06,100.0,100.0
2026-02-12 06:06:21,100.0,100.0
2026-02-12 06:06:36,100.0,100.0
2026-02-12 06:06:51,100.0,100.0
2026-02-12 06:07:06,100.0,100.0
2026-02-12 06:07:21,100.0,100.0
2026-02-12 06:07:36,100.0,100.0
2026-02-12 06:07:51,100.0,100.0
2026-02-12 06:08:06,100.0,100.0
2026-02-12 06:08:21,100.0,100.0
2026-02-12 06:08:36,100.0,100.0
2026-02-12 06:08:51,100.0,99.55555555555556
2026-02-12 06:09:06,100.0,99.11111111111111
2026-02-12 06:09:21,100.0,98.66666666666667
2026-02-12 06:09:36,100.0,98.66666666666667
2026-02-12 06:09:51,100.0,98.66666666666667
2026-02-12 06:10:06,100.0,98.66666666666667
2026-02-12 06:10:21,100.0,98.66666666666667
2026-02-12 06:10:36,100.0,98.66666666666667
2026-02-12 06:10:51,100.0,98.66666666666667
2026-02-12 06:11:06,100.0,98.66666666666667
2026-02-12 06:11:21,100.0,98.66666666666667
2026-02-12 06:11:36,100.0,98.66666666666667
2026-02-12 06:11:51,100.0,98.66666666666667
2026-02-12 06:12:06,100.0,98.66666666666667
2026-02-12 06:12:21,100.0,98.64253393665159
2026-02-12 06:12:36,100.0,98.64253393665159
2026-02-12 06:12:51,100.0,98.64253393665159
2026-02-12 06:13:06,100.0,98.64253393665159
2026-02-12 06:13:21,100.0,98.64253393665159
2026-02-12 06:13:36,100.0,98.64253393665159
2026-02-12 06:13:51,100.0,98.64253393665159
2026-02-12 06:14:06,100.0,98.64253393665159
2026-02-12 06:14:21,100.0,98.64253393665159
2026-02-12 06:14:36,100.0,98.64253393665159
2026-02-12 06:14:51,100.0,98.64253393665159
2026-02-12 06:15:06,100.0,98.64253393665159
2026-02-12 06:15:21,100.0,98.64253393665159
2026-02-12 06:15:36,100.0,98.64253393665159
2026-02-12 06:15:51,100.0,98.64253393665159
2026-02-12 06:16:06,100.0,98.64253393665159
2026-02-12 06:16:21,100.0,98.64253393665159
2026-02-12 06:16:36,100.0,98.64253393665159
2026-02-12 06:16:51,100.0,98.64253393665159
2026-02-12 06:17:06,100.0,98.64253393665159
2026-02-12 06:17:21,100.0,98.61751152073732
2026-02-12 06:17:36,100.0,98.61751152073732
2026-02-12 06:17:51,100.0,98.61751152073732
2026-02-12 06:18:06,100.0,98.61751152073732
2026-02-12 06:18:21,100.0,98.61751152073732
2026-02-12 06:18:36,100.0,98.61751152073732
2026-02-12 06:18:51,100.0,98.61751152073732
2026-02-12 06:19:06,100.0,98.61751152073732
2026-02-12 06:19:21,100.0,98.61751152073732
2026-02-12 06:19:36,100.0,98.61751152073732
2026-02-12 06:19:51,100.0,98.61751152073732
2026-02-12 06:20:06,100.0,98.61751152073732
2026-02-12 06:20:21,100.0,98.61751152073732
2026-02-12 06:20:36,100.0,98.61751152073732
2026-02-12 06:20:51,100.0,98.61751152073732
2026-02-12 06:21:06,100.0,98.61751152073732
2026-02-12 06:21:21,100.0,98.61751152073732
2026-02-12 06:21:36,100.0,98.61751152073732
2026-02-12 06:21:51,100.0,98.61751152073732
2026-02-12 06:22:06,100.0,98.61751152073732
2026-02-12 06:22:21,100.0,98.61751152073732
2026-02-12 06:22:36,100.0,98.59154929577466
2026-02-12 06:22:51,100.0,98.59154929577466
2026-02-12 06:23:06,100.0,98.59154929577466
2026-02-12 06:23:21,100.0,98.59154929577466
2026-02-12 06:23:36,100.0,98.59154929577466
2026-02-12 06:23:51,100.0,98.59154929577466
2026-02-12 06:24:06,100.0,98.59154929577466
2026-02-12 06:24:21,100.0,98.59154929577466
2026-02-12 06:24:36,100.0,98.59154929577466
2026-02-12 06:24:51,100.0,98.59154929577466
2026-02-12 06:25:06,100.0,98.59154929577466
2026-02-12 06:25:21,100.0,98.59154929577466
2026-02-12 06:25:36,100.0,98.59154929577466
2026-02-12 06:25:51,100.0,98.59154929577466
2026-02-12 06:26:06,100.0,98.59154929577466
2026-02-12 06:26:21,100.0,98.59154929577466
2026-02-12 06:26:36,100.0,98.59154929577466
2026-02-12 06:26:51,100.0,98.59154929577466
2026-02-12 06:27:06,100.0,98.59154929577466
2026-02-12 06:27:21,100.0,98.59154929577466
2026-02-12 06:27:36,100.0,98.56459330143541
2026-02-12 06:27:51,100.0,98.56459330143541
2026-02-12 06:28:06,100.0,98.56459330143541
2026-02-12 06:28:21,100.0,98.56459330143541
2026-02-12 06:28:36,100.0,98.56459330143541
2026-02-12 06:28:51,100.0,98.56459330143541
2026-02-12 06:29:06,100.0,98.56459330143541
2026-02-12 06:29:21,100.0,98.56459330143541
2026-02-12 06:29:36,100.0,98.56459330143541
2026-02-12 06:29:51,100.0,98.56459330143541
2026-02-12 06:30:06,100.0,98.56459330143541
2026-02-12 06:30:21,100.0,98.56459330143541
2026-02-12 06:30:36,100.0,98.56459330143541
2026-02-12 06:30:51,100.0,98.56459330143541
2026-02-12 06:31:06,100.0,98.56459330143541
2026-02-12 06:31:21,100.0,98.56459330143541
2026-02-12 06:31:36,100.0,98.56459330143541
2026-02-12 06:31:51,100.0,98.56459330143541
2026-02-12 06:32:06,100.0,98.56459330143541
2026-02-12 06:32:21,100.0,98.56459330143541
2026-02-12 06:32:36,100.0,98.56459330143541
2026-02-12 06:32:51,100.0,98.53658536585365
2026-02-12 06:33:06,100.0,98.53658536585365
2026-02-12 06:33:21,100.0,98.53658536585365
2026-02-12 06:33:36,100.0,98.53658536585365
2026-02-12 06:33:51,100.0,98.53658536585365
2026-02-12 06:34:06,100.0,98.53658536585365
2026-02-12 06:34:21,100.0,98.53658536585365
2026-02-12 06:34:36,100.0,98.53658536585365
2026-02-12 06:34:51,100.0,98.53658536585365
2026-02-12 06:35:06,100.0,98.53658536585365
2026-02-12 06:35:21,100.0,98.53658536585365
2026-02-12 06:35:36,100.0,98.53658536585365
2026-02-12 06:35:51,100.0,98.53658536585365
2026-02-12 06:36:06,100.0,98.53658536585365
2026-02-12 06:36:21,100.0,98.53658536585365
2026-02-12 06:36:36,100.0,98.53658536585365
2026-02-12 06:36:51,100.0,98.53658536585365
2026-02-12 06:37:06,100.0,98.53658536585365
2026-02-12 06:37:21,100.0,98.53658536585365
2026-02-12 06:37:36,100.0,98.53658536585365
2026-02-12 06:37:51,100.0,98.50746268656717
2026-02-12 06:38:06,100.0,98.50746268656717
2026-02-12 06:38:21,100.0,98.50746268656717
2026-02-12 06:38:36,100.0,98.50746268656717
2026-02-12 06:38:51,100.0,98.50746268656717
2026-02-12 06:39:06,100.0,98.50746268656717
2026-02-12 06:39:21,100.0,98.50746268656717
2026-02-12 06:39:36,100.0,98.50746268656717
2026-02-12 06:39:51,100.0,98.50746268656717
2026-02-12 06:40:06,100.0,98.50746268656717
2026-02-12 06:40:21,100.0,98.50746268656717
2026-02-12 06:40:36,100.0,98.50746268656717
2026-02-12 06:40:51,100.0,98.50746268656717
2026-02-12 06:41:06,100.0,98.50746268656717
2026-02-12 06:41:21,100.0,98.50746268656717
2026-02-12 06:41:36,100.0,98.50746268656717
2026-02-12 06:41:51,100.0,98.50746268656717
2026-02-12 06:42:06,100.0,98.50746268656717
2026-02-12 06:42:21,100.0,98.50746268656717
2026-02-12 06:42:36,100.0,98.50746268656717
2026-02-12 06:42:51,100.0,98.50746268656717
2026-02-12 06:43:06,100.0,98.47715736040608
2026-02-12 06:43:21,100.0,98.47715736040608
2026-02-12 06:43:36,100.0,97.96954314720813
2026-02-12 06:43:51,100.0,97.46192893401016
2026-02-12 06:44:06,100.0,96.95431472081218
2026-02-12 06:44:21,100.0,96.44670050761421
2026-02-12 06:44:36,100.0,95.93908629441624
2026-02-12 06:44:51,100.0,95.43147208121827
2026-02-12 06:45:06,100.0,94.9238578680203
2026-02-12 06:45:21,100.0,94.41624365482234
2026-02-12 06:45:36,100.0,93.90862944162437
2026-02-12 06:45:51,87.5,93.4010152284264
2026-02-12 06:46:06,87.5,92.89340101522842
2026-02-12 06:46:21,87.5,92.38578680203045
2026-02-12 06:46:36,87.5,91.87817258883248
2026-02-12 06:46:51,87.5,91.37055837563452
2026-02-12 06:47:06,87.5,90.86294416243655
2026-02-12 06:47:21,87.5,90.35532994923858
2026-02-12 06:47:36,87.5,89.84771573604061
2026-02-12 06:47:51,87.5,89.34010152284264
2026-02-12 06:48:06,87.5,88.60103626943005
2026-02-12 06:48:21,87.5,88.08290155440415
2026-02-12 06:48:36,87.5,87.56476683937824
2026-02-12 06:48:51,87.5,87.04663212435233
2026-02-12 06:49:06,87.5,86.52849740932642
2026-02-12 06:49:21,87.5,86.01036269430051
2026-02-12 06:49:36,87.5,85.49222797927462
2026-02-12 06:49:51,87.5,84.97409326424871
2026-02-12 06:50:06,87.5,84.4559585492228
2026-02-12 06:50:21,87.5,83.93782383419689
2026-02-12 06:50:36,87.5,83.41968911917098
2026-02-12 06:50:51,87.5,82.90155440414507
2026-02-12 06:51:06,87.5,82.38341968911918
2026-02-12 06:51:21,87.5,82.38341968911918
2026-02-12 06:51:36,87.5,82.38341968911918
2026-02-12 06:51:51,87.5,82.38341968911918
2026-02-12 06:52:06,87.5,82.38341968911918
2026-02-12 06:52:21,87.5,82.38341968911918
2026-02-12 06:52:36,87.5,82.38341968911918
2026-02-12 06:52:51,87.5,82.38341968911918
2026-02-12 06:53:06,87.5,82.38341968911918
2026-02-12 06:53:21,87.5,81.48148148148148
2026-02-12 06:53:36,87.5,81.48148148148148
2026-02-12 06:53:51,87.5,81.48148148148148
2026-02-12 06:54:06,87.5,81.48148148148148
2026-02-12 06:54:21,87.5,81.48148148148148
2026-02-12 06:54:36,87.5,81.48148148148148
2026-02-12 06:54:51,87.5,81.48148148148148
2026-02-12 06:55:06,87.5,81.48148148148148
2026-02-12 06:55:21,87.5,80.95238095238095
2026-02-12 06:55:36,87.5,80.42328042328042
2026-02-12 06:55:51,87.5,79.8941798941799
2026-02-12 06:56:06,87.5,79.8941798941799
2026-02-12 06:56:21,87.5,80.42328042328042
2026-02-12 06:56:36,87.5,80.95238095238095
2026-02-12 06:56:51,87.5,80.95238095238095
2026-02-12 06:57:06,87.5,80.95238095238095
2026-02-12 06:57:21,87.5,80.95238095238095
2026-02-12 06:57:36,87.5,80.95238095238095
2026-02-12 06:57:51,87.5,80.95238095238095
2026-02-12 06:58:06,87.5,80.95238095238095
2026-02-12 06:58:21,87.5,80.54054054054053
2026-02-12 06:58:36,87.5,80.54054054054053
2026-02-12 06:58:51,87.5,80.54054054054053
2026-02-12 06:59:06,87.5,80.54054054054053
2026-02-12 06:59:21,87.5,80.54054054054053
2026-02-12 06:59:36,87.5,80.54054054054053
2026-02-12 06:59:51,87.5,80.54054054054053
2026-02-12 07:00:06,87.5,80.54054054054053
2026-02-12 07:00:21,87.5,80.54054054054053
2026-02-12 07:00:36,87.5,80.54054054054053
2026-02-12 07:00:51,87.5,80.54054054054053
2026-02-12 07:01:06,87.5,80.54054054054053
2026-02-12 07:01:21,87.5,80.54054054054053
2026-02-12 07:01:36,87.5,80.54054054054053
2026-02-12 07:01:51,87.5,80.54054054054053
2026-02-12 07:02:06,87.5,80.11049723756905
2026-02-12 07:02:21,87.5,80.11049723756905
2026-02-12 07:02:36,87.5,80.11049723756905
2026-02-12 07:02:51,87.5,80.11049723756905
2026-02-12 07:03:06,87.5,80.11049723756905
2026-02-12 07:03:21,87.5,80.11049723756905
2026-02-12 07:03:36,100.0,80.11049723756905
2026-02-12 07:03:51,100.0,80.11049723756905
2026-02-12 07:04:06,100.0,80.11049723756905
2026-02-12 07:04:21,100.0,80.11049723756905
2026-02-12 07:04:36,100.0,80.11049723756905
2026-02-12 07:04:51,100.0,80.11049723756905
2026-02-12 07:05:06,100.0,79.66101694915254
2026-02-12 07:05:21,100.0,79.66101694915254
2026-02-12 07:05:36,100.0,79.66101694915254
2026-02-12 07:05:51,100.0,79.66101694915254
2026-02-12 07:06:06,100.0,79.66101694915254
2026-02-12 07:06:21,100.0,79.66101694915254
2026-02-12 07:06:36,100.0,79.66101694915254
2026-02-12 07:06:51,100.0,79.66101694915254
2026-02-12 07:07:06,100.0,79.66101694915254
2026-02-12 07:07:21,100.0,79.66101694915254
2026-02-12 07:07:36,100.0,79.66101694915254
2026-02-12 07:07:51,100.0,79.1907514450867
2026-02-12 07:08:06,100.0,79.1907514450867
2026-02-12 07:08:21,100.0,79.1907514450867
2026-02-12 07:08:36,100.0,79.1907514450867
2026-02-12 07:08:51,100.0,79.1907514450867
2026-02-12 07:09:06,100.0,79.1907514450867
2026-02-12 07:09:21,100.0,79.1907514450867
2026-02-12 07:09:36,100.0,79.1907514450867
2026-02-12 07:09:51,100.0,79.1907514450867
2026-02-12 07:10:06,100.0,79.1907514450867
2026-02-12 07:10:21,100.0,79.1907514450867
2026-02-12 07:10:36,100.0,79.1907514450867
2026-02-12 07:10:51,100.0,78.69822485207101
2026-02-12 07:11:06,100.0,78.69822485207101
2026-02-12 07:11:21,100.0,78.69822485207101
2026-02-12 07:11:36,100.0,78.69822485207101
2026-02-12 07:11:51,100.0,78.69822485207101
2026-02-12 07:12:06,100.0,78.69822485207101
2026-02-12 07:12:21,100.0,78.69822485207101
2026-02-12 07:12:36,100.0,78.69822485207101
2026-02-12 07:12:51,100.0,78.69822485207101
2026-02-12 07:13:06,100.0,78.69822485207101
2026-02-12 07:13:21,100.0,78.69822485207101
2026-02-12 07:13:36,100.0,78.69822485207101
2026-02-12 07:13:51,100.0,78.18181818181819
2026-02-12 07:14:06,100.0,78.18181818181819
2026-02-12 07:14:21,100.0,78.18181818181819
2026-02-12 07:14:36,100.0,78.18181818181819
2026-02-12 07:14:51,100.0,78.18181818181819
2026-02-12 07:15:06,100.0,78.18181818181819
2026-02-12 07:15:21,100.0,78.18181818181819
2026-02-12 07:15:36,100.0,78.18181818181819
2026-02-12 07:15:51,100.0,78.18181818181819
2026-02-12 07:16:06,100.0,78.18181818181819
2026-02-12 07:16:21,100.0,78.18181818181819
2026-02-12 07:16:36,100.0,78.18181818181819
2026-02-12 07:16:51,100.0,77.63975155279503
2026-02-12 07:17:06,100.0,77.63975155279503
2026-02-12 07:17:21,100.0,77.63975155279503
2026-02-12 07:17:36,100.0,77.63975155279503
2026-02-12 07:17:51,100.0,77.63975155279503
2026-02-12 07:18:06,100.0,77.63975155279503
2026-02-12 07:18:21,100.0,77.63975155279503
2026-02-12 07:18:36,100.0,77.63975155279503
2026-02-12 07:18:51,100.0,77.63975155279503
2026-02-12 07:19:06,100.0,77.63975155279503
2026-02-12 07:19:21,100.0,77.63975155279503
2026-02-12 07:19:36,100.0,77.07006369426752
2026-02-12 07:19:51,100.0,77.07006369426752
2026-02-12 07:20:06,100.0,77.07006369426752
2026-02-12 07:20:21,100.0,77.07006369426752
2026-02-12 07:20:36,100.0,77.07006369426752
2026-02-12 07:20:51,100.0,77.07006369426752
2026-02-12 07:21:06,100.0,77.07006369426752
2026-02-12 07:21:21,100.0,77.07006369426752
2026-02-12 07:21:36,100.0,77.07006369426752
2026-02-12 07:21:51,100.0,77.07006369426752
2026-02-12 07:22:06,100.0,77.07006369426752
2026-02-12 07:22:21,100.0,77.07006369426752
2026-02-12 07:22:36,100.0,79.08496732026144
2026-02-12 07:22:51,100.0,79.73856209150327
2026-02-12 07:23:06,100.0,80.3921568627451
2026-02-12 07:23:21,100.0,81.04575163398692
2026-02-12 07:23:36,100.0,81.69934640522875
2026-02-12 07:23:51,100.0,82.35294117647058
2026-02-12 07:24:06,100.0,83.00653594771242
2026-02-12 07:24:21,100.0,83.66013071895425
2026-02-12 07:24:36,100.0,84.31372549019608
2026-02-12 07:24:51,100.0,84.9673202614379
2026-02-12 07:25:06,100.0,85.62091503267973
2026-02-12 07:25:21,100.0,86.27450980392157
2026-02-12 07:25:36,100.0,89.26174496644296
2026-02-12 07:25:51,100.0,89.93288590604027
2026-02-12 07:26:06,100.0,90.60402684563759
2026-02-12 07:26:21,100.0,91.2751677852349
2026-02-12 07:26:36,100.0,91.94630872483222
2026-02-12 07:26:51,100.0,92.61744966442953
2026-02-12 07:27:06,100.0,93.28859060402685
2026-02-12 07:27:21,100.0,93.95973154362416
2026-02-12 07:27:36,100.0,94.63087248322147
2026-02-12 07:27:51,100.0,95.30201342281879
2026-02-12 07:28:06,100.0,95.9731543624161
2026-02-12 07:28:21,100.0,96.64429530201343
2026-02-12 07:28:36,100.0,96.55172413793103
2026-02-12 07:28:51,100.0,96.55172413793103
2026-02-12 07:29:06,100.0,96.55172413793103
2026-02-12 07:29:21,100.0,96.55172413793103
2026-02-12 07:29:36,100.0,97.24137931034483
2026-02-12 07:29:51,100.0,97.24137931034483
2026-02-12 07:30:06,100.0,97.24137931034483
2026-02-12 07:30:21,100.0,97.24137931034483
2026-02-12 07:30:36,100.0,97.24137931034483
2026-02-12 07:30:51,100.0,96.55172413793103
2026-02-12 07:31:06,100.0,95.86206896551724
2026-02-12 07:31:21,100.0,97.87234042553192
2026-02-12 07:31:36,100.0,97.16312056737588
2026-02-12 07:31:51,100.0,96.45390070921985
2026-02-12 07:32:06,100.0,95.74468085106383
2026-02-12 07:32:21,100.0,95.74468085106383
2026-02-12 07:32:36,100.0,95.0354609929078
2026-02-12 07:32:51,100.0,94.32624113475178
2026-02-12 07:33:06,100.0,93.61702127659575
2026-02-12 07:33:21,100.0,92.90780141843972
2026-02-12 07:33:36,100.0,92.19858156028369
2026-02-12 07:33:51,100.0,91.48936170212765
2026-02-12 07:34:06,100.0,91.48936170212765
2026-02-12 07:34:21,100.0,91.24087591240875
2026-02-12 07:34:36,100.0,91.24087591240875
2026-02-12 07:34:51,100.0,91.24087591240875
2026-02-12 07:35:06,100.0,91.24087591240875
2026-02-12 07:35:21,100.0,91.24087591240875
2026-02-12 07:35:36,100.0,91.24087591240875
2026-02-12 07:35:51,100.0,91.24087591240875
2026-02-12 07:36:06,100.0,91.24087591240875
2026-02-12 07:36:21,100.0,91.24087591240875
2026-02-12 07:36:36,100.0,91.24087591240875
2026-02-12 07:36:51,100.0,91.24087591240875
2026-02-12 07:37:06,100.0,91.24087591240875
2026-02-12 07:37:21,100.0,90.97744360902256
2026-02-12 07:37:36,100.0,90.97744360902256
2026-02-12 07:37:51,100.0,90.97744360902256
2026-02-12 07:38:06,100.0,90.97744360902256
2026-02-12 07:38:21,100.0,90.97744360902256
2026-02-12 07:38:36,100.0,90.97744360902256
2026-02-12 07:38:51,100.0,90.97744360902256
2026-02-12 07:39:06,100.0,90.97744360902256
2026-02-12 07:39:21,100.0,90.97744360902256
2026-02-12 07:39:36,100.0,90.97744360902256
2026-02-12 07:39:51,100.0,90.97744360902256
2026-02-12 07:40:06,100.0,90.97744360902256
2026-02-12 07:40:21,100.0,90.69767441860465
2026-02-12 07:40:36,100.0,90.69767441860465
2026-02-12 07:40:51,100.0,90.69767441860465
2026-02-12 07:41:06,100.0,90.69767441860465
2026-02-12 07:41:21,100.0,90.69767441860465
2026-02-12 07:41:36,100.0,90.69767441860465
2026-02-12 07:41:51,100.0,90.69767441860465
2026-02-12 07:42:06,100.0,90.69767441860465
2026-02-12 07:42:21,100.0,90.69767441860465
2026-02-12 07:42:36,100.0,90.69767441860465
2026-02-12 07:42:51,100.0,90.69767441860465
2026-02-12 07:43:06,100.0,90.4
2026-02-12 07:43:21,100.0,90.4
2026-02-12 07:43:36,100.0,90.4
2026-02-12 07:43:51,100.0,90.4
2026-02-12 07:44:06,100.0,90.4
2026-02-12 07:44:21,100.0,90.4
2026-02-12 07:44:36,100.0,90.4
2026-02-12 07:44:51,100.0,90.4
2026-02-12 07:45:06,100.0,90.4
2026-02-12 07:45:21,100.0,90.4
2026-02-12 07:45:36,100.0,90.4
2026-02-12 07:45:51,100.0,90.4
2026-02-12 07:46:06,100.0,90.08264462809917
2026-02-12 07:46:21,100.0,90.08264462809917
2026-02-12 07:46:36,100.0,90.08264462809917
2026-02-12 07:46:51,100.0,90.08264462809917
2026-02-12 07:47:06,100.0,90.08264462809917
2026-02-12 07:47:21,100.0,90.08264462809917
2026-02-12 07:47:36,100.0,90.08264462809917
2026-02-12 07:47:51,100.0,90.08264462809917
2026-02-12 07:48:06,100.0,90.08264462809917
2026-02-12 07:48:21,100.0,90.08264462809917
2026-02-12 07:48:36,100.0,90.08264462809917
2026-02-12 07:48:51,100.0,90.08264462809917
2026-02-12 07:49:06,100.0,89.74358974358975
2026-02-12 07:49:21,100.0,89.74358974358975
2026-02-12 07:49:36,100.0,89.74358974358975
2026-02-12 07:49:51,100.0,89.74358974358975
2026-02-12 07:50:06,100.0,89.74358974358975
2026-02-12 07:50:21,100.0,89.74358974358975
2026-02-12 07:50:36,100.0,89.74358974358975
2026-02-12 07:50:51,100.0,89.74358974358975
2026-02-12 07:51:06,100.0,89.74358974358975
2026-02-12 07:51:21,100.0,89.74358974358975
2026-02-12 07:51:36,100.0,89.74358974358975
2026-02-12 07:51:51,100.0,89.74358974358975
2026-02-12 07:52:06,100.0,89.38053097345133
2026-02-12 07:52:21,100.0,89.38053097345133
2026-02-12 07:52:36,100.0,89.38053097345133
2026-02-12 07:52:51,100.0,89.38053097345133
2026-02-12 07:53:06,100.0,89.38053097345133
2026-02-12 07:53:21,100.0,89.38053097345133
2026-02-12 07:53:36,100.0,89.38053097345133
2026-02-12 07:53:51,100.0,89.38053097345133
2026-02-12 07:54:06,100.0,89.38053097345133
2026-02-12 07:54:21,100.0,89.38053097345133
2026-02-12 07:54:36,100.0,89.38053097345133
2026-02-12 07:54:51,100.0,88.9908256880734
2026-02-12 07:55:06,100.0,88.9908256880734
2026-02-12 07:55:21,100.0,88.9908256880734
2026-02-12 07:55:36,100.0,88.9908256880734
2026-02-12 07:55:51,100.0,88.9908256880734
2026-02-12 07:56:06,100.0,88.9908256880734
2026-02-12 07:56:21,100.0,88.9908256880734
2026-02-12 07:56:36,100.0,88.9908256880734
2026-02-12 07:56:51,100.0,88.9908256880734
2026-02-12 07:57:06,100.0,88.9908256880734
2026-02-12 07:57:21,100.0,88.9908256880734
2026-02-12 07:57:36,100.0,88.9908256880734
2026-02-12 07:57:51,100.0,92.38095238095238
2026-02-12 07:58:06,100.0,93.33333333333333
2026-02-12 07:58:21,100.0,94.28571428571428
2026-02-12 07:58:36,100.0,94.28571428571428
2026-02-12 07:58:51,100.0,95.23809523809523
2026-02-12 07:59:06,100.0,96.19047619047619
2026-02-12 07:59:21,100.0,97.14285714285714
2026-02-12 07:59:36,100.0,98.09523809523809
2026-02-12 07:59:51,100.0,99.04761904761905
2026-02-12 08:00:06,100.0,100.0
2026-02-12 08:00:21,100.0,100.0
2026-02-12 08:00:36,100.0,100.0
2026-02-12 08:00:51,100.0,100.0
2026-02-12 08:01:06,100.0,100.0
2026-02-12 08:01:21,100.0,100.0
2026-02-12 08:01:36,100.0,100.0
2026-02-12 08:01:51,100.0,100.0
2026-02-12 08:02:06,100.0,100.0
2026-02-12 08:02:21,100.0,100.0
2026-02-12 08:02:36,100.0,100.0
2026-02-12 08:02:51,100.0,100.0
2026-02-12 08:03:06,100.0,100.0
2026-02-12 08:03:21,100.0,100.0
2026-02-12 08:03:36,100.0,100.0
2026-02-12 08:03:51,100.0,100.0
2026-02-12 08:04:06,100.0,100.0
2026-02-12 08:04:21,100.0,100.0
2026-02-12 08:04:36,100.0,100.0
2026-02-12 08:04:51,100.0,100.0
2026-02-12 08:05:06,100.0,100.0
2026-02-12 08:05:21,100.0,100.0
2026-02-12 08:05:36,100.0,100.0
2026-02-12 08:05:51,100.0,100.0
2026-02-12 08:06:06,100.0,100.0
2026-02-12 08:06:21,100.0,100.0
2026-02-12 08:06:36,100.0,100.0
2026-02-12 08:06:51,100.0,100.0
2026-02-12 08:07:06,100.0,100.0
2026-02-12 08:07:21,100.0,100.0
2026-02-12 08:07:36,100.0,100.0
2026-02-12 08:07:51,100.0,100.0
2026-02-12 08:08:06,100.0,100.0
2026-02-12 08:08:21,100.0,100.0
2026-02-12 08:08:36,100.0,100.0
2026-02-12 08:08:51,100.0,100.0
2026-02-12 08:09:06,100.0,100.0
2026-02-12 08:09:21,100.0,100.0
2026-02-12 08:09:36,100.0,100.0
2026-02-12 08:09:51,100.0,100.0
2026-02-12 08:10:06,100.0,100.0
2026-02-12 08:10:21,100.0,100.0
2026-02-12 08:10:36,100.0,100.0
2026-02-12 08:10:51,100.0,100.0
2026-02-12 08:11:06,100.0,100.0
2026-02-12 08:11:21,100.0,100.0
2026-02-12 08:11:36,100.0,100.0
2026-02-12 08:11:51,100.0,100.0
2026-02-12 08:12:06,100.0,100.0
2026-02-12 08:12:21,100.0,100.0
2026-02-12 08:12:36,100.0,100.0
2026-02-12 08:12:51,100.0,100.0
2026-02-12 08:13:06,100.0,100.0
2026-02-12 08:13:21,100.0,100.0
2026-02-12 08:13:36,100.0,100.0
2026-02-12 08:13:51,100.0,100.0
2026-02-12 08:14:06,100.0,100.0
2026-02-12 08:14:21,100.0,100.0
2026-02-12 08:14:36,100.0,100.0
2026-02-12 08:14:51,100.0,100.0
2026-02-12 08:15:06,100.0,100.0
2026-02-12 08:15:21,100.0,100.0
2026-02-12 08:15:36,100.0,100.0
2026-02-12 08:15:51,100.0,100.0
2026-02-12 08:16:06,100.0,100.0
2026-02-12 08:16:21,100.0,100.0
2026-02-12 08:16:36,100.0,100.0
2026-02-12 08:16:51,100.0,100.0
2026-02-12 08:17:06,100.0,100.0
2026-02-12 08:17:21,100.0,100.0
2026-02-12 08:17:36,100.0,100.0
2026-02-12 08:17:51,100.0,100.0
2026-02-12 08:18:06,100.0,100.0
2026-02-12 08:18:21,100.0,100.0
2026-02-12 08:18:36,100.0,100.0
2026-02-12 08:18:51,100.0,100.0
2026-02-12 08:19:06,100.0,100.0
2026-02-12 08:19:21,100.0,100.0
2026-02-12 08:19:36,100.0,100.0
2026-02-12 08:19:51,100.0,100.0
2026-02-12 08:20:06,100.0,100.0
2026-02-12 08:20:21,100.0,100.0
2026-02-12 08:20:36,100.0,100.0
2026-02-12 08:20:51,100.0,100.0
2026-02-12 08:21:06,100.0,100.0
2026-02-12 08:21:21,100.0,100.0
2026-02-12 08:21:36,100.0,100.0
2026-02-12 08:21:51,100.0,100.0
2026-02-12 08:22:06,100.0,100.0
2026-02-12 08:22:21,100.0,100.0
2026-02-12 08:22:36,100.0,100.0
2026-02-12 08:22:51,100.0,100.0
2026-02-12 08:23:06,100.0,100.0
2026-02-12 08:23:21,100.0,100.0
2026-02-12 08:23:36,100.0,100.0
2026-02-12 08:23:51,100.0,100.0
2026-02-12 08:24:06,100.0,100.0
2026-02-12 08:24:21,100.0,100.0
2026-02-12 08:24:36,100.0,100.0
2026-02-12 08:24:51,100.0,100.0
2026-02-12 08:25:06,100.0,100.0
2026-02-12 08:25:21,100.0,100.0
2026-02-12 08:25:36,100.0,100.0
2026-02-12 08:25:51,100.0,100.0
2026-02-12 08:26:06,100.0,100.0
2026-02-12 08:26:21,100.0,100.0
2026-02-12 08:26:36,100.0,100.0
2026-02-12 08:26:51,100.0,100.0
2026-02-12 08:27:06,100.0,100.0
2026-02-12 08:27:21,100.0,100.0
2026-02-12 08:27:36,100.0,100.0
2026-02-12 08:27:51,100.0,100.0
2026-02-12 08:28:06,100.0,100.0
2026-02-12 08:28:21,100.0,100.0
2026-02-12 08:28:36,100.0,100.0
2026-02-12 08:28:51,100.0,100.0
2026-02-12 08:29:06,100.0,100.0
2026-02-12 08:29:21,100.0,100.0
2026-02-12 08:29:36,100.0,100.0
2026-02-12 08:29:51,100.0,100.0
2026-02-12 08:30:06,100.0,100.0
2026-02-12 08:30:21,100.0,100.0
2026-02-12 08:30:36,100.0,100.0
2026-02-12 08:30:51,100.0,100.0
2026-02-12 08:31:06,100.0,100.0
2026-02-12 08:31:21,100.0,100.0
2026-02-12 08:31:36,100.0,100.0
2026-02-12 08:31:51,100.0,100.0
2026-02-12 08:32:06,100.0,100.0
2026-02-12 08:32:21,100.0,100.0
2026-02-12 08:32:36,100.0,100.0
2026-02-12 08:32:51,100.0,100.0
2026-02-12 08:33:06,100.0,100.0
2026-02-12 08:33:21,100.0,100.0
2026-02-12 08:33:36,100.0,100.0
2026-02-12 08:33:51,100.0,100.0
2026-02-12 08:34:06,100.0,100.0
2026-02-12 08:34:21,100.0,100.0
2026-02-12 08:34:36,100.0,100.0
2026-02-12 08:34:51,100.0,100.0
2026-02-12 08:35:06,100.0,100.0
2026-02-12 08:35:21,100.0,100.0
2026-02-12 08:35:36,100.0,100.0
2026-02-12 08:35:51,100.0,100.0
2026-02-12 08:36:06,100.0,100.0
2026-02-12 08:36:21,100.0,100.0
2026-02-12 08:36:36,100.0,100.0
2026-02-12 08:36:51,100.0,100.0
2026-02-12 08:37:06,100.0,100.0
2026-02-12 08:37:21,100.0,100.0
2026-02-12 08:37:36,100.0,100.0
2026-02-12 08:37:51,100.0,100.0
2026-02-12 08:38:06,100.0,100.0
2026-02-12 08:38:21,100.0,100.0
2026-02-12 08:38:36,100.0,100.0
2026-02-12 08:38:51,100.0,100.0
2026-02-12 08:39:06,100.0,100.0
2026-02-12 08:39:21,100.0,100.0
2026-02-12 08:39:36,100.0,100.0
2026-02-12 08:39:51,100.0,100.0
2026-02-12 08:40:06,100.0,100.0
2026-02-12 08:40:21,100.0,100.0
2026-02-12 08:40:36,100.0,100.0
2026-02-12 08:40:51,100.0,100.0
2026-02-12 08:41:06,100.0,100.0
2026-02-12 08:41:21,100.0,100.0
2026-02-12 08:41:36,100.0,100.0
2026-02-12 08:41:51,100.0,100.0
2026-02-12 08:42:06,100.0,100.0
2026-02-12 08:42:21,100.0,100.0
2026-02-12 08:42:36,100.0,100.0
2026-02-12 08:42:51,100.0,100.0
2026-02-12 08:43:06,100.0,100.0
2026-02-12 08:43:21,100.0,100.0
2026-02-12 08:43:36,100.0,100.0
2026-02-12 08:43:51,100.0,100.0
2026-02-12 08:44:06,100.0,100.0
2026-02-12 08:44:21,100.0,100.0
2026-02-12 08:44:36,100.0,100.0
2026-02-12 08:44:51,100.0,100.0
2026-02-12 08:45:06,100.0,100.0
2026-02-12 08:45:21,100.0,100.0
2026-02-12 08:45:36,100.0,100.0
2026-02-12 08:45:51,100.0,100.0
2026-02-12 08:46:06,100.0,100.0
2026-02-12 08:46:21,100.0,100.0
2026-02-12 08:46:36,100.0,100.0
2026-02-12 08:46:51,100.0,100.0
2026-02-12 08:47:06,100.0,100.0
2026-02-12 08:47:21,100.0,100.0
2026-02-12 08:47:36,100.0,100.0
2026-02-12 08:47:51,100.0,100.0
2026-02-12 08:48:06,100.0,100.0
2026-02-12 08:48:21,100.0,100.0
2026-02-12 08:48:36,100.0,100.0
2026-02-12 08:48:51,100.0,100.0
2026-02-12 08:49:06,100.0,100.0
2026-02-12 08:49:21,100.0,100.0
2026-02-12 08:49:36,100.0,100.0
2026-02-12 08:49:51,100.0,100.0
2026-02-12 08:50:06,100.0,100.0
2026-02-12 08:50:21,100.0,100.0
2026-02-12 08:50:36,100.0,100.0
2026-02-12 08:50:51,100.0,100.0
2026-02-12 08:51:06,100.0,100.0
2026-02-12 08:51:21,100.0,100.0
2026-02-12 08:51:36,100.0,100.0
2026-02-12 08:51:51,100.0,100.0
2026-02-12 08:52:06,100.0,100.0
2026-02-12 08:52:21,100.0,100.0
2026-02-12 08:52:36,100.0,100.0
2026-02-12 08:52:51,100.0,100.0
2026-02-12 08:53:06,100.0,100.0
2026-02-12 08:53:21,100.0,100.0
2026-02-12 08:53:36,100.0,100.0
2026-02-12 08:53:51,100.0,100.0
2026-02-12 08:54:06,100.0,100.0
2026-02-12 08:54:21,100.0,100.0
2026-02-12 08:54:36,100.0,100.0
2026-02-12 08:54:51,100.0,100.0
2026-02-12 08:55:06,100.0,100.0
2026-02-12 08:55:21,100.0,100.0
2026-02-12 08:55:36,100.0,100.0
2026-02-12 08:55:51,100.0,100.0
2026-02-12 08:56:06,100.0,100.0
2026-02-12 08:56:21,100.0,100.0
2026-02-12 08:56:36,100.0,100.0
2026-02-12 08:56:51,100.0,100.0
2026-02-12 08:57:06,100.0,100.0
2026-02-12 08:57:21,100.0,100.0
2026-02-12 08:57:36,100.0,100.0
2026-02-12 08:57:51,100.0,100.0
2026-02-12 08:58:06,100.0,100.0
2026-02-12 08:58:21,100.0,100.0
2026-02-12 08:58:36,100.0,100.0
2026-02-12 08:58:51,100.0,100.0
2026-02-12 08:59:06,100.0,100.0
2026-02-12 08:59:21,100.0,100.0
2026-02-12 08:59:36,100.0,100.0
2026-02-12 08:59:51,100.0,100.0
2026-02-12 09:00:06,100.0,100.0
2026-02-12 09:00:21,100.0,100.0
2026-02-12 09:00:36,100.0,100.0
2026-02-12 09:00:51,100.0,100.0
2026-02-12 09:01:06,100.0,100.0
2026-02-12 09:01:21,100.0,100.0
2026-02-12 09:01:36,100.0,100.0
2026-02-12 09:01:51,100.0,100.0
2026-02-12 09:02:06,100.0,100.0
2026-02-12 09:02:21,100.0,100.0
2026-02-12 09:02:36,100.0,100.0
2026-02-12 09:02:51,100.0,100.0
2026-02-12 09:03:06,100.0,100.0
2026-02-12 09:03:21,100.0,100.0
2026-02-12 09:03:36,100.0,100.0
2026-02-12 09:03:51,100.0,100.0
2026-02-12 09:04:06,100.0,100.0
2026-02-12 09:04:21,100.0,100.0
2026-02-12 09:04:36,100.0,100.0
2026-02-12 09:04:51,100.0,100.0
2026-02-12 09:05:06,100.0,100.0
2026-02-12 09:05:21,100.0,100.0
2026-02-12 09:05:36,100.0,100.0
2026-02-12 09:05:51,100.0,100.0
2026-02-12 09:06:06,100.0,100.0
2026-02-12 09:06:21,100.0,100.0
2026-02-12 09:06:36,100.0,100.0
2026-02-12 09:06:51,100.0,100.0
2026-02-12 09:07:06,100.0,100.0
2026-02-12 09:07:21,100.0,100.0
2026-02-12 09:07:36,100.0,100.0
2026-02-12 09:07:51,100.0,100.0
2026-02-12 09:08:06,100.0,100.0
2026-02-12 09:08:21,100.0,100.0
2026-02-12 09:08:36,100.0,100.0
2026-02-12 09:08:51,100.0,100.0
2026-02-12 09:09:06,100.0,100.0
2026-02-12 09:09:21,100.0,100.0
2026-02-12 09:09:36,100.0,100.0
2026-02-12 09:09:51,100.0,100.0
2026-02-12 09:10:06,100.0,100.0
2026-02-12 09:10:21,100.0,100.0
2026-02-12 09:10:36,100.0,100.0
2026-02-12 09:10:51,100.0,100.0
2026-02-12 09:11:06,100.0,100.0
2026-02-12 09:11:21,100.0,100.0
2026-02-12 09:11:36,100.0,100.0
2026-02-12 09:11:51,100.0,100.0
2026-02-12 09:12:06,100.0,100.0
2026-02-12 09:12:21,100.0,100.0
2026-02-12 09:12:36,100.0,100.0
2026-02-12 09:12:51,100.0,100.0
2026-02-12 09:13:06,100.0,100.0
2026-02-12 09:13:21,100.0,100.0
2026-02-12 09:13:36,100.0,100.0
2026-02-12 09:13:51,100.0,100.0
2026-02-12 09:14:06,100.0,100.0
2026-02-12 09:14:21,100.0,100.0
2026-02-12 09:14:36,100.0,100.0
2026-02-12 09:14:51,100.0,100.0
2026-02-12 09:15:06,100.0,100.0
2026-02-12 09:15:21,100.0,100.0
2026-02-12 09:15:36,100.0,100.0
2026-02-12 09:15:51,100.0,100.0
2026-02-12 09:16:06,100.0,100.0
2026-02-12 09:16:21,100.0,100.0
2026-02-12 09:16:36,100.0,100.0
2026-02-12 09:16:51,100.0,100.0
2026-02-12 09:17:06,100.0,100.0
2026-02-12 09:17:21,100.0,100.0
2026-02-12 09:17:36,100.0,100.0
2026-02-12 09:17:51,100.0,100.0
2026-02-12 09:18:06,100.0,100.0
2026-02-12 09:18:21,100.0,100.0
2026-02-12 09:18:36,100.0,100.0
2026-02-12 09:18:51,100.0,100.0
2026-02-12 09:19:06,100.0,100.0
2026-02-12 09:19:21,100.0,100.0
2026-02-12 09:19:36,100.0,100.0
2026-02-12 09:19:51,100.0,100.0
2026-02-12 09:20:06,100.0,100.0
2026-02-12 09:20:21,100.0,100.0
2026-02-12 09:20:36,100.0,100.0
2026-02-12 09:20:51,100.0,100.0
2026-02-12 09:21:06,100.0,100.0
2026-02-12 09:21:21,100.0,100.0
2026-02-12 09:21:36,100.0,100.0
2026-02-12 09:21:51,100.0,100.0
2026-02-12 09:22:06,100.0,100.0
2026-02-12 09:22:21,100.0,100.0
2026-02-12 09:22:36,100.0,100.0
2026-02-12 09:22:51,100.0,100.0
2026-02-12 09:23:06,100.0,100.0
2026-02-12 09:23:21,100.0,100.0
2026-02-12 09:23:36,100.0,100.0
2026-02-12 09:23:51,100.0,100.0
2026-02-12 09:24:06,100.0,100.0
2026-02-12 09:24:21,100.0,100.0
2026-02-12 09:24:36,100.0,100.0
2026-02-12 09:24:51,100.0,100.0
2026-02-12 09:25:06,100.0,100.0
2026-02-12 09:25:21,100.0,100.0
2026-02-12 09:25:36,100.0,100.0
2026-02-12 09:25:51,100.0,100.0
2026-02-12 09:26:06,100.0,100.0
2026-02-12 09:26:21,100.0,100.0
2026-02-12 09:26:36,100.0,100.0
2026-02-12 09:26:51,100.0,100.0
2026-02-12 09:27:06,100.0,100.0
2026-02-12 09:27:21,100.0,100.0
2026-02-12 09:27:36,100.0,100.0
2026-02-12 09:27:51,100.0,100.0
2026-02-12 09:28:06,100.0,100.0
2026-02-12 09:28:21,100.0,100.0
2026-02-12 09:28:36,100.0,100.0
2026-02-12 09:28:51,100.0,100.0
2026-02-12 09:29:06,100.0,100.0
2026-02-12 09:29:21,100.0,100.0
2026-02-12 09:29:36,100.0,100.0
2026-02-12 09:29:51,100.0,100.0
2026-02-12 09:30:06,100.0,100.0
2026-02-12 09:30:21,100.0,100.0
2026-02-12 09:30:36,100.0,100.0
2026-02-12 09:30:51,100.0,100.0
2026-02-12 09:31:06,100.0,100.0
2026-02-12 09:31:21,100.0,100.0
2026-02-12 09:31:36,100.0,100.0
2026-02-12 09:31:51,100.0,100.0
2026-02-12 09:32:06,100.0,100.0
2026-02-12 09:32:21,100.0,100.0
2026-02-12 09:32:36,100.0,100.0
2026-02-12 09:32:51,100.0,100.0
2026-02-12 09:33:06,100.0,100.0
2026-02-12 09:33:21,100.0,100.0
2026-02-12 09:33:36,100.0,100.0
2026-02-12 09:33:51,100.0,100.0
2026-02-12 09:34:06,100.0,100.0
2026-02-12 09:34:21,100.0,100.0
2026-02-12 09:34:36,100.0,100.0
2026-02-12 09:34:51,100.0,100.0
2026-02-12 09:35:06,100.0,100.0
2026-02-12 09:35:21,100.0,100.0
2026-02-12 09:35:36,100.0,100.0
2026-02-12 09:35:51,100.0,100.0
2026-02-12 09:36:06,100.0,100.0
2026-02-12 09:36:21,100.0,100.0
2026-02-12 09:36:36,100.0,100.0
2026-02-12 09:36:51,100.0,100.0
2026-02-12 09:37:06,100.0,100.0
2026-02-12 09:37:21,100.0,100.0
2026-02-12 09:37:36,100.0,100.0
2026-02-12 09:37:51,100.0,100.0
2026-02-12 09:38:06,100.0,100.0
2026-02-12 09:38:21,100.0,100.0
2026-02-12 09:38:36,100.0,100.0
2026-02-12 09:38:51,100.0,100.0
2026-02-12 09:39:06,100.0,100.0
2026-02-12 09:39:21,100.0,100.0
2026-02-12 09:39:36,100.0,100.0
2026-02-12 09:39:51,100.0,100.0
2026-02-12 09:40:06,100.0,100.0
2026-02-12 09:40:21,100.0,100.0
2026-02-12 09:40:36,100.0,100.0
2026-02-12 09:40:51,100.0,100.0
2026-02-12 09:41:06,100.0,100.0
2026-02-12 09:41:21,100.0,100.0
2026-02-12 09:41:36,100.0,100.0
2026-02-12 09:41:51,100.0,100.0
2026-02-12 09:42:06,100.0,100.0
2026-02-12 09:42:21,100.0,100.0
2026-02-12 09:42:36,100.0,100.0
2026-02-12 09:42:51,100.0,100.0
2026-02-12 09:43:06,100.0,100.0
2026-02-12 09:43:21,100.0,100.0
2026-02-12 09:43:36,100.0,100.0
2026-02-12 09:43:51,100.0,100.0
2026-02-12 09:44:06,100.0,100.0
2026-02-12 09:44:21,100.0,100.0
2026-02-12 09:44:36,100.0,100.0
2026-02-12 09:44:51,100.0,100.0
2026-02-12 09:45:06,100.0,100.0
2026-02-12 09:45:21,100.0,100.0
2026-02-12 09:45:36,100.0,100.0
2026-02-12 09:45:51,100.0,100.0
2026-02-12 09:46:06,100.0,100.0
2026-02-12 09:46:21,100.0,100.0
2026-02-12 09:46:36,100.0,100.0
2026-02-12 09:46:51,100.0,100.0
2026-02-12 09:47:06,100.0,100.0
2026-02-12 09:47:21,100.0,100.0
2026-02-12 09:47:36,100.0,100.0
2026-02-12 09:47:51,100.0,100.0
2026-02-12 09:48:06,100.0,100.0
2026-02-12 09:48:21,100.0,100.0
2026-02-12 09:48:36,100.0,100.0
2026-02-12 09:48:51,100.0,100.0
2026-02-12 09:49:06,100.0,100.0
2026-02-12 09:49:21,100.0,100.0
2026-02-12 09:49:36,100.0,100.0
2026-02-12 09:49:51,100.0,100.0
2026-02-12 09:50:06,100.0,100.0
2026-02-12 09:50:21,100.0,100.0
2026-02-12 09:50:36,100.0,100.0
2026-02-12 09:50:51,100.0,100.0
2026-02-12 09:51:06,100.0,100.0
2026-02-12 09:51:21,100.0,100.0
2026-02-12 09:51:36,100.0,100.0
2026-02-12 09:51:51,100.0,100.0
2026-02-12 09:52:06,100.0,100.0
2026-02-12 09:52:21,100.0,100.0
2026-02-12 09:52:36,100.0,100.0
2026-02-12 09:52:51,100.0,100.0
2026-02-12 09:53:06,100.0,100.0
2026-02-12 09:53:21,100.0,100.0
2026-02-12 09:53:36,100.0,100.0
2026-02-12 09:53:51,100.0,100.0
2026-02-12 09:54:06,100.0,100.0
2026-02-12 09:54:21,100.0,100.0
2026-02-12 09:54:36,100.0,100.0
2026-02-12 09:54:51,100.0,100.0
2026-02-12 09:55:06,100.0,100.0
2026-02-12 09:55:21,100.0,100.0
2026-02-12 09:55:36,100.0,100.0
2026-02-12 09:55:51,100.0,100.0
2026-02-12 09:56:06,100.0,100.0
2026-02-12 09:56:21,100.0,100.0
2026-02-12 09:56:36,100.0,100.0
2026-02-12 09:56:51,100.0,100.0
2026-02-12 09:57:06,100.0,100.0
2026-02-12 09:57:21,100.0,100.0
2026-02-12 09:57:36,100.0,100.0
2026-02-12 09:57:51,100.0,100.0
2026-02-12 09:58:06,100.0,100.0
2026-02-12 09:58:21,100.0,100.0
2026-02-12 09:58:36,100.0,100.0
2026-02-12 09:58:51,100.0,100.0
2026-02-12 09:59:06,100.0,100.0
2026-02-12 09:59:21,100.0,100.0
2026-02-12 09:59:36,100.0,100.0
2026-02-12 09:59:51,100.0,100.0
2026-02-12 10:00:06,100.0,100.0
2026-02-12 10:00:21,100.0,100.0
2026-02-12 10:00:36,100.0,100.0
2026-02-12 10:00:51,100.0,100.0
2026-02-12 10:01:06,100.0,100.0
2026-02-12 10:01:21,100.0,100.0
2026-02-12 10:01:36,100.0,100.0
2026-02-12 10:01:51,100.0,100.0
2026-02-12 10:02:06,100.0,100.0
2026-02-12 10:02:21,100.0,100.0
2026-02-12 10:02:36,100.0,100.0
2026-02-12 10:02:51,100.0,100.0
2026-02-12 10:03:06,100.0,100.0
2026-02-12 10:03:21,100.0,100.0
2026-02-12 10:03:36,100.0,100.0
2026-02-12 10:03:51,100.0,100.0
2026-02-12 10:04:06,100.0,100.0
2026-02-12 10:04:21,100.0,100.0
2026-02-12 10:04:36,100.0,100.0
2026-02-12 10:04:51,100.0,100.0
2026-02-12 10:05:06,100.0,100.0
2026-02-12 10:05:21,100.0,100.0
2026-02-12 10:05:36,100.0,100.0
2026-02-12 10:05:51,100.0,100.0
2026-02-12 10:06:06,100.0,100.0
2026-02-12 10:06:21,100.0,100.0
2026-02-12 10:06:36,100.0,100.0
2026-02-12 10:06:51,100.0,100.0
2026-02-12 10:07:06,100.0,100.0
2026-02-12 10:07:21,100.0,100.0
2026-02-12 10:07:36,100.0,100.0
2026-02-12 10:07:51,100.0,100.0
2026-02-12 10:08:06,100.0,100.0
2026-02-12 10:08:21,100.0,100.0
2026-02-12 10:08:36,100.0,100.0
2026-02-12 10:08:51,100.0,100.0
2026-02-12 10:09:06,100.0,100.0
2026-02-12 10:09:21,100.0,100.0
2026-02-12 10:09:36,100.0,100.0
2026-02-12 10:09:51,100.0,100.0
2026-02-12 10:10:06,100.0,100.0
2026-02-12 10:10:21,100.0,100.0
2026-02-12 10:10:36,100.0,100.0
2026-02-12 10:10:51,100.0,100.0
2026-02-12 10:11:06,100.0,100.0
2026-02-12 10:11:21,100.0,100.0
2026-02-12 10:11:36,100.0,100.0
2026-02-12 10:11:51,100.0,100.0
2026-02-12 10:12:06,100.0,100.0
2026-02-12 10:12:21,100.0,100.0
2026-02-12 10:12:36,100.0,100.0
2026-02-12 10:12:51,100.0,100.0
2026-02-12 10:13:06,100.0,100.0
2026-02-12 10:13:21,100.0,100.0
2026-02-12 10:13:36,100.0,100.0
2026-02-12 10:13:51,100.0,100.0
2026-02-12 10:14:06,100.0,100.0
2026-02-12 10:14:21,100.0,100.0
2026-02-12 10:14:36,100.0,100.0
2026-02-12 10:14:51,100.0,100.0
2026-02-12 10:15:06,100.0,100.0
2026-02-12 10:15:21,100.0,100.0
2026-02-12 10:15:36,100.0,100.0
2026-02-12 10:15:51,100.0,100.0
2026-02-12 10:16:06,100.0,100.0
2026-02-12 10:16:21,100.0,100.0
2026-02-12 10:16:36,100.0,100.0
2026-02-12 10:16:51,100.0,100.0
2026-02-12 10:17:06,100.0,100.0
2026-02-12 10:17:21,100.0,100.0
2026-02-12 10:17:36,100.0,100.0
2026-02-12 10:17:51,100.0,100.0
2026-02-12 10:18:06,100.0,100.0
2026-02-12 10:18:21,100.0,100.0
2026-02-12 10:18:36,100.0,100.0
2026-02-12 10:18:51,100.0,100.0
2026-02-12 10:19:06,100.0,100.0
2026-02-12 10:19:21,100.0,100.0
2026-02-12 10:19:36,100.0,100.0
2026-02-12 10:19:51,100.0,100.0
2026-02-12 10:20:06,100.0,100.0
2026-02-12 10:20:21,100.0,100.0
2026-02-12 10:20:36,100.0,100.0
2026-02-12 10:20:51,100.0,100.0
2026-02-12 10:21:06,100.0,100.0
2026-02-12 10:21:21,100.0,100.0
2026-02-12 10:21:36,100.0,100.0
2026-02-12 10:21:51,100.0,100.0
2026-02-12 10:22:06,100.0,100.0
2026-02-12 10:22:21,100.0,100.0
2026-02-12 10:22:36,100.0,100.0
2026-02-12 10:22:51,100.0,100.0
2026-02-12 10:23:06,100.0,100.0
2026-02-12 10:23:21,100.0,100.0
2026-02-12 10:23:36,100.0,100.0
2026-02-12 10:23:51,100.0,100.0
2026-02-12 10:24:06,100.0,100.0
2026-02-12 10:24:21,100.0,100.0
2026-02-12 10:24:36,100.0,100.0
2026-02-12 10:24:51,100.0,100.0
2026-02-12 10:25:06,100.0,100.0
2026-02-12 10:25:21,100.0,100.0
2026-02-12 10:25:36,100.0,100.0
2026-02-12 10:25:51,100.0,100.0
2026-02-12 10:26:06,100.0,100.0
2026-02-12 10:26:21,100.0,100.0
2026-02-12 10:26:36,100.0,100.0
2026-02-12 10:26:51,100.0,100.0
2026-02-12 10:27:06,100.0,100.0
2026-02-12 10:27:21,100.0,100.0
2026-02-12 10:27:36,100.0,100.0
2026-02-12 10:27:51,100.0,98.7012987012987
2026-02-12 10:28:06,100.0,98.7012987012987
2026-02-12 10:28:21,100.0,97.40259740259741
2026-02-12 10:28:36,100.0,96.1038961038961
2026-02-12 10:28:51,100.0,94.8051948051948
2026-02-12 10:29:06,100.0,93.5064935064935
2026-02-12 10:29:21,100.0,93.5064935064935
2026-02-12 10:29:36,100.0,93.5064935064935
2026-02-12 10:29:51,100.0,92.20779220779221
2026-02-12 10:30:06,100.0,90.9090909090909
2026-02-12 10:30:21,100.0,89.6103896103896
2026-02-12 10:30:36,100.0,88.31168831168831
2026-02-12 10:30:51,100.0,87.01298701298701
2026-02-12 10:31:06,100.0,85.71428571428571
2026-02-12 10:31:21,100.0,84.4155844155844
2026-02-12 10:31:36,100.0,83.11688311688312
2026-02-12 10:31:51,100.0,82.71604938271605
2026-02-12 10:32:06,100.0,81.48148148148148
2026-02-12 10:32:21,100.0,80.24691358024691
2026-02-12 10:32:36,100.0,79.01234567901234
2026-02-12 10:32:51,100.0,77.77777777777779
2026-02-12 10:33:06,100.0,76.5432098765432
2026-02-12 10:33:21,100.0,75.30864197530865
2026-02-12 10:33:36,100.0,74.07407407407408
2026-02-12 10:33:51,100.0,72.8395061728395
2026-02-12 10:34:06,100.0,71.60493827160494
2026-02-12 10:34:21,100.0,70.37037037037037
2026-02-12 10:34:36,100.0,69.1358024691358
2026-02-12 10:34:51,100.0,67.90123456790124
2026-02-12 10:35:06,100.0,66.66666666666666
2026-02-12 10:35:21,100.0,66.66666666666666
2026-02-12 10:35:36,100.0,66.66666666666666
2026-02-12 10:35:51,100.0,66.66666666666666
2026-02-12 10:36:06,100.0,66.66666666666666
2026-02-12 10:36:21,100.0,66.66666666666666
2026-02-12 10:36:36,100.0,66.66666666666666
2026-02-12 10:36:51,100.0,66.66666666666666
2026-02-12 10:37:06,100.0,66.66666666666666
2026-02-12 10:37:21,100.0,66.66666666666666
2026-02-12 10:37:36,100.0,66.66666666666666
2026-02-12 10:37:51,100.0,66.66666666666666
2026-02-12 10:38:06,100.0,66.66666666666666
2026-02-12 10:38:21,100.0,66.66666666666666
2026-02-12 10:38:36,100.0,66.66666666666666
2026-02-12 10:38:51,100.0,66.66666666666666
2026-02-12 10:39:06,100.0,66.66666666666666
2026-02-12 10:39:21,100.0,66.66666666666666
2026-02-12 10:39:36,100.0,66.66666666666666
2026-02-12 10:39:51,100.0,66.66666666666666
2026-02-12 10:40:06,100.0,66.66666666666666
2026-02-12 10:40:21,100.0,66.66666666666666
2026-02-12 10:40:36,100.0,66.66666666666666
2026-02-12 10:40:51,100.0,66.66666666666666
2026-02-12 10:41:06,100.0,66.66666666666666
2026-02-12 10:41:21,100.0,66.66666666666666
2026-02-12 10:41:36,100.0,66.66666666666666
2026-02-12 10:41:51,100.0,66.66666666666666
2026-02-12 10:42:06,100.0,66.66666666666666
2026-02-12 10:42:21,100.0,66.66666666666666
2026-02-12 10:42:36,100.0,66.66666666666666
2026-02-12 10:42:51,100.0,66.66666666666666
2026-02-12 10:43:06,100.0,66.66666666666666
2026-02-12 10:43:21,100.0,66.66666666666666
2026-02-12 10:43:36,100.0,66.66666666666666
2026-02-12 10:43:51,100.0,66.66666666666666
2026-02-12 10:44:06,100.0,66.66666666666666
2026-02-12 10:44:21,100.0,66.66666666666666
2026-02-12 10:44:36,100.0,66.66666666666666
2026-02-12 10:44:51,100.0,66.66666666666666
2026-02-12 10:45:06,100.0,66.66666666666666
2026-02-12 10:45:21,100.0,66.66666666666666
2026-02-12 10:45:36,100.0,66.66666666666666
2026-02-12 10:45:51,100.0,66.66666666666666
2026-02-12 10:46:06,100.0,66.66666666666666
2026-02-12 10:46:21,100.0,66.66666666666666
2026-02-12 10:46:36,100.0,66.66666666666666
2026-02-12 10:46:51,100.0,66.66666666666666
2026-02-12 10:47:06,100.0,66.66666666666666
2026-02-12 10:47:21,100.0,66.66666666666666
2026-02-12 10:47:36,100.0,66.66666666666666
2026-02-12 10:47:51,100.0,66.66666666666666
2026-02-12 10:48:06,100.0,67.90123456790124
2026-02-12 10:48:21,100.0,67.90123456790124
2026-02-12 10:48:36,100.0,69.1358024691358
2026-02-12 10:48:51,100.0,70.37037037037037
2026-02-12 10:49:06,100.0,71.60493827160494
2026-02-12 10:49:21,100.0,72.8395061728395
2026-02-12 10:49:36,100.0,72.8395061728395
2026-02-12 10:49:51,100.0,72.8395061728395
2026-02-12 10:50:06,100.0,74.07407407407408
2026-02-12 10:50:21,100.0,75.30864197530865
2026-02-12 10:50:36,100.0,76.5432098765432
2026-02-12 10:50:51,100.0,77.77777777777779
2026-02-12 10:51:06,100.0,79.01234567901234
2026-02-12 10:51:21,100.0,80.24691358024691
2026-02-12 10:51:36,100.0,81.48148148148148
2026-02-12 10:51:51,100.0,82.71604938271605
2026-02-12 10:52:06,100.0,83.9506172839506
2026-02-12 10:52:21,100.0,85.18518518518519
2026-02-12 10:52:36,100.0,86.41975308641975
2026-02-12 10:52:51,100.0,87.65432098765432
2026-02-12 10:53:06,100.0,88.88888888888889
2026-02-12 10:53:21,100.0,90.12345679012346
2026-02-12 10:53:36,100.0,91.35802469135803
2026-02-12 10:53:51,100.0,92.5925925925926
2026-02-12 10:54:06,100.0,93.82716049382715
2026-02-12 10:54:21,100.0,95.06172839506173
2026-02-12 10:54:36,100.0,96.29629629629629
2026-02-12 10:54:51,100.0,97.53086419753086
2026-02-12 10:55:06,100.0,98.76543209876543
2026-02-12 10:55:21,100.0,100.0
2026-02-12 10:55:36,100.0,100.0
2026-02-12 10:55:51,100.0,100.0
2026-02-12 10:56:06,100.0,100.0
2026-02-12 10:56:21,100.0,100.0
2026-02-12 10:56:36,100.0,100.0
2026-02-12 10:56:51,100.0,100.0
2026-02-12 10:57:06,100.0,100.0
2026-02-12 10:57:21,100.0,100.0
2026-02-12 10:57:36,100.0,100.0
2026-02-12 10:57:51,100.0,100.0
2026-02-12 10:58:06,100.0,100.0
2026-02-12 10:58:21,100.0,100.0
2026-02-12 10:58:36,100.0,100.0
2026-02-12 10:58:51,100.0,100.0
2026-02-12 10:59:06,100.0,100.0
2026-02-12 10:59:21,100.0,100.0
2026-02-12 10:59:36,100.0,100.0
2026-02-12 10:59:51,100.0,100.0
2026-02-12 11:00:06,100.0,100.0
2026-02-12 11:00:21,100.0,100.0
2026-02-12 11:00:36,100.0,100.0
2026-02-12 11:00:51,100.0,100.0
2026-02-12 11:01:06,100.0,100.0
2026-02-12 11:01:21,100.0,100.0
2026-02-12 11:01:36,100.0,100.0
2026-02-12 11:01:51,100.0,100.0
2026-02-12 11:02:06,100.0,100.0
2026-02-12 11:02:21,100.0,100.0
2026-02-12 11:02:36,100.0,100.0
2026-02-12 11:02:51,100.0,100.0
2026-02-12 11:03:06,100.0,100.0
2026-02-12 11:03:21,100.0,100.0
2026-02-12 11:03:36,100.0,100.0
2026-02-12 11:03:51,100.0,100.0
2026-02-12 11:04:06,100.0,100.0
2026-02-12 11:04:21,100.0,100.0
2026-02-12 11:04:36,100.0,100.0
2026-02-12 11:04:51,100.0,100.0
2026-02-12 11:05:06,100.0,100.0
2026-02-12 11:05:21,100.0,100.0
2026-02-12 11:05:36,100.0,100.0
2026-02-12 11:05:51,100.0,100.0
2026-02-12 11:06:06,100.0,100.0
2026-02-12 11:06:21,100.0,100.0
2026-02-12 11:06:36,100.0,100.0
2026-02-12 11:06:51,100.0,100.0
2026-02-12 11:07:06,100.0,100.0
2026-02-12 11:07:21,100.0,100.0
2026-02-12 11:07:36,100.0,100.0
2026-02-12 11:07:51,100.0,100.0
2026-02-12 11:08:06,100.0,100.0
2026-02-12 11:08:21,100.0,100.0
2026-02-12 11:08:36,100.0,100.0
2026-02-12 11:08:51,100.0,100.0
2026-02-12 11:09:06,100.0,100.0
2026-02-12 11:09:21,100.0,100.0
2026-02-12 11:09:36,100.0,100.0
2026-02-12 11:09:51,100.0,100.0
2026-02-12 11:10:06,100.0,100.0
2026-02-12 11:10:21,100.0,100.0
2026-02-12 11:10:36,100.0,100.0
2026-02-12 11:10:51,100.0,100.0
2026-02-12 11:11:06,100.0,100.0
2026-02-12 11:11:21,100.0,100.0
2026-02-12 11:11:36,100.0,100.0
2026-02-12 11:11:51,100.0,100.0
2026-02-12 11:12:06,100.0,100.0
2026-02-12 11:12:21,100.0,100.0
2026-02-12 11:12:36,100.0,100.0
2026-02-12 11:12:51,100.0,100.0
2026-02-12 11:13:06,100.0,100.0
2026-02-12 11:13:21,100.0,100.0
2026-02-12 11:13:36,100.0,100.0
2026-02-12 11:13:51,100.0,100.0
2026-02-12 11:14:06,100.0,100.0
2026-02-12 11:14:21,100.0,100.0
2026-02-12 11:14:36,100.0,100.0
2026-02-12 11:14:51,100.0,100.0
2026-02-12 11:15:06,100.0,100.0
2026-02-12 11:15:21,100.0,100.0
2026-02-12 11:15:36,100.0,100.0
2026-02-12 11:15:51,100.0,100.0
2026-02-12 11:16:06,100.0,100.0
2026-02-12 11:16:21,100.0,100.0
2026-02-12 11:16:36,100.0,100.0
2026-02-12 11:16:51,100.0,100.0
2026-02-12 11:17:06,100.0,100.0
2026-02-12 11:17:21,100.0,100.0
2026-02-12 11:17:36,100.0,100.0
2026-02-12 11:17:51,100.0,100.0
2026-02-12 11:18:06,100.0,100.0
2026-02-12 11:18:21,100.0,100.0
2026-02-12 11:18:36,100.0,100.0
2026-02-12 11:18:51,100.0,100.0
2026-02-12 11:19:06,100.0,100.0
2026-02-12 11:19:21,100.0,100.0
2026-02-12 11:19:36,100.0,100.0
2026-02-12 11:19:51,100.0,100.0
2026-02-12 11:20:06,100.0,100.0
2026-02-12 11:20:21,100.0,100.0
2026-02-12 11:20:36,100.0,100.0
2026-02-12 11:20:51,100.0,100.0
2026-02-12 11:21:06,100.0,100.0
2026-02-12 11:21:21,100.0,100.0
2026-02-12 11:21:36,100.0,100.0
2026-02-12 11:21:51,100.0,100.0
2026-02-12 11:22:06,100.0,100.0
2026-02-12 11:22:21,100.0,100.0
2026-02-12 11:22:36,100.0,100.0
2026-02-12 11:22:51,100.0,100.0
2026-02-12 11:23:06,100.0,100.0
2026-02-12 11:23:21,100.0,100.0
2026-02-12 11:23:36,100.0,100.0
2026-02-12 11:23:51,100.0,100.0
2026-02-12 11:24:06,100.0,100.0
2026-02-12 11:24:21,100.0,100.0
2026-02-12 11:24:36,100.0,100.0
2026-02-12 11:24:51,100.0,100.0
2026-02-12 11:25:06,100.0,100.0
2026-02-12 11:25:21,100.0,100.0
2026-02-12 11:25:36,100.0,100.0
2026-02-12 11:25:51,100.0,100.0
2026-02-12 11:26:06,100.0,100.0
2026-02-12 11:26:21,100.0,100.0
2026-02-12 11:26:36,100.0,100.0
2026-02-12 11:26:51,100.0,100.0
2026-02-12 11:27:06,100.0,100.0
2026-02-12 11:27:21,100.0,100.0
2026-02-12 11:27:36,100.0,100.0
2026-02-12 11:27:51,100.0,100.0
2026-02-12 11:28:06,100.0,100.0
2026-02-12 11:28:21,100.0,100.0
2026-02-12 11:28:36,100.0,100.0
2026-02-12 11:28:51,100.0,100.0
2026-02-12 11:29:06,100.0,100.0
2026-02-12 11:29:21,100.0,100.0
2026-02-12 11:29:36,100.0,100.0
2026-02-12 11:29:51,100.0,100.0
2026-02-12 11:30:06,100.0,100.0
2026-02-12 11:30:21,100.0,100.0
2026-02-12 11:30:36,100.0,100.0
2026-02-12 11:30:51,100.0,100.0
2026-02-12 11:31:06,100.0,100.0
2026-02-12 11:31:21,100.0,100.0
2026-02-12 11:31:36,100.0,100.0
2026-02-12 11:31:51,100.0,100.0
2026-02-12 11:32:06,100.0,100.0
2026-02-12 11:32:21,100.0,100.0
2026-02-12 11:32:36,100.0,100.0
2026-02-12 11:32:51,100.0,100.0
2026-02-12 11:33:06,100.0,100.0
2026-02-12 11:33:21,100.0,100.0
2026-02-12 11:33:36,100.0,100.0
2026-02-12 11:33:51,100.0,100.0
2026-02-12 11:34:06,100.0,100.0
2026-02-12 11:34:21,100.0,100.0
2026-02-12 11:34:36,100.0,100.0
2026-02-12 11:34:51,100.0,100.0
2026-02-12 11:35:06,100.0,100.0
2026-02-12 11:35:21,100.0,100.0
2026-02-12 11:35:36,100.0,100.0
2026-02-12 11:35:51,100.0,100.0
2026-02-12 11:36:06,100.0,100.0
2026-02-12 11:36:21,100.0,100.0
2026-02-12 11:36:36,100.0,100.0
2026-02-12 11:36:51,100.0,100.0
2026-02-12 11:37:06,100.0,100.0
2026-02-12 11:37:21,100.0,100.0
2026-02-12 11:37:36,100.0,100.0
2026-02-12 11:37:51,100.0,100.0
2026-02-12 11:38:06,100.0,100.0
2026-02-12 11:38:21,100.0,100.0
2026-02-12 11:38:36,100.0,100.0
2026-02-12 11:38:51,100.0,100.0
2026-02-12 11:39:06,100.0,100.0
2026-02-12 11:39:21,100.0,100.0
2026-02-12 11:39:36,100.0,100.0
2026-02-12 11:39:51,100.0,100.0
2026-02-12 11:40:06,100.0,100.0
2026-02-12 11:40:21,100.0,100.0
2026-02-12 11:40:36,100.0,100.0
2026-02-12 11:40:51,100.0,100.0
2026-02-12 11:41:06,100.0,100.0
2026-02-12 11:41:21,100.0,100.0
2026-02-12 11:41:36,100.0,100.0
2026-02-12 11:41:51,100.0,100.0
2026-02-12 11:42:06,100.0,100.0
2026-02-12 11:42:21,100.0,100.0
2026-02-12 11:42:36,100.0,100.0
2026-02-12 11:42:51,100.0,100.0
2026-02-12 11:43:06,100.0,100.0
2026-02-12 11:43:21,100.0,100.0
2026-02-12 11:43:36,100.0,100.0
2026-02-12 11:43:51,100.0,100.0
2026-02-12 11:44:06,100.0,100.0
2026-02-12 11:44:21,100.0,100.0
2026-02-12 11:44:36,100.0,100.0
2026-02-12 11:44:51,100.0,100.0
2026-02-12 11:45:06,100.0,100.0
2026-02-12 11:45:21,100.0,100.0
2026-02-12 11:45:36,100.0,100.0
2026-02-12 11:45:51,100.0,100.0
2026-02-12 11:46:06,100.0,100.0
2026-02-12 11:46:21,100.0,100.0
2026-02-12 11:46:36,100.0,100.0
2026-02-12 11:46:51,100.0,100.0
2026-02-12 11:47:06,100.0,100.0
2026-02-12 11:47:21,100.0,100.0
2026-02-12 11:47:36,100.0,100.0
2026-02-12 11:47:51,100.0,100.0
2026-02-12 11:48:06,100.0,100.0
2026-02-12 11:48:21,100.0,100.0
2026-02-12 11:48:36,100.0,100.0
2026-02-12 11:48:51,100.0,100.0
2026-02-12 11:49:06,100.0,100.0
2026-02-12 11:49:21,100.0,100.0
2026-02-12 11:49:36,100.0,100.0
2026-02-12 11:49:51,100.0,100.0
2026-02-12 11:50:06,100.0,100.0
2026-02-12 11:50:21,100.0,100.0
2026-02-12 11:50:36,100.0,100.0
2026-02-12 11:50:51,100.0,100.0
2026-02-12 11:51:06,100.0,100.0
2026-02-12 11:51:21,100.0,100.0
2026-02-12 11:51:36,100.0,100.0
2026-02-12 11:51:51,100.0,100.0
2026-02-12 11:52:06,100.0,100.0
2026-02-12 11:52:21,100.0,100.0
2026-02-12 11:52:36,100.0,100.0
2026-02-12 11:52:51,100.0,100.0
2026-02-12 11:53:06,100.0,100.0
2026-02-12 11:53:21,100.0,100.0
2026-02-12 11:53:36,100.0,100.0
2026-02-12 11:53:51,100.0,100.0
2026-02-12 11:54:06,100.0,100.0
2026-02-12 11:54:21,100.0,100.0
2026-02-12 11:54:36,100.0,100.0
2026-02-12 11:54:51,100.0,100.0
2026-02-12 11:55:06,100.0,100.0
2026-02-12 11:55:21,100.0,100.0
2026-02-12 11:55:36,100.0,100.0
2026-02-12 11:55:51,100.0,100.0
2026-02-12 11:56:06,100.0,100.0
2026-02-12 11:56:21,100.0,100.0
2026-02-12 11:56:36,100.0,100.0
2026-02-12 11:56:51,100.0,100.0
2026-02-12 11:57:06,100.0,100.0
2026-02-12 11:57:21,100.0,100.0
2026-02-12 11:57:36,100.0,100.0
2026-02-12 11:57:51,100.0,100.0
2026-02-12 11:58:06,100.0,100.0
2026-02-12 11:58:21,100.0,100.0
2026-02-12 11:58:36,100.0,100.0
2026-02-12 11:58:51,100.0,100.0
2026-02-12 11:59:06,100.0,100.0
2026-02-12 11:59:21,100.0,100.0
2026-02-12 11:59:36,100.0,100.0
2026-02-12 11:59:51,100.0,100.0
2026-02-12 12:00:06,100.0,100.0
2026-02-12 12:00:21,100.0,100.0
2026-02-12 12:00:36,100.0,100.0
2026-02-12 12:00:51,100.0,100.0
2026-02-12 12:01:06,100.0,100.0
2026-02-12 12:01:21,100.0,100.0
2026-02-12 12:01:36,100.0,100.0
2026-02-12 12:01:51,100.0,100.0
2026-02-12 12:02:06,100.0,100.0
2026-02-12 12:02:21,100.0,100.0
2026-02-12 12:02:36,100.0,100.0
2026-02-12 12:02:51,100.0,100.0
2026-02-12 12:03:06,100.0,100.0
2026-02-12 12:03:21,100.0,100.0
2026-02-12 12:03:36,100.0,100.0
2026-02-12 12:03:51,100.0,100.0
2026-02-12 12:04:06,100.0,100.0
2026-02-12 12:04:21,100.0,100.0
2026-02-12 12:04:36,100.0,100.0
2026-02-12 12:04:51,100.0,100.0
2026-02-12 12:05:06,100.0,100.0
2026-02-12 12:05:21,100.0,100.0
2026-02-12 12:05:36,100.0,100.0
2026-02-12 12:05:51,100.0,100.0
2026-02-12 12:06:06,100.0,100.0
2026-02-12 12:06:21,100.0,100.0
2026-02-12 12:06:36,100.0,100.0
2026-02-12 12:06:51,100.0,100.0
2026-02-12 12:07:06,100.0,100.0
2026-02-12 12:07:21,100.0,100.0
2026-02-12 12:07:36,100.0,100.0
2026-02-12 12:07:51,100.0,100.0
2026-02-12 12:08:06,100.0,100.0
2026-02-12 12:08:21,100.0,100.0
2026-02-12 12:08:36,100.0,100.0
2026-02-12 12:08:51,100.0,100.0
2026-02-12 12:09:06,100.0,100.0
2026-02-12 12:09:21,100.0,100.0
2026-02-12 12:09:36,100.0,100.0
2026-02-12 12:09:51,100.0,100.0
2026-02-12 12:10:06,100.0,100.0
2026-02-12 12:10:21,100.0,100.0
2026-02-12 12:10:36,100.0,100.0
2026-02-12 12:10:51,100.0,100.0
2026-02-12 12:11:06,100.0,100.0
2026-02-12 12:11:21,100.0,100.0
2026-02-12 12:11:36,100.0,100.0
2026-02-12 12:11:51,100.0,100.0
2026-02-12 12:12:06,100.0,100.0
2026-02-12 12:12:21,100.0,100.0
2026-02-12 12:12:36,100.0,100.0
2026-02-12 12:12:51,100.0,100.0
2026-02-12 12:13:06,100.0,100.0
2026-02-12 12:13:21,100.0,100.0
2026-02-12 12:13:36,100.0,100.0
2026-02-12 12:13:51,100.0,100.0
2026-02-12 12:14:06,100.0,100.0
2026-02-12 12:14:21,100.0,100.0
2026-02-12 12:14:36,100.0,100.0
2026-02-12 12:14:51,100.0,100.0
2026-02-12 12:15:06,100.0,100.0
2026-02-12 12:15:21,100.0,100.0
2026-02-12 12:15:36,100.0,100.0
2026-02-12 12:15:51,100.0,100.0
2026-02-12 12:16:06,100.0,100.0
2026-02-12 12:16:21,100.0,100.0
2026-02-12 12:16:36,100.0,100.0
2026-02-12 12:16:51,100.0,100.0
2026-02-12 12:17:06,100.0,100.0
2026-02-12 12:17:21,100.0,100.0
2026-02-12 12:17:36,100.0,100.0
2026-02-12 12:17:51,100.0,100.0
2026-02-12 12:18:06,100.0,100.0
2026-02-12 12:18:21,100.0,100.0
2026-02-12 12:18:36,87.5,100.0
2026-02-12 12:18:51,87.5,100.0
2026-02-12 12:19:06,87.5,100.0
2026-02-12 12:19:21,87.5,100.0
2026-02-12 12:19:36,87.5,100.0
2026-02-12 12:19:51,87.5,100.0
2026-02-12 12:20:06,87.5,100.0
2026-02-12 12:20:21,87.5,100.0
2026-02-12 12:20:36,87.5,100.0
2026-02-12 12:20:51,87.5,100.0
2026-02-12 12:21:06,87.5,100.0
2026-02-12 12:21:21,100.0,100.0
2026-02-12 12:21:36,100.0,100.0
2026-02-12 12:21:51,100.0,100.0
2026-02-12 12:22:06,100.0,100.0
2026-02-12 12:22:21,100.0,100.0
2026-02-12 12:22:36,100.0,100.0
2026-02-12 12:22:51,100.0,100.0
2026-02-12 12:23:06,100.0,100.0
2026-02-12 12:23:21,100.0,100.0
2026-02-12 12:23:36,100.0,100.0
2026-02-12 12:23:51,100.0,100.0
2026-02-12 12:24:06,100.0,100.0
2026-02-12 12:24:21,100.0,100.0
2026-02-12 12:24:36,100.0,100.0
2026-02-12 12:24:51,100.0,100.0
2026-02-12 12:25:06,100.0,100.0
2026-02-12 12:25:21,100.0,100.0
2026-02-12 12:25:36,100.0,100.0
2026-02-12 12:25:51,100.0,100.0
2026-02-12 12:26:06,100.0,100.0
2026-02-12 12:26:21,100.0,100.0
2026-02-12 12:26:36,100.0,100.0
2026-02-12 12:26:51,100.0,100.0
2026-02-12 12:27:06,100.0,100.0
2026-02-12 12:27:21,100.0,100.0
2026-02-12 12:27:36,100.0,100.0
2026-02-12 12:27:51,100.0,100.0
2026-02-12 12:28:06,100.0,100.0
2026-02-12 12:28:21,100.0,100.0
2026-02-12 12:28:36,100.0,100.0
2026-02-12 12:28:51,100.0,100.0
2026-02-12 12:29:06,100.0,100.0
2026-02-12 12:29:21,100.0,100.0
2026-02-12 12:29:36,100.0,100.0
2026-02-12 12:29:51,100.0,100.0
2026-02-12 12:30:06,100.0,100.0
2026-02-12 12:30:21,100.0,100.0
2026-02-12 12:30:36,100.0,100.0
2026-02-12 12:30:51,100.0,100.0
2026-02-12 12:31:06,100.0,100.0
2026-02-12 12:31:21,100.0,100.0
2026-02-12 12:31:36,100.0,100.0
2026-02-12 12:31:51,100.0,100.0
2026-02-12 12:32:06,100.0,100.0
2026-02-12 12:32:21,100.0,100.0
2026-02-12 12:32:36,100.0,100.0
2026-02-12 12:32:51,100.0,100.0
2026-02-12 12:33:06,100.0,100.0
2026-02-12 12:33:21,100.0,100.0
2026-02-12 12:33:36,100.0,100.0
2026-02-12 12:33:51,100.0,100.0
2026-02-12 12:34:06,100.0,100.0
2026-02-12 12:34:21,100.0,100.0
2026-02-12 12:34:36,100.0,100.0
2026-02-12 12:34:51,100.0,100.0
2026-02-12 12:35:06,100.0,100.0
2026-02-12 12:35:21,100.0,100.0
2026-02-12 12:35:36,100.0,100.0
2026-02-12 12:35:51,100.0,100.0
2026-02-12 12:36:06,100.0,100.0
2026-02-12 12:36:21,100.0,100.0
2026-02-12 12:36:36,100.0,100.0
2026-02-12 12:36:51,100.0,100.0
2026-02-12 12:37:06,100.0,100.0
2026-02-12 12:37:21,100.0,100.0
2026-02-12 12:37:36,100.0,100.0
2026-02-12 12:37:51,100.0,100.0
2026-02-12 12:38:06,100.0,100.0
2026-02-12 12:38:21,100.0,100.0
2026-02-12 12:38:36,100.0,100.0
2026-02-12 12:38:51,100.0,100.0
2026-02-12 12:39:06,100.0,100.0
2026-02-12 12:39:21,100.0,100.0
2026-02-12 12:39:36,100.0,100.0
2026-02-12 12:39:51,100.0,100.0
2026-02-12 12:40:06,100.0,100.0
2026-02-12 12:40:21,100.0,100.0
2026-02-12 12:40:36,100.0,100.0
2026-02-12 12:40:51,100.0,100.0
2026-02-12 12:41:06,100.0,100.0
2026-02-12 12:41:21,100.0,100.0
2026-02-12 12:41:36,100.0,100.0
2026-02-12 12:41:51,100.0,100.0
2026-02-12 12:42:06,100.0,100.0
2026-02-12 12:42:21,100.0,100.0
2026-02-12 12:42:36,100.0,100.0
2026-02-12 12:42:51,100.0,100.0
2026-02-12 12:43:06,100.0,100.0
2026-02-12 12:43:21,100.0,100.0
2026-02-12 12:43:36,100.0,100.0
2026-02-12 12:43:51,100.0,100.0
2026-02-12 12:44:06,100.0,100.0
2026-02-12 12:44:21,100.0,100.0
2026-02-12 12:44:36,100.0,100.0
2026-02-12 12:44:51,100.0,100.0
2026-02-12 12:45:06,100.0,100.0
2026-02-12 12:45:21,100.0,100.0
2026-02-12 12:45:36,100.0,100.0
2026-02-12 12:45:51,100.0,100.0
2026-02-12 12:46:06,100.0,100.0
2026-02-12 12:46:21,100.0,100.0
2026-02-12 12:46:36,100.0,100.0
2026-02-12 12:46:51,100.0,100.0
2026-02-12 12:47:06,100.0,100.0
2026-02-12 12:47:21,100.0,100.0
2026-02-12 12:47:36,100.0,100.0
2026-02-12 12:47:51,100.0,100.0
2026-02-12 12:48:06,100.0,100.0
2026-02-12 12:48:21,100.0,100.0
2026-02-12 12:48:36,100.0,100.0
2026-02-12 12:48:51,100.0,100.0
2026-02-12 12:49:06,100.0,100.0
2026-02-12 12:49:21,100.0,100.0
2026-02-12 12:49:36,100.0,100.0
2026-02-12 12:49:51,100.0,100.0
2026-02-12 12:50:06,100.0,100.0
2026-02-12 12:50:21,100.0,100.0
2026-02-12 12:50:36,100.0,100.0
2026-02-12 12:50:51,100.0,100.0
2026-02-12 12:51:06,100.0,100.0
2026-02-12 12:51:21,100.0,100.0
2026-02-12 12:51:36,100.0,100.0
2026-02-12 12:51:51,100.0,100.0
2026-02-12 12:52:06,100.0,100.0
2026-02-12 12:52:21,100.0,100.0
2026-02-12 12:52:36,100.0,100.0
2026-02-12 12:52:51,100.0,100.0
2026-02-12 12:53:06,100.0,100.0
2026-02-12 12:53:21,100.0,100.0
2026-02-12 12:53:36,100.0,100.0
2026-02-12 12:53:51,100.0,100.0
2026-02-12 12:54:06,100.0,100.0
2026-02-12 12:54:21,100.0,100.0
2026-02-12 12:54:36,100.0,100.0
2026-02-12 12:54:51,100.0,100.0
2026-02-12 12:55:06,100.0,100.0
2026-02-12 12:55:21,100.0,100.0
2026-02-12 12:55:36,100.0,100.0
2026-02-12 12:55:51,100.0,100.0
2026-02-12 12:56:06,100.0,100.0
2026-02-12 12:56:21,100.0,100.0
2026-02-12 12:56:36,100.0,100.0
2026-02-12 12:56:51,87.5,100.0
2026-02-12 12:57:06,87.5,100.0
2026-02-12 12:57:21,100.0,100.0
2026-02-12 12:57:36,100.0,100.0
2026-02-12 12:57:51,100.0,100.0
2026-02-12 12:58:06,100.0,100.0
2026-02-12 12:58:21,100.0,100.0
2026-02-12 12:58:36,100.0,100.0
2026-02-12 12:58:51,87.5,100.0
2026-02-12 12:59:06,87.5,100.0
2026-02-12 12:59:21,87.5,100.0
2026-02-12 12:59:36,87.5,100.0
2026-02-12 12:59:51,100.0,100.0
2026-02-12 13:00:06,100.0,100.0
2026-02-12 13:00:21,100.0,100.0
2026-02-12 13:00:36,100.0,100.0
2026-02-12 13:00:51,100.0,100.0
2026-02-12 13:01:06,100.0,100.0
2026-02-12 13:01:21,100.0,100.0
2026-02-12 13:01:36,100.0,100.0
2026-02-12 13:01:51,100.0,100.0
2026-02-12 13:02:06,100.0,100.0
2026-02-12 13:02:21,100.0,100.0
2026-02-12 13:02:36,100.0,100.0
2026-02-12 13:02:51,100.0,100.0
2026-02-12 13:03:06,100.0,100.0
2026-02-12 13:03:21,100.0,100.0
2026-02-12 13:03:36,100.0,100.0
2026-02-12 13:03:51,100.0,100.0
2026-02-12 13:04:06,100.0,100.0
2026-02-12 13:04:21,100.0,100.0
2026-02-12 13:04:36,100.0,100.0
2026-02-12 13:04:51,100.0,100.0
2026-02-12 13:05:06,100.0,100.0
2026-02-12 13:05:21,100.0,100.0
2026-02-12 13:05:36,100.0,100.0
2026-02-12 13:05:51,100.0,100.0
2026-02-12 13:06:06,100.0,100.0
2026-02-12 13:06:21,100.0,100.0
2026-02-12 13:06:36,100.0,100.0
2026-02-12 13:06:51,100.0,100.0
2026-02-12 13:07:06,100.0,100.0
2026-02-12 13:07:21,100.0,100.0
2026-02-12 13:07:36,100.0,100.0
2026-02-12 13:07:51,100.0,100.0
2026-02-12 13:08:06,100.0,100.0
2026-02-12 13:08:21,100.0,100.0
2026-02-12 13:08:36,100.0,100.0
2026-02-12 13:08:51,100.0,100.0
2026-02-12 13:09:06,100.0,100.0
2026-02-12 13:09:21,100.0,100.0
2026-02-12 13:09:36,100.0,100.0
2026-02-12 13:09:51,100.0,100.0
2026-02-12 13:10:06,100.0,100.0
2026-02-12 13:10:21,100.0,100.0
2026-02-12 13:10:36,100.0,100.0
2026-02-12 13:10:51,100.0,100.0
2026-02-12 13:11:06,100.0,100.0
2026-02-12 13:11:21,100.0,100.0
2026-02-12 13:11:36,100.0,100.0
2026-02-12 13:11:51,100.0,100.0
2026-02-12 13:12:06,100.0,100.0
2026-02-12 13:12:21,100.0,100.0
2026-02-12 13:12:36,100.0,100.0
2026-02-12 13:12:51,100.0,100.0
2026-02-12 13:13:06,100.0,100.0
2026-02-12 13:13:21,100.0,100.0
2026-02-12 13:13:36,100.0,100.0
2026-02-12 13:13:51,100.0,100.0
2026-02-12 13:14:06,87.5,100.0
2026-02-12 13:14:21,100.0,100.0
2026-02-12 13:14:36,100.0,100.0
2026-02-12 13:14:51,100.0,100.0
2026-02-12 13:15:06,100.0,100.0
2026-02-12 13:15:21,100.0,100.0
2026-02-12 13:15:36,100.0,100.0
2026-02-12 13:15:51,100.0,100.0
2026-02-12 13:16:06,100.0,100.0
2026-02-12 13:16:21,100.0,100.0
2026-02-12 13:16:36,100.0,100.0
2026-02-12 13:16:51,100.0,100.0
2026-02-12 13:17:06,100.0,100.0
2026-02-12 13:17:21,100.0,100.0
2026-02-12 13:17:36,100.0,100.0
2026-02-12 13:17:51,100.0,100.0
2026-02-12 13:18:06,100.0,100.0
2026-02-12 13:18:21,87.5,100.0
2026-02-12 13:18:36,87.5,100.0
2026-02-12 13:18:51,87.5,100.0
2026-02-12 13:19:06,87.5,100.0
2026-02-12 13:19:21,87.5,100.0
2026-02-12 13:19:36,87.5,100.0
2026-02-12 13:19:51,87.5,100.0
2026-02-12 13:20:06,87.5,100.0
2026-02-12 13:20:21,87.5,100.0
2026-02-12 13:20:36,87.5,100.0
2026-02-12 13:20:51,87.5,100.0
2026-02-12 13:21:06,87.5,100.0
2026-02-12 13:21:21,87.5,100.0
2026-02-12 13:21:36,87.5,100.0
2026-02-12 13:21:51,87.5,100.0
2026-02-12 13:22:06,87.5,100.0
2026-02-12 13:22:21,87.5,100.0
2026-02-12 13:22:36,87.5,100.0
2026-02-12 13:22:51,87.5,100.0
2026-02-12 13:23:06,87.5,100.0
2026-02-12 13:23:21,87.5,100.0
2026-02-12 13:23:36,87.5,100.0
2026-02-12 13:23:51,87.5,100.0
2026-02-12 13:24:06,87.5,100.0
2026-02-12 13:24:21,87.5,100.0
2026-02-12 13:24:36,87.5,100.0
2026-02-12 13:24:51,87.5,100.0
2026-02-12 13:25:06,87.5,100.0
2026-02-12 13:25:21,87.5,100.0
2026-02-12 13:25:36,87.5,100.0
2026-02-12 13:25:51,87.5,100.0
2026-02-12 13:26:06,87.5,100.0
2026-02-12 13:26:21,87.5,100.0
2026-02-12 13:26:36,87.5,100.0
2026-02-12 13:26:51,87.5,100.0
2026-02-12 13:27:06,87.5,100.0
2026-02-12 13:27:21,87.5,100.0
2026-02-12 13:27:36,87.5,100.0
2026-02-12 13:27:51,87.5,100.0
2026-02-12 13:28:06,75.0,100.0
2026-02-12 13:28:21,75.0,100.0
2026-02-12 13:28:36,75.0,100.0
2026-02-12 13:28:51,75.0,100.0
2026-02-12 13:29:06,75.0,100.0
2026-02-12 13:29:21,75.0,100.0
2026-02-12 13:29:36,75.0,100.0
2026-02-12 13:29:51,75.0,100.0
2026-02-12 13:30:06,75.0,100.0
2026-02-12 13:30:21,75.0,100.0
2026-02-12 13:30:36,75.0,100.0
2026-02-12 13:30:51,75.0,100.0
2026-02-12 13:31:06,75.0,100.0
2026-02-12 13:31:21,75.0,100.0
2026-02-12 13:31:36,75.0,100.0
2026-02-12 13:31:51,75.0,100.0
2026-02-12 13:32:06,75.0,100.0
2026-02-12 13:32:21,75.0,100.0
2026-02-12 13:32:36,75.0,100.0
2026-02-12 13:32:51,75.0,100.0
2026-02-12 13:33:06,75.0,100.0
2026-02-12 13:33:21,75.0,100.0
2026-02-12 13:33:36,75.0,100.0
2026-02-12 13:33:51,75.0,100.0
2026-02-12 13:34:06,75.0,100.0
2026-02-12 13:34:21,75.0,100.0
2026-02-12 13:34:36,75.0,100.0
2026-02-12 13:34:51,75.0,100.0
2026-02-12 13:35:06,75.0,100.0
2026-02-12 13:35:21,75.0,100.0
2026-02-12 13:35:36,75.0,100.0
2026-02-12 13:35:51,75.0,100.0
2026-02-12 13:36:06,75.0,100.0
2026-02-12 13:36:21,75.0,100.0
2026-02-12 13:36:36,75.0,100.0
2026-02-12 13:36:51,75.0,100.0
2026-02-12 13:37:06,75.0,100.0
2026-02-12 13:37:21,75.0,100.0
2026-02-12 13:37:36,75.0,100.0
2026-02-12 13:37:51,75.0,100.0
2026-02-12 13:38:06,75.0,100.0
2026-02-12 13:38:21,75.0,100.0
2026-02-12 13:38:36,75.0,100.0
2026-02-12 13:38:51,75.0,100.0
2026-02-12 13:39:06,75.0,100.0
2026-02-12 13:39:21,75.0,100.0
2026-02-12 13:39:36,75.0,100.0
2026-02-12 13:39:51,75.0,100.0
2026-02-12 13:40:06,75.0,100.0
2026-02-12 13:40:21,75.0,100.0
2026-02-12 13:40:36,75.0,100.0
2026-02-12 13:40:51,75.0,100.0
2026-02-12 13:41:06,75.0,100.0
2026-02-12 13:41:21,75.0,100.0
2026-02-12 13:41:36,75.0,100.0
2026-02-12 13:41:51,75.0,100.0
2026-02-12 13:42:06,75.0,100.0
2026-02-12 13:42:21,75.0,100.0
2026-02-12 13:42:36,75.0,100.0
2026-02-12 13:42:51,75.0,100.0
2026-02-12 13:43:06,75.0,100.0
2026-02-12 13:43:21,75.0,100.0
2026-02-12 13:43:36,75.0,100.0
2026-02-12 13:43:51,75.0,100.0
2026-02-12 13:44:06,75.0,100.0
2026-02-12 13:44:21,75.0,100.0
2026-02-12 13:44:36,75.0,100.0
2026-02-12 13:44:51,75.0,100.0
2026-02-12 13:45:06,75.0,100.0
2026-02-12 13:45:21,75.0,100.0
2026-02-12 13:45:36,75.0,100.0
2026-02-12 13:45:51,75.0,100.0
2026-02-12 13:46:06,75.0,100.0
2026-02-12 13:46:21,75.0,100.0
2026-02-12 13:46:36,75.0,100.0
2026-02-12 13:46:51,75.0,100.0
2026-02-12 13:47:06,75.0,100.0
2026-02-12 13:47:21,75.0,100.0
2026-02-12 13:47:36,75.0,100.0
2026-02-12 13:47:51,75.0,100.0
2026-02-12 13:48:06,75.0,100.0
2026-02-12 13:48:21,75.0,100.0
2026-02-12 13:48:36,75.0,100.0
2026-02-12 13:48:51,75.0,100.0
2026-02-12 13:49:06,75.0,100.0
2026-02-12 13:49:21,75.0,100.0
2026-02-12 13:49:36,75.0,100.0
2026-02-12 13:49:51,75.0,100.0
2026-02-12 13:50:06,75.0,100.0
2026-02-12 13:50:21,75.0,100.0
2026-02-12 13:50:36,75.0,100.0
2026-02-12 13:50:51,75.0,100.0
2026-02-12 13:51:06,75.0,100.0
2026-02-12 13:51:21,75.0,100.0
2026-02-12 13:51:36,75.0,100.0
2026-02-12 13:51:51,75.0,100.0
2026-02-12 13:52:06,75.0,100.0
2026-02-12 13:52:21,75.0,100.0
2026-02-12 13:52:36,75.0,100.0
2026-02-12 13:52:51,75.0,100.0
2026-02-12 13:53:06,75.0,100.0
2026-02-12 13:53:21,75.0,100.0
2026-02-12 13:53:36,75.0,100.0
2026-02-12 13:53:51,75.0,100.0
2026-02-12 13:54:06,75.0,100.0
2026-02-12 13:54:21,75.0,100.0
2026-02-12 13:54:36,75.0,100.0
2026-02-12 13:54:51,75.0,100.0
2026-02-12 13:55:06,75.0,100.0
2026-02-12 13:55:21,75.0,100.0
2026-02-12 13:55:36,75.0,100.0
2026-02-12 13:55:51,75.0,100.0
2026-02-12 13:56:06,75.0,100.0
2026-02-12 13:56:21,75.0,100.0
2026-02-12 13:56:36,75.0,100.0
2026-02-12 13:56:51,75.0,100.0
2026-02-12 13:57:06,75.0,100.0
2026-02-12 13:57:21,75.0,100.0
2026-02-12 13:57:36,75.0,100.0
2026-02-12 13:57:51,75.0,100.0
2026-02-12 13:58:06,75.0,100.0
2026-02-12 13:58:21,75.0,100.0
2026-02-12 13:58:36,75.0,100.0
2026-02-12 13:58:51,75.0,100.0
2026-02-12 13:59:06,75.0,100.0
2026-02-12 13:59:21,75.0,100.0
2026-02-12 13:59:36,75.0,100.0
2026-02-12 13:59:51,75.0,100.0
2026-02-12 14:00:06,75.0,100.0
2026-02-12 14:00:21,75.0,100.0
2026-02-12 14:00:36,75.0,100.0
2026-02-12 14:00:51,75.0,100.0
2026-02-12 14:01:06,75.0,100.0
2026-02-12 14:01:21,75.0,100.0
2026-02-12 14:01:36,75.0,100.0
2026-02-12 14:01:51,75.0,100.0
2026-02-12 14:02:06,75.0,100.0
2026-02-12 14:02:21,75.0,100.0
2026-02-12 14:02:36,75.0,100.0
2026-02-12 14:02:51,75.0,100.0
2026-02-12 14:03:06,75.0,100.0
2026-02-12 14:03:21,75.0,100.0
2026-02-12 14:03:36,75.0,100.0
2026-02-12 14:03:51,75.0,100.0
2026-02-12 14:04:06,75.0,100.0
2026-02-12 14:04:21,75.0,100.0
2026-02-12 14:04:36,75.0,100.0
2026-02-12 14:04:51,75.0,100.0
2026-02-12 14:05:06,75.0,100.0
2026-02-12 14:05:21,75.0,100.0
2026-02-12 14:05:36,75.0,100.0
2026-02-12 14:05:51,75.0,100.0
2026-02-12 14:06:06,75.0,100.0
2026-02-12 14:06:21,75.0,100.0
2026-02-12 14:06:36,75.0,100.0
2026-02-12 14:06:51,75.0,100.0
2026-02-12 14:07:06,75.0,100.0
2026-02-12 14:07:21,75.0,100.0
2026-02-12 14:07:36,75.0,100.0
2026-02-12 14:07:51,75.0,100.0
2026-02-12 14:08:06,75.0,100.0
2026-02-12 14:08:21,75.0,100.0
2026-02-12 14:08:36,75.0,100.0
2026-02-12 14:08:51,75.0,100.0
2026-02-12 14:09:06,75.0,100.0
2026-02-12 14:09:21,75.0,100.0
2026-02-12 14:09:36,75.0,100.0
2026-02-12 14:09:51,75.0,100.0
2026-02-12 14:10:06,75.0,100.0
2026-02-12 14:10:21,75.0,100.0
2026-02-12 14:10:36,75.0,100.0
2026-02-12 14:10:51,75.0,100.0
2026-02-12 14:11:06,75.0,100.0
2026-02-12 14:11:21,75.0,100.0
2026-02-12 14:11:36,75.0,100.0
2026-02-12 14:11:51,75.0,100.0
2026-02-12 14:12:06,75.0,100.0
2026-02-12 14:12:21,75.0,100.0
2026-02-12 14:12:36,75.0,100.0
2026-02-12 14:12:51,75.0,100.0
2026-02-12 14:13:06,75.0,100.0
2026-02-12 14:13:21,75.0,100.0
2026-02-12 14:13:36,75.0,100.0
2026-02-12 14:13:51,75.0,100.0
2026-02-12 14:14:06,75.0,100.0
2026-02-12 14:14:21,75.0,100.0
2026-02-12 14:14:36,75.0,100.0
2026-02-12 14:14:51,75.0,100.0
2026-02-12 14:15:06,75.0,100.0
2026-02-12 14:15:21,75.0,100.0
2026-02-12 14:15:36,75.0,100.0
2026-02-12 14:15:51,75.0,100.0
2026-02-12 14:16:06,75.0,100.0
2026-02-12 14:16:21,75.0,100.0
2026-02-12 14:16:36,75.0,100.0
2026-02-12 14:16:51,75.0,100.0
2026-02-12 14:17:06,75.0,100.0
2026-02-12 14:17:21,75.0,100.0
2026-02-12 14:17:36,75.0,100.0
2026-02-12 14:17:51,75.0,100.0
2026-02-12 14:18:06,75.0,100.0
2026-02-12 14:18:21,75.0,100.0
2026-02-12 14:18:36,75.0,100.0
2026-02-12 14:18:51,75.0,100.0
2026-02-12 14:19:06,75.0,100.0
2026-02-12 14:19:21,75.0,100.0
2026-02-12 14:19:36,75.0,100.0
2026-02-12 14:19:51,75.0,100.0
2026-02-12 14:20:06,75.0,100.0
2026-02-12 14:20:21,75.0,100.0
2026-02-12 14:20:36,75.0,100.0
2026-02-12 14:20:51,75.0,100.0
2026-02-12 14:21:06,75.0,100.0
2026-02-12 14:21:21,75.0,100.0
2026-02-12 14:21:36,75.0,100.0
2026-02-12 14:21:51,75.0,100.0
2026-02-12 14:22:06,75.0,100.0
2026-02-12 14:22:21,75.0,100.0
2026-02-12 14:22:36,75.0,100.0
2026-02-12 14:22:51,75.0,100.0
2026-02-12 14:23:06,75.0,100.0
2026-02-12 14:23:21,75.0,100.0
2026-02-12 14:23:36,75.0,100.0
2026-02-12 14:23:51,75.0,100.0
2026-02-12 14:24:06,75.0,100.0
2026-02-12 14:24:21,75.0,100.0
2026-02-12 14:24:36,75.0,99.63898916967509
2026-02-12 14:24:51,75.0,99.63898916967509
2026-02-12 14:25:06,75.0,99.63898916967509
2026-02-12 14:25:21,75.0,99.63898916967509
2026-02-12 14:25:36,75.0,99.63898916967509
2026-02-12 14:25:51,75.0,99.63898916967509
2026-02-12 14:26:06,75.0,99.63369963369964
2026-02-12 14:26:21,87.5,99.63369963369964
2026-02-12 14:26:36,87.5,99.63369963369964
2026-02-12 14:26:51,87.5,99.63369963369964
2026-02-12 14:27:06,87.5,99.63369963369964
2026-02-12 14:27:21,87.5,99.63369963369964
2026-02-12 14:27:36,87.5,99.63369963369964
2026-02-12 14:27:51,87.5,99.62825278810409
2026-02-12 14:28:06,87.5,99.62825278810409
2026-02-12 14:28:21,87.5,99.62825278810409
2026-02-12 14:28:36,87.5,99.62825278810409
2026-02-12 14:28:51,87.5,99.62825278810409
2026-02-12 14:29:06,87.5,99.62825278810409
2026-02-12 14:29:21,87.5,99.62825278810409
2026-02-12 14:29:36,87.5,99.62825278810409
2026-02-12 14:29:51,87.5,99.62264150943396
2026-02-12 14:30:06,87.5,99.62264150943396
2026-02-12 14:30:21,87.5,99.62264150943396
2026-02-12 14:30:36,87.5,99.62264150943396
2026-02-12 14:30:51,87.5,99.62264150943396
2026-02-12 14:31:06,87.5,99.62264150943396
2026-02-12 14:31:21,87.5,99.62264150943396
2026-02-12 14:31:36,87.5,99.62264150943396
2026-02-12 14:31:51,87.5,99.61685823754789
2026-02-12 14:32:06,87.5,99.61685823754789
2026-02-12 14:32:21,87.5,99.61685823754789
2026-02-12 14:32:36,87.5,99.61685823754789
2026-02-12 14:32:51,87.5,99.61685823754789
2026-02-12 14:33:06,87.5,99.61685823754789
2026-02-12 14:33:21,87.5,99.23371647509579
2026-02-12 14:33:36,87.5,98.83268482490273
2026-02-12 14:33:51,87.5,98.83268482490273
2026-02-12 14:34:06,87.5,98.83268482490273
2026-02-12 14:34:21,87.5,98.83268482490273
2026-02-12 14:34:36,87.5,98.83268482490273
2026-02-12 14:34:51,87.5,98.83268482490273
2026-02-12 14:35:06,87.5,98.83268482490273
2026-02-12 14:35:21,87.5,98.83268482490273
2026-02-12 14:35:36,87.5,98.81422924901186
2026-02-12 14:35:51,87.5,98.81422924901186
2026-02-12 14:36:06,87.5,98.81422924901186
2026-02-12 14:36:21,87.5,98.81422924901186
2026-02-12 14:36:36,87.5,98.81422924901186
2026-02-12 14:36:51,87.5,98.81422924901186
2026-02-12 14:37:06,87.5,98.81422924901186
2026-02-12 14:37:21,87.5,98.81422924901186
2026-02-12 14:37:36,87.5,98.79518072289156
2026-02-12 14:37:51,87.5,98.79518072289156
2026-02-12 14:38:06,87.5,98.79518072289156
2026-02-12 14:38:21,87.5,98.79518072289156
2026-02-12 14:38:36,87.5,98.79518072289156
2026-02-12 14:38:51,87.5,98.79518072289156
2026-02-12 14:39:06,87.5,98.79518072289156
2026-02-12 14:39:21,87.5,98.77551020408163
2026-02-12 14:39:36,87.5,98.77551020408163
2026-02-12 14:39:51,87.5,98.77551020408163
2026-02-12 14:40:06,87.5,98.77551020408163
2026-02-12 14:40:21,87.5,98.77551020408163
2026-02-12 14:40:36,87.5,98.77551020408163
2026-02-12 14:40:51,87.5,98.77551020408163
2026-02-12 14:41:06,87.5,98.77551020408163
2026-02-12 14:41:21,87.5,98.7551867219917
2026-02-12 14:41:36,87.5,98.7551867219917
2026-02-12 14:41:51,87.5,98.7551867219917
2026-02-12 14:42:06,87.5,98.7551867219917
2026-02-12 14:42:21,87.5,98.7551867219917
2026-02-12 14:42:36,87.5,98.7551867219917
2026-02-12 14:42:51,87.5,98.7551867219917
2026-02-12 14:43:06,87.5,98.73417721518987
2026-02-12 14:43:21,87.5,98.73417721518987
2026-02-12 14:43:36,87.5,98.73417721518987
2026-02-12 14:43:51,87.5,98.73417721518987
2026-02-12 14:44:06,87.5,98.73417721518987
2026-02-12 14:44:21,87.5,98.73417721518987
2026-02-12 14:44:36,87.5,98.73417721518987
2026-02-12 14:44:51,87.5,98.73417721518987
2026-02-12 14:45:06,87.5,98.71244635193133
2026-02-12 14:45:21,87.5,98.71244635193133
2026-02-12 14:45:36,87.5,98.71244635193133
2026-02-12 14:45:51,87.5,98.71244635193133
2026-02-12 14:46:06,87.5,98.71244635193133
2026-02-12 14:46:21,87.5,98.71244635193133
2026-02-12 14:46:36,87.5,98.71244635193133
2026-02-12 14:46:51,87.5,98.71244635193133
2026-02-12 14:47:06,87.5,98.68995633187772
2026-02-12 14:47:21,87.5,98.68995633187772
2026-02-12 14:47:36,87.5,98.68995633187772
2026-02-12 14:47:51,87.5,98.68995633187772
2026-02-12 14:48:06,87.5,98.68995633187772
2026-02-12 14:48:21,87.5,98.68995633187772
2026-02-12 14:48:36,87.5,98.68995633187772
2026-02-12 14:48:51,87.5,98.66666666666667
2026-02-12 14:49:06,87.5,98.66666666666667
2026-02-12 14:49:21,87.5,98.66666666666667
2026-02-12 14:49:36,87.5,98.66666666666667
2026-02-12 14:49:51,87.5,98.66666666666667
2026-02-12 14:50:06,87.5,98.66666666666667
2026-02-12 14:50:21,87.5,98.66666666666667
2026-02-12 14:50:36,87.5,98.66666666666667
2026-02-12 14:50:51,87.5,98.64253393665159
2026-02-12 14:51:06,87.5,98.64253393665159
2026-02-12 14:51:21,87.5,98.64253393665159
2026-02-12 14:51:36,87.5,98.64253393665159
2026-02-12 14:51:51,87.5,98.64253393665159
2026-02-12 14:52:06,87.5,98.64253393665159
2026-02-12 14:52:21,87.5,98.64253393665159
2026-02-12 14:52:36,87.5,98.64253393665159
2026-02-12 14:52:51,87.5,98.61751152073732
2026-02-12 14:53:06,87.5,98.61751152073732
2026-02-12 14:53:21,87.5,98.61751152073732
2026-02-12 14:53:36,87.5,98.61751152073732
2026-02-12 14:53:51,87.5,98.61751152073732
2026-02-12 14:54:06,87.5,98.61751152073732
2026-02-12 14:54:21,87.5,98.61751152073732
2026-02-12 14:54:36,87.5,98.59154929577466
2026-02-12 14:54:51,87.5,98.59154929577466
2026-02-12 14:55:06,87.5,98.59154929577466
2026-02-12 14:55:21,87.5,98.59154929577466
2026-02-12 14:55:36,87.5,98.59154929577466
2026-02-12 14:55:51,87.5,98.59154929577466
2026-02-12 14:56:06,87.5,98.59154929577466
2026-02-12 14:56:21,87.5,98.59154929577466
2026-02-12 14:56:36,87.5,98.56459330143541
2026-02-12 14:56:51,87.5,98.56459330143541
2026-02-12 14:57:06,87.5,98.56459330143541
2026-02-12 14:57:21,87.5,98.56459330143541
2026-02-12 14:57:36,87.5,98.56459330143541
2026-02-12 14:57:51,87.5,98.56459330143541
2026-02-12 14:58:06,87.5,98.56459330143541
2026-02-12 14:58:21,87.5,98.56459330143541
2026-02-12 14:58:36,87.5,98.53658536585365
2026-02-12 14:58:51,87.5,98.53658536585365
2026-02-12 14:59:06,87.5,98.53658536585365
2026-02-12 14:59:21,87.5,98.53658536585365
2026-02-12 14:59:36,87.5,98.53658536585365
2026-02-12 14:59:51,87.5,98.53658536585365
2026-02-12 15:00:06,87.5,98.53658536585365
2026-02-12 15:00:21,87.5,98.50746268656717
2026-02-12 15:00:36,87.5,98.50746268656717
2026-02-12 15:00:51,87.5,98.50746268656717
2026-02-12 15:01:06,87.5,98.50746268656717
2026-02-12 15:01:21,87.5,98.50746268656717
2026-02-12 15:01:36,87.5,98.50746268656717
2026-02-12 15:01:51,87.5,98.50746268656717
2026-02-12 15:02:06,87.5,98.47715736040608
2026-02-12 15:02:21,87.5,98.47715736040608
2026-02-12 15:02:36,100.0,98.47715736040608
2026-02-12 15:02:51,100.0,98.47715736040608
2026-02-12 15:03:06,100.0,98.47715736040608
2026-02-12 15:03:21,100.0,98.47715736040608
2026-02-12 15:03:36,100.0,98.47715736040608
2026-02-12 15:03:51,100.0,98.44559585492227
2026-02-12 15:04:06,100.0,98.44559585492227
2026-02-12 15:04:21,100.0,98.44559585492227
2026-02-12 15:04:36,100.0,98.44559585492227
2026-02-12 15:04:51,100.0,98.44559585492227
2026-02-12 15:05:06,100.0,98.44559585492227
2026-02-12 15:05:21,100.0,98.44559585492227
2026-02-12 15:05:36,100.0,98.4126984126984
2026-02-12 15:05:51,100.0,98.4126984126984
2026-02-12 15:06:06,100.0,98.4126984126984
2026-02-12 15:06:21,100.0,98.4126984126984
2026-02-12 15:06:36,100.0,98.4126984126984
2026-02-12 15:06:51,100.0,98.4126984126984
2026-02-12 15:07:06,100.0,98.4126984126984
2026-02-12 15:07:21,87.5,98.37837837837839
2026-02-12 15:07:36,87.5,98.37837837837839
2026-02-12 15:07:51,87.5,98.37837837837839
2026-02-12 15:08:06,87.5,98.37837837837839
2026-02-12 15:08:21,87.5,98.37837837837839
2026-02-12 15:08:36,87.5,98.37837837837839
2026-02-12 15:08:51,87.5,98.37837837837839
2026-02-12 15:09:06,87.5,98.34254143646409
2026-02-12 15:09:21,87.5,98.34254143646409
2026-02-12 15:09:36,87.5,98.34254143646409
2026-02-12 15:09:51,87.5,98.89502762430939
2026-02-12 15:10:06,87.5,98.89502762430939
2026-02-12 15:10:21,87.5,98.89502762430939
2026-02-12 15:10:36,87.5,98.89502762430939
2026-02-12 15:10:51,87.5,98.87005649717514
2026-02-12 15:11:06,87.5,98.87005649717514
2026-02-12 15:11:21,87.5,98.87005649717514
2026-02-12 15:11:36,87.5,98.87005649717514
2026-02-12 15:11:51,87.5,98.87005649717514
2026-02-12 15:12:06,87.5,98.87005649717514
2026-02-12 15:12:21,87.5,98.87005649717514
2026-02-12 15:12:36,87.5,98.84393063583815
2026-02-12 15:12:51,87.5,98.84393063583815
2026-02-12 15:13:06,87.5,98.84393063583815
2026-02-12 15:13:21,87.5,98.84393063583815
2026-02-12 15:13:36,87.5,98.84393063583815
2026-02-12 15:13:51,87.5,98.84393063583815
2026-02-12 15:14:06,87.5,98.84393063583815
2026-02-12 15:14:21,87.5,98.81656804733728
2026-02-12 15:14:36,87.5,98.81656804733728
2026-02-12 15:14:51,87.5,98.81656804733728
2026-02-12 15:15:06,87.5,98.81656804733728
2026-02-12 15:15:21,87.5,98.81656804733728
2026-02-12 15:15:36,87.5,99.40828402366864
2026-02-12 15:15:51,87.5,100.0
2026-02-12 15:16:06,87.5,100.0
2026-02-12 15:16:21,87.5,100.0
2026-02-12 15:16:36,87.5,100.0
2026-02-12 15:16:51,87.5,100.0
2026-02-12 15:17:06,87.5,100.0
2026-02-12 15:17:21,87.5,100.0
2026-02-12 15:17:36,87.5,100.0
2026-02-12 15:17:51,87.5,100.0
2026-02-12 15:18:06,87.5,100.0
2026-02-12 15:18:21,87.5,100.0
2026-02-12 15:18:36,87.5,100.0
2026-02-12 15:18:51,87.5,100.0
2026-02-12 15:19:06,87.5,100.0
2026-02-12 15:19:21,87.5,100.0
2026-02-12 15:19:36,87.5,100.0
2026-02-12 15:19:51,87.5,100.0
2026-02-12 15:20:06,87.5,100.0
2026-02-12 15:20:21,87.5,100.0
2026-02-12 15:20:36,87.5,100.0
2026-02-12 15:20:51,87.5,100.0
2026-02-12 15:21:06,87.5,100.0
2026-02-12 15:21:21,87.5,100.0
2026-02-12 15:21:36,87.5,100.0
2026-02-12 15:21:51,87.5,100.0
2026-02-12 15:22:06,87.5,100.0
2026-02-12 15:22:21,87.5,100.0
2026-02-12 15:22:36,87.5,100.0
2026-02-12 15:22:51,87.5,100.0
2026-02-12 15:23:06,87.5,100.0
2026-02-12 15:23:21,87.5,100.0
2026-02-12 15:23:36,87.5,100.0
2026-02-12 15:23:51,87.5,100.0
2026-02-12 15:24:06,87.5,100.0
2026-02-12 15:24:21,87.5,100.0
2026-02-12 15:24:36,87.5,100.0
2026-02-12 15:24:51,87.5,100.0
2026-02-12 15:25:06,87.5,100.0
2026-02-12 15:25:21,87.5,100.0
2026-02-12 15:25:36,87.5,100.0
2026-02-12 15:25:51,87.5,100.0
2026-02-12 15:26:06,87.5,100.0
2026-02-12 15:26:21,87.5,100.0
2026-02-12 15:26:36,87.5,100.0
2026-02-12 15:26:51,87.5,100.0
2026-02-12 15:27:06,87.5,100.0
2026-02-12 15:27:21,87.5,100.0
2026-02-12 15:27:36,87.5,100.0
2026-02-12 15:27:51,87.5,100.0
2026-02-12 15:28:06,87.5,100.0
2026-02-12 15:28:21,87.5,100.0
2026-02-12 15:28:36,87.5,100.0
2026-02-12 15:28:51,87.5,100.0
2026-02-12 15:29:06,87.5,100.0
2026-02-12 15:29:21,87.5,100.0
2026-02-12 15:29:36,87.5,100.0
2026-02-12 15:29:51,87.5,100.0
2026-02-12 15:30:06,87.5,100.0
2026-02-12 15:30:21,87.5,100.0
2026-02-12 15:30:36,87.5,100.0
2026-02-12 15:30:51,87.5,100.0
2026-02-12 15:31:06,100.0,100.0
2026-02-12 15:31:21,100.0,100.0
2026-02-12 15:31:36,100.0,100.0
2026-02-12 15:31:51,100.0,100.0
2026-02-12 15:32:06,100.0,100.0
2026-02-12 15:32:21,100.0,100.0
2026-02-12 15:32:36,100.0,100.0
2026-02-12 15:32:51,100.0,100.0
2026-02-12 15:33:06,100.0,100.0
2026-02-12 15:33:21,100.0,100.0
2026-02-12 15:33:36,100.0,100.0
2026-02-12 15:33:51,100.0,100.0
2026-02-12 15:34:06,100.0,100.0
2026-02-12 15:34:21,100.0,100.0
2026-02-12 15:34:36,100.0,100.0
2026-02-12 15:34:51,100.0,100.0
2026-02-12 15:35:06,100.0,100.0
2026-02-12 15:35:21,100.0,100.0
2026-02-12 15:35:36,100.0,100.0
2026-02-12 15:35:51,100.0,100.0
2026-02-12 15:36:06,100.0,100.0
2026-02-12 15:36:21,100.0,100.0
2026-02-12 15:36:36,100.0,100.0
2026-02-12 15:36:51,100.0,100.0
2026-02-12 15:37:06,100.0,100.0
2026-02-12 15:37:21,100.0,100.0
2026-02-12 15:37:36,100.0,100.0
2026-02-12 15:37:51,100.0,100.0
2026-02-12 15:38:06,100.0,100.0
2026-02-12 15:38:21,100.0,100.0
2026-02-12 15:38:36,100.0,100.0
2026-02-12 15:38:51,100.0,100.0
2026-02-12 15:39:06,100.0,100.0
2026-02-12 15:39:21,100.0,100.0
2026-02-12 15:39:36,100.0,100.0
2026-02-12 15:39:51,100.0,100.0
2026-02-12 15:40:06,100.0,100.0
2026-02-12 15:40:21,100.0,100.0
2026-02-12 15:40:36,100.0,100.0
2026-02-12 15:40:51,100.0,100.0
2026-02-12 15:41:06,100.0,100.0
2026-02-12 15:41:21,100.0,100.0
2026-02-12 15:41:36,100.0,100.0
2026-02-12 15:41:51,100.0,100.0
2026-02-12 15:42:06,100.0,100.0
2026-02-12 15:42:21,100.0,100.0
2026-02-12 15:42:36,100.0,100.0
2026-02-12 15:42:51,100.0,100.0
2026-02-12 15:43:06,100.0,100.0
2026-02-12 15:43:21,100.0,100.0
2026-02-12 15:43:36,100.0,100.0
2026-02-12 15:43:51,100.0,100.0
2026-02-12 15:44:06,100.0,100.0
2026-02-12 15:44:21,100.0,100.0
2026-02-12 15:44:36,100.0,100.0
2026-02-12 15:44:51,100.0,100.0
2026-02-12 15:45:06,100.0,100.0
2026-02-12 15:45:21,100.0,100.0
2026-02-12 15:45:36,100.0,100.0
2026-02-12 15:45:51,100.0,100.0
2026-02-12 15:46:06,100.0,100.0
2026-02-12 15:46:21,100.0,100.0
2026-02-12 15:46:36,100.0,100.0
2026-02-12 15:46:51,100.0,100.0
2026-02-12 15:47:06,100.0,100.0
2026-02-12 15:47:21,100.0,100.0
2026-02-12 15:47:36,100.0,100.0
2026-02-12 15:47:51,100.0,100.0
2026-02-12 15:48:06,100.0,100.0
2026-02-12 15:48:21,100.0,100.0
2026-02-12 15:48:36,100.0,100.0
2026-02-12 15:48:51,100.0,100.0
2026-02-12 15:49:06,100.0,100.0
2026-02-12 15:49:21,100.0,100.0
2026-02-12 15:49:36,100.0,100.0
2026-02-12 15:49:51,100.0,100.0
2026-02-12 15:50:06,100.0,100.0
2026-02-12 15:50:21,100.0,100.0
2026-02-12 15:50:36,100.0,100.0
2026-02-12 15:50:51,100.0,100.0
2026-02-12 15:51:06,100.0,100.0
2026-02-12 15:51:21,100.0,100.0
2026-02-12 15:51:36,100.0,100.0
2026-02-12 15:51:51,100.0,100.0
2026-02-12 15:52:06,100.0,100.0
2026-02-12 15:52:21,100.0,100.0
2026-02-12 15:52:36,100.0,100.0
2026-02-12 15:52:51,100.0,100.0
2026-02-12 15:53:06,100.0,100.0
2026-02-12 15:53:21,100.0,100.0
2026-02-12 15:53:36,100.0,100.0
2026-02-12 15:53:51,100.0,100.0
2026-02-12 15:54:06,100.0,100.0
2026-02-12 15:54:21,100.0,100.0
2026-02-12 15:54:36,100.0,100.0
2026-02-12 15:54:51,100.0,100.0
2026-02-12 15:55:06,100.0,100.0
2026-02-12 15:55:21,100.0,100.0
2026-02-12 15:55:36,100.0,100.0
2026-02-12 15:55:51,100.0,100.0
2026-02-12 15:56:06,100.0,100.0
2026-02-12 15:56:21,100.0,100.0
2026-02-12 15:56:36,100.0,100.0
2026-02-12 15:56:51,100.0,100.0
2026-02-12 15:57:06,100.0,100.0
2026-02-12 15:57:21,100.0,100.0
2026-02-12 15:57:36,100.0,100.0
2026-02-12 15:57:51,100.0,100.0
2026-02-12 15:58:06,100.0,100.0
2026-02-12 15:58:21,100.0,100.0
2026-02-12 15:58:36,100.0,100.0
2026-02-12 15:58:51,100.0,100.0
2026-02-12 15:59:06,100.0,100.0
2026-02-12 15:59:21,100.0,100.0
2026-02-12 15:59:36,100.0,100.0
2026-02-12 15:59:51,100.0,100.0
2026-02-12 16:00:06,100.0,100.0
2026-02-12 16:00:21,100.0,100.0
2026-02-12 16:00:36,100.0,100.0
2026-02-12 16:00:51,100.0,100.0
2026-02-12 16:01:06,100.0,100.0
2026-02-12 16:01:21,100.0,100.0
2026-02-12 16:01:36,100.0,100.0
2026-02-12 16:01:51,100.0,100.0
2026-02-12 16:02:06,100.0,100.0
2026-02-12 16:02:21,100.0,100.0
2026-02-12 16:02:36,100.0,100.0
2026-02-12 16:02:51,100.0,100.0
2026-02-12 16:03:06,100.0,100.0
2026-02-12 16:03:21,100.0,100.0
2026-02-12 16:03:36,100.0,100.0
2026-02-12 16:03:51,100.0,100.0
2026-02-12 16:04:06,100.0,100.0
2026-02-12 16:04:21,100.0,100.0
2026-02-12 16:04:36,100.0,100.0
2026-02-12 16:04:51,100.0,100.0
2026-02-12 16:05:06,100.0,100.0
2026-02-12 16:05:21,100.0,100.0
2026-02-12 16:05:36,100.0,100.0
2026-02-12 16:05:51,100.0,100.0
2026-02-12 16:06:06,100.0,100.0
2026-02-12 16:06:21,100.0,100.0
2026-02-12 16:06:36,100.0,100.0
2026-02-12 16:06:51,100.0,100.0
2026-02-12 16:07:06,100.0,100.0
2026-02-12 16:07:21,100.0,100.0
2026-02-12 16:07:36,100.0,100.0
2026-02-12 16:07:51,100.0,100.0
2026-02-12 16:08:06,100.0,100.0
2026-02-12 16:08:21,100.0,100.0
2026-02-12 16:08:36,100.0,100.0
2026-02-12 16:08:51,100.0,100.0
2026-02-12 16:09:06,100.0,100.0
2026-02-12 16:09:21,100.0,100.0
2026-02-12 16:09:36,100.0,100.0
2026-02-12 16:09:51,100.0,100.0
2026-02-12 16:10:06,100.0,100.0
2026-02-12 16:10:21,100.0,100.0
2026-02-12 16:10:36,100.0,100.0
2026-02-12 16:10:51,100.0,100.0
2026-02-12 16:11:06,100.0,100.0
2026-02-12 16:11:21,100.0,100.0
2026-02-12 16:11:36,100.0,100.0
2026-02-12 16:11:51,100.0,100.0
2026-02-12 16:12:06,100.0,100.0
2026-02-12 16:12:21,100.0,100.0
2026-02-12 16:12:36,100.0,100.0
2026-02-12 16:12:51,100.0,100.0
2026-02-12 16:13:06,100.0,100.0
2026-02-12 16:13:21,100.0,100.0
2026-02-12 16:13:36,100.0,100.0
2026-02-12 16:13:51,100.0,100.0
2026-02-12 16:14:06,100.0,100.0
2026-02-12 16:14:21,100.0,100.0
2026-02-12 16:14:36,100.0,100.0
2026-02-12 16:14:51,100.0,100.0
2026-02-12 16:15:06,100.0,100.0
2026-02-12 16:15:21,100.0,100.0
2026-02-12 16:15:36,100.0,100.0
2026-02-12 16:15:51,100.0,100.0
2026-02-12 16:16:06,100.0,100.0
2026-02-12 16:16:21,100.0,100.0
2026-02-12 16:16:36,100.0,100.0
2026-02-12 16:16:51,100.0,100.0
2026-02-12 16:17:06,100.0,100.0
2026-02-12 16:17:21,100.0,100.0
2026-02-12 16:17:36,100.0,100.0
2026-02-12 16:17:51,100.0,100.0
2026-02-12 16:18:06,100.0,100.0
2026-02-12 16:18:21,100.0,100.0
2026-02-12 16:18:36,100.0,100.0
2026-02-12 16:18:51,100.0,100.0
2026-02-12 16:19:06,100.0,100.0
2026-02-12 16:19:21,100.0,100.0
2026-02-12 16:19:36,100.0,100.0
2026-02-12 16:19:51,100.0,100.0
2026-02-12 16:20:06,100.0,100.0
2026-02-12 16:20:21,100.0,100.0
2026-02-12 16:20:36,100.0,100.0
2026-02-12 16:20:51,100.0,100.0
2026-02-12 16:21:06,100.0,100.0
2026-02-12 16:21:21,100.0,100.0
2026-02-12 16:21:36,100.0,100.0
2026-02-12 16:21:51,100.0,100.0
2026-02-12 16:22:06,100.0,100.0
2026-02-12 16:22:21,100.0,100.0
2026-02-12 16:22:36,100.0,100.0
2026-02-12 16:22:51,100.0,100.0
2026-02-12 16:23:06,100.0,100.0
2026-02-12 16:23:21,100.0,100.0
2026-02-12 16:23:36,100.0,100.0
2026-02-12 16:23:51,100.0,100.0
2026-02-12 16:24:06,100.0,100.0
2026-02-12 16:24:21,100.0,100.0
2026-02-12 16:24:36,100.0,100.0
2026-02-12 16:24:51,100.0,100.0
2026-02-12 16:25:06,100.0,100.0
2026-02-12 16:25:21,100.0,100.0
2026-02-12 16:25:36,100.0,100.0
2026-02-12 16:25:51,100.0,100.0
2026-02-12 16:26:06,100.0,100.0
2026-02-12 16:26:21,100.0,100.0
2026-02-12 16:26:36,100.0,100.0
2026-02-12 16:26:51,100.0,100.0
2026-02-12 16:27:06,100.0,100.0
2026-02-12 16:27:21,100.0,100.0
2026-02-12 16:27:36,100.0,100.0
2026-02-12 16:27:51,100.0,100.0
2026-02-12 16:28:06,100.0,100.0
2026-02-12 16:28:21,100.0,100.0
2026-02-12 16:28:36,100.0,100.0
2026-02-12 16:28:51,100.0,100.0
2026-02-12 16:29:06,100.0,100.0
2026-02-12 16:29:21,100.0,100.0
2026-02-12 16:29:36,100.0,100.0
2026-02-12 16:29:51,100.0,100.0
2026-02-12 16:30:06,100.0,100.0
2026-02-12 16:30:21,100.0,100.0
2026-02-12 16:30:36,100.0,100.0
2026-02-12 16:30:51,100.0,100.0
2026-02-12 16:31:06,100.0,100.0
2026-02-12 16:31:21,100.0,100.0
2026-02-12 16:31:36,100.0,100.0
2026-02-12 16:31:51,100.0,100.0
2026-02-12 16:32:06,100.0,100.0
2026-02-12 16:32:21,100.0,100.0
2026-02-12 16:32:36,100.0,100.0
2026-02-12 16:32:51,100.0,100.0
2026-02-12 16:33:06,100.0,100.0
2026-02-12 16:33:21,100.0,100.0
2026-02-12 16:33:36,100.0,100.0
2026-02-12 16:33:51,100.0,100.0
2026-02-12 16:34:06,100.0,100.0
2026-02-12 16:34:21,100.0,100.0
2026-02-12 16:34:36,100.0,100.0
2026-02-12 16:34:51,100.0,100.0
2026-02-12 16:35:06,100.0,100.0
2026-02-12 16:35:21,100.0,100.0
2026-02-12 16:35:36,100.0,100.0
2026-02-12 16:35:51,100.0,100.0
2026-02-12 16:36:06,100.0,100.0
2026-02-12 16:36:21,100.0,100.0
2026-02-12 16:36:36,100.0,100.0
2026-02-12 16:36:51,100.0,100.0
2026-02-12 16:37:06,100.0,100.0
2026-02-12 16:37:21,100.0,100.0
2026-02-12 16:37:36,100.0,100.0
2026-02-12 16:37:51,100.0,100.0
2026-02-12 16:38:06,100.0,100.0
2026-02-12 16:38:21,100.0,100.0
2026-02-12 16:38:36,100.0,100.0
2026-02-12 16:38:51,100.0,100.0
2026-02-12 16:39:06,100.0,100.0
2026-02-12 16:39:21,100.0,100.0
2026-02-12 16:39:35,100.0,100.0
2026-02-12 16:39:51,100.0,100.0
2026-02-12 16:40:06,100.0,100.0
2026-02-12 16:40:21,100.0,100.0
2026-02-12 16:40:36,100.0,100.0
2026-02-12 16:40:50,100.0,100.0
2026-02-12 16:41:06,100.0,100.0
2026-02-12 16:41:21,100.0,100.0
2026-02-12 16:41:36,100.0,100.0
2026-02-12 16:41:51,100.0,100.0
2026-02-12 16:42:06,100.0,100.0
2026-02-12 16:42:21,100.0,100.0
2026-02-12 16:42:36,100.0,100.0
2026-02-12 16:42:50,100.0,100.0
2026-02-12 16:43:06,100.0,100.0
2026-02-12 16:43:21,100.0,100.0
2026-02-12 16:43:36,100.0,100.0
2026-02-12 16:43:51,100.0,100.0
2026-02-12 16:44:06,100.0,100.0
2026-02-12 16:44:21,100.0,100.0
2026-02-12 16:44:35,100.0,100.0
2026-02-12 16:44:51,100.0,100.0
2026-02-12 16:45:06,100.0,100.0
2026-02-12 16:45:21,100.0,100.0
2026-02-12 16:45:36,100.0,100.0
2026-02-12 16:45:51,100.0,100.0
2026-02-12 16:46:06,100.0,100.0
2026-02-12 16:46:21,100.0,100.0
2026-02-12 16:46:36,100.0,100.0
2026-02-12 16:46:51,100.0,100.0
2026-02-12 16:47:05,100.0,100.0
2026-02-12 16:47:21,100.0,100.0
2026-02-12 16:47:36,100.0,100.0
2026-02-12 16:47:51,100.0,100.0
2026-02-12 16:48:06,100.0,100.0
2026-02-12 16:48:20,100.0,100.0
2026-02-12 16:48:35,100.0,100.0
2026-02-12 16:48:50,100.0,100.0
2026-02-12 16:49:05,100.0,100.0
2026-02-12 16:49:21,100.0,100.0
2026-02-12 16:49:36,100.0,100.0
2026-02-12 16:49:50,100.0,100.0
2026-02-12 16:50:06,100.0,100.0
2026-02-12 16:50:20,100.0,100.0
2026-02-12 16:50:36,100.0,100.0
2026-02-12 16:50:50,100.0,100.0
2026-02-12 16:51:05,100.0,100.0
2026-02-12 16:51:21,100.0,100.0
2026-02-12 16:51:35,100.0,100.0
2026-02-12 16:51:51,100.0,100.0
2026-02-12 16:52:05,100.0,100.0
2026-02-12 16:52:21,100.0,100.0
2026-02-12 16:52:35,100.0,100.0
2026-02-12 16:52:51,100.0,100.0
2026-02-12 16:53:05,100.0,100.0
2026-02-12 16:53:21,100.0,100.0
2026-02-12 16:53:36,100.0,100.0
2026-02-12 16:53:50,100.0,100.0
2026-02-12 16:54:06,100.0,100.0
2026-02-12 16:54:20,100.0,100.0
2026-02-12 16:54:35,100.0,100.0
2026-02-12 16:54:50,100.0,100.0
2026-02-12 16:55:06,100.0,100.0
2026-02-12 16:55:20,100.0,100.0
2026-02-12 16:55:36,100.0,100.0
2026-02-12 16:55:50,100.0,100.0
2026-02-12 16:56:05,100.0,100.0
2026-02-12 16:56:20,100.0,100.0
2026-02-12 16:56:35,100.0,100.0
2026-02-12 16:56:50,100.0,100.0
2026-02-12 16:57:05,100.0,100.0
2026-02-12 16:57:20,100.0,100.0
2026-02-12 16:57:35,100.0,100.0
2026-02-12 16:57:50,100.0,100.0
2026-02-12 16:58:05,100.0,100.0
2026-02-12 16:58:20,100.0,100.0
2026-02-12 16:58:36,100.0,100.0
2026-02-12 16:58:50,100.0,100.0
2026-02-12 16:59:05,100.0,100.0
2026-02-12 16:59:20,100.0,100.0
2026-02-12 16:59:35,100.0,100.0
2026-02-12 16:59:50,100.0,100.0
2026-02-12 17:00:05,100.0,100.0
2026-02-12 17:00:20,100.0,100.0
2026-02-12 17:00:35,100.0,100.0
2026-02-12 17:00:50,100.0,100.0
2026-02-12 17:01:05,100.0,100.0
2026-02-12 17:01:20,100.0,100.0
2026-02-12 17:01:35,100.0,100.0
2026-02-12 17:01:50,100.0,100.0
2026-02-12 17:02:05,100.0,100.0
2026-02-12 17:02:20,100.0,100.0
2026-02-12 17:02:35,100.0,100.0
2026-02-12 17:02:50,100.0,100.0
2026-02-12 17:03:05,100.0,100.0
2026-02-12 17:03:20,100.0,100.0
2026-02-12 17:03:35,100.0,100.0
2026-02-12 17:03:50,100.0,100.0
2026-02-12 17:04:05,100.0,100.0
2026-02-12 17:04:20,100.0,100.0
2026-02-12 17:04:35,100.0,100.0
2026-02-12 17:04:50,100.0,100.0
2026-02-12 17:05:05,100.0,100.0
2026-02-12 17:05:20,100.0,100.0
2026-02-12 17:05:35,100.0,100.0
2026-02-12 17:05:50,100.0,100.0
2026-02-12 17:06:05,100.0,100.0
2026-02-12 17:06:20,100.0,100.0
2026-02-12 17:06:35,100.0,100.0
2026-02-12 17:06:50,100.0,100.0
2026-02-12 17:07:05,100.0,100.0
2026-02-12 17:07:20,100.0,100.0
2026-02-12 17:07:35,100.0,100.0
2026-02-12 17:07:50,100.0,100.0
2026-02-12 17:08:05,100.0,100.0
2026-02-12 17:08:20,100.0,100.0
2026-02-12 17:08:35,100.0,100.0
2026-02-12 17:08:50,100.0,100.0
2026-02-12 17:09:05,100.0,100.0
2026-02-12 17:09:20,100.0,100.0
2026-02-12 17:09:35,100.0,100.0
2026-02-12 17:09:50,100.0,100.0
2026-02-12 17:10:05,100.0,100.0
2026-02-12 17:10:20,100.0,100.0
2026-02-12 17:10:35,100.0,100.0
2026-02-12 17:10:50,100.0,100.0
2026-02-12 17:11:05,100.0,100.0
2026-02-12 17:11:20,100.0,100.0
2026-02-12 17:11:35,100.0,100.0
2026-02-12 17:11:50,100.0,100.0
2026-02-12 17:12:05,100.0,100.0
2026-02-12 17:12:20,100.0,100.0
2026-02-12 17:12:35,100.0,100.0
2026-02-12 17:12:50,100.0,100.0
2026-02-12 17:13:05,100.0,100.0
2026-02-12 17:13:20,100.0,100.0
2026-02-12 17:13:35,100.0,100.0
2026-02-12 17:13:50,100.0,100.0
2026-02-12 17:14:05,100.0,100.0
2026-02-12 17:14:20,100.0,100.0
2026-02-12 17:14:35,100.0,100.0
2026-02-12 17:14:50,100.0,100.0
2026-02-12 17:15:05,100.0,100.0
2026-02-12 17:15:20,100.0,100.0
2026-02-12 17:15:35,100.0,100.0
2026-02-12 17:15:50,100.0,100.0
2026-02-12 17:16:05,100.0,100.0
2026-02-12 17:16:20,100.0,100.0
2026-02-12 17:16:35,100.0,100.0
2026-02-12 17:16:50,100.0,100.0
2026-02-12 17:17:05,100.0,100.0
2026-02-12 17:17:20,100.0,100.0
2026-02-12 17:17:35,100.0,100.0
2026-02-12 17:17:50,100.0,100.0
2026-02-12 17:18:05,100.0,100.0
2026-02-12 17:18:20,100.0,100.0
2026-02-12 17:18:35,100.0,100.0
2026-02-12 17:18:50,100.0,100.0
2026-02-12 17:19:05,100.0,100.0
2026-02-12 17:19:20,100.0,100.0
2026-02-12 17:19:35,100.0,100.0
2026-02-12 17:19:50,100.0,100.0
2026-02-12 17:20:05,100.0,100.0
2026-02-12 17:20:20,100.0,100.0
2026-02-12 17:20:35,100.0,100.0
2026-02-12 17:20:50,100.0,100.0
2026-02-12 17:21:05,100.0,100.0
2026-02-12 17:21:20,100.0,100.0
2026-02-12 17:21:35,100.0,100.0
2026-02-12 17:21:50,100.0,100.0
2026-02-12 17:22:05,100.0,100.0
2026-02-12 17:22:20,100.0,100.0
2026-02-12 17:22:35,100.0,100.0
2026-02-12 17:22:50,100.0,100.0
2026-02-12 17:23:05,100.0,100.0
2026-02-12 17:23:20,100.0,100.0
2026-02-12 17:23:35,100.0,100.0
2026-02-12 17:23:50,100.0,100.0
2026-02-12 17:24:05,100.0,100.0
2026-02-12 17:24:20,100.0,100.0
2026-02-12 17:24:35,100.0,100.0
2026-02-12 17:24:50,100.0,100.0
2026-02-12 17:25:05,100.0,100.0
2026-02-12 17:25:20,100.0,100.0
2026-02-12 17:25:35,100.0,100.0
2026-02-12 17:25:50,100.0,100.0
2026-02-12 17:26:05,100.0,100.0
2026-02-12 17:26:20,100.0,100.0
2026-02-12 17:26:35,100.0,100.0
2026-02-12 17:26:50,100.0,100.0
2026-02-12 17:27:05,100.0,100.0
2026-02-12 17:27:20,100.0,100.0
2026-02-12 17:27:35,100.0,100.0
2026-02-12 17:27:50,100.0,100.0
2026-02-12 17:28:05,100.0,100.0
2026-02-12 17:28:20,100.0,100.0
2026-02-12 17:28:35,100.0,100.0
2026-02-12 17:28:50,100.0,100.0
2026-02-12 17:29:05,100.0,100.0
2026-02-12 17:29:20,100.0,100.0
2026-02-12 17:29:35,100.0,100.0
2026-02-12 17:29:50,100.0,100.0
2026-02-12 17:30:05,100.0,100.0
2026-02-12 17:30:20,100.0,100.0
2026-02-12 17:30:35,100.0,100.0
2026-02-12 17:30:50,100.0,100.0
2026-02-12 17:31:05,100.0,100.0
2026-02-12 17:31:20,100.0,100.0
2026-02-12 17:31:35,100.0,100.0
2026-02-12 17:31:50,100.0,100.0
2026-02-12 17:32:05,100.0,100.0
2026-02-12 17:32:20,100.0,100.0
2026-02-12 17:32:35,100.0,100.0
2026-02-12 17:32:50,100.0,100.0
2026-02-12 17:33:05,100.0,100.0
2026-02-12 17:33:20,100.0,100.0
2026-02-12 17:33:35,100.0,100.0
2026-02-12 17:33:50,100.0,100.0
2026-02-12 17:34:05,100.0,100.0
2026-02-12 17:34:20,100.0,100.0
2026-02-12 17:34:35,100.0,100.0
2026-02-12 17:34:50,100.0,100.0
2026-02-12 17:35:05,100.0,100.0
2026-02-12 17:35:20,100.0,100.0
2026-02-12 17:35:35,100.0,100.0
2026-02-12 17:35:50,100.0,100.0
2026-02-12 17:36:05,100.0,100.0
2026-02-12 17:36:20,100.0,100.0
2026-02-12 17:36:35,100.0,100.0
2026-02-12 17:36:50,100.0,100.0
2026-02-12 17:37:05,100.0,100.0
2026-02-12 17:37:20,100.0,100.0
2026-02-12 17:37:35,100.0,100.0
2026-02-12 17:37:50,100.0,100.0
2026-02-12 17:38:05,100.0,100.0
2026-02-12 17:38:20,100.0,100.0
2026-02-12 17:38:35,100.0,100.0
2026-02-12 17:38:50,100.0,100.0
2026-02-12 17:39:05,100.0,100.0
2026-02-12 17:39:20,100.0,100.0
2026-02-12 17:39:35,100.0,100.0
2026-02-12 17:39:50,100.0,100.0
2026-02-12 17:40:05,100.0,100.0
2026-02-12 17:40:20,100.0,100.0
2026-02-12 17:40:35,100.0,100.0
2026-02-12 17:40:50,100.0,100.0
2026-02-12 17:41:05,100.0,100.0
2026-02-12 17:41:20,100.0,100.0
2026-02-12 17:41:35,100.0,100.0
2026-02-12 17:41:50,100.0,100.0
2026-02-12 17:42:05,100.0,100.0
2026-02-12 17:42:20,100.0,100.0
2026-02-12 17:42:35,100.0,100.0
2026-02-12 17:42:50,100.0,100.0
2026-02-12 17:43:05,100.0,100.0
2026-02-12 17:43:20,100.0,100.0
2026-02-12 17:43:35,100.0,100.0
2026-02-12 17:43:50,100.0,100.0
2026-02-12 17:44:05,100.0,100.0
2026-02-12 17:44:20,100.0,100.0
2026-02-12 17:44:35,100.0,100.0
2026-02-12 17:44:50,100.0,100.0
2026-02-12 17:45:05,100.0,100.0
2026-02-12 17:45:20,100.0,100.0
2026-02-12 17:45:35,100.0,100.0
2026-02-12 17:45:50,100.0,100.0
2026-02-12 17:46:05,100.0,100.0
2026-02-12 17:46:20,100.0,100.0
2026-02-12 17:46:35,100.0,100.0
2026-02-12 17:46:50,100.0,100.0
2026-02-12 17:47:05,100.0,100.0
2026-02-12 17:47:20,100.0,100.0
2026-02-12 17:47:35,100.0,100.0
2026-02-12 17:47:50,100.0,100.0
2026-02-12 17:48:05,100.0,100.0
2026-02-12 17:48:20,100.0,100.0
2026-02-12 17:48:35,100.0,100.0
2026-02-12 17:48:50,100.0,100.0
2026-02-12 17:49:05,100.0,100.0
2026-02-12 17:49:20,100.0,100.0
2026-02-12 17:49:35,100.0,100.0
2026-02-12 17:49:50,100.0,100.0
2026-02-12 17:50:05,100.0,100.0
2026-02-12 17:50:20,100.0,100.0
2026-02-12 17:50:35,100.0,100.0
2026-02-12 17:50:50,100.0,100.0
2026-02-12 17:51:05,100.0,100.0
2026-02-12 17:51:20,100.0,100.0
2026-02-12 17:51:35,100.0,100.0
2026-02-12 17:51:50,100.0,100.0
2026-02-12 17:52:05,100.0,100.0
2026-02-12 17:52:20,100.0,100.0
2026-02-12 17:52:35,100.0,100.0
2026-02-12 17:52:50,100.0,100.0
2026-02-12 17:53:05,100.0,100.0
2026-02-12 17:53:20,100.0,100.0
2026-02-12 17:53:35,100.0,100.0
2026-02-12 17:53:50,100.0,100.0
2026-02-12 17:54:05,100.0,100.0
2026-02-12 17:54:20,100.0,100.0
2026-02-12 17:54:35,100.0,100.0
2026-02-12 17:54:50,100.0,100.0
2026-02-12 17:55:05,100.0,100.0
2026-02-12 17:55:20,100.0,100.0
2026-02-12 17:55:35,100.0,100.0
2026-02-12 17:55:50,100.0,100.0
2026-02-12 17:56:05,100.0,100.0
2026-02-12 17:56:20,100.0,100.0
2026-02-12 17:56:35,100.0,100.0
2026-02-12 17:56:50,100.0,100.0
2026-02-12 17:57:05,100.0,100.0
2026-02-12 17:57:20,100.0,100.0
2026-02-12 17:57:35,100.0,100.0
2026-02-12 17:57:50,100.0,100.0
2026-02-12 17:58:05,100.0,100.0
2026-02-12 17:58:20,100.0,100.0
2026-02-12 17:58:35,100.0,100.0
2026-02-12 17:58:50,100.0,100.0
2026-02-12 17:59:05,100.0,100.0
2026-02-12 17:59:20,100.0,100.0
2026-02-12 17:59:35,100.0,100.0
2026-02-12 17:59:50,100.0,100.0
2026-02-12 18:00:05,100.0,100.0
2026-02-12 18:00:20,100.0,100.0
2026-02-12 18:00:35,100.0,100.0
2026-02-12 18:00:50,100.0,100.0
2026-02-12 18:01:05,100.0,100.0
2026-02-12 18:01:20,100.0,100.0
2026-02-12 18:01:35,100.0,100.0
2026-02-12 18:01:50,100.0,100.0
2026-02-12 18:02:05,100.0,100.0
2026-02-12 18:02:20,100.0,100.0
2026-02-12 18:02:35,100.0,100.0
2026-02-12 18:02:50,100.0,100.0
2026-02-12 18:03:05,100.0,100.0
2026-02-12 18:03:20,100.0,100.0
2026-02-12 18:03:35,100.0,100.0
2026-02-12 18:03:50,100.0,100.0
2026-02-12 18:04:05,100.0,100.0
2026-02-12 18:04:20,100.0,100.0
2026-02-12 18:04:35,100.0,100.0
2026-02-12 18:04:50,100.0,100.0
2026-02-12 18:05:05,100.0,100.0
2026-02-12 18:05:20,100.0,100.0
2026-02-12 18:05:35,100.0,100.0
2026-02-12 18:05:50,100.0,100.0
2026-02-12 18:06:05,100.0,100.0
2026-02-12 18:06:20,100.0,100.0
2026-02-12 18:06:35,100.0,100.0
2026-02-12 18:06:50,100.0,100.0
2026-02-12 18:07:05,100.0,100.0
2026-02-12 18:07:20,100.0,100.0
2026-02-12 18:07:35,100.0,100.0
2026-02-12 18:07:50,100.0,100.0
2026-02-12 18:08:05,100.0,100.0
2026-02-12 18:08:20,100.0,100.0
2026-02-12 18:08:35,100.0,100.0
2026-02-12 18:08:50,100.0,100.0
2026-02-12 18:09:05,100.0,100.0
2026-02-12 18:09:20,100.0,100.0
2026-02-12 18:09:35,100.0,100.0
2026-02-12 18:09:50,100.0,100.0
2026-02-12 18:10:05,100.0,100.0
2026-02-12 18:10:20,100.0,100.0
2026-02-12 18:10:35,100.0,100.0
2026-02-12 18:10:50,100.0,100.0
2026-02-12 18:11:05,100.0,100.0
2026-02-12 18:11:20,100.0,100.0
2026-02-12 18:11:35,100.0,100.0
2026-02-12 18:11:50,100.0,100.0
2026-02-12 18:12:05,100.0,100.0
2026-02-12 18:12:20,100.0,100.0
2026-02-12 18:12:35,100.0,100.0
2026-02-12 18:12:50,100.0,100.0
2026-02-12 18:13:05,100.0,100.0
2026-02-12 18:13:20,100.0,100.0
2026-02-12 18:13:35,100.0,100.0
2026-02-12 18:13:50,100.0,100.0
2026-02-12 18:14:05,100.0,100.0
2026-02-12 18:14:20,100.0,100.0
2026-02-12 18:14:35,100.0,100.0
2026-02-12 18:14:50,100.0,100.0
2026-02-12 18:15:05,100.0,100.0
2026-02-12 18:15:20,100.0,100.0
2026-02-12 18:15:35,100.0,100.0
2026-02-12 18:15:50,100.0,100.0
2026-02-12 18:16:05,100.0,100.0
2026-02-12 18:16:20,100.0,100.0
2026-02-12 18:16:35,100.0,100.0
2026-02-12 18:16:50,100.0,100.0
2026-02-12 18:17:05,100.0,100.0
2026-02-12 18:17:20,100.0,100.0
2026-02-12 18:17:35,100.0,100.0
2026-02-12 18:17:50,100.0,100.0
2026-02-12 18:18:05,100.0,100.0
2026-02-12 18:18:20,100.0,100.0
2026-02-12 18:18:35,100.0,100.0
2026-02-12 18:18:50,100.0,100.0
2026-02-12 18:19:05,100.0,100.0
2026-02-12 18:19:20,100.0,100.0
2026-02-12 18:19:35,100.0,100.0
2026-02-12 18:19:50,100.0,100.0
2026-02-12 18:20:05,100.0,100.0
2026-02-12 18:20:20,100.0,100.0
2026-02-12 18:20:35,100.0,100.0
2026-02-12 18:20:50,100.0,100.0
2026-02-12 18:21:05,100.0,100.0
2026-02-12 18:21:20,100.0,100.0
2026-02-12 18:21:35,100.0,100.0
2026-02-12 18:21:50,100.0,100.0
2026-02-12 18:22:05,100.0,100.0
2026-02-12 18:22:20,100.0,100.0
2026-02-12 18:22:35,100.0,100.0
2026-02-12 18:22:50,100.0,100.0
2026-02-12 18:23:05,100.0,100.0
2026-02-12 18:23:20,100.0,100.0
2026-02-12 18:23:35,100.0,100.0
2026-02-12 18:23:50,100.0,100.0
2026-02-12 18:24:05,100.0,100.0
2026-02-12 18:24:20,100.0,100.0
2026-02-12 18:24:35,100.0,100.0
2026-02-12 18:24:50,100.0,100.0
2026-02-12 18:25:05,100.0,100.0
2026-02-12 18:25:20,100.0,100.0
2026-02-12 18:25:35,100.0,100.0
2026-02-12 18:25:50,100.0,100.0
2026-02-12 18:26:05,100.0,100.0
2026-02-12 18:26:20,100.0,100.0
2026-02-12 18:26:35,100.0,100.0
2026-02-12 18:26:50,100.0,100.0
2026-02-12 18:27:05,100.0,100.0
2026-02-12 18:27:20,100.0,100.0
2026-02-12 18:27:35,100.0,100.0
2026-02-12 18:27:50,100.0,100.0
2026-02-12 18:28:05,100.0,100.0
2026-02-12 18:28:20,100.0,100.0
2026-02-12 18:28:35,100.0,100.0
2026-02-12 18:28:50,100.0,100.0
2026-02-12 18:29:05,100.0,100.0
2026-02-12 18:29:20,100.0,100.0
2026-02-12 18:29:35,100.0,100.0
2026-02-12 18:29:50,100.0,100.0
2026-02-12 18:30:05,100.0,100.0
2026-02-12 18:30:20,100.0,100.0
2026-02-12 18:30:35,100.0,100.0
2026-02-12 18:30:50,100.0,100.0
2026-02-12 18:31:05,100.0,100.0
2026-02-12 18:31:20,100.0,100.0
2026-02-12 18:31:35,100.0,100.0
2026-02-12 18:31:50,100.0,100.0
2026-02-12 18:32:05,100.0,100.0
2026-02-12 18:32:20,100.0,100.0
2026-02-12 18:32:35,100.0,100.0
2026-02-12 18:32:50,100.0,100.0
2026-02-12 18:33:05,100.0,100.0
2026-02-12 18:33:20,100.0,100.0
2026-02-12 18:33:35,100.0,100.0
2026-02-12 18:33:50,100.0,100.0
2026-02-12 18:34:05,100.0,100.0
2026-02-12 18:34:20,100.0,100.0
2026-02-12 18:34:35,100.0,100.0
2026-02-12 18:34:50,100.0,100.0
2026-02-12 18:35:05,100.0,100.0
2026-02-12 18:35:20,100.0,100.0
2026-02-12 18:35:35,100.0,100.0
2026-02-12 18:35:50,100.0,100.0
2026-02-12 18:36:05,100.0,100.0
2026-02-12 18:36:20,100.0,100.0
2026-02-12 18:36:35,100.0,100.0
2026-02-12 18:36:50,100.0,100.0
2026-02-12 18:37:05,100.0,100.0
2026-02-12 18:37:20,100.0,100.0
2026-02-12 18:37:35,100.0,100.0
2026-02-12 18:37:50,100.0,100.0
2026-02-12 18:38:05,100.0,100.0
2026-02-12 18:38:20,100.0,100.0
2026-02-12 18:38:35,100.0,100.0
2026-02-12 18:38:50,100.0,100.0
2026-02-12 18:39:05,100.0,100.0
2026-02-12 18:39:20,100.0,100.0
2026-02-12 18:39:35,100.0,100.0
2026-02-12 18:39:50,100.0,100.0
2026-02-12 18:40:05,100.0,100.0
2026-02-12 18:40:20,100.0,100.0
2026-02-12 18:40:35,100.0,100.0
2026-02-12 18:40:50,100.0,100.0
2026-02-12 18:41:05,100.0,100.0
2026-02-12 18:41:20,100.0,100.0
2026-02-12 18:41:35,100.0,100.0
2026-02-12 18:41:50,100.0,100.0
2026-02-12 18:42:05,100.0,100.0
2026-02-12 18:42:20,100.0,100.0
2026-02-12 18:42:35,100.0,100.0
2026-02-12 18:42:50,100.0,100.0
2026-02-12 18:43:05,100.0,100.0
2026-02-12 18:43:20,100.0,100.0
2026-02-12 18:43:35,100.0,100.0
2026-02-12 18:43:50,100.0,100.0
2026-02-12 18:44:05,100.0,100.0
2026-02-12 18:44:20,100.0,100.0
2026-02-12 18:44:35,100.0,100.0
2026-02-12 18:44:50,100.0,100.0
2026-02-12 18:45:05,100.0,100.0
2026-02-12 18:45:20,100.0,100.0
2026-02-12 18:45:35,100.0,100.0
2026-02-12 18:45:50,100.0,100.0
2026-02-12 18:46:05,100.0,100.0
2026-02-12 18:46:20,100.0,100.0
2026-02-12 18:46:35,100.0,100.0
2026-02-12 18:46:50,100.0,100.0
2026-02-12 18:47:05,100.0,100.0
2026-02-12 18:47:20,100.0,100.0
2026-02-12 18:47:35,100.0,100.0
2026-02-12 18:47:50,100.0,100.0
2026-02-12 18:48:05,100.0,100.0
2026-02-12 18:48:20,100.0,100.0
2026-02-12 18:48:35,100.0,100.0
2026-02-12 18:48:50,100.0,100.0
2026-02-12 18:49:05,100.0,100.0
2026-02-12 18:49:20,100.0,100.0
2026-02-12 18:49:35,100.0,100.0
2026-02-12 18:49:50,100.0,100.0
2026-02-12 18:50:05,100.0,100.0
2026-02-12 18:50:20,100.0,100.0
2026-02-12 18:50:35,100.0,100.0
2026-02-12 18:50:50,100.0,100.0
2026-02-12 18:51:05,100.0,100.0
2026-02-12 18:51:20,100.0,100.0
2026-02-12 18:51:35,100.0,100.0
2026-02-12 18:51:50,100.0,100.0
2026-02-12 18:52:05,100.0,100.0
2026-02-12 18:52:20,100.0,100.0
2026-02-12 18:52:35,100.0,100.0
2026-02-12 18:52:50,100.0,100.0
2026-02-12 18:53:05,100.0,100.0
2026-02-12 18:53:20,100.0,100.0
2026-02-12 18:53:35,100.0,100.0
2026-02-12 18:53:50,100.0,100.0
2026-02-12 18:54:05,100.0,100.0
2026-02-12 18:54:20,100.0,100.0
2026-02-12 18:54:35,100.0,100.0
2026-02-12 18:54:50,100.0,100.0
2026-02-12 18:55:05,100.0,100.0
2026-02-12 18:55:20,100.0,100.0
2026-02-12 18:55:35,100.0,100.0
2026-02-12 18:55:50,100.0,100.0
2026-02-12 18:56:05,100.0,100.0
2026-02-12 18:56:20,100.0,100.0
2026-02-12 18:56:35,100.0,100.0
2026-02-12 18:56:50,100.0,100.0
2026-02-12 18:57:05,100.0,100.0
2026-02-12 18:57:20,100.0,100.0
2026-02-12 18:57:35,100.0,100.0
2026-02-12 18:57:50,100.0,100.0
2026-02-12 18:58:05,100.0,100.0
2026-02-12 18:58:20,100.0,100.0
2026-02-12 18:58:35,100.0,100.0
2026-02-12 18:58:50,100.0,100.0
2026-02-12 18:59:05,100.0,100.0
2026-02-12 18:59:20,100.0,100.0
2026-02-12 18:59:35,100.0,100.0
2026-02-12 18:59:50,100.0,100.0
2026-02-12 19:00:05,100.0,100.0
2026-02-12 19:00:20,100.0,100.0
2026-02-12 19:00:35,100.0,100.0
2026-02-12 19:00:50,100.0,100.0
2026-02-12 19:01:05,100.0,100.0
2026-02-12 19:01:20,100.0,100.0
2026-02-12 19:01:35,100.0,100.0
2026-02-12 19:01:50,100.0,100.0
2026-02-12 19:02:05,100.0,100.0
2026-02-12 19:02:20,100.0,100.0
2026-02-12 19:02:35,100.0,100.0
2026-02-12 19:02:50,100.0,100.0
2026-02-12 19:03:05,100.0,100.0
2026-02-12 19:03:20,100.0,100.0
2026-02-12 19:03:35,100.0,100.0
2026-02-12 19:03:50,100.0,100.0
2026-02-12 19:04:05,100.0,100.0
2026-02-12 19:04:20,87.5,100.0
2026-02-12 19:04:35,87.5,100.0
2026-02-12 19:04:50,87.5,100.0
2026-02-12 19:05:05,87.5,100.0
2026-02-12 19:05:20,87.5,100.0
2026-02-12 19:05:35,87.5,100.0
2026-02-12 19:05:50,87.5,100.0
2026-02-12 19:06:05,87.5,100.0
2026-02-12 19:06:20,87.5,100.0
2026-02-12 19:06:35,87.5,100.0
2026-02-12 19:06:50,87.5,100.0
2026-02-12 19:07:05,87.5,100.0
2026-02-12 19:07:20,87.5,100.0
2026-02-12 19:07:35,87.5,100.0
2026-02-12 19:07:50,87.5,100.0
2026-02-12 19:08:05,87.5,100.0
2026-02-12 19:08:20,87.5,100.0
2026-02-12 19:08:35,87.5,100.0
2026-02-12 19:08:50,87.5,100.0
2026-02-12 19:09:05,87.5,100.0
2026-02-12 19:09:20,87.5,100.0
2026-02-12 19:09:35,87.5,100.0
2026-02-12 19:09:50,87.5,100.0
2026-02-12 19:10:05,87.5,100.0
2026-02-12 19:10:20,87.5,100.0
2026-02-12 19:10:35,87.5,100.0
2026-02-12 19:10:50,87.5,100.0
2026-02-12 19:11:05,87.5,100.0
2026-02-12 19:11:20,87.5,100.0
2026-02-12 19:11:35,87.5,100.0
2026-02-12 19:11:50,87.5,96.0
2026-02-12 19:12:05,87.5,92.0
2026-02-12 19:12:20,87.5,92.0
2026-02-12 19:12:35,87.5,88.0
2026-02-12 19:12:50,87.5,88.0
2026-02-12 19:13:05,87.5,88.0
2026-02-12 19:13:20,87.5,88.0
2026-02-12 19:13:35,87.5,88.0
2026-02-12 19:13:50,87.5,84.0
2026-02-12 19:14:05,87.5,84.0
2026-02-12 19:14:20,87.5,84.0
2026-02-12 19:14:35,87.5,84.0
2026-02-12 19:14:50,87.5,84.0
2026-02-12 19:15:05,87.5,84.0
2026-02-12 19:15:20,87.5,84.0
2026-02-12 19:15:35,87.5,84.0
2026-02-12 19:15:50,87.5,84.0
2026-02-12 19:16:05,87.5,84.0
2026-02-12 19:16:20,87.5,84.0
2026-02-12 19:16:35,87.5,84.0
2026-02-12 19:16:50,87.5,84.0
2026-02-12 19:17:05,87.5,84.0
2026-02-12 19:17:20,87.5,80.0
2026-02-12 19:17:35,87.5,80.0
2026-02-12 19:17:50,87.5,80.0
2026-02-12 19:18:05,87.5,84.0
2026-02-12 19:18:20,75.0,84.0
2026-02-12 19:18:35,75.0,84.0
2026-02-12 19:18:50,75.0,88.0
2026-02-12 19:19:05,87.5,79.3103448275862
2026-02-12 19:19:20,87.5,79.3103448275862
2026-02-12 19:19:35,87.5,75.86206896551724
2026-02-12 19:19:50,87.5,75.86206896551724
2026-02-12 19:20:05,87.5,72.41379310344827
2026-02-12 19:20:20,87.5,72.41379310344827
2026-02-12 19:20:35,87.5,72.41379310344827
2026-02-12 19:20:50,87.5,72.41379310344827
2026-02-12 19:21:05,87.5,75.86206896551724
2026-02-12 19:21:20,87.5,75.86206896551724
2026-02-12 19:21:35,87.5,75.86206896551724
2026-02-12 19:21:50,87.5,75.86206896551724
2026-02-12 19:22:05,87.5,75.86206896551724
2026-02-12 19:22:20,100.0,75.86206896551724
2026-02-12 19:22:35,100.0,75.86206896551724
2026-02-12 19:22:50,100.0,75.86206896551724
2026-02-12 19:23:05,100.0,75.86206896551724
2026-02-12 19:23:20,100.0,75.86206896551724
2026-02-12 19:23:35,100.0,75.86206896551724
2026-02-12 19:23:50,100.0,75.86206896551724
2026-02-12 19:24:05,100.0,75.86206896551724
2026-02-12 19:24:20,100.0,75.86206896551724
2026-02-12 19:24:35,100.0,79.3103448275862
2026-02-12 19:24:50,100.0,79.3103448275862
2026-02-12 19:25:05,100.0,79.3103448275862
2026-02-12 19:25:20,100.0,79.3103448275862
2026-02-12 19:25:35,100.0,82.75862068965517
2026-02-12 19:25:50,100.0,82.75862068965517
2026-02-12 19:26:05,100.0,82.75862068965517
2026-02-12 19:26:20,100.0,86.20689655172413
2026-02-12 19:26:35,87.5,89.65517241379311
2026-02-12 19:26:50,87.5,93.10344827586206
2026-02-12 19:27:05,87.5,96.55172413793103
2026-02-12 19:27:20,87.5,100.0
2026-02-12 19:27:35,100.0,100.0
2026-02-12 19:27:50,100.0,100.0
2026-02-12 19:28:05,100.0,100.0
2026-02-12 19:28:20,100.0,100.0
2026-02-12 19:28:35,100.0,100.0
2026-02-12 19:28:50,100.0,100.0
2026-02-12 19:29:05,100.0,100.0
2026-02-12 19:29:20,100.0,100.0
2026-02-12 19:29:35,100.0,100.0
2026-02-12 19:29:50,100.0,100.0
2026-02-12 19:30:05,100.0,100.0
2026-02-12 19:30:20,100.0,100.0
2026-02-12 19:30:35,100.0,100.0
2026-02-12 19:30:50,100.0,100.0
2026-02-12 19:31:05,100.0,100.0
2026-02-12 19:31:20,100.0,100.0
2026-02-12 19:31:35,100.0,100.0
2026-02-12 19:31:50,100.0,100.0
2026-02-12 19:32:05,100.0,100.0
2026-02-12 19:32:20,100.0,100.0
2026-02-12 19:32:35,100.0,100.0
2026-02-12 19:32:50,100.0,100.0
2026-02-12 19:33:05,100.0,100.0
2026-02-12 19:33:20,100.0,100.0
2026-02-12 19:33:35,100.0,100.0
2026-02-12 19:33:50,100.0,100.0
2026-02-12 19:34:05,100.0,100.0
2026-02-12 19:34:20,100.0,100.0
2026-02-12 19:34:35,100.0,100.0
2026-02-12 19:34:50,100.0,100.0
2026-02-12 19:35:05,100.0,100.0
2026-02-12 19:35:20,100.0,100.0
2026-02-12 19:35:35,100.0,100.0
2026-02-12 19:35:50,100.0,100.0
2026-02-12 19:36:05,100.0,100.0
2026-02-12 19:36:20,100.0,100.0
2026-02-12 19:36:35,100.0,100.0
2026-02-12 19:36:50,100.0,100.0
2026-02-12 19:37:05,100.0,100.0
2026-02-12 19:37:20,100.0,100.0
2026-02-12 19:37:35,100.0,100.0
2026-02-12 19:37:50,100.0,100.0
2026-02-12 19:38:05,100.0,100.0
2026-02-12 19:38:20,100.0,100.0
2026-02-12 19:38:35,100.0,100.0
2026-02-12 19:38:50,100.0,100.0
2026-02-12 19:39:05,100.0,100.0
2026-02-12 19:39:20,100.0,100.0
2026-02-12 19:39:35,100.0,100.0
2026-02-12 19:39:50,100.0,100.0
2026-02-12 19:40:05,100.0,100.0
2026-02-12 19:40:20,100.0,100.0
2026-02-12 19:40:35,100.0,100.0
2026-02-12 19:40:50,100.0,100.0
2026-02-12 19:41:05,100.0,100.0
2026-02-12 19:41:20,100.0,100.0
2026-02-12 19:41:35,100.0,100.0
2026-02-12 19:41:50,100.0,100.0
2026-02-12 19:42:05,100.0,100.0
2026-02-12 19:42:20,100.0,100.0
2026-02-12 19:42:35,100.0,100.0
2026-02-12 19:42:50,100.0,100.0
2026-02-12 19:43:05,100.0,100.0
2026-02-12 19:43:20,100.0,100.0
2026-02-12 19:43:35,100.0,100.0
2026-02-12 19:43:50,100.0,100.0
2026-02-12 19:44:05,100.0,100.0
2026-02-12 19:44:20,100.0,100.0
2026-02-12 19:44:35,100.0,100.0
2026-02-12 19:44:50,100.0,100.0
2026-02-12 19:45:05,100.0,100.0
2026-02-12 19:45:20,100.0,100.0
2026-02-12 19:45:35,100.0,100.0
2026-02-12 19:45:50,100.0,100.0
2026-02-12 19:46:05,100.0,100.0
2026-02-12 19:46:20,100.0,100.0
2026-02-12 19:46:35,100.0,100.0
2026-02-12 19:46:50,100.0,100.0
2026-02-12 19:47:05,100.0,100.0
2026-02-12 19:47:20,100.0,100.0
2026-02-12 19:47:35,100.0,100.0
2026-02-12 19:47:50,100.0,100.0
2026-02-12 19:48:05,100.0,100.0
2026-02-12 19:48:20,100.0,100.0
2026-02-12 19:48:35,100.0,100.0
2026-02-12 19:48:50,100.0,100.0
2026-02-12 19:49:05,100.0,100.0
2026-02-12 19:49:20,100.0,100.0
2026-02-12 19:49:35,100.0,100.0
2026-02-12 19:49:50,100.0,100.0
2026-02-12 19:50:05,100.0,100.0
2026-02-12 19:50:20,100.0,100.0
2026-02-12 19:50:35,100.0,100.0
2026-02-12 19:50:50,100.0,100.0
2026-02-12 19:51:05,100.0,100.0
2026-02-12 19:51:20,100.0,100.0
2026-02-12 19:51:35,100.0,100.0
2026-02-12 19:51:50,100.0,100.0
2026-02-12 19:52:05,100.0,100.0
2026-02-12 19:52:20,100.0,100.0
2026-02-12 19:52:35,100.0,100.0
2026-02-12 19:52:50,100.0,100.0
2026-02-12 19:53:05,100.0,100.0
2026-02-12 19:53:20,100.0,100.0
2026-02-12 19:53:35,100.0,100.0
2026-02-12 19:53:50,100.0,100.0
2026-02-12 19:54:05,100.0,100.0
2026-02-12 19:54:20,100.0,100.0
2026-02-12 19:54:35,100.0,100.0
2026-02-12 19:54:50,100.0,100.0
2026-02-12 19:55:05,100.0,100.0
2026-02-12 19:55:20,100.0,100.0
2026-02-12 19:55:35,100.0,100.0
2026-02-12 19:55:50,100.0,100.0
2026-02-12 19:56:05,100.0,100.0
2026-02-12 19:56:20,100.0,100.0
2026-02-12 19:56:35,100.0,100.0
2026-02-12 19:56:50,100.0,100.0
2026-02-12 19:57:05,100.0,100.0
2026-02-12 19:57:20,100.0,100.0
2026-02-12 19:57:35,100.0,100.0
2026-02-12 19:57:50,100.0,100.0
2026-02-12 19:58:05,100.0,100.0
2026-02-12 19:58:20,100.0,100.0
2026-02-12 19:58:35,100.0,100.0
2026-02-12 19:58:50,100.0,100.0
2026-02-12 19:59:05,100.0,100.0
2026-02-12 19:59:20,100.0,100.0
2026-02-12 19:59:35,100.0,100.0
2026-02-12 19:59:50,100.0,100.0
2026-02-12 20:00:05,100.0,100.0
2026-02-12 20:00:20,100.0,100.0
2026-02-12 20:00:35,100.0,100.0
2026-02-12 20:00:50,100.0,100.0
2026-02-12 20:01:05,100.0,100.0
2026-02-12 20:01:20,100.0,100.0
2026-02-12 20:01:35,100.0,100.0
2026-02-12 20:01:50,100.0,100.0
2026-02-12 20:02:05,100.0,100.0
2026-02-12 20:02:20,100.0,100.0
2026-02-12 20:02:35,100.0,100.0
2026-02-12 20:02:50,100.0,100.0
2026-02-12 20:03:05,100.0,100.0
2026-02-12 20:03:20,100.0,100.0
2026-02-12 20:03:35,100.0,100.0
2026-02-12 20:03:50,100.0,100.0
2026-02-12 20:04:05,100.0,100.0
2026-02-12 20:04:20,100.0,100.0
2026-02-12 20:04:35,100.0,100.0
2026-02-12 20:04:50,100.0,100.0
2026-02-12 20:05:05,100.0,100.0
2026-02-12 20:05:20,100.0,100.0
2026-02-12 20:05:35,100.0,100.0
2026-02-12 20:05:50,100.0,100.0
2026-02-12 20:06:05,100.0,100.0
2026-02-12 20:06:20,100.0,100.0
2026-02-12 20:06:35,100.0,100.0
2026-02-12 20:06:50,100.0,100.0
2026-02-12 20:07:05,100.0,100.0
2026-02-12 20:07:20,100.0,100.0
2026-02-12 20:07:35,100.0,100.0
2026-02-12 20:07:50,100.0,100.0
2026-02-12 20:08:05,100.0,100.0
2026-02-12 20:08:20,100.0,100.0
2026-02-12 20:08:35,100.0,100.0
2026-02-12 20:08:50,100.0,100.0
2026-02-12 20:09:05,100.0,100.0
2026-02-12 20:09:20,100.0,100.0
2026-02-12 20:09:35,100.0,100.0
2026-02-12 20:09:50,100.0,100.0
2026-02-12 20:10:05,100.0,100.0
2026-02-12 20:10:20,100.0,100.0
2026-02-12 20:10:35,100.0,100.0
2026-02-12 20:10:50,100.0,100.0
2026-02-12 20:11:05,100.0,100.0
2026-02-12 20:11:20,100.0,100.0
2026-02-12 20:11:35,100.0,100.0
2026-02-12 20:11:50,100.0,100.0
2026-02-12 20:12:05,100.0,100.0
2026-02-12 20:12:20,100.0,100.0
2026-02-12 20:12:35,100.0,100.0
2026-02-12 20:12:50,100.0,100.0
2026-02-12 20:13:05,100.0,100.0
2026-02-12 20:13:20,100.0,100.0
2026-02-12 20:13:35,100.0,100.0
2026-02-12 20:13:50,100.0,100.0
2026-02-12 20:14:05,100.0,100.0
2026-02-12 20:14:20,100.0,100.0
2026-02-12 20:14:35,100.0,100.0
2026-02-12 20:14:50,100.0,100.0
2026-02-12 20:15:05,100.0,100.0
2026-02-12 20:15:20,100.0,100.0
2026-02-12 20:15:35,100.0,100.0
2026-02-12 20:15:50,100.0,100.0
2026-02-12 20:16:05,100.0,100.0
2026-02-12 20:16:20,100.0,100.0
2026-02-12 20:16:35,100.0,100.0
2026-02-12 20:16:50,100.0,100.0
2026-02-12 20:17:05,100.0,100.0
2026-02-12 20:17:20,100.0,100.0
2026-02-12 20:17:35,100.0,100.0
2026-02-12 20:17:50,100.0,100.0
2026-02-12 20:18:05,100.0,100.0
2026-02-12 20:18:20,100.0,100.0
2026-02-12 20:18:35,100.0,100.0
2026-02-12 20:18:50,100.0,100.0
2026-02-12 20:19:05,100.0,100.0
2026-02-12 20:19:20,100.0,100.0
2026-02-12 20:19:35,100.0,100.0
2026-02-12 20:19:50,100.0,100.0
2026-02-12 20:20:05,100.0,100.0
2026-02-12 20:20:20,100.0,100.0
2026-02-12 20:20:35,100.0,100.0
2026-02-12 20:20:50,100.0,100.0
2026-02-12 20:21:05,100.0,100.0
2026-02-12 20:21:20,100.0,100.0
2026-02-12 20:21:35,100.0,100.0
2026-02-12 20:21:50,100.0,100.0
2026-02-12 20:22:05,100.0,100.0
2026-02-12 20:22:20,100.0,100.0
2026-02-12 20:22:35,100.0,100.0
2026-02-12 20:22:50,100.0,100.0
2026-02-12 20:23:05,100.0,100.0
2026-02-12 20:23:20,100.0,100.0
2026-02-12 20:23:35,100.0,100.0
2026-02-12 20:23:50,100.0,100.0
2026-02-12 20:24:05,100.0,100.0
2026-02-12 20:24:20,100.0,100.0
2026-02-12 20:24:35,100.0,100.0
2026-02-12 20:24:50,100.0,100.0
2026-02-12 20:25:05,100.0,100.0
2026-02-12 20:25:20,100.0,100.0
2026-02-12 20:25:35,100.0,100.0
2026-02-12 20:25:50,100.0,100.0
2026-02-12 20:26:05,100.0,100.0
2026-02-12 20:26:20,100.0,100.0
2026-02-12 20:26:35,100.0,100.0
2026-02-12 20:26:50,100.0,100.0
2026-02-12 20:27:05,100.0,100.0
2026-02-12 20:27:20,100.0,100.0
2026-02-12 20:27:35,100.0,100.0
2026-02-12 20:27:50,100.0,100.0
2026-02-12 20:28:05,100.0,100.0
2026-02-12 20:28:20,100.0,100.0
2026-02-12 20:28:35,100.0,100.0
2026-02-12 20:28:50,100.0,100.0
2026-02-12 20:29:05,100.0,100.0
2026-02-12 20:29:20,100.0,100.0
2026-02-12 20:29:35,100.0,100.0
2026-02-12 20:29:50,100.0,100.0
2026-02-12 20:30:05,100.0,100.0
2026-02-12 20:30:20,100.0,100.0
2026-02-12 20:30:35,100.0,100.0
2026-02-12 20:30:50,100.0,100.0
2026-02-12 20:31:05,100.0,100.0
2026-02-12 20:31:20,100.0,100.0
2026-02-12 20:31:35,100.0,100.0
2026-02-12 20:31:50,100.0,100.0
2026-02-12 20:32:05,100.0,100.0
2026-02-12 20:32:20,100.0,100.0
2026-02-12 20:32:35,100.0,100.0
2026-02-12 20:32:50,100.0,100.0
2026-02-12 20:33:05,100.0,100.0
2026-02-12 20:33:20,100.0,100.0
2026-02-12 20:33:35,100.0,100.0
2026-02-12 20:33:50,100.0,100.0
2026-02-12 20:34:05,100.0,100.0
2026-02-12 20:34:20,100.0,100.0
2026-02-12 20:34:35,100.0,100.0
2026-02-12 20:34:50,100.0,100.0
2026-02-12 20:35:05,100.0,100.0
2026-02-12 20:35:20,100.0,100.0
2026-02-12 20:35:35,100.0,100.0
2026-02-12 20:35:50,100.0,100.0
2026-02-12 20:36:05,100.0,100.0
2026-02-12 20:36:20,100.0,100.0
2026-02-12 20:36:35,100.0,100.0
2026-02-12 20:36:50,100.0,100.0
2026-02-12 20:37:05,100.0,100.0
2026-02-12 20:37:20,100.0,100.0
2026-02-12 20:37:35,100.0,100.0
2026-02-12 20:37:50,100.0,100.0
2026-02-12 20:38:05,100.0,100.0
2026-02-12 20:38:20,100.0,100.0
2026-02-12 20:38:35,100.0,100.0
2026-02-12 20:38:50,100.0,100.0
2026-02-12 20:39:05,100.0,100.0
2026-02-12 20:39:20,100.0,100.0
2026-02-12 20:39:35,100.0,100.0
2026-02-12 20:39:50,100.0,100.0
2026-02-12 20:40:05,100.0,100.0
2026-02-12 20:40:20,100.0,100.0
2026-02-12 20:40:35,100.0,100.0
2026-02-12 20:40:50,100.0,100.0
2026-02-12 20:41:05,100.0,100.0
2026-02-12 20:41:20,100.0,100.0
2026-02-12 20:41:35,100.0,100.0
2026-02-12 20:41:50,100.0,100.0
2026-02-12 20:42:05,100.0,100.0
2026-02-12 20:42:20,100.0,100.0
2026-02-12 20:42:35,100.0,100.0
2026-02-12 20:42:50,100.0,100.0
2026-02-12 20:43:05,100.0,100.0
2026-02-12 20:43:20,100.0,100.0
2026-02-12 20:43:35,100.0,100.0
2026-02-12 20:43:50,100.0,100.0
2026-02-12 20:44:05,100.0,100.0
2026-02-12 20:44:20,100.0,100.0
2026-02-12 20:44:35,100.0,100.0
2026-02-12 20:44:50,100.0,100.0
2026-02-12 20:45:05,100.0,100.0
2026-02-12 20:45:20,100.0,100.0
2026-02-12 20:45:35,100.0,100.0
2026-02-12 20:45:50,100.0,100.0
2026-02-12 20:46:05,100.0,100.0
2026-02-12 20:46:20,100.0,100.0
2026-02-12 20:46:35,100.0,100.0
2026-02-12 20:46:50,100.0,100.0
2026-02-12 20:47:05,100.0,100.0
2026-02-12 20:47:20,100.0,100.0
2026-02-12 20:47:35,100.0,100.0
2026-02-12 20:47:50,100.0,100.0
2026-02-12 20:48:05,100.0,100.0
2026-02-12 20:48:20,100.0,100.0
2026-02-12 20:48:35,100.0,100.0
2026-02-12 20:48:50,100.0,100.0
2026-02-12 20:49:05,100.0,100.0
2026-02-12 20:49:20,100.0,100.0
2026-02-12 20:49:35,100.0,100.0
2026-02-12 20:49:50,100.0,100.0
2026-02-12 20:50:05,100.0,100.0
2026-02-12 20:50:20,100.0,100.0
2026-02-12 20:50:35,100.0,100.0
2026-02-12 20:50:50,100.0,100.0
2026-02-12 20:51:05,100.0,100.0
2026-02-12 20:51:20,100.0,100.0
2026-02-12 20:51:35,100.0,100.0
2026-02-12 20:51:50,100.0,100.0
2026-02-12 20:52:05,100.0,100.0
2026-02-12 20:52:20,100.0,100.0
2026-02-12 20:52:35,100.0,100.0
2026-02-12 20:52:50,100.0,100.0
2026-02-12 20:53:05,100.0,100.0
2026-02-12 20:53:20,100.0,100.0
2026-02-12 20:53:35,100.0,100.0
2026-02-12 20:53:50,100.0,100.0
2026-02-12 20:54:05,100.0,100.0
2026-02-12 20:54:20,100.0,100.0
2026-02-12 20:54:35,100.0,100.0
2026-02-12 20:54:50,100.0,100.0
2026-02-12 20:55:05,100.0,100.0
2026-02-12 20:55:20,100.0,100.0
2026-02-12 20:55:35,100.0,100.0
2026-02-12 20:55:50,100.0,100.0
2026-02-12 20:56:05,100.0,100.0
2026-02-12 20:56:20,100.0,100.0
2026-02-12 20:56:35,100.0,100.0
2026-02-12 20:56:50,100.0,100.0
2026-02-12 20:57:05,100.0,100.0
2026-02-12 20:57:20,100.0,100.0
2026-02-12 20:57:35,100.0,100.0
2026-02-12 20:57:50,100.0,100.0
2026-02-12 20:58:05,100.0,100.0
2026-02-12 20:58:20,100.0,100.0
2026-02-12 20:58:35,100.0,100.0
2026-02-12 20:58:50,100.0,100.0
2026-02-12 20:59:05,100.0,100.0
2026-02-12 20:59:20,100.0,100.0
2026-02-12 20:59:35,100.0,100.0
2026-02-12 20:59:50,100.0,100.0
2026-02-12 21:00:05,100.0,100.0
2026-02-12 21:00:20,100.0,100.0
2026-02-12 21:00:35,100.0,100.0
2026-02-12 21:00:50,100.0,100.0
2026-02-12 21:01:05,100.0,100.0
2026-02-12 21:01:20,100.0,100.0
2026-02-12 21:01:35,100.0,100.0
2026-02-12 21:01:50,100.0,100.0
2026-02-12 21:02:05,100.0,100.0
2026-02-12 21:02:20,100.0,100.0
2026-02-12 21:02:35,100.0,100.0
2026-02-12 21:02:50,100.0,100.0
2026-02-12 21:03:05,100.0,100.0
2026-02-12 21:03:20,100.0,100.0
2026-02-12 21:03:35,100.0,100.0
2026-02-12 21:03:50,100.0,100.0
2026-02-12 21:04:05,100.0,100.0
2026-02-12 21:04:20,100.0,100.0
2026-02-12 21:04:35,100.0,100.0
2026-02-12 21:04:50,100.0,100.0
2026-02-12 21:05:05,100.0,100.0
2026-02-12 21:05:20,100.0,100.0
2026-02-12 21:05:35,100.0,100.0
2026-02-12 21:05:50,100.0,100.0
2026-02-12 21:06:05,100.0,100.0
2026-02-12 21:06:20,100.0,100.0
2026-02-12 21:06:35,100.0,100.0
2026-02-12 21:06:50,100.0,100.0
2026-02-12 21:07:05,100.0,100.0
2026-02-12 21:07:20,100.0,100.0
2026-02-12 21:07:35,100.0,100.0
2026-02-12 21:07:50,100.0,100.0
2026-02-12 21:08:05,100.0,100.0
2026-02-12 21:08:20,100.0,100.0
2026-02-12 21:08:35,100.0,100.0
2026-02-12 21:08:50,100.0,100.0
2026-02-12 21:09:05,100.0,100.0
2026-02-12 21:09:20,100.0,100.0
2026-02-12 21:09:35,100.0,100.0
2026-02-12 21:09:50,100.0,100.0
2026-02-12 21:10:05,100.0,100.0
2026-02-12 21:10:20,100.0,100.0
2026-02-12 21:10:35,100.0,100.0
2026-02-12 21:10:50,100.0,100.0
2026-02-12 21:11:05,100.0,100.0
2026-02-12 21:11:20,100.0,100.0
2026-02-12 21:11:35,100.0,100.0
2026-02-12 21:11:50,100.0,100.0
2026-02-12 21:12:05,100.0,100.0
2026-02-12 21:12:20,100.0,100.0
2026-02-12 21:12:35,100.0,100.0
2026-02-12 21:12:50,100.0,100.0
2026-02-12 21:13:05,100.0,100.0
2026-02-12 21:13:20,100.0,100.0
2026-02-12 21:13:35,100.0,100.0
2026-02-12 21:13:50,100.0,100.0
2026-02-12 21:14:05,100.0,100.0
2026-02-12 21:14:20,100.0,100.0
2026-02-12 21:14:35,100.0,100.0
2026-02-12 21:14:50,100.0,100.0
2026-02-12 21:15:05,100.0,100.0
2026-02-12 21:15:20,100.0,100.0
2026-02-12 21:15:35,100.0,100.0
2026-02-12 21:15:50,100.0,100.0
2026-02-12 21:16:05,100.0,100.0
2026-02-12 21:16:20,100.0,100.0
2026-02-12 21:16:35,100.0,100.0
2026-02-12 21:16:50,100.0,100.0
2026-02-12 21:17:05,100.0,100.0
2026-02-12 21:17:20,100.0,100.0
2026-02-12 21:17:35,100.0,100.0
2026-02-12 21:17:50,100.0,100.0
2026-02-12 21:18:05,100.0,100.0
2026-02-12 21:18:20,100.0,100.0
2026-02-12 21:18:35,100.0,100.0
2026-02-12 21:18:50,100.0,100.0
2026-02-12 21:19:05,100.0,100.0
2026-02-12 21:19:20,100.0,100.0
2026-02-12 21:19:35,100.0,100.0
2026-02-12 21:19:50,100.0,100.0
2026-02-12 21:20:05,100.0,100.0
2026-02-12 21:20:20,100.0,100.0
2026-02-12 21:20:35,100.0,100.0
2026-02-12 21:20:50,100.0,100.0
2026-02-12 21:21:05,100.0,100.0
2026-02-12 21:21:20,100.0,100.0
2026-02-12 21:21:35,100.0,100.0
2026-02-12 21:21:50,100.0,100.0
2026-02-12 21:22:05,100.0,100.0
2026-02-12 21:22:20,100.0,100.0
2026-02-12 21:22:35,100.0,100.0
2026-02-12 21:22:50,100.0,100.0
2026-02-12 21:23:05,100.0,100.0
2026-02-12 21:23:20,100.0,100.0
2026-02-12 21:23:35,100.0,100.0
2026-02-12 21:23:50,100.0,100.0
2026-02-12 21:24:05,100.0,100.0
2026-02-12 21:24:20,100.0,100.0
2026-02-12 21:24:35,100.0,100.0
2026-02-12 21:24:50,100.0,100.0
2026-02-12 21:25:05,100.0,100.0
2026-02-12 21:25:20,100.0,100.0
2026-02-12 21:25:35,100.0,100.0
2026-02-12 21:25:50,100.0,100.0
2026-02-12 21:26:05,100.0,100.0
2026-02-12 21:26:20,100.0,100.0
2026-02-12 21:26:35,100.0,100.0
2026-02-12 21:26:50,100.0,100.0
2026-02-12 21:27:05,100.0,100.0
2026-02-12 21:27:20,100.0,100.0
2026-02-12 21:27:35,100.0,100.0
2026-02-12 21:27:50,100.0,100.0
2026-02-12 21:28:05,100.0,100.0
2026-02-12 21:28:20,100.0,100.0
2026-02-12 21:28:35,100.0,100.0
2026-02-12 21:28:50,100.0,100.0
2026-02-12 21:29:05,100.0,100.0
2026-02-12 21:29:20,100.0,100.0
2026-02-12 21:29:35,100.0,100.0
2026-02-12 21:29:50,100.0,100.0
2026-02-12 21:30:05,100.0,100.0
2026-02-12 21:30:20,100.0,100.0
2026-02-12 21:30:35,100.0,100.0
2026-02-12 21:30:50,100.0,100.0
2026-02-12 21:31:05,100.0,100.0
2026-02-12 21:31:20,100.0,100.0
2026-02-12 21:31:35,100.0,100.0
2026-02-12 21:31:50,100.0,100.0
2026-02-12 21:32:05,100.0,100.0
2026-02-12 21:32:20,100.0,100.0
2026-02-12 21:32:35,100.0,100.0
2026-02-12 21:32:50,100.0,100.0
2026-02-12 21:33:05,100.0,100.0
2026-02-12 21:33:20,100.0,100.0
2026-02-12 21:33:35,100.0,100.0
2026-02-12 21:33:50,100.0,100.0
2026-02-12 21:34:05,100.0,100.0
2026-02-12 21:34:20,100.0,100.0
2026-02-12 21:34:35,100.0,100.0
2026-02-12 21:34:50,100.0,100.0
2026-02-12 21:35:05,100.0,100.0
2026-02-12 21:35:20,100.0,100.0
2026-02-12 21:35:35,100.0,100.0
2026-02-12 21:35:50,100.0,100.0
2026-02-12 21:36:05,100.0,100.0
2026-02-12 21:36:20,100.0,100.0
2026-02-12 21:36:35,100.0,100.0
2026-02-12 21:36:50,100.0,100.0
2026-02-12 21:37:05,100.0,100.0
2026-02-12 21:37:20,100.0,100.0
2026-02-12 21:37:35,100.0,100.0
2026-02-12 21:37:50,100.0,100.0
2026-02-12 21:38:05,100.0,100.0
2026-02-12 21:38:20,100.0,100.0
2026-02-12 21:38:35,100.0,100.0
2026-02-12 21:38:50,100.0,100.0
2026-02-12 21:39:05,100.0,100.0
2026-02-12 21:39:20,100.0,100.0
2026-02-12 21:39:35,100.0,100.0
2026-02-12 21:39:50,100.0,100.0
2026-02-12 21:40:05,100.0,100.0
2026-02-12 21:40:20,100.0,100.0
2026-02-12 21:40:35,100.0,100.0
2026-02-12 21:40:50,100.0,100.0
2026-02-12 21:41:05,100.0,100.0
2026-02-12 21:41:20,100.0,100.0
2026-02-12 21:41:35,100.0,100.0
2026-02-12 21:41:50,100.0,100.0
2026-02-12 21:42:05,100.0,100.0
2026-02-12 21:42:20,100.0,100.0
2026-02-12 21:42:35,100.0,100.0
2026-02-12 21:42:50,100.0,100.0
2026-02-12 21:43:05,100.0,100.0
2026-02-12 21:43:20,100.0,100.0
2026-02-12 21:43:35,100.0,100.0
2026-02-12 21:43:50,100.0,100.0
2026-02-12 21:44:05,100.0,100.0
2026-02-12 21:44:20,100.0,100.0
2026-02-12 21:44:35,100.0,100.0
2026-02-12 21:44:50,100.0,100.0
2026-02-12 21:45:05,100.0,100.0
2026-02-12 21:45:20,100.0,100.0
2026-02-12 21:45:35,100.0,100.0
2026-02-12 21:45:50,100.0,100.0
2026-02-12 21:46:05,100.0,100.0
2026-02-12 21:46:20,100.0,100.0
2026-02-12 21:46:35,100.0,100.0
2026-02-12 21:46:50,100.0,100.0
2026-02-12 21:47:05,100.0,100.0
2026-02-12 21:47:20,100.0,100.0
2026-02-12 21:47:35,100.0,100.0
2026-02-12 21:47:50,100.0,100.0
2026-02-12 21:48:05,100.0,100.0
2026-02-12 21:48:20,100.0,100.0
2026-02-12 21:48:35,100.0,100.0
2026-02-12 21:48:50,100.0,100.0
2026-02-12 21:49:05,100.0,100.0
2026-02-12 21:49:20,100.0,100.0
2026-02-12 21:49:35,100.0,100.0
2026-02-12 21:49:50,100.0,100.0
2026-02-12 21:50:05,100.0,100.0
2026-02-12 21:50:20,100.0,100.0
2026-02-12 21:50:35,100.0,100.0
2026-02-12 21:50:50,100.0,100.0
2026-02-12 21:51:05,100.0,100.0
2026-02-12 21:51:20,100.0,100.0
2026-02-12 21:51:35,100.0,100.0
2026-02-12 21:51:50,100.0,100.0
2026-02-12 21:52:05,100.0,100.0
2026-02-12 21:52:20,100.0,100.0
2026-02-12 21:52:35,100.0,100.0
2026-02-12 21:52:50,100.0,100.0
2026-02-12 21:53:05,100.0,100.0
2026-02-12 21:53:20,100.0,100.0
2026-02-12 21:53:35,100.0,100.0
2026-02-12 21:53:50,100.0,100.0
2026-02-12 21:54:05,100.0,100.0
2026-02-12 21:54:20,100.0,100.0
2026-02-12 21:54:35,100.0,100.0
2026-02-12 21:54:50,100.0,100.0
2026-02-12 21:55:05,100.0,100.0
2026-02-12 21:55:20,100.0,100.0
2026-02-12 21:55:35,100.0,100.0
2026-02-12 21:55:50,100.0,100.0
2026-02-12 21:56:05,100.0,100.0
2026-02-12 21:56:20,100.0,100.0
2026-02-12 21:56:35,100.0,100.0
2026-02-12 21:56:50,100.0,100.0
2026-02-12 21:57:05,100.0,100.0
2026-02-12 21:57:20,100.0,100.0
2026-02-12 21:57:35,100.0,100.0
2026-02-12 21:57:50,100.0,100.0
2026-02-12 21:58:05,100.0,100.0
2026-02-12 21:58:20,100.0,100.0
2026-02-12 21:58:35,100.0,100.0
2026-02-12 21:58:50,100.0,100.0
2026-02-12 21:59:05,100.0,100.0
2026-02-12 21:59:20,100.0,100.0
2026-02-12 21:59:35,100.0,100.0
2026-02-12 21:59:50,100.0,100.0
2026-02-12 22:00:05,100.0,100.0
2026-02-12 22:00:20,100.0,100.0
2026-02-12 22:00:35,100.0,100.0
2026-02-12 22:00:50,100.0,100.0
2026-02-12 22:01:05,100.0,100.0
2026-02-12 22:01:20,100.0,100.0
2026-02-12 22:01:35,100.0,100.0
2026-02-12 22:01:50,100.0,100.0
2026-02-12 22:02:05,100.0,100.0
2026-02-12 22:02:20,100.0,100.0
2026-02-12 22:02:35,100.0,100.0
2026-02-12 22:02:50,100.0,100.0
2026-02-12 22:03:05,100.0,100.0
2026-02-12 22:03:20,100.0,100.0
2026-02-12 22:03:35,100.0,100.0
2026-02-12 22:03:50,100.0,100.0
2026-02-12 22:04:05,100.0,100.0
2026-02-12 22:04:20,100.0,100.0
2026-02-12 22:04:35,100.0,100.0
2026-02-12 22:04:50,100.0,100.0
2026-02-12 22:05:05,100.0,100.0
2026-02-12 22:05:20,100.0,100.0
2026-02-12 22:05:35,100.0,100.0
2026-02-12 22:05:50,100.0,100.0
2026-02-12 22:06:05,100.0,100.0
2026-02-12 22:06:20,100.0,100.0
2026-02-12 22:06:35,100.0,100.0
2026-02-12 22:06:50,100.0,100.0
2026-02-12 22:07:05,100.0,100.0
2026-02-12 22:07:20,100.0,100.0
2026-02-12 22:07:35,100.0,100.0
2026-02-12 22:07:50,100.0,100.0
2026-02-12 22:08:05,100.0,100.0
2026-02-12 22:08:20,100.0,100.0
2026-02-12 22:08:35,100.0,100.0
2026-02-12 22:08:50,100.0,100.0
2026-02-12 22:09:05,100.0,100.0
2026-02-12 22:09:20,100.0,100.0
2026-02-12 22:09:35,100.0,100.0
2026-02-12 22:09:50,100.0,100.0
2026-02-12 22:10:05,100.0,100.0
2026-02-12 22:10:20,100.0,100.0
2026-02-12 22:10:35,100.0,100.0
2026-02-12 22:10:50,100.0,100.0
2026-02-12 22:11:05,100.0,100.0
2026-02-12 22:11:20,100.0,100.0
2026-02-12 22:11:35,100.0,100.0
2026-02-12 22:11:50,100.0,100.0
2026-02-12 22:12:05,100.0,100.0
2026-02-12 22:12:20,100.0,100.0
2026-02-12 22:12:35,100.0,100.0
2026-02-12 22:12:50,100.0,100.0
2026-02-12 22:13:05,100.0,100.0
2026-02-12 22:13:20,100.0,100.0
2026-02-12 22:13:35,100.0,100.0
2026-02-12 22:13:50,100.0,100.0
2026-02-12 22:14:05,100.0,100.0
2026-02-12 22:14:20,100.0,100.0
2026-02-12 22:14:35,100.0,100.0
2026-02-12 22:14:50,100.0,100.0
2026-02-12 22:15:05,100.0,100.0
2026-02-12 22:15:20,100.0,100.0
2026-02-12 22:15:35,100.0,100.0
2026-02-12 22:15:50,100.0,100.0
2026-02-12 22:16:05,100.0,100.0
2026-02-12 22:16:20,100.0,100.0
2026-02-12 22:16:35,100.0,100.0
2026-02-12 22:16:50,100.0,100.0
2026-02-12 22:17:05,100.0,100.0
2026-02-12 22:17:20,100.0,100.0
2026-02-12 22:17:35,100.0,100.0
2026-02-12 22:17:50,100.0,100.0
2026-02-12 22:18:05,100.0,100.0
2026-02-12 22:18:20,100.0,100.0
2026-02-12 22:18:35,100.0,100.0
2026-02-12 22:18:50,100.0,100.0
2026-02-12 22:19:05,100.0,100.0
2026-02-12 22:19:20,100.0,100.0
2026-02-12 22:19:35,100.0,100.0
2026-02-12 22:19:50,100.0,100.0
2026-02-12 22:20:05,100.0,100.0
2026-02-12 22:20:20,100.0,100.0
2026-02-12 22:20:35,100.0,100.0
2026-02-12 22:20:50,100.0,100.0
2026-02-12 22:21:05,100.0,100.0
2026-02-12 22:21:20,100.0,100.0
2026-02-12 22:21:35,100.0,100.0
2026-02-12 22:21:50,100.0,100.0
2026-02-12 22:22:05,100.0,100.0
2026-02-12 22:22:20,100.0,100.0
2026-02-12 22:22:35,100.0,100.0
2026-02-12 22:22:50,100.0,100.0
2026-02-12 22:23:05,100.0,100.0
2026-02-12 22:23:20,100.0,100.0
2026-02-12 22:23:35,100.0,100.0
2026-02-12 22:23:50,100.0,100.0
2026-02-12 22:24:05,100.0,100.0
2026-02-12 22:24:20,100.0,100.0
2026-02-12 22:24:35,100.0,100.0
2026-02-12 22:24:50,100.0,100.0
2026-02-12 22:25:05,100.0,100.0
2026-02-12 22:25:20,100.0,100.0
2026-02-12 22:25:35,100.0,100.0
2026-02-12 22:25:50,100.0,100.0
2026-02-12 22:26:05,100.0,100.0
2026-02-12 22:26:20,100.0,100.0
2026-02-12 22:26:35,100.0,100.0
2026-02-12 22:26:50,100.0,100.0
2026-02-12 22:27:05,100.0,100.0
2026-02-12 22:27:20,100.0,100.0
2026-02-12 22:27:35,100.0,100.0
2026-02-12 22:27:50,100.0,100.0
2026-02-12 22:28:05,100.0,100.0
2026-02-12 22:28:20,100.0,100.0
2026-02-12 22:28:35,100.0,100.0
2026-02-12 22:28:50,100.0,100.0
2026-02-12 22:29:05,100.0,100.0
2026-02-12 22:29:20,100.0,100.0
2026-02-12 22:29:35,100.0,100.0
2026-02-12 22:29:50,100.0,100.0
2026-02-12 22:30:05,100.0,100.0
2026-02-12 22:30:20,100.0,100.0
2026-02-12 22:30:35,100.0,100.0
2026-02-12 22:30:50,100.0,100.0
2026-02-12 22:31:05,100.0,100.0
2026-02-12 22:31:20,100.0,100.0
2026-02-12 22:31:35,100.0,100.0
2026-02-12 22:31:50,100.0,100.0
2026-02-12 22:32:05,100.0,100.0
2026-02-12 22:32:20,100.0,100.0
2026-02-12 22:32:35,100.0,100.0
2026-02-12 22:32:50,100.0,100.0
2026-02-12 22:33:05,100.0,100.0
2026-02-12 22:33:20,100.0,100.0
2026-02-12 22:33:35,100.0,100.0
2026-02-12 22:33:50,100.0,100.0
2026-02-12 22:34:05,100.0,100.0
2026-02-12 22:34:20,100.0,100.0
2026-02-12 22:34:35,100.0,100.0
2026-02-12 22:34:50,100.0,100.0
2026-02-12 22:35:05,100.0,100.0
2026-02-12 22:35:20,100.0,100.0
2026-02-12 22:35:35,100.0,100.0
2026-02-12 22:35:50,100.0,100.0
2026-02-12 22:36:05,100.0,100.0
2026-02-12 22:36:20,100.0,100.0
2026-02-12 22:36:35,100.0,100.0
2026-02-12 22:36:50,100.0,100.0
2026-02-12 22:37:05,100.0,100.0
2026-02-12 22:37:20,100.0,100.0
2026-02-12 22:37:35,100.0,100.0
2026-02-12 22:37:50,100.0,100.0
2026-02-12 22:38:05,100.0,100.0
2026-02-12 22:38:20,100.0,100.0
2026-02-12 22:38:35,100.0,100.0
2026-02-12 22:38:50,100.0,100.0
2026-02-12 22:39:05,100.0,100.0
2026-02-12 22:39:20,100.0,100.0
2026-02-12 22:39:35,100.0,100.0
2026-02-12 22:39:50,100.0,100.0
2026-02-12 22:40:05,100.0,100.0
2026-02-12 22:40:20,100.0,100.0
2026-02-12 22:40:35,100.0,100.0
2026-02-12 22:40:50,100.0,100.0
2026-02-12 22:41:05,100.0,100.0
2026-02-12 22:41:20,100.0,100.0
2026-02-12 22:41:35,100.0,100.0
2026-02-12 22:41:50,100.0,100.0
2026-02-12 22:42:05,100.0,100.0
2026-02-12 22:42:20,100.0,100.0
2026-02-12 22:42:35,100.0,100.0
2026-02-12 22:42:50,100.0,100.0
2026-02-12 22:43:05,100.0,100.0
2026-02-12 22:43:20,100.0,100.0
2026-02-12 22:43:35,100.0,100.0
2026-02-12 22:43:50,100.0,100.0
2026-02-12 22:44:05,100.0,100.0
2026-02-12 22:44:20,100.0,100.0
2026-02-12 22:44:35,100.0,100.0
2026-02-12 22:44:50,100.0,100.0
2026-02-12 22:45:05,100.0,100.0
2026-02-12 22:45:20,100.0,100.0
2026-02-12 22:45:35,100.0,100.0
2026-02-12 22:45:50,100.0,100.0
2026-02-12 22:46:05,100.0,100.0
2026-02-12 22:46:20,100.0,100.0
2026-02-12 22:46:35,100.0,100.0
2026-02-12 22:46:50,100.0,100.0
2026-02-12 22:47:05,100.0,100.0
2026-02-12 22:47:20,100.0,100.0
2026-02-12 22:47:35,100.0,100.0
2026-02-12 22:47:50,100.0,100.0
2026-02-12 22:48:05,100.0,100.0
2026-02-12 22:48:20,100.0,100.0
2026-02-12 22:48:35,100.0,100.0
2026-02-12 22:48:50,100.0,100.0
2026-02-12 22:49:05,100.0,100.0
2026-02-12 22:49:20,100.0,100.0
2026-02-12 22:49:35,100.0,100.0
2026-02-12 22:49:50,100.0,100.0
2026-02-12 22:50:05,100.0,100.0
2026-02-12 22:50:20,100.0,100.0
2026-02-12 22:50:35,100.0,100.0
2026-02-12 22:50:50,100.0,100.0
2026-02-12 22:51:05,100.0,100.0
2026-02-12 22:51:20,100.0,100.0
2026-02-12 22:51:35,100.0,100.0
2026-02-12 22:51:50,100.0,100.0
2026-02-12 22:52:05,100.0,100.0
2026-02-12 22:52:20,100.0,100.0
2026-02-12 22:52:35,100.0,100.0
2026-02-12 22:52:50,100.0,100.0
2026-02-12 22:53:05,100.0,100.0
2026-02-12 22:53:20,100.0,100.0
2026-02-12 22:53:35,100.0,100.0
2026-02-12 22:53:50,100.0,100.0
2026-02-12 22:54:05,100.0,100.0
2026-02-12 22:54:20,100.0,100.0
2026-02-12 22:54:35,100.0,100.0
2026-02-12 22:54:50,100.0,100.0
2026-02-12 22:55:05,100.0,100.0
2026-02-12 22:55:20,100.0,100.0
2026-02-12 22:55:35,100.0,100.0
2026-02-12 22:55:50,100.0,100.0
2026-02-12 22:56:05,100.0,100.0
2026-02-12 22:56:20,100.0,100.0
2026-02-12 22:56:35,100.0,100.0
2026-02-12 22:56:50,100.0,100.0
2026-02-12 22:57:05,100.0,100.0
2026-02-12 22:57:20,100.0,100.0
2026-02-12 22:57:35,100.0,100.0
2026-02-12 22:57:50,100.0,100.0
2026-02-12 22:58:05,100.0,100.0
2026-02-12 22:58:20,100.0,100.0
2026-02-12 22:58:35,100.0,100.0
2026-02-12 22:58:50,100.0,100.0
2026-02-12 22:59:05,100.0,100.0
2026-02-12 22:59:20,100.0,100.0
2026-02-12 22:59:35,100.0,100.0
2026-02-12 22:59:50,100.0,100.0
2026-02-12 23:00:05,100.0,100.0
2026-02-12 23:00:20,100.0,100.0
2026-02-12 23:00:35,100.0,100.0
2026-02-12 23:00:50,100.0,100.0
2026-02-12 23:01:05,100.0,100.0
2026-02-12 23:01:20,100.0,100.0
2026-02-12 23:01:35,100.0,100.0
2026-02-12 23:01:50,100.0,100.0
2026-02-12 23:02:05,100.0,100.0
2026-02-12 23:02:20,100.0,100.0
2026-02-12 23:02:35,100.0,100.0
2026-02-12 23:02:50,100.0,100.0
2026-02-12 23:03:05,100.0,100.0
2026-02-12 23:03:20,100.0,100.0
2026-02-12 23:03:35,100.0,100.0
2026-02-12 23:03:50,100.0,100.0
2026-02-12 23:04:05,100.0,100.0
2026-02-12 23:04:20,100.0,100.0
2026-02-12 23:04:35,100.0,100.0
2026-02-12 23:04:50,100.0,100.0
2026-02-12 23:05:05,100.0,100.0
2026-02-12 23:05:20,100.0,100.0
2026-02-12 23:05:35,100.0,100.0
2026-02-12 23:05:50,100.0,100.0
2026-02-12 23:06:05,100.0,100.0
2026-02-12 23:06:20,100.0,100.0
2026-02-12 23:06:35,100.0,100.0
2026-02-12 23:06:50,100.0,100.0
2026-02-12 23:07:05,100.0,100.0
2026-02-12 23:07:20,100.0,100.0
2026-02-12 23:07:35,100.0,100.0
2026-02-12 23:07:50,100.0,100.0
2026-02-12 23:08:05,100.0,100.0
2026-02-12 23:08:20,100.0,100.0
2026-02-12 23:08:35,100.0,100.0
2026-02-12 23:08:50,100.0,100.0
2026-02-12 23:09:05,100.0,100.0
2026-02-12 23:09:20,100.0,100.0
2026-02-12 23:09:35,100.0,100.0
2026-02-12 23:09:50,100.0,100.0
2026-02-12 23:10:05,100.0,100.0
2026-02-12 23:10:20,100.0,100.0
2026-02-12 23:10:35,100.0,100.0
2026-02-12 23:10:50,100.0,100.0
2026-02-12 23:11:05,100.0,100.0
2026-02-12 23:11:20,100.0,100.0
2026-02-12 23:11:35,100.0,100.0
2026-02-12 23:11:50,100.0,100.0
2026-02-12 23:12:05,100.0,100.0
2026-02-12 23:12:20,100.0,100.0
2026-02-12 23:12:35,100.0,100.0
2026-02-12 23:12:50,100.0,100.0
2026-02-12 23:13:05,100.0,100.0
2026-02-12 23:13:20,100.0,100.0
2026-02-12 23:13:35,100.0,100.0
2026-02-12 23:13:50,100.0,100.0
2026-02-12 23:14:05,100.0,100.0
2026-02-12 23:14:20,100.0,100.0
2026-02-12 23:14:35,100.0,100.0
2026-02-12 23:14:50,100.0,100.0
2026-02-12 23:15:05,100.0,100.0
2026-02-12 23:15:20,100.0,100.0
2026-02-12 23:15:35,100.0,100.0
2026-02-12 23:15:50,100.0,100.0
2026-02-12 23:16:05,100.0,100.0
2026-02-12 23:16:20,100.0,100.0
2026-02-12 23:16:35,100.0,100.0
2026-02-12 23:16:50,100.0,100.0
2026-02-12 23:17:05,100.0,100.0
2026-02-12 23:17:20,100.0,100.0
2026-02-12 23:17:35,100.0,100.0
2026-02-12 23:17:50,100.0,100.0
2026-02-12 23:18:05,100.0,100.0
2026-02-12 23:18:20,100.0,100.0
2026-02-12 23:18:35,100.0,100.0
2026-02-12 23:18:50,100.0,100.0
2026-02-12 23:19:05,100.0,100.0
2026-02-12 23:19:20,100.0,100.0
2026-02-12 23:19:35,100.0,100.0
2026-02-12 23:19:50,100.0,100.0
2026-02-12 23:20:05,100.0,100.0
2026-02-12 23:20:20,100.0,100.0
2026-02-12 23:20:35,100.0,100.0
2026-02-12 23:20:50,100.0,100.0
2026-02-12 23:21:05,100.0,100.0
2026-02-12 23:21:20,100.0,100.0
2026-02-12 23:21:35,100.0,100.0
2026-02-12 23:21:50,100.0,100.0
2026-02-12 23:22:05,100.0,100.0
2026-02-12 23:22:20,100.0,100.0
2026-02-12 23:22:35,100.0,100.0
2026-02-12 23:22:50,100.0,100.0
2026-02-12 23:23:05,100.0,100.0
2026-02-12 23:23:20,100.0,100.0
2026-02-12 23:23:35,100.0,100.0
2026-02-12 23:23:50,100.0,100.0
2026-02-12 23:24:05,100.0,100.0
2026-02-12 23:24:20,100.0,100.0
2026-02-12 23:24:35,100.0,100.0
2026-02-12 23:24:50,100.0,100.0
2026-02-12 23:25:05,100.0,100.0
2026-02-12 23:25:20,100.0,100.0
2026-02-12 23:25:35,100.0,100.0
2026-02-12 23:25:50,100.0,100.0
2026-02-12 23:26:05,100.0,100.0
2026-02-12 23:26:20,100.0,100.0
2026-02-12 23:26:35,100.0,100.0
2026-02-12 23:26:50,100.0,100.0
2026-02-12 23:27:05,100.0,100.0
2026-02-12 23:27:20,100.0,100.0
2026-02-12 23:27:35,100.0,100.0
2026-02-12 23:27:50,100.0,100.0
2026-02-12 23:28:05,100.0,100.0
2026-02-12 23:28:20,100.0,100.0
2026-02-12 23:28:35,100.0,100.0
2026-02-12 23:28:50,100.0,100.0
2026-02-12 23:29:05,100.0,100.0
2026-02-12 23:29:20,100.0,100.0
2026-02-12 23:29:35,100.0,100.0
2026-02-12 23:29:50,100.0,100.0
2026-02-12 23:30:05,100.0,100.0
2026-02-12 23:30:20,100.0,100.0
2026-02-12 23:30:35,100.0,100.0
2026-02-12 23:30:50,100.0,100.0
2026-02-12 23:31:05,100.0,100.0
2026-02-12 23:31:20,100.0,100.0
2026-02-12 23:31:35,100.0,100.0
2026-02-12 23:31:50,100.0,100.0
2026-02-12 23:32:05,100.0,100.0
2026-02-12 23:32:20,100.0,100.0
2026-02-12 23:32:35,100.0,100.0
2026-02-12 23:32:50,100.0,100.0
2026-02-12 23:33:05,100.0,100.0
2026-02-12 23:33:20,100.0,100.0
2026-02-12 23:33:35,100.0,100.0
2026-02-12 23:33:50,100.0,100.0
2026-02-12 23:34:05,100.0,100.0
2026-02-12 23:34:20,100.0,100.0
2026-02-12 23:34:35,100.0,100.0
2026-02-12 23:34:50,100.0,100.0
2026-02-12 23:35:05,100.0,100.0
2026-02-12 23:35:20,100.0,100.0
2026-02-12 23:35:35,100.0,100.0
2026-02-12 23:35:50,100.0,100.0
2026-02-12 23:36:05,100.0,100.0
2026-02-12 23:36:20,100.0,100.0
2026-02-12 23:36:35,100.0,100.0
2026-02-12 23:36:50,100.0,100.0
2026-02-12 23:37:05,100.0,100.0
2026-02-12 23:37:20,100.0,100.0
2026-02-12 23:37:35,100.0,100.0
2026-02-12 23:37:50,100.0,100.0
2026-02-12 23:38:05,100.0,100.0
2026-02-12 23:38:20,100.0,100.0
2026-02-12 23:38:35,100.0,100.0
2026-02-12 23:38:50,100.0,100.0
2026-02-12 23:39:05,100.0,100.0
2026-02-12 23:39:20,100.0,100.0
2026-02-12 23:39:35,87.5,100.0
2026-02-12 23:39:50,87.5,100.0
2026-02-12 23:40:05,87.5,100.0
2026-02-12 23:40:20,100.0,100.0
2026-02-12 23:40:35,87.5,100.0
2026-02-12 23:40:50,87.5,100.0
2026-02-12 23:41:05,87.5,100.0
2026-02-12 23:41:20,100.0,100.0
2026-02-12 23:41:35,87.5,100.0
2026-02-12 23:41:50,87.5,100.0
2026-02-12 23:42:05,100.0,100.0
2026-02-12 23:42:20,100.0,100.0
2026-02-12 23:42:35,100.0,100.0
2026-02-12 23:42:50,100.0,100.0
2026-02-12 23:43:05,100.0,100.0
2026-02-12 23:43:20,100.0,100.0
2026-02-12 23:43:35,100.0,100.0
2026-02-12 23:43:50,100.0,100.0
2026-02-12 23:44:05,100.0,100.0
2026-02-12 23:44:20,100.0,100.0
2026-02-12 23:44:35,100.0,100.0
2026-02-12 23:44:50,100.0,100.0
2026-02-12 23:45:05,100.0,100.0
2026-02-12 23:45:20,100.0,100.0
2026-02-12 23:45:35,100.0,100.0
2026-02-12 23:45:50,100.0,100.0
2026-02-12 23:46:05,100.0,100.0
2026-02-12 23:46:20,100.0,100.0
2026-02-12 23:46:35,100.0,100.0
2026-02-12 23:46:50,100.0,100.0
2026-02-12 23:47:05,100.0,100.0
2026-02-12 23:47:20,100.0,100.0
2026-02-12 23:47:35,100.0,100.0
2026-02-12 23:47:50,100.0,100.0
2026-02-12 23:48:05,100.0,100.0
2026-02-12 23:48:20,100.0,100.0
2026-02-12 23:48:35,100.0,100.0
2026-02-12 23:48:50,100.0,100.0
2026-02-12 23:49:05,100.0,100.0
2026-02-12 23:49:20,100.0,100.0
2026-02-12 23:49:35,100.0,100.0
2026-02-12 23:49:50,100.0,100.0
2026-02-12 23:50:05,100.0,100.0
2026-02-12 23:50:20,100.0,100.0
2026-02-12 23:50:35,100.0,100.0
2026-02-12 23:50:50,100.0,100.0
2026-02-12 23:51:05,100.0,100.0
2026-02-12 23:51:20,100.0,100.0
2026-02-12 23:51:35,100.0,100.0
2026-02-12 23:51:50,100.0,100.0
2026-02-12 23:52:05,100.0,100.0
2026-02-12 23:52:20,100.0,100.0
2026-02-12 23:52:35,100.0,100.0
2026-02-12 23:52:50,100.0,100.0
2026-02-12 23:53:05,100.0,100.0
2026-02-12 23:53:20,100.0,100.0
2026-02-12 23:53:35,100.0,100.0
2026-02-12 23:53:50,100.0,100.0
2026-02-12 23:54:05,100.0,100.0
2026-02-12 23:54:20,100.0,100.0
2026-02-12 23:54:35,100.0,100.0
2026-02-12 23:54:50,100.0,100.0
2026-02-12 23:55:05,100.0,100.0
2026-02-12 23:55:20,100.0,100.0
2026-02-12 23:55:35,100.0,100.0
2026-02-12 23:55:50,100.0,100.0
2026-02-12 23:56:05,100.0,100.0
2026-02-12 23:56:20,100.0,100.0
2026-02-12 23:56:35,100.0,100.0
2026-02-12 23:56:50,100.0,100.0
2026-02-12 23:57:05,100.0,100.0
2026-02-12 23:57:20,100.0,100.0
2026-02-12 23:57:35,100.0,100.0
2026-02-12 23:57:50,100.0,100.0
2026-02-12 23:58:05,100.0,100.0
2026-02-12 23:58:20,100.0,100.0
2026-02-12 23:58:35,100.0,100.0
2026-02-12 23:58:50,100.0,100.0
2026-02-12 23:59:05,100.0,100.0
